ISO-10303-21;
HEADER;
FILE_DESCRIPTION((''),'2;1');
FILE_NAME('1053142104','2020-11-27T',('gga'),(''),
'PRO/ENGINEER BY PARAMETRIC TECHNOLOGY CORPORATION, 2016010',
'PRO/ENGINEER BY PARAMETRIC TECHNOLOGY CORPORATION, 2016010','');
FILE_SCHEMA(('CONFIG_CONTROL_DESIGN'));
ENDSEC;
DATA;
#1=DIRECTION('',(0.E0,0.E0,1.E0));
#2=VECTOR('',#1,1.6E0);
#3=CARTESIAN_POINT('',(-2.97E0,-2.99E0,-4.23E0));
#4=LINE('',#3,#2);
#5=DIRECTION('',(1.E0,0.E0,0.E0));
#6=VECTOR('',#5,6.E-1);
#7=CARTESIAN_POINT('',(-2.97E0,-2.99E0,-2.63E0));
#8=LINE('',#7,#6);
#9=DIRECTION('',(0.E0,0.E0,1.E0));
#10=VECTOR('',#9,5.26E0);
#11=CARTESIAN_POINT('',(-2.37E0,-2.99E0,-2.63E0));
#12=LINE('',#11,#10);
#13=DIRECTION('',(1.E0,0.E0,0.E0));
#14=VECTOR('',#13,6.E-1);
#15=CARTESIAN_POINT('',(-2.97E0,-2.99E0,2.63E0));
#16=LINE('',#15,#14);
#17=DIRECTION('',(0.E0,0.E0,1.E0));
#18=VECTOR('',#17,1.6E0);
#19=CARTESIAN_POINT('',(-2.97E0,-2.99E0,2.63E0));
#20=LINE('',#19,#18);
#21=DIRECTION('',(1.E0,0.E0,0.E0));
#22=VECTOR('',#21,5.94E0);
#23=CARTESIAN_POINT('',(-2.97E0,-2.99E0,4.23E0));
#24=LINE('',#23,#22);
#25=DIRECTION('',(0.E0,0.E0,-1.E0));
#26=VECTOR('',#25,1.6E0);
#27=CARTESIAN_POINT('',(2.97E0,-2.99E0,4.23E0));
#28=LINE('',#27,#26);
#29=DIRECTION('',(-1.E0,0.E0,0.E0));
#30=VECTOR('',#29,6.E-1);
#31=CARTESIAN_POINT('',(2.97E0,-2.99E0,2.63E0));
#32=LINE('',#31,#30);
#33=DIRECTION('',(0.E0,0.E0,-1.E0));
#34=VECTOR('',#33,5.26E0);
#35=CARTESIAN_POINT('',(2.37E0,-2.99E0,2.63E0));
#36=LINE('',#35,#34);
#37=DIRECTION('',(-1.E0,0.E0,0.E0));
#38=VECTOR('',#37,6.E-1);
#39=CARTESIAN_POINT('',(2.97E0,-2.99E0,-2.63E0));
#40=LINE('',#39,#38);
#41=DIRECTION('',(0.E0,0.E0,-1.E0));
#42=VECTOR('',#41,1.6E0);
#43=CARTESIAN_POINT('',(2.97E0,-2.99E0,-2.63E0));
#44=LINE('',#43,#42);
#45=DIRECTION('',(-1.E0,0.E0,0.E0));
#46=VECTOR('',#45,5.94E0);
#47=CARTESIAN_POINT('',(2.97E0,-2.99E0,-4.23E0));
#48=LINE('',#47,#46);
#49=DIRECTION('',(1.E0,0.E0,0.E0));
#50=VECTOR('',#49,4.745966692415E-1);
#51=CARTESIAN_POINT('',(4.754033307585E-1,-2.99E0,8.3E-1));
#52=LINE('',#51,#50);
#53=CARTESIAN_POINT('',(9.5E-1,-2.99E0,7.3E-1));
#54=DIRECTION('',(0.E0,-1.E0,0.E0));
#55=DIRECTION('',(1.E0,0.E0,1.110223024625E-14));
#56=AXIS2_PLACEMENT_3D('',#53,#54,#55);
#58=DIRECTION('',(0.E0,0.E0,-1.E0));
#59=VECTOR('',#58,4.745966692415E-1);
#60=CARTESIAN_POINT('',(1.05E0,-2.99E0,7.3E-1));
#61=LINE('',#60,#59);
#62=CARTESIAN_POINT('',(1.25E0,-2.99E0,1.03E0));
#63=DIRECTION('',(0.E0,-1.E0,0.E0));
#64=DIRECTION('',(-2.5E-1,0.E0,-9.682458365519E-1));
#65=AXIS2_PLACEMENT_3D('',#62,#63,#64);
#67=DIRECTION('',(0.E0,0.E0,1.E0));
#68=VECTOR('',#67,4.745966692415E-1);
#69=CARTESIAN_POINT('',(1.45E0,-2.99E0,2.554033307585E-1));
#70=LINE('',#69,#68);
#71=CARTESIAN_POINT('',(1.55E0,-2.99E0,7.3E-1));
#72=DIRECTION('',(0.E0,-1.E0,0.E0));
#73=DIRECTION('',(0.E0,0.E0,1.E0));
#74=AXIS2_PLACEMENT_3D('',#71,#72,#73);
#76=DIRECTION('',(1.E0,0.E0,0.E0));
#77=VECTOR('',#76,4.745966692415E-1);
#78=CARTESIAN_POINT('',(1.55E0,-2.99E0,8.3E-1));
#79=LINE('',#78,#77);
#80=CARTESIAN_POINT('',(1.25E0,-2.99E0,1.03E0));
#81=DIRECTION('',(0.E0,-1.E0,0.E0));
#82=DIRECTION('',(9.682458365519E-1,0.E0,-2.5E-1));
#83=AXIS2_PLACEMENT_3D('',#80,#81,#82);
#85=DIRECTION('',(-1.E0,0.E0,0.E0));
#86=VECTOR('',#85,4.745966692415E-1);
#87=CARTESIAN_POINT('',(2.024596669241E0,-2.99E0,1.23E0));
#88=LINE('',#87,#86);
#89=CARTESIAN_POINT('',(1.55E0,-2.99E0,1.33E0));
#90=DIRECTION('',(0.E0,-1.E0,0.E0));
#91=DIRECTION('',(-1.E0,0.E0,-1.110223024625E-14));
#92=AXIS2_PLACEMENT_3D('',#89,#90,#91);
#94=DIRECTION('',(0.E0,0.E0,1.E0));
#95=VECTOR('',#94,4.745966692415E-1);
#96=CARTESIAN_POINT('',(1.45E0,-2.99E0,1.33E0));
#97=LINE('',#96,#95);
#98=CARTESIAN_POINT('',(1.25E0,-2.99E0,1.03E0));
#99=DIRECTION('',(0.E0,-1.E0,0.E0));
#100=DIRECTION('',(2.5E-1,0.E0,9.682458365519E-1));
#101=AXIS2_PLACEMENT_3D('',#98,#99,#100);
#103=DIRECTION('',(0.E0,0.E0,-1.E0));
#104=VECTOR('',#103,4.745966692415E-1);
#105=CARTESIAN_POINT('',(1.05E0,-2.99E0,1.804596669241E0));
#106=LINE('',#105,#104);
#107=CARTESIAN_POINT('',(9.5E-1,-2.99E0,1.33E0));
#108=DIRECTION('',(0.E0,-1.E0,0.E0));
#109=DIRECTION('',(0.E0,0.E0,-1.E0));
#110=AXIS2_PLACEMENT_3D('',#107,#108,#109);
#112=DIRECTION('',(-1.E0,0.E0,0.E0));
#113=VECTOR('',#112,4.745966692415E-1);
#114=CARTESIAN_POINT('',(9.5E-1,-2.99E0,1.23E0));
#115=LINE('',#114,#113);
#116=CARTESIAN_POINT('',(1.25E0,-2.99E0,1.03E0));
#117=DIRECTION('',(0.E0,-1.E0,0.E0));
#118=DIRECTION('',(-9.682458365519E-1,0.E0,2.5E-1));
#119=AXIS2_PLACEMENT_3D('',#116,#117,#118);
#121=CARTESIAN_POINT('',(-1.25E0,-2.99E0,1.03E0));
#122=DIRECTION('',(0.E0,-1.E0,0.E0));
#123=DIRECTION('',(9.682458365519E-1,0.E0,-2.5E-1));
#124=AXIS2_PLACEMENT_3D('',#121,#122,#123);
#126=DIRECTION('',(-1.E0,0.E0,0.E0));
#127=VECTOR('',#126,4.745966692415E-1);
#128=CARTESIAN_POINT('',(-4.754033307585E-1,-2.99E0,1.23E0));
#129=LINE('',#128,#127);
#130=CARTESIAN_POINT('',(-9.5E-1,-2.99E0,1.33E0));
#131=DIRECTION('',(0.E0,-1.E0,0.E0));
#132=DIRECTION('',(-1.E0,0.E0,0.E0));
#133=AXIS2_PLACEMENT_3D('',#130,#131,#132);
#135=DIRECTION('',(0.E0,0.E0,1.E0));
#136=VECTOR('',#135,4.745966692415E-1);
#137=CARTESIAN_POINT('',(-1.05E0,-2.99E0,1.33E0));
#138=LINE('',#137,#136);
#139=CARTESIAN_POINT('',(-1.25E0,-2.99E0,1.03E0));
#140=DIRECTION('',(0.E0,-1.E0,0.E0));
#141=DIRECTION('',(2.5E-1,0.E0,9.682458365519E-1));
#142=AXIS2_PLACEMENT_3D('',#139,#140,#141);
#144=DIRECTION('',(0.E0,0.E0,-1.E0));
#145=VECTOR('',#144,4.745966692415E-1);
#146=CARTESIAN_POINT('',(-1.45E0,-2.99E0,1.804596669241E0));
#147=LINE('',#146,#145);
#148=CARTESIAN_POINT('',(-1.55E0,-2.99E0,1.33E0));
#149=DIRECTION('',(0.E0,-1.E0,0.E0));
#150=DIRECTION('',(-1.332267629550E-14,0.E0,-1.E0));
#151=AXIS2_PLACEMENT_3D('',#148,#149,#150);
#153=DIRECTION('',(-1.E0,0.E0,0.E0));
#154=VECTOR('',#153,4.745966692415E-1);
#155=CARTESIAN_POINT('',(-1.55E0,-2.99E0,1.23E0));
#156=LINE('',#155,#154);
#157=CARTESIAN_POINT('',(-1.25E0,-2.99E0,1.03E0));
#158=DIRECTION('',(0.E0,-1.E0,0.E0));
#159=DIRECTION('',(-9.682458365519E-1,0.E0,2.5E-1));
#160=AXIS2_PLACEMENT_3D('',#157,#158,#159);
#162=DIRECTION('',(1.E0,0.E0,0.E0));
#163=VECTOR('',#162,4.745966692415E-1);
#164=CARTESIAN_POINT('',(-2.024596669241E0,-2.99E0,8.3E-1));
#165=LINE('',#164,#163);
#166=CARTESIAN_POINT('',(-1.55E0,-2.99E0,7.3E-1));
#167=DIRECTION('',(0.E0,-1.E0,0.E0));
#168=DIRECTION('',(1.E0,0.E0,0.E0));
#169=AXIS2_PLACEMENT_3D('',#166,#167,#168);
#171=DIRECTION('',(0.E0,0.E0,-1.E0));
#172=VECTOR('',#171,4.745966692415E-1);
#173=CARTESIAN_POINT('',(-1.45E0,-2.99E0,7.3E-1));
#174=LINE('',#173,#172);
#175=CARTESIAN_POINT('',(-1.25E0,-2.99E0,1.03E0));
#176=DIRECTION('',(0.E0,-1.E0,0.E0));
#177=DIRECTION('',(-2.5E-1,0.E0,-9.682458365519E-1));
#178=AXIS2_PLACEMENT_3D('',#175,#176,#177);
#180=DIRECTION('',(0.E0,0.E0,1.E0));
#181=VECTOR('',#180,4.745966692415E-1);
#182=CARTESIAN_POINT('',(-1.05E0,-2.99E0,2.554033307585E-1));
#183=LINE('',#182,#181);
#184=CARTESIAN_POINT('',(-9.5E-1,-2.99E0,7.3E-1));
#185=DIRECTION('',(0.E0,-1.E0,0.E0));
#186=DIRECTION('',(0.E0,0.E0,1.E0));
#187=AXIS2_PLACEMENT_3D('',#184,#185,#186);
#189=DIRECTION('',(1.E0,0.E0,0.E0));
#190=VECTOR('',#189,4.745966692415E-1);
#191=CARTESIAN_POINT('',(-9.5E-1,-2.99E0,8.3E-1));
#192=LINE('',#191,#190);
#193=DIRECTION('',(0.E0,-1.E0,0.E0));
#194=VECTOR('',#193,3.E-1);
#195=CARTESIAN_POINT('',(-2.97E0,-2.99E0,2.63E0));
#196=LINE('',#195,#194);
#197=DIRECTION('',(0.E0,1.E0,0.E0));
#198=VECTOR('',#197,5.98E0);
#199=CARTESIAN_POINT('',(-2.97E0,-2.99E0,-4.23E0));
#200=LINE('',#199,#198);
#201=DIRECTION('',(0.E0,-1.E0,0.E0));
#202=VECTOR('',#201,3.E-1);
#203=CARTESIAN_POINT('',(-2.37E0,-2.99E0,2.63E0));
#204=LINE('',#203,#202);
#205=DIRECTION('',(0.E0,-1.E0,0.E0));
#206=VECTOR('',#205,3.E-1);
#207=CARTESIAN_POINT('',(-2.37E0,-2.99E0,-2.63E0));
#208=LINE('',#207,#206);
#209=DIRECTION('',(0.E0,-1.E0,0.E0));
#210=VECTOR('',#209,3.E-1);
#211=CARTESIAN_POINT('',(-2.97E0,-2.99E0,-2.63E0));
#212=LINE('',#211,#210);
#213=DIRECTION('',(-1.E0,0.E0,0.E0));
#214=VECTOR('',#213,6.E-1);
#215=CARTESIAN_POINT('',(2.97E0,-3.29E0,2.63E0));
#216=LINE('',#215,#214);
#217=DIRECTION('',(0.E0,0.E0,1.E0));
#218=VECTOR('',#217,5.26E0);
#219=CARTESIAN_POINT('',(2.97E0,-3.29E0,-2.63E0));
#220=LINE('',#219,#218);
#221=DIRECTION('',(1.E0,0.E0,0.E0));
#222=VECTOR('',#221,6.E-1);
#223=CARTESIAN_POINT('',(2.37E0,-3.29E0,-2.63E0));
#224=LINE('',#223,#222);
#225=DIRECTION('',(0.E0,0.E0,-1.E0));
#226=VECTOR('',#225,5.26E0);
#227=CARTESIAN_POINT('',(2.37E0,-3.29E0,2.63E0));
#228=LINE('',#227,#226);
#229=DIRECTION('',(0.E0,0.E0,-1.E0));
#230=VECTOR('',#229,5.26E0);
#231=CARTESIAN_POINT('',(-2.97E0,-3.29E0,2.63E0));
#232=LINE('',#231,#230);
#233=DIRECTION('',(-1.E0,0.E0,0.E0));
#234=VECTOR('',#233,6.E-1);
#235=CARTESIAN_POINT('',(-2.37E0,-3.29E0,2.63E0));
#236=LINE('',#235,#234);
#237=DIRECTION('',(0.E0,0.E0,1.E0));
#238=VECTOR('',#237,5.26E0);
#239=CARTESIAN_POINT('',(-2.37E0,-3.29E0,-2.63E0));
#240=LINE('',#239,#238);
#241=DIRECTION('',(1.E0,0.E0,0.E0));
#242=VECTOR('',#241,6.E-1);
#243=CARTESIAN_POINT('',(-2.97E0,-3.29E0,-2.63E0));
#244=LINE('',#243,#242);
#245=DIRECTION('',(0.E0,-1.E0,0.E0));
#246=VECTOR('',#245,3.E-1);
#247=CARTESIAN_POINT('',(2.97E0,-2.99E0,2.63E0));
#248=LINE('',#247,#246);
#249=DIRECTION('',(0.E0,-1.E0,0.E0));
#250=VECTOR('',#249,3.E-1);
#251=CARTESIAN_POINT('',(2.97E0,-2.99E0,-2.63E0));
#252=LINE('',#251,#250);
#253=DIRECTION('',(0.E0,1.E0,0.E0));
#254=VECTOR('',#253,5.98E0);
#255=CARTESIAN_POINT('',(2.97E0,-2.99E0,4.23E0));
#256=LINE('',#255,#254);
#257=DIRECTION('',(0.E0,-1.E0,0.E0));
#258=VECTOR('',#257,3.E-1);
#259=CARTESIAN_POINT('',(2.37E0,-2.99E0,-2.63E0));
#260=LINE('',#259,#258);
#261=DIRECTION('',(0.E0,-1.E0,0.E0));
#262=VECTOR('',#261,3.E-1);
#263=CARTESIAN_POINT('',(2.37E0,-2.99E0,2.63E0));
#264=LINE('',#263,#262);
#265=DIRECTION('',(1.E0,0.E0,0.E0));
#266=VECTOR('',#265,2.22E0);
#267=CARTESIAN_POINT('',(1.4E-1,-2.345E0,4.23E0));
#268=LINE('',#267,#266);
#269=DIRECTION('',(0.E0,1.E0,0.E0));
#270=VECTOR('',#269,2.19E0);
#271=CARTESIAN_POINT('',(2.36E0,-2.345E0,4.23E0));
#272=LINE('',#271,#270);
#273=DIRECTION('',(-1.E0,0.E0,0.E0));
#274=VECTOR('',#273,2.22E0);
#275=CARTESIAN_POINT('',(2.36E0,-1.55E-1,4.23E0));
#276=LINE('',#275,#274);
#277=DIRECTION('',(0.E0,-1.E0,0.E0));
#278=VECTOR('',#277,2.19E0);
#279=CARTESIAN_POINT('',(1.4E-1,-1.55E-1,4.23E0));
#280=LINE('',#279,#278);
#281=DIRECTION('',(0.E0,-1.E0,0.E0));
#282=VECTOR('',#281,1.475E0);
#283=CARTESIAN_POINT('',(-2.2E0,3.82E0,4.23E0));
#284=LINE('',#283,#282);
#285=DIRECTION('',(-1.E0,0.E0,0.E0));
#286=VECTOR('',#285,1.6E-1);
#287=CARTESIAN_POINT('',(-2.2E0,2.345E0,4.23E0));
#288=LINE('',#287,#286);
#289=DIRECTION('',(1.E0,0.E0,0.E0));
#290=VECTOR('',#289,2.22E0);
#291=CARTESIAN_POINT('',(-2.36E0,-2.345E0,4.23E0));
#292=LINE('',#291,#290);
#293=DIRECTION('',(0.E0,1.E0,0.E0));
#294=VECTOR('',#293,2.19E0);
#295=CARTESIAN_POINT('',(-1.4E-1,-2.345E0,4.23E0));
#296=LINE('',#295,#294);
#297=DIRECTION('',(-1.E0,0.E0,0.E0));
#298=VECTOR('',#297,9.1E-1);
#299=CARTESIAN_POINT('',(-1.4E-1,-1.55E-1,4.23E0));
#300=LINE('',#299,#298);
#301=DIRECTION('',(0.E0,1.E0,0.E0));
#302=VECTOR('',#301,3.1E-1);
#303=CARTESIAN_POINT('',(-1.05E0,-1.55E-1,4.23E0));
#304=LINE('',#303,#302);
#305=DIRECTION('',(1.E0,0.E0,0.E0));
#306=VECTOR('',#305,9.1E-1);
#307=CARTESIAN_POINT('',(-1.05E0,1.55E-1,4.23E0));
#308=LINE('',#307,#306);
#309=DIRECTION('',(0.E0,1.E0,0.E0));
#310=VECTOR('',#309,2.19E0);
#311=CARTESIAN_POINT('',(-1.4E-1,1.55E-1,4.23E0));
#312=LINE('',#311,#310);
#313=DIRECTION('',(-1.E0,0.E0,0.E0));
#314=VECTOR('',#313,1.19E0);
#315=CARTESIAN_POINT('',(-1.4E-1,2.345E0,4.23E0));
#316=LINE('',#315,#314);
#317=DIRECTION('',(0.E0,1.E0,0.E0));
#318=VECTOR('',#317,2.75E-1);
#319=CARTESIAN_POINT('',(-1.33E0,2.345E0,4.23E0));
#320=LINE('',#319,#318);
#321=DIRECTION('',(1.E0,0.E0,0.E0));
#322=VECTOR('',#321,2.66E0);
#323=CARTESIAN_POINT('',(-1.33E0,2.62E0,4.23E0));
#324=LINE('',#323,#322);
#325=DIRECTION('',(0.E0,-1.E0,0.E0));
#326=VECTOR('',#325,2.75E-1);
#327=CARTESIAN_POINT('',(1.33E0,2.62E0,4.23E0));
#328=LINE('',#327,#326);
#329=DIRECTION('',(-1.E0,0.E0,0.E0));
#330=VECTOR('',#329,1.19E0);
#331=CARTESIAN_POINT('',(1.33E0,2.345E0,4.23E0));
#332=LINE('',#331,#330);
#333=DIRECTION('',(0.E0,-1.E0,0.E0));
#334=VECTOR('',#333,2.19E0);
#335=CARTESIAN_POINT('',(1.4E-1,2.345E0,4.23E0));
#336=LINE('',#335,#334);
#337=DIRECTION('',(1.E0,0.E0,0.E0));
#338=VECTOR('',#337,2.22E0);
#339=CARTESIAN_POINT('',(1.4E-1,1.55E-1,4.23E0));
#340=LINE('',#339,#338);
#341=DIRECTION('',(0.E0,1.E0,0.E0));
#342=VECTOR('',#341,2.19E0);
#343=CARTESIAN_POINT('',(2.36E0,1.55E-1,4.23E0));
#344=LINE('',#343,#342);
#345=DIRECTION('',(-1.E0,0.E0,0.E0));
#346=VECTOR('',#345,1.6E-1);
#347=CARTESIAN_POINT('',(2.36E0,2.345E0,4.23E0));
#348=LINE('',#347,#346);
#349=DIRECTION('',(0.E0,-1.E0,0.E0));
#350=VECTOR('',#349,1.475E0);
#351=CARTESIAN_POINT('',(2.2E0,3.82E0,4.23E0));
#352=LINE('',#351,#350);
#353=DIRECTION('',(1.E0,0.E0,0.E0));
#354=VECTOR('',#353,4.E-1);
#355=CARTESIAN_POINT('',(2.2E0,3.82E0,4.23E0));
#356=LINE('',#355,#354);
#357=DIRECTION('',(0.E0,1.E0,0.E0));
#358=VECTOR('',#357,5.98E0);
#359=CARTESIAN_POINT('',(-2.97E0,-2.99E0,4.23E0));
#360=LINE('',#359,#358);
#361=DIRECTION('',(1.E0,0.E0,0.E0));
#362=VECTOR('',#361,4.E-1);
#363=CARTESIAN_POINT('',(-2.6E0,3.82E0,4.23E0));
#364=LINE('',#363,#362);
#365=DIRECTION('',(0.E0,0.E0,-1.E0));
#366=VECTOR('',#365,6.E0);
#367=CARTESIAN_POINT('',(1.4E-1,-2.345E0,4.23E0));
#368=LINE('',#367,#366);
#369=DIRECTION('',(0.E0,0.E0,-1.E0));
#370=VECTOR('',#369,6.E0);
#371=CARTESIAN_POINT('',(1.4E-1,-1.55E-1,4.23E0));
#372=LINE('',#371,#370);
#373=DIRECTION('',(0.E0,0.E0,-1.E0));
#374=VECTOR('',#373,6.E0);
#375=CARTESIAN_POINT('',(2.36E0,-1.55E-1,4.23E0));
#376=LINE('',#375,#374);
#377=DIRECTION('',(0.E0,0.E0,-1.E0));
#378=VECTOR('',#377,6.E0);
#379=CARTESIAN_POINT('',(2.36E0,-2.345E0,4.23E0));
#380=LINE('',#379,#378);
#381=DIRECTION('',(0.E0,-1.E0,0.E0));
#382=VECTOR('',#381,2.19E0);
#383=CARTESIAN_POINT('',(1.4E-1,2.345E0,-1.77E0));
#384=LINE('',#383,#382);
#385=DIRECTION('',(-1.E0,0.E0,0.E0));
#386=VECTOR('',#385,2.22E0);
#387=CARTESIAN_POINT('',(2.36E0,2.345E0,-1.77E0));
#388=LINE('',#387,#386);
#389=DIRECTION('',(0.E0,1.E0,0.E0));
#390=VECTOR('',#389,2.19E0);
#391=CARTESIAN_POINT('',(2.36E0,1.55E-1,-1.77E0));
#392=LINE('',#391,#390);
#393=DIRECTION('',(1.E0,0.E0,0.E0));
#394=VECTOR('',#393,2.22E0);
#395=CARTESIAN_POINT('',(1.4E-1,1.55E-1,-1.77E0));
#396=LINE('',#395,#394);
#397=DIRECTION('',(1.E0,0.E0,0.E0));
#398=VECTOR('',#397,2.22E0);
#399=CARTESIAN_POINT('',(1.4E-1,-2.345E0,-1.77E0));
#400=LINE('',#399,#398);
#401=DIRECTION('',(0.E0,-1.E0,0.E0));
#402=VECTOR('',#401,2.19E0);
#403=CARTESIAN_POINT('',(1.4E-1,-1.55E-1,-1.77E0));
#404=LINE('',#403,#402);
#405=DIRECTION('',(-1.E0,0.E0,0.E0));
#406=VECTOR('',#405,2.22E0);
#407=CARTESIAN_POINT('',(2.36E0,-1.55E-1,-1.77E0));
#408=LINE('',#407,#406);
#409=DIRECTION('',(0.E0,1.E0,0.E0));
#410=VECTOR('',#409,2.19E0);
#411=CARTESIAN_POINT('',(2.36E0,-2.345E0,-1.77E0));
#412=LINE('',#411,#410);
#413=DIRECTION('',(0.E0,1.E0,0.E0));
#414=VECTOR('',#413,6.35E-1);
#415=CARTESIAN_POINT('',(9.325E-1,-1.5675E0,-1.77E0));
#416=LINE('',#415,#414);
#417=DIRECTION('',(1.E0,0.E0,0.E0));
#418=VECTOR('',#417,6.35E-1);
#419=CARTESIAN_POINT('',(9.325E-1,-1.5675E0,-1.77E0));
#420=LINE('',#419,#418);
#421=DIRECTION('',(0.E0,1.E0,0.E0));
#422=VECTOR('',#421,6.35E-1);
#423=CARTESIAN_POINT('',(1.5675E0,-1.5675E0,-1.77E0));
#424=LINE('',#423,#422);
#425=DIRECTION('',(1.E0,0.E0,0.E0));
#426=VECTOR('',#425,6.35E-1);
#427=CARTESIAN_POINT('',(9.325E-1,-9.325E-1,-1.77E0));
#428=LINE('',#427,#426);
#429=DIRECTION('',(1.E0,0.E0,0.E0));
#430=VECTOR('',#429,6.35E-1);
#431=CARTESIAN_POINT('',(9.325E-1,9.325E-1,-1.77E0));
#432=LINE('',#431,#430);
#433=DIRECTION('',(0.E0,1.E0,0.E0));
#434=VECTOR('',#433,6.35E-1);
#435=CARTESIAN_POINT('',(1.5675E0,9.325E-1,-1.77E0));
#436=LINE('',#435,#434);
#437=DIRECTION('',(1.E0,0.E0,0.E0));
#438=VECTOR('',#437,6.35E-1);
#439=CARTESIAN_POINT('',(9.325E-1,1.5675E0,-1.77E0));
#440=LINE('',#439,#438);
#441=DIRECTION('',(0.E0,1.E0,0.E0));
#442=VECTOR('',#441,6.35E-1);
#443=CARTESIAN_POINT('',(9.325E-1,9.325E-1,-1.77E0));
#444=LINE('',#443,#442);
#445=DIRECTION('',(0.E0,0.E0,-1.E0));
#446=VECTOR('',#445,6.E0);
#447=CARTESIAN_POINT('',(1.4E-1,2.345E0,4.23E0));
#448=LINE('',#447,#446);
#449=DIRECTION('',(1.E0,0.E0,0.E0));
#450=VECTOR('',#449,8.7E-1);
#451=CARTESIAN_POINT('',(1.33E0,2.345E0,-3.1E-1));
#452=LINE('',#451,#450);
#453=DIRECTION('',(0.E0,0.E0,-1.E0));
#454=VECTOR('',#453,4.54E0);
#455=CARTESIAN_POINT('',(2.2E0,2.345E0,4.23E0));
#456=LINE('',#455,#454);
#457=DIRECTION('',(0.E0,0.E0,-1.E0));
#458=VECTOR('',#457,6.E0);
#459=CARTESIAN_POINT('',(2.36E0,2.345E0,4.23E0));
#460=LINE('',#459,#458);
#461=DIRECTION('',(0.E0,0.E0,-1.E0));
#462=VECTOR('',#461,4.54E0);
#463=CARTESIAN_POINT('',(1.33E0,2.345E0,4.23E0));
#464=LINE('',#463,#462);
#465=DIRECTION('',(1.E0,0.E0,0.E0));
#466=VECTOR('',#465,2.3E0);
#467=CARTESIAN_POINT('',(-1.15E0,5.E0,-3.1E-1));
#468=LINE('',#467,#466);
#469=DIRECTION('',(-1.E0,0.E0,0.E0));
#470=VECTOR('',#469,1.05E0);
#471=CARTESIAN_POINT('',(2.2E0,5.E0,-3.1E-1));
#472=LINE('',#471,#470);
#473=DIRECTION('',(0.E0,1.E0,0.E0));
#474=VECTOR('',#473,2.655E0);
#475=CARTESIAN_POINT('',(2.2E0,2.345E0,-3.1E-1));
#476=LINE('',#475,#474);
#477=DIRECTION('',(0.E0,-1.E0,0.E0));
#478=VECTOR('',#477,2.75E-1);
#479=CARTESIAN_POINT('',(1.33E0,2.62E0,-3.1E-1));
#480=LINE('',#479,#478);
#481=DIRECTION('',(1.E0,0.E0,0.E0));
#482=VECTOR('',#481,2.66E0);
#483=CARTESIAN_POINT('',(-1.33E0,2.62E0,-3.1E-1));
#484=LINE('',#483,#482);
#485=DIRECTION('',(0.E0,1.E0,0.E0));
#486=VECTOR('',#485,2.75E-1);
#487=CARTESIAN_POINT('',(-1.33E0,2.345E0,-3.1E-1));
#488=LINE('',#487,#486);
#489=DIRECTION('',(0.E0,-1.E0,0.E0));
#490=VECTOR('',#489,2.655E0);
#491=CARTESIAN_POINT('',(-2.2E0,5.E0,-3.1E-1));
#492=LINE('',#491,#490);
#493=DIRECTION('',(-1.E0,0.E0,0.E0));
#494=VECTOR('',#493,1.05E0);
#495=CARTESIAN_POINT('',(-1.15E0,5.E0,-3.1E-1));
#496=LINE('',#495,#494);
#497=DIRECTION('',(0.E0,0.E0,-1.E0));
#498=VECTOR('',#497,4.6E-1);
#499=CARTESIAN_POINT('',(1.15E0,5.E0,-3.1E-1));
#500=LINE('',#499,#498);
#501=DIRECTION('',(0.E0,0.E0,1.E0));
#502=VECTOR('',#501,4.6E-1);
#503=CARTESIAN_POINT('',(-1.15E0,5.E0,-7.7E-1));
#504=LINE('',#503,#502);
#505=DIRECTION('',(0.E0,1.E0,0.E0));
#506=VECTOR('',#505,2.659999999352E0);
#507=CARTESIAN_POINT('',(2.4E0,2.99E0,-7.7E-1));
#508=LINE('',#507,#506);
#509=DIRECTION('',(0.E0,-1.E0,0.E0));
#510=VECTOR('',#509,6.5E-1);
#511=CARTESIAN_POINT('',(1.15E0,5.65E0,-7.7E-1));
#512=LINE('',#511,#510);
#513=DIRECTION('',(1.E0,0.E0,0.E0));
#514=VECTOR('',#513,2.3E0);
#515=CARTESIAN_POINT('',(-1.15E0,5.E0,-7.7E-1));
#516=LINE('',#515,#514);
#517=DIRECTION('',(0.E0,-1.E0,0.E0));
#518=VECTOR('',#517,6.5E-1);
#519=CARTESIAN_POINT('',(-1.15E0,5.65E0,-7.7E-1));
#520=LINE('',#519,#518);
#521=DIRECTION('',(0.E0,-1.E0,0.E0));
#522=VECTOR('',#521,2.659999999676E0);
#523=CARTESIAN_POINT('',(-2.4E0,5.649999999676E0,-7.7E-1));
#524=LINE('',#523,#522);
#525=CARTESIAN_POINT('',(2.4E0,2.99E0,-5.7E-1));
#526=DIRECTION('',(0.E0,-1.E0,0.E0));
#527=DIRECTION('',(0.E0,0.E0,-1.E0));
#528=AXIS2_PLACEMENT_3D('',#525,#526,#527);
#530=DIRECTION('',(0.E0,0.E0,1.E0));
#531=VECTOR('',#530,6.26E0);
#532=CARTESIAN_POINT('',(2.6E0,5.65E0,-5.7E-1));
#533=LINE('',#532,#531);
#534=DIRECTION('',(0.E0,1.E0,0.E0));
#535=VECTOR('',#534,2.66E0);
#536=CARTESIAN_POINT('',(2.6E0,2.99E0,-5.7E-1));
#537=LINE('',#536,#535);
#538=DIRECTION('',(0.E0,-1.E0,0.E0));
#539=VECTOR('',#538,8.3E-1);
#540=CARTESIAN_POINT('',(2.6E0,3.82E0,4.23E0));
#541=LINE('',#540,#539);
#542=DIRECTION('',(0.E0,-7.071067811865E-1,-7.071067811865E-1));
#543=VECTOR('',#542,2.064751801065E0);
#544=CARTESIAN_POINT('',(2.6E0,5.28E0,5.69E0));
#545=LINE('',#544,#543);
#546=DIRECTION('',(0.E0,-1.E0,0.E0));
#547=VECTOR('',#546,3.7E-1);
#548=CARTESIAN_POINT('',(2.6E0,5.65E0,5.69E0));
#549=LINE('',#548,#547);
#550=CARTESIAN_POINT('',(2.4E0,5.65E0,-5.7E-1));
#551=DIRECTION('',(0.E0,0.E0,1.E0));
#552=DIRECTION('',(1.E0,0.E0,0.E0));
#553=AXIS2_PLACEMENT_3D('',#550,#551,#552);
#555=CARTESIAN_POINT('',(2.4E0,5.65E0,5.69E0));
#556=DIRECTION('',(0.E0,0.E0,1.E0));
#557=DIRECTION('',(1.E0,0.E0,0.E0));
#558=AXIS2_PLACEMENT_3D('',#555,#556,#557);
#560=CARTESIAN_POINT('',(-2.4E0,5.65E0,5.69E0));
#561=DIRECTION('',(0.E0,0.E0,1.E0));
#562=DIRECTION('',(0.E0,1.E0,0.E0));
#563=AXIS2_PLACEMENT_3D('',#560,#561,#562);
#565=DIRECTION('',(1.E0,0.E0,0.E0));
#566=VECTOR('',#565,4.8E0);
#567=CARTESIAN_POINT('',(-2.4E0,5.85E0,5.69E0));
#568=LINE('',#567,#566);
#569=DIRECTION('',(0.E0,7.071067811865E-1,7.071067811865E-1));
#570=VECTOR('',#569,1.668772003600E0);
#571=CARTESIAN_POINT('',(-2.2E0,3.82E0,4.23E0));
#572=LINE('',#571,#570);
#573=DIRECTION('',(1.E0,0.E0,0.E0));
#574=VECTOR('',#573,5.2E0);
#575=CARTESIAN_POINT('',(-2.6E0,5.28E0,5.69E0));
#576=LINE('',#575,#574);
#577=DIRECTION('',(0.E0,7.071067811865E-1,7.071067811865E-1));
#578=VECTOR('',#577,1.668772003600E0);
#579=CARTESIAN_POINT('',(2.2E0,3.82E0,4.23E0));
#580=LINE('',#579,#578);
#581=DIRECTION('',(-1.E0,0.E0,0.E0));
#582=VECTOR('',#581,4.4E0);
#583=CARTESIAN_POINT('',(2.2E0,5.E0,5.41E0));
#584=LINE('',#583,#582);
#585=DIRECTION('',(0.E0,0.E0,-1.E0));
#586=VECTOR('',#585,5.72E0);
#587=CARTESIAN_POINT('',(-2.2E0,5.E0,5.41E0));
#588=LINE('',#587,#586);
#589=DIRECTION('',(0.E0,0.E0,1.E0));
#590=VECTOR('',#589,4.41E0);
#591=CARTESIAN_POINT('',(-1.15E0,5.E0,-3.1E-1));
#592=LINE('',#591,#590);
#593=DIRECTION('',(0.E0,0.E0,-1.E0));
#594=VECTOR('',#593,5.72E0);
#595=CARTESIAN_POINT('',(2.2E0,5.E0,5.41E0));
#596=LINE('',#595,#594);
#597=DIRECTION('',(0.E0,0.E0,1.E0));
#598=VECTOR('',#597,4.41E0);
#599=CARTESIAN_POINT('',(1.15E0,5.E0,-3.1E-1));
#600=LINE('',#599,#598);
#601=CARTESIAN_POINT('',(9.E-1,5.E0,4.1E0));
#602=DIRECTION('',(0.E0,1.E0,0.E0));
#603=DIRECTION('',(0.E0,0.E0,1.E0));
#604=AXIS2_PLACEMENT_3D('',#601,#602,#603);
#606=DIRECTION('',(1.E0,0.E0,0.E0));
#607=VECTOR('',#606,1.8E0);
#608=CARTESIAN_POINT('',(-9.E-1,5.E0,4.35E0));
#609=LINE('',#608,#607);
#610=CARTESIAN_POINT('',(-9.E-1,5.E0,4.1E0));
#611=DIRECTION('',(0.E0,1.E0,0.E0));
#612=DIRECTION('',(-1.E0,0.E0,0.E0));
#613=AXIS2_PLACEMENT_3D('',#610,#611,#612);
#615=DIRECTION('',(0.E0,-1.E0,0.E0));
#616=VECTOR('',#615,8.5E-1);
#617=CARTESIAN_POINT('',(-1.15E0,5.85E0,4.1E0));
#618=LINE('',#617,#616);
#619=DIRECTION('',(0.E0,0.E0,1.E0));
#620=VECTOR('',#619,6.260000000744E0);
#621=CARTESIAN_POINT('',(2.4E0,5.85E0,-5.700000007438E-1));
#622=LINE('',#621,#620);
#623=DIRECTION('',(0.E0,0.E0,-1.E0));
#624=VECTOR('',#623,6.260000001488E0);
#625=CARTESIAN_POINT('',(-2.4E0,5.85E0,5.69E0));
#626=LINE('',#625,#624);
#627=DIRECTION('',(1.E0,0.E0,1.190044685018E-9));
#628=VECTOR('',#627,1.25E0);
#629=CARTESIAN_POINT('',(-2.4E0,5.85E0,-5.700000014876E-1));
#630=LINE('',#629,#628);
#631=DIRECTION('',(0.E0,0.E0,1.E0));
#632=VECTOR('',#631,4.67E0);
#633=CARTESIAN_POINT('',(-1.15E0,5.85E0,-5.7E-1));
#634=LINE('',#633,#632);
#635=CARTESIAN_POINT('',(-9.E-1,5.85E0,4.1E0));
#636=DIRECTION('',(0.E0,1.E0,0.E0));
#637=DIRECTION('',(-1.E0,0.E0,0.E0));
#638=AXIS2_PLACEMENT_3D('',#635,#636,#637);
#640=DIRECTION('',(1.E0,0.E0,0.E0));
#641=VECTOR('',#640,1.8E0);
#642=CARTESIAN_POINT('',(-9.E-1,5.85E0,4.35E0));
#643=LINE('',#642,#641);
#644=CARTESIAN_POINT('',(9.E-1,5.85E0,4.1E0));
#645=DIRECTION('',(0.E0,1.E0,0.E0));
#646=DIRECTION('',(0.E0,0.E0,1.E0));
#647=AXIS2_PLACEMENT_3D('',#644,#645,#646);
#649=DIRECTION('',(0.E0,0.E0,1.E0));
#650=VECTOR('',#649,4.67E0);
#651=CARTESIAN_POINT('',(1.15E0,5.85E0,-5.7E-1));
#652=LINE('',#651,#650);
#653=DIRECTION('',(1.E0,0.E0,-5.950368198171E-10));
#654=VECTOR('',#653,1.25E0);
#655=CARTESIAN_POINT('',(1.15E0,5.85E0,-5.7E-1));
#656=LINE('',#655,#654);
#657=DIRECTION('',(0.E0,-1.E0,0.E0));
#658=VECTOR('',#657,2.66E0);
#659=CARTESIAN_POINT('',(-2.6E0,5.65E0,-5.7E-1));
#660=LINE('',#659,#658);
#661=DIRECTION('',(0.E0,0.E0,-1.E0));
#662=VECTOR('',#661,6.26E0);
#663=CARTESIAN_POINT('',(-2.6E0,5.65E0,5.69E0));
#664=LINE('',#663,#662);
#665=DIRECTION('',(0.E0,-1.E0,0.E0));
#666=VECTOR('',#665,3.7E-1);
#667=CARTESIAN_POINT('',(-2.6E0,5.65E0,5.69E0));
#668=LINE('',#667,#666);
#669=DIRECTION('',(0.E0,-7.071067811865E-1,-7.071067811865E-1));
#670=VECTOR('',#669,2.064751801065E0);
#671=CARTESIAN_POINT('',(-2.6E0,5.28E0,5.69E0));
#672=LINE('',#671,#670);
#673=DIRECTION('',(0.E0,-1.E0,0.E0));
#674=VECTOR('',#673,8.3E-1);
#675=CARTESIAN_POINT('',(-2.6E0,3.82E0,4.23E0));
#676=LINE('',#675,#674);
#677=CARTESIAN_POINT('',(-2.4E0,5.65E0,-5.7E-1));
#678=DIRECTION('',(0.E0,-1.E0,0.E0));
#679=DIRECTION('',(-1.E0,0.E0,0.E0));
#680=AXIS2_PLACEMENT_3D('',#677,#678,#679);
#682=CARTESIAN_POINT('',(-2.4E0,2.99E0,-5.7E-1));
#683=DIRECTION('',(0.E0,-1.E0,0.E0));
#684=DIRECTION('',(-1.E0,0.E0,0.E0));
#685=AXIS2_PLACEMENT_3D('',#682,#683,#684);
#687=CARTESIAN_POINT('',(-2.4E0,5.65E0,-5.7E-1));
#688=DIRECTION('',(0.E0,0.E0,-1.E0));
#689=DIRECTION('',(-1.E0,0.E0,0.E0));
#690=AXIS2_PLACEMENT_3D('',#687,#688,#689);
#692=CARTESIAN_POINT('',(2.4E0,5.65E0,-5.7E-1));
#693=DIRECTION('',(1.E0,0.E0,0.E0));
#694=DIRECTION('',(0.E0,0.E0,-1.E0));
#695=AXIS2_PLACEMENT_3D('',#692,#693,#694);
#697=CARTESIAN_POINT('',(1.15E0,5.65E0,-5.7E-1));
#698=DIRECTION('',(1.E0,0.E0,0.E0));
#699=DIRECTION('',(0.E0,0.E0,-1.E0));
#700=AXIS2_PLACEMENT_3D('',#697,#698,#699);
#702=DIRECTION('',(1.E0,-5.185626150706E-10,0.E0));
#703=VECTOR('',#702,1.25E0);
#704=CARTESIAN_POINT('',(1.15E0,5.65E0,-7.7E-1));
#705=LINE('',#704,#703);
#706=CARTESIAN_POINT('',(-2.4E0,5.65E0,-5.7E-1));
#707=DIRECTION('',(-1.E0,0.E0,0.E0));
#708=DIRECTION('',(0.E0,1.E0,0.E0));
#709=AXIS2_PLACEMENT_3D('',#706,#707,#708);
#711=DIRECTION('',(1.E0,2.592877024199E-10,0.E0));
#712=VECTOR('',#711,1.25E0);
#713=CARTESIAN_POINT('',(-2.4E0,5.649999999676E0,-7.7E-1));
#714=LINE('',#713,#712);
#715=CARTESIAN_POINT('',(-1.15E0,5.65E0,-5.7E-1));
#716=DIRECTION('',(1.E0,0.E0,0.E0));
#717=DIRECTION('',(0.E0,0.E0,-1.E0));
#718=AXIS2_PLACEMENT_3D('',#715,#716,#717);
#720=CARTESIAN_POINT('',(2.4E0,5.65E0,-5.7E-1));
#721=DIRECTION('',(0.E0,1.E0,0.E0));
#722=DIRECTION('',(1.E0,0.E0,0.E0));
#723=AXIS2_PLACEMENT_3D('',#720,#721,#722);
#725=DIRECTION('',(0.E0,-1.E0,0.E0));
#726=VECTOR('',#725,8.5E-1);
#727=CARTESIAN_POINT('',(1.15E0,5.85E0,4.1E0));
#728=LINE('',#727,#726);
#729=DIRECTION('',(0.E0,-1.E0,0.E0));
#730=VECTOR('',#729,8.5E-1);
#731=CARTESIAN_POINT('',(9.E-1,5.85E0,4.35E0));
#732=LINE('',#731,#730);
#733=DIRECTION('',(0.E0,-1.E0,0.E0));
#734=VECTOR('',#733,8.5E-1);
#735=CARTESIAN_POINT('',(-9.E-1,5.85E0,4.35E0));
#736=LINE('',#735,#734);
#737=DIRECTION('',(1.E0,0.E0,0.E0));
#738=VECTOR('',#737,4.8E0);
#739=CARTESIAN_POINT('',(-2.4E0,2.99E0,-7.7E-1));
#740=LINE('',#739,#738);
#741=DIRECTION('',(0.E0,0.E0,-1.E0));
#742=VECTOR('',#741,4.8E0);
#743=CARTESIAN_POINT('',(-2.6E0,2.99E0,4.23E0));
#744=LINE('',#743,#742);
#745=DIRECTION('',(1.E0,0.E0,0.E0));
#746=VECTOR('',#745,3.7E-1);
#747=CARTESIAN_POINT('',(-2.97E0,2.99E0,4.23E0));
#748=LINE('',#747,#746);
#749=DIRECTION('',(0.E0,0.E0,1.E0));
#750=VECTOR('',#749,8.46E0);
#751=CARTESIAN_POINT('',(-2.97E0,2.99E0,-4.23E0));
#752=LINE('',#751,#750);
#753=DIRECTION('',(-1.E0,0.E0,0.E0));
#754=VECTOR('',#753,5.94E0);
#755=CARTESIAN_POINT('',(2.97E0,2.99E0,-4.23E0));
#756=LINE('',#755,#754);
#757=DIRECTION('',(0.E0,0.E0,-1.E0));
#758=VECTOR('',#757,8.46E0);
#759=CARTESIAN_POINT('',(2.97E0,2.99E0,4.23E0));
#760=LINE('',#759,#758);
#761=DIRECTION('',(1.E0,0.E0,0.E0));
#762=VECTOR('',#761,3.7E-1);
#763=CARTESIAN_POINT('',(2.6E0,2.99E0,4.23E0));
#764=LINE('',#763,#762);
#765=DIRECTION('',(0.E0,0.E0,-1.E0));
#766=VECTOR('',#765,4.8E0);
#767=CARTESIAN_POINT('',(2.6E0,2.99E0,4.23E0));
#768=LINE('',#767,#766);
#769=DIRECTION('',(0.E0,1.E0,0.E0));
#770=VECTOR('',#769,5.98E0);
#771=CARTESIAN_POINT('',(2.97E0,-2.99E0,-4.23E0));
#772=LINE('',#771,#770);
#773=DIRECTION('',(0.E0,1.E0,0.E0));
#774=VECTOR('',#773,6.35E-1);
#775=CARTESIAN_POINT('',(9.325E-1,-1.5675E0,-4.23E0));
#776=LINE('',#775,#774);
#777=DIRECTION('',(1.E0,0.E0,0.E0));
#778=VECTOR('',#777,6.35E-1);
#779=CARTESIAN_POINT('',(9.325E-1,-9.325E-1,-4.23E0));
#780=LINE('',#779,#778);
#781=DIRECTION('',(0.E0,1.E0,0.E0));
#782=VECTOR('',#781,6.35E-1);
#783=CARTESIAN_POINT('',(1.5675E0,-1.5675E0,-4.23E0));
#784=LINE('',#783,#782);
#785=DIRECTION('',(1.E0,0.E0,0.E0));
#786=VECTOR('',#785,6.35E-1);
#787=CARTESIAN_POINT('',(9.325E-1,-1.5675E0,-4.23E0));
#788=LINE('',#787,#786);
#789=DIRECTION('',(1.E0,0.E0,0.E0));
#790=VECTOR('',#789,6.35E-1);
#791=CARTESIAN_POINT('',(9.325E-1,9.325E-1,-4.23E0));
#792=LINE('',#791,#790);
#793=DIRECTION('',(0.E0,1.E0,0.E0));
#794=VECTOR('',#793,6.35E-1);
#795=CARTESIAN_POINT('',(9.325E-1,9.325E-1,-4.23E0));
#796=LINE('',#795,#794);
#797=DIRECTION('',(1.E0,0.E0,0.E0));
#798=VECTOR('',#797,6.35E-1);
#799=CARTESIAN_POINT('',(9.325E-1,1.5675E0,-4.23E0));
#800=LINE('',#799,#798);
#801=DIRECTION('',(0.E0,1.E0,0.E0));
#802=VECTOR('',#801,6.35E-1);
#803=CARTESIAN_POINT('',(1.5675E0,9.325E-1,-4.23E0));
#804=LINE('',#803,#802);
#805=DIRECTION('',(0.E0,1.E0,0.E0));
#806=VECTOR('',#805,6.35E-1);
#807=CARTESIAN_POINT('',(-1.5675E0,-1.5675E0,-4.23E0));
#808=LINE('',#807,#806);
#809=DIRECTION('',(1.E0,0.E0,0.E0));
#810=VECTOR('',#809,6.35E-1);
#811=CARTESIAN_POINT('',(-1.5675E0,-9.325E-1,-4.23E0));
#812=LINE('',#811,#810);
#813=DIRECTION('',(0.E0,1.E0,0.E0));
#814=VECTOR('',#813,6.35E-1);
#815=CARTESIAN_POINT('',(-9.325E-1,-1.5675E0,-4.23E0));
#816=LINE('',#815,#814);
#817=DIRECTION('',(1.E0,0.E0,0.E0));
#818=VECTOR('',#817,6.35E-1);
#819=CARTESIAN_POINT('',(-1.5675E0,-1.5675E0,-4.23E0));
#820=LINE('',#819,#818);
#821=DIRECTION('',(0.E0,1.E0,0.E0));
#822=VECTOR('',#821,6.35E-1);
#823=CARTESIAN_POINT('',(-1.5675E0,9.325E-1,-4.23E0));
#824=LINE('',#823,#822);
#825=DIRECTION('',(1.E0,0.E0,0.E0));
#826=VECTOR('',#825,6.35E-1);
#827=CARTESIAN_POINT('',(-1.5675E0,1.5675E0,-4.23E0));
#828=LINE('',#827,#826);
#829=DIRECTION('',(0.E0,1.E0,0.E0));
#830=VECTOR('',#829,6.35E-1);
#831=CARTESIAN_POINT('',(-9.325E-1,9.325E-1,-4.23E0));
#832=LINE('',#831,#830);
#833=DIRECTION('',(1.E0,0.E0,0.E0));
#834=VECTOR('',#833,6.35E-1);
#835=CARTESIAN_POINT('',(-1.5675E0,9.325E-1,-4.23E0));
#836=LINE('',#835,#834);
#837=DIRECTION('',(0.E0,1.E0,0.E0));
#838=VECTOR('',#837,6.35E-1);
#839=CARTESIAN_POINT('',(9.325E-1,9.325E-1,2.25E0));
#840=LINE('',#839,#838);
#841=DIRECTION('',(0.E0,0.E0,-1.E0));
#842=VECTOR('',#841,4.02E0);
#843=CARTESIAN_POINT('',(9.325E-1,9.325E-1,2.25E0));
#844=LINE('',#843,#842);
#845=DIRECTION('',(0.E0,0.E0,1.E0));
#846=VECTOR('',#845,4.02E0);
#847=CARTESIAN_POINT('',(9.325E-1,1.5675E0,-1.77E0));
#848=LINE('',#847,#846);
#849=DIRECTION('',(0.E0,1.E0,0.E0));
#850=VECTOR('',#849,6.35E-1);
#851=CARTESIAN_POINT('',(9.325E-1,-1.5675E0,2.25E0));
#852=LINE('',#851,#850);
#853=DIRECTION('',(0.E0,0.E0,-1.E0));
#854=VECTOR('',#853,4.02E0);
#855=CARTESIAN_POINT('',(9.325E-1,-1.5675E0,2.25E0));
#856=LINE('',#855,#854);
#857=DIRECTION('',(0.E0,0.E0,1.E0));
#858=VECTOR('',#857,4.02E0);
#859=CARTESIAN_POINT('',(9.325E-1,-9.325E-1,-1.77E0));
#860=LINE('',#859,#858);
#861=DIRECTION('',(0.E0,0.E0,1.E0));
#862=VECTOR('',#861,6.35E-1);
#863=CARTESIAN_POINT('',(9.325E-1,-5.94E0,-8.9675E0));
#864=LINE('',#863,#862);
#865=DIRECTION('',(0.E0,1.E0,0.E0));
#866=VECTOR('',#865,6.5725E0);
#867=CARTESIAN_POINT('',(9.325E-1,-5.94E0,-8.9675E0));
#868=LINE('',#867,#866);
#869=CARTESIAN_POINT('',(9.325E-1,6.325E-1,-8.0325E0));
#870=DIRECTION('',(1.E0,0.E0,0.E0));
#871=DIRECTION('',(0.E0,0.E0,-1.E0));
#872=AXIS2_PLACEMENT_3D('',#869,#870,#871);
#874=DIRECTION('',(0.E0,0.E0,1.E0));
#875=VECTOR('',#874,3.8025E0);
#876=CARTESIAN_POINT('',(9.325E-1,1.5675E0,-8.0325E0));
#877=LINE('',#876,#875);
#878=DIRECTION('',(0.E0,0.E0,-1.E0));
#879=VECTOR('',#878,3.8025E0);
#880=CARTESIAN_POINT('',(9.325E-1,9.325E-1,-4.23E0));
#881=LINE('',#880,#879);
#882=CARTESIAN_POINT('',(9.325E-1,6.325E-1,-8.0325E0));
#883=DIRECTION('',(-1.E0,0.E0,0.E0));
#884=DIRECTION('',(0.E0,1.E0,-1.184237892934E-14));
#885=AXIS2_PLACEMENT_3D('',#882,#883,#884);
#887=DIRECTION('',(0.E0,-1.E0,0.E0));
#888=VECTOR('',#887,6.5725E0);
#889=CARTESIAN_POINT('',(9.325E-1,6.325E-1,-8.3325E0));
#890=LINE('',#889,#888);
#891=DIRECTION('',(0.E0,0.E0,1.E0));
#892=VECTOR('',#891,6.35E-1);
#893=CARTESIAN_POINT('',(9.325E-1,-5.94E0,-6.4675E0));
#894=LINE('',#893,#892);
#895=DIRECTION('',(0.E0,1.E0,0.E0));
#896=VECTOR('',#895,4.0725E0);
#897=CARTESIAN_POINT('',(9.325E-1,-5.94E0,-6.4675E0));
#898=LINE('',#897,#896);
#899=CARTESIAN_POINT('',(9.325E-1,-1.8675E0,-5.5325E0));
#900=DIRECTION('',(1.E0,0.E0,0.E0));
#901=DIRECTION('',(0.E0,0.E0,-1.E0));
#902=AXIS2_PLACEMENT_3D('',#899,#900,#901);
#904=DIRECTION('',(0.E0,0.E0,1.E0));
#905=VECTOR('',#904,1.3025E0);
#906=CARTESIAN_POINT('',(9.325E-1,-9.325E-1,-5.5325E0));
#907=LINE('',#906,#905);
#908=DIRECTION('',(0.E0,0.E0,-1.E0));
#909=VECTOR('',#908,1.3025E0);
#910=CARTESIAN_POINT('',(9.325E-1,-1.5675E0,-4.23E0));
#911=LINE('',#910,#909);
#912=CARTESIAN_POINT('',(9.325E-1,-1.8675E0,-5.5325E0));
#913=DIRECTION('',(-1.E0,0.E0,0.E0));
#914=DIRECTION('',(0.E0,1.E0,0.E0));
#915=AXIS2_PLACEMENT_3D('',#912,#913,#914);
#917=DIRECTION('',(0.E0,-1.E0,0.E0));
#918=VECTOR('',#917,4.0725E0);
#919=CARTESIAN_POINT('',(9.325E-1,-1.8675E0,-5.8325E0));
#920=LINE('',#919,#918);
#921=DIRECTION('',(-1.E0,0.E0,0.E0));
#922=VECTOR('',#921,3.35E-1);
#923=CARTESIAN_POINT('',(1.4175E0,1.4175E0,2.8E0));
#924=LINE('',#923,#922);
#925=DIRECTION('',(0.E0,-1.E0,0.E0));
#926=VECTOR('',#925,3.35E-1);
#927=CARTESIAN_POINT('',(1.4175E0,1.4175E0,2.8E0));
#928=LINE('',#927,#926);
#929=DIRECTION('',(-1.E0,0.E0,0.E0));
#930=VECTOR('',#929,3.35E-1);
#931=CARTESIAN_POINT('',(1.4175E0,1.0825E0,2.8E0));
#932=LINE('',#931,#930);
#933=DIRECTION('',(0.E0,1.E0,0.E0));
#934=VECTOR('',#933,3.35E-1);
#935=CARTESIAN_POINT('',(1.0825E0,1.0825E0,2.8E0));
#936=LINE('',#935,#934);
#937=DIRECTION('',(2.544566789040E-1,-2.544566789040E-1,9.330078226480E-1));
#938=VECTOR('',#937,5.894913061276E-1);
#939=CARTESIAN_POINT('',(9.325E-1,1.5675E0,2.25E0));
#940=LINE('',#939,#938);
#941=DIRECTION('',(2.544566789040E-1,2.544566789040E-1,-9.330078226480E-1));
#942=VECTOR('',#941,5.894913061276E-1);
#943=CARTESIAN_POINT('',(1.4175E0,1.4175E0,2.8E0));
#944=LINE('',#943,#942);
#945=DIRECTION('',(1.E0,0.E0,0.E0));
#946=VECTOR('',#945,6.35E-1);
#947=CARTESIAN_POINT('',(9.325E-1,1.5675E0,-8.0325E0));
#948=LINE('',#947,#946);
#949=DIRECTION('',(-1.E0,0.E0,0.E0));
#950=VECTOR('',#949,6.35E-1);
#951=CARTESIAN_POINT('',(1.5675E0,1.5675E0,2.25E0));
#952=LINE('',#951,#950);
#953=DIRECTION('',(1.E0,0.E0,0.E0));
#954=VECTOR('',#953,6.35E-1);
#955=CARTESIAN_POINT('',(9.325E-1,6.325E-1,-8.9675E0));
#956=LINE('',#955,#954);
#957=DIRECTION('',(-1.E0,0.E0,0.E0));
#958=VECTOR('',#957,6.35E-1);
#959=CARTESIAN_POINT('',(1.5675E0,-5.94E0,-8.9675E0));
#960=LINE('',#959,#958);
#961=DIRECTION('',(-2.544566789040E-1,9.330078226480E-1,-2.544566789040E-1));
#962=VECTOR('',#961,5.894913061276E-1);
#963=CARTESIAN_POINT('',(1.0825E0,-6.49E0,-8.8175E0));
#964=LINE('',#963,#962);
#965=DIRECTION('',(-2.544566789040E-1,9.330078226480E-1,2.544566789040E-1));
#966=VECTOR('',#965,5.894913061276E-1);
#967=CARTESIAN_POINT('',(1.0825E0,-6.49E0,-8.4825E0));
#968=LINE('',#967,#966);
#969=DIRECTION('',(2.544566789040E-1,9.330078226480E-1,2.544566789040E-1));
#970=VECTOR('',#969,5.894913061276E-1);
#971=CARTESIAN_POINT('',(1.4175E0,-6.49E0,-8.4825E0));
#972=LINE('',#971,#970);
#973=DIRECTION('',(-1.E0,0.E0,0.E0));
#974=VECTOR('',#973,6.35E-1);
#975=CARTESIAN_POINT('',(1.5675E0,-5.94E0,-8.3325E0));
#976=LINE('',#975,#974);
#977=DIRECTION('',(1.E0,0.E0,0.E0));
#978=VECTOR('',#977,6.35E-1);
#979=CARTESIAN_POINT('',(9.325E-1,6.325E-1,-8.3325E0));
#980=LINE('',#979,#978);
#981=DIRECTION('',(1.E0,0.E0,0.E0));
#982=VECTOR('',#981,6.35E-1);
#983=CARTESIAN_POINT('',(9.325E-1,9.325E-1,-8.0325E0));
#984=LINE('',#983,#982);
#985=DIRECTION('',(-1.E0,0.E0,0.E0));
#986=VECTOR('',#985,6.35E-1);
#987=CARTESIAN_POINT('',(1.5675E0,9.325E-1,2.25E0));
#988=LINE('',#987,#986);
#989=DIRECTION('',(0.E0,-1.E0,0.E0));
#990=VECTOR('',#989,6.35E-1);
#991=CARTESIAN_POINT('',(1.5675E0,1.5675E0,2.25E0));
#992=LINE('',#991,#990);
#993=DIRECTION('',(0.E0,0.E0,1.E0));
#994=VECTOR('',#993,4.02E0);
#995=CARTESIAN_POINT('',(1.5675E0,1.5675E0,-1.77E0));
#996=LINE('',#995,#994);
#997=DIRECTION('',(0.E0,0.E0,-1.E0));
#998=VECTOR('',#997,4.02E0);
#999=CARTESIAN_POINT('',(1.5675E0,9.325E-1,2.25E0));
#1000=LINE('',#999,#998);
#1001=DIRECTION('',(0.E0,-1.E0,0.E0));
#1002=VECTOR('',#1001,6.35E-1);
#1003=CARTESIAN_POINT('',(1.5675E0,-9.325E-1,2.25E0));
#1004=LINE('',#1003,#1002);
#1005=DIRECTION('',(0.E0,0.E0,1.E0));
#1006=VECTOR('',#1005,4.02E0);
#1007=CARTESIAN_POINT('',(1.5675E0,-9.325E-1,-1.77E0));
#1008=LINE('',#1007,#1006);
#1009=DIRECTION('',(0.E0,0.E0,-1.E0));
#1010=VECTOR('',#1009,4.02E0);
#1011=CARTESIAN_POINT('',(1.5675E0,-1.5675E0,2.25E0));
#1012=LINE('',#1011,#1010);
#1013=DIRECTION('',(0.E0,0.E0,-1.E0));
#1014=VECTOR('',#1013,6.35E-1);
#1015=CARTESIAN_POINT('',(1.5675E0,-5.94E0,-8.3325E0));
#1016=LINE('',#1015,#1014);
#1017=DIRECTION('',(0.E0,-1.E0,0.E0));
#1018=VECTOR('',#1017,6.5725E0);
#1019=CARTESIAN_POINT('',(1.5675E0,6.325E-1,-8.3325E0));
#1020=LINE('',#1019,#1018);
#1021=CARTESIAN_POINT('',(1.5675E0,6.325E-1,-8.0325E0));
#1022=DIRECTION('',(-1.E0,0.E0,0.E0));
#1023=DIRECTION('',(0.E0,1.E0,-1.184237892934E-14));
#1024=AXIS2_PLACEMENT_3D('',#1021,#1022,#1023);
#1026=DIRECTION('',(0.E0,0.E0,-1.E0));
#1027=VECTOR('',#1026,3.8025E0);
#1028=CARTESIAN_POINT('',(1.5675E0,9.325E-1,-4.23E0));
#1029=LINE('',#1028,#1027);
#1030=DIRECTION('',(0.E0,0.E0,1.E0));
#1031=VECTOR('',#1030,3.8025E0);
#1032=CARTESIAN_POINT('',(1.5675E0,1.5675E0,-8.0325E0));
#1033=LINE('',#1032,#1031);
#1034=CARTESIAN_POINT('',(1.5675E0,6.325E-1,-8.0325E0));
#1035=DIRECTION('',(1.E0,0.E0,0.E0));
#1036=DIRECTION('',(0.E0,0.E0,-1.E0));
#1037=AXIS2_PLACEMENT_3D('',#1034,#1035,#1036);
#1039=DIRECTION('',(0.E0,1.E0,0.E0));
#1040=VECTOR('',#1039,6.5725E0);
#1041=CARTESIAN_POINT('',(1.5675E0,-5.94E0,-8.9675E0));
#1042=LINE('',#1041,#1040);
#1043=DIRECTION('',(0.E0,0.E0,-1.E0));
#1044=VECTOR('',#1043,6.35E-1);
#1045=CARTESIAN_POINT('',(1.5675E0,-5.94E0,-5.8325E0));
#1046=LINE('',#1045,#1044);
#1047=DIRECTION('',(0.E0,-1.E0,0.E0));
#1048=VECTOR('',#1047,4.0725E0);
#1049=CARTESIAN_POINT('',(1.5675E0,-1.8675E0,-5.8325E0));
#1050=LINE('',#1049,#1048);
#1051=CARTESIAN_POINT('',(1.5675E0,-1.8675E0,-5.5325E0));
#1052=DIRECTION('',(-1.E0,0.E0,0.E0));
#1053=DIRECTION('',(0.E0,1.E0,0.E0));
#1054=AXIS2_PLACEMENT_3D('',#1051,#1052,#1053);
#1056=DIRECTION('',(0.E0,0.E0,-1.E0));
#1057=VECTOR('',#1056,1.3025E0);
#1058=CARTESIAN_POINT('',(1.5675E0,-1.5675E0,-4.23E0));
#1059=LINE('',#1058,#1057);
#1060=DIRECTION('',(0.E0,0.E0,1.E0));
#1061=VECTOR('',#1060,1.3025E0);
#1062=CARTESIAN_POINT('',(1.5675E0,-9.325E-1,-5.5325E0));
#1063=LINE('',#1062,#1061);
#1064=CARTESIAN_POINT('',(1.5675E0,-1.8675E0,-5.5325E0));
#1065=DIRECTION('',(1.E0,0.E0,0.E0));
#1066=DIRECTION('',(0.E0,0.E0,-1.E0));
#1067=AXIS2_PLACEMENT_3D('',#1064,#1065,#1066);
#1069=DIRECTION('',(0.E0,1.E0,0.E0));
#1070=VECTOR('',#1069,4.0725E0);
#1071=CARTESIAN_POINT('',(1.5675E0,-5.94E0,-6.4675E0));
#1072=LINE('',#1071,#1070);
#1073=DIRECTION('',(-2.544566789040E-1,-2.544566789040E-1,-9.330078226480E-1));
#1074=VECTOR('',#1073,5.894913061276E-1);
#1075=CARTESIAN_POINT('',(1.0825E0,1.0825E0,2.8E0));
#1076=LINE('',#1075,#1074);
#1077=DIRECTION('',(-2.544566789040E-1,2.544566789040E-1,9.330078226480E-1));
#1078=VECTOR('',#1077,5.894913061276E-1);
#1079=CARTESIAN_POINT('',(1.5675E0,9.325E-1,2.25E0));
#1080=LINE('',#1079,#1078);
#1081=DIRECTION('',(2.544566789040E-1,-2.544566789040E-1,-9.330078226480E-1));
#1082=VECTOR('',#1081,5.894913061276E-1);
#1083=CARTESIAN_POINT('',(1.4175E0,-1.4175E0,2.8E0));
#1084=LINE('',#1083,#1082);
#1085=DIRECTION('',(-1.E0,0.E0,0.E0));
#1086=VECTOR('',#1085,3.35E-1);
#1087=CARTESIAN_POINT('',(1.4175E0,-1.4175E0,2.8E0));
#1088=LINE('',#1087,#1086);
#1089=DIRECTION('',(0.E0,1.E0,0.E0));
#1090=VECTOR('',#1089,3.35E-1);
#1091=CARTESIAN_POINT('',(1.0825E0,-1.4175E0,2.8E0));
#1092=LINE('',#1091,#1090);
#1093=DIRECTION('',(-1.E0,0.E0,0.E0));
#1094=VECTOR('',#1093,3.35E-1);
#1095=CARTESIAN_POINT('',(1.4175E0,-1.0825E0,2.8E0));
#1096=LINE('',#1095,#1094);
#1097=DIRECTION('',(0.E0,-1.E0,0.E0));
#1098=VECTOR('',#1097,3.35E-1);
#1099=CARTESIAN_POINT('',(1.4175E0,-1.0825E0,2.8E0));
#1100=LINE('',#1099,#1098);
#1101=DIRECTION('',(-2.544566789040E-1,-2.544566789040E-1,-9.330078226480E-1));
#1102=VECTOR('',#1101,5.894913061276E-1);
#1103=CARTESIAN_POINT('',(1.0825E0,-1.4175E0,2.8E0));
#1104=LINE('',#1103,#1102);
#1105=DIRECTION('',(-1.E0,0.E0,0.E0));
#1106=VECTOR('',#1105,6.35E-1);
#1107=CARTESIAN_POINT('',(1.5675E0,-1.5675E0,2.25E0));
#1108=LINE('',#1107,#1106);
#1109=DIRECTION('',(1.E0,0.E0,0.E0));
#1110=VECTOR('',#1109,6.35E-1);
#1111=CARTESIAN_POINT('',(9.325E-1,-1.5675E0,-5.5325E0));
#1112=LINE('',#1111,#1110);
#1113=DIRECTION('',(-1.E0,0.E0,0.E0));
#1114=VECTOR('',#1113,6.35E-1);
#1115=CARTESIAN_POINT('',(1.5675E0,-5.94E0,-5.8325E0));
#1116=LINE('',#1115,#1114);
#1117=DIRECTION('',(1.E0,0.E0,0.E0));
#1118=VECTOR('',#1117,6.35E-1);
#1119=CARTESIAN_POINT('',(9.325E-1,-1.8675E0,-5.8325E0));
#1120=LINE('',#1119,#1118);
#1121=DIRECTION('',(2.544566789040E-1,9.330078226480E-1,2.544566789040E-1));
#1122=VECTOR('',#1121,5.894913061276E-1);
#1123=CARTESIAN_POINT('',(1.4175E0,-6.49E0,-5.9825E0));
#1124=LINE('',#1123,#1122);
#1125=DIRECTION('',(-2.544566789040E-1,9.330078226480E-1,2.544566789040E-1));
#1126=VECTOR('',#1125,5.894913061276E-1);
#1127=CARTESIAN_POINT('',(1.0825E0,-6.49E0,-5.9825E0));
#1128=LINE('',#1127,#1126);
#1129=DIRECTION('',(-1.E0,0.E0,0.E0));
#1130=VECTOR('',#1129,3.35E-1);
#1131=CARTESIAN_POINT('',(1.4175E0,-6.49E0,-6.3175E0));
#1132=LINE('',#1131,#1130);
#1133=DIRECTION('',(0.E0,0.E0,1.E0));
#1134=VECTOR('',#1133,3.35E-1);
#1135=CARTESIAN_POINT('',(1.0825E0,-6.49E0,-6.3175E0));
#1136=LINE('',#1135,#1134);
#1137=DIRECTION('',(-1.E0,0.E0,0.E0));
#1138=VECTOR('',#1137,3.35E-1);
#1139=CARTESIAN_POINT('',(1.4175E0,-6.49E0,-5.9825E0));
#1140=LINE('',#1139,#1138);
#1141=DIRECTION('',(0.E0,0.E0,-1.E0));
#1142=VECTOR('',#1141,3.35E-1);
#1143=CARTESIAN_POINT('',(1.4175E0,-6.49E0,-5.9825E0));
#1144=LINE('',#1143,#1142);
#1145=DIRECTION('',(-2.544566789040E-1,9.330078226480E-1,-2.544566789040E-1));
#1146=VECTOR('',#1145,5.894913061276E-1);
#1147=CARTESIAN_POINT('',(1.0825E0,-6.49E0,-6.3175E0));
#1148=LINE('',#1147,#1146);
#1149=DIRECTION('',(2.544566789040E-1,9.330078226480E-1,-2.544566789040E-1));
#1150=VECTOR('',#1149,5.894913061276E-1);
#1151=CARTESIAN_POINT('',(1.4175E0,-6.49E0,-6.3175E0));
#1152=LINE('',#1151,#1150);
#1153=DIRECTION('',(-1.E0,0.E0,0.E0));
#1154=VECTOR('',#1153,6.35E-1);
#1155=CARTESIAN_POINT('',(1.5675E0,-5.94E0,-6.4675E0));
#1156=LINE('',#1155,#1154);
#1157=DIRECTION('',(1.E0,0.E0,0.E0));
#1158=VECTOR('',#1157,6.35E-1);
#1159=CARTESIAN_POINT('',(9.325E-1,-1.8675E0,-6.4675E0));
#1160=LINE('',#1159,#1158);
#1161=DIRECTION('',(1.E0,0.E0,0.E0));
#1162=VECTOR('',#1161,6.35E-1);
#1163=CARTESIAN_POINT('',(9.325E-1,-9.325E-1,-5.5325E0));
#1164=LINE('',#1163,#1162);
#1165=DIRECTION('',(-1.E0,0.E0,0.E0));
#1166=VECTOR('',#1165,6.35E-1);
#1167=CARTESIAN_POINT('',(1.5675E0,-9.325E-1,2.25E0));
#1168=LINE('',#1167,#1166);
#1169=DIRECTION('',(2.544566789040E-1,2.544566789040E-1,-9.330078226480E-1));
#1170=VECTOR('',#1169,5.894913061276E-1);
#1171=CARTESIAN_POINT('',(1.4175E0,-1.0825E0,2.8E0));
#1172=LINE('',#1171,#1170);
#1173=DIRECTION('',(-2.544566789040E-1,2.544566789040E-1,-9.330078226480E-1));
#1174=VECTOR('',#1173,5.894913061276E-1);
#1175=CARTESIAN_POINT('',(1.0825E0,-1.0825E0,2.8E0));
#1176=LINE('',#1175,#1174);
#1177=DIRECTION('',(2.544566789040E-1,9.330078226480E-1,-2.544566789040E-1));
#1178=VECTOR('',#1177,5.894913061276E-1);
#1179=CARTESIAN_POINT('',(1.4175E0,-6.49E0,-8.8175E0));
#1180=LINE('',#1179,#1178);
#1181=DIRECTION('',(-1.E0,0.E0,0.E0));
#1182=VECTOR('',#1181,3.35E-1);
#1183=CARTESIAN_POINT('',(1.4175E0,-6.49E0,-8.8175E0));
#1184=LINE('',#1183,#1182);
#1185=DIRECTION('',(0.E0,0.E0,1.E0));
#1186=VECTOR('',#1185,3.35E-1);
#1187=CARTESIAN_POINT('',(1.0825E0,-6.49E0,-8.8175E0));
#1188=LINE('',#1187,#1186);
#1189=DIRECTION('',(-1.E0,0.E0,0.E0));
#1190=VECTOR('',#1189,3.35E-1);
#1191=CARTESIAN_POINT('',(1.4175E0,-6.49E0,-8.4825E0));
#1192=LINE('',#1191,#1190);
#1193=DIRECTION('',(0.E0,0.E0,-1.E0));
#1194=VECTOR('',#1193,3.35E-1);
#1195=CARTESIAN_POINT('',(1.4175E0,-6.49E0,-8.4825E0));
#1196=LINE('',#1195,#1194);
#1197=DIRECTION('',(0.E0,1.E0,0.E0));
#1198=VECTOR('',#1197,6.35E-1);
#1199=CARTESIAN_POINT('',(-1.5675E0,9.325E-1,2.25E0));
#1200=LINE('',#1199,#1198);
#1201=DIRECTION('',(0.E0,0.E0,-1.E0));
#1202=VECTOR('',#1201,4.02E0);
#1203=CARTESIAN_POINT('',(-1.5675E0,9.325E-1,2.25E0));
#1204=LINE('',#1203,#1202);
#1205=DIRECTION('',(0.E0,0.E0,1.E0));
#1206=VECTOR('',#1205,4.02E0);
#1207=CARTESIAN_POINT('',(-1.5675E0,1.5675E0,-1.77E0));
#1208=LINE('',#1207,#1206);
#1209=DIRECTION('',(0.E0,0.E0,1.E0));
#1210=VECTOR('',#1209,6.35E-1);
#1211=CARTESIAN_POINT('',(-1.5675E0,-5.94E0,-8.9675E0));
#1212=LINE('',#1211,#1210);
#1213=DIRECTION('',(0.E0,1.E0,0.E0));
#1214=VECTOR('',#1213,6.5725E0);
#1215=CARTESIAN_POINT('',(-1.5675E0,-5.94E0,-8.9675E0));
#1216=LINE('',#1215,#1214);
#1217=CARTESIAN_POINT('',(-1.5675E0,6.325E-1,-8.0325E0));
#1218=DIRECTION('',(1.E0,0.E0,0.E0));
#1219=DIRECTION('',(0.E0,0.E0,-1.E0));
#1220=AXIS2_PLACEMENT_3D('',#1217,#1218,#1219);
#1222=DIRECTION('',(0.E0,0.E0,1.E0));
#1223=VECTOR('',#1222,3.8025E0);
#1224=CARTESIAN_POINT('',(-1.5675E0,1.5675E0,-8.0325E0));
#1225=LINE('',#1224,#1223);
#1226=DIRECTION('',(0.E0,0.E0,-1.E0));
#1227=VECTOR('',#1226,3.8025E0);
#1228=CARTESIAN_POINT('',(-1.5675E0,9.325E-1,-4.23E0));
#1229=LINE('',#1228,#1227);
#1230=CARTESIAN_POINT('',(-1.5675E0,6.325E-1,-8.0325E0));
#1231=DIRECTION('',(-1.E0,0.E0,0.E0));
#1232=DIRECTION('',(0.E0,1.E0,-1.184237892934E-14));
#1233=AXIS2_PLACEMENT_3D('',#1230,#1231,#1232);
#1235=DIRECTION('',(0.E0,-1.E0,0.E0));
#1236=VECTOR('',#1235,6.5725E0);
#1237=CARTESIAN_POINT('',(-1.5675E0,6.325E-1,-8.3325E0));
#1238=LINE('',#1237,#1236);
#1239=DIRECTION('',(0.E0,0.E0,1.E0));
#1240=VECTOR('',#1239,6.35E-1);
#1241=CARTESIAN_POINT('',(-1.5675E0,-5.94E0,-6.4675E0));
#1242=LINE('',#1241,#1240);
#1243=DIRECTION('',(0.E0,1.E0,0.E0));
#1244=VECTOR('',#1243,4.0725E0);
#1245=CARTESIAN_POINT('',(-1.5675E0,-5.94E0,-6.4675E0));
#1246=LINE('',#1245,#1244);
#1247=CARTESIAN_POINT('',(-1.5675E0,-1.8675E0,-5.5325E0));
#1248=DIRECTION('',(1.E0,0.E0,0.E0));
#1249=DIRECTION('',(0.E0,0.E0,-1.E0));
#1250=AXIS2_PLACEMENT_3D('',#1247,#1248,#1249);
#1252=DIRECTION('',(0.E0,0.E0,1.E0));
#1253=VECTOR('',#1252,1.3025E0);
#1254=CARTESIAN_POINT('',(-1.5675E0,-9.325E-1,-5.5325E0));
#1255=LINE('',#1254,#1253);
#1256=DIRECTION('',(0.E0,0.E0,-1.E0));
#1257=VECTOR('',#1256,1.3025E0);
#1258=CARTESIAN_POINT('',(-1.5675E0,-1.5675E0,-4.23E0));
#1259=LINE('',#1258,#1257);
#1260=CARTESIAN_POINT('',(-1.5675E0,-1.8675E0,-5.5325E0));
#1261=DIRECTION('',(-1.E0,0.E0,0.E0));
#1262=DIRECTION('',(0.E0,1.E0,0.E0));
#1263=AXIS2_PLACEMENT_3D('',#1260,#1261,#1262);
#1265=DIRECTION('',(0.E0,-1.E0,0.E0));
#1266=VECTOR('',#1265,4.0725E0);
#1267=CARTESIAN_POINT('',(-1.5675E0,-1.8675E0,-5.8325E0));
#1268=LINE('',#1267,#1266);
#1269=DIRECTION('',(0.E0,1.E0,0.E0));
#1270=VECTOR('',#1269,6.35E-1);
#1271=CARTESIAN_POINT('',(-1.5675E0,-1.5675E0,2.25E0));
#1272=LINE('',#1271,#1270);
#1273=DIRECTION('',(0.E0,0.E0,-1.E0));
#1274=VECTOR('',#1273,4.02E0);
#1275=CARTESIAN_POINT('',(-1.5675E0,-1.5675E0,2.25E0));
#1276=LINE('',#1275,#1274);
#1277=DIRECTION('',(0.E0,0.E0,1.E0));
#1278=VECTOR('',#1277,4.02E0);
#1279=CARTESIAN_POINT('',(-1.5675E0,-9.325E-1,-1.77E0));
#1280=LINE('',#1279,#1278);
#1281=DIRECTION('',(-1.E0,0.E0,0.E0));
#1282=VECTOR('',#1281,3.35E-1);
#1283=CARTESIAN_POINT('',(-1.0825E0,1.4175E0,2.8E0));
#1284=LINE('',#1283,#1282);
#1285=DIRECTION('',(0.E0,-1.E0,0.E0));
#1286=VECTOR('',#1285,3.35E-1);
#1287=CARTESIAN_POINT('',(-1.0825E0,1.4175E0,2.8E0));
#1288=LINE('',#1287,#1286);
#1289=DIRECTION('',(-1.E0,0.E0,0.E0));
#1290=VECTOR('',#1289,3.35E-1);
#1291=CARTESIAN_POINT('',(-1.0825E0,1.0825E0,2.8E0));
#1292=LINE('',#1291,#1290);
#1293=DIRECTION('',(0.E0,1.E0,0.E0));
#1294=VECTOR('',#1293,3.35E-1);
#1295=CARTESIAN_POINT('',(-1.4175E0,1.0825E0,2.8E0));
#1296=LINE('',#1295,#1294);
#1297=DIRECTION('',(2.544566789040E-1,-2.544566789040E-1,9.330078226480E-1));
#1298=VECTOR('',#1297,5.894913061276E-1);
#1299=CARTESIAN_POINT('',(-1.5675E0,1.5675E0,2.25E0));
#1300=LINE('',#1299,#1298);
#1301=DIRECTION('',(2.544566789040E-1,2.544566789040E-1,-9.330078226480E-1));
#1302=VECTOR('',#1301,5.894913061276E-1);
#1303=CARTESIAN_POINT('',(-1.0825E0,1.4175E0,2.8E0));
#1304=LINE('',#1303,#1302);
#1305=DIRECTION('',(1.E0,0.E0,0.E0));
#1306=VECTOR('',#1305,6.35E-1);
#1307=CARTESIAN_POINT('',(-1.5675E0,1.5675E0,-8.0325E0));
#1308=LINE('',#1307,#1306);
#1309=DIRECTION('',(-1.E0,0.E0,0.E0));
#1310=VECTOR('',#1309,6.35E-1);
#1311=CARTESIAN_POINT('',(-9.325E-1,1.5675E0,2.25E0));
#1312=LINE('',#1311,#1310);
#1313=DIRECTION('',(1.E0,0.E0,0.E0));
#1314=VECTOR('',#1313,6.35E-1);
#1315=CARTESIAN_POINT('',(-1.5675E0,6.325E-1,-8.9675E0));
#1316=LINE('',#1315,#1314);
#1317=DIRECTION('',(-1.E0,0.E0,0.E0));
#1318=VECTOR('',#1317,6.35E-1);
#1319=CARTESIAN_POINT('',(-9.325E-1,-5.94E0,-8.9675E0));
#1320=LINE('',#1319,#1318);
#1321=DIRECTION('',(-2.544566789040E-1,9.330078226480E-1,-2.544566789040E-1));
#1322=VECTOR('',#1321,5.894913061276E-1);
#1323=CARTESIAN_POINT('',(-1.4175E0,-6.49E0,-8.8175E0));
#1324=LINE('',#1323,#1322);
#1325=DIRECTION('',(-2.544566789040E-1,-9.330078226480E-1,2.544566789040E-1));
#1326=VECTOR('',#1325,5.894913061276E-1);
#1327=CARTESIAN_POINT('',(-9.325E-1,-5.94E0,-8.9675E0));
#1328=LINE('',#1327,#1326);
#1329=DIRECTION('',(-2.544566789040E-1,9.330078226480E-1,2.544566789040E-1));
#1330=VECTOR('',#1329,5.894913061276E-1);
#1331=CARTESIAN_POINT('',(-1.4175E0,-6.49E0,-8.4825E0));
#1332=LINE('',#1331,#1330);
#1333=DIRECTION('',(2.544566789040E-1,9.330078226480E-1,2.544566789040E-1));
#1334=VECTOR('',#1333,5.894913061276E-1);
#1335=CARTESIAN_POINT('',(-1.0825E0,-6.49E0,-8.4825E0));
#1336=LINE('',#1335,#1334);
#1337=DIRECTION('',(-1.E0,0.E0,0.E0));
#1338=VECTOR('',#1337,6.35E-1);
#1339=CARTESIAN_POINT('',(-9.325E-1,-5.94E0,-8.3325E0));
#1340=LINE('',#1339,#1338);
#1341=DIRECTION('',(1.E0,0.E0,0.E0));
#1342=VECTOR('',#1341,6.35E-1);
#1343=CARTESIAN_POINT('',(-1.5675E0,6.325E-1,-8.3325E0));
#1344=LINE('',#1343,#1342);
#1345=DIRECTION('',(1.E0,0.E0,0.E0));
#1346=VECTOR('',#1345,6.35E-1);
#1347=CARTESIAN_POINT('',(-1.5675E0,9.325E-1,-8.0325E0));
#1348=LINE('',#1347,#1346);
#1349=DIRECTION('',(-1.E0,0.E0,0.E0));
#1350=VECTOR('',#1349,6.35E-1);
#1351=CARTESIAN_POINT('',(-9.325E-1,9.325E-1,2.25E0));
#1352=LINE('',#1351,#1350);
#1353=DIRECTION('',(0.E0,-1.E0,0.E0));
#1354=VECTOR('',#1353,6.35E-1);
#1355=CARTESIAN_POINT('',(-9.325E-1,1.5675E0,2.25E0));
#1356=LINE('',#1355,#1354);
#1357=DIRECTION('',(0.E0,0.E0,1.E0));
#1358=VECTOR('',#1357,4.02E0);
#1359=CARTESIAN_POINT('',(-9.325E-1,1.5675E0,-1.77E0));
#1360=LINE('',#1359,#1358);
#1361=DIRECTION('',(0.E0,0.E0,-1.E0));
#1362=VECTOR('',#1361,4.02E0);
#1363=CARTESIAN_POINT('',(-9.325E-1,9.325E-1,2.25E0));
#1364=LINE('',#1363,#1362);
#1365=DIRECTION('',(0.E0,0.E0,-1.E0));
#1366=VECTOR('',#1365,6.35E-1);
#1367=CARTESIAN_POINT('',(-9.325E-1,-5.94E0,-8.3325E0));
#1368=LINE('',#1367,#1366);
#1369=DIRECTION('',(0.E0,-1.E0,0.E0));
#1370=VECTOR('',#1369,6.5725E0);
#1371=CARTESIAN_POINT('',(-9.325E-1,6.325E-1,-8.3325E0));
#1372=LINE('',#1371,#1370);
#1373=CARTESIAN_POINT('',(-9.325E-1,6.325E-1,-8.0325E0));
#1374=DIRECTION('',(-1.E0,0.E0,0.E0));
#1375=DIRECTION('',(0.E0,1.E0,-1.184237892934E-14));
#1376=AXIS2_PLACEMENT_3D('',#1373,#1374,#1375);
#1378=DIRECTION('',(0.E0,0.E0,-1.E0));
#1379=VECTOR('',#1378,3.8025E0);
#1380=CARTESIAN_POINT('',(-9.325E-1,9.325E-1,-4.23E0));
#1381=LINE('',#1380,#1379);
#1382=DIRECTION('',(0.E0,0.E0,1.E0));
#1383=VECTOR('',#1382,3.8025E0);
#1384=CARTESIAN_POINT('',(-9.325E-1,1.5675E0,-8.0325E0));
#1385=LINE('',#1384,#1383);
#1386=CARTESIAN_POINT('',(-9.325E-1,6.325E-1,-8.0325E0));
#1387=DIRECTION('',(1.E0,0.E0,0.E0));
#1388=DIRECTION('',(0.E0,0.E0,-1.E0));
#1389=AXIS2_PLACEMENT_3D('',#1386,#1387,#1388);
#1391=DIRECTION('',(0.E0,1.E0,0.E0));
#1392=VECTOR('',#1391,6.5725E0);
#1393=CARTESIAN_POINT('',(-9.325E-1,-5.94E0,-8.9675E0));
#1394=LINE('',#1393,#1392);
#1395=DIRECTION('',(0.E0,0.E0,-1.E0));
#1396=VECTOR('',#1395,6.35E-1);
#1397=CARTESIAN_POINT('',(-9.325E-1,-5.94E0,-5.8325E0));
#1398=LINE('',#1397,#1396);
#1399=DIRECTION('',(0.E0,-1.E0,0.E0));
#1400=VECTOR('',#1399,4.0725E0);
#1401=CARTESIAN_POINT('',(-9.325E-1,-1.8675E0,-5.8325E0));
#1402=LINE('',#1401,#1400);
#1403=CARTESIAN_POINT('',(-9.325E-1,-1.8675E0,-5.5325E0));
#1404=DIRECTION('',(-1.E0,0.E0,0.E0));
#1405=DIRECTION('',(0.E0,1.E0,0.E0));
#1406=AXIS2_PLACEMENT_3D('',#1403,#1404,#1405);
#1408=DIRECTION('',(0.E0,0.E0,-1.E0));
#1409=VECTOR('',#1408,1.3025E0);
#1410=CARTESIAN_POINT('',(-9.325E-1,-1.5675E0,-4.23E0));
#1411=LINE('',#1410,#1409);
#1412=DIRECTION('',(0.E0,0.E0,1.E0));
#1413=VECTOR('',#1412,1.3025E0);
#1414=CARTESIAN_POINT('',(-9.325E-1,-9.325E-1,-5.5325E0));
#1415=LINE('',#1414,#1413);
#1416=CARTESIAN_POINT('',(-9.325E-1,-1.8675E0,-5.5325E0));
#1417=DIRECTION('',(1.E0,0.E0,0.E0));
#1418=DIRECTION('',(0.E0,0.E0,-1.E0));
#1419=AXIS2_PLACEMENT_3D('',#1416,#1417,#1418);
#1421=DIRECTION('',(0.E0,1.E0,0.E0));
#1422=VECTOR('',#1421,4.0725E0);
#1423=CARTESIAN_POINT('',(-9.325E-1,-5.94E0,-6.4675E0));
#1424=LINE('',#1423,#1422);
#1425=DIRECTION('',(0.E0,-1.E0,0.E0));
#1426=VECTOR('',#1425,6.35E-1);
#1427=CARTESIAN_POINT('',(-9.325E-1,-9.325E-1,2.25E0));
#1428=LINE('',#1427,#1426);
#1429=DIRECTION('',(0.E0,0.E0,1.E0));
#1430=VECTOR('',#1429,4.02E0);
#1431=CARTESIAN_POINT('',(-9.325E-1,-9.325E-1,-1.77E0));
#1432=LINE('',#1431,#1430);
#1433=DIRECTION('',(0.E0,0.E0,-1.E0));
#1434=VECTOR('',#1433,4.02E0);
#1435=CARTESIAN_POINT('',(-9.325E-1,-1.5675E0,2.25E0));
#1436=LINE('',#1435,#1434);
#1437=DIRECTION('',(-2.544566789040E-1,-2.544566789040E-1,-9.330078226480E-1));
#1438=VECTOR('',#1437,5.894913061276E-1);
#1439=CARTESIAN_POINT('',(-1.4175E0,1.0825E0,2.8E0));
#1440=LINE('',#1439,#1438);
#1441=DIRECTION('',(-2.544566789040E-1,2.544566789040E-1,9.330078226480E-1));
#1442=VECTOR('',#1441,5.894913061276E-1);
#1443=CARTESIAN_POINT('',(-9.325E-1,9.325E-1,2.25E0));
#1444=LINE('',#1443,#1442);
#1445=DIRECTION('',(0.E0,-1.E0,0.E0));
#1446=VECTOR('',#1445,2.19E0);
#1447=CARTESIAN_POINT('',(-2.36E0,2.345E0,-1.77E0));
#1448=LINE('',#1447,#1446);
#1449=DIRECTION('',(-1.E0,0.E0,0.E0));
#1450=VECTOR('',#1449,2.22E0);
#1451=CARTESIAN_POINT('',(-1.4E-1,2.345E0,-1.77E0));
#1452=LINE('',#1451,#1450);
#1453=DIRECTION('',(0.E0,1.E0,0.E0));
#1454=VECTOR('',#1453,2.19E0);
#1455=CARTESIAN_POINT('',(-1.4E-1,1.55E-1,-1.77E0));
#1456=LINE('',#1455,#1454);
#1457=DIRECTION('',(1.E0,0.E0,0.E0));
#1458=VECTOR('',#1457,2.22E0);
#1459=CARTESIAN_POINT('',(-2.36E0,1.55E-1,-1.77E0));
#1460=LINE('',#1459,#1458);
#1461=DIRECTION('',(1.E0,0.E0,0.E0));
#1462=VECTOR('',#1461,2.22E0);
#1463=CARTESIAN_POINT('',(-2.36E0,-2.345E0,-1.77E0));
#1464=LINE('',#1463,#1462);
#1465=DIRECTION('',(0.E0,-1.E0,0.E0));
#1466=VECTOR('',#1465,2.19E0);
#1467=CARTESIAN_POINT('',(-2.36E0,-1.55E-1,-1.77E0));
#1468=LINE('',#1467,#1466);
#1469=DIRECTION('',(-1.E0,0.E0,0.E0));
#1470=VECTOR('',#1469,2.22E0);
#1471=CARTESIAN_POINT('',(-1.4E-1,-1.55E-1,-1.77E0));
#1472=LINE('',#1471,#1470);
#1473=DIRECTION('',(0.E0,1.E0,0.E0));
#1474=VECTOR('',#1473,2.19E0);
#1475=CARTESIAN_POINT('',(-1.4E-1,-2.345E0,-1.77E0));
#1476=LINE('',#1475,#1474);
#1477=DIRECTION('',(0.E0,1.E0,0.E0));
#1478=VECTOR('',#1477,6.35E-1);
#1479=CARTESIAN_POINT('',(-1.5675E0,-1.5675E0,-1.77E0));
#1480=LINE('',#1479,#1478);
#1481=DIRECTION('',(1.E0,0.E0,0.E0));
#1482=VECTOR('',#1481,6.35E-1);
#1483=CARTESIAN_POINT('',(-1.5675E0,-1.5675E0,-1.77E0));
#1484=LINE('',#1483,#1482);
#1485=DIRECTION('',(0.E0,1.E0,0.E0));
#1486=VECTOR('',#1485,6.35E-1);
#1487=CARTESIAN_POINT('',(-9.325E-1,-1.5675E0,-1.77E0));
#1488=LINE('',#1487,#1486);
#1489=DIRECTION('',(1.E0,0.E0,0.E0));
#1490=VECTOR('',#1489,6.35E-1);
#1491=CARTESIAN_POINT('',(-1.5675E0,-9.325E-1,-1.77E0));
#1492=LINE('',#1491,#1490);
#1493=DIRECTION('',(0.E0,1.E0,0.E0));
#1494=VECTOR('',#1493,6.35E-1);
#1495=CARTESIAN_POINT('',(-1.5675E0,9.325E-1,-1.77E0));
#1496=LINE('',#1495,#1494);
#1497=DIRECTION('',(1.E0,0.E0,0.E0));
#1498=VECTOR('',#1497,6.35E-1);
#1499=CARTESIAN_POINT('',(-1.5675E0,9.325E-1,-1.77E0));
#1500=LINE('',#1499,#1498);
#1501=DIRECTION('',(0.E0,1.E0,0.E0));
#1502=VECTOR('',#1501,6.35E-1);
#1503=CARTESIAN_POINT('',(-9.325E-1,9.325E-1,-1.77E0));
#1504=LINE('',#1503,#1502);
#1505=DIRECTION('',(1.E0,0.E0,0.E0));
#1506=VECTOR('',#1505,6.35E-1);
#1507=CARTESIAN_POINT('',(-1.5675E0,1.5675E0,-1.77E0));
#1508=LINE('',#1507,#1506);
#1509=DIRECTION('',(0.E0,1.E0,0.E0));
#1510=VECTOR('',#1509,3.1E-1);
#1511=CARTESIAN_POINT('',(-2.36E0,-1.55E-1,-7.E-2));
#1512=LINE('',#1511,#1510);
#1513=DIRECTION('',(0.E0,0.E0,-1.E0));
#1514=VECTOR('',#1513,1.7E0);
#1515=CARTESIAN_POINT('',(-2.36E0,-1.55E-1,-7.E-2));
#1516=LINE('',#1515,#1514);
#1517=DIRECTION('',(0.E0,1.E0,0.E0));
#1518=VECTOR('',#1517,4.69E0);
#1519=CARTESIAN_POINT('',(-2.36E0,-2.345E0,4.23E0));
#1520=LINE('',#1519,#1518);
#1521=DIRECTION('',(0.E0,0.E0,-1.E0));
#1522=VECTOR('',#1521,6.E0);
#1523=CARTESIAN_POINT('',(-2.36E0,2.345E0,4.23E0));
#1524=LINE('',#1523,#1522);
#1525=DIRECTION('',(0.E0,1.E0,0.E0));
#1526=VECTOR('',#1525,3.1E-1);
#1527=CARTESIAN_POINT('',(-1.65E0,-1.55E-1,-7.E-2));
#1528=LINE('',#1527,#1526);
#1529=DIRECTION('',(-7.071067811865E-1,0.E0,-7.071067811865E-1));
#1530=VECTOR('',#1529,8.485281374239E-1);
#1531=CARTESIAN_POINT('',(-1.05E0,1.55E-1,4.23E0));
#1532=LINE('',#1531,#1530);
#1533=DIRECTION('',(0.E0,0.E0,-1.E0));
#1534=VECTOR('',#1533,3.7E0);
#1535=CARTESIAN_POINT('',(-1.65E0,1.55E-1,3.63E0));
#1536=LINE('',#1535,#1534);
#1537=DIRECTION('',(1.E0,0.E0,0.E0));
#1538=VECTOR('',#1537,7.1E-1);
#1539=CARTESIAN_POINT('',(-2.36E0,1.55E-1,-7.E-2));
#1540=LINE('',#1539,#1538);
#1541=DIRECTION('',(0.E0,0.E0,-1.E0));
#1542=VECTOR('',#1541,1.7E0);
#1543=CARTESIAN_POINT('',(-2.36E0,1.55E-1,-7.E-2));
#1544=LINE('',#1543,#1542);
#1545=DIRECTION('',(-7.071067811865E-1,0.E0,-7.071067811865E-1));
#1546=VECTOR('',#1545,8.485281374239E-1);
#1547=CARTESIAN_POINT('',(-1.05E0,-1.55E-1,4.23E0));
#1548=LINE('',#1547,#1546);
#1549=DIRECTION('',(0.E0,0.E0,-1.E0));
#1550=VECTOR('',#1549,6.E0);
#1551=CARTESIAN_POINT('',(-1.4E-1,-1.55E-1,4.23E0));
#1552=LINE('',#1551,#1550);
#1553=DIRECTION('',(1.E0,0.E0,0.E0));
#1554=VECTOR('',#1553,7.1E-1);
#1555=CARTESIAN_POINT('',(-2.36E0,-1.55E-1,-7.E-2));
#1556=LINE('',#1555,#1554);
#1557=DIRECTION('',(0.E0,0.E0,-1.E0));
#1558=VECTOR('',#1557,3.7E0);
#1559=CARTESIAN_POINT('',(-1.65E0,-1.55E-1,3.63E0));
#1560=LINE('',#1559,#1558);
#1561=DIRECTION('',(0.E0,0.E0,-1.E0));
#1562=VECTOR('',#1561,6.E0);
#1563=CARTESIAN_POINT('',(-1.4E-1,-2.345E0,4.23E0));
#1564=LINE('',#1563,#1562);
#1565=DIRECTION('',(0.E0,0.E0,-1.E0));
#1566=VECTOR('',#1565,6.E0);
#1567=CARTESIAN_POINT('',(-2.36E0,-2.345E0,4.23E0));
#1568=LINE('',#1567,#1566);
#1569=DIRECTION('',(0.E0,1.E0,0.E0));
#1570=VECTOR('',#1569,3.1E-1);
#1571=CARTESIAN_POINT('',(-1.65E0,-1.55E-1,3.63E0));
#1572=LINE('',#1571,#1570);
#1573=DIRECTION('',(0.E0,0.E0,-1.E0));
#1574=VECTOR('',#1573,6.E0);
#1575=CARTESIAN_POINT('',(-1.4E-1,1.55E-1,4.23E0));
#1576=LINE('',#1575,#1574);
#1577=DIRECTION('',(-1.E0,0.E0,0.E0));
#1578=VECTOR('',#1577,8.7E-1);
#1579=CARTESIAN_POINT('',(-1.33E0,2.345E0,-3.1E-1));
#1580=LINE('',#1579,#1578);
#1581=DIRECTION('',(0.E0,0.E0,-1.E0));
#1582=VECTOR('',#1581,4.54E0);
#1583=CARTESIAN_POINT('',(-1.33E0,2.345E0,4.23E0));
#1584=LINE('',#1583,#1582);
#1585=DIRECTION('',(0.E0,0.E0,-1.E0));
#1586=VECTOR('',#1585,6.E0);
#1587=CARTESIAN_POINT('',(-1.4E-1,2.345E0,4.23E0));
#1588=LINE('',#1587,#1586);
#1589=DIRECTION('',(0.E0,0.E0,-1.E0));
#1590=VECTOR('',#1589,4.54E0);
#1591=CARTESIAN_POINT('',(-2.2E0,2.345E0,4.23E0));
#1592=LINE('',#1591,#1590);
#1593=DIRECTION('',(0.E0,0.E0,-1.E0));
#1594=VECTOR('',#1593,4.54E0);
#1595=CARTESIAN_POINT('',(-1.33E0,2.62E0,4.23E0));
#1596=LINE('',#1595,#1594);
#1597=DIRECTION('',(0.E0,0.E0,-1.E0));
#1598=VECTOR('',#1597,4.54E0);
#1599=CARTESIAN_POINT('',(1.33E0,2.62E0,4.23E0));
#1600=LINE('',#1599,#1598);
#1601=DIRECTION('',(-1.E0,0.E0,0.E0));
#1602=VECTOR('',#1601,6.35E-1);
#1603=CARTESIAN_POINT('',(-9.325E-1,-1.5675E0,2.25E0));
#1604=LINE('',#1603,#1602);
#1605=DIRECTION('',(1.E0,0.E0,0.E0));
#1606=VECTOR('',#1605,6.35E-1);
#1607=CARTESIAN_POINT('',(-1.5675E0,-1.5675E0,-5.5325E0));
#1608=LINE('',#1607,#1606);
#1609=DIRECTION('',(-1.E0,0.E0,0.E0));
#1610=VECTOR('',#1609,6.35E-1);
#1611=CARTESIAN_POINT('',(-9.325E-1,-5.94E0,-5.8325E0));
#1612=LINE('',#1611,#1610);
#1613=DIRECTION('',(1.E0,0.E0,0.E0));
#1614=VECTOR('',#1613,6.35E-1);
#1615=CARTESIAN_POINT('',(-1.5675E0,-1.8675E0,-5.8325E0));
#1616=LINE('',#1615,#1614);
#1617=DIRECTION('',(2.544566789040E-1,9.330078226480E-1,2.544566789040E-1));
#1618=VECTOR('',#1617,5.894913061276E-1);
#1619=CARTESIAN_POINT('',(-1.0825E0,-6.49E0,-5.9825E0));
#1620=LINE('',#1619,#1618);
#1621=DIRECTION('',(-1.E0,0.E0,0.E0));
#1622=VECTOR('',#1621,3.35E-1);
#1623=CARTESIAN_POINT('',(-1.0825E0,-6.49E0,-6.3175E0));
#1624=LINE('',#1623,#1622);
#1625=DIRECTION('',(0.E0,0.E0,1.E0));
#1626=VECTOR('',#1625,3.35E-1);
#1627=CARTESIAN_POINT('',(-1.4175E0,-6.49E0,-6.3175E0));
#1628=LINE('',#1627,#1626);
#1629=DIRECTION('',(-1.E0,0.E0,0.E0));
#1630=VECTOR('',#1629,3.35E-1);
#1631=CARTESIAN_POINT('',(-1.0825E0,-6.49E0,-5.9825E0));
#1632=LINE('',#1631,#1630);
#1633=DIRECTION('',(0.E0,0.E0,-1.E0));
#1634=VECTOR('',#1633,3.35E-1);
#1635=CARTESIAN_POINT('',(-1.0825E0,-6.49E0,-5.9825E0));
#1636=LINE('',#1635,#1634);
#1637=DIRECTION('',(-2.544566789040E-1,9.330078226480E-1,-2.544566789040E-1));
#1638=VECTOR('',#1637,5.894913061276E-1);
#1639=CARTESIAN_POINT('',(-1.4175E0,-6.49E0,-6.3175E0));
#1640=LINE('',#1639,#1638);
#1641=DIRECTION('',(-2.544566789040E-1,-9.330078226480E-1,2.544566789040E-1));
#1642=VECTOR('',#1641,5.894913061276E-1);
#1643=CARTESIAN_POINT('',(-9.325E-1,-5.94E0,-6.4675E0));
#1644=LINE('',#1643,#1642);
#1645=DIRECTION('',(-1.E0,0.E0,0.E0));
#1646=VECTOR('',#1645,6.35E-1);
#1647=CARTESIAN_POINT('',(-9.325E-1,-5.94E0,-6.4675E0));
#1648=LINE('',#1647,#1646);
#1649=DIRECTION('',(1.E0,0.E0,0.E0));
#1650=VECTOR('',#1649,6.35E-1);
#1651=CARTESIAN_POINT('',(-1.5675E0,-1.8675E0,-6.4675E0));
#1652=LINE('',#1651,#1650);
#1653=DIRECTION('',(1.E0,0.E0,0.E0));
#1654=VECTOR('',#1653,6.35E-1);
#1655=CARTESIAN_POINT('',(-1.5675E0,-9.325E-1,-5.5325E0));
#1656=LINE('',#1655,#1654);
#1657=DIRECTION('',(-1.E0,0.E0,0.E0));
#1658=VECTOR('',#1657,6.35E-1);
#1659=CARTESIAN_POINT('',(-9.325E-1,-9.325E-1,2.25E0));
#1660=LINE('',#1659,#1658);
#1661=DIRECTION('',(2.544566789040E-1,2.544566789040E-1,-9.330078226480E-1));
#1662=VECTOR('',#1661,5.894913061276E-1);
#1663=CARTESIAN_POINT('',(-1.0825E0,-1.0825E0,2.8E0));
#1664=LINE('',#1663,#1662);
#1665=DIRECTION('',(2.544566789040E-1,-2.544566789040E-1,-9.330078226480E-1));
#1666=VECTOR('',#1665,5.894913061276E-1);
#1667=CARTESIAN_POINT('',(-1.0825E0,-1.4175E0,2.8E0));
#1668=LINE('',#1667,#1666);
#1669=DIRECTION('',(-1.E0,0.E0,0.E0));
#1670=VECTOR('',#1669,3.35E-1);
#1671=CARTESIAN_POINT('',(-1.0825E0,-1.4175E0,2.8E0));
#1672=LINE('',#1671,#1670);
#1673=DIRECTION('',(0.E0,1.E0,0.E0));
#1674=VECTOR('',#1673,3.35E-1);
#1675=CARTESIAN_POINT('',(-1.4175E0,-1.4175E0,2.8E0));
#1676=LINE('',#1675,#1674);
#1677=DIRECTION('',(-1.E0,0.E0,0.E0));
#1678=VECTOR('',#1677,3.35E-1);
#1679=CARTESIAN_POINT('',(-1.0825E0,-1.0825E0,2.8E0));
#1680=LINE('',#1679,#1678);
#1681=DIRECTION('',(0.E0,-1.E0,0.E0));
#1682=VECTOR('',#1681,3.35E-1);
#1683=CARTESIAN_POINT('',(-1.0825E0,-1.0825E0,2.8E0));
#1684=LINE('',#1683,#1682);
#1685=DIRECTION('',(-2.544566789040E-1,-2.544566789040E-1,-9.330078226480E-1));
#1686=VECTOR('',#1685,5.894913061276E-1);
#1687=CARTESIAN_POINT('',(-1.4175E0,-1.4175E0,2.8E0));
#1688=LINE('',#1687,#1686);
#1689=DIRECTION('',(-2.544566789040E-1,2.544566789040E-1,-9.330078226480E-1));
#1690=VECTOR('',#1689,5.894913061276E-1);
#1691=CARTESIAN_POINT('',(-1.4175E0,-1.0825E0,2.8E0));
#1692=LINE('',#1691,#1690);
#1693=DIRECTION('',(-2.544566789040E-1,9.330078226480E-1,2.544566789040E-1));
#1694=VECTOR('',#1693,5.894913061276E-1);
#1695=CARTESIAN_POINT('',(-1.4175E0,-6.49E0,-5.9825E0));
#1696=LINE('',#1695,#1694);
#1697=DIRECTION('',(-1.E0,0.E0,0.E0));
#1698=VECTOR('',#1697,3.35E-1);
#1699=CARTESIAN_POINT('',(-1.0825E0,-6.49E0,-8.8175E0));
#1700=LINE('',#1699,#1698);
#1701=DIRECTION('',(0.E0,0.E0,1.E0));
#1702=VECTOR('',#1701,3.35E-1);
#1703=CARTESIAN_POINT('',(-1.4175E0,-6.49E0,-8.8175E0));
#1704=LINE('',#1703,#1702);
#1705=DIRECTION('',(-1.E0,0.E0,0.E0));
#1706=VECTOR('',#1705,3.35E-1);
#1707=CARTESIAN_POINT('',(-1.0825E0,-6.49E0,-8.4825E0));
#1708=LINE('',#1707,#1706);
#1709=DIRECTION('',(0.E0,0.E0,-1.E0));
#1710=VECTOR('',#1709,3.35E-1);
#1711=CARTESIAN_POINT('',(-1.0825E0,-6.49E0,-8.4825E0));
#1712=LINE('',#1711,#1710);
#1713=DIRECTION('',(0.E0,0.E0,-1.E0));
#1714=VECTOR('',#1713,6.E0);
#1715=CARTESIAN_POINT('',(2.36E0,1.55E-1,4.23E0));
#1716=LINE('',#1715,#1714);
#1717=DIRECTION('',(0.E0,0.E0,-1.E0));
#1718=VECTOR('',#1717,6.E0);
#1719=CARTESIAN_POINT('',(1.4E-1,1.55E-1,4.23E0));
#1720=LINE('',#1719,#1718);
#1721=CARTESIAN_POINT('',(6.315324016663E-1,-4.590000580894E0,
8.299967409508E-1));
#1722=CARTESIAN_POINT('',(6.072685756012E-1,-4.528433351552E0,
8.299967409508E-1));
#1723=CARTESIAN_POINT('',(5.569932297951E-1,-4.400195597752E0,
8.300029622042E-1));
#1724=CARTESIAN_POINT('',(5.031952662230E-1,-4.261761256567E0,
8.299973346407E-1));
#1725=CARTESIAN_POINT('',(4.754034416859E-1,-4.189999846842E0,
8.299973346407E-1));
#1727=DIRECTION('',(9.243947713955E-8,-9.999999999975E-1,-2.221133006968E-6));
#1728=VECTOR('',#1727,1.199999846845E0);
#1729=CARTESIAN_POINT('',(4.754033307585E-1,-2.99E0,8.3E-1));
#1730=LINE('',#1729,#1728);
#1731=CARTESIAN_POINT('',(1.249999338224E0,-4.59E0,1.029995957504E0));
#1732=DIRECTION('',(0.E0,-1.E0,0.E0));
#1733=DIRECTION('',(-9.514839964269E-1,0.E0,3.076982361721E-1));
#1734=AXIS2_PLACEMENT_3D('',#1731,#1732,#1733);
#1736=CARTESIAN_POINT('',(1.249999338224E0,-4.190001366908E0,1.029995957504E0));
#1737=DIRECTION('',(0.E0,1.E0,0.E0));
#1738=DIRECTION('',(-9.682470080080E-1,0.E0,-2.499954629261E-1));
#1739=AXIS2_PLACEMENT_3D('',#1736,#1737,#1738);
#1741=DIRECTION('',(-9.999999999962E-1,-2.127325572379E-6,1.745612339517E-6));
#1742=VECTOR('',#1741,3.184675628977E-1);
#1743=CARTESIAN_POINT('',(9.5E-1,-4.59E0,1.23E0));
#1744=LINE('',#1743,#1742);
#1745=CARTESIAN_POINT('',(9.5E-1,-4.59E0,1.33E0));
#1746=DIRECTION('',(0.E0,1.E0,0.E0));
#1747=DIRECTION('',(1.E0,0.E0,0.E0));
#1748=AXIS2_PLACEMENT_3D('',#1745,#1746,#1747);
#1750=DIRECTION('',(1.023353455620E-5,1.824027417492E-6,-9.999999999460E-1));
#1751=VECTOR('',#1750,3.184675983509E-1);
#1752=CARTESIAN_POINT('',(1.049996740951E0,-4.590000580894E0,1.648467598334E0));
#1753=LINE('',#1752,#1751);
#1754=DIRECTION('',(1.745612341608E-6,-2.127325572379E-6,9.999999999962E-1));
#1755=VECTOR('',#1754,3.184675628977E-1);
#1756=CARTESIAN_POINT('',(1.45E0,-4.59E0,1.33E0));
#1757=LINE('',#1756,#1755);
#1758=CARTESIAN_POINT('',(1.55E0,-4.59E0,1.33E0));
#1759=DIRECTION('',(0.E0,1.E0,0.E0));
#1760=DIRECTION('',(0.E0,0.E0,-1.E0));
#1761=AXIS2_PLACEMENT_3D('',#1758,#1759,#1760);
#1763=DIRECTION('',(-9.999999999460E-1,1.824027476059E-6,-1.023353456248E-5));
#1764=VECTOR('',#1763,3.184675983509E-1);
#1765=CARTESIAN_POINT('',(1.868467598334E0,-4.590000580894E0,1.230003259049E0));
#1766=LINE('',#1765,#1764);
#1767=DIRECTION('',(9.999999999962E-1,-2.127325572379E-6,-1.745612339865E-6));
#1768=VECTOR('',#1767,3.184675628977E-1);
#1769=CARTESIAN_POINT('',(1.55E0,-4.59E0,8.3E-1));
#1770=LINE('',#1769,#1768);
#1771=CARTESIAN_POINT('',(1.55E0,-4.59E0,7.3E-1));
#1772=DIRECTION('',(0.E0,1.E0,0.E0));
#1773=DIRECTION('',(-1.E0,0.E0,0.E0));
#1774=AXIS2_PLACEMENT_3D('',#1771,#1772,#1773);
#1776=DIRECTION('',(-1.023353456248E-5,1.824027503948E-6,9.999999999460E-1));
#1777=VECTOR('',#1776,3.184675983509E-1);
#1778=CARTESIAN_POINT('',(1.450003259049E0,-4.590000580894E0,
4.115324016663E-1));
#1779=LINE('',#1778,#1777);
#1780=DIRECTION('',(-1.745612339517E-6,-2.127325572379E-6,-9.999999999962E-1));
#1781=VECTOR('',#1780,3.184675628977E-1);
#1782=CARTESIAN_POINT('',(1.05E0,-4.59E0,7.3E-1));
#1783=LINE('',#1782,#1781);
#1784=CARTESIAN_POINT('',(9.5E-1,-4.59E0,7.3E-1));
#1785=DIRECTION('',(0.E0,1.E0,0.E0));
#1786=DIRECTION('',(0.E0,0.E0,1.E0));
#1787=AXIS2_PLACEMENT_3D('',#1784,#1785,#1786);
#1789=DIRECTION('',(9.999999999460E-1,1.824027459325E-6,1.023353456004E-5));
#1790=VECTOR('',#1789,3.184675983509E-1);
#1791=CARTESIAN_POINT('',(6.315324016663E-1,-4.590000580894E0,
8.299967409508E-1));
#1792=LINE('',#1791,#1790);
#1793=DIRECTION('',(1.745612343700E-6,-2.127325572379E-6,9.999999999962E-1));
#1794=VECTOR('',#1793,3.184675628977E-1);
#1795=CARTESIAN_POINT('',(-1.05E0,-4.59E0,1.33E0));
#1796=LINE('',#1795,#1794);
#1797=CARTESIAN_POINT('',(-9.5E-1,-4.59E0,1.33E0));
#1798=DIRECTION('',(0.E0,1.E0,0.E0));
#1799=DIRECTION('',(-1.110223024625E-14,0.E0,-1.E0));
#1800=AXIS2_PLACEMENT_3D('',#1797,#1798,#1799);
#1802=DIRECTION('',(-9.999999999460E-1,1.824027425858E-6,-1.023353455620E-5));
#1803=VECTOR('',#1802,3.184675983509E-1);
#1804=CARTESIAN_POINT('',(-6.315324016663E-1,-4.590000580894E0,
1.230003259049E0));
#1805=LINE('',#1804,#1803);
#1806=DIRECTION('',(9.999999999962E-1,-2.127325572379E-6,-1.745612343351E-6));
#1807=VECTOR('',#1806,3.184675628977E-1);
#1808=CARTESIAN_POINT('',(-9.5E-1,-4.59E0,8.3E-1));
#1809=LINE('',#1808,#1807);
#1810=CARTESIAN_POINT('',(-9.5E-1,-4.59E0,7.3E-1));
#1811=DIRECTION('',(0.E0,1.E0,0.E0));
#1812=DIRECTION('',(-1.E0,0.E0,0.E0));
#1813=AXIS2_PLACEMENT_3D('',#1810,#1811,#1812);
#1815=DIRECTION('',(-1.023353456178E-5,1.824027305935E-6,9.999999999460E-1));
#1816=VECTOR('',#1815,3.184675983509E-1);
#1817=CARTESIAN_POINT('',(-1.049996740951E0,-4.590000580894E0,
4.115324016663E-1));
#1818=LINE('',#1817,#1816);
#1819=DIRECTION('',(-1.745612343003E-6,-2.127325572379E-6,-9.999999999962E-1));
#1820=VECTOR('',#1819,3.184675628977E-1);
#1821=CARTESIAN_POINT('',(-1.45E0,-4.59E0,7.3E-1));
#1822=LINE('',#1821,#1820);
#1823=CARTESIAN_POINT('',(-1.55E0,-4.59E0,7.3E-1));
#1824=DIRECTION('',(0.E0,1.E0,0.E0));
#1825=DIRECTION('',(0.E0,0.E0,1.E0));
#1826=AXIS2_PLACEMENT_3D('',#1823,#1824,#1825);
#1828=DIRECTION('',(9.999999999460E-1,1.824027481637E-6,1.023353455202E-5));
#1829=VECTOR('',#1828,3.184675983509E-1);
#1830=CARTESIAN_POINT('',(-1.868467598334E0,-4.590000580894E0,
8.299967409508E-1));
#1831=LINE('',#1830,#1829);
#1832=DIRECTION('',(-9.999999999962E-1,-2.127325572379E-6,1.745612343003E-6));
#1833=VECTOR('',#1832,3.184675628977E-1);
#1834=CARTESIAN_POINT('',(-1.55E0,-4.59E0,1.23E0));
#1835=LINE('',#1834,#1833);
#1836=CARTESIAN_POINT('',(-1.55E0,-4.59E0,1.33E0));
#1837=DIRECTION('',(0.E0,1.E0,0.E0));
#1838=DIRECTION('',(1.E0,0.E0,0.E0));
#1839=AXIS2_PLACEMENT_3D('',#1836,#1837,#1838);
#1841=DIRECTION('',(1.023353455899E-5,1.824027662916E-6,-9.999999999460E-1));
#1842=VECTOR('',#1841,3.184675983509E-1);
#1843=CARTESIAN_POINT('',(-1.450003259049E0,-4.590000580894E0,
1.648467598334E0));
#1844=LINE('',#1843,#1842);
#1845=CARTESIAN_POINT('',(4.754034769738E-1,-4.189999943370E0,
1.229999962246E0));
#1846=CARTESIAN_POINT('',(5.031494979490E-1,-4.261643083420E0,
1.229999962246E0));
#1847=CARTESIAN_POINT('',(5.569010208735E-1,-4.399959179792E0,
1.229999740916E0));
#1848=CARTESIAN_POINT('',(6.072221082494E-1,-4.528315451879E0,
1.230000555921E0));
#1849=CARTESIAN_POINT('',(6.315324371035E-1,-4.590000677484E0,
1.230000555921E0));
#1851=DIRECTION('',(0.E0,-1.E0,0.E0));
#1852=VECTOR('',#1851,1.6E0);
#1853=CARTESIAN_POINT('',(9.5E-1,-2.99E0,1.23E0));
#1854=LINE('',#1853,#1852);
#1855=DIRECTION('',(1.218461154798E-7,-1.E0,-3.146147639149E-8));
#1856=VECTOR('',#1855,1.199999943370E0);
#1857=CARTESIAN_POINT('',(4.754033307585E-1,-2.99E0,1.23E0));
#1858=LINE('',#1857,#1856);
#1859=DIRECTION('',(0.E0,-1.E0,0.E0));
#1860=VECTOR('',#1859,1.6E0);
#1861=CARTESIAN_POINT('',(1.05E0,-2.99E0,1.33E0));
#1862=LINE('',#1861,#1860);
#1863=CARTESIAN_POINT('',(1.049996740951E0,-4.590000580894E0,1.648467598334E0));
#1864=CARTESIAN_POINT('',(1.049996740951E0,-4.528417292867E0,1.672737753174E0));
#1865=CARTESIAN_POINT('',(1.050002962204E0,-4.400163435571E0,1.723019314387E0));
#1866=CARTESIAN_POINT('',(1.049997334641E0,-4.261745160678E0,1.776810967408E0));
#1867=CARTESIAN_POINT('',(1.049997334641E0,-4.189999846842E0,1.804596558314E0));
#1869=DIRECTION('',(-2.221133007893E-6,-9.999999999975E-1,-9.243952339884E-8));
#1870=VECTOR('',#1869,1.199999846845E0);
#1871=CARTESIAN_POINT('',(1.05E0,-2.99E0,1.804596669241E0));
#1872=LINE('',#1871,#1870);
#1873=CARTESIAN_POINT('',(1.249995957504E0,-4.59E0,1.030000661776E0));
#1874=DIRECTION('',(0.E0,-1.E0,0.E0));
#1875=DIRECTION('',(3.076982361721E-1,0.E0,9.514839964269E-1));
#1876=AXIS2_PLACEMENT_3D('',#1873,#1874,#1875);
#1878=CARTESIAN_POINT('',(1.249995957504E0,-4.190001366908E0,1.030000661776E0));
#1879=DIRECTION('',(0.E0,1.E0,0.E0));
#1880=DIRECTION('',(-2.499954629261E-1,0.E0,9.682470080080E-1));
#1881=AXIS2_PLACEMENT_3D('',#1878,#1879,#1880);
#1883=DIRECTION('',(-3.146148971421E-8,-1.E0,-1.218456236048E-7));
#1884=VECTOR('',#1883,1.199999943369E0);
#1885=CARTESIAN_POINT('',(1.45E0,-2.99E0,1.804596669241E0));
#1886=LINE('',#1885,#1884);
#1887=CARTESIAN_POINT('',(1.449999962246E0,-4.189999943369E0,1.804596523027E0));
#1888=CARTESIAN_POINT('',(1.449999962246E0,-4.261775608688E0,1.776799177544E0));
#1889=CARTESIAN_POINT('',(1.449999740916E0,-4.400223986798E0,1.722995697166E0));
#1890=CARTESIAN_POINT('',(1.450000555921E0,-4.528447670831E0,1.672725783873E0));
#1891=CARTESIAN_POINT('',(1.450000555921E0,-4.590000677484E0,1.648467562897E0));
#1893=DIRECTION('',(0.E0,-1.E0,0.E0));
#1894=VECTOR('',#1893,1.6E0);
#1895=CARTESIAN_POINT('',(1.45E0,-2.99E0,1.33E0));
#1896=LINE('',#1895,#1894);
#1897=DIRECTION('',(0.E0,-1.E0,0.E0));
#1898=VECTOR('',#1897,1.6E0);
#1899=CARTESIAN_POINT('',(1.55E0,-2.99E0,1.23E0));
#1900=LINE('',#1899,#1898);
#1901=CARTESIAN_POINT('',(1.868467598334E0,-4.590000580894E0,1.230003259049E0));
#1902=CARTESIAN_POINT('',(1.892727505457E0,-4.528443295506E0,1.230003259049E0));
#1903=CARTESIAN_POINT('',(1.942999002513E0,-4.400215513407E0,1.229997037796E0));
#1904=CARTESIAN_POINT('',(1.996800873751E0,-4.261771223559E0,1.230002665359E0));
#1905=CARTESIAN_POINT('',(2.024596558314E0,-4.189999846842E0,1.230002665359E0));
#1907=DIRECTION('',(-9.243947898993E-8,-9.999999999975E-1,2.221133007893E-6));
#1908=VECTOR('',#1907,1.199999846845E0);
#1909=CARTESIAN_POINT('',(2.024596669241E0,-2.99E0,1.23E0));
#1910=LINE('',#1909,#1908);
#1911=CARTESIAN_POINT('',(1.250000661776E0,-4.59E0,1.030004042496E0));
#1912=DIRECTION('',(0.E0,-1.E0,0.E0));
#1913=DIRECTION('',(9.514839964269E-1,0.E0,-3.076982361721E-1));
#1914=AXIS2_PLACEMENT_3D('',#1911,#1912,#1913);
#1916=CARTESIAN_POINT('',(1.250000661776E0,-4.190001366908E0,1.030004042496E0));
#1917=DIRECTION('',(0.E0,1.E0,0.E0));
#1918=DIRECTION('',(9.682470080080E-1,0.E0,2.499954629260E-1));
#1919=AXIS2_PLACEMENT_3D('',#1916,#1917,#1918);
#1921=DIRECTION('',(-1.218461152485E-7,-1.E0,3.146147657653E-8));
#1922=VECTOR('',#1921,1.199999943370E0);
#1923=CARTESIAN_POINT('',(2.024596669241E0,-2.99E0,8.3E-1));
#1924=LINE('',#1923,#1922);
#1925=CARTESIAN_POINT('',(2.024596523026E0,-4.189999943370E0,
8.300000377538E-1));
#1926=CARTESIAN_POINT('',(1.996852269700E0,-4.261638519164E0,
8.300000377538E-1));
#1927=CARTESIAN_POINT('',(1.943102536204E0,-4.399950059659E0,
8.300002590836E-1));
#1928=CARTESIAN_POINT('',(1.892779686380E0,-4.528310898173E0,
8.299994440791E-1));
#1929=CARTESIAN_POINT('',(1.868467562897E0,-4.590000677484E0,
8.299994440791E-1));
#1931=DIRECTION('',(0.E0,-1.E0,0.E0));
#1932=VECTOR('',#1931,1.6E0);
#1933=CARTESIAN_POINT('',(1.55E0,-2.99E0,8.3E-1));
#1934=LINE('',#1933,#1932);
#1935=DIRECTION('',(0.E0,-1.E0,0.E0));
#1936=VECTOR('',#1935,1.6E0);
#1937=CARTESIAN_POINT('',(1.45E0,-2.99E0,7.3E-1));
#1938=LINE('',#1937,#1936);
#1939=CARTESIAN_POINT('',(1.450003259049E0,-4.590000580894E0,
4.115324016663E-1));
#1940=CARTESIAN_POINT('',(1.450003259049E0,-4.528445716262E0,
3.872734485701E-1));
#1941=CARTESIAN_POINT('',(1.449997037796E0,-4.400220361672E0,
3.370028884546E-1));
#1942=CARTESIAN_POINT('',(1.450002665359E0,-4.261773649923E0,
2.832000659336E-1));
#1943=CARTESIAN_POINT('',(1.450002665359E0,-4.189999846842E0,
2.554034416859E-1));
#1945=DIRECTION('',(2.221133009373E-6,-9.999999999975E-1,9.243953209559E-8));
#1946=VECTOR('',#1945,1.199999846845E0);
#1947=CARTESIAN_POINT('',(1.45E0,-2.99E0,2.554033307585E-1));
#1948=LINE('',#1947,#1946);
#1949=CARTESIAN_POINT('',(1.250004042496E0,-4.59E0,1.029999338224E0));
#1950=DIRECTION('',(0.E0,-1.E0,0.E0));
#1951=DIRECTION('',(-3.076982361721E-1,0.E0,-9.514839964269E-1));
#1952=AXIS2_PLACEMENT_3D('',#1949,#1950,#1951);
#1954=CARTESIAN_POINT('',(1.250004042496E0,-4.190001366908E0,1.029999338224E0));
#1955=DIRECTION('',(0.E0,1.E0,0.E0));
#1956=DIRECTION('',(2.499954629260E-1,0.E0,-9.682470080080E-1));
#1957=AXIS2_PLACEMENT_3D('',#1954,#1955,#1956);
#1959=DIRECTION('',(3.146148952917E-8,-1.E0,1.218456234198E-7));
#1960=VECTOR('',#1959,1.199999943369E0);
#1961=CARTESIAN_POINT('',(1.05E0,-2.99E0,2.554033307585E-1));
#1962=LINE('',#1961,#1960);
#1963=CARTESIAN_POINT('',(1.050000037754E0,-4.189999943369E0,
2.554034769733E-1));
#1964=CARTESIAN_POINT('',(1.050000037754E0,-4.261755416614E0,
2.831930024511E-1));
#1965=CARTESIAN_POINT('',(1.050000259084E0,-4.400183639784E0,
3.369885663118E-1));
#1966=CARTESIAN_POINT('',(1.049999444079E0,-4.528427525429E0,
3.872662767650E-1));
#1967=CARTESIAN_POINT('',(1.049999444079E0,-4.590000677484E0,
4.115324371035E-1));
#1969=DIRECTION('',(0.E0,-1.E0,0.E0));
#1970=VECTOR('',#1969,1.6E0);
#1971=CARTESIAN_POINT('',(1.05E0,-2.99E0,7.3E-1));
#1972=LINE('',#1971,#1970);
#1973=DIRECTION('',(0.E0,-1.E0,0.E0));
#1974=VECTOR('',#1973,1.6E0);
#1975=CARTESIAN_POINT('',(9.5E-1,-2.99E0,8.3E-1));
#1976=LINE('',#1975,#1974);
#1977=CARTESIAN_POINT('',(-1.250004042496E0,-4.59E0,1.030000661776E0));
#1978=DIRECTION('',(0.E0,-1.E0,0.E0));
#1979=DIRECTION('',(3.076982361721E-1,0.E0,9.514839964269E-1));
#1980=AXIS2_PLACEMENT_3D('',#1977,#1978,#1979);
#1982=CARTESIAN_POINT('',(-1.250004042496E0,-4.190001366908E0,
1.030000661776E0));
#1983=DIRECTION('',(0.E0,1.E0,0.E0));
#1984=DIRECTION('',(-2.499954629260E-1,0.E0,9.682470080080E-1));
#1985=AXIS2_PLACEMENT_3D('',#1982,#1983,#1984);
#1987=CARTESIAN_POINT('',(-1.450003259049E0,-4.590000580894E0,
1.648467598334E0));
#1988=CARTESIAN_POINT('',(-1.450003259049E0,-4.528412755349E0,
1.672739541423E0));
#1989=CARTESIAN_POINT('',(-1.449997037796E0,-4.400154347872E0,
1.723022858849E0));
#1990=CARTESIAN_POINT('',(-1.450002665359E0,-4.261740612648E0,
1.776812728773E0));
#1991=CARTESIAN_POINT('',(-1.450002665359E0,-4.189999846842E0,
1.804596558314E0));
#1993=DIRECTION('',(-2.221133009003E-6,-9.999999999975E-1,-9.243954800878E-8));
#1994=VECTOR('',#1993,1.199999846845E0);
#1995=CARTESIAN_POINT('',(-1.45E0,-2.99E0,1.804596669241E0));
#1996=LINE('',#1995,#1994);
#1997=DIRECTION('',(0.E0,-1.E0,0.E0));
#1998=VECTOR('',#1997,1.6E0);
#1999=CARTESIAN_POINT('',(-1.45E0,-2.99E0,1.33E0));
#2000=LINE('',#1999,#1998);
#2001=CARTESIAN_POINT('',(-2.024596523026E0,-4.189999943370E0,
1.229999962246E0));
#2002=CARTESIAN_POINT('',(-1.996784587471E0,-4.261813281788E0,
1.229999962246E0));
#2003=CARTESIAN_POINT('',(-1.942966336883E0,-4.400299263683E0,
1.229999740916E0));
#2004=CARTESIAN_POINT('',(-1.892710971111E0,-4.528485256853E0,
1.230000555921E0));
#2005=CARTESIAN_POINT('',(-1.868467562897E0,-4.590000677484E0,
1.230000555921E0));
#2007=DIRECTION('',(0.E0,-1.E0,0.E0));
#2008=VECTOR('',#2007,1.6E0);
#2009=CARTESIAN_POINT('',(-1.55E0,-2.99E0,1.23E0));
#2010=LINE('',#2009,#2008);
#2011=CARTESIAN_POINT('',(-1.250000661776E0,-4.59E0,1.029995957504E0));
#2012=DIRECTION('',(0.E0,-1.E0,0.E0));
#2013=DIRECTION('',(-9.514839964269E-1,0.E0,3.076982361721E-1));
#2014=AXIS2_PLACEMENT_3D('',#2011,#2012,#2013);
#2016=CARTESIAN_POINT('',(-1.250000661776E0,-4.190001366908E0,
1.029995957504E0));
#2017=DIRECTION('',(0.E0,1.E0,0.E0));
#2018=DIRECTION('',(-9.682470080080E-1,0.E0,-2.499954629261E-1));
#2019=AXIS2_PLACEMENT_3D('',#2016,#2017,#2018);
#2021=CARTESIAN_POINT('',(-1.868467598334E0,-4.590000580894E0,
8.299967409508E-1));
#2022=CARTESIAN_POINT('',(-1.892697714271E0,-4.528518887902E0,
8.299967409508E-1));
#2023=CARTESIAN_POINT('',(-1.942939953515E0,-4.400366909029E0,
8.300029622042E-1));
#2024=CARTESIAN_POINT('',(-1.996771530435E0,-4.261846991084E0,
8.299973346407E-1));
#2025=CARTESIAN_POINT('',(-2.024596558314E0,-4.189999846842E0,
8.299973346407E-1));
#2027=DIRECTION('',(9.243947936E-8,-9.999999999975E-1,-2.221133006690E-6));
#2028=VECTOR('',#2027,1.199999846845E0);
#2029=CARTESIAN_POINT('',(-2.024596669241E0,-2.99E0,8.3E-1));
#2030=LINE('',#2029,#2028);
#2031=DIRECTION('',(0.E0,-1.E0,0.E0));
#2032=VECTOR('',#2031,1.6E0);
#2033=CARTESIAN_POINT('',(-1.55E0,-2.99E0,8.3E-1));
#2034=LINE('',#2033,#2032);
#2035=CARTESIAN_POINT('',(-1.449999962246E0,-4.189999943369E0,
2.554034769733E-1));
#2036=CARTESIAN_POINT('',(-1.449999962246E0,-4.261756837912E0,
2.831935528928E-1));
#2037=CARTESIAN_POINT('',(-1.449999740916E0,-4.400186479767E0,
3.369896739878E-1));
#2038=CARTESIAN_POINT('',(-1.450000555921E0,-4.528428943442E0,
3.872668356082E-1));
#2039=CARTESIAN_POINT('',(-1.450000555921E0,-4.590000677484E0,
4.115324371035E-1));
#2041=DIRECTION('',(0.E0,-1.E0,0.E0));
#2042=VECTOR('',#2041,1.6E0);
#2043=CARTESIAN_POINT('',(-1.45E0,-2.99E0,7.3E-1));
#2044=LINE('',#2043,#2042);
#2045=CARTESIAN_POINT('',(-1.249995957504E0,-4.59E0,1.029999338224E0));
#2046=DIRECTION('',(0.E0,-1.E0,0.E0));
#2047=DIRECTION('',(-3.076982361721E-1,0.E0,-9.514839964269E-1));
#2048=AXIS2_PLACEMENT_3D('',#2045,#2046,#2047);
#2050=CARTESIAN_POINT('',(-1.249995957504E0,-4.190001366908E0,
1.029999338224E0));
#2051=DIRECTION('',(0.E0,1.E0,0.E0));
#2052=DIRECTION('',(2.499954629261E-1,0.E0,-9.682470080080E-1));
#2053=AXIS2_PLACEMENT_3D('',#2050,#2051,#2052);
#2055=CARTESIAN_POINT('',(-1.049996740951E0,-4.590000580894E0,
4.115324016663E-1));
#2056=CARTESIAN_POINT('',(-1.049996740951E0,-4.528446114653E0,
3.872736055771E-1));
#2057=CARTESIAN_POINT('',(-1.050002962204E0,-4.400221159566E0,
3.370031996567E-1));
#2058=CARTESIAN_POINT('',(-1.049997334641E0,-4.261774049237E0,
2.832002205802E-1));
#2059=CARTESIAN_POINT('',(-1.049997334641E0,-4.189999846842E0,
2.554034416859E-1));
#2061=DIRECTION('',(2.221133009928E-6,-9.999999999975E-1,9.243951201906E-8));
#2062=VECTOR('',#2061,1.199999846845E0);
#2063=CARTESIAN_POINT('',(-1.05E0,-2.99E0,2.554033307585E-1));
#2064=LINE('',#2063,#2062);
#2065=DIRECTION('',(0.E0,-1.E0,0.E0));
#2066=VECTOR('',#2065,1.6E0);
#2067=CARTESIAN_POINT('',(-1.05E0,-2.99E0,7.3E-1));
#2068=LINE('',#2067,#2066);
#2069=CARTESIAN_POINT('',(-4.754034769738E-1,-4.189999943370E0,
8.300000377538E-1));
#2070=CARTESIAN_POINT('',(-5.031970769849E-1,-4.261765937488E0,
8.300000377538E-1));
#2071=CARTESIAN_POINT('',(-5.569967656614E-1,-4.400204662181E0,
8.300002590836E-1));
#2072=CARTESIAN_POINT('',(-6.072704134881E-1,-4.528438021984E0,
8.299994440791E-1));
#2073=CARTESIAN_POINT('',(-6.315324371035E-1,-4.590000677484E0,
8.299994440791E-1));
#2075=DIRECTION('',(0.E0,-1.E0,0.E0));
#2076=VECTOR('',#2075,1.6E0);
#2077=CARTESIAN_POINT('',(-9.5E-1,-2.99E0,8.3E-1));
#2078=LINE('',#2077,#2076);
#2079=CARTESIAN_POINT('',(-1.249999338224E0,-4.59E0,1.030004042496E0));
#2080=DIRECTION('',(0.E0,-1.E0,0.E0));
#2081=DIRECTION('',(9.514839964269E-1,0.E0,-3.076982361722E-1));
#2082=AXIS2_PLACEMENT_3D('',#2079,#2080,#2081);
#2084=CARTESIAN_POINT('',(-1.249999338224E0,-4.190001366908E0,
1.030004042496E0));
#2085=DIRECTION('',(0.E0,1.E0,0.E0));
#2086=DIRECTION('',(9.682470080080E-1,0.E0,2.499954629261E-1));
#2087=AXIS2_PLACEMENT_3D('',#2084,#2085,#2086);
#2089=CARTESIAN_POINT('',(-6.315324016663E-1,-4.590000580894E0,
1.230003259049E0));
#2090=CARTESIAN_POINT('',(-6.072556408076E-1,-4.528400530701E0,
1.230003259049E0));
#2091=CARTESIAN_POINT('',(-5.569675919280E-1,-4.400129864459E0,
1.229997037796E0));
#2092=CARTESIAN_POINT('',(-5.031825258860E-1,-4.261728359679E0,
1.230002665359E0));
#2093=CARTESIAN_POINT('',(-4.754034416859E-1,-4.189999846842E0,
1.230002665359E0));
#2095=DIRECTION('',(-9.243947339255E-8,-9.999999999975E-1,2.221133006783E-6));
#2096=VECTOR('',#2095,1.199999846845E0);
#2097=CARTESIAN_POINT('',(-4.754033307585E-1,-2.99E0,1.23E0));
#2098=LINE('',#2097,#2096);
#2099=DIRECTION('',(0.E0,-1.E0,0.E0));
#2100=VECTOR('',#2099,1.6E0);
#2101=CARTESIAN_POINT('',(-9.5E-1,-2.99E0,1.23E0));
#2102=LINE('',#2101,#2100);
#2103=CARTESIAN_POINT('',(-1.050000037754E0,-4.189999943369E0,
1.804596523027E0));
#2104=CARTESIAN_POINT('',(-1.050000037754E0,-4.261757825411E0,
1.776806064668E0));
#2105=CARTESIAN_POINT('',(-1.050000259084E0,-4.400188452949E0,
1.723009556414E0));
#2106=CARTESIAN_POINT('',(-1.049999444079E0,-4.528429928659E0,
1.672732776115E0));
#2107=CARTESIAN_POINT('',(-1.049999444079E0,-4.590000677484E0,
1.648467562897E0));
#2109=DIRECTION('',(0.E0,-1.E0,0.E0));
#2110=VECTOR('',#2109,1.6E0);
#2111=CARTESIAN_POINT('',(-1.05E0,-2.99E0,1.33E0));
#2112=LINE('',#2111,#2110);
#2113=DIRECTION('',(-3.146148971421E-8,-1.E0,-1.218456234198E-7));
#2114=VECTOR('',#2113,1.199999943369E0);
#2115=CARTESIAN_POINT('',(-1.05E0,-2.99E0,1.804596669241E0));
#2116=LINE('',#2115,#2114);
#2117=DIRECTION('',(-1.218461152485E-7,-1.E0,3.146147629897E-8));
#2118=VECTOR('',#2117,1.199999943370E0);
#2119=CARTESIAN_POINT('',(-4.754033307585E-1,-2.99E0,8.3E-1));
#2120=LINE('',#2119,#2118);
#2121=DIRECTION('',(3.146148971421E-8,-1.E0,1.218456234198E-7));
#2122=VECTOR('',#2121,1.199999943369E0);
#2123=CARTESIAN_POINT('',(-1.45E0,-2.99E0,2.554033307585E-1));
#2124=LINE('',#2123,#2122);
#2125=DIRECTION('',(1.218461152485E-7,-1.E0,-3.146147639149E-8));
#2126=VECTOR('',#2125,1.199999943370E0);
#2127=CARTESIAN_POINT('',(-2.024596669241E0,-2.99E0,1.23E0));
#2128=LINE('',#2127,#2126);
#2129=CARTESIAN_POINT('',(-2.97E0,-2.99E0,4.23E0));
#2130=CARTESIAN_POINT('',(2.97E0,-2.99E0,4.23E0));
#2131=VERTEX_POINT('',#2129);
#2132=VERTEX_POINT('',#2130);
#2133=CARTESIAN_POINT('',(2.97E0,-2.99E0,-4.23E0));
#2134=CARTESIAN_POINT('',(-2.97E0,-2.99E0,-4.23E0));
#2135=VERTEX_POINT('',#2133);
#2136=VERTEX_POINT('',#2134);
#2137=CARTESIAN_POINT('',(-2.97E0,2.99E0,-4.23E0));
#2138=CARTESIAN_POINT('',(-2.97E0,2.99E0,4.23E0));
#2139=VERTEX_POINT('',#2137);
#2140=VERTEX_POINT('',#2138);
#2141=CARTESIAN_POINT('',(2.97E0,2.99E0,4.23E0));
#2142=CARTESIAN_POINT('',(2.97E0,2.99E0,-4.23E0));
#2143=VERTEX_POINT('',#2141);
#2144=VERTEX_POINT('',#2142);
#2145=CARTESIAN_POINT('',(-2.6E0,5.28E0,5.69E0));
#2146=CARTESIAN_POINT('',(-2.6E0,3.82E0,4.23E0));
#2147=VERTEX_POINT('',#2145);
#2148=VERTEX_POINT('',#2146);
#2149=CARTESIAN_POINT('',(2.6E0,5.28E0,5.69E0));
#2150=CARTESIAN_POINT('',(2.6E0,3.82E0,4.23E0));
#2151=VERTEX_POINT('',#2149);
#2152=VERTEX_POINT('',#2150);
#2153=CARTESIAN_POINT('',(-2.6E0,2.99E0,4.23E0));
#2154=VERTEX_POINT('',#2153);
#2155=CARTESIAN_POINT('',(2.6E0,2.99E0,4.23E0));
#2156=VERTEX_POINT('',#2155);
#2157=CARTESIAN_POINT('',(2.97E0,-3.29E0,-2.63E0));
#2158=CARTESIAN_POINT('',(2.97E0,-3.29E0,2.63E0));
#2159=VERTEX_POINT('',#2157);
#2160=VERTEX_POINT('',#2158);
#2161=CARTESIAN_POINT('',(2.37E0,-3.29E0,-2.63E0));
#2162=VERTEX_POINT('',#2161);
#2163=CARTESIAN_POINT('',(2.37E0,-3.29E0,2.63E0));
#2164=VERTEX_POINT('',#2163);
#2165=CARTESIAN_POINT('',(-2.37E0,-3.29E0,2.63E0));
#2166=CARTESIAN_POINT('',(-2.97E0,-3.29E0,2.63E0));
#2167=VERTEX_POINT('',#2165);
#2168=VERTEX_POINT('',#2166);
#2169=CARTESIAN_POINT('',(-2.37E0,-3.29E0,-2.63E0));
#2170=VERTEX_POINT('',#2169);
#2171=CARTESIAN_POINT('',(-2.97E0,-3.29E0,-2.63E0));
#2172=VERTEX_POINT('',#2171);
#2173=CARTESIAN_POINT('',(-2.97E0,-2.99E0,-2.63E0));
#2174=VERTEX_POINT('',#2173);
#2175=CARTESIAN_POINT('',(2.97E0,-2.99E0,2.63E0));
#2176=VERTEX_POINT('',#2175);
#2177=CARTESIAN_POINT('',(1.4E-1,2.345E0,-1.77E0));
#2178=CARTESIAN_POINT('',(1.4E-1,1.55E-1,-1.77E0));
#2179=VERTEX_POINT('',#2177);
#2180=VERTEX_POINT('',#2178);
#2181=CARTESIAN_POINT('',(2.36E0,1.55E-1,-1.77E0));
#2182=VERTEX_POINT('',#2181);
#2183=CARTESIAN_POINT('',(2.36E0,2.345E0,-1.77E0));
#2184=VERTEX_POINT('',#2183);
#2185=CARTESIAN_POINT('',(1.4E-1,2.345E0,4.23E0));
#2186=CARTESIAN_POINT('',(1.4E-1,1.55E-1,4.23E0));
#2187=VERTEX_POINT('',#2185);
#2188=VERTEX_POINT('',#2186);
#2189=CARTESIAN_POINT('',(2.36E0,1.55E-1,4.23E0));
#2190=VERTEX_POINT('',#2189);
#2191=CARTESIAN_POINT('',(2.36E0,2.345E0,4.23E0));
#2192=VERTEX_POINT('',#2191);
#2193=CARTESIAN_POINT('',(9.325E-1,-1.5675E0,-4.23E0));
#2194=CARTESIAN_POINT('',(9.325E-1,-9.325E-1,-4.23E0));
#2195=VERTEX_POINT('',#2193);
#2196=VERTEX_POINT('',#2194);
#2197=CARTESIAN_POINT('',(1.5675E0,-1.5675E0,-4.23E0));
#2198=CARTESIAN_POINT('',(1.5675E0,-9.325E-1,-4.23E0));
#2199=VERTEX_POINT('',#2197);
#2200=VERTEX_POINT('',#2198);
#2201=CARTESIAN_POINT('',(9.325E-1,9.325E-1,-4.23E0));
#2202=CARTESIAN_POINT('',(1.5675E0,9.325E-1,-4.23E0));
#2203=VERTEX_POINT('',#2201);
#2204=VERTEX_POINT('',#2202);
#2205=CARTESIAN_POINT('',(9.325E-1,1.5675E0,-4.23E0));
#2206=CARTESIAN_POINT('',(1.5675E0,1.5675E0,-4.23E0));
#2207=VERTEX_POINT('',#2205);
#2208=VERTEX_POINT('',#2206);
#2209=CARTESIAN_POINT('',(9.325E-1,-1.5675E0,-1.77E0));
#2210=CARTESIAN_POINT('',(9.325E-1,-9.325E-1,-1.77E0));
#2211=VERTEX_POINT('',#2209);
#2212=VERTEX_POINT('',#2210);
#2213=CARTESIAN_POINT('',(1.5675E0,-1.5675E0,-1.77E0));
#2214=CARTESIAN_POINT('',(1.5675E0,-9.325E-1,-1.77E0));
#2215=VERTEX_POINT('',#2213);
#2216=VERTEX_POINT('',#2214);
#2217=CARTESIAN_POINT('',(9.325E-1,9.325E-1,-1.77E0));
#2218=CARTESIAN_POINT('',(1.5675E0,9.325E-1,-1.77E0));
#2219=VERTEX_POINT('',#2217);
#2220=VERTEX_POINT('',#2218);
#2221=CARTESIAN_POINT('',(9.325E-1,1.5675E0,-1.77E0));
#2222=CARTESIAN_POINT('',(1.5675E0,1.5675E0,-1.77E0));
#2223=VERTEX_POINT('',#2221);
#2224=VERTEX_POINT('',#2222);
#2225=CARTESIAN_POINT('',(9.325E-1,9.325E-1,-8.0325E0));
#2226=VERTEX_POINT('',#2225);
#2227=CARTESIAN_POINT('',(9.325E-1,1.5675E0,-8.0325E0));
#2228=VERTEX_POINT('',#2227);
#2229=CARTESIAN_POINT('',(1.5675E0,9.325E-1,-8.0325E0));
#2230=VERTEX_POINT('',#2229);
#2231=CARTESIAN_POINT('',(1.5675E0,1.5675E0,-8.0325E0));
#2232=VERTEX_POINT('',#2231);
#2233=CARTESIAN_POINT('',(1.4175E0,1.4175E0,2.8E0));
#2234=CARTESIAN_POINT('',(1.0825E0,1.4175E0,2.8E0));
#2235=VERTEX_POINT('',#2233);
#2236=VERTEX_POINT('',#2234);
#2237=CARTESIAN_POINT('',(1.5675E0,1.5675E0,2.25E0));
#2238=CARTESIAN_POINT('',(9.325E-1,1.5675E0,2.25E0));
#2239=VERTEX_POINT('',#2237);
#2240=VERTEX_POINT('',#2238);
#2241=CARTESIAN_POINT('',(1.4175E0,1.0825E0,2.8E0));
#2242=VERTEX_POINT('',#2241);
#2243=CARTESIAN_POINT('',(1.5675E0,9.325E-1,2.25E0));
#2244=VERTEX_POINT('',#2243);
#2245=CARTESIAN_POINT('',(9.325E-1,9.325E-1,2.25E0));
#2246=VERTEX_POINT('',#2245);
#2247=CARTESIAN_POINT('',(1.0825E0,1.0825E0,2.8E0));
#2248=VERTEX_POINT('',#2247);
#2249=CARTESIAN_POINT('',(1.0825E0,-6.49E0,-8.4825E0));
#2250=CARTESIAN_POINT('',(9.325E-1,-5.94E0,-8.3325E0));
#2251=VERTEX_POINT('',#2249);
#2252=VERTEX_POINT('',#2250);
#2253=CARTESIAN_POINT('',(1.4175E0,-6.49E0,-8.4825E0));
#2254=CARTESIAN_POINT('',(1.5675E0,-5.94E0,-8.3325E0));
#2255=VERTEX_POINT('',#2253);
#2256=VERTEX_POINT('',#2254);
#2257=CARTESIAN_POINT('',(1.0825E0,-6.49E0,-8.8175E0));
#2258=CARTESIAN_POINT('',(9.325E-1,-5.94E0,-8.9675E0));
#2259=VERTEX_POINT('',#2257);
#2260=VERTEX_POINT('',#2258);
#2261=CARTESIAN_POINT('',(1.4175E0,-6.49E0,-8.8175E0));
#2262=CARTESIAN_POINT('',(1.5675E0,-5.94E0,-8.9675E0));
#2263=VERTEX_POINT('',#2261);
#2264=VERTEX_POINT('',#2262);
#2265=CARTESIAN_POINT('',(-2.2E0,3.82E0,4.23E0));
#2266=CARTESIAN_POINT('',(-2.2E0,2.345E0,4.23E0));
#2267=VERTEX_POINT('',#2265);
#2268=VERTEX_POINT('',#2266);
#2269=CARTESIAN_POINT('',(2.2E0,3.82E0,4.23E0));
#2270=CARTESIAN_POINT('',(2.2E0,2.345E0,4.23E0));
#2271=VERTEX_POINT('',#2269);
#2272=VERTEX_POINT('',#2270);
#2273=CARTESIAN_POINT('',(-2.2E0,5.E0,5.41E0));
#2274=VERTEX_POINT('',#2273);
#2275=CARTESIAN_POINT('',(2.2E0,5.E0,5.41E0));
#2276=VERTEX_POINT('',#2275);
#2277=CARTESIAN_POINT('',(-2.2E0,5.E0,-3.1E-1));
#2278=CARTESIAN_POINT('',(-2.2E0,2.345E0,-3.1E-1));
#2279=VERTEX_POINT('',#2277);
#2280=VERTEX_POINT('',#2278);
#2281=CARTESIAN_POINT('',(2.2E0,2.345E0,-3.1E-1));
#2282=CARTESIAN_POINT('',(2.2E0,5.E0,-3.1E-1));
#2283=VERTEX_POINT('',#2281);
#2284=VERTEX_POINT('',#2282);
#2285=CARTESIAN_POINT('',(-1.33E0,2.62E0,-3.1E-1));
#2286=CARTESIAN_POINT('',(1.33E0,2.62E0,-3.1E-1));
#2287=VERTEX_POINT('',#2285);
#2288=VERTEX_POINT('',#2286);
#2289=CARTESIAN_POINT('',(-1.33E0,2.345E0,4.23E0));
#2290=CARTESIAN_POINT('',(-1.33E0,2.62E0,4.23E0));
#2291=VERTEX_POINT('',#2289);
#2292=VERTEX_POINT('',#2290);
#2293=CARTESIAN_POINT('',(1.33E0,2.62E0,4.23E0));
#2294=VERTEX_POINT('',#2293);
#2295=CARTESIAN_POINT('',(1.33E0,2.345E0,4.23E0));
#2296=VERTEX_POINT('',#2295);
#2297=CARTESIAN_POINT('',(-1.33E0,2.345E0,-3.1E-1));
#2298=VERTEX_POINT('',#2297);
#2299=CARTESIAN_POINT('',(1.33E0,2.345E0,-3.1E-1));
#2300=VERTEX_POINT('',#2299);
#2301=CARTESIAN_POINT('',(-1.15E0,5.E0,-7.7E-1));
#2302=CARTESIAN_POINT('',(1.15E0,5.E0,-7.7E-1));
#2303=VERTEX_POINT('',#2301);
#2304=VERTEX_POINT('',#2302);
#2305=CARTESIAN_POINT('',(-1.15E0,5.65E0,-7.7E-1));
#2306=VERTEX_POINT('',#2305);
#2307=CARTESIAN_POINT('',(1.15E0,5.65E0,-7.7E-1));
#2308=VERTEX_POINT('',#2307);
#2309=CARTESIAN_POINT('',(-1.15E0,5.85E0,-5.7E-1));
#2310=CARTESIAN_POINT('',(-1.15E0,5.85E0,4.1E0));
#2311=VERTEX_POINT('',#2309);
#2312=VERTEX_POINT('',#2310);
#2313=CARTESIAN_POINT('',(-9.E-1,5.85E0,4.35E0));
#2314=VERTEX_POINT('',#2313);
#2315=CARTESIAN_POINT('',(9.E-1,5.85E0,4.35E0));
#2316=VERTEX_POINT('',#2315);
#2317=CARTESIAN_POINT('',(1.15E0,5.85E0,4.1E0));
#2318=VERTEX_POINT('',#2317);
#2319=CARTESIAN_POINT('',(1.15E0,5.85E0,-5.7E-1));
#2320=VERTEX_POINT('',#2319);
#2321=CARTESIAN_POINT('',(-1.15E0,5.E0,-3.1E-1));
#2322=CARTESIAN_POINT('',(1.15E0,5.E0,-3.1E-1));
#2323=VERTEX_POINT('',#2321);
#2324=VERTEX_POINT('',#2322);
#2325=CARTESIAN_POINT('',(-1.15E0,5.E0,4.1E0));
#2326=VERTEX_POINT('',#2325);
#2327=CARTESIAN_POINT('',(-9.E-1,5.E0,4.35E0));
#2328=VERTEX_POINT('',#2327);
#2329=CARTESIAN_POINT('',(9.E-1,5.E0,4.35E0));
#2330=VERTEX_POINT('',#2329);
#2331=CARTESIAN_POINT('',(1.15E0,5.E0,4.1E0));
#2332=VERTEX_POINT('',#2331);
#2333=CARTESIAN_POINT('',(2.6E0,5.65E0,5.69E0));
#2334=CARTESIAN_POINT('',(2.4E0,5.85E0,5.69E0));
#2335=VERTEX_POINT('',#2333);
#2336=VERTEX_POINT('',#2334);
#2337=CARTESIAN_POINT('',(2.4E0,5.85E0,-5.700000007438E-1));
#2338=VERTEX_POINT('',#2337);
#2339=CARTESIAN_POINT('',(2.6E0,5.65E0,-5.7E-1));
#2340=VERTEX_POINT('',#2339);
#2341=CARTESIAN_POINT('',(2.4E0,5.65E0,-7.7E-1));
#2342=VERTEX_POINT('',#2341);
#2343=CARTESIAN_POINT('',(2.6E0,2.99E0,-5.7E-1));
#2344=VERTEX_POINT('',#2343);
#2345=CARTESIAN_POINT('',(2.4E0,2.99E0,-7.7E-1));
#2346=VERTEX_POINT('',#2345);
#2347=CARTESIAN_POINT('',(-2.4E0,5.649999999676E0,-7.7E-1));
#2348=CARTESIAN_POINT('',(-2.4E0,2.99E0,-7.7E-1));
#2349=VERTEX_POINT('',#2347);
#2350=VERTEX_POINT('',#2348);
#2351=CARTESIAN_POINT('',(-2.6E0,5.65E0,-5.7E-1));
#2352=CARTESIAN_POINT('',(-2.6E0,2.99E0,-5.7E-1));
#2353=VERTEX_POINT('',#2351);
#2354=VERTEX_POINT('',#2352);
#2355=CARTESIAN_POINT('',(-2.4E0,5.85E0,-5.7E-1));
#2356=VERTEX_POINT('',#2355);
#2357=CARTESIAN_POINT('',(-2.4E0,5.85E0,5.69E0));
#2358=CARTESIAN_POINT('',(-2.6E0,5.65E0,5.69E0));
#2359=VERTEX_POINT('',#2357);
#2360=VERTEX_POINT('',#2358);
#2361=CARTESIAN_POINT('',(1.4E-1,-2.345E0,-1.77E0));
#2362=CARTESIAN_POINT('',(2.36E0,-2.345E0,-1.77E0));
#2363=VERTEX_POINT('',#2361);
#2364=VERTEX_POINT('',#2362);
#2365=CARTESIAN_POINT('',(2.36E0,-1.55E-1,-1.77E0));
#2366=VERTEX_POINT('',#2365);
#2367=CARTESIAN_POINT('',(1.4E-1,-1.55E-1,-1.77E0));
#2368=VERTEX_POINT('',#2367);
#2369=CARTESIAN_POINT('',(1.4E-1,-2.345E0,4.23E0));
#2370=CARTESIAN_POINT('',(2.36E0,-2.345E0,4.23E0));
#2371=VERTEX_POINT('',#2369);
#2372=VERTEX_POINT('',#2370);
#2373=CARTESIAN_POINT('',(2.36E0,-1.55E-1,4.23E0));
#2374=VERTEX_POINT('',#2373);
#2375=CARTESIAN_POINT('',(1.4E-1,-1.55E-1,4.23E0));
#2376=VERTEX_POINT('',#2375);
#2377=CARTESIAN_POINT('',(-1.05E0,-1.55E-1,4.23E0));
#2378=CARTESIAN_POINT('',(-1.05E0,1.55E-1,4.23E0));
#2379=VERTEX_POINT('',#2377);
#2380=VERTEX_POINT('',#2378);
#2381=CARTESIAN_POINT('',(-2.36E0,-1.55E-1,-7.E-2));
#2382=CARTESIAN_POINT('',(-2.36E0,1.55E-1,-7.E-2));
#2383=VERTEX_POINT('',#2381);
#2384=VERTEX_POINT('',#2382);
#2385=CARTESIAN_POINT('',(-1.65E0,-1.55E-1,3.63E0));
#2386=CARTESIAN_POINT('',(-1.65E0,1.55E-1,3.63E0));
#2387=VERTEX_POINT('',#2385);
#2388=VERTEX_POINT('',#2386);
#2389=CARTESIAN_POINT('',(-1.65E0,-1.55E-1,-7.E-2));
#2390=CARTESIAN_POINT('',(-1.65E0,1.55E-1,-7.E-2));
#2391=VERTEX_POINT('',#2389);
#2392=VERTEX_POINT('',#2390);
#2393=CARTESIAN_POINT('',(9.325E-1,-1.5675E0,-5.5325E0));
#2394=VERTEX_POINT('',#2393);
#2395=CARTESIAN_POINT('',(9.325E-1,-9.325E-1,-5.5325E0));
#2396=VERTEX_POINT('',#2395);
#2397=CARTESIAN_POINT('',(1.5675E0,-1.5675E0,-5.5325E0));
#2398=VERTEX_POINT('',#2397);
#2399=CARTESIAN_POINT('',(1.5675E0,-9.325E-1,-5.5325E0));
#2400=VERTEX_POINT('',#2399);
#2401=CARTESIAN_POINT('',(1.5675E0,-1.5675E0,2.25E0));
#2402=CARTESIAN_POINT('',(9.325E-1,-1.5675E0,2.25E0));
#2403=VERTEX_POINT('',#2401);
#2404=VERTEX_POINT('',#2402);
#2405=CARTESIAN_POINT('',(1.4175E0,-1.4175E0,2.8E0));
#2406=CARTESIAN_POINT('',(1.0825E0,-1.4175E0,2.8E0));
#2407=VERTEX_POINT('',#2405);
#2408=VERTEX_POINT('',#2406);
#2409=CARTESIAN_POINT('',(1.4175E0,-1.0825E0,2.8E0));
#2410=VERTEX_POINT('',#2409);
#2411=CARTESIAN_POINT('',(1.5675E0,-9.325E-1,2.25E0));
#2412=VERTEX_POINT('',#2411);
#2413=CARTESIAN_POINT('',(9.325E-1,-9.325E-1,2.25E0));
#2414=VERTEX_POINT('',#2413);
#2415=CARTESIAN_POINT('',(1.0825E0,-1.0825E0,2.8E0));
#2416=VERTEX_POINT('',#2415);
#2417=CARTESIAN_POINT('',(1.0825E0,-6.49E0,-5.9825E0));
#2418=CARTESIAN_POINT('',(9.325E-1,-5.94E0,-5.8325E0));
#2419=VERTEX_POINT('',#2417);
#2420=VERTEX_POINT('',#2418);
#2421=CARTESIAN_POINT('',(1.4175E0,-6.49E0,-5.9825E0));
#2422=CARTESIAN_POINT('',(1.5675E0,-5.94E0,-5.8325E0));
#2423=VERTEX_POINT('',#2421);
#2424=VERTEX_POINT('',#2422);
#2425=CARTESIAN_POINT('',(1.0825E0,-6.49E0,-6.3175E0));
#2426=CARTESIAN_POINT('',(9.325E-1,-5.94E0,-6.4675E0));
#2427=VERTEX_POINT('',#2425);
#2428=VERTEX_POINT('',#2426);
#2429=CARTESIAN_POINT('',(1.4175E0,-6.49E0,-6.3175E0));
#2430=CARTESIAN_POINT('',(1.5675E0,-5.94E0,-6.4675E0));
#2431=VERTEX_POINT('',#2429);
#2432=VERTEX_POINT('',#2430);
#2433=CARTESIAN_POINT('',(2.37E0,-2.99E0,2.63E0));
#2434=VERTEX_POINT('',#2433);
#2435=CARTESIAN_POINT('',(2.37E0,-2.99E0,-2.63E0));
#2436=VERTEX_POINT('',#2435);
#2437=CARTESIAN_POINT('',(2.97E0,-2.99E0,-2.63E0));
#2438=VERTEX_POINT('',#2437);
#2439=CARTESIAN_POINT('',(-2.37E0,-2.99E0,-2.63E0));
#2440=VERTEX_POINT('',#2439);
#2441=CARTESIAN_POINT('',(-2.37E0,-2.99E0,2.63E0));
#2442=VERTEX_POINT('',#2441);
#2443=CARTESIAN_POINT('',(-2.97E0,-2.99E0,2.63E0));
#2444=VERTEX_POINT('',#2443);
#2445=CARTESIAN_POINT('',(9.325E-1,6.325E-1,-8.3325E0));
#2446=VERTEX_POINT('',#2445);
#2447=CARTESIAN_POINT('',(9.325E-1,6.325E-1,-8.9675E0));
#2448=VERTEX_POINT('',#2447);
#2449=CARTESIAN_POINT('',(9.325E-1,-1.8675E0,-5.8325E0));
#2450=VERTEX_POINT('',#2449);
#2451=CARTESIAN_POINT('',(9.325E-1,-1.8675E0,-6.4675E0));
#2452=VERTEX_POINT('',#2451);
#2453=CARTESIAN_POINT('',(1.5675E0,6.325E-1,-8.3325E0));
#2454=VERTEX_POINT('',#2453);
#2455=CARTESIAN_POINT('',(1.5675E0,6.325E-1,-8.9675E0));
#2456=VERTEX_POINT('',#2455);
#2457=CARTESIAN_POINT('',(1.5675E0,-1.8675E0,-5.8325E0));
#2458=VERTEX_POINT('',#2457);
#2459=CARTESIAN_POINT('',(1.5675E0,-1.8675E0,-6.4675E0));
#2460=VERTEX_POINT('',#2459);
#2461=CARTESIAN_POINT('',(-2.36E0,2.345E0,-1.77E0));
#2462=CARTESIAN_POINT('',(-2.36E0,1.55E-1,-1.77E0));
#2463=VERTEX_POINT('',#2461);
#2464=VERTEX_POINT('',#2462);
#2465=CARTESIAN_POINT('',(-1.4E-1,1.55E-1,-1.77E0));
#2466=VERTEX_POINT('',#2465);
#2467=CARTESIAN_POINT('',(-1.4E-1,2.345E0,-1.77E0));
#2468=VERTEX_POINT('',#2467);
#2469=CARTESIAN_POINT('',(-2.36E0,-2.345E0,-1.77E0));
#2470=CARTESIAN_POINT('',(-1.4E-1,-2.345E0,-1.77E0));
#2471=VERTEX_POINT('',#2469);
#2472=VERTEX_POINT('',#2470);
#2473=CARTESIAN_POINT('',(-1.4E-1,-1.55E-1,-1.77E0));
#2474=VERTEX_POINT('',#2473);
#2475=CARTESIAN_POINT('',(-2.36E0,-1.55E-1,-1.77E0));
#2476=VERTEX_POINT('',#2475);
#2477=CARTESIAN_POINT('',(-1.4E-1,1.55E-1,4.23E0));
#2478=CARTESIAN_POINT('',(-1.4E-1,2.345E0,4.23E0));
#2479=VERTEX_POINT('',#2477);
#2480=VERTEX_POINT('',#2478);
#2481=CARTESIAN_POINT('',(-2.36E0,-2.345E0,4.23E0));
#2482=CARTESIAN_POINT('',(-1.4E-1,-2.345E0,4.23E0));
#2483=VERTEX_POINT('',#2481);
#2484=VERTEX_POINT('',#2482);
#2485=CARTESIAN_POINT('',(-1.4E-1,-1.55E-1,4.23E0));
#2486=VERTEX_POINT('',#2485);
#2487=CARTESIAN_POINT('',(-2.36E0,2.345E0,4.23E0));
#2488=VERTEX_POINT('',#2487);
#2489=CARTESIAN_POINT('',(-1.5675E0,9.325E-1,-8.0325E0));
#2490=CARTESIAN_POINT('',(-1.5675E0,6.325E-1,-8.3325E0));
#2491=VERTEX_POINT('',#2489);
#2492=VERTEX_POINT('',#2490);
#2493=CARTESIAN_POINT('',(-1.5675E0,6.325E-1,-8.9675E0));
#2494=CARTESIAN_POINT('',(-1.5675E0,1.5675E0,-8.0325E0));
#2495=VERTEX_POINT('',#2493);
#2496=VERTEX_POINT('',#2494);
#2497=CARTESIAN_POINT('',(-1.5675E0,-1.5675E0,-5.5325E0));
#2498=CARTESIAN_POINT('',(-1.5675E0,-1.8675E0,-5.8325E0));
#2499=VERTEX_POINT('',#2497);
#2500=VERTEX_POINT('',#2498);
#2501=CARTESIAN_POINT('',(-1.5675E0,-1.8675E0,-6.4675E0));
#2502=CARTESIAN_POINT('',(-1.5675E0,-9.325E-1,-5.5325E0));
#2503=VERTEX_POINT('',#2501);
#2504=VERTEX_POINT('',#2502);
#2505=CARTESIAN_POINT('',(-9.325E-1,9.325E-1,-8.0325E0));
#2506=CARTESIAN_POINT('',(-9.325E-1,6.325E-1,-8.3325E0));
#2507=VERTEX_POINT('',#2505);
#2508=VERTEX_POINT('',#2506);
#2509=CARTESIAN_POINT('',(-9.325E-1,6.325E-1,-8.9675E0));
#2510=CARTESIAN_POINT('',(-9.325E-1,1.5675E0,-8.0325E0));
#2511=VERTEX_POINT('',#2509);
#2512=VERTEX_POINT('',#2510);
#2513=CARTESIAN_POINT('',(-9.325E-1,-1.5675E0,-5.5325E0));
#2514=CARTESIAN_POINT('',(-9.325E-1,-1.8675E0,-5.8325E0));
#2515=VERTEX_POINT('',#2513);
#2516=VERTEX_POINT('',#2514);
#2517=CARTESIAN_POINT('',(-9.325E-1,-1.8675E0,-6.4675E0));
#2518=CARTESIAN_POINT('',(-9.325E-1,-9.325E-1,-5.5325E0));
#2519=VERTEX_POINT('',#2517);
#2520=VERTEX_POINT('',#2518);
#2521=CARTESIAN_POINT('',(-1.5675E0,-1.5675E0,-4.23E0));
#2522=CARTESIAN_POINT('',(-1.5675E0,-9.325E-1,-4.23E0));
#2523=VERTEX_POINT('',#2521);
#2524=VERTEX_POINT('',#2522);
#2525=CARTESIAN_POINT('',(-1.5675E0,9.325E-1,-4.23E0));
#2526=CARTESIAN_POINT('',(-1.5675E0,1.5675E0,-4.23E0));
#2527=VERTEX_POINT('',#2525);
#2528=VERTEX_POINT('',#2526);
#2529=CARTESIAN_POINT('',(-9.325E-1,-1.5675E0,-4.23E0));
#2530=CARTESIAN_POINT('',(-9.325E-1,-9.325E-1,-4.23E0));
#2531=VERTEX_POINT('',#2529);
#2532=VERTEX_POINT('',#2530);
#2533=CARTESIAN_POINT('',(-9.325E-1,9.325E-1,-4.23E0));
#2534=CARTESIAN_POINT('',(-9.325E-1,1.5675E0,-4.23E0));
#2535=VERTEX_POINT('',#2533);
#2536=VERTEX_POINT('',#2534);
#2537=CARTESIAN_POINT('',(-1.5675E0,-1.5675E0,-1.77E0));
#2538=CARTESIAN_POINT('',(-1.5675E0,-9.325E-1,-1.77E0));
#2539=VERTEX_POINT('',#2537);
#2540=VERTEX_POINT('',#2538);
#2541=CARTESIAN_POINT('',(-1.5675E0,9.325E-1,-1.77E0));
#2542=CARTESIAN_POINT('',(-1.5675E0,1.5675E0,-1.77E0));
#2543=VERTEX_POINT('',#2541);
#2544=VERTEX_POINT('',#2542);
#2545=CARTESIAN_POINT('',(-9.325E-1,-1.5675E0,-1.77E0));
#2546=CARTESIAN_POINT('',(-9.325E-1,-9.325E-1,-1.77E0));
#2547=VERTEX_POINT('',#2545);
#2548=VERTEX_POINT('',#2546);
#2549=CARTESIAN_POINT('',(-9.325E-1,9.325E-1,-1.77E0));
#2550=CARTESIAN_POINT('',(-9.325E-1,1.5675E0,-1.77E0));
#2551=VERTEX_POINT('',#2549);
#2552=VERTEX_POINT('',#2550);
#2553=CARTESIAN_POINT('',(-1.0825E0,1.4175E0,2.8E0));
#2554=CARTESIAN_POINT('',(-1.4175E0,1.4175E0,2.8E0));
#2555=VERTEX_POINT('',#2553);
#2556=VERTEX_POINT('',#2554);
#2557=CARTESIAN_POINT('',(-9.325E-1,1.5675E0,2.25E0));
#2558=CARTESIAN_POINT('',(-1.5675E0,1.5675E0,2.25E0));
#2559=VERTEX_POINT('',#2557);
#2560=VERTEX_POINT('',#2558);
#2561=CARTESIAN_POINT('',(-1.0825E0,1.0825E0,2.8E0));
#2562=VERTEX_POINT('',#2561);
#2563=CARTESIAN_POINT('',(-9.325E-1,9.325E-1,2.25E0));
#2564=VERTEX_POINT('',#2563);
#2565=CARTESIAN_POINT('',(-1.5675E0,9.325E-1,2.25E0));
#2566=VERTEX_POINT('',#2565);
#2567=CARTESIAN_POINT('',(-1.4175E0,1.0825E0,2.8E0));
#2568=VERTEX_POINT('',#2567);
#2569=CARTESIAN_POINT('',(-9.325E-1,-5.94E0,-8.9675E0));
#2570=CARTESIAN_POINT('',(-1.5675E0,-5.94E0,-8.9675E0));
#2571=VERTEX_POINT('',#2569);
#2572=VERTEX_POINT('',#2570);
#2573=CARTESIAN_POINT('',(-1.0825E0,-6.49E0,-8.8175E0));
#2574=CARTESIAN_POINT('',(-1.4175E0,-6.49E0,-8.8175E0));
#2575=VERTEX_POINT('',#2573);
#2576=VERTEX_POINT('',#2574);
#2577=CARTESIAN_POINT('',(-1.0825E0,-6.49E0,-8.4825E0));
#2578=VERTEX_POINT('',#2577);
#2579=CARTESIAN_POINT('',(-9.325E-1,-5.94E0,-8.3325E0));
#2580=VERTEX_POINT('',#2579);
#2581=CARTESIAN_POINT('',(-1.5675E0,-5.94E0,-8.3325E0));
#2582=VERTEX_POINT('',#2581);
#2583=CARTESIAN_POINT('',(-1.4175E0,-6.49E0,-8.4825E0));
#2584=VERTEX_POINT('',#2583);
#2585=CARTESIAN_POINT('',(-9.325E-1,-5.94E0,-6.4675E0));
#2586=CARTESIAN_POINT('',(-1.5675E0,-5.94E0,-6.4675E0));
#2587=VERTEX_POINT('',#2585);
#2588=VERTEX_POINT('',#2586);
#2589=CARTESIAN_POINT('',(-1.0825E0,-6.49E0,-6.3175E0));
#2590=CARTESIAN_POINT('',(-1.4175E0,-6.49E0,-6.3175E0));
#2591=VERTEX_POINT('',#2589);
#2592=VERTEX_POINT('',#2590);
#2593=CARTESIAN_POINT('',(-1.0825E0,-6.49E0,-5.9825E0));
#2594=VERTEX_POINT('',#2593);
#2595=CARTESIAN_POINT('',(-9.325E-1,-5.94E0,-5.8325E0));
#2596=VERTEX_POINT('',#2595);
#2597=CARTESIAN_POINT('',(-1.5675E0,-5.94E0,-5.8325E0));
#2598=VERTEX_POINT('',#2597);
#2599=CARTESIAN_POINT('',(-1.4175E0,-6.49E0,-5.9825E0));
#2600=VERTEX_POINT('',#2599);
#2601=CARTESIAN_POINT('',(-9.325E-1,-1.5675E0,2.25E0));
#2602=CARTESIAN_POINT('',(-1.5675E0,-1.5675E0,2.25E0));
#2603=VERTEX_POINT('',#2601);
#2604=VERTEX_POINT('',#2602);
#2605=CARTESIAN_POINT('',(-1.0825E0,-1.4175E0,2.8E0));
#2606=CARTESIAN_POINT('',(-1.4175E0,-1.4175E0,2.8E0));
#2607=VERTEX_POINT('',#2605);
#2608=VERTEX_POINT('',#2606);
#2609=CARTESIAN_POINT('',(-1.0825E0,-1.0825E0,2.8E0));
#2610=VERTEX_POINT('',#2609);
#2611=CARTESIAN_POINT('',(-9.325E-1,-9.325E-1,2.25E0));
#2612=VERTEX_POINT('',#2611);
#2613=CARTESIAN_POINT('',(-1.5675E0,-9.325E-1,2.25E0));
#2614=VERTEX_POINT('',#2613);
#2615=CARTESIAN_POINT('',(-1.4175E0,-1.0825E0,2.8E0));
#2616=VERTEX_POINT('',#2615);
#2617=CARTESIAN_POINT('',(9.5E-1,-4.59E0,8.3E-1));
#2618=CARTESIAN_POINT('',(1.05E0,-4.59E0,7.3E-1));
#2619=VERTEX_POINT('',#2617);
#2620=VERTEX_POINT('',#2618);
#2621=CARTESIAN_POINT('',(1.45E0,-4.59E0,7.3E-1));
#2622=CARTESIAN_POINT('',(1.55E0,-4.59E0,8.3E-1));
#2623=VERTEX_POINT('',#2621);
#2624=VERTEX_POINT('',#2622);
#2625=CARTESIAN_POINT('',(1.55E0,-4.59E0,1.23E0));
#2626=CARTESIAN_POINT('',(1.45E0,-4.59E0,1.33E0));
#2627=VERTEX_POINT('',#2625);
#2628=VERTEX_POINT('',#2626);
#2629=CARTESIAN_POINT('',(1.05E0,-4.59E0,1.33E0));
#2630=CARTESIAN_POINT('',(9.5E-1,-4.59E0,1.23E0));
#2631=VERTEX_POINT('',#2629);
#2632=VERTEX_POINT('',#2630);
#2633=CARTESIAN_POINT('',(-9.5E-1,-4.59E0,1.23E0));
#2634=CARTESIAN_POINT('',(-1.05E0,-4.59E0,1.33E0));
#2635=VERTEX_POINT('',#2633);
#2636=VERTEX_POINT('',#2634);
#2637=CARTESIAN_POINT('',(-1.45E0,-4.59E0,1.33E0));
#2638=CARTESIAN_POINT('',(-1.55E0,-4.59E0,1.23E0));
#2639=VERTEX_POINT('',#2637);
#2640=VERTEX_POINT('',#2638);
#2641=CARTESIAN_POINT('',(-1.55E0,-4.59E0,8.3E-1));
#2642=CARTESIAN_POINT('',(-1.45E0,-4.59E0,7.3E-1));
#2643=VERTEX_POINT('',#2641);
#2644=VERTEX_POINT('',#2642);
#2645=CARTESIAN_POINT('',(-1.05E0,-4.59E0,7.3E-1));
#2646=CARTESIAN_POINT('',(-9.5E-1,-4.59E0,8.3E-1));
#2647=VERTEX_POINT('',#2645);
#2648=VERTEX_POINT('',#2646);
#2649=CARTESIAN_POINT('',(4.754033307585E-1,-2.99E0,8.3E-1));
#2650=CARTESIAN_POINT('',(9.5E-1,-2.99E0,8.3E-1));
#2651=VERTEX_POINT('',#2649);
#2652=VERTEX_POINT('',#2650);
#2653=CARTESIAN_POINT('',(1.05E0,-2.99E0,7.3E-1));
#2654=VERTEX_POINT('',#2653);
#2655=CARTESIAN_POINT('',(1.05E0,-2.99E0,2.554033307585E-1));
#2656=VERTEX_POINT('',#2655);
#2657=CARTESIAN_POINT('',(1.45E0,-2.99E0,2.554033307585E-1));
#2658=VERTEX_POINT('',#2657);
#2659=CARTESIAN_POINT('',(1.45E0,-2.99E0,7.3E-1));
#2660=VERTEX_POINT('',#2659);
#2661=CARTESIAN_POINT('',(1.55E0,-2.99E0,8.3E-1));
#2662=VERTEX_POINT('',#2661);
#2663=CARTESIAN_POINT('',(2.024596669241E0,-2.99E0,8.3E-1));
#2664=VERTEX_POINT('',#2663);
#2665=CARTESIAN_POINT('',(2.024596669241E0,-2.99E0,1.23E0));
#2666=VERTEX_POINT('',#2665);
#2667=CARTESIAN_POINT('',(1.55E0,-2.99E0,1.23E0));
#2668=VERTEX_POINT('',#2667);
#2669=CARTESIAN_POINT('',(1.45E0,-2.99E0,1.33E0));
#2670=VERTEX_POINT('',#2669);
#2671=CARTESIAN_POINT('',(1.45E0,-2.99E0,1.804596669241E0));
#2672=VERTEX_POINT('',#2671);
#2673=CARTESIAN_POINT('',(1.05E0,-2.99E0,1.804596669241E0));
#2674=VERTEX_POINT('',#2673);
#2675=CARTESIAN_POINT('',(1.05E0,-2.99E0,1.33E0));
#2676=VERTEX_POINT('',#2675);
#2677=CARTESIAN_POINT('',(9.5E-1,-2.99E0,1.23E0));
#2678=VERTEX_POINT('',#2677);
#2679=CARTESIAN_POINT('',(4.754033307585E-1,-2.99E0,1.23E0));
#2680=VERTEX_POINT('',#2679);
#2681=CARTESIAN_POINT('',(-4.754033307585E-1,-2.99E0,8.3E-1));
#2682=CARTESIAN_POINT('',(-4.754033307585E-1,-2.99E0,1.23E0));
#2683=VERTEX_POINT('',#2681);
#2684=VERTEX_POINT('',#2682);
#2685=CARTESIAN_POINT('',(-9.5E-1,-2.99E0,1.23E0));
#2686=VERTEX_POINT('',#2685);
#2687=CARTESIAN_POINT('',(-1.05E0,-2.99E0,1.33E0));
#2688=VERTEX_POINT('',#2687);
#2689=CARTESIAN_POINT('',(-1.05E0,-2.99E0,1.804596669241E0));
#2690=VERTEX_POINT('',#2689);
#2691=CARTESIAN_POINT('',(-1.45E0,-2.99E0,1.804596669241E0));
#2692=VERTEX_POINT('',#2691);
#2693=CARTESIAN_POINT('',(-1.45E0,-2.99E0,1.33E0));
#2694=VERTEX_POINT('',#2693);
#2695=CARTESIAN_POINT('',(-1.55E0,-2.99E0,1.23E0));
#2696=VERTEX_POINT('',#2695);
#2697=CARTESIAN_POINT('',(-2.024596669241E0,-2.99E0,1.23E0));
#2698=VERTEX_POINT('',#2697);
#2699=CARTESIAN_POINT('',(-2.024596669241E0,-2.99E0,8.3E-1));
#2700=VERTEX_POINT('',#2699);
#2701=CARTESIAN_POINT('',(-1.55E0,-2.99E0,8.3E-1));
#2702=VERTEX_POINT('',#2701);
#2703=CARTESIAN_POINT('',(-1.45E0,-2.99E0,7.3E-1));
#2704=VERTEX_POINT('',#2703);
#2705=CARTESIAN_POINT('',(-1.45E0,-2.99E0,2.554033307585E-1));
#2706=VERTEX_POINT('',#2705);
#2707=CARTESIAN_POINT('',(-1.05E0,-2.99E0,2.554033307585E-1));
#2708=VERTEX_POINT('',#2707);
#2709=CARTESIAN_POINT('',(-1.05E0,-2.99E0,7.3E-1));
#2710=VERTEX_POINT('',#2709);
#2711=CARTESIAN_POINT('',(-9.5E-1,-2.99E0,8.3E-1));
#2712=VERTEX_POINT('',#2711);
#2713=VERTEX_POINT('',#1721);
#2714=VERTEX_POINT('',#1725);
#2715=VERTEX_POINT('',#1845);
#2716=VERTEX_POINT('',#1849);
#2717=VERTEX_POINT('',#1863);
#2718=VERTEX_POINT('',#1867);
#2719=VERTEX_POINT('',#1887);
#2720=VERTEX_POINT('',#1891);
#2721=VERTEX_POINT('',#1901);
#2722=VERTEX_POINT('',#1905);
#2723=VERTEX_POINT('',#1925);
#2724=VERTEX_POINT('',#1929);
#2725=VERTEX_POINT('',#1939);
#2726=VERTEX_POINT('',#1943);
#2727=VERTEX_POINT('',#1963);
#2728=VERTEX_POINT('',#1967);
#2729=VERTEX_POINT('',#1987);
#2730=VERTEX_POINT('',#1991);
#2731=VERTEX_POINT('',#2103);
#2732=VERTEX_POINT('',#2107);
#2733=VERTEX_POINT('',#2089);
#2734=VERTEX_POINT('',#2093);
#2735=VERTEX_POINT('',#2069);
#2736=VERTEX_POINT('',#2073);
#2737=VERTEX_POINT('',#2021);
#2738=VERTEX_POINT('',#2025);
#2739=VERTEX_POINT('',#2001);
#2740=VERTEX_POINT('',#2005);
#2741=VERTEX_POINT('',#2055);
#2742=VERTEX_POINT('',#2059);
#2743=VERTEX_POINT('',#2035);
#2744=VERTEX_POINT('',#2039);
#2745=CARTESIAN_POINT('',(0.E0,-2.99E0,0.E0));
#2746=DIRECTION('',(0.E0,1.E0,0.E0));
#2747=DIRECTION('',(1.E0,0.E0,0.E0));
#2748=AXIS2_PLACEMENT_3D('',#2745,#2746,#2747);
#2749=PLANE('',#2748);
#2751=ORIENTED_EDGE('',*,*,#2750,.T.);
#2753=ORIENTED_EDGE('',*,*,#2752,.T.);
#2755=ORIENTED_EDGE('',*,*,#2754,.T.);
#2757=ORIENTED_EDGE('',*,*,#2756,.F.);
#2759=ORIENTED_EDGE('',*,*,#2758,.T.);
#2761=ORIENTED_EDGE('',*,*,#2760,.T.);
#2763=ORIENTED_EDGE('',*,*,#2762,.T.);
#2765=ORIENTED_EDGE('',*,*,#2764,.T.);
#2767=ORIENTED_EDGE('',*,*,#2766,.T.);
#2769=ORIENTED_EDGE('',*,*,#2768,.F.);
#2771=ORIENTED_EDGE('',*,*,#2770,.T.);
#2773=ORIENTED_EDGE('',*,*,#2772,.T.);
#2774=EDGE_LOOP('',(#2751,#2753,#2755,#2757,#2759,#2761,#2763,#2765,#2767,#2769,
#2771,#2773));
#2775=FACE_OUTER_BOUND('',#2774,.F.);
#2777=ORIENTED_EDGE('',*,*,#2776,.T.);
#2779=ORIENTED_EDGE('',*,*,#2778,.F.);
#2781=ORIENTED_EDGE('',*,*,#2780,.T.);
#2783=ORIENTED_EDGE('',*,*,#2782,.T.);
#2785=ORIENTED_EDGE('',*,*,#2784,.T.);
#2787=ORIENTED_EDGE('',*,*,#2786,.F.);
#2789=ORIENTED_EDGE('',*,*,#2788,.T.);
#2791=ORIENTED_EDGE('',*,*,#2790,.T.);
#2793=ORIENTED_EDGE('',*,*,#2792,.T.);
#2795=ORIENTED_EDGE('',*,*,#2794,.F.);
#2797=ORIENTED_EDGE('',*,*,#2796,.T.);
#2799=ORIENTED_EDGE('',*,*,#2798,.T.);
#2801=ORIENTED_EDGE('',*,*,#2800,.T.);
#2803=ORIENTED_EDGE('',*,*,#2802,.F.);
#2805=ORIENTED_EDGE('',*,*,#2804,.T.);
#2807=ORIENTED_EDGE('',*,*,#2806,.T.);
#2808=EDGE_LOOP('',(#2777,#2779,#2781,#2783,#2785,#2787,#2789,#2791,#2793,#2795,
#2797,#2799,#2801,#2803,#2805,#2807));
#2809=FACE_BOUND('',#2808,.F.);
#2811=ORIENTED_EDGE('',*,*,#2810,.T.);
#2813=ORIENTED_EDGE('',*,*,#2812,.T.);
#2815=ORIENTED_EDGE('',*,*,#2814,.F.);
#2817=ORIENTED_EDGE('',*,*,#2816,.T.);
#2819=ORIENTED_EDGE('',*,*,#2818,.T.);
#2821=ORIENTED_EDGE('',*,*,#2820,.T.);
#2823=ORIENTED_EDGE('',*,*,#2822,.F.);
#2825=ORIENTED_EDGE('',*,*,#2824,.T.);
#2827=ORIENTED_EDGE('',*,*,#2826,.T.);
#2829=ORIENTED_EDGE('',*,*,#2828,.T.);
#2831=ORIENTED_EDGE('',*,*,#2830,.F.);
#2833=ORIENTED_EDGE('',*,*,#2832,.T.);
#2835=ORIENTED_EDGE('',*,*,#2834,.T.);
#2837=ORIENTED_EDGE('',*,*,#2836,.T.);
#2839=ORIENTED_EDGE('',*,*,#2838,.F.);
#2841=ORIENTED_EDGE('',*,*,#2840,.T.);
#2842=EDGE_LOOP('',(#2811,#2813,#2815,#2817,#2819,#2821,#2823,#2825,#2827,#2829,
#2831,#2833,#2835,#2837,#2839,#2841));
#2843=FACE_BOUND('',#2842,.F.);
#2844=ADVANCED_FACE('',(#2775,#2809,#2843),#2749,.F.);
#2845=CARTESIAN_POINT('',(-2.97E0,-2.99E0,-4.23E0));
#2846=DIRECTION('',(-1.E0,0.E0,0.E0));
#2847=DIRECTION('',(0.E0,0.E0,1.E0));
#2848=AXIS2_PLACEMENT_3D('',#2845,#2846,#2847);
#2849=PLANE('',#2848);
#2850=ORIENTED_EDGE('',*,*,#2758,.F.);
#2852=ORIENTED_EDGE('',*,*,#2851,.T.);
#2854=ORIENTED_EDGE('',*,*,#2853,.T.);
#2856=ORIENTED_EDGE('',*,*,#2855,.F.);
#2857=ORIENTED_EDGE('',*,*,#2750,.F.);
#2859=ORIENTED_EDGE('',*,*,#2858,.T.);
#2861=ORIENTED_EDGE('',*,*,#2860,.T.);
#2863=ORIENTED_EDGE('',*,*,#2862,.F.);
#2864=EDGE_LOOP('',(#2850,#2852,#2854,#2856,#2857,#2859,#2861,#2863));
#2865=FACE_OUTER_BOUND('',#2864,.F.);
#2866=ADVANCED_FACE('',(#2865),#2849,.T.);
#2867=CARTESIAN_POINT('',(-2.37E0,-2.99E0,2.63E0));
#2868=DIRECTION('',(0.E0,0.E0,1.E0));
#2869=DIRECTION('',(-1.E0,0.E0,0.E0));
#2870=AXIS2_PLACEMENT_3D('',#2867,#2868,#2869);
#2871=PLANE('',#2870);
#2872=ORIENTED_EDGE('',*,*,#2756,.T.);
#2874=ORIENTED_EDGE('',*,*,#2873,.T.);
#2876=ORIENTED_EDGE('',*,*,#2875,.T.);
#2877=ORIENTED_EDGE('',*,*,#2851,.F.);
#2878=EDGE_LOOP('',(#2872,#2874,#2876,#2877));
#2879=FACE_OUTER_BOUND('',#2878,.F.);
#2880=ADVANCED_FACE('',(#2879),#2871,.T.);
#2881=CARTESIAN_POINT('',(-2.37E0,-2.99E0,-2.63E0));
#2882=DIRECTION('',(1.E0,0.E0,0.E0));
#2883=DIRECTION('',(0.E0,0.E0,1.E0));
#2884=AXIS2_PLACEMENT_3D('',#2881,#2882,#2883);
#2885=PLANE('',#2884);
#2886=ORIENTED_EDGE('',*,*,#2754,.F.);
#2888=ORIENTED_EDGE('',*,*,#2887,.T.);
#2890=ORIENTED_EDGE('',*,*,#2889,.T.);
#2891=ORIENTED_EDGE('',*,*,#2873,.F.);
#2892=EDGE_LOOP('',(#2886,#2888,#2890,#2891));
#2893=FACE_OUTER_BOUND('',#2892,.F.);
#2894=ADVANCED_FACE('',(#2893),#2885,.T.);
#2895=CARTESIAN_POINT('',(-2.97E0,-2.99E0,-2.63E0));
#2896=DIRECTION('',(0.E0,0.E0,-1.E0));
#2897=DIRECTION('',(1.E0,0.E0,0.E0));
#2898=AXIS2_PLACEMENT_3D('',#2895,#2896,#2897);
#2899=PLANE('',#2898);
#2900=ORIENTED_EDGE('',*,*,#2752,.F.);
#2901=ORIENTED_EDGE('',*,*,#2855,.T.);
#2903=ORIENTED_EDGE('',*,*,#2902,.T.);
#2904=ORIENTED_EDGE('',*,*,#2887,.F.);
#2905=EDGE_LOOP('',(#2900,#2901,#2903,#2904));
#2906=FACE_OUTER_BOUND('',#2905,.F.);
#2907=ADVANCED_FACE('',(#2906),#2899,.T.);
#2908=CARTESIAN_POINT('',(-2.97E0,-3.29E0,4.23E0));
#2909=DIRECTION('',(0.E0,-1.E0,0.E0));
#2910=DIRECTION('',(1.E0,0.E0,0.E0));
#2911=AXIS2_PLACEMENT_3D('',#2908,#2909,#2910);
#2912=PLANE('',#2911);
#2914=ORIENTED_EDGE('',*,*,#2913,.F.);
#2916=ORIENTED_EDGE('',*,*,#2915,.F.);
#2918=ORIENTED_EDGE('',*,*,#2917,.F.);
#2920=ORIENTED_EDGE('',*,*,#2919,.F.);
#2921=EDGE_LOOP('',(#2914,#2916,#2918,#2920));
#2922=FACE_OUTER_BOUND('',#2921,.F.);
#2923=ADVANCED_FACE('',(#2922),#2912,.T.);
#2924=CARTESIAN_POINT('',(-2.97E0,-3.29E0,4.23E0));
#2925=DIRECTION('',(0.E0,-1.E0,0.E0));
#2926=DIRECTION('',(1.E0,0.E0,0.E0));
#2927=AXIS2_PLACEMENT_3D('',#2924,#2925,#2926);
#2928=PLANE('',#2927);
#2929=ORIENTED_EDGE('',*,*,#2853,.F.);
#2930=ORIENTED_EDGE('',*,*,#2875,.F.);
#2931=ORIENTED_EDGE('',*,*,#2889,.F.);
#2932=ORIENTED_EDGE('',*,*,#2902,.F.);
#2933=EDGE_LOOP('',(#2929,#2930,#2931,#2932));
#2934=FACE_OUTER_BOUND('',#2933,.F.);
#2935=ADVANCED_FACE('',(#2934),#2928,.T.);
#2936=CARTESIAN_POINT('',(2.97E0,-2.99E0,2.63E0));
#2937=DIRECTION('',(0.E0,0.E0,1.E0));
#2938=DIRECTION('',(-1.E0,0.E0,0.E0));
#2939=AXIS2_PLACEMENT_3D('',#2936,#2937,#2938);
#2940=PLANE('',#2939);
#2941=ORIENTED_EDGE('',*,*,#2764,.F.);
#2943=ORIENTED_EDGE('',*,*,#2942,.T.);
#2944=ORIENTED_EDGE('',*,*,#2913,.T.);
#2946=ORIENTED_EDGE('',*,*,#2945,.F.);
#2947=EDGE_LOOP('',(#2941,#2943,#2944,#2946));
#2948=FACE_OUTER_BOUND('',#2947,.F.);
#2949=ADVANCED_FACE('',(#2948),#2940,.T.);
#2950=CARTESIAN_POINT('',(2.97E0,-2.99E0,4.23E0));
#2951=DIRECTION('',(1.E0,0.E0,0.E0));
#2952=DIRECTION('',(0.E0,0.E0,-1.E0));
#2953=AXIS2_PLACEMENT_3D('',#2950,#2951,#2952);
#2954=PLANE('',#2953);
#2955=ORIENTED_EDGE('',*,*,#2770,.F.);
#2957=ORIENTED_EDGE('',*,*,#2956,.T.);
#2958=ORIENTED_EDGE('',*,*,#2915,.T.);
#2959=ORIENTED_EDGE('',*,*,#2942,.F.);
#2960=ORIENTED_EDGE('',*,*,#2762,.F.);
#2962=ORIENTED_EDGE('',*,*,#2961,.T.);
#2964=ORIENTED_EDGE('',*,*,#2963,.T.);
#2966=ORIENTED_EDGE('',*,*,#2965,.F.);
#2967=EDGE_LOOP('',(#2955,#2957,#2958,#2959,#2960,#2962,#2964,#2966));
#2968=FACE_OUTER_BOUND('',#2967,.F.);
#2969=ADVANCED_FACE('',(#2968),#2954,.T.);
#2970=CARTESIAN_POINT('',(2.37E0,-2.99E0,-2.63E0));
#2971=DIRECTION('',(0.E0,0.E0,-1.E0));
#2972=DIRECTION('',(1.E0,0.E0,0.E0));
#2973=AXIS2_PLACEMENT_3D('',#2970,#2971,#2972);
#2974=PLANE('',#2973);
#2975=ORIENTED_EDGE('',*,*,#2768,.T.);
#2977=ORIENTED_EDGE('',*,*,#2976,.T.);
#2978=ORIENTED_EDGE('',*,*,#2917,.T.);
#2979=ORIENTED_EDGE('',*,*,#2956,.F.);
#2980=EDGE_LOOP('',(#2975,#2977,#2978,#2979));
#2981=FACE_OUTER_BOUND('',#2980,.F.);
#2982=ADVANCED_FACE('',(#2981),#2974,.T.);
#2983=CARTESIAN_POINT('',(2.37E0,-2.99E0,2.63E0));
#2984=DIRECTION('',(-1.E0,0.E0,0.E0));
#2985=DIRECTION('',(0.E0,0.E0,-1.E0));
#2986=AXIS2_PLACEMENT_3D('',#2983,#2984,#2985);
#2987=PLANE('',#2986);
#2988=ORIENTED_EDGE('',*,*,#2766,.F.);
#2989=ORIENTED_EDGE('',*,*,#2945,.T.);
#2990=ORIENTED_EDGE('',*,*,#2919,.T.);
#2991=ORIENTED_EDGE('',*,*,#2976,.F.);
#2992=EDGE_LOOP('',(#2988,#2989,#2990,#2991));
#2993=FACE_OUTER_BOUND('',#2992,.F.);
#2994=ADVANCED_FACE('',(#2993),#2987,.T.);
#2995=CARTESIAN_POINT('',(-2.97E0,-2.99E0,4.23E0));
#2996=DIRECTION('',(0.E0,0.E0,1.E0));
#2997=DIRECTION('',(1.E0,0.E0,0.E0));
#2998=AXIS2_PLACEMENT_3D('',#2995,#2996,#2997);
#2999=PLANE('',#2998);
#3001=ORIENTED_EDGE('',*,*,#3000,.T.);
#3003=ORIENTED_EDGE('',*,*,#3002,.T.);
#3005=ORIENTED_EDGE('',*,*,#3004,.F.);
#3007=ORIENTED_EDGE('',*,*,#3006,.T.);
#3009=ORIENTED_EDGE('',*,*,#3008,.T.);
#3011=ORIENTED_EDGE('',*,*,#3010,.T.);
#3013=ORIENTED_EDGE('',*,*,#3012,.T.);
#3015=ORIENTED_EDGE('',*,*,#3014,.T.);
#3017=ORIENTED_EDGE('',*,*,#3016,.T.);
#3019=ORIENTED_EDGE('',*,*,#3018,.T.);
#3021=ORIENTED_EDGE('',*,*,#3020,.T.);
#3023=ORIENTED_EDGE('',*,*,#3022,.T.);
#3025=ORIENTED_EDGE('',*,*,#3024,.T.);
#3027=ORIENTED_EDGE('',*,*,#3026,.T.);
#3029=ORIENTED_EDGE('',*,*,#3028,.T.);
#3031=ORIENTED_EDGE('',*,*,#3030,.T.);
#3033=ORIENTED_EDGE('',*,*,#3032,.T.);
#3035=ORIENTED_EDGE('',*,*,#3034,.T.);
#3037=ORIENTED_EDGE('',*,*,#3036,.F.);
#3039=ORIENTED_EDGE('',*,*,#3038,.T.);
#3041=ORIENTED_EDGE('',*,*,#3040,.T.);
#3043=ORIENTED_EDGE('',*,*,#3042,.T.);
#3044=ORIENTED_EDGE('',*,*,#2961,.F.);
#3045=ORIENTED_EDGE('',*,*,#2760,.F.);
#3046=ORIENTED_EDGE('',*,*,#2862,.T.);
#3048=ORIENTED_EDGE('',*,*,#3047,.T.);
#3050=ORIENTED_EDGE('',*,*,#3049,.F.);
#3052=ORIENTED_EDGE('',*,*,#3051,.T.);
#3053=EDGE_LOOP('',(#3001,#3003,#3005,#3007,#3009,#3011,#3013,#3015,#3017,#3019,
#3021,#3023,#3025,#3027,#3029,#3031,#3033,#3035,#3037,#3039,#3041,#3043,#3044,
#3045,#3046,#3048,#3050,#3052));
#3054=FACE_OUTER_BOUND('',#3053,.F.);
#3056=ORIENTED_EDGE('',*,*,#3055,.T.);
#3058=ORIENTED_EDGE('',*,*,#3057,.T.);
#3060=ORIENTED_EDGE('',*,*,#3059,.T.);
#3062=ORIENTED_EDGE('',*,*,#3061,.T.);
#3063=EDGE_LOOP('',(#3056,#3058,#3060,#3062));
#3064=FACE_BOUND('',#3063,.F.);
#3065=ADVANCED_FACE('',(#3054,#3064),#2999,.T.);
#3066=CARTESIAN_POINT('',(1.4E-1,-2.345E0,4.23E0));
#3067=DIRECTION('',(0.E0,-1.E0,0.E0));
#3068=DIRECTION('',(1.E0,0.E0,0.E0));
#3069=AXIS2_PLACEMENT_3D('',#3066,#3067,#3068);
#3070=PLANE('',#3069);
#3071=ORIENTED_EDGE('',*,*,#3055,.F.);
#3073=ORIENTED_EDGE('',*,*,#3072,.T.);
#3075=ORIENTED_EDGE('',*,*,#3074,.T.);
#3077=ORIENTED_EDGE('',*,*,#3076,.F.);
#3078=EDGE_LOOP('',(#3071,#3073,#3075,#3077));
#3079=FACE_OUTER_BOUND('',#3078,.F.);
#3080=ADVANCED_FACE('',(#3079),#3070,.F.);
#3081=CARTESIAN_POINT('',(1.4E-1,-1.55E-1,4.23E0));
#3082=DIRECTION('',(-1.E0,0.E0,0.E0));
#3083=DIRECTION('',(0.E0,-1.E0,0.E0));
#3084=AXIS2_PLACEMENT_3D('',#3081,#3082,#3083);
#3085=PLANE('',#3084);
#3086=ORIENTED_EDGE('',*,*,#3061,.F.);
#3088=ORIENTED_EDGE('',*,*,#3087,.T.);
#3090=ORIENTED_EDGE('',*,*,#3089,.T.);
#3091=ORIENTED_EDGE('',*,*,#3072,.F.);
#3092=EDGE_LOOP('',(#3086,#3088,#3090,#3091));
#3093=FACE_OUTER_BOUND('',#3092,.F.);
#3094=ADVANCED_FACE('',(#3093),#3085,.F.);
#3095=CARTESIAN_POINT('',(2.36E0,-1.55E-1,4.23E0));
#3096=DIRECTION('',(0.E0,1.E0,0.E0));
#3097=DIRECTION('',(-1.E0,0.E0,0.E0));
#3098=AXIS2_PLACEMENT_3D('',#3095,#3096,#3097);
#3099=PLANE('',#3098);
#3100=ORIENTED_EDGE('',*,*,#3059,.F.);
#3102=ORIENTED_EDGE('',*,*,#3101,.T.);
#3104=ORIENTED_EDGE('',*,*,#3103,.T.);
#3105=ORIENTED_EDGE('',*,*,#3087,.F.);
#3106=EDGE_LOOP('',(#3100,#3102,#3104,#3105));
#3107=FACE_OUTER_BOUND('',#3106,.F.);
#3108=ADVANCED_FACE('',(#3107),#3099,.F.);
#3109=CARTESIAN_POINT('',(2.36E0,-2.345E0,4.23E0));
#3110=DIRECTION('',(1.E0,0.E0,0.E0));
#3111=DIRECTION('',(0.E0,1.E0,0.E0));
#3112=AXIS2_PLACEMENT_3D('',#3109,#3110,#3111);
#3113=PLANE('',#3112);
#3114=ORIENTED_EDGE('',*,*,#3057,.F.);
#3115=ORIENTED_EDGE('',*,*,#3076,.T.);
#3117=ORIENTED_EDGE('',*,*,#3116,.T.);
#3118=ORIENTED_EDGE('',*,*,#3101,.F.);
#3119=EDGE_LOOP('',(#3114,#3115,#3117,#3118));
#3120=FACE_OUTER_BOUND('',#3119,.F.);
#3121=ADVANCED_FACE('',(#3120),#3113,.F.);
#3122=CARTESIAN_POINT('',(0.E0,-2.99E0,-1.77E0));
#3123=DIRECTION('',(0.E0,0.E0,1.E0));
#3124=DIRECTION('',(1.E0,0.E0,0.E0));
#3125=AXIS2_PLACEMENT_3D('',#3122,#3123,#3124);
#3126=PLANE('',#3125);
#3128=ORIENTED_EDGE('',*,*,#3127,.F.);
#3130=ORIENTED_EDGE('',*,*,#3129,.F.);
#3132=ORIENTED_EDGE('',*,*,#3131,.F.);
#3134=ORIENTED_EDGE('',*,*,#3133,.F.);
#3135=EDGE_LOOP('',(#3128,#3130,#3132,#3134));
#3136=FACE_OUTER_BOUND('',#3135,.F.);
#3138=ORIENTED_EDGE('',*,*,#3137,.T.);
#3140=ORIENTED_EDGE('',*,*,#3139,.T.);
#3142=ORIENTED_EDGE('',*,*,#3141,.F.);
#3144=ORIENTED_EDGE('',*,*,#3143,.F.);
#3145=EDGE_LOOP('',(#3138,#3140,#3142,#3144));
#3146=FACE_BOUND('',#3145,.F.);
#3147=ADVANCED_FACE('',(#3136,#3146),#3126,.T.);
#3148=CARTESIAN_POINT('',(0.E0,-2.99E0,-1.77E0));
#3149=DIRECTION('',(0.E0,0.E0,1.E0));
#3150=DIRECTION('',(1.E0,0.E0,0.E0));
#3151=AXIS2_PLACEMENT_3D('',#3148,#3149,#3150);
#3152=PLANE('',#3151);
#3153=ORIENTED_EDGE('',*,*,#3074,.F.);
#3154=ORIENTED_EDGE('',*,*,#3089,.F.);
#3155=ORIENTED_EDGE('',*,*,#3103,.F.);
#3156=ORIENTED_EDGE('',*,*,#3116,.F.);
#3157=EDGE_LOOP('',(#3153,#3154,#3155,#3156));
#3158=FACE_OUTER_BOUND('',#3157,.F.);
#3160=ORIENTED_EDGE('',*,*,#3159,.F.);
#3162=ORIENTED_EDGE('',*,*,#3161,.T.);
#3164=ORIENTED_EDGE('',*,*,#3163,.T.);
#3166=ORIENTED_EDGE('',*,*,#3165,.F.);
#3167=EDGE_LOOP('',(#3160,#3162,#3164,#3166));
#3168=FACE_BOUND('',#3167,.F.);
#3169=ADVANCED_FACE('',(#3158,#3168),#3152,.T.);
#3170=CARTESIAN_POINT('',(1.4E-1,2.345E0,4.23E0));
#3171=DIRECTION('',(-1.E0,0.E0,0.E0));
#3172=DIRECTION('',(0.E0,-1.E0,0.E0));
#3173=AXIS2_PLACEMENT_3D('',#3170,#3171,#3172);
#3174=PLANE('',#3173);
#3175=ORIENTED_EDGE('',*,*,#3028,.F.);
#3177=ORIENTED_EDGE('',*,*,#3176,.T.);
#3178=ORIENTED_EDGE('',*,*,#3127,.T.);
#3180=ORIENTED_EDGE('',*,*,#3179,.F.);
#3181=EDGE_LOOP('',(#3175,#3177,#3178,#3180));
#3182=FACE_OUTER_BOUND('',#3181,.F.);
#3183=ADVANCED_FACE('',(#3182),#3174,.F.);
#3184=CARTESIAN_POINT('',(2.36E0,2.345E0,4.23E0));
#3185=DIRECTION('',(0.E0,1.E0,0.E0));
#3186=DIRECTION('',(-1.E0,0.E0,0.E0));
#3187=AXIS2_PLACEMENT_3D('',#3184,#3185,#3186);
#3188=PLANE('',#3187);
#3190=ORIENTED_EDGE('',*,*,#3189,.T.);
#3192=ORIENTED_EDGE('',*,*,#3191,.F.);
#3193=ORIENTED_EDGE('',*,*,#3034,.F.);
#3195=ORIENTED_EDGE('',*,*,#3194,.T.);
#3196=ORIENTED_EDGE('',*,*,#3129,.T.);
#3197=ORIENTED_EDGE('',*,*,#3176,.F.);
#3198=ORIENTED_EDGE('',*,*,#3026,.F.);
#3200=ORIENTED_EDGE('',*,*,#3199,.T.);
#3201=EDGE_LOOP('',(#3190,#3192,#3193,#3195,#3196,#3197,#3198,#3200));
#3202=FACE_OUTER_BOUND('',#3201,.F.);
#3203=ADVANCED_FACE('',(#3202),#3188,.F.);
#3204=CARTESIAN_POINT('',(-2.6E0,0.E0,-3.1E-1));
#3205=DIRECTION('',(0.E0,0.E0,1.E0));
#3206=DIRECTION('',(1.E0,0.E0,0.E0));
#3207=AXIS2_PLACEMENT_3D('',#3204,#3205,#3206);
#3208=PLANE('',#3207);
#3210=ORIENTED_EDGE('',*,*,#3209,.T.);
#3212=ORIENTED_EDGE('',*,*,#3211,.F.);
#3214=ORIENTED_EDGE('',*,*,#3213,.F.);
#3215=ORIENTED_EDGE('',*,*,#3189,.F.);
#3217=ORIENTED_EDGE('',*,*,#3216,.F.);
#3219=ORIENTED_EDGE('',*,*,#3218,.F.);
#3221=ORIENTED_EDGE('',*,*,#3220,.F.);
#3223=ORIENTED_EDGE('',*,*,#3222,.T.);
#3225=ORIENTED_EDGE('',*,*,#3224,.F.);
#3227=ORIENTED_EDGE('',*,*,#3226,.F.);
#3228=EDGE_LOOP('',(#3210,#3212,#3214,#3215,#3217,#3219,#3221,#3223,#3225,
#3227));
#3229=FACE_OUTER_BOUND('',#3228,.F.);
#3230=ADVANCED_FACE('',(#3229),#3208,.T.);
#3231=CARTESIAN_POINT('',(-2.6E0,5.E0,0.E0));
#3232=DIRECTION('',(0.E0,1.E0,0.E0));
#3233=DIRECTION('',(1.E0,0.E0,0.E0));
#3234=AXIS2_PLACEMENT_3D('',#3231,#3232,#3233);
#3235=PLANE('',#3234);
#3237=ORIENTED_EDGE('',*,*,#3236,.T.);
#3239=ORIENTED_EDGE('',*,*,#3238,.F.);
#3240=ORIENTED_EDGE('',*,*,#3209,.F.);
#3242=ORIENTED_EDGE('',*,*,#3241,.F.);
#3243=EDGE_LOOP('',(#3237,#3239,#3240,#3242));
#3244=FACE_OUTER_BOUND('',#3243,.F.);
#3245=ADVANCED_FACE('',(#3244),#3235,.T.);
#3246=CARTESIAN_POINT('',(-2.6E0,2.99E0,-7.7E-1));
#3247=DIRECTION('',(0.E0,0.E0,-1.E0));
#3248=DIRECTION('',(0.E0,1.E0,0.E0));
#3249=AXIS2_PLACEMENT_3D('',#3246,#3247,#3248);
#3250=PLANE('',#3249);
#3252=ORIENTED_EDGE('',*,*,#3251,.T.);
#3254=ORIENTED_EDGE('',*,*,#3253,.F.);
#3256=ORIENTED_EDGE('',*,*,#3255,.T.);
#3257=ORIENTED_EDGE('',*,*,#3236,.F.);
#3259=ORIENTED_EDGE('',*,*,#3258,.F.);
#3261=ORIENTED_EDGE('',*,*,#3260,.F.);
#3263=ORIENTED_EDGE('',*,*,#3262,.T.);
#3265=ORIENTED_EDGE('',*,*,#3264,.T.);
#3266=EDGE_LOOP('',(#3252,#3254,#3256,#3257,#3259,#3261,#3263,#3265));
#3267=FACE_OUTER_BOUND('',#3266,.F.);
#3268=ADVANCED_FACE('',(#3267),#3250,.T.);
#3269=CARTESIAN_POINT('',(2.4E0,-2.2576424E1,-5.7E-1));
#3270=DIRECTION('',(0.E0,1.E0,0.E0));
#3271=DIRECTION('',(1.E0,0.E0,0.E0));
#3272=AXIS2_PLACEMENT_3D('',#3269,#3270,#3271);
#3273=CYLINDRICAL_SURFACE('',#3272,2.E-1);
#3275=ORIENTED_EDGE('',*,*,#3274,.T.);
#3277=ORIENTED_EDGE('',*,*,#3276,.T.);
#3278=ORIENTED_EDGE('',*,*,#3251,.F.);
#3280=ORIENTED_EDGE('',*,*,#3279,.T.);
#3281=EDGE_LOOP('',(#3275,#3277,#3278,#3280));
#3282=FACE_OUTER_BOUND('',#3281,.F.);
#3283=ADVANCED_FACE('',(#3282),#3273,.T.);
#3284=CARTESIAN_POINT('',(2.6E0,0.E0,0.E0));
#3285=DIRECTION('',(1.E0,0.E0,0.E0));
#3286=DIRECTION('',(0.E0,0.E0,-1.E0));
#3287=AXIS2_PLACEMENT_3D('',#3284,#3285,#3286);
#3288=PLANE('',#3287);
#3290=ORIENTED_EDGE('',*,*,#3289,.F.);
#3291=ORIENTED_EDGE('',*,*,#3274,.F.);
#3293=ORIENTED_EDGE('',*,*,#3292,.F.);
#3294=ORIENTED_EDGE('',*,*,#3040,.F.);
#3296=ORIENTED_EDGE('',*,*,#3295,.F.);
#3298=ORIENTED_EDGE('',*,*,#3297,.F.);
#3299=EDGE_LOOP('',(#3290,#3291,#3293,#3294,#3296,#3298));
#3300=FACE_OUTER_BOUND('',#3299,.F.);
#3301=ADVANCED_FACE('',(#3300),#3288,.T.);
#3302=CARTESIAN_POINT('',(2.4E0,5.65E0,-6.011633506493E-1));
#3303=DIRECTION('',(0.E0,0.E0,1.E0));
#3304=DIRECTION('',(1.E0,0.E0,0.E0));
#3305=AXIS2_PLACEMENT_3D('',#3302,#3303,#3304);
#3306=CYLINDRICAL_SURFACE('',#3305,2.E-1);
#3308=ORIENTED_EDGE('',*,*,#3307,.T.);
#3310=ORIENTED_EDGE('',*,*,#3309,.F.);
#3312=ORIENTED_EDGE('',*,*,#3311,.F.);
#3313=ORIENTED_EDGE('',*,*,#3289,.T.);
#3314=EDGE_LOOP('',(#3308,#3310,#3312,#3313));
#3315=FACE_OUTER_BOUND('',#3314,.F.);
#3316=ADVANCED_FACE('',(#3315),#3306,.T.);
#3317=CARTESIAN_POINT('',(-2.6E0,5.85E0,5.69E0));
#3318=DIRECTION('',(0.E0,0.E0,1.E0));
#3319=DIRECTION('',(0.E0,-1.E0,0.E0));
#3320=AXIS2_PLACEMENT_3D('',#3317,#3318,#3319);
#3321=PLANE('',#3320);
#3322=ORIENTED_EDGE('',*,*,#3307,.F.);
#3323=ORIENTED_EDGE('',*,*,#3297,.T.);
#3325=ORIENTED_EDGE('',*,*,#3324,.F.);
#3327=ORIENTED_EDGE('',*,*,#3326,.F.);
#3329=ORIENTED_EDGE('',*,*,#3328,.F.);
#3331=ORIENTED_EDGE('',*,*,#3330,.T.);
#3332=EDGE_LOOP('',(#3322,#3323,#3325,#3327,#3329,#3331));
#3333=FACE_OUTER_BOUND('',#3332,.F.);
#3334=ADVANCED_FACE('',(#3333),#3321,.T.);
#3335=CARTESIAN_POINT('',(-2.6E0,5.28E0,5.69E0));
#3336=DIRECTION('',(0.E0,-7.071067811865E-1,7.071067811865E-1));
#3337=DIRECTION('',(0.E0,-7.071067811865E-1,-7.071067811865E-1));
#3338=AXIS2_PLACEMENT_3D('',#3335,#3336,#3337);
#3339=PLANE('',#3338);
#3341=ORIENTED_EDGE('',*,*,#3340,.F.);
#3342=ORIENTED_EDGE('',*,*,#3051,.F.);
#3344=ORIENTED_EDGE('',*,*,#3343,.F.);
#3345=ORIENTED_EDGE('',*,*,#3324,.T.);
#3346=ORIENTED_EDGE('',*,*,#3295,.T.);
#3347=ORIENTED_EDGE('',*,*,#3038,.F.);
#3349=ORIENTED_EDGE('',*,*,#3348,.T.);
#3351=ORIENTED_EDGE('',*,*,#3350,.T.);
#3352=EDGE_LOOP('',(#3341,#3342,#3344,#3345,#3346,#3347,#3349,#3351));
#3353=FACE_OUTER_BOUND('',#3352,.F.);
#3354=ADVANCED_FACE('',(#3353),#3339,.T.);
#3355=CARTESIAN_POINT('',(-2.2E0,5.E0,5.69E0));
#3356=DIRECTION('',(-1.E0,0.E0,0.E0));
#3357=DIRECTION('',(0.E0,-1.E0,0.E0));
#3358=AXIS2_PLACEMENT_3D('',#3355,#3356,#3357);
#3359=PLANE('',#3358);
#3360=ORIENTED_EDGE('',*,*,#3000,.F.);
#3361=ORIENTED_EDGE('',*,*,#3340,.T.);
#3363=ORIENTED_EDGE('',*,*,#3362,.T.);
#3364=ORIENTED_EDGE('',*,*,#3224,.T.);
#3366=ORIENTED_EDGE('',*,*,#3365,.F.);
#3367=EDGE_LOOP('',(#3360,#3361,#3363,#3364,#3366));
#3368=FACE_OUTER_BOUND('',#3367,.F.);
#3369=ADVANCED_FACE('',(#3368),#3359,.F.);
#3370=CARTESIAN_POINT('',(2.2E0,5.E0,5.69E0));
#3371=DIRECTION('',(0.E0,1.E0,0.E0));
#3372=DIRECTION('',(-1.E0,0.E0,0.E0));
#3373=AXIS2_PLACEMENT_3D('',#3370,#3371,#3372);
#3374=PLANE('',#3373);
#3376=ORIENTED_EDGE('',*,*,#3375,.F.);
#3377=ORIENTED_EDGE('',*,*,#3226,.T.);
#3378=ORIENTED_EDGE('',*,*,#3362,.F.);
#3379=ORIENTED_EDGE('',*,*,#3350,.F.);
#3381=ORIENTED_EDGE('',*,*,#3380,.T.);
#3382=ORIENTED_EDGE('',*,*,#3211,.T.);
#3384=ORIENTED_EDGE('',*,*,#3383,.T.);
#3386=ORIENTED_EDGE('',*,*,#3385,.F.);
#3388=ORIENTED_EDGE('',*,*,#3387,.F.);
#3390=ORIENTED_EDGE('',*,*,#3389,.F.);
#3391=EDGE_LOOP('',(#3376,#3377,#3378,#3379,#3381,#3382,#3384,#3386,#3388,
#3390));
#3392=FACE_OUTER_BOUND('',#3391,.F.);
#3393=ADVANCED_FACE('',(#3392),#3374,.F.);
#3394=CARTESIAN_POINT('',(-1.15E0,5.85E0,-7.7E-1));
#3395=DIRECTION('',(-1.E0,0.E0,0.E0));
#3396=DIRECTION('',(0.E0,0.E0,1.E0));
#3397=AXIS2_PLACEMENT_3D('',#3394,#3395,#3396);
#3398=PLANE('',#3397);
#3399=ORIENTED_EDGE('',*,*,#3258,.T.);
#3400=ORIENTED_EDGE('',*,*,#3241,.T.);
#3401=ORIENTED_EDGE('',*,*,#3375,.T.);
#3403=ORIENTED_EDGE('',*,*,#3402,.F.);
#3405=ORIENTED_EDGE('',*,*,#3404,.F.);
#3407=ORIENTED_EDGE('',*,*,#3406,.F.);
#3408=EDGE_LOOP('',(#3399,#3400,#3401,#3403,#3405,#3407));
#3409=FACE_OUTER_BOUND('',#3408,.F.);
#3410=ADVANCED_FACE('',(#3409),#3398,.F.);
#3411=CARTESIAN_POINT('',(-9.E-1,5.85E0,4.1E0));
#3412=DIRECTION('',(0.E0,1.E0,0.E0));
#3413=DIRECTION('',(1.E0,0.E0,0.E0));
#3414=AXIS2_PLACEMENT_3D('',#3411,#3412,#3413);
#3415=CYLINDRICAL_SURFACE('',#3414,2.5E-1);
#3417=ORIENTED_EDGE('',*,*,#3416,.F.);
#3418=ORIENTED_EDGE('',*,*,#3402,.T.);
#3419=ORIENTED_EDGE('',*,*,#3389,.T.);
#3421=ORIENTED_EDGE('',*,*,#3420,.F.);
#3422=EDGE_LOOP('',(#3417,#3418,#3419,#3421));
#3423=FACE_OUTER_BOUND('',#3422,.F.);
#3424=ADVANCED_FACE('',(#3423),#3415,.F.);
#3425=CARTESIAN_POINT('',(-2.6E0,5.85E0,-5.7E-1));
#3426=DIRECTION('',(0.E0,1.E0,0.E0));
#3427=DIRECTION('',(0.E0,0.E0,1.E0));
#3428=AXIS2_PLACEMENT_3D('',#3425,#3426,#3427);
#3429=PLANE('',#3428);
#3430=ORIENTED_EDGE('',*,*,#3309,.T.);
#3431=ORIENTED_EDGE('',*,*,#3330,.F.);
#3433=ORIENTED_EDGE('',*,*,#3432,.T.);
#3435=ORIENTED_EDGE('',*,*,#3434,.T.);
#3436=ORIENTED_EDGE('',*,*,#3404,.T.);
#3437=ORIENTED_EDGE('',*,*,#3416,.T.);
#3439=ORIENTED_EDGE('',*,*,#3438,.T.);
#3441=ORIENTED_EDGE('',*,*,#3440,.T.);
#3443=ORIENTED_EDGE('',*,*,#3442,.F.);
#3445=ORIENTED_EDGE('',*,*,#3444,.T.);
#3446=EDGE_LOOP('',(#3430,#3431,#3433,#3435,#3436,#3437,#3439,#3441,#3443,
#3445));
#3447=FACE_OUTER_BOUND('',#3446,.F.);
#3448=ADVANCED_FACE('',(#3447),#3429,.T.);
#3449=CARTESIAN_POINT('',(-2.4E0,5.65E0,2.5165784E1));
#3450=DIRECTION('',(0.E0,0.E0,-1.E0));
#3451=DIRECTION('',(-1.E0,0.E0,0.E0));
#3452=AXIS2_PLACEMENT_3D('',#3449,#3450,#3451);
#3453=CYLINDRICAL_SURFACE('',#3452,2.E-1);
#3454=ORIENTED_EDGE('',*,*,#3328,.T.);
#3456=ORIENTED_EDGE('',*,*,#3455,.T.);
#3458=ORIENTED_EDGE('',*,*,#3457,.T.);
#3459=ORIENTED_EDGE('',*,*,#3432,.F.);
#3460=EDGE_LOOP('',(#3454,#3456,#3458,#3459));
#3461=FACE_OUTER_BOUND('',#3460,.F.);
#3462=ADVANCED_FACE('',(#3461),#3453,.T.);
#3463=CARTESIAN_POINT('',(-2.6E0,0.E0,0.E0));
#3464=DIRECTION('',(1.E0,0.E0,0.E0));
#3465=DIRECTION('',(0.E0,0.E0,-1.E0));
#3466=AXIS2_PLACEMENT_3D('',#3463,#3464,#3465);
#3467=PLANE('',#3466);
#3469=ORIENTED_EDGE('',*,*,#3468,.F.);
#3470=ORIENTED_EDGE('',*,*,#3455,.F.);
#3471=ORIENTED_EDGE('',*,*,#3326,.T.);
#3472=ORIENTED_EDGE('',*,*,#3343,.T.);
#3473=ORIENTED_EDGE('',*,*,#3049,.T.);
#3475=ORIENTED_EDGE('',*,*,#3474,.T.);
#3476=EDGE_LOOP('',(#3469,#3470,#3471,#3472,#3473,#3475));
#3477=FACE_OUTER_BOUND('',#3476,.F.);
#3478=ADVANCED_FACE('',(#3477),#3467,.F.);
#3479=CARTESIAN_POINT('',(-2.4E0,5.694269273597E0,-5.7E-1));
#3480=DIRECTION('',(0.E0,-1.E0,0.E0));
#3481=DIRECTION('',(-1.E0,0.E0,0.E0));
#3482=AXIS2_PLACEMENT_3D('',#3479,#3480,#3481);
#3483=CYLINDRICAL_SURFACE('',#3482,2.E-1);
#3484=ORIENTED_EDGE('',*,*,#3262,.F.);
#3486=ORIENTED_EDGE('',*,*,#3485,.F.);
#3487=ORIENTED_EDGE('',*,*,#3468,.T.);
#3489=ORIENTED_EDGE('',*,*,#3488,.T.);
#3490=EDGE_LOOP('',(#3484,#3486,#3487,#3489));
#3491=FACE_OUTER_BOUND('',#3490,.F.);
#3492=ADVANCED_FACE('',(#3491),#3483,.T.);
#3493=CARTESIAN_POINT('',(-2.4E0,5.65E0,-5.7E-1));
#3494=DIRECTION('',(0.E0,7.071067887378E-1,7.071067736353E-1));
#3495=DIRECTION('',(0.E0,7.071067736353E-1,-7.071067887378E-1));
#3496=AXIS2_PLACEMENT_3D('',#3493,#3494,#3495);
#3497=SPHERICAL_SURFACE('',#3496,2.E-1);
#3499=ORIENTED_EDGE('',*,*,#3498,.F.);
#3500=ORIENTED_EDGE('',*,*,#3457,.F.);
#3501=ORIENTED_EDGE('',*,*,#3485,.T.);
#3502=EDGE_LOOP('',(#3499,#3500,#3501));
#3503=FACE_OUTER_BOUND('',#3502,.F.);
#3504=ADVANCED_FACE('',(#3503),#3497,.T.);
#3505=CARTESIAN_POINT('',(-2.6E0,5.65E0,-5.7E-1));
#3506=DIRECTION('',(1.E0,0.E0,0.E0));
#3507=DIRECTION('',(0.E0,0.E0,-1.E0));
#3508=AXIS2_PLACEMENT_3D('',#3505,#3506,#3507);
#3509=CYLINDRICAL_SURFACE('',#3508,2.E-1);
#3511=ORIENTED_EDGE('',*,*,#3510,.T.);
#3512=ORIENTED_EDGE('',*,*,#3444,.F.);
#3514=ORIENTED_EDGE('',*,*,#3513,.F.);
#3515=ORIENTED_EDGE('',*,*,#3253,.T.);
#3516=EDGE_LOOP('',(#3511,#3512,#3514,#3515));
#3517=FACE_OUTER_BOUND('',#3516,.F.);
#3518=ADVANCED_FACE('',(#3517),#3509,.T.);
#3519=CARTESIAN_POINT('',(-2.6E0,5.65E0,-5.7E-1));
#3520=DIRECTION('',(1.E0,0.E0,0.E0));
#3521=DIRECTION('',(0.E0,0.E0,-1.E0));
#3522=AXIS2_PLACEMENT_3D('',#3519,#3520,#3521);
#3523=CYLINDRICAL_SURFACE('',#3522,2.E-1);
#3524=ORIENTED_EDGE('',*,*,#3498,.T.);
#3525=ORIENTED_EDGE('',*,*,#3260,.T.);
#3526=ORIENTED_EDGE('',*,*,#3406,.T.);
#3527=ORIENTED_EDGE('',*,*,#3434,.F.);
#3528=EDGE_LOOP('',(#3524,#3525,#3526,#3527));
#3529=FACE_OUTER_BOUND('',#3528,.F.);
#3530=ADVANCED_FACE('',(#3529),#3523,.T.);
#3531=CARTESIAN_POINT('',(2.4E0,5.65E0,-5.7E-1));
#3532=DIRECTION('',(0.E0,-7.071067887378E-1,-7.071067736353E-1));
#3533=DIRECTION('',(0.E0,7.071067736353E-1,-7.071067887378E-1));
#3534=AXIS2_PLACEMENT_3D('',#3531,#3532,#3533);
#3535=SPHERICAL_SURFACE('',#3534,2.E-1);
#3536=ORIENTED_EDGE('',*,*,#3510,.F.);
#3537=ORIENTED_EDGE('',*,*,#3276,.F.);
#3538=ORIENTED_EDGE('',*,*,#3311,.T.);
#3539=EDGE_LOOP('',(#3536,#3537,#3538));
#3540=FACE_OUTER_BOUND('',#3539,.F.);
#3541=ADVANCED_FACE('',(#3540),#3535,.T.);
#3542=CARTESIAN_POINT('',(1.15E0,5.85E0,4.1E0));
#3543=DIRECTION('',(1.E0,0.E0,0.E0));
#3544=DIRECTION('',(0.E0,0.E0,-1.E0));
#3545=AXIS2_PLACEMENT_3D('',#3542,#3543,#3544);
#3546=PLANE('',#3545);
#3547=ORIENTED_EDGE('',*,*,#3255,.F.);
#3548=ORIENTED_EDGE('',*,*,#3513,.T.);
#3549=ORIENTED_EDGE('',*,*,#3442,.T.);
#3551=ORIENTED_EDGE('',*,*,#3550,.T.);
#3552=ORIENTED_EDGE('',*,*,#3383,.F.);
#3553=ORIENTED_EDGE('',*,*,#3238,.T.);
#3554=EDGE_LOOP('',(#3547,#3548,#3549,#3551,#3552,#3553));
#3555=FACE_OUTER_BOUND('',#3554,.F.);
#3556=ADVANCED_FACE('',(#3555),#3546,.F.);
#3557=CARTESIAN_POINT('',(9.E-1,5.85E0,4.1E0));
#3558=DIRECTION('',(0.E0,1.E0,0.E0));
#3559=DIRECTION('',(1.E0,0.E0,0.E0));
#3560=AXIS2_PLACEMENT_3D('',#3557,#3558,#3559);
#3561=CYLINDRICAL_SURFACE('',#3560,2.5E-1);
#3562=ORIENTED_EDGE('',*,*,#3440,.F.);
#3564=ORIENTED_EDGE('',*,*,#3563,.T.);
#3565=ORIENTED_EDGE('',*,*,#3385,.T.);
#3566=ORIENTED_EDGE('',*,*,#3550,.F.);
#3567=EDGE_LOOP('',(#3562,#3564,#3565,#3566));
#3568=FACE_OUTER_BOUND('',#3567,.F.);
#3569=ADVANCED_FACE('',(#3568),#3561,.F.);
#3570=CARTESIAN_POINT('',(-9.E-1,5.85E0,4.35E0));
#3571=DIRECTION('',(0.E0,0.E0,1.E0));
#3572=DIRECTION('',(1.E0,0.E0,0.E0));
#3573=AXIS2_PLACEMENT_3D('',#3570,#3571,#3572);
#3574=PLANE('',#3573);
#3575=ORIENTED_EDGE('',*,*,#3438,.F.);
#3576=ORIENTED_EDGE('',*,*,#3420,.T.);
#3577=ORIENTED_EDGE('',*,*,#3387,.T.);
#3578=ORIENTED_EDGE('',*,*,#3563,.F.);
#3579=EDGE_LOOP('',(#3575,#3576,#3577,#3578));
#3580=FACE_OUTER_BOUND('',#3579,.F.);
#3581=ADVANCED_FACE('',(#3580),#3574,.F.);
#3582=CARTESIAN_POINT('',(0.E0,2.99E0,0.E0));
#3583=DIRECTION('',(0.E0,1.E0,0.E0));
#3584=DIRECTION('',(1.E0,0.E0,0.E0));
#3585=AXIS2_PLACEMENT_3D('',#3582,#3583,#3584);
#3586=PLANE('',#3585);
#3587=ORIENTED_EDGE('',*,*,#3264,.F.);
#3588=ORIENTED_EDGE('',*,*,#3488,.F.);
#3589=ORIENTED_EDGE('',*,*,#3474,.F.);
#3590=ORIENTED_EDGE('',*,*,#3047,.F.);
#3591=ORIENTED_EDGE('',*,*,#2860,.F.);
#3593=ORIENTED_EDGE('',*,*,#3592,.F.);
#3594=ORIENTED_EDGE('',*,*,#2963,.F.);
#3595=ORIENTED_EDGE('',*,*,#3042,.F.);
#3596=ORIENTED_EDGE('',*,*,#3292,.T.);
#3597=ORIENTED_EDGE('',*,*,#3279,.F.);
#3598=EDGE_LOOP('',(#3587,#3588,#3589,#3590,#3591,#3593,#3594,#3595,#3596,
#3597));
#3599=FACE_OUTER_BOUND('',#3598,.F.);
#3600=ADVANCED_FACE('',(#3599),#3586,.T.);
#3601=CARTESIAN_POINT('',(2.97E0,-2.99E0,-4.23E0));
#3602=DIRECTION('',(0.E0,0.E0,-1.E0));
#3603=DIRECTION('',(-1.E0,0.E0,0.E0));
#3604=AXIS2_PLACEMENT_3D('',#3601,#3602,#3603);
#3605=PLANE('',#3604);
#3606=ORIENTED_EDGE('',*,*,#2772,.F.);
#3607=ORIENTED_EDGE('',*,*,#2965,.T.);
#3608=ORIENTED_EDGE('',*,*,#3592,.T.);
#3609=ORIENTED_EDGE('',*,*,#2858,.F.);
#3610=EDGE_LOOP('',(#3606,#3607,#3608,#3609));
#3611=FACE_OUTER_BOUND('',#3610,.F.);
#3613=ORIENTED_EDGE('',*,*,#3612,.T.);
#3615=ORIENTED_EDGE('',*,*,#3614,.T.);
#3617=ORIENTED_EDGE('',*,*,#3616,.F.);
#3619=ORIENTED_EDGE('',*,*,#3618,.F.);
#3620=EDGE_LOOP('',(#3613,#3615,#3617,#3619));
#3621=FACE_BOUND('',#3620,.F.);
#3623=ORIENTED_EDGE('',*,*,#3622,.F.);
#3625=ORIENTED_EDGE('',*,*,#3624,.T.);
#3627=ORIENTED_EDGE('',*,*,#3626,.T.);
#3629=ORIENTED_EDGE('',*,*,#3628,.F.);
#3630=EDGE_LOOP('',(#3623,#3625,#3627,#3629));
#3631=FACE_BOUND('',#3630,.F.);
#3633=ORIENTED_EDGE('',*,*,#3632,.T.);
#3635=ORIENTED_EDGE('',*,*,#3634,.T.);
#3637=ORIENTED_EDGE('',*,*,#3636,.F.);
#3639=ORIENTED_EDGE('',*,*,#3638,.F.);
#3640=EDGE_LOOP('',(#3633,#3635,#3637,#3639));
#3641=FACE_BOUND('',#3640,.F.);
#3643=ORIENTED_EDGE('',*,*,#3642,.T.);
#3645=ORIENTED_EDGE('',*,*,#3644,.T.);
#3647=ORIENTED_EDGE('',*,*,#3646,.F.);
#3649=ORIENTED_EDGE('',*,*,#3648,.F.);
#3650=EDGE_LOOP('',(#3643,#3645,#3647,#3649));
#3651=FACE_BOUND('',#3650,.F.);
#3652=ADVANCED_FACE('',(#3611,#3621,#3631,#3641,#3651),#3605,.T.);
#3653=CARTESIAN_POINT('',(9.325E-1,-2.99E0,0.E0));
#3654=DIRECTION('',(1.E0,0.E0,0.E0));
#3655=DIRECTION('',(0.E0,0.E0,-1.E0));
#3656=AXIS2_PLACEMENT_3D('',#3653,#3654,#3655);
#3657=PLANE('',#3656);
#3659=ORIENTED_EDGE('',*,*,#3658,.F.);
#3661=ORIENTED_EDGE('',*,*,#3660,.T.);
#3662=ORIENTED_EDGE('',*,*,#3143,.T.);
#3664=ORIENTED_EDGE('',*,*,#3663,.T.);
#3665=EDGE_LOOP('',(#3659,#3661,#3662,#3664));
#3666=FACE_OUTER_BOUND('',#3665,.F.);
#3667=ADVANCED_FACE('',(#3666),#3657,.F.);
#3668=CARTESIAN_POINT('',(9.325E-1,-2.99E0,0.E0));
#3669=DIRECTION('',(1.E0,0.E0,0.E0));
#3670=DIRECTION('',(0.E0,0.E0,-1.E0));
#3671=AXIS2_PLACEMENT_3D('',#3668,#3669,#3670);
#3672=PLANE('',#3671);
#3674=ORIENTED_EDGE('',*,*,#3673,.F.);
#3676=ORIENTED_EDGE('',*,*,#3675,.T.);
#3677=ORIENTED_EDGE('',*,*,#3159,.T.);
#3679=ORIENTED_EDGE('',*,*,#3678,.T.);
#3680=EDGE_LOOP('',(#3674,#3676,#3677,#3679));
#3681=FACE_OUTER_BOUND('',#3680,.F.);
#3682=ADVANCED_FACE('',(#3681),#3672,.F.);
#3683=CARTESIAN_POINT('',(9.325E-1,-2.99E0,0.E0));
#3684=DIRECTION('',(1.E0,0.E0,0.E0));
#3685=DIRECTION('',(0.E0,0.E0,-1.E0));
#3686=AXIS2_PLACEMENT_3D('',#3683,#3684,#3685);
#3687=PLANE('',#3686);
#3689=ORIENTED_EDGE('',*,*,#3688,.F.);
#3691=ORIENTED_EDGE('',*,*,#3690,.T.);
#3693=ORIENTED_EDGE('',*,*,#3692,.T.);
#3695=ORIENTED_EDGE('',*,*,#3694,.T.);
#3696=ORIENTED_EDGE('',*,*,#3624,.F.);
#3698=ORIENTED_EDGE('',*,*,#3697,.T.);
#3700=ORIENTED_EDGE('',*,*,#3699,.T.);
#3702=ORIENTED_EDGE('',*,*,#3701,.T.);
#3703=EDGE_LOOP('',(#3689,#3691,#3693,#3695,#3696,#3698,#3700,#3702));
#3704=FACE_OUTER_BOUND('',#3703,.F.);
#3705=ADVANCED_FACE('',(#3704),#3687,.F.);
#3706=CARTESIAN_POINT('',(9.325E-1,-2.99E0,0.E0));
#3707=DIRECTION('',(1.E0,0.E0,0.E0));
#3708=DIRECTION('',(0.E0,0.E0,-1.E0));
#3709=AXIS2_PLACEMENT_3D('',#3706,#3707,#3708);
#3710=PLANE('',#3709);
#3712=ORIENTED_EDGE('',*,*,#3711,.F.);
#3714=ORIENTED_EDGE('',*,*,#3713,.T.);
#3716=ORIENTED_EDGE('',*,*,#3715,.T.);
#3718=ORIENTED_EDGE('',*,*,#3717,.T.);
#3719=ORIENTED_EDGE('',*,*,#3612,.F.);
#3721=ORIENTED_EDGE('',*,*,#3720,.T.);
#3723=ORIENTED_EDGE('',*,*,#3722,.T.);
#3725=ORIENTED_EDGE('',*,*,#3724,.T.);
#3726=EDGE_LOOP('',(#3712,#3714,#3716,#3718,#3719,#3721,#3723,#3725));
#3727=FACE_OUTER_BOUND('',#3726,.F.);
#3728=ADVANCED_FACE('',(#3727),#3710,.F.);
#3729=CARTESIAN_POINT('',(1.0075E0,1.25E0,2.525E0));
#3730=DIRECTION('',(-9.647638212377E-1,0.E0,2.631174057921E-1));
#3731=DIRECTION('',(2.631174057921E-1,0.E0,9.647638212377E-1));
#3732=AXIS2_PLACEMENT_3D('',#3729,#3730,#3731);
#3733=PLANE('',#3732);
#3735=ORIENTED_EDGE('',*,*,#3734,.F.);
#3737=ORIENTED_EDGE('',*,*,#3736,.T.);
#3738=ORIENTED_EDGE('',*,*,#3658,.T.);
#3740=ORIENTED_EDGE('',*,*,#3739,.T.);
#3741=EDGE_LOOP('',(#3735,#3737,#3738,#3740));
#3742=FACE_OUTER_BOUND('',#3741,.F.);
#3743=ADVANCED_FACE('',(#3742),#3733,.T.);
#3744=CARTESIAN_POINT('',(9.325E-1,1.5675E0,2.8E0));
#3745=DIRECTION('',(0.E0,0.E0,1.E0));
#3746=DIRECTION('',(0.E0,-1.E0,0.E0));
#3747=AXIS2_PLACEMENT_3D('',#3744,#3745,#3746);
#3748=PLANE('',#3747);
#3750=ORIENTED_EDGE('',*,*,#3749,.F.);
#3752=ORIENTED_EDGE('',*,*,#3751,.T.);
#3754=ORIENTED_EDGE('',*,*,#3753,.T.);
#3755=ORIENTED_EDGE('',*,*,#3734,.T.);
#3756=EDGE_LOOP('',(#3750,#3752,#3754,#3755));
#3757=FACE_OUTER_BOUND('',#3756,.F.);
#3758=ADVANCED_FACE('',(#3757),#3748,.T.);
#3759=CARTESIAN_POINT('',(1.25E0,1.4925E0,2.525E0));
#3760=DIRECTION('',(0.E0,9.647638212377E-1,2.631174057921E-1));
#3761=DIRECTION('',(0.E0,2.631174057921E-1,-9.647638212377E-1));
#3762=AXIS2_PLACEMENT_3D('',#3759,#3760,#3761);
#3763=PLANE('',#3762);
#3764=ORIENTED_EDGE('',*,*,#3749,.T.);
#3765=ORIENTED_EDGE('',*,*,#3739,.F.);
#3767=ORIENTED_EDGE('',*,*,#3766,.F.);
#3769=ORIENTED_EDGE('',*,*,#3768,.F.);
#3770=EDGE_LOOP('',(#3764,#3765,#3767,#3769));
#3771=FACE_OUTER_BOUND('',#3770,.F.);
#3772=ADVANCED_FACE('',(#3771),#3763,.T.);
#3773=CARTESIAN_POINT('',(9.325E-1,1.5675E0,-8.0325E0));
#3774=DIRECTION('',(0.E0,1.E0,0.E0));
#3775=DIRECTION('',(0.E0,0.E0,1.E0));
#3776=AXIS2_PLACEMENT_3D('',#3773,#3774,#3775);
#3777=PLANE('',#3776);
#3778=ORIENTED_EDGE('',*,*,#3626,.F.);
#3779=ORIENTED_EDGE('',*,*,#3694,.F.);
#3781=ORIENTED_EDGE('',*,*,#3780,.T.);
#3783=ORIENTED_EDGE('',*,*,#3782,.T.);
#3784=EDGE_LOOP('',(#3778,#3779,#3781,#3783));
#3785=FACE_OUTER_BOUND('',#3784,.F.);
#3786=ADVANCED_FACE('',(#3785),#3777,.T.);
#3787=CARTESIAN_POINT('',(9.325E-1,1.5675E0,-8.0325E0));
#3788=DIRECTION('',(0.E0,1.E0,0.E0));
#3789=DIRECTION('',(0.E0,0.E0,1.E0));
#3790=AXIS2_PLACEMENT_3D('',#3787,#3788,#3789);
#3791=PLANE('',#3790);
#3792=ORIENTED_EDGE('',*,*,#3766,.T.);
#3793=ORIENTED_EDGE('',*,*,#3663,.F.);
#3794=ORIENTED_EDGE('',*,*,#3141,.T.);
#3796=ORIENTED_EDGE('',*,*,#3795,.T.);
#3797=EDGE_LOOP('',(#3792,#3793,#3794,#3796));
#3798=FACE_OUTER_BOUND('',#3797,.F.);
#3799=ADVANCED_FACE('',(#3798),#3791,.T.);
#3800=CARTESIAN_POINT('',(9.325E-1,6.325E-1,-8.0325E0));
#3801=DIRECTION('',(1.E0,0.E0,0.E0));
#3802=DIRECTION('',(0.E0,0.E0,-1.E0));
#3803=AXIS2_PLACEMENT_3D('',#3800,#3801,#3802);
#3804=CYLINDRICAL_SURFACE('',#3803,9.35E-1);
#3805=ORIENTED_EDGE('',*,*,#3692,.F.);
#3807=ORIENTED_EDGE('',*,*,#3806,.T.);
#3809=ORIENTED_EDGE('',*,*,#3808,.T.);
#3810=ORIENTED_EDGE('',*,*,#3780,.F.);
#3811=EDGE_LOOP('',(#3805,#3807,#3809,#3810));
#3812=FACE_OUTER_BOUND('',#3811,.F.);
#3813=ADVANCED_FACE('',(#3812),#3804,.T.);
#3814=CARTESIAN_POINT('',(9.325E-1,-6.49E0,-8.9675E0));
#3815=DIRECTION('',(0.E0,0.E0,-1.E0));
#3816=DIRECTION('',(0.E0,1.E0,0.E0));
#3817=AXIS2_PLACEMENT_3D('',#3814,#3815,#3816);
#3818=PLANE('',#3817);
#3820=ORIENTED_EDGE('',*,*,#3819,.F.);
#3822=ORIENTED_EDGE('',*,*,#3821,.T.);
#3823=ORIENTED_EDGE('',*,*,#3806,.F.);
#3824=ORIENTED_EDGE('',*,*,#3690,.F.);
#3825=EDGE_LOOP('',(#3820,#3822,#3823,#3824));
#3826=FACE_OUTER_BOUND('',#3825,.F.);
#3827=ADVANCED_FACE('',(#3826),#3818,.T.);
#3828=CARTESIAN_POINT('',(1.25E0,-6.215E0,-8.8925E0));
#3829=DIRECTION('',(0.E0,-2.631174057921E-1,-9.647638212377E-1));
#3830=DIRECTION('',(0.E0,-9.647638212377E-1,2.631174057921E-1));
#3831=AXIS2_PLACEMENT_3D('',#3828,#3829,#3830);
#3832=PLANE('',#3831);
#3834=ORIENTED_EDGE('',*,*,#3833,.F.);
#3836=ORIENTED_EDGE('',*,*,#3835,.F.);
#3838=ORIENTED_EDGE('',*,*,#3837,.T.);
#3839=ORIENTED_EDGE('',*,*,#3819,.T.);
#3840=EDGE_LOOP('',(#3834,#3836,#3838,#3839));
#3841=FACE_OUTER_BOUND('',#3840,.F.);
#3842=ADVANCED_FACE('',(#3841),#3832,.T.);
#3843=CARTESIAN_POINT('',(1.0075E0,-6.215E0,-8.65E0));
#3844=DIRECTION('',(-9.647638212377E-1,-2.631174057921E-1,0.E0));
#3845=DIRECTION('',(2.631174057921E-1,-9.647638212377E-1,0.E0));
#3846=AXIS2_PLACEMENT_3D('',#3843,#3844,#3845);
#3847=PLANE('',#3846);
#3849=ORIENTED_EDGE('',*,*,#3848,.F.);
#3851=ORIENTED_EDGE('',*,*,#3850,.F.);
#3852=ORIENTED_EDGE('',*,*,#3833,.T.);
#3853=ORIENTED_EDGE('',*,*,#3688,.T.);
#3854=EDGE_LOOP('',(#3849,#3851,#3852,#3853));
#3855=FACE_OUTER_BOUND('',#3854,.F.);
#3856=ADVANCED_FACE('',(#3855),#3847,.T.);
#3857=CARTESIAN_POINT('',(1.25E0,-6.215E0,-8.4075E0));
#3858=DIRECTION('',(0.E0,-2.631174057921E-1,9.647638212377E-1));
#3859=DIRECTION('',(0.E0,9.647638212377E-1,2.631174057921E-1));
#3860=AXIS2_PLACEMENT_3D('',#3857,#3858,#3859);
#3861=PLANE('',#3860);
#3862=ORIENTED_EDGE('',*,*,#3848,.T.);
#3864=ORIENTED_EDGE('',*,*,#3863,.F.);
#3866=ORIENTED_EDGE('',*,*,#3865,.F.);
#3868=ORIENTED_EDGE('',*,*,#3867,.T.);
#3869=EDGE_LOOP('',(#3862,#3864,#3866,#3868));
#3870=FACE_OUTER_BOUND('',#3869,.F.);
#3871=ADVANCED_FACE('',(#3870),#3861,.T.);
#3872=CARTESIAN_POINT('',(9.325E-1,6.325E-1,-8.3325E0));
#3873=DIRECTION('',(0.E0,0.E0,1.E0));
#3874=DIRECTION('',(0.E0,-1.E0,0.E0));
#3875=AXIS2_PLACEMENT_3D('',#3872,#3873,#3874);
#3876=PLANE('',#3875);
#3877=ORIENTED_EDGE('',*,*,#3863,.T.);
#3878=ORIENTED_EDGE('',*,*,#3701,.F.);
#3880=ORIENTED_EDGE('',*,*,#3879,.T.);
#3882=ORIENTED_EDGE('',*,*,#3881,.T.);
#3883=EDGE_LOOP('',(#3877,#3878,#3880,#3882));
#3884=FACE_OUTER_BOUND('',#3883,.F.);
#3885=ADVANCED_FACE('',(#3884),#3876,.T.);
#3886=CARTESIAN_POINT('',(9.325E-1,6.325E-1,-8.0325E0));
#3887=DIRECTION('',(1.E0,0.E0,0.E0));
#3888=DIRECTION('',(0.E0,0.E0,-1.E0));
#3889=AXIS2_PLACEMENT_3D('',#3886,#3887,#3888);
#3890=CYLINDRICAL_SURFACE('',#3889,3.E-1);
#3891=ORIENTED_EDGE('',*,*,#3699,.F.);
#3893=ORIENTED_EDGE('',*,*,#3892,.T.);
#3895=ORIENTED_EDGE('',*,*,#3894,.T.);
#3896=ORIENTED_EDGE('',*,*,#3879,.F.);
#3897=EDGE_LOOP('',(#3891,#3893,#3895,#3896));
#3898=FACE_OUTER_BOUND('',#3897,.F.);
#3899=ADVANCED_FACE('',(#3898),#3890,.F.);
#3900=CARTESIAN_POINT('',(9.325E-1,9.325E-1,2.8E0));
#3901=DIRECTION('',(0.E0,-1.E0,0.E0));
#3902=DIRECTION('',(0.E0,0.E0,-1.E0));
#3903=AXIS2_PLACEMENT_3D('',#3900,#3901,#3902);
#3904=PLANE('',#3903);
#3905=ORIENTED_EDGE('',*,*,#3622,.T.);
#3907=ORIENTED_EDGE('',*,*,#3906,.T.);
#3908=ORIENTED_EDGE('',*,*,#3892,.F.);
#3909=ORIENTED_EDGE('',*,*,#3697,.F.);
#3910=EDGE_LOOP('',(#3905,#3907,#3908,#3909));
#3911=FACE_OUTER_BOUND('',#3910,.F.);
#3912=ADVANCED_FACE('',(#3911),#3904,.T.);
#3913=CARTESIAN_POINT('',(9.325E-1,9.325E-1,2.8E0));
#3914=DIRECTION('',(0.E0,-1.E0,0.E0));
#3915=DIRECTION('',(0.E0,0.E0,-1.E0));
#3916=AXIS2_PLACEMENT_3D('',#3913,#3914,#3915);
#3917=PLANE('',#3916);
#3919=ORIENTED_EDGE('',*,*,#3918,.F.);
#3921=ORIENTED_EDGE('',*,*,#3920,.T.);
#3922=ORIENTED_EDGE('',*,*,#3137,.F.);
#3923=ORIENTED_EDGE('',*,*,#3660,.F.);
#3924=EDGE_LOOP('',(#3919,#3921,#3922,#3923));
#3925=FACE_OUTER_BOUND('',#3924,.F.);
#3926=ADVANCED_FACE('',(#3925),#3917,.T.);
#3927=CARTESIAN_POINT('',(1.5675E0,-2.99E0,0.E0));
#3928=DIRECTION('',(1.E0,0.E0,0.E0));
#3929=DIRECTION('',(0.E0,0.E0,-1.E0));
#3930=AXIS2_PLACEMENT_3D('',#3927,#3928,#3929);
#3931=PLANE('',#3930);
#3933=ORIENTED_EDGE('',*,*,#3932,.F.);
#3934=ORIENTED_EDGE('',*,*,#3795,.F.);
#3935=ORIENTED_EDGE('',*,*,#3139,.F.);
#3936=ORIENTED_EDGE('',*,*,#3920,.F.);
#3937=EDGE_LOOP('',(#3933,#3934,#3935,#3936));
#3938=FACE_OUTER_BOUND('',#3937,.F.);
#3939=ADVANCED_FACE('',(#3938),#3931,.T.);
#3940=CARTESIAN_POINT('',(1.5675E0,-2.99E0,0.E0));
#3941=DIRECTION('',(1.E0,0.E0,0.E0));
#3942=DIRECTION('',(0.E0,0.E0,-1.E0));
#3943=AXIS2_PLACEMENT_3D('',#3940,#3941,#3942);
#3944=PLANE('',#3943);
#3946=ORIENTED_EDGE('',*,*,#3945,.F.);
#3948=ORIENTED_EDGE('',*,*,#3947,.F.);
#3949=ORIENTED_EDGE('',*,*,#3163,.F.);
#3951=ORIENTED_EDGE('',*,*,#3950,.F.);
#3952=EDGE_LOOP('',(#3946,#3948,#3949,#3951));
#3953=FACE_OUTER_BOUND('',#3952,.F.);
#3954=ADVANCED_FACE('',(#3953),#3944,.T.);
#3955=CARTESIAN_POINT('',(1.5675E0,-2.99E0,0.E0));
#3956=DIRECTION('',(1.E0,0.E0,0.E0));
#3957=DIRECTION('',(0.E0,0.E0,-1.E0));
#3958=AXIS2_PLACEMENT_3D('',#3955,#3956,#3957);
#3959=PLANE('',#3958);
#3961=ORIENTED_EDGE('',*,*,#3960,.F.);
#3962=ORIENTED_EDGE('',*,*,#3881,.F.);
#3963=ORIENTED_EDGE('',*,*,#3894,.F.);
#3964=ORIENTED_EDGE('',*,*,#3906,.F.);
#3965=ORIENTED_EDGE('',*,*,#3628,.T.);
#3966=ORIENTED_EDGE('',*,*,#3782,.F.);
#3967=ORIENTED_EDGE('',*,*,#3808,.F.);
#3968=ORIENTED_EDGE('',*,*,#3821,.F.);
#3969=EDGE_LOOP('',(#3961,#3962,#3963,#3964,#3965,#3966,#3967,#3968));
#3970=FACE_OUTER_BOUND('',#3969,.F.);
#3971=ADVANCED_FACE('',(#3970),#3959,.T.);
#3972=CARTESIAN_POINT('',(1.5675E0,-2.99E0,0.E0));
#3973=DIRECTION('',(1.E0,0.E0,0.E0));
#3974=DIRECTION('',(0.E0,0.E0,-1.E0));
#3975=AXIS2_PLACEMENT_3D('',#3972,#3973,#3974);
#3976=PLANE('',#3975);
#3978=ORIENTED_EDGE('',*,*,#3977,.F.);
#3980=ORIENTED_EDGE('',*,*,#3979,.F.);
#3982=ORIENTED_EDGE('',*,*,#3981,.F.);
#3984=ORIENTED_EDGE('',*,*,#3983,.F.);
#3985=ORIENTED_EDGE('',*,*,#3616,.T.);
#3987=ORIENTED_EDGE('',*,*,#3986,.F.);
#3989=ORIENTED_EDGE('',*,*,#3988,.F.);
#3991=ORIENTED_EDGE('',*,*,#3990,.F.);
#3992=EDGE_LOOP('',(#3978,#3980,#3982,#3984,#3985,#3987,#3989,#3991));
#3993=FACE_OUTER_BOUND('',#3992,.F.);
#3994=ADVANCED_FACE('',(#3993),#3976,.T.);
#3995=CARTESIAN_POINT('',(1.4925E0,1.25E0,2.525E0));
#3996=DIRECTION('',(9.647638212377E-1,0.E0,2.631174057921E-1));
#3997=DIRECTION('',(-2.631174057921E-1,0.E0,9.647638212377E-1));
#3998=AXIS2_PLACEMENT_3D('',#3995,#3996,#3997);
#3999=PLANE('',#3998);
#4000=ORIENTED_EDGE('',*,*,#3751,.F.);
#4001=ORIENTED_EDGE('',*,*,#3768,.T.);
#4002=ORIENTED_EDGE('',*,*,#3932,.T.);
#4004=ORIENTED_EDGE('',*,*,#4003,.T.);
#4005=EDGE_LOOP('',(#4000,#4001,#4002,#4004));
#4006=FACE_OUTER_BOUND('',#4005,.F.);
#4007=ADVANCED_FACE('',(#4006),#3999,.T.);
#4008=CARTESIAN_POINT('',(1.25E0,1.0075E0,2.525E0));
#4009=DIRECTION('',(0.E0,-9.647638212377E-1,2.631174057921E-1));
#4010=DIRECTION('',(0.E0,2.631174057921E-1,9.647638212377E-1));
#4011=AXIS2_PLACEMENT_3D('',#4008,#4009,#4010);
#4012=PLANE('',#4011);
#4013=ORIENTED_EDGE('',*,*,#3918,.T.);
#4014=ORIENTED_EDGE('',*,*,#3736,.F.);
#4015=ORIENTED_EDGE('',*,*,#3753,.F.);
#4016=ORIENTED_EDGE('',*,*,#4003,.F.);
#4017=EDGE_LOOP('',(#4013,#4014,#4015,#4016));
#4018=FACE_OUTER_BOUND('',#4017,.F.);
#4019=ADVANCED_FACE('',(#4018),#4012,.T.);
#4020=CARTESIAN_POINT('',(1.4925E0,-1.25E0,2.525E0));
#4021=DIRECTION('',(9.647638212377E-1,0.E0,2.631174057921E-1));
#4022=DIRECTION('',(-2.631174057921E-1,0.E0,9.647638212377E-1));
#4023=AXIS2_PLACEMENT_3D('',#4020,#4021,#4022);
#4024=PLANE('',#4023);
#4026=ORIENTED_EDGE('',*,*,#4025,.F.);
#4028=ORIENTED_EDGE('',*,*,#4027,.T.);
#4029=ORIENTED_EDGE('',*,*,#3945,.T.);
#4031=ORIENTED_EDGE('',*,*,#4030,.F.);
#4032=EDGE_LOOP('',(#4026,#4028,#4029,#4031));
#4033=FACE_OUTER_BOUND('',#4032,.F.);
#4034=ADVANCED_FACE('',(#4033),#4024,.T.);
#4035=CARTESIAN_POINT('',(9.325E-1,-9.325E-1,2.8E0));
#4036=DIRECTION('',(0.E0,0.E0,1.E0));
#4037=DIRECTION('',(0.E0,-1.E0,0.E0));
#4038=AXIS2_PLACEMENT_3D('',#4035,#4036,#4037);
#4039=PLANE('',#4038);
#4041=ORIENTED_EDGE('',*,*,#4040,.T.);
#4043=ORIENTED_EDGE('',*,*,#4042,.T.);
#4045=ORIENTED_EDGE('',*,*,#4044,.F.);
#4046=ORIENTED_EDGE('',*,*,#4025,.T.);
#4047=EDGE_LOOP('',(#4041,#4043,#4045,#4046));
#4048=FACE_OUTER_BOUND('',#4047,.F.);
#4049=ADVANCED_FACE('',(#4048),#4039,.T.);
#4050=CARTESIAN_POINT('',(1.25E0,-1.4925E0,2.525E0));
#4051=DIRECTION('',(0.E0,-9.647638212377E-1,2.631174057921E-1));
#4052=DIRECTION('',(0.E0,2.631174057921E-1,9.647638212377E-1));
#4053=AXIS2_PLACEMENT_3D('',#4050,#4051,#4052);
#4054=PLANE('',#4053);
#4056=ORIENTED_EDGE('',*,*,#4055,.T.);
#4058=ORIENTED_EDGE('',*,*,#4057,.F.);
#4059=ORIENTED_EDGE('',*,*,#4040,.F.);
#4060=ORIENTED_EDGE('',*,*,#4030,.T.);
#4061=EDGE_LOOP('',(#4056,#4058,#4059,#4060));
#4062=FACE_OUTER_BOUND('',#4061,.F.);
#4063=ADVANCED_FACE('',(#4062),#4054,.T.);
#4064=CARTESIAN_POINT('',(9.325E-1,-1.5675E0,2.8E0));
#4065=DIRECTION('',(0.E0,-1.E0,0.E0));
#4066=DIRECTION('',(0.E0,0.E0,-1.E0));
#4067=AXIS2_PLACEMENT_3D('',#4064,#4065,#4066);
#4068=PLANE('',#4067);
#4069=ORIENTED_EDGE('',*,*,#3618,.T.);
#4070=ORIENTED_EDGE('',*,*,#3983,.T.);
#4072=ORIENTED_EDGE('',*,*,#4071,.F.);
#4073=ORIENTED_EDGE('',*,*,#3720,.F.);
#4074=EDGE_LOOP('',(#4069,#4070,#4072,#4073));
#4075=FACE_OUTER_BOUND('',#4074,.F.);
#4076=ADVANCED_FACE('',(#4075),#4068,.T.);
#4077=CARTESIAN_POINT('',(9.325E-1,-1.5675E0,2.8E0));
#4078=DIRECTION('',(0.E0,-1.E0,0.E0));
#4079=DIRECTION('',(0.E0,0.E0,-1.E0));
#4080=AXIS2_PLACEMENT_3D('',#4077,#4078,#4079);
#4081=PLANE('',#4080);
#4082=ORIENTED_EDGE('',*,*,#4055,.F.);
#4083=ORIENTED_EDGE('',*,*,#3950,.T.);
#4084=ORIENTED_EDGE('',*,*,#3161,.F.);
#4085=ORIENTED_EDGE('',*,*,#3675,.F.);
#4086=EDGE_LOOP('',(#4082,#4083,#4084,#4085));
#4087=FACE_OUTER_BOUND('',#4086,.F.);
#4088=ADVANCED_FACE('',(#4087),#4081,.T.);
#4089=CARTESIAN_POINT('',(9.325E-1,-1.8675E0,-5.5325E0));
#4090=DIRECTION('',(1.E0,0.E0,0.E0));
#4091=DIRECTION('',(0.E0,0.E0,-1.E0));
#4092=AXIS2_PLACEMENT_3D('',#4089,#4090,#4091);
#4093=CYLINDRICAL_SURFACE('',#4092,3.E-1);
#4094=ORIENTED_EDGE('',*,*,#3722,.F.);
#4095=ORIENTED_EDGE('',*,*,#4071,.T.);
#4096=ORIENTED_EDGE('',*,*,#3981,.T.);
#4098=ORIENTED_EDGE('',*,*,#4097,.F.);
#4099=EDGE_LOOP('',(#4094,#4095,#4096,#4098));
#4100=FACE_OUTER_BOUND('',#4099,.F.);
#4101=ADVANCED_FACE('',(#4100),#4093,.F.);
#4102=CARTESIAN_POINT('',(9.325E-1,-1.8675E0,-5.8325E0));
#4103=DIRECTION('',(0.E0,0.E0,1.E0));
#4104=DIRECTION('',(0.E0,-1.E0,0.E0));
#4105=AXIS2_PLACEMENT_3D('',#4102,#4103,#4104);
#4106=PLANE('',#4105);
#4108=ORIENTED_EDGE('',*,*,#4107,.T.);
#4109=ORIENTED_EDGE('',*,*,#3724,.F.);
#4110=ORIENTED_EDGE('',*,*,#4097,.T.);
#4111=ORIENTED_EDGE('',*,*,#3979,.T.);
#4112=EDGE_LOOP('',(#4108,#4109,#4110,#4111));
#4113=FACE_OUTER_BOUND('',#4112,.F.);
#4114=ADVANCED_FACE('',(#4113),#4106,.T.);
#4115=CARTESIAN_POINT('',(1.25E0,-6.215E0,-5.9075E0));
#4116=DIRECTION('',(0.E0,-2.631174057921E-1,9.647638212377E-1));
#4117=DIRECTION('',(0.E0,9.647638212377E-1,2.631174057921E-1));
#4118=AXIS2_PLACEMENT_3D('',#4115,#4116,#4117);
#4119=PLANE('',#4118);
#4121=ORIENTED_EDGE('',*,*,#4120,.T.);
#4122=ORIENTED_EDGE('',*,*,#4107,.F.);
#4124=ORIENTED_EDGE('',*,*,#4123,.F.);
#4126=ORIENTED_EDGE('',*,*,#4125,.T.);
#4127=EDGE_LOOP('',(#4121,#4122,#4124,#4126));
#4128=FACE_OUTER_BOUND('',#4127,.F.);
#4129=ADVANCED_FACE('',(#4128),#4119,.T.);
#4130=CARTESIAN_POINT('',(1.0075E0,-6.215E0,-6.15E0));
#4131=DIRECTION('',(-9.647638212377E-1,-2.631174057921E-1,0.E0));
#4132=DIRECTION('',(2.631174057921E-1,-9.647638212377E-1,0.E0));
#4133=AXIS2_PLACEMENT_3D('',#4130,#4131,#4132);
#4134=PLANE('',#4133);
#4135=ORIENTED_EDGE('',*,*,#4120,.F.);
#4137=ORIENTED_EDGE('',*,*,#4136,.F.);
#4139=ORIENTED_EDGE('',*,*,#4138,.T.);
#4140=ORIENTED_EDGE('',*,*,#3711,.T.);
#4141=EDGE_LOOP('',(#4135,#4137,#4139,#4140));
#4142=FACE_OUTER_BOUND('',#4141,.F.);
#4143=ADVANCED_FACE('',(#4142),#4134,.T.);
#4144=CARTESIAN_POINT('',(9.325E-1,-6.49E0,-5.8325E0));
#4145=DIRECTION('',(0.E0,-1.E0,0.E0));
#4146=DIRECTION('',(0.E0,0.E0,-1.E0));
#4147=AXIS2_PLACEMENT_3D('',#4144,#4145,#4146);
#4148=PLANE('',#4147);
#4150=ORIENTED_EDGE('',*,*,#4149,.T.);
#4151=ORIENTED_EDGE('',*,*,#4136,.T.);
#4152=ORIENTED_EDGE('',*,*,#4125,.F.);
#4154=ORIENTED_EDGE('',*,*,#4153,.T.);
#4155=EDGE_LOOP('',(#4150,#4151,#4152,#4154));
#4156=FACE_OUTER_BOUND('',#4155,.F.);
#4157=ADVANCED_FACE('',(#4156),#4148,.T.);
#4158=CARTESIAN_POINT('',(1.25E0,-6.215E0,-6.3925E0));
#4159=DIRECTION('',(0.E0,-2.631174057921E-1,-9.647638212377E-1));
#4160=DIRECTION('',(0.E0,-9.647638212377E-1,2.631174057921E-1));
#4161=AXIS2_PLACEMENT_3D('',#4158,#4159,#4160);
#4162=PLANE('',#4161);
#4163=ORIENTED_EDGE('',*,*,#4138,.F.);
#4164=ORIENTED_EDGE('',*,*,#4149,.F.);
#4166=ORIENTED_EDGE('',*,*,#4165,.T.);
#4168=ORIENTED_EDGE('',*,*,#4167,.T.);
#4169=EDGE_LOOP('',(#4163,#4164,#4166,#4168));
#4170=FACE_OUTER_BOUND('',#4169,.F.);
#4171=ADVANCED_FACE('',(#4170),#4162,.T.);
#4172=CARTESIAN_POINT('',(1.4925E0,-6.215E0,-6.15E0));
#4173=DIRECTION('',(9.647638212377E-1,-2.631174057921E-1,0.E0));
#4174=DIRECTION('',(-2.631174057921E-1,-9.647638212377E-1,0.E0));
#4175=AXIS2_PLACEMENT_3D('',#4172,#4173,#4174);
#4176=PLANE('',#4175);
#4177=ORIENTED_EDGE('',*,*,#4123,.T.);
#4178=ORIENTED_EDGE('',*,*,#3977,.T.);
#4179=ORIENTED_EDGE('',*,*,#4165,.F.);
#4180=ORIENTED_EDGE('',*,*,#4153,.F.);
#4181=EDGE_LOOP('',(#4177,#4178,#4179,#4180));
#4182=FACE_OUTER_BOUND('',#4181,.F.);
#4183=ADVANCED_FACE('',(#4182),#4176,.T.);
#4184=CARTESIAN_POINT('',(9.325E-1,-6.49E0,-6.4675E0));
#4185=DIRECTION('',(0.E0,0.E0,-1.E0));
#4186=DIRECTION('',(0.E0,1.E0,0.E0));
#4187=AXIS2_PLACEMENT_3D('',#4184,#4185,#4186);
#4188=PLANE('',#4187);
#4189=ORIENTED_EDGE('',*,*,#4167,.F.);
#4190=ORIENTED_EDGE('',*,*,#3990,.T.);
#4192=ORIENTED_EDGE('',*,*,#4191,.F.);
#4193=ORIENTED_EDGE('',*,*,#3713,.F.);
#4194=EDGE_LOOP('',(#4189,#4190,#4192,#4193));
#4195=FACE_OUTER_BOUND('',#4194,.F.);
#4196=ADVANCED_FACE('',(#4195),#4188,.T.);
#4197=CARTESIAN_POINT('',(9.325E-1,-1.8675E0,-5.5325E0));
#4198=DIRECTION('',(1.E0,0.E0,0.E0));
#4199=DIRECTION('',(0.E0,0.E0,-1.E0));
#4200=AXIS2_PLACEMENT_3D('',#4197,#4198,#4199);
#4201=CYLINDRICAL_SURFACE('',#4200,9.35E-1);
#4202=ORIENTED_EDGE('',*,*,#3715,.F.);
#4203=ORIENTED_EDGE('',*,*,#4191,.T.);
#4204=ORIENTED_EDGE('',*,*,#3988,.T.);
#4206=ORIENTED_EDGE('',*,*,#4205,.F.);
#4207=EDGE_LOOP('',(#4202,#4203,#4204,#4206));
#4208=FACE_OUTER_BOUND('',#4207,.F.);
#4209=ADVANCED_FACE('',(#4208),#4201,.T.);
#4210=CARTESIAN_POINT('',(9.325E-1,-9.325E-1,-5.5325E0));
#4211=DIRECTION('',(0.E0,1.E0,0.E0));
#4212=DIRECTION('',(0.E0,0.E0,1.E0));
#4213=AXIS2_PLACEMENT_3D('',#4210,#4211,#4212);
#4214=PLANE('',#4213);
#4215=ORIENTED_EDGE('',*,*,#3614,.F.);
#4216=ORIENTED_EDGE('',*,*,#3717,.F.);
#4217=ORIENTED_EDGE('',*,*,#4205,.T.);
#4218=ORIENTED_EDGE('',*,*,#3986,.T.);
#4219=EDGE_LOOP('',(#4215,#4216,#4217,#4218));
#4220=FACE_OUTER_BOUND('',#4219,.F.);
#4221=ADVANCED_FACE('',(#4220),#4214,.T.);
#4222=CARTESIAN_POINT('',(9.325E-1,-9.325E-1,-5.5325E0));
#4223=DIRECTION('',(0.E0,1.E0,0.E0));
#4224=DIRECTION('',(0.E0,0.E0,1.E0));
#4225=AXIS2_PLACEMENT_3D('',#4222,#4223,#4224);
#4226=PLANE('',#4225);
#4228=ORIENTED_EDGE('',*,*,#4227,.T.);
#4229=ORIENTED_EDGE('',*,*,#3678,.F.);
#4230=ORIENTED_EDGE('',*,*,#3165,.T.);
#4231=ORIENTED_EDGE('',*,*,#3947,.T.);
#4232=EDGE_LOOP('',(#4228,#4229,#4230,#4231));
#4233=FACE_OUTER_BOUND('',#4232,.F.);
#4234=ADVANCED_FACE('',(#4233),#4226,.T.);
#4235=CARTESIAN_POINT('',(1.25E0,-1.0075E0,2.525E0));
#4236=DIRECTION('',(0.E0,9.647638212377E-1,2.631174057921E-1));
#4237=DIRECTION('',(0.E0,2.631174057921E-1,-9.647638212377E-1));
#4238=AXIS2_PLACEMENT_3D('',#4235,#4236,#4237);
#4239=PLANE('',#4238);
#4240=ORIENTED_EDGE('',*,*,#4227,.F.);
#4241=ORIENTED_EDGE('',*,*,#4027,.F.);
#4242=ORIENTED_EDGE('',*,*,#4044,.T.);
#4244=ORIENTED_EDGE('',*,*,#4243,.T.);
#4245=EDGE_LOOP('',(#4240,#4241,#4242,#4244));
#4246=FACE_OUTER_BOUND('',#4245,.F.);
#4247=ADVANCED_FACE('',(#4246),#4239,.T.);
#4248=CARTESIAN_POINT('',(1.0075E0,-1.25E0,2.525E0));
#4249=DIRECTION('',(-9.647638212377E-1,0.E0,2.631174057921E-1));
#4250=DIRECTION('',(2.631174057921E-1,0.E0,9.647638212377E-1));
#4251=AXIS2_PLACEMENT_3D('',#4248,#4249,#4250);
#4252=PLANE('',#4251);
#4253=ORIENTED_EDGE('',*,*,#3673,.T.);
#4254=ORIENTED_EDGE('',*,*,#4243,.F.);
#4255=ORIENTED_EDGE('',*,*,#4042,.F.);
#4256=ORIENTED_EDGE('',*,*,#4057,.T.);
#4257=EDGE_LOOP('',(#4253,#4254,#4255,#4256));
#4258=FACE_OUTER_BOUND('',#4257,.F.);
#4259=ADVANCED_FACE('',(#4258),#4252,.T.);
#4260=CARTESIAN_POINT('',(1.4925E0,-6.215E0,-8.65E0));
#4261=DIRECTION('',(9.647638212377E-1,-2.631174057921E-1,0.E0));
#4262=DIRECTION('',(-2.631174057921E-1,-9.647638212377E-1,0.E0));
#4263=AXIS2_PLACEMENT_3D('',#4260,#4261,#4262);
#4264=PLANE('',#4263);
#4265=ORIENTED_EDGE('',*,*,#3865,.T.);
#4266=ORIENTED_EDGE('',*,*,#3960,.T.);
#4267=ORIENTED_EDGE('',*,*,#3837,.F.);
#4269=ORIENTED_EDGE('',*,*,#4268,.F.);
#4270=EDGE_LOOP('',(#4265,#4266,#4267,#4269));
#4271=FACE_OUTER_BOUND('',#4270,.F.);
#4272=ADVANCED_FACE('',(#4271),#4264,.T.);
#4273=CARTESIAN_POINT('',(9.325E-1,-6.49E0,-8.3325E0));
#4274=DIRECTION('',(0.E0,-1.E0,0.E0));
#4275=DIRECTION('',(0.E0,0.E0,-1.E0));
#4276=AXIS2_PLACEMENT_3D('',#4273,#4274,#4275);
#4277=PLANE('',#4276);
#4278=ORIENTED_EDGE('',*,*,#3835,.T.);
#4279=ORIENTED_EDGE('',*,*,#3850,.T.);
#4280=ORIENTED_EDGE('',*,*,#3867,.F.);
#4281=ORIENTED_EDGE('',*,*,#4268,.T.);
#4282=EDGE_LOOP('',(#4278,#4279,#4280,#4281));
#4283=FACE_OUTER_BOUND('',#4282,.F.);
#4284=ADVANCED_FACE('',(#4283),#4277,.T.);
#4285=CARTESIAN_POINT('',(-1.5675E0,-2.99E0,0.E0));
#4286=DIRECTION('',(1.E0,0.E0,0.E0));
#4287=DIRECTION('',(0.E0,0.E0,-1.E0));
#4288=AXIS2_PLACEMENT_3D('',#4285,#4286,#4287);
#4289=PLANE('',#4288);
#4291=ORIENTED_EDGE('',*,*,#4290,.F.);
#4293=ORIENTED_EDGE('',*,*,#4292,.T.);
#4295=ORIENTED_EDGE('',*,*,#4294,.T.);
#4297=ORIENTED_EDGE('',*,*,#4296,.T.);
#4298=EDGE_LOOP('',(#4291,#4293,#4295,#4297));
#4299=FACE_OUTER_BOUND('',#4298,.F.);
#4300=ADVANCED_FACE('',(#4299),#4289,.F.);
#4301=CARTESIAN_POINT('',(-1.5675E0,-2.99E0,0.E0));
#4302=DIRECTION('',(1.E0,0.E0,0.E0));
#4303=DIRECTION('',(0.E0,0.E0,-1.E0));
#4304=AXIS2_PLACEMENT_3D('',#4301,#4302,#4303);
#4305=PLANE('',#4304);
#4307=ORIENTED_EDGE('',*,*,#4306,.F.);
#4309=ORIENTED_EDGE('',*,*,#4308,.T.);
#4311=ORIENTED_EDGE('',*,*,#4310,.T.);
#4313=ORIENTED_EDGE('',*,*,#4312,.T.);
#4314=ORIENTED_EDGE('',*,*,#3642,.F.);
#4316=ORIENTED_EDGE('',*,*,#4315,.T.);
#4318=ORIENTED_EDGE('',*,*,#4317,.T.);
#4320=ORIENTED_EDGE('',*,*,#4319,.T.);
#4321=EDGE_LOOP('',(#4307,#4309,#4311,#4313,#4314,#4316,#4318,#4320));
#4322=FACE_OUTER_BOUND('',#4321,.F.);
#4323=ADVANCED_FACE('',(#4322),#4305,.F.);
#4324=CARTESIAN_POINT('',(-1.5675E0,-2.99E0,0.E0));
#4325=DIRECTION('',(1.E0,0.E0,0.E0));
#4326=DIRECTION('',(0.E0,0.E0,-1.E0));
#4327=AXIS2_PLACEMENT_3D('',#4324,#4325,#4326);
#4328=PLANE('',#4327);
#4330=ORIENTED_EDGE('',*,*,#4329,.F.);
#4332=ORIENTED_EDGE('',*,*,#4331,.T.);
#4334=ORIENTED_EDGE('',*,*,#4333,.T.);
#4336=ORIENTED_EDGE('',*,*,#4335,.T.);
#4337=ORIENTED_EDGE('',*,*,#3632,.F.);
#4339=ORIENTED_EDGE('',*,*,#4338,.T.);
#4341=ORIENTED_EDGE('',*,*,#4340,.T.);
#4343=ORIENTED_EDGE('',*,*,#4342,.T.);
#4344=EDGE_LOOP('',(#4330,#4332,#4334,#4336,#4337,#4339,#4341,#4343));
#4345=FACE_OUTER_BOUND('',#4344,.F.);
#4346=ADVANCED_FACE('',(#4345),#4328,.F.);
#4347=CARTESIAN_POINT('',(-1.5675E0,-2.99E0,0.E0));
#4348=DIRECTION('',(1.E0,0.E0,0.E0));
#4349=DIRECTION('',(0.E0,0.E0,-1.E0));
#4350=AXIS2_PLACEMENT_3D('',#4347,#4348,#4349);
#4351=PLANE('',#4350);
#4353=ORIENTED_EDGE('',*,*,#4352,.F.);
#4355=ORIENTED_EDGE('',*,*,#4354,.T.);
#4357=ORIENTED_EDGE('',*,*,#4356,.T.);
#4359=ORIENTED_EDGE('',*,*,#4358,.T.);
#4360=EDGE_LOOP('',(#4353,#4355,#4357,#4359));
#4361=FACE_OUTER_BOUND('',#4360,.F.);
#4362=ADVANCED_FACE('',(#4361),#4351,.F.);
#4363=CARTESIAN_POINT('',(-1.4925E0,1.25E0,2.525E0));
#4364=DIRECTION('',(-9.647638212377E-1,0.E0,2.631174057921E-1));
#4365=DIRECTION('',(2.631174057921E-1,0.E0,9.647638212377E-1));
#4366=AXIS2_PLACEMENT_3D('',#4363,#4364,#4365);
#4367=PLANE('',#4366);
#4369=ORIENTED_EDGE('',*,*,#4368,.F.);
#4371=ORIENTED_EDGE('',*,*,#4370,.T.);
#4372=ORIENTED_EDGE('',*,*,#4290,.T.);
#4374=ORIENTED_EDGE('',*,*,#4373,.T.);
#4375=EDGE_LOOP('',(#4369,#4371,#4372,#4374));
#4376=FACE_OUTER_BOUND('',#4375,.F.);
#4377=ADVANCED_FACE('',(#4376),#4367,.T.);
#4378=CARTESIAN_POINT('',(-1.5675E0,1.5675E0,2.8E0));
#4379=DIRECTION('',(0.E0,0.E0,1.E0));
#4380=DIRECTION('',(0.E0,-1.E0,0.E0));
#4381=AXIS2_PLACEMENT_3D('',#4378,#4379,#4380);
#4382=PLANE('',#4381);
#4384=ORIENTED_EDGE('',*,*,#4383,.F.);
#4386=ORIENTED_EDGE('',*,*,#4385,.T.);
#4388=ORIENTED_EDGE('',*,*,#4387,.T.);
#4389=ORIENTED_EDGE('',*,*,#4368,.T.);
#4390=EDGE_LOOP('',(#4384,#4386,#4388,#4389));
#4391=FACE_OUTER_BOUND('',#4390,.F.);
#4392=ADVANCED_FACE('',(#4391),#4382,.T.);
#4393=CARTESIAN_POINT('',(-1.25E0,1.4925E0,2.525E0));
#4394=DIRECTION('',(0.E0,9.647638212377E-1,2.631174057921E-1));
#4395=DIRECTION('',(0.E0,2.631174057921E-1,-9.647638212377E-1));
#4396=AXIS2_PLACEMENT_3D('',#4393,#4394,#4395);
#4397=PLANE('',#4396);
#4398=ORIENTED_EDGE('',*,*,#4383,.T.);
#4399=ORIENTED_EDGE('',*,*,#4373,.F.);
#4401=ORIENTED_EDGE('',*,*,#4400,.F.);
#4403=ORIENTED_EDGE('',*,*,#4402,.F.);
#4404=EDGE_LOOP('',(#4398,#4399,#4401,#4403));
#4405=FACE_OUTER_BOUND('',#4404,.F.);
#4406=ADVANCED_FACE('',(#4405),#4397,.T.);
#4407=CARTESIAN_POINT('',(-1.5675E0,1.5675E0,-8.0325E0));
#4408=DIRECTION('',(0.E0,1.E0,0.E0));
#4409=DIRECTION('',(0.E0,0.E0,1.E0));
#4410=AXIS2_PLACEMENT_3D('',#4407,#4408,#4409);
#4411=PLANE('',#4410);
#4412=ORIENTED_EDGE('',*,*,#3644,.F.);
#4413=ORIENTED_EDGE('',*,*,#4312,.F.);
#4415=ORIENTED_EDGE('',*,*,#4414,.T.);
#4417=ORIENTED_EDGE('',*,*,#4416,.T.);
#4418=EDGE_LOOP('',(#4412,#4413,#4415,#4417));
#4419=FACE_OUTER_BOUND('',#4418,.F.);
#4420=ADVANCED_FACE('',(#4419),#4411,.T.);
#4421=CARTESIAN_POINT('',(-1.5675E0,1.5675E0,-8.0325E0));
#4422=DIRECTION('',(0.E0,1.E0,0.E0));
#4423=DIRECTION('',(0.E0,0.E0,1.E0));
#4424=AXIS2_PLACEMENT_3D('',#4421,#4422,#4423);
#4425=PLANE('',#4424);
#4426=ORIENTED_EDGE('',*,*,#4400,.T.);
#4427=ORIENTED_EDGE('',*,*,#4296,.F.);
#4429=ORIENTED_EDGE('',*,*,#4428,.T.);
#4431=ORIENTED_EDGE('',*,*,#4430,.T.);
#4432=EDGE_LOOP('',(#4426,#4427,#4429,#4431));
#4433=FACE_OUTER_BOUND('',#4432,.F.);
#4434=ADVANCED_FACE('',(#4433),#4425,.T.);
#4435=CARTESIAN_POINT('',(-1.5675E0,6.325E-1,-8.0325E0));
#4436=DIRECTION('',(1.E0,0.E0,0.E0));
#4437=DIRECTION('',(0.E0,0.E0,-1.E0));
#4438=AXIS2_PLACEMENT_3D('',#4435,#4436,#4437);
#4439=CYLINDRICAL_SURFACE('',#4438,9.35E-1);
#4440=ORIENTED_EDGE('',*,*,#4310,.F.);
#4442=ORIENTED_EDGE('',*,*,#4441,.T.);
#4444=ORIENTED_EDGE('',*,*,#4443,.T.);
#4445=ORIENTED_EDGE('',*,*,#4414,.F.);
#4446=EDGE_LOOP('',(#4440,#4442,#4444,#4445));
#4447=FACE_OUTER_BOUND('',#4446,.F.);
#4448=ADVANCED_FACE('',(#4447),#4439,.T.);
#4449=CARTESIAN_POINT('',(-1.5675E0,-6.49E0,-8.9675E0));
#4450=DIRECTION('',(0.E0,0.E0,-1.E0));
#4451=DIRECTION('',(0.E0,1.E0,0.E0));
#4452=AXIS2_PLACEMENT_3D('',#4449,#4450,#4451);
#4453=PLANE('',#4452);
#4455=ORIENTED_EDGE('',*,*,#4454,.F.);
#4457=ORIENTED_EDGE('',*,*,#4456,.T.);
#4458=ORIENTED_EDGE('',*,*,#4441,.F.);
#4459=ORIENTED_EDGE('',*,*,#4308,.F.);
#4460=EDGE_LOOP('',(#4455,#4457,#4458,#4459));
#4461=FACE_OUTER_BOUND('',#4460,.F.);
#4462=ADVANCED_FACE('',(#4461),#4453,.T.);
#4463=CARTESIAN_POINT('',(-1.25E0,-6.215E0,-8.8925E0));
#4464=DIRECTION('',(0.E0,-2.631174057921E-1,-9.647638212377E-1));
#4465=DIRECTION('',(0.E0,-9.647638212377E-1,2.631174057921E-1));
#4466=AXIS2_PLACEMENT_3D('',#4463,#4464,#4465);
#4467=PLANE('',#4466);
#4468=ORIENTED_EDGE('',*,*,#4454,.T.);
#4470=ORIENTED_EDGE('',*,*,#4469,.F.);
#4472=ORIENTED_EDGE('',*,*,#4471,.F.);
#4474=ORIENTED_EDGE('',*,*,#4473,.F.);
#4475=EDGE_LOOP('',(#4468,#4470,#4472,#4474));
#4476=FACE_OUTER_BOUND('',#4475,.F.);
#4477=ADVANCED_FACE('',(#4476),#4467,.T.);
#4478=CARTESIAN_POINT('',(-1.4925E0,-6.215E0,-8.65E0));
#4479=DIRECTION('',(-9.647638212377E-1,-2.631174057921E-1,0.E0));
#4480=DIRECTION('',(2.631174057921E-1,-9.647638212377E-1,0.E0));
#4481=AXIS2_PLACEMENT_3D('',#4478,#4479,#4480);
#4482=PLANE('',#4481);
#4483=ORIENTED_EDGE('',*,*,#4306,.T.);
#4485=ORIENTED_EDGE('',*,*,#4484,.F.);
#4487=ORIENTED_EDGE('',*,*,#4486,.F.);
#4488=ORIENTED_EDGE('',*,*,#4469,.T.);
#4489=EDGE_LOOP('',(#4483,#4485,#4487,#4488));
#4490=FACE_OUTER_BOUND('',#4489,.F.);
#4491=ADVANCED_FACE('',(#4490),#4482,.T.);
#4492=CARTESIAN_POINT('',(-1.25E0,-6.215E0,-8.4075E0));
#4493=DIRECTION('',(0.E0,-2.631174057921E-1,9.647638212377E-1));
#4494=DIRECTION('',(0.E0,9.647638212377E-1,2.631174057921E-1));
#4495=AXIS2_PLACEMENT_3D('',#4492,#4493,#4494);
#4496=PLANE('',#4495);
#4498=ORIENTED_EDGE('',*,*,#4497,.F.);
#4500=ORIENTED_EDGE('',*,*,#4499,.F.);
#4502=ORIENTED_EDGE('',*,*,#4501,.T.);
#4503=ORIENTED_EDGE('',*,*,#4484,.T.);
#4504=EDGE_LOOP('',(#4498,#4500,#4502,#4503));
#4505=FACE_OUTER_BOUND('',#4504,.F.);
#4506=ADVANCED_FACE('',(#4505),#4496,.T.);
#4507=CARTESIAN_POINT('',(-1.5675E0,6.325E-1,-8.3325E0));
#4508=DIRECTION('',(0.E0,0.E0,1.E0));
#4509=DIRECTION('',(0.E0,-1.E0,0.E0));
#4510=AXIS2_PLACEMENT_3D('',#4507,#4508,#4509);
#4511=PLANE('',#4510);
#4512=ORIENTED_EDGE('',*,*,#4497,.T.);
#4513=ORIENTED_EDGE('',*,*,#4319,.F.);
#4515=ORIENTED_EDGE('',*,*,#4514,.T.);
#4517=ORIENTED_EDGE('',*,*,#4516,.T.);
#4518=EDGE_LOOP('',(#4512,#4513,#4515,#4517));
#4519=FACE_OUTER_BOUND('',#4518,.F.);
#4520=ADVANCED_FACE('',(#4519),#4511,.T.);
#4521=CARTESIAN_POINT('',(-1.5675E0,6.325E-1,-8.0325E0));
#4522=DIRECTION('',(1.E0,0.E0,0.E0));
#4523=DIRECTION('',(0.E0,0.E0,-1.E0));
#4524=AXIS2_PLACEMENT_3D('',#4521,#4522,#4523);
#4525=CYLINDRICAL_SURFACE('',#4524,3.E-1);
#4526=ORIENTED_EDGE('',*,*,#4317,.F.);
#4528=ORIENTED_EDGE('',*,*,#4527,.T.);
#4530=ORIENTED_EDGE('',*,*,#4529,.T.);
#4531=ORIENTED_EDGE('',*,*,#4514,.F.);
#4532=EDGE_LOOP('',(#4526,#4528,#4530,#4531));
#4533=FACE_OUTER_BOUND('',#4532,.F.);
#4534=ADVANCED_FACE('',(#4533),#4525,.F.);
#4535=CARTESIAN_POINT('',(-1.5675E0,9.325E-1,2.8E0));
#4536=DIRECTION('',(0.E0,-1.E0,0.E0));
#4537=DIRECTION('',(0.E0,0.E0,-1.E0));
#4538=AXIS2_PLACEMENT_3D('',#4535,#4536,#4537);
#4539=PLANE('',#4538);
#4540=ORIENTED_EDGE('',*,*,#3648,.T.);
#4542=ORIENTED_EDGE('',*,*,#4541,.T.);
#4543=ORIENTED_EDGE('',*,*,#4527,.F.);
#4544=ORIENTED_EDGE('',*,*,#4315,.F.);
#4545=EDGE_LOOP('',(#4540,#4542,#4543,#4544));
#4546=FACE_OUTER_BOUND('',#4545,.F.);
#4547=ADVANCED_FACE('',(#4546),#4539,.T.);
#4548=CARTESIAN_POINT('',(-1.5675E0,9.325E-1,2.8E0));
#4549=DIRECTION('',(0.E0,-1.E0,0.E0));
#4550=DIRECTION('',(0.E0,0.E0,-1.E0));
#4551=AXIS2_PLACEMENT_3D('',#4548,#4549,#4550);
#4552=PLANE('',#4551);
#4554=ORIENTED_EDGE('',*,*,#4553,.F.);
#4556=ORIENTED_EDGE('',*,*,#4555,.T.);
#4558=ORIENTED_EDGE('',*,*,#4557,.F.);
#4559=ORIENTED_EDGE('',*,*,#4292,.F.);
#4560=EDGE_LOOP('',(#4554,#4556,#4558,#4559));
#4561=FACE_OUTER_BOUND('',#4560,.F.);
#4562=ADVANCED_FACE('',(#4561),#4552,.T.);
#4563=CARTESIAN_POINT('',(-9.325E-1,-2.99E0,0.E0));
#4564=DIRECTION('',(1.E0,0.E0,0.E0));
#4565=DIRECTION('',(0.E0,0.E0,-1.E0));
#4566=AXIS2_PLACEMENT_3D('',#4563,#4564,#4565);
#4567=PLANE('',#4566);
#4569=ORIENTED_EDGE('',*,*,#4568,.F.);
#4570=ORIENTED_EDGE('',*,*,#4430,.F.);
#4572=ORIENTED_EDGE('',*,*,#4571,.F.);
#4573=ORIENTED_EDGE('',*,*,#4555,.F.);
#4574=EDGE_LOOP('',(#4569,#4570,#4572,#4573));
#4575=FACE_OUTER_BOUND('',#4574,.F.);
#4576=ADVANCED_FACE('',(#4575),#4567,.T.);
#4577=CARTESIAN_POINT('',(-9.325E-1,-2.99E0,0.E0));
#4578=DIRECTION('',(1.E0,0.E0,0.E0));
#4579=DIRECTION('',(0.E0,0.E0,-1.E0));
#4580=AXIS2_PLACEMENT_3D('',#4577,#4578,#4579);
#4581=PLANE('',#4580);
#4583=ORIENTED_EDGE('',*,*,#4582,.F.);
#4584=ORIENTED_EDGE('',*,*,#4516,.F.);
#4585=ORIENTED_EDGE('',*,*,#4529,.F.);
#4586=ORIENTED_EDGE('',*,*,#4541,.F.);
#4587=ORIENTED_EDGE('',*,*,#3646,.T.);
#4588=ORIENTED_EDGE('',*,*,#4416,.F.);
#4589=ORIENTED_EDGE('',*,*,#4443,.F.);
#4590=ORIENTED_EDGE('',*,*,#4456,.F.);
#4591=EDGE_LOOP('',(#4583,#4584,#4585,#4586,#4587,#4588,#4589,#4590));
#4592=FACE_OUTER_BOUND('',#4591,.F.);
#4593=ADVANCED_FACE('',(#4592),#4581,.T.);
#4594=CARTESIAN_POINT('',(-9.325E-1,-2.99E0,0.E0));
#4595=DIRECTION('',(1.E0,0.E0,0.E0));
#4596=DIRECTION('',(0.E0,0.E0,-1.E0));
#4597=AXIS2_PLACEMENT_3D('',#4594,#4595,#4596);
#4598=PLANE('',#4597);
#4600=ORIENTED_EDGE('',*,*,#4599,.F.);
#4602=ORIENTED_EDGE('',*,*,#4601,.F.);
#4604=ORIENTED_EDGE('',*,*,#4603,.F.);
#4606=ORIENTED_EDGE('',*,*,#4605,.F.);
#4607=ORIENTED_EDGE('',*,*,#3636,.T.);
#4609=ORIENTED_EDGE('',*,*,#4608,.F.);
#4611=ORIENTED_EDGE('',*,*,#4610,.F.);
#4613=ORIENTED_EDGE('',*,*,#4612,.F.);
#4614=EDGE_LOOP('',(#4600,#4602,#4604,#4606,#4607,#4609,#4611,#4613));
#4615=FACE_OUTER_BOUND('',#4614,.F.);
#4616=ADVANCED_FACE('',(#4615),#4598,.T.);
#4617=CARTESIAN_POINT('',(-9.325E-1,-2.99E0,0.E0));
#4618=DIRECTION('',(1.E0,0.E0,0.E0));
#4619=DIRECTION('',(0.E0,0.E0,-1.E0));
#4620=AXIS2_PLACEMENT_3D('',#4617,#4618,#4619);
#4621=PLANE('',#4620);
#4623=ORIENTED_EDGE('',*,*,#4622,.F.);
#4625=ORIENTED_EDGE('',*,*,#4624,.F.);
#4627=ORIENTED_EDGE('',*,*,#4626,.F.);
#4629=ORIENTED_EDGE('',*,*,#4628,.F.);
#4630=EDGE_LOOP('',(#4623,#4625,#4627,#4629));
#4631=FACE_OUTER_BOUND('',#4630,.F.);
#4632=ADVANCED_FACE('',(#4631),#4621,.T.);
#4633=CARTESIAN_POINT('',(-1.0075E0,1.25E0,2.525E0));
#4634=DIRECTION('',(9.647638212377E-1,0.E0,2.631174057921E-1));
#4635=DIRECTION('',(-2.631174057921E-1,0.E0,9.647638212377E-1));
#4636=AXIS2_PLACEMENT_3D('',#4633,#4634,#4635);
#4637=PLANE('',#4636);
#4638=ORIENTED_EDGE('',*,*,#4385,.F.);
#4639=ORIENTED_EDGE('',*,*,#4402,.T.);
#4640=ORIENTED_EDGE('',*,*,#4568,.T.);
#4642=ORIENTED_EDGE('',*,*,#4641,.T.);
#4643=EDGE_LOOP('',(#4638,#4639,#4640,#4642));
#4644=FACE_OUTER_BOUND('',#4643,.F.);
#4645=ADVANCED_FACE('',(#4644),#4637,.T.);
#4646=CARTESIAN_POINT('',(-1.25E0,1.0075E0,2.525E0));
#4647=DIRECTION('',(0.E0,-9.647638212377E-1,2.631174057921E-1));
#4648=DIRECTION('',(0.E0,2.631174057921E-1,9.647638212377E-1));
#4649=AXIS2_PLACEMENT_3D('',#4646,#4647,#4648);
#4650=PLANE('',#4649);
#4651=ORIENTED_EDGE('',*,*,#4553,.T.);
#4652=ORIENTED_EDGE('',*,*,#4370,.F.);
#4653=ORIENTED_EDGE('',*,*,#4387,.F.);
#4654=ORIENTED_EDGE('',*,*,#4641,.F.);
#4655=EDGE_LOOP('',(#4651,#4652,#4653,#4654));
#4656=FACE_OUTER_BOUND('',#4655,.F.);
#4657=ADVANCED_FACE('',(#4656),#4650,.T.);
#4658=CARTESIAN_POINT('',(0.E0,-2.99E0,-1.77E0));
#4659=DIRECTION('',(0.E0,0.E0,1.E0));
#4660=DIRECTION('',(1.E0,0.E0,0.E0));
#4661=AXIS2_PLACEMENT_3D('',#4658,#4659,#4660);
#4662=PLANE('',#4661);
#4664=ORIENTED_EDGE('',*,*,#4663,.F.);
#4666=ORIENTED_EDGE('',*,*,#4665,.F.);
#4668=ORIENTED_EDGE('',*,*,#4667,.F.);
#4670=ORIENTED_EDGE('',*,*,#4669,.F.);
#4671=EDGE_LOOP('',(#4664,#4666,#4668,#4670));
#4672=FACE_OUTER_BOUND('',#4671,.F.);
#4673=ORIENTED_EDGE('',*,*,#4294,.F.);
#4674=ORIENTED_EDGE('',*,*,#4557,.T.);
#4675=ORIENTED_EDGE('',*,*,#4571,.T.);
#4676=ORIENTED_EDGE('',*,*,#4428,.F.);
#4677=EDGE_LOOP('',(#4673,#4674,#4675,#4676));
#4678=FACE_BOUND('',#4677,.F.);
#4679=ADVANCED_FACE('',(#4672,#4678),#4662,.T.);
#4680=CARTESIAN_POINT('',(0.E0,-2.99E0,-1.77E0));
#4681=DIRECTION('',(0.E0,0.E0,1.E0));
#4682=DIRECTION('',(1.E0,0.E0,0.E0));
#4683=AXIS2_PLACEMENT_3D('',#4680,#4681,#4682);
#4684=PLANE('',#4683);
#4686=ORIENTED_EDGE('',*,*,#4685,.F.);
#4688=ORIENTED_EDGE('',*,*,#4687,.F.);
#4690=ORIENTED_EDGE('',*,*,#4689,.F.);
#4692=ORIENTED_EDGE('',*,*,#4691,.F.);
#4693=EDGE_LOOP('',(#4686,#4688,#4690,#4692));
#4694=FACE_OUTER_BOUND('',#4693,.F.);
#4695=ORIENTED_EDGE('',*,*,#4356,.F.);
#4697=ORIENTED_EDGE('',*,*,#4696,.T.);
#4698=ORIENTED_EDGE('',*,*,#4626,.T.);
#4700=ORIENTED_EDGE('',*,*,#4699,.F.);
#4701=EDGE_LOOP('',(#4695,#4697,#4698,#4700));
#4702=FACE_BOUND('',#4701,.F.);
#4703=ADVANCED_FACE('',(#4694,#4702),#4684,.T.);
#4704=CARTESIAN_POINT('',(-2.36E0,-2.5E-1,-7.E-2));
#4705=DIRECTION('',(-1.E0,0.E0,0.E0));
#4706=DIRECTION('',(0.E0,0.E0,1.E0));
#4707=AXIS2_PLACEMENT_3D('',#4704,#4705,#4706);
#4708=PLANE('',#4707);
#4710=ORIENTED_EDGE('',*,*,#4709,.F.);
#4712=ORIENTED_EDGE('',*,*,#4711,.T.);
#4713=ORIENTED_EDGE('',*,*,#4687,.T.);
#4715=ORIENTED_EDGE('',*,*,#4714,.F.);
#4716=ORIENTED_EDGE('',*,*,#3004,.T.);
#4718=ORIENTED_EDGE('',*,*,#4717,.T.);
#4719=ORIENTED_EDGE('',*,*,#4663,.T.);
#4721=ORIENTED_EDGE('',*,*,#4720,.F.);
#4722=EDGE_LOOP('',(#4710,#4712,#4713,#4715,#4716,#4718,#4719,#4721));
#4723=FACE_OUTER_BOUND('',#4722,.F.);
#4724=ADVANCED_FACE('',(#4723),#4708,.F.);
#4725=CARTESIAN_POINT('',(-1.65E0,-2.5E-1,-7.E-2));
#4726=DIRECTION('',(0.E0,0.E0,-1.E0));
#4727=DIRECTION('',(-1.E0,0.E0,0.E0));
#4728=AXIS2_PLACEMENT_3D('',#4725,#4726,#4727);
#4729=PLANE('',#4728);
#4730=ORIENTED_EDGE('',*,*,#4709,.T.);
#4732=ORIENTED_EDGE('',*,*,#4731,.T.);
#4734=ORIENTED_EDGE('',*,*,#4733,.F.);
#4736=ORIENTED_EDGE('',*,*,#4735,.F.);
#4737=EDGE_LOOP('',(#4730,#4732,#4734,#4736));
#4738=FACE_OUTER_BOUND('',#4737,.F.);
#4739=ADVANCED_FACE('',(#4738),#4729,.F.);
#4740=CARTESIAN_POINT('',(-2.36E0,1.55E-1,4.23E0));
#4741=DIRECTION('',(0.E0,-1.E0,0.E0));
#4742=DIRECTION('',(1.E0,0.E0,0.E0));
#4743=AXIS2_PLACEMENT_3D('',#4740,#4741,#4742);
#4744=PLANE('',#4743);
#4746=ORIENTED_EDGE('',*,*,#4745,.T.);
#4748=ORIENTED_EDGE('',*,*,#4747,.T.);
#4749=ORIENTED_EDGE('',*,*,#4731,.F.);
#4750=ORIENTED_EDGE('',*,*,#4720,.T.);
#4751=ORIENTED_EDGE('',*,*,#4669,.T.);
#4753=ORIENTED_EDGE('',*,*,#4752,.F.);
#4754=ORIENTED_EDGE('',*,*,#3014,.F.);
#4755=EDGE_LOOP('',(#4746,#4748,#4749,#4750,#4751,#4753,#4754));
#4756=FACE_OUTER_BOUND('',#4755,.F.);
#4757=ADVANCED_FACE('',(#4756),#4744,.F.);
#4758=CARTESIAN_POINT('',(-1.05E0,-2.5E-1,4.23E0));
#4759=DIRECTION('',(7.071067811865E-1,0.E0,-7.071067811865E-1));
#4760=DIRECTION('',(-7.071067811865E-1,0.E0,-7.071067811865E-1));
#4761=AXIS2_PLACEMENT_3D('',#4758,#4759,#4760);
#4762=PLANE('',#4761);
#4763=ORIENTED_EDGE('',*,*,#3012,.F.);
#4765=ORIENTED_EDGE('',*,*,#4764,.T.);
#4767=ORIENTED_EDGE('',*,*,#4766,.T.);
#4768=ORIENTED_EDGE('',*,*,#4745,.F.);
#4769=EDGE_LOOP('',(#4763,#4765,#4767,#4768));
#4770=FACE_OUTER_BOUND('',#4769,.F.);
#4771=ADVANCED_FACE('',(#4770),#4762,.F.);
#4772=CARTESIAN_POINT('',(-1.4E-1,-1.55E-1,4.23E0));
#4773=DIRECTION('',(0.E0,1.E0,0.E0));
#4774=DIRECTION('',(-1.E0,0.E0,0.E0));
#4775=AXIS2_PLACEMENT_3D('',#4772,#4773,#4774);
#4776=PLANE('',#4775);
#4777=ORIENTED_EDGE('',*,*,#4764,.F.);
#4778=ORIENTED_EDGE('',*,*,#3010,.F.);
#4780=ORIENTED_EDGE('',*,*,#4779,.T.);
#4781=ORIENTED_EDGE('',*,*,#4689,.T.);
#4782=ORIENTED_EDGE('',*,*,#4711,.F.);
#4783=ORIENTED_EDGE('',*,*,#4735,.T.);
#4785=ORIENTED_EDGE('',*,*,#4784,.F.);
#4786=EDGE_LOOP('',(#4777,#4778,#4780,#4781,#4782,#4783,#4785));
#4787=FACE_OUTER_BOUND('',#4786,.F.);
#4788=ADVANCED_FACE('',(#4787),#4776,.F.);
#4789=CARTESIAN_POINT('',(-1.4E-1,-2.345E0,4.23E0));
#4790=DIRECTION('',(1.E0,0.E0,0.E0));
#4791=DIRECTION('',(0.E0,1.E0,0.E0));
#4792=AXIS2_PLACEMENT_3D('',#4789,#4790,#4791);
#4793=PLANE('',#4792);
#4794=ORIENTED_EDGE('',*,*,#3008,.F.);
#4796=ORIENTED_EDGE('',*,*,#4795,.T.);
#4797=ORIENTED_EDGE('',*,*,#4691,.T.);
#4798=ORIENTED_EDGE('',*,*,#4779,.F.);
#4799=EDGE_LOOP('',(#4794,#4796,#4797,#4798));
#4800=FACE_OUTER_BOUND('',#4799,.F.);
#4801=ADVANCED_FACE('',(#4800),#4793,.F.);
#4802=CARTESIAN_POINT('',(-2.36E0,-2.345E0,4.23E0));
#4803=DIRECTION('',(0.E0,-1.E0,0.E0));
#4804=DIRECTION('',(1.E0,0.E0,0.E0));
#4805=AXIS2_PLACEMENT_3D('',#4802,#4803,#4804);
#4806=PLANE('',#4805);
#4807=ORIENTED_EDGE('',*,*,#3006,.F.);
#4808=ORIENTED_EDGE('',*,*,#4714,.T.);
#4809=ORIENTED_EDGE('',*,*,#4685,.T.);
#4810=ORIENTED_EDGE('',*,*,#4795,.F.);
#4811=EDGE_LOOP('',(#4807,#4808,#4809,#4810));
#4812=FACE_OUTER_BOUND('',#4811,.F.);
#4813=ADVANCED_FACE('',(#4812),#4806,.F.);
#4814=CARTESIAN_POINT('',(-1.65E0,-2.5E-1,3.63E0));
#4815=DIRECTION('',(1.E0,0.E0,0.E0));
#4816=DIRECTION('',(0.E0,0.E0,-1.E0));
#4817=AXIS2_PLACEMENT_3D('',#4814,#4815,#4816);
#4818=PLANE('',#4817);
#4819=ORIENTED_EDGE('',*,*,#4766,.F.);
#4820=ORIENTED_EDGE('',*,*,#4784,.T.);
#4821=ORIENTED_EDGE('',*,*,#4733,.T.);
#4822=ORIENTED_EDGE('',*,*,#4747,.F.);
#4823=EDGE_LOOP('',(#4819,#4820,#4821,#4822));
#4824=FACE_OUTER_BOUND('',#4823,.F.);
#4825=ADVANCED_FACE('',(#4824),#4818,.F.);
#4826=CARTESIAN_POINT('',(-1.4E-1,1.55E-1,4.23E0));
#4827=DIRECTION('',(1.E0,0.E0,0.E0));
#4828=DIRECTION('',(0.E0,1.E0,0.E0));
#4829=AXIS2_PLACEMENT_3D('',#4826,#4827,#4828);
#4830=PLANE('',#4829);
#4831=ORIENTED_EDGE('',*,*,#3016,.F.);
#4832=ORIENTED_EDGE('',*,*,#4752,.T.);
#4833=ORIENTED_EDGE('',*,*,#4667,.T.);
#4835=ORIENTED_EDGE('',*,*,#4834,.F.);
#4836=EDGE_LOOP('',(#4831,#4832,#4833,#4835));
#4837=FACE_OUTER_BOUND('',#4836,.F.);
#4838=ADVANCED_FACE('',(#4837),#4830,.F.);
#4839=CARTESIAN_POINT('',(-1.4E-1,2.345E0,4.23E0));
#4840=DIRECTION('',(0.E0,1.E0,0.E0));
#4841=DIRECTION('',(-1.E0,0.E0,0.E0));
#4842=AXIS2_PLACEMENT_3D('',#4839,#4840,#4841);
#4843=PLANE('',#4842);
#4844=ORIENTED_EDGE('',*,*,#3222,.F.);
#4846=ORIENTED_EDGE('',*,*,#4845,.F.);
#4847=ORIENTED_EDGE('',*,*,#3018,.F.);
#4848=ORIENTED_EDGE('',*,*,#4834,.T.);
#4849=ORIENTED_EDGE('',*,*,#4665,.T.);
#4850=ORIENTED_EDGE('',*,*,#4717,.F.);
#4851=ORIENTED_EDGE('',*,*,#3002,.F.);
#4852=ORIENTED_EDGE('',*,*,#3365,.T.);
#4853=EDGE_LOOP('',(#4844,#4846,#4847,#4848,#4849,#4850,#4851,#4852));
#4854=FACE_OUTER_BOUND('',#4853,.F.);
#4855=ADVANCED_FACE('',(#4854),#4843,.F.);
#4856=CARTESIAN_POINT('',(-1.33E0,2.345E0,5.69E0));
#4857=DIRECTION('',(1.E0,0.E0,0.E0));
#4858=DIRECTION('',(0.E0,1.E0,0.E0));
#4859=AXIS2_PLACEMENT_3D('',#4856,#4857,#4858);
#4860=PLANE('',#4859);
#4861=ORIENTED_EDGE('',*,*,#3020,.F.);
#4862=ORIENTED_EDGE('',*,*,#4845,.T.);
#4863=ORIENTED_EDGE('',*,*,#3220,.T.);
#4865=ORIENTED_EDGE('',*,*,#4864,.F.);
#4866=EDGE_LOOP('',(#4861,#4862,#4863,#4865));
#4867=FACE_OUTER_BOUND('',#4866,.F.);
#4868=ADVANCED_FACE('',(#4867),#4860,.F.);
#4869=CARTESIAN_POINT('',(-1.33E0,2.62E0,5.69E0));
#4870=DIRECTION('',(0.E0,-1.E0,0.E0));
#4871=DIRECTION('',(1.E0,0.E0,0.E0));
#4872=AXIS2_PLACEMENT_3D('',#4869,#4870,#4871);
#4873=PLANE('',#4872);
#4874=ORIENTED_EDGE('',*,*,#3022,.F.);
#4875=ORIENTED_EDGE('',*,*,#4864,.T.);
#4876=ORIENTED_EDGE('',*,*,#3218,.T.);
#4878=ORIENTED_EDGE('',*,*,#4877,.F.);
#4879=EDGE_LOOP('',(#4874,#4875,#4876,#4878));
#4880=FACE_OUTER_BOUND('',#4879,.F.);
#4881=ADVANCED_FACE('',(#4880),#4873,.F.);
#4882=CARTESIAN_POINT('',(1.33E0,2.62E0,5.69E0));
#4883=DIRECTION('',(-1.E0,0.E0,0.E0));
#4884=DIRECTION('',(0.E0,-1.E0,0.E0));
#4885=AXIS2_PLACEMENT_3D('',#4882,#4883,#4884);
#4886=PLANE('',#4885);
#4887=ORIENTED_EDGE('',*,*,#3024,.F.);
#4888=ORIENTED_EDGE('',*,*,#4877,.T.);
#4889=ORIENTED_EDGE('',*,*,#3216,.T.);
#4890=ORIENTED_EDGE('',*,*,#3199,.F.);
#4891=EDGE_LOOP('',(#4887,#4888,#4889,#4890));
#4892=FACE_OUTER_BOUND('',#4891,.F.);
#4893=ADVANCED_FACE('',(#4892),#4886,.F.);
#4894=CARTESIAN_POINT('',(-1.5675E0,-1.5675E0,2.8E0));
#4895=DIRECTION('',(0.E0,-1.E0,0.E0));
#4896=DIRECTION('',(0.E0,0.E0,-1.E0));
#4897=AXIS2_PLACEMENT_3D('',#4894,#4895,#4896);
#4898=PLANE('',#4897);
#4899=ORIENTED_EDGE('',*,*,#3638,.T.);
#4900=ORIENTED_EDGE('',*,*,#4605,.T.);
#4902=ORIENTED_EDGE('',*,*,#4901,.F.);
#4903=ORIENTED_EDGE('',*,*,#4338,.F.);
#4904=EDGE_LOOP('',(#4899,#4900,#4902,#4903));
#4905=FACE_OUTER_BOUND('',#4904,.F.);
#4906=ADVANCED_FACE('',(#4905),#4898,.T.);
#4907=CARTESIAN_POINT('',(-1.5675E0,-1.5675E0,2.8E0));
#4908=DIRECTION('',(0.E0,-1.E0,0.E0));
#4909=DIRECTION('',(0.E0,0.E0,-1.E0));
#4910=AXIS2_PLACEMENT_3D('',#4907,#4908,#4909);
#4911=PLANE('',#4910);
#4913=ORIENTED_EDGE('',*,*,#4912,.F.);
#4914=ORIENTED_EDGE('',*,*,#4628,.T.);
#4915=ORIENTED_EDGE('',*,*,#4696,.F.);
#4916=ORIENTED_EDGE('',*,*,#4354,.F.);
#4917=EDGE_LOOP('',(#4913,#4914,#4915,#4916));
#4918=FACE_OUTER_BOUND('',#4917,.F.);
#4919=ADVANCED_FACE('',(#4918),#4911,.T.);
#4920=CARTESIAN_POINT('',(-1.5675E0,-1.8675E0,-5.5325E0));
#4921=DIRECTION('',(1.E0,0.E0,0.E0));
#4922=DIRECTION('',(0.E0,0.E0,-1.E0));
#4923=AXIS2_PLACEMENT_3D('',#4920,#4921,#4922);
#4924=CYLINDRICAL_SURFACE('',#4923,3.E-1);
#4925=ORIENTED_EDGE('',*,*,#4340,.F.);
#4926=ORIENTED_EDGE('',*,*,#4901,.T.);
#4927=ORIENTED_EDGE('',*,*,#4603,.T.);
#4929=ORIENTED_EDGE('',*,*,#4928,.F.);
#4930=EDGE_LOOP('',(#4925,#4926,#4927,#4929));
#4931=FACE_OUTER_BOUND('',#4930,.F.);
#4932=ADVANCED_FACE('',(#4931),#4924,.F.);
#4933=CARTESIAN_POINT('',(-1.5675E0,-1.8675E0,-5.8325E0));
#4934=DIRECTION('',(0.E0,0.E0,1.E0));
#4935=DIRECTION('',(0.E0,-1.E0,0.E0));
#4936=AXIS2_PLACEMENT_3D('',#4933,#4934,#4935);
#4937=PLANE('',#4936);
#4939=ORIENTED_EDGE('',*,*,#4938,.T.);
#4940=ORIENTED_EDGE('',*,*,#4342,.F.);
#4941=ORIENTED_EDGE('',*,*,#4928,.T.);
#4942=ORIENTED_EDGE('',*,*,#4601,.T.);
#4943=EDGE_LOOP('',(#4939,#4940,#4941,#4942));
#4944=FACE_OUTER_BOUND('',#4943,.F.);
#4945=ADVANCED_FACE('',(#4944),#4937,.T.);
#4946=CARTESIAN_POINT('',(-1.25E0,-6.215E0,-5.9075E0));
#4947=DIRECTION('',(0.E0,-2.631174057921E-1,9.647638212377E-1));
#4948=DIRECTION('',(0.E0,9.647638212377E-1,2.631174057921E-1));
#4949=AXIS2_PLACEMENT_3D('',#4946,#4947,#4948);
#4950=PLANE('',#4949);
#4951=ORIENTED_EDGE('',*,*,#4938,.F.);
#4953=ORIENTED_EDGE('',*,*,#4952,.F.);
#4955=ORIENTED_EDGE('',*,*,#4954,.T.);
#4957=ORIENTED_EDGE('',*,*,#4956,.T.);
#4958=EDGE_LOOP('',(#4951,#4953,#4955,#4957));
#4959=FACE_OUTER_BOUND('',#4958,.F.);
#4960=ADVANCED_FACE('',(#4959),#4950,.T.);
#4961=CARTESIAN_POINT('',(-1.0075E0,-6.215E0,-6.15E0));
#4962=DIRECTION('',(9.647638212377E-1,-2.631174057921E-1,0.E0));
#4963=DIRECTION('',(-2.631174057921E-1,-9.647638212377E-1,0.E0));
#4964=AXIS2_PLACEMENT_3D('',#4961,#4962,#4963);
#4965=PLANE('',#4964);
#4967=ORIENTED_EDGE('',*,*,#4966,.F.);
#4968=ORIENTED_EDGE('',*,*,#4952,.T.);
#4969=ORIENTED_EDGE('',*,*,#4599,.T.);
#4971=ORIENTED_EDGE('',*,*,#4970,.T.);
#4972=EDGE_LOOP('',(#4967,#4968,#4969,#4971));
#4973=FACE_OUTER_BOUND('',#4972,.F.);
#4974=ADVANCED_FACE('',(#4973),#4965,.T.);
#4975=CARTESIAN_POINT('',(-1.5675E0,-6.49E0,-5.8325E0));
#4976=DIRECTION('',(0.E0,-1.E0,0.E0));
#4977=DIRECTION('',(0.E0,0.E0,-1.E0));
#4978=AXIS2_PLACEMENT_3D('',#4975,#4976,#4977);
#4979=PLANE('',#4978);
#4981=ORIENTED_EDGE('',*,*,#4980,.T.);
#4983=ORIENTED_EDGE('',*,*,#4982,.T.);
#4984=ORIENTED_EDGE('',*,*,#4954,.F.);
#4985=ORIENTED_EDGE('',*,*,#4966,.T.);
#4986=EDGE_LOOP('',(#4981,#4983,#4984,#4985));
#4987=FACE_OUTER_BOUND('',#4986,.F.);
#4988=ADVANCED_FACE('',(#4987),#4979,.T.);
#4989=CARTESIAN_POINT('',(-1.25E0,-6.215E0,-6.3925E0));
#4990=DIRECTION('',(0.E0,-2.631174057921E-1,-9.647638212377E-1));
#4991=DIRECTION('',(0.E0,-9.647638212377E-1,2.631174057921E-1));
#4992=AXIS2_PLACEMENT_3D('',#4989,#4990,#4991);
#4993=PLANE('',#4992);
#4995=ORIENTED_EDGE('',*,*,#4994,.T.);
#4997=ORIENTED_EDGE('',*,*,#4996,.F.);
#4998=ORIENTED_EDGE('',*,*,#4980,.F.);
#4999=ORIENTED_EDGE('',*,*,#4970,.F.);
#5000=EDGE_LOOP('',(#4995,#4997,#4998,#4999));
#5001=FACE_OUTER_BOUND('',#5000,.F.);
#5002=ADVANCED_FACE('',(#5001),#4993,.T.);
#5003=CARTESIAN_POINT('',(-1.5675E0,-6.49E0,-6.4675E0));
#5004=DIRECTION('',(0.E0,0.E0,-1.E0));
#5005=DIRECTION('',(0.E0,1.E0,0.E0));
#5006=AXIS2_PLACEMENT_3D('',#5003,#5004,#5005);
#5007=PLANE('',#5006);
#5008=ORIENTED_EDGE('',*,*,#4994,.F.);
#5009=ORIENTED_EDGE('',*,*,#4612,.T.);
#5011=ORIENTED_EDGE('',*,*,#5010,.F.);
#5012=ORIENTED_EDGE('',*,*,#4331,.F.);
#5013=EDGE_LOOP('',(#5008,#5009,#5011,#5012));
#5014=FACE_OUTER_BOUND('',#5013,.F.);
#5015=ADVANCED_FACE('',(#5014),#5007,.T.);
#5016=CARTESIAN_POINT('',(-1.5675E0,-1.8675E0,-5.5325E0));
#5017=DIRECTION('',(1.E0,0.E0,0.E0));
#5018=DIRECTION('',(0.E0,0.E0,-1.E0));
#5019=AXIS2_PLACEMENT_3D('',#5016,#5017,#5018);
#5020=CYLINDRICAL_SURFACE('',#5019,9.35E-1);
#5021=ORIENTED_EDGE('',*,*,#4333,.F.);
#5022=ORIENTED_EDGE('',*,*,#5010,.T.);
#5023=ORIENTED_EDGE('',*,*,#4610,.T.);
#5025=ORIENTED_EDGE('',*,*,#5024,.F.);
#5026=EDGE_LOOP('',(#5021,#5022,#5023,#5025));
#5027=FACE_OUTER_BOUND('',#5026,.F.);
#5028=ADVANCED_FACE('',(#5027),#5020,.T.);
#5029=CARTESIAN_POINT('',(-1.5675E0,-9.325E-1,-5.5325E0));
#5030=DIRECTION('',(0.E0,1.E0,0.E0));
#5031=DIRECTION('',(0.E0,0.E0,1.E0));
#5032=AXIS2_PLACEMENT_3D('',#5029,#5030,#5031);
#5033=PLANE('',#5032);
#5034=ORIENTED_EDGE('',*,*,#3634,.F.);
#5035=ORIENTED_EDGE('',*,*,#4335,.F.);
#5036=ORIENTED_EDGE('',*,*,#5024,.T.);
#5037=ORIENTED_EDGE('',*,*,#4608,.T.);
#5038=EDGE_LOOP('',(#5034,#5035,#5036,#5037));
#5039=FACE_OUTER_BOUND('',#5038,.F.);
#5040=ADVANCED_FACE('',(#5039),#5033,.T.);
#5041=CARTESIAN_POINT('',(-1.5675E0,-9.325E-1,-5.5325E0));
#5042=DIRECTION('',(0.E0,1.E0,0.E0));
#5043=DIRECTION('',(0.E0,0.E0,1.E0));
#5044=AXIS2_PLACEMENT_3D('',#5041,#5042,#5043);
#5045=PLANE('',#5044);
#5047=ORIENTED_EDGE('',*,*,#5046,.T.);
#5048=ORIENTED_EDGE('',*,*,#4358,.F.);
#5049=ORIENTED_EDGE('',*,*,#4699,.T.);
#5050=ORIENTED_EDGE('',*,*,#4624,.T.);
#5051=EDGE_LOOP('',(#5047,#5048,#5049,#5050));
#5052=FACE_OUTER_BOUND('',#5051,.F.);
#5053=ADVANCED_FACE('',(#5052),#5045,.T.);
#5054=CARTESIAN_POINT('',(-1.25E0,-1.0075E0,2.525E0));
#5055=DIRECTION('',(0.E0,9.647638212377E-1,2.631174057921E-1));
#5056=DIRECTION('',(0.E0,2.631174057921E-1,-9.647638212377E-1));
#5057=AXIS2_PLACEMENT_3D('',#5054,#5055,#5056);
#5058=PLANE('',#5057);
#5059=ORIENTED_EDGE('',*,*,#5046,.F.);
#5061=ORIENTED_EDGE('',*,*,#5060,.F.);
#5063=ORIENTED_EDGE('',*,*,#5062,.T.);
#5065=ORIENTED_EDGE('',*,*,#5064,.T.);
#5066=EDGE_LOOP('',(#5059,#5061,#5063,#5065));
#5067=FACE_OUTER_BOUND('',#5066,.F.);
#5068=ADVANCED_FACE('',(#5067),#5058,.T.);
#5069=CARTESIAN_POINT('',(-1.0075E0,-1.25E0,2.525E0));
#5070=DIRECTION('',(9.647638212377E-1,0.E0,2.631174057921E-1));
#5071=DIRECTION('',(-2.631174057921E-1,0.E0,9.647638212377E-1));
#5072=AXIS2_PLACEMENT_3D('',#5069,#5070,#5071);
#5073=PLANE('',#5072);
#5075=ORIENTED_EDGE('',*,*,#5074,.F.);
#5076=ORIENTED_EDGE('',*,*,#5060,.T.);
#5077=ORIENTED_EDGE('',*,*,#4622,.T.);
#5079=ORIENTED_EDGE('',*,*,#5078,.F.);
#5080=EDGE_LOOP('',(#5075,#5076,#5077,#5079));
#5081=FACE_OUTER_BOUND('',#5080,.F.);
#5082=ADVANCED_FACE('',(#5081),#5073,.T.);
#5083=CARTESIAN_POINT('',(-1.5675E0,-9.325E-1,2.8E0));
#5084=DIRECTION('',(0.E0,0.E0,1.E0));
#5085=DIRECTION('',(0.E0,-1.E0,0.E0));
#5086=AXIS2_PLACEMENT_3D('',#5083,#5084,#5085);
#5087=PLANE('',#5086);
#5089=ORIENTED_EDGE('',*,*,#5088,.T.);
#5091=ORIENTED_EDGE('',*,*,#5090,.T.);
#5092=ORIENTED_EDGE('',*,*,#5062,.F.);
#5093=ORIENTED_EDGE('',*,*,#5074,.T.);
#5094=EDGE_LOOP('',(#5089,#5091,#5092,#5093));
#5095=FACE_OUTER_BOUND('',#5094,.F.);
#5096=ADVANCED_FACE('',(#5095),#5087,.T.);
#5097=CARTESIAN_POINT('',(-1.25E0,-1.4925E0,2.525E0));
#5098=DIRECTION('',(0.E0,-9.647638212377E-1,2.631174057921E-1));
#5099=DIRECTION('',(0.E0,2.631174057921E-1,9.647638212377E-1));
#5100=AXIS2_PLACEMENT_3D('',#5097,#5098,#5099);
#5101=PLANE('',#5100);
#5102=ORIENTED_EDGE('',*,*,#4912,.T.);
#5104=ORIENTED_EDGE('',*,*,#5103,.F.);
#5105=ORIENTED_EDGE('',*,*,#5088,.F.);
#5106=ORIENTED_EDGE('',*,*,#5078,.T.);
#5107=EDGE_LOOP('',(#5102,#5104,#5105,#5106));
#5108=FACE_OUTER_BOUND('',#5107,.F.);
#5109=ADVANCED_FACE('',(#5108),#5101,.T.);
#5110=CARTESIAN_POINT('',(-1.4925E0,-1.25E0,2.525E0));
#5111=DIRECTION('',(-9.647638212377E-1,0.E0,2.631174057921E-1));
#5112=DIRECTION('',(2.631174057921E-1,0.E0,9.647638212377E-1));
#5113=AXIS2_PLACEMENT_3D('',#5110,#5111,#5112);
#5114=PLANE('',#5113);
#5115=ORIENTED_EDGE('',*,*,#4352,.T.);
#5116=ORIENTED_EDGE('',*,*,#5064,.F.);
#5117=ORIENTED_EDGE('',*,*,#5090,.F.);
#5118=ORIENTED_EDGE('',*,*,#5103,.T.);
#5119=EDGE_LOOP('',(#5115,#5116,#5117,#5118));
#5120=FACE_OUTER_BOUND('',#5119,.F.);
#5121=ADVANCED_FACE('',(#5120),#5114,.T.);
#5122=CARTESIAN_POINT('',(-1.4925E0,-6.215E0,-6.15E0));
#5123=DIRECTION('',(-9.647638212377E-1,-2.631174057921E-1,0.E0));
#5124=DIRECTION('',(2.631174057921E-1,-9.647638212377E-1,0.E0));
#5125=AXIS2_PLACEMENT_3D('',#5122,#5123,#5124);
#5126=PLANE('',#5125);
#5127=ORIENTED_EDGE('',*,*,#4329,.T.);
#5128=ORIENTED_EDGE('',*,*,#4956,.F.);
#5129=ORIENTED_EDGE('',*,*,#4982,.F.);
#5130=ORIENTED_EDGE('',*,*,#4996,.T.);
#5131=EDGE_LOOP('',(#5127,#5128,#5129,#5130));
#5132=FACE_OUTER_BOUND('',#5131,.F.);
#5133=ADVANCED_FACE('',(#5132),#5126,.T.);
#5134=CARTESIAN_POINT('',(-1.0075E0,-6.215E0,-8.65E0));
#5135=DIRECTION('',(9.647638212377E-1,-2.631174057921E-1,0.E0));
#5136=DIRECTION('',(-2.631174057921E-1,-9.647638212377E-1,0.E0));
#5137=AXIS2_PLACEMENT_3D('',#5134,#5135,#5136);
#5138=PLANE('',#5137);
#5140=ORIENTED_EDGE('',*,*,#5139,.F.);
#5141=ORIENTED_EDGE('',*,*,#4499,.T.);
#5142=ORIENTED_EDGE('',*,*,#4582,.T.);
#5143=ORIENTED_EDGE('',*,*,#4473,.T.);
#5144=EDGE_LOOP('',(#5140,#5141,#5142,#5143));
#5145=FACE_OUTER_BOUND('',#5144,.F.);
#5146=ADVANCED_FACE('',(#5145),#5138,.T.);
#5147=CARTESIAN_POINT('',(-1.5675E0,-6.49E0,-8.3325E0));
#5148=DIRECTION('',(0.E0,-1.E0,0.E0));
#5149=DIRECTION('',(0.E0,0.E0,-1.E0));
#5150=AXIS2_PLACEMENT_3D('',#5147,#5148,#5149);
#5151=PLANE('',#5150);
#5152=ORIENTED_EDGE('',*,*,#4471,.T.);
#5153=ORIENTED_EDGE('',*,*,#4486,.T.);
#5154=ORIENTED_EDGE('',*,*,#4501,.F.);
#5155=ORIENTED_EDGE('',*,*,#5139,.T.);
#5156=EDGE_LOOP('',(#5152,#5153,#5154,#5155));
#5157=FACE_OUTER_BOUND('',#5156,.F.);
#5158=ADVANCED_FACE('',(#5157),#5151,.T.);
#5159=CARTESIAN_POINT('',(2.2E0,2.345E0,5.69E0));
#5160=DIRECTION('',(1.E0,0.E0,0.E0));
#5161=DIRECTION('',(0.E0,1.E0,0.E0));
#5162=AXIS2_PLACEMENT_3D('',#5159,#5160,#5161);
#5163=PLANE('',#5162);
#5164=ORIENTED_EDGE('',*,*,#3036,.T.);
#5165=ORIENTED_EDGE('',*,*,#3191,.T.);
#5166=ORIENTED_EDGE('',*,*,#3213,.T.);
#5167=ORIENTED_EDGE('',*,*,#3380,.F.);
#5168=ORIENTED_EDGE('',*,*,#3348,.F.);
#5169=EDGE_LOOP('',(#5164,#5165,#5166,#5167,#5168));
#5170=FACE_OUTER_BOUND('',#5169,.F.);
#5171=ADVANCED_FACE('',(#5170),#5163,.F.);
#5172=CARTESIAN_POINT('',(2.36E0,1.55E-1,4.23E0));
#5173=DIRECTION('',(1.E0,0.E0,0.E0));
#5174=DIRECTION('',(0.E0,1.E0,0.E0));
#5175=AXIS2_PLACEMENT_3D('',#5172,#5173,#5174);
#5176=PLANE('',#5175);
#5177=ORIENTED_EDGE('',*,*,#3032,.F.);
#5179=ORIENTED_EDGE('',*,*,#5178,.T.);
#5180=ORIENTED_EDGE('',*,*,#3131,.T.);
#5181=ORIENTED_EDGE('',*,*,#3194,.F.);
#5182=EDGE_LOOP('',(#5177,#5179,#5180,#5181));
#5183=FACE_OUTER_BOUND('',#5182,.F.);
#5184=ADVANCED_FACE('',(#5183),#5176,.F.);
#5185=CARTESIAN_POINT('',(1.4E-1,1.55E-1,4.23E0));
#5186=DIRECTION('',(0.E0,-1.E0,0.E0));
#5187=DIRECTION('',(1.E0,0.E0,0.E0));
#5188=AXIS2_PLACEMENT_3D('',#5185,#5186,#5187);
#5189=PLANE('',#5188);
#5190=ORIENTED_EDGE('',*,*,#3030,.F.);
#5191=ORIENTED_EDGE('',*,*,#3179,.T.);
#5192=ORIENTED_EDGE('',*,*,#3133,.T.);
#5193=ORIENTED_EDGE('',*,*,#5178,.F.);
#5194=EDGE_LOOP('',(#5190,#5191,#5192,#5193));
#5195=FACE_OUTER_BOUND('',#5194,.F.);
#5196=ADVANCED_FACE('',(#5195),#5189,.F.);
#5197=CARTESIAN_POINT('',(4.754033307585E-1,-2.99E0,8.3E-1));
#5198=DIRECTION('',(0.E0,0.E0,-1.E0));
#5199=DIRECTION('',(1.E0,0.E0,0.E0));
#5200=AXIS2_PLACEMENT_3D('',#5197,#5198,#5199);
#5201=PLANE('',#5200);
#5203=ORIENTED_EDGE('',*,*,#5202,.F.);
#5205=ORIENTED_EDGE('',*,*,#5204,.T.);
#5207=ORIENTED_EDGE('',*,*,#5206,.F.);
#5208=ORIENTED_EDGE('',*,*,#2776,.F.);
#5210=ORIENTED_EDGE('',*,*,#5209,.T.);
#5211=EDGE_LOOP('',(#5203,#5205,#5207,#5208,#5210));
#5212=FACE_OUTER_BOUND('',#5211,.F.);
#5213=ADVANCED_FACE('',(#5212),#5201,.T.);
#5214=CARTESIAN_POINT('',(1.249999338224E0,-4.390000786489E0,1.029995957504E0));
#5215=DIRECTION('',(0.E0,1.E0,0.E0));
#5216=DIRECTION('',(0.E0,0.E0,-1.E0));
#5217=AXIS2_PLACEMENT_3D('',#5214,#5215,#5216);
#5218=CONICAL_SURFACE('',#5217,7.250030298699E-1,2.055517327500E1);
#5220=ORIENTED_EDGE('',*,*,#5219,.T.);
#5221=ORIENTED_EDGE('',*,*,#5202,.T.);
#5223=ORIENTED_EDGE('',*,*,#5222,.T.);
#5225=ORIENTED_EDGE('',*,*,#5224,.T.);
#5226=EDGE_LOOP('',(#5220,#5221,#5223,#5225));
#5227=FACE_OUTER_BOUND('',#5226,.F.);
#5228=ADVANCED_FACE('',(#5227),#5218,.T.);
#5229=CARTESIAN_POINT('',(0.E0,-4.59E0,0.E0));
#5230=DIRECTION('',(0.E0,-1.E0,0.E0));
#5231=DIRECTION('',(0.E0,0.E0,1.E0));
#5232=AXIS2_PLACEMENT_3D('',#5229,#5230,#5231);
#5233=PLANE('',#5232);
#5234=ORIENTED_EDGE('',*,*,#5219,.F.);
#5236=ORIENTED_EDGE('',*,*,#5235,.F.);
#5238=ORIENTED_EDGE('',*,*,#5237,.F.);
#5240=ORIENTED_EDGE('',*,*,#5239,.F.);
#5242=ORIENTED_EDGE('',*,*,#5241,.F.);
#5244=ORIENTED_EDGE('',*,*,#5243,.F.);
#5246=ORIENTED_EDGE('',*,*,#5245,.F.);
#5248=ORIENTED_EDGE('',*,*,#5247,.F.);
#5250=ORIENTED_EDGE('',*,*,#5249,.F.);
#5252=ORIENTED_EDGE('',*,*,#5251,.F.);
#5254=ORIENTED_EDGE('',*,*,#5253,.F.);
#5256=ORIENTED_EDGE('',*,*,#5255,.F.);
#5258=ORIENTED_EDGE('',*,*,#5257,.F.);
#5260=ORIENTED_EDGE('',*,*,#5259,.F.);
#5262=ORIENTED_EDGE('',*,*,#5261,.F.);
#5263=ORIENTED_EDGE('',*,*,#5204,.F.);
#5264=EDGE_LOOP('',(#5234,#5236,#5238,#5240,#5242,#5244,#5246,#5248,#5250,#5252,
#5254,#5256,#5258,#5260,#5262,#5263));
#5265=FACE_OUTER_BOUND('',#5264,.F.);
#5266=ADVANCED_FACE('',(#5265),#5233,.T.);
#5267=CARTESIAN_POINT('',(0.E0,-4.59E0,0.E0));
#5268=DIRECTION('',(0.E0,-1.E0,0.E0));
#5269=DIRECTION('',(0.E0,0.E0,1.E0));
#5270=AXIS2_PLACEMENT_3D('',#5267,#5268,#5269);
#5271=PLANE('',#5270);
#5273=ORIENTED_EDGE('',*,*,#5272,.F.);
#5275=ORIENTED_EDGE('',*,*,#5274,.F.);
#5277=ORIENTED_EDGE('',*,*,#5276,.F.);
#5279=ORIENTED_EDGE('',*,*,#5278,.F.);
#5281=ORIENTED_EDGE('',*,*,#5280,.F.);
#5283=ORIENTED_EDGE('',*,*,#5282,.F.);
#5285=ORIENTED_EDGE('',*,*,#5284,.F.);
#5287=ORIENTED_EDGE('',*,*,#5286,.F.);
#5289=ORIENTED_EDGE('',*,*,#5288,.F.);
#5291=ORIENTED_EDGE('',*,*,#5290,.F.);
#5293=ORIENTED_EDGE('',*,*,#5292,.F.);
#5295=ORIENTED_EDGE('',*,*,#5294,.F.);
#5297=ORIENTED_EDGE('',*,*,#5296,.F.);
#5299=ORIENTED_EDGE('',*,*,#5298,.F.);
#5301=ORIENTED_EDGE('',*,*,#5300,.F.);
#5303=ORIENTED_EDGE('',*,*,#5302,.F.);
#5304=EDGE_LOOP('',(#5273,#5275,#5277,#5279,#5281,#5283,#5285,#5287,#5289,#5291,
#5293,#5295,#5297,#5299,#5301,#5303));
#5305=FACE_OUTER_BOUND('',#5304,.F.);
#5306=ADVANCED_FACE('',(#5305),#5271,.T.);
#5307=CARTESIAN_POINT('',(9.5E-1,-2.99E0,1.23E0));
#5308=DIRECTION('',(0.E0,0.E0,1.E0));
#5309=DIRECTION('',(-1.E0,0.E0,0.E0));
#5310=AXIS2_PLACEMENT_3D('',#5307,#5308,#5309);
#5311=PLANE('',#5310);
#5312=ORIENTED_EDGE('',*,*,#5224,.F.);
#5314=ORIENTED_EDGE('',*,*,#5313,.F.);
#5315=ORIENTED_EDGE('',*,*,#2804,.F.);
#5317=ORIENTED_EDGE('',*,*,#5316,.T.);
#5318=ORIENTED_EDGE('',*,*,#5235,.T.);
#5319=EDGE_LOOP('',(#5312,#5314,#5315,#5317,#5318));
#5320=FACE_OUTER_BOUND('',#5319,.F.);
#5321=ADVANCED_FACE('',(#5320),#5311,.T.);
#5322=CARTESIAN_POINT('',(1.25E0,-2.99E0,1.03E0));
#5323=DIRECTION('',(0.E0,-1.E0,0.E0));
#5324=DIRECTION('',(0.E0,0.E0,1.E0));
#5325=AXIS2_PLACEMENT_3D('',#5322,#5323,#5324);
#5326=CYLINDRICAL_SURFACE('',#5325,8.E-1);
#5327=ORIENTED_EDGE('',*,*,#5222,.F.);
#5328=ORIENTED_EDGE('',*,*,#5209,.F.);
#5329=ORIENTED_EDGE('',*,*,#2806,.F.);
#5330=ORIENTED_EDGE('',*,*,#5313,.T.);
#5331=EDGE_LOOP('',(#5327,#5328,#5329,#5330));
#5332=FACE_OUTER_BOUND('',#5331,.F.);
#5333=ADVANCED_FACE('',(#5332),#5326,.T.);
#5334=CARTESIAN_POINT('',(9.5E-1,-2.99E0,1.33E0));
#5335=DIRECTION('',(0.E0,-1.E0,0.E0));
#5336=DIRECTION('',(0.E0,0.E0,1.E0));
#5337=AXIS2_PLACEMENT_3D('',#5334,#5335,#5336);
#5338=CYLINDRICAL_SURFACE('',#5337,1.E-1);
#5339=ORIENTED_EDGE('',*,*,#2802,.T.);
#5341=ORIENTED_EDGE('',*,*,#5340,.T.);
#5342=ORIENTED_EDGE('',*,*,#5237,.T.);
#5343=ORIENTED_EDGE('',*,*,#5316,.F.);
#5344=EDGE_LOOP('',(#5339,#5341,#5342,#5343));
#5345=FACE_OUTER_BOUND('',#5344,.F.);
#5346=ADVANCED_FACE('',(#5345),#5338,.F.);
#5347=CARTESIAN_POINT('',(1.05E0,-2.99E0,1.804596669241E0));
#5348=DIRECTION('',(-1.E0,0.E0,0.E0));
#5349=DIRECTION('',(0.E0,0.E0,-1.E0));
#5350=AXIS2_PLACEMENT_3D('',#5347,#5348,#5349);
#5351=PLANE('',#5350);
#5353=ORIENTED_EDGE('',*,*,#5352,.F.);
#5354=ORIENTED_EDGE('',*,*,#5239,.T.);
#5355=ORIENTED_EDGE('',*,*,#5340,.F.);
#5356=ORIENTED_EDGE('',*,*,#2800,.F.);
#5358=ORIENTED_EDGE('',*,*,#5357,.T.);
#5359=EDGE_LOOP('',(#5353,#5354,#5355,#5356,#5358));
#5360=FACE_OUTER_BOUND('',#5359,.F.);
#5361=ADVANCED_FACE('',(#5360),#5351,.T.);
#5362=CARTESIAN_POINT('',(1.249995957504E0,-4.390000786490E0,1.030000661776E0));
#5363=DIRECTION('',(0.E0,1.E0,0.E0));
#5364=DIRECTION('',(0.E0,0.E0,-1.E0));
#5365=AXIS2_PLACEMENT_3D('',#5362,#5363,#5364);
#5366=CONICAL_SURFACE('',#5365,7.250030298698E-1,2.055517327500E1);
#5367=ORIENTED_EDGE('',*,*,#5241,.T.);
#5368=ORIENTED_EDGE('',*,*,#5352,.T.);
#5370=ORIENTED_EDGE('',*,*,#5369,.T.);
#5372=ORIENTED_EDGE('',*,*,#5371,.T.);
#5373=EDGE_LOOP('',(#5367,#5368,#5370,#5372));
#5374=FACE_OUTER_BOUND('',#5373,.F.);
#5375=ADVANCED_FACE('',(#5374),#5366,.T.);
#5376=CARTESIAN_POINT('',(1.25E0,-2.99E0,1.03E0));
#5377=DIRECTION('',(0.E0,-1.E0,0.E0));
#5378=DIRECTION('',(0.E0,0.E0,1.E0));
#5379=AXIS2_PLACEMENT_3D('',#5376,#5377,#5378);
#5380=CYLINDRICAL_SURFACE('',#5379,8.E-1);
#5381=ORIENTED_EDGE('',*,*,#5369,.F.);
#5382=ORIENTED_EDGE('',*,*,#5357,.F.);
#5383=ORIENTED_EDGE('',*,*,#2798,.F.);
#5385=ORIENTED_EDGE('',*,*,#5384,.T.);
#5386=EDGE_LOOP('',(#5381,#5382,#5383,#5385));
#5387=FACE_OUTER_BOUND('',#5386,.F.);
#5388=ADVANCED_FACE('',(#5387),#5380,.T.);
#5389=CARTESIAN_POINT('',(1.45E0,-2.99E0,1.33E0));
#5390=DIRECTION('',(1.E0,0.E0,0.E0));
#5391=DIRECTION('',(0.E0,0.E0,1.E0));
#5392=AXIS2_PLACEMENT_3D('',#5389,#5390,#5391);
#5393=PLANE('',#5392);
#5394=ORIENTED_EDGE('',*,*,#5371,.F.);
#5395=ORIENTED_EDGE('',*,*,#5384,.F.);
#5396=ORIENTED_EDGE('',*,*,#2796,.F.);
#5398=ORIENTED_EDGE('',*,*,#5397,.T.);
#5399=ORIENTED_EDGE('',*,*,#5243,.T.);
#5400=EDGE_LOOP('',(#5394,#5395,#5396,#5398,#5399));
#5401=FACE_OUTER_BOUND('',#5400,.F.);
#5402=ADVANCED_FACE('',(#5401),#5393,.T.);
#5403=CARTESIAN_POINT('',(1.55E0,-2.99E0,1.33E0));
#5404=DIRECTION('',(0.E0,-1.E0,0.E0));
#5405=DIRECTION('',(0.E0,0.E0,1.E0));
#5406=AXIS2_PLACEMENT_3D('',#5403,#5404,#5405);
#5407=CYLINDRICAL_SURFACE('',#5406,1.E-1);
#5408=ORIENTED_EDGE('',*,*,#2794,.T.);
#5410=ORIENTED_EDGE('',*,*,#5409,.T.);
#5411=ORIENTED_EDGE('',*,*,#5245,.T.);
#5412=ORIENTED_EDGE('',*,*,#5397,.F.);
#5413=EDGE_LOOP('',(#5408,#5410,#5411,#5412));
#5414=FACE_OUTER_BOUND('',#5413,.F.);
#5415=ADVANCED_FACE('',(#5414),#5407,.F.);
#5416=CARTESIAN_POINT('',(2.024596669241E0,-2.99E0,1.23E0));
#5417=DIRECTION('',(0.E0,0.E0,1.E0));
#5418=DIRECTION('',(-1.E0,0.E0,0.E0));
#5419=AXIS2_PLACEMENT_3D('',#5416,#5417,#5418);
#5420=PLANE('',#5419);
#5422=ORIENTED_EDGE('',*,*,#5421,.F.);
#5423=ORIENTED_EDGE('',*,*,#5247,.T.);
#5424=ORIENTED_EDGE('',*,*,#5409,.F.);
#5425=ORIENTED_EDGE('',*,*,#2792,.F.);
#5427=ORIENTED_EDGE('',*,*,#5426,.T.);
#5428=EDGE_LOOP('',(#5422,#5423,#5424,#5425,#5427));
#5429=FACE_OUTER_BOUND('',#5428,.F.);
#5430=ADVANCED_FACE('',(#5429),#5420,.T.);
#5431=CARTESIAN_POINT('',(1.250000661776E0,-4.390000786489E0,1.030004042496E0));
#5432=DIRECTION('',(0.E0,1.E0,0.E0));
#5433=DIRECTION('',(0.E0,0.E0,-1.E0));
#5434=AXIS2_PLACEMENT_3D('',#5431,#5432,#5433);
#5435=CONICAL_SURFACE('',#5434,7.250030298699E-1,2.055517327500E1);
#5436=ORIENTED_EDGE('',*,*,#5249,.T.);
#5437=ORIENTED_EDGE('',*,*,#5421,.T.);
#5439=ORIENTED_EDGE('',*,*,#5438,.T.);
#5441=ORIENTED_EDGE('',*,*,#5440,.T.);
#5442=EDGE_LOOP('',(#5436,#5437,#5439,#5441));
#5443=FACE_OUTER_BOUND('',#5442,.F.);
#5444=ADVANCED_FACE('',(#5443),#5435,.T.);
#5445=CARTESIAN_POINT('',(1.25E0,-2.99E0,1.03E0));
#5446=DIRECTION('',(0.E0,-1.E0,0.E0));
#5447=DIRECTION('',(0.E0,0.E0,1.E0));
#5448=AXIS2_PLACEMENT_3D('',#5445,#5446,#5447);
#5449=CYLINDRICAL_SURFACE('',#5448,8.E-1);
#5450=ORIENTED_EDGE('',*,*,#5438,.F.);
#5451=ORIENTED_EDGE('',*,*,#5426,.F.);
#5452=ORIENTED_EDGE('',*,*,#2790,.F.);
#5454=ORIENTED_EDGE('',*,*,#5453,.T.);
#5455=EDGE_LOOP('',(#5450,#5451,#5452,#5454));
#5456=FACE_OUTER_BOUND('',#5455,.F.);
#5457=ADVANCED_FACE('',(#5456),#5449,.T.);
#5458=CARTESIAN_POINT('',(1.55E0,-2.99E0,8.3E-1));
#5459=DIRECTION('',(0.E0,0.E0,-1.E0));
#5460=DIRECTION('',(1.E0,0.E0,0.E0));
#5461=AXIS2_PLACEMENT_3D('',#5458,#5459,#5460);
#5462=PLANE('',#5461);
#5463=ORIENTED_EDGE('',*,*,#5440,.F.);
#5464=ORIENTED_EDGE('',*,*,#5453,.F.);
#5465=ORIENTED_EDGE('',*,*,#2788,.F.);
#5467=ORIENTED_EDGE('',*,*,#5466,.T.);
#5468=ORIENTED_EDGE('',*,*,#5251,.T.);
#5469=EDGE_LOOP('',(#5463,#5464,#5465,#5467,#5468));
#5470=FACE_OUTER_BOUND('',#5469,.F.);
#5471=ADVANCED_FACE('',(#5470),#5462,.T.);
#5472=CARTESIAN_POINT('',(1.55E0,-2.99E0,7.3E-1));
#5473=DIRECTION('',(0.E0,-1.E0,0.E0));
#5474=DIRECTION('',(0.E0,0.E0,1.E0));
#5475=AXIS2_PLACEMENT_3D('',#5472,#5473,#5474);
#5476=CYLINDRICAL_SURFACE('',#5475,1.E-1);
#5477=ORIENTED_EDGE('',*,*,#2786,.T.);
#5479=ORIENTED_EDGE('',*,*,#5478,.T.);
#5480=ORIENTED_EDGE('',*,*,#5253,.T.);
#5481=ORIENTED_EDGE('',*,*,#5466,.F.);
#5482=EDGE_LOOP('',(#5477,#5479,#5480,#5481));
#5483=FACE_OUTER_BOUND('',#5482,.F.);
#5484=ADVANCED_FACE('',(#5483),#5476,.F.);
#5485=CARTESIAN_POINT('',(1.45E0,-2.99E0,2.554033307585E-1));
#5486=DIRECTION('',(1.E0,0.E0,0.E0));
#5487=DIRECTION('',(0.E0,0.E0,1.E0));
#5488=AXIS2_PLACEMENT_3D('',#5485,#5486,#5487);
#5489=PLANE('',#5488);
#5491=ORIENTED_EDGE('',*,*,#5490,.F.);
#5492=ORIENTED_EDGE('',*,*,#5255,.T.);
#5493=ORIENTED_EDGE('',*,*,#5478,.F.);
#5494=ORIENTED_EDGE('',*,*,#2784,.F.);
#5496=ORIENTED_EDGE('',*,*,#5495,.T.);
#5497=EDGE_LOOP('',(#5491,#5492,#5493,#5494,#5496));
#5498=FACE_OUTER_BOUND('',#5497,.F.);
#5499=ADVANCED_FACE('',(#5498),#5489,.T.);
#5500=CARTESIAN_POINT('',(1.250004042496E0,-4.390000786490E0,1.029999338224E0));
#5501=DIRECTION('',(0.E0,1.E0,0.E0));
#5502=DIRECTION('',(0.E0,0.E0,-1.E0));
#5503=AXIS2_PLACEMENT_3D('',#5500,#5501,#5502);
#5504=CONICAL_SURFACE('',#5503,7.250030298698E-1,2.055517327500E1);
#5505=ORIENTED_EDGE('',*,*,#5257,.T.);
#5506=ORIENTED_EDGE('',*,*,#5490,.T.);
#5508=ORIENTED_EDGE('',*,*,#5507,.T.);
#5510=ORIENTED_EDGE('',*,*,#5509,.T.);
#5511=EDGE_LOOP('',(#5505,#5506,#5508,#5510));
#5512=FACE_OUTER_BOUND('',#5511,.F.);
#5513=ADVANCED_FACE('',(#5512),#5504,.T.);
#5514=CARTESIAN_POINT('',(1.25E0,-2.99E0,1.03E0));
#5515=DIRECTION('',(0.E0,-1.E0,0.E0));
#5516=DIRECTION('',(0.E0,0.E0,1.E0));
#5517=AXIS2_PLACEMENT_3D('',#5514,#5515,#5516);
#5518=CYLINDRICAL_SURFACE('',#5517,8.E-1);
#5519=ORIENTED_EDGE('',*,*,#5507,.F.);
#5520=ORIENTED_EDGE('',*,*,#5495,.F.);
#5521=ORIENTED_EDGE('',*,*,#2782,.F.);
#5523=ORIENTED_EDGE('',*,*,#5522,.T.);
#5524=EDGE_LOOP('',(#5519,#5520,#5521,#5523));
#5525=FACE_OUTER_BOUND('',#5524,.F.);
#5526=ADVANCED_FACE('',(#5525),#5518,.T.);
#5527=CARTESIAN_POINT('',(1.05E0,-2.99E0,7.3E-1));
#5528=DIRECTION('',(-1.E0,0.E0,0.E0));
#5529=DIRECTION('',(0.E0,0.E0,-1.E0));
#5530=AXIS2_PLACEMENT_3D('',#5527,#5528,#5529);
#5531=PLANE('',#5530);
#5532=ORIENTED_EDGE('',*,*,#5509,.F.);
#5533=ORIENTED_EDGE('',*,*,#5522,.F.);
#5534=ORIENTED_EDGE('',*,*,#2780,.F.);
#5536=ORIENTED_EDGE('',*,*,#5535,.T.);
#5537=ORIENTED_EDGE('',*,*,#5259,.T.);
#5538=EDGE_LOOP('',(#5532,#5533,#5534,#5536,#5537));
#5539=FACE_OUTER_BOUND('',#5538,.F.);
#5540=ADVANCED_FACE('',(#5539),#5531,.T.);
#5541=CARTESIAN_POINT('',(9.5E-1,-2.99E0,7.3E-1));
#5542=DIRECTION('',(0.E0,-1.E0,0.E0));
#5543=DIRECTION('',(0.E0,0.E0,1.E0));
#5544=AXIS2_PLACEMENT_3D('',#5541,#5542,#5543);
#5545=CYLINDRICAL_SURFACE('',#5544,1.E-1);
#5546=ORIENTED_EDGE('',*,*,#2778,.T.);
#5547=ORIENTED_EDGE('',*,*,#5206,.T.);
#5548=ORIENTED_EDGE('',*,*,#5261,.T.);
#5549=ORIENTED_EDGE('',*,*,#5535,.F.);
#5550=EDGE_LOOP('',(#5546,#5547,#5548,#5549));
#5551=FACE_OUTER_BOUND('',#5550,.F.);
#5552=ADVANCED_FACE('',(#5551),#5545,.F.);
#5553=CARTESIAN_POINT('',(-1.250004042496E0,-4.390000786490E0,
1.030000661776E0));
#5554=DIRECTION('',(0.E0,1.E0,0.E0));
#5555=DIRECTION('',(0.E0,0.E0,-1.E0));
#5556=AXIS2_PLACEMENT_3D('',#5553,#5554,#5555);
#5557=CONICAL_SURFACE('',#5556,7.250030298698E-1,2.055517327500E1);
#5558=ORIENTED_EDGE('',*,*,#5272,.T.);
#5560=ORIENTED_EDGE('',*,*,#5559,.T.);
#5562=ORIENTED_EDGE('',*,*,#5561,.T.);
#5564=ORIENTED_EDGE('',*,*,#5563,.T.);
#5565=EDGE_LOOP('',(#5558,#5560,#5562,#5564));
#5566=FACE_OUTER_BOUND('',#5565,.F.);
#5567=ADVANCED_FACE('',(#5566),#5557,.T.);
#5568=CARTESIAN_POINT('',(-1.45E0,-2.99E0,1.804596669241E0));
#5569=DIRECTION('',(-1.E0,0.E0,0.E0));
#5570=DIRECTION('',(0.E0,0.E0,-1.E0));
#5571=AXIS2_PLACEMENT_3D('',#5568,#5569,#5570);
#5572=PLANE('',#5571);
#5573=ORIENTED_EDGE('',*,*,#5559,.F.);
#5574=ORIENTED_EDGE('',*,*,#5302,.T.);
#5576=ORIENTED_EDGE('',*,*,#5575,.F.);
#5577=ORIENTED_EDGE('',*,*,#2820,.F.);
#5579=ORIENTED_EDGE('',*,*,#5578,.T.);
#5580=EDGE_LOOP('',(#5573,#5574,#5576,#5577,#5579));
#5581=FACE_OUTER_BOUND('',#5580,.F.);
#5582=ADVANCED_FACE('',(#5581),#5572,.T.);
#5583=CARTESIAN_POINT('',(-1.55E0,-2.99E0,1.33E0));
#5584=DIRECTION('',(0.E0,-1.E0,0.E0));
#5585=DIRECTION('',(0.E0,0.E0,1.E0));
#5586=AXIS2_PLACEMENT_3D('',#5583,#5584,#5585);
#5587=CYLINDRICAL_SURFACE('',#5586,1.E-1);
#5588=ORIENTED_EDGE('',*,*,#2822,.T.);
#5589=ORIENTED_EDGE('',*,*,#5575,.T.);
#5590=ORIENTED_EDGE('',*,*,#5300,.T.);
#5592=ORIENTED_EDGE('',*,*,#5591,.F.);
#5593=EDGE_LOOP('',(#5588,#5589,#5590,#5592));
#5594=FACE_OUTER_BOUND('',#5593,.F.);
#5595=ADVANCED_FACE('',(#5594),#5587,.F.);
#5596=CARTESIAN_POINT('',(-1.55E0,-2.99E0,1.23E0));
#5597=DIRECTION('',(0.E0,0.E0,1.E0));
#5598=DIRECTION('',(-1.E0,0.E0,0.E0));
#5599=AXIS2_PLACEMENT_3D('',#5596,#5597,#5598);
#5600=PLANE('',#5599);
#5602=ORIENTED_EDGE('',*,*,#5601,.F.);
#5604=ORIENTED_EDGE('',*,*,#5603,.F.);
#5605=ORIENTED_EDGE('',*,*,#2824,.F.);
#5606=ORIENTED_EDGE('',*,*,#5591,.T.);
#5607=ORIENTED_EDGE('',*,*,#5298,.T.);
#5608=EDGE_LOOP('',(#5602,#5604,#5605,#5606,#5607));
#5609=FACE_OUTER_BOUND('',#5608,.F.);
#5610=ADVANCED_FACE('',(#5609),#5600,.T.);
#5611=CARTESIAN_POINT('',(-1.250000661776E0,-4.390000786489E0,
1.029995957504E0));
#5612=DIRECTION('',(0.E0,1.E0,0.E0));
#5613=DIRECTION('',(0.E0,0.E0,-1.E0));
#5614=AXIS2_PLACEMENT_3D('',#5611,#5612,#5613);
#5615=CONICAL_SURFACE('',#5614,7.250030298699E-1,2.055517327500E1);
#5616=ORIENTED_EDGE('',*,*,#5296,.T.);
#5618=ORIENTED_EDGE('',*,*,#5617,.T.);
#5620=ORIENTED_EDGE('',*,*,#5619,.T.);
#5621=ORIENTED_EDGE('',*,*,#5601,.T.);
#5622=EDGE_LOOP('',(#5616,#5618,#5620,#5621));
#5623=FACE_OUTER_BOUND('',#5622,.F.);
#5624=ADVANCED_FACE('',(#5623),#5615,.T.);
#5625=CARTESIAN_POINT('',(-2.024596669241E0,-2.99E0,8.3E-1));
#5626=DIRECTION('',(0.E0,0.E0,-1.E0));
#5627=DIRECTION('',(1.E0,0.E0,0.E0));
#5628=AXIS2_PLACEMENT_3D('',#5625,#5626,#5627);
#5629=PLANE('',#5628);
#5630=ORIENTED_EDGE('',*,*,#5617,.F.);
#5631=ORIENTED_EDGE('',*,*,#5294,.T.);
#5633=ORIENTED_EDGE('',*,*,#5632,.F.);
#5634=ORIENTED_EDGE('',*,*,#2828,.F.);
#5636=ORIENTED_EDGE('',*,*,#5635,.T.);
#5637=EDGE_LOOP('',(#5630,#5631,#5633,#5634,#5636));
#5638=FACE_OUTER_BOUND('',#5637,.F.);
#5639=ADVANCED_FACE('',(#5638),#5629,.T.);
#5640=CARTESIAN_POINT('',(-1.55E0,-2.99E0,7.3E-1));
#5641=DIRECTION('',(0.E0,-1.E0,0.E0));
#5642=DIRECTION('',(0.E0,0.E0,1.E0));
#5643=AXIS2_PLACEMENT_3D('',#5640,#5641,#5642);
#5644=CYLINDRICAL_SURFACE('',#5643,1.E-1);
#5645=ORIENTED_EDGE('',*,*,#2830,.T.);
#5646=ORIENTED_EDGE('',*,*,#5632,.T.);
#5647=ORIENTED_EDGE('',*,*,#5292,.T.);
#5649=ORIENTED_EDGE('',*,*,#5648,.F.);
#5650=EDGE_LOOP('',(#5645,#5646,#5647,#5649));
#5651=FACE_OUTER_BOUND('',#5650,.F.);
#5652=ADVANCED_FACE('',(#5651),#5644,.F.);
#5653=CARTESIAN_POINT('',(-1.45E0,-2.99E0,7.3E-1));
#5654=DIRECTION('',(-1.E0,0.E0,0.E0));
#5655=DIRECTION('',(0.E0,0.E0,-1.E0));
#5656=AXIS2_PLACEMENT_3D('',#5653,#5654,#5655);
#5657=PLANE('',#5656);
#5659=ORIENTED_EDGE('',*,*,#5658,.F.);
#5661=ORIENTED_EDGE('',*,*,#5660,.F.);
#5662=ORIENTED_EDGE('',*,*,#2832,.F.);
#5663=ORIENTED_EDGE('',*,*,#5648,.T.);
#5664=ORIENTED_EDGE('',*,*,#5290,.T.);
#5665=EDGE_LOOP('',(#5659,#5661,#5662,#5663,#5664));
#5666=FACE_OUTER_BOUND('',#5665,.F.);
#5667=ADVANCED_FACE('',(#5666),#5657,.T.);
#5668=CARTESIAN_POINT('',(-1.249995957504E0,-4.390000786489E0,
1.029999338224E0));
#5669=DIRECTION('',(0.E0,1.E0,0.E0));
#5670=DIRECTION('',(0.E0,0.E0,-1.E0));
#5671=AXIS2_PLACEMENT_3D('',#5668,#5669,#5670);
#5672=CONICAL_SURFACE('',#5671,7.250030298698E-1,2.055517327500E1);
#5673=ORIENTED_EDGE('',*,*,#5288,.T.);
#5675=ORIENTED_EDGE('',*,*,#5674,.T.);
#5677=ORIENTED_EDGE('',*,*,#5676,.T.);
#5678=ORIENTED_EDGE('',*,*,#5658,.T.);
#5679=EDGE_LOOP('',(#5673,#5675,#5677,#5678));
#5680=FACE_OUTER_BOUND('',#5679,.F.);
#5681=ADVANCED_FACE('',(#5680),#5672,.T.);
#5682=CARTESIAN_POINT('',(-1.05E0,-2.99E0,2.554033307585E-1));
#5683=DIRECTION('',(1.E0,0.E0,0.E0));
#5684=DIRECTION('',(0.E0,0.E0,1.E0));
#5685=AXIS2_PLACEMENT_3D('',#5682,#5683,#5684);
#5686=PLANE('',#5685);
#5687=ORIENTED_EDGE('',*,*,#5674,.F.);
#5688=ORIENTED_EDGE('',*,*,#5286,.T.);
#5690=ORIENTED_EDGE('',*,*,#5689,.F.);
#5691=ORIENTED_EDGE('',*,*,#2836,.F.);
#5693=ORIENTED_EDGE('',*,*,#5692,.T.);
#5694=EDGE_LOOP('',(#5687,#5688,#5690,#5691,#5693));
#5695=FACE_OUTER_BOUND('',#5694,.F.);
#5696=ADVANCED_FACE('',(#5695),#5686,.T.);
#5697=CARTESIAN_POINT('',(-9.5E-1,-2.99E0,7.3E-1));
#5698=DIRECTION('',(0.E0,-1.E0,0.E0));
#5699=DIRECTION('',(0.E0,0.E0,1.E0));
#5700=AXIS2_PLACEMENT_3D('',#5697,#5698,#5699);
#5701=CYLINDRICAL_SURFACE('',#5700,1.E-1);
#5702=ORIENTED_EDGE('',*,*,#2838,.T.);
#5703=ORIENTED_EDGE('',*,*,#5689,.T.);
#5704=ORIENTED_EDGE('',*,*,#5284,.T.);
#5706=ORIENTED_EDGE('',*,*,#5705,.F.);
#5707=EDGE_LOOP('',(#5702,#5703,#5704,#5706));
#5708=FACE_OUTER_BOUND('',#5707,.F.);
#5709=ADVANCED_FACE('',(#5708),#5701,.F.);
#5710=CARTESIAN_POINT('',(-9.5E-1,-2.99E0,8.3E-1));
#5711=DIRECTION('',(0.E0,0.E0,-1.E0));
#5712=DIRECTION('',(1.E0,0.E0,0.E0));
#5713=AXIS2_PLACEMENT_3D('',#5710,#5711,#5712);
#5714=PLANE('',#5713);
#5716=ORIENTED_EDGE('',*,*,#5715,.F.);
#5718=ORIENTED_EDGE('',*,*,#5717,.F.);
#5719=ORIENTED_EDGE('',*,*,#2840,.F.);
#5720=ORIENTED_EDGE('',*,*,#5705,.T.);
#5721=ORIENTED_EDGE('',*,*,#5282,.T.);
#5722=EDGE_LOOP('',(#5716,#5718,#5719,#5720,#5721));
#5723=FACE_OUTER_BOUND('',#5722,.F.);
#5724=ADVANCED_FACE('',(#5723),#5714,.T.);
#5725=CARTESIAN_POINT('',(-1.249999338224E0,-4.390000786489E0,
1.030004042496E0));
#5726=DIRECTION('',(0.E0,1.E0,0.E0));
#5727=DIRECTION('',(0.E0,0.E0,-1.E0));
#5728=AXIS2_PLACEMENT_3D('',#5725,#5726,#5727);
#5729=CONICAL_SURFACE('',#5728,7.250030298699E-1,2.055517327500E1);
#5730=ORIENTED_EDGE('',*,*,#5280,.T.);
#5732=ORIENTED_EDGE('',*,*,#5731,.T.);
#5734=ORIENTED_EDGE('',*,*,#5733,.T.);
#5735=ORIENTED_EDGE('',*,*,#5715,.T.);
#5736=EDGE_LOOP('',(#5730,#5732,#5734,#5735));
#5737=FACE_OUTER_BOUND('',#5736,.F.);
#5738=ADVANCED_FACE('',(#5737),#5729,.T.);
#5739=CARTESIAN_POINT('',(-4.754033307585E-1,-2.99E0,1.23E0));
#5740=DIRECTION('',(0.E0,0.E0,1.E0));
#5741=DIRECTION('',(-1.E0,0.E0,0.E0));
#5742=AXIS2_PLACEMENT_3D('',#5739,#5740,#5741);
#5743=PLANE('',#5742);
#5744=ORIENTED_EDGE('',*,*,#5731,.F.);
#5745=ORIENTED_EDGE('',*,*,#5278,.T.);
#5747=ORIENTED_EDGE('',*,*,#5746,.F.);
#5748=ORIENTED_EDGE('',*,*,#2812,.F.);
#5750=ORIENTED_EDGE('',*,*,#5749,.T.);
#5751=EDGE_LOOP('',(#5744,#5745,#5747,#5748,#5750));
#5752=FACE_OUTER_BOUND('',#5751,.F.);
#5753=ADVANCED_FACE('',(#5752),#5743,.T.);
#5754=CARTESIAN_POINT('',(-9.5E-1,-2.99E0,1.33E0));
#5755=DIRECTION('',(0.E0,-1.E0,0.E0));
#5756=DIRECTION('',(0.E0,0.E0,1.E0));
#5757=AXIS2_PLACEMENT_3D('',#5754,#5755,#5756);
#5758=CYLINDRICAL_SURFACE('',#5757,1.E-1);
#5759=ORIENTED_EDGE('',*,*,#2814,.T.);
#5760=ORIENTED_EDGE('',*,*,#5746,.T.);
#5761=ORIENTED_EDGE('',*,*,#5276,.T.);
#5763=ORIENTED_EDGE('',*,*,#5762,.F.);
#5764=EDGE_LOOP('',(#5759,#5760,#5761,#5763));
#5765=FACE_OUTER_BOUND('',#5764,.F.);
#5766=ADVANCED_FACE('',(#5765),#5758,.F.);
#5767=CARTESIAN_POINT('',(-1.05E0,-2.99E0,1.33E0));
#5768=DIRECTION('',(1.E0,0.E0,0.E0));
#5769=DIRECTION('',(0.E0,0.E0,1.E0));
#5770=AXIS2_PLACEMENT_3D('',#5767,#5768,#5769);
#5771=PLANE('',#5770);
#5772=ORIENTED_EDGE('',*,*,#5563,.F.);
#5774=ORIENTED_EDGE('',*,*,#5773,.F.);
#5775=ORIENTED_EDGE('',*,*,#2816,.F.);
#5776=ORIENTED_EDGE('',*,*,#5762,.T.);
#5777=ORIENTED_EDGE('',*,*,#5274,.T.);
#5778=EDGE_LOOP('',(#5772,#5774,#5775,#5776,#5777));
#5779=FACE_OUTER_BOUND('',#5778,.F.);
#5780=ADVANCED_FACE('',(#5779),#5771,.T.);
#5781=CARTESIAN_POINT('',(-1.25E0,-2.99E0,1.03E0));
#5782=DIRECTION('',(0.E0,-1.E0,0.E0));
#5783=DIRECTION('',(0.E0,0.E0,1.E0));
#5784=AXIS2_PLACEMENT_3D('',#5781,#5782,#5783);
#5785=CYLINDRICAL_SURFACE('',#5784,8.E-1);
#5786=ORIENTED_EDGE('',*,*,#5561,.F.);
#5787=ORIENTED_EDGE('',*,*,#5578,.F.);
#5788=ORIENTED_EDGE('',*,*,#2818,.F.);
#5789=ORIENTED_EDGE('',*,*,#5773,.T.);
#5790=EDGE_LOOP('',(#5786,#5787,#5788,#5789));
#5791=FACE_OUTER_BOUND('',#5790,.F.);
#5792=ADVANCED_FACE('',(#5791),#5785,.T.);
#5793=CARTESIAN_POINT('',(-1.25E0,-2.99E0,1.03E0));
#5794=DIRECTION('',(0.E0,-1.E0,0.E0));
#5795=DIRECTION('',(0.E0,0.E0,1.E0));
#5796=AXIS2_PLACEMENT_3D('',#5793,#5794,#5795);
#5797=CYLINDRICAL_SURFACE('',#5796,8.E-1);
#5798=ORIENTED_EDGE('',*,*,#5733,.F.);
#5799=ORIENTED_EDGE('',*,*,#5749,.F.);
#5800=ORIENTED_EDGE('',*,*,#2810,.F.);
#5801=ORIENTED_EDGE('',*,*,#5717,.T.);
#5802=EDGE_LOOP('',(#5798,#5799,#5800,#5801));
#5803=FACE_OUTER_BOUND('',#5802,.F.);
#5804=ADVANCED_FACE('',(#5803),#5797,.T.);
#5805=CARTESIAN_POINT('',(-1.25E0,-2.99E0,1.03E0));
#5806=DIRECTION('',(0.E0,-1.E0,0.E0));
#5807=DIRECTION('',(0.E0,0.E0,1.E0));
#5808=AXIS2_PLACEMENT_3D('',#5805,#5806,#5807);
#5809=CYLINDRICAL_SURFACE('',#5808,8.E-1);
#5810=ORIENTED_EDGE('',*,*,#5676,.F.);
#5811=ORIENTED_EDGE('',*,*,#5692,.F.);
#5812=ORIENTED_EDGE('',*,*,#2834,.F.);
#5813=ORIENTED_EDGE('',*,*,#5660,.T.);
#5814=EDGE_LOOP('',(#5810,#5811,#5812,#5813));
#5815=FACE_OUTER_BOUND('',#5814,.F.);
#5816=ADVANCED_FACE('',(#5815),#5809,.T.);
#5817=CARTESIAN_POINT('',(-1.25E0,-2.99E0,1.03E0));
#5818=DIRECTION('',(0.E0,-1.E0,0.E0));
#5819=DIRECTION('',(0.E0,0.E0,1.E0));
#5820=AXIS2_PLACEMENT_3D('',#5817,#5818,#5819);
#5821=CYLINDRICAL_SURFACE('',#5820,8.E-1);
#5822=ORIENTED_EDGE('',*,*,#5619,.F.);
#5823=ORIENTED_EDGE('',*,*,#5635,.F.);
#5824=ORIENTED_EDGE('',*,*,#2826,.F.);
#5825=ORIENTED_EDGE('',*,*,#5603,.T.);
#5826=EDGE_LOOP('',(#5822,#5823,#5824,#5825));
#5827=FACE_OUTER_BOUND('',#5826,.F.);
#5828=ADVANCED_FACE('',(#5827),#5821,.T.);
#5829=CLOSED_SHELL('',(#2844,#2866,#2880,#2894,#2907,#2923,#2935,#2949,#2969,
#2982,#2994,#3065,#3080,#3094,#3108,#3121,#3147,#3169,#3183,#3203,#3230,#3245,
#3268,#3283,#3301,#3316,#3334,#3354,#3369,#3393,#3410,#3424,#3448,#3462,#3478,
#3492,#3504,#3518,#3530,#3541,#3556,#3569,#3581,#3600,#3652,#3667,#3682,#3705,
#3728,#3743,#3758,#3772,#3786,#3799,#3813,#3827,#3842,#3856,#3871,#3885,#3899,
#3912,#3926,#3939,#3954,#3971,#3994,#4007,#4019,#4034,#4049,#4063,#4076,#4088,
#4101,#4114,#4129,#4143,#4157,#4171,#4183,#4196,#4209,#4221,#4234,#4247,#4259,
#4272,#4284,#4300,#4323,#4346,#4362,#4377,#4392,#4406,#4420,#4434,#4448,#4462,
#4477,#4491,#4506,#4520,#4534,#4547,#4562,#4576,#4593,#4616,#4632,#4645,#4657,
#4679,#4703,#4724,#4739,#4757,#4771,#4788,#4801,#4813,#4825,#4838,#4855,#4868,
#4881,#4893,#4906,#4919,#4932,#4945,#4960,#4974,#4988,#5002,#5015,#5028,#5040,
#5053,#5068,#5082,#5096,#5109,#5121,#5133,#5146,#5158,#5171,#5184,#5196,#5213,
#5228,#5266,#5306,#5321,#5333,#5346,#5361,#5375,#5388,#5402,#5415,#5430,#5444,
#5457,#5471,#5484,#5499,#5513,#5526,#5540,#5552,#5567,#5582,#5595,#5610,#5624,
#5639,#5652,#5667,#5681,#5696,#5709,#5724,#5738,#5753,#5766,#5780,#5792,#5804,
#5816,#5828));
#5830=MANIFOLD_SOLID_BREP('',#5829);
#5831=CARTESIAN_POINT('',(0.E0,0.E0,0.E0));
#5832=DIRECTION('',(0.E0,0.E0,1.E0));
#5833=DIRECTION('',(1.E0,0.E0,0.E0));
#5834=AXIS2_PLACEMENT_3D('CSYS',#5831,#5832,#5833);
#5835=CARTESIAN_POINT('',(1.25E0,-3.29E0,-8.65E0));
#5836=DIRECTION('',(0.E0,-1.E0,0.E0));
#5837=DIRECTION('',(0.E0,0.E0,1.E0));
#5838=AXIS2_PLACEMENT_3D('',#5835,#5836,#5837);
#5842=CARTESIAN_POINT('',(1.25E0,-3.29E0,-8.65E0));
#5843=DIRECTION('',(0.E0,-1.E0,0.E0));
#5844=DIRECTION('',(0.E0,0.E0,-1.E0));
#5845=AXIS2_PLACEMENT_3D('',#5842,#5843,#5844);
#5851=CARTESIAN_POINT('',(1.25E0,-3.29E0,-6.15E0));
#5852=DIRECTION('',(0.E0,-1.E0,0.E0));
#5853=DIRECTION('',(0.E0,0.E0,1.E0));
#5854=AXIS2_PLACEMENT_3D('',#5851,#5852,#5853);
#5858=CARTESIAN_POINT('',(1.25E0,-3.29E0,-6.15E0));
#5859=DIRECTION('',(0.E0,-1.E0,0.E0));
#5860=DIRECTION('',(0.E0,0.E0,-1.E0));
#5861=AXIS2_PLACEMENT_3D('',#5858,#5859,#5860);
#5866=CARTESIAN_POINT('',(-1.25E0,-3.29E0,-8.65E0));
#5867=DIRECTION('',(0.E0,-1.E0,0.E0));
#5868=DIRECTION('',(0.E0,0.E0,1.E0));
#5869=AXIS2_PLACEMENT_3D('',#5866,#5867,#5868);
#5873=CARTESIAN_POINT('',(-1.25E0,-3.29E0,-8.65E0));
#5874=DIRECTION('',(0.E0,-1.E0,0.E0));
#5875=DIRECTION('',(0.E0,0.E0,-1.E0));
#5876=AXIS2_PLACEMENT_3D('',#5873,#5874,#5875);
#5881=CARTESIAN_POINT('',(-1.25E0,-3.29E0,-6.15E0));
#5882=DIRECTION('',(0.E0,-1.E0,0.E0));
#5883=DIRECTION('',(0.E0,0.E0,1.E0));
#5884=AXIS2_PLACEMENT_3D('',#5881,#5882,#5883);
#5888=CARTESIAN_POINT('',(-1.25E0,-3.29E0,-6.15E0));
#5889=DIRECTION('',(0.E0,-1.E0,0.E0));
#5890=DIRECTION('',(0.E0,0.E0,-1.E0));
#5891=AXIS2_PLACEMENT_3D('',#5888,#5889,#5890);
#5896=CARTESIAN_POINT('',(-1.25E0,-3.29E0,1.03E0));
#5897=DIRECTION('',(0.E0,-1.E0,0.E0));
#5898=DIRECTION('',(0.E0,0.E0,1.E0));
#5899=AXIS2_PLACEMENT_3D('',#5896,#5897,#5898);
#5903=CARTESIAN_POINT('',(-1.25E0,-3.29E0,1.03E0));
#5904=DIRECTION('',(0.E0,-1.E0,0.E0));
#5905=DIRECTION('',(0.E0,0.E0,-1.E0));
#5906=AXIS2_PLACEMENT_3D('',#5903,#5904,#5905);
#5911=CARTESIAN_POINT('',(1.25E0,-3.29E0,1.03E0));
#5912=DIRECTION('',(0.E0,-1.E0,0.E0));
#5913=DIRECTION('',(0.E0,0.E0,1.E0));
#5914=AXIS2_PLACEMENT_3D('',#5911,#5912,#5913);
#5918=CARTESIAN_POINT('',(1.25E0,-3.29E0,1.03E0));
#5919=DIRECTION('',(0.E0,-1.E0,0.E0));
#5920=DIRECTION('',(0.E0,0.E0,-1.E0));
#5921=AXIS2_PLACEMENT_3D('',#5918,#5919,#5920);
#5927=DIMENSIONAL_EXPONENTS(0.E0,0.E0,0.E0,0.E0,0.E0,0.E0,0.E0);
#5929=PLANE_ANGLE_MEASURE_WITH_UNIT(PLANE_ANGLE_MEASURE(1.745329251994E-2),
#5928);
#5930=(CONVERSION_BASED_UNIT('DEGREE',#5929)NAMED_UNIT(*)PLANE_ANGLE_UNIT());
#5932=UNCERTAINTY_MEASURE_WITH_UNIT(LENGTH_MEASURE(2.026647329047E-3),#5926,
'closure',
'Maximum model space distance between geometric entities at asserted connectivities');
#5933=(GEOMETRIC_REPRESENTATION_CONTEXT(3)GLOBAL_UNCERTAINTY_ASSIGNED_CONTEXT((
#5932))GLOBAL_UNIT_ASSIGNED_CONTEXT((#5926,#5930,#5931))REPRESENTATION_CONTEXT(
'ID1','3'));
#5850=GEOMETRIC_SET('',(#5849,#5865,#5880,#5895,#5910,#5925));
#5937=SHAPE_REPRESENTATION_RELATIONSHIP('','',#5936,#5934);
#5938=SHAPE_REPRESENTATION_RELATIONSHIP('','',#5936,#5935);
#5939=APPLICATION_CONTEXT(
'CONFIGURATION CONTROLLED 3D DESIGNS OF MECHANICAL PARTS AND ASSEMBLIES');
#5940=APPLICATION_PROTOCOL_DEFINITION('international standard',
'config_control_design',1994,#5939);
#5941=DESIGN_CONTEXT('',#5939,'design');
#5942=MECHANICAL_CONTEXT('',#5939,'mechanical');
#5943=PRODUCT('1053142104','1053142104','NOT SPECIFIED',(#5942));
#5944=PRODUCT_DEFINITION_FORMATION_WITH_SPECIFIED_SOURCE('3','LAST_VERSION',
#5943,.MADE.);
#5948=PRODUCT_CATEGORY('part','');
#5949=PRODUCT_RELATED_PRODUCT_CATEGORY('detail','',(#5943));
#5950=PRODUCT_CATEGORY_RELATIONSHIP('','',#5948,#5949);
#5951=SECURITY_CLASSIFICATION_LEVEL('unclassified');
#5952=SECURITY_CLASSIFICATION('','',#5951);
#5953=CC_DESIGN_SECURITY_CLASSIFICATION(#5952,(#5944));
#5954=APPROVAL_STATUS('approved');
#5955=APPROVAL(#5954,'');
#5956=CC_DESIGN_APPROVAL(#5955,(#5952,#5944,#5945));
#5957=CALENDAR_DATE(120,27,11);
#5958=COORDINATED_UNIVERSAL_TIME_OFFSET(5,30,.AHEAD.);
#5959=LOCAL_TIME(10,27,1.E1,#5958);
#5960=DATE_AND_TIME(#5957,#5959);
#5961=APPROVAL_DATE_TIME(#5960,#5955);
#5962=DATE_TIME_ROLE('creation_date');
#5963=CC_DESIGN_DATE_AND_TIME_ASSIGNMENT(#5960,#5962,(#5945));
#5964=DATE_TIME_ROLE('classification_date');
#5965=CC_DESIGN_DATE_AND_TIME_ASSIGNMENT(#5960,#5964,(#5952));
#5966=PERSON('UNSPECIFIED','UNSPECIFIED',$,$,$,$);
#5967=ORGANIZATION('UNSPECIFIED','UNSPECIFIED','UNSPECIFIED');
#5968=PERSON_AND_ORGANIZATION(#5966,#5967);
#5969=APPROVAL_ROLE('approver');
#5970=APPROVAL_PERSON_ORGANIZATION(#5968,#5955,#5969);
#5971=PERSON_AND_ORGANIZATION_ROLE('creator');
#5972=CC_DESIGN_PERSON_AND_ORGANIZATION_ASSIGNMENT(#5968,#5971,(#5944,#5945));
#5973=PERSON_AND_ORGANIZATION_ROLE('design_supplier');
#5974=CC_DESIGN_PERSON_AND_ORGANIZATION_ASSIGNMENT(#5968,#5973,(#5944));
#5975=PERSON_AND_ORGANIZATION_ROLE('classification_officer');
#5976=CC_DESIGN_PERSON_AND_ORGANIZATION_ASSIGNMENT(#5968,#5975,(#5952));
#5977=PERSON_AND_ORGANIZATION_ROLE('design_owner');
#5978=CC_DESIGN_PERSON_AND_ORGANIZATION_ASSIGNMENT(#5968,#5977,(#5943));
#57=CIRCLE('',#56,1.E-1);
#66=CIRCLE('',#65,8.E-1);
#75=CIRCLE('',#74,1.E-1);
#84=CIRCLE('',#83,8.E-1);
#93=CIRCLE('',#92,1.E-1);
#102=CIRCLE('',#101,8.E-1);
#111=CIRCLE('',#110,1.E-1);
#120=CIRCLE('',#119,8.E-1);
#125=CIRCLE('',#124,8.E-1);
#134=CIRCLE('',#133,1.E-1);
#143=CIRCLE('',#142,8.E-1);
#152=CIRCLE('',#151,1.E-1);
#161=CIRCLE('',#160,8.E-1);
#170=CIRCLE('',#169,1.E-1);
#179=CIRCLE('',#178,8.E-1);
#188=CIRCLE('',#187,1.E-1);
#529=CIRCLE('',#528,2.E-1);
#554=CIRCLE('',#553,2.E-1);
#559=CIRCLE('',#558,2.E-1);
#564=CIRCLE('',#563,2.E-1);
#605=CIRCLE('',#604,2.5E-1);
#614=CIRCLE('',#613,2.5E-1);
#639=CIRCLE('',#638,2.5E-1);
#648=CIRCLE('',#647,2.5E-1);
#681=CIRCLE('',#680,2.E-1);
#686=CIRCLE('',#685,2.E-1);
#691=CIRCLE('',#690,2.E-1);
#696=CIRCLE('',#695,2.E-1);
#701=CIRCLE('',#700,2.E-1);
#710=CIRCLE('',#709,2.E-1);
#719=CIRCLE('',#718,2.E-1);
#724=CIRCLE('',#723,2.E-1);
#873=CIRCLE('',#872,9.35E-1);
#886=CIRCLE('',#885,3.E-1);
#903=CIRCLE('',#902,9.35E-1);
#916=CIRCLE('',#915,3.E-1);
#1025=CIRCLE('',#1024,3.E-1);
#1038=CIRCLE('',#1037,9.35E-1);
#1055=CIRCLE('',#1054,3.E-1);
#1068=CIRCLE('',#1067,9.35E-1);
#1221=CIRCLE('',#1220,9.35E-1);
#1234=CIRCLE('',#1233,3.E-1);
#1251=CIRCLE('',#1250,9.35E-1);
#1264=CIRCLE('',#1263,3.E-1);
#1377=CIRCLE('',#1376,3.E-1);
#1390=CIRCLE('',#1389,9.35E-1);
#1407=CIRCLE('',#1406,3.E-1);
#1420=CIRCLE('',#1419,9.35E-1);
#1726=B_SPLINE_CURVE_WITH_KNOTS('',3,(#1721,#1722,#1723,#1724,#1725),
.UNSPECIFIED.,.F.,.F.,(4,1,4),(0.E0,5.E-1,1.E0),.UNSPECIFIED.);
#1735=CIRCLE('',#1734,6.500067964455E-1);
#1740=CIRCLE('',#1739,7.999993405671E-1);
#1749=CIRCLE('',#1748,1.E-1);
#1762=CIRCLE('',#1761,1.E-1);
#1775=CIRCLE('',#1774,1.E-1);
#1788=CIRCLE('',#1787,1.E-1);
#1801=CIRCLE('',#1800,1.E-1);
#1814=CIRCLE('',#1813,1.E-1);
#1827=CIRCLE('',#1826,1.E-1);
#1840=CIRCLE('',#1839,1.E-1);
#1850=B_SPLINE_CURVE_WITH_KNOTS('',3,(#1845,#1846,#1847,#1848,#1849),
.UNSPECIFIED.,.F.,.F.,(4,1,4),(0.E0,5.E-1,1.E0),.UNSPECIFIED.);
#1868=B_SPLINE_CURVE_WITH_KNOTS('',3,(#1863,#1864,#1865,#1866,#1867),
.UNSPECIFIED.,.F.,.F.,(4,1,4),(0.E0,5.E-1,1.E0),.UNSPECIFIED.);
#1877=CIRCLE('',#1876,6.500067964455E-1);
#1882=CIRCLE('',#1881,7.999993405671E-1);
#1892=B_SPLINE_CURVE_WITH_KNOTS('',3,(#1887,#1888,#1889,#1890,#1891),
.UNSPECIFIED.,.F.,.F.,(4,1,4),(0.E0,5.E-1,1.E0),.UNSPECIFIED.);
#1906=B_SPLINE_CURVE_WITH_KNOTS('',3,(#1901,#1902,#1903,#1904,#1905),
.UNSPECIFIED.,.F.,.F.,(4,1,4),(0.E0,5.E-1,1.E0),.UNSPECIFIED.);
#1915=CIRCLE('',#1914,6.500067964455E-1);
#1920=CIRCLE('',#1919,7.999993405671E-1);
#1930=B_SPLINE_CURVE_WITH_KNOTS('',3,(#1925,#1926,#1927,#1928,#1929),
.UNSPECIFIED.,.F.,.F.,(4,1,4),(0.E0,5.E-1,1.E0),.UNSPECIFIED.);
#1944=B_SPLINE_CURVE_WITH_KNOTS('',3,(#1939,#1940,#1941,#1942,#1943),
.UNSPECIFIED.,.F.,.F.,(4,1,4),(0.E0,5.E-1,1.E0),.UNSPECIFIED.);
#1953=CIRCLE('',#1952,6.500067964455E-1);
#1958=CIRCLE('',#1957,7.999993405671E-1);
#1968=B_SPLINE_CURVE_WITH_KNOTS('',3,(#1963,#1964,#1965,#1966,#1967),
.UNSPECIFIED.,.F.,.F.,(4,1,4),(0.E0,5.E-1,1.E0),.UNSPECIFIED.);
#1981=CIRCLE('',#1980,6.500067964455E-1);
#1986=CIRCLE('',#1985,7.999993405672E-1);
#1992=B_SPLINE_CURVE_WITH_KNOTS('',3,(#1987,#1988,#1989,#1990,#1991),
.UNSPECIFIED.,.F.,.F.,(4,1,4),(0.E0,5.E-1,1.E0),.UNSPECIFIED.);
#2006=B_SPLINE_CURVE_WITH_KNOTS('',3,(#2001,#2002,#2003,#2004,#2005),
.UNSPECIFIED.,.F.,.F.,(4,1,4),(0.E0,5.E-1,1.E0),.UNSPECIFIED.);
#2015=CIRCLE('',#2014,6.500067964455E-1);
#2020=CIRCLE('',#2019,7.999993405671E-1);
#2026=B_SPLINE_CURVE_WITH_KNOTS('',3,(#2021,#2022,#2023,#2024,#2025),
.UNSPECIFIED.,.F.,.F.,(4,1,4),(0.E0,5.E-1,1.E0),.UNSPECIFIED.);
#2040=B_SPLINE_CURVE_WITH_KNOTS('',3,(#2035,#2036,#2037,#2038,#2039),
.UNSPECIFIED.,.F.,.F.,(4,1,4),(0.E0,5.E-1,1.E0),.UNSPECIFIED.);
#2049=CIRCLE('',#2048,6.500067964455E-1);
#2054=CIRCLE('',#2053,7.999993405671E-1);
#2060=B_SPLINE_CURVE_WITH_KNOTS('',3,(#2055,#2056,#2057,#2058,#2059),
.UNSPECIFIED.,.F.,.F.,(4,1,4),(0.E0,5.E-1,1.E0),.UNSPECIFIED.);
#2074=B_SPLINE_CURVE_WITH_KNOTS('',3,(#2069,#2070,#2071,#2072,#2073),
.UNSPECIFIED.,.F.,.F.,(4,1,4),(0.E0,5.E-1,1.E0),.UNSPECIFIED.);
#2083=CIRCLE('',#2082,6.500067964455E-1);
#2088=CIRCLE('',#2087,7.999993405671E-1);
#2094=B_SPLINE_CURVE_WITH_KNOTS('',3,(#2089,#2090,#2091,#2092,#2093),
.UNSPECIFIED.,.F.,.F.,(4,1,4),(0.E0,5.E-1,1.E0),.UNSPECIFIED.);
#2108=B_SPLINE_CURVE_WITH_KNOTS('',3,(#2103,#2104,#2105,#2106,#2107),
.UNSPECIFIED.,.F.,.F.,(4,1,4),(0.E0,5.E-1,1.E0),.UNSPECIFIED.);
#2750=EDGE_CURVE('',#2136,#2174,#4,.T.);
#2752=EDGE_CURVE('',#2174,#2440,#8,.T.);
#2754=EDGE_CURVE('',#2440,#2442,#12,.T.);
#2756=EDGE_CURVE('',#2444,#2442,#16,.T.);
#2758=EDGE_CURVE('',#2444,#2131,#20,.T.);
#2760=EDGE_CURVE('',#2131,#2132,#24,.T.);
#2762=EDGE_CURVE('',#2132,#2176,#28,.T.);
#2764=EDGE_CURVE('',#2176,#2434,#32,.T.);
#2766=EDGE_CURVE('',#2434,#2436,#36,.T.);
#2768=EDGE_CURVE('',#2438,#2436,#40,.T.);
#2770=EDGE_CURVE('',#2438,#2135,#44,.T.);
#2772=EDGE_CURVE('',#2135,#2136,#48,.T.);
#2776=EDGE_CURVE('',#2651,#2652,#52,.T.);
#2778=EDGE_CURVE('',#2654,#2652,#57,.T.);
#2780=EDGE_CURVE('',#2654,#2656,#61,.T.);
#2782=EDGE_CURVE('',#2656,#2658,#66,.T.);
#2784=EDGE_CURVE('',#2658,#2660,#70,.T.);
#2786=EDGE_CURVE('',#2662,#2660,#75,.T.);
#2788=EDGE_CURVE('',#2662,#2664,#79,.T.);
#2790=EDGE_CURVE('',#2664,#2666,#84,.T.);
#2792=EDGE_CURVE('',#2666,#2668,#88,.T.);
#2794=EDGE_CURVE('',#2670,#2668,#93,.T.);
#2796=EDGE_CURVE('',#2670,#2672,#97,.T.);
#2798=EDGE_CURVE('',#2672,#2674,#102,.T.);
#2800=EDGE_CURVE('',#2674,#2676,#106,.T.);
#2802=EDGE_CURVE('',#2678,#2676,#111,.T.);
#2804=EDGE_CURVE('',#2678,#2680,#115,.T.);
#2806=EDGE_CURVE('',#2680,#2651,#120,.T.);
#2810=EDGE_CURVE('',#2683,#2684,#125,.T.);
#2812=EDGE_CURVE('',#2684,#2686,#129,.T.);
#2814=EDGE_CURVE('',#2688,#2686,#134,.T.);
#2816=EDGE_CURVE('',#2688,#2690,#138,.T.);
#2818=EDGE_CURVE('',#2690,#2692,#143,.T.);
#2820=EDGE_CURVE('',#2692,#2694,#147,.T.);
#2822=EDGE_CURVE('',#2696,#2694,#152,.T.);
#2824=EDGE_CURVE('',#2696,#2698,#156,.T.);
#2826=EDGE_CURVE('',#2698,#2700,#161,.T.);
#2828=EDGE_CURVE('',#2700,#2702,#165,.T.);
#2830=EDGE_CURVE('',#2704,#2702,#170,.T.);
#2832=EDGE_CURVE('',#2704,#2706,#174,.T.);
#2834=EDGE_CURVE('',#2706,#2708,#179,.T.);
#2836=EDGE_CURVE('',#2708,#2710,#183,.T.);
#2838=EDGE_CURVE('',#2712,#2710,#188,.T.);
#2840=EDGE_CURVE('',#2712,#2683,#192,.T.);
#2851=EDGE_CURVE('',#2444,#2168,#196,.T.);
#2853=EDGE_CURVE('',#2168,#2172,#232,.T.);
#2855=EDGE_CURVE('',#2174,#2172,#212,.T.);
#2858=EDGE_CURVE('',#2136,#2139,#200,.T.);
#2860=EDGE_CURVE('',#2139,#2140,#752,.T.);
#2862=EDGE_CURVE('',#2131,#2140,#360,.T.);
#2873=EDGE_CURVE('',#2442,#2167,#204,.T.);
#2875=EDGE_CURVE('',#2167,#2168,#236,.T.);
#2887=EDGE_CURVE('',#2440,#2170,#208,.T.);
#2889=EDGE_CURVE('',#2170,#2167,#240,.T.);
#2902=EDGE_CURVE('',#2172,#2170,#244,.T.);
#2913=EDGE_CURVE('',#2160,#2164,#216,.T.);
#2915=EDGE_CURVE('',#2159,#2160,#220,.T.);
#2917=EDGE_CURVE('',#2162,#2159,#224,.T.);
#2919=EDGE_CURVE('',#2164,#2162,#228,.T.);
#2942=EDGE_CURVE('',#2176,#2160,#248,.T.);
#2945=EDGE_CURVE('',#2434,#2164,#264,.T.);
#2956=EDGE_CURVE('',#2438,#2159,#252,.T.);
#2961=EDGE_CURVE('',#2132,#2143,#256,.T.);
#2963=EDGE_CURVE('',#2143,#2144,#760,.T.);
#2965=EDGE_CURVE('',#2135,#2144,#772,.T.);
#2976=EDGE_CURVE('',#2436,#2162,#260,.T.);
#3000=EDGE_CURVE('',#2267,#2268,#284,.T.);
#3002=EDGE_CURVE('',#2268,#2488,#288,.T.);
#3004=EDGE_CURVE('',#2483,#2488,#1520,.T.);
#3006=EDGE_CURVE('',#2483,#2484,#292,.T.);
#3008=EDGE_CURVE('',#2484,#2486,#296,.T.);
#3010=EDGE_CURVE('',#2486,#2379,#300,.T.);
#3012=EDGE_CURVE('',#2379,#2380,#304,.T.);
#3014=EDGE_CURVE('',#2380,#2479,#308,.T.);
#3016=EDGE_CURVE('',#2479,#2480,#312,.T.);
#3018=EDGE_CURVE('',#2480,#2291,#316,.T.);
#3020=EDGE_CURVE('',#2291,#2292,#320,.T.);
#3022=EDGE_CURVE('',#2292,#2294,#324,.T.);
#3024=EDGE_CURVE('',#2294,#2296,#328,.T.);
#3026=EDGE_CURVE('',#2296,#2187,#332,.T.);
#3028=EDGE_CURVE('',#2187,#2188,#336,.T.);
#3030=EDGE_CURVE('',#2188,#2190,#340,.T.);
#3032=EDGE_CURVE('',#2190,#2192,#344,.T.);
#3034=EDGE_CURVE('',#2192,#2272,#348,.T.);
#3036=EDGE_CURVE('',#2271,#2272,#352,.T.);
#3038=EDGE_CURVE('',#2271,#2152,#356,.T.);
#3040=EDGE_CURVE('',#2152,#2156,#541,.T.);
#3042=EDGE_CURVE('',#2156,#2143,#764,.T.);
#3047=EDGE_CURVE('',#2140,#2154,#748,.T.);
#3049=EDGE_CURVE('',#2148,#2154,#676,.T.);
#3051=EDGE_CURVE('',#2148,#2267,#364,.T.);
#3055=EDGE_CURVE('',#2371,#2372,#268,.T.);
#3057=EDGE_CURVE('',#2372,#2374,#272,.T.);
#3059=EDGE_CURVE('',#2374,#2376,#276,.T.);
#3061=EDGE_CURVE('',#2376,#2371,#280,.T.);
#3072=EDGE_CURVE('',#2371,#2363,#368,.T.);
#3074=EDGE_CURVE('',#2363,#2364,#400,.T.);
#3076=EDGE_CURVE('',#2372,#2364,#380,.T.);
#3087=EDGE_CURVE('',#2376,#2368,#372,.T.);
#3089=EDGE_CURVE('',#2368,#2363,#404,.T.);
#3101=EDGE_CURVE('',#2374,#2366,#376,.T.);
#3103=EDGE_CURVE('',#2366,#2368,#408,.T.);
#3116=EDGE_CURVE('',#2364,#2366,#412,.T.);
#3127=EDGE_CURVE('',#2179,#2180,#384,.T.);
#3129=EDGE_CURVE('',#2184,#2179,#388,.T.);
#3131=EDGE_CURVE('',#2182,#2184,#392,.T.);
#3133=EDGE_CURVE('',#2180,#2182,#396,.T.);
#3137=EDGE_CURVE('',#2219,#2220,#432,.T.);
#3139=EDGE_CURVE('',#2220,#2224,#436,.T.);
#3141=EDGE_CURVE('',#2223,#2224,#440,.T.);
#3143=EDGE_CURVE('',#2219,#2223,#444,.T.);
#3159=EDGE_CURVE('',#2211,#2212,#416,.T.);
#3161=EDGE_CURVE('',#2211,#2215,#420,.T.);
#3163=EDGE_CURVE('',#2215,#2216,#424,.T.);
#3165=EDGE_CURVE('',#2212,#2216,#428,.T.);
#3176=EDGE_CURVE('',#2187,#2179,#448,.T.);
#3179=EDGE_CURVE('',#2188,#2180,#1720,.T.);
#3189=EDGE_CURVE('',#2300,#2283,#452,.T.);
#3191=EDGE_CURVE('',#2272,#2283,#456,.T.);
#3194=EDGE_CURVE('',#2192,#2184,#460,.T.);
#3199=EDGE_CURVE('',#2296,#2300,#464,.T.);
#3209=EDGE_CURVE('',#2323,#2324,#468,.T.);
#3211=EDGE_CURVE('',#2284,#2324,#472,.T.);
#3213=EDGE_CURVE('',#2283,#2284,#476,.T.);
#3216=EDGE_CURVE('',#2288,#2300,#480,.T.);
#3218=EDGE_CURVE('',#2287,#2288,#484,.T.);
#3220=EDGE_CURVE('',#2298,#2287,#488,.T.);
#3222=EDGE_CURVE('',#2298,#2280,#1580,.T.);
#3224=EDGE_CURVE('',#2279,#2280,#492,.T.);
#3226=EDGE_CURVE('',#2323,#2279,#496,.T.);
#3236=EDGE_CURVE('',#2303,#2304,#516,.T.);
#3238=EDGE_CURVE('',#2324,#2304,#500,.T.);
#3241=EDGE_CURVE('',#2303,#2323,#504,.T.);
#3251=EDGE_CURVE('',#2346,#2342,#508,.T.);
#3253=EDGE_CURVE('',#2308,#2342,#705,.T.);
#3255=EDGE_CURVE('',#2308,#2304,#512,.T.);
#3258=EDGE_CURVE('',#2306,#2303,#520,.T.);
#3260=EDGE_CURVE('',#2349,#2306,#714,.T.);
#3262=EDGE_CURVE('',#2349,#2350,#524,.T.);
#3264=EDGE_CURVE('',#2350,#2346,#740,.T.);
#3274=EDGE_CURVE('',#2344,#2340,#537,.T.);
#3276=EDGE_CURVE('',#2340,#2342,#724,.T.);
#3279=EDGE_CURVE('',#2346,#2344,#529,.T.);
#3289=EDGE_CURVE('',#2340,#2335,#533,.T.);
#3292=EDGE_CURVE('',#2156,#2344,#768,.T.);
#3295=EDGE_CURVE('',#2151,#2152,#545,.T.);
#3297=EDGE_CURVE('',#2335,#2151,#549,.T.);
#3307=EDGE_CURVE('',#2335,#2336,#559,.T.);
#3309=EDGE_CURVE('',#2338,#2336,#622,.T.);
#3311=EDGE_CURVE('',#2340,#2338,#554,.T.);
#3324=EDGE_CURVE('',#2147,#2151,#576,.T.);
#3326=EDGE_CURVE('',#2360,#2147,#668,.T.);
#3328=EDGE_CURVE('',#2359,#2360,#564,.T.);
#3330=EDGE_CURVE('',#2359,#2336,#568,.T.);
#3340=EDGE_CURVE('',#2267,#2274,#572,.T.);
#3343=EDGE_CURVE('',#2147,#2148,#672,.T.);
#3348=EDGE_CURVE('',#2271,#2276,#580,.T.);
#3350=EDGE_CURVE('',#2276,#2274,#584,.T.);
#3362=EDGE_CURVE('',#2274,#2279,#588,.T.);
#3365=EDGE_CURVE('',#2268,#2280,#1592,.T.);
#3375=EDGE_CURVE('',#2323,#2326,#592,.T.);
#3380=EDGE_CURVE('',#2276,#2284,#596,.T.);
#3383=EDGE_CURVE('',#2324,#2332,#600,.T.);
#3385=EDGE_CURVE('',#2330,#2332,#605,.T.);
#3387=EDGE_CURVE('',#2328,#2330,#609,.T.);
#3389=EDGE_CURVE('',#2326,#2328,#614,.T.);
#3402=EDGE_CURVE('',#2312,#2326,#618,.T.);
#3404=EDGE_CURVE('',#2311,#2312,#634,.T.);
#3406=EDGE_CURVE('',#2306,#2311,#719,.T.);
#3416=EDGE_CURVE('',#2312,#2314,#639,.T.);
#3420=EDGE_CURVE('',#2314,#2328,#736,.T.);
#3432=EDGE_CURVE('',#2359,#2356,#626,.T.);
#3434=EDGE_CURVE('',#2356,#2311,#630,.T.);
#3438=EDGE_CURVE('',#2314,#2316,#643,.T.);
#3440=EDGE_CURVE('',#2316,#2318,#648,.T.);
#3442=EDGE_CURVE('',#2320,#2318,#652,.T.);
#3444=EDGE_CURVE('',#2320,#2338,#656,.T.);
#3455=EDGE_CURVE('',#2360,#2353,#664,.T.);
#3457=EDGE_CURVE('',#2353,#2356,#691,.T.);
#3468=EDGE_CURVE('',#2353,#2354,#660,.T.);
#3474=EDGE_CURVE('',#2154,#2354,#744,.T.);
#3485=EDGE_CURVE('',#2353,#2349,#681,.T.);
#3488=EDGE_CURVE('',#2354,#2350,#686,.T.);
#3498=EDGE_CURVE('',#2356,#2349,#710,.T.);
#3510=EDGE_CURVE('',#2342,#2338,#696,.T.);
#3513=EDGE_CURVE('',#2308,#2320,#701,.T.);
#3550=EDGE_CURVE('',#2318,#2332,#728,.T.);
#3563=EDGE_CURVE('',#2316,#2330,#732,.T.);
#3592=EDGE_CURVE('',#2144,#2139,#756,.T.);
#3612=EDGE_CURVE('',#2195,#2196,#776,.T.);
#3614=EDGE_CURVE('',#2196,#2200,#780,.T.);
#3616=EDGE_CURVE('',#2199,#2200,#784,.T.);
#3618=EDGE_CURVE('',#2195,#2199,#788,.T.);
#3622=EDGE_CURVE('',#2203,#2204,#792,.T.);
#3624=EDGE_CURVE('',#2203,#2207,#796,.T.);
#3626=EDGE_CURVE('',#2207,#2208,#800,.T.);
#3628=EDGE_CURVE('',#2204,#2208,#804,.T.);
#3632=EDGE_CURVE('',#2523,#2524,#808,.T.);
#3634=EDGE_CURVE('',#2524,#2532,#812,.T.);
#3636=EDGE_CURVE('',#2531,#2532,#816,.T.);
#3638=EDGE_CURVE('',#2523,#2531,#820,.T.);
#3642=EDGE_CURVE('',#2527,#2528,#824,.T.);
#3644=EDGE_CURVE('',#2528,#2536,#828,.T.);
#3646=EDGE_CURVE('',#2535,#2536,#832,.T.);
#3648=EDGE_CURVE('',#2527,#2535,#836,.T.);
#3658=EDGE_CURVE('',#2246,#2240,#840,.T.);
#3660=EDGE_CURVE('',#2246,#2219,#844,.T.);
#3663=EDGE_CURVE('',#2223,#2240,#848,.T.);
#3673=EDGE_CURVE('',#2404,#2414,#852,.T.);
#3675=EDGE_CURVE('',#2404,#2211,#856,.T.);
#3678=EDGE_CURVE('',#2212,#2414,#860,.T.);
#3688=EDGE_CURVE('',#2260,#2252,#864,.T.);
#3690=EDGE_CURVE('',#2260,#2448,#868,.T.);
#3692=EDGE_CURVE('',#2448,#2228,#873,.T.);
#3694=EDGE_CURVE('',#2228,#2207,#877,.T.);
#3697=EDGE_CURVE('',#2203,#2226,#881,.T.);
#3699=EDGE_CURVE('',#2226,#2446,#886,.T.);
#3701=EDGE_CURVE('',#2446,#2252,#890,.T.);
#3711=EDGE_CURVE('',#2428,#2420,#894,.T.);
#3713=EDGE_CURVE('',#2428,#2452,#898,.T.);
#3715=EDGE_CURVE('',#2452,#2396,#903,.T.);
#3717=EDGE_CURVE('',#2396,#2196,#907,.T.);
#3720=EDGE_CURVE('',#2195,#2394,#911,.T.);
#3722=EDGE_CURVE('',#2394,#2450,#916,.T.);
#3724=EDGE_CURVE('',#2450,#2420,#920,.T.);
#3734=EDGE_CURVE('',#2248,#2236,#936,.T.);
#3736=EDGE_CURVE('',#2248,#2246,#1076,.T.);
#3739=EDGE_CURVE('',#2240,#2236,#940,.T.);
#3749=EDGE_CURVE('',#2235,#2236,#924,.T.);
#3751=EDGE_CURVE('',#2235,#2242,#928,.T.);
#3753=EDGE_CURVE('',#2242,#2248,#932,.T.);
#3766=EDGE_CURVE('',#2239,#2240,#952,.T.);
#3768=EDGE_CURVE('',#2235,#2239,#944,.T.);
#3780=EDGE_CURVE('',#2228,#2232,#948,.T.);
#3782=EDGE_CURVE('',#2232,#2208,#1033,.T.);
#3795=EDGE_CURVE('',#2224,#2239,#996,.T.);
#3806=EDGE_CURVE('',#2448,#2456,#956,.T.);
#3808=EDGE_CURVE('',#2456,#2232,#1038,.T.);
#3819=EDGE_CURVE('',#2264,#2260,#960,.T.);
#3821=EDGE_CURVE('',#2264,#2456,#1042,.T.);
#3833=EDGE_CURVE('',#2259,#2260,#964,.T.);
#3835=EDGE_CURVE('',#2263,#2259,#1184,.T.);
#3837=EDGE_CURVE('',#2263,#2264,#1180,.T.);
#3848=EDGE_CURVE('',#2251,#2252,#968,.T.);
#3850=EDGE_CURVE('',#2259,#2251,#1188,.T.);
#3863=EDGE_CURVE('',#2256,#2252,#976,.T.);
#3865=EDGE_CURVE('',#2255,#2256,#972,.T.);
#3867=EDGE_CURVE('',#2255,#2251,#1192,.T.);
#3879=EDGE_CURVE('',#2446,#2454,#980,.T.);
#3881=EDGE_CURVE('',#2454,#2256,#1020,.T.);
#3892=EDGE_CURVE('',#2226,#2230,#984,.T.);
#3894=EDGE_CURVE('',#2230,#2454,#1025,.T.);
#3906=EDGE_CURVE('',#2204,#2230,#1029,.T.);
#3918=EDGE_CURVE('',#2244,#2246,#988,.T.);
#3920=EDGE_CURVE('',#2244,#2220,#1000,.T.);
#3932=EDGE_CURVE('',#2239,#2244,#992,.T.);
#3945=EDGE_CURVE('',#2412,#2403,#1004,.T.);
#3947=EDGE_CURVE('',#2216,#2412,#1008,.T.);
#3950=EDGE_CURVE('',#2403,#2215,#1012,.T.);
#3960=EDGE_CURVE('',#2256,#2264,#1016,.T.);
#3977=EDGE_CURVE('',#2424,#2432,#1046,.T.);
#3979=EDGE_CURVE('',#2458,#2424,#1050,.T.);
#3981=EDGE_CURVE('',#2398,#2458,#1055,.T.);
#3983=EDGE_CURVE('',#2199,#2398,#1059,.T.);
#3986=EDGE_CURVE('',#2400,#2200,#1063,.T.);
#3988=EDGE_CURVE('',#2460,#2400,#1068,.T.);
#3990=EDGE_CURVE('',#2432,#2460,#1072,.T.);
#4003=EDGE_CURVE('',#2244,#2242,#1080,.T.);
#4025=EDGE_CURVE('',#2410,#2407,#1100,.T.);
#4027=EDGE_CURVE('',#2410,#2412,#1172,.T.);
#4030=EDGE_CURVE('',#2407,#2403,#1084,.T.);
#4040=EDGE_CURVE('',#2407,#2408,#1088,.T.);
#4042=EDGE_CURVE('',#2408,#2416,#1092,.T.);
#4044=EDGE_CURVE('',#2410,#2416,#1096,.T.);
#4055=EDGE_CURVE('',#2403,#2404,#1108,.T.);
#4057=EDGE_CURVE('',#2408,#2404,#1104,.T.);
#4071=EDGE_CURVE('',#2394,#2398,#1112,.T.);
#4097=EDGE_CURVE('',#2450,#2458,#1120,.T.);
#4107=EDGE_CURVE('',#2424,#2420,#1116,.T.);
#4120=EDGE_CURVE('',#2419,#2420,#1128,.T.);
#4123=EDGE_CURVE('',#2423,#2424,#1124,.T.);
#4125=EDGE_CURVE('',#2423,#2419,#1140,.T.);
#4136=EDGE_CURVE('',#2427,#2419,#1136,.T.);
#4138=EDGE_CURVE('',#2427,#2428,#1148,.T.);
#4149=EDGE_CURVE('',#2431,#2427,#1132,.T.);
#4153=EDGE_CURVE('',#2423,#2431,#1144,.T.);
#4165=EDGE_CURVE('',#2431,#2432,#1152,.T.);
#4167=EDGE_CURVE('',#2432,#2428,#1156,.T.);
#4191=EDGE_CURVE('',#2452,#2460,#1160,.T.);
#4205=EDGE_CURVE('',#2396,#2400,#1164,.T.);
#4227=EDGE_CURVE('',#2412,#2414,#1168,.T.);
#4243=EDGE_CURVE('',#2416,#2414,#1176,.T.);
#4268=EDGE_CURVE('',#2255,#2263,#1196,.T.);
#4290=EDGE_CURVE('',#2566,#2560,#1200,.T.);
#4292=EDGE_CURVE('',#2566,#2543,#1204,.T.);
#4294=EDGE_CURVE('',#2543,#2544,#1496,.T.);
#4296=EDGE_CURVE('',#2544,#2560,#1208,.T.);
#4306=EDGE_CURVE('',#2572,#2582,#1212,.T.);
#4308=EDGE_CURVE('',#2572,#2495,#1216,.T.);
#4310=EDGE_CURVE('',#2495,#2496,#1221,.T.);
#4312=EDGE_CURVE('',#2496,#2528,#1225,.T.);
#4315=EDGE_CURVE('',#2527,#2491,#1229,.T.);
#4317=EDGE_CURVE('',#2491,#2492,#1234,.T.);
#4319=EDGE_CURVE('',#2492,#2582,#1238,.T.);
#4329=EDGE_CURVE('',#2588,#2598,#1242,.T.);
#4331=EDGE_CURVE('',#2588,#2503,#1246,.T.);
#4333=EDGE_CURVE('',#2503,#2504,#1251,.T.);
#4335=EDGE_CURVE('',#2504,#2524,#1255,.T.);
#4338=EDGE_CURVE('',#2523,#2499,#1259,.T.);
#4340=EDGE_CURVE('',#2499,#2500,#1264,.T.);
#4342=EDGE_CURVE('',#2500,#2598,#1268,.T.);
#4352=EDGE_CURVE('',#2604,#2614,#1272,.T.);
#4354=EDGE_CURVE('',#2604,#2539,#1276,.T.);
#4356=EDGE_CURVE('',#2539,#2540,#1480,.T.);
#4358=EDGE_CURVE('',#2540,#2614,#1280,.T.);
#4368=EDGE_CURVE('',#2568,#2556,#1296,.T.);
#4370=EDGE_CURVE('',#2568,#2566,#1440,.T.);
#4373=EDGE_CURVE('',#2560,#2556,#1300,.T.);
#4383=EDGE_CURVE('',#2555,#2556,#1284,.T.);
#4385=EDGE_CURVE('',#2555,#2562,#1288,.T.);
#4387=EDGE_CURVE('',#2562,#2568,#1292,.T.);
#4400=EDGE_CURVE('',#2559,#2560,#1312,.T.);
#4402=EDGE_CURVE('',#2555,#2559,#1304,.T.);
#4414=EDGE_CURVE('',#2496,#2512,#1308,.T.);
#4416=EDGE_CURVE('',#2512,#2536,#1385,.T.);
#4428=EDGE_CURVE('',#2544,#2552,#1508,.T.);
#4430=EDGE_CURVE('',#2552,#2559,#1360,.T.);
#4441=EDGE_CURVE('',#2495,#2511,#1316,.T.);
#4443=EDGE_CURVE('',#2511,#2512,#1390,.T.);
#4454=EDGE_CURVE('',#2571,#2572,#1320,.T.);
#4456=EDGE_CURVE('',#2571,#2511,#1394,.T.);
#4469=EDGE_CURVE('',#2576,#2572,#1324,.T.);
#4471=EDGE_CURVE('',#2575,#2576,#1700,.T.);
#4473=EDGE_CURVE('',#2571,#2575,#1328,.T.);
#4484=EDGE_CURVE('',#2584,#2582,#1332,.T.);
#4486=EDGE_CURVE('',#2576,#2584,#1704,.T.);
#4497=EDGE_CURVE('',#2580,#2582,#1340,.T.);
#4499=EDGE_CURVE('',#2578,#2580,#1336,.T.);
#4501=EDGE_CURVE('',#2578,#2584,#1708,.T.);
#4514=EDGE_CURVE('',#2492,#2508,#1344,.T.);
#4516=EDGE_CURVE('',#2508,#2580,#1372,.T.);
#4527=EDGE_CURVE('',#2491,#2507,#1348,.T.);
#4529=EDGE_CURVE('',#2507,#2508,#1377,.T.);
#4541=EDGE_CURVE('',#2535,#2507,#1381,.T.);
#4553=EDGE_CURVE('',#2564,#2566,#1352,.T.);
#4555=EDGE_CURVE('',#2564,#2551,#1364,.T.);
#4557=EDGE_CURVE('',#2543,#2551,#1500,.T.);
#4568=EDGE_CURVE('',#2559,#2564,#1356,.T.);
#4571=EDGE_CURVE('',#2551,#2552,#1504,.T.);
#4582=EDGE_CURVE('',#2580,#2571,#1368,.T.);
#4599=EDGE_CURVE('',#2596,#2587,#1398,.T.);
#4601=EDGE_CURVE('',#2516,#2596,#1402,.T.);
#4603=EDGE_CURVE('',#2515,#2516,#1407,.T.);
#4605=EDGE_CURVE('',#2531,#2515,#1411,.T.);
#4608=EDGE_CURVE('',#2520,#2532,#1415,.T.);
#4610=EDGE_CURVE('',#2519,#2520,#1420,.T.);
#4612=EDGE_CURVE('',#2587,#2519,#1424,.T.);
#4622=EDGE_CURVE('',#2612,#2603,#1428,.T.);
#4624=EDGE_CURVE('',#2548,#2612,#1432,.T.);
#4626=EDGE_CURVE('',#2547,#2548,#1488,.T.);
#4628=EDGE_CURVE('',#2603,#2547,#1436,.T.);
#4641=EDGE_CURVE('',#2564,#2562,#1444,.T.);
#4663=EDGE_CURVE('',#2463,#2464,#1448,.T.);
#4665=EDGE_CURVE('',#2468,#2463,#1452,.T.);
#4667=EDGE_CURVE('',#2466,#2468,#1456,.T.);
#4669=EDGE_CURVE('',#2464,#2466,#1460,.T.);
#4685=EDGE_CURVE('',#2471,#2472,#1464,.T.);
#4687=EDGE_CURVE('',#2476,#2471,#1468,.T.);
#4689=EDGE_CURVE('',#2474,#2476,#1472,.T.);
#4691=EDGE_CURVE('',#2472,#2474,#1476,.T.);
#4696=EDGE_CURVE('',#2539,#2547,#1484,.T.);
#4699=EDGE_CURVE('',#2540,#2548,#1492,.T.);
#4709=EDGE_CURVE('',#2383,#2384,#1512,.T.);
#4711=EDGE_CURVE('',#2383,#2476,#1516,.T.);
#4714=EDGE_CURVE('',#2483,#2471,#1568,.T.);
#4717=EDGE_CURVE('',#2488,#2463,#1524,.T.);
#4720=EDGE_CURVE('',#2384,#2464,#1544,.T.);
#4731=EDGE_CURVE('',#2384,#2392,#1540,.T.);
#4733=EDGE_CURVE('',#2391,#2392,#1528,.T.);
#4735=EDGE_CURVE('',#2383,#2391,#1556,.T.);
#4745=EDGE_CURVE('',#2380,#2388,#1532,.T.);
#4747=EDGE_CURVE('',#2388,#2392,#1536,.T.);
#4752=EDGE_CURVE('',#2479,#2466,#1576,.T.);
#4764=EDGE_CURVE('',#2379,#2387,#1548,.T.);
#4766=EDGE_CURVE('',#2387,#2388,#1572,.T.);
#4779=EDGE_CURVE('',#2486,#2474,#1552,.T.);
#4784=EDGE_CURVE('',#2387,#2391,#1560,.T.);
#4795=EDGE_CURVE('',#2484,#2472,#1564,.T.);
#4834=EDGE_CURVE('',#2480,#2468,#1588,.T.);
#4845=EDGE_CURVE('',#2291,#2298,#1584,.T.);
#4864=EDGE_CURVE('',#2292,#2287,#1596,.T.);
#4877=EDGE_CURVE('',#2294,#2288,#1600,.T.);
#4901=EDGE_CURVE('',#2499,#2515,#1608,.T.);
#4912=EDGE_CURVE('',#2603,#2604,#1604,.T.);
#4928=EDGE_CURVE('',#2500,#2516,#1616,.T.);
#4938=EDGE_CURVE('',#2596,#2598,#1612,.T.);
#4952=EDGE_CURVE('',#2594,#2596,#1620,.T.);
#4954=EDGE_CURVE('',#2594,#2600,#1632,.T.);
#4956=EDGE_CURVE('',#2600,#2598,#1696,.T.);
#4966=EDGE_CURVE('',#2594,#2591,#1636,.T.);
#4970=EDGE_CURVE('',#2587,#2591,#1644,.T.);
#4980=EDGE_CURVE('',#2591,#2592,#1624,.T.);
#4982=EDGE_CURVE('',#2592,#2600,#1628,.T.);
#4994=EDGE_CURVE('',#2587,#2588,#1648,.T.);
#4996=EDGE_CURVE('',#2592,#2588,#1640,.T.);
#5010=EDGE_CURVE('',#2503,#2519,#1652,.T.);
#5024=EDGE_CURVE('',#2504,#2520,#1656,.T.);
#5046=EDGE_CURVE('',#2612,#2614,#1660,.T.);
#5060=EDGE_CURVE('',#2610,#2612,#1664,.T.);
#5062=EDGE_CURVE('',#2610,#2616,#1680,.T.);
#5064=EDGE_CURVE('',#2616,#2614,#1692,.T.);
#5074=EDGE_CURVE('',#2610,#2607,#1684,.T.);
#5078=EDGE_CURVE('',#2607,#2603,#1668,.T.);
#5088=EDGE_CURVE('',#2607,#2608,#1672,.T.);
#5090=EDGE_CURVE('',#2608,#2616,#1676,.T.);
#5103=EDGE_CURVE('',#2608,#2604,#1688,.T.);
#5139=EDGE_CURVE('',#2578,#2575,#1712,.T.);
#5178=EDGE_CURVE('',#2190,#2182,#1716,.T.);
#5202=EDGE_CURVE('',#2713,#2714,#1726,.T.);
#5204=EDGE_CURVE('',#2713,#2619,#1792,.T.);
#5206=EDGE_CURVE('',#2652,#2619,#1976,.T.);
#5209=EDGE_CURVE('',#2651,#2714,#1730,.T.);
#5219=EDGE_CURVE('',#2716,#2713,#1735,.T.);
#5222=EDGE_CURVE('',#2714,#2715,#1740,.T.);
#5224=EDGE_CURVE('',#2715,#2716,#1850,.T.);
#5235=EDGE_CURVE('',#2632,#2716,#1744,.T.);
#5237=EDGE_CURVE('',#2631,#2632,#1749,.T.);
#5239=EDGE_CURVE('',#2717,#2631,#1753,.T.);
#5241=EDGE_CURVE('',#2720,#2717,#1877,.T.);
#5243=EDGE_CURVE('',#2628,#2720,#1757,.T.);
#5245=EDGE_CURVE('',#2627,#2628,#1762,.T.);
#5247=EDGE_CURVE('',#2721,#2627,#1766,.T.);
#5249=EDGE_CURVE('',#2724,#2721,#1915,.T.);
#5251=EDGE_CURVE('',#2624,#2724,#1770,.T.);
#5253=EDGE_CURVE('',#2623,#2624,#1775,.T.);
#5255=EDGE_CURVE('',#2725,#2623,#1779,.T.);
#5257=EDGE_CURVE('',#2728,#2725,#1953,.T.);
#5259=EDGE_CURVE('',#2620,#2728,#1783,.T.);
#5261=EDGE_CURVE('',#2619,#2620,#1788,.T.);
#5272=EDGE_CURVE('',#2732,#2729,#1981,.T.);
#5274=EDGE_CURVE('',#2636,#2732,#1796,.T.);
#5276=EDGE_CURVE('',#2635,#2636,#1801,.T.);
#5278=EDGE_CURVE('',#2733,#2635,#1805,.T.);
#5280=EDGE_CURVE('',#2736,#2733,#2083,.T.);
#5282=EDGE_CURVE('',#2648,#2736,#1809,.T.);
#5284=EDGE_CURVE('',#2647,#2648,#1814,.T.);
#5286=EDGE_CURVE('',#2741,#2647,#1818,.T.);
#5288=EDGE_CURVE('',#2744,#2741,#2049,.T.);
#5290=EDGE_CURVE('',#2644,#2744,#1822,.T.);
#5292=EDGE_CURVE('',#2643,#2644,#1827,.T.);
#5294=EDGE_CURVE('',#2737,#2643,#1831,.T.);
#5296=EDGE_CURVE('',#2740,#2737,#2015,.T.);
#5298=EDGE_CURVE('',#2640,#2740,#1835,.T.);
#5300=EDGE_CURVE('',#2639,#2640,#1840,.T.);
#5302=EDGE_CURVE('',#2729,#2639,#1844,.T.);
#5313=EDGE_CURVE('',#2680,#2715,#1858,.T.);
#5316=EDGE_CURVE('',#2678,#2632,#1854,.T.);
#5340=EDGE_CURVE('',#2676,#2631,#1862,.T.);
#5352=EDGE_CURVE('',#2717,#2718,#1868,.T.);
#5357=EDGE_CURVE('',#2674,#2718,#1872,.T.);
#5369=EDGE_CURVE('',#2718,#2719,#1882,.T.);
#5371=EDGE_CURVE('',#2719,#2720,#1892,.T.);
#5384=EDGE_CURVE('',#2672,#2719,#1886,.T.);
#5397=EDGE_CURVE('',#2670,#2628,#1896,.T.);
#5409=EDGE_CURVE('',#2668,#2627,#1900,.T.);
#5421=EDGE_CURVE('',#2721,#2722,#1906,.T.);
#5426=EDGE_CURVE('',#2666,#2722,#1910,.T.);
#5438=EDGE_CURVE('',#2722,#2723,#1920,.T.);
#5440=EDGE_CURVE('',#2723,#2724,#1930,.T.);
#5453=EDGE_CURVE('',#2664,#2723,#1924,.T.);
#5466=EDGE_CURVE('',#2662,#2624,#1934,.T.);
#5478=EDGE_CURVE('',#2660,#2623,#1938,.T.);
#5490=EDGE_CURVE('',#2725,#2726,#1944,.T.);
#5495=EDGE_CURVE('',#2658,#2726,#1948,.T.);
#5507=EDGE_CURVE('',#2726,#2727,#1958,.T.);
#5509=EDGE_CURVE('',#2727,#2728,#1968,.T.);
#5522=EDGE_CURVE('',#2656,#2727,#1962,.T.);
#5535=EDGE_CURVE('',#2654,#2620,#1972,.T.);
#5559=EDGE_CURVE('',#2729,#2730,#1992,.T.);
#5561=EDGE_CURVE('',#2730,#2731,#1986,.T.);
#5563=EDGE_CURVE('',#2731,#2732,#2108,.T.);
#5575=EDGE_CURVE('',#2694,#2639,#2000,.T.);
#5578=EDGE_CURVE('',#2692,#2730,#1996,.T.);
#5591=EDGE_CURVE('',#2696,#2640,#2010,.T.);
#5601=EDGE_CURVE('',#2739,#2740,#2006,.T.);
#5603=EDGE_CURVE('',#2698,#2739,#2128,.T.);
#5617=EDGE_CURVE('',#2737,#2738,#2026,.T.);
#5619=EDGE_CURVE('',#2738,#2739,#2020,.T.);
#5632=EDGE_CURVE('',#2702,#2643,#2034,.T.);
#5635=EDGE_CURVE('',#2700,#2738,#2030,.T.);
#5648=EDGE_CURVE('',#2704,#2644,#2044,.T.);
#5658=EDGE_CURVE('',#2743,#2744,#2040,.T.);
#5660=EDGE_CURVE('',#2706,#2743,#2124,.T.);
#5674=EDGE_CURVE('',#2741,#2742,#2060,.T.);
#5676=EDGE_CURVE('',#2742,#2743,#2054,.T.);
#5689=EDGE_CURVE('',#2710,#2647,#2068,.T.);
#5692=EDGE_CURVE('',#2708,#2742,#2064,.T.);
#5705=EDGE_CURVE('',#2712,#2648,#2078,.T.);
#5715=EDGE_CURVE('',#2735,#2736,#2074,.T.);
#5717=EDGE_CURVE('',#2683,#2735,#2120,.T.);
#5731=EDGE_CURVE('',#2733,#2734,#2094,.T.);
#5733=EDGE_CURVE('',#2734,#2735,#2088,.T.);
#5746=EDGE_CURVE('',#2686,#2635,#2102,.T.);
#5749=EDGE_CURVE('',#2684,#2734,#2098,.T.);
#5762=EDGE_CURVE('',#2688,#2636,#2112,.T.);
#5773=EDGE_CURVE('',#2690,#2731,#2116,.T.);
#5839=CIRCLE('',#5838,6.E-1);
#5840=TRIMMED_CURVE('',#5839,(PARAMETER_VALUE(0.E0)),(PARAMETER_VALUE(1.8E2)),
.T.,.UNSPECIFIED.);
#5841=COMPOSITE_CURVE_SEGMENT(.CONTINUOUS.,.T.,#5840);
#5846=CIRCLE('',#5845,6.E-1);
#5847=TRIMMED_CURVE('',#5846,(PARAMETER_VALUE(0.E0)),(PARAMETER_VALUE(1.8E2)),
.T.,.UNSPECIFIED.);
#5848=COMPOSITE_CURVE_SEGMENT(.CONTINUOUS.,.T.,#5847);
#5849=COMPOSITE_CURVE('',(#5841,#5848),.F.);
#5855=CIRCLE('',#5854,6.E-1);
#5856=TRIMMED_CURVE('',#5855,(PARAMETER_VALUE(0.E0)),(PARAMETER_VALUE(1.8E2)),
.T.,.UNSPECIFIED.);
#5857=COMPOSITE_CURVE_SEGMENT(.CONTINUOUS.,.T.,#5856);
#5862=CIRCLE('',#5861,6.E-1);
#5863=TRIMMED_CURVE('',#5862,(PARAMETER_VALUE(0.E0)),(PARAMETER_VALUE(1.8E2)),
.T.,.UNSPECIFIED.);
#5864=COMPOSITE_CURVE_SEGMENT(.CONTINUOUS.,.T.,#5863);
#5865=COMPOSITE_CURVE('',(#5857,#5864),.F.);
#5870=CIRCLE('',#5869,6.E-1);
#5871=TRIMMED_CURVE('',#5870,(PARAMETER_VALUE(0.E0)),(PARAMETER_VALUE(1.8E2)),
.T.,.UNSPECIFIED.);
#5872=COMPOSITE_CURVE_SEGMENT(.CONTINUOUS.,.T.,#5871);
#5877=CIRCLE('',#5876,6.E-1);
#5878=TRIMMED_CURVE('',#5877,(PARAMETER_VALUE(0.E0)),(PARAMETER_VALUE(1.8E2)),
.T.,.UNSPECIFIED.);
#5879=COMPOSITE_CURVE_SEGMENT(.CONTINUOUS.,.T.,#5878);
#5880=COMPOSITE_CURVE('',(#5872,#5879),.F.);
#5885=CIRCLE('',#5884,6.E-1);
#5886=TRIMMED_CURVE('',#5885,(PARAMETER_VALUE(0.E0)),(PARAMETER_VALUE(1.8E2)),
.T.,.UNSPECIFIED.);
#5887=COMPOSITE_CURVE_SEGMENT(.CONTINUOUS.,.T.,#5886);
#5892=CIRCLE('',#5891,6.E-1);
#5893=TRIMMED_CURVE('',#5892,(PARAMETER_VALUE(0.E0)),(PARAMETER_VALUE(1.8E2)),
.T.,.UNSPECIFIED.);
#5894=COMPOSITE_CURVE_SEGMENT(.CONTINUOUS.,.T.,#5893);
#5895=COMPOSITE_CURVE('',(#5887,#5894),.F.);
#5900=CIRCLE('',#5899,8.5E-1);
#5901=TRIMMED_CURVE('',#5900,(PARAMETER_VALUE(0.E0)),(PARAMETER_VALUE(1.8E2)),
.T.,.UNSPECIFIED.);
#5902=COMPOSITE_CURVE_SEGMENT(.CONTINUOUS.,.T.,#5901);
#5907=CIRCLE('',#5906,8.5E-1);
#5908=TRIMMED_CURVE('',#5907,(PARAMETER_VALUE(0.E0)),(PARAMETER_VALUE(1.8E2)),
.T.,.UNSPECIFIED.);
#5909=COMPOSITE_CURVE_SEGMENT(.CONTINUOUS.,.T.,#5908);
#5910=COMPOSITE_CURVE('',(#5902,#5909),.F.);
#5915=CIRCLE('',#5914,8.5E-1);
#5916=TRIMMED_CURVE('',#5915,(PARAMETER_VALUE(0.E0)),(PARAMETER_VALUE(1.8E2)),
.T.,.UNSPECIFIED.);
#5917=COMPOSITE_CURVE_SEGMENT(.CONTINUOUS.,.T.,#5916);
#5922=CIRCLE('',#5921,8.5E-1);
#5923=TRIMMED_CURVE('',#5922,(PARAMETER_VALUE(0.E0)),(PARAMETER_VALUE(1.8E2)),
.T.,.UNSPECIFIED.);
#5924=COMPOSITE_CURVE_SEGMENT(.CONTINUOUS.,.T.,#5923);
#5925=COMPOSITE_CURVE('',(#5917,#5924),.F.);
#5926=(LENGTH_UNIT()NAMED_UNIT(*)SI_UNIT(.MILLI.,.METRE.));
#5928=(NAMED_UNIT(*)PLANE_ANGLE_UNIT()SI_UNIT($,.RADIAN.));
#5931=(NAMED_UNIT(*)SI_UNIT($,.STERADIAN.)SOLID_ANGLE_UNIT());
#5934=ADVANCED_BREP_SHAPE_REPRESENTATION('',(#5830),#5933);
#5935=GEOMETRICALLY_BOUNDED_SURFACE_SHAPE_REPRESENTATION('',(#5850),#5933);
#5936=SHAPE_REPRESENTATION('',(#5834),#5933);
#5945=PRODUCT_DEFINITION('design','',#5944,#5941);
#5946=PRODUCT_DEFINITION_SHAPE('','SHAPE FOR 1053142104.',#5945);
#5947=SHAPE_DEFINITION_REPRESENTATION(#5946,#5936);
ENDSEC;
END-ISO-10303-21;
