ISO-10303-21;
HEADER;
/* Generated by software containing ST-Developer
 * from STEP Tools, Inc. (www.steptools.com) 
 */
/* OPTION: using custom schema-name function */

FILE_DESCRIPTION(
/* description */ (''),
/* implementation_level */ '2;1');

FILE_NAME(
/* name */ 'TMPF0703A-2R2.stp',
/* time_stamp */ '2018-11-01T08:13:27+08:00',
/* author */ (''),
/* organization */ (''),
/* preprocessor_version */ 'ST-DEVELOPER v16.7',
/* originating_system */ 'SIEMENS PLM Software NX 12.0',
/* authorisation */ '');

FILE_SCHEMA (('AUTOMOTIVE_DESIGN { 1 0 10303 214 3 1 1 1 }'));
ENDSEC;

DATA;
#10=SHAPE_REPRESENTATION_RELATIONSHIP('None',
'relationship between TMPF0703A-2R2-None and TMPF0703A-2R2-None',#22,#11);
#11=ADVANCED_BREP_SHAPE_REPRESENTATION('TMPF0703A-2R2-None',(#234,#235,
#236,#237,#238,#239,#240,#241,#242,#243,#244,#245,#246),#8558);
#12=SHAPE_DEFINITION_REPRESENTATION(#13,#22);
#13=PRODUCT_DEFINITION_SHAPE('','',#14);
#14=PRODUCT_DEFINITION(' ','',#16,#15);
#15=PRODUCT_DEFINITION_CONTEXT('part definition',#21,'design');
#16=PRODUCT_DEFINITION_FORMATION_WITH_SPECIFIED_SOURCE(' ',' ',#18,
 .NOT_KNOWN.);
#17=PRODUCT_RELATED_PRODUCT_CATEGORY('part','',(#18));
#18=PRODUCT('TMPF0703A-2R2','TMPF0703A-2R2',' ',(#19));
#19=PRODUCT_CONTEXT(' ',#21,'mechanical');
#20=APPLICATION_PROTOCOL_DEFINITION('international standard',
'automotive_design',2010,#21);
#21=APPLICATION_CONTEXT(
'core data for automotive mechanical design processes');
#22=SHAPE_REPRESENTATION('TMPF0703A-2R2-None',(#3922),#8558);
#23=SURFACE_OF_LINEAR_EXTRUSION('',#3725,#826);
#24=SURFACE_OF_LINEAR_EXTRUSION('',#3728,#828);
#25=SURFACE_OF_LINEAR_EXTRUSION('',#3761,#845);
#26=SURFACE_OF_LINEAR_EXTRUSION('',#3764,#847);
#27=SURFACE_OF_LINEAR_EXTRUSION('',#3767,#849);
#28=SURFACE_OF_LINEAR_EXTRUSION('',#3772,#852);
#29=SURFACE_OF_LINEAR_EXTRUSION('',#3783,#858);
#30=SURFACE_OF_LINEAR_EXTRUSION('',#3786,#860);
#31=SURFACE_OF_LINEAR_EXTRUSION('',#3789,#862);
#32=SURFACE_OF_LINEAR_EXTRUSION('',#3792,#864);
#33=SURFACE_OF_LINEAR_EXTRUSION('',#3797,#867);
#34=SURFACE_OF_LINEAR_EXTRUSION('',#3800,#869);
#35=SURFACE_OF_LINEAR_EXTRUSION('',#3803,#871);
#36=SURFACE_OF_LINEAR_EXTRUSION('',#3806,#873);
#37=SURFACE_OF_LINEAR_EXTRUSION('',#3813,#877);
#38=SURFACE_OF_LINEAR_EXTRUSION('',#3816,#879);
#39=SURFACE_OF_LINEAR_EXTRUSION('',#3819,#881);
#40=SURFACE_OF_LINEAR_EXTRUSION('',#3822,#883);
#41=SURFACE_OF_LINEAR_EXTRUSION('',#3825,#885);
#42=SURFACE_OF_LINEAR_EXTRUSION('',#3828,#888);
#43=SURFACE_OF_LINEAR_EXTRUSION('',#3831,#890);
#44=SURFACE_OF_LINEAR_EXTRUSION('',#3836,#893);
#45=SURFACE_OF_LINEAR_EXTRUSION('',#3839,#895);
#46=SURFACE_OF_LINEAR_EXTRUSION('',#3842,#897);
#47=SURFACE_OF_LINEAR_EXTRUSION('',#3845,#899);
#48=SURFACE_OF_LINEAR_EXTRUSION('',#3848,#901);
#49=SURFACE_OF_LINEAR_EXTRUSION('',#3851,#903);
#50=SURFACE_OF_LINEAR_EXTRUSION('',#3854,#905);
#51=SURFACE_OF_LINEAR_EXTRUSION('',#3859,#908);
#52=SURFACE_OF_LINEAR_EXTRUSION('',#3862,#910);
#53=SURFACE_OF_LINEAR_EXTRUSION('',#3865,#912);
#54=SURFACE_OF_LINEAR_EXTRUSION('',#3868,#914);
#55=SURFACE_OF_LINEAR_EXTRUSION('',#3871,#916);
#56=SURFACE_OF_LINEAR_EXTRUSION('',#3874,#918);
#57=SURFACE_OF_LINEAR_EXTRUSION('',#3877,#919);
#58=SURFACE_OF_LINEAR_EXTRUSION('',#3880,#920);
#59=SURFACE_OF_LINEAR_EXTRUSION('',#3891,#927);
#60=SURFACE_OF_LINEAR_EXTRUSION('',#3896,#931);
#61=SURFACE_OF_LINEAR_EXTRUSION('',#3899,#933);
#62=SURFACE_OF_LINEAR_EXTRUSION('',#3906,#937);
#63=SURFACE_OF_LINEAR_EXTRUSION('',#3909,#939);
#64=SURFACE_OF_LINEAR_EXTRUSION('',#3912,#941);
#65=SURFACE_OF_LINEAR_EXTRUSION('',#3915,#943);
#66=SURFACE_OF_LINEAR_EXTRUSION('',#3918,#944);
#67=SURFACE_OF_LINEAR_EXTRUSION('',#3921,#945);
#68=DRAUGHTING_PRE_DEFINED_COLOUR('black');
#69=OVER_RIDING_STYLED_ITEM('',(#96),#1310,#82);
#70=OVER_RIDING_STYLED_ITEM('',(#97),#1313,#82);
#71=OVER_RIDING_STYLED_ITEM('',(#98),#1319,#82);
#72=OVER_RIDING_STYLED_ITEM('',(#99),#1320,#82);
#73=OVER_RIDING_STYLED_ITEM('',(#100),#1321,#82);
#74=OVER_RIDING_STYLED_ITEM('',(#102),#1328,#83);
#75=OVER_RIDING_STYLED_ITEM('',(#103),#1331,#83);
#76=OVER_RIDING_STYLED_ITEM('',(#104),#1337,#83);
#77=OVER_RIDING_STYLED_ITEM('',(#105),#1338,#83);
#78=OVER_RIDING_STYLED_ITEM('',(#106),#1339,#83);
#79=PRESENTATION_LAYER_ASSIGNMENT('1','Layer 1',(#234,#235,#236,#237,#238,
#239,#240,#241,#242,#243,#244,#245,#246));
#80=STYLED_ITEM('',(#93),#234);
#81=STYLED_ITEM('',(#94),#235);
#82=STYLED_ITEM('',(#95),#236);
#83=STYLED_ITEM('',(#101),#237);
#84=STYLED_ITEM('',(#107),#238);
#85=STYLED_ITEM('',(#108),#239);
#86=STYLED_ITEM('',(#109),#240);
#87=STYLED_ITEM('',(#110),#241);
#88=STYLED_ITEM('',(#111),#242);
#89=STYLED_ITEM('',(#112),#243);
#90=STYLED_ITEM('',(#113),#244);
#91=STYLED_ITEM('',(#114),#245);
#92=STYLED_ITEM('',(#115),#246);
#93=PRESENTATION_STYLE_ASSIGNMENT((#116));
#94=PRESENTATION_STYLE_ASSIGNMENT((#117));
#95=PRESENTATION_STYLE_ASSIGNMENT((#118));
#96=PRESENTATION_STYLE_ASSIGNMENT((#119));
#97=PRESENTATION_STYLE_ASSIGNMENT((#120));
#98=PRESENTATION_STYLE_ASSIGNMENT((#121));
#99=PRESENTATION_STYLE_ASSIGNMENT((#122));
#100=PRESENTATION_STYLE_ASSIGNMENT((#123));
#101=PRESENTATION_STYLE_ASSIGNMENT((#124));
#102=PRESENTATION_STYLE_ASSIGNMENT((#125));
#103=PRESENTATION_STYLE_ASSIGNMENT((#126));
#104=PRESENTATION_STYLE_ASSIGNMENT((#127));
#105=PRESENTATION_STYLE_ASSIGNMENT((#128));
#106=PRESENTATION_STYLE_ASSIGNMENT((#129));
#107=PRESENTATION_STYLE_ASSIGNMENT((#130));
#108=PRESENTATION_STYLE_ASSIGNMENT((#131));
#109=PRESENTATION_STYLE_ASSIGNMENT((#132));
#110=PRESENTATION_STYLE_ASSIGNMENT((#133));
#111=PRESENTATION_STYLE_ASSIGNMENT((#134));
#112=PRESENTATION_STYLE_ASSIGNMENT((#135));
#113=PRESENTATION_STYLE_ASSIGNMENT((#136));
#114=PRESENTATION_STYLE_ASSIGNMENT((#137));
#115=PRESENTATION_STYLE_ASSIGNMENT((#138));
#116=SURFACE_STYLE_USAGE(.BOTH.,#139);
#117=SURFACE_STYLE_USAGE(.BOTH.,#140);
#118=SURFACE_STYLE_USAGE(.BOTH.,#141);
#119=SURFACE_STYLE_USAGE(.BOTH.,#142);
#120=SURFACE_STYLE_USAGE(.BOTH.,#143);
#121=SURFACE_STYLE_USAGE(.BOTH.,#144);
#122=SURFACE_STYLE_USAGE(.BOTH.,#145);
#123=SURFACE_STYLE_USAGE(.BOTH.,#146);
#124=SURFACE_STYLE_USAGE(.BOTH.,#147);
#125=SURFACE_STYLE_USAGE(.BOTH.,#148);
#126=SURFACE_STYLE_USAGE(.BOTH.,#149);
#127=SURFACE_STYLE_USAGE(.BOTH.,#150);
#128=SURFACE_STYLE_USAGE(.BOTH.,#151);
#129=SURFACE_STYLE_USAGE(.BOTH.,#152);
#130=SURFACE_STYLE_USAGE(.BOTH.,#153);
#131=SURFACE_STYLE_USAGE(.BOTH.,#154);
#132=SURFACE_STYLE_USAGE(.BOTH.,#155);
#133=SURFACE_STYLE_USAGE(.BOTH.,#156);
#134=SURFACE_STYLE_USAGE(.BOTH.,#157);
#135=SURFACE_STYLE_USAGE(.BOTH.,#158);
#136=SURFACE_STYLE_USAGE(.BOTH.,#159);
#137=SURFACE_STYLE_USAGE(.BOTH.,#160);
#138=SURFACE_STYLE_USAGE(.BOTH.,#161);
#139=SURFACE_SIDE_STYLE('',(#162));
#140=SURFACE_SIDE_STYLE('',(#163));
#141=SURFACE_SIDE_STYLE('',(#164));
#142=SURFACE_SIDE_STYLE('',(#165));
#143=SURFACE_SIDE_STYLE('',(#166));
#144=SURFACE_SIDE_STYLE('',(#167));
#145=SURFACE_SIDE_STYLE('',(#168));
#146=SURFACE_SIDE_STYLE('',(#169));
#147=SURFACE_SIDE_STYLE('',(#170));
#148=SURFACE_SIDE_STYLE('',(#171));
#149=SURFACE_SIDE_STYLE('',(#172));
#150=SURFACE_SIDE_STYLE('',(#173));
#151=SURFACE_SIDE_STYLE('',(#174));
#152=SURFACE_SIDE_STYLE('',(#175));
#153=SURFACE_SIDE_STYLE('',(#176));
#154=SURFACE_SIDE_STYLE('',(#177));
#155=SURFACE_SIDE_STYLE('',(#178));
#156=SURFACE_SIDE_STYLE('',(#179));
#157=SURFACE_SIDE_STYLE('',(#180));
#158=SURFACE_SIDE_STYLE('',(#181));
#159=SURFACE_SIDE_STYLE('',(#182));
#160=SURFACE_SIDE_STYLE('',(#183));
#161=SURFACE_SIDE_STYLE('',(#184));
#162=SURFACE_STYLE_FILL_AREA(#185);
#163=SURFACE_STYLE_FILL_AREA(#186);
#164=SURFACE_STYLE_FILL_AREA(#187);
#165=SURFACE_STYLE_FILL_AREA(#188);
#166=SURFACE_STYLE_FILL_AREA(#189);
#167=SURFACE_STYLE_FILL_AREA(#190);
#168=SURFACE_STYLE_FILL_AREA(#191);
#169=SURFACE_STYLE_FILL_AREA(#192);
#170=SURFACE_STYLE_FILL_AREA(#193);
#171=SURFACE_STYLE_FILL_AREA(#194);
#172=SURFACE_STYLE_FILL_AREA(#195);
#173=SURFACE_STYLE_FILL_AREA(#196);
#174=SURFACE_STYLE_FILL_AREA(#197);
#175=SURFACE_STYLE_FILL_AREA(#198);
#176=SURFACE_STYLE_FILL_AREA(#199);
#177=SURFACE_STYLE_FILL_AREA(#200);
#178=SURFACE_STYLE_FILL_AREA(#201);
#179=SURFACE_STYLE_FILL_AREA(#202);
#180=SURFACE_STYLE_FILL_AREA(#203);
#181=SURFACE_STYLE_FILL_AREA(#204);
#182=SURFACE_STYLE_FILL_AREA(#205);
#183=SURFACE_STYLE_FILL_AREA(#206);
#184=SURFACE_STYLE_FILL_AREA(#207);
#185=FILL_AREA_STYLE('',(#208));
#186=FILL_AREA_STYLE('',(#209));
#187=FILL_AREA_STYLE('',(#210));
#188=FILL_AREA_STYLE('',(#211));
#189=FILL_AREA_STYLE('',(#212));
#190=FILL_AREA_STYLE('',(#213));
#191=FILL_AREA_STYLE('',(#214));
#192=FILL_AREA_STYLE('',(#215));
#193=FILL_AREA_STYLE('',(#216));
#194=FILL_AREA_STYLE('',(#217));
#195=FILL_AREA_STYLE('',(#218));
#196=FILL_AREA_STYLE('',(#219));
#197=FILL_AREA_STYLE('',(#220));
#198=FILL_AREA_STYLE('',(#221));
#199=FILL_AREA_STYLE('',(#222));
#200=FILL_AREA_STYLE('',(#223));
#201=FILL_AREA_STYLE('',(#224));
#202=FILL_AREA_STYLE('',(#225));
#203=FILL_AREA_STYLE('',(#226));
#204=FILL_AREA_STYLE('',(#227));
#205=FILL_AREA_STYLE('',(#228));
#206=FILL_AREA_STYLE('',(#229));
#207=FILL_AREA_STYLE('',(#230));
#208=FILL_AREA_STYLE_COLOUR('',#231);
#209=FILL_AREA_STYLE_COLOUR('',#232);
#210=FILL_AREA_STYLE_COLOUR('',#232);
#211=FILL_AREA_STYLE_COLOUR('',#233);
#212=FILL_AREA_STYLE_COLOUR('',#233);
#213=FILL_AREA_STYLE_COLOUR('',#233);
#214=FILL_AREA_STYLE_COLOUR('',#233);
#215=FILL_AREA_STYLE_COLOUR('',#233);
#216=FILL_AREA_STYLE_COLOUR('',#232);
#217=FILL_AREA_STYLE_COLOUR('',#233);
#218=FILL_AREA_STYLE_COLOUR('',#233);
#219=FILL_AREA_STYLE_COLOUR('',#233);
#220=FILL_AREA_STYLE_COLOUR('',#233);
#221=FILL_AREA_STYLE_COLOUR('',#233);
#222=FILL_AREA_STYLE_COLOUR('',#231);
#223=FILL_AREA_STYLE_COLOUR('',#68);
#224=FILL_AREA_STYLE_COLOUR('',#68);
#225=FILL_AREA_STYLE_COLOUR('',#68);
#226=FILL_AREA_STYLE_COLOUR('',#68);
#227=FILL_AREA_STYLE_COLOUR('',#68);
#228=FILL_AREA_STYLE_COLOUR('',#68);
#229=FILL_AREA_STYLE_COLOUR('',#68);
#230=FILL_AREA_STYLE_COLOUR('',#68);
#231=COLOUR_RGB('Silver Gray',0.6,0.6,0.6);
#232=COLOUR_RGB('Deep Peach',0.964705882352941,0.627450980392157,0.407827878233005);
#233=COLOUR_RGB('Light Gray',0.8,0.8,0.8);
#234=MANIFOLD_SOLID_BREP('',#247);
#235=MANIFOLD_SOLID_BREP('',#248);
#236=MANIFOLD_SOLID_BREP('',#249);
#237=MANIFOLD_SOLID_BREP('',#250);
#238=MANIFOLD_SOLID_BREP('',#251);
#239=MANIFOLD_SOLID_BREP('',#252);
#240=MANIFOLD_SOLID_BREP('',#253);
#241=MANIFOLD_SOLID_BREP('',#254);
#242=MANIFOLD_SOLID_BREP('',#255);
#243=MANIFOLD_SOLID_BREP('',#256);
#244=MANIFOLD_SOLID_BREP('',#257);
#245=MANIFOLD_SOLID_BREP('',#258);
#246=MANIFOLD_SOLID_BREP('',#259);
#247=CLOSED_SHELL('',(#1276,#1277,#1278,#1279,#1280,#1281,#1282,#1283,#1284,
#1285,#1286,#1287,#1288,#1289,#1290,#1291,#1292,#1293,#1294,#1295,#1296,
#1297,#1298,#1299,#1300,#1301));
#248=CLOSED_SHELL('',(#1302,#1303,#1304,#1305,#1306,#1307));
#249=CLOSED_SHELL('',(#1308,#1309,#1310,#1311,#1312,#1313,#1314,#1315,#1316,
#1317,#1318,#1319,#1320,#1321,#1322,#1323,#1324,#1325));
#250=CLOSED_SHELL('',(#1326,#1327,#1328,#1329,#1330,#1331,#1332,#1333,#1334,
#1335,#1336,#1337,#1338,#1339,#1340,#1341,#1342));
#251=CLOSED_SHELL('',(#1343,#1344,#1345,#1346,#1347,#1348,#1349,#1350,#1351,
#1352,#1353,#1354,#1355,#1356,#1357,#1358,#1359,#1360,#1361,#1362,#1363,
#1364,#1365,#1366,#1367,#1368,#1369,#1370,#1371,#1372,#1373,#1374,#1375));
#252=CLOSED_SHELL('',(#1376,#1377,#1378,#1379,#1380,#1381));
#253=CLOSED_SHELL('',(#1382,#1383,#1384,#1385,#1386,#1387,#1388,#1389,#1390,
#1391,#1392,#1393,#1394,#1395,#1396,#1397));
#254=CLOSED_SHELL('',(#1398,#1399,#1400,#1401,#1402,#1403,#1404,#1405,#1406,
#1407,#1408,#1409,#1410,#1411));
#255=CLOSED_SHELL('',(#1412,#1413,#1414,#1415,#1416,#1417,#1418,#1419,#1420,
#1421,#1422));
#256=CLOSED_SHELL('',(#1423,#1424,#1425,#1426,#1427,#1428,#1429,#1430,#1431,
#1432,#1433,#1434,#1435,#1436,#1437));
#257=CLOSED_SHELL('',(#1438,#1439,#1440,#1441,#1442,#1443,#1444,#1445,#1446,
#1447,#1448,#1449,#1450,#1451,#1452,#1453,#1454,#1455,#1456,#1457,#1458,
#1459,#1460,#1461,#1462,#1463));
#258=CLOSED_SHELL('',(#1464,#1465,#1466,#1467,#1468,#1469));
#259=CLOSED_SHELL('',(#1470,#1471,#1472,#1473,#1474,#1475,#1476,#1477,#1478,
#1479,#1480,#1481,#1482,#1483));
#260=CYLINDRICAL_SURFACE('',#3956,1.6);
#261=CYLINDRICAL_SURFACE('',#3984,0.15);
#262=CYLINDRICAL_SURFACE('',#3985,0.15);
#263=CYLINDRICAL_SURFACE('',#3986,0.15);
#264=CYLINDRICAL_SURFACE('',#3987,0.15);
#265=CYLINDRICAL_SURFACE('',#3988,0.15);
#266=CYLINDRICAL_SURFACE('',#3989,0.15);
#267=CYLINDRICAL_SURFACE('',#4012,0.15);
#268=CYLINDRICAL_SURFACE('',#4013,0.15);
#269=CYLINDRICAL_SURFACE('',#4014,0.15);
#270=CYLINDRICAL_SURFACE('',#4015,0.15);
#271=CYLINDRICAL_SURFACE('',#4016,0.15);
#272=CYLINDRICAL_SURFACE('',#4031,0.2);
#273=CYLINDRICAL_SURFACE('',#4033,0.2);
#274=CYLINDRICAL_SURFACE('',#4035,0.2);
#275=CYLINDRICAL_SURFACE('',#4037,0.2);
#276=CYLINDRICAL_SURFACE('',#4066,1.6);
#277=CONICAL_SURFACE('',#3927,0.2,2.);
#278=CONICAL_SURFACE('',#3937,0.2,2.);
#279=CONICAL_SURFACE('',#3941,0.2,2.);
#280=CONICAL_SURFACE('',#3951,0.2,2.);
#281=CONICAL_SURFACE('',#4041,0.2,2.);
#282=CONICAL_SURFACE('',#4050,0.2,2.);
#283=CONICAL_SURFACE('',#4053,0.2,2.);
#284=CONICAL_SURFACE('',#4062,0.2,2.);
#285=CIRCLE('',#3925,0.2);
#286=CIRCLE('',#3926,0.168571307457427);
#287=CIRCLE('',#3935,0.2);
#288=CIRCLE('',#3936,0.168571307457427);
#289=CIRCLE('',#3939,0.2);
#290=CIRCLE('',#3940,0.168571307457427);
#291=CIRCLE('',#3949,0.2);
#292=CIRCLE('',#3950,0.168571307457427);
#293=CIRCLE('',#3952,1.6);
#294=CIRCLE('',#3955,1.6);
#295=CIRCLE('',#3966,0.15);
#296=CIRCLE('',#3967,0.15);
#297=CIRCLE('',#3968,0.15);
#298=CIRCLE('',#3969,0.15);
#299=CIRCLE('',#3970,0.15);
#300=CIRCLE('',#3971,0.15);
#301=CIRCLE('',#3974,0.15);
#302=CIRCLE('',#3975,0.15);
#303=CIRCLE('',#3976,0.15);
#304=CIRCLE('',#3977,0.15);
#305=CIRCLE('',#3978,0.15);
#306=CIRCLE('',#3979,0.15);
#307=CIRCLE('',#3997,0.15);
#308=CIRCLE('',#3998,0.15);
#309=CIRCLE('',#3999,0.15);
#310=CIRCLE('',#4000,0.15);
#311=CIRCLE('',#4001,0.15);
#312=CIRCLE('',#4004,0.15);
#313=CIRCLE('',#4005,0.15);
#314=CIRCLE('',#4006,0.15);
#315=CIRCLE('',#4007,0.15);
#316=CIRCLE('',#4008,0.15);
#317=CIRCLE('',#4017,0.2);
#318=CIRCLE('',#4018,0.2);
#319=CIRCLE('',#4019,0.2);
#320=CIRCLE('',#4020,0.2);
#321=CIRCLE('',#4021,0.2);
#322=CIRCLE('',#4022,0.2);
#323=CIRCLE('',#4023,0.2);
#324=CIRCLE('',#4024,0.2);
#325=CIRCLE('',#4026,0.2);
#326=CIRCLE('',#4027,0.2);
#327=CIRCLE('',#4028,0.2);
#328=CIRCLE('',#4029,0.2);
#329=CIRCLE('',#4040,0.168571307457427);
#330=CIRCLE('',#4049,0.168571307457427);
#331=CIRCLE('',#4052,0.168571307457427);
#332=CIRCLE('',#4061,0.168571307457427);
#333=CIRCLE('',#4063,1.6);
#334=CIRCLE('',#4065,1.6);
#335=LINE('',#4969,#618);
#336=LINE('',#4972,#619);
#337=LINE('',#4974,#620);
#338=LINE('',#4976,#621);
#339=LINE('',#4982,#622);
#340=LINE('',#4984,#623);
#341=LINE('',#4986,#624);
#342=LINE('',#4988,#625);
#343=LINE('',#4990,#626);
#344=LINE('',#4992,#627);
#345=LINE('',#4994,#628);
#346=LINE('',#4996,#629);
#347=LINE('',#4998,#630);
#348=LINE('',#5000,#631);
#349=LINE('',#5002,#632);
#350=LINE('',#5004,#633);
#351=LINE('',#5006,#634);
#352=LINE('',#5008,#635);
#353=LINE('',#5010,#636);
#354=LINE('',#5012,#637);
#355=LINE('',#5014,#638);
#356=LINE('',#5016,#639);
#357=LINE('',#5018,#640);
#358=LINE('',#5020,#641);
#359=LINE('',#5022,#642);
#360=LINE('',#5024,#643);
#361=LINE('',#5030,#644);
#362=LINE('',#5032,#645);
#363=LINE('',#5034,#646);
#364=LINE('',#5036,#647);
#365=LINE('',#5042,#648);
#366=LINE('',#5044,#649);
#367=LINE('',#5046,#650);
#368=LINE('',#5048,#651);
#369=LINE('',#5050,#652);
#370=LINE('',#5052,#653);
#371=LINE('',#5054,#654);
#372=LINE('',#5056,#655);
#373=LINE('',#5058,#656);
#374=LINE('',#5060,#657);
#375=LINE('',#5062,#658);
#376=LINE('',#5064,#659);
#377=LINE('',#5066,#660);
#378=LINE('',#5068,#661);
#379=LINE('',#5070,#662);
#380=LINE('',#5072,#663);
#381=LINE('',#5074,#664);
#382=LINE('',#5076,#665);
#383=LINE('',#5078,#666);
#384=LINE('',#5080,#667);
#385=LINE('',#5082,#668);
#386=LINE('',#5084,#669);
#387=LINE('',#6695,#670);
#388=LINE('',#6698,#671);
#389=LINE('',#6700,#672);
#390=LINE('',#6702,#673);
#391=LINE('',#6704,#674);
#392=LINE('',#6706,#675);
#393=LINE('',#6708,#676);
#394=LINE('',#6710,#677);
#395=LINE('',#6713,#678);
#396=LINE('',#6715,#679);
#397=LINE('',#6717,#680);
#398=LINE('',#6719,#681);
#399=LINE('',#6722,#682);
#400=LINE('',#6724,#683);
#401=LINE('',#6726,#684);
#402=LINE('',#6728,#685);
#403=LINE('',#6731,#686);
#404=LINE('',#6733,#687);
#405=LINE('',#6735,#688);
#406=LINE('',#6737,#689);
#407=LINE('',#6740,#690);
#408=LINE('',#6742,#691);
#409=LINE('',#6744,#692);
#410=LINE('',#6748,#693);
#411=LINE('',#6749,#694);
#412=LINE('',#6754,#695);
#413=LINE('',#6757,#696);
#414=LINE('',#6762,#697);
#415=LINE('',#6764,#698);
#416=LINE('',#6766,#699);
#417=LINE('',#6772,#700);
#418=LINE('',#6775,#701);
#419=LINE('',#6780,#702);
#420=LINE('',#6782,#703);
#421=LINE('',#6783,#704);
#422=LINE('',#6785,#705);
#423=LINE('',#6793,#706);
#424=LINE('',#6796,#707);
#425=LINE('',#6798,#708);
#426=LINE('',#6800,#709);
#427=LINE('',#6802,#710);
#428=LINE('',#6804,#711);
#429=LINE('',#6806,#712);
#430=LINE('',#6808,#713);
#431=LINE('',#6811,#714);
#432=LINE('',#6813,#715);
#433=LINE('',#6815,#716);
#434=LINE('',#6817,#717);
#435=LINE('',#6820,#718);
#436=LINE('',#6822,#719);
#437=LINE('',#6824,#720);
#438=LINE('',#6826,#721);
#439=LINE('',#6829,#722);
#440=LINE('',#6831,#723);
#441=LINE('',#6833,#724);
#442=LINE('',#6835,#725);
#443=LINE('',#6838,#726);
#444=LINE('',#6840,#727);
#445=LINE('',#6842,#728);
#446=LINE('',#6844,#729);
#447=LINE('',#6846,#730);
#448=LINE('',#6848,#731);
#449=LINE('',#6853,#732);
#450=LINE('',#6856,#733);
#451=LINE('',#6860,#734);
#452=LINE('',#6862,#735);
#453=LINE('',#6868,#736);
#454=LINE('',#6871,#737);
#455=LINE('',#6875,#738);
#456=LINE('',#6876,#739);
#457=LINE('',#6878,#740);
#458=LINE('',#6885,#741);
#459=LINE('',#6890,#742);
#460=LINE('',#6892,#743);
#461=LINE('',#6894,#744);
#462=LINE('',#6896,#745);
#463=LINE('',#6898,#746);
#464=LINE('',#6900,#747);
#465=LINE('',#6902,#748);
#466=LINE('',#6906,#749);
#467=LINE('',#6910,#750);
#468=LINE('',#6912,#751);
#469=LINE('',#6914,#752);
#470=LINE('',#6916,#753);
#471=LINE('',#6918,#754);
#472=LINE('',#6920,#755);
#473=LINE('',#6922,#756);
#474=LINE('',#6925,#757);
#475=LINE('',#6930,#758);
#476=LINE('',#6934,#759);
#477=LINE('',#6938,#760);
#478=LINE('',#6942,#761);
#479=LINE('',#6947,#762);
#480=LINE('',#6951,#763);
#481=LINE('',#6955,#764);
#482=LINE('',#6959,#765);
#483=LINE('',#6960,#766);
#484=LINE('',#6962,#767);
#485=LINE('',#6964,#768);
#486=LINE('',#6966,#769);
#487=LINE('',#6968,#770);
#488=LINE('',#6970,#771);
#489=LINE('',#6972,#772);
#490=LINE('',#6975,#773);
#491=LINE('',#6977,#774);
#492=LINE('',#6979,#775);
#493=LINE('',#6981,#776);
#494=LINE('',#6985,#777);
#495=LINE('',#6987,#778);
#496=LINE('',#6989,#779);
#497=LINE('',#6991,#780);
#498=LINE('',#6993,#781);
#499=LINE('',#6995,#782);
#500=LINE('',#6997,#783);
#501=LINE('',#6999,#784);
#502=LINE('',#7001,#785);
#503=LINE('',#7003,#786);
#504=LINE('',#7005,#787);
#505=LINE('',#7007,#788);
#506=LINE('',#7009,#789);
#507=LINE('',#7011,#790);
#508=LINE('',#7013,#791);
#509=LINE('',#7017,#792);
#510=LINE('',#7019,#793);
#511=LINE('',#7021,#794);
#512=LINE('',#7025,#795);
#513=LINE('',#7027,#796);
#514=LINE('',#7029,#797);
#515=LINE('',#7031,#798);
#516=LINE('',#7033,#799);
#517=LINE('',#7035,#800);
#518=LINE('',#7037,#801);
#519=LINE('',#7039,#802);
#520=LINE('',#7041,#803);
#521=LINE('',#7043,#804);
#522=LINE('',#7045,#805);
#523=LINE('',#7047,#806);
#524=LINE('',#7049,#807);
#525=LINE('',#7051,#808);
#526=LINE('',#7068,#809);
#527=LINE('',#7075,#810);
#528=LINE('',#7082,#811);
#529=LINE('',#7094,#812);
#530=LINE('',#7118,#813);
#531=LINE('',#7125,#814);
#532=LINE('',#7132,#815);
#533=LINE('',#7144,#816);
#534=LINE('',#7156,#817);
#535=LINE('',#7168,#818);
#536=LINE('',#7180,#819);
#537=LINE('',#7192,#820);
#538=LINE('',#7204,#821);
#539=LINE('',#7216,#822);
#540=LINE('',#7228,#823);
#541=LINE('',#7240,#824);
#542=LINE('',#7252,#825);
#543=LINE('',#7269,#827);
#544=LINE('',#7300,#829);
#545=LINE('',#7307,#830);
#546=LINE('',#7314,#831);
#547=LINE('',#7326,#832);
#548=LINE('',#7338,#833);
#549=LINE('',#7350,#834);
#550=LINE('',#7362,#835);
#551=LINE('',#7374,#836);
#552=LINE('',#7386,#837);
#553=LINE('',#7398,#838);
#554=LINE('',#7410,#839);
#555=LINE('',#7422,#840);
#556=LINE('',#7446,#841);
#557=LINE('',#7453,#842);
#558=LINE('',#7460,#843);
#559=LINE('',#7474,#844);
#560=LINE('',#7493,#846);
#561=LINE('',#7510,#848);
#562=LINE('',#7529,#850);
#563=LINE('',#7545,#851);
#564=LINE('',#7568,#853);
#565=LINE('',#7592,#854);
#566=LINE('',#7599,#855);
#567=LINE('',#7606,#856);
#568=LINE('',#7620,#857);
#569=LINE('',#7641,#859);
#570=LINE('',#7660,#861);
#571=LINE('',#7677,#863);
#572=LINE('',#7696,#865);
#573=LINE('',#7710,#866);
#574=LINE('',#7729,#868);
#575=LINE('',#7744,#870);
#576=LINE('',#7761,#872);
#577=LINE('',#7780,#874);
#578=LINE('',#7804,#875);
#579=LINE('',#7811,#876);
#580=LINE('',#7823,#878);
#581=LINE('',#7846,#880);
#582=LINE('',#7871,#882);
#583=LINE('',#7890,#884);
#584=LINE('',#7906,#886);
#585=LINE('',#7913,#887);
#586=LINE('',#7923,#889);
#587=LINE('',#7938,#891);
#588=LINE('',#7950,#892);
#589=LINE('',#7969,#894);
#590=LINE('',#7992,#896);
#591=LINE('',#8007,#898);
#592=LINE('',#8024,#900);
#593=LINE('',#8043,#902);
#594=LINE('',#8058,#904);
#595=LINE('',#8073,#906);
#596=LINE('',#8089,#907);
#597=LINE('',#8114,#909);
#598=LINE('',#8133,#911);
#599=LINE('',#8148,#913);
#600=LINE('',#8163,#915);
#601=LINE('',#8178,#917);
#602=LINE('',#8238,#921);
#603=LINE('',#8245,#922);
#604=LINE('',#8252,#923);
#605=LINE('',#8264,#924);
#606=LINE('',#8294,#925);
#607=LINE('',#8307,#926);
#608=LINE('',#8324,#928);
#609=LINE('',#8331,#929);
#610=LINE('',#8342,#930);
#611=LINE('',#8369,#932);
#612=LINE('',#8392,#934);
#613=LINE('',#8404,#935);
#614=LINE('',#8420,#936);
#615=LINE('',#8449,#938);
#616=LINE('',#8476,#940);
#617=LINE('',#8495,#942);
#618=VECTOR('',#4135,1.);
#619=VECTOR('',#4136,1.);
#620=VECTOR('',#4137,1.);
#621=VECTOR('',#4138,1.);
#622=VECTOR('',#4145,1.);
#623=VECTOR('',#4148,1.);
#624=VECTOR('',#4149,1.);
#625=VECTOR('',#4150,1.);
#626=VECTOR('',#4153,1.);
#627=VECTOR('',#4154,1.);
#628=VECTOR('',#4155,1.);
#629=VECTOR('',#4158,1.);
#630=VECTOR('',#4159,1.);
#631=VECTOR('',#4160,1.);
#632=VECTOR('',#4163,1.);
#633=VECTOR('',#4164,1.);
#634=VECTOR('',#4165,1.);
#635=VECTOR('',#4168,1.);
#636=VECTOR('',#4169,1.);
#637=VECTOR('',#4170,1.);
#638=VECTOR('',#4173,1.);
#639=VECTOR('',#4174,1.);
#640=VECTOR('',#4175,1.);
#641=VECTOR('',#4178,1.);
#642=VECTOR('',#4179,1.);
#643=VECTOR('',#4180,1.);
#644=VECTOR('',#4187,1.);
#645=VECTOR('',#4190,1.);
#646=VECTOR('',#4191,1.);
#647=VECTOR('',#4192,1.);
#648=VECTOR('',#4199,1.);
#649=VECTOR('',#4202,1.);
#650=VECTOR('',#4203,1.);
#651=VECTOR('',#4204,1.);
#652=VECTOR('',#4207,1.);
#653=VECTOR('',#4208,1.);
#654=VECTOR('',#4209,1.);
#655=VECTOR('',#4212,1.);
#656=VECTOR('',#4213,1.);
#657=VECTOR('',#4214,1.);
#658=VECTOR('',#4217,1.);
#659=VECTOR('',#4218,1.);
#660=VECTOR('',#4219,1.);
#661=VECTOR('',#4222,1.);
#662=VECTOR('',#4223,1.);
#663=VECTOR('',#4224,1.);
#664=VECTOR('',#4227,1.);
#665=VECTOR('',#4228,1.);
#666=VECTOR('',#4229,1.);
#667=VECTOR('',#4232,1.);
#668=VECTOR('',#4233,1.);
#669=VECTOR('',#4234,1.);
#670=VECTOR('',#4259,1.);
#671=VECTOR('',#4260,1.);
#672=VECTOR('',#4261,1.);
#673=VECTOR('',#4262,1.);
#674=VECTOR('',#4265,1.);
#675=VECTOR('',#4266,1.);
#676=VECTOR('',#4267,1.);
#677=VECTOR('',#4270,1.);
#678=VECTOR('',#4271,1.);
#679=VECTOR('',#4272,1.);
#680=VECTOR('',#4273,1.);
#681=VECTOR('',#4276,1.);
#682=VECTOR('',#4277,1.);
#683=VECTOR('',#4278,1.);
#684=VECTOR('',#4279,1.);
#685=VECTOR('',#4282,1.);
#686=VECTOR('',#4283,1.);
#687=VECTOR('',#4284,1.);
#688=VECTOR('',#4285,1.);
#689=VECTOR('',#4288,1.);
#690=VECTOR('',#4289,1.);
#691=VECTOR('',#4290,1.);
#692=VECTOR('',#4291,1.);
#693=VECTOR('',#4296,1.);
#694=VECTOR('',#4297,1.);
#695=VECTOR('',#4302,1.);
#696=VECTOR('',#4305,1.);
#697=VECTOR('',#4312,1.);
#698=VECTOR('',#4313,1.);
#699=VECTOR('',#4316,1.);
#700=VECTOR('',#4323,1.);
#701=VECTOR('',#4326,1.);
#702=VECTOR('',#4333,1.);
#703=VECTOR('',#4336,1.);
#704=VECTOR('',#4337,1.);
#705=VECTOR('',#4340,1.);
#706=VECTOR('',#4355,1.);
#707=VECTOR('',#4356,1.);
#708=VECTOR('',#4357,1.);
#709=VECTOR('',#4358,1.);
#710=VECTOR('',#4361,1.);
#711=VECTOR('',#4362,1.);
#712=VECTOR('',#4363,1.);
#713=VECTOR('',#4366,1.);
#714=VECTOR('',#4367,1.);
#715=VECTOR('',#4368,1.);
#716=VECTOR('',#4369,1.);
#717=VECTOR('',#4372,1.);
#718=VECTOR('',#4373,1.);
#719=VECTOR('',#4374,1.);
#720=VECTOR('',#4375,1.);
#721=VECTOR('',#4378,1.);
#722=VECTOR('',#4379,1.);
#723=VECTOR('',#4380,1.);
#724=VECTOR('',#4381,1.);
#725=VECTOR('',#4384,1.);
#726=VECTOR('',#4385,1.);
#727=VECTOR('',#4386,1.);
#728=VECTOR('',#4387,1.);
#729=VECTOR('',#4390,1.);
#730=VECTOR('',#4391,1.);
#731=VECTOR('',#4392,1.);
#732=VECTOR('',#4399,1.);
#733=VECTOR('',#4402,1.);
#734=VECTOR('',#4407,1.);
#735=VECTOR('',#4410,1.);
#736=VECTOR('',#4419,1.);
#737=VECTOR('',#4422,1.);
#738=VECTOR('',#4427,1.);
#739=VECTOR('',#4428,1.);
#740=VECTOR('',#4431,1.);
#741=VECTOR('',#4444,1.);
#742=VECTOR('',#4447,1.);
#743=VECTOR('',#4448,1.);
#744=VECTOR('',#4449,1.);
#745=VECTOR('',#4450,1.);
#746=VECTOR('',#4451,1.);
#747=VECTOR('',#4452,1.);
#748=VECTOR('',#4453,1.);
#749=VECTOR('',#4456,1.);
#750=VECTOR('',#4459,1.);
#751=VECTOR('',#4460,1.);
#752=VECTOR('',#4461,1.);
#753=VECTOR('',#4462,1.);
#754=VECTOR('',#4463,1.);
#755=VECTOR('',#4464,1.);
#756=VECTOR('',#4465,1.);
#757=VECTOR('',#4468,1.);
#758=VECTOR('',#4471,1.);
#759=VECTOR('',#4474,1.);
#760=VECTOR('',#4477,1.);
#761=VECTOR('',#4482,1.);
#762=VECTOR('',#4485,1.);
#763=VECTOR('',#4488,1.);
#764=VECTOR('',#4491,1.);
#765=VECTOR('',#4496,1.);
#766=VECTOR('',#4497,1.);
#767=VECTOR('',#4500,1.);
#768=VECTOR('',#4503,1.);
#769=VECTOR('',#4506,1.);
#770=VECTOR('',#4509,1.);
#771=VECTOR('',#4512,1.);
#772=VECTOR('',#4515,1.);
#773=VECTOR('',#4520,1.);
#774=VECTOR('',#4521,1.);
#775=VECTOR('',#4522,1.);
#776=VECTOR('',#4525,1.);
#777=VECTOR('',#4530,1.);
#778=VECTOR('',#4531,1.);
#779=VECTOR('',#4534,1.);
#780=VECTOR('',#4535,1.);
#781=VECTOR('',#4538,1.);
#782=VECTOR('',#4539,1.);
#783=VECTOR('',#4542,1.);
#784=VECTOR('',#4543,1.);
#785=VECTOR('',#4546,1.);
#786=VECTOR('',#4547,1.);
#787=VECTOR('',#4550,1.);
#788=VECTOR('',#4551,1.);
#789=VECTOR('',#4554,1.);
#790=VECTOR('',#4555,1.);
#791=VECTOR('',#4558,1.);
#792=VECTOR('',#4563,1.);
#793=VECTOR('',#4564,1.);
#794=VECTOR('',#4567,1.);
#795=VECTOR('',#4572,1.);
#796=VECTOR('',#4573,1.);
#797=VECTOR('',#4576,1.);
#798=VECTOR('',#4577,1.);
#799=VECTOR('',#4580,1.);
#800=VECTOR('',#4581,1.);
#801=VECTOR('',#4584,1.);
#802=VECTOR('',#4585,1.);
#803=VECTOR('',#4588,1.);
#804=VECTOR('',#4589,1.);
#805=VECTOR('',#4592,1.);
#806=VECTOR('',#4593,1.);
#807=VECTOR('',#4596,1.);
#808=VECTOR('',#4597,1.);
#809=VECTOR('',#4614,1.);
#810=VECTOR('',#4615,1.);
#811=VECTOR('',#4618,1.);
#812=VECTOR('',#4621,1.);
#813=VECTOR('',#4630,1.);
#814=VECTOR('',#4631,1.);
#815=VECTOR('',#4634,1.);
#816=VECTOR('',#4637,1.);
#817=VECTOR('',#4640,1.);
#818=VECTOR('',#4643,1.);
#819=VECTOR('',#4646,1.);
#820=VECTOR('',#4649,1.);
#821=VECTOR('',#4652,1.);
#822=VECTOR('',#4655,1.);
#823=VECTOR('',#4658,1.);
#824=VECTOR('',#4661,1.);
#825=VECTOR('',#4664,1.);
#826=VECTOR('',#4665,1.);
#827=VECTOR('',#4666,1.);
#828=VECTOR('',#4667,1.);
#829=VECTOR('',#4674,1.);
#830=VECTOR('',#4675,1.);
#831=VECTOR('',#4678,1.);
#832=VECTOR('',#4681,1.);
#833=VECTOR('',#4684,1.);
#834=VECTOR('',#4687,1.);
#835=VECTOR('',#4690,1.);
#836=VECTOR('',#4693,1.);
#837=VECTOR('',#4696,1.);
#838=VECTOR('',#4699,1.);
#839=VECTOR('',#4702,1.);
#840=VECTOR('',#4705,1.);
#841=VECTOR('',#4714,1.);
#842=VECTOR('',#4715,1.);
#843=VECTOR('',#4718,1.);
#844=VECTOR('',#4721,1.);
#845=VECTOR('',#4722,1.);
#846=VECTOR('',#4723,1.);
#847=VECTOR('',#4724,1.);
#848=VECTOR('',#4725,1.);
#849=VECTOR('',#4726,1.);
#850=VECTOR('',#4727,1.);
#851=VECTOR('',#4730,1.);
#852=VECTOR('',#4731,1.);
#853=VECTOR('',#4732,1.);
#854=VECTOR('',#4741,1.);
#855=VECTOR('',#4742,1.);
#856=VECTOR('',#4745,1.);
#857=VECTOR('',#4748,1.);
#858=VECTOR('',#4749,1.);
#859=VECTOR('',#4750,1.);
#860=VECTOR('',#4751,1.);
#861=VECTOR('',#4752,1.);
#862=VECTOR('',#4753,1.);
#863=VECTOR('',#4754,1.);
#864=VECTOR('',#4755,1.);
#865=VECTOR('',#4756,1.);
#866=VECTOR('',#4759,1.);
#867=VECTOR('',#4760,1.);
#868=VECTOR('',#4761,1.);
#869=VECTOR('',#4762,1.);
#870=VECTOR('',#4763,1.);
#871=VECTOR('',#4764,1.);
#872=VECTOR('',#4765,1.);
#873=VECTOR('',#4766,1.);
#874=VECTOR('',#4767,1.);
#875=VECTOR('',#4776,1.);
#876=VECTOR('',#4777,1.);
#877=VECTOR('',#4778,1.);
#878=VECTOR('',#4779,1.);
#879=VECTOR('',#4780,1.);
#880=VECTOR('',#4781,1.);
#881=VECTOR('',#4782,1.);
#882=VECTOR('',#4783,1.);
#883=VECTOR('',#4784,1.);
#884=VECTOR('',#4785,1.);
#885=VECTOR('',#4786,1.);
#886=VECTOR('',#4787,1.);
#887=VECTOR('',#4788,1.);
#888=VECTOR('',#4789,1.);
#889=VECTOR('',#4790,1.);
#890=VECTOR('',#4791,1.);
#891=VECTOR('',#4792,1.);
#892=VECTOR('',#4795,1.);
#893=VECTOR('',#4796,1.);
#894=VECTOR('',#4797,1.);
#895=VECTOR('',#4798,1.);
#896=VECTOR('',#4799,1.);
#897=VECTOR('',#4800,1.);
#898=VECTOR('',#4801,1.);
#899=VECTOR('',#4802,1.);
#900=VECTOR('',#4803,1.);
#901=VECTOR('',#4804,1.);
#902=VECTOR('',#4805,1.);
#903=VECTOR('',#4806,1.);
#904=VECTOR('',#4807,1.);
#905=VECTOR('',#4808,1.);
#906=VECTOR('',#4809,1.);
#907=VECTOR('',#4812,1.);
#908=VECTOR('',#4813,1.);
#909=VECTOR('',#4814,1.);
#910=VECTOR('',#4815,1.);
#911=VECTOR('',#4816,1.);
#912=VECTOR('',#4817,1.);
#913=VECTOR('',#4818,1.);
#914=VECTOR('',#4819,1.);
#915=VECTOR('',#4820,1.);
#916=VECTOR('',#4821,1.);
#917=VECTOR('',#4822,1.);
#918=VECTOR('',#4823,1.);
#919=VECTOR('',#4824,1.);
#920=VECTOR('',#4825,1.);
#921=VECTOR('',#4830,1.);
#922=VECTOR('',#4831,1.);
#923=VECTOR('',#4834,1.);
#924=VECTOR('',#4837,1.);
#925=VECTOR('',#4846,1.);
#926=VECTOR('',#4847,1.);
#927=VECTOR('',#4848,1.);
#928=VECTOR('',#4849,1.);
#929=VECTOR('',#4850,1.);
#930=VECTOR('',#4853,1.);
#931=VECTOR('',#4854,1.);
#932=VECTOR('',#4855,1.);
#933=VECTOR('',#4856,1.);
#934=VECTOR('',#4857,1.);
#935=VECTOR('',#4860,1.);
#936=VECTOR('',#4863,1.);
#937=VECTOR('',#4864,1.);
#938=VECTOR('',#4865,1.);
#939=VECTOR('',#4866,1.);
#940=VECTOR('',#4867,1.);
#941=VECTOR('',#4868,1.);
#942=VECTOR('',#4869,1.);
#943=VECTOR('',#4870,1.);
#944=VECTOR('',#4871,1.);
#945=VECTOR('',#4872,1.);
#946=PLANE('',#3923);
#947=PLANE('',#3924);
#948=PLANE('',#3928);
#949=PLANE('',#3929);
#950=PLANE('',#3930);
#951=PLANE('',#3931);
#952=PLANE('',#3932);
#953=PLANE('',#3933);
#954=PLANE('',#3934);
#955=PLANE('',#3938);
#956=PLANE('',#3942);
#957=PLANE('',#3943);
#958=PLANE('',#3944);
#959=PLANE('',#3945);
#960=PLANE('',#3946);
#961=PLANE('',#3947);
#962=PLANE('',#3948);
#963=PLANE('',#3953);
#964=PLANE('',#3954);
#965=PLANE('',#3957);
#966=PLANE('',#3958);
#967=PLANE('',#3959);
#968=PLANE('',#3960);
#969=PLANE('',#3961);
#970=PLANE('',#3962);
#971=PLANE('',#3963);
#972=PLANE('',#3964);
#973=PLANE('',#3965);
#974=PLANE('',#3972);
#975=PLANE('',#3973);
#976=PLANE('',#3980);
#977=PLANE('',#3981);
#978=PLANE('',#3982);
#979=PLANE('',#3983);
#980=PLANE('',#3990);
#981=PLANE('',#3991);
#982=PLANE('',#3992);
#983=PLANE('',#3993);
#984=PLANE('',#3994);
#985=PLANE('',#3995);
#986=PLANE('',#3996);
#987=PLANE('',#4002);
#988=PLANE('',#4003);
#989=PLANE('',#4009);
#990=PLANE('',#4010);
#991=PLANE('',#4011);
#992=PLANE('',#4025);
#993=PLANE('',#4030);
#994=PLANE('',#4032);
#995=PLANE('',#4034);
#996=PLANE('',#4036);
#997=PLANE('',#4038);
#998=PLANE('',#4039);
#999=PLANE('',#4042);
#1000=PLANE('',#4043);
#1001=PLANE('',#4044);
#1002=PLANE('',#4045);
#1003=PLANE('',#4046);
#1004=PLANE('',#4047);
#1005=PLANE('',#4048);
#1006=PLANE('',#4051);
#1007=PLANE('',#4054);
#1008=PLANE('',#4055);
#1009=PLANE('',#4056);
#1010=PLANE('',#4057);
#1011=PLANE('',#4058);
#1012=PLANE('',#4059);
#1013=PLANE('',#4060);
#1014=PLANE('',#4064);
#1015=PLANE('',#4067);
#1016=PLANE('',#4068);
#1017=PLANE('',#4069);
#1018=PLANE('',#4070);
#1019=PLANE('',#4071);
#1020=PLANE('',#4072);
#1021=PLANE('',#4073);
#1022=PLANE('',#4074);
#1023=PLANE('',#4075);
#1024=PLANE('',#4076);
#1025=PLANE('',#4077);
#1026=PLANE('',#4078);
#1027=PLANE('',#4079);
#1028=PLANE('',#4080);
#1029=PLANE('',#4081);
#1030=PLANE('',#4082);
#1031=PLANE('',#4083);
#1032=PLANE('',#4084);
#1033=PLANE('',#4085);
#1034=PLANE('',#4086);
#1035=PLANE('',#4087);
#1036=PLANE('',#4088);
#1037=PLANE('',#4089);
#1038=PLANE('',#4090);
#1039=PLANE('',#4091);
#1040=PLANE('',#4092);
#1041=PLANE('',#4093);
#1042=PLANE('',#4094);
#1043=PLANE('',#4095);
#1044=PLANE('',#4096);
#1045=PLANE('',#4097);
#1046=PLANE('',#4098);
#1047=PLANE('',#4099);
#1048=PLANE('',#4100);
#1049=PLANE('',#4101);
#1050=PLANE('',#4102);
#1051=PLANE('',#4103);
#1052=PLANE('',#4104);
#1053=PLANE('',#4105);
#1054=PLANE('',#4106);
#1055=PLANE('',#4107);
#1056=PLANE('',#4108);
#1057=PLANE('',#4109);
#1058=PLANE('',#4110);
#1059=PLANE('',#4111);
#1060=PLANE('',#4112);
#1061=PLANE('',#4113);
#1062=PLANE('',#4114);
#1063=PLANE('',#4115);
#1064=PLANE('',#4116);
#1065=PLANE('',#4117);
#1066=PLANE('',#4118);
#1067=PLANE('',#4119);
#1068=PLANE('',#4120);
#1069=PLANE('',#4121);
#1070=PLANE('',#4122);
#1071=PLANE('',#4123);
#1072=PLANE('',#4124);
#1073=PLANE('',#4125);
#1074=PLANE('',#4126);
#1075=PLANE('',#4127);
#1076=PLANE('',#4128);
#1077=PLANE('',#4129);
#1078=PLANE('',#4130);
#1079=FACE_OUTER_BOUND('',#1513,.T.);
#1080=FACE_OUTER_BOUND('',#1514,.T.);
#1081=FACE_OUTER_BOUND('',#1515,.T.);
#1082=FACE_OUTER_BOUND('',#1516,.T.);
#1083=FACE_OUTER_BOUND('',#1517,.T.);
#1084=FACE_OUTER_BOUND('',#1518,.T.);
#1085=FACE_OUTER_BOUND('',#1519,.T.);
#1086=FACE_OUTER_BOUND('',#1520,.T.);
#1087=FACE_OUTER_BOUND('',#1521,.T.);
#1088=FACE_OUTER_BOUND('',#1522,.T.);
#1089=FACE_OUTER_BOUND('',#1523,.T.);
#1090=FACE_OUTER_BOUND('',#1524,.T.);
#1091=FACE_OUTER_BOUND('',#1525,.T.);
#1092=FACE_OUTER_BOUND('',#1526,.T.);
#1093=FACE_OUTER_BOUND('',#1527,.T.);
#1094=FACE_OUTER_BOUND('',#1528,.T.);
#1095=FACE_OUTER_BOUND('',#1529,.T.);
#1096=FACE_OUTER_BOUND('',#1530,.T.);
#1097=FACE_OUTER_BOUND('',#1531,.T.);
#1098=FACE_OUTER_BOUND('',#1532,.T.);
#1099=FACE_OUTER_BOUND('',#1533,.T.);
#1100=FACE_OUTER_BOUND('',#1540,.T.);
#1101=FACE_OUTER_BOUND('',#1541,.T.);
#1102=FACE_OUTER_BOUND('',#1542,.T.);
#1103=FACE_OUTER_BOUND('',#1543,.T.);
#1104=FACE_OUTER_BOUND('',#1544,.T.);
#1105=FACE_OUTER_BOUND('',#1545,.T.);
#1106=FACE_OUTER_BOUND('',#1546,.T.);
#1107=FACE_OUTER_BOUND('',#1547,.T.);
#1108=FACE_OUTER_BOUND('',#1548,.T.);
#1109=FACE_OUTER_BOUND('',#1549,.T.);
#1110=FACE_OUTER_BOUND('',#1550,.T.);
#1111=FACE_OUTER_BOUND('',#1551,.T.);
#1112=FACE_OUTER_BOUND('',#1552,.T.);
#1113=FACE_OUTER_BOUND('',#1553,.T.);
#1114=FACE_OUTER_BOUND('',#1554,.T.);
#1115=FACE_OUTER_BOUND('',#1555,.T.);
#1116=FACE_OUTER_BOUND('',#1556,.T.);
#1117=FACE_OUTER_BOUND('',#1557,.T.);
#1118=FACE_OUTER_BOUND('',#1558,.T.);
#1119=FACE_OUTER_BOUND('',#1559,.T.);
#1120=FACE_OUTER_BOUND('',#1560,.T.);
#1121=FACE_OUTER_BOUND('',#1561,.T.);
#1122=FACE_OUTER_BOUND('',#1562,.T.);
#1123=FACE_OUTER_BOUND('',#1563,.T.);
#1124=FACE_OUTER_BOUND('',#1564,.T.);
#1125=FACE_OUTER_BOUND('',#1565,.T.);
#1126=FACE_OUTER_BOUND('',#1566,.T.);
#1127=FACE_OUTER_BOUND('',#1567,.T.);
#1128=FACE_OUTER_BOUND('',#1568,.T.);
#1129=FACE_OUTER_BOUND('',#1569,.T.);
#1130=FACE_OUTER_BOUND('',#1570,.T.);
#1131=FACE_OUTER_BOUND('',#1571,.T.);
#1132=FACE_OUTER_BOUND('',#1572,.T.);
#1133=FACE_OUTER_BOUND('',#1573,.T.);
#1134=FACE_OUTER_BOUND('',#1574,.T.);
#1135=FACE_OUTER_BOUND('',#1575,.T.);
#1136=FACE_OUTER_BOUND('',#1576,.T.);
#1137=FACE_OUTER_BOUND('',#1577,.T.);
#1138=FACE_OUTER_BOUND('',#1578,.T.);
#1139=FACE_OUTER_BOUND('',#1579,.T.);
#1140=FACE_OUTER_BOUND('',#1580,.T.);
#1141=FACE_OUTER_BOUND('',#1581,.T.);
#1142=FACE_OUTER_BOUND('',#1584,.T.);
#1143=FACE_OUTER_BOUND('',#1585,.T.);
#1144=FACE_OUTER_BOUND('',#1586,.T.);
#1145=FACE_OUTER_BOUND('',#1587,.T.);
#1146=FACE_OUTER_BOUND('',#1588,.T.);
#1147=FACE_OUTER_BOUND('',#1589,.T.);
#1148=FACE_OUTER_BOUND('',#1590,.T.);
#1149=FACE_OUTER_BOUND('',#1591,.T.);
#1150=FACE_OUTER_BOUND('',#1592,.T.);
#1151=FACE_OUTER_BOUND('',#1593,.T.);
#1152=FACE_OUTER_BOUND('',#1594,.T.);
#1153=FACE_OUTER_BOUND('',#1595,.T.);
#1154=FACE_OUTER_BOUND('',#1596,.T.);
#1155=FACE_OUTER_BOUND('',#1597,.T.);
#1156=FACE_OUTER_BOUND('',#1598,.T.);
#1157=FACE_OUTER_BOUND('',#1599,.T.);
#1158=FACE_OUTER_BOUND('',#1600,.T.);
#1159=FACE_OUTER_BOUND('',#1601,.T.);
#1160=FACE_OUTER_BOUND('',#1602,.T.);
#1161=FACE_OUTER_BOUND('',#1603,.T.);
#1162=FACE_OUTER_BOUND('',#1604,.T.);
#1163=FACE_OUTER_BOUND('',#1605,.T.);
#1164=FACE_OUTER_BOUND('',#1606,.T.);
#1165=FACE_OUTER_BOUND('',#1607,.T.);
#1166=FACE_OUTER_BOUND('',#1608,.T.);
#1167=FACE_OUTER_BOUND('',#1609,.T.);
#1168=FACE_OUTER_BOUND('',#1610,.T.);
#1169=FACE_OUTER_BOUND('',#1611,.T.);
#1170=FACE_OUTER_BOUND('',#1612,.T.);
#1171=FACE_OUTER_BOUND('',#1617,.T.);
#1172=FACE_OUTER_BOUND('',#1618,.T.);
#1173=FACE_OUTER_BOUND('',#1619,.T.);
#1174=FACE_OUTER_BOUND('',#1620,.T.);
#1175=FACE_OUTER_BOUND('',#1621,.T.);
#1176=FACE_OUTER_BOUND('',#1622,.T.);
#1177=FACE_OUTER_BOUND('',#1623,.T.);
#1178=FACE_OUTER_BOUND('',#1624,.T.);
#1179=FACE_OUTER_BOUND('',#1625,.T.);
#1180=FACE_OUTER_BOUND('',#1626,.T.);
#1181=FACE_OUTER_BOUND('',#1627,.T.);
#1182=FACE_OUTER_BOUND('',#1628,.T.);
#1183=FACE_OUTER_BOUND('',#1629,.T.);
#1184=FACE_OUTER_BOUND('',#1630,.T.);
#1185=FACE_OUTER_BOUND('',#1631,.T.);
#1186=FACE_OUTER_BOUND('',#1632,.T.);
#1187=FACE_OUTER_BOUND('',#1633,.T.);
#1188=FACE_OUTER_BOUND('',#1634,.T.);
#1189=FACE_OUTER_BOUND('',#1635,.T.);
#1190=FACE_OUTER_BOUND('',#1636,.T.);
#1191=FACE_OUTER_BOUND('',#1637,.T.);
#1192=FACE_OUTER_BOUND('',#1638,.T.);
#1193=FACE_OUTER_BOUND('',#1639,.T.);
#1194=FACE_OUTER_BOUND('',#1640,.T.);
#1195=FACE_OUTER_BOUND('',#1641,.T.);
#1196=FACE_OUTER_BOUND('',#1642,.T.);
#1197=FACE_OUTER_BOUND('',#1643,.T.);
#1198=FACE_OUTER_BOUND('',#1644,.T.);
#1199=FACE_OUTER_BOUND('',#1645,.T.);
#1200=FACE_OUTER_BOUND('',#1646,.T.);
#1201=FACE_OUTER_BOUND('',#1647,.T.);
#1202=FACE_OUTER_BOUND('',#1648,.T.);
#1203=FACE_OUTER_BOUND('',#1649,.T.);
#1204=FACE_OUTER_BOUND('',#1650,.T.);
#1205=FACE_OUTER_BOUND('',#1651,.T.);
#1206=FACE_OUTER_BOUND('',#1652,.T.);
#1207=FACE_OUTER_BOUND('',#1653,.T.);
#1208=FACE_OUTER_BOUND('',#1654,.T.);
#1209=FACE_OUTER_BOUND('',#1655,.T.);
#1210=FACE_OUTER_BOUND('',#1656,.T.);
#1211=FACE_OUTER_BOUND('',#1657,.T.);
#1212=FACE_OUTER_BOUND('',#1658,.T.);
#1213=FACE_OUTER_BOUND('',#1659,.T.);
#1214=FACE_OUTER_BOUND('',#1660,.T.);
#1215=FACE_OUTER_BOUND('',#1661,.T.);
#1216=FACE_OUTER_BOUND('',#1662,.T.);
#1217=FACE_OUTER_BOUND('',#1663,.T.);
#1218=FACE_OUTER_BOUND('',#1664,.T.);
#1219=FACE_OUTER_BOUND('',#1665,.T.);
#1220=FACE_OUTER_BOUND('',#1666,.T.);
#1221=FACE_OUTER_BOUND('',#1667,.T.);
#1222=FACE_OUTER_BOUND('',#1668,.T.);
#1223=FACE_OUTER_BOUND('',#1669,.T.);
#1224=FACE_OUTER_BOUND('',#1670,.T.);
#1225=FACE_OUTER_BOUND('',#1671,.T.);
#1226=FACE_OUTER_BOUND('',#1672,.T.);
#1227=FACE_OUTER_BOUND('',#1673,.T.);
#1228=FACE_OUTER_BOUND('',#1674,.T.);
#1229=FACE_OUTER_BOUND('',#1675,.T.);
#1230=FACE_OUTER_BOUND('',#1676,.T.);
#1231=FACE_OUTER_BOUND('',#1677,.T.);
#1232=FACE_OUTER_BOUND('',#1678,.T.);
#1233=FACE_OUTER_BOUND('',#1679,.T.);
#1234=FACE_OUTER_BOUND('',#1680,.T.);
#1235=FACE_OUTER_BOUND('',#1681,.T.);
#1236=FACE_OUTER_BOUND('',#1682,.T.);
#1237=FACE_OUTER_BOUND('',#1683,.T.);
#1238=FACE_OUTER_BOUND('',#1684,.T.);
#1239=FACE_OUTER_BOUND('',#1685,.T.);
#1240=FACE_OUTER_BOUND('',#1686,.T.);
#1241=FACE_OUTER_BOUND('',#1687,.T.);
#1242=FACE_OUTER_BOUND('',#1688,.T.);
#1243=FACE_OUTER_BOUND('',#1689,.T.);
#1244=FACE_OUTER_BOUND('',#1690,.T.);
#1245=FACE_OUTER_BOUND('',#1691,.T.);
#1246=FACE_OUTER_BOUND('',#1692,.T.);
#1247=FACE_OUTER_BOUND('',#1693,.T.);
#1248=FACE_OUTER_BOUND('',#1694,.T.);
#1249=FACE_OUTER_BOUND('',#1695,.T.);
#1250=FACE_OUTER_BOUND('',#1696,.T.);
#1251=FACE_OUTER_BOUND('',#1697,.T.);
#1252=FACE_OUTER_BOUND('',#1698,.T.);
#1253=FACE_OUTER_BOUND('',#1699,.T.);
#1254=FACE_OUTER_BOUND('',#1700,.T.);
#1255=FACE_OUTER_BOUND('',#1701,.T.);
#1256=FACE_OUTER_BOUND('',#1702,.T.);
#1257=FACE_OUTER_BOUND('',#1703,.T.);
#1258=FACE_OUTER_BOUND('',#1708,.T.);
#1259=FACE_OUTER_BOUND('',#1709,.T.);
#1260=FACE_OUTER_BOUND('',#1710,.T.);
#1261=FACE_OUTER_BOUND('',#1711,.T.);
#1262=FACE_OUTER_BOUND('',#1712,.T.);
#1263=FACE_OUTER_BOUND('',#1713,.T.);
#1264=FACE_OUTER_BOUND('',#1714,.T.);
#1265=FACE_OUTER_BOUND('',#1715,.T.);
#1266=FACE_OUTER_BOUND('',#1716,.T.);
#1267=FACE_OUTER_BOUND('',#1717,.T.);
#1268=FACE_OUTER_BOUND('',#1718,.T.);
#1269=FACE_OUTER_BOUND('',#1719,.T.);
#1270=FACE_OUTER_BOUND('',#1720,.T.);
#1271=FACE_OUTER_BOUND('',#1721,.T.);
#1272=FACE_OUTER_BOUND('',#1722,.T.);
#1273=FACE_OUTER_BOUND('',#1723,.T.);
#1274=FACE_OUTER_BOUND('',#1724,.T.);
#1275=FACE_OUTER_BOUND('',#1725,.T.);
#1276=ADVANCED_FACE('',(#1489,#1490),#1484,.T.);
#1277=ADVANCED_FACE('',(#1079),#946,.T.);
#1278=ADVANCED_FACE('',(#1080),#947,.T.);
#1279=ADVANCED_FACE('',(#1081),#277,.T.);
#1280=ADVANCED_FACE('',(#1082),#948,.T.);
#1281=ADVANCED_FACE('',(#1083),#949,.T.);
#1282=ADVANCED_FACE('',(#1084),#950,.T.);
#1283=ADVANCED_FACE('',(#1085),#951,.T.);
#1284=ADVANCED_FACE('',(#1086),#952,.T.);
#1285=ADVANCED_FACE('',(#1087),#953,.T.);
#1286=ADVANCED_FACE('',(#1088),#954,.T.);
#1287=ADVANCED_FACE('',(#1089),#278,.T.);
#1288=ADVANCED_FACE('',(#1090),#955,.T.);
#1289=ADVANCED_FACE('',(#1091),#279,.T.);
#1290=ADVANCED_FACE('',(#1092),#956,.T.);
#1291=ADVANCED_FACE('',(#1093),#957,.T.);
#1292=ADVANCED_FACE('',(#1094),#958,.T.);
#1293=ADVANCED_FACE('',(#1095),#959,.T.);
#1294=ADVANCED_FACE('',(#1096),#960,.T.);
#1295=ADVANCED_FACE('',(#1097),#961,.T.);
#1296=ADVANCED_FACE('',(#1098),#962,.T.);
#1297=ADVANCED_FACE('',(#1099),#280,.T.);
#1298=ADVANCED_FACE('',(#1491,#1492),#963,.F.);
#1299=ADVANCED_FACE('',(#1493,#1494),#964,.T.);
#1300=ADVANCED_FACE('',(#1495,#1496),#260,.T.);
#1301=ADVANCED_FACE('',(#1100),#965,.F.);
#1302=ADVANCED_FACE('',(#1101),#1485,.T.);
#1303=ADVANCED_FACE('',(#1102),#966,.F.);
#1304=ADVANCED_FACE('',(#1103),#1486,.T.);
#1305=ADVANCED_FACE('',(#1104),#967,.T.);
#1306=ADVANCED_FACE('',(#1105),#1487,.T.);
#1307=ADVANCED_FACE('',(#1106),#1488,.T.);
#1308=ADVANCED_FACE('',(#1107),#968,.T.);
#1309=ADVANCED_FACE('',(#1108),#969,.T.);
#1310=ADVANCED_FACE('',(#1109),#970,.T.);
#1311=ADVANCED_FACE('',(#1110),#971,.T.);
#1312=ADVANCED_FACE('',(#1111),#972,.T.);
#1313=ADVANCED_FACE('',(#1112),#973,.F.);
#1314=ADVANCED_FACE('',(#1113),#974,.T.);
#1315=ADVANCED_FACE('',(#1114),#975,.T.);
#1316=ADVANCED_FACE('',(#1115),#976,.T.);
#1317=ADVANCED_FACE('',(#1116),#977,.T.);
#1318=ADVANCED_FACE('',(#1117),#978,.T.);
#1319=ADVANCED_FACE('',(#1118),#979,.T.);
#1320=ADVANCED_FACE('',(#1119),#261,.T.);
#1321=ADVANCED_FACE('',(#1120),#262,.T.);
#1322=ADVANCED_FACE('',(#1121),#263,.T.);
#1323=ADVANCED_FACE('',(#1122),#264,.F.);
#1324=ADVANCED_FACE('',(#1123),#265,.F.);
#1325=ADVANCED_FACE('',(#1124),#266,.F.);
#1326=ADVANCED_FACE('',(#1125),#980,.T.);
#1327=ADVANCED_FACE('',(#1126),#981,.T.);
#1328=ADVANCED_FACE('',(#1127),#982,.T.);
#1329=ADVANCED_FACE('',(#1128),#983,.T.);
#1330=ADVANCED_FACE('',(#1129),#984,.T.);
#1331=ADVANCED_FACE('',(#1130),#985,.F.);
#1332=ADVANCED_FACE('',(#1131),#986,.T.);
#1333=ADVANCED_FACE('',(#1132),#987,.T.);
#1334=ADVANCED_FACE('',(#1133),#988,.T.);
#1335=ADVANCED_FACE('',(#1134),#989,.T.);
#1336=ADVANCED_FACE('',(#1135),#990,.T.);
#1337=ADVANCED_FACE('',(#1136),#991,.T.);
#1338=ADVANCED_FACE('',(#1137),#267,.T.);
#1339=ADVANCED_FACE('',(#1138),#268,.T.);
#1340=ADVANCED_FACE('',(#1139),#269,.F.);
#1341=ADVANCED_FACE('',(#1140),#270,.F.);
#1342=ADVANCED_FACE('',(#1141),#271,.F.);
#1343=ADVANCED_FACE('',(#1497,#1498),#992,.T.);
#1344=ADVANCED_FACE('',(#1142),#993,.F.);
#1345=ADVANCED_FACE('',(#1143),#272,.T.);
#1346=ADVANCED_FACE('',(#1144),#994,.T.);
#1347=ADVANCED_FACE('',(#1145),#273,.T.);
#1348=ADVANCED_FACE('',(#1146),#995,.T.);
#1349=ADVANCED_FACE('',(#1147),#274,.T.);
#1350=ADVANCED_FACE('',(#1148),#996,.T.);
#1351=ADVANCED_FACE('',(#1149),#275,.T.);
#1352=ADVANCED_FACE('',(#1150),#997,.T.);
#1353=ADVANCED_FACE('',(#1151),#998,.F.);
#1354=ADVANCED_FACE('',(#1152),#281,.F.);
#1355=ADVANCED_FACE('',(#1153),#999,.F.);
#1356=ADVANCED_FACE('',(#1154),#1000,.F.);
#1357=ADVANCED_FACE('',(#1155),#1001,.F.);
#1358=ADVANCED_FACE('',(#1156),#1002,.F.);
#1359=ADVANCED_FACE('',(#1157),#1003,.F.);
#1360=ADVANCED_FACE('',(#1158),#1004,.F.);
#1361=ADVANCED_FACE('',(#1159),#1005,.F.);
#1362=ADVANCED_FACE('',(#1160),#282,.F.);
#1363=ADVANCED_FACE('',(#1161),#1006,.F.);
#1364=ADVANCED_FACE('',(#1162),#283,.F.);
#1365=ADVANCED_FACE('',(#1163),#1007,.F.);
#1366=ADVANCED_FACE('',(#1164),#1008,.F.);
#1367=ADVANCED_FACE('',(#1165),#1009,.F.);
#1368=ADVANCED_FACE('',(#1166),#1010,.F.);
#1369=ADVANCED_FACE('',(#1167),#1011,.F.);
#1370=ADVANCED_FACE('',(#1168),#1012,.F.);
#1371=ADVANCED_FACE('',(#1169),#1013,.F.);
#1372=ADVANCED_FACE('',(#1170),#284,.F.);
#1373=ADVANCED_FACE('',(#1499,#1500),#1014,.T.);
#1374=ADVANCED_FACE('',(#1501,#1502),#276,.F.);
#1375=ADVANCED_FACE('',(#1171),#1015,.T.);
#1376=ADVANCED_FACE('',(#1172),#1016,.F.);
#1377=ADVANCED_FACE('',(#1173),#1017,.F.);
#1378=ADVANCED_FACE('',(#1174),#1018,.F.);
#1379=ADVANCED_FACE('',(#1175),#1019,.F.);
#1380=ADVANCED_FACE('',(#1176),#1020,.F.);
#1381=ADVANCED_FACE('',(#1177),#1021,.T.);
#1382=ADVANCED_FACE('',(#1178),#1022,.F.);
#1383=ADVANCED_FACE('',(#1179),#1023,.F.);
#1384=ADVANCED_FACE('',(#1180),#1024,.F.);
#1385=ADVANCED_FACE('',(#1181),#1025,.F.);
#1386=ADVANCED_FACE('',(#1182),#1026,.F.);
#1387=ADVANCED_FACE('',(#1183),#1027,.F.);
#1388=ADVANCED_FACE('',(#1184),#1028,.F.);
#1389=ADVANCED_FACE('',(#1185),#1029,.F.);
#1390=ADVANCED_FACE('',(#1186),#1030,.F.);
#1391=ADVANCED_FACE('',(#1187),#1031,.F.);
#1392=ADVANCED_FACE('',(#1188),#1032,.F.);
#1393=ADVANCED_FACE('',(#1189),#23,.F.);
#1394=ADVANCED_FACE('',(#1190),#24,.F.);
#1395=ADVANCED_FACE('',(#1191),#1033,.F.);
#1396=ADVANCED_FACE('',(#1192),#1034,.F.);
#1397=ADVANCED_FACE('',(#1193),#1035,.T.);
#1398=ADVANCED_FACE('',(#1194),#1036,.F.);
#1399=ADVANCED_FACE('',(#1195),#1037,.F.);
#1400=ADVANCED_FACE('',(#1196),#1038,.F.);
#1401=ADVANCED_FACE('',(#1197),#1039,.F.);
#1402=ADVANCED_FACE('',(#1198),#1040,.F.);
#1403=ADVANCED_FACE('',(#1199),#1041,.F.);
#1404=ADVANCED_FACE('',(#1200),#1042,.F.);
#1405=ADVANCED_FACE('',(#1201),#1043,.F.);
#1406=ADVANCED_FACE('',(#1202),#1044,.F.);
#1407=ADVANCED_FACE('',(#1203),#1045,.F.);
#1408=ADVANCED_FACE('',(#1204),#1046,.F.);
#1409=ADVANCED_FACE('',(#1205),#1047,.F.);
#1410=ADVANCED_FACE('',(#1206),#1048,.F.);
#1411=ADVANCED_FACE('',(#1207),#1049,.T.);
#1412=ADVANCED_FACE('',(#1208),#1050,.F.);
#1413=ADVANCED_FACE('',(#1209),#1051,.F.);
#1414=ADVANCED_FACE('',(#1210),#25,.F.);
#1415=ADVANCED_FACE('',(#1211),#26,.F.);
#1416=ADVANCED_FACE('',(#1212),#27,.F.);
#1417=ADVANCED_FACE('',(#1213),#1052,.F.);
#1418=ADVANCED_FACE('',(#1214),#28,.F.);
#1419=ADVANCED_FACE('',(#1215),#1053,.F.);
#1420=ADVANCED_FACE('',(#1216),#1054,.F.);
#1421=ADVANCED_FACE('',(#1217),#1055,.T.);
#1422=ADVANCED_FACE('',(#1218),#1056,.F.);
#1423=ADVANCED_FACE('',(#1219),#1057,.F.);
#1424=ADVANCED_FACE('',(#1220),#1058,.F.);
#1425=ADVANCED_FACE('',(#1221),#29,.F.);
#1426=ADVANCED_FACE('',(#1222),#30,.F.);
#1427=ADVANCED_FACE('',(#1223),#31,.F.);
#1428=ADVANCED_FACE('',(#1224),#32,.F.);
#1429=ADVANCED_FACE('',(#1225),#1059,.F.);
#1430=ADVANCED_FACE('',(#1226),#33,.F.);
#1431=ADVANCED_FACE('',(#1227),#34,.F.);
#1432=ADVANCED_FACE('',(#1228),#35,.F.);
#1433=ADVANCED_FACE('',(#1229),#36,.F.);
#1434=ADVANCED_FACE('',(#1230),#1060,.F.);
#1435=ADVANCED_FACE('',(#1231),#1061,.F.);
#1436=ADVANCED_FACE('',(#1232),#1062,.T.);
#1437=ADVANCED_FACE('',(#1233),#1063,.F.);
#1438=ADVANCED_FACE('',(#1234),#37,.F.);
#1439=ADVANCED_FACE('',(#1235),#38,.F.);
#1440=ADVANCED_FACE('',(#1236),#39,.F.);
#1441=ADVANCED_FACE('',(#1237),#40,.F.);
#1442=ADVANCED_FACE('',(#1238),#41,.F.);
#1443=ADVANCED_FACE('',(#1239),#42,.F.);
#1444=ADVANCED_FACE('',(#1240),#43,.F.);
#1445=ADVANCED_FACE('',(#1241),#1064,.F.);
#1446=ADVANCED_FACE('',(#1242),#44,.F.);
#1447=ADVANCED_FACE('',(#1243),#45,.F.);
#1448=ADVANCED_FACE('',(#1244),#46,.F.);
#1449=ADVANCED_FACE('',(#1245),#47,.F.);
#1450=ADVANCED_FACE('',(#1246),#48,.F.);
#1451=ADVANCED_FACE('',(#1247),#49,.F.);
#1452=ADVANCED_FACE('',(#1248),#50,.F.);
#1453=ADVANCED_FACE('',(#1249),#1065,.F.);
#1454=ADVANCED_FACE('',(#1250),#51,.F.);
#1455=ADVANCED_FACE('',(#1251),#52,.F.);
#1456=ADVANCED_FACE('',(#1252),#53,.F.);
#1457=ADVANCED_FACE('',(#1253),#54,.F.);
#1458=ADVANCED_FACE('',(#1254),#55,.F.);
#1459=ADVANCED_FACE('',(#1255),#56,.F.);
#1460=ADVANCED_FACE('',(#1256),#57,.F.);
#1461=ADVANCED_FACE('',(#1257),#58,.F.);
#1462=ADVANCED_FACE('',(#1503,#1504),#1066,.F.);
#1463=ADVANCED_FACE('',(#1505,#1506),#1067,.T.);
#1464=ADVANCED_FACE('',(#1258),#1068,.F.);
#1465=ADVANCED_FACE('',(#1259),#1069,.F.);
#1466=ADVANCED_FACE('',(#1260),#1070,.F.);
#1467=ADVANCED_FACE('',(#1261),#1071,.F.);
#1468=ADVANCED_FACE('',(#1262),#1072,.F.);
#1469=ADVANCED_FACE('',(#1263),#1073,.T.);
#1470=ADVANCED_FACE('',(#1264),#59,.F.);
#1471=ADVANCED_FACE('',(#1265),#1074,.F.);
#1472=ADVANCED_FACE('',(#1266),#60,.F.);
#1473=ADVANCED_FACE('',(#1267),#61,.F.);
#1474=ADVANCED_FACE('',(#1268),#1075,.F.);
#1475=ADVANCED_FACE('',(#1269),#1076,.F.);
#1476=ADVANCED_FACE('',(#1270),#62,.F.);
#1477=ADVANCED_FACE('',(#1271),#63,.F.);
#1478=ADVANCED_FACE('',(#1272),#64,.F.);
#1479=ADVANCED_FACE('',(#1273),#65,.F.);
#1480=ADVANCED_FACE('',(#1274),#66,.F.);
#1481=ADVANCED_FACE('',(#1275),#67,.F.);
#1482=ADVANCED_FACE('',(#1507,#1508),#1077,.F.);
#1483=ADVANCED_FACE('',(#1509,#1510),#1078,.T.);
#1484=B_SPLINE_SURFACE_WITH_KNOTS('',1,3,((#4900,#4901,#4902,#4903,#4904,
#4905,#4906,#4907,#4908,#4909,#4910,#4911,#4912,#4913,#4914,#4915,#4916,
#4917,#4918,#4919,#4920,#4921,#4922,#4923,#4924,#4925,#4926,#4927,#4928,
#4929,#4930,#4931,#4932,#4933),(#4934,#4935,#4936,#4937,#4938,#4939,#4940,
#4941,#4942,#4943,#4944,#4945,#4946,#4947,#4948,#4949,#4950,#4951,#4952,
#4953,#4954,#4955,#4956,#4957,#4958,#4959,#4960,#4961,#4962,#4963,#4964,
#4965,#4966,#4967)),.UNSPECIFIED.,.F.,.T.,.F.,(2,2),(2,2,2,2,2,2,2,2,2,
2,2,2,2,2,2,2,2,2,2),(0.,1.),(-0.0625,0.,0.0625,0.125,0.1875,0.25,0.3125,
0.375,0.4375,0.5,0.5625,0.625,0.6875,0.75,0.8125,0.875,0.9375,1.,1.0625),
 .UNSPECIFIED.);
#1485=B_SPLINE_SURFACE_WITH_KNOTS('',1,3,((#5367,#5368,#5369,#5370,#5371,
#5372,#5373,#5374,#5375,#5376,#5377,#5378,#5379,#5380,#5381,#5382,#5383,
#5384,#5385,#5386,#5387,#5388,#5389,#5390,#5391,#5392,#5393,#5394,#5395,
#5396,#5397,#5398,#5399,#5400,#5401,#5402,#5403,#5404,#5405,#5406,#5407,
#5408,#5409,#5410,#5411,#5412,#5413,#5414,#5415,#5416,#5417,#5418,#5419,
#5420,#5421,#5422,#5423,#5424,#5425,#5426,#5427,#5428,#5429,#5430,#5431,
#5432,#5433,#5434,#5435,#5436,#5437,#5438,#5439,#5440,#5441,#5442,#5443,
#5444,#5445,#5446,#5447,#5448,#5449,#5450,#5451,#5452,#5453,#5454,#5455,
#5456,#5457,#5458,#5459,#5460,#5461,#5462,#5463,#5464,#5465,#5466,#5467,
#5468,#5469,#5470,#5471,#5472,#5473,#5474,#5475,#5476,#5477,#5478,#5479,
#5480,#5481,#5482,#5483,#5484,#5485,#5486,#5487,#5488,#5489,#5490,#5491,
#5492,#5493,#5494,#5495,#5496,#5497),(#5498,#5499,#5500,#5501,#5502,#5503,
#5504,#5505,#5506,#5507,#5508,#5509,#5510,#5511,#5512,#5513,#5514,#5515,
#5516,#5517,#5518,#5519,#5520,#5521,#5522,#5523,#5524,#5525,#5526,#5527,
#5528,#5529,#5530,#5531,#5532,#5533,#5534,#5535,#5536,#5537,#5538,#5539,
#5540,#5541,#5542,#5543,#5544,#5545,#5546,#5547,#5548,#5549,#5550,#5551,
#5552,#5553,#5554,#5555,#5556,#5557,#5558,#5559,#5560,#5561,#5562,#5563,
#5564,#5565,#5566,#5567,#5568,#5569,#5570,#5571,#5572,#5573,#5574,#5575,
#5576,#5577,#5578,#5579,#5580,#5581,#5582,#5583,#5584,#5585,#5586,#5587,
#5588,#5589,#5590,#5591,#5592,#5593,#5594,#5595,#5596,#5597,#5598,#5599,
#5600,#5601,#5602,#5603,#5604,#5605,#5606,#5607,#5608,#5609,#5610,#5611,
#5612,#5613,#5614,#5615,#5616,#5617,#5618,#5619,#5620,#5621,#5622,#5623,
#5624,#5625,#5626,#5627,#5628)),.UNSPECIFIED.,.F.,.F.,.F.,(2,2),(4,1,1,
1,1,1,1,1,1,1,1,1,1,1,1,1,1,1,1,1,1,1,1,1,1,1,1,1,1,1,1,1,1,1,1,1,1,1,1,
1,1,1,1,1,1,1,1,1,1,1,1,1,1,1,1,1,1,1,1,1,1,1,1,1,1,1,1,1,1,1,1,1,1,1,1,
1,1,1,1,1,1,1,1,1,1,1,1,1,1,1,1,1,1,1,1,1,1,1,1,1,1,1,1,1,1,1,1,1,1,1,1,
1,1,1,1,1,1,1,1,1,1,1,1,1,1,1,1,1,4),(0.,1.),(0.,0.0078125,0.015625,0.0234375,
0.03125,0.0390625,0.046875,0.0546875,0.0625,0.0703125,0.078125,0.0859375,
0.09375,0.1015625,0.109375,0.1171875,0.125,0.1328125,0.140625,0.1484375,
0.15625,0.1640625,0.171875,0.1796875,0.1875,0.1953125,0.203125,0.2109375,
0.21875,0.2265625,0.234375,0.2421875,0.25,0.2578125,0.265625,0.2734375,
0.28125,0.2890625,0.296875,0.3046875,0.3125,0.3203125,0.328125,0.3359375,
0.34375,0.3515625,0.359375,0.3671875,0.375,0.3828125,0.390625,0.3984375,
0.40625,0.4140625,0.421875,0.4296875,0.4375,0.4453125,0.453125,0.4609375,
0.46875,0.4765625,0.484375,0.4921875,0.5,0.5078125,0.515625,0.5234375,0.53125,
0.5390625,0.546875,0.5546875,0.5625,0.5703125,0.578125,0.5859375,0.59375,
0.6015625,0.609375,0.6171875,0.625,0.6328125,0.640625,0.6484375,0.65625,
0.6640625,0.671875,0.6796875,0.6875,0.6953125,0.703125,0.7109375,0.71875,
0.7265625,0.734375,0.7421875,0.75,0.7578125,0.765625,0.7734375,0.78125,
0.7890625,0.796875,0.8046875,0.8125,0.8203125,0.828125,0.8359375,0.84375,
0.8515625,0.859375,0.8671875,0.875,0.8828125,0.890625,0.8984375,0.90625,
0.9140625,0.921875,0.9296875,0.9375,0.9453125,0.953125,0.9609375,0.96875,
0.9765625,0.984375,0.9921875,1.),.UNSPECIFIED.);
#1486=B_SPLINE_SURFACE_WITH_KNOTS('',1,3,((#5772,#5773,#5774,#5775,#5776,
#5777,#5778,#5779,#5780,#5781,#5782,#5783,#5784,#5785,#5786,#5787,#5788,
#5789,#5790,#5791,#5792,#5793,#5794,#5795,#5796,#5797,#5798,#5799,#5800,
#5801,#5802,#5803,#5804,#5805,#5806,#5807,#5808,#5809,#5810,#5811,#5812,
#5813,#5814,#5815,#5816,#5817,#5818,#5819,#5820,#5821,#5822,#5823,#5824,
#5825,#5826,#5827,#5828,#5829,#5830,#5831,#5832,#5833,#5834,#5835,#5836,
#5837,#5838,#5839,#5840,#5841,#5842,#5843,#5844,#5845,#5846,#5847,#5848,
#5849,#5850,#5851,#5852,#5853,#5854,#5855,#5856,#5857,#5858,#5859,#5860,
#5861,#5862,#5863,#5864,#5865,#5866,#5867,#5868,#5869,#5870,#5871,#5872,
#5873,#5874,#5875,#5876,#5877,#5878,#5879,#5880,#5881,#5882,#5883,#5884,
#5885,#5886,#5887,#5888,#5889,#5890,#5891,#5892,#5893,#5894,#5895,#5896,
#5897,#5898,#5899,#5900,#5901,#5902),(#5903,#5904,#5905,#5906,#5907,#5908,
#5909,#5910,#5911,#5912,#5913,#5914,#5915,#5916,#5917,#5918,#5919,#5920,
#5921,#5922,#5923,#5924,#5925,#5926,#5927,#5928,#5929,#5930,#5931,#5932,
#5933,#5934,#5935,#5936,#5937,#5938,#5939,#5940,#5941,#5942,#5943,#5944,
#5945,#5946,#5947,#5948,#5949,#5950,#5951,#5952,#5953,#5954,#5955,#5956,
#5957,#5958,#5959,#5960,#5961,#5962,#5963,#5964,#5965,#5966,#5967,#5968,
#5969,#5970,#5971,#5972,#5973,#5974,#5975,#5976,#5977,#5978,#5979,#5980,
#5981,#5982,#5983,#5984,#5985,#5986,#5987,#5988,#5989,#5990,#5991,#5992,
#5993,#5994,#5995,#5996,#5997,#5998,#5999,#6000,#6001,#6002,#6003,#6004,
#6005,#6006,#6007,#6008,#6009,#6010,#6011,#6012,#6013,#6014,#6015,#6016,
#6017,#6018,#6019,#6020,#6021,#6022,#6023,#6024,#6025,#6026,#6027,#6028,
#6029,#6030,#6031,#6032,#6033)),.UNSPECIFIED.,.F.,.F.,.F.,(2,2),(4,1,1,
1,1,1,1,1,1,1,1,1,1,1,1,1,1,1,1,1,1,1,1,1,1,1,1,1,1,1,1,1,1,1,1,1,1,1,1,
1,1,1,1,1,1,1,1,1,1,1,1,1,1,1,1,1,1,1,1,1,1,1,1,1,1,1,1,1,1,1,1,1,1,1,1,
1,1,1,1,1,1,1,1,1,1,1,1,1,1,1,1,1,1,1,1,1,1,1,1,1,1,1,1,1,1,1,1,1,1,1,1,
1,1,1,1,1,1,1,1,1,1,1,1,1,1,1,1,1,4),(0.,1.),(0.,0.0078125,0.015625,0.0234375,
0.03125,0.0390625,0.046875,0.0546875,0.0625,0.0703125,0.078125,0.0859375,
0.09375,0.1015625,0.109375,0.1171875,0.125,0.1328125,0.140625,0.1484375,
0.15625,0.1640625,0.171875,0.1796875,0.1875,0.1953125,0.203125,0.2109375,
0.21875,0.2265625,0.234375,0.2421875,0.25,0.2578125,0.265625,0.2734375,
0.28125,0.2890625,0.296875,0.3046875,0.3125,0.3203125,0.328125,0.3359375,
0.34375,0.3515625,0.359375,0.3671875,0.375,0.3828125,0.390625,0.3984375,
0.40625,0.4140625,0.421875,0.4296875,0.4375,0.4453125,0.453125,0.4609375,
0.46875,0.4765625,0.484375,0.4921875,0.5,0.5078125,0.515625,0.5234375,0.53125,
0.5390625,0.546875,0.5546875,0.5625,0.5703125,0.578125,0.5859375,0.59375,
0.6015625,0.609375,0.6171875,0.625,0.6328125,0.640625,0.6484375,0.65625,
0.6640625,0.671875,0.6796875,0.6875,0.6953125,0.703125,0.7109375,0.71875,
0.7265625,0.734375,0.7421875,0.75,0.7578125,0.765625,0.7734375,0.78125,
0.7890625,0.796875,0.8046875,0.8125,0.8203125,0.828125,0.8359375,0.84375,
0.8515625,0.859375,0.8671875,0.875,0.8828125,0.890625,0.8984375,0.90625,
0.9140625,0.921875,0.9296875,0.9375,0.9453125,0.953125,0.9609375,0.96875,
0.9765625,0.984375,0.9921875,1.),.UNSPECIFIED.);
#1487=B_SPLINE_SURFACE_WITH_KNOTS('',1,3,((#6171,#6172,#6173,#6174,#6175,
#6176,#6177,#6178,#6179,#6180,#6181,#6182,#6183,#6184,#6185,#6186,#6187,
#6188,#6189,#6190,#6191,#6192,#6193,#6194,#6195,#6196,#6197,#6198,#6199,
#6200,#6201,#6202,#6203,#6204,#6205,#6206,#6207,#6208,#6209,#6210,#6211,
#6212,#6213,#6214,#6215,#6216,#6217,#6218,#6219,#6220,#6221,#6222,#6223,
#6224,#6225,#6226,#6227,#6228,#6229,#6230,#6231,#6232,#6233,#6234,#6235,
#6236,#6237,#6238,#6239,#6240,#6241,#6242,#6243,#6244,#6245,#6246,#6247,
#6248,#6249,#6250,#6251,#6252,#6253,#6254,#6255,#6256,#6257,#6258,#6259,
#6260,#6261,#6262,#6263,#6264,#6265,#6266,#6267,#6268,#6269,#6270,#6271,
#6272,#6273,#6274,#6275,#6276,#6277,#6278,#6279,#6280,#6281,#6282,#6283,
#6284,#6285,#6286,#6287,#6288,#6289,#6290,#6291,#6292,#6293,#6294,#6295,
#6296,#6297,#6298,#6299,#6300,#6301),(#6302,#6303,#6304,#6305,#6306,#6307,
#6308,#6309,#6310,#6311,#6312,#6313,#6314,#6315,#6316,#6317,#6318,#6319,
#6320,#6321,#6322,#6323,#6324,#6325,#6326,#6327,#6328,#6329,#6330,#6331,
#6332,#6333,#6334,#6335,#6336,#6337,#6338,#6339,#6340,#6341,#6342,#6343,
#6344,#6345,#6346,#6347,#6348,#6349,#6350,#6351,#6352,#6353,#6354,#6355,
#6356,#6357,#6358,#6359,#6360,#6361,#6362,#6363,#6364,#6365,#6366,#6367,
#6368,#6369,#6370,#6371,#6372,#6373,#6374,#6375,#6376,#6377,#6378,#6379,
#6380,#6381,#6382,#6383,#6384,#6385,#6386,#6387,#6388,#6389,#6390,#6391,
#6392,#6393,#6394,#6395,#6396,#6397,#6398,#6399,#6400,#6401,#6402,#6403,
#6404,#6405,#6406,#6407,#6408,#6409,#6410,#6411,#6412,#6413,#6414,#6415,
#6416,#6417,#6418,#6419,#6420,#6421,#6422,#6423,#6424,#6425,#6426,#6427,
#6428,#6429,#6430,#6431,#6432)),.UNSPECIFIED.,.F.,.F.,.F.,(2,2),(4,1,1,
1,1,1,1,1,1,1,1,1,1,1,1,1,1,1,1,1,1,1,1,1,1,1,1,1,1,1,1,1,1,1,1,1,1,1,1,
1,1,1,1,1,1,1,1,1,1,1,1,1,1,1,1,1,1,1,1,1,1,1,1,1,1,1,1,1,1,1,1,1,1,1,1,
1,1,1,1,1,1,1,1,1,1,1,1,1,1,1,1,1,1,1,1,1,1,1,1,1,1,1,1,1,1,1,1,1,1,1,1,
1,1,1,1,1,1,1,1,1,1,1,1,1,1,1,1,1,4),(0.,1.),(0.,0.0078125,0.015625,0.0234375,
0.03125,0.0390625,0.046875,0.0546875,0.0625,0.0703125,0.078125,0.0859375,
0.09375,0.1015625,0.109375,0.1171875,0.125,0.1328125,0.140625,0.1484375,
0.15625,0.1640625,0.171875,0.1796875,0.1875,0.1953125,0.203125,0.2109375,
0.21875,0.2265625,0.234375,0.2421875,0.25,0.2578125,0.265625,0.2734375,
0.28125,0.2890625,0.296875,0.3046875,0.3125,0.3203125,0.328125,0.3359375,
0.34375,0.3515625,0.359375,0.3671875,0.375,0.3828125,0.390625,0.3984375,
0.40625,0.4140625,0.421875,0.4296875,0.4375,0.4453125,0.453125,0.4609375,
0.46875,0.4765625,0.484375,0.4921875,0.5,0.5078125,0.515625,0.5234375,0.53125,
0.5390625,0.546875,0.5546875,0.5625,0.5703125,0.578125,0.5859375,0.59375,
0.6015625,0.609375,0.6171875,0.625,0.6328125,0.640625,0.6484375,0.65625,
0.6640625,0.671875,0.6796875,0.6875,0.6953125,0.703125,0.7109375,0.71875,
0.7265625,0.734375,0.7421875,0.75,0.7578125,0.765625,0.7734375,0.78125,
0.7890625,0.796875,0.8046875,0.8125,0.8203125,0.828125,0.8359375,0.84375,
0.8515625,0.859375,0.8671875,0.875,0.8828125,0.890625,0.8984375,0.90625,
0.9140625,0.921875,0.9296875,0.9375,0.9453125,0.953125,0.9609375,0.96875,
0.9765625,0.984375,0.9921875,1.),.UNSPECIFIED.);
#1488=B_SPLINE_SURFACE_WITH_KNOTS('',1,3,((#6433,#6434,#6435,#6436,#6437,
#6438,#6439,#6440,#6441,#6442,#6443,#6444,#6445,#6446,#6447,#6448,#6449,
#6450,#6451,#6452,#6453,#6454,#6455,#6456,#6457,#6458,#6459,#6460,#6461,
#6462,#6463,#6464,#6465,#6466,#6467,#6468,#6469,#6470,#6471,#6472,#6473,
#6474,#6475,#6476,#6477,#6478,#6479,#6480,#6481,#6482,#6483,#6484,#6485,
#6486,#6487,#6488,#6489,#6490,#6491,#6492,#6493,#6494,#6495,#6496,#6497,
#6498,#6499,#6500,#6501,#6502,#6503,#6504,#6505,#6506,#6507,#6508,#6509,
#6510,#6511,#6512,#6513,#6514,#6515,#6516,#6517,#6518,#6519,#6520,#6521,
#6522,#6523,#6524,#6525,#6526,#6527,#6528,#6529,#6530,#6531,#6532,#6533,
#6534,#6535,#6536,#6537,#6538,#6539,#6540,#6541,#6542,#6543,#6544,#6545,
#6546,#6547,#6548,#6549,#6550,#6551,#6552,#6553,#6554,#6555,#6556,#6557,
#6558,#6559,#6560,#6561,#6562,#6563),(#6564,#6565,#6566,#6567,#6568,#6569,
#6570,#6571,#6572,#6573,#6574,#6575,#6576,#6577,#6578,#6579,#6580,#6581,
#6582,#6583,#6584,#6585,#6586,#6587,#6588,#6589,#6590,#6591,#6592,#6593,
#6594,#6595,#6596,#6597,#6598,#6599,#6600,#6601,#6602,#6603,#6604,#6605,
#6606,#6607,#6608,#6609,#6610,#6611,#6612,#6613,#6614,#6615,#6616,#6617,
#6618,#6619,#6620,#6621,#6622,#6623,#6624,#6625,#6626,#6627,#6628,#6629,
#6630,#6631,#6632,#6633,#6634,#6635,#6636,#6637,#6638,#6639,#6640,#6641,
#6642,#6643,#6644,#6645,#6646,#6647,#6648,#6649,#6650,#6651,#6652,#6653,
#6654,#6655,#6656,#6657,#6658,#6659,#6660,#6661,#6662,#6663,#6664,#6665,
#6666,#6667,#6668,#6669,#6670,#6671,#6672,#6673,#6674,#6675,#6676,#6677,
#6678,#6679,#6680,#6681,#6682,#6683,#6684,#6685,#6686,#6687,#6688,#6689,
#6690,#6691,#6692,#6693,#6694)),.UNSPECIFIED.,.F.,.F.,.F.,(2,2),(4,1,1,
1,1,1,1,1,1,1,1,1,1,1,1,1,1,1,1,1,1,1,1,1,1,1,1,1,1,1,1,1,1,1,1,1,1,1,1,
1,1,1,1,1,1,1,1,1,1,1,1,1,1,1,1,1,1,1,1,1,1,1,1,1,1,1,1,1,1,1,1,1,1,1,1,
1,1,1,1,1,1,1,1,1,1,1,1,1,1,1,1,1,1,1,1,1,1,1,1,1,1,1,1,1,1,1,1,1,1,1,1,
1,1,1,1,1,1,1,1,1,1,1,1,1,1,1,1,1,4),(0.,1.),(0.,0.0078125,0.015625,0.0234375,
0.03125,0.0390625,0.046875,0.0546875,0.0625,0.0703125,0.078125,0.0859375,
0.09375,0.1015625,0.109375,0.1171875,0.125,0.1328125,0.140625,0.1484375,
0.15625,0.1640625,0.171875,0.1796875,0.1875,0.1953125,0.203125,0.2109375,
0.21875,0.2265625,0.234375,0.2421875,0.25,0.2578125,0.265625,0.2734375,
0.28125,0.2890625,0.296875,0.3046875,0.3125,0.3203125,0.328125,0.3359375,
0.34375,0.3515625,0.359375,0.3671875,0.375,0.3828125,0.390625,0.3984375,
0.40625,0.4140625,0.421875,0.4296875,0.4375,0.4453125,0.453125,0.4609375,
0.46875,0.4765625,0.484375,0.4921875,0.5,0.5078125,0.515625,0.5234375,0.53125,
0.5390625,0.546875,0.5546875,0.5625,0.5703125,0.578125,0.5859375,0.59375,
0.6015625,0.609375,0.6171875,0.625,0.6328125,0.640625,0.6484375,0.65625,
0.6640625,0.671875,0.6796875,0.6875,0.6953125,0.703125,0.7109375,0.71875,
0.7265625,0.734375,0.7421875,0.75,0.7578125,0.765625,0.7734375,0.78125,
0.7890625,0.796875,0.8046875,0.8125,0.8203125,0.828125,0.8359375,0.84375,
0.8515625,0.859375,0.8671875,0.875,0.8828125,0.890625,0.8984375,0.90625,
0.9140625,0.921875,0.9296875,0.9375,0.9453125,0.953125,0.9609375,0.96875,
0.9765625,0.984375,0.9921875,1.),.UNSPECIFIED.);
#1489=FACE_BOUND('',#1511,.T.);
#1490=FACE_BOUND('',#1512,.T.);
#1491=FACE_BOUND('',#1534,.T.);
#1492=FACE_BOUND('',#1535,.T.);
#1493=FACE_BOUND('',#1536,.T.);
#1494=FACE_BOUND('',#1537,.T.);
#1495=FACE_BOUND('',#1538,.T.);
#1496=FACE_BOUND('',#1539,.T.);
#1497=FACE_BOUND('',#1582,.T.);
#1498=FACE_BOUND('',#1583,.T.);
#1499=FACE_BOUND('',#1613,.T.);
#1500=FACE_BOUND('',#1614,.T.);
#1501=FACE_BOUND('',#1615,.T.);
#1502=FACE_BOUND('',#1616,.T.);
#1503=FACE_BOUND('',#1704,.T.);
#1504=FACE_BOUND('',#1705,.T.);
#1505=FACE_BOUND('',#1706,.T.);
#1506=FACE_BOUND('',#1707,.T.);
#1507=FACE_BOUND('',#1726,.T.);
#1508=FACE_BOUND('',#1727,.T.);
#1509=FACE_BOUND('',#1728,.T.);
#1510=FACE_BOUND('',#1729,.T.);
#1511=EDGE_LOOP('',(#1730));
#1512=EDGE_LOOP('',(#1731));
#1513=EDGE_LOOP('',(#1732));
#1514=EDGE_LOOP('',(#1733,#1734,#1735,#1736));
#1515=EDGE_LOOP('',(#1737,#1738,#1739,#1740));
#1516=EDGE_LOOP('',(#1741,#1742,#1743,#1744));
#1517=EDGE_LOOP('',(#1745,#1746,#1747,#1748));
#1518=EDGE_LOOP('',(#1749,#1750,#1751,#1752));
#1519=EDGE_LOOP('',(#1753,#1754,#1755,#1756));
#1520=EDGE_LOOP('',(#1757,#1758,#1759,#1760));
#1521=EDGE_LOOP('',(#1761,#1762,#1763,#1764));
#1522=EDGE_LOOP('',(#1765,#1766,#1767,#1768));
#1523=EDGE_LOOP('',(#1769,#1770,#1771,#1772));
#1524=EDGE_LOOP('',(#1773,#1774,#1775,#1776));
#1525=EDGE_LOOP('',(#1777,#1778,#1779,#1780));
#1526=EDGE_LOOP('',(#1781,#1782,#1783,#1784));
#1527=EDGE_LOOP('',(#1785,#1786,#1787,#1788));
#1528=EDGE_LOOP('',(#1789,#1790,#1791,#1792));
#1529=EDGE_LOOP('',(#1793,#1794,#1795,#1796));
#1530=EDGE_LOOP('',(#1797,#1798,#1799,#1800));
#1531=EDGE_LOOP('',(#1801,#1802,#1803,#1804));
#1532=EDGE_LOOP('',(#1805,#1806,#1807,#1808));
#1533=EDGE_LOOP('',(#1809,#1810,#1811,#1812));
#1534=EDGE_LOOP('',(#1813));
#1535=EDGE_LOOP('',(#1814,#1815,#1816,#1817,#1818,#1819,#1820,#1821,#1822,
#1823,#1824,#1825,#1826,#1827,#1828,#1829,#1830,#1831,#1832,#1833));
#1536=EDGE_LOOP('',(#1834));
#1537=EDGE_LOOP('',(#1835,#1836,#1837,#1838,#1839,#1840,#1841,#1842,#1843,
#1844,#1845,#1846,#1847,#1848,#1849,#1850,#1851,#1852,#1853,#1854));
#1538=EDGE_LOOP('',(#1855));
#1539=EDGE_LOOP('',(#1856));
#1540=EDGE_LOOP('',(#1857));
#1541=EDGE_LOOP('',(#1858,#1859,#1860,#1861));
#1542=EDGE_LOOP('',(#1862,#1863,#1864,#1865));
#1543=EDGE_LOOP('',(#1866,#1867,#1868,#1869));
#1544=EDGE_LOOP('',(#1870,#1871,#1872,#1873));
#1545=EDGE_LOOP('',(#1874,#1875,#1876,#1877));
#1546=EDGE_LOOP('',(#1878,#1879,#1880,#1881));
#1547=EDGE_LOOP('',(#1882,#1883,#1884,#1885));
#1548=EDGE_LOOP('',(#1886,#1887,#1888,#1889));
#1549=EDGE_LOOP('',(#1890,#1891,#1892,#1893));
#1550=EDGE_LOOP('',(#1894,#1895,#1896,#1897));
#1551=EDGE_LOOP('',(#1898,#1899,#1900,#1901));
#1552=EDGE_LOOP('',(#1902,#1903,#1904,#1905));
#1553=EDGE_LOOP('',(#1906,#1907,#1908,#1909,#1910,#1911,#1912,#1913,#1914,
#1915,#1916,#1917,#1918,#1919,#1920,#1921));
#1554=EDGE_LOOP('',(#1922,#1923,#1924,#1925));
#1555=EDGE_LOOP('',(#1926,#1927,#1928,#1929,#1930,#1931,#1932,#1933,#1934,
#1935,#1936,#1937,#1938,#1939,#1940,#1941));
#1556=EDGE_LOOP('',(#1942,#1943,#1944,#1945));
#1557=EDGE_LOOP('',(#1946,#1947,#1948,#1949));
#1558=EDGE_LOOP('',(#1950,#1951,#1952,#1953));
#1559=EDGE_LOOP('',(#1954,#1955,#1956,#1957));
#1560=EDGE_LOOP('',(#1958,#1959,#1960,#1961));
#1561=EDGE_LOOP('',(#1962,#1963,#1964,#1965));
#1562=EDGE_LOOP('',(#1966,#1967,#1968,#1969));
#1563=EDGE_LOOP('',(#1970,#1971,#1972,#1973));
#1564=EDGE_LOOP('',(#1974,#1975,#1976,#1977));
#1565=EDGE_LOOP('',(#1978,#1979,#1980,#1981));
#1566=EDGE_LOOP('',(#1982,#1983,#1984,#1985));
#1567=EDGE_LOOP('',(#1986,#1987,#1988,#1989));
#1568=EDGE_LOOP('',(#1990,#1991,#1992,#1993));
#1569=EDGE_LOOP('',(#1994,#1995,#1996,#1997));
#1570=EDGE_LOOP('',(#1998,#1999,#2000,#2001));
#1571=EDGE_LOOP('',(#2002,#2003,#2004,#2005));
#1572=EDGE_LOOP('',(#2006,#2007,#2008,#2009,#2010,#2011,#2012,#2013,#2014,
#2015,#2016,#2017,#2018,#2019,#2020));
#1573=EDGE_LOOP('',(#2021,#2022,#2023,#2024));
#1574=EDGE_LOOP('',(#2025,#2026,#2027,#2028,#2029,#2030,#2031,#2032,#2033,
#2034,#2035,#2036,#2037,#2038,#2039));
#1575=EDGE_LOOP('',(#2040,#2041,#2042,#2043));
#1576=EDGE_LOOP('',(#2044,#2045,#2046,#2047));
#1577=EDGE_LOOP('',(#2048,#2049,#2050,#2051));
#1578=EDGE_LOOP('',(#2052,#2053,#2054,#2055));
#1579=EDGE_LOOP('',(#2056,#2057,#2058,#2059));
#1580=EDGE_LOOP('',(#2060,#2061,#2062,#2063));
#1581=EDGE_LOOP('',(#2064,#2065,#2066,#2067));
#1582=EDGE_LOOP('',(#2068,#2069,#2070,#2071,#2072,#2073,#2074,#2075,#2076,
#2077,#2078,#2079,#2080,#2081,#2082,#2083,#2084,#2085,#2086,#2087));
#1583=EDGE_LOOP('',(#2088,#2089,#2090,#2091,#2092,#2093,#2094,#2095));
#1584=EDGE_LOOP('',(#2096,#2097,#2098,#2099,#2100,#2101,#2102,#2103));
#1585=EDGE_LOOP('',(#2104,#2105,#2106,#2107));
#1586=EDGE_LOOP('',(#2108,#2109,#2110,#2111));
#1587=EDGE_LOOP('',(#2112,#2113,#2114,#2115));
#1588=EDGE_LOOP('',(#2116,#2117,#2118,#2119));
#1589=EDGE_LOOP('',(#2120,#2121,#2122,#2123));
#1590=EDGE_LOOP('',(#2124,#2125,#2126,#2127));
#1591=EDGE_LOOP('',(#2128,#2129,#2130,#2131));
#1592=EDGE_LOOP('',(#2132,#2133,#2134,#2135));
#1593=EDGE_LOOP('',(#2136,#2137,#2138,#2139));
#1594=EDGE_LOOP('',(#2140,#2141,#2142,#2143));
#1595=EDGE_LOOP('',(#2144,#2145,#2146,#2147));
#1596=EDGE_LOOP('',(#2148,#2149,#2150,#2151));
#1597=EDGE_LOOP('',(#2152,#2153,#2154,#2155));
#1598=EDGE_LOOP('',(#2156,#2157,#2158,#2159));
#1599=EDGE_LOOP('',(#2160,#2161,#2162,#2163));
#1600=EDGE_LOOP('',(#2164,#2165,#2166,#2167));
#1601=EDGE_LOOP('',(#2168,#2169,#2170,#2171));
#1602=EDGE_LOOP('',(#2172,#2173,#2174,#2175));
#1603=EDGE_LOOP('',(#2176,#2177,#2178,#2179));
#1604=EDGE_LOOP('',(#2180,#2181,#2182,#2183));
#1605=EDGE_LOOP('',(#2184,#2185,#2186,#2187));
#1606=EDGE_LOOP('',(#2188,#2189,#2190,#2191));
#1607=EDGE_LOOP('',(#2192,#2193,#2194,#2195));
#1608=EDGE_LOOP('',(#2196,#2197,#2198,#2199));
#1609=EDGE_LOOP('',(#2200,#2201,#2202,#2203));
#1610=EDGE_LOOP('',(#2204,#2205,#2206,#2207));
#1611=EDGE_LOOP('',(#2208,#2209,#2210,#2211));
#1612=EDGE_LOOP('',(#2212,#2213,#2214,#2215));
#1613=EDGE_LOOP('',(#2216));
#1614=EDGE_LOOP('',(#2217,#2218,#2219,#2220,#2221,#2222,#2223,#2224,#2225,
#2226,#2227,#2228,#2229,#2230,#2231,#2232,#2233,#2234,#2235,#2236));
#1615=EDGE_LOOP('',(#2237));
#1616=EDGE_LOOP('',(#2238));
#1617=EDGE_LOOP('',(#2239));
#1618=EDGE_LOOP('',(#2240,#2241,#2242,#2243));
#1619=EDGE_LOOP('',(#2244,#2245,#2246,#2247));
#1620=EDGE_LOOP('',(#2248,#2249,#2250,#2251));
#1621=EDGE_LOOP('',(#2252,#2253,#2254,#2255));
#1622=EDGE_LOOP('',(#2256,#2257,#2258,#2259));
#1623=EDGE_LOOP('',(#2260,#2261,#2262,#2263));
#1624=EDGE_LOOP('',(#2264,#2265,#2266,#2267));
#1625=EDGE_LOOP('',(#2268,#2269,#2270,#2271));
#1626=EDGE_LOOP('',(#2272,#2273,#2274,#2275));
#1627=EDGE_LOOP('',(#2276,#2277,#2278,#2279));
#1628=EDGE_LOOP('',(#2280,#2281,#2282,#2283));
#1629=EDGE_LOOP('',(#2284,#2285,#2286,#2287));
#1630=EDGE_LOOP('',(#2288,#2289,#2290,#2291));
#1631=EDGE_LOOP('',(#2292,#2293,#2294,#2295));
#1632=EDGE_LOOP('',(#2296,#2297,#2298,#2299));
#1633=EDGE_LOOP('',(#2300,#2301,#2302,#2303));
#1634=EDGE_LOOP('',(#2304,#2305,#2306,#2307));
#1635=EDGE_LOOP('',(#2308,#2309,#2310,#2311));
#1636=EDGE_LOOP('',(#2312,#2313,#2314,#2315));
#1637=EDGE_LOOP('',(#2316,#2317,#2318,#2319));
#1638=EDGE_LOOP('',(#2320,#2321,#2322,#2323,#2324,#2325,#2326,#2327,#2328,
#2329,#2330,#2331,#2332,#2333));
#1639=EDGE_LOOP('',(#2334,#2335,#2336,#2337,#2338,#2339,#2340,#2341,#2342,
#2343,#2344,#2345,#2346,#2347));
#1640=EDGE_LOOP('',(#2348,#2349,#2350,#2351));
#1641=EDGE_LOOP('',(#2352,#2353,#2354,#2355));
#1642=EDGE_LOOP('',(#2356,#2357,#2358,#2359));
#1643=EDGE_LOOP('',(#2360,#2361,#2362,#2363));
#1644=EDGE_LOOP('',(#2364,#2365,#2366,#2367));
#1645=EDGE_LOOP('',(#2368,#2369,#2370,#2371));
#1646=EDGE_LOOP('',(#2372,#2373,#2374,#2375));
#1647=EDGE_LOOP('',(#2376,#2377,#2378,#2379));
#1648=EDGE_LOOP('',(#2380,#2381,#2382,#2383));
#1649=EDGE_LOOP('',(#2384,#2385,#2386,#2387));
#1650=EDGE_LOOP('',(#2388,#2389,#2390,#2391));
#1651=EDGE_LOOP('',(#2392,#2393,#2394,#2395));
#1652=EDGE_LOOP('',(#2396,#2397,#2398,#2399,#2400,#2401,#2402,#2403,#2404,
#2405,#2406,#2407));
#1653=EDGE_LOOP('',(#2408,#2409,#2410,#2411,#2412,#2413,#2414,#2415,#2416,
#2417,#2418,#2419));
#1654=EDGE_LOOP('',(#2420,#2421,#2422,#2423));
#1655=EDGE_LOOP('',(#2424,#2425,#2426,#2427));
#1656=EDGE_LOOP('',(#2428,#2429,#2430,#2431));
#1657=EDGE_LOOP('',(#2432,#2433,#2434,#2435));
#1658=EDGE_LOOP('',(#2436,#2437,#2438,#2439));
#1659=EDGE_LOOP('',(#2440,#2441,#2442,#2443));
#1660=EDGE_LOOP('',(#2444,#2445,#2446,#2447));
#1661=EDGE_LOOP('',(#2448,#2449,#2450,#2451));
#1662=EDGE_LOOP('',(#2452,#2453,#2454,#2455));
#1663=EDGE_LOOP('',(#2456,#2457,#2458,#2459,#2460,#2461,#2462,#2463,#2464));
#1664=EDGE_LOOP('',(#2465,#2466,#2467,#2468,#2469,#2470,#2471,#2472,#2473));
#1665=EDGE_LOOP('',(#2474,#2475,#2476,#2477));
#1666=EDGE_LOOP('',(#2478,#2479,#2480,#2481));
#1667=EDGE_LOOP('',(#2482,#2483,#2484,#2485));
#1668=EDGE_LOOP('',(#2486,#2487,#2488,#2489));
#1669=EDGE_LOOP('',(#2490,#2491,#2492,#2493));
#1670=EDGE_LOOP('',(#2494,#2495,#2496,#2497));
#1671=EDGE_LOOP('',(#2498,#2499,#2500,#2501));
#1672=EDGE_LOOP('',(#2502,#2503,#2504,#2505));
#1673=EDGE_LOOP('',(#2506,#2507,#2508,#2509));
#1674=EDGE_LOOP('',(#2510,#2511,#2512,#2513));
#1675=EDGE_LOOP('',(#2514,#2515,#2516,#2517));
#1676=EDGE_LOOP('',(#2518,#2519,#2520,#2521));
#1677=EDGE_LOOP('',(#2522,#2523,#2524,#2525));
#1678=EDGE_LOOP('',(#2526,#2527,#2528,#2529,#2530,#2531,#2532,#2533,#2534,
#2535,#2536,#2537,#2538));
#1679=EDGE_LOOP('',(#2539,#2540,#2541,#2542,#2543,#2544,#2545,#2546,#2547,
#2548,#2549,#2550,#2551));
#1680=EDGE_LOOP('',(#2552,#2553,#2554,#2555));
#1681=EDGE_LOOP('',(#2556,#2557,#2558,#2559));
#1682=EDGE_LOOP('',(#2560,#2561,#2562,#2563));
#1683=EDGE_LOOP('',(#2564,#2565,#2566,#2567));
#1684=EDGE_LOOP('',(#2568,#2569,#2570,#2571));
#1685=EDGE_LOOP('',(#2572,#2573,#2574,#2575));
#1686=EDGE_LOOP('',(#2576,#2577,#2578,#2579));
#1687=EDGE_LOOP('',(#2580,#2581,#2582,#2583));
#1688=EDGE_LOOP('',(#2584,#2585,#2586,#2587));
#1689=EDGE_LOOP('',(#2588,#2589,#2590,#2591));
#1690=EDGE_LOOP('',(#2592,#2593,#2594,#2595));
#1691=EDGE_LOOP('',(#2596,#2597,#2598,#2599));
#1692=EDGE_LOOP('',(#2600,#2601,#2602,#2603));
#1693=EDGE_LOOP('',(#2604,#2605,#2606,#2607));
#1694=EDGE_LOOP('',(#2608,#2609,#2610,#2611));
#1695=EDGE_LOOP('',(#2612,#2613,#2614,#2615));
#1696=EDGE_LOOP('',(#2616,#2617,#2618,#2619));
#1697=EDGE_LOOP('',(#2620,#2621,#2622,#2623));
#1698=EDGE_LOOP('',(#2624,#2625,#2626,#2627));
#1699=EDGE_LOOP('',(#2628,#2629,#2630,#2631));
#1700=EDGE_LOOP('',(#2632,#2633,#2634,#2635));
#1701=EDGE_LOOP('',(#2636,#2637,#2638,#2639));
#1702=EDGE_LOOP('',(#2640,#2641,#2642,#2643));
#1703=EDGE_LOOP('',(#2644,#2645,#2646,#2647));
#1704=EDGE_LOOP('',(#2648,#2649,#2650,#2651,#2652,#2653,#2654,#2655,#2656,
#2657,#2658,#2659,#2660,#2661,#2662,#2663,#2664,#2665));
#1705=EDGE_LOOP('',(#2666,#2667,#2668,#2669,#2670,#2671));
#1706=EDGE_LOOP('',(#2672,#2673,#2674,#2675,#2676,#2677,#2678,#2679,#2680,
#2681,#2682,#2683,#2684,#2685,#2686,#2687,#2688,#2689));
#1707=EDGE_LOOP('',(#2690,#2691,#2692,#2693,#2694,#2695));
#1708=EDGE_LOOP('',(#2696,#2697,#2698,#2699));
#1709=EDGE_LOOP('',(#2700,#2701,#2702,#2703));
#1710=EDGE_LOOP('',(#2704,#2705,#2706,#2707));
#1711=EDGE_LOOP('',(#2708,#2709,#2710,#2711));
#1712=EDGE_LOOP('',(#2712,#2713,#2714,#2715));
#1713=EDGE_LOOP('',(#2716,#2717,#2718,#2719));
#1714=EDGE_LOOP('',(#2720,#2721,#2722,#2723));
#1715=EDGE_LOOP('',(#2724,#2725,#2726,#2727));
#1716=EDGE_LOOP('',(#2728,#2729,#2730,#2731));
#1717=EDGE_LOOP('',(#2732,#2733,#2734,#2735));
#1718=EDGE_LOOP('',(#2736,#2737,#2738,#2739));
#1719=EDGE_LOOP('',(#2740,#2741,#2742,#2743));
#1720=EDGE_LOOP('',(#2744,#2745,#2746,#2747));
#1721=EDGE_LOOP('',(#2748,#2749,#2750,#2751));
#1722=EDGE_LOOP('',(#2752,#2753,#2754,#2755));
#1723=EDGE_LOOP('',(#2756,#2757,#2758,#2759));
#1724=EDGE_LOOP('',(#2760,#2761,#2762,#2763));
#1725=EDGE_LOOP('',(#2764,#2765,#2766,#2767));
#1726=EDGE_LOOP('',(#2768,#2769,#2770,#2771,#2772,#2773,#2774,#2775,#2776,
#2777));
#1727=EDGE_LOOP('',(#2778,#2779));
#1728=EDGE_LOOP('',(#2780,#2781,#2782,#2783,#2784,#2785,#2786,#2787,#2788,
#2789));
#1729=EDGE_LOOP('',(#2790,#2791));
#1730=ORIENTED_EDGE('',*,*,#3148,.F.);
#1731=ORIENTED_EDGE('',*,*,#3149,.F.);
#1732=ORIENTED_EDGE('',*,*,#3148,.T.);
#1733=ORIENTED_EDGE('',*,*,#3150,.F.);
#1734=ORIENTED_EDGE('',*,*,#3151,.F.);
#1735=ORIENTED_EDGE('',*,*,#3152,.T.);
#1736=ORIENTED_EDGE('',*,*,#3153,.T.);
#1737=ORIENTED_EDGE('',*,*,#3154,.F.);
#1738=ORIENTED_EDGE('',*,*,#3153,.F.);
#1739=ORIENTED_EDGE('',*,*,#3155,.T.);
#1740=ORIENTED_EDGE('',*,*,#3156,.T.);
#1741=ORIENTED_EDGE('',*,*,#3157,.F.);
#1742=ORIENTED_EDGE('',*,*,#3156,.F.);
#1743=ORIENTED_EDGE('',*,*,#3158,.T.);
#1744=ORIENTED_EDGE('',*,*,#3159,.T.);
#1745=ORIENTED_EDGE('',*,*,#3160,.F.);
#1746=ORIENTED_EDGE('',*,*,#3159,.F.);
#1747=ORIENTED_EDGE('',*,*,#3161,.T.);
#1748=ORIENTED_EDGE('',*,*,#3162,.T.);
#1749=ORIENTED_EDGE('',*,*,#3163,.F.);
#1750=ORIENTED_EDGE('',*,*,#3162,.F.);
#1751=ORIENTED_EDGE('',*,*,#3164,.T.);
#1752=ORIENTED_EDGE('',*,*,#3165,.T.);
#1753=ORIENTED_EDGE('',*,*,#3166,.F.);
#1754=ORIENTED_EDGE('',*,*,#3165,.F.);
#1755=ORIENTED_EDGE('',*,*,#3167,.T.);
#1756=ORIENTED_EDGE('',*,*,#3168,.T.);
#1757=ORIENTED_EDGE('',*,*,#3169,.F.);
#1758=ORIENTED_EDGE('',*,*,#3168,.F.);
#1759=ORIENTED_EDGE('',*,*,#3170,.T.);
#1760=ORIENTED_EDGE('',*,*,#3171,.T.);
#1761=ORIENTED_EDGE('',*,*,#3172,.F.);
#1762=ORIENTED_EDGE('',*,*,#3171,.F.);
#1763=ORIENTED_EDGE('',*,*,#3173,.T.);
#1764=ORIENTED_EDGE('',*,*,#3174,.T.);
#1765=ORIENTED_EDGE('',*,*,#3175,.F.);
#1766=ORIENTED_EDGE('',*,*,#3174,.F.);
#1767=ORIENTED_EDGE('',*,*,#3176,.T.);
#1768=ORIENTED_EDGE('',*,*,#3177,.T.);
#1769=ORIENTED_EDGE('',*,*,#3178,.F.);
#1770=ORIENTED_EDGE('',*,*,#3177,.F.);
#1771=ORIENTED_EDGE('',*,*,#3179,.T.);
#1772=ORIENTED_EDGE('',*,*,#3180,.T.);
#1773=ORIENTED_EDGE('',*,*,#3181,.F.);
#1774=ORIENTED_EDGE('',*,*,#3180,.F.);
#1775=ORIENTED_EDGE('',*,*,#3182,.T.);
#1776=ORIENTED_EDGE('',*,*,#3183,.T.);
#1777=ORIENTED_EDGE('',*,*,#3184,.F.);
#1778=ORIENTED_EDGE('',*,*,#3183,.F.);
#1779=ORIENTED_EDGE('',*,*,#3185,.T.);
#1780=ORIENTED_EDGE('',*,*,#3186,.T.);
#1781=ORIENTED_EDGE('',*,*,#3187,.F.);
#1782=ORIENTED_EDGE('',*,*,#3186,.F.);
#1783=ORIENTED_EDGE('',*,*,#3188,.T.);
#1784=ORIENTED_EDGE('',*,*,#3189,.T.);
#1785=ORIENTED_EDGE('',*,*,#3190,.F.);
#1786=ORIENTED_EDGE('',*,*,#3189,.F.);
#1787=ORIENTED_EDGE('',*,*,#3191,.T.);
#1788=ORIENTED_EDGE('',*,*,#3192,.T.);
#1789=ORIENTED_EDGE('',*,*,#3193,.F.);
#1790=ORIENTED_EDGE('',*,*,#3192,.F.);
#1791=ORIENTED_EDGE('',*,*,#3194,.T.);
#1792=ORIENTED_EDGE('',*,*,#3195,.T.);
#1793=ORIENTED_EDGE('',*,*,#3196,.F.);
#1794=ORIENTED_EDGE('',*,*,#3195,.F.);
#1795=ORIENTED_EDGE('',*,*,#3197,.T.);
#1796=ORIENTED_EDGE('',*,*,#3198,.T.);
#1797=ORIENTED_EDGE('',*,*,#3199,.F.);
#1798=ORIENTED_EDGE('',*,*,#3198,.F.);
#1799=ORIENTED_EDGE('',*,*,#3200,.T.);
#1800=ORIENTED_EDGE('',*,*,#3201,.T.);
#1801=ORIENTED_EDGE('',*,*,#3202,.F.);
#1802=ORIENTED_EDGE('',*,*,#3201,.F.);
#1803=ORIENTED_EDGE('',*,*,#3203,.T.);
#1804=ORIENTED_EDGE('',*,*,#3204,.T.);
#1805=ORIENTED_EDGE('',*,*,#3205,.F.);
#1806=ORIENTED_EDGE('',*,*,#3204,.F.);
#1807=ORIENTED_EDGE('',*,*,#3206,.T.);
#1808=ORIENTED_EDGE('',*,*,#3207,.T.);
#1809=ORIENTED_EDGE('',*,*,#3208,.F.);
#1810=ORIENTED_EDGE('',*,*,#3207,.F.);
#1811=ORIENTED_EDGE('',*,*,#3209,.T.);
#1812=ORIENTED_EDGE('',*,*,#3151,.T.);
#1813=ORIENTED_EDGE('',*,*,#3210,.T.);
#1814=ORIENTED_EDGE('',*,*,#3152,.F.);
#1815=ORIENTED_EDGE('',*,*,#3209,.F.);
#1816=ORIENTED_EDGE('',*,*,#3206,.F.);
#1817=ORIENTED_EDGE('',*,*,#3203,.F.);
#1818=ORIENTED_EDGE('',*,*,#3200,.F.);
#1819=ORIENTED_EDGE('',*,*,#3197,.F.);
#1820=ORIENTED_EDGE('',*,*,#3194,.F.);
#1821=ORIENTED_EDGE('',*,*,#3191,.F.);
#1822=ORIENTED_EDGE('',*,*,#3188,.F.);
#1823=ORIENTED_EDGE('',*,*,#3185,.F.);
#1824=ORIENTED_EDGE('',*,*,#3182,.F.);
#1825=ORIENTED_EDGE('',*,*,#3179,.F.);
#1826=ORIENTED_EDGE('',*,*,#3176,.F.);
#1827=ORIENTED_EDGE('',*,*,#3173,.F.);
#1828=ORIENTED_EDGE('',*,*,#3170,.F.);
#1829=ORIENTED_EDGE('',*,*,#3167,.F.);
#1830=ORIENTED_EDGE('',*,*,#3164,.F.);
#1831=ORIENTED_EDGE('',*,*,#3161,.F.);
#1832=ORIENTED_EDGE('',*,*,#3158,.F.);
#1833=ORIENTED_EDGE('',*,*,#3155,.F.);
#1834=ORIENTED_EDGE('',*,*,#3149,.T.);
#1835=ORIENTED_EDGE('',*,*,#3150,.T.);
#1836=ORIENTED_EDGE('',*,*,#3154,.T.);
#1837=ORIENTED_EDGE('',*,*,#3157,.T.);
#1838=ORIENTED_EDGE('',*,*,#3160,.T.);
#1839=ORIENTED_EDGE('',*,*,#3163,.T.);
#1840=ORIENTED_EDGE('',*,*,#3166,.T.);
#1841=ORIENTED_EDGE('',*,*,#3169,.T.);
#1842=ORIENTED_EDGE('',*,*,#3172,.T.);
#1843=ORIENTED_EDGE('',*,*,#3175,.T.);
#1844=ORIENTED_EDGE('',*,*,#3178,.T.);
#1845=ORIENTED_EDGE('',*,*,#3181,.T.);
#1846=ORIENTED_EDGE('',*,*,#3184,.T.);
#1847=ORIENTED_EDGE('',*,*,#3187,.T.);
#1848=ORIENTED_EDGE('',*,*,#3190,.T.);
#1849=ORIENTED_EDGE('',*,*,#3193,.T.);
#1850=ORIENTED_EDGE('',*,*,#3196,.T.);
#1851=ORIENTED_EDGE('',*,*,#3199,.T.);
#1852=ORIENTED_EDGE('',*,*,#3202,.T.);
#1853=ORIENTED_EDGE('',*,*,#3205,.T.);
#1854=ORIENTED_EDGE('',*,*,#3208,.T.);
#1855=ORIENTED_EDGE('',*,*,#3211,.T.);
#1856=ORIENTED_EDGE('',*,*,#3210,.F.);
#1857=ORIENTED_EDGE('',*,*,#3211,.F.);
#1858=ORIENTED_EDGE('',*,*,#3212,.T.);
#1859=ORIENTED_EDGE('',*,*,#3213,.T.);
#1860=ORIENTED_EDGE('',*,*,#3214,.T.);
#1861=ORIENTED_EDGE('',*,*,#3215,.T.);
#1862=ORIENTED_EDGE('',*,*,#3216,.F.);
#1863=ORIENTED_EDGE('',*,*,#3217,.F.);
#1864=ORIENTED_EDGE('',*,*,#3212,.F.);
#1865=ORIENTED_EDGE('',*,*,#3218,.F.);
#1866=ORIENTED_EDGE('',*,*,#3217,.T.);
#1867=ORIENTED_EDGE('',*,*,#3219,.T.);
#1868=ORIENTED_EDGE('',*,*,#3220,.T.);
#1869=ORIENTED_EDGE('',*,*,#3213,.F.);
#1870=ORIENTED_EDGE('',*,*,#3221,.F.);
#1871=ORIENTED_EDGE('',*,*,#3222,.F.);
#1872=ORIENTED_EDGE('',*,*,#3214,.F.);
#1873=ORIENTED_EDGE('',*,*,#3220,.F.);
#1874=ORIENTED_EDGE('',*,*,#3218,.T.);
#1875=ORIENTED_EDGE('',*,*,#3215,.F.);
#1876=ORIENTED_EDGE('',*,*,#3222,.T.);
#1877=ORIENTED_EDGE('',*,*,#3223,.F.);
#1878=ORIENTED_EDGE('',*,*,#3216,.T.);
#1879=ORIENTED_EDGE('',*,*,#3223,.T.);
#1880=ORIENTED_EDGE('',*,*,#3221,.T.);
#1881=ORIENTED_EDGE('',*,*,#3219,.F.);
#1882=ORIENTED_EDGE('',*,*,#3224,.T.);
#1883=ORIENTED_EDGE('',*,*,#3225,.T.);
#1884=ORIENTED_EDGE('',*,*,#3226,.T.);
#1885=ORIENTED_EDGE('',*,*,#3227,.T.);
#1886=ORIENTED_EDGE('',*,*,#3228,.F.);
#1887=ORIENTED_EDGE('',*,*,#3229,.T.);
#1888=ORIENTED_EDGE('',*,*,#3230,.T.);
#1889=ORIENTED_EDGE('',*,*,#3227,.F.);
#1890=ORIENTED_EDGE('',*,*,#3231,.T.);
#1891=ORIENTED_EDGE('',*,*,#3232,.T.);
#1892=ORIENTED_EDGE('',*,*,#3233,.T.);
#1893=ORIENTED_EDGE('',*,*,#3234,.T.);
#1894=ORIENTED_EDGE('',*,*,#3235,.F.);
#1895=ORIENTED_EDGE('',*,*,#3236,.T.);
#1896=ORIENTED_EDGE('',*,*,#3237,.T.);
#1897=ORIENTED_EDGE('',*,*,#3238,.T.);
#1898=ORIENTED_EDGE('',*,*,#3239,.T.);
#1899=ORIENTED_EDGE('',*,*,#3240,.T.);
#1900=ORIENTED_EDGE('',*,*,#3241,.T.);
#1901=ORIENTED_EDGE('',*,*,#3242,.T.);
#1902=ORIENTED_EDGE('',*,*,#3243,.F.);
#1903=ORIENTED_EDGE('',*,*,#3244,.T.);
#1904=ORIENTED_EDGE('',*,*,#3245,.F.);
#1905=ORIENTED_EDGE('',*,*,#3246,.T.);
#1906=ORIENTED_EDGE('',*,*,#3245,.T.);
#1907=ORIENTED_EDGE('',*,*,#3247,.T.);
#1908=ORIENTED_EDGE('',*,*,#3248,.T.);
#1909=ORIENTED_EDGE('',*,*,#3242,.F.);
#1910=ORIENTED_EDGE('',*,*,#3249,.F.);
#1911=ORIENTED_EDGE('',*,*,#3250,.T.);
#1912=ORIENTED_EDGE('',*,*,#3235,.T.);
#1913=ORIENTED_EDGE('',*,*,#3251,.T.);
#1914=ORIENTED_EDGE('',*,*,#3252,.T.);
#1915=ORIENTED_EDGE('',*,*,#3253,.T.);
#1916=ORIENTED_EDGE('',*,*,#3228,.T.);
#1917=ORIENTED_EDGE('',*,*,#3226,.F.);
#1918=ORIENTED_EDGE('',*,*,#3254,.F.);
#1919=ORIENTED_EDGE('',*,*,#3255,.T.);
#1920=ORIENTED_EDGE('',*,*,#3231,.F.);
#1921=ORIENTED_EDGE('',*,*,#3256,.T.);
#1922=ORIENTED_EDGE('',*,*,#3257,.F.);
#1923=ORIENTED_EDGE('',*,*,#3258,.T.);
#1924=ORIENTED_EDGE('',*,*,#3249,.T.);
#1925=ORIENTED_EDGE('',*,*,#3241,.F.);
#1926=ORIENTED_EDGE('',*,*,#3259,.F.);
#1927=ORIENTED_EDGE('',*,*,#3260,.T.);
#1928=ORIENTED_EDGE('',*,*,#3243,.T.);
#1929=ORIENTED_EDGE('',*,*,#3261,.T.);
#1930=ORIENTED_EDGE('',*,*,#3233,.F.);
#1931=ORIENTED_EDGE('',*,*,#3262,.T.);
#1932=ORIENTED_EDGE('',*,*,#3263,.F.);
#1933=ORIENTED_EDGE('',*,*,#3224,.F.);
#1934=ORIENTED_EDGE('',*,*,#3230,.F.);
#1935=ORIENTED_EDGE('',*,*,#3264,.T.);
#1936=ORIENTED_EDGE('',*,*,#3265,.F.);
#1937=ORIENTED_EDGE('',*,*,#3266,.T.);
#1938=ORIENTED_EDGE('',*,*,#3237,.F.);
#1939=ORIENTED_EDGE('',*,*,#3267,.T.);
#1940=ORIENTED_EDGE('',*,*,#3257,.T.);
#1941=ORIENTED_EDGE('',*,*,#3240,.F.);
#1942=ORIENTED_EDGE('',*,*,#3248,.F.);
#1943=ORIENTED_EDGE('',*,*,#3268,.T.);
#1944=ORIENTED_EDGE('',*,*,#3259,.T.);
#1945=ORIENTED_EDGE('',*,*,#3239,.F.);
#1946=ORIENTED_EDGE('',*,*,#3252,.F.);
#1947=ORIENTED_EDGE('',*,*,#3269,.T.);
#1948=ORIENTED_EDGE('',*,*,#3265,.T.);
#1949=ORIENTED_EDGE('',*,*,#3270,.T.);
#1950=ORIENTED_EDGE('',*,*,#3263,.T.);
#1951=ORIENTED_EDGE('',*,*,#3271,.T.);
#1952=ORIENTED_EDGE('',*,*,#3254,.T.);
#1953=ORIENTED_EDGE('',*,*,#3225,.F.);
#1954=ORIENTED_EDGE('',*,*,#3262,.F.);
#1955=ORIENTED_EDGE('',*,*,#3232,.F.);
#1956=ORIENTED_EDGE('',*,*,#3255,.F.);
#1957=ORIENTED_EDGE('',*,*,#3271,.F.);
#1958=ORIENTED_EDGE('',*,*,#3261,.F.);
#1959=ORIENTED_EDGE('',*,*,#3246,.F.);
#1960=ORIENTED_EDGE('',*,*,#3256,.F.);
#1961=ORIENTED_EDGE('',*,*,#3234,.F.);
#1962=ORIENTED_EDGE('',*,*,#3247,.F.);
#1963=ORIENTED_EDGE('',*,*,#3244,.F.);
#1964=ORIENTED_EDGE('',*,*,#3260,.F.);
#1965=ORIENTED_EDGE('',*,*,#3268,.F.);
#1966=ORIENTED_EDGE('',*,*,#3250,.F.);
#1967=ORIENTED_EDGE('',*,*,#3258,.F.);
#1968=ORIENTED_EDGE('',*,*,#3267,.F.);
#1969=ORIENTED_EDGE('',*,*,#3236,.F.);
#1970=ORIENTED_EDGE('',*,*,#3251,.F.);
#1971=ORIENTED_EDGE('',*,*,#3238,.F.);
#1972=ORIENTED_EDGE('',*,*,#3266,.F.);
#1973=ORIENTED_EDGE('',*,*,#3269,.F.);
#1974=ORIENTED_EDGE('',*,*,#3253,.F.);
#1975=ORIENTED_EDGE('',*,*,#3270,.F.);
#1976=ORIENTED_EDGE('',*,*,#3264,.F.);
#1977=ORIENTED_EDGE('',*,*,#3229,.F.);
#1978=ORIENTED_EDGE('',*,*,#3272,.T.);
#1979=ORIENTED_EDGE('',*,*,#3273,.T.);
#1980=ORIENTED_EDGE('',*,*,#3274,.T.);
#1981=ORIENTED_EDGE('',*,*,#3275,.T.);
#1982=ORIENTED_EDGE('',*,*,#3276,.F.);
#1983=ORIENTED_EDGE('',*,*,#3277,.T.);
#1984=ORIENTED_EDGE('',*,*,#3278,.T.);
#1985=ORIENTED_EDGE('',*,*,#3275,.F.);
#1986=ORIENTED_EDGE('',*,*,#3279,.T.);
#1987=ORIENTED_EDGE('',*,*,#3280,.T.);
#1988=ORIENTED_EDGE('',*,*,#3281,.T.);
#1989=ORIENTED_EDGE('',*,*,#3282,.T.);
#1990=ORIENTED_EDGE('',*,*,#3283,.T.);
#1991=ORIENTED_EDGE('',*,*,#3284,.T.);
#1992=ORIENTED_EDGE('',*,*,#3285,.F.);
#1993=ORIENTED_EDGE('',*,*,#3286,.T.);
#1994=ORIENTED_EDGE('',*,*,#3287,.T.);
#1995=ORIENTED_EDGE('',*,*,#3288,.T.);
#1996=ORIENTED_EDGE('',*,*,#3289,.T.);
#1997=ORIENTED_EDGE('',*,*,#3290,.T.);
#1998=ORIENTED_EDGE('',*,*,#3291,.F.);
#1999=ORIENTED_EDGE('',*,*,#3292,.T.);
#2000=ORIENTED_EDGE('',*,*,#3293,.F.);
#2001=ORIENTED_EDGE('',*,*,#3294,.F.);
#2002=ORIENTED_EDGE('',*,*,#3295,.F.);
#2003=ORIENTED_EDGE('',*,*,#3296,.T.);
#2004=ORIENTED_EDGE('',*,*,#3297,.T.);
#2005=ORIENTED_EDGE('',*,*,#3290,.F.);
#2006=ORIENTED_EDGE('',*,*,#3293,.T.);
#2007=ORIENTED_EDGE('',*,*,#3298,.T.);
#2008=ORIENTED_EDGE('',*,*,#3279,.F.);
#2009=ORIENTED_EDGE('',*,*,#3299,.T.);
#2010=ORIENTED_EDGE('',*,*,#3300,.F.);
#2011=ORIENTED_EDGE('',*,*,#3272,.F.);
#2012=ORIENTED_EDGE('',*,*,#3278,.F.);
#2013=ORIENTED_EDGE('',*,*,#3301,.T.);
#2014=ORIENTED_EDGE('',*,*,#3302,.F.);
#2015=ORIENTED_EDGE('',*,*,#3303,.T.);
#2016=ORIENTED_EDGE('',*,*,#3283,.F.);
#2017=ORIENTED_EDGE('',*,*,#3304,.T.);
#2018=ORIENTED_EDGE('',*,*,#3295,.T.);
#2019=ORIENTED_EDGE('',*,*,#3289,.F.);
#2020=ORIENTED_EDGE('',*,*,#3305,.F.);
#2021=ORIENTED_EDGE('',*,*,#3288,.F.);
#2022=ORIENTED_EDGE('',*,*,#3306,.F.);
#2023=ORIENTED_EDGE('',*,*,#3294,.T.);
#2024=ORIENTED_EDGE('',*,*,#3305,.T.);
#2025=ORIENTED_EDGE('',*,*,#3281,.F.);
#2026=ORIENTED_EDGE('',*,*,#3307,.T.);
#2027=ORIENTED_EDGE('',*,*,#3291,.T.);
#2028=ORIENTED_EDGE('',*,*,#3306,.T.);
#2029=ORIENTED_EDGE('',*,*,#3287,.F.);
#2030=ORIENTED_EDGE('',*,*,#3297,.F.);
#2031=ORIENTED_EDGE('',*,*,#3308,.T.);
#2032=ORIENTED_EDGE('',*,*,#3285,.T.);
#2033=ORIENTED_EDGE('',*,*,#3309,.T.);
#2034=ORIENTED_EDGE('',*,*,#3310,.T.);
#2035=ORIENTED_EDGE('',*,*,#3311,.T.);
#2036=ORIENTED_EDGE('',*,*,#3276,.T.);
#2037=ORIENTED_EDGE('',*,*,#3274,.F.);
#2038=ORIENTED_EDGE('',*,*,#3312,.F.);
#2039=ORIENTED_EDGE('',*,*,#3313,.T.);
#2040=ORIENTED_EDGE('',*,*,#3302,.T.);
#2041=ORIENTED_EDGE('',*,*,#3314,.T.);
#2042=ORIENTED_EDGE('',*,*,#3310,.F.);
#2043=ORIENTED_EDGE('',*,*,#3315,.T.);
#2044=ORIENTED_EDGE('',*,*,#3300,.T.);
#2045=ORIENTED_EDGE('',*,*,#3316,.T.);
#2046=ORIENTED_EDGE('',*,*,#3312,.T.);
#2047=ORIENTED_EDGE('',*,*,#3273,.F.);
#2048=ORIENTED_EDGE('',*,*,#3298,.F.);
#2049=ORIENTED_EDGE('',*,*,#3292,.F.);
#2050=ORIENTED_EDGE('',*,*,#3307,.F.);
#2051=ORIENTED_EDGE('',*,*,#3280,.F.);
#2052=ORIENTED_EDGE('',*,*,#3299,.F.);
#2053=ORIENTED_EDGE('',*,*,#3282,.F.);
#2054=ORIENTED_EDGE('',*,*,#3313,.F.);
#2055=ORIENTED_EDGE('',*,*,#3316,.F.);
#2056=ORIENTED_EDGE('',*,*,#3311,.F.);
#2057=ORIENTED_EDGE('',*,*,#3314,.F.);
#2058=ORIENTED_EDGE('',*,*,#3301,.F.);
#2059=ORIENTED_EDGE('',*,*,#3277,.F.);
#2060=ORIENTED_EDGE('',*,*,#3309,.F.);
#2061=ORIENTED_EDGE('',*,*,#3284,.F.);
#2062=ORIENTED_EDGE('',*,*,#3303,.F.);
#2063=ORIENTED_EDGE('',*,*,#3315,.F.);
#2064=ORIENTED_EDGE('',*,*,#3308,.F.);
#2065=ORIENTED_EDGE('',*,*,#3296,.F.);
#2066=ORIENTED_EDGE('',*,*,#3304,.F.);
#2067=ORIENTED_EDGE('',*,*,#3286,.F.);
#2068=ORIENTED_EDGE('',*,*,#3317,.F.);
#2069=ORIENTED_EDGE('',*,*,#3318,.F.);
#2070=ORIENTED_EDGE('',*,*,#3319,.F.);
#2071=ORIENTED_EDGE('',*,*,#3320,.F.);
#2072=ORIENTED_EDGE('',*,*,#3321,.F.);
#2073=ORIENTED_EDGE('',*,*,#3322,.F.);
#2074=ORIENTED_EDGE('',*,*,#3323,.F.);
#2075=ORIENTED_EDGE('',*,*,#3324,.F.);
#2076=ORIENTED_EDGE('',*,*,#3325,.F.);
#2077=ORIENTED_EDGE('',*,*,#3326,.F.);
#2078=ORIENTED_EDGE('',*,*,#3327,.F.);
#2079=ORIENTED_EDGE('',*,*,#3328,.F.);
#2080=ORIENTED_EDGE('',*,*,#3329,.F.);
#2081=ORIENTED_EDGE('',*,*,#3330,.F.);
#2082=ORIENTED_EDGE('',*,*,#3331,.F.);
#2083=ORIENTED_EDGE('',*,*,#3332,.F.);
#2084=ORIENTED_EDGE('',*,*,#3333,.F.);
#2085=ORIENTED_EDGE('',*,*,#3334,.F.);
#2086=ORIENTED_EDGE('',*,*,#3335,.F.);
#2087=ORIENTED_EDGE('',*,*,#3336,.F.);
#2088=ORIENTED_EDGE('',*,*,#3337,.T.);
#2089=ORIENTED_EDGE('',*,*,#3338,.T.);
#2090=ORIENTED_EDGE('',*,*,#3339,.T.);
#2091=ORIENTED_EDGE('',*,*,#3340,.T.);
#2092=ORIENTED_EDGE('',*,*,#3341,.T.);
#2093=ORIENTED_EDGE('',*,*,#3342,.T.);
#2094=ORIENTED_EDGE('',*,*,#3343,.T.);
#2095=ORIENTED_EDGE('',*,*,#3344,.T.);
#2096=ORIENTED_EDGE('',*,*,#3345,.F.);
#2097=ORIENTED_EDGE('',*,*,#3346,.F.);
#2098=ORIENTED_EDGE('',*,*,#3347,.F.);
#2099=ORIENTED_EDGE('',*,*,#3348,.F.);
#2100=ORIENTED_EDGE('',*,*,#3349,.F.);
#2101=ORIENTED_EDGE('',*,*,#3350,.F.);
#2102=ORIENTED_EDGE('',*,*,#3351,.F.);
#2103=ORIENTED_EDGE('',*,*,#3352,.F.);
#2104=ORIENTED_EDGE('',*,*,#3344,.F.);
#2105=ORIENTED_EDGE('',*,*,#3353,.F.);
#2106=ORIENTED_EDGE('',*,*,#3346,.T.);
#2107=ORIENTED_EDGE('',*,*,#3354,.T.);
#2108=ORIENTED_EDGE('',*,*,#3343,.F.);
#2109=ORIENTED_EDGE('',*,*,#3355,.F.);
#2110=ORIENTED_EDGE('',*,*,#3347,.T.);
#2111=ORIENTED_EDGE('',*,*,#3353,.T.);
#2112=ORIENTED_EDGE('',*,*,#3342,.F.);
#2113=ORIENTED_EDGE('',*,*,#3356,.F.);
#2114=ORIENTED_EDGE('',*,*,#3348,.T.);
#2115=ORIENTED_EDGE('',*,*,#3355,.T.);
#2116=ORIENTED_EDGE('',*,*,#3341,.F.);
#2117=ORIENTED_EDGE('',*,*,#3357,.F.);
#2118=ORIENTED_EDGE('',*,*,#3349,.T.);
#2119=ORIENTED_EDGE('',*,*,#3356,.T.);
#2120=ORIENTED_EDGE('',*,*,#3340,.F.);
#2121=ORIENTED_EDGE('',*,*,#3358,.F.);
#2122=ORIENTED_EDGE('',*,*,#3350,.T.);
#2123=ORIENTED_EDGE('',*,*,#3357,.T.);
#2124=ORIENTED_EDGE('',*,*,#3339,.F.);
#2125=ORIENTED_EDGE('',*,*,#3359,.F.);
#2126=ORIENTED_EDGE('',*,*,#3351,.T.);
#2127=ORIENTED_EDGE('',*,*,#3358,.T.);
#2128=ORIENTED_EDGE('',*,*,#3338,.F.);
#2129=ORIENTED_EDGE('',*,*,#3360,.F.);
#2130=ORIENTED_EDGE('',*,*,#3352,.T.);
#2131=ORIENTED_EDGE('',*,*,#3359,.T.);
#2132=ORIENTED_EDGE('',*,*,#3337,.F.);
#2133=ORIENTED_EDGE('',*,*,#3354,.F.);
#2134=ORIENTED_EDGE('',*,*,#3345,.T.);
#2135=ORIENTED_EDGE('',*,*,#3360,.T.);
#2136=ORIENTED_EDGE('',*,*,#3317,.T.);
#2137=ORIENTED_EDGE('',*,*,#3361,.T.);
#2138=ORIENTED_EDGE('',*,*,#3362,.T.);
#2139=ORIENTED_EDGE('',*,*,#3363,.F.);
#2140=ORIENTED_EDGE('',*,*,#3336,.T.);
#2141=ORIENTED_EDGE('',*,*,#3364,.T.);
#2142=ORIENTED_EDGE('',*,*,#3365,.T.);
#2143=ORIENTED_EDGE('',*,*,#3361,.F.);
#2144=ORIENTED_EDGE('',*,*,#3335,.T.);
#2145=ORIENTED_EDGE('',*,*,#3366,.T.);
#2146=ORIENTED_EDGE('',*,*,#3367,.T.);
#2147=ORIENTED_EDGE('',*,*,#3364,.F.);
#2148=ORIENTED_EDGE('',*,*,#3334,.T.);
#2149=ORIENTED_EDGE('',*,*,#3368,.T.);
#2150=ORIENTED_EDGE('',*,*,#3369,.T.);
#2151=ORIENTED_EDGE('',*,*,#3366,.F.);
#2152=ORIENTED_EDGE('',*,*,#3333,.T.);
#2153=ORIENTED_EDGE('',*,*,#3370,.T.);
#2154=ORIENTED_EDGE('',*,*,#3371,.T.);
#2155=ORIENTED_EDGE('',*,*,#3368,.F.);
#2156=ORIENTED_EDGE('',*,*,#3332,.T.);
#2157=ORIENTED_EDGE('',*,*,#3372,.T.);
#2158=ORIENTED_EDGE('',*,*,#3373,.T.);
#2159=ORIENTED_EDGE('',*,*,#3370,.F.);
#2160=ORIENTED_EDGE('',*,*,#3331,.T.);
#2161=ORIENTED_EDGE('',*,*,#3374,.T.);
#2162=ORIENTED_EDGE('',*,*,#3375,.T.);
#2163=ORIENTED_EDGE('',*,*,#3372,.F.);
#2164=ORIENTED_EDGE('',*,*,#3330,.T.);
#2165=ORIENTED_EDGE('',*,*,#3376,.T.);
#2166=ORIENTED_EDGE('',*,*,#3377,.T.);
#2167=ORIENTED_EDGE('',*,*,#3374,.F.);
#2168=ORIENTED_EDGE('',*,*,#3329,.T.);
#2169=ORIENTED_EDGE('',*,*,#3378,.T.);
#2170=ORIENTED_EDGE('',*,*,#3379,.T.);
#2171=ORIENTED_EDGE('',*,*,#3376,.F.);
#2172=ORIENTED_EDGE('',*,*,#3328,.T.);
#2173=ORIENTED_EDGE('',*,*,#3380,.T.);
#2174=ORIENTED_EDGE('',*,*,#3381,.T.);
#2175=ORIENTED_EDGE('',*,*,#3378,.F.);
#2176=ORIENTED_EDGE('',*,*,#3327,.T.);
#2177=ORIENTED_EDGE('',*,*,#3382,.T.);
#2178=ORIENTED_EDGE('',*,*,#3383,.T.);
#2179=ORIENTED_EDGE('',*,*,#3380,.F.);
#2180=ORIENTED_EDGE('',*,*,#3326,.T.);
#2181=ORIENTED_EDGE('',*,*,#3384,.T.);
#2182=ORIENTED_EDGE('',*,*,#3385,.T.);
#2183=ORIENTED_EDGE('',*,*,#3382,.F.);
#2184=ORIENTED_EDGE('',*,*,#3325,.T.);
#2185=ORIENTED_EDGE('',*,*,#3386,.T.);
#2186=ORIENTED_EDGE('',*,*,#3387,.T.);
#2187=ORIENTED_EDGE('',*,*,#3384,.F.);
#2188=ORIENTED_EDGE('',*,*,#3324,.T.);
#2189=ORIENTED_EDGE('',*,*,#3388,.T.);
#2190=ORIENTED_EDGE('',*,*,#3389,.T.);
#2191=ORIENTED_EDGE('',*,*,#3386,.F.);
#2192=ORIENTED_EDGE('',*,*,#3323,.T.);
#2193=ORIENTED_EDGE('',*,*,#3390,.T.);
#2194=ORIENTED_EDGE('',*,*,#3391,.T.);
#2195=ORIENTED_EDGE('',*,*,#3388,.F.);
#2196=ORIENTED_EDGE('',*,*,#3322,.T.);
#2197=ORIENTED_EDGE('',*,*,#3392,.T.);
#2198=ORIENTED_EDGE('',*,*,#3393,.T.);
#2199=ORIENTED_EDGE('',*,*,#3390,.F.);
#2200=ORIENTED_EDGE('',*,*,#3321,.T.);
#2201=ORIENTED_EDGE('',*,*,#3394,.T.);
#2202=ORIENTED_EDGE('',*,*,#3395,.T.);
#2203=ORIENTED_EDGE('',*,*,#3392,.F.);
#2204=ORIENTED_EDGE('',*,*,#3320,.T.);
#2205=ORIENTED_EDGE('',*,*,#3396,.T.);
#2206=ORIENTED_EDGE('',*,*,#3397,.T.);
#2207=ORIENTED_EDGE('',*,*,#3394,.F.);
#2208=ORIENTED_EDGE('',*,*,#3319,.T.);
#2209=ORIENTED_EDGE('',*,*,#3398,.T.);
#2210=ORIENTED_EDGE('',*,*,#3399,.T.);
#2211=ORIENTED_EDGE('',*,*,#3396,.F.);
#2212=ORIENTED_EDGE('',*,*,#3318,.T.);
#2213=ORIENTED_EDGE('',*,*,#3363,.T.);
#2214=ORIENTED_EDGE('',*,*,#3400,.T.);
#2215=ORIENTED_EDGE('',*,*,#3398,.F.);
#2216=ORIENTED_EDGE('',*,*,#3401,.T.);
#2217=ORIENTED_EDGE('',*,*,#3362,.F.);
#2218=ORIENTED_EDGE('',*,*,#3365,.F.);
#2219=ORIENTED_EDGE('',*,*,#3367,.F.);
#2220=ORIENTED_EDGE('',*,*,#3369,.F.);
#2221=ORIENTED_EDGE('',*,*,#3371,.F.);
#2222=ORIENTED_EDGE('',*,*,#3373,.F.);
#2223=ORIENTED_EDGE('',*,*,#3375,.F.);
#2224=ORIENTED_EDGE('',*,*,#3377,.F.);
#2225=ORIENTED_EDGE('',*,*,#3379,.F.);
#2226=ORIENTED_EDGE('',*,*,#3381,.F.);
#2227=ORIENTED_EDGE('',*,*,#3383,.F.);
#2228=ORIENTED_EDGE('',*,*,#3385,.F.);
#2229=ORIENTED_EDGE('',*,*,#3387,.F.);
#2230=ORIENTED_EDGE('',*,*,#3389,.F.);
#2231=ORIENTED_EDGE('',*,*,#3391,.F.);
#2232=ORIENTED_EDGE('',*,*,#3393,.F.);
#2233=ORIENTED_EDGE('',*,*,#3395,.F.);
#2234=ORIENTED_EDGE('',*,*,#3397,.F.);
#2235=ORIENTED_EDGE('',*,*,#3399,.F.);
#2236=ORIENTED_EDGE('',*,*,#3400,.F.);
#2237=ORIENTED_EDGE('',*,*,#3402,.T.);
#2238=ORIENTED_EDGE('',*,*,#3401,.F.);
#2239=ORIENTED_EDGE('',*,*,#3402,.F.);
#2240=ORIENTED_EDGE('',*,*,#3403,.T.);
#2241=ORIENTED_EDGE('',*,*,#3404,.F.);
#2242=ORIENTED_EDGE('',*,*,#3405,.F.);
#2243=ORIENTED_EDGE('',*,*,#3406,.T.);
#2244=ORIENTED_EDGE('',*,*,#3407,.T.);
#2245=ORIENTED_EDGE('',*,*,#3408,.F.);
#2246=ORIENTED_EDGE('',*,*,#3409,.F.);
#2247=ORIENTED_EDGE('',*,*,#3404,.T.);
#2248=ORIENTED_EDGE('',*,*,#3410,.T.);
#2249=ORIENTED_EDGE('',*,*,#3411,.F.);
#2250=ORIENTED_EDGE('',*,*,#3412,.F.);
#2251=ORIENTED_EDGE('',*,*,#3408,.T.);
#2252=ORIENTED_EDGE('',*,*,#3413,.T.);
#2253=ORIENTED_EDGE('',*,*,#3406,.F.);
#2254=ORIENTED_EDGE('',*,*,#3414,.F.);
#2255=ORIENTED_EDGE('',*,*,#3411,.T.);
#2256=ORIENTED_EDGE('',*,*,#3405,.T.);
#2257=ORIENTED_EDGE('',*,*,#3409,.T.);
#2258=ORIENTED_EDGE('',*,*,#3412,.T.);
#2259=ORIENTED_EDGE('',*,*,#3414,.T.);
#2260=ORIENTED_EDGE('',*,*,#3403,.F.);
#2261=ORIENTED_EDGE('',*,*,#3413,.F.);
#2262=ORIENTED_EDGE('',*,*,#3410,.F.);
#2263=ORIENTED_EDGE('',*,*,#3407,.F.);
#2264=ORIENTED_EDGE('',*,*,#3415,.T.);
#2265=ORIENTED_EDGE('',*,*,#3416,.F.);
#2266=ORIENTED_EDGE('',*,*,#3417,.F.);
#2267=ORIENTED_EDGE('',*,*,#3418,.T.);
#2268=ORIENTED_EDGE('',*,*,#3419,.T.);
#2269=ORIENTED_EDGE('',*,*,#3420,.F.);
#2270=ORIENTED_EDGE('',*,*,#3421,.F.);
#2271=ORIENTED_EDGE('',*,*,#3416,.T.);
#2272=ORIENTED_EDGE('',*,*,#3422,.T.);
#2273=ORIENTED_EDGE('',*,*,#3423,.F.);
#2274=ORIENTED_EDGE('',*,*,#3424,.F.);
#2275=ORIENTED_EDGE('',*,*,#3420,.T.);
#2276=ORIENTED_EDGE('',*,*,#3425,.T.);
#2277=ORIENTED_EDGE('',*,*,#3426,.F.);
#2278=ORIENTED_EDGE('',*,*,#3427,.F.);
#2279=ORIENTED_EDGE('',*,*,#3423,.T.);
#2280=ORIENTED_EDGE('',*,*,#3428,.T.);
#2281=ORIENTED_EDGE('',*,*,#3429,.F.);
#2282=ORIENTED_EDGE('',*,*,#3430,.F.);
#2283=ORIENTED_EDGE('',*,*,#3426,.T.);
#2284=ORIENTED_EDGE('',*,*,#3431,.T.);
#2285=ORIENTED_EDGE('',*,*,#3432,.F.);
#2286=ORIENTED_EDGE('',*,*,#3433,.F.);
#2287=ORIENTED_EDGE('',*,*,#3429,.T.);
#2288=ORIENTED_EDGE('',*,*,#3434,.T.);
#2289=ORIENTED_EDGE('',*,*,#3435,.F.);
#2290=ORIENTED_EDGE('',*,*,#3436,.F.);
#2291=ORIENTED_EDGE('',*,*,#3432,.T.);
#2292=ORIENTED_EDGE('',*,*,#3437,.T.);
#2293=ORIENTED_EDGE('',*,*,#3438,.F.);
#2294=ORIENTED_EDGE('',*,*,#3439,.F.);
#2295=ORIENTED_EDGE('',*,*,#3435,.T.);
#2296=ORIENTED_EDGE('',*,*,#3440,.T.);
#2297=ORIENTED_EDGE('',*,*,#3441,.F.);
#2298=ORIENTED_EDGE('',*,*,#3442,.F.);
#2299=ORIENTED_EDGE('',*,*,#3438,.T.);
#2300=ORIENTED_EDGE('',*,*,#3443,.T.);
#2301=ORIENTED_EDGE('',*,*,#3444,.F.);
#2302=ORIENTED_EDGE('',*,*,#3445,.F.);
#2303=ORIENTED_EDGE('',*,*,#3441,.T.);
#2304=ORIENTED_EDGE('',*,*,#3446,.T.);
#2305=ORIENTED_EDGE('',*,*,#3447,.F.);
#2306=ORIENTED_EDGE('',*,*,#3448,.F.);
#2307=ORIENTED_EDGE('',*,*,#3444,.T.);
#2308=ORIENTED_EDGE('',*,*,#3449,.T.);
#2309=ORIENTED_EDGE('',*,*,#3450,.F.);
#2310=ORIENTED_EDGE('',*,*,#3451,.F.);
#2311=ORIENTED_EDGE('',*,*,#3447,.T.);
#2312=ORIENTED_EDGE('',*,*,#3452,.T.);
#2313=ORIENTED_EDGE('',*,*,#3453,.F.);
#2314=ORIENTED_EDGE('',*,*,#3454,.F.);
#2315=ORIENTED_EDGE('',*,*,#3450,.T.);
#2316=ORIENTED_EDGE('',*,*,#3455,.T.);
#2317=ORIENTED_EDGE('',*,*,#3418,.F.);
#2318=ORIENTED_EDGE('',*,*,#3456,.F.);
#2319=ORIENTED_EDGE('',*,*,#3453,.T.);
#2320=ORIENTED_EDGE('',*,*,#3417,.T.);
#2321=ORIENTED_EDGE('',*,*,#3421,.T.);
#2322=ORIENTED_EDGE('',*,*,#3424,.T.);
#2323=ORIENTED_EDGE('',*,*,#3427,.T.);
#2324=ORIENTED_EDGE('',*,*,#3430,.T.);
#2325=ORIENTED_EDGE('',*,*,#3433,.T.);
#2326=ORIENTED_EDGE('',*,*,#3436,.T.);
#2327=ORIENTED_EDGE('',*,*,#3439,.T.);
#2328=ORIENTED_EDGE('',*,*,#3442,.T.);
#2329=ORIENTED_EDGE('',*,*,#3445,.T.);
#2330=ORIENTED_EDGE('',*,*,#3448,.T.);
#2331=ORIENTED_EDGE('',*,*,#3451,.T.);
#2332=ORIENTED_EDGE('',*,*,#3454,.T.);
#2333=ORIENTED_EDGE('',*,*,#3456,.T.);
#2334=ORIENTED_EDGE('',*,*,#3415,.F.);
#2335=ORIENTED_EDGE('',*,*,#3455,.F.);
#2336=ORIENTED_EDGE('',*,*,#3452,.F.);
#2337=ORIENTED_EDGE('',*,*,#3449,.F.);
#2338=ORIENTED_EDGE('',*,*,#3446,.F.);
#2339=ORIENTED_EDGE('',*,*,#3443,.F.);
#2340=ORIENTED_EDGE('',*,*,#3440,.F.);
#2341=ORIENTED_EDGE('',*,*,#3437,.F.);
#2342=ORIENTED_EDGE('',*,*,#3434,.F.);
#2343=ORIENTED_EDGE('',*,*,#3431,.F.);
#2344=ORIENTED_EDGE('',*,*,#3428,.F.);
#2345=ORIENTED_EDGE('',*,*,#3425,.F.);
#2346=ORIENTED_EDGE('',*,*,#3422,.F.);
#2347=ORIENTED_EDGE('',*,*,#3419,.F.);
#2348=ORIENTED_EDGE('',*,*,#3457,.T.);
#2349=ORIENTED_EDGE('',*,*,#3458,.F.);
#2350=ORIENTED_EDGE('',*,*,#3459,.F.);
#2351=ORIENTED_EDGE('',*,*,#3460,.T.);
#2352=ORIENTED_EDGE('',*,*,#3461,.T.);
#2353=ORIENTED_EDGE('',*,*,#3462,.F.);
#2354=ORIENTED_EDGE('',*,*,#3463,.F.);
#2355=ORIENTED_EDGE('',*,*,#3458,.T.);
#2356=ORIENTED_EDGE('',*,*,#3464,.T.);
#2357=ORIENTED_EDGE('',*,*,#3465,.F.);
#2358=ORIENTED_EDGE('',*,*,#3466,.F.);
#2359=ORIENTED_EDGE('',*,*,#3462,.T.);
#2360=ORIENTED_EDGE('',*,*,#3467,.T.);
#2361=ORIENTED_EDGE('',*,*,#3468,.F.);
#2362=ORIENTED_EDGE('',*,*,#3469,.F.);
#2363=ORIENTED_EDGE('',*,*,#3465,.T.);
#2364=ORIENTED_EDGE('',*,*,#3470,.T.);
#2365=ORIENTED_EDGE('',*,*,#3471,.F.);
#2366=ORIENTED_EDGE('',*,*,#3472,.F.);
#2367=ORIENTED_EDGE('',*,*,#3468,.T.);
#2368=ORIENTED_EDGE('',*,*,#3473,.T.);
#2369=ORIENTED_EDGE('',*,*,#3474,.F.);
#2370=ORIENTED_EDGE('',*,*,#3475,.F.);
#2371=ORIENTED_EDGE('',*,*,#3471,.T.);
#2372=ORIENTED_EDGE('',*,*,#3476,.T.);
#2373=ORIENTED_EDGE('',*,*,#3477,.F.);
#2374=ORIENTED_EDGE('',*,*,#3478,.F.);
#2375=ORIENTED_EDGE('',*,*,#3474,.T.);
#2376=ORIENTED_EDGE('',*,*,#3479,.T.);
#2377=ORIENTED_EDGE('',*,*,#3480,.F.);
#2378=ORIENTED_EDGE('',*,*,#3481,.F.);
#2379=ORIENTED_EDGE('',*,*,#3477,.T.);
#2380=ORIENTED_EDGE('',*,*,#3482,.T.);
#2381=ORIENTED_EDGE('',*,*,#3483,.F.);
#2382=ORIENTED_EDGE('',*,*,#3484,.F.);
#2383=ORIENTED_EDGE('',*,*,#3480,.T.);
#2384=ORIENTED_EDGE('',*,*,#3485,.T.);
#2385=ORIENTED_EDGE('',*,*,#3486,.F.);
#2386=ORIENTED_EDGE('',*,*,#3487,.F.);
#2387=ORIENTED_EDGE('',*,*,#3483,.T.);
#2388=ORIENTED_EDGE('',*,*,#3488,.T.);
#2389=ORIENTED_EDGE('',*,*,#3489,.F.);
#2390=ORIENTED_EDGE('',*,*,#3490,.F.);
#2391=ORIENTED_EDGE('',*,*,#3486,.T.);
#2392=ORIENTED_EDGE('',*,*,#3491,.T.);
#2393=ORIENTED_EDGE('',*,*,#3460,.F.);
#2394=ORIENTED_EDGE('',*,*,#3492,.F.);
#2395=ORIENTED_EDGE('',*,*,#3489,.T.);
#2396=ORIENTED_EDGE('',*,*,#3459,.T.);
#2397=ORIENTED_EDGE('',*,*,#3463,.T.);
#2398=ORIENTED_EDGE('',*,*,#3466,.T.);
#2399=ORIENTED_EDGE('',*,*,#3469,.T.);
#2400=ORIENTED_EDGE('',*,*,#3472,.T.);
#2401=ORIENTED_EDGE('',*,*,#3475,.T.);
#2402=ORIENTED_EDGE('',*,*,#3478,.T.);
#2403=ORIENTED_EDGE('',*,*,#3481,.T.);
#2404=ORIENTED_EDGE('',*,*,#3484,.T.);
#2405=ORIENTED_EDGE('',*,*,#3487,.T.);
#2406=ORIENTED_EDGE('',*,*,#3490,.T.);
#2407=ORIENTED_EDGE('',*,*,#3492,.T.);
#2408=ORIENTED_EDGE('',*,*,#3457,.F.);
#2409=ORIENTED_EDGE('',*,*,#3491,.F.);
#2410=ORIENTED_EDGE('',*,*,#3488,.F.);
#2411=ORIENTED_EDGE('',*,*,#3485,.F.);
#2412=ORIENTED_EDGE('',*,*,#3482,.F.);
#2413=ORIENTED_EDGE('',*,*,#3479,.F.);
#2414=ORIENTED_EDGE('',*,*,#3476,.F.);
#2415=ORIENTED_EDGE('',*,*,#3473,.F.);
#2416=ORIENTED_EDGE('',*,*,#3470,.F.);
#2417=ORIENTED_EDGE('',*,*,#3467,.F.);
#2418=ORIENTED_EDGE('',*,*,#3464,.F.);
#2419=ORIENTED_EDGE('',*,*,#3461,.F.);
#2420=ORIENTED_EDGE('',*,*,#3493,.T.);
#2421=ORIENTED_EDGE('',*,*,#3494,.F.);
#2422=ORIENTED_EDGE('',*,*,#3495,.F.);
#2423=ORIENTED_EDGE('',*,*,#3496,.T.);
#2424=ORIENTED_EDGE('',*,*,#3497,.T.);
#2425=ORIENTED_EDGE('',*,*,#3498,.F.);
#2426=ORIENTED_EDGE('',*,*,#3499,.F.);
#2427=ORIENTED_EDGE('',*,*,#3494,.T.);
#2428=ORIENTED_EDGE('',*,*,#3500,.T.);
#2429=ORIENTED_EDGE('',*,*,#3501,.F.);
#2430=ORIENTED_EDGE('',*,*,#3502,.F.);
#2431=ORIENTED_EDGE('',*,*,#3498,.T.);
#2432=ORIENTED_EDGE('',*,*,#3503,.T.);
#2433=ORIENTED_EDGE('',*,*,#3504,.F.);
#2434=ORIENTED_EDGE('',*,*,#3505,.F.);
#2435=ORIENTED_EDGE('',*,*,#3501,.T.);
#2436=ORIENTED_EDGE('',*,*,#3506,.T.);
#2437=ORIENTED_EDGE('',*,*,#3507,.F.);
#2438=ORIENTED_EDGE('',*,*,#3508,.F.);
#2439=ORIENTED_EDGE('',*,*,#3504,.T.);
#2440=ORIENTED_EDGE('',*,*,#3509,.T.);
#2441=ORIENTED_EDGE('',*,*,#3510,.F.);
#2442=ORIENTED_EDGE('',*,*,#3511,.F.);
#2443=ORIENTED_EDGE('',*,*,#3507,.T.);
#2444=ORIENTED_EDGE('',*,*,#3512,.T.);
#2445=ORIENTED_EDGE('',*,*,#3513,.F.);
#2446=ORIENTED_EDGE('',*,*,#3514,.F.);
#2447=ORIENTED_EDGE('',*,*,#3510,.T.);
#2448=ORIENTED_EDGE('',*,*,#3515,.T.);
#2449=ORIENTED_EDGE('',*,*,#3516,.F.);
#2450=ORIENTED_EDGE('',*,*,#3517,.F.);
#2451=ORIENTED_EDGE('',*,*,#3513,.T.);
#2452=ORIENTED_EDGE('',*,*,#3518,.T.);
#2453=ORIENTED_EDGE('',*,*,#3496,.F.);
#2454=ORIENTED_EDGE('',*,*,#3519,.F.);
#2455=ORIENTED_EDGE('',*,*,#3516,.T.);
#2456=ORIENTED_EDGE('',*,*,#3495,.T.);
#2457=ORIENTED_EDGE('',*,*,#3499,.T.);
#2458=ORIENTED_EDGE('',*,*,#3502,.T.);
#2459=ORIENTED_EDGE('',*,*,#3505,.T.);
#2460=ORIENTED_EDGE('',*,*,#3508,.T.);
#2461=ORIENTED_EDGE('',*,*,#3511,.T.);
#2462=ORIENTED_EDGE('',*,*,#3514,.T.);
#2463=ORIENTED_EDGE('',*,*,#3517,.T.);
#2464=ORIENTED_EDGE('',*,*,#3519,.T.);
#2465=ORIENTED_EDGE('',*,*,#3493,.F.);
#2466=ORIENTED_EDGE('',*,*,#3518,.F.);
#2467=ORIENTED_EDGE('',*,*,#3515,.F.);
#2468=ORIENTED_EDGE('',*,*,#3512,.F.);
#2469=ORIENTED_EDGE('',*,*,#3509,.F.);
#2470=ORIENTED_EDGE('',*,*,#3506,.F.);
#2471=ORIENTED_EDGE('',*,*,#3503,.F.);
#2472=ORIENTED_EDGE('',*,*,#3500,.F.);
#2473=ORIENTED_EDGE('',*,*,#3497,.F.);
#2474=ORIENTED_EDGE('',*,*,#3520,.T.);
#2475=ORIENTED_EDGE('',*,*,#3521,.F.);
#2476=ORIENTED_EDGE('',*,*,#3522,.F.);
#2477=ORIENTED_EDGE('',*,*,#3523,.T.);
#2478=ORIENTED_EDGE('',*,*,#3524,.T.);
#2479=ORIENTED_EDGE('',*,*,#3525,.F.);
#2480=ORIENTED_EDGE('',*,*,#3526,.F.);
#2481=ORIENTED_EDGE('',*,*,#3521,.T.);
#2482=ORIENTED_EDGE('',*,*,#3527,.T.);
#2483=ORIENTED_EDGE('',*,*,#3528,.F.);
#2484=ORIENTED_EDGE('',*,*,#3529,.F.);
#2485=ORIENTED_EDGE('',*,*,#3525,.T.);
#2486=ORIENTED_EDGE('',*,*,#3530,.T.);
#2487=ORIENTED_EDGE('',*,*,#3531,.F.);
#2488=ORIENTED_EDGE('',*,*,#3532,.F.);
#2489=ORIENTED_EDGE('',*,*,#3528,.T.);
#2490=ORIENTED_EDGE('',*,*,#3533,.T.);
#2491=ORIENTED_EDGE('',*,*,#3534,.F.);
#2492=ORIENTED_EDGE('',*,*,#3535,.F.);
#2493=ORIENTED_EDGE('',*,*,#3531,.T.);
#2494=ORIENTED_EDGE('',*,*,#3536,.T.);
#2495=ORIENTED_EDGE('',*,*,#3537,.F.);
#2496=ORIENTED_EDGE('',*,*,#3538,.F.);
#2497=ORIENTED_EDGE('',*,*,#3534,.T.);
#2498=ORIENTED_EDGE('',*,*,#3539,.T.);
#2499=ORIENTED_EDGE('',*,*,#3540,.F.);
#2500=ORIENTED_EDGE('',*,*,#3541,.F.);
#2501=ORIENTED_EDGE('',*,*,#3537,.T.);
#2502=ORIENTED_EDGE('',*,*,#3542,.T.);
#2503=ORIENTED_EDGE('',*,*,#3543,.F.);
#2504=ORIENTED_EDGE('',*,*,#3544,.F.);
#2505=ORIENTED_EDGE('',*,*,#3540,.T.);
#2506=ORIENTED_EDGE('',*,*,#3545,.T.);
#2507=ORIENTED_EDGE('',*,*,#3546,.F.);
#2508=ORIENTED_EDGE('',*,*,#3547,.F.);
#2509=ORIENTED_EDGE('',*,*,#3543,.T.);
#2510=ORIENTED_EDGE('',*,*,#3548,.T.);
#2511=ORIENTED_EDGE('',*,*,#3549,.F.);
#2512=ORIENTED_EDGE('',*,*,#3550,.F.);
#2513=ORIENTED_EDGE('',*,*,#3546,.T.);
#2514=ORIENTED_EDGE('',*,*,#3551,.T.);
#2515=ORIENTED_EDGE('',*,*,#3552,.F.);
#2516=ORIENTED_EDGE('',*,*,#3553,.F.);
#2517=ORIENTED_EDGE('',*,*,#3549,.T.);
#2518=ORIENTED_EDGE('',*,*,#3554,.T.);
#2519=ORIENTED_EDGE('',*,*,#3555,.F.);
#2520=ORIENTED_EDGE('',*,*,#3556,.F.);
#2521=ORIENTED_EDGE('',*,*,#3552,.T.);
#2522=ORIENTED_EDGE('',*,*,#3557,.T.);
#2523=ORIENTED_EDGE('',*,*,#3523,.F.);
#2524=ORIENTED_EDGE('',*,*,#3558,.F.);
#2525=ORIENTED_EDGE('',*,*,#3555,.T.);
#2526=ORIENTED_EDGE('',*,*,#3522,.T.);
#2527=ORIENTED_EDGE('',*,*,#3526,.T.);
#2528=ORIENTED_EDGE('',*,*,#3529,.T.);
#2529=ORIENTED_EDGE('',*,*,#3532,.T.);
#2530=ORIENTED_EDGE('',*,*,#3535,.T.);
#2531=ORIENTED_EDGE('',*,*,#3538,.T.);
#2532=ORIENTED_EDGE('',*,*,#3541,.T.);
#2533=ORIENTED_EDGE('',*,*,#3544,.T.);
#2534=ORIENTED_EDGE('',*,*,#3547,.T.);
#2535=ORIENTED_EDGE('',*,*,#3550,.T.);
#2536=ORIENTED_EDGE('',*,*,#3553,.T.);
#2537=ORIENTED_EDGE('',*,*,#3556,.T.);
#2538=ORIENTED_EDGE('',*,*,#3558,.T.);
#2539=ORIENTED_EDGE('',*,*,#3520,.F.);
#2540=ORIENTED_EDGE('',*,*,#3557,.F.);
#2541=ORIENTED_EDGE('',*,*,#3554,.F.);
#2542=ORIENTED_EDGE('',*,*,#3551,.F.);
#2543=ORIENTED_EDGE('',*,*,#3548,.F.);
#2544=ORIENTED_EDGE('',*,*,#3545,.F.);
#2545=ORIENTED_EDGE('',*,*,#3542,.F.);
#2546=ORIENTED_EDGE('',*,*,#3539,.F.);
#2547=ORIENTED_EDGE('',*,*,#3536,.F.);
#2548=ORIENTED_EDGE('',*,*,#3533,.F.);
#2549=ORIENTED_EDGE('',*,*,#3530,.F.);
#2550=ORIENTED_EDGE('',*,*,#3527,.F.);
#2551=ORIENTED_EDGE('',*,*,#3524,.F.);
#2552=ORIENTED_EDGE('',*,*,#3559,.T.);
#2553=ORIENTED_EDGE('',*,*,#3560,.F.);
#2554=ORIENTED_EDGE('',*,*,#3561,.F.);
#2555=ORIENTED_EDGE('',*,*,#3562,.T.);
#2556=ORIENTED_EDGE('',*,*,#3563,.T.);
#2557=ORIENTED_EDGE('',*,*,#3564,.F.);
#2558=ORIENTED_EDGE('',*,*,#3565,.F.);
#2559=ORIENTED_EDGE('',*,*,#3560,.T.);
#2560=ORIENTED_EDGE('',*,*,#3566,.T.);
#2561=ORIENTED_EDGE('',*,*,#3567,.F.);
#2562=ORIENTED_EDGE('',*,*,#3568,.F.);
#2563=ORIENTED_EDGE('',*,*,#3564,.T.);
#2564=ORIENTED_EDGE('',*,*,#3569,.T.);
#2565=ORIENTED_EDGE('',*,*,#3570,.F.);
#2566=ORIENTED_EDGE('',*,*,#3571,.F.);
#2567=ORIENTED_EDGE('',*,*,#3567,.T.);
#2568=ORIENTED_EDGE('',*,*,#3572,.T.);
#2569=ORIENTED_EDGE('',*,*,#3573,.F.);
#2570=ORIENTED_EDGE('',*,*,#3574,.F.);
#2571=ORIENTED_EDGE('',*,*,#3570,.T.);
#2572=ORIENTED_EDGE('',*,*,#3575,.T.);
#2573=ORIENTED_EDGE('',*,*,#3576,.F.);
#2574=ORIENTED_EDGE('',*,*,#3577,.F.);
#2575=ORIENTED_EDGE('',*,*,#3578,.T.);
#2576=ORIENTED_EDGE('',*,*,#3579,.T.);
#2577=ORIENTED_EDGE('',*,*,#3580,.F.);
#2578=ORIENTED_EDGE('',*,*,#3581,.F.);
#2579=ORIENTED_EDGE('',*,*,#3576,.T.);
#2580=ORIENTED_EDGE('',*,*,#3582,.T.);
#2581=ORIENTED_EDGE('',*,*,#3583,.F.);
#2582=ORIENTED_EDGE('',*,*,#3584,.F.);
#2583=ORIENTED_EDGE('',*,*,#3580,.T.);
#2584=ORIENTED_EDGE('',*,*,#3585,.T.);
#2585=ORIENTED_EDGE('',*,*,#3586,.F.);
#2586=ORIENTED_EDGE('',*,*,#3587,.F.);
#2587=ORIENTED_EDGE('',*,*,#3583,.T.);
#2588=ORIENTED_EDGE('',*,*,#3588,.T.);
#2589=ORIENTED_EDGE('',*,*,#3589,.F.);
#2590=ORIENTED_EDGE('',*,*,#3590,.F.);
#2591=ORIENTED_EDGE('',*,*,#3586,.T.);
#2592=ORIENTED_EDGE('',*,*,#3591,.T.);
#2593=ORIENTED_EDGE('',*,*,#3592,.F.);
#2594=ORIENTED_EDGE('',*,*,#3593,.F.);
#2595=ORIENTED_EDGE('',*,*,#3589,.T.);
#2596=ORIENTED_EDGE('',*,*,#3594,.T.);
#2597=ORIENTED_EDGE('',*,*,#3595,.F.);
#2598=ORIENTED_EDGE('',*,*,#3596,.F.);
#2599=ORIENTED_EDGE('',*,*,#3592,.T.);
#2600=ORIENTED_EDGE('',*,*,#3597,.T.);
#2601=ORIENTED_EDGE('',*,*,#3598,.F.);
#2602=ORIENTED_EDGE('',*,*,#3599,.F.);
#2603=ORIENTED_EDGE('',*,*,#3595,.T.);
#2604=ORIENTED_EDGE('',*,*,#3600,.T.);
#2605=ORIENTED_EDGE('',*,*,#3601,.F.);
#2606=ORIENTED_EDGE('',*,*,#3602,.F.);
#2607=ORIENTED_EDGE('',*,*,#3598,.T.);
#2608=ORIENTED_EDGE('',*,*,#3603,.T.);
#2609=ORIENTED_EDGE('',*,*,#3604,.F.);
#2610=ORIENTED_EDGE('',*,*,#3605,.F.);
#2611=ORIENTED_EDGE('',*,*,#3601,.T.);
#2612=ORIENTED_EDGE('',*,*,#3606,.T.);
#2613=ORIENTED_EDGE('',*,*,#3607,.F.);
#2614=ORIENTED_EDGE('',*,*,#3608,.F.);
#2615=ORIENTED_EDGE('',*,*,#3604,.T.);
#2616=ORIENTED_EDGE('',*,*,#3609,.T.);
#2617=ORIENTED_EDGE('',*,*,#3610,.F.);
#2618=ORIENTED_EDGE('',*,*,#3611,.F.);
#2619=ORIENTED_EDGE('',*,*,#3607,.T.);
#2620=ORIENTED_EDGE('',*,*,#3612,.T.);
#2621=ORIENTED_EDGE('',*,*,#3613,.F.);
#2622=ORIENTED_EDGE('',*,*,#3614,.F.);
#2623=ORIENTED_EDGE('',*,*,#3610,.T.);
#2624=ORIENTED_EDGE('',*,*,#3615,.T.);
#2625=ORIENTED_EDGE('',*,*,#3616,.F.);
#2626=ORIENTED_EDGE('',*,*,#3617,.F.);
#2627=ORIENTED_EDGE('',*,*,#3613,.T.);
#2628=ORIENTED_EDGE('',*,*,#3618,.T.);
#2629=ORIENTED_EDGE('',*,*,#3619,.F.);
#2630=ORIENTED_EDGE('',*,*,#3620,.F.);
#2631=ORIENTED_EDGE('',*,*,#3616,.T.);
#2632=ORIENTED_EDGE('',*,*,#3621,.T.);
#2633=ORIENTED_EDGE('',*,*,#3622,.F.);
#2634=ORIENTED_EDGE('',*,*,#3623,.F.);
#2635=ORIENTED_EDGE('',*,*,#3619,.T.);
#2636=ORIENTED_EDGE('',*,*,#3624,.T.);
#2637=ORIENTED_EDGE('',*,*,#3625,.F.);
#2638=ORIENTED_EDGE('',*,*,#3626,.F.);
#2639=ORIENTED_EDGE('',*,*,#3622,.T.);
#2640=ORIENTED_EDGE('',*,*,#3627,.T.);
#2641=ORIENTED_EDGE('',*,*,#3578,.F.);
#2642=ORIENTED_EDGE('',*,*,#3628,.F.);
#2643=ORIENTED_EDGE('',*,*,#3625,.T.);
#2644=ORIENTED_EDGE('',*,*,#3629,.T.);
#2645=ORIENTED_EDGE('',*,*,#3562,.F.);
#2646=ORIENTED_EDGE('',*,*,#3630,.F.);
#2647=ORIENTED_EDGE('',*,*,#3573,.T.);
#2648=ORIENTED_EDGE('',*,*,#3577,.T.);
#2649=ORIENTED_EDGE('',*,*,#3581,.T.);
#2650=ORIENTED_EDGE('',*,*,#3584,.T.);
#2651=ORIENTED_EDGE('',*,*,#3587,.T.);
#2652=ORIENTED_EDGE('',*,*,#3590,.T.);
#2653=ORIENTED_EDGE('',*,*,#3593,.T.);
#2654=ORIENTED_EDGE('',*,*,#3596,.T.);
#2655=ORIENTED_EDGE('',*,*,#3599,.T.);
#2656=ORIENTED_EDGE('',*,*,#3602,.T.);
#2657=ORIENTED_EDGE('',*,*,#3605,.T.);
#2658=ORIENTED_EDGE('',*,*,#3608,.T.);
#2659=ORIENTED_EDGE('',*,*,#3611,.T.);
#2660=ORIENTED_EDGE('',*,*,#3614,.T.);
#2661=ORIENTED_EDGE('',*,*,#3617,.T.);
#2662=ORIENTED_EDGE('',*,*,#3620,.T.);
#2663=ORIENTED_EDGE('',*,*,#3623,.T.);
#2664=ORIENTED_EDGE('',*,*,#3626,.T.);
#2665=ORIENTED_EDGE('',*,*,#3628,.T.);
#2666=ORIENTED_EDGE('',*,*,#3561,.T.);
#2667=ORIENTED_EDGE('',*,*,#3565,.T.);
#2668=ORIENTED_EDGE('',*,*,#3568,.T.);
#2669=ORIENTED_EDGE('',*,*,#3571,.T.);
#2670=ORIENTED_EDGE('',*,*,#3574,.T.);
#2671=ORIENTED_EDGE('',*,*,#3630,.T.);
#2672=ORIENTED_EDGE('',*,*,#3575,.F.);
#2673=ORIENTED_EDGE('',*,*,#3627,.F.);
#2674=ORIENTED_EDGE('',*,*,#3624,.F.);
#2675=ORIENTED_EDGE('',*,*,#3621,.F.);
#2676=ORIENTED_EDGE('',*,*,#3618,.F.);
#2677=ORIENTED_EDGE('',*,*,#3615,.F.);
#2678=ORIENTED_EDGE('',*,*,#3612,.F.);
#2679=ORIENTED_EDGE('',*,*,#3609,.F.);
#2680=ORIENTED_EDGE('',*,*,#3606,.F.);
#2681=ORIENTED_EDGE('',*,*,#3603,.F.);
#2682=ORIENTED_EDGE('',*,*,#3600,.F.);
#2683=ORIENTED_EDGE('',*,*,#3597,.F.);
#2684=ORIENTED_EDGE('',*,*,#3594,.F.);
#2685=ORIENTED_EDGE('',*,*,#3591,.F.);
#2686=ORIENTED_EDGE('',*,*,#3588,.F.);
#2687=ORIENTED_EDGE('',*,*,#3585,.F.);
#2688=ORIENTED_EDGE('',*,*,#3582,.F.);
#2689=ORIENTED_EDGE('',*,*,#3579,.F.);
#2690=ORIENTED_EDGE('',*,*,#3559,.F.);
#2691=ORIENTED_EDGE('',*,*,#3629,.F.);
#2692=ORIENTED_EDGE('',*,*,#3572,.F.);
#2693=ORIENTED_EDGE('',*,*,#3569,.F.);
#2694=ORIENTED_EDGE('',*,*,#3566,.F.);
#2695=ORIENTED_EDGE('',*,*,#3563,.F.);
#2696=ORIENTED_EDGE('',*,*,#3631,.T.);
#2697=ORIENTED_EDGE('',*,*,#3632,.F.);
#2698=ORIENTED_EDGE('',*,*,#3633,.F.);
#2699=ORIENTED_EDGE('',*,*,#3634,.T.);
#2700=ORIENTED_EDGE('',*,*,#3635,.T.);
#2701=ORIENTED_EDGE('',*,*,#3636,.F.);
#2702=ORIENTED_EDGE('',*,*,#3637,.F.);
#2703=ORIENTED_EDGE('',*,*,#3632,.T.);
#2704=ORIENTED_EDGE('',*,*,#3638,.T.);
#2705=ORIENTED_EDGE('',*,*,#3639,.F.);
#2706=ORIENTED_EDGE('',*,*,#3640,.F.);
#2707=ORIENTED_EDGE('',*,*,#3636,.T.);
#2708=ORIENTED_EDGE('',*,*,#3641,.T.);
#2709=ORIENTED_EDGE('',*,*,#3634,.F.);
#2710=ORIENTED_EDGE('',*,*,#3642,.F.);
#2711=ORIENTED_EDGE('',*,*,#3639,.T.);
#2712=ORIENTED_EDGE('',*,*,#3633,.T.);
#2713=ORIENTED_EDGE('',*,*,#3637,.T.);
#2714=ORIENTED_EDGE('',*,*,#3640,.T.);
#2715=ORIENTED_EDGE('',*,*,#3642,.T.);
#2716=ORIENTED_EDGE('',*,*,#3631,.F.);
#2717=ORIENTED_EDGE('',*,*,#3641,.F.);
#2718=ORIENTED_EDGE('',*,*,#3638,.F.);
#2719=ORIENTED_EDGE('',*,*,#3635,.F.);
#2720=ORIENTED_EDGE('',*,*,#3643,.T.);
#2721=ORIENTED_EDGE('',*,*,#3644,.F.);
#2722=ORIENTED_EDGE('',*,*,#3645,.F.);
#2723=ORIENTED_EDGE('',*,*,#3646,.F.);
#2724=ORIENTED_EDGE('',*,*,#3647,.T.);
#2725=ORIENTED_EDGE('',*,*,#3648,.F.);
#2726=ORIENTED_EDGE('',*,*,#3649,.F.);
#2727=ORIENTED_EDGE('',*,*,#3650,.T.);
#2728=ORIENTED_EDGE('',*,*,#3651,.T.);
#2729=ORIENTED_EDGE('',*,*,#3652,.F.);
#2730=ORIENTED_EDGE('',*,*,#3653,.F.);
#2731=ORIENTED_EDGE('',*,*,#3648,.T.);
#2732=ORIENTED_EDGE('',*,*,#3654,.T.);
#2733=ORIENTED_EDGE('',*,*,#3655,.F.);
#2734=ORIENTED_EDGE('',*,*,#3656,.F.);
#2735=ORIENTED_EDGE('',*,*,#3652,.T.);
#2736=ORIENTED_EDGE('',*,*,#3657,.T.);
#2737=ORIENTED_EDGE('',*,*,#3658,.F.);
#2738=ORIENTED_EDGE('',*,*,#3659,.F.);
#2739=ORIENTED_EDGE('',*,*,#3655,.T.);
#2740=ORIENTED_EDGE('',*,*,#3660,.T.);
#2741=ORIENTED_EDGE('',*,*,#3661,.F.);
#2742=ORIENTED_EDGE('',*,*,#3662,.F.);
#2743=ORIENTED_EDGE('',*,*,#3658,.T.);
#2744=ORIENTED_EDGE('',*,*,#3663,.T.);
#2745=ORIENTED_EDGE('',*,*,#3664,.F.);
#2746=ORIENTED_EDGE('',*,*,#3665,.F.);
#2747=ORIENTED_EDGE('',*,*,#3661,.T.);
#2748=ORIENTED_EDGE('',*,*,#3666,.T.);
#2749=ORIENTED_EDGE('',*,*,#3667,.F.);
#2750=ORIENTED_EDGE('',*,*,#3668,.F.);
#2751=ORIENTED_EDGE('',*,*,#3664,.T.);
#2752=ORIENTED_EDGE('',*,*,#3669,.T.);
#2753=ORIENTED_EDGE('',*,*,#3670,.F.);
#2754=ORIENTED_EDGE('',*,*,#3671,.F.);
#2755=ORIENTED_EDGE('',*,*,#3667,.T.);
#2756=ORIENTED_EDGE('',*,*,#3672,.T.);
#2757=ORIENTED_EDGE('',*,*,#3673,.F.);
#2758=ORIENTED_EDGE('',*,*,#3674,.F.);
#2759=ORIENTED_EDGE('',*,*,#3670,.T.);
#2760=ORIENTED_EDGE('',*,*,#3675,.T.);
#2761=ORIENTED_EDGE('',*,*,#3650,.F.);
#2762=ORIENTED_EDGE('',*,*,#3676,.F.);
#2763=ORIENTED_EDGE('',*,*,#3673,.T.);
#2764=ORIENTED_EDGE('',*,*,#3677,.T.);
#2765=ORIENTED_EDGE('',*,*,#3646,.T.);
#2766=ORIENTED_EDGE('',*,*,#3678,.F.);
#2767=ORIENTED_EDGE('',*,*,#3644,.T.);
#2768=ORIENTED_EDGE('',*,*,#3649,.T.);
#2769=ORIENTED_EDGE('',*,*,#3653,.T.);
#2770=ORIENTED_EDGE('',*,*,#3656,.T.);
#2771=ORIENTED_EDGE('',*,*,#3659,.T.);
#2772=ORIENTED_EDGE('',*,*,#3662,.T.);
#2773=ORIENTED_EDGE('',*,*,#3665,.T.);
#2774=ORIENTED_EDGE('',*,*,#3668,.T.);
#2775=ORIENTED_EDGE('',*,*,#3671,.T.);
#2776=ORIENTED_EDGE('',*,*,#3674,.T.);
#2777=ORIENTED_EDGE('',*,*,#3676,.T.);
#2778=ORIENTED_EDGE('',*,*,#3645,.T.);
#2779=ORIENTED_EDGE('',*,*,#3678,.T.);
#2780=ORIENTED_EDGE('',*,*,#3647,.F.);
#2781=ORIENTED_EDGE('',*,*,#3675,.F.);
#2782=ORIENTED_EDGE('',*,*,#3672,.F.);
#2783=ORIENTED_EDGE('',*,*,#3669,.F.);
#2784=ORIENTED_EDGE('',*,*,#3666,.F.);
#2785=ORIENTED_EDGE('',*,*,#3663,.F.);
#2786=ORIENTED_EDGE('',*,*,#3660,.F.);
#2787=ORIENTED_EDGE('',*,*,#3657,.F.);
#2788=ORIENTED_EDGE('',*,*,#3654,.F.);
#2789=ORIENTED_EDGE('',*,*,#3651,.F.);
#2790=ORIENTED_EDGE('',*,*,#3643,.F.);
#2791=ORIENTED_EDGE('',*,*,#3677,.F.);
#2792=VERTEX_POINT('',#4885);
#2793=VERTEX_POINT('',#4899);
#2794=VERTEX_POINT('',#4970);
#2795=VERTEX_POINT('',#4971);
#2796=VERTEX_POINT('',#4973);
#2797=VERTEX_POINT('',#4975);
#2798=VERTEX_POINT('',#4979);
#2799=VERTEX_POINT('',#4981);
#2800=VERTEX_POINT('',#4985);
#2801=VERTEX_POINT('',#4987);
#2802=VERTEX_POINT('',#4991);
#2803=VERTEX_POINT('',#4993);
#2804=VERTEX_POINT('',#4997);
#2805=VERTEX_POINT('',#4999);
#2806=VERTEX_POINT('',#5003);
#2807=VERTEX_POINT('',#5005);
#2808=VERTEX_POINT('',#5009);
#2809=VERTEX_POINT('',#5011);
#2810=VERTEX_POINT('',#5015);
#2811=VERTEX_POINT('',#5017);
#2812=VERTEX_POINT('',#5021);
#2813=VERTEX_POINT('',#5023);
#2814=VERTEX_POINT('',#5027);
#2815=VERTEX_POINT('',#5029);
#2816=VERTEX_POINT('',#5033);
#2817=VERTEX_POINT('',#5035);
#2818=VERTEX_POINT('',#5039);
#2819=VERTEX_POINT('',#5041);
#2820=VERTEX_POINT('',#5045);
#2821=VERTEX_POINT('',#5047);
#2822=VERTEX_POINT('',#5051);
#2823=VERTEX_POINT('',#5053);
#2824=VERTEX_POINT('',#5057);
#2825=VERTEX_POINT('',#5059);
#2826=VERTEX_POINT('',#5063);
#2827=VERTEX_POINT('',#5065);
#2828=VERTEX_POINT('',#5069);
#2829=VERTEX_POINT('',#5071);
#2830=VERTEX_POINT('',#5075);
#2831=VERTEX_POINT('',#5077);
#2832=VERTEX_POINT('',#5081);
#2833=VERTEX_POINT('',#5083);
#2834=VERTEX_POINT('',#5090);
#2835=VERTEX_POINT('',#5094);
#2836=VERTEX_POINT('',#5099);
#2837=VERTEX_POINT('',#5100);
#2838=VERTEX_POINT('',#5232);
#2839=VERTEX_POINT('',#5235);
#2840=VERTEX_POINT('',#5631);
#2841=VERTEX_POINT('',#5632);
#2842=VERTEX_POINT('',#5769);
#2843=VERTEX_POINT('',#6036);
#2844=VERTEX_POINT('',#6696);
#2845=VERTEX_POINT('',#6697);
#2846=VERTEX_POINT('',#6699);
#2847=VERTEX_POINT('',#6701);
#2848=VERTEX_POINT('',#6705);
#2849=VERTEX_POINT('',#6707);
#2850=VERTEX_POINT('',#6711);
#2851=VERTEX_POINT('',#6712);
#2852=VERTEX_POINT('',#6714);
#2853=VERTEX_POINT('',#6716);
#2854=VERTEX_POINT('',#6720);
#2855=VERTEX_POINT('',#6721);
#2856=VERTEX_POINT('',#6723);
#2857=VERTEX_POINT('',#6725);
#2858=VERTEX_POINT('',#6729);
#2859=VERTEX_POINT('',#6730);
#2860=VERTEX_POINT('',#6732);
#2861=VERTEX_POINT('',#6734);
#2862=VERTEX_POINT('',#6738);
#2863=VERTEX_POINT('',#6739);
#2864=VERTEX_POINT('',#6741);
#2865=VERTEX_POINT('',#6743);
#2866=VERTEX_POINT('',#6747);
#2867=VERTEX_POINT('',#6750);
#2868=VERTEX_POINT('',#6753);
#2869=VERTEX_POINT('',#6755);
#2870=VERTEX_POINT('',#6758);
#2871=VERTEX_POINT('',#6763);
#2872=VERTEX_POINT('',#6767);
#2873=VERTEX_POINT('',#6771);
#2874=VERTEX_POINT('',#6774);
#2875=VERTEX_POINT('',#6776);
#2876=VERTEX_POINT('',#6794);
#2877=VERTEX_POINT('',#6795);
#2878=VERTEX_POINT('',#6797);
#2879=VERTEX_POINT('',#6799);
#2880=VERTEX_POINT('',#6803);
#2881=VERTEX_POINT('',#6805);
#2882=VERTEX_POINT('',#6809);
#2883=VERTEX_POINT('',#6810);
#2884=VERTEX_POINT('',#6812);
#2885=VERTEX_POINT('',#6814);
#2886=VERTEX_POINT('',#6818);
#2887=VERTEX_POINT('',#6819);
#2888=VERTEX_POINT('',#6821);
#2889=VERTEX_POINT('',#6823);
#2890=VERTEX_POINT('',#6827);
#2891=VERTEX_POINT('',#6828);
#2892=VERTEX_POINT('',#6830);
#2893=VERTEX_POINT('',#6832);
#2894=VERTEX_POINT('',#6836);
#2895=VERTEX_POINT('',#6837);
#2896=VERTEX_POINT('',#6839);
#2897=VERTEX_POINT('',#6841);
#2898=VERTEX_POINT('',#6845);
#2899=VERTEX_POINT('',#6847);
#2900=VERTEX_POINT('',#6852);
#2901=VERTEX_POINT('',#6855);
#2902=VERTEX_POINT('',#6857);
#2903=VERTEX_POINT('',#6867);
#2904=VERTEX_POINT('',#6869);
#2905=VERTEX_POINT('',#6872);
#2906=VERTEX_POINT('',#6886);
#2907=VERTEX_POINT('',#6887);
#2908=VERTEX_POINT('',#6889);
#2909=VERTEX_POINT('',#6891);
#2910=VERTEX_POINT('',#6893);
#2911=VERTEX_POINT('',#6895);
#2912=VERTEX_POINT('',#6897);
#2913=VERTEX_POINT('',#6899);
#2914=VERTEX_POINT('',#6901);
#2915=VERTEX_POINT('',#6903);
#2916=VERTEX_POINT('',#6905);
#2917=VERTEX_POINT('',#6907);
#2918=VERTEX_POINT('',#6909);
#2919=VERTEX_POINT('',#6911);
#2920=VERTEX_POINT('',#6913);
#2921=VERTEX_POINT('',#6915);
#2922=VERTEX_POINT('',#6917);
#2923=VERTEX_POINT('',#6919);
#2924=VERTEX_POINT('',#6921);
#2925=VERTEX_POINT('',#6923);
#2926=VERTEX_POINT('',#6926);
#2927=VERTEX_POINT('',#6927);
#2928=VERTEX_POINT('',#6929);
#2929=VERTEX_POINT('',#6931);
#2930=VERTEX_POINT('',#6933);
#2931=VERTEX_POINT('',#6935);
#2932=VERTEX_POINT('',#6937);
#2933=VERTEX_POINT('',#6939);
#2934=VERTEX_POINT('',#6943);
#2935=VERTEX_POINT('',#6944);
#2936=VERTEX_POINT('',#6946);
#2937=VERTEX_POINT('',#6948);
#2938=VERTEX_POINT('',#6950);
#2939=VERTEX_POINT('',#6952);
#2940=VERTEX_POINT('',#6954);
#2941=VERTEX_POINT('',#6956);
#2942=VERTEX_POINT('',#6976);
#2943=VERTEX_POINT('',#6978);
#2944=VERTEX_POINT('',#6982);
#2945=VERTEX_POINT('',#6986);
#2946=VERTEX_POINT('',#6990);
#2947=VERTEX_POINT('',#6994);
#2948=VERTEX_POINT('',#6998);
#2949=VERTEX_POINT('',#7002);
#2950=VERTEX_POINT('',#7006);
#2951=VERTEX_POINT('',#7010);
#2952=VERTEX_POINT('',#7014);
#2953=VERTEX_POINT('',#7018);
#2954=VERTEX_POINT('',#7022);
#2955=VERTEX_POINT('',#7026);
#2956=VERTEX_POINT('',#7030);
#2957=VERTEX_POINT('',#7034);
#2958=VERTEX_POINT('',#7038);
#2959=VERTEX_POINT('',#7042);
#2960=VERTEX_POINT('',#7046);
#2961=VERTEX_POINT('',#7050);
#2962=VERTEX_POINT('',#7056);
#2963=VERTEX_POINT('',#7059);
#2964=VERTEX_POINT('',#7066);
#2965=VERTEX_POINT('',#7067);
#2966=VERTEX_POINT('',#7069);
#2967=VERTEX_POINT('',#7074);
#2968=VERTEX_POINT('',#7081);
#2969=VERTEX_POINT('',#7083);
#2970=VERTEX_POINT('',#7093);
#2971=VERTEX_POINT('',#7095);
#2972=VERTEX_POINT('',#7116);
#2973=VERTEX_POINT('',#7117);
#2974=VERTEX_POINT('',#7119);
#2975=VERTEX_POINT('',#7124);
#2976=VERTEX_POINT('',#7131);
#2977=VERTEX_POINT('',#7133);
#2978=VERTEX_POINT('',#7143);
#2979=VERTEX_POINT('',#7145);
#2980=VERTEX_POINT('',#7155);
#2981=VERTEX_POINT('',#7157);
#2982=VERTEX_POINT('',#7167);
#2983=VERTEX_POINT('',#7169);
#2984=VERTEX_POINT('',#7179);
#2985=VERTEX_POINT('',#7181);
#2986=VERTEX_POINT('',#7191);
#2987=VERTEX_POINT('',#7193);
#2988=VERTEX_POINT('',#7203);
#2989=VERTEX_POINT('',#7205);
#2990=VERTEX_POINT('',#7215);
#2991=VERTEX_POINT('',#7217);
#2992=VERTEX_POINT('',#7227);
#2993=VERTEX_POINT('',#7229);
#2994=VERTEX_POINT('',#7239);
#2995=VERTEX_POINT('',#7241);
#2996=VERTEX_POINT('',#7251);
#2997=VERTEX_POINT('',#7253);
#2998=VERTEX_POINT('',#7268);
#2999=VERTEX_POINT('',#7270);
#3000=VERTEX_POINT('',#7298);
#3001=VERTEX_POINT('',#7299);
#3002=VERTEX_POINT('',#7301);
#3003=VERTEX_POINT('',#7306);
#3004=VERTEX_POINT('',#7313);
#3005=VERTEX_POINT('',#7315);
#3006=VERTEX_POINT('',#7325);
#3007=VERTEX_POINT('',#7327);
#3008=VERTEX_POINT('',#7337);
#3009=VERTEX_POINT('',#7339);
#3010=VERTEX_POINT('',#7349);
#3011=VERTEX_POINT('',#7351);
#3012=VERTEX_POINT('',#7361);
#3013=VERTEX_POINT('',#7363);
#3014=VERTEX_POINT('',#7373);
#3015=VERTEX_POINT('',#7375);
#3016=VERTEX_POINT('',#7385);
#3017=VERTEX_POINT('',#7387);
#3018=VERTEX_POINT('',#7397);
#3019=VERTEX_POINT('',#7399);
#3020=VERTEX_POINT('',#7409);
#3021=VERTEX_POINT('',#7411);
#3022=VERTEX_POINT('',#7421);
#3023=VERTEX_POINT('',#7423);
#3024=VERTEX_POINT('',#7444);
#3025=VERTEX_POINT('',#7445);
#3026=VERTEX_POINT('',#7447);
#3027=VERTEX_POINT('',#7452);
#3028=VERTEX_POINT('',#7459);
#3029=VERTEX_POINT('',#7461);
#3030=VERTEX_POINT('',#7473);
#3031=VERTEX_POINT('',#7475);
#3032=VERTEX_POINT('',#7492);
#3033=VERTEX_POINT('',#7494);
#3034=VERTEX_POINT('',#7509);
#3035=VERTEX_POINT('',#7511);
#3036=VERTEX_POINT('',#7528);
#3037=VERTEX_POINT('',#7530);
#3038=VERTEX_POINT('',#7544);
#3039=VERTEX_POINT('',#7546);
#3040=VERTEX_POINT('',#7567);
#3041=VERTEX_POINT('',#7569);
#3042=VERTEX_POINT('',#7590);
#3043=VERTEX_POINT('',#7591);
#3044=VERTEX_POINT('',#7593);
#3045=VERTEX_POINT('',#7598);
#3046=VERTEX_POINT('',#7605);
#3047=VERTEX_POINT('',#7607);
#3048=VERTEX_POINT('',#7619);
#3049=VERTEX_POINT('',#7621);
#3050=VERTEX_POINT('',#7640);
#3051=VERTEX_POINT('',#7642);
#3052=VERTEX_POINT('',#7659);
#3053=VERTEX_POINT('',#7661);
#3054=VERTEX_POINT('',#7676);
#3055=VERTEX_POINT('',#7678);
#3056=VERTEX_POINT('',#7695);
#3057=VERTEX_POINT('',#7697);
#3058=VERTEX_POINT('',#7709);
#3059=VERTEX_POINT('',#7711);
#3060=VERTEX_POINT('',#7728);
#3061=VERTEX_POINT('',#7730);
#3062=VERTEX_POINT('',#7743);
#3063=VERTEX_POINT('',#7745);
#3064=VERTEX_POINT('',#7760);
#3065=VERTEX_POINT('',#7762);
#3066=VERTEX_POINT('',#7779);
#3067=VERTEX_POINT('',#7781);
#3068=VERTEX_POINT('',#7802);
#3069=VERTEX_POINT('',#7803);
#3070=VERTEX_POINT('',#7805);
#3071=VERTEX_POINT('',#7810);
#3072=VERTEX_POINT('',#7822);
#3073=VERTEX_POINT('',#7824);
#3074=VERTEX_POINT('',#7845);
#3075=VERTEX_POINT('',#7847);
#3076=VERTEX_POINT('',#7870);
#3077=VERTEX_POINT('',#7872);
#3078=VERTEX_POINT('',#7889);
#3079=VERTEX_POINT('',#7891);
#3080=VERTEX_POINT('',#7904);
#3081=VERTEX_POINT('',#7905);
#3082=VERTEX_POINT('',#7907);
#3083=VERTEX_POINT('',#7912);
#3084=VERTEX_POINT('',#7922);
#3085=VERTEX_POINT('',#7924);
#3086=VERTEX_POINT('',#7937);
#3087=VERTEX_POINT('',#7939);
#3088=VERTEX_POINT('',#7949);
#3089=VERTEX_POINT('',#7951);
#3090=VERTEX_POINT('',#7968);
#3091=VERTEX_POINT('',#7970);
#3092=VERTEX_POINT('',#7991);
#3093=VERTEX_POINT('',#7993);
#3094=VERTEX_POINT('',#8006);
#3095=VERTEX_POINT('',#8008);
#3096=VERTEX_POINT('',#8023);
#3097=VERTEX_POINT('',#8025);
#3098=VERTEX_POINT('',#8042);
#3099=VERTEX_POINT('',#8044);
#3100=VERTEX_POINT('',#8057);
#3101=VERTEX_POINT('',#8059);
#3102=VERTEX_POINT('',#8072);
#3103=VERTEX_POINT('',#8074);
#3104=VERTEX_POINT('',#8088);
#3105=VERTEX_POINT('',#8090);
#3106=VERTEX_POINT('',#8113);
#3107=VERTEX_POINT('',#8115);
#3108=VERTEX_POINT('',#8132);
#3109=VERTEX_POINT('',#8134);
#3110=VERTEX_POINT('',#8147);
#3111=VERTEX_POINT('',#8149);
#3112=VERTEX_POINT('',#8162);
#3113=VERTEX_POINT('',#8164);
#3114=VERTEX_POINT('',#8177);
#3115=VERTEX_POINT('',#8179);
#3116=VERTEX_POINT('',#8236);
#3117=VERTEX_POINT('',#8237);
#3118=VERTEX_POINT('',#8239);
#3119=VERTEX_POINT('',#8244);
#3120=VERTEX_POINT('',#8251);
#3121=VERTEX_POINT('',#8253);
#3122=VERTEX_POINT('',#8263);
#3123=VERTEX_POINT('',#8265);
#3124=VERTEX_POINT('',#8292);
#3125=VERTEX_POINT('',#8293);
#3126=VERTEX_POINT('',#8295);
#3127=VERTEX_POINT('',#8306);
#3128=VERTEX_POINT('',#8322);
#3129=VERTEX_POINT('',#8323);
#3130=VERTEX_POINT('',#8325);
#3131=VERTEX_POINT('',#8330);
#3132=VERTEX_POINT('',#8341);
#3133=VERTEX_POINT('',#8343);
#3134=VERTEX_POINT('',#8368);
#3135=VERTEX_POINT('',#8370);
#3136=VERTEX_POINT('',#8391);
#3137=VERTEX_POINT('',#8393);
#3138=VERTEX_POINT('',#8403);
#3139=VERTEX_POINT('',#8405);
#3140=VERTEX_POINT('',#8419);
#3141=VERTEX_POINT('',#8421);
#3142=VERTEX_POINT('',#8448);
#3143=VERTEX_POINT('',#8450);
#3144=VERTEX_POINT('',#8475);
#3145=VERTEX_POINT('',#8477);
#3146=VERTEX_POINT('',#8494);
#3147=VERTEX_POINT('',#8496);
#3148=EDGE_CURVE('',#2792,#2792,#3679,.T.);
#3149=EDGE_CURVE('',#2793,#2793,#3680,.T.);
#3150=EDGE_CURVE('',#2794,#2795,#335,.T.);
#3151=EDGE_CURVE('',#2796,#2794,#336,.T.);
#3152=EDGE_CURVE('',#2796,#2797,#337,.T.);
#3153=EDGE_CURVE('',#2797,#2795,#338,.T.);
#3154=EDGE_CURVE('',#2795,#2798,#285,.T.);
#3155=EDGE_CURVE('',#2797,#2799,#286,.T.);
#3156=EDGE_CURVE('',#2799,#2798,#339,.T.);
#3157=EDGE_CURVE('',#2798,#2800,#340,.T.);
#3158=EDGE_CURVE('',#2799,#2801,#341,.T.);
#3159=EDGE_CURVE('',#2801,#2800,#342,.T.);
#3160=EDGE_CURVE('',#2800,#2802,#343,.T.);
#3161=EDGE_CURVE('',#2801,#2803,#344,.T.);
#3162=EDGE_CURVE('',#2803,#2802,#345,.T.);
#3163=EDGE_CURVE('',#2802,#2804,#346,.T.);
#3164=EDGE_CURVE('',#2803,#2805,#347,.T.);
#3165=EDGE_CURVE('',#2805,#2804,#348,.T.);
#3166=EDGE_CURVE('',#2804,#2806,#349,.T.);
#3167=EDGE_CURVE('',#2805,#2807,#350,.T.);
#3168=EDGE_CURVE('',#2807,#2806,#351,.T.);
#3169=EDGE_CURVE('',#2806,#2808,#352,.T.);
#3170=EDGE_CURVE('',#2807,#2809,#353,.T.);
#3171=EDGE_CURVE('',#2809,#2808,#354,.T.);
#3172=EDGE_CURVE('',#2808,#2810,#355,.T.);
#3173=EDGE_CURVE('',#2809,#2811,#356,.T.);
#3174=EDGE_CURVE('',#2811,#2810,#357,.T.);
#3175=EDGE_CURVE('',#2810,#2812,#358,.T.);
#3176=EDGE_CURVE('',#2811,#2813,#359,.T.);
#3177=EDGE_CURVE('',#2813,#2812,#360,.T.);
#3178=EDGE_CURVE('',#2812,#2814,#287,.T.);
#3179=EDGE_CURVE('',#2813,#2815,#288,.T.);
#3180=EDGE_CURVE('',#2815,#2814,#361,.T.);
#3181=EDGE_CURVE('',#2814,#2816,#362,.T.);
#3182=EDGE_CURVE('',#2815,#2817,#363,.T.);
#3183=EDGE_CURVE('',#2817,#2816,#364,.T.);
#3184=EDGE_CURVE('',#2816,#2818,#289,.T.);
#3185=EDGE_CURVE('',#2817,#2819,#290,.T.);
#3186=EDGE_CURVE('',#2819,#2818,#365,.T.);
#3187=EDGE_CURVE('',#2818,#2820,#366,.T.);
#3188=EDGE_CURVE('',#2819,#2821,#367,.T.);
#3189=EDGE_CURVE('',#2821,#2820,#368,.T.);
#3190=EDGE_CURVE('',#2820,#2822,#369,.T.);
#3191=EDGE_CURVE('',#2821,#2823,#370,.T.);
#3192=EDGE_CURVE('',#2823,#2822,#371,.T.);
#3193=EDGE_CURVE('',#2822,#2824,#372,.T.);
#3194=EDGE_CURVE('',#2823,#2825,#373,.T.);
#3195=EDGE_CURVE('',#2825,#2824,#374,.T.);
#3196=EDGE_CURVE('',#2824,#2826,#375,.T.);
#3197=EDGE_CURVE('',#2825,#2827,#376,.T.);
#3198=EDGE_CURVE('',#2827,#2826,#377,.T.);
#3199=EDGE_CURVE('',#2826,#2828,#378,.T.);
#3200=EDGE_CURVE('',#2827,#2829,#379,.T.);
#3201=EDGE_CURVE('',#2829,#2828,#380,.T.);
#3202=EDGE_CURVE('',#2828,#2830,#381,.T.);
#3203=EDGE_CURVE('',#2829,#2831,#382,.T.);
#3204=EDGE_CURVE('',#2831,#2830,#383,.T.);
#3205=EDGE_CURVE('',#2830,#2832,#384,.T.);
#3206=EDGE_CURVE('',#2831,#2833,#385,.T.);
#3207=EDGE_CURVE('',#2833,#2832,#386,.T.);
#3208=EDGE_CURVE('',#2832,#2794,#291,.T.);
#3209=EDGE_CURVE('',#2833,#2796,#292,.T.);
#3210=EDGE_CURVE('',#2834,#2834,#293,.T.);
#3211=EDGE_CURVE('',#2835,#2835,#294,.T.);
#3212=EDGE_CURVE('',#2836,#2837,#3681,.T.);
#3213=EDGE_CURVE('',#2837,#2838,#3682,.T.);
#3214=EDGE_CURVE('',#2838,#2839,#3683,.T.);
#3215=EDGE_CURVE('',#2839,#2836,#3684,.T.);
#3216=EDGE_CURVE('',#2840,#2841,#3685,.T.);
#3217=EDGE_CURVE('',#2837,#2840,#3686,.T.);
#3218=EDGE_CURVE('',#2841,#2836,#3687,.T.);
#3219=EDGE_CURVE('',#2840,#2842,#3688,.T.);
#3220=EDGE_CURVE('',#2842,#2838,#3689,.T.);
#3221=EDGE_CURVE('',#2843,#2842,#3690,.T.);
#3222=EDGE_CURVE('',#2839,#2843,#3691,.T.);
#3223=EDGE_CURVE('',#2841,#2843,#3692,.T.);
#3224=EDGE_CURVE('',#2844,#2845,#387,.T.);
#3225=EDGE_CURVE('',#2845,#2846,#388,.T.);
#3226=EDGE_CURVE('',#2846,#2847,#389,.T.);
#3227=EDGE_CURVE('',#2847,#2844,#390,.T.);
#3228=EDGE_CURVE('',#2848,#2847,#391,.T.);
#3229=EDGE_CURVE('',#2848,#2849,#392,.T.);
#3230=EDGE_CURVE('',#2849,#2844,#393,.T.);
#3231=EDGE_CURVE('',#2850,#2851,#394,.T.);
#3232=EDGE_CURVE('',#2851,#2852,#395,.T.);
#3233=EDGE_CURVE('',#2852,#2853,#396,.T.);
#3234=EDGE_CURVE('',#2853,#2850,#397,.T.);
#3235=EDGE_CURVE('',#2854,#2855,#398,.T.);
#3236=EDGE_CURVE('',#2854,#2856,#399,.T.);
#3237=EDGE_CURVE('',#2856,#2857,#400,.T.);
#3238=EDGE_CURVE('',#2857,#2855,#401,.T.);
#3239=EDGE_CURVE('',#2858,#2859,#402,.T.);
#3240=EDGE_CURVE('',#2859,#2860,#403,.T.);
#3241=EDGE_CURVE('',#2860,#2861,#404,.T.);
#3242=EDGE_CURVE('',#2861,#2858,#405,.T.);
#3243=EDGE_CURVE('',#2862,#2863,#406,.T.);
#3244=EDGE_CURVE('',#2862,#2864,#407,.T.);
#3245=EDGE_CURVE('',#2865,#2864,#408,.T.);
#3246=EDGE_CURVE('',#2865,#2863,#409,.T.);
#3247=EDGE_CURVE('',#2864,#2866,#295,.T.);
#3248=EDGE_CURVE('',#2866,#2858,#410,.T.);
#3249=EDGE_CURVE('',#2867,#2861,#411,.T.);
#3250=EDGE_CURVE('',#2867,#2854,#296,.T.);
#3251=EDGE_CURVE('',#2855,#2868,#297,.T.);
#3252=EDGE_CURVE('',#2868,#2869,#412,.T.);
#3253=EDGE_CURVE('',#2869,#2848,#298,.T.);
#3254=EDGE_CURVE('',#2870,#2846,#413,.T.);
#3255=EDGE_CURVE('',#2870,#2851,#299,.T.);
#3256=EDGE_CURVE('',#2850,#2865,#300,.T.);
#3257=EDGE_CURVE('',#2871,#2860,#414,.T.);
#3258=EDGE_CURVE('',#2871,#2867,#415,.T.);
#3259=EDGE_CURVE('',#2872,#2859,#416,.T.);
#3260=EDGE_CURVE('',#2872,#2862,#301,.T.);
#3261=EDGE_CURVE('',#2863,#2853,#302,.T.);
#3262=EDGE_CURVE('',#2852,#2873,#303,.T.);
#3263=EDGE_CURVE('',#2845,#2873,#417,.T.);
#3264=EDGE_CURVE('',#2849,#2874,#304,.T.);
#3265=EDGE_CURVE('',#2875,#2874,#418,.T.);
#3266=EDGE_CURVE('',#2875,#2857,#305,.T.);
#3267=EDGE_CURVE('',#2856,#2871,#306,.T.);
#3268=EDGE_CURVE('',#2866,#2872,#419,.T.);
#3269=EDGE_CURVE('',#2868,#2875,#420,.T.);
#3270=EDGE_CURVE('',#2874,#2869,#421,.T.);
#3271=EDGE_CURVE('',#2873,#2870,#422,.T.);
#3272=EDGE_CURVE('',#2876,#2877,#423,.T.);
#3273=EDGE_CURVE('',#2877,#2878,#424,.T.);
#3274=EDGE_CURVE('',#2878,#2879,#425,.T.);
#3275=EDGE_CURVE('',#2879,#2876,#426,.T.);
#3276=EDGE_CURVE('',#2880,#2879,#427,.T.);
#3277=EDGE_CURVE('',#2880,#2881,#428,.T.);
#3278=EDGE_CURVE('',#2881,#2876,#429,.T.);
#3279=EDGE_CURVE('',#2882,#2883,#430,.T.);
#3280=EDGE_CURVE('',#2883,#2884,#431,.T.);
#3281=EDGE_CURVE('',#2884,#2885,#432,.T.);
#3282=EDGE_CURVE('',#2885,#2882,#433,.T.);
#3283=EDGE_CURVE('',#2886,#2887,#434,.T.);
#3284=EDGE_CURVE('',#2887,#2888,#435,.T.);
#3285=EDGE_CURVE('',#2889,#2888,#436,.T.);
#3286=EDGE_CURVE('',#2889,#2886,#437,.T.);
#3287=EDGE_CURVE('',#2890,#2891,#438,.T.);
#3288=EDGE_CURVE('',#2891,#2892,#439,.T.);
#3289=EDGE_CURVE('',#2892,#2893,#440,.T.);
#3290=EDGE_CURVE('',#2893,#2890,#441,.T.);
#3291=EDGE_CURVE('',#2894,#2895,#442,.T.);
#3292=EDGE_CURVE('',#2894,#2896,#443,.T.);
#3293=EDGE_CURVE('',#2897,#2896,#444,.T.);
#3294=EDGE_CURVE('',#2895,#2897,#445,.T.);
#3295=EDGE_CURVE('',#2898,#2893,#446,.T.);
#3296=EDGE_CURVE('',#2898,#2899,#447,.T.);
#3297=EDGE_CURVE('',#2899,#2890,#448,.T.);
#3298=EDGE_CURVE('',#2896,#2883,#307,.T.);
#3299=EDGE_CURVE('',#2882,#2900,#308,.T.);
#3300=EDGE_CURVE('',#2877,#2900,#449,.T.);
#3301=EDGE_CURVE('',#2881,#2901,#309,.T.);
#3302=EDGE_CURVE('',#2902,#2901,#450,.T.);
#3303=EDGE_CURVE('',#2902,#2887,#310,.T.);
#3304=EDGE_CURVE('',#2886,#2898,#311,.T.);
#3305=EDGE_CURVE('',#2897,#2892,#451,.T.);
#3306=EDGE_CURVE('',#2895,#2891,#452,.T.);
#3307=EDGE_CURVE('',#2884,#2894,#312,.T.);
#3308=EDGE_CURVE('',#2899,#2889,#313,.T.);
#3309=EDGE_CURVE('',#2888,#2903,#314,.T.);
#3310=EDGE_CURVE('',#2903,#2904,#453,.T.);
#3311=EDGE_CURVE('',#2904,#2880,#315,.T.);
#3312=EDGE_CURVE('',#2905,#2878,#454,.T.);
#3313=EDGE_CURVE('',#2905,#2885,#316,.T.);
#3314=EDGE_CURVE('',#2901,#2904,#455,.T.);
#3315=EDGE_CURVE('',#2903,#2902,#456,.T.);
#3316=EDGE_CURVE('',#2900,#2905,#457,.T.);
#3317=EDGE_CURVE('',#2906,#2907,#458,.T.);
#3318=EDGE_CURVE('',#2908,#2906,#317,.T.);
#3319=EDGE_CURVE('',#2909,#2908,#459,.T.);
#3320=EDGE_CURVE('',#2910,#2909,#460,.T.);
#3321=EDGE_CURVE('',#2911,#2910,#461,.T.);
#3322=EDGE_CURVE('',#2912,#2911,#462,.T.);
#3323=EDGE_CURVE('',#2913,#2912,#463,.T.);
#3324=EDGE_CURVE('',#2914,#2913,#464,.T.);
#3325=EDGE_CURVE('',#2915,#2914,#465,.T.);
#3326=EDGE_CURVE('',#2916,#2915,#318,.T.);
#3327=EDGE_CURVE('',#2917,#2916,#466,.T.);
#3328=EDGE_CURVE('',#2918,#2917,#319,.T.);
#3329=EDGE_CURVE('',#2919,#2918,#467,.T.);
#3330=EDGE_CURVE('',#2920,#2919,#468,.T.);
#3331=EDGE_CURVE('',#2921,#2920,#469,.T.);
#3332=EDGE_CURVE('',#2922,#2921,#470,.T.);
#3333=EDGE_CURVE('',#2923,#2922,#471,.T.);
#3334=EDGE_CURVE('',#2924,#2923,#472,.T.);
#3335=EDGE_CURVE('',#2925,#2924,#473,.T.);
#3336=EDGE_CURVE('',#2907,#2925,#320,.T.);
#3337=EDGE_CURVE('',#2926,#2927,#474,.T.);
#3338=EDGE_CURVE('',#2927,#2928,#321,.T.);
#3339=EDGE_CURVE('',#2928,#2929,#475,.T.);
#3340=EDGE_CURVE('',#2929,#2930,#322,.T.);
#3341=EDGE_CURVE('',#2930,#2931,#476,.T.);
#3342=EDGE_CURVE('',#2931,#2932,#323,.T.);
#3343=EDGE_CURVE('',#2932,#2933,#477,.T.);
#3344=EDGE_CURVE('',#2933,#2926,#324,.T.);
#3345=EDGE_CURVE('',#2934,#2935,#478,.T.);
#3346=EDGE_CURVE('',#2936,#2934,#325,.T.);
#3347=EDGE_CURVE('',#2937,#2936,#479,.T.);
#3348=EDGE_CURVE('',#2938,#2937,#326,.T.);
#3349=EDGE_CURVE('',#2939,#2938,#480,.T.);
#3350=EDGE_CURVE('',#2940,#2939,#327,.T.);
#3351=EDGE_CURVE('',#2941,#2940,#481,.T.);
#3352=EDGE_CURVE('',#2935,#2941,#328,.T.);
#3353=EDGE_CURVE('',#2936,#2933,#482,.T.);
#3354=EDGE_CURVE('',#2934,#2926,#483,.T.);
#3355=EDGE_CURVE('',#2937,#2932,#484,.T.);
#3356=EDGE_CURVE('',#2938,#2931,#485,.T.);
#3357=EDGE_CURVE('',#2939,#2930,#486,.T.);
#3358=EDGE_CURVE('',#2940,#2929,#487,.T.);
#3359=EDGE_CURVE('',#2941,#2928,#488,.T.);
#3360=EDGE_CURVE('',#2935,#2927,#489,.T.);
#3361=EDGE_CURVE('',#2907,#2942,#490,.T.);
#3362=EDGE_CURVE('',#2942,#2943,#491,.T.);
#3363=EDGE_CURVE('',#2906,#2943,#492,.T.);
#3364=EDGE_CURVE('',#2925,#2944,#493,.T.);
#3365=EDGE_CURVE('',#2944,#2942,#329,.T.);
#3366=EDGE_CURVE('',#2924,#2945,#494,.T.);
#3367=EDGE_CURVE('',#2945,#2944,#495,.T.);
#3368=EDGE_CURVE('',#2923,#2946,#496,.T.);
#3369=EDGE_CURVE('',#2946,#2945,#497,.T.);
#3370=EDGE_CURVE('',#2922,#2947,#498,.T.);
#3371=EDGE_CURVE('',#2947,#2946,#499,.T.);
#3372=EDGE_CURVE('',#2921,#2948,#500,.T.);
#3373=EDGE_CURVE('',#2948,#2947,#501,.T.);
#3374=EDGE_CURVE('',#2920,#2949,#502,.T.);
#3375=EDGE_CURVE('',#2949,#2948,#503,.T.);
#3376=EDGE_CURVE('',#2919,#2950,#504,.T.);
#3377=EDGE_CURVE('',#2950,#2949,#505,.T.);
#3378=EDGE_CURVE('',#2918,#2951,#506,.T.);
#3379=EDGE_CURVE('',#2951,#2950,#507,.T.);
#3380=EDGE_CURVE('',#2917,#2952,#508,.T.);
#3381=EDGE_CURVE('',#2952,#2951,#330,.T.);
#3382=EDGE_CURVE('',#2916,#2953,#509,.T.);
#3383=EDGE_CURVE('',#2953,#2952,#510,.T.);
#3384=EDGE_CURVE('',#2915,#2954,#511,.T.);
#3385=EDGE_CURVE('',#2954,#2953,#331,.T.);
#3386=EDGE_CURVE('',#2914,#2955,#512,.T.);
#3387=EDGE_CURVE('',#2955,#2954,#513,.T.);
#3388=EDGE_CURVE('',#2913,#2956,#514,.T.);
#3389=EDGE_CURVE('',#2956,#2955,#515,.T.);
#3390=EDGE_CURVE('',#2912,#2957,#516,.T.);
#3391=EDGE_CURVE('',#2957,#2956,#517,.T.);
#3392=EDGE_CURVE('',#2911,#2958,#518,.T.);
#3393=EDGE_CURVE('',#2958,#2957,#519,.T.);
#3394=EDGE_CURVE('',#2910,#2959,#520,.T.);
#3395=EDGE_CURVE('',#2959,#2958,#521,.T.);
#3396=EDGE_CURVE('',#2909,#2960,#522,.T.);
#3397=EDGE_CURVE('',#2960,#2959,#523,.T.);
#3398=EDGE_CURVE('',#2908,#2961,#524,.T.);
#3399=EDGE_CURVE('',#2961,#2960,#525,.T.);
#3400=EDGE_CURVE('',#2943,#2961,#332,.T.);
#3401=EDGE_CURVE('',#2962,#2962,#333,.T.);
#3402=EDGE_CURVE('',#2963,#2963,#334,.T.);
#3403=EDGE_CURVE('',#2964,#2965,#3693,.T.);
#3404=EDGE_CURVE('',#2966,#2965,#526,.T.);
#3405=EDGE_CURVE('',#2967,#2966,#3694,.T.);
#3406=EDGE_CURVE('',#2967,#2964,#527,.T.);
#3407=EDGE_CURVE('',#2965,#2968,#3695,.T.);
#3408=EDGE_CURVE('',#2969,#2968,#528,.T.);
#3409=EDGE_CURVE('',#2966,#2969,#3696,.T.);
#3410=EDGE_CURVE('',#2968,#2970,#3697,.T.);
#3411=EDGE_CURVE('',#2971,#2970,#529,.T.);
#3412=EDGE_CURVE('',#2969,#2971,#3698,.T.);
#3413=EDGE_CURVE('',#2970,#2964,#3699,.T.);
#3414=EDGE_CURVE('',#2971,#2967,#3700,.T.);
#3415=EDGE_CURVE('',#2972,#2973,#3701,.T.);
#3416=EDGE_CURVE('',#2974,#2973,#530,.T.);
#3417=EDGE_CURVE('',#2975,#2974,#3702,.T.);
#3418=EDGE_CURVE('',#2975,#2972,#531,.T.);
#3419=EDGE_CURVE('',#2973,#2976,#3703,.T.);
#3420=EDGE_CURVE('',#2977,#2976,#532,.T.);
#3421=EDGE_CURVE('',#2974,#2977,#3704,.T.);
#3422=EDGE_CURVE('',#2976,#2978,#3705,.T.);
#3423=EDGE_CURVE('',#2979,#2978,#533,.T.);
#3424=EDGE_CURVE('',#2977,#2979,#3706,.T.);
#3425=EDGE_CURVE('',#2978,#2980,#3707,.T.);
#3426=EDGE_CURVE('',#2981,#2980,#534,.T.);
#3427=EDGE_CURVE('',#2979,#2981,#3708,.T.);
#3428=EDGE_CURVE('',#2980,#2982,#3709,.T.);
#3429=EDGE_CURVE('',#2983,#2982,#535,.T.);
#3430=EDGE_CURVE('',#2981,#2983,#3710,.T.);
#3431=EDGE_CURVE('',#2982,#2984,#3711,.T.);
#3432=EDGE_CURVE('',#2985,#2984,#536,.T.);
#3433=EDGE_CURVE('',#2983,#2985,#3712,.T.);
#3434=EDGE_CURVE('',#2984,#2986,#3713,.T.);
#3435=EDGE_CURVE('',#2987,#2986,#537,.T.);
#3436=EDGE_CURVE('',#2985,#2987,#3714,.T.);
#3437=EDGE_CURVE('',#2986,#2988,#3715,.T.);
#3438=EDGE_CURVE('',#2989,#2988,#538,.T.);
#3439=EDGE_CURVE('',#2987,#2989,#3716,.T.);
#3440=EDGE_CURVE('',#2988,#2990,#3717,.T.);
#3441=EDGE_CURVE('',#2991,#2990,#539,.T.);
#3442=EDGE_CURVE('',#2989,#2991,#3718,.T.);
#3443=EDGE_CURVE('',#2990,#2992,#3719,.T.);
#3444=EDGE_CURVE('',#2993,#2992,#540,.T.);
#3445=EDGE_CURVE('',#2991,#2993,#3720,.T.);
#3446=EDGE_CURVE('',#2992,#2994,#3721,.T.);
#3447=EDGE_CURVE('',#2995,#2994,#541,.T.);
#3448=EDGE_CURVE('',#2993,#2995,#3722,.T.);
#3449=EDGE_CURVE('',#2994,#2996,#3723,.T.);
#3450=EDGE_CURVE('',#2997,#2996,#542,.T.);
#3451=EDGE_CURVE('',#2995,#2997,#3724,.T.);
#3452=EDGE_CURVE('',#2996,#2998,#3726,.T.);
#3453=EDGE_CURVE('',#2999,#2998,#543,.T.);
#3454=EDGE_CURVE('',#2997,#2999,#3727,.T.);
#3455=EDGE_CURVE('',#2998,#2972,#3729,.T.);
#3456=EDGE_CURVE('',#2999,#2975,#3730,.T.);
#3457=EDGE_CURVE('',#3000,#3001,#3731,.T.);
#3458=EDGE_CURVE('',#3002,#3001,#544,.T.);
#3459=EDGE_CURVE('',#3003,#3002,#3732,.T.);
#3460=EDGE_CURVE('',#3003,#3000,#545,.T.);
#3461=EDGE_CURVE('',#3001,#3004,#3733,.T.);
#3462=EDGE_CURVE('',#3005,#3004,#546,.T.);
#3463=EDGE_CURVE('',#3002,#3005,#3734,.T.);
#3464=EDGE_CURVE('',#3004,#3006,#3735,.T.);
#3465=EDGE_CURVE('',#3007,#3006,#547,.T.);
#3466=EDGE_CURVE('',#3005,#3007,#3736,.T.);
#3467=EDGE_CURVE('',#3006,#3008,#3737,.T.);
#3468=EDGE_CURVE('',#3009,#3008,#548,.T.);
#3469=EDGE_CURVE('',#3007,#3009,#3738,.T.);
#3470=EDGE_CURVE('',#3008,#3010,#3739,.T.);
#3471=EDGE_CURVE('',#3011,#3010,#549,.T.);
#3472=EDGE_CURVE('',#3009,#3011,#3740,.T.);
#3473=EDGE_CURVE('',#3010,#3012,#3741,.T.);
#3474=EDGE_CURVE('',#3013,#3012,#550,.T.);
#3475=EDGE_CURVE('',#3011,#3013,#3742,.T.);
#3476=EDGE_CURVE('',#3012,#3014,#3743,.T.);
#3477=EDGE_CURVE('',#3015,#3014,#551,.T.);
#3478=EDGE_CURVE('',#3013,#3015,#3744,.T.);
#3479=EDGE_CURVE('',#3014,#3016,#3745,.T.);
#3480=EDGE_CURVE('',#3017,#3016,#552,.T.);
#3481=EDGE_CURVE('',#3015,#3017,#3746,.T.);
#3482=EDGE_CURVE('',#3016,#3018,#3747,.T.);
#3483=EDGE_CURVE('',#3019,#3018,#553,.T.);
#3484=EDGE_CURVE('',#3017,#3019,#3748,.T.);
#3485=EDGE_CURVE('',#3018,#3020,#3749,.T.);
#3486=EDGE_CURVE('',#3021,#3020,#554,.T.);
#3487=EDGE_CURVE('',#3019,#3021,#3750,.T.);
#3488=EDGE_CURVE('',#3020,#3022,#3751,.T.);
#3489=EDGE_CURVE('',#3023,#3022,#555,.T.);
#3490=EDGE_CURVE('',#3021,#3023,#3752,.T.);
#3491=EDGE_CURVE('',#3022,#3000,#3753,.T.);
#3492=EDGE_CURVE('',#3023,#3003,#3754,.T.);
#3493=EDGE_CURVE('',#3024,#3025,#3755,.T.);
#3494=EDGE_CURVE('',#3026,#3025,#556,.T.);
#3495=EDGE_CURVE('',#3027,#3026,#3756,.T.);
#3496=EDGE_CURVE('',#3027,#3024,#557,.T.);
#3497=EDGE_CURVE('',#3025,#3028,#3757,.T.);
#3498=EDGE_CURVE('',#3029,#3028,#558,.T.);
#3499=EDGE_CURVE('',#3026,#3029,#3758,.T.);
#3500=EDGE_CURVE('',#3028,#3030,#3759,.T.);
#3501=EDGE_CURVE('',#3031,#3030,#559,.T.);
#3502=EDGE_CURVE('',#3029,#3031,#3760,.T.);
#3503=EDGE_CURVE('',#3030,#3032,#3762,.T.);
#3504=EDGE_CURVE('',#3033,#3032,#560,.T.);
#3505=EDGE_CURVE('',#3031,#3033,#3763,.T.);
#3506=EDGE_CURVE('',#3032,#3034,#3765,.T.);
#3507=EDGE_CURVE('',#3035,#3034,#561,.T.);
#3508=EDGE_CURVE('',#3033,#3035,#3766,.T.);
#3509=EDGE_CURVE('',#3034,#3036,#3768,.T.);
#3510=EDGE_CURVE('',#3037,#3036,#562,.T.);
#3511=EDGE_CURVE('',#3035,#3037,#3769,.T.);
#3512=EDGE_CURVE('',#3036,#3038,#3770,.T.);
#3513=EDGE_CURVE('',#3039,#3038,#563,.T.);
#3514=EDGE_CURVE('',#3037,#3039,#3771,.T.);
#3515=EDGE_CURVE('',#3038,#3040,#3773,.T.);
#3516=EDGE_CURVE('',#3041,#3040,#564,.T.);
#3517=EDGE_CURVE('',#3039,#3041,#3774,.T.);
#3518=EDGE_CURVE('',#3040,#3024,#3775,.T.);
#3519=EDGE_CURVE('',#3041,#3027,#3776,.T.);
#3520=EDGE_CURVE('',#3042,#3043,#3777,.T.);
#3521=EDGE_CURVE('',#3044,#3043,#565,.T.);
#3522=EDGE_CURVE('',#3045,#3044,#3778,.T.);
#3523=EDGE_CURVE('',#3045,#3042,#566,.T.);
#3524=EDGE_CURVE('',#3043,#3046,#3779,.T.);
#3525=EDGE_CURVE('',#3047,#3046,#567,.T.);
#3526=EDGE_CURVE('',#3044,#3047,#3780,.T.);
#3527=EDGE_CURVE('',#3046,#3048,#3781,.T.);
#3528=EDGE_CURVE('',#3049,#3048,#568,.T.);
#3529=EDGE_CURVE('',#3047,#3049,#3782,.T.);
#3530=EDGE_CURVE('',#3048,#3050,#3784,.T.);
#3531=EDGE_CURVE('',#3051,#3050,#569,.T.);
#3532=EDGE_CURVE('',#3049,#3051,#3785,.T.);
#3533=EDGE_CURVE('',#3050,#3052,#3787,.T.);
#3534=EDGE_CURVE('',#3053,#3052,#570,.T.);
#3535=EDGE_CURVE('',#3051,#3053,#3788,.T.);
#3536=EDGE_CURVE('',#3052,#3054,#3790,.T.);
#3537=EDGE_CURVE('',#3055,#3054,#571,.T.);
#3538=EDGE_CURVE('',#3053,#3055,#3791,.T.);
#3539=EDGE_CURVE('',#3054,#3056,#3793,.T.);
#3540=EDGE_CURVE('',#3057,#3056,#572,.T.);
#3541=EDGE_CURVE('',#3055,#3057,#3794,.T.);
#3542=EDGE_CURVE('',#3056,#3058,#3795,.T.);
#3543=EDGE_CURVE('',#3059,#3058,#573,.T.);
#3544=EDGE_CURVE('',#3057,#3059,#3796,.T.);
#3545=EDGE_CURVE('',#3058,#3060,#3798,.T.);
#3546=EDGE_CURVE('',#3061,#3060,#574,.T.);
#3547=EDGE_CURVE('',#3059,#3061,#3799,.T.);
#3548=EDGE_CURVE('',#3060,#3062,#3801,.T.);
#3549=EDGE_CURVE('',#3063,#3062,#575,.T.);
#3550=EDGE_CURVE('',#3061,#3063,#3802,.T.);
#3551=EDGE_CURVE('',#3062,#3064,#3804,.T.);
#3552=EDGE_CURVE('',#3065,#3064,#576,.T.);
#3553=EDGE_CURVE('',#3063,#3065,#3805,.T.);
#3554=EDGE_CURVE('',#3064,#3066,#3807,.T.);
#3555=EDGE_CURVE('',#3067,#3066,#577,.T.);
#3556=EDGE_CURVE('',#3065,#3067,#3808,.T.);
#3557=EDGE_CURVE('',#3066,#3042,#3809,.T.);
#3558=EDGE_CURVE('',#3067,#3045,#3810,.T.);
#3559=EDGE_CURVE('',#3068,#3069,#3811,.T.);
#3560=EDGE_CURVE('',#3070,#3069,#578,.T.);
#3561=EDGE_CURVE('',#3071,#3070,#3812,.T.);
#3562=EDGE_CURVE('',#3071,#3068,#579,.T.);
#3563=EDGE_CURVE('',#3069,#3072,#3814,.T.);
#3564=EDGE_CURVE('',#3073,#3072,#580,.T.);
#3565=EDGE_CURVE('',#3070,#3073,#3815,.T.);
#3566=EDGE_CURVE('',#3072,#3074,#3817,.T.);
#3567=EDGE_CURVE('',#3075,#3074,#581,.T.);
#3568=EDGE_CURVE('',#3073,#3075,#3818,.T.);
#3569=EDGE_CURVE('',#3074,#3076,#3820,.T.);
#3570=EDGE_CURVE('',#3077,#3076,#582,.T.);
#3571=EDGE_CURVE('',#3075,#3077,#3821,.T.);
#3572=EDGE_CURVE('',#3076,#3078,#3823,.T.);
#3573=EDGE_CURVE('',#3079,#3078,#583,.T.);
#3574=EDGE_CURVE('',#3077,#3079,#3824,.T.);
#3575=EDGE_CURVE('',#3080,#3081,#3826,.T.);
#3576=EDGE_CURVE('',#3082,#3081,#584,.T.);
#3577=EDGE_CURVE('',#3083,#3082,#3827,.T.);
#3578=EDGE_CURVE('',#3083,#3080,#585,.T.);
#3579=EDGE_CURVE('',#3081,#3084,#3829,.T.);
#3580=EDGE_CURVE('',#3085,#3084,#586,.T.);
#3581=EDGE_CURVE('',#3082,#3085,#3830,.T.);
#3582=EDGE_CURVE('',#3084,#3086,#3832,.T.);
#3583=EDGE_CURVE('',#3087,#3086,#587,.T.);
#3584=EDGE_CURVE('',#3085,#3087,#3833,.T.);
#3585=EDGE_CURVE('',#3086,#3088,#3834,.T.);
#3586=EDGE_CURVE('',#3089,#3088,#588,.T.);
#3587=EDGE_CURVE('',#3087,#3089,#3835,.T.);
#3588=EDGE_CURVE('',#3088,#3090,#3837,.T.);
#3589=EDGE_CURVE('',#3091,#3090,#589,.T.);
#3590=EDGE_CURVE('',#3089,#3091,#3838,.T.);
#3591=EDGE_CURVE('',#3090,#3092,#3840,.T.);
#3592=EDGE_CURVE('',#3093,#3092,#590,.T.);
#3593=EDGE_CURVE('',#3091,#3093,#3841,.T.);
#3594=EDGE_CURVE('',#3092,#3094,#3843,.T.);
#3595=EDGE_CURVE('',#3095,#3094,#591,.T.);
#3596=EDGE_CURVE('',#3093,#3095,#3844,.T.);
#3597=EDGE_CURVE('',#3094,#3096,#3846,.T.);
#3598=EDGE_CURVE('',#3097,#3096,#592,.T.);
#3599=EDGE_CURVE('',#3095,#3097,#3847,.T.);
#3600=EDGE_CURVE('',#3096,#3098,#3849,.T.);
#3601=EDGE_CURVE('',#3099,#3098,#593,.T.);
#3602=EDGE_CURVE('',#3097,#3099,#3850,.T.);
#3603=EDGE_CURVE('',#3098,#3100,#3852,.T.);
#3604=EDGE_CURVE('',#3101,#3100,#594,.T.);
#3605=EDGE_CURVE('',#3099,#3101,#3853,.T.);
#3606=EDGE_CURVE('',#3100,#3102,#3855,.T.);
#3607=EDGE_CURVE('',#3103,#3102,#595,.T.);
#3608=EDGE_CURVE('',#3101,#3103,#3856,.T.);
#3609=EDGE_CURVE('',#3102,#3104,#3857,.T.);
#3610=EDGE_CURVE('',#3105,#3104,#596,.T.);
#3611=EDGE_CURVE('',#3103,#3105,#3858,.T.);
#3612=EDGE_CURVE('',#3104,#3106,#3860,.T.);
#3613=EDGE_CURVE('',#3107,#3106,#597,.T.);
#3614=EDGE_CURVE('',#3105,#3107,#3861,.T.);
#3615=EDGE_CURVE('',#3106,#3108,#3863,.T.);
#3616=EDGE_CURVE('',#3109,#3108,#598,.T.);
#3617=EDGE_CURVE('',#3107,#3109,#3864,.T.);
#3618=EDGE_CURVE('',#3108,#3110,#3866,.T.);
#3619=EDGE_CURVE('',#3111,#3110,#599,.T.);
#3620=EDGE_CURVE('',#3109,#3111,#3867,.T.);
#3621=EDGE_CURVE('',#3110,#3112,#3869,.T.);
#3622=EDGE_CURVE('',#3113,#3112,#600,.T.);
#3623=EDGE_CURVE('',#3111,#3113,#3870,.T.);
#3624=EDGE_CURVE('',#3112,#3114,#3872,.T.);
#3625=EDGE_CURVE('',#3115,#3114,#601,.T.);
#3626=EDGE_CURVE('',#3113,#3115,#3873,.T.);
#3627=EDGE_CURVE('',#3114,#3080,#3875,.T.);
#3628=EDGE_CURVE('',#3115,#3083,#3876,.T.);
#3629=EDGE_CURVE('',#3078,#3068,#3878,.T.);
#3630=EDGE_CURVE('',#3079,#3071,#3879,.T.);
#3631=EDGE_CURVE('',#3116,#3117,#3881,.T.);
#3632=EDGE_CURVE('',#3118,#3117,#602,.T.);
#3633=EDGE_CURVE('',#3119,#3118,#3882,.T.);
#3634=EDGE_CURVE('',#3119,#3116,#603,.T.);
#3635=EDGE_CURVE('',#3117,#3120,#3883,.T.);
#3636=EDGE_CURVE('',#3121,#3120,#604,.T.);
#3637=EDGE_CURVE('',#3118,#3121,#3884,.T.);
#3638=EDGE_CURVE('',#3120,#3122,#3885,.T.);
#3639=EDGE_CURVE('',#3123,#3122,#605,.T.);
#3640=EDGE_CURVE('',#3121,#3123,#3886,.T.);
#3641=EDGE_CURVE('',#3122,#3116,#3887,.T.);
#3642=EDGE_CURVE('',#3123,#3119,#3888,.T.);
#3643=EDGE_CURVE('',#3124,#3125,#3889,.T.);
#3644=EDGE_CURVE('',#3126,#3125,#606,.T.);
#3645=EDGE_CURVE('',#3127,#3126,#3890,.T.);
#3646=EDGE_CURVE('',#3124,#3127,#607,.T.);
#3647=EDGE_CURVE('',#3128,#3129,#3892,.T.);
#3648=EDGE_CURVE('',#3130,#3129,#608,.T.);
#3649=EDGE_CURVE('',#3131,#3130,#3893,.T.);
#3650=EDGE_CURVE('',#3131,#3128,#609,.T.);
#3651=EDGE_CURVE('',#3129,#3132,#3894,.T.);
#3652=EDGE_CURVE('',#3133,#3132,#610,.T.);
#3653=EDGE_CURVE('',#3130,#3133,#3895,.T.);
#3654=EDGE_CURVE('',#3132,#3134,#3897,.T.);
#3655=EDGE_CURVE('',#3135,#3134,#611,.T.);
#3656=EDGE_CURVE('',#3133,#3135,#3898,.T.);
#3657=EDGE_CURVE('',#3134,#3136,#3900,.T.);
#3658=EDGE_CURVE('',#3137,#3136,#612,.T.);
#3659=EDGE_CURVE('',#3135,#3137,#3901,.T.);
#3660=EDGE_CURVE('',#3136,#3138,#3902,.T.);
#3661=EDGE_CURVE('',#3139,#3138,#613,.T.);
#3662=EDGE_CURVE('',#3137,#3139,#3903,.T.);
#3663=EDGE_CURVE('',#3138,#3140,#3904,.T.);
#3664=EDGE_CURVE('',#3141,#3140,#614,.T.);
#3665=EDGE_CURVE('',#3139,#3141,#3905,.T.);
#3666=EDGE_CURVE('',#3140,#3142,#3907,.T.);
#3667=EDGE_CURVE('',#3143,#3142,#615,.T.);
#3668=EDGE_CURVE('',#3141,#3143,#3908,.T.);
#3669=EDGE_CURVE('',#3142,#3144,#3910,.T.);
#3670=EDGE_CURVE('',#3145,#3144,#616,.T.);
#3671=EDGE_CURVE('',#3143,#3145,#3911,.T.);
#3672=EDGE_CURVE('',#3144,#3146,#3913,.T.);
#3673=EDGE_CURVE('',#3147,#3146,#617,.T.);
#3674=EDGE_CURVE('',#3145,#3147,#3914,.T.);
#3675=EDGE_CURVE('',#3146,#3128,#3916,.T.);
#3676=EDGE_CURVE('',#3147,#3131,#3917,.T.);
#3677=EDGE_CURVE('',#3125,#3124,#3919,.T.);
#3678=EDGE_CURVE('',#3126,#3127,#3920,.T.);
#3679=B_SPLINE_CURVE_WITH_KNOTS('',3,(#4878,#4879,#4880,#4881,#4882,#4883,
#4884),.UNSPECIFIED.,.T.,.F.,(1,3,3,3,1),(-0.5,0.,0.5,1.,1.5),
 .UNSPECIFIED.);
#3680=B_SPLINE_CURVE_WITH_KNOTS('',3,(#4886,#4887,#4888,#4889,#4890,#4891,
#4892,#4893,#4894,#4895,#4896,#4897,#4898),.UNSPECIFIED.,.T.,.F.,(1,3,3,
3,3,3,1),(-0.25,0.,0.25,0.5,0.75,1.,1.25),.UNSPECIFIED.);
#3681=B_SPLINE_CURVE_WITH_KNOTS('',1,(#5097,#5098),.UNSPECIFIED.,.F.,.F.,
(2,2),(0.,1.),.UNSPECIFIED.);
#3682=B_SPLINE_CURVE_WITH_KNOTS('',3,(#5101,#5102,#5103,#5104,#5105,#5106,
#5107,#5108,#5109,#5110,#5111,#5112,#5113,#5114,#5115,#5116,#5117,#5118,
#5119,#5120,#5121,#5122,#5123,#5124,#5125,#5126,#5127,#5128,#5129,#5130,
#5131,#5132,#5133,#5134,#5135,#5136,#5137,#5138,#5139,#5140,#5141,#5142,
#5143,#5144,#5145,#5146,#5147,#5148,#5149,#5150,#5151,#5152,#5153,#5154,
#5155,#5156,#5157,#5158,#5159,#5160,#5161,#5162,#5163,#5164,#5165,#5166,
#5167,#5168,#5169,#5170,#5171,#5172,#5173,#5174,#5175,#5176,#5177,#5178,
#5179,#5180,#5181,#5182,#5183,#5184,#5185,#5186,#5187,#5188,#5189,#5190,
#5191,#5192,#5193,#5194,#5195,#5196,#5197,#5198,#5199,#5200,#5201,#5202,
#5203,#5204,#5205,#5206,#5207,#5208,#5209,#5210,#5211,#5212,#5213,#5214,
#5215,#5216,#5217,#5218,#5219,#5220,#5221,#5222,#5223,#5224,#5225,#5226,
#5227,#5228,#5229,#5230,#5231),.UNSPECIFIED.,.F.,.F.,(4,1,1,1,1,1,1,1,1,
1,1,1,1,1,1,1,1,1,1,1,1,1,1,1,1,1,1,1,1,1,1,1,1,1,1,1,1,1,1,1,1,1,1,1,1,
1,1,1,1,1,1,1,1,1,1,1,1,1,1,1,1,1,1,1,1,1,1,1,1,1,1,1,1,1,1,1,1,1,1,1,1,
1,1,1,1,1,1,1,1,1,1,1,1,1,1,1,1,1,1,1,1,1,1,1,1,1,1,1,1,1,1,1,1,1,1,1,1,
1,1,1,1,1,1,1,1,1,1,1,4),(0.,0.0078125,0.015625,0.0234375,0.03125,0.0390625,
0.046875,0.0546875,0.0625,0.0703125,0.078125,0.0859375,0.09375,0.1015625,
0.109375,0.1171875,0.125,0.1328125,0.140625,0.1484375,0.15625,0.1640625,
0.171875,0.1796875,0.1875,0.1953125,0.203125,0.2109375,0.21875,0.2265625,
0.234375,0.2421875,0.25,0.2578125,0.265625,0.2734375,0.28125,0.2890625,
0.296875,0.3046875,0.3125,0.3203125,0.328125,0.3359375,0.34375,0.3515625,
0.359375,0.3671875,0.375,0.3828125,0.390625,0.3984375,0.40625,0.4140625,
0.421875,0.4296875,0.4375,0.4453125,0.453125,0.4609375,0.46875,0.4765625,
0.484375,0.4921875,0.5,0.5078125,0.515625,0.5234375,0.53125,0.5390625,0.546875,
0.5546875,0.5625,0.5703125,0.578125,0.5859375,0.59375,0.6015625,0.609375,
0.6171875,0.625,0.6328125,0.640625,0.6484375,0.65625,0.6640625,0.671875,
0.6796875,0.6875,0.6953125,0.703125,0.7109375,0.71875,0.7265625,0.734375,
0.7421875,0.75,0.7578125,0.765625,0.7734375,0.78125,0.7890625,0.796875,
0.8046875,0.8125,0.8203125,0.828125,0.8359375,0.84375,0.8515625,0.859375,
0.8671875,0.875,0.8828125,0.890625,0.8984375,0.90625,0.9140625,0.921875,
0.9296875,0.9375,0.9453125,0.953125,0.9609375,0.96875,0.9765625,0.984375,
0.9921875,1.),.UNSPECIFIED.);
#3683=B_SPLINE_CURVE_WITH_KNOTS('',1,(#5233,#5234),.UNSPECIFIED.,.F.,.F.,
(2,2),(0.,1.),.UNSPECIFIED.);
#3684=B_SPLINE_CURVE_WITH_KNOTS('',3,(#5236,#5237,#5238,#5239,#5240,#5241,
#5242,#5243,#5244,#5245,#5246,#5247,#5248,#5249,#5250,#5251,#5252,#5253,
#5254,#5255,#5256,#5257,#5258,#5259,#5260,#5261,#5262,#5263,#5264,#5265,
#5266,#5267,#5268,#5269,#5270,#5271,#5272,#5273,#5274,#5275,#5276,#5277,
#5278,#5279,#5280,#5281,#5282,#5283,#5284,#5285,#5286,#5287,#5288,#5289,
#5290,#5291,#5292,#5293,#5294,#5295,#5296,#5297,#5298,#5299,#5300,#5301,
#5302,#5303,#5304,#5305,#5306,#5307,#5308,#5309,#5310,#5311,#5312,#5313,
#5314,#5315,#5316,#5317,#5318,#5319,#5320,#5321,#5322,#5323,#5324,#5325,
#5326,#5327,#5328,#5329,#5330,#5331,#5332,#5333,#5334,#5335,#5336,#5337,
#5338,#5339,#5340,#5341,#5342,#5343,#5344,#5345,#5346,#5347,#5348,#5349,
#5350,#5351,#5352,#5353,#5354,#5355,#5356,#5357,#5358,#5359,#5360,#5361,
#5362,#5363,#5364,#5365,#5366),.UNSPECIFIED.,.F.,.F.,(4,1,1,1,1,1,1,1,1,
1,1,1,1,1,1,1,1,1,1,1,1,1,1,1,1,1,1,1,1,1,1,1,1,1,1,1,1,1,1,1,1,1,1,1,1,
1,1,1,1,1,1,1,1,1,1,1,1,1,1,1,1,1,1,1,1,1,1,1,1,1,1,1,1,1,1,1,1,1,1,1,1,
1,1,1,1,1,1,1,1,1,1,1,1,1,1,1,1,1,1,1,1,1,1,1,1,1,1,1,1,1,1,1,1,1,1,1,1,
1,1,1,1,1,1,1,1,1,1,1,4),(0.,0.0078125,0.015625,0.0234375,0.03125,0.0390625,
0.046875,0.0546875,0.0625,0.0703125,0.078125,0.0859375,0.09375,0.1015625,
0.109375,0.1171875,0.125,0.1328125,0.140625,0.1484375,0.15625,0.1640625,
0.171875,0.1796875,0.1875,0.1953125,0.203125,0.2109375,0.21875,0.2265625,
0.234375,0.2421875,0.25,0.2578125,0.265625,0.2734375,0.28125,0.2890625,
0.296875,0.3046875,0.3125,0.3203125,0.328125,0.3359375,0.34375,0.3515625,
0.359375,0.3671875,0.375,0.3828125,0.390625,0.3984375,0.40625,0.4140625,
0.421875,0.4296875,0.4375,0.4453125,0.453125,0.4609375,0.46875,0.4765625,
0.484375,0.4921875,0.5,0.5078125,0.515625,0.5234375,0.53125,0.5390625,0.546875,
0.5546875,0.5625,0.5703125,0.578125,0.5859375,0.59375,0.6015625,0.609375,
0.6171875,0.625,0.6328125,0.640625,0.6484375,0.65625,0.6640625,0.671875,
0.6796875,0.6875,0.6953125,0.703125,0.7109375,0.71875,0.7265625,0.734375,
0.7421875,0.75,0.7578125,0.765625,0.7734375,0.78125,0.7890625,0.796875,
0.8046875,0.8125,0.8203125,0.828125,0.8359375,0.84375,0.8515625,0.859375,
0.8671875,0.875,0.8828125,0.890625,0.8984375,0.90625,0.9140625,0.921875,
0.9296875,0.9375,0.9453125,0.953125,0.9609375,0.96875,0.9765625,0.984375,
0.9921875,1.),.UNSPECIFIED.);
#3685=B_SPLINE_CURVE_WITH_KNOTS('',1,(#5629,#5630),.UNSPECIFIED.,.F.,.F.,
(2,2),(0.,1.),.UNSPECIFIED.);
#3686=B_SPLINE_CURVE_WITH_KNOTS('',1,(#5633,#5634),.UNSPECIFIED.,.F.,.F.,
(2,2),(0.,1.),.UNSPECIFIED.);
#3687=B_SPLINE_CURVE_WITH_KNOTS('',1,(#5635,#5636),.UNSPECIFIED.,.F.,.F.,
(2,2),(0.,1.),.UNSPECIFIED.);
#3688=B_SPLINE_CURVE_WITH_KNOTS('',3,(#5638,#5639,#5640,#5641,#5642,#5643,
#5644,#5645,#5646,#5647,#5648,#5649,#5650,#5651,#5652,#5653,#5654,#5655,
#5656,#5657,#5658,#5659,#5660,#5661,#5662,#5663,#5664,#5665,#5666,#5667,
#5668,#5669,#5670,#5671,#5672,#5673,#5674,#5675,#5676,#5677,#5678,#5679,
#5680,#5681,#5682,#5683,#5684,#5685,#5686,#5687,#5688,#5689,#5690,#5691,
#5692,#5693,#5694,#5695,#5696,#5697,#5698,#5699,#5700,#5701,#5702,#5703,
#5704,#5705,#5706,#5707,#5708,#5709,#5710,#5711,#5712,#5713,#5714,#5715,
#5716,#5717,#5718,#5719,#5720,#5721,#5722,#5723,#5724,#5725,#5726,#5727,
#5728,#5729,#5730,#5731,#5732,#5733,#5734,#5735,#5736,#5737,#5738,#5739,
#5740,#5741,#5742,#5743,#5744,#5745,#5746,#5747,#5748,#5749,#5750,#5751,
#5752,#5753,#5754,#5755,#5756,#5757,#5758,#5759,#5760,#5761,#5762,#5763,
#5764,#5765,#5766,#5767,#5768),.UNSPECIFIED.,.F.,.F.,(4,1,1,1,1,1,1,1,1,
1,1,1,1,1,1,1,1,1,1,1,1,1,1,1,1,1,1,1,1,1,1,1,1,1,1,1,1,1,1,1,1,1,1,1,1,
1,1,1,1,1,1,1,1,1,1,1,1,1,1,1,1,1,1,1,1,1,1,1,1,1,1,1,1,1,1,1,1,1,1,1,1,
1,1,1,1,1,1,1,1,1,1,1,1,1,1,1,1,1,1,1,1,1,1,1,1,1,1,1,1,1,1,1,1,1,1,1,1,
1,1,1,1,1,1,1,1,1,1,1,4),(0.,0.0078125,0.015625,0.0234375,0.03125,0.0390625,
0.046875,0.0546875,0.0625,0.0703125,0.078125,0.0859375,0.09375,0.1015625,
0.109375,0.1171875,0.125,0.1328125,0.140625,0.1484375,0.15625,0.1640625,
0.171875,0.1796875,0.1875,0.1953125,0.203125,0.2109375,0.21875,0.2265625,
0.234375,0.2421875,0.25,0.2578125,0.265625,0.2734375,0.28125,0.2890625,
0.296875,0.3046875,0.3125,0.3203125,0.328125,0.3359375,0.34375,0.3515625,
0.359375,0.3671875,0.375,0.3828125,0.390625,0.3984375,0.40625,0.4140625,
0.421875,0.4296875,0.4375,0.4453125,0.453125,0.4609375,0.46875,0.4765625,
0.484375,0.4921875,0.5,0.5078125,0.515625,0.5234375,0.53125,0.5390625,0.546875,
0.5546875,0.5625,0.5703125,0.578125,0.5859375,0.59375,0.6015625,0.609375,
0.6171875,0.625,0.6328125,0.640625,0.6484375,0.65625,0.6640625,0.671875,
0.6796875,0.6875,0.6953125,0.703125,0.7109375,0.71875,0.7265625,0.734375,
0.7421875,0.75,0.7578125,0.765625,0.7734375,0.78125,0.7890625,0.796875,
0.8046875,0.8125,0.8203125,0.828125,0.8359375,0.84375,0.8515625,0.859375,
0.8671875,0.875,0.8828125,0.890625,0.8984375,0.90625,0.9140625,0.921875,
0.9296875,0.9375,0.9453125,0.953125,0.9609375,0.96875,0.9765625,0.984375,
0.9921875,1.),.UNSPECIFIED.);
#3689=B_SPLINE_CURVE_WITH_KNOTS('',1,(#5770,#5771),.UNSPECIFIED.,.F.,.F.,
(2,2),(0.,1.),.UNSPECIFIED.);
#3690=B_SPLINE_CURVE_WITH_KNOTS('',1,(#6034,#6035),.UNSPECIFIED.,.F.,.F.,
(2,2),(0.,1.),.UNSPECIFIED.);
#3691=B_SPLINE_CURVE_WITH_KNOTS('',1,(#6037,#6038),.UNSPECIFIED.,.F.,.F.,
(2,2),(0.,1.),.UNSPECIFIED.);
#3692=B_SPLINE_CURVE_WITH_KNOTS('',3,(#6040,#6041,#6042,#6043,#6044,#6045,
#6046,#6047,#6048,#6049,#6050,#6051,#6052,#6053,#6054,#6055,#6056,#6057,
#6058,#6059,#6060,#6061,#6062,#6063,#6064,#6065,#6066,#6067,#6068,#6069,
#6070,#6071,#6072,#6073,#6074,#6075,#6076,#6077,#6078,#6079,#6080,#6081,
#6082,#6083,#6084,#6085,#6086,#6087,#6088,#6089,#6090,#6091,#6092,#6093,
#6094,#6095,#6096,#6097,#6098,#6099,#6100,#6101,#6102,#6103,#6104,#6105,
#6106,#6107,#6108,#6109,#6110,#6111,#6112,#6113,#6114,#6115,#6116,#6117,
#6118,#6119,#6120,#6121,#6122,#6123,#6124,#6125,#6126,#6127,#6128,#6129,
#6130,#6131,#6132,#6133,#6134,#6135,#6136,#6137,#6138,#6139,#6140,#6141,
#6142,#6143,#6144,#6145,#6146,#6147,#6148,#6149,#6150,#6151,#6152,#6153,
#6154,#6155,#6156,#6157,#6158,#6159,#6160,#6161,#6162,#6163,#6164,#6165,
#6166,#6167,#6168,#6169,#6170),.UNSPECIFIED.,.F.,.F.,(4,1,1,1,1,1,1,1,1,
1,1,1,1,1,1,1,1,1,1,1,1,1,1,1,1,1,1,1,1,1,1,1,1,1,1,1,1,1,1,1,1,1,1,1,1,
1,1,1,1,1,1,1,1,1,1,1,1,1,1,1,1,1,1,1,1,1,1,1,1,1,1,1,1,1,1,1,1,1,1,1,1,
1,1,1,1,1,1,1,1,1,1,1,1,1,1,1,1,1,1,1,1,1,1,1,1,1,1,1,1,1,1,1,1,1,1,1,1,
1,1,1,1,1,1,1,1,1,1,1,4),(0.,0.0078125,0.015625,0.0234375,0.03125,0.0390625,
0.046875,0.0546875,0.0625,0.0703125,0.078125,0.0859375,0.09375,0.1015625,
0.109375,0.1171875,0.125,0.1328125,0.140625,0.1484375,0.15625,0.1640625,
0.171875,0.1796875,0.1875,0.1953125,0.203125,0.2109375,0.21875,0.2265625,
0.234375,0.2421875,0.25,0.2578125,0.265625,0.2734375,0.28125,0.2890625,
0.296875,0.3046875,0.3125,0.3203125,0.328125,0.3359375,0.34375,0.3515625,
0.359375,0.3671875,0.375,0.3828125,0.390625,0.3984375,0.40625,0.4140625,
0.421875,0.4296875,0.4375,0.4453125,0.453125,0.4609375,0.46875,0.4765625,
0.484375,0.4921875,0.5,0.5078125,0.515625,0.5234375,0.53125,0.5390625,0.546875,
0.5546875,0.5625,0.5703125,0.578125,0.5859375,0.59375,0.6015625,0.609375,
0.6171875,0.625,0.6328125,0.640625,0.6484375,0.65625,0.6640625,0.671875,
0.6796875,0.6875,0.6953125,0.703125,0.7109375,0.71875,0.7265625,0.734375,
0.7421875,0.75,0.7578125,0.765625,0.7734375,0.78125,0.7890625,0.796875,
0.8046875,0.8125,0.8203125,0.828125,0.8359375,0.84375,0.8515625,0.859375,
0.8671875,0.875,0.8828125,0.890625,0.8984375,0.90625,0.9140625,0.921875,
0.9296875,0.9375,0.9453125,0.953125,0.9609375,0.96875,0.9765625,0.984375,
0.9921875,1.),.UNSPECIFIED.);
#3693=B_SPLINE_CURVE_WITH_KNOTS('',3,(#7062,#7063,#7064,#7065),
 .UNSPECIFIED.,.F.,.F.,(4,4),(0.,1.),.UNSPECIFIED.);
#3694=B_SPLINE_CURVE_WITH_KNOTS('',3,(#7070,#7071,#7072,#7073),
 .UNSPECIFIED.,.F.,.F.,(4,4),(0.,1.),.UNSPECIFIED.);
#3695=B_SPLINE_CURVE_WITH_KNOTS('',3,(#7077,#7078,#7079,#7080),
 .UNSPECIFIED.,.F.,.F.,(4,4),(0.,1.),.UNSPECIFIED.);
#3696=B_SPLINE_CURVE_WITH_KNOTS('',3,(#7084,#7085,#7086,#7087),
 .UNSPECIFIED.,.F.,.F.,(4,4),(0.,1.),.UNSPECIFIED.);
#3697=B_SPLINE_CURVE_WITH_KNOTS('',3,(#7089,#7090,#7091,#7092),
 .UNSPECIFIED.,.F.,.F.,(4,4),(0.,1.),.UNSPECIFIED.);
#3698=B_SPLINE_CURVE_WITH_KNOTS('',3,(#7096,#7097,#7098,#7099),
 .UNSPECIFIED.,.F.,.F.,(4,4),(0.,1.),.UNSPECIFIED.);
#3699=B_SPLINE_CURVE_WITH_KNOTS('',3,(#7101,#7102,#7103,#7104),
 .UNSPECIFIED.,.F.,.F.,(4,4),(0.,1.),.UNSPECIFIED.);
#3700=B_SPLINE_CURVE_WITH_KNOTS('',3,(#7105,#7106,#7107,#7108),
 .UNSPECIFIED.,.F.,.F.,(4,4),(0.,1.),.UNSPECIFIED.);
#3701=B_SPLINE_CURVE_WITH_KNOTS('',3,(#7112,#7113,#7114,#7115),
 .UNSPECIFIED.,.F.,.F.,(4,4),(0.,1.),.UNSPECIFIED.);
#3702=B_SPLINE_CURVE_WITH_KNOTS('',3,(#7120,#7121,#7122,#7123),
 .UNSPECIFIED.,.F.,.F.,(4,4),(0.,1.),.UNSPECIFIED.);
#3703=B_SPLINE_CURVE_WITH_KNOTS('',3,(#7127,#7128,#7129,#7130),
 .UNSPECIFIED.,.F.,.F.,(4,4),(0.,1.),.UNSPECIFIED.);
#3704=B_SPLINE_CURVE_WITH_KNOTS('',3,(#7134,#7135,#7136,#7137),
 .UNSPECIFIED.,.F.,.F.,(4,4),(0.,1.),.UNSPECIFIED.);
#3705=B_SPLINE_CURVE_WITH_KNOTS('',3,(#7139,#7140,#7141,#7142),
 .UNSPECIFIED.,.F.,.F.,(4,4),(0.,1.),.UNSPECIFIED.);
#3706=B_SPLINE_CURVE_WITH_KNOTS('',3,(#7146,#7147,#7148,#7149),
 .UNSPECIFIED.,.F.,.F.,(4,4),(0.,1.),.UNSPECIFIED.);
#3707=B_SPLINE_CURVE_WITH_KNOTS('',3,(#7151,#7152,#7153,#7154),
 .UNSPECIFIED.,.F.,.F.,(4,4),(0.,1.),.UNSPECIFIED.);
#3708=B_SPLINE_CURVE_WITH_KNOTS('',3,(#7158,#7159,#7160,#7161),
 .UNSPECIFIED.,.F.,.F.,(4,4),(0.,1.),.UNSPECIFIED.);
#3709=B_SPLINE_CURVE_WITH_KNOTS('',3,(#7163,#7164,#7165,#7166),
 .UNSPECIFIED.,.F.,.F.,(4,4),(0.,1.),.UNSPECIFIED.);
#3710=B_SPLINE_CURVE_WITH_KNOTS('',3,(#7170,#7171,#7172,#7173),
 .UNSPECIFIED.,.F.,.F.,(4,4),(0.,1.),.UNSPECIFIED.);
#3711=B_SPLINE_CURVE_WITH_KNOTS('',3,(#7175,#7176,#7177,#7178),
 .UNSPECIFIED.,.F.,.F.,(4,4),(0.,1.),.UNSPECIFIED.);
#3712=B_SPLINE_CURVE_WITH_KNOTS('',3,(#7182,#7183,#7184,#7185),
 .UNSPECIFIED.,.F.,.F.,(4,4),(0.,1.),.UNSPECIFIED.);
#3713=B_SPLINE_CURVE_WITH_KNOTS('',3,(#7187,#7188,#7189,#7190),
 .UNSPECIFIED.,.F.,.F.,(4,4),(0.,1.),.UNSPECIFIED.);
#3714=B_SPLINE_CURVE_WITH_KNOTS('',3,(#7194,#7195,#7196,#7197),
 .UNSPECIFIED.,.F.,.F.,(4,4),(0.,1.),.UNSPECIFIED.);
#3715=B_SPLINE_CURVE_WITH_KNOTS('',3,(#7199,#7200,#7201,#7202),
 .UNSPECIFIED.,.F.,.F.,(4,4),(0.,1.),.UNSPECIFIED.);
#3716=B_SPLINE_CURVE_WITH_KNOTS('',3,(#7206,#7207,#7208,#7209),
 .UNSPECIFIED.,.F.,.F.,(4,4),(0.,1.),.UNSPECIFIED.);
#3717=B_SPLINE_CURVE_WITH_KNOTS('',3,(#7211,#7212,#7213,#7214),
 .UNSPECIFIED.,.F.,.F.,(4,4),(0.,1.),.UNSPECIFIED.);
#3718=B_SPLINE_CURVE_WITH_KNOTS('',3,(#7218,#7219,#7220,#7221),
 .UNSPECIFIED.,.F.,.F.,(4,4),(0.,1.),.UNSPECIFIED.);
#3719=B_SPLINE_CURVE_WITH_KNOTS('',3,(#7223,#7224,#7225,#7226),
 .UNSPECIFIED.,.F.,.F.,(4,4),(0.,1.),.UNSPECIFIED.);
#3720=B_SPLINE_CURVE_WITH_KNOTS('',3,(#7230,#7231,#7232,#7233),
 .UNSPECIFIED.,.F.,.F.,(4,4),(0.,1.),.UNSPECIFIED.);
#3721=B_SPLINE_CURVE_WITH_KNOTS('',3,(#7235,#7236,#7237,#7238),
 .UNSPECIFIED.,.F.,.F.,(4,4),(0.,1.),.UNSPECIFIED.);
#3722=B_SPLINE_CURVE_WITH_KNOTS('',3,(#7242,#7243,#7244,#7245),
 .UNSPECIFIED.,.F.,.F.,(4,4),(0.,1.),.UNSPECIFIED.);
#3723=B_SPLINE_CURVE_WITH_KNOTS('',3,(#7247,#7248,#7249,#7250),
 .UNSPECIFIED.,.F.,.F.,(4,4),(0.,1.),.UNSPECIFIED.);
#3724=B_SPLINE_CURVE_WITH_KNOTS('',3,(#7254,#7255,#7256,#7257),
 .UNSPECIFIED.,.F.,.F.,(4,4),(0.,1.),.UNSPECIFIED.);
#3725=B_SPLINE_CURVE_WITH_KNOTS('',3,(#7258,#7259,#7260,#7261),
 .UNSPECIFIED.,.F.,.F.,(4,4),(0.,1.),.UNSPECIFIED.);
#3726=B_SPLINE_CURVE_WITH_KNOTS('',3,(#7262,#7263,#7264,#7265,#7266,#7267),
 .UNSPECIFIED.,.F.,.F.,(4,2,4),(0.,0.218500441324,1.),.UNSPECIFIED.);
#3727=B_SPLINE_CURVE_WITH_KNOTS('',3,(#7271,#7272,#7273,#7274,#7275,#7276),
 .UNSPECIFIED.,.F.,.F.,(4,2,4),(0.,0.218500441324,1.),.UNSPECIFIED.);
#3728=B_SPLINE_CURVE_WITH_KNOTS('',3,(#7277,#7278,#7279,#7280,#7281,#7282),
 .UNSPECIFIED.,.F.,.F.,(4,2,4),(0.,0.218500441324,1.),.UNSPECIFIED.);
#3729=B_SPLINE_CURVE_WITH_KNOTS('',3,(#7283,#7284,#7285,#7286),
 .UNSPECIFIED.,.F.,.F.,(4,4),(0.,1.),.UNSPECIFIED.);
#3730=B_SPLINE_CURVE_WITH_KNOTS('',3,(#7287,#7288,#7289,#7290),
 .UNSPECIFIED.,.F.,.F.,(4,4),(0.,1.),.UNSPECIFIED.);
#3731=B_SPLINE_CURVE_WITH_KNOTS('',3,(#7294,#7295,#7296,#7297),
 .UNSPECIFIED.,.F.,.F.,(4,4),(0.,1.),.UNSPECIFIED.);
#3732=B_SPLINE_CURVE_WITH_KNOTS('',3,(#7302,#7303,#7304,#7305),
 .UNSPECIFIED.,.F.,.F.,(4,4),(0.,1.),.UNSPECIFIED.);
#3733=B_SPLINE_CURVE_WITH_KNOTS('',3,(#7309,#7310,#7311,#7312),
 .UNSPECIFIED.,.F.,.F.,(4,4),(0.,1.),.UNSPECIFIED.);
#3734=B_SPLINE_CURVE_WITH_KNOTS('',3,(#7316,#7317,#7318,#7319),
 .UNSPECIFIED.,.F.,.F.,(4,4),(0.,1.),.UNSPECIFIED.);
#3735=B_SPLINE_CURVE_WITH_KNOTS('',3,(#7321,#7322,#7323,#7324),
 .UNSPECIFIED.,.F.,.F.,(4,4),(0.,1.),.UNSPECIFIED.);
#3736=B_SPLINE_CURVE_WITH_KNOTS('',3,(#7328,#7329,#7330,#7331),
 .UNSPECIFIED.,.F.,.F.,(4,4),(0.,1.),.UNSPECIFIED.);
#3737=B_SPLINE_CURVE_WITH_KNOTS('',3,(#7333,#7334,#7335,#7336),
 .UNSPECIFIED.,.F.,.F.,(4,4),(0.,1.),.UNSPECIFIED.);
#3738=B_SPLINE_CURVE_WITH_KNOTS('',3,(#7340,#7341,#7342,#7343),
 .UNSPECIFIED.,.F.,.F.,(4,4),(0.,1.),.UNSPECIFIED.);
#3739=B_SPLINE_CURVE_WITH_KNOTS('',3,(#7345,#7346,#7347,#7348),
 .UNSPECIFIED.,.F.,.F.,(4,4),(0.,1.),.UNSPECIFIED.);
#3740=B_SPLINE_CURVE_WITH_KNOTS('',3,(#7352,#7353,#7354,#7355),
 .UNSPECIFIED.,.F.,.F.,(4,4),(0.,1.),.UNSPECIFIED.);
#3741=B_SPLINE_CURVE_WITH_KNOTS('',3,(#7357,#7358,#7359,#7360),
 .UNSPECIFIED.,.F.,.F.,(4,4),(0.,1.),.UNSPECIFIED.);
#3742=B_SPLINE_CURVE_WITH_KNOTS('',3,(#7364,#7365,#7366,#7367),
 .UNSPECIFIED.,.F.,.F.,(4,4),(0.,1.),.UNSPECIFIED.);
#3743=B_SPLINE_CURVE_WITH_KNOTS('',3,(#7369,#7370,#7371,#7372),
 .UNSPECIFIED.,.F.,.F.,(4,4),(0.,1.),.UNSPECIFIED.);
#3744=B_SPLINE_CURVE_WITH_KNOTS('',3,(#7376,#7377,#7378,#7379),
 .UNSPECIFIED.,.F.,.F.,(4,4),(0.,1.),.UNSPECIFIED.);
#3745=B_SPLINE_CURVE_WITH_KNOTS('',3,(#7381,#7382,#7383,#7384),
 .UNSPECIFIED.,.F.,.F.,(4,4),(0.,1.),.UNSPECIFIED.);
#3746=B_SPLINE_CURVE_WITH_KNOTS('',3,(#7388,#7389,#7390,#7391),
 .UNSPECIFIED.,.F.,.F.,(4,4),(0.,1.),.UNSPECIFIED.);
#3747=B_SPLINE_CURVE_WITH_KNOTS('',3,(#7393,#7394,#7395,#7396),
 .UNSPECIFIED.,.F.,.F.,(4,4),(0.,1.),.UNSPECIFIED.);
#3748=B_SPLINE_CURVE_WITH_KNOTS('',3,(#7400,#7401,#7402,#7403),
 .UNSPECIFIED.,.F.,.F.,(4,4),(0.,1.),.UNSPECIFIED.);
#3749=B_SPLINE_CURVE_WITH_KNOTS('',3,(#7405,#7406,#7407,#7408),
 .UNSPECIFIED.,.F.,.F.,(4,4),(0.,1.),.UNSPECIFIED.);
#3750=B_SPLINE_CURVE_WITH_KNOTS('',3,(#7412,#7413,#7414,#7415),
 .UNSPECIFIED.,.F.,.F.,(4,4),(0.,1.),.UNSPECIFIED.);
#3751=B_SPLINE_CURVE_WITH_KNOTS('',3,(#7417,#7418,#7419,#7420),
 .UNSPECIFIED.,.F.,.F.,(4,4),(0.,1.),.UNSPECIFIED.);
#3752=B_SPLINE_CURVE_WITH_KNOTS('',3,(#7424,#7425,#7426,#7427),
 .UNSPECIFIED.,.F.,.F.,(4,4),(0.,1.),.UNSPECIFIED.);
#3753=B_SPLINE_CURVE_WITH_KNOTS('',3,(#7429,#7430,#7431,#7432),
 .UNSPECIFIED.,.F.,.F.,(4,4),(0.,1.),.UNSPECIFIED.);
#3754=B_SPLINE_CURVE_WITH_KNOTS('',3,(#7433,#7434,#7435,#7436),
 .UNSPECIFIED.,.F.,.F.,(4,4),(0.,1.),.UNSPECIFIED.);
#3755=B_SPLINE_CURVE_WITH_KNOTS('',3,(#7440,#7441,#7442,#7443),
 .UNSPECIFIED.,.F.,.F.,(4,4),(0.,1.),.UNSPECIFIED.);
#3756=B_SPLINE_CURVE_WITH_KNOTS('',3,(#7448,#7449,#7450,#7451),
 .UNSPECIFIED.,.F.,.F.,(4,4),(0.,1.),.UNSPECIFIED.);
#3757=B_SPLINE_CURVE_WITH_KNOTS('',3,(#7455,#7456,#7457,#7458),
 .UNSPECIFIED.,.F.,.F.,(4,4),(0.,1.),.UNSPECIFIED.);
#3758=B_SPLINE_CURVE_WITH_KNOTS('',3,(#7462,#7463,#7464,#7465),
 .UNSPECIFIED.,.F.,.F.,(4,4),(0.,1.),.UNSPECIFIED.);
#3759=B_SPLINE_CURVE_WITH_KNOTS('',3,(#7467,#7468,#7469,#7470,#7471,#7472),
 .UNSPECIFIED.,.F.,.F.,(4,2,4),(0.,0.709909047391096,1.),.UNSPECIFIED.);
#3760=B_SPLINE_CURVE_WITH_KNOTS('',3,(#7476,#7477,#7478,#7479,#7480,#7481),
 .UNSPECIFIED.,.F.,.F.,(4,2,4),(0.,0.709909047391096,1.),.UNSPECIFIED.);
#3761=B_SPLINE_CURVE_WITH_KNOTS('',3,(#7482,#7483,#7484,#7485,#7486,#7487),
 .UNSPECIFIED.,.F.,.F.,(4,2,4),(0.,0.709909047391096,1.),.UNSPECIFIED.);
#3762=B_SPLINE_CURVE_WITH_KNOTS('',3,(#7488,#7489,#7490,#7491),
 .UNSPECIFIED.,.F.,.F.,(4,4),(0.,1.),.UNSPECIFIED.);
#3763=B_SPLINE_CURVE_WITH_KNOTS('',3,(#7495,#7496,#7497,#7498),
 .UNSPECIFIED.,.F.,.F.,(4,4),(0.,1.),.UNSPECIFIED.);
#3764=B_SPLINE_CURVE_WITH_KNOTS('',3,(#7499,#7500,#7501,#7502),
 .UNSPECIFIED.,.F.,.F.,(4,4),(0.,1.),.UNSPECIFIED.);
#3765=B_SPLINE_CURVE_WITH_KNOTS('',3,(#7503,#7504,#7505,#7506,#7507,#7508),
 .UNSPECIFIED.,.F.,.F.,(4,2,4),(0.,0.472972972972971,1.),.UNSPECIFIED.);
#3766=B_SPLINE_CURVE_WITH_KNOTS('',3,(#7512,#7513,#7514,#7515,#7516,#7517),
 .UNSPECIFIED.,.F.,.F.,(4,2,4),(0.,0.472972972972971,1.),.UNSPECIFIED.);
#3767=B_SPLINE_CURVE_WITH_KNOTS('',3,(#7518,#7519,#7520,#7521,#7522,#7523),
 .UNSPECIFIED.,.F.,.F.,(4,2,4),(0.,0.472972972972971,1.),.UNSPECIFIED.);
#3768=B_SPLINE_CURVE_WITH_KNOTS('',3,(#7524,#7525,#7526,#7527),
 .UNSPECIFIED.,.F.,.F.,(4,4),(0.,1.),.UNSPECIFIED.);
#3769=B_SPLINE_CURVE_WITH_KNOTS('',3,(#7531,#7532,#7533,#7534),
 .UNSPECIFIED.,.F.,.F.,(4,4),(0.,1.),.UNSPECIFIED.);
#3770=B_SPLINE_CURVE_WITH_KNOTS('',3,(#7536,#7537,#7538,#7539,#7540,#7541,
#7542,#7543),.UNSPECIFIED.,.F.,.F.,(4,2,2,4),(0.,0.419689119170985,0.709844559585495,
1.),.UNSPECIFIED.);
#3771=B_SPLINE_CURVE_WITH_KNOTS('',3,(#7547,#7548,#7549,#7550,#7551,#7552,
#7553,#7554),.UNSPECIFIED.,.F.,.F.,(4,2,2,4),(0.,0.419689119170985,0.709844559585495,
1.),.UNSPECIFIED.);
#3772=B_SPLINE_CURVE_WITH_KNOTS('',3,(#7555,#7556,#7557,#7558,#7559,#7560,
#7561,#7562),.UNSPECIFIED.,.F.,.F.,(4,2,2,4),(0.,0.419689119170985,0.709844559585495,
1.),.UNSPECIFIED.);
#3773=B_SPLINE_CURVE_WITH_KNOTS('',3,(#7563,#7564,#7565,#7566),
 .UNSPECIFIED.,.F.,.F.,(4,4),(0.,1.),.UNSPECIFIED.);
#3774=B_SPLINE_CURVE_WITH_KNOTS('',3,(#7570,#7571,#7572,#7573),
 .UNSPECIFIED.,.F.,.F.,(4,4),(0.,1.),.UNSPECIFIED.);
#3775=B_SPLINE_CURVE_WITH_KNOTS('',3,(#7575,#7576,#7577,#7578),
 .UNSPECIFIED.,.F.,.F.,(4,4),(0.,1.),.UNSPECIFIED.);
#3776=B_SPLINE_CURVE_WITH_KNOTS('',3,(#7579,#7580,#7581,#7582),
 .UNSPECIFIED.,.F.,.F.,(4,4),(0.,1.),.UNSPECIFIED.);
#3777=B_SPLINE_CURVE_WITH_KNOTS('',3,(#7586,#7587,#7588,#7589),
 .UNSPECIFIED.,.F.,.F.,(4,4),(0.,1.),.UNSPECIFIED.);
#3778=B_SPLINE_CURVE_WITH_KNOTS('',3,(#7594,#7595,#7596,#7597),
 .UNSPECIFIED.,.F.,.F.,(4,4),(0.,1.),.UNSPECIFIED.);
#3779=B_SPLINE_CURVE_WITH_KNOTS('',3,(#7601,#7602,#7603,#7604),
 .UNSPECIFIED.,.F.,.F.,(4,4),(0.,1.),.UNSPECIFIED.);
#3780=B_SPLINE_CURVE_WITH_KNOTS('',3,(#7608,#7609,#7610,#7611),
 .UNSPECIFIED.,.F.,.F.,(4,4),(0.,1.),.UNSPECIFIED.);
#3781=B_SPLINE_CURVE_WITH_KNOTS('',3,(#7613,#7614,#7615,#7616,#7617,#7618),
 .UNSPECIFIED.,.F.,.F.,(4,2,4),(0.,0.587542726927459,1.),.UNSPECIFIED.);
#3782=B_SPLINE_CURVE_WITH_KNOTS('',3,(#7622,#7623,#7624,#7625,#7626,#7627),
 .UNSPECIFIED.,.F.,.F.,(4,2,4),(0.,0.587542726927459,1.),.UNSPECIFIED.);
#3783=B_SPLINE_CURVE_WITH_KNOTS('',3,(#7628,#7629,#7630,#7631,#7632,#7633),
 .UNSPECIFIED.,.F.,.F.,(4,2,4),(0.,0.587542726927459,1.),.UNSPECIFIED.);
#3784=B_SPLINE_CURVE_WITH_KNOTS('',3,(#7634,#7635,#7636,#7637,#7638,#7639),
 .UNSPECIFIED.,.F.,.F.,(4,2,4),(0.,0.614457831325303,1.),.UNSPECIFIED.);
#3785=B_SPLINE_CURVE_WITH_KNOTS('',3,(#7643,#7644,#7645,#7646,#7647,#7648),
 .UNSPECIFIED.,.F.,.F.,(4,2,4),(0.,0.614457831325303,1.),.UNSPECIFIED.);
#3786=B_SPLINE_CURVE_WITH_KNOTS('',3,(#7649,#7650,#7651,#7652,#7653,#7654),
 .UNSPECIFIED.,.F.,.F.,(4,2,4),(0.,0.614457831325303,1.),.UNSPECIFIED.);
#3787=B_SPLINE_CURVE_WITH_KNOTS('',3,(#7655,#7656,#7657,#7658),
 .UNSPECIFIED.,.F.,.F.,(4,4),(0.,1.),.UNSPECIFIED.);
#3788=B_SPLINE_CURVE_WITH_KNOTS('',3,(#7662,#7663,#7664,#7665),
 .UNSPECIFIED.,.F.,.F.,(4,4),(0.,1.),.UNSPECIFIED.);
#3789=B_SPLINE_CURVE_WITH_KNOTS('',3,(#7666,#7667,#7668,#7669),
 .UNSPECIFIED.,.F.,.F.,(4,4),(0.,1.),.UNSPECIFIED.);
#3790=B_SPLINE_CURVE_WITH_KNOTS('',3,(#7670,#7671,#7672,#7673,#7674,#7675),
 .UNSPECIFIED.,.F.,.F.,(4,2,4),(0.,0.253466204506066,1.),.UNSPECIFIED.);
#3791=B_SPLINE_CURVE_WITH_KNOTS('',3,(#7679,#7680,#7681,#7682,#7683,#7684),
 .UNSPECIFIED.,.F.,.F.,(4,2,4),(0.,0.253466204506066,1.),.UNSPECIFIED.);
#3792=B_SPLINE_CURVE_WITH_KNOTS('',3,(#7685,#7686,#7687,#7688,#7689,#7690),
 .UNSPECIFIED.,.F.,.F.,(4,2,4),(0.,0.253466204506066,1.),.UNSPECIFIED.);
#3793=B_SPLINE_CURVE_WITH_KNOTS('',3,(#7691,#7692,#7693,#7694),
 .UNSPECIFIED.,.F.,.F.,(4,4),(0.,1.),.UNSPECIFIED.);
#3794=B_SPLINE_CURVE_WITH_KNOTS('',3,(#7698,#7699,#7700,#7701),
 .UNSPECIFIED.,.F.,.F.,(4,4),(0.,1.),.UNSPECIFIED.);
#3795=B_SPLINE_CURVE_WITH_KNOTS('',3,(#7703,#7704,#7705,#7706,#7707,#7708),
 .UNSPECIFIED.,.F.,.F.,(4,2,4),(0.,0.7233070211882,1.),.UNSPECIFIED.);
#3796=B_SPLINE_CURVE_WITH_KNOTS('',3,(#7712,#7713,#7714,#7715,#7716,#7717),
 .UNSPECIFIED.,.F.,.F.,(4,2,4),(0.,0.7233070211882,1.),.UNSPECIFIED.);
#3797=B_SPLINE_CURVE_WITH_KNOTS('',3,(#7718,#7719,#7720,#7721,#7722,#7723),
 .UNSPECIFIED.,.F.,.F.,(4,2,4),(0.,0.7233070211882,1.),.UNSPECIFIED.);
#3798=B_SPLINE_CURVE_WITH_KNOTS('',3,(#7724,#7725,#7726,#7727),
 .UNSPECIFIED.,.F.,.F.,(4,4),(0.,1.),.UNSPECIFIED.);
#3799=B_SPLINE_CURVE_WITH_KNOTS('',3,(#7731,#7732,#7733,#7734),
 .UNSPECIFIED.,.F.,.F.,(4,4),(0.,1.),.UNSPECIFIED.);
#3800=B_SPLINE_CURVE_WITH_KNOTS('',3,(#7735,#7736,#7737,#7738),
 .UNSPECIFIED.,.F.,.F.,(4,4),(0.,1.),.UNSPECIFIED.);
#3801=B_SPLINE_CURVE_WITH_KNOTS('',3,(#7739,#7740,#7741,#7742),
 .UNSPECIFIED.,.F.,.F.,(4,4),(0.,1.),.UNSPECIFIED.);
#3802=B_SPLINE_CURVE_WITH_KNOTS('',3,(#7746,#7747,#7748,#7749),
 .UNSPECIFIED.,.F.,.F.,(4,4),(0.,1.),.UNSPECIFIED.);
#3803=B_SPLINE_CURVE_WITH_KNOTS('',3,(#7750,#7751,#7752,#7753),
 .UNSPECIFIED.,.F.,.F.,(4,4),(0.,1.),.UNSPECIFIED.);
#3804=B_SPLINE_CURVE_WITH_KNOTS('',3,(#7754,#7755,#7756,#7757,#7758,#7759),
 .UNSPECIFIED.,.F.,.F.,(4,2,4),(0.,0.303191489361703,1.),.UNSPECIFIED.);
#3805=B_SPLINE_CURVE_WITH_KNOTS('',3,(#7763,#7764,#7765,#7766,#7767,#7768),
 .UNSPECIFIED.,.F.,.F.,(4,2,4),(0.,0.303191489361703,1.),.UNSPECIFIED.);
#3806=B_SPLINE_CURVE_WITH_KNOTS('',3,(#7769,#7770,#7771,#7772,#7773,#7774),
 .UNSPECIFIED.,.F.,.F.,(4,2,4),(0.,0.303191489361703,1.),.UNSPECIFIED.);
#3807=B_SPLINE_CURVE_WITH_KNOTS('',3,(#7775,#7776,#7777,#7778),
 .UNSPECIFIED.,.F.,.F.,(4,4),(0.,1.),.UNSPECIFIED.);
#3808=B_SPLINE_CURVE_WITH_KNOTS('',3,(#7782,#7783,#7784,#7785),
 .UNSPECIFIED.,.F.,.F.,(4,4),(0.,1.),.UNSPECIFIED.);
#3809=B_SPLINE_CURVE_WITH_KNOTS('',3,(#7787,#7788,#7789,#7790),
 .UNSPECIFIED.,.F.,.F.,(4,4),(0.,1.),.UNSPECIFIED.);
#3810=B_SPLINE_CURVE_WITH_KNOTS('',3,(#7791,#7792,#7793,#7794),
 .UNSPECIFIED.,.F.,.F.,(4,4),(0.,1.),.UNSPECIFIED.);
#3811=B_SPLINE_CURVE_WITH_KNOTS('',3,(#7798,#7799,#7800,#7801),
 .UNSPECIFIED.,.F.,.F.,(4,4),(0.,1.),.UNSPECIFIED.);
#3812=B_SPLINE_CURVE_WITH_KNOTS('',3,(#7806,#7807,#7808,#7809),
 .UNSPECIFIED.,.F.,.F.,(4,4),(0.,1.),.UNSPECIFIED.);
#3813=B_SPLINE_CURVE_WITH_KNOTS('',3,(#7812,#7813,#7814,#7815),
 .UNSPECIFIED.,.F.,.F.,(4,4),(0.,1.),.UNSPECIFIED.);
#3814=B_SPLINE_CURVE_WITH_KNOTS('',3,(#7816,#7817,#7818,#7819,#7820,#7821),
 .UNSPECIFIED.,.F.,.F.,(4,2,4),(0.,0.217552533992583,1.),.UNSPECIFIED.);
#3815=B_SPLINE_CURVE_WITH_KNOTS('',3,(#7825,#7826,#7827,#7828,#7829,#7830),
 .UNSPECIFIED.,.F.,.F.,(4,2,4),(0.,0.217552533992583,1.),.UNSPECIFIED.);
#3816=B_SPLINE_CURVE_WITH_KNOTS('',3,(#7831,#7832,#7833,#7834,#7835,#7836),
 .UNSPECIFIED.,.F.,.F.,(4,2,4),(0.,0.217552533992583,1.),.UNSPECIFIED.);
#3817=B_SPLINE_CURVE_WITH_KNOTS('',3,(#7837,#7838,#7839,#7840,#7841,#7842,
#7843,#7844),.UNSPECIFIED.,.F.,.F.,(4,2,2,4),(0.,0.33213644524237,0.66427289048474,
1.),.UNSPECIFIED.);
#3818=B_SPLINE_CURVE_WITH_KNOTS('',3,(#7848,#7849,#7850,#7851,#7852,#7853,
#7854,#7855),.UNSPECIFIED.,.F.,.F.,(4,2,2,4),(0.,0.33213644524237,0.66427289048474,
1.),.UNSPECIFIED.);
#3819=B_SPLINE_CURVE_WITH_KNOTS('',3,(#7856,#7857,#7858,#7859,#7860,#7861,
#7862,#7863),.UNSPECIFIED.,.F.,.F.,(4,2,2,4),(0.,0.33213644524237,0.66427289048474,
1.),.UNSPECIFIED.);
#3820=B_SPLINE_CURVE_WITH_KNOTS('',3,(#7864,#7865,#7866,#7867,#7868,#7869),
 .UNSPECIFIED.,.F.,.F.,(4,2,4),(0.,0.606635071090048,1.),.UNSPECIFIED.);
#3821=B_SPLINE_CURVE_WITH_KNOTS('',3,(#7873,#7874,#7875,#7876,#7877,#7878),
 .UNSPECIFIED.,.F.,.F.,(4,2,4),(0.,0.606635071090048,1.),.UNSPECIFIED.);
#3822=B_SPLINE_CURVE_WITH_KNOTS('',3,(#7879,#7880,#7881,#7882,#7883,#7884),
 .UNSPECIFIED.,.F.,.F.,(4,2,4),(0.,0.606635071090048,1.),.UNSPECIFIED.);
#3823=B_SPLINE_CURVE_WITH_KNOTS('',3,(#7885,#7886,#7887,#7888),
 .UNSPECIFIED.,.F.,.F.,(4,4),(0.,1.),.UNSPECIFIED.);
#3824=B_SPLINE_CURVE_WITH_KNOTS('',3,(#7892,#7893,#7894,#7895),
 .UNSPECIFIED.,.F.,.F.,(4,4),(0.,1.),.UNSPECIFIED.);
#3825=B_SPLINE_CURVE_WITH_KNOTS('',3,(#7896,#7897,#7898,#7899),
 .UNSPECIFIED.,.F.,.F.,(4,4),(0.,1.),.UNSPECIFIED.);
#3826=B_SPLINE_CURVE_WITH_KNOTS('',3,(#7900,#7901,#7902,#7903),
 .UNSPECIFIED.,.F.,.F.,(4,4),(0.,1.),.UNSPECIFIED.);
#3827=B_SPLINE_CURVE_WITH_KNOTS('',3,(#7908,#7909,#7910,#7911),
 .UNSPECIFIED.,.F.,.F.,(4,4),(0.,1.),.UNSPECIFIED.);
#3828=B_SPLINE_CURVE_WITH_KNOTS('',3,(#7914,#7915,#7916,#7917),
 .UNSPECIFIED.,.F.,.F.,(4,4),(0.,1.),.UNSPECIFIED.);
#3829=B_SPLINE_CURVE_WITH_KNOTS('',3,(#7918,#7919,#7920,#7921),
 .UNSPECIFIED.,.F.,.F.,(4,4),(0.,1.),.UNSPECIFIED.);
#3830=B_SPLINE_CURVE_WITH_KNOTS('',3,(#7925,#7926,#7927,#7928),
 .UNSPECIFIED.,.F.,.F.,(4,4),(0.,1.),.UNSPECIFIED.);
#3831=B_SPLINE_CURVE_WITH_KNOTS('',3,(#7929,#7930,#7931,#7932),
 .UNSPECIFIED.,.F.,.F.,(4,4),(0.,1.),.UNSPECIFIED.);
#3832=B_SPLINE_CURVE_WITH_KNOTS('',3,(#7933,#7934,#7935,#7936),
 .UNSPECIFIED.,.F.,.F.,(4,4),(0.,1.),.UNSPECIFIED.);
#3833=B_SPLINE_CURVE_WITH_KNOTS('',3,(#7940,#7941,#7942,#7943),
 .UNSPECIFIED.,.F.,.F.,(4,4),(0.,1.),.UNSPECIFIED.);
#3834=B_SPLINE_CURVE_WITH_KNOTS('',3,(#7945,#7946,#7947,#7948),
 .UNSPECIFIED.,.F.,.F.,(4,4),(0.,1.),.UNSPECIFIED.);
#3835=B_SPLINE_CURVE_WITH_KNOTS('',3,(#7952,#7953,#7954,#7955),
 .UNSPECIFIED.,.F.,.F.,(4,4),(0.,1.),.UNSPECIFIED.);
#3836=B_SPLINE_CURVE_WITH_KNOTS('',3,(#7956,#7957,#7958,#7959),
 .UNSPECIFIED.,.F.,.F.,(4,4),(0.,1.),.UNSPECIFIED.);
#3837=B_SPLINE_CURVE_WITH_KNOTS('',3,(#7960,#7961,#7962,#7963,#7964,#7965,
#7966,#7967),.UNSPECIFIED.,.F.,.F.,(4,2,2,4),(0.,0.511832061068702,0.756106870229007,
1.),.UNSPECIFIED.);
#3838=B_SPLINE_CURVE_WITH_KNOTS('',3,(#7971,#7972,#7973,#7974,#7975,#7976,
#7977,#7978),.UNSPECIFIED.,.F.,.F.,(4,2,2,4),(0.,0.511832061068702,0.756106870229007,
1.),.UNSPECIFIED.);
#3839=B_SPLINE_CURVE_WITH_KNOTS('',3,(#7979,#7980,#7981,#7982,#7983,#7984,
#7985,#7986),.UNSPECIFIED.,.F.,.F.,(4,2,2,4),(0.,0.511832061068702,0.756106870229007,
1.),.UNSPECIFIED.);
#3840=B_SPLINE_CURVE_WITH_KNOTS('',3,(#7987,#7988,#7989,#7990),
 .UNSPECIFIED.,.F.,.F.,(4,4),(0.,1.),.UNSPECIFIED.);
#3841=B_SPLINE_CURVE_WITH_KNOTS('',3,(#7994,#7995,#7996,#7997),
 .UNSPECIFIED.,.F.,.F.,(4,4),(0.,1.),.UNSPECIFIED.);
#3842=B_SPLINE_CURVE_WITH_KNOTS('',3,(#7998,#7999,#8000,#8001),
 .UNSPECIFIED.,.F.,.F.,(4,4),(0.,1.),.UNSPECIFIED.);
#3843=B_SPLINE_CURVE_WITH_KNOTS('',3,(#8002,#8003,#8004,#8005),
 .UNSPECIFIED.,.F.,.F.,(4,4),(0.,1.),.UNSPECIFIED.);
#3844=B_SPLINE_CURVE_WITH_KNOTS('',3,(#8009,#8010,#8011,#8012),
 .UNSPECIFIED.,.F.,.F.,(4,4),(0.,1.),.UNSPECIFIED.);
#3845=B_SPLINE_CURVE_WITH_KNOTS('',3,(#8013,#8014,#8015,#8016),
 .UNSPECIFIED.,.F.,.F.,(4,4),(0.,1.),.UNSPECIFIED.);
#3846=B_SPLINE_CURVE_WITH_KNOTS('',3,(#8017,#8018,#8019,#8020,#8021,#8022),
 .UNSPECIFIED.,.F.,.F.,(4,2,4),(0.,0.498969072164948,1.),.UNSPECIFIED.);
#3847=B_SPLINE_CURVE_WITH_KNOTS('',3,(#8026,#8027,#8028,#8029,#8030,#8031),
 .UNSPECIFIED.,.F.,.F.,(4,2,4),(0.,0.498969072164948,1.),.UNSPECIFIED.);
#3848=B_SPLINE_CURVE_WITH_KNOTS('',3,(#8032,#8033,#8034,#8035,#8036,#8037),
 .UNSPECIFIED.,.F.,.F.,(4,2,4),(0.,0.498969072164948,1.),.UNSPECIFIED.);
#3849=B_SPLINE_CURVE_WITH_KNOTS('',3,(#8038,#8039,#8040,#8041),
 .UNSPECIFIED.,.F.,.F.,(4,4),(0.,1.),.UNSPECIFIED.);
#3850=B_SPLINE_CURVE_WITH_KNOTS('',3,(#8045,#8046,#8047,#8048),
 .UNSPECIFIED.,.F.,.F.,(4,4),(0.,1.),.UNSPECIFIED.);
#3851=B_SPLINE_CURVE_WITH_KNOTS('',3,(#8049,#8050,#8051,#8052),
 .UNSPECIFIED.,.F.,.F.,(4,4),(0.,1.),.UNSPECIFIED.);
#3852=B_SPLINE_CURVE_WITH_KNOTS('',3,(#8053,#8054,#8055,#8056),
 .UNSPECIFIED.,.F.,.F.,(4,4),(0.,1.),.UNSPECIFIED.);
#3853=B_SPLINE_CURVE_WITH_KNOTS('',3,(#8060,#8061,#8062,#8063),
 .UNSPECIFIED.,.F.,.F.,(4,4),(0.,1.),.UNSPECIFIED.);
#3854=B_SPLINE_CURVE_WITH_KNOTS('',3,(#8064,#8065,#8066,#8067),
 .UNSPECIFIED.,.F.,.F.,(4,4),(0.,1.),.UNSPECIFIED.);
#3855=B_SPLINE_CURVE_WITH_KNOTS('',3,(#8068,#8069,#8070,#8071),
 .UNSPECIFIED.,.F.,.F.,(4,4),(0.,1.),.UNSPECIFIED.);
#3856=B_SPLINE_CURVE_WITH_KNOTS('',3,(#8075,#8076,#8077,#8078),
 .UNSPECIFIED.,.F.,.F.,(4,4),(0.,1.),.UNSPECIFIED.);
#3857=B_SPLINE_CURVE_WITH_KNOTS('',3,(#8080,#8081,#8082,#8083,#8084,#8085,
#8086,#8087),.UNSPECIFIED.,.F.,.F.,(4,2,2,4),(0.,0.32564841498559,0.651296829971183,
1.),.UNSPECIFIED.);
#3858=B_SPLINE_CURVE_WITH_KNOTS('',3,(#8091,#8092,#8093,#8094,#8095,#8096,
#8097,#8098),.UNSPECIFIED.,.F.,.F.,(4,2,2,4),(0.,0.32564841498559,0.651296829971183,
1.),.UNSPECIFIED.);
#3859=B_SPLINE_CURVE_WITH_KNOTS('',3,(#8099,#8100,#8101,#8102,#8103,#8104,
#8105,#8106),.UNSPECIFIED.,.F.,.F.,(4,2,2,4),(0.,0.32564841498559,0.651296829971183,
1.),.UNSPECIFIED.);
#3860=B_SPLINE_CURVE_WITH_KNOTS('',3,(#8107,#8108,#8109,#8110,#8111,#8112),
 .UNSPECIFIED.,.F.,.F.,(4,2,4),(0.,0.920187793427231,1.),.UNSPECIFIED.);
#3861=B_SPLINE_CURVE_WITH_KNOTS('',3,(#8116,#8117,#8118,#8119,#8120,#8121),
 .UNSPECIFIED.,.F.,.F.,(4,2,4),(0.,0.920187793427231,1.),.UNSPECIFIED.);
#3862=B_SPLINE_CURVE_WITH_KNOTS('',3,(#8122,#8123,#8124,#8125,#8126,#8127),
 .UNSPECIFIED.,.F.,.F.,(4,2,4),(0.,0.920187793427231,1.),.UNSPECIFIED.);
#3863=B_SPLINE_CURVE_WITH_KNOTS('',3,(#8128,#8129,#8130,#8131),
 .UNSPECIFIED.,.F.,.F.,(4,4),(0.,1.),.UNSPECIFIED.);
#3864=B_SPLINE_CURVE_WITH_KNOTS('',3,(#8135,#8136,#8137,#8138),
 .UNSPECIFIED.,.F.,.F.,(4,4),(0.,1.),.UNSPECIFIED.);
#3865=B_SPLINE_CURVE_WITH_KNOTS('',3,(#8139,#8140,#8141,#8142),
 .UNSPECIFIED.,.F.,.F.,(4,4),(0.,1.),.UNSPECIFIED.);
#3866=B_SPLINE_CURVE_WITH_KNOTS('',3,(#8143,#8144,#8145,#8146),
 .UNSPECIFIED.,.F.,.F.,(4,4),(0.,1.),.UNSPECIFIED.);
#3867=B_SPLINE_CURVE_WITH_KNOTS('',3,(#8150,#8151,#8152,#8153),
 .UNSPECIFIED.,.F.,.F.,(4,4),(0.,1.),.UNSPECIFIED.);
#3868=B_SPLINE_CURVE_WITH_KNOTS('',3,(#8154,#8155,#8156,#8157),
 .UNSPECIFIED.,.F.,.F.,(4,4),(0.,1.),.UNSPECIFIED.);
#3869=B_SPLINE_CURVE_WITH_KNOTS('',3,(#8158,#8159,#8160,#8161),
 .UNSPECIFIED.,.F.,.F.,(4,4),(0.,1.),.UNSPECIFIED.);
#3870=B_SPLINE_CURVE_WITH_KNOTS('',3,(#8165,#8166,#8167,#8168),
 .UNSPECIFIED.,.F.,.F.,(4,4),(0.,1.),.UNSPECIFIED.);
#3871=B_SPLINE_CURVE_WITH_KNOTS('',3,(#8169,#8170,#8171,#8172),
 .UNSPECIFIED.,.F.,.F.,(4,4),(0.,1.),.UNSPECIFIED.);
#3872=B_SPLINE_CURVE_WITH_KNOTS('',3,(#8173,#8174,#8175,#8176),
 .UNSPECIFIED.,.F.,.F.,(4,4),(0.,1.),.UNSPECIFIED.);
#3873=B_SPLINE_CURVE_WITH_KNOTS('',3,(#8180,#8181,#8182,#8183),
 .UNSPECIFIED.,.F.,.F.,(4,4),(0.,1.),.UNSPECIFIED.);
#3874=B_SPLINE_CURVE_WITH_KNOTS('',3,(#8184,#8185,#8186,#8187),
 .UNSPECIFIED.,.F.,.F.,(4,4),(0.,1.),.UNSPECIFIED.);
#3875=B_SPLINE_CURVE_WITH_KNOTS('',3,(#8188,#8189,#8190,#8191,#8192,#8193,
#8194,#8195,#8196,#8197),.UNSPECIFIED.,.F.,.F.,(4,2,2,2,4),(0.,0.182532695374801,
0.496012759170654,0.809492822966507,1.),.UNSPECIFIED.);
#3876=B_SPLINE_CURVE_WITH_KNOTS('',3,(#8198,#8199,#8200,#8201,#8202,#8203,
#8204,#8205,#8206,#8207),.UNSPECIFIED.,.F.,.F.,(4,2,2,2,4),(0.,0.182532695374801,
0.496012759170654,0.809492822966507,1.),.UNSPECIFIED.);
#3877=B_SPLINE_CURVE_WITH_KNOTS('',3,(#8208,#8209,#8210,#8211,#8212,#8213,
#8214,#8215,#8216,#8217),.UNSPECIFIED.,.F.,.F.,(4,2,2,2,4),(0.,0.182532695374801,
0.496012759170654,0.809492822966507,1.),.UNSPECIFIED.);
#3878=B_SPLINE_CURVE_WITH_KNOTS('',3,(#8218,#8219,#8220,#8221),
 .UNSPECIFIED.,.F.,.F.,(4,4),(0.,1.),.UNSPECIFIED.);
#3879=B_SPLINE_CURVE_WITH_KNOTS('',3,(#8222,#8223,#8224,#8225),
 .UNSPECIFIED.,.F.,.F.,(4,4),(0.,1.),.UNSPECIFIED.);
#3880=B_SPLINE_CURVE_WITH_KNOTS('',3,(#8226,#8227,#8228,#8229),
 .UNSPECIFIED.,.F.,.F.,(4,4),(0.,1.),.UNSPECIFIED.);
#3881=B_SPLINE_CURVE_WITH_KNOTS('',3,(#8232,#8233,#8234,#8235),
 .UNSPECIFIED.,.F.,.F.,(4,4),(0.,1.),.UNSPECIFIED.);
#3882=B_SPLINE_CURVE_WITH_KNOTS('',3,(#8240,#8241,#8242,#8243),
 .UNSPECIFIED.,.F.,.F.,(4,4),(0.,1.),.UNSPECIFIED.);
#3883=B_SPLINE_CURVE_WITH_KNOTS('',3,(#8247,#8248,#8249,#8250),
 .UNSPECIFIED.,.F.,.F.,(4,4),(0.,1.),.UNSPECIFIED.);
#3884=B_SPLINE_CURVE_WITH_KNOTS('',3,(#8254,#8255,#8256,#8257),
 .UNSPECIFIED.,.F.,.F.,(4,4),(0.,1.),.UNSPECIFIED.);
#3885=B_SPLINE_CURVE_WITH_KNOTS('',3,(#8259,#8260,#8261,#8262),
 .UNSPECIFIED.,.F.,.F.,(4,4),(0.,1.),.UNSPECIFIED.);
#3886=B_SPLINE_CURVE_WITH_KNOTS('',3,(#8266,#8267,#8268,#8269),
 .UNSPECIFIED.,.F.,.F.,(4,4),(0.,1.),.UNSPECIFIED.);
#3887=B_SPLINE_CURVE_WITH_KNOTS('',3,(#8271,#8272,#8273,#8274),
 .UNSPECIFIED.,.F.,.F.,(4,4),(0.,1.),.UNSPECIFIED.);
#3888=B_SPLINE_CURVE_WITH_KNOTS('',3,(#8275,#8276,#8277,#8278),
 .UNSPECIFIED.,.F.,.F.,(4,4),(0.,1.),.UNSPECIFIED.);
#3889=B_SPLINE_CURVE_WITH_KNOTS('',3,(#8282,#8283,#8284,#8285,#8286,#8287,
#8288,#8289,#8290,#8291),.UNSPECIFIED.,.F.,.F.,(4,2,2,2,4),(0.,0.264666800989667,
0.507278035230196,0.7513472875464,1.),.UNSPECIFIED.);
#3890=B_SPLINE_CURVE_WITH_KNOTS('',3,(#8296,#8297,#8298,#8299,#8300,#8301,
#8302,#8303,#8304,#8305),.UNSPECIFIED.,.F.,.F.,(4,2,2,2,4),(0.,0.264666800989667,
0.507278035230196,0.7513472875464,1.),.UNSPECIFIED.);
#3891=B_SPLINE_CURVE_WITH_KNOTS('',3,(#8308,#8309,#8310,#8311,#8312,#8313,
#8314,#8315,#8316,#8317),.UNSPECIFIED.,.F.,.F.,(4,2,2,2,4),(0.,0.264666800989667,
0.507278035230196,0.7513472875464,1.),.UNSPECIFIED.);
#3892=B_SPLINE_CURVE_WITH_KNOTS('',3,(#8318,#8319,#8320,#8321),
 .UNSPECIFIED.,.F.,.F.,(4,4),(0.,1.),.UNSPECIFIED.);
#3893=B_SPLINE_CURVE_WITH_KNOTS('',3,(#8326,#8327,#8328,#8329),
 .UNSPECIFIED.,.F.,.F.,(4,4),(0.,1.),.UNSPECIFIED.);
#3894=B_SPLINE_CURVE_WITH_KNOTS('',3,(#8333,#8334,#8335,#8336,#8337,#8338,
#8339,#8340),.UNSPECIFIED.,.F.,.F.,(4,2,2,4),(0.,0.352083333333335,0.704166666666667,
1.),.UNSPECIFIED.);
#3895=B_SPLINE_CURVE_WITH_KNOTS('',3,(#8344,#8345,#8346,#8347,#8348,#8349,
#8350,#8351),.UNSPECIFIED.,.F.,.F.,(4,2,2,4),(0.,0.352083333333335,0.704166666666667,
1.),.UNSPECIFIED.);
#3896=B_SPLINE_CURVE_WITH_KNOTS('',3,(#8352,#8353,#8354,#8355,#8356,#8357,
#8358,#8359),.UNSPECIFIED.,.F.,.F.,(4,2,2,4),(0.,0.352083333333335,0.704166666666667,
1.),.UNSPECIFIED.);
#3897=B_SPLINE_CURVE_WITH_KNOTS('',3,(#8360,#8361,#8362,#8363,#8364,#8365,
#8366,#8367),.UNSPECIFIED.,.F.,.F.,(4,2,2,4),(0.,0.259717314487632,0.519434628975264,
1.),.UNSPECIFIED.);
#3898=B_SPLINE_CURVE_WITH_KNOTS('',3,(#8371,#8372,#8373,#8374,#8375,#8376,
#8377,#8378),.UNSPECIFIED.,.F.,.F.,(4,2,2,4),(0.,0.259717314487632,0.519434628975264,
1.),.UNSPECIFIED.);
#3899=B_SPLINE_CURVE_WITH_KNOTS('',3,(#8379,#8380,#8381,#8382,#8383,#8384,
#8385,#8386),.UNSPECIFIED.,.F.,.F.,(4,2,2,4),(0.,0.259717314487632,0.519434628975264,
1.),.UNSPECIFIED.);
#3900=B_SPLINE_CURVE_WITH_KNOTS('',3,(#8387,#8388,#8389,#8390),
 .UNSPECIFIED.,.F.,.F.,(4,4),(0.,1.),.UNSPECIFIED.);
#3901=B_SPLINE_CURVE_WITH_KNOTS('',3,(#8394,#8395,#8396,#8397),
 .UNSPECIFIED.,.F.,.F.,(4,4),(0.,1.),.UNSPECIFIED.);
#3902=B_SPLINE_CURVE_WITH_KNOTS('',3,(#8399,#8400,#8401,#8402),
 .UNSPECIFIED.,.F.,.F.,(4,4),(0.,1.),.UNSPECIFIED.);
#3903=B_SPLINE_CURVE_WITH_KNOTS('',3,(#8406,#8407,#8408,#8409),
 .UNSPECIFIED.,.F.,.F.,(4,4),(0.,1.),.UNSPECIFIED.);
#3904=B_SPLINE_CURVE_WITH_KNOTS('',3,(#8411,#8412,#8413,#8414,#8415,#8416,
#8417,#8418),.UNSPECIFIED.,.F.,.F.,(4,2,2,4),(0.,0.399521531100483,0.699760765550241,
1.),.UNSPECIFIED.);
#3905=B_SPLINE_CURVE_WITH_KNOTS('',3,(#8422,#8423,#8424,#8425,#8426,#8427,
#8428,#8429),.UNSPECIFIED.,.F.,.F.,(4,2,2,4),(0.,0.399521531100483,0.699760765550241,
1.),.UNSPECIFIED.);
#3906=B_SPLINE_CURVE_WITH_KNOTS('',3,(#8430,#8431,#8432,#8433,#8434,#8435,
#8436,#8437),.UNSPECIFIED.,.F.,.F.,(4,2,2,4),(0.,0.399521531100483,0.699760765550241,
1.),.UNSPECIFIED.);
#3907=B_SPLINE_CURVE_WITH_KNOTS('',3,(#8438,#8439,#8440,#8441,#8442,#8443,
#8444,#8445,#8446,#8447),.UNSPECIFIED.,.F.,.F.,(4,2,2,2,4),(0.,0.196761666039083,
0.483159202162637,0.769556738286191,1.),.UNSPECIFIED.);
#3908=B_SPLINE_CURVE_WITH_KNOTS('',3,(#8451,#8452,#8453,#8454,#8455,#8456,
#8457,#8458,#8459,#8460),.UNSPECIFIED.,.F.,.F.,(4,2,2,2,4),(0.,0.196761666039083,
0.483159202162637,0.769556738286191,1.),.UNSPECIFIED.);
#3909=B_SPLINE_CURVE_WITH_KNOTS('',3,(#8461,#8462,#8463,#8464,#8465,#8466,
#8467,#8468,#8469,#8470),.UNSPECIFIED.,.F.,.F.,(4,2,2,2,4),(0.,0.196761666039083,
0.483159202162637,0.769556738286191,1.),.UNSPECIFIED.);
#3910=B_SPLINE_CURVE_WITH_KNOTS('',3,(#8471,#8472,#8473,#8474),
 .UNSPECIFIED.,.F.,.F.,(4,4),(0.,1.),.UNSPECIFIED.);
#3911=B_SPLINE_CURVE_WITH_KNOTS('',3,(#8478,#8479,#8480,#8481),
 .UNSPECIFIED.,.F.,.F.,(4,4),(0.,1.),.UNSPECIFIED.);
#3912=B_SPLINE_CURVE_WITH_KNOTS('',3,(#8482,#8483,#8484,#8485),
 .UNSPECIFIED.,.F.,.F.,(4,4),(0.,1.),.UNSPECIFIED.);
#3913=B_SPLINE_CURVE_WITH_KNOTS('',3,(#8486,#8487,#8488,#8489,#8490,#8491,
#8492,#8493),.UNSPECIFIED.,.F.,.F.,(4,2,2,4),(0.,0.342024539877299,0.684049079754601,
1.),.UNSPECIFIED.);
#3914=B_SPLINE_CURVE_WITH_KNOTS('',3,(#8497,#8498,#8499,#8500,#8501,#8502,
#8503,#8504),.UNSPECIFIED.,.F.,.F.,(4,2,2,4),(0.,0.342024539877299,0.684049079754601,
1.),.UNSPECIFIED.);
#3915=B_SPLINE_CURVE_WITH_KNOTS('',3,(#8505,#8506,#8507,#8508,#8509,#8510,
#8511,#8512),.UNSPECIFIED.,.F.,.F.,(4,2,2,4),(0.,0.342024539877299,0.684049079754601,
1.),.UNSPECIFIED.);
#3916=B_SPLINE_CURVE_WITH_KNOTS('',3,(#8513,#8514,#8515,#8516),
 .UNSPECIFIED.,.F.,.F.,(4,4),(0.,1.),.UNSPECIFIED.);
#3917=B_SPLINE_CURVE_WITH_KNOTS('',3,(#8517,#8518,#8519,#8520),
 .UNSPECIFIED.,.F.,.F.,(4,4),(0.,1.),.UNSPECIFIED.);
#3918=B_SPLINE_CURVE_WITH_KNOTS('',3,(#8521,#8522,#8523,#8524),
 .UNSPECIFIED.,.F.,.F.,(4,4),(0.,1.),.UNSPECIFIED.);
#3919=B_SPLINE_CURVE_WITH_KNOTS('',3,(#8525,#8526,#8527,#8528,#8529,#8530,
#8531,#8532,#8533,#8534),.UNSPECIFIED.,.F.,.F.,(4,2,2,2,4),(0.,0.24083931237362,
0.493511770152881,0.746184227932143,1.),.UNSPECIFIED.);
#3920=B_SPLINE_CURVE_WITH_KNOTS('',3,(#8535,#8536,#8537,#8538,#8539,#8540,
#8541,#8542,#8543,#8544),.UNSPECIFIED.,.F.,.F.,(4,2,2,2,4),(0.,0.24083931237362,
0.493511770152881,0.746184227932143,1.),.UNSPECIFIED.);
#3921=B_SPLINE_CURVE_WITH_KNOTS('',3,(#8545,#8546,#8547,#8548,#8549,#8550,
#8551,#8552,#8553,#8554),.UNSPECIFIED.,.F.,.F.,(4,2,2,2,4),(0.,0.24083931237362,
0.493511770152881,0.746184227932143,1.),.UNSPECIFIED.);
#3922=AXIS2_PLACEMENT_3D('',#4877,#4131,#4132);
#3923=AXIS2_PLACEMENT_3D('',#4968,#4133,#4134);
#3924=AXIS2_PLACEMENT_3D('',#4977,#4139,#4140);
#3925=AXIS2_PLACEMENT_3D('',#4978,#4141,#4142);
#3926=AXIS2_PLACEMENT_3D('',#4980,#4143,#4144);
#3927=AXIS2_PLACEMENT_3D('',#4983,#4146,#4147);
#3928=AXIS2_PLACEMENT_3D('',#4989,#4151,#4152);
#3929=AXIS2_PLACEMENT_3D('',#4995,#4156,#4157);
#3930=AXIS2_PLACEMENT_3D('',#5001,#4161,#4162);
#3931=AXIS2_PLACEMENT_3D('',#5007,#4166,#4167);
#3932=AXIS2_PLACEMENT_3D('',#5013,#4171,#4172);
#3933=AXIS2_PLACEMENT_3D('',#5019,#4176,#4177);
#3934=AXIS2_PLACEMENT_3D('',#5025,#4181,#4182);
#3935=AXIS2_PLACEMENT_3D('',#5026,#4183,#4184);
#3936=AXIS2_PLACEMENT_3D('',#5028,#4185,#4186);
#3937=AXIS2_PLACEMENT_3D('',#5031,#4188,#4189);
#3938=AXIS2_PLACEMENT_3D('',#5037,#4193,#4194);
#3939=AXIS2_PLACEMENT_3D('',#5038,#4195,#4196);
#3940=AXIS2_PLACEMENT_3D('',#5040,#4197,#4198);
#3941=AXIS2_PLACEMENT_3D('',#5043,#4200,#4201);
#3942=AXIS2_PLACEMENT_3D('',#5049,#4205,#4206);
#3943=AXIS2_PLACEMENT_3D('',#5055,#4210,#4211);
#3944=AXIS2_PLACEMENT_3D('',#5061,#4215,#4216);
#3945=AXIS2_PLACEMENT_3D('',#5067,#4220,#4221);
#3946=AXIS2_PLACEMENT_3D('',#5073,#4225,#4226);
#3947=AXIS2_PLACEMENT_3D('',#5079,#4230,#4231);
#3948=AXIS2_PLACEMENT_3D('',#5085,#4235,#4236);
#3949=AXIS2_PLACEMENT_3D('',#5086,#4237,#4238);
#3950=AXIS2_PLACEMENT_3D('',#5087,#4239,#4240);
#3951=AXIS2_PLACEMENT_3D('',#5088,#4241,#4242);
#3952=AXIS2_PLACEMENT_3D('',#5089,#4243,#4244);
#3953=AXIS2_PLACEMENT_3D('',#5091,#4245,#4246);
#3954=AXIS2_PLACEMENT_3D('',#5092,#4247,#4248);
#3955=AXIS2_PLACEMENT_3D('',#5093,#4249,#4250);
#3956=AXIS2_PLACEMENT_3D('',#5095,#4251,#4252);
#3957=AXIS2_PLACEMENT_3D('',#5096,#4253,#4254);
#3958=AXIS2_PLACEMENT_3D('',#5637,#4255,#4256);
#3959=AXIS2_PLACEMENT_3D('',#6039,#4257,#4258);
#3960=AXIS2_PLACEMENT_3D('',#6703,#4263,#4264);
#3961=AXIS2_PLACEMENT_3D('',#6709,#4268,#4269);
#3962=AXIS2_PLACEMENT_3D('',#6718,#4274,#4275);
#3963=AXIS2_PLACEMENT_3D('',#6727,#4280,#4281);
#3964=AXIS2_PLACEMENT_3D('',#6736,#4286,#4287);
#3965=AXIS2_PLACEMENT_3D('',#6745,#4292,#4293);
#3966=AXIS2_PLACEMENT_3D('',#6746,#4294,#4295);
#3967=AXIS2_PLACEMENT_3D('',#6751,#4298,#4299);
#3968=AXIS2_PLACEMENT_3D('',#6752,#4300,#4301);
#3969=AXIS2_PLACEMENT_3D('',#6756,#4303,#4304);
#3970=AXIS2_PLACEMENT_3D('',#6759,#4306,#4307);
#3971=AXIS2_PLACEMENT_3D('',#6760,#4308,#4309);
#3972=AXIS2_PLACEMENT_3D('',#6761,#4310,#4311);
#3973=AXIS2_PLACEMENT_3D('',#6765,#4314,#4315);
#3974=AXIS2_PLACEMENT_3D('',#6768,#4317,#4318);
#3975=AXIS2_PLACEMENT_3D('',#6769,#4319,#4320);
#3976=AXIS2_PLACEMENT_3D('',#6770,#4321,#4322);
#3977=AXIS2_PLACEMENT_3D('',#6773,#4324,#4325);
#3978=AXIS2_PLACEMENT_3D('',#6777,#4327,#4328);
#3979=AXIS2_PLACEMENT_3D('',#6778,#4329,#4330);
#3980=AXIS2_PLACEMENT_3D('',#6779,#4331,#4332);
#3981=AXIS2_PLACEMENT_3D('',#6781,#4334,#4335);
#3982=AXIS2_PLACEMENT_3D('',#6784,#4338,#4339);
#3983=AXIS2_PLACEMENT_3D('',#6786,#4341,#4342);
#3984=AXIS2_PLACEMENT_3D('',#6787,#4343,#4344);
#3985=AXIS2_PLACEMENT_3D('',#6788,#4345,#4346);
#3986=AXIS2_PLACEMENT_3D('',#6789,#4347,#4348);
#3987=AXIS2_PLACEMENT_3D('',#6790,#4349,#4350);
#3988=AXIS2_PLACEMENT_3D('',#6791,#4351,#4352);
#3989=AXIS2_PLACEMENT_3D('',#6792,#4353,#4354);
#3990=AXIS2_PLACEMENT_3D('',#6801,#4359,#4360);
#3991=AXIS2_PLACEMENT_3D('',#6807,#4364,#4365);
#3992=AXIS2_PLACEMENT_3D('',#6816,#4370,#4371);
#3993=AXIS2_PLACEMENT_3D('',#6825,#4376,#4377);
#3994=AXIS2_PLACEMENT_3D('',#6834,#4382,#4383);
#3995=AXIS2_PLACEMENT_3D('',#6843,#4388,#4389);
#3996=AXIS2_PLACEMENT_3D('',#6849,#4393,#4394);
#3997=AXIS2_PLACEMENT_3D('',#6850,#4395,#4396);
#3998=AXIS2_PLACEMENT_3D('',#6851,#4397,#4398);
#3999=AXIS2_PLACEMENT_3D('',#6854,#4400,#4401);
#4000=AXIS2_PLACEMENT_3D('',#6858,#4403,#4404);
#4001=AXIS2_PLACEMENT_3D('',#6859,#4405,#4406);
#4002=AXIS2_PLACEMENT_3D('',#6861,#4408,#4409);
#4003=AXIS2_PLACEMENT_3D('',#6863,#4411,#4412);
#4004=AXIS2_PLACEMENT_3D('',#6864,#4413,#4414);
#4005=AXIS2_PLACEMENT_3D('',#6865,#4415,#4416);
#4006=AXIS2_PLACEMENT_3D('',#6866,#4417,#4418);
#4007=AXIS2_PLACEMENT_3D('',#6870,#4420,#4421);
#4008=AXIS2_PLACEMENT_3D('',#6873,#4423,#4424);
#4009=AXIS2_PLACEMENT_3D('',#6874,#4425,#4426);
#4010=AXIS2_PLACEMENT_3D('',#6877,#4429,#4430);
#4011=AXIS2_PLACEMENT_3D('',#6879,#4432,#4433);
#4012=AXIS2_PLACEMENT_3D('',#6880,#4434,#4435);
#4013=AXIS2_PLACEMENT_3D('',#6881,#4436,#4437);
#4014=AXIS2_PLACEMENT_3D('',#6882,#4438,#4439);
#4015=AXIS2_PLACEMENT_3D('',#6883,#4440,#4441);
#4016=AXIS2_PLACEMENT_3D('',#6884,#4442,#4443);
#4017=AXIS2_PLACEMENT_3D('',#6888,#4445,#4446);
#4018=AXIS2_PLACEMENT_3D('',#6904,#4454,#4455);
#4019=AXIS2_PLACEMENT_3D('',#6908,#4457,#4458);
#4020=AXIS2_PLACEMENT_3D('',#6924,#4466,#4467);
#4021=AXIS2_PLACEMENT_3D('',#6928,#4469,#4470);
#4022=AXIS2_PLACEMENT_3D('',#6932,#4472,#4473);
#4023=AXIS2_PLACEMENT_3D('',#6936,#4475,#4476);
#4024=AXIS2_PLACEMENT_3D('',#6940,#4478,#4479);
#4025=AXIS2_PLACEMENT_3D('',#6941,#4480,#4481);
#4026=AXIS2_PLACEMENT_3D('',#6945,#4483,#4484);
#4027=AXIS2_PLACEMENT_3D('',#6949,#4486,#4487);
#4028=AXIS2_PLACEMENT_3D('',#6953,#4489,#4490);
#4029=AXIS2_PLACEMENT_3D('',#6957,#4492,#4493);
#4030=AXIS2_PLACEMENT_3D('',#6958,#4494,#4495);
#4031=AXIS2_PLACEMENT_3D('',#6961,#4498,#4499);
#4032=AXIS2_PLACEMENT_3D('',#6963,#4501,#4502);
#4033=AXIS2_PLACEMENT_3D('',#6965,#4504,#4505);
#4034=AXIS2_PLACEMENT_3D('',#6967,#4507,#4508);
#4035=AXIS2_PLACEMENT_3D('',#6969,#4510,#4511);
#4036=AXIS2_PLACEMENT_3D('',#6971,#4513,#4514);
#4037=AXIS2_PLACEMENT_3D('',#6973,#4516,#4517);
#4038=AXIS2_PLACEMENT_3D('',#6974,#4518,#4519);
#4039=AXIS2_PLACEMENT_3D('',#6980,#4523,#4524);
#4040=AXIS2_PLACEMENT_3D('',#6983,#4526,#4527);
#4041=AXIS2_PLACEMENT_3D('',#6984,#4528,#4529);
#4042=AXIS2_PLACEMENT_3D('',#6988,#4532,#4533);
#4043=AXIS2_PLACEMENT_3D('',#6992,#4536,#4537);
#4044=AXIS2_PLACEMENT_3D('',#6996,#4540,#4541);
#4045=AXIS2_PLACEMENT_3D('',#7000,#4544,#4545);
#4046=AXIS2_PLACEMENT_3D('',#7004,#4548,#4549);
#4047=AXIS2_PLACEMENT_3D('',#7008,#4552,#4553);
#4048=AXIS2_PLACEMENT_3D('',#7012,#4556,#4557);
#4049=AXIS2_PLACEMENT_3D('',#7015,#4559,#4560);
#4050=AXIS2_PLACEMENT_3D('',#7016,#4561,#4562);
#4051=AXIS2_PLACEMENT_3D('',#7020,#4565,#4566);
#4052=AXIS2_PLACEMENT_3D('',#7023,#4568,#4569);
#4053=AXIS2_PLACEMENT_3D('',#7024,#4570,#4571);
#4054=AXIS2_PLACEMENT_3D('',#7028,#4574,#4575);
#4055=AXIS2_PLACEMENT_3D('',#7032,#4578,#4579);
#4056=AXIS2_PLACEMENT_3D('',#7036,#4582,#4583);
#4057=AXIS2_PLACEMENT_3D('',#7040,#4586,#4587);
#4058=AXIS2_PLACEMENT_3D('',#7044,#4590,#4591);
#4059=AXIS2_PLACEMENT_3D('',#7048,#4594,#4595);
#4060=AXIS2_PLACEMENT_3D('',#7052,#4598,#4599);
#4061=AXIS2_PLACEMENT_3D('',#7053,#4600,#4601);
#4062=AXIS2_PLACEMENT_3D('',#7054,#4602,#4603);
#4063=AXIS2_PLACEMENT_3D('',#7055,#4604,#4605);
#4064=AXIS2_PLACEMENT_3D('',#7057,#4606,#4607);
#4065=AXIS2_PLACEMENT_3D('',#7058,#4608,#4609);
#4066=AXIS2_PLACEMENT_3D('',#7060,#4610,#4611);
#4067=AXIS2_PLACEMENT_3D('',#7061,#4612,#4613);
#4068=AXIS2_PLACEMENT_3D('',#7076,#4616,#4617);
#4069=AXIS2_PLACEMENT_3D('',#7088,#4619,#4620);
#4070=AXIS2_PLACEMENT_3D('',#7100,#4622,#4623);
#4071=AXIS2_PLACEMENT_3D('',#7109,#4624,#4625);
#4072=AXIS2_PLACEMENT_3D('',#7110,#4626,#4627);
#4073=AXIS2_PLACEMENT_3D('',#7111,#4628,#4629);
#4074=AXIS2_PLACEMENT_3D('',#7126,#4632,#4633);
#4075=AXIS2_PLACEMENT_3D('',#7138,#4635,#4636);
#4076=AXIS2_PLACEMENT_3D('',#7150,#4638,#4639);
#4077=AXIS2_PLACEMENT_3D('',#7162,#4641,#4642);
#4078=AXIS2_PLACEMENT_3D('',#7174,#4644,#4645);
#4079=AXIS2_PLACEMENT_3D('',#7186,#4647,#4648);
#4080=AXIS2_PLACEMENT_3D('',#7198,#4650,#4651);
#4081=AXIS2_PLACEMENT_3D('',#7210,#4653,#4654);
#4082=AXIS2_PLACEMENT_3D('',#7222,#4656,#4657);
#4083=AXIS2_PLACEMENT_3D('',#7234,#4659,#4660);
#4084=AXIS2_PLACEMENT_3D('',#7246,#4662,#4663);
#4085=AXIS2_PLACEMENT_3D('',#7291,#4668,#4669);
#4086=AXIS2_PLACEMENT_3D('',#7292,#4670,#4671);
#4087=AXIS2_PLACEMENT_3D('',#7293,#4672,#4673);
#4088=AXIS2_PLACEMENT_3D('',#7308,#4676,#4677);
#4089=AXIS2_PLACEMENT_3D('',#7320,#4679,#4680);
#4090=AXIS2_PLACEMENT_3D('',#7332,#4682,#4683);
#4091=AXIS2_PLACEMENT_3D('',#7344,#4685,#4686);
#4092=AXIS2_PLACEMENT_3D('',#7356,#4688,#4689);
#4093=AXIS2_PLACEMENT_3D('',#7368,#4691,#4692);
#4094=AXIS2_PLACEMENT_3D('',#7380,#4694,#4695);
#4095=AXIS2_PLACEMENT_3D('',#7392,#4697,#4698);
#4096=AXIS2_PLACEMENT_3D('',#7404,#4700,#4701);
#4097=AXIS2_PLACEMENT_3D('',#7416,#4703,#4704);
#4098=AXIS2_PLACEMENT_3D('',#7428,#4706,#4707);
#4099=AXIS2_PLACEMENT_3D('',#7437,#4708,#4709);
#4100=AXIS2_PLACEMENT_3D('',#7438,#4710,#4711);
#4101=AXIS2_PLACEMENT_3D('',#7439,#4712,#4713);
#4102=AXIS2_PLACEMENT_3D('',#7454,#4716,#4717);
#4103=AXIS2_PLACEMENT_3D('',#7466,#4719,#4720);
#4104=AXIS2_PLACEMENT_3D('',#7535,#4728,#4729);
#4105=AXIS2_PLACEMENT_3D('',#7574,#4733,#4734);
#4106=AXIS2_PLACEMENT_3D('',#7583,#4735,#4736);
#4107=AXIS2_PLACEMENT_3D('',#7584,#4737,#4738);
#4108=AXIS2_PLACEMENT_3D('',#7585,#4739,#4740);
#4109=AXIS2_PLACEMENT_3D('',#7600,#4743,#4744);
#4110=AXIS2_PLACEMENT_3D('',#7612,#4746,#4747);
#4111=AXIS2_PLACEMENT_3D('',#7702,#4757,#4758);
#4112=AXIS2_PLACEMENT_3D('',#7786,#4768,#4769);
#4113=AXIS2_PLACEMENT_3D('',#7795,#4770,#4771);
#4114=AXIS2_PLACEMENT_3D('',#7796,#4772,#4773);
#4115=AXIS2_PLACEMENT_3D('',#7797,#4774,#4775);
#4116=AXIS2_PLACEMENT_3D('',#7944,#4793,#4794);
#4117=AXIS2_PLACEMENT_3D('',#8079,#4810,#4811);
#4118=AXIS2_PLACEMENT_3D('',#8230,#4826,#4827);
#4119=AXIS2_PLACEMENT_3D('',#8231,#4828,#4829);
#4120=AXIS2_PLACEMENT_3D('',#8246,#4832,#4833);
#4121=AXIS2_PLACEMENT_3D('',#8258,#4835,#4836);
#4122=AXIS2_PLACEMENT_3D('',#8270,#4838,#4839);
#4123=AXIS2_PLACEMENT_3D('',#8279,#4840,#4841);
#4124=AXIS2_PLACEMENT_3D('',#8280,#4842,#4843);
#4125=AXIS2_PLACEMENT_3D('',#8281,#4844,#4845);
#4126=AXIS2_PLACEMENT_3D('',#8332,#4851,#4852);
#4127=AXIS2_PLACEMENT_3D('',#8398,#4858,#4859);
#4128=AXIS2_PLACEMENT_3D('',#8410,#4861,#4862);
#4129=AXIS2_PLACEMENT_3D('',#8555,#4873,#4874);
#4130=AXIS2_PLACEMENT_3D('',#8556,#4875,#4876);
#4131=DIRECTION('',(0.,0.,1.));
#4132=DIRECTION('',(1.,0.,0.));
#4133=DIRECTION('',(0.,0.,-1.));
#4134=DIRECTION('',(-1.,0.,0.));
#4135=DIRECTION('',(1.04404653646752E-15,1.,0.));
#4136=DIRECTION('',(-0.0348994967025009,7.56762202870044E-17,-0.999390827019096));
#4137=DIRECTION('',(1.04404653646752E-15,1.,0.));
#4138=DIRECTION('',(-0.0348994967025009,3.64366986567058E-17,-0.999390827019096));
#4139=DIRECTION('',(-0.999390827019096,1.0434105315267E-15,0.0348994967025009));
#4140=DIRECTION('',(0.0348994967025009,0.,0.999390827019096));
#4141=DIRECTION('',(0.,0.,-1.));
#4142=DIRECTION('',(1.,0.,0.));
#4143=DIRECTION('',(0.,0.,-1.));
#4144=DIRECTION('',(-1.,0.,0.));
#4145=DIRECTION('',(-7.56762202870044E-17,0.0348994967025009,-0.999390827019096));
#4146=DIRECTION('',(0.,0.,-1.));
#4147=DIRECTION('',(1.,1.23482735506722E-16,0.));
#4148=DIRECTION('',(1.,0.,0.));
#4149=DIRECTION('',(1.,0.,0.));
#4150=DIRECTION('',(-0.0348782627423746,0.0348782627423746,-0.998782765958718));
#4151=DIRECTION('',(0.,0.999390827019096,0.0348994967025009));
#4152=DIRECTION('',(0.,-0.0348994967025009,0.999390827019096));
#4153=DIRECTION('',(0.,1.,0.));
#4154=DIRECTION('',(0.,1.,0.));
#4155=DIRECTION('',(-0.0348979708803378,0.00935088311487138,-0.999347133189167));
#4156=DIRECTION('',(-0.999390827019096,0.,0.0348994967025009));
#4157=DIRECTION('',(0.0348994967025009,0.,0.999390827019096));
#4158=DIRECTION('',(0.500000000000001,0.866025403784438,0.));
#4159=DIRECTION('',(0.500000000000001,0.866025403784438,0.));
#4160=DIRECTION('',(-0.0201451448507202,0.034892414407282,-0.999188016619382));
#4161=DIRECTION('',(-0.865497844507676,0.499695413509549,0.0348994967025009));
#4162=DIRECTION('',(-0.500000000000001,-0.866025403784438,0.));
#4163=DIRECTION('',(1.,0.,0.));
#4164=DIRECTION('',(1.,0.,0.));
#4165=DIRECTION('',(0.0201451448507202,0.034892414407282,-0.999188016619382));
#4166=DIRECTION('',(0.,0.999390827019096,0.0348994967025009));
#4167=DIRECTION('',(0.,-0.0348994967025009,0.999390827019096));
#4168=DIRECTION('',(0.500000000000001,-0.866025403784438,0.));
#4169=DIRECTION('',(0.500000000000001,-0.866025403784438,0.));
#4170=DIRECTION('',(0.0348979708803378,0.00935088311487138,-0.999347133189167));
#4171=DIRECTION('',(0.865497844507676,0.499695413509549,0.0348994967025009));
#4172=DIRECTION('',(-0.500000000000001,0.866025403784438,0.));
#4173=DIRECTION('',(0.,-1.,0.));
#4174=DIRECTION('',(0.,-1.,0.));
#4175=DIRECTION('',(0.0348782627423746,0.0348782627423746,-0.998782765958718));
#4176=DIRECTION('',(0.999390827019096,0.,0.0348994967025009));
#4177=DIRECTION('',(0.0348994967025009,0.,-0.999390827019096));
#4178=DIRECTION('',(1.,0.,0.));
#4179=DIRECTION('',(1.,0.,0.));
#4180=DIRECTION('',(0.,0.0348994967025009,-0.999390827019096));
#4181=DIRECTION('',(0.,0.999390827019096,0.0348994967025009));
#4182=DIRECTION('',(0.,-0.0348994967025009,0.999390827019096));
#4183=DIRECTION('',(0.,0.,-1.));
#4184=DIRECTION('',(1.,0.,0.));
#4185=DIRECTION('',(0.,0.,-1.));
#4186=DIRECTION('',(-1.,0.,0.));
#4187=DIRECTION('',(0.0348994967025009,0.,-0.999390827019096));
#4188=DIRECTION('',(0.,0.,-1.));
#4189=DIRECTION('',(1.,1.23482735506722E-16,0.));
#4190=DIRECTION('',(-1.12435780850349E-15,-1.,0.));
#4191=DIRECTION('',(-1.12435780850349E-15,-1.,0.));
#4192=DIRECTION('',(0.0348994967025009,-3.92395216302986E-17,-0.999390827019096));
#4193=DIRECTION('',(0.999390827019096,-1.12367288010568E-15,0.0348994967025009));
#4194=DIRECTION('',(0.0348994967025009,0.,-0.999390827019096));
#4195=DIRECTION('',(0.,0.,-1.));
#4196=DIRECTION('',(1.,0.,0.));
#4197=DIRECTION('',(0.,0.,-1.));
#4198=DIRECTION('',(-1.,0.,0.));
#4199=DIRECTION('',(0.,-0.0348994967025009,-0.999390827019096));
#4200=DIRECTION('',(0.,0.,-1.));
#4201=DIRECTION('',(1.,1.23482735506722E-16,0.));
#4202=DIRECTION('',(-1.,0.,0.));
#4203=DIRECTION('',(-1.,0.,0.));
#4204=DIRECTION('',(0.0348782627423746,-0.0348782627423746,-0.998782765958718));
#4205=DIRECTION('',(0.,-0.999390827019096,0.0348994967025009));
#4206=DIRECTION('',(0.,-0.0348994967025009,-0.999390827019096));
#4207=DIRECTION('',(0.,-1.,0.));
#4208=DIRECTION('',(0.,-1.,0.));
#4209=DIRECTION('',(0.0348979708803378,-0.00935088311487138,-0.999347133189167));
#4210=DIRECTION('',(0.999390827019096,0.,0.0348994967025009));
#4211=DIRECTION('',(0.0348994967025009,0.,-0.999390827019096));
#4212=DIRECTION('',(-0.500000000000001,-0.866025403784438,0.));
#4213=DIRECTION('',(-0.500000000000001,-0.866025403784438,0.));
#4214=DIRECTION('',(0.0201451448507202,-0.034892414407282,-0.999188016619382));
#4215=DIRECTION('',(0.865497844507676,-0.499695413509549,0.0348994967025009));
#4216=DIRECTION('',(0.500000000000001,0.866025403784438,0.));
#4217=DIRECTION('',(-1.,0.,0.));
#4218=DIRECTION('',(-1.,0.,0.));
#4219=DIRECTION('',(-0.0201451448507202,-0.034892414407282,-0.999188016619382));
#4220=DIRECTION('',(0.,-0.999390827019096,0.0348994967025009));
#4221=DIRECTION('',(0.,-0.0348994967025009,-0.999390827019096));
#4222=DIRECTION('',(-0.500000000000001,0.866025403784438,0.));
#4223=DIRECTION('',(-0.500000000000001,0.866025403784438,0.));
#4224=DIRECTION('',(-0.0348979708803378,-0.00935088311487138,-0.999347133189167));
#4225=DIRECTION('',(-0.865497844507676,-0.499695413509549,0.0348994967025009));
#4226=DIRECTION('',(0.500000000000001,-0.866025403784438,0.));
#4227=DIRECTION('',(0.,1.,0.));
#4228=DIRECTION('',(0.,1.,0.));
#4229=DIRECTION('',(-0.0348782627423746,-0.0348782627423746,-0.998782765958718));
#4230=DIRECTION('',(-0.999390827019096,0.,0.0348994967025009));
#4231=DIRECTION('',(0.0348994967025009,0.,0.999390827019096));
#4232=DIRECTION('',(-1.,0.,0.));
#4233=DIRECTION('',(-1.,0.,0.));
#4234=DIRECTION('',(0.,-0.0348994967025009,-0.999390827019096));
#4235=DIRECTION('',(0.,-0.999390827019096,0.0348994967025009));
#4236=DIRECTION('',(0.,-0.0348994967025009,-0.999390827019096));
#4237=DIRECTION('',(0.,0.,-1.));
#4238=DIRECTION('',(1.,0.,0.));
#4239=DIRECTION('',(0.,0.,-1.));
#4240=DIRECTION('',(-1.,0.,0.));
#4241=DIRECTION('',(0.,0.,-1.));
#4242=DIRECTION('',(1.,1.23482735506722E-16,0.));
#4243=DIRECTION('',(0.,0.,-1.));
#4244=DIRECTION('',(-1.,0.,0.));
#4245=DIRECTION('',(0.,0.,-1.));
#4246=DIRECTION('',(-1.,0.,0.));
#4247=DIRECTION('',(0.,0.,-1.));
#4248=DIRECTION('',(-1.,0.,0.));
#4249=DIRECTION('',(0.,0.,-1.));
#4250=DIRECTION('',(-1.,0.,0.));
#4251=DIRECTION('',(0.,0.,1.));
#4252=DIRECTION('',(1.,0.,0.));
#4253=DIRECTION('',(0.,0.,-1.));
#4254=DIRECTION('',(-1.,0.,0.));
#4255=DIRECTION('',(0.,1.,0.));
#4256=DIRECTION('',(1.,0.,6.11490025281825E-17));
#4257=DIRECTION('',(-1.38492675265779E-15,-1.,6.41976648129081E-30));
#4258=DIRECTION('',(-1.,1.38492675265779E-15,1.22298005056365E-16));
#4259=DIRECTION('',(0.,1.,0.));
#4260=DIRECTION('',(-1.,0.,0.));
#4261=DIRECTION('',(0.,-1.,0.));
#4262=DIRECTION('',(1.,0.,0.));
#4263=DIRECTION('',(0.,0.,1.));
#4264=DIRECTION('',(0.,-1.,0.));
#4265=DIRECTION('',(0.,0.,1.));
#4266=DIRECTION('',(1.,0.,0.));
#4267=DIRECTION('',(0.,0.,1.));
#4268=DIRECTION('',(0.,-1.,0.));
#4269=DIRECTION('',(0.,0.,-1.));
#4270=DIRECTION('',(0.,1.,0.));
#4271=DIRECTION('',(1.,0.,0.));
#4272=DIRECTION('',(0.,-1.,0.));
#4273=DIRECTION('',(-1.,0.,0.));
#4274=DIRECTION('',(0.,0.,-1.));
#4275=DIRECTION('',(-1.,0.,0.));
#4276=DIRECTION('',(0.,0.,-1.));
#4277=DIRECTION('',(1.,0.,0.));
#4278=DIRECTION('',(0.,0.,-1.));
#4279=DIRECTION('',(-1.,0.,0.));
#4280=DIRECTION('',(0.,1.,0.));
#4281=DIRECTION('',(0.,0.,1.));
#4282=DIRECTION('',(1.,0.,0.));
#4283=DIRECTION('',(0.,0.,-1.));
#4284=DIRECTION('',(-1.,0.,0.));
#4285=DIRECTION('',(0.,0.,1.));
#4286=DIRECTION('',(0.,1.,0.));
#4287=DIRECTION('',(0.,0.,1.));
#4288=DIRECTION('',(0.,0.,-1.));
#4289=DIRECTION('',(-1.,0.,0.));
#4290=DIRECTION('',(0.,0.,1.));
#4291=DIRECTION('',(1.,0.,0.));
#4292=DIRECTION('',(0.,1.,0.));
#4293=DIRECTION('',(0.,0.,1.));
#4294=DIRECTION('',(-1.,0.,0.));
#4295=DIRECTION('',(0.,0.,1.));
#4296=DIRECTION('',(0.,1.,0.));
#4297=DIRECTION('',(0.,1.,0.));
#4298=DIRECTION('',(1.,0.,0.));
#4299=DIRECTION('',(0.,0.,1.));
#4300=DIRECTION('',(1.,0.,0.));
#4301=DIRECTION('',(0.,0.,1.));
#4302=DIRECTION('',(0.,1.,0.));
#4303=DIRECTION('',(1.,0.,0.));
#4304=DIRECTION('',(0.,0.,1.));
#4305=DIRECTION('',(0.,0.,1.));
#4306=DIRECTION('',(-1.,0.,0.));
#4307=DIRECTION('',(0.,0.,1.));
#4308=DIRECTION('',(-1.,0.,0.));
#4309=DIRECTION('',(0.,0.,1.));
#4310=DIRECTION('',(-1.,0.,0.));
#4311=DIRECTION('',(0.,0.,1.));
#4312=DIRECTION('',(0.,1.,0.));
#4313=DIRECTION('',(-1.,0.,0.));
#4314=DIRECTION('',(0.,0.,-1.));
#4315=DIRECTION('',(-1.,0.,0.));
#4316=DIRECTION('',(0.,1.,0.));
#4317=DIRECTION('',(1.,0.,0.));
#4318=DIRECTION('',(0.,0.,-1.));
#4319=DIRECTION('',(1.,0.,0.));
#4320=DIRECTION('',(0.,0.,-1.));
#4321=DIRECTION('',(1.,0.,0.));
#4322=DIRECTION('',(0.,0.,-1.));
#4323=DIRECTION('',(0.,0.,-1.));
#4324=DIRECTION('',(-1.,0.,0.));
#4325=DIRECTION('',(0.,0.,-1.));
#4326=DIRECTION('',(0.,1.,0.));
#4327=DIRECTION('',(-1.,0.,0.));
#4328=DIRECTION('',(0.,0.,-1.));
#4329=DIRECTION('',(-1.,0.,0.));
#4330=DIRECTION('',(0.,0.,-1.));
#4331=DIRECTION('',(1.,0.,0.));
#4332=DIRECTION('',(0.,0.,-1.));
#4333=DIRECTION('',(1.,0.,0.));
#4334=DIRECTION('',(0.,0.,1.));
#4335=DIRECTION('',(1.,0.,0.));
#4336=DIRECTION('',(1.,0.,0.));
#4337=DIRECTION('',(-1.,0.,0.));
#4338=DIRECTION('',(0.,0.,1.));
#4339=DIRECTION('',(0.,-1.,0.));
#4340=DIRECTION('',(-1.,0.,0.));
#4341=DIRECTION('',(0.,1.,0.));
#4342=DIRECTION('',(0.,0.,1.));
#4343=DIRECTION('',(-1.,0.,0.));
#4344=DIRECTION('',(0.,0.,1.));
#4345=DIRECTION('',(1.,0.,0.));
#4346=DIRECTION('',(0.,0.,-1.));
#4347=DIRECTION('',(-1.,0.,0.));
#4348=DIRECTION('',(0.,0.,1.));
#4349=DIRECTION('',(-1.,0.,0.));
#4350=DIRECTION('',(0.,0.,1.));
#4351=DIRECTION('',(-1.,0.,0.));
#4352=DIRECTION('',(0.,0.,1.));
#4353=DIRECTION('',(-1.,0.,0.));
#4354=DIRECTION('',(0.,0.,1.));
#4355=DIRECTION('',(0.,1.,0.));
#4356=DIRECTION('',(-1.,0.,0.));
#4357=DIRECTION('',(0.,-1.,0.));
#4358=DIRECTION('',(1.,0.,0.));
#4359=DIRECTION('',(0.,0.,1.));
#4360=DIRECTION('',(0.,-1.,0.));
#4361=DIRECTION('',(0.,0.,1.));
#4362=DIRECTION('',(1.,0.,0.));
#4363=DIRECTION('',(0.,0.,1.));
#4364=DIRECTION('',(0.,-1.,0.));
#4365=DIRECTION('',(0.,0.,-1.));
#4366=DIRECTION('',(0.,-1.,0.));
#4367=DIRECTION('',(-1.,0.,0.));
#4368=DIRECTION('',(0.,1.,0.));
#4369=DIRECTION('',(1.,0.,0.));
#4370=DIRECTION('',(0.,0.,-1.));
#4371=DIRECTION('',(-1.,0.,0.));
#4372=DIRECTION('',(0.,0.,-1.));
#4373=DIRECTION('',(-1.,0.,0.));
#4374=DIRECTION('',(0.,0.,-1.));
#4375=DIRECTION('',(1.,0.,0.));
#4376=DIRECTION('',(0.,1.,0.));
#4377=DIRECTION('',(0.,0.,1.));
#4378=DIRECTION('',(-1.44560289664734E-15,0.,1.));
#4379=DIRECTION('',(1.,0.,0.));
#4380=DIRECTION('',(0.,0.,-1.));
#4381=DIRECTION('',(-1.,0.,0.));
#4382=DIRECTION('',(0.,1.,0.));
#4383=DIRECTION('',(0.,0.,1.));
#4384=DIRECTION('',(-1.44560289664734E-15,0.,1.));
#4385=DIRECTION('',(1.,0.,0.));
#4386=DIRECTION('',(0.,0.,-1.));
#4387=DIRECTION('',(1.,0.,0.));
#4388=DIRECTION('',(0.,1.,0.));
#4389=DIRECTION('',(0.,0.,1.));
#4390=DIRECTION('',(0.,1.,0.));
#4391=DIRECTION('',(-1.,0.,0.));
#4392=DIRECTION('',(0.,1.,0.));
#4393=DIRECTION('',(0.,0.,-1.));
#4394=DIRECTION('',(-1.,0.,0.));
#4395=DIRECTION('',(1.,0.,0.));
#4396=DIRECTION('',(0.,0.,-1.));
#4397=DIRECTION('',(1.,0.,0.));
#4398=DIRECTION('',(0.,0.,-1.));
#4399=DIRECTION('',(0.,0.,-1.));
#4400=DIRECTION('',(-1.,0.,0.));
#4401=DIRECTION('',(0.,0.,-1.));
#4402=DIRECTION('',(0.,1.,0.));
#4403=DIRECTION('',(-1.,0.,0.));
#4404=DIRECTION('',(0.,0.,-1.));
#4405=DIRECTION('',(-1.,0.,0.));
#4406=DIRECTION('',(0.,0.,-1.));
#4407=DIRECTION('',(0.,1.,0.));
#4408=DIRECTION('',(1.,0.,0.));
#4409=DIRECTION('',(0.,0.,-1.));
#4410=DIRECTION('',(0.,1.,0.));
#4411=DIRECTION('',(0.,0.,1.));
#4412=DIRECTION('',(1.,0.,0.));
#4413=DIRECTION('',(-1.,0.,-1.44560289664734E-15));
#4414=DIRECTION('',(-1.44560289664734E-15,0.,1.));
#4415=DIRECTION('',(1.,0.,1.44560289664734E-15));
#4416=DIRECTION('',(-1.44560289664734E-15,0.,1.));
#4417=DIRECTION('',(1.,0.,1.44560289664734E-15));
#4418=DIRECTION('',(-1.44560289664734E-15,0.,1.));
#4419=DIRECTION('',(0.,1.,0.));
#4420=DIRECTION('',(1.,0.,1.44560289664734E-15));
#4421=DIRECTION('',(-1.44560289664734E-15,0.,1.));
#4422=DIRECTION('',(0.,0.,1.));
#4423=DIRECTION('',(-1.,0.,-1.44560289664734E-15));
#4424=DIRECTION('',(-1.44560289664734E-15,0.,1.));
#4425=DIRECTION('',(-1.,0.,-1.44560289664734E-15));
#4426=DIRECTION('',(-1.44567517679217E-15,0.,1.));
#4427=DIRECTION('',(-1.,0.,0.));
#4428=DIRECTION('',(1.,0.,0.));
#4429=DIRECTION('',(0.,0.,1.));
#4430=DIRECTION('',(0.,-1.,0.));
#4431=DIRECTION('',(-1.,0.,0.));
#4432=DIRECTION('',(0.,1.,0.));
#4433=DIRECTION('',(0.,0.,1.));
#4434=DIRECTION('',(1.,0.,0.));
#4435=DIRECTION('',(0.,0.,-1.));
#4436=DIRECTION('',(-1.,0.,0.));
#4437=DIRECTION('',(0.,0.,1.));
#4438=DIRECTION('',(-1.,0.,0.));
#4439=DIRECTION('',(0.,0.,1.));
#4440=DIRECTION('',(-1.,0.,0.));
#4441=DIRECTION('',(0.,0.,1.));
#4442=DIRECTION('',(-1.,0.,0.));
#4443=DIRECTION('',(0.,0.,1.));
#4444=DIRECTION('',(1.04404653646752E-15,1.,0.));
#4445=DIRECTION('',(0.,0.,-1.));
#4446=DIRECTION('',(1.,0.,0.));
#4447=DIRECTION('',(-1.,0.,0.));
#4448=DIRECTION('',(0.,1.,0.));
#4449=DIRECTION('',(-0.500000000000001,0.866025403784438,0.));
#4450=DIRECTION('',(-1.,0.,0.));
#4451=DIRECTION('',(-0.500000000000001,-0.866025403784438,0.));
#4452=DIRECTION('',(0.,-1.,0.));
#4453=DIRECTION('',(-1.,0.,0.));
#4454=DIRECTION('',(0.,0.,-1.));
#4455=DIRECTION('',(1.,0.,0.));
#4456=DIRECTION('',(-1.12435780850349E-15,-1.,0.));
#4457=DIRECTION('',(0.,0.,-1.));
#4458=DIRECTION('',(1.,0.,0.));
#4459=DIRECTION('',(1.,0.,0.));
#4460=DIRECTION('',(0.,-1.,0.));
#4461=DIRECTION('',(0.500000000000001,-0.866025403784438,0.));
#4462=DIRECTION('',(1.,0.,0.));
#4463=DIRECTION('',(0.500000000000001,0.866025403784438,0.));
#4464=DIRECTION('',(0.,1.,0.));
#4465=DIRECTION('',(1.,0.,0.));
#4466=DIRECTION('',(0.,0.,-1.));
#4467=DIRECTION('',(1.,0.,0.));
#4468=DIRECTION('',(0.,1.,0.));
#4469=DIRECTION('',(0.,0.,-1.));
#4470=DIRECTION('',(0.,1.,0.));
#4471=DIRECTION('',(1.,1.14443562651248E-15,0.));
#4472=DIRECTION('',(0.,0.,-1.));
#4473=DIRECTION('',(0.,1.,0.));
#4474=DIRECTION('',(0.,-1.,0.));
#4475=DIRECTION('',(0.,0.,-1.));
#4476=DIRECTION('',(0.,1.,0.));
#4477=DIRECTION('',(-1.,-1.14443562651248E-15,0.));
#4478=DIRECTION('',(0.,0.,-1.));
#4479=DIRECTION('',(0.,1.,0.));
#4480=DIRECTION('',(0.,0.,-1.));
#4481=DIRECTION('',(-1.,0.,0.));
#4482=DIRECTION('',(0.,1.,0.));
#4483=DIRECTION('',(0.,0.,-1.));
#4484=DIRECTION('',(0.,1.,0.));
#4485=DIRECTION('',(-1.,-1.14443562651248E-15,0.));
#4486=DIRECTION('',(0.,0.,-1.));
#4487=DIRECTION('',(0.,1.,0.));
#4488=DIRECTION('',(0.,-1.,0.));
#4489=DIRECTION('',(0.,0.,-1.));
#4490=DIRECTION('',(0.,1.,0.));
#4491=DIRECTION('',(1.,1.14443562651248E-15,0.));
#4492=DIRECTION('',(0.,0.,-1.));
#4493=DIRECTION('',(0.,1.,0.));
#4494=DIRECTION('',(0.,0.,-1.));
#4495=DIRECTION('',(-1.,0.,0.));
#4496=DIRECTION('',(0.,0.,-1.));
#4497=DIRECTION('',(0.,0.,-1.));
#4498=DIRECTION('',(0.,0.,-1.));
#4499=DIRECTION('',(-1.,0.,0.));
#4500=DIRECTION('',(0.,0.,-1.));
#4501=DIRECTION('',(1.14443562651248E-15,-1.,0.));
#4502=DIRECTION('',(1.,1.1444838132757E-15,0.));
#4503=DIRECTION('',(0.,0.,-1.));
#4504=DIRECTION('',(0.,0.,-1.));
#4505=DIRECTION('',(-1.,0.,0.));
#4506=DIRECTION('',(0.,0.,-1.));
#4507=DIRECTION('',(1.,0.,0.));
#4508=DIRECTION('',(0.,0.,-1.));
#4509=DIRECTION('',(0.,0.,-1.));
#4510=DIRECTION('',(0.,0.,-1.));
#4511=DIRECTION('',(-1.,0.,0.));
#4512=DIRECTION('',(0.,0.,-1.));
#4513=DIRECTION('',(-1.14443562651248E-15,1.,0.));
#4514=DIRECTION('',(-1.,-1.1444838132757E-15,0.));
#4515=DIRECTION('',(0.,0.,-1.));
#4516=DIRECTION('',(0.,0.,-1.));
#4517=DIRECTION('',(-1.,0.,0.));
#4518=DIRECTION('',(-1.,0.,0.));
#4519=DIRECTION('',(0.,0.,1.));
#4520=DIRECTION('',(0.0348994967025009,-3.64366986567058E-17,0.999390827019096));
#4521=DIRECTION('',(-1.04404653646752E-15,-1.,0.));
#4522=DIRECTION('',(0.0348994967025009,-7.56762202870044E-17,0.999390827019096));
#4523=DIRECTION('',(-0.999390827019096,1.0434105315267E-15,0.0348994967025009));
#4524=DIRECTION('',(0.0348994967025009,0.,0.999390827019096));
#4525=DIRECTION('',(7.56762202870044E-17,-0.0348994967025009,0.999390827019096));
#4526=DIRECTION('',(0.,0.,1.));
#4527=DIRECTION('',(-1.,0.,0.));
#4528=DIRECTION('',(0.,0.,-1.));
#4529=DIRECTION('',(1.,1.23482735506722E-16,0.));
#4530=DIRECTION('',(0.0348782627423746,-0.0348782627423746,0.998782765958718));
#4531=DIRECTION('',(-1.,0.,0.));
#4532=DIRECTION('',(0.,0.999390827019096,0.0348994967025009));
#4533=DIRECTION('',(0.,-0.0348994967025009,0.999390827019096));
#4534=DIRECTION('',(0.0348979708803378,-0.00935088311487138,0.999347133189167));
#4535=DIRECTION('',(0.,-1.,0.));
#4536=DIRECTION('',(-0.999390827019096,0.,0.0348994967025009));
#4537=DIRECTION('',(0.0348994967025009,0.,0.999390827019096));
#4538=DIRECTION('',(0.0201451448507202,-0.034892414407282,0.999188016619382));
#4539=DIRECTION('',(-0.500000000000001,-0.866025403784438,0.));
#4540=DIRECTION('',(-0.865497844507676,0.499695413509549,0.0348994967025009));
#4541=DIRECTION('',(-0.500000000000001,-0.866025403784438,0.));
#4542=DIRECTION('',(-0.0201451448507202,-0.034892414407282,0.999188016619382));
#4543=DIRECTION('',(-1.,0.,0.));
#4544=DIRECTION('',(0.,0.999390827019096,0.0348994967025009));
#4545=DIRECTION('',(0.,-0.0348994967025009,0.999390827019096));
#4546=DIRECTION('',(-0.0348979708803378,-0.00935088311487138,0.999347133189167));
#4547=DIRECTION('',(-0.500000000000001,0.866025403784438,0.));
#4548=DIRECTION('',(0.865497844507676,0.499695413509549,0.0348994967025009));
#4549=DIRECTION('',(-0.500000000000001,0.866025403784438,0.));
#4550=DIRECTION('',(-0.0348782627423746,-0.0348782627423746,0.998782765958718));
#4551=DIRECTION('',(0.,1.,0.));
#4552=DIRECTION('',(0.999390827019096,0.,0.0348994967025009));
#4553=DIRECTION('',(0.0348994967025009,0.,-0.999390827019096));
#4554=DIRECTION('',(0.,-0.0348994967025009,0.999390827019096));
#4555=DIRECTION('',(-1.,0.,0.));
#4556=DIRECTION('',(0.,0.999390827019096,0.0348994967025009));
#4557=DIRECTION('',(0.,-0.0348994967025009,0.999390827019096));
#4558=DIRECTION('',(-0.0348994967025009,0.,0.999390827019096));
#4559=DIRECTION('',(0.,0.,1.));
#4560=DIRECTION('',(-1.,0.,0.));
#4561=DIRECTION('',(0.,0.,-1.));
#4562=DIRECTION('',(1.,1.23482735506722E-16,0.));
#4563=DIRECTION('',(-0.0348994967025009,3.92395216302986E-17,0.999390827019096));
#4564=DIRECTION('',(1.12435780850349E-15,1.,0.));
#4565=DIRECTION('',(0.999390827019096,-1.12367288010568E-15,0.0348994967025009));
#4566=DIRECTION('',(0.0348994967025009,0.,-0.999390827019096));
#4567=DIRECTION('',(0.,0.0348994967025009,0.999390827019096));
#4568=DIRECTION('',(0.,0.,1.));
#4569=DIRECTION('',(-1.,0.,0.));
#4570=DIRECTION('',(0.,0.,-1.));
#4571=DIRECTION('',(1.,1.23482735506722E-16,0.));
#4572=DIRECTION('',(-0.0348782627423746,0.0348782627423746,0.998782765958718));
#4573=DIRECTION('',(1.,0.,0.));
#4574=DIRECTION('',(0.,-0.999390827019096,0.0348994967025009));
#4575=DIRECTION('',(0.,-0.0348994967025009,-0.999390827019096));
#4576=DIRECTION('',(-0.0348979708803378,0.00935088311487138,0.999347133189167));
#4577=DIRECTION('',(0.,1.,0.));
#4578=DIRECTION('',(0.999390827019096,0.,0.0348994967025009));
#4579=DIRECTION('',(0.0348994967025009,0.,-0.999390827019096));
#4580=DIRECTION('',(-0.0201451448507202,0.034892414407282,0.999188016619382));
#4581=DIRECTION('',(0.500000000000001,0.866025403784438,0.));
#4582=DIRECTION('',(0.865497844507676,-0.499695413509549,0.0348994967025009));
#4583=DIRECTION('',(0.500000000000001,0.866025403784438,0.));
#4584=DIRECTION('',(0.0201451448507202,0.034892414407282,0.999188016619382));
#4585=DIRECTION('',(1.,0.,0.));
#4586=DIRECTION('',(0.,-0.999390827019096,0.0348994967025009));
#4587=DIRECTION('',(0.,-0.0348994967025009,-0.999390827019096));
#4588=DIRECTION('',(0.0348979708803378,0.00935088311487138,0.999347133189167));
#4589=DIRECTION('',(0.500000000000001,-0.866025403784438,0.));
#4590=DIRECTION('',(-0.865497844507676,-0.499695413509549,0.0348994967025009));
#4591=DIRECTION('',(0.500000000000001,-0.866025403784438,0.));
#4592=DIRECTION('',(0.0348782627423746,0.0348782627423746,0.998782765958718));
#4593=DIRECTION('',(0.,-1.,0.));
#4594=DIRECTION('',(-0.999390827019096,0.,0.0348994967025009));
#4595=DIRECTION('',(0.0348994967025009,0.,0.999390827019096));
#4596=DIRECTION('',(0.,0.0348994967025009,0.999390827019096));
#4597=DIRECTION('',(1.,0.,0.));
#4598=DIRECTION('',(0.,-0.999390827019096,0.0348994967025009));
#4599=DIRECTION('',(0.,-0.0348994967025009,-0.999390827019096));
#4600=DIRECTION('',(0.,0.,1.));
#4601=DIRECTION('',(-1.,0.,0.));
#4602=DIRECTION('',(0.,0.,-1.));
#4603=DIRECTION('',(1.,1.23482735506722E-16,0.));
#4604=DIRECTION('',(0.,0.,1.));
#4605=DIRECTION('',(-1.,0.,0.));
#4606=DIRECTION('',(0.,0.,-1.));
#4607=DIRECTION('',(-1.,0.,0.));
#4608=DIRECTION('',(0.,0.,1.));
#4609=DIRECTION('',(-1.,0.,0.));
#4610=DIRECTION('',(0.,0.,1.));
#4611=DIRECTION('',(1.,0.,0.));
#4612=DIRECTION('',(0.,0.,-1.));
#4613=DIRECTION('',(-1.,0.,0.));
#4614=DIRECTION('',(0.,0.,-1.));
#4615=DIRECTION('',(0.,0.,-1.));
#4616=DIRECTION('',(0.,1.,0.));
#4617=DIRECTION('',(0.,0.,1.));
#4618=DIRECTION('',(0.,0.,-1.));
#4619=DIRECTION('',(-1.,0.,0.));
#4620=DIRECTION('',(0.,0.,1.));
#4621=DIRECTION('',(0.,0.,-1.));
#4622=DIRECTION('',(0.,-1.,0.));
#4623=DIRECTION('',(0.,0.,-1.));
#4624=DIRECTION('',(1.,0.,0.));
#4625=DIRECTION('',(0.,0.,-1.));
#4626=DIRECTION('',(0.,0.,-1.));
#4627=DIRECTION('',(-1.,0.,0.));
#4628=DIRECTION('',(0.,0.,-1.));
#4629=DIRECTION('',(-1.,0.,0.));
#4630=DIRECTION('',(0.,0.,-1.));
#4631=DIRECTION('',(0.,0.,-1.));
#4632=DIRECTION('',(0.,1.,0.));
#4633=DIRECTION('',(0.,0.,1.));
#4634=DIRECTION('',(0.,0.,-1.));
#4635=DIRECTION('',(-1.,0.,0.));
#4636=DIRECTION('',(0.,0.,1.));
#4637=DIRECTION('',(0.,0.,-1.));
#4638=DIRECTION('',(0.,-1.,0.));
#4639=DIRECTION('',(0.,0.,-1.));
#4640=DIRECTION('',(0.,0.,-1.));
#4641=DIRECTION('',(-0.220001520363935,0.975499528978644,0.));
#4642=DIRECTION('',(-0.975499528978645,-0.220001520363935,0.));
#4643=DIRECTION('',(0.,0.,-1.));
#4644=DIRECTION('',(-1.,0.,0.));
#4645=DIRECTION('',(0.,0.,1.));
#4646=DIRECTION('',(0.,0.,-1.));
#4647=DIRECTION('',(-0.224518809937322,-0.974469755294811,0.));
#4648=DIRECTION('',(0.974469755294811,-0.224518809937322,0.));
#4649=DIRECTION('',(0.,0.,-1.));
#4650=DIRECTION('',(0.,1.,0.));
#4651=DIRECTION('',(0.,0.,1.));
#4652=DIRECTION('',(0.,0.,-1.));
#4653=DIRECTION('',(-1.,0.,0.));
#4654=DIRECTION('',(0.,0.,1.));
#4655=DIRECTION('',(0.,0.,-1.));
#4656=DIRECTION('',(0.,-1.,0.));
#4657=DIRECTION('',(0.,0.,-1.));
#4658=DIRECTION('',(0.,0.,-1.));
#4659=DIRECTION('',(1.,0.,0.));
#4660=DIRECTION('',(0.,0.,-1.));
#4661=DIRECTION('',(0.,0.,-1.));
#4662=DIRECTION('',(0.222631949555134,0.974902566945682,0.));
#4663=DIRECTION('',(-0.974902566945682,0.222631949555134,0.));
#4664=DIRECTION('',(0.,0.,-1.));
#4665=DIRECTION('',(0.,0.,-1.));
#4666=DIRECTION('',(0.,0.,-1.));
#4667=DIRECTION('',(0.,0.,-1.));
#4668=DIRECTION('',(1.,0.,0.));
#4669=DIRECTION('',(0.,0.,-1.));
#4670=DIRECTION('',(-2.49722424627507E-13,-1.12353461796613E-12,-1.));
#4671=DIRECTION('',(0.,1.,-1.12353442521806E-12));
#4672=DIRECTION('',(-2.49722424627507E-13,-1.12353461796613E-12,-1.));
#4673=DIRECTION('',(0.,1.,-1.12353442521806E-12));
#4674=DIRECTION('',(0.,0.,-1.));
#4675=DIRECTION('',(0.,0.,-1.));
#4676=DIRECTION('',(0.,1.,0.));
#4677=DIRECTION('',(0.,0.,1.));
#4678=DIRECTION('',(0.,0.,-1.));
#4679=DIRECTION('',(-1.,0.,0.));
#4680=DIRECTION('',(0.,0.,1.));
#4681=DIRECTION('',(0.,0.,-1.));
#4682=DIRECTION('',(0.,-1.,0.));
#4683=DIRECTION('',(0.,0.,-1.));
#4684=DIRECTION('',(0.,0.,-1.));
#4685=DIRECTION('',(-0.568017042377323,-0.823016791790373,0.));
#4686=DIRECTION('',(0.823016791790373,-0.568017042377323,0.));
#4687=DIRECTION('',(0.,0.,-1.));
#4688=DIRECTION('',(-0.394228497420628,0.919012454660694,0.));
#4689=DIRECTION('',(-0.919012454660694,-0.394228497420628,0.));
#4690=DIRECTION('',(0.,0.,-1.));
#4691=DIRECTION('',(-1.,0.,0.));
#4692=DIRECTION('',(0.,0.,1.));
#4693=DIRECTION('',(0.,0.,-1.));
#4694=DIRECTION('',(0.405915306149128,-0.913910698172343,0.));
#4695=DIRECTION('',(0.913910698172343,0.405915306149128,0.));
#4696=DIRECTION('',(0.,0.,-1.));
#4697=DIRECTION('',(-0.564467222262105,-0.825455483349468,0.));
#4698=DIRECTION('',(0.825455483349468,-0.564467222262105,0.));
#4699=DIRECTION('',(0.,0.,-1.));
#4700=DIRECTION('',(1.,0.,0.));
#4701=DIRECTION('',(0.,0.,-1.));
#4702=DIRECTION('',(0.,0.,-1.));
#4703=DIRECTION('',(0.547575636889321,0.836756190228226,0.));
#4704=DIRECTION('',(-0.836756190228226,0.547575636889321,0.));
#4705=DIRECTION('',(0.,0.,-1.));
#4706=DIRECTION('',(0.,-1.,0.));
#4707=DIRECTION('',(0.,0.,-1.));
#4708=DIRECTION('',(1.,0.,0.));
#4709=DIRECTION('',(0.,0.,-1.));
#4710=DIRECTION('',(0.,0.,-1.));
#4711=DIRECTION('',(-1.,0.,0.));
#4712=DIRECTION('',(0.,0.,-1.));
#4713=DIRECTION('',(-1.,0.,0.));
#4714=DIRECTION('',(0.,0.,-1.));
#4715=DIRECTION('',(0.,0.,-1.));
#4716=DIRECTION('',(0.,1.,0.));
#4717=DIRECTION('',(0.,0.,1.));
#4718=DIRECTION('',(0.,0.,-1.));
#4719=DIRECTION('',(-1.,0.,0.));
#4720=DIRECTION('',(0.,0.,1.));
#4721=DIRECTION('',(0.,0.,-1.));
#4722=DIRECTION('',(0.,0.,-1.));
#4723=DIRECTION('',(0.,0.,-1.));
#4724=DIRECTION('',(0.,0.,-1.));
#4725=DIRECTION('',(0.,0.,-1.));
#4726=DIRECTION('',(0.,0.,-1.));
#4727=DIRECTION('',(0.,0.,-1.));
#4728=DIRECTION('',(-0.238934288605867,-0.971035738646322,0.));
#4729=DIRECTION('',(0.971035738646322,-0.238934288605867,0.));
#4730=DIRECTION('',(0.,0.,-1.));
#4731=DIRECTION('',(0.,0.,-1.));
#4732=DIRECTION('',(0.,0.,-1.));
#4733=DIRECTION('',(0.,-1.,0.));
#4734=DIRECTION('',(0.,0.,-1.));
#4735=DIRECTION('',(1.,0.,0.));
#4736=DIRECTION('',(0.,0.,-1.));
#4737=DIRECTION('',(0.,-8.1877016693812E-14,1.));
#4738=DIRECTION('',(0.,-1.,-8.18772133426293E-14));
#4739=DIRECTION('',(0.,-8.1877016693812E-14,1.));
#4740=DIRECTION('',(0.,-1.,-8.18772133426293E-14));
#4741=DIRECTION('',(0.,0.,-1.));
#4742=DIRECTION('',(0.,0.,-1.));
#4743=DIRECTION('',(0.,1.,0.));
#4744=DIRECTION('',(0.,0.,1.));
#4745=DIRECTION('',(0.,0.,-1.));
#4746=DIRECTION('',(-1.,0.,0.));
#4747=DIRECTION('',(0.,0.,1.));
#4748=DIRECTION('',(0.,0.,-1.));
#4749=DIRECTION('',(0.,0.,-1.));
#4750=DIRECTION('',(0.,0.,-1.));
#4751=DIRECTION('',(0.,0.,-1.));
#4752=DIRECTION('',(0.,0.,-1.));
#4753=DIRECTION('',(0.,0.,-1.));
#4754=DIRECTION('',(0.,0.,-1.));
#4755=DIRECTION('',(0.,0.,-1.));
#4756=DIRECTION('',(0.,0.,-1.));
#4757=DIRECTION('',(-1.,0.,0.));
#4758=DIRECTION('',(0.,0.,1.));
#4759=DIRECTION('',(0.,0.,-1.));
#4760=DIRECTION('',(0.,0.,-1.));
#4761=DIRECTION('',(0.,0.,-1.));
#4762=DIRECTION('',(0.,0.,-1.));
#4763=DIRECTION('',(0.,0.,-1.));
#4764=DIRECTION('',(0.,0.,-1.));
#4765=DIRECTION('',(0.,0.,-1.));
#4766=DIRECTION('',(0.,0.,-1.));
#4767=DIRECTION('',(0.,0.,-1.));
#4768=DIRECTION('',(0.,-1.,0.));
#4769=DIRECTION('',(0.,0.,-1.));
#4770=DIRECTION('',(1.,0.,0.));
#4771=DIRECTION('',(0.,0.,-1.));
#4772=DIRECTION('',(0.,-2.87676004599881E-14,1.));
#4773=DIRECTION('',(0.,-1.,-2.87677867638614E-14));
#4774=DIRECTION('',(0.,-2.87676004599881E-14,1.));
#4775=DIRECTION('',(0.,-1.,-2.87677867638614E-14));
#4776=DIRECTION('',(0.,0.,-1.));
#4777=DIRECTION('',(0.,0.,-1.));
#4778=DIRECTION('',(0.,0.,-1.));
#4779=DIRECTION('',(0.,0.,-1.));
#4780=DIRECTION('',(0.,0.,-1.));
#4781=DIRECTION('',(0.,0.,-1.));
#4782=DIRECTION('',(0.,0.,-1.));
#4783=DIRECTION('',(0.,0.,-1.));
#4784=DIRECTION('',(0.,0.,-1.));
#4785=DIRECTION('',(0.,0.,-1.));
#4786=DIRECTION('',(0.,0.,-1.));
#4787=DIRECTION('',(0.,0.,-1.));
#4788=DIRECTION('',(0.,0.,-1.));
#4789=DIRECTION('',(0.,0.,-1.));
#4790=DIRECTION('',(0.,0.,-1.));
#4791=DIRECTION('',(0.,0.,-1.));
#4792=DIRECTION('',(0.,0.,-1.));
#4793=DIRECTION('',(-1.,0.,0.));
#4794=DIRECTION('',(0.,0.,1.));
#4795=DIRECTION('',(0.,0.,-1.));
#4796=DIRECTION('',(0.,0.,-1.));
#4797=DIRECTION('',(0.,0.,-1.));
#4798=DIRECTION('',(0.,0.,-1.));
#4799=DIRECTION('',(0.,0.,-1.));
#4800=DIRECTION('',(0.,0.,-1.));
#4801=DIRECTION('',(0.,0.,-1.));
#4802=DIRECTION('',(0.,0.,-1.));
#4803=DIRECTION('',(0.,0.,-1.));
#4804=DIRECTION('',(0.,0.,-1.));
#4805=DIRECTION('',(0.,0.,-1.));
#4806=DIRECTION('',(0.,0.,-1.));
#4807=DIRECTION('',(0.,0.,-1.));
#4808=DIRECTION('',(0.,0.,-1.));
#4809=DIRECTION('',(0.,0.,-1.));
#4810=DIRECTION('',(-0.979505714165866,0.201416374499236,0.));
#4811=DIRECTION('',(-0.201416374499236,-0.979505714165866,0.));
#4812=DIRECTION('',(0.,0.,-1.));
#4813=DIRECTION('',(0.,0.,-1.));
#4814=DIRECTION('',(0.,0.,-1.));
#4815=DIRECTION('',(0.,0.,-1.));
#4816=DIRECTION('',(0.,0.,-1.));
#4817=DIRECTION('',(0.,0.,-1.));
#4818=DIRECTION('',(0.,0.,-1.));
#4819=DIRECTION('',(0.,0.,-1.));
#4820=DIRECTION('',(0.,0.,-1.));
#4821=DIRECTION('',(0.,0.,-1.));
#4822=DIRECTION('',(0.,0.,-1.));
#4823=DIRECTION('',(0.,0.,-1.));
#4824=DIRECTION('',(0.,0.,-1.));
#4825=DIRECTION('',(0.,0.,-1.));
#4826=DIRECTION('',(0.,0.,-1.));
#4827=DIRECTION('',(-1.,0.,0.));
#4828=DIRECTION('',(0.,0.,-1.));
#4829=DIRECTION('',(-1.,0.,0.));
#4830=DIRECTION('',(0.,0.,-1.));
#4831=DIRECTION('',(0.,0.,-1.));
#4832=DIRECTION('',(0.,1.,0.));
#4833=DIRECTION('',(0.,0.,1.));
#4834=DIRECTION('',(0.,0.,-1.));
#4835=DIRECTION('',(-1.,0.,0.));
#4836=DIRECTION('',(0.,0.,1.));
#4837=DIRECTION('',(0.,0.,-1.));
#4838=DIRECTION('',(0.,-1.,0.));
#4839=DIRECTION('',(0.,0.,-1.));
#4840=DIRECTION('',(1.,0.,0.));
#4841=DIRECTION('',(0.,0.,-1.));
#4842=DIRECTION('',(0.,0.,-1.));
#4843=DIRECTION('',(-1.,0.,0.));
#4844=DIRECTION('',(0.,0.,-1.));
#4845=DIRECTION('',(-1.,0.,0.));
#4846=DIRECTION('',(0.,0.,-1.));
#4847=DIRECTION('',(0.,0.,1.));
#4848=DIRECTION('',(0.,0.,-1.));
#4849=DIRECTION('',(0.,0.,-1.));
#4850=DIRECTION('',(0.,0.,-1.));
#4851=DIRECTION('',(0.976099598474946,-0.217323661521358,0.));
#4852=DIRECTION('',(0.217323661521358,0.976099598474946,0.));
#4853=DIRECTION('',(0.,0.,-1.));
#4854=DIRECTION('',(0.,0.,-1.));
#4855=DIRECTION('',(0.,0.,-1.));
#4856=DIRECTION('',(0.,0.,-1.));
#4857=DIRECTION('',(0.,0.,-1.));
#4858=DIRECTION('',(1.,0.,0.));
#4859=DIRECTION('',(0.,0.,-1.));
#4860=DIRECTION('',(0.,0.,-1.));
#4861=DIRECTION('',(0.,1.,0.));
#4862=DIRECTION('',(0.,0.,1.));
#4863=DIRECTION('',(0.,0.,-1.));
#4864=DIRECTION('',(0.,0.,-1.));
#4865=DIRECTION('',(0.,0.,-1.));
#4866=DIRECTION('',(0.,0.,-1.));
#4867=DIRECTION('',(0.,0.,-1.));
#4868=DIRECTION('',(0.,0.,-1.));
#4869=DIRECTION('',(0.,0.,-1.));
#4870=DIRECTION('',(0.,0.,-1.));
#4871=DIRECTION('',(0.,0.,-1.));
#4872=DIRECTION('',(0.,0.,-1.));
#4873=DIRECTION('',(4.40057138195375E-15,-1.5185364526523E-14,-1.));
#4874=DIRECTION('',(0.,1.,-1.5185335627832E-14));
#4875=DIRECTION('',(4.40057138195375E-15,-1.5185364526523E-14,-1.));
#4876=DIRECTION('',(0.,1.,-1.5185335627832E-14));
#4877=CARTESIAN_POINT('',(0.,0.,0.));
#4878=CARTESIAN_POINT('',(0.,0.293530788014751,0.55));
#4879=CARTESIAN_POINT('',(0.249965356708501,0.293529956289793,0.55));
#4880=CARTESIAN_POINT('',(0.247002764964964,-0.293520446269385,0.55));
#4881=CARTESIAN_POINT('',(-0.000611673475211117,-0.293531255339353,0.55));
#4882=CARTESIAN_POINT('',(-0.248226111915387,-0.293542064409321,0.55));
#4883=CARTESIAN_POINT('',(-0.235960588003112,0.293531573140787,0.55));
#4884=CARTESIAN_POINT('',(0.,0.293530788014751,0.55));
#4885=CARTESIAN_POINT('',(0.,0.293530788014751,0.55));
#4886=CARTESIAN_POINT('',(0.,0.55,0.));
#4887=CARTESIAN_POINT('',(-0.233005193392907,0.55,0.));
#4888=CARTESIAN_POINT('',(-0.450462573438144,0.288564860874997,0.));
#4889=CARTESIAN_POINT('',(-0.45,4.33680868994202E-16,0.));
#4890=CARTESIAN_POINT('',(-0.449537426561856,-0.288564860874996,0.));
#4891=CARTESIAN_POINT('',(-0.229051441360838,-0.550642529769374,0.));
#4892=CARTESIAN_POINT('',(0.,-0.55,0.));
#4893=CARTESIAN_POINT('',(0.229051441360838,-0.549357470230626,0.));
#4894=CARTESIAN_POINT('',(0.450462573438145,-0.2885648608749,0.));
#4895=CARTESIAN_POINT('',(0.45,0.,0.));
#4896=CARTESIAN_POINT('',(0.449537426561855,0.2885648608749,0.));
#4897=CARTESIAN_POINT('',(0.230342087380188,0.55,0.));
#4898=CARTESIAN_POINT('',(0.,0.55,0.));
#4899=CARTESIAN_POINT('',(0.,0.55,6.7762635780344E-18));
#4900=CARTESIAN_POINT('',(-0.0135586199465533,0.269422745265005,0.6017));
#4901=CARTESIAN_POINT('',(0.0135586199465533,0.26942261891127,0.6017));
#4902=CARTESIAN_POINT('',(0.0250016208692627,0.267371875027517,0.6017));
#4903=CARTESIAN_POINT('',(0.0639626907401341,0.248048854298878,0.6017));
#4904=CARTESIAN_POINT('',(0.080724371804068,0.235232238920486,0.6017));
#4905=CARTESIAN_POINT('',(0.118843680921317,0.189586291896769,0.6017));
#4906=CARTESIAN_POINT('',(0.13509269527946,0.161549917502397,0.6017));
#4907=CARTESIAN_POINT('',(0.162984895496719,0.080944467384274,0.6017));
#4908=CARTESIAN_POINT('',(0.169387780286594,0.0419254997060102,0.6017));
#4909=CARTESIAN_POINT('',(0.169457775281566,-0.042388965833393,0.6017));
#4910=CARTESIAN_POINT('',(0.162779190168889,-0.0813318821082504,0.6017));
#4911=CARTESIAN_POINT('',(0.135007783342601,-0.162004514399375,0.6017));
#4912=CARTESIAN_POINT('',(0.118429420516448,-0.189984199977541,0.6017));
#4913=CARTESIAN_POINT('',(0.0803812584440156,-0.235743202992999,0.6017));
#4914=CARTESIAN_POINT('',(0.0634741204992494,-0.248230962352541,0.6017));
#4915=CARTESIAN_POINT('',(0.024259571234727,-0.267801996006741,0.6017));
#4916=CARTESIAN_POINT('',(0.0134126895454518,-0.269401388157723,0.6017));
#4917=CARTESIAN_POINT('',(-0.0142504238159234,-0.269444601335581,0.6017));
#4918=CARTESIAN_POINT('',(-0.0248609112928619,-0.267441509202211,0.6017));
#4919=CARTESIAN_POINT('',(-0.0641034003165368,-0.247979220124184,0.6017));
#4920=CARTESIAN_POINT('',(-0.080724371804129,-0.23523223892038,0.6017));
#4921=CARTESIAN_POINT('',(-0.118843680921334,-0.189586291896784,0.6017));
#4922=CARTESIAN_POINT('',(-0.135092695279469,-0.161549917502263,0.6017));
#4923=CARTESIAN_POINT('',(-0.162984895496762,-0.0809444673842598,0.6017));
#4924=CARTESIAN_POINT('',(-0.16938778028659,-0.0419254997057953,0.6017));
#4925=CARTESIAN_POINT('',(-0.169457775281571,0.04238896583341,0.6017));
#4926=CARTESIAN_POINT('',(-0.162779190168881,0.0813318821082336,0.6017));
#4927=CARTESIAN_POINT('',(-0.135007783342635,0.162004514399318,0.6017));
#4928=CARTESIAN_POINT('',(-0.11842942051643,0.18998419997759,0.6017));
#4929=CARTESIAN_POINT('',(-0.0803812584439362,0.235743202993067,0.6017));
#4930=CARTESIAN_POINT('',(-0.0636172164602143,0.248159720181473,0.6017));
#4931=CARTESIAN_POINT('',(-0.0241164752737629,0.267873238177809,0.6017));
#4932=CARTESIAN_POINT('',(-0.0135586199465533,0.269422745265005,0.6017));
#4933=CARTESIAN_POINT('',(0.0135586199465533,0.26942261891127,0.6017));
#4934=CARTESIAN_POINT('',(-0.0615465938898634,0.574108100498219,-0.0517));
#4935=CARTESIAN_POINT('',(0.0615465938898634,0.574108111355008,-0.0517));
#4936=CARTESIAN_POINT('',(0.121746330003406,0.559492370906121,-0.0517));
#4937=CARTESIAN_POINT('',(0.237975267931551,0.501843481768351,-0.0517));
#4938=CARTESIAN_POINT('',(0.289496225895045,0.460578619725536,-0.0517));
#4939=CARTESIAN_POINT('',(0.377796983499163,0.354836900094007,-0.0517));
#4940=CARTESIAN_POINT('',(0.412276794118908,0.292253246751312,-0.0517));
#4941=CARTESIAN_POINT('',(0.461668939940636,0.149511586395747,-0.0517));
#4942=CARTESIAN_POINT('',(0.474046084603592,0.0754772189349496,-0.0517));
#4943=CARTESIAN_POINT('',(0.474170110804628,-0.0754373964340593,-0.0517));
#4944=CARTESIAN_POINT('',(0.461569638939484,-0.149433603567231,-0.0517));
#4945=CARTESIAN_POINT('',(0.41240106589052,-0.29225888123214,-0.0517));
#4946=CARTESIAN_POINT('',(0.377718356923811,-0.354705667565062,-0.0517));
#4947=CARTESIAN_POINT('',(0.289639928461168,-0.460631759034729,-0.0517));
#4948=CARTESIAN_POINT('',(0.238036975007025,-0.501636236899882,-0.0517));
#4949=CARTESIAN_POINT('',(0.121790361747209,-0.559647011086207,-0.0517));
#4950=CARTESIAN_POINT('',(0.0617329273572813,-0.574016584562891,-0.0517));
#4951=CARTESIAN_POINT('',(-0.0616609465333102,-0.574199573561085,-0.0517));
#4952=CARTESIAN_POINT('',(-0.121664831662909,-0.559532804791212,-0.0517));
#4953=CARTESIAN_POINT('',(-0.238056766272047,-0.501803047883261,-0.0517));
#4954=CARTESIAN_POINT('',(-0.289496225895025,-0.460578619725514,-0.0517));
#4955=CARTESIAN_POINT('',(-0.377796983499177,-0.354836900094037,-0.0517));
#4956=CARTESIAN_POINT('',(-0.412276794118868,-0.292253246751303,-0.0517));
#4957=CARTESIAN_POINT('',(-0.461668939940674,-0.149511586395767,-0.0517));
#4958=CARTESIAN_POINT('',(-0.474046084603574,-0.0754772189350089,-0.0517));
#4959=CARTESIAN_POINT('',(-0.474170110804646,0.0754373964340997,-0.0517));
#4960=CARTESIAN_POINT('',(-0.461569638939481,0.149433603567223,-0.0517));
#4961=CARTESIAN_POINT('',(-0.41240106589052,0.292258881232155,-0.0517));
#4962=CARTESIAN_POINT('',(-0.377718356923828,0.354705667565059,-0.0517));
#4963=CARTESIAN_POINT('',(-0.28963992846116,0.460631759034722,-0.0517));
#4964=CARTESIAN_POINT('',(-0.238118846066206,0.501595368404775,-0.0517));
#4965=CARTESIAN_POINT('',(-0.121708490688028,0.559687879581315,-0.0517));
#4966=CARTESIAN_POINT('',(-0.0615465938898634,0.574108100498219,-0.0517));
#4967=CARTESIAN_POINT('',(0.0615465938898634,0.574108111355008,-0.0517));
#4968=CARTESIAN_POINT('',(-3.1,2.7,0.55));
#4969=CARTESIAN_POINT('',(-3.3,-2.7,0.));
#4970=CARTESIAN_POINT('',(-3.3,-2.7,0.));
#4971=CARTESIAN_POINT('',(-3.3,2.7,0.));
#4972=CARTESIAN_POINT('',(-3.3,-2.7,1.79621535898483E-17));
#4973=CARTESIAN_POINT('',(-3.26857130745743,-2.7,0.9));
#4974=CARTESIAN_POINT('',(-3.26857130745742,2.7,0.9));
#4975=CARTESIAN_POINT('',(-3.26857130745742,2.7,0.9));
#4976=CARTESIAN_POINT('',(-3.3,2.7,0.));
#4977=CARTESIAN_POINT('',(-3.3,-2.7,0.));
#4978=CARTESIAN_POINT('',(-3.1,2.7,0.));
#4979=CARTESIAN_POINT('',(-3.1,2.9,0.));
#4980=CARTESIAN_POINT('',(-3.1,2.7,0.9));
#4981=CARTESIAN_POINT('',(-3.1,2.86857130745743,0.9));
#4982=CARTESIAN_POINT('',(-3.1,2.9,2.83612951418657E-18));
#4983=CARTESIAN_POINT('',(-3.1,2.7,0.));
#4984=CARTESIAN_POINT('',(-3.1,2.9,0.));
#4985=CARTESIAN_POINT('',(-1.5,2.9,0.));
#4986=CARTESIAN_POINT('',(-3.1,2.86857130745743,0.9));
#4987=CARTESIAN_POINT('',(-1.46857130745742,2.86857130745743,0.9));
#4988=CARTESIAN_POINT('',(-1.5,2.9,0.));
#4989=CARTESIAN_POINT('',(-3.1,2.9,0.));
#4990=CARTESIAN_POINT('',(-1.5,2.9,0.));
#4991=CARTESIAN_POINT('',(-1.5,2.90231443580777,0.));
#4992=CARTESIAN_POINT('',(-1.46857130745742,2.7,0.9));
#4993=CARTESIAN_POINT('',(-1.46857130745742,2.89389314302182,0.9));
#4994=CARTESIAN_POINT('',(-1.49999924473746,2.90231423343578,2.16278893595579E-5));
#4995=CARTESIAN_POINT('',(-1.5,2.9,0.));
#4996=CARTESIAN_POINT('',(-1.5,2.90231443580777,0.));
#4997=CARTESIAN_POINT('',(-1.32813115937974,3.2,0.));
#4998=CARTESIAN_POINT('',(-1.96038667433132,2.0420439396531,0.9));
#4999=CARTESIAN_POINT('',(-1.30998579528001,3.16857130745743,0.9));
#5000=CARTESIAN_POINT('',(-1.32799166139554,3.1997583824038,0.00691902268227603));
#5001=CARTESIAN_POINT('',(-1.5,2.90231443580777,0.));
#5002=CARTESIAN_POINT('',(-1.32813115937974,3.2,0.));
#5003=CARTESIAN_POINT('',(1.32813115937974,3.2,0.));
#5004=CARTESIAN_POINT('',(-3.1,3.16857130745743,0.9));
#5005=CARTESIAN_POINT('',(1.30998579528001,3.16857130745743,0.9));
#5006=CARTESIAN_POINT('',(1.32705317678078,3.19813287936892,0.0534673393014277));
#5007=CARTESIAN_POINT('',(-1.32813115937974,3.2,0.));
#5008=CARTESIAN_POINT('',(1.32813115937974,3.2,0.));
#5009=CARTESIAN_POINT('',(1.5,2.90231443580777,0.));
#5010=CARTESIAN_POINT('',(0.410386674331316,4.72672269138486,0.9));
#5011=CARTESIAN_POINT('',(1.46857130745743,2.89389314302181,0.9));
#5012=CARTESIAN_POINT('',(1.49988782916641,2.90228437972348,0.00321215240173613));
#5013=CARTESIAN_POINT('',(1.32813115937974,3.2,0.));
#5014=CARTESIAN_POINT('',(1.5,2.90231443580775,0.));
#5015=CARTESIAN_POINT('',(1.5,2.9,0.));
#5016=CARTESIAN_POINT('',(1.46857130745743,2.7,0.9));
#5017=CARTESIAN_POINT('',(1.46857130745743,2.86857130745743,0.9));
#5018=CARTESIAN_POINT('',(1.5,2.9,-7.55381168502513E-18));
#5019=CARTESIAN_POINT('',(1.5,2.90231443580775,0.));
#5020=CARTESIAN_POINT('',(1.5,2.9,0.));
#5021=CARTESIAN_POINT('',(3.1,2.9,0.));
#5022=CARTESIAN_POINT('',(-3.1,2.86857130745743,0.9));
#5023=CARTESIAN_POINT('',(3.1,2.86857130745743,0.9));
#5024=CARTESIAN_POINT('',(3.1,2.9,0.));
#5025=CARTESIAN_POINT('',(1.5,2.9,0.));
#5026=CARTESIAN_POINT('',(3.1,2.7,0.));
#5027=CARTESIAN_POINT('',(3.3,2.7,0.));
#5028=CARTESIAN_POINT('',(3.1,2.7,0.9));
#5029=CARTESIAN_POINT('',(3.26857130745743,2.7,0.9));
#5030=CARTESIAN_POINT('',(3.3,2.7,2.83612951418657E-18));
#5031=CARTESIAN_POINT('',(3.1,2.7,0.));
#5032=CARTESIAN_POINT('',(3.3,2.7,0.));
#5033=CARTESIAN_POINT('',(3.3,-2.7,0.));
#5034=CARTESIAN_POINT('',(3.26857130745743,2.69999999999999,0.9));
#5035=CARTESIAN_POINT('',(3.26857130745742,-2.7,0.9));
#5036=CARTESIAN_POINT('',(3.3,-2.7,-2.40741243048404E-32));
#5037=CARTESIAN_POINT('',(3.3,2.7,0.));
#5038=CARTESIAN_POINT('',(3.1,-2.7,0.));
#5039=CARTESIAN_POINT('',(3.1,-2.9,0.));
#5040=CARTESIAN_POINT('',(3.1,-2.7,0.9));
#5041=CARTESIAN_POINT('',(3.1,-2.86857130745743,0.9));
#5042=CARTESIAN_POINT('',(3.1,-2.9,2.83612951418657E-18));
#5043=CARTESIAN_POINT('',(3.1,-2.7,0.));
#5044=CARTESIAN_POINT('',(3.1,-2.9,0.));
#5045=CARTESIAN_POINT('',(1.5,-2.9,0.));
#5046=CARTESIAN_POINT('',(-3.1,-2.86857130745743,0.9));
#5047=CARTESIAN_POINT('',(1.46857130745743,-2.86857130745743,0.9));
#5048=CARTESIAN_POINT('',(1.5,-2.9,-1.51076233700503E-17));
#5049=CARTESIAN_POINT('',(3.1,-2.9,0.));
#5050=CARTESIAN_POINT('',(1.5,-2.9,0.));
#5051=CARTESIAN_POINT('',(1.5,-2.90231443580775,0.));
#5052=CARTESIAN_POINT('',(1.46857130745743,2.7,0.9));
#5053=CARTESIAN_POINT('',(1.46857130745743,-2.89389314302181,0.9));
#5054=CARTESIAN_POINT('',(1.49999924473746,-2.90231423343577,2.16278893594485E-5));
#5055=CARTESIAN_POINT('',(1.5,-2.9,0.));
#5056=CARTESIAN_POINT('',(1.5,-2.90231443580777,0.));
#5057=CARTESIAN_POINT('',(1.32813115937974,-3.2,0.));
#5058=CARTESIAN_POINT('',(2.7486552645493,-0.67672269138487,0.9));
#5059=CARTESIAN_POINT('',(1.30998579528001,-3.16857130745743,0.9));
#5060=CARTESIAN_POINT('',(1.32799166139554,-3.1997583824038,0.00691902268227603));
#5061=CARTESIAN_POINT('',(1.5,-2.90231443580777,0.));
#5062=CARTESIAN_POINT('',(1.32813115937974,-3.2,0.));
#5063=CARTESIAN_POINT('',(-1.32813115937974,-3.2,0.));
#5064=CARTESIAN_POINT('',(-3.1,-3.16857130745743,0.9));
#5065=CARTESIAN_POINT('',(-1.30998579528001,-3.16857130745743,0.9));
#5066=CARTESIAN_POINT('',(-1.32705317678078,-3.19813287936892,0.0534673393014277));
#5067=CARTESIAN_POINT('',(1.32813115937974,-3.2,0.));
#5068=CARTESIAN_POINT('',(-1.32813115937974,-3.2,0.));
#5069=CARTESIAN_POINT('',(-1.5,-2.90231443580777,0.));
#5070=CARTESIAN_POINT('',(-4.29865526454931,2.00795606034689,0.9));
#5071=CARTESIAN_POINT('',(-1.46857130745742,-2.89389314302182,0.9));
#5072=CARTESIAN_POINT('',(-1.4998878291664,-2.90228437972349,0.00321215240173601));
#5073=CARTESIAN_POINT('',(-1.32813115937974,-3.2,0.));
#5074=CARTESIAN_POINT('',(-1.5,-2.90231443580777,0.));
#5075=CARTESIAN_POINT('',(-1.5,-2.9,0.));
#5076=CARTESIAN_POINT('',(-1.46857130745742,2.7,0.9));
#5077=CARTESIAN_POINT('',(-1.46857130745742,-2.86857130745743,0.9));
#5078=CARTESIAN_POINT('',(-1.5,-2.9,-2.26614350550754E-16));
#5079=CARTESIAN_POINT('',(-1.5,-2.90231443580777,0.));
#5080=CARTESIAN_POINT('',(-1.5,-2.9,0.));
#5081=CARTESIAN_POINT('',(-3.1,-2.9,0.));
#5082=CARTESIAN_POINT('',(-3.1,-2.86857130745743,0.9));
#5083=CARTESIAN_POINT('',(-3.1,-2.86857130745743,0.9));
#5084=CARTESIAN_POINT('',(-3.1,-2.9,0.));
#5085=CARTESIAN_POINT('',(-1.5,-2.9,0.));
#5086=CARTESIAN_POINT('',(-3.1,-2.7,0.));
#5087=CARTESIAN_POINT('',(-3.1,-2.7,0.9));
#5088=CARTESIAN_POINT('',(-3.1,-2.7,0.));
#5089=CARTESIAN_POINT('',(-9.79717439317883E-17,0.,0.9));
#5090=CARTESIAN_POINT('',(-1.6,0.,0.9));
#5091=CARTESIAN_POINT('',(-3.1,2.7,0.9));
#5092=CARTESIAN_POINT('',(-3.1,2.7,0.));
#5093=CARTESIAN_POINT('',(-9.79717439317883E-17,0.,2.5));
#5094=CARTESIAN_POINT('',(-1.6,0.,2.5));
#5095=CARTESIAN_POINT('',(-9.79717439317883E-17,0.,0.9));
#5096=CARTESIAN_POINT('',(-3.1,2.7,2.5));
#5097=CARTESIAN_POINT('',(3.25,0.,1.075));
#5098=CARTESIAN_POINT('',(3.25,0.,0.925));
#5099=CARTESIAN_POINT('',(3.25,0.,1.075));
#5100=CARTESIAN_POINT('',(3.25,0.,0.925));
#5101=CARTESIAN_POINT('',(3.25,0.,0.925));
#5102=CARTESIAN_POINT('',(3.24994619270755,0.400121500504964,0.927941680547193));
#5103=CARTESIAN_POINT('',(3.10143697642425,1.19573477650255,0.935775991283742));
#5104=CARTESIAN_POINT('',(2.46327289144016,2.23234123594648,0.945972605475333));
#5105=CARTESIAN_POINT('',(1.4950596064453,2.96897227648387,0.95663613979357));
#5106=CARTESIAN_POINT('',(0.326244114007767,3.30817563671684,0.967180241179494));
#5107=CARTESIAN_POINT('',(-0.886155276348272,3.20393814224632,0.977737400914232));
#5108=CARTESIAN_POINT('',(-1.97989982091771,2.67019089986127,0.988268100993583));
#5109=CARTESIAN_POINT('',(-2.80835847837804,1.77867430573575,0.998845105362898));
#5110=CARTESIAN_POINT('',(-3.26019062609611,0.648648702198012,1.00937347362716));
#5111=CARTESIAN_POINT('',(-3.27526891192601,-0.568370985126325,1.01995093283392));
#5112=CARTESIAN_POINT('',(-2.85110485292216,-1.70901387194523,1.03048515180325));
#5113=CARTESIAN_POINT('',(-2.04483780327754,-2.6208352804433,1.0410146396576));
#5114=CARTESIAN_POINT('',(-0.964618269285523,-3.18104777610162,1.05149277676384));
#5115=CARTESIAN_POINT('',(0.245168257634289,-3.31504306843316,1.06212204270007));
#5116=CARTESIAN_POINT('',(1.4216537771601,-3.00483400715654,1.07270081842495));
#5117=CARTESIAN_POINT('',(2.40788608241372,-2.2914757347027,1.08317192856876));
#5118=CARTESIAN_POINT('',(3.07122898618129,-1.27190784776641,1.09375011143626));
#5119=CARTESIAN_POINT('',(3.32303998570651,-0.0819175615391358,1.10424014039925));
#5120=CARTESIAN_POINT('',(3.12999830833056,1.11971074074323,1.11479410655568));
#5121=CARTESIAN_POINT('',(2.51747312042021,2.1708466810477,1.12537895565811));
#5122=CARTESIAN_POINT('',(1.56735147128477,2.931504853629,1.13593206327164));
#5123=CARTESIAN_POINT('',(0.407438238994437,3.29917982439525,1.14648686225872));
#5124=CARTESIAN_POINT('',(-0.807393892812357,3.22458954560487,1.15701826545726));
#5125=CARTESIAN_POINT('',(-1.91387785883691,2.71802434495847,1.16759500709633));
#5126=CARTESIAN_POINT('',(-2.76382477900547,1.84685473459288,1.17812348123976));
#5127=CARTESIAN_POINT('',(-3.24344244535681,0.728330300400988,1.18870101321792));
#5128=CARTESIAN_POINT('',(-3.28809417619336,-0.487898576775363,1.19923385748803));
#5129=CARTESIAN_POINT('',(-2.89213968588497,-1.63876668656905,1.20977259437549));
#5130=CARTESIAN_POINT('',(-2.10852324643647,-2.56982659618522,1.22033181147599));
#5131=CARTESIAN_POINT('',(-1.04212671072076,-3.15649779147568,1.23089558577853));
#5132=CARTESIAN_POINT('',(0.163557235332736,-3.3201706720807,1.24142313283146));
#5133=CARTESIAN_POINT('',(1.34766767511653,-3.03848237465394,1.25191991605567));
#5134=CARTESIAN_POINT('',(2.35072666744069,-2.35041998922997,1.26250074528847));
#5135=CARTESIAN_POINT('',(3.03871793270908,-1.34733117282514,1.2729900230104));
#5136=CARTESIAN_POINT('',(3.32026092100053,-0.163344533292553,1.28354411572367));
#5137=CARTESIAN_POINT('',(3.15655696854719,1.04222773963236,1.29412907851759));
#5138=CARTESIAN_POINT('',(2.56992041324194,2.10854047679868,1.30468200649849));
#5139=CARTESIAN_POINT('',(1.63892059489102,2.89213369678287,1.31523696184631));
#5140=CARTESIAN_POINT('',(0.488109349639438,3.28811045559342,1.32576821076057));
#5141=CARTESIAN_POINT('',(-0.728096622637292,3.24352204372238,1.33634507792115));
#5142=CARTESIAN_POINT('',(-1.84663901332094,2.76396678146781,1.34687348048759));
#5143=CARTESIAN_POINT('',(-2.71786383324996,1.91406588355428,1.35745093111881));
#5144=CARTESIAN_POINT('',(-3.22449087396821,0.80758027649718,1.36798515223203));
#5145=CARTESIAN_POINT('',(-3.29912907614888,-0.407291721829345,1.3785146395504));
#5146=CARTESIAN_POINT('',(-2.93142857326549,-1.56725233434684,1.38899277679064));
#5147=CARTESIAN_POINT('',(-2.17072929610029,-2.51744957110564,1.39962204269337));
#5148=CARTESIAN_POINT('',(-1.11947747647331,-3.12999952913316,1.41020081842663));
#5149=CARTESIAN_POINT('',(0.0823145462673282,-3.3229506081313,1.42067192856834));
#5150=CARTESIAN_POINT('',(1.27231217850532,-3.0710615069057,1.43125011143636));
#5151=CARTESIAN_POINT('',(2.29181964478457,-2.40766857130966,1.44174014039922));
#5152=CARTESIAN_POINT('',(3.0049980866699,-1.42148797117602,1.45229410655568));
#5153=CARTESIAN_POINT('',(3.31514272398913,-0.24510190581885,1.46287895565811));
#5154=CARTESIAN_POINT('',(3.18117181493052,0.964602107234157,1.47343206327164));
#5155=CARTESIAN_POINT('',(2.6209747678914,2.04477008447606,1.48398686225872));
#5156=CARTESIAN_POINT('',(1.70921543754423,2.85104283093667,1.49451826545726));
#5157=CARTESIAN_POINT('',(0.568617433403894,3.27524945809662,1.50509500709633));
#5158=CARTESIAN_POINT('',(-0.648395736549079,3.26024274994329,1.51562348123976));
#5159=CARTESIAN_POINT('',(-1.7784528531429,2.80846744185726,1.52620101321792));
#5160=CARTESIAN_POINT('',(-2.67003008133544,1.9800372969972,1.53673385748803));
#5161=CARTESIAN_POINT('',(-3.20383462088358,0.886268547172403,1.54727259437549));
#5162=CARTESIAN_POINT('',(-3.30809289848082,-0.326190726791398,1.557831811476));
#5163=CARTESIAN_POINT('',(-2.96887585715909,-1.49508612914653,1.56839558577853));
#5164=CARTESIAN_POINT('',(-2.23206276670906,-2.46336762714087,1.57892313283146));
#5165=CARTESIAN_POINT('',(-1.19558653977279,-3.10147644349441,1.58941991605567));
#5166=CARTESIAN_POINT('',(0.000216854242447691,-3.32421268028429,1.60000074528847));
#5167=CARTESIAN_POINT('',(1.19599104752308,-3.10140506514044,1.6104900230104));
#5168=CARTESIAN_POINT('',(2.23227698538725,-2.46328103970909,1.62104411572367));
#5169=CARTESIAN_POINT('',(2.96898913989613,-1.49505653542661,1.63162907851759));
#5170=CARTESIAN_POINT('',(3.30817142086377,-0.326244881762441,1.64218200649849));
#5171=CARTESIAN_POINT('',(3.20393921556702,0.886155482619545,1.6527369618463));
#5172=CARTESIAN_POINT('',(2.67019063153109,1.97989976934989,1.66326821076056));
#5173=CARTESIAN_POINT('',(1.7786743728183,2.80835849126999,1.67384507792115));
#5174=CARTESIAN_POINT('',(0.648648685427378,3.26019062287312,1.68437348048759));
#5175=CARTESIAN_POINT('',(-0.568370980933673,3.27526891273176,1.69495093111881));
#5176=CARTESIAN_POINT('',(-1.70901387299339,2.85110485272073,1.70548515223203));
#5177=CARTESIAN_POINT('',(-2.62083528018126,2.0448378033279,1.7160146395504));
#5178=CARTESIAN_POINT('',(-3.18104777616713,0.96461826927293,1.72649277679064));
#5179=CARTESIAN_POINT('',(-3.31504306841678,-0.245168257631137,1.73712204269337));
#5180=CARTESIAN_POINT('',(-3.00483400716064,-1.42165377716087,1.74770081842663));
#5181=CARTESIAN_POINT('',(-2.29147573470168,-2.40788608241353,1.75817192856835));
#5182=CARTESIAN_POINT('',(-1.27190784776667,-3.07122898618134,1.76875011143636));
#5183=CARTESIAN_POINT('',(-0.0819175615390806,-3.3230399857065,1.77924014039922));
#5184=CARTESIAN_POINT('',(1.11971074074321,-3.12999830833056,1.78979410655568));
#5185=CARTESIAN_POINT('',(2.1708466810477,-2.51747312042022,1.80037895565811));
#5186=CARTESIAN_POINT('',(2.931504853629,-1.56735147128477,1.81093206327164));
#5187=CARTESIAN_POINT('',(3.29917982439526,-0.407438238994432,1.82148686225872));
#5188=CARTESIAN_POINT('',(3.22458954560486,0.807393892812347,1.83201826545726));
#5189=CARTESIAN_POINT('',(2.71802434495848,1.91387785883689,1.84259500709633));
#5190=CARTESIAN_POINT('',(1.84685473459288,2.76382477900547,1.85312348123976));
#5191=CARTESIAN_POINT('',(0.728330300400974,3.24344244535682,1.86370101321792));
#5192=CARTESIAN_POINT('',(-0.487898576775364,3.28809417619336,1.87423385748803));
#5193=CARTESIAN_POINT('',(-1.63876668656905,2.89213968588497,1.88477259437549));
#5194=CARTESIAN_POINT('',(-2.56982659618522,2.10852324643648,1.89533181147599));
#5195=CARTESIAN_POINT('',(-3.15649779147567,1.04212671072077,1.90589558577853));
#5196=CARTESIAN_POINT('',(-3.32017067208071,-0.163557235332728,1.91642313283146));
#5197=CARTESIAN_POINT('',(-3.03848237465394,-1.34766767511654,1.92691991605567));
#5198=CARTESIAN_POINT('',(-2.35041998922997,-2.3507266674407,1.93750074528847));
#5199=CARTESIAN_POINT('',(-1.34733117282514,-3.03871793270908,1.9479900230104));
#5200=CARTESIAN_POINT('',(-0.163344533292564,-3.32026092100053,1.95854411572367));
#5201=CARTESIAN_POINT('',(1.04222773963234,-3.1565569685472,1.96912907851759));
#5202=CARTESIAN_POINT('',(2.10854047679868,-2.56992041324194,1.97968200649849));
#5203=CARTESIAN_POINT('',(2.89213369678287,-1.63892059489101,1.99023696184631));
#5204=CARTESIAN_POINT('',(3.28811045559341,-0.488109349639439,2.00076821076056));
#5205=CARTESIAN_POINT('',(3.24352204372238,0.728096622637281,2.01134507792115));
#5206=CARTESIAN_POINT('',(2.76396678146783,1.84663901332092,2.02187348048759));
#5207=CARTESIAN_POINT('',(1.91406588355427,2.71786383324996,2.03245093111881));
#5208=CARTESIAN_POINT('',(0.807580276497173,3.22449087396822,2.04298515223203));
#5209=CARTESIAN_POINT('',(-0.407291721829348,3.29912907614887,2.0535146395504));
#5210=CARTESIAN_POINT('',(-1.56725233434684,2.93142857326549,2.06399277679064));
#5211=CARTESIAN_POINT('',(-2.51744957110563,2.1707292961003,2.07462204269337));
#5212=CARTESIAN_POINT('',(-3.12999952913316,1.11947747647331,2.08520081842663));
#5213=CARTESIAN_POINT('',(-3.3229506081313,-0.0823145462673412,2.09567192856834));
#5214=CARTESIAN_POINT('',(-3.0710615069057,-1.27231217850533,2.10625011143636));
#5215=CARTESIAN_POINT('',(-2.40766857130966,-2.29181964478457,2.11674014039922));
#5216=CARTESIAN_POINT('',(-1.42148797117603,-3.0049980866699,2.12729410655568));
#5217=CARTESIAN_POINT('',(-0.245101905818866,-3.31514272398913,2.13787895565811));
#5218=CARTESIAN_POINT('',(0.964602107234148,-3.18117181493053,2.14843206327164));
#5219=CARTESIAN_POINT('',(2.04477008447606,-2.6209747678914,2.15898686225872));
#5220=CARTESIAN_POINT('',(2.85104283093667,-1.70921543754422,2.16951826545726));
#5221=CARTESIAN_POINT('',(3.27524945809662,-0.5686174334039,2.18009500709633));
#5222=CARTESIAN_POINT('',(3.26024274994329,0.648395736549069,2.19062348123976));
#5223=CARTESIAN_POINT('',(2.80846744185727,1.7784528531429,2.20120101321792));
#5224=CARTESIAN_POINT('',(1.9800372969972,2.67003008133544,2.21173385748803));
#5225=CARTESIAN_POINT('',(0.886268547172396,3.20383462088359,2.22227259437549));
#5226=CARTESIAN_POINT('',(-0.326190726791409,3.30809289848081,2.23283181147599));
#5227=CARTESIAN_POINT('',(-1.49508612914653,2.96887585715909,2.24339558577853));
#5228=CARTESIAN_POINT('',(-2.46335852845766,2.23205848025327,2.25383633253259));
#5229=CARTESIAN_POINT('',(-3.10150334688962,1.19559074687374,2.26473924116009));
#5230=CARTESIAN_POINT('',(-3.24994619270755,0.400079738965566,2.2709104305472));
#5231=CARTESIAN_POINT('',(-3.25,1.42085730927031E-14,2.275));
#5232=CARTESIAN_POINT('',(-3.25,1.42085730927031E-14,2.275));
#5233=CARTESIAN_POINT('',(-3.25,1.42085730927031E-14,2.275));
#5234=CARTESIAN_POINT('',(-3.25,1.42085730927031E-14,2.425));
#5235=CARTESIAN_POINT('',(-3.25,1.42085730927031E-14,2.425));
#5236=CARTESIAN_POINT('',(-3.25,1.42085730927031E-14,2.425));
#5237=CARTESIAN_POINT('',(-3.25005380729245,0.400079903705171,2.42091043054719));
#5238=CARTESIAN_POINT('',(-3.10139499306674,1.19571395873288,2.4147294961989));
#5239=CARTESIAN_POINT('',(-2.46330842301032,2.23230113482014,2.40383137592876));
#5240=CARTESIAN_POINT('',(-1.49510275192325,2.96890568845138,2.39338237710534));
#5241=CARTESIAN_POINT('',(-0.326154018819232,3.30813301516043,2.38280856661643));
#5242=CARTESIAN_POINT('',(0.886198591335083,3.20390908374675,2.37225800923207));
#5243=CARTESIAN_POINT('',(1.97996417206013,2.67005656577143,2.36171395638531));
#5244=CARTESIAN_POINT('',(2.80843062227219,1.77858168651622,2.3511983869021));
#5245=CARTESIAN_POINT('',(3.26015922003509,0.648511286978112,2.34061173180666));
#5246=CARTESIAN_POINT('',(3.2752820126677,-0.568504877506292,2.3301045707062));
#5247=CARTESIAN_POINT('',(2.85105013576992,-1.70906652270351,2.31951834187621));
#5248=CARTESIAN_POINT('',(2.04479673233876,-2.62092840914354,2.30900965568716));
#5249=CARTESIAN_POINT('',(0.964668900616742,-3.18109956678631,2.29844390739463));
#5250=CARTESIAN_POINT('',(-0.245172058951389,-3.31508329995751,2.28791213363223));
#5251=CARTESIAN_POINT('',(-1.42149985082959,-3.00502630013758,2.2773512225317));
#5252=CARTESIAN_POINT('',(-2.40779239458059,-2.29157195696127,2.26674624596079));
#5253=CARTESIAN_POINT('',(-3.07121496218144,-1.27213761169432,2.25627355793291));
#5254=CARTESIAN_POINT('',(-3.32295249299245,-0.0821813021399967,2.24565977453385));
#5255=CARTESIAN_POINT('',(-3.13002363365434,1.11972370399869,2.23518642294361));
#5256=CARTESIAN_POINT('',(-2.51748498177513,2.1707530287477,2.22463065207817));
#5257=CARTESIAN_POINT('',(-1.5672545737092,2.93150430320919,2.21403835759513));
#5258=CARTESIAN_POINT('',(-0.407386812623722,3.29917096873902,2.20350005959667));
#5259=CARTESIAN_POINT('',(0.807503683749928,3.22448876997124,2.19296597011748));
#5260=CARTESIAN_POINT('',(1.91398100780125,2.71796785476647,2.1824482898486));
#5261=CARTESIAN_POINT('',(2.76384684365945,1.84671484190132,2.17186173464542));
#5262=CARTESIAN_POINT('',(3.24350721573528,0.728212689441035,2.16135465644587));
#5263=CARTESIAN_POINT('',(3.28806197692665,-0.487968473581993,2.15076828263025));
#5264=CARTESIAN_POINT('',(2.89213858419636,-1.63886731929875,2.14025980707081));
#5265=CARTESIAN_POINT('',(2.10857646500571,-2.56982822820362,2.12969380246234));
#5266=CARTESIAN_POINT('',(1.04213812161618,-3.15652790008842,2.11916235438376));
#5267=CARTESIAN_POINT('',(-0.163342726657141,-3.32029240297695,2.10860125055799));
#5268=CARTESIAN_POINT('',(-1.34754223705719,-3.03853434529649,2.09799591298262));
#5269=CARTESIAN_POINT('',(-2.35062704456833,-2.35062553902077,2.08752579342307));
#5270=CARTESIAN_POINT('',(-3.0385348028831,-1.34754336565702,2.07690116438229));
#5271=CARTESIAN_POINT('',(-3.32029235522646,-0.163340977316144,2.06641343879007));
#5272=CARTESIAN_POINT('',(-3.15653063946288,1.0421360505517,2.05588237710534));
#5273=CARTESIAN_POINT('',(-2.56982900650536,2.10857756966872,2.04530856661643));
#5274=CARTESIAN_POINT('',(-1.63886880601148,2.89214287283351,2.03475800923207));
#5275=CARTESIAN_POINT('',(-0.487969011238528,3.28806119637877,2.02421395638531));
#5276=CARTESIAN_POINT('',(0.728213166070764,3.24350750893045,2.0136983869021));
#5277=CARTESIAN_POINT('',(1.84671396353642,2.7638474209329,2.00311173180666));
#5278=CARTESIAN_POINT('',(2.71796777547799,1.91398046743332,1.99260457070619));
#5279=CARTESIAN_POINT('',(3.2244894122083,0.807504356803156,1.98201834187621));
#5280=CARTESIAN_POINT('',(3.2991658866947,-0.407386615525028,1.97150965568716));
#5281=CARTESIAN_POINT('',(2.93150099653006,-1.5672531540783,1.96094390739463));
#5282=CARTESIAN_POINT('',(2.17075505615625,-2.51748070704023,1.95041213363223));
#5283=CARTESIAN_POINT('',(1.11972229049393,-3.13002665844847,1.9398512225317));
#5284=CARTESIAN_POINT('',(-0.0821802595530942,-3.32295240024158,1.92924624596079));
#5285=CARTESIAN_POINT('',(-1.27213979440858,-3.07121405807159,1.91877355793291));
#5286=CARTESIAN_POINT('',(-2.29157128532578,-2.40779319738563,1.90815977453385));
#5287=CARTESIAN_POINT('',(-3.00502516078393,-1.42149671247835,1.89768642294361));
#5288=CARTESIAN_POINT('',(-3.31508488905722,-0.245176515239762,1.88713065207817));
#5289=CARTESIAN_POINT('',(-3.18110290879217,0.96467023496135,1.87653835759513));
#5290=CARTESIAN_POINT('',(-2.62093214206136,2.04480018651695,1.86600005959667));
#5291=CARTESIAN_POINT('',(-1.70906654449383,2.85104920571923,1.85546597011748));
#5292=CARTESIAN_POINT('',(-0.568504551473903,3.27528245083095,1.8449482898486));
#5293=CARTESIAN_POINT('',(0.64851025768635,3.26015943293889,1.83436173464541));
#5294=CARTESIAN_POINT('',(1.77858181622407,2.80843007792377,1.82385465644587));
#5295=CARTESIAN_POINT('',(2.67005673752155,1.9799651041714,1.81326828263025));
#5296=CARTESIAN_POINT('',(3.20390499995767,0.886196610075323,1.80275980707081));
#5297=CARTESIAN_POINT('',(3.30813168370329,-0.326154249591489,1.79219380246234));
#5298=CARTESIAN_POINT('',(2.96890521588487,-1.49509935042923,1.78166235438376));
#5299=CARTESIAN_POINT('',(2.23230052399042,-2.46330202334394,1.77110125055799));
#5300=CARTESIAN_POINT('',(1.19571198666894,-3.1014244941858,1.76049591298262));
#5301=CARTESIAN_POINT('',(-1.06458290116576E-6,-3.32428758192663,1.75002579342307));
#5302=CARTESIAN_POINT('',(-1.19571151219095,-3.10142561578898,1.73940116438229));
#5303=CARTESIAN_POINT('',(-2.23230172719659,-2.46330075260838,1.72891343879007));
#5304=CARTESIAN_POINT('',(-2.96890568845138,-1.49510275192325,1.71838237710534));
#5305=CARTESIAN_POINT('',(-3.30813301516043,-0.326154018819227,1.70780856661643));
#5306=CARTESIAN_POINT('',(-3.20390908374674,0.886198591335085,1.69725800923207));
#5307=CARTESIAN_POINT('',(-2.67005656577144,1.97996417206013,1.68671395638531));
#5308=CARTESIAN_POINT('',(-1.77858168651622,2.80843062227218,1.6761983869021));
#5309=CARTESIAN_POINT('',(-0.648511286978125,3.26015922003509,1.66561173180666));
#5310=CARTESIAN_POINT('',(0.568504877506285,3.2752820126677,1.6551045707062));
#5311=CARTESIAN_POINT('',(1.70906652270352,2.85105013576991,1.64451834187621));
#5312=CARTESIAN_POINT('',(2.62092840914353,2.04479673233876,1.63400965568716));
#5313=CARTESIAN_POINT('',(3.1810995667863,0.96466890061675,1.62344390739463));
#5314=CARTESIAN_POINT('',(3.31508329995751,-0.245172058951374,1.61291213363223));
#5315=CARTESIAN_POINT('',(3.00502630013758,-1.42149985082959,1.6023512225317));
#5316=CARTESIAN_POINT('',(2.29157195696127,-2.40779239458059,1.59174624596079));
#5317=CARTESIAN_POINT('',(1.27213761169431,-3.07121496218145,1.58127355793291));
#5318=CARTESIAN_POINT('',(0.0821813021399836,-3.32295249299245,1.57065977453385));
#5319=CARTESIAN_POINT('',(-1.11972370399868,-3.13002363365434,1.56018642294361));
#5320=CARTESIAN_POINT('',(-2.17075302874769,-2.51748498177514,1.54963065207817));
#5321=CARTESIAN_POINT('',(-2.93150430320919,-1.5672545737092,1.53903835759513));
#5322=CARTESIAN_POINT('',(-3.29917096873903,-0.407386812623721,1.52850005959667));
#5323=CARTESIAN_POINT('',(-3.22448876997124,0.807503683749938,1.51796597011748));
#5324=CARTESIAN_POINT('',(-2.71796785476646,1.91398100780126,1.5074482898486));
#5325=CARTESIAN_POINT('',(-1.84671484190133,2.76384684365943,1.49686173464542));
#5326=CARTESIAN_POINT('',(-0.728212689441047,3.24350721573528,1.48635465644587));
#5327=CARTESIAN_POINT('',(0.487968473581993,3.28806197692665,1.47576828263025));
#5328=CARTESIAN_POINT('',(1.63886731929876,2.89213858419635,1.46525980707081));
#5329=CARTESIAN_POINT('',(2.56982822820362,2.10857646500571,1.45469380246234));
#5330=CARTESIAN_POINT('',(3.15652790008841,1.0421381216162,1.44416235438375));
#5331=CARTESIAN_POINT('',(3.32029240297695,-0.163342726657132,1.43360125055799));
#5332=CARTESIAN_POINT('',(3.03853434529649,-1.34754223705719,1.42299591298263));
#5333=CARTESIAN_POINT('',(2.35062553902076,-2.35062704456834,1.41252579342307));
#5334=CARTESIAN_POINT('',(1.34754336565701,-3.0385348028831,1.40190116438228));
#5335=CARTESIAN_POINT('',(0.163340977316154,-3.32029235522646,1.39141343879007));
#5336=CARTESIAN_POINT('',(-1.04213605055168,-3.15653063946288,1.38088237710534));
#5337=CARTESIAN_POINT('',(-2.10857756966872,-2.56982900650537,1.37030856661643));
#5338=CARTESIAN_POINT('',(-2.89214287283351,-1.63886880601149,1.35975800923207));
#5339=CARTESIAN_POINT('',(-3.28806119637877,-0.487969011238525,1.34921395638531));
#5340=CARTESIAN_POINT('',(-3.24350750893044,0.728213166070781,1.3386983869021));
#5341=CARTESIAN_POINT('',(-2.76384742093289,1.84671396353642,1.32811173180666));
#5342=CARTESIAN_POINT('',(-1.91398046743333,2.71796777547797,1.3176045707062));
#5343=CARTESIAN_POINT('',(-0.807504356803168,3.2244894122083,1.30701834187621));
#5344=CARTESIAN_POINT('',(0.407386615525032,3.29916588669469,1.29650965568716));
#5345=CARTESIAN_POINT('',(1.5672531540783,2.93150099653006,1.28594390739463));
#5346=CARTESIAN_POINT('',(2.51748070704022,2.17075505615625,1.27541213363223));
#5347=CARTESIAN_POINT('',(3.13002665844847,1.11972229049394,1.2648512225317));
#5348=CARTESIAN_POINT('',(3.32295240024158,-0.0821802595530863,1.25424624596079));
#5349=CARTESIAN_POINT('',(3.07121405807159,-1.27213979440858,1.24377355793291));
#5350=CARTESIAN_POINT('',(2.40779319738563,-2.29157128532577,1.23315977453385));
#5351=CARTESIAN_POINT('',(1.42149671247836,-3.00502516078394,1.22268642294361));
#5352=CARTESIAN_POINT('',(0.24517651523975,-3.31508488905717,1.21213065207815));
#5353=CARTESIAN_POINT('',(-0.964670234961291,-3.18110290879235,1.20153835759521));
#5354=CARTESIAN_POINT('',(-2.04480018651721,-2.62093214206063,1.19100005959636));
#5355=CARTESIAN_POINT('',(-2.85104920571819,-1.70906654449679,1.18046597011872));
#5356=CARTESIAN_POINT('',(-3.27528245083511,-0.568504551462082,1.16994828984365));
#5357=CARTESIAN_POINT('',(-3.26015943292225,0.648510257639095,1.15936173466519));
#5358=CARTESIAN_POINT('',(-2.80843007799036,1.77858181641307,1.14885465636675));
#5359=CARTESIAN_POINT('',(-1.97996510390507,2.67005673676553,1.13826828294671));
#5360=CARTESIAN_POINT('',(-0.886196611140688,3.20390500298175,1.12775980580495));
#5361=CARTESIAN_POINT('',(0.326154346442154,3.30813154655724,1.11719379291434));
#5362=CARTESIAN_POINT('',(1.49509896302657,2.96890576446907,1.10666239257577));
#5363=CARTESIAN_POINT('',(2.46331025224013,2.23229315321427,1.09603121639758));
#5364=CARTESIAN_POINT('',(3.10139075569156,1.19574242050808,1.08577599128374));
#5365=CARTESIAN_POINT('',(3.25005380729245,0.400121779281501,1.07794168054719));
#5366=CARTESIAN_POINT('',(3.25,0.,1.075));
#5367=CARTESIAN_POINT('',(3.25,0.,1.075));
#5368=CARTESIAN_POINT('',(3.25005380729245,0.400121779281501,1.07794168054719));
#5369=CARTESIAN_POINT('',(3.10139075569156,1.19574242050808,1.08577599128374));
#5370=CARTESIAN_POINT('',(2.46331025224013,2.23229315321427,1.09603121639758));
#5371=CARTESIAN_POINT('',(1.49509896302657,2.96890576446907,1.10666239257577));
#5372=CARTESIAN_POINT('',(0.326154346442154,3.30813154655724,1.11719379291434));
#5373=CARTESIAN_POINT('',(-0.886196611140688,3.20390500298175,1.12775980580495));
#5374=CARTESIAN_POINT('',(-1.97996510390507,2.67005673676553,1.13826828294671));
#5375=CARTESIAN_POINT('',(-2.80843007799036,1.77858181641307,1.14885465636675));
#5376=CARTESIAN_POINT('',(-3.26015943292225,0.648510257639095,1.15936173466519));
#5377=CARTESIAN_POINT('',(-3.27528245083511,-0.568504551462082,1.16994828984365));
#5378=CARTESIAN_POINT('',(-2.85104920571819,-1.70906654449679,1.18046597011872));
#5379=CARTESIAN_POINT('',(-2.04480018651721,-2.62093214206063,1.19100005959636));
#5380=CARTESIAN_POINT('',(-0.964670234961291,-3.18110290879235,1.20153835759521));
#5381=CARTESIAN_POINT('',(0.24517651523975,-3.31508488905717,1.21213065207815));
#5382=CARTESIAN_POINT('',(1.42149671247836,-3.00502516078394,1.22268642294361));
#5383=CARTESIAN_POINT('',(2.40779319738563,-2.29157128532577,1.23315977453385));
#5384=CARTESIAN_POINT('',(3.07121405807159,-1.27213979440858,1.24377355793291));
#5385=CARTESIAN_POINT('',(3.32295240024158,-0.0821802595530863,1.25424624596079));
#5386=CARTESIAN_POINT('',(3.13002665844847,1.11972229049394,1.2648512225317));
#5387=CARTESIAN_POINT('',(2.51748070704022,2.17075505615625,1.27541213363223));
#5388=CARTESIAN_POINT('',(1.5672531540783,2.93150099653006,1.28594390739463));
#5389=CARTESIAN_POINT('',(0.407386615525032,3.29916588669469,1.29650965568716));
#5390=CARTESIAN_POINT('',(-0.807504356803168,3.2244894122083,1.30701834187621));
#5391=CARTESIAN_POINT('',(-1.91398046743333,2.71796777547797,1.3176045707062));
#5392=CARTESIAN_POINT('',(-2.76384742093289,1.84671396353642,1.32811173180666));
#5393=CARTESIAN_POINT('',(-3.24350750893044,0.728213166070781,1.3386983869021));
#5394=CARTESIAN_POINT('',(-3.28806119637877,-0.487969011238525,1.34921395638531));
#5395=CARTESIAN_POINT('',(-2.89214287283351,-1.63886880601149,1.35975800923207));
#5396=CARTESIAN_POINT('',(-2.10857756966872,-2.56982900650537,1.37030856661643));
#5397=CARTESIAN_POINT('',(-1.04213605055168,-3.15653063946288,1.38088237710534));
#5398=CARTESIAN_POINT('',(0.163340977316154,-3.32029235522646,1.39141343879007));
#5399=CARTESIAN_POINT('',(1.34754336565701,-3.0385348028831,1.40190116438228));
#5400=CARTESIAN_POINT('',(2.35062553902076,-2.35062704456834,1.41252579342307));
#5401=CARTESIAN_POINT('',(3.03853434529649,-1.34754223705719,1.42299591298263));
#5402=CARTESIAN_POINT('',(3.32029240297695,-0.163342726657132,1.43360125055799));
#5403=CARTESIAN_POINT('',(3.15652790008841,1.0421381216162,1.44416235438375));
#5404=CARTESIAN_POINT('',(2.56982822820362,2.10857646500571,1.45469380246234));
#5405=CARTESIAN_POINT('',(1.63886731929876,2.89213858419635,1.46525980707081));
#5406=CARTESIAN_POINT('',(0.487968473581993,3.28806197692665,1.47576828263025));
#5407=CARTESIAN_POINT('',(-0.728212689441047,3.24350721573528,1.48635465644587));
#5408=CARTESIAN_POINT('',(-1.84671484190133,2.76384684365943,1.49686173464542));
#5409=CARTESIAN_POINT('',(-2.71796785476646,1.91398100780126,1.5074482898486));
#5410=CARTESIAN_POINT('',(-3.22448876997124,0.807503683749938,1.51796597011748));
#5411=CARTESIAN_POINT('',(-3.29917096873903,-0.407386812623721,1.52850005959667));
#5412=CARTESIAN_POINT('',(-2.93150430320919,-1.5672545737092,1.53903835759513));
#5413=CARTESIAN_POINT('',(-2.17075302874769,-2.51748498177514,1.54963065207817));
#5414=CARTESIAN_POINT('',(-1.11972370399868,-3.13002363365434,1.56018642294361));
#5415=CARTESIAN_POINT('',(0.0821813021399836,-3.32295249299245,1.57065977453385));
#5416=CARTESIAN_POINT('',(1.27213761169431,-3.07121496218145,1.58127355793291));
#5417=CARTESIAN_POINT('',(2.29157195696127,-2.40779239458059,1.59174624596079));
#5418=CARTESIAN_POINT('',(3.00502630013758,-1.42149985082959,1.6023512225317));
#5419=CARTESIAN_POINT('',(3.31508329995751,-0.245172058951374,1.61291213363223));
#5420=CARTESIAN_POINT('',(3.1810995667863,0.96466890061675,1.62344390739463));
#5421=CARTESIAN_POINT('',(2.62092840914353,2.04479673233876,1.63400965568716));
#5422=CARTESIAN_POINT('',(1.70906652270352,2.85105013576991,1.64451834187621));
#5423=CARTESIAN_POINT('',(0.568504877506285,3.2752820126677,1.6551045707062));
#5424=CARTESIAN_POINT('',(-0.648511286978125,3.26015922003509,1.66561173180666));
#5425=CARTESIAN_POINT('',(-1.77858168651622,2.80843062227218,1.6761983869021));
#5426=CARTESIAN_POINT('',(-2.67005656577144,1.97996417206013,1.68671395638531));
#5427=CARTESIAN_POINT('',(-3.20390908374674,0.886198591335085,1.69725800923207));
#5428=CARTESIAN_POINT('',(-3.30813301516043,-0.326154018819227,1.70780856661643));
#5429=CARTESIAN_POINT('',(-2.96890568845138,-1.49510275192325,1.71838237710534));
#5430=CARTESIAN_POINT('',(-2.23230172719659,-2.46330075260838,1.72891343879007));
#5431=CARTESIAN_POINT('',(-1.19571151219095,-3.10142561578898,1.73940116438229));
#5432=CARTESIAN_POINT('',(-1.06458290116576E-6,-3.32428758192663,1.75002579342307));
#5433=CARTESIAN_POINT('',(1.19571198666894,-3.1014244941858,1.76049591298262));
#5434=CARTESIAN_POINT('',(2.23230052399042,-2.46330202334394,1.77110125055799));
#5435=CARTESIAN_POINT('',(2.96890521588487,-1.49509935042923,1.78166235438376));
#5436=CARTESIAN_POINT('',(3.30813168370329,-0.326154249591489,1.79219380246234));
#5437=CARTESIAN_POINT('',(3.20390499995767,0.886196610075323,1.80275980707081));
#5438=CARTESIAN_POINT('',(2.67005673752155,1.9799651041714,1.81326828263025));
#5439=CARTESIAN_POINT('',(1.77858181622407,2.80843007792377,1.82385465644587));
#5440=CARTESIAN_POINT('',(0.64851025768635,3.26015943293889,1.83436173464541));
#5441=CARTESIAN_POINT('',(-0.568504551473903,3.27528245083095,1.8449482898486));
#5442=CARTESIAN_POINT('',(-1.70906654449383,2.85104920571923,1.85546597011748));
#5443=CARTESIAN_POINT('',(-2.62093214206136,2.04480018651695,1.86600005959667));
#5444=CARTESIAN_POINT('',(-3.18110290879217,0.96467023496135,1.87653835759513));
#5445=CARTESIAN_POINT('',(-3.31508488905722,-0.245176515239762,1.88713065207817));
#5446=CARTESIAN_POINT('',(-3.00502516078393,-1.42149671247835,1.89768642294361));
#5447=CARTESIAN_POINT('',(-2.29157128532578,-2.40779319738563,1.90815977453385));
#5448=CARTESIAN_POINT('',(-1.27213979440858,-3.07121405807159,1.91877355793291));
#5449=CARTESIAN_POINT('',(-0.0821802595530942,-3.32295240024158,1.92924624596079));
#5450=CARTESIAN_POINT('',(1.11972229049393,-3.13002665844847,1.9398512225317));
#5451=CARTESIAN_POINT('',(2.17075505615625,-2.51748070704023,1.95041213363223));
#5452=CARTESIAN_POINT('',(2.93150099653006,-1.5672531540783,1.96094390739463));
#5453=CARTESIAN_POINT('',(3.2991658866947,-0.407386615525028,1.97150965568716));
#5454=CARTESIAN_POINT('',(3.2244894122083,0.807504356803156,1.98201834187621));
#5455=CARTESIAN_POINT('',(2.71796777547799,1.91398046743332,1.99260457070619));
#5456=CARTESIAN_POINT('',(1.84671396353642,2.7638474209329,2.00311173180666));
#5457=CARTESIAN_POINT('',(0.728213166070764,3.24350750893045,2.0136983869021));
#5458=CARTESIAN_POINT('',(-0.487969011238528,3.28806119637877,2.02421395638531));
#5459=CARTESIAN_POINT('',(-1.63886880601148,2.89214287283351,2.03475800923207));
#5460=CARTESIAN_POINT('',(-2.56982900650536,2.10857756966872,2.04530856661643));
#5461=CARTESIAN_POINT('',(-3.15653063946288,1.0421360505517,2.05588237710534));
#5462=CARTESIAN_POINT('',(-3.32029235522646,-0.163340977316144,2.06641343879007));
#5463=CARTESIAN_POINT('',(-3.0385348028831,-1.34754336565702,2.07690116438229));
#5464=CARTESIAN_POINT('',(-2.35062704456833,-2.35062553902077,2.08752579342307));
#5465=CARTESIAN_POINT('',(-1.34754223705719,-3.03853434529649,2.09799591298262));
#5466=CARTESIAN_POINT('',(-0.163342726657141,-3.32029240297695,2.10860125055799));
#5467=CARTESIAN_POINT('',(1.04213812161618,-3.15652790008842,2.11916235438376));
#5468=CARTESIAN_POINT('',(2.10857646500571,-2.56982822820362,2.12969380246234));
#5469=CARTESIAN_POINT('',(2.89213858419636,-1.63886731929875,2.14025980707081));
#5470=CARTESIAN_POINT('',(3.28806197692665,-0.487968473581993,2.15076828263025));
#5471=CARTESIAN_POINT('',(3.24350721573528,0.728212689441035,2.16135465644587));
#5472=CARTESIAN_POINT('',(2.76384684365945,1.84671484190132,2.17186173464542));
#5473=CARTESIAN_POINT('',(1.91398100780125,2.71796785476647,2.1824482898486));
#5474=CARTESIAN_POINT('',(0.807503683749928,3.22448876997124,2.19296597011748));
#5475=CARTESIAN_POINT('',(-0.407386812623722,3.29917096873902,2.20350005959667));
#5476=CARTESIAN_POINT('',(-1.5672545737092,2.93150430320919,2.21403835759513));
#5477=CARTESIAN_POINT('',(-2.51748498177513,2.1707530287477,2.22463065207817));
#5478=CARTESIAN_POINT('',(-3.13002363365434,1.11972370399869,2.23518642294361));
#5479=CARTESIAN_POINT('',(-3.32295249299245,-0.0821813021399967,2.24565977453385));
#5480=CARTESIAN_POINT('',(-3.07121496218144,-1.27213761169432,2.25627355793291));
#5481=CARTESIAN_POINT('',(-2.40779239458059,-2.29157195696127,2.26674624596079));
#5482=CARTESIAN_POINT('',(-1.42149985082959,-3.00502630013758,2.2773512225317));
#5483=CARTESIAN_POINT('',(-0.245172058951389,-3.31508329995751,2.28791213363223));
#5484=CARTESIAN_POINT('',(0.964668900616742,-3.18109956678631,2.29844390739463));
#5485=CARTESIAN_POINT('',(2.04479673233876,-2.62092840914354,2.30900965568716));
#5486=CARTESIAN_POINT('',(2.85105013576992,-1.70906652270351,2.31951834187621));
#5487=CARTESIAN_POINT('',(3.2752820126677,-0.568504877506292,2.3301045707062));
#5488=CARTESIAN_POINT('',(3.26015922003509,0.648511286978112,2.34061173180666));
#5489=CARTESIAN_POINT('',(2.80843062227219,1.77858168651622,2.3511983869021));
#5490=CARTESIAN_POINT('',(1.97996417206013,2.67005656577143,2.36171395638531));
#5491=CARTESIAN_POINT('',(0.886198591335083,3.20390908374675,2.37225800923207));
#5492=CARTESIAN_POINT('',(-0.326154018819232,3.30813301516043,2.38280856661643));
#5493=CARTESIAN_POINT('',(-1.49510275192325,2.96890568845138,2.39338237710534));
#5494=CARTESIAN_POINT('',(-2.46330842301032,2.23230113482014,2.40383137592876));
#5495=CARTESIAN_POINT('',(-3.10139499306674,1.19571395873288,2.4147294961989));
#5496=CARTESIAN_POINT('',(-3.25005380729245,0.400079903705171,2.42091043054719));
#5497=CARTESIAN_POINT('',(-3.25,1.42085730927031E-14,2.425));
#5498=CARTESIAN_POINT('',(3.25,0.,0.925));
#5499=CARTESIAN_POINT('',(3.24994619270755,0.400121500504964,0.927941680547193));
#5500=CARTESIAN_POINT('',(3.10143697642425,1.19573477650255,0.935775991283742));
#5501=CARTESIAN_POINT('',(2.46327289144016,2.23234123594648,0.945972605475333));
#5502=CARTESIAN_POINT('',(1.4950596064453,2.96897227648387,0.95663613979357));
#5503=CARTESIAN_POINT('',(0.326244114007767,3.30817563671684,0.967180241179494));
#5504=CARTESIAN_POINT('',(-0.886155276348272,3.20393814224632,0.977737400914232));
#5505=CARTESIAN_POINT('',(-1.97989982091771,2.67019089986127,0.988268100993583));
#5506=CARTESIAN_POINT('',(-2.80835847837804,1.77867430573575,0.998845105362898));
#5507=CARTESIAN_POINT('',(-3.26019062609611,0.648648702198012,1.00937347362716));
#5508=CARTESIAN_POINT('',(-3.27526891192601,-0.568370985126325,1.01995093283392));
#5509=CARTESIAN_POINT('',(-2.85110485292216,-1.70901387194523,1.03048515180325));
#5510=CARTESIAN_POINT('',(-2.04483780327754,-2.6208352804433,1.0410146396576));
#5511=CARTESIAN_POINT('',(-0.964618269285523,-3.18104777610162,1.05149277676384));
#5512=CARTESIAN_POINT('',(0.245168257634289,-3.31504306843316,1.06212204270007));
#5513=CARTESIAN_POINT('',(1.4216537771601,-3.00483400715654,1.07270081842495));
#5514=CARTESIAN_POINT('',(2.40788608241372,-2.2914757347027,1.08317192856876));
#5515=CARTESIAN_POINT('',(3.07122898618129,-1.27190784776641,1.09375011143626));
#5516=CARTESIAN_POINT('',(3.32303998570651,-0.0819175615391358,1.10424014039925));
#5517=CARTESIAN_POINT('',(3.12999830833056,1.11971074074323,1.11479410655568));
#5518=CARTESIAN_POINT('',(2.51747312042021,2.1708466810477,1.12537895565811));
#5519=CARTESIAN_POINT('',(1.56735147128477,2.931504853629,1.13593206327164));
#5520=CARTESIAN_POINT('',(0.407438238994437,3.29917982439525,1.14648686225872));
#5521=CARTESIAN_POINT('',(-0.807393892812357,3.22458954560487,1.15701826545726));
#5522=CARTESIAN_POINT('',(-1.91387785883691,2.71802434495847,1.16759500709633));
#5523=CARTESIAN_POINT('',(-2.76382477900547,1.84685473459288,1.17812348123976));
#5524=CARTESIAN_POINT('',(-3.24344244535681,0.728330300400988,1.18870101321792));
#5525=CARTESIAN_POINT('',(-3.28809417619336,-0.487898576775363,1.19923385748803));
#5526=CARTESIAN_POINT('',(-2.89213968588497,-1.63876668656905,1.20977259437549));
#5527=CARTESIAN_POINT('',(-2.10852324643647,-2.56982659618522,1.22033181147599));
#5528=CARTESIAN_POINT('',(-1.04212671072076,-3.15649779147568,1.23089558577853));
#5529=CARTESIAN_POINT('',(0.163557235332736,-3.3201706720807,1.24142313283146));
#5530=CARTESIAN_POINT('',(1.34766767511653,-3.03848237465394,1.25191991605567));
#5531=CARTESIAN_POINT('',(2.35072666744069,-2.35041998922997,1.26250074528847));
#5532=CARTESIAN_POINT('',(3.03871793270908,-1.34733117282514,1.2729900230104));
#5533=CARTESIAN_POINT('',(3.32026092100053,-0.163344533292553,1.28354411572367));
#5534=CARTESIAN_POINT('',(3.15655696854719,1.04222773963236,1.29412907851759));
#5535=CARTESIAN_POINT('',(2.56992041324194,2.10854047679868,1.30468200649849));
#5536=CARTESIAN_POINT('',(1.63892059489102,2.89213369678287,1.31523696184631));
#5537=CARTESIAN_POINT('',(0.488109349639438,3.28811045559342,1.32576821076057));
#5538=CARTESIAN_POINT('',(-0.728096622637292,3.24352204372238,1.33634507792115));
#5539=CARTESIAN_POINT('',(-1.84663901332094,2.76396678146781,1.34687348048759));
#5540=CARTESIAN_POINT('',(-2.71786383324996,1.91406588355428,1.35745093111881));
#5541=CARTESIAN_POINT('',(-3.22449087396821,0.80758027649718,1.36798515223203));
#5542=CARTESIAN_POINT('',(-3.29912907614888,-0.407291721829345,1.3785146395504));
#5543=CARTESIAN_POINT('',(-2.93142857326549,-1.56725233434684,1.38899277679064));
#5544=CARTESIAN_POINT('',(-2.17072929610029,-2.51744957110564,1.39962204269337));
#5545=CARTESIAN_POINT('',(-1.11947747647331,-3.12999952913316,1.41020081842663));
#5546=CARTESIAN_POINT('',(0.0823145462673282,-3.3229506081313,1.42067192856834));
#5547=CARTESIAN_POINT('',(1.27231217850532,-3.0710615069057,1.43125011143636));
#5548=CARTESIAN_POINT('',(2.29181964478457,-2.40766857130966,1.44174014039922));
#5549=CARTESIAN_POINT('',(3.0049980866699,-1.42148797117602,1.45229410655568));
#5550=CARTESIAN_POINT('',(3.31514272398913,-0.24510190581885,1.46287895565811));
#5551=CARTESIAN_POINT('',(3.18117181493052,0.964602107234157,1.47343206327164));
#5552=CARTESIAN_POINT('',(2.6209747678914,2.04477008447606,1.48398686225872));
#5553=CARTESIAN_POINT('',(1.70921543754423,2.85104283093667,1.49451826545726));
#5554=CARTESIAN_POINT('',(0.568617433403894,3.27524945809662,1.50509500709633));
#5555=CARTESIAN_POINT('',(-0.648395736549079,3.26024274994329,1.51562348123976));
#5556=CARTESIAN_POINT('',(-1.7784528531429,2.80846744185726,1.52620101321792));
#5557=CARTESIAN_POINT('',(-2.67003008133544,1.9800372969972,1.53673385748803));
#5558=CARTESIAN_POINT('',(-3.20383462088358,0.886268547172403,1.54727259437549));
#5559=CARTESIAN_POINT('',(-3.30809289848082,-0.326190726791398,1.557831811476));
#5560=CARTESIAN_POINT('',(-2.96887585715909,-1.49508612914653,1.56839558577853));
#5561=CARTESIAN_POINT('',(-2.23206276670906,-2.46336762714087,1.57892313283146));
#5562=CARTESIAN_POINT('',(-1.19558653977279,-3.10147644349441,1.58941991605567));
#5563=CARTESIAN_POINT('',(0.000216854242447691,-3.32421268028429,1.60000074528847));
#5564=CARTESIAN_POINT('',(1.19599104752308,-3.10140506514044,1.6104900230104));
#5565=CARTESIAN_POINT('',(2.23227698538725,-2.46328103970909,1.62104411572367));
#5566=CARTESIAN_POINT('',(2.96898913989613,-1.49505653542661,1.63162907851759));
#5567=CARTESIAN_POINT('',(3.30817142086377,-0.326244881762441,1.64218200649849));
#5568=CARTESIAN_POINT('',(3.20393921556702,0.886155482619545,1.6527369618463));
#5569=CARTESIAN_POINT('',(2.67019063153109,1.97989976934989,1.66326821076056));
#5570=CARTESIAN_POINT('',(1.7786743728183,2.80835849126999,1.67384507792115));
#5571=CARTESIAN_POINT('',(0.648648685427378,3.26019062287312,1.68437348048759));
#5572=CARTESIAN_POINT('',(-0.568370980933673,3.27526891273176,1.69495093111881));
#5573=CARTESIAN_POINT('',(-1.70901387299339,2.85110485272073,1.70548515223203));
#5574=CARTESIAN_POINT('',(-2.62083528018126,2.0448378033279,1.7160146395504));
#5575=CARTESIAN_POINT('',(-3.18104777616713,0.96461826927293,1.72649277679064));
#5576=CARTESIAN_POINT('',(-3.31504306841678,-0.245168257631137,1.73712204269337));
#5577=CARTESIAN_POINT('',(-3.00483400716064,-1.42165377716087,1.74770081842663));
#5578=CARTESIAN_POINT('',(-2.29147573470168,-2.40788608241353,1.75817192856835));
#5579=CARTESIAN_POINT('',(-1.27190784776667,-3.07122898618134,1.76875011143636));
#5580=CARTESIAN_POINT('',(-0.0819175615390806,-3.3230399857065,1.77924014039922));
#5581=CARTESIAN_POINT('',(1.11971074074321,-3.12999830833056,1.78979410655568));
#5582=CARTESIAN_POINT('',(2.1708466810477,-2.51747312042022,1.80037895565811));
#5583=CARTESIAN_POINT('',(2.931504853629,-1.56735147128477,1.81093206327164));
#5584=CARTESIAN_POINT('',(3.29917982439526,-0.407438238994432,1.82148686225872));
#5585=CARTESIAN_POINT('',(3.22458954560486,0.807393892812347,1.83201826545726));
#5586=CARTESIAN_POINT('',(2.71802434495848,1.91387785883689,1.84259500709633));
#5587=CARTESIAN_POINT('',(1.84685473459288,2.76382477900547,1.85312348123976));
#5588=CARTESIAN_POINT('',(0.728330300400974,3.24344244535682,1.86370101321792));
#5589=CARTESIAN_POINT('',(-0.487898576775364,3.28809417619336,1.87423385748803));
#5590=CARTESIAN_POINT('',(-1.63876668656905,2.89213968588497,1.88477259437549));
#5591=CARTESIAN_POINT('',(-2.56982659618522,2.10852324643648,1.89533181147599));
#5592=CARTESIAN_POINT('',(-3.15649779147567,1.04212671072077,1.90589558577853));
#5593=CARTESIAN_POINT('',(-3.32017067208071,-0.163557235332728,1.91642313283146));
#5594=CARTESIAN_POINT('',(-3.03848237465394,-1.34766767511654,1.92691991605567));
#5595=CARTESIAN_POINT('',(-2.35041998922997,-2.3507266674407,1.93750074528847));
#5596=CARTESIAN_POINT('',(-1.34733117282514,-3.03871793270908,1.9479900230104));
#5597=CARTESIAN_POINT('',(-0.163344533292564,-3.32026092100053,1.95854411572367));
#5598=CARTESIAN_POINT('',(1.04222773963234,-3.1565569685472,1.96912907851759));
#5599=CARTESIAN_POINT('',(2.10854047679868,-2.56992041324194,1.97968200649849));
#5600=CARTESIAN_POINT('',(2.89213369678287,-1.63892059489101,1.99023696184631));
#5601=CARTESIAN_POINT('',(3.28811045559341,-0.488109349639439,2.00076821076056));
#5602=CARTESIAN_POINT('',(3.24352204372238,0.728096622637281,2.01134507792115));
#5603=CARTESIAN_POINT('',(2.76396678146783,1.84663901332092,2.02187348048759));
#5604=CARTESIAN_POINT('',(1.91406588355427,2.71786383324996,2.03245093111881));
#5605=CARTESIAN_POINT('',(0.807580276497173,3.22449087396822,2.04298515223203));
#5606=CARTESIAN_POINT('',(-0.407291721829348,3.29912907614887,2.0535146395504));
#5607=CARTESIAN_POINT('',(-1.56725233434684,2.93142857326549,2.06399277679064));
#5608=CARTESIAN_POINT('',(-2.51744957110563,2.1707292961003,2.07462204269337));
#5609=CARTESIAN_POINT('',(-3.12999952913316,1.11947747647331,2.08520081842663));
#5610=CARTESIAN_POINT('',(-3.3229506081313,-0.0823145462673412,2.09567192856834));
#5611=CARTESIAN_POINT('',(-3.0710615069057,-1.27231217850533,2.10625011143636));
#5612=CARTESIAN_POINT('',(-2.40766857130966,-2.29181964478457,2.11674014039922));
#5613=CARTESIAN_POINT('',(-1.42148797117603,-3.0049980866699,2.12729410655568));
#5614=CARTESIAN_POINT('',(-0.245101905818866,-3.31514272398913,2.13787895565811));
#5615=CARTESIAN_POINT('',(0.964602107234148,-3.18117181493053,2.14843206327164));
#5616=CARTESIAN_POINT('',(2.04477008447606,-2.6209747678914,2.15898686225872));
#5617=CARTESIAN_POINT('',(2.85104283093667,-1.70921543754422,2.16951826545726));
#5618=CARTESIAN_POINT('',(3.27524945809662,-0.5686174334039,2.18009500709633));
#5619=CARTESIAN_POINT('',(3.26024274994329,0.648395736549069,2.19062348123976));
#5620=CARTESIAN_POINT('',(2.80846744185727,1.7784528531429,2.20120101321792));
#5621=CARTESIAN_POINT('',(1.9800372969972,2.67003008133544,2.21173385748803));
#5622=CARTESIAN_POINT('',(0.886268547172396,3.20383462088359,2.22227259437549));
#5623=CARTESIAN_POINT('',(-0.326190726791409,3.30809289848081,2.23283181147599));
#5624=CARTESIAN_POINT('',(-1.49508612914653,2.96887585715909,2.24339558577853));
#5625=CARTESIAN_POINT('',(-2.46335852845766,2.23205848025327,2.25383633253259));
#5626=CARTESIAN_POINT('',(-3.10150334688962,1.19559074687374,2.26473924116009));
#5627=CARTESIAN_POINT('',(-3.24994619270755,0.400079738965566,2.2709104305472));
#5628=CARTESIAN_POINT('',(-3.25,1.42085730927031E-14,2.275));
#5629=CARTESIAN_POINT('',(1.65,0.,0.925));
#5630=CARTESIAN_POINT('',(1.65,0.,1.075));
#5631=CARTESIAN_POINT('',(1.65,0.,0.925));
#5632=CARTESIAN_POINT('',(1.65,0.,1.075));
#5633=CARTESIAN_POINT('',(3.25,0.,0.925));
#5634=CARTESIAN_POINT('',(1.65,0.,0.925));
#5635=CARTESIAN_POINT('',(1.65,0.,1.075));
#5636=CARTESIAN_POINT('',(3.25,0.,1.075));
#5637=CARTESIAN_POINT('',(2.45,0.,1.));
#5638=CARTESIAN_POINT('',(1.65,0.,0.925));
#5639=CARTESIAN_POINT('',(1.64994619270755,0.20119868956967,0.929089569452807));
#5640=CARTESIAN_POINT('',(1.57477167899706,0.60815323542611,0.935317758716259));
#5641=CARTESIAN_POINT('',(1.25035414159313,1.13349737976962,0.946310348450856));
#5642=CARTESIAN_POINT('',(0.758329992910912,1.50776004569195,0.956687865421165));
#5643=CARTESIAN_POINT('',(0.164710198456005,1.67953322055371,0.967216829452431));
#5644=CARTESIAN_POINT('',(-0.450743460270127,1.62619169209606,0.97776783811487));
#5645=CARTESIAN_POINT('',(-1.0057746273395,1.35494026912441,0.988294695339854));
#5646=CARTESIAN_POINT('',(-1.42587356690099,0.902293349553931,0.998826699584346));
#5647=CARTESIAN_POINT('',(-1.65501632707331,0.328760289427846,1.00935740807498));
#5648=CARTESIAN_POINT('',(-1.66248288132486,-0.288636586069458,1.01988851274158));
#5649=CARTESIAN_POINT('',(-1.44731252642918,-0.86748574510226,1.03042110853852));
#5650=CARTESIAN_POINT('',(-1.03839727463327,-1.33010761986469,1.04099286487112));
#5651=CARTESIAN_POINT('',(-0.49031731702483,-1.61470309379801,1.05170645716683));
#5652=CARTESIAN_POINT('',(0.123431185429205,-1.68312798788658,1.06211072891421));
#5653=CARTESIAN_POINT('',(0.720842083490891,-1.52610856081181,1.07258823705467));
#5654=CARTESIAN_POINT('',(1.22181476704401,-1.16463718658073,1.08321452707861));
#5655=CARTESIAN_POINT('',(1.55922795875569,-0.646464096400474,1.09378807399128));
#5656=CARTESIAN_POINT('',(1.6873742653179,-0.0414501821732498,1.10436355323136));
#5657=CARTESIAN_POINT('',(1.58901098424317,0.568862586437986,1.11498641267283));
#5658=CARTESIAN_POINT('',(1.2775666889398,1.10278715830943,1.12545632805708));
#5659=CARTESIAN_POINT('',(0.794945475869347,1.48862946335395,1.13596222631151));
#5660=CARTESIAN_POINT('',(0.205826310583775,1.67491237907641,1.14651900955022));
#5661=CARTESIAN_POINT('',(-0.41063809774722,1.63670313753088,1.15704435900123));
#5662=CARTESIAN_POINT('',(-0.97209906313642,1.37923464025676,1.1675768183813));
#5663=CARTESIAN_POINT('',(-1.40318677347641,0.937136074465599,1.17810738340889));
#5664=CARTESIAN_POINT('',(-1.64640257993521,0.369476570367193,1.1886384595139));
#5665=CARTESIAN_POINT('',(-1.66912856912322,-0.247531519291115,1.19917123119554));
#5666=CARTESIAN_POINT('',(-1.46833120907341,-0.831524877016448,1.20973490198103));
#5667=CARTESIAN_POINT('',(-1.07096065232535,-1.3041527898545,1.22025533150122));
#5668=CARTESIAN_POINT('',(-0.530033050363911,-1.60224680302695,1.23080165232372));
#5669=CARTESIAN_POINT('',(0.0819332315671743,-1.68580675248684,1.24137357926736));
#5670=CARTESIAN_POINT('',(0.683123356472663,-1.54353684381196,1.25195579461048));
#5671=CARTESIAN_POINT('',(1.19316273275352,-1.19395283339345,1.26254004858252));
#5672=CARTESIAN_POINT('',(1.54304562248466,-0.684036262904411,1.27311331951101));
#5673=CARTESIAN_POINT('',(1.68576642609608,-0.0824965940929046,1.2837364342175));
#5674=CARTESIAN_POINT('',(1.60233542008742,0.529893670520294,1.294206364626));
#5675=CARTESIAN_POINT('',(1.30408508098742,1.07114998167933,1.30471220465122));
#5676=CARTESIAN_POINT('',(0.831165402351858,1.46861284274722,1.31526899431883));
#5677=CARTESIAN_POINT('',(0.246897896389968,1.66927803363164,1.32579440628886));
#5678=CARTESIAN_POINT('',(-0.370227248012859,1.64626248388597,1.33632677184709));
#5679=CARTESIAN_POINT('',(-0.937804606350796,1.40274193050564,1.34685739000929));
#5680=CARTESIAN_POINT('',(-1.37964981416408,0.971456023528517,1.357388517258));
#5681=CARTESIAN_POINT('',(-1.63680955291266,0.409999451028491,1.36792110740941));
#5682=CARTESIAN_POINT('',(-1.67478587266457,-0.206270363765074,1.3784928651534));
#5683=CARTESIAN_POINT('',(-1.48847420690605,-0.795060807298595,1.38920645709627));
#5684=CARTESIAN_POINT('',(-1.1028721856433,-1.27743024209822,1.39961072893185));
#5685=CARTESIAN_POINT('',(-0.569409386768146,-1.58883403756996,1.41008823705026));
#5686=CARTESIAN_POINT('',(0.0404306548754949,-1.68747635938593,1.42071452707971));
#5687=CARTESIAN_POINT('',(0.645421516693878,-1.55965980940972,1.43128807399101));
#5688=CARTESIAN_POINT('',(1.1638440805097,-1.22246349030221,1.44186355323143));
#5689=CARTESIAN_POINT('',(1.5258470347719,-0.721353849904612,1.45248641267281));
#5690=CARTESIAN_POINT('',(1.68316434701341,-0.123587791321348,1.46295632805708));
#5691=CARTESIAN_POINT('',(1.61473132487246,0.490508651550886,1.47346222631151));
#5692=CARTESIAN_POINT('',(1.32988308109862,1.03880072117782,1.48401900955022));
#5693=CARTESIAN_POINT('',(0.866958903806798,1.44768887086798,1.49454435900123));
#5694=CARTESIAN_POINT('',(0.287888327444073,1.6626440065018,1.5050768183813));
#5695=CARTESIAN_POINT('',(-0.329547609647292,1.65485815594561,1.51560738340889));
#5696=CARTESIAN_POINT('',(-0.902923040439049,1.42544181723139,1.5261384595139));
#5697=CARTESIAN_POINT('',(-1.35528334574738,1.00522091405107,1.53667123119554));
#5698=CARTESIAN_POINT('',(-1.6262438342273,0.450290075699998,1.54723490198103));
#5699=CARTESIAN_POINT('',(-1.67945882105269,-0.164891741766253,1.55775533150122));
#5700=CARTESIAN_POINT('',(-1.50774954372014,-0.758169615389501,1.56830165232372));
#5701=CARTESIAN_POINT('',(-1.13410984280784,-1.24998093009919,1.57887357926736));
#5702=CARTESIAN_POINT('',(-0.608404211521999,-1.57448652701944,1.58945579461048));
#5703=CARTESIAN_POINT('',(-0.000558685520336964,-1.68794560429849,1.60004004858251));
#5704=CARTESIAN_POINT('',(0.607411343261912,-1.57478470341633,1.61061331951101));
#5705=CARTESIAN_POINT('',(1.13368297028125,-1.25035077249704,1.6212364342175));
#5706=CARTESIAN_POINT('',(1.50771364901194,-0.758330833546477,1.631706364626));
#5707=CARTESIAN_POINT('',(1.67954481972371,-0.164709988297114,1.64221220465122));
#5708=CARTESIAN_POINT('',(1.62618879233486,0.450743407753566,1.65276899431883));
#5709=CARTESIAN_POINT('',(1.35494099406471,1.00577464046864,1.66329440628886));
#5710=CARTESIAN_POINT('',(0.902293168318862,1.4258735636187,1.67382677184709));
#5711=CARTESIAN_POINT('',(0.328760334736615,1.65501632789388,1.68435739000929));
#5712=CARTESIAN_POINT('',(-0.288636597396653,1.66248288111972,1.694888517258));
#5713=CARTESIAN_POINT('',(-0.867485742270458,1.44731252648047,1.70542110740941));
#5714=CARTESIAN_POINT('',(-1.33010762057264,1.03839727462045,1.7159928651534));
#5715=CARTESIAN_POINT('',(-1.61470309362102,0.490317317028028,1.72670645709627));
#5716=CARTESIAN_POINT('',(-1.68312798793083,-0.123431185430003,1.73711072893185));
#5717=CARTESIAN_POINT('',(-1.52610856080075,-0.720842083490678,1.74758823705026));
#5718=CARTESIAN_POINT('',(-1.1646371865835,-1.22181476704406,1.75821452707971));
#5719=CARTESIAN_POINT('',(-0.646464096399782,-1.55922795875568,1.76878807399101));
#5720=CARTESIAN_POINT('',(-0.0414501821734347,-1.6873742653179,1.77936355323143));
#5721=CARTESIAN_POINT('',(0.568862586438034,-1.58901098424317,1.78998641267281));
#5722=CARTESIAN_POINT('',(1.10278715830941,-1.27756668893981,1.80045632805708));
#5723=CARTESIAN_POINT('',(1.48862946335396,-0.794945475869342,1.81096222631151));
#5724=CARTESIAN_POINT('',(1.67491237907641,-0.205826310583777,1.82151900955022));
#5725=CARTESIAN_POINT('',(1.63670313753088,0.410638097747208,1.83204435900122));
#5726=CARTESIAN_POINT('',(1.37923464025676,0.972099063136419,1.8425768183813));
#5727=CARTESIAN_POINT('',(0.937136074465599,1.40318677347641,1.85310738340889));
#5728=CARTESIAN_POINT('',(0.369476570367179,1.64640257993522,1.8636384595139));
#5729=CARTESIAN_POINT('',(-0.247531519291111,1.66912856912322,1.87417123119554));
#5730=CARTESIAN_POINT('',(-0.831524877016444,1.46833120907341,1.88473490198103));
#5731=CARTESIAN_POINT('',(-1.30415278985449,1.07096065232536,1.89525533150122));
#5732=CARTESIAN_POINT('',(-1.60224680302695,0.530033050363918,1.90580165232372));
#5733=CARTESIAN_POINT('',(-1.68580675248684,-0.081933231567158,1.91637357926736));
#5734=CARTESIAN_POINT('',(-1.54353684381196,-0.683123356472674,1.92695579461047));
#5735=CARTESIAN_POINT('',(-1.19395283339345,-1.19316273275352,1.93754004858252));
#5736=CARTESIAN_POINT('',(-0.684036262904413,-1.54304562248465,1.94811331951101));
#5737=CARTESIAN_POINT('',(-0.0824965940929047,-1.68576642609608,1.95873643421749));
#5738=CARTESIAN_POINT('',(0.529893670520276,-1.60233542008743,1.969206364626));
#5739=CARTESIAN_POINT('',(1.07114998167934,-1.30408508098741,1.97971220465122));
#5740=CARTESIAN_POINT('',(1.46861284274723,-0.831165402351858,1.99026899431883));
#5741=CARTESIAN_POINT('',(1.66927803363164,-0.246897896389963,2.00079440628886));
#5742=CARTESIAN_POINT('',(1.64626248388597,0.370227248012849,2.01132677184709));
#5743=CARTESIAN_POINT('',(1.40274193050565,0.937804606350794,2.02185739000929));
#5744=CARTESIAN_POINT('',(0.97145602352852,1.37964981416408,2.032388517258));
#5745=CARTESIAN_POINT('',(0.409999451028476,1.63680955291267,2.04292110740941));
#5746=CARTESIAN_POINT('',(-0.206270363765072,1.67478587266456,2.0534928651534));
#5747=CARTESIAN_POINT('',(-0.795060807298602,1.48847420690604,2.06420645709626));
#5748=CARTESIAN_POINT('',(-1.27743024209821,1.10287218564331,2.07461072893185));
#5749=CARTESIAN_POINT('',(-1.58883403756995,0.569409386768164,2.08508823705025));
#5750=CARTESIAN_POINT('',(-1.68747635938593,-0.0404306548755129,2.09571452707971));
#5751=CARTESIAN_POINT('',(-1.55965980940972,-0.64542151669388,2.106288073991));
#5752=CARTESIAN_POINT('',(-1.2224634903022,-1.16384408050971,2.11686355323143));
#5753=CARTESIAN_POINT('',(-0.721353849904616,-1.5258470347719,2.12748641267281));
#5754=CARTESIAN_POINT('',(-0.123587791321352,-1.68316434701341,2.13795632805708));
#5755=CARTESIAN_POINT('',(0.490508651550875,-1.61473132487246,2.14846222631151));
#5756=CARTESIAN_POINT('',(1.03880072117783,-1.32988308109861,2.15901900955022));
#5757=CARTESIAN_POINT('',(1.44768887086798,-0.866958903806788,2.16954435900123));
#5758=CARTESIAN_POINT('',(1.6626440065018,-0.287888327444088,2.1800768183813));
#5759=CARTESIAN_POINT('',(1.65485815594561,0.329547609647275,2.19060738340889));
#5760=CARTESIAN_POINT('',(1.42544181723141,0.902923040439029,2.2011384595139));
#5761=CARTESIAN_POINT('',(1.00522091405107,1.35528334574738,2.21167123119554));
#5762=CARTESIAN_POINT('',(0.45029007570001,1.62624383422729,2.22223490198103));
#5763=CARTESIAN_POINT('',(-0.164891741766232,1.67945882105269,2.23275533150122));
#5764=CARTESIAN_POINT('',(-0.758169615389505,1.50774954372014,2.24330165232373));
#5765=CARTESIAN_POINT('',(-1.24997186923675,1.13410868785968,2.25396809435736));
#5766=CARTESIAN_POINT('',(-1.57451490345869,0.608401481955463,2.26415113802124));
#5767=CARTESIAN_POINT('',(-1.64994619270755,0.201155697290294,2.27205831945281));
#5768=CARTESIAN_POINT('',(-1.65,1.19926902884506E-14,2.275));
#5769=CARTESIAN_POINT('',(-1.65,1.19926902884506E-14,2.275));
#5770=CARTESIAN_POINT('',(-1.65,1.19926902884506E-14,2.275));
#5771=CARTESIAN_POINT('',(-3.25,1.42085730927031E-14,2.275));
#5772=CARTESIAN_POINT('',(3.25,0.,0.925));
#5773=CARTESIAN_POINT('',(3.24994619270755,0.400121500504964,0.927941680547193));
#5774=CARTESIAN_POINT('',(3.10143697642425,1.19573477650255,0.935775991283742));
#5775=CARTESIAN_POINT('',(2.46327289144016,2.23234123594648,0.945972605475333));
#5776=CARTESIAN_POINT('',(1.4950596064453,2.96897227648387,0.95663613979357));
#5777=CARTESIAN_POINT('',(0.326244114007767,3.30817563671684,0.967180241179494));
#5778=CARTESIAN_POINT('',(-0.886155276348272,3.20393814224632,0.977737400914232));
#5779=CARTESIAN_POINT('',(-1.97989982091771,2.67019089986127,0.988268100993583));
#5780=CARTESIAN_POINT('',(-2.80835847837804,1.77867430573575,0.998845105362898));
#5781=CARTESIAN_POINT('',(-3.26019062609611,0.648648702198012,1.00937347362716));
#5782=CARTESIAN_POINT('',(-3.27526891192601,-0.568370985126325,1.01995093283392));
#5783=CARTESIAN_POINT('',(-2.85110485292216,-1.70901387194523,1.03048515180325));
#5784=CARTESIAN_POINT('',(-2.04483780327754,-2.6208352804433,1.0410146396576));
#5785=CARTESIAN_POINT('',(-0.964618269285523,-3.18104777610162,1.05149277676384));
#5786=CARTESIAN_POINT('',(0.245168257634289,-3.31504306843316,1.06212204270007));
#5787=CARTESIAN_POINT('',(1.4216537771601,-3.00483400715654,1.07270081842495));
#5788=CARTESIAN_POINT('',(2.40788608241372,-2.2914757347027,1.08317192856876));
#5789=CARTESIAN_POINT('',(3.07122898618129,-1.27190784776641,1.09375011143626));
#5790=CARTESIAN_POINT('',(3.32303998570651,-0.0819175615391358,1.10424014039925));
#5791=CARTESIAN_POINT('',(3.12999830833056,1.11971074074323,1.11479410655568));
#5792=CARTESIAN_POINT('',(2.51747312042021,2.1708466810477,1.12537895565811));
#5793=CARTESIAN_POINT('',(1.56735147128477,2.931504853629,1.13593206327164));
#5794=CARTESIAN_POINT('',(0.407438238994437,3.29917982439525,1.14648686225872));
#5795=CARTESIAN_POINT('',(-0.807393892812357,3.22458954560487,1.15701826545726));
#5796=CARTESIAN_POINT('',(-1.91387785883691,2.71802434495847,1.16759500709633));
#5797=CARTESIAN_POINT('',(-2.76382477900547,1.84685473459288,1.17812348123976));
#5798=CARTESIAN_POINT('',(-3.24344244535681,0.728330300400988,1.18870101321792));
#5799=CARTESIAN_POINT('',(-3.28809417619336,-0.487898576775363,1.19923385748803));
#5800=CARTESIAN_POINT('',(-2.89213968588497,-1.63876668656905,1.20977259437549));
#5801=CARTESIAN_POINT('',(-2.10852324643647,-2.56982659618522,1.22033181147599));
#5802=CARTESIAN_POINT('',(-1.04212671072076,-3.15649779147568,1.23089558577853));
#5803=CARTESIAN_POINT('',(0.163557235332736,-3.3201706720807,1.24142313283146));
#5804=CARTESIAN_POINT('',(1.34766767511653,-3.03848237465394,1.25191991605567));
#5805=CARTESIAN_POINT('',(2.35072666744069,-2.35041998922997,1.26250074528847));
#5806=CARTESIAN_POINT('',(3.03871793270908,-1.34733117282514,1.2729900230104));
#5807=CARTESIAN_POINT('',(3.32026092100053,-0.163344533292553,1.28354411572367));
#5808=CARTESIAN_POINT('',(3.15655696854719,1.04222773963236,1.29412907851759));
#5809=CARTESIAN_POINT('',(2.56992041324194,2.10854047679868,1.30468200649849));
#5810=CARTESIAN_POINT('',(1.63892059489102,2.89213369678287,1.31523696184631));
#5811=CARTESIAN_POINT('',(0.488109349639438,3.28811045559342,1.32576821076057));
#5812=CARTESIAN_POINT('',(-0.728096622637292,3.24352204372238,1.33634507792115));
#5813=CARTESIAN_POINT('',(-1.84663901332094,2.76396678146781,1.34687348048759));
#5814=CARTESIAN_POINT('',(-2.71786383324996,1.91406588355428,1.35745093111881));
#5815=CARTESIAN_POINT('',(-3.22449087396821,0.80758027649718,1.36798515223203));
#5816=CARTESIAN_POINT('',(-3.29912907614888,-0.407291721829345,1.3785146395504));
#5817=CARTESIAN_POINT('',(-2.93142857326549,-1.56725233434684,1.38899277679064));
#5818=CARTESIAN_POINT('',(-2.17072929610029,-2.51744957110564,1.39962204269337));
#5819=CARTESIAN_POINT('',(-1.11947747647331,-3.12999952913316,1.41020081842663));
#5820=CARTESIAN_POINT('',(0.0823145462673282,-3.3229506081313,1.42067192856834));
#5821=CARTESIAN_POINT('',(1.27231217850532,-3.0710615069057,1.43125011143636));
#5822=CARTESIAN_POINT('',(2.29181964478457,-2.40766857130966,1.44174014039922));
#5823=CARTESIAN_POINT('',(3.0049980866699,-1.42148797117602,1.45229410655568));
#5824=CARTESIAN_POINT('',(3.31514272398913,-0.24510190581885,1.46287895565811));
#5825=CARTESIAN_POINT('',(3.18117181493052,0.964602107234157,1.47343206327164));
#5826=CARTESIAN_POINT('',(2.6209747678914,2.04477008447606,1.48398686225872));
#5827=CARTESIAN_POINT('',(1.70921543754423,2.85104283093667,1.49451826545726));
#5828=CARTESIAN_POINT('',(0.568617433403894,3.27524945809662,1.50509500709633));
#5829=CARTESIAN_POINT('',(-0.648395736549079,3.26024274994329,1.51562348123976));
#5830=CARTESIAN_POINT('',(-1.7784528531429,2.80846744185726,1.52620101321792));
#5831=CARTESIAN_POINT('',(-2.67003008133544,1.9800372969972,1.53673385748803));
#5832=CARTESIAN_POINT('',(-3.20383462088358,0.886268547172403,1.54727259437549));
#5833=CARTESIAN_POINT('',(-3.30809289848082,-0.326190726791398,1.557831811476));
#5834=CARTESIAN_POINT('',(-2.96887585715909,-1.49508612914653,1.56839558577853));
#5835=CARTESIAN_POINT('',(-2.23206276670906,-2.46336762714087,1.57892313283146));
#5836=CARTESIAN_POINT('',(-1.19558653977279,-3.10147644349441,1.58941991605567));
#5837=CARTESIAN_POINT('',(0.000216854242447691,-3.32421268028429,1.60000074528847));
#5838=CARTESIAN_POINT('',(1.19599104752308,-3.10140506514044,1.6104900230104));
#5839=CARTESIAN_POINT('',(2.23227698538725,-2.46328103970909,1.62104411572367));
#5840=CARTESIAN_POINT('',(2.96898913989613,-1.49505653542661,1.63162907851759));
#5841=CARTESIAN_POINT('',(3.30817142086377,-0.326244881762441,1.64218200649849));
#5842=CARTESIAN_POINT('',(3.20393921556702,0.886155482619545,1.6527369618463));
#5843=CARTESIAN_POINT('',(2.67019063153109,1.97989976934989,1.66326821076056));
#5844=CARTESIAN_POINT('',(1.7786743728183,2.80835849126999,1.67384507792115));
#5845=CARTESIAN_POINT('',(0.648648685427378,3.26019062287312,1.68437348048759));
#5846=CARTESIAN_POINT('',(-0.568370980933673,3.27526891273176,1.69495093111881));
#5847=CARTESIAN_POINT('',(-1.70901387299339,2.85110485272073,1.70548515223203));
#5848=CARTESIAN_POINT('',(-2.62083528018126,2.0448378033279,1.7160146395504));
#5849=CARTESIAN_POINT('',(-3.18104777616713,0.96461826927293,1.72649277679064));
#5850=CARTESIAN_POINT('',(-3.31504306841678,-0.245168257631137,1.73712204269337));
#5851=CARTESIAN_POINT('',(-3.00483400716064,-1.42165377716087,1.74770081842663));
#5852=CARTESIAN_POINT('',(-2.29147573470168,-2.40788608241353,1.75817192856835));
#5853=CARTESIAN_POINT('',(-1.27190784776667,-3.07122898618134,1.76875011143636));
#5854=CARTESIAN_POINT('',(-0.0819175615390806,-3.3230399857065,1.77924014039922));
#5855=CARTESIAN_POINT('',(1.11971074074321,-3.12999830833056,1.78979410655568));
#5856=CARTESIAN_POINT('',(2.1708466810477,-2.51747312042022,1.80037895565811));
#5857=CARTESIAN_POINT('',(2.931504853629,-1.56735147128477,1.81093206327164));
#5858=CARTESIAN_POINT('',(3.29917982439526,-0.407438238994432,1.82148686225872));
#5859=CARTESIAN_POINT('',(3.22458954560486,0.807393892812347,1.83201826545726));
#5860=CARTESIAN_POINT('',(2.71802434495848,1.91387785883689,1.84259500709633));
#5861=CARTESIAN_POINT('',(1.84685473459288,2.76382477900547,1.85312348123976));
#5862=CARTESIAN_POINT('',(0.728330300400974,3.24344244535682,1.86370101321792));
#5863=CARTESIAN_POINT('',(-0.487898576775364,3.28809417619336,1.87423385748803));
#5864=CARTESIAN_POINT('',(-1.63876668656905,2.89213968588497,1.88477259437549));
#5865=CARTESIAN_POINT('',(-2.56982659618522,2.10852324643648,1.89533181147599));
#5866=CARTESIAN_POINT('',(-3.15649779147567,1.04212671072077,1.90589558577853));
#5867=CARTESIAN_POINT('',(-3.32017067208071,-0.163557235332728,1.91642313283146));
#5868=CARTESIAN_POINT('',(-3.03848237465394,-1.34766767511654,1.92691991605567));
#5869=CARTESIAN_POINT('',(-2.35041998922997,-2.3507266674407,1.93750074528847));
#5870=CARTESIAN_POINT('',(-1.34733117282514,-3.03871793270908,1.9479900230104));
#5871=CARTESIAN_POINT('',(-0.163344533292564,-3.32026092100053,1.95854411572367));
#5872=CARTESIAN_POINT('',(1.04222773963234,-3.1565569685472,1.96912907851759));
#5873=CARTESIAN_POINT('',(2.10854047679868,-2.56992041324194,1.97968200649849));
#5874=CARTESIAN_POINT('',(2.89213369678287,-1.63892059489101,1.99023696184631));
#5875=CARTESIAN_POINT('',(3.28811045559341,-0.488109349639439,2.00076821076056));
#5876=CARTESIAN_POINT('',(3.24352204372238,0.728096622637281,2.01134507792115));
#5877=CARTESIAN_POINT('',(2.76396678146783,1.84663901332092,2.02187348048759));
#5878=CARTESIAN_POINT('',(1.91406588355427,2.71786383324996,2.03245093111881));
#5879=CARTESIAN_POINT('',(0.807580276497173,3.22449087396822,2.04298515223203));
#5880=CARTESIAN_POINT('',(-0.407291721829348,3.29912907614887,2.0535146395504));
#5881=CARTESIAN_POINT('',(-1.56725233434684,2.93142857326549,2.06399277679064));
#5882=CARTESIAN_POINT('',(-2.51744957110563,2.1707292961003,2.07462204269337));
#5883=CARTESIAN_POINT('',(-3.12999952913316,1.11947747647331,2.08520081842663));
#5884=CARTESIAN_POINT('',(-3.3229506081313,-0.0823145462673412,2.09567192856834));
#5885=CARTESIAN_POINT('',(-3.0710615069057,-1.27231217850533,2.10625011143636));
#5886=CARTESIAN_POINT('',(-2.40766857130966,-2.29181964478457,2.11674014039922));
#5887=CARTESIAN_POINT('',(-1.42148797117603,-3.0049980866699,2.12729410655568));
#5888=CARTESIAN_POINT('',(-0.245101905818866,-3.31514272398913,2.13787895565811));
#5889=CARTESIAN_POINT('',(0.964602107234148,-3.18117181493053,2.14843206327164));
#5890=CARTESIAN_POINT('',(2.04477008447606,-2.6209747678914,2.15898686225872));
#5891=CARTESIAN_POINT('',(2.85104283093667,-1.70921543754422,2.16951826545726));
#5892=CARTESIAN_POINT('',(3.27524945809662,-0.5686174334039,2.18009500709633));
#5893=CARTESIAN_POINT('',(3.26024274994329,0.648395736549069,2.19062348123976));
#5894=CARTESIAN_POINT('',(2.80846744185727,1.7784528531429,2.20120101321792));
#5895=CARTESIAN_POINT('',(1.9800372969972,2.67003008133544,2.21173385748803));
#5896=CARTESIAN_POINT('',(0.886268547172396,3.20383462088359,2.22227259437549));
#5897=CARTESIAN_POINT('',(-0.326190726791409,3.30809289848081,2.23283181147599));
#5898=CARTESIAN_POINT('',(-1.49508612914653,2.96887585715909,2.24339558577853));
#5899=CARTESIAN_POINT('',(-2.46335852845766,2.23205848025327,2.25383633253259));
#5900=CARTESIAN_POINT('',(-3.10150334688962,1.19559074687374,2.26473924116009));
#5901=CARTESIAN_POINT('',(-3.24994619270755,0.400079738965566,2.2709104305472));
#5902=CARTESIAN_POINT('',(-3.25,1.42085730927031E-14,2.275));
#5903=CARTESIAN_POINT('',(1.65,0.,0.925));
#5904=CARTESIAN_POINT('',(1.64994619270755,0.20119868956967,0.929089569452807));
#5905=CARTESIAN_POINT('',(1.57477167899706,0.60815323542611,0.935317758716259));
#5906=CARTESIAN_POINT('',(1.25035414159313,1.13349737976962,0.946310348450856));
#5907=CARTESIAN_POINT('',(0.758329992910912,1.50776004569195,0.956687865421165));
#5908=CARTESIAN_POINT('',(0.164710198456005,1.67953322055371,0.967216829452431));
#5909=CARTESIAN_POINT('',(-0.450743460270127,1.62619169209606,0.97776783811487));
#5910=CARTESIAN_POINT('',(-1.0057746273395,1.35494026912441,0.988294695339854));
#5911=CARTESIAN_POINT('',(-1.42587356690099,0.902293349553931,0.998826699584346));
#5912=CARTESIAN_POINT('',(-1.65501632707331,0.328760289427846,1.00935740807498));
#5913=CARTESIAN_POINT('',(-1.66248288132486,-0.288636586069458,1.01988851274158));
#5914=CARTESIAN_POINT('',(-1.44731252642918,-0.86748574510226,1.03042110853852));
#5915=CARTESIAN_POINT('',(-1.03839727463327,-1.33010761986469,1.04099286487112));
#5916=CARTESIAN_POINT('',(-0.49031731702483,-1.61470309379801,1.05170645716683));
#5917=CARTESIAN_POINT('',(0.123431185429205,-1.68312798788658,1.06211072891421));
#5918=CARTESIAN_POINT('',(0.720842083490891,-1.52610856081181,1.07258823705467));
#5919=CARTESIAN_POINT('',(1.22181476704401,-1.16463718658073,1.08321452707861));
#5920=CARTESIAN_POINT('',(1.55922795875569,-0.646464096400474,1.09378807399128));
#5921=CARTESIAN_POINT('',(1.6873742653179,-0.0414501821732498,1.10436355323136));
#5922=CARTESIAN_POINT('',(1.58901098424317,0.568862586437986,1.11498641267283));
#5923=CARTESIAN_POINT('',(1.2775666889398,1.10278715830943,1.12545632805708));
#5924=CARTESIAN_POINT('',(0.794945475869347,1.48862946335395,1.13596222631151));
#5925=CARTESIAN_POINT('',(0.205826310583775,1.67491237907641,1.14651900955022));
#5926=CARTESIAN_POINT('',(-0.41063809774722,1.63670313753088,1.15704435900123));
#5927=CARTESIAN_POINT('',(-0.97209906313642,1.37923464025676,1.1675768183813));
#5928=CARTESIAN_POINT('',(-1.40318677347641,0.937136074465599,1.17810738340889));
#5929=CARTESIAN_POINT('',(-1.64640257993521,0.369476570367193,1.1886384595139));
#5930=CARTESIAN_POINT('',(-1.66912856912322,-0.247531519291115,1.19917123119554));
#5931=CARTESIAN_POINT('',(-1.46833120907341,-0.831524877016448,1.20973490198103));
#5932=CARTESIAN_POINT('',(-1.07096065232535,-1.3041527898545,1.22025533150122));
#5933=CARTESIAN_POINT('',(-0.530033050363911,-1.60224680302695,1.23080165232372));
#5934=CARTESIAN_POINT('',(0.0819332315671743,-1.68580675248684,1.24137357926736));
#5935=CARTESIAN_POINT('',(0.683123356472663,-1.54353684381196,1.25195579461048));
#5936=CARTESIAN_POINT('',(1.19316273275352,-1.19395283339345,1.26254004858252));
#5937=CARTESIAN_POINT('',(1.54304562248466,-0.684036262904411,1.27311331951101));
#5938=CARTESIAN_POINT('',(1.68576642609608,-0.0824965940929046,1.2837364342175));
#5939=CARTESIAN_POINT('',(1.60233542008742,0.529893670520294,1.294206364626));
#5940=CARTESIAN_POINT('',(1.30408508098742,1.07114998167933,1.30471220465122));
#5941=CARTESIAN_POINT('',(0.831165402351858,1.46861284274722,1.31526899431883));
#5942=CARTESIAN_POINT('',(0.246897896389968,1.66927803363164,1.32579440628886));
#5943=CARTESIAN_POINT('',(-0.370227248012859,1.64626248388597,1.33632677184709));
#5944=CARTESIAN_POINT('',(-0.937804606350796,1.40274193050564,1.34685739000929));
#5945=CARTESIAN_POINT('',(-1.37964981416408,0.971456023528517,1.357388517258));
#5946=CARTESIAN_POINT('',(-1.63680955291266,0.409999451028491,1.36792110740941));
#5947=CARTESIAN_POINT('',(-1.67478587266457,-0.206270363765074,1.3784928651534));
#5948=CARTESIAN_POINT('',(-1.48847420690605,-0.795060807298595,1.38920645709627));
#5949=CARTESIAN_POINT('',(-1.1028721856433,-1.27743024209822,1.39961072893185));
#5950=CARTESIAN_POINT('',(-0.569409386768146,-1.58883403756996,1.41008823705026));
#5951=CARTESIAN_POINT('',(0.0404306548754949,-1.68747635938593,1.42071452707971));
#5952=CARTESIAN_POINT('',(0.645421516693878,-1.55965980940972,1.43128807399101));
#5953=CARTESIAN_POINT('',(1.1638440805097,-1.22246349030221,1.44186355323143));
#5954=CARTESIAN_POINT('',(1.5258470347719,-0.721353849904612,1.45248641267281));
#5955=CARTESIAN_POINT('',(1.68316434701341,-0.123587791321348,1.46295632805708));
#5956=CARTESIAN_POINT('',(1.61473132487246,0.490508651550886,1.47346222631151));
#5957=CARTESIAN_POINT('',(1.32988308109862,1.03880072117782,1.48401900955022));
#5958=CARTESIAN_POINT('',(0.866958903806798,1.44768887086798,1.49454435900123));
#5959=CARTESIAN_POINT('',(0.287888327444073,1.6626440065018,1.5050768183813));
#5960=CARTESIAN_POINT('',(-0.329547609647292,1.65485815594561,1.51560738340889));
#5961=CARTESIAN_POINT('',(-0.902923040439049,1.42544181723139,1.5261384595139));
#5962=CARTESIAN_POINT('',(-1.35528334574738,1.00522091405107,1.53667123119554));
#5963=CARTESIAN_POINT('',(-1.6262438342273,0.450290075699998,1.54723490198103));
#5964=CARTESIAN_POINT('',(-1.67945882105269,-0.164891741766253,1.55775533150122));
#5965=CARTESIAN_POINT('',(-1.50774954372014,-0.758169615389501,1.56830165232372));
#5966=CARTESIAN_POINT('',(-1.13410984280784,-1.24998093009919,1.57887357926736));
#5967=CARTESIAN_POINT('',(-0.608404211521999,-1.57448652701944,1.58945579461048));
#5968=CARTESIAN_POINT('',(-0.000558685520336964,-1.68794560429849,1.60004004858251));
#5969=CARTESIAN_POINT('',(0.607411343261912,-1.57478470341633,1.61061331951101));
#5970=CARTESIAN_POINT('',(1.13368297028125,-1.25035077249704,1.6212364342175));
#5971=CARTESIAN_POINT('',(1.50771364901194,-0.758330833546477,1.631706364626));
#5972=CARTESIAN_POINT('',(1.67954481972371,-0.164709988297114,1.64221220465122));
#5973=CARTESIAN_POINT('',(1.62618879233486,0.450743407753566,1.65276899431883));
#5974=CARTESIAN_POINT('',(1.35494099406471,1.00577464046864,1.66329440628886));
#5975=CARTESIAN_POINT('',(0.902293168318862,1.4258735636187,1.67382677184709));
#5976=CARTESIAN_POINT('',(0.328760334736615,1.65501632789388,1.68435739000929));
#5977=CARTESIAN_POINT('',(-0.288636597396653,1.66248288111972,1.694888517258));
#5978=CARTESIAN_POINT('',(-0.867485742270458,1.44731252648047,1.70542110740941));
#5979=CARTESIAN_POINT('',(-1.33010762057264,1.03839727462045,1.7159928651534));
#5980=CARTESIAN_POINT('',(-1.61470309362102,0.490317317028028,1.72670645709627));
#5981=CARTESIAN_POINT('',(-1.68312798793083,-0.123431185430003,1.73711072893185));
#5982=CARTESIAN_POINT('',(-1.52610856080075,-0.720842083490678,1.74758823705026));
#5983=CARTESIAN_POINT('',(-1.1646371865835,-1.22181476704406,1.75821452707971));
#5984=CARTESIAN_POINT('',(-0.646464096399782,-1.55922795875568,1.76878807399101));
#5985=CARTESIAN_POINT('',(-0.0414501821734347,-1.6873742653179,1.77936355323143));
#5986=CARTESIAN_POINT('',(0.568862586438034,-1.58901098424317,1.78998641267281));
#5987=CARTESIAN_POINT('',(1.10278715830941,-1.27756668893981,1.80045632805708));
#5988=CARTESIAN_POINT('',(1.48862946335396,-0.794945475869342,1.81096222631151));
#5989=CARTESIAN_POINT('',(1.67491237907641,-0.205826310583777,1.82151900955022));
#5990=CARTESIAN_POINT('',(1.63670313753088,0.410638097747208,1.83204435900122));
#5991=CARTESIAN_POINT('',(1.37923464025676,0.972099063136419,1.8425768183813));
#5992=CARTESIAN_POINT('',(0.937136074465599,1.40318677347641,1.85310738340889));
#5993=CARTESIAN_POINT('',(0.369476570367179,1.64640257993522,1.8636384595139));
#5994=CARTESIAN_POINT('',(-0.247531519291111,1.66912856912322,1.87417123119554));
#5995=CARTESIAN_POINT('',(-0.831524877016444,1.46833120907341,1.88473490198103));
#5996=CARTESIAN_POINT('',(-1.30415278985449,1.07096065232536,1.89525533150122));
#5997=CARTESIAN_POINT('',(-1.60224680302695,0.530033050363918,1.90580165232372));
#5998=CARTESIAN_POINT('',(-1.68580675248684,-0.081933231567158,1.91637357926736));
#5999=CARTESIAN_POINT('',(-1.54353684381196,-0.683123356472674,1.92695579461047));
#6000=CARTESIAN_POINT('',(-1.19395283339345,-1.19316273275352,1.93754004858252));
#6001=CARTESIAN_POINT('',(-0.684036262904413,-1.54304562248465,1.94811331951101));
#6002=CARTESIAN_POINT('',(-0.0824965940929047,-1.68576642609608,1.95873643421749));
#6003=CARTESIAN_POINT('',(0.529893670520276,-1.60233542008743,1.969206364626));
#6004=CARTESIAN_POINT('',(1.07114998167934,-1.30408508098741,1.97971220465122));
#6005=CARTESIAN_POINT('',(1.46861284274723,-0.831165402351858,1.99026899431883));
#6006=CARTESIAN_POINT('',(1.66927803363164,-0.246897896389963,2.00079440628886));
#6007=CARTESIAN_POINT('',(1.64626248388597,0.370227248012849,2.01132677184709));
#6008=CARTESIAN_POINT('',(1.40274193050565,0.937804606350794,2.02185739000929));
#6009=CARTESIAN_POINT('',(0.97145602352852,1.37964981416408,2.032388517258));
#6010=CARTESIAN_POINT('',(0.409999451028476,1.63680955291267,2.04292110740941));
#6011=CARTESIAN_POINT('',(-0.206270363765072,1.67478587266456,2.0534928651534));
#6012=CARTESIAN_POINT('',(-0.795060807298602,1.48847420690604,2.06420645709626));
#6013=CARTESIAN_POINT('',(-1.27743024209821,1.10287218564331,2.07461072893185));
#6014=CARTESIAN_POINT('',(-1.58883403756995,0.569409386768164,2.08508823705025));
#6015=CARTESIAN_POINT('',(-1.68747635938593,-0.0404306548755129,2.09571452707971));
#6016=CARTESIAN_POINT('',(-1.55965980940972,-0.64542151669388,2.106288073991));
#6017=CARTESIAN_POINT('',(-1.2224634903022,-1.16384408050971,2.11686355323143));
#6018=CARTESIAN_POINT('',(-0.721353849904616,-1.5258470347719,2.12748641267281));
#6019=CARTESIAN_POINT('',(-0.123587791321352,-1.68316434701341,2.13795632805708));
#6020=CARTESIAN_POINT('',(0.490508651550875,-1.61473132487246,2.14846222631151));
#6021=CARTESIAN_POINT('',(1.03880072117783,-1.32988308109861,2.15901900955022));
#6022=CARTESIAN_POINT('',(1.44768887086798,-0.866958903806788,2.16954435900123));
#6023=CARTESIAN_POINT('',(1.6626440065018,-0.287888327444088,2.1800768183813));
#6024=CARTESIAN_POINT('',(1.65485815594561,0.329547609647275,2.19060738340889));
#6025=CARTESIAN_POINT('',(1.42544181723141,0.902923040439029,2.2011384595139));
#6026=CARTESIAN_POINT('',(1.00522091405107,1.35528334574738,2.21167123119554));
#6027=CARTESIAN_POINT('',(0.45029007570001,1.62624383422729,2.22223490198103));
#6028=CARTESIAN_POINT('',(-0.164891741766232,1.67945882105269,2.23275533150122));
#6029=CARTESIAN_POINT('',(-0.758169615389505,1.50774954372014,2.24330165232373));
#6030=CARTESIAN_POINT('',(-1.24997186923675,1.13410868785968,2.25396809435736));
#6031=CARTESIAN_POINT('',(-1.57451490345869,0.608401481955463,2.26415113802124));
#6032=CARTESIAN_POINT('',(-1.64994619270755,0.201155697290294,2.27205831945281));
#6033=CARTESIAN_POINT('',(-1.65,1.19926902884506E-14,2.275));
#6034=CARTESIAN_POINT('',(-1.65,1.19926902884506E-14,2.425));
#6035=CARTESIAN_POINT('',(-1.65,1.19926902884506E-14,2.275));
#6036=CARTESIAN_POINT('',(-1.65,1.19926902884506E-14,2.425));
#6037=CARTESIAN_POINT('',(-3.25,1.42085730927031E-14,2.425));
#6038=CARTESIAN_POINT('',(-1.65,1.19926902884506E-14,2.425));
#6039=CARTESIAN_POINT('',(-2.45,1.31006316905768E-14,2.35));
#6040=CARTESIAN_POINT('',(1.65,0.,1.075));
#6041=CARTESIAN_POINT('',(1.65005380729245,0.201198968346208,1.07908956945281));
#6042=CARTESIAN_POINT('',(1.57472545826437,0.608160879431642,1.08531775871626));
#6043=CARTESIAN_POINT('',(1.2503915023931,1.13344929703741,1.0963689593731));
#6044=CARTESIAN_POINT('',(0.758369349492182,1.50769353367715,1.10671411820336));
#6045=CARTESIAN_POINT('',(0.164620430890391,1.6794891303941,1.11723038118727));
#6046=CARTESIAN_POINT('',(-0.450784795062542,1.62615855283149,1.12779024300559));
#6047=CARTESIAN_POINT('',(-1.00583991032685,1.35480610602868,1.13829487729298));
#6048=CARTESIAN_POINT('',(-1.42594516651331,0.90220086023125,1.1488362505882));
#6049=CARTESIAN_POINT('',(-1.65498513389945,0.328621844868929,1.15934566911301));
#6050=CARTESIAN_POINT('',(-1.66249642023396,-0.288770152405216,1.16988586975131));
#6051=CARTESIAN_POINT('',(-1.44725687922521,-0.867538417653818,1.18040192685398));
#6052=CARTESIAN_POINT('',(-1.03835965787293,-1.33020448148202,1.19097828480989));
#6053=CARTESIAN_POINT('',(-0.490369282700598,-1.61475822648874,1.2017520379982));
#6054=CARTESIAN_POINT('',(0.123439443034666,-1.6831698085106,1.21211933829229));
#6055=CARTESIAN_POINT('',(0.720685018809158,-1.5262997144392,1.22257384157333));
#6056=CARTESIAN_POINT('',(1.22172188201592,-1.16473273720381,1.2332023730437));
#6057=CARTESIAN_POINT('',(1.55921303064599,-0.646696043042647,1.24381152048793));
#6058=CARTESIAN_POINT('',(1.68728667985296,-0.0417128801872002,1.25436965879291));
#6059=CARTESIAN_POINT('',(1.58903933436108,0.568874136188695,1.26504352864885));
#6060=CARTESIAN_POINT('',(1.27757427555981,1.10269553341798,1.27548950603119));
#6061=CARTESIAN_POINT('',(0.79484715866287,1.48862560625502,1.28597407043451));
#6062=CARTESIAN_POINT('',(0.20577468711437,1.67489844137585,1.29654180297867));
#6063=CARTESIAN_POINT('',(-0.410748561738031,1.63660300413431,1.30704443542018));
#6064=CARTESIAN_POINT('',(-0.972201671732847,1.37917807077627,1.31758638199116));
#6065=CARTESIAN_POINT('',(-1.40320941540384,0.936995303409133,1.3280956339758));
#6066=CARTESIAN_POINT('',(-1.64646764350885,0.369359436036987,1.33863583319808));
#6067=CARTESIAN_POINT('',(-1.66909558930863,-0.247601953754276,1.34915133009282));
#6068=CARTESIAN_POINT('',(-1.46833439602195,-0.831626996458886,1.35972031683762));
#6069=CARTESIAN_POINT('',(-1.07101497555759,-1.30415520017464,1.37023208664166));
#6070=CARTESIAN_POINT('',(-0.530042390194832,-1.60227965101415,1.38078844365053));
#6071=CARTESIAN_POINT('',(0.0817169735505928,-1.68592843563259,1.39136388522597));
#6072=CARTESIAN_POINT('',(0.682999047013142,-1.54358927204112,1.40193704293709));
#6073=CARTESIAN_POINT('',(1.19306160433359,-1.19415988873182,1.41256509671711));
#6074=CARTESIAN_POINT('',(1.54286203507206,-0.684247327136455,1.42311920948324));
#6075=CARTESIAN_POINT('',(1.6857979080725,-0.0824947874574837,1.43379356905182));
#6076=CARTESIAN_POINT('',(1.60230635162865,0.529804052504136,1.44423964049217));
#6077=CARTESIAN_POINT('',(1.3039928959491,1.07118596988636,1.45472400061507));
#6078=CARTESIAN_POINT('',(0.831112126759594,1.46861773016071,1.46529183954334));
#6079=CARTESIAN_POINT('',(0.246757020332523,1.66922955496487,1.47579447815855));
#6080=CARTESIAN_POINT('',(-0.370343314816613,1.64624765589888,1.48633635037181));
#6081=CARTESIAN_POINT('',(-0.937880434931186,1.40262199269726,1.49684564416711));
#6082=CARTESIAN_POINT('',(-1.37975383568059,0.971371147775494,1.50738587598779));
#6083=CARTESIAN_POINT('',(-1.63680744891569,0.409922858281249,1.51790192529486));
#6084=CARTESIAN_POINT('',(-1.67482776525471,-0.20636545455945,1.52847828519967));
#6085=CARTESIAN_POINT('',(-1.48854993684975,-0.79506304666095,1.53925203790076));
#6086=CARTESIAN_POINT('',(-1.1028959182907,-1.27746565276773,1.54961933831665));
#6087=CARTESIAN_POINT('',(-0.569655614293519,-1.58885814209113,1.56007384156724));
#6088=CARTESIAN_POINT('',(0.0402974107481502,-1.68747824424708,1.57070237304522));
#6089=CARTESIAN_POINT('',(0.645246949882866,-1.55981326468546,1.58131152048755));
#6090=CARTESIAN_POINT('',(1.16359639268641,-1.22258731357315,1.59186965879301));
#6091=CARTESIAN_POINT('',(1.52587524823958,-0.721365729558177,1.60254352864883));
#6092=CARTESIAN_POINT('',(1.68310492298179,-0.123657944453872,1.6129895060312));
#6093=CARTESIAN_POINT('',(1.61465907672823,0.490575444933479,1.6234740704345));
#6094=CARTESIAN_POINT('',(1.32983672235075,1.03882736904052,1.63404180297866));
#6095=CARTESIAN_POINT('',(0.866809988966089,1.44769617570122,1.64454443542018));
#6096=CARTESIAN_POINT('',(0.287775771546463,1.66267656107288,1.65508638199116));
#6097=CARTESIAN_POINT('',(-0.329663160076338,1.65477462603741,1.6655956339758));
#6098=CARTESIAN_POINT('',(-0.903051873812378,1.42540499764631,1.67613583319808));
#6099=CARTESIAN_POINT('',(-1.35530983018338,1.005147789114,1.68665133009282));
#6100=CARTESIAN_POINT('',(-1.62631829709046,0.45022011986268,1.69722031683762));
#6101=CARTESIAN_POINT('',(-1.67949893773231,-0.164855033794082,1.70773208664166));
#6102=CARTESIAN_POINT('',(-1.50777937501242,-0.758186238166221,1.71828844365053));
#6103=CARTESIAN_POINT('',(-1.13434880329537,-1.24991405556669,1.72886388522597));
#6104=CARTESIAN_POINT('',(-0.608529183940163,-1.57443569931401,1.73943704293709));
#6105=CARTESIAN_POINT('',(-0.000776604345685821,-1.68802050594083,1.75006509671711));
#6106=CARTESIAN_POINT('',(0.607132282407781,-1.57480413246169,1.76061920948324));
#6107=CARTESIAN_POINT('',(1.13370650888442,-1.2503717561319,1.77129356905182));
#6108=CARTESIAN_POINT('',(1.50762972500068,-0.758373648549099,1.78173964049217));
#6109=CARTESIAN_POINT('',(1.67950508256322,-0.164619356126161,1.79222400061507));
#6110=CARTESIAN_POINT('',(1.62615457672551,0.450784535209344,1.80279183954334));
#6111=CARTESIAN_POINT('',(1.35480710005517,1.00583997529016,1.81329447815855));
#6112=CARTESIAN_POINT('',(0.902200611724632,1.42594515027248,1.82383635037181));
#6113=CARTESIAN_POINT('',(0.328621906995586,1.65498513795965,1.83434564416711));
#6114=CARTESIAN_POINT('',(-0.288770167936882,1.66249641921891,1.84488587598779));
#6115=CARTESIAN_POINT('',(-0.867538413770898,1.44725687947897,1.85540192529486));
#6116=CARTESIAN_POINT('',(-1.33020448245275,1.03835965780949,1.86597828519967));
#6117=CARTESIAN_POINT('',(-1.61475822624606,0.490369282716448,1.87675203790076));
#6118=CARTESIAN_POINT('',(-1.68316980857127,-0.123439443038627,1.88711933831666));
#6119=CARTESIAN_POINT('',(-1.52629971442404,-0.720685018808155,1.89757384156723));
#6120=CARTESIAN_POINT('',(-1.1647327372076,-1.22172188201617,1.90820237304522));
#6121=CARTESIAN_POINT('',(-0.6466960430417,-1.55921303064593,1.91881152048755));
#6122=CARTESIAN_POINT('',(-0.0417128801874484,-1.68728667985298,1.92936965879301));
#6123=CARTESIAN_POINT('',(0.568874136188758,-1.58903933436108,1.94004352864883));
#6124=CARTESIAN_POINT('',(1.10269553341796,-1.27757427555982,1.9504895060312));
#6125=CARTESIAN_POINT('',(1.48862560625502,-0.794847158662865,1.9609740704345));
#6126=CARTESIAN_POINT('',(1.67489844137584,-0.205774687114372,1.97154180297867));
#6127=CARTESIAN_POINT('',(1.63660300413432,0.410748561738017,1.98204443542017));
#6128=CARTESIAN_POINT('',(1.37917807077627,0.972201671732847,1.99258638199116));
#6129=CARTESIAN_POINT('',(0.936995303409132,1.40320941540384,2.0030956339758));
#6130=CARTESIAN_POINT('',(0.369359436036969,1.64646764350885,2.01363583319808));
#6131=CARTESIAN_POINT('',(-0.247601953754274,1.66909558930863,2.02415133009282));
#6132=CARTESIAN_POINT('',(-0.831626996458877,1.46833439602195,2.03472031683762));
#6133=CARTESIAN_POINT('',(-1.30415520017463,1.07101497555761,2.04523208664166));
#6134=CARTESIAN_POINT('',(-1.60227965101415,0.530042390194841,2.05578844365053));
#6135=CARTESIAN_POINT('',(-1.68592843563259,-0.0817169735505738,2.06636388522597));
#6136=CARTESIAN_POINT('',(-1.54358927204112,-0.682999047013154,2.07693704293709));
#6137=CARTESIAN_POINT('',(-1.19415988873182,-1.19306160433359,2.08756509671711));
#6138=CARTESIAN_POINT('',(-0.684247327136459,-1.54286203507206,2.09811920948324));
#6139=CARTESIAN_POINT('',(-0.0824947874574823,-1.6857979080725,2.10879356905182));
#6140=CARTESIAN_POINT('',(0.529804052504118,-1.60230635162865,2.11923964049217));
#6141=CARTESIAN_POINT('',(1.07118596988636,-1.30399289594909,2.12972400061507));
#6142=CARTESIAN_POINT('',(1.46861773016071,-0.831112126759593,2.14029183954334));
#6143=CARTESIAN_POINT('',(1.66922955496487,-0.246757020332517,2.15079447815855));
#6144=CARTESIAN_POINT('',(1.64624765589888,0.370343314816604,2.16133635037181));
#6145=CARTESIAN_POINT('',(1.40262199269726,0.937880434931188,2.17184564416711));
#6146=CARTESIAN_POINT('',(0.971371147775499,1.37975383568058,2.18238587598779));
#6147=CARTESIAN_POINT('',(0.409922858281231,1.63680744891569,2.19290192529486));
#6148=CARTESIAN_POINT('',(-0.206365454559446,1.67482776525471,2.20347828519967));
#6149=CARTESIAN_POINT('',(-0.795063046660961,1.48854993684974,2.21425203790075));
#6150=CARTESIAN_POINT('',(-1.27746565276771,1.1028959182907,2.22461933831666));
#6151=CARTESIAN_POINT('',(-1.58885814209113,0.569655614293538,2.23507384156723));
#6152=CARTESIAN_POINT('',(-1.68747824424708,-0.0402974107481685,2.24570237304522));
#6153=CARTESIAN_POINT('',(-1.55981326468546,-0.645246949882871,2.25631152048755));
#6154=CARTESIAN_POINT('',(-1.22258731357313,-1.16359639268642,2.26686965879301));
#6155=CARTESIAN_POINT('',(-0.721365729558176,-1.52587524823958,2.27754352864883));
#6156=CARTESIAN_POINT('',(-0.123657944453875,-1.68310492298179,2.2879895060312));
#6157=CARTESIAN_POINT('',(0.490575444933469,-1.61465907672824,2.2984740704345));
#6158=CARTESIAN_POINT('',(1.03882736904053,-1.32983672235075,2.30904180297867));
#6159=CARTESIAN_POINT('',(1.44769617570123,-0.866809988966076,2.31954443542018));
#6160=CARTESIAN_POINT('',(1.66267656107287,-0.28777577154648,2.33008638199116));
#6161=CARTESIAN_POINT('',(1.65477462603741,0.329663160076318,2.3405956339758));
#6162=CARTESIAN_POINT('',(1.42540499764633,0.903051873812352,2.35113583319808));
#6163=CARTESIAN_POINT('',(1.00514778911401,1.35530983018337,2.36165133009282));
#6164=CARTESIAN_POINT('',(0.450220119862696,1.62631829709045,2.37222031683762));
#6165=CARTESIAN_POINT('',(-0.164855033794054,1.67949893773231,2.38273208664166));
#6166=CARTESIAN_POINT('',(-0.758186238166225,1.50777937501242,2.39328844365053));
#6167=CARTESIAN_POINT('',(-1.24992176378941,1.13435134242655,2.40396313775353));
#6168=CARTESIAN_POINT('',(-1.57440654963581,0.608524693814599,2.41414139306005));
#6169=CARTESIAN_POINT('',(-1.65005380729245,0.201155862029899,2.42205831945281));
#6170=CARTESIAN_POINT('',(-1.65,1.19926902884506E-14,2.425));
#6171=CARTESIAN_POINT('',(1.65,0.,1.075));
#6172=CARTESIAN_POINT('',(1.65005380729245,0.201198968346208,1.07908956945281));
#6173=CARTESIAN_POINT('',(1.57472545826437,0.608160879431642,1.08531775871626));
#6174=CARTESIAN_POINT('',(1.2503915023931,1.13344929703741,1.0963689593731));
#6175=CARTESIAN_POINT('',(0.758369349492182,1.50769353367715,1.10671411820336));
#6176=CARTESIAN_POINT('',(0.164620430890391,1.6794891303941,1.11723038118727));
#6177=CARTESIAN_POINT('',(-0.450784795062542,1.62615855283149,1.12779024300559));
#6178=CARTESIAN_POINT('',(-1.00583991032685,1.35480610602868,1.13829487729298));
#6179=CARTESIAN_POINT('',(-1.42594516651331,0.90220086023125,1.1488362505882));
#6180=CARTESIAN_POINT('',(-1.65498513389945,0.328621844868929,1.15934566911301));
#6181=CARTESIAN_POINT('',(-1.66249642023396,-0.288770152405216,1.16988586975131));
#6182=CARTESIAN_POINT('',(-1.44725687922521,-0.867538417653818,1.18040192685398));
#6183=CARTESIAN_POINT('',(-1.03835965787293,-1.33020448148202,1.19097828480989));
#6184=CARTESIAN_POINT('',(-0.490369282700598,-1.61475822648874,1.2017520379982));
#6185=CARTESIAN_POINT('',(0.123439443034666,-1.6831698085106,1.21211933829229));
#6186=CARTESIAN_POINT('',(0.720685018809158,-1.5262997144392,1.22257384157333));
#6187=CARTESIAN_POINT('',(1.22172188201592,-1.16473273720381,1.2332023730437));
#6188=CARTESIAN_POINT('',(1.55921303064599,-0.646696043042647,1.24381152048793));
#6189=CARTESIAN_POINT('',(1.68728667985296,-0.0417128801872002,1.25436965879291));
#6190=CARTESIAN_POINT('',(1.58903933436108,0.568874136188695,1.26504352864885));
#6191=CARTESIAN_POINT('',(1.27757427555981,1.10269553341798,1.27548950603119));
#6192=CARTESIAN_POINT('',(0.79484715866287,1.48862560625502,1.28597407043451));
#6193=CARTESIAN_POINT('',(0.20577468711437,1.67489844137585,1.29654180297867));
#6194=CARTESIAN_POINT('',(-0.410748561738031,1.63660300413431,1.30704443542018));
#6195=CARTESIAN_POINT('',(-0.972201671732847,1.37917807077627,1.31758638199116));
#6196=CARTESIAN_POINT('',(-1.40320941540384,0.936995303409133,1.3280956339758));
#6197=CARTESIAN_POINT('',(-1.64646764350885,0.369359436036987,1.33863583319808));
#6198=CARTESIAN_POINT('',(-1.66909558930863,-0.247601953754276,1.34915133009282));
#6199=CARTESIAN_POINT('',(-1.46833439602195,-0.831626996458886,1.35972031683762));
#6200=CARTESIAN_POINT('',(-1.07101497555759,-1.30415520017464,1.37023208664166));
#6201=CARTESIAN_POINT('',(-0.530042390194832,-1.60227965101415,1.38078844365053));
#6202=CARTESIAN_POINT('',(0.0817169735505928,-1.68592843563259,1.39136388522597));
#6203=CARTESIAN_POINT('',(0.682999047013142,-1.54358927204112,1.40193704293709));
#6204=CARTESIAN_POINT('',(1.19306160433359,-1.19415988873182,1.41256509671711));
#6205=CARTESIAN_POINT('',(1.54286203507206,-0.684247327136455,1.42311920948324));
#6206=CARTESIAN_POINT('',(1.6857979080725,-0.0824947874574837,1.43379356905182));
#6207=CARTESIAN_POINT('',(1.60230635162865,0.529804052504136,1.44423964049217));
#6208=CARTESIAN_POINT('',(1.3039928959491,1.07118596988636,1.45472400061507));
#6209=CARTESIAN_POINT('',(0.831112126759594,1.46861773016071,1.46529183954334));
#6210=CARTESIAN_POINT('',(0.246757020332523,1.66922955496487,1.47579447815855));
#6211=CARTESIAN_POINT('',(-0.370343314816613,1.64624765589888,1.48633635037181));
#6212=CARTESIAN_POINT('',(-0.937880434931186,1.40262199269726,1.49684564416711));
#6213=CARTESIAN_POINT('',(-1.37975383568059,0.971371147775494,1.50738587598779));
#6214=CARTESIAN_POINT('',(-1.63680744891569,0.409922858281249,1.51790192529486));
#6215=CARTESIAN_POINT('',(-1.67482776525471,-0.20636545455945,1.52847828519967));
#6216=CARTESIAN_POINT('',(-1.48854993684975,-0.79506304666095,1.53925203790076));
#6217=CARTESIAN_POINT('',(-1.1028959182907,-1.27746565276773,1.54961933831665));
#6218=CARTESIAN_POINT('',(-0.569655614293519,-1.58885814209113,1.56007384156724));
#6219=CARTESIAN_POINT('',(0.0402974107481502,-1.68747824424708,1.57070237304522));
#6220=CARTESIAN_POINT('',(0.645246949882866,-1.55981326468546,1.58131152048755));
#6221=CARTESIAN_POINT('',(1.16359639268641,-1.22258731357315,1.59186965879301));
#6222=CARTESIAN_POINT('',(1.52587524823958,-0.721365729558177,1.60254352864883));
#6223=CARTESIAN_POINT('',(1.68310492298179,-0.123657944453872,1.6129895060312));
#6224=CARTESIAN_POINT('',(1.61465907672823,0.490575444933479,1.6234740704345));
#6225=CARTESIAN_POINT('',(1.32983672235075,1.03882736904052,1.63404180297866));
#6226=CARTESIAN_POINT('',(0.866809988966089,1.44769617570122,1.64454443542018));
#6227=CARTESIAN_POINT('',(0.287775771546463,1.66267656107288,1.65508638199116));
#6228=CARTESIAN_POINT('',(-0.329663160076338,1.65477462603741,1.6655956339758));
#6229=CARTESIAN_POINT('',(-0.903051873812378,1.42540499764631,1.67613583319808));
#6230=CARTESIAN_POINT('',(-1.35530983018338,1.005147789114,1.68665133009282));
#6231=CARTESIAN_POINT('',(-1.62631829709046,0.45022011986268,1.69722031683762));
#6232=CARTESIAN_POINT('',(-1.67949893773231,-0.164855033794082,1.70773208664166));
#6233=CARTESIAN_POINT('',(-1.50777937501242,-0.758186238166221,1.71828844365053));
#6234=CARTESIAN_POINT('',(-1.13434880329537,-1.24991405556669,1.72886388522597));
#6235=CARTESIAN_POINT('',(-0.608529183940163,-1.57443569931401,1.73943704293709));
#6236=CARTESIAN_POINT('',(-0.000776604345685821,-1.68802050594083,1.75006509671711));
#6237=CARTESIAN_POINT('',(0.607132282407781,-1.57480413246169,1.76061920948324));
#6238=CARTESIAN_POINT('',(1.13370650888442,-1.2503717561319,1.77129356905182));
#6239=CARTESIAN_POINT('',(1.50762972500068,-0.758373648549099,1.78173964049217));
#6240=CARTESIAN_POINT('',(1.67950508256322,-0.164619356126161,1.79222400061507));
#6241=CARTESIAN_POINT('',(1.62615457672551,0.450784535209344,1.80279183954334));
#6242=CARTESIAN_POINT('',(1.35480710005517,1.00583997529016,1.81329447815855));
#6243=CARTESIAN_POINT('',(0.902200611724632,1.42594515027248,1.82383635037181));
#6244=CARTESIAN_POINT('',(0.328621906995586,1.65498513795965,1.83434564416711));
#6245=CARTESIAN_POINT('',(-0.288770167936882,1.66249641921891,1.84488587598779));
#6246=CARTESIAN_POINT('',(-0.867538413770898,1.44725687947897,1.85540192529486));
#6247=CARTESIAN_POINT('',(-1.33020448245275,1.03835965780949,1.86597828519967));
#6248=CARTESIAN_POINT('',(-1.61475822624606,0.490369282716448,1.87675203790076));
#6249=CARTESIAN_POINT('',(-1.68316980857127,-0.123439443038627,1.88711933831666));
#6250=CARTESIAN_POINT('',(-1.52629971442404,-0.720685018808155,1.89757384156723));
#6251=CARTESIAN_POINT('',(-1.1647327372076,-1.22172188201617,1.90820237304522));
#6252=CARTESIAN_POINT('',(-0.6466960430417,-1.55921303064593,1.91881152048755));
#6253=CARTESIAN_POINT('',(-0.0417128801874484,-1.68728667985298,1.92936965879301));
#6254=CARTESIAN_POINT('',(0.568874136188758,-1.58903933436108,1.94004352864883));
#6255=CARTESIAN_POINT('',(1.10269553341796,-1.27757427555982,1.9504895060312));
#6256=CARTESIAN_POINT('',(1.48862560625502,-0.794847158662865,1.9609740704345));
#6257=CARTESIAN_POINT('',(1.67489844137584,-0.205774687114372,1.97154180297867));
#6258=CARTESIAN_POINT('',(1.63660300413432,0.410748561738017,1.98204443542017));
#6259=CARTESIAN_POINT('',(1.37917807077627,0.972201671732847,1.99258638199116));
#6260=CARTESIAN_POINT('',(0.936995303409132,1.40320941540384,2.0030956339758));
#6261=CARTESIAN_POINT('',(0.369359436036969,1.64646764350885,2.01363583319808));
#6262=CARTESIAN_POINT('',(-0.247601953754274,1.66909558930863,2.02415133009282));
#6263=CARTESIAN_POINT('',(-0.831626996458877,1.46833439602195,2.03472031683762));
#6264=CARTESIAN_POINT('',(-1.30415520017463,1.07101497555761,2.04523208664166));
#6265=CARTESIAN_POINT('',(-1.60227965101415,0.530042390194841,2.05578844365053));
#6266=CARTESIAN_POINT('',(-1.68592843563259,-0.0817169735505738,2.06636388522597));
#6267=CARTESIAN_POINT('',(-1.54358927204112,-0.682999047013154,2.07693704293709));
#6268=CARTESIAN_POINT('',(-1.19415988873182,-1.19306160433359,2.08756509671711));
#6269=CARTESIAN_POINT('',(-0.684247327136459,-1.54286203507206,2.09811920948324));
#6270=CARTESIAN_POINT('',(-0.0824947874574823,-1.6857979080725,2.10879356905182));
#6271=CARTESIAN_POINT('',(0.529804052504118,-1.60230635162865,2.11923964049217));
#6272=CARTESIAN_POINT('',(1.07118596988636,-1.30399289594909,2.12972400061507));
#6273=CARTESIAN_POINT('',(1.46861773016071,-0.831112126759593,2.14029183954334));
#6274=CARTESIAN_POINT('',(1.66922955496487,-0.246757020332517,2.15079447815855));
#6275=CARTESIAN_POINT('',(1.64624765589888,0.370343314816604,2.16133635037181));
#6276=CARTESIAN_POINT('',(1.40262199269726,0.937880434931188,2.17184564416711));
#6277=CARTESIAN_POINT('',(0.971371147775499,1.37975383568058,2.18238587598779));
#6278=CARTESIAN_POINT('',(0.409922858281231,1.63680744891569,2.19290192529486));
#6279=CARTESIAN_POINT('',(-0.206365454559446,1.67482776525471,2.20347828519967));
#6280=CARTESIAN_POINT('',(-0.795063046660961,1.48854993684974,2.21425203790075));
#6281=CARTESIAN_POINT('',(-1.27746565276771,1.1028959182907,2.22461933831666));
#6282=CARTESIAN_POINT('',(-1.58885814209113,0.569655614293538,2.23507384156723));
#6283=CARTESIAN_POINT('',(-1.68747824424708,-0.0402974107481685,2.24570237304522));
#6284=CARTESIAN_POINT('',(-1.55981326468546,-0.645246949882871,2.25631152048755));
#6285=CARTESIAN_POINT('',(-1.22258731357313,-1.16359639268642,2.26686965879301));
#6286=CARTESIAN_POINT('',(-0.721365729558176,-1.52587524823958,2.27754352864883));
#6287=CARTESIAN_POINT('',(-0.123657944453875,-1.68310492298179,2.2879895060312));
#6288=CARTESIAN_POINT('',(0.490575444933469,-1.61465907672824,2.2984740704345));
#6289=CARTESIAN_POINT('',(1.03882736904053,-1.32983672235075,2.30904180297867));
#6290=CARTESIAN_POINT('',(1.44769617570123,-0.866809988966076,2.31954443542018));
#6291=CARTESIAN_POINT('',(1.66267656107287,-0.28777577154648,2.33008638199116));
#6292=CARTESIAN_POINT('',(1.65477462603741,0.329663160076318,2.3405956339758));
#6293=CARTESIAN_POINT('',(1.42540499764633,0.903051873812352,2.35113583319808));
#6294=CARTESIAN_POINT('',(1.00514778911401,1.35530983018337,2.36165133009282));
#6295=CARTESIAN_POINT('',(0.450220119862696,1.62631829709045,2.37222031683762));
#6296=CARTESIAN_POINT('',(-0.164855033794054,1.67949893773231,2.38273208664166));
#6297=CARTESIAN_POINT('',(-0.758186238166225,1.50777937501242,2.39328844365053));
#6298=CARTESIAN_POINT('',(-1.24992176378941,1.13435134242655,2.40396313775353));
#6299=CARTESIAN_POINT('',(-1.57440654963581,0.608524693814599,2.41414139306005));
#6300=CARTESIAN_POINT('',(-1.65005380729245,0.201155862029899,2.42205831945281));
#6301=CARTESIAN_POINT('',(-1.65,1.19926902884506E-14,2.425));
#6302=CARTESIAN_POINT('',(3.25,0.,1.075));
#6303=CARTESIAN_POINT('',(3.25005380729245,0.400121779281501,1.07794168054719));
#6304=CARTESIAN_POINT('',(3.10139075569156,1.19574242050808,1.08577599128374));
#6305=CARTESIAN_POINT('',(2.46331025224013,2.23229315321427,1.09603121639758));
#6306=CARTESIAN_POINT('',(1.49509896302657,2.96890576446907,1.10666239257577));
#6307=CARTESIAN_POINT('',(0.326154346442154,3.30813154655724,1.11719379291434));
#6308=CARTESIAN_POINT('',(-0.886196611140688,3.20390500298175,1.12775980580495));
#6309=CARTESIAN_POINT('',(-1.97996510390507,2.67005673676553,1.13826828294671));
#6310=CARTESIAN_POINT('',(-2.80843007799036,1.77858181641307,1.14885465636675));
#6311=CARTESIAN_POINT('',(-3.26015943292225,0.648510257639095,1.15936173466519));
#6312=CARTESIAN_POINT('',(-3.27528245083511,-0.568504551462082,1.16994828984365));
#6313=CARTESIAN_POINT('',(-2.85104920571819,-1.70906654449679,1.18046597011872));
#6314=CARTESIAN_POINT('',(-2.04480018651721,-2.62093214206063,1.19100005959636));
#6315=CARTESIAN_POINT('',(-0.964670234961291,-3.18110290879235,1.20153835759521));
#6316=CARTESIAN_POINT('',(0.24517651523975,-3.31508488905717,1.21213065207815));
#6317=CARTESIAN_POINT('',(1.42149671247836,-3.00502516078394,1.22268642294361));
#6318=CARTESIAN_POINT('',(2.40779319738563,-2.29157128532577,1.23315977453385));
#6319=CARTESIAN_POINT('',(3.07121405807159,-1.27213979440858,1.24377355793291));
#6320=CARTESIAN_POINT('',(3.32295240024158,-0.0821802595530863,1.25424624596079));
#6321=CARTESIAN_POINT('',(3.13002665844847,1.11972229049394,1.2648512225317));
#6322=CARTESIAN_POINT('',(2.51748070704022,2.17075505615625,1.27541213363223));
#6323=CARTESIAN_POINT('',(1.5672531540783,2.93150099653006,1.28594390739463));
#6324=CARTESIAN_POINT('',(0.407386615525032,3.29916588669469,1.29650965568716));
#6325=CARTESIAN_POINT('',(-0.807504356803168,3.2244894122083,1.30701834187621));
#6326=CARTESIAN_POINT('',(-1.91398046743333,2.71796777547797,1.3176045707062));
#6327=CARTESIAN_POINT('',(-2.76384742093289,1.84671396353642,1.32811173180666));
#6328=CARTESIAN_POINT('',(-3.24350750893044,0.728213166070781,1.3386983869021));
#6329=CARTESIAN_POINT('',(-3.28806119637877,-0.487969011238525,1.34921395638531));
#6330=CARTESIAN_POINT('',(-2.89214287283351,-1.63886880601149,1.35975800923207));
#6331=CARTESIAN_POINT('',(-2.10857756966872,-2.56982900650537,1.37030856661643));
#6332=CARTESIAN_POINT('',(-1.04213605055168,-3.15653063946288,1.38088237710534));
#6333=CARTESIAN_POINT('',(0.163340977316154,-3.32029235522646,1.39141343879007));
#6334=CARTESIAN_POINT('',(1.34754336565701,-3.0385348028831,1.40190116438228));
#6335=CARTESIAN_POINT('',(2.35062553902076,-2.35062704456834,1.41252579342307));
#6336=CARTESIAN_POINT('',(3.03853434529649,-1.34754223705719,1.42299591298263));
#6337=CARTESIAN_POINT('',(3.32029240297695,-0.163342726657132,1.43360125055799));
#6338=CARTESIAN_POINT('',(3.15652790008841,1.0421381216162,1.44416235438375));
#6339=CARTESIAN_POINT('',(2.56982822820362,2.10857646500571,1.45469380246234));
#6340=CARTESIAN_POINT('',(1.63886731929876,2.89213858419635,1.46525980707081));
#6341=CARTESIAN_POINT('',(0.487968473581993,3.28806197692665,1.47576828263025));
#6342=CARTESIAN_POINT('',(-0.728212689441047,3.24350721573528,1.48635465644587));
#6343=CARTESIAN_POINT('',(-1.84671484190133,2.76384684365943,1.49686173464542));
#6344=CARTESIAN_POINT('',(-2.71796785476646,1.91398100780126,1.5074482898486));
#6345=CARTESIAN_POINT('',(-3.22448876997124,0.807503683749938,1.51796597011748));
#6346=CARTESIAN_POINT('',(-3.29917096873903,-0.407386812623721,1.52850005959667));
#6347=CARTESIAN_POINT('',(-2.93150430320919,-1.5672545737092,1.53903835759513));
#6348=CARTESIAN_POINT('',(-2.17075302874769,-2.51748498177514,1.54963065207817));
#6349=CARTESIAN_POINT('',(-1.11972370399868,-3.13002363365434,1.56018642294361));
#6350=CARTESIAN_POINT('',(0.0821813021399836,-3.32295249299245,1.57065977453385));
#6351=CARTESIAN_POINT('',(1.27213761169431,-3.07121496218145,1.58127355793291));
#6352=CARTESIAN_POINT('',(2.29157195696127,-2.40779239458059,1.59174624596079));
#6353=CARTESIAN_POINT('',(3.00502630013758,-1.42149985082959,1.6023512225317));
#6354=CARTESIAN_POINT('',(3.31508329995751,-0.245172058951374,1.61291213363223));
#6355=CARTESIAN_POINT('',(3.1810995667863,0.96466890061675,1.62344390739463));
#6356=CARTESIAN_POINT('',(2.62092840914353,2.04479673233876,1.63400965568716));
#6357=CARTESIAN_POINT('',(1.70906652270352,2.85105013576991,1.64451834187621));
#6358=CARTESIAN_POINT('',(0.568504877506285,3.2752820126677,1.6551045707062));
#6359=CARTESIAN_POINT('',(-0.648511286978125,3.26015922003509,1.66561173180666));
#6360=CARTESIAN_POINT('',(-1.77858168651622,2.80843062227218,1.6761983869021));
#6361=CARTESIAN_POINT('',(-2.67005656577144,1.97996417206013,1.68671395638531));
#6362=CARTESIAN_POINT('',(-3.20390908374674,0.886198591335085,1.69725800923207));
#6363=CARTESIAN_POINT('',(-3.30813301516043,-0.326154018819227,1.70780856661643));
#6364=CARTESIAN_POINT('',(-2.96890568845138,-1.49510275192325,1.71838237710534));
#6365=CARTESIAN_POINT('',(-2.23230172719659,-2.46330075260838,1.72891343879007));
#6366=CARTESIAN_POINT('',(-1.19571151219095,-3.10142561578898,1.73940116438229));
#6367=CARTESIAN_POINT('',(-1.06458290116576E-6,-3.32428758192663,1.75002579342307));
#6368=CARTESIAN_POINT('',(1.19571198666894,-3.1014244941858,1.76049591298262));
#6369=CARTESIAN_POINT('',(2.23230052399042,-2.46330202334394,1.77110125055799));
#6370=CARTESIAN_POINT('',(2.96890521588487,-1.49509935042923,1.78166235438376));
#6371=CARTESIAN_POINT('',(3.30813168370329,-0.326154249591489,1.79219380246234));
#6372=CARTESIAN_POINT('',(3.20390499995767,0.886196610075323,1.80275980707081));
#6373=CARTESIAN_POINT('',(2.67005673752155,1.9799651041714,1.81326828263025));
#6374=CARTESIAN_POINT('',(1.77858181622407,2.80843007792377,1.82385465644587));
#6375=CARTESIAN_POINT('',(0.64851025768635,3.26015943293889,1.83436173464541));
#6376=CARTESIAN_POINT('',(-0.568504551473903,3.27528245083095,1.8449482898486));
#6377=CARTESIAN_POINT('',(-1.70906654449383,2.85104920571923,1.85546597011748));
#6378=CARTESIAN_POINT('',(-2.62093214206136,2.04480018651695,1.86600005959667));
#6379=CARTESIAN_POINT('',(-3.18110290879217,0.96467023496135,1.87653835759513));
#6380=CARTESIAN_POINT('',(-3.31508488905722,-0.245176515239762,1.88713065207817));
#6381=CARTESIAN_POINT('',(-3.00502516078393,-1.42149671247835,1.89768642294361));
#6382=CARTESIAN_POINT('',(-2.29157128532578,-2.40779319738563,1.90815977453385));
#6383=CARTESIAN_POINT('',(-1.27213979440858,-3.07121405807159,1.91877355793291));
#6384=CARTESIAN_POINT('',(-0.0821802595530942,-3.32295240024158,1.92924624596079));
#6385=CARTESIAN_POINT('',(1.11972229049393,-3.13002665844847,1.9398512225317));
#6386=CARTESIAN_POINT('',(2.17075505615625,-2.51748070704023,1.95041213363223));
#6387=CARTESIAN_POINT('',(2.93150099653006,-1.5672531540783,1.96094390739463));
#6388=CARTESIAN_POINT('',(3.2991658866947,-0.407386615525028,1.97150965568716));
#6389=CARTESIAN_POINT('',(3.2244894122083,0.807504356803156,1.98201834187621));
#6390=CARTESIAN_POINT('',(2.71796777547799,1.91398046743332,1.99260457070619));
#6391=CARTESIAN_POINT('',(1.84671396353642,2.7638474209329,2.00311173180666));
#6392=CARTESIAN_POINT('',(0.728213166070764,3.24350750893045,2.0136983869021));
#6393=CARTESIAN_POINT('',(-0.487969011238528,3.28806119637877,2.02421395638531));
#6394=CARTESIAN_POINT('',(-1.63886880601148,2.89214287283351,2.03475800923207));
#6395=CARTESIAN_POINT('',(-2.56982900650536,2.10857756966872,2.04530856661643));
#6396=CARTESIAN_POINT('',(-3.15653063946288,1.0421360505517,2.05588237710534));
#6397=CARTESIAN_POINT('',(-3.32029235522646,-0.163340977316144,2.06641343879007));
#6398=CARTESIAN_POINT('',(-3.0385348028831,-1.34754336565702,2.07690116438229));
#6399=CARTESIAN_POINT('',(-2.35062704456833,-2.35062553902077,2.08752579342307));
#6400=CARTESIAN_POINT('',(-1.34754223705719,-3.03853434529649,2.09799591298262));
#6401=CARTESIAN_POINT('',(-0.163342726657141,-3.32029240297695,2.10860125055799));
#6402=CARTESIAN_POINT('',(1.04213812161618,-3.15652790008842,2.11916235438376));
#6403=CARTESIAN_POINT('',(2.10857646500571,-2.56982822820362,2.12969380246234));
#6404=CARTESIAN_POINT('',(2.89213858419636,-1.63886731929875,2.14025980707081));
#6405=CARTESIAN_POINT('',(3.28806197692665,-0.487968473581993,2.15076828263025));
#6406=CARTESIAN_POINT('',(3.24350721573528,0.728212689441035,2.16135465644587));
#6407=CARTESIAN_POINT('',(2.76384684365945,1.84671484190132,2.17186173464542));
#6408=CARTESIAN_POINT('',(1.91398100780125,2.71796785476647,2.1824482898486));
#6409=CARTESIAN_POINT('',(0.807503683749928,3.22448876997124,2.19296597011748));
#6410=CARTESIAN_POINT('',(-0.407386812623722,3.29917096873902,2.20350005959667));
#6411=CARTESIAN_POINT('',(-1.5672545737092,2.93150430320919,2.21403835759513));
#6412=CARTESIAN_POINT('',(-2.51748498177513,2.1707530287477,2.22463065207817));
#6413=CARTESIAN_POINT('',(-3.13002363365434,1.11972370399869,2.23518642294361));
#6414=CARTESIAN_POINT('',(-3.32295249299245,-0.0821813021399967,2.24565977453385));
#6415=CARTESIAN_POINT('',(-3.07121496218144,-1.27213761169432,2.25627355793291));
#6416=CARTESIAN_POINT('',(-2.40779239458059,-2.29157195696127,2.26674624596079));
#6417=CARTESIAN_POINT('',(-1.42149985082959,-3.00502630013758,2.2773512225317));
#6418=CARTESIAN_POINT('',(-0.245172058951389,-3.31508329995751,2.28791213363223));
#6419=CARTESIAN_POINT('',(0.964668900616742,-3.18109956678631,2.29844390739463));
#6420=CARTESIAN_POINT('',(2.04479673233876,-2.62092840914354,2.30900965568716));
#6421=CARTESIAN_POINT('',(2.85105013576992,-1.70906652270351,2.31951834187621));
#6422=CARTESIAN_POINT('',(3.2752820126677,-0.568504877506292,2.3301045707062));
#6423=CARTESIAN_POINT('',(3.26015922003509,0.648511286978112,2.34061173180666));
#6424=CARTESIAN_POINT('',(2.80843062227219,1.77858168651622,2.3511983869021));
#6425=CARTESIAN_POINT('',(1.97996417206013,2.67005656577143,2.36171395638531));
#6426=CARTESIAN_POINT('',(0.886198591335083,3.20390908374675,2.37225800923207));
#6427=CARTESIAN_POINT('',(-0.326154018819232,3.30813301516043,2.38280856661643));
#6428=CARTESIAN_POINT('',(-1.49510275192325,2.96890568845138,2.39338237710534));
#6429=CARTESIAN_POINT('',(-2.46330842301032,2.23230113482014,2.40383137592876));
#6430=CARTESIAN_POINT('',(-3.10139499306674,1.19571395873288,2.4147294961989));
#6431=CARTESIAN_POINT('',(-3.25005380729245,0.400079903705171,2.42091043054719));
#6432=CARTESIAN_POINT('',(-3.25,1.42085730927031E-14,2.425));
#6433=CARTESIAN_POINT('',(1.65,0.,0.925));
#6434=CARTESIAN_POINT('',(1.64994619270755,0.20119868956967,0.929089569452807));
#6435=CARTESIAN_POINT('',(1.57477167899706,0.60815323542611,0.935317758716259));
#6436=CARTESIAN_POINT('',(1.25035414159313,1.13349737976962,0.946310348450856));
#6437=CARTESIAN_POINT('',(0.758329992910912,1.50776004569195,0.956687865421165));
#6438=CARTESIAN_POINT('',(0.164710198456005,1.67953322055371,0.967216829452431));
#6439=CARTESIAN_POINT('',(-0.450743460270127,1.62619169209606,0.97776783811487));
#6440=CARTESIAN_POINT('',(-1.0057746273395,1.35494026912441,0.988294695339854));
#6441=CARTESIAN_POINT('',(-1.42587356690099,0.902293349553931,0.998826699584346));
#6442=CARTESIAN_POINT('',(-1.65501632707331,0.328760289427846,1.00935740807498));
#6443=CARTESIAN_POINT('',(-1.66248288132486,-0.288636586069458,1.01988851274158));
#6444=CARTESIAN_POINT('',(-1.44731252642918,-0.86748574510226,1.03042110853852));
#6445=CARTESIAN_POINT('',(-1.03839727463327,-1.33010761986469,1.04099286487112));
#6446=CARTESIAN_POINT('',(-0.49031731702483,-1.61470309379801,1.05170645716683));
#6447=CARTESIAN_POINT('',(0.123431185429205,-1.68312798788658,1.06211072891421));
#6448=CARTESIAN_POINT('',(0.720842083490891,-1.52610856081181,1.07258823705467));
#6449=CARTESIAN_POINT('',(1.22181476704401,-1.16463718658073,1.08321452707861));
#6450=CARTESIAN_POINT('',(1.55922795875569,-0.646464096400474,1.09378807399128));
#6451=CARTESIAN_POINT('',(1.6873742653179,-0.0414501821732498,1.10436355323136));
#6452=CARTESIAN_POINT('',(1.58901098424317,0.568862586437986,1.11498641267283));
#6453=CARTESIAN_POINT('',(1.2775666889398,1.10278715830943,1.12545632805708));
#6454=CARTESIAN_POINT('',(0.794945475869347,1.48862946335395,1.13596222631151));
#6455=CARTESIAN_POINT('',(0.205826310583775,1.67491237907641,1.14651900955022));
#6456=CARTESIAN_POINT('',(-0.41063809774722,1.63670313753088,1.15704435900123));
#6457=CARTESIAN_POINT('',(-0.97209906313642,1.37923464025676,1.1675768183813));
#6458=CARTESIAN_POINT('',(-1.40318677347641,0.9371360744656,1.17810738340889));
#6459=CARTESIAN_POINT('',(-1.64640257993521,0.369476570367193,1.1886384595139));
#6460=CARTESIAN_POINT('',(-1.66912856912322,-0.247531519291115,1.19917123119554));
#6461=CARTESIAN_POINT('',(-1.46833120907341,-0.831524877016448,1.20973490198103));
#6462=CARTESIAN_POINT('',(-1.07096065232535,-1.3041527898545,1.22025533150122));
#6463=CARTESIAN_POINT('',(-0.530033050363911,-1.60224680302695,1.23080165232372));
#6464=CARTESIAN_POINT('',(0.0819332315671743,-1.68580675248684,1.24137357926736));
#6465=CARTESIAN_POINT('',(0.683123356472663,-1.54353684381196,1.25195579461048));
#6466=CARTESIAN_POINT('',(1.19316273275352,-1.19395283339345,1.26254004858252));
#6467=CARTESIAN_POINT('',(1.54304562248466,-0.684036262904411,1.27311331951101));
#6468=CARTESIAN_POINT('',(1.68576642609608,-0.0824965940929046,1.2837364342175));
#6469=CARTESIAN_POINT('',(1.60233542008742,0.529893670520294,1.294206364626));
#6470=CARTESIAN_POINT('',(1.30408508098742,1.07114998167933,1.30471220465122));
#6471=CARTESIAN_POINT('',(0.831165402351858,1.46861284274722,1.31526899431883));
#6472=CARTESIAN_POINT('',(0.246897896389968,1.66927803363164,1.32579440628886));
#6473=CARTESIAN_POINT('',(-0.370227248012859,1.64626248388597,1.33632677184709));
#6474=CARTESIAN_POINT('',(-0.937804606350796,1.40274193050564,1.34685739000929));
#6475=CARTESIAN_POINT('',(-1.37964981416408,0.971456023528517,1.357388517258));
#6476=CARTESIAN_POINT('',(-1.63680955291266,0.409999451028491,1.36792110740941));
#6477=CARTESIAN_POINT('',(-1.67478587266457,-0.206270363765074,1.3784928651534));
#6478=CARTESIAN_POINT('',(-1.48847420690605,-0.795060807298595,1.38920645709627));
#6479=CARTESIAN_POINT('',(-1.1028721856433,-1.27743024209822,1.39961072893185));
#6480=CARTESIAN_POINT('',(-0.569409386768146,-1.58883403756996,1.41008823705026));
#6481=CARTESIAN_POINT('',(0.0404306548754949,-1.68747635938593,1.42071452707971));
#6482=CARTESIAN_POINT('',(0.645421516693878,-1.55965980940972,1.43128807399101));
#6483=CARTESIAN_POINT('',(1.1638440805097,-1.22246349030221,1.44186355323143));
#6484=CARTESIAN_POINT('',(1.5258470347719,-0.721353849904612,1.45248641267281));
#6485=CARTESIAN_POINT('',(1.68316434701341,-0.123587791321348,1.46295632805708));
#6486=CARTESIAN_POINT('',(1.61473132487246,0.490508651550886,1.47346222631151));
#6487=CARTESIAN_POINT('',(1.32988308109862,1.03880072117782,1.48401900955022));
#6488=CARTESIAN_POINT('',(0.866958903806798,1.44768887086798,1.49454435900123));
#6489=CARTESIAN_POINT('',(0.287888327444073,1.6626440065018,1.5050768183813));
#6490=CARTESIAN_POINT('',(-0.329547609647292,1.65485815594561,1.51560738340889));
#6491=CARTESIAN_POINT('',(-0.902923040439049,1.42544181723139,1.5261384595139));
#6492=CARTESIAN_POINT('',(-1.35528334574738,1.00522091405107,1.53667123119554));
#6493=CARTESIAN_POINT('',(-1.6262438342273,0.450290075699998,1.54723490198103));
#6494=CARTESIAN_POINT('',(-1.67945882105269,-0.164891741766253,1.55775533150122));
#6495=CARTESIAN_POINT('',(-1.50774954372014,-0.758169615389501,1.56830165232372));
#6496=CARTESIAN_POINT('',(-1.13410984280784,-1.24998093009919,1.57887357926736));
#6497=CARTESIAN_POINT('',(-0.608404211521999,-1.57448652701944,1.58945579461048));
#6498=CARTESIAN_POINT('',(-0.000558685520336964,-1.68794560429849,1.60004004858251));
#6499=CARTESIAN_POINT('',(0.607411343261912,-1.57478470341633,1.61061331951101));
#6500=CARTESIAN_POINT('',(1.13368297028125,-1.25035077249704,1.6212364342175));
#6501=CARTESIAN_POINT('',(1.50771364901194,-0.758330833546477,1.631706364626));
#6502=CARTESIAN_POINT('',(1.67954481972371,-0.164709988297114,1.64221220465122));
#6503=CARTESIAN_POINT('',(1.62618879233486,0.450743407753566,1.65276899431883));
#6504=CARTESIAN_POINT('',(1.35494099406471,1.00577464046864,1.66329440628886));
#6505=CARTESIAN_POINT('',(0.902293168318862,1.4258735636187,1.67382677184709));
#6506=CARTESIAN_POINT('',(0.328760334736615,1.65501632789388,1.68435739000929));
#6507=CARTESIAN_POINT('',(-0.288636597396653,1.66248288111972,1.694888517258));
#6508=CARTESIAN_POINT('',(-0.867485742270458,1.44731252648047,1.70542110740941));
#6509=CARTESIAN_POINT('',(-1.33010762057264,1.03839727462045,1.7159928651534));
#6510=CARTESIAN_POINT('',(-1.61470309362102,0.490317317028028,1.72670645709627));
#6511=CARTESIAN_POINT('',(-1.68312798793083,-0.123431185430003,1.73711072893185));
#6512=CARTESIAN_POINT('',(-1.52610856080075,-0.720842083490678,1.74758823705026));
#6513=CARTESIAN_POINT('',(-1.1646371865835,-1.22181476704406,1.75821452707971));
#6514=CARTESIAN_POINT('',(-0.646464096399782,-1.55922795875568,1.76878807399101));
#6515=CARTESIAN_POINT('',(-0.0414501821734347,-1.6873742653179,1.77936355323143));
#6516=CARTESIAN_POINT('',(0.568862586438034,-1.58901098424317,1.78998641267281));
#6517=CARTESIAN_POINT('',(1.10278715830941,-1.27756668893981,1.80045632805708));
#6518=CARTESIAN_POINT('',(1.48862946335396,-0.794945475869342,1.81096222631151));
#6519=CARTESIAN_POINT('',(1.67491237907641,-0.205826310583777,1.82151900955022));
#6520=CARTESIAN_POINT('',(1.63670313753088,0.410638097747208,1.83204435900122));
#6521=CARTESIAN_POINT('',(1.37923464025676,0.972099063136419,1.8425768183813));
#6522=CARTESIAN_POINT('',(0.937136074465599,1.40318677347641,1.85310738340889));
#6523=CARTESIAN_POINT('',(0.369476570367179,1.64640257993522,1.8636384595139));
#6524=CARTESIAN_POINT('',(-0.247531519291111,1.66912856912322,1.87417123119554));
#6525=CARTESIAN_POINT('',(-0.831524877016444,1.46833120907341,1.88473490198103));
#6526=CARTESIAN_POINT('',(-1.30415278985449,1.07096065232536,1.89525533150122));
#6527=CARTESIAN_POINT('',(-1.60224680302695,0.530033050363918,1.90580165232372));
#6528=CARTESIAN_POINT('',(-1.68580675248684,-0.081933231567158,1.91637357926736));
#6529=CARTESIAN_POINT('',(-1.54353684381196,-0.683123356472674,1.92695579461047));
#6530=CARTESIAN_POINT('',(-1.19395283339345,-1.19316273275352,1.93754004858252));
#6531=CARTESIAN_POINT('',(-0.684036262904413,-1.54304562248465,1.94811331951101));
#6532=CARTESIAN_POINT('',(-0.0824965940929047,-1.68576642609608,1.95873643421749));
#6533=CARTESIAN_POINT('',(0.529893670520276,-1.60233542008743,1.969206364626));
#6534=CARTESIAN_POINT('',(1.07114998167934,-1.30408508098741,1.97971220465122));
#6535=CARTESIAN_POINT('',(1.46861284274723,-0.831165402351858,1.99026899431883));
#6536=CARTESIAN_POINT('',(1.66927803363164,-0.246897896389963,2.00079440628886));
#6537=CARTESIAN_POINT('',(1.64626248388597,0.370227248012849,2.01132677184709));
#6538=CARTESIAN_POINT('',(1.40274193050565,0.937804606350794,2.02185739000929));
#6539=CARTESIAN_POINT('',(0.97145602352852,1.37964981416408,2.032388517258));
#6540=CARTESIAN_POINT('',(0.409999451028476,1.63680955291267,2.04292110740941));
#6541=CARTESIAN_POINT('',(-0.206270363765072,1.67478587266456,2.0534928651534));
#6542=CARTESIAN_POINT('',(-0.795060807298602,1.48847420690604,2.06420645709626));
#6543=CARTESIAN_POINT('',(-1.27743024209821,1.10287218564331,2.07461072893185));
#6544=CARTESIAN_POINT('',(-1.58883403756995,0.569409386768164,2.08508823705025));
#6545=CARTESIAN_POINT('',(-1.68747635938593,-0.0404306548755129,2.09571452707971));
#6546=CARTESIAN_POINT('',(-1.55965980940972,-0.64542151669388,2.106288073991));
#6547=CARTESIAN_POINT('',(-1.2224634903022,-1.16384408050971,2.11686355323143));
#6548=CARTESIAN_POINT('',(-0.721353849904616,-1.5258470347719,2.12748641267281));
#6549=CARTESIAN_POINT('',(-0.123587791321352,-1.68316434701341,2.13795632805708));
#6550=CARTESIAN_POINT('',(0.490508651550875,-1.61473132487246,2.14846222631151));
#6551=CARTESIAN_POINT('',(1.03880072117783,-1.32988308109861,2.15901900955022));
#6552=CARTESIAN_POINT('',(1.44768887086798,-0.866958903806788,2.16954435900123));
#6553=CARTESIAN_POINT('',(1.6626440065018,-0.287888327444088,2.1800768183813));
#6554=CARTESIAN_POINT('',(1.65485815594561,0.329547609647275,2.19060738340889));
#6555=CARTESIAN_POINT('',(1.42544181723141,0.902923040439029,2.2011384595139));
#6556=CARTESIAN_POINT('',(1.00522091405107,1.35528334574738,2.21167123119554));
#6557=CARTESIAN_POINT('',(0.45029007570001,1.62624383422729,2.22223490198103));
#6558=CARTESIAN_POINT('',(-0.164891741766232,1.67945882105269,2.23275533150122));
#6559=CARTESIAN_POINT('',(-0.758169615389505,1.50774954372014,2.24330165232373));
#6560=CARTESIAN_POINT('',(-1.24997186923675,1.13410868785968,2.25396809435736));
#6561=CARTESIAN_POINT('',(-1.57451490345869,0.608401481955463,2.26415113802124));
#6562=CARTESIAN_POINT('',(-1.64994619270755,0.201155697290294,2.27205831945281));
#6563=CARTESIAN_POINT('',(-1.65,1.19926902884506E-14,2.275));
#6564=CARTESIAN_POINT('',(1.65,0.,1.075));
#6565=CARTESIAN_POINT('',(1.65005380729245,0.201198968346208,1.07908956945281));
#6566=CARTESIAN_POINT('',(1.57472545826437,0.608160879431642,1.08531775871626));
#6567=CARTESIAN_POINT('',(1.2503915023931,1.13344929703741,1.0963689593731));
#6568=CARTESIAN_POINT('',(0.758369349492182,1.50769353367715,1.10671411820336));
#6569=CARTESIAN_POINT('',(0.164620430890391,1.6794891303941,1.11723038118727));
#6570=CARTESIAN_POINT('',(-0.450784795062542,1.62615855283149,1.12779024300559));
#6571=CARTESIAN_POINT('',(-1.00583991032685,1.35480610602868,1.13829487729298));
#6572=CARTESIAN_POINT('',(-1.42594516651331,0.90220086023125,1.1488362505882));
#6573=CARTESIAN_POINT('',(-1.65498513389945,0.328621844868929,1.15934566911301));
#6574=CARTESIAN_POINT('',(-1.66249642023396,-0.288770152405216,1.16988586975131));
#6575=CARTESIAN_POINT('',(-1.44725687922521,-0.867538417653818,1.18040192685398));
#6576=CARTESIAN_POINT('',(-1.03835965787293,-1.33020448148202,1.19097828480989));
#6577=CARTESIAN_POINT('',(-0.490369282700598,-1.61475822648874,1.2017520379982));
#6578=CARTESIAN_POINT('',(0.123439443034666,-1.6831698085106,1.21211933829229));
#6579=CARTESIAN_POINT('',(0.720685018809158,-1.5262997144392,1.22257384157333));
#6580=CARTESIAN_POINT('',(1.22172188201592,-1.16473273720381,1.2332023730437));
#6581=CARTESIAN_POINT('',(1.55921303064599,-0.646696043042647,1.24381152048793));
#6582=CARTESIAN_POINT('',(1.68728667985296,-0.0417128801872002,1.25436965879291));
#6583=CARTESIAN_POINT('',(1.58903933436108,0.568874136188695,1.26504352864885));
#6584=CARTESIAN_POINT('',(1.27757427555981,1.10269553341798,1.27548950603119));
#6585=CARTESIAN_POINT('',(0.79484715866287,1.48862560625502,1.28597407043451));
#6586=CARTESIAN_POINT('',(0.20577468711437,1.67489844137585,1.29654180297867));
#6587=CARTESIAN_POINT('',(-0.410748561738031,1.63660300413431,1.30704443542018));
#6588=CARTESIAN_POINT('',(-0.972201671732847,1.37917807077627,1.31758638199116));
#6589=CARTESIAN_POINT('',(-1.40320941540384,0.936995303409133,1.3280956339758));
#6590=CARTESIAN_POINT('',(-1.64646764350885,0.369359436036987,1.33863583319808));
#6591=CARTESIAN_POINT('',(-1.66909558930863,-0.247601953754276,1.34915133009282));
#6592=CARTESIAN_POINT('',(-1.46833439602195,-0.831626996458886,1.35972031683762));
#6593=CARTESIAN_POINT('',(-1.07101497555759,-1.30415520017464,1.37023208664166));
#6594=CARTESIAN_POINT('',(-0.530042390194832,-1.60227965101415,1.38078844365053));
#6595=CARTESIAN_POINT('',(0.0817169735505928,-1.68592843563259,1.39136388522597));
#6596=CARTESIAN_POINT('',(0.682999047013142,-1.54358927204112,1.40193704293709));
#6597=CARTESIAN_POINT('',(1.19306160433359,-1.19415988873182,1.41256509671711));
#6598=CARTESIAN_POINT('',(1.54286203507206,-0.684247327136455,1.42311920948324));
#6599=CARTESIAN_POINT('',(1.6857979080725,-0.0824947874574837,1.43379356905182));
#6600=CARTESIAN_POINT('',(1.60230635162865,0.529804052504136,1.44423964049217));
#6601=CARTESIAN_POINT('',(1.3039928959491,1.07118596988636,1.45472400061507));
#6602=CARTESIAN_POINT('',(0.831112126759594,1.46861773016071,1.46529183954334));
#6603=CARTESIAN_POINT('',(0.246757020332523,1.66922955496487,1.47579447815855));
#6604=CARTESIAN_POINT('',(-0.370343314816613,1.64624765589888,1.48633635037181));
#6605=CARTESIAN_POINT('',(-0.937880434931186,1.40262199269726,1.49684564416711));
#6606=CARTESIAN_POINT('',(-1.37975383568059,0.971371147775494,1.50738587598779));
#6607=CARTESIAN_POINT('',(-1.63680744891569,0.409922858281249,1.51790192529486));
#6608=CARTESIAN_POINT('',(-1.67482776525471,-0.20636545455945,1.52847828519967));
#6609=CARTESIAN_POINT('',(-1.48854993684975,-0.79506304666095,1.53925203790076));
#6610=CARTESIAN_POINT('',(-1.1028959182907,-1.27746565276773,1.54961933831665));
#6611=CARTESIAN_POINT('',(-0.569655614293519,-1.58885814209113,1.56007384156724));
#6612=CARTESIAN_POINT('',(0.0402974107481502,-1.68747824424708,1.57070237304522));
#6613=CARTESIAN_POINT('',(0.645246949882866,-1.55981326468546,1.58131152048755));
#6614=CARTESIAN_POINT('',(1.16359639268641,-1.22258731357315,1.59186965879301));
#6615=CARTESIAN_POINT('',(1.52587524823958,-0.721365729558177,1.60254352864883));
#6616=CARTESIAN_POINT('',(1.68310492298179,-0.123657944453872,1.6129895060312));
#6617=CARTESIAN_POINT('',(1.61465907672823,0.490575444933479,1.6234740704345));
#6618=CARTESIAN_POINT('',(1.32983672235075,1.03882736904052,1.63404180297866));
#6619=CARTESIAN_POINT('',(0.866809988966089,1.44769617570122,1.64454443542018));
#6620=CARTESIAN_POINT('',(0.287775771546463,1.66267656107288,1.65508638199116));
#6621=CARTESIAN_POINT('',(-0.329663160076338,1.65477462603741,1.6655956339758));
#6622=CARTESIAN_POINT('',(-0.903051873812378,1.42540499764631,1.67613583319808));
#6623=CARTESIAN_POINT('',(-1.35530983018338,1.005147789114,1.68665133009282));
#6624=CARTESIAN_POINT('',(-1.62631829709046,0.45022011986268,1.69722031683762));
#6625=CARTESIAN_POINT('',(-1.67949893773231,-0.164855033794082,1.70773208664166));
#6626=CARTESIAN_POINT('',(-1.50777937501242,-0.758186238166221,1.71828844365053));
#6627=CARTESIAN_POINT('',(-1.13434880329537,-1.24991405556669,1.72886388522597));
#6628=CARTESIAN_POINT('',(-0.608529183940163,-1.57443569931401,1.73943704293709));
#6629=CARTESIAN_POINT('',(-0.000776604345685821,-1.68802050594083,1.75006509671711));
#6630=CARTESIAN_POINT('',(0.607132282407781,-1.57480413246169,1.76061920948324));
#6631=CARTESIAN_POINT('',(1.13370650888442,-1.2503717561319,1.77129356905182));
#6632=CARTESIAN_POINT('',(1.50762972500068,-0.758373648549099,1.78173964049217));
#6633=CARTESIAN_POINT('',(1.67950508256322,-0.164619356126161,1.79222400061507));
#6634=CARTESIAN_POINT('',(1.62615457672551,0.450784535209344,1.80279183954334));
#6635=CARTESIAN_POINT('',(1.35480710005517,1.00583997529016,1.81329447815855));
#6636=CARTESIAN_POINT('',(0.902200611724632,1.42594515027248,1.82383635037181));
#6637=CARTESIAN_POINT('',(0.328621906995586,1.65498513795965,1.83434564416711));
#6638=CARTESIAN_POINT('',(-0.288770167936882,1.66249641921891,1.84488587598779));
#6639=CARTESIAN_POINT('',(-0.867538413770898,1.44725687947897,1.85540192529486));
#6640=CARTESIAN_POINT('',(-1.33020448245275,1.03835965780949,1.86597828519967));
#6641=CARTESIAN_POINT('',(-1.61475822624606,0.490369282716448,1.87675203790076));
#6642=CARTESIAN_POINT('',(-1.68316980857127,-0.123439443038627,1.88711933831666));
#6643=CARTESIAN_POINT('',(-1.52629971442404,-0.720685018808155,1.89757384156723));
#6644=CARTESIAN_POINT('',(-1.1647327372076,-1.22172188201617,1.90820237304522));
#6645=CARTESIAN_POINT('',(-0.6466960430417,-1.55921303064593,1.91881152048755));
#6646=CARTESIAN_POINT('',(-0.0417128801874484,-1.68728667985298,1.92936965879301));
#6647=CARTESIAN_POINT('',(0.568874136188758,-1.58903933436108,1.94004352864883));
#6648=CARTESIAN_POINT('',(1.10269553341796,-1.27757427555982,1.9504895060312));
#6649=CARTESIAN_POINT('',(1.48862560625502,-0.794847158662865,1.9609740704345));
#6650=CARTESIAN_POINT('',(1.67489844137584,-0.205774687114372,1.97154180297867));
#6651=CARTESIAN_POINT('',(1.63660300413432,0.410748561738017,1.98204443542017));
#6652=CARTESIAN_POINT('',(1.37917807077627,0.972201671732847,1.99258638199116));
#6653=CARTESIAN_POINT('',(0.936995303409132,1.40320941540384,2.0030956339758));
#6654=CARTESIAN_POINT('',(0.369359436036969,1.64646764350885,2.01363583319808));
#6655=CARTESIAN_POINT('',(-0.247601953754274,1.66909558930863,2.02415133009282));
#6656=CARTESIAN_POINT('',(-0.831626996458877,1.46833439602195,2.03472031683762));
#6657=CARTESIAN_POINT('',(-1.30415520017463,1.07101497555761,2.04523208664166));
#6658=CARTESIAN_POINT('',(-1.60227965101415,0.530042390194841,2.05578844365053));
#6659=CARTESIAN_POINT('',(-1.68592843563259,-0.0817169735505738,2.06636388522597));
#6660=CARTESIAN_POINT('',(-1.54358927204112,-0.682999047013154,2.07693704293709));
#6661=CARTESIAN_POINT('',(-1.19415988873182,-1.19306160433359,2.08756509671711));
#6662=CARTESIAN_POINT('',(-0.684247327136459,-1.54286203507206,2.09811920948324));
#6663=CARTESIAN_POINT('',(-0.0824947874574823,-1.6857979080725,2.10879356905182));
#6664=CARTESIAN_POINT('',(0.529804052504118,-1.60230635162865,2.11923964049217));
#6665=CARTESIAN_POINT('',(1.07118596988636,-1.30399289594909,2.12972400061507));
#6666=CARTESIAN_POINT('',(1.46861773016071,-0.831112126759593,2.14029183954334));
#6667=CARTESIAN_POINT('',(1.66922955496487,-0.246757020332517,2.15079447815855));
#6668=CARTESIAN_POINT('',(1.64624765589888,0.370343314816604,2.16133635037181));
#6669=CARTESIAN_POINT('',(1.40262199269726,0.937880434931188,2.17184564416711));
#6670=CARTESIAN_POINT('',(0.971371147775499,1.37975383568058,2.18238587598779));
#6671=CARTESIAN_POINT('',(0.409922858281231,1.63680744891569,2.19290192529486));
#6672=CARTESIAN_POINT('',(-0.206365454559446,1.67482776525471,2.20347828519967));
#6673=CARTESIAN_POINT('',(-0.795063046660961,1.48854993684974,2.21425203790075));
#6674=CARTESIAN_POINT('',(-1.27746565276771,1.1028959182907,2.22461933831666));
#6675=CARTESIAN_POINT('',(-1.58885814209113,0.569655614293538,2.23507384156723));
#6676=CARTESIAN_POINT('',(-1.68747824424708,-0.0402974107481685,2.24570237304522));
#6677=CARTESIAN_POINT('',(-1.55981326468546,-0.645246949882871,2.25631152048755));
#6678=CARTESIAN_POINT('',(-1.22258731357313,-1.16359639268642,2.26686965879301));
#6679=CARTESIAN_POINT('',(-0.721365729558176,-1.52587524823958,2.27754352864883));
#6680=CARTESIAN_POINT('',(-0.123657944453875,-1.68310492298179,2.2879895060312));
#6681=CARTESIAN_POINT('',(0.490575444933469,-1.61465907672824,2.2984740704345));
#6682=CARTESIAN_POINT('',(1.03882736904053,-1.32983672235075,2.30904180297867));
#6683=CARTESIAN_POINT('',(1.44769617570123,-0.866809988966076,2.31954443542018));
#6684=CARTESIAN_POINT('',(1.66267656107287,-0.28777577154648,2.33008638199116));
#6685=CARTESIAN_POINT('',(1.65477462603741,0.329663160076318,2.3405956339758));
#6686=CARTESIAN_POINT('',(1.42540499764633,0.903051873812352,2.35113583319808));
#6687=CARTESIAN_POINT('',(1.00514778911401,1.35530983018337,2.36165133009282));
#6688=CARTESIAN_POINT('',(0.450220119862696,1.62631829709045,2.37222031683762));
#6689=CARTESIAN_POINT('',(-0.164855033794054,1.67949893773231,2.38273208664166));
#6690=CARTESIAN_POINT('',(-0.758186238166225,1.50777937501242,2.39328844365053));
#6691=CARTESIAN_POINT('',(-1.24992176378941,1.13435134242655,2.40396313775353));
#6692=CARTESIAN_POINT('',(-1.57440654963581,0.608524693814599,2.41414139306005));
#6693=CARTESIAN_POINT('',(-1.65005380729245,0.201155862029899,2.42205831945281));
#6694=CARTESIAN_POINT('',(-1.65,1.19926902884506E-14,2.425));
#6695=CARTESIAN_POINT('',(-1.65,-3.,0.775));
#6696=CARTESIAN_POINT('',(-1.65,3.,0.775));
#6697=CARTESIAN_POINT('',(-1.65,3.15,0.775));
#6698=CARTESIAN_POINT('',(-3.25,3.15,0.775));
#6699=CARTESIAN_POINT('',(-3.25,3.15,0.775));
#6700=CARTESIAN_POINT('',(-3.25,-3.,0.775));
#6701=CARTESIAN_POINT('',(-3.25,3.,0.775));
#6702=CARTESIAN_POINT('',(-3.25,3.,0.775));
#6703=CARTESIAN_POINT('',(-3.25,-3.,0.775));
#6704=CARTESIAN_POINT('',(-3.25,3.,-0.0249999999999998));
#6705=CARTESIAN_POINT('',(-3.25,3.,0.125));
#6706=CARTESIAN_POINT('',(-1.65,3.,0.125));
#6707=CARTESIAN_POINT('',(-1.65,3.,0.125));
#6708=CARTESIAN_POINT('',(-1.65,3.,-0.0249999999999998));
#6709=CARTESIAN_POINT('',(-3.25,3.,-0.0249999999999998));
#6710=CARTESIAN_POINT('',(-3.25,-3.15,-0.175));
#6711=CARTESIAN_POINT('',(-3.25,-3.,-0.175));
#6712=CARTESIAN_POINT('',(-3.25,3.,-0.175));
#6713=CARTESIAN_POINT('',(-1.65,3.,-0.175));
#6714=CARTESIAN_POINT('',(-1.65,3.,-0.175));
#6715=CARTESIAN_POINT('',(-1.65,-3.15,-0.175));
#6716=CARTESIAN_POINT('',(-1.65,-3.,-0.175));
#6717=CARTESIAN_POINT('',(-3.25,-3.,-0.175));
#6718=CARTESIAN_POINT('',(-1.65,-3.15,-0.175));
#6719=CARTESIAN_POINT('',(-3.25,-3.,2.275));
#6720=CARTESIAN_POINT('',(-3.25,-3.,2.125));
#6721=CARTESIAN_POINT('',(-3.25,-3.,0.125));
#6722=CARTESIAN_POINT('',(-1.65,-3.,2.125));
#6723=CARTESIAN_POINT('',(-1.65,-3.,2.125));
#6724=CARTESIAN_POINT('',(-1.65,-3.,2.275));
#6725=CARTESIAN_POINT('',(-1.65,-3.,0.125));
#6726=CARTESIAN_POINT('',(-3.25,-3.,0.125));
#6727=CARTESIAN_POINT('',(-3.25,-3.,2.275));
#6728=CARTESIAN_POINT('',(-3.25,0.,2.425));
#6729=CARTESIAN_POINT('',(-3.25,0.,2.425));
#6730=CARTESIAN_POINT('',(-1.65,0.,2.425));
#6731=CARTESIAN_POINT('',(-1.65,0.,2.425));
#6732=CARTESIAN_POINT('',(-1.65,0.,2.275));
#6733=CARTESIAN_POINT('',(-1.65,0.,2.275));
#6734=CARTESIAN_POINT('',(-3.25,0.,2.275));
#6735=CARTESIAN_POINT('',(-3.25,0.,2.275));
#6736=CARTESIAN_POINT('',(0.,0.,0.));
#6737=CARTESIAN_POINT('',(-1.65,-3.15,2.425));
#6738=CARTESIAN_POINT('',(-1.65,-3.15,2.275));
#6739=CARTESIAN_POINT('',(-1.65,-3.15,-0.0249999999999998));
#6740=CARTESIAN_POINT('',(-3.25,-3.15,2.275));
#6741=CARTESIAN_POINT('',(-3.25,-3.15,2.275));
#6742=CARTESIAN_POINT('',(-3.25,-3.15,2.275));
#6743=CARTESIAN_POINT('',(-3.25,-3.15,-0.0249999999999998));
#6744=CARTESIAN_POINT('',(-1.65,-3.15,-0.0249999999999998));
#6745=CARTESIAN_POINT('',(0.,-3.15,0.));
#6746=CARTESIAN_POINT('',(-3.25,-3.,2.275));
#6747=CARTESIAN_POINT('',(-3.25,-3.,2.425));
#6748=CARTESIAN_POINT('',(-3.25,-3.15,2.425));
#6749=CARTESIAN_POINT('',(-3.25,-3.15,2.275));
#6750=CARTESIAN_POINT('',(-3.25,-2.85,2.275));
#6751=CARTESIAN_POINT('',(-3.25,-2.85,2.125));
#6752=CARTESIAN_POINT('',(-3.25,-2.85,0.125));
#6753=CARTESIAN_POINT('',(-3.25,-2.85,-0.0249999999999998));
#6754=CARTESIAN_POINT('',(-3.25,-3.,-0.0249999999999998));
#6755=CARTESIAN_POINT('',(-3.25,2.85,-0.0249999999999998));
#6756=CARTESIAN_POINT('',(-3.25,2.85,0.125));
#6757=CARTESIAN_POINT('',(-3.25,3.15,2.275));
#6758=CARTESIAN_POINT('',(-3.25,3.15,-0.0249999999999998));
#6759=CARTESIAN_POINT('',(-3.25,3.,-0.0249999999999998));
#6760=CARTESIAN_POINT('',(-3.25,-3.,-0.0249999999999998));
#6761=CARTESIAN_POINT('',(-3.25,-3.15,2.275));
#6762=CARTESIAN_POINT('',(-1.65,-3.15,2.275));
#6763=CARTESIAN_POINT('',(-1.65,-2.85,2.275));
#6764=CARTESIAN_POINT('',(-3.25,-2.85,2.275));
#6765=CARTESIAN_POINT('',(-1.65,-3.15,2.275));
#6766=CARTESIAN_POINT('',(-1.65,-3.15,2.425));
#6767=CARTESIAN_POINT('',(-1.65,-3.,2.425));
#6768=CARTESIAN_POINT('',(-1.65,-3.,2.275));
#6769=CARTESIAN_POINT('',(-1.65,-3.,-0.0249999999999998));
#6770=CARTESIAN_POINT('',(-1.65,3.,-0.0249999999999998));
#6771=CARTESIAN_POINT('',(-1.65,3.15,-0.0249999999999998));
#6772=CARTESIAN_POINT('',(-1.65,3.15,2.275));
#6773=CARTESIAN_POINT('',(-1.65,2.85,0.125));
#6774=CARTESIAN_POINT('',(-1.65,2.85,-0.0249999999999998));
#6775=CARTESIAN_POINT('',(-1.65,-3.,-0.0249999999999998));
#6776=CARTESIAN_POINT('',(-1.65,-2.85,-0.0249999999999998));
#6777=CARTESIAN_POINT('',(-1.65,-2.85,0.125));
#6778=CARTESIAN_POINT('',(-1.65,-2.85,2.125));
#6779=CARTESIAN_POINT('',(-1.65,-3.15,2.425));
#6780=CARTESIAN_POINT('',(-1.65,-3.,2.425));
#6781=CARTESIAN_POINT('',(-3.25,-3.15,2.425));
#6782=CARTESIAN_POINT('',(-1.65,-2.85,-0.0249999999999998));
#6783=CARTESIAN_POINT('',(-3.25,2.85,-0.0249999999999998));
#6784=CARTESIAN_POINT('',(-3.25,-3.,-0.0249999999999998));
#6785=CARTESIAN_POINT('',(-3.25,3.15,-0.0249999999999998));
#6786=CARTESIAN_POINT('',(-3.25,3.15,2.275));
#6787=CARTESIAN_POINT('',(-3.25,3.,-0.0249999999999998));
#6788=CARTESIAN_POINT('',(-1.65,-3.,-0.0249999999999998));
#6789=CARTESIAN_POINT('',(-3.25,-3.,2.275));
#6790=CARTESIAN_POINT('',(-3.25,-2.85,2.125));
#6791=CARTESIAN_POINT('',(-3.25,-2.85,0.125));
#6792=CARTESIAN_POINT('',(-3.25,2.85,0.125));
#6793=CARTESIAN_POINT('',(3.25,-3.,0.775));
#6794=CARTESIAN_POINT('',(3.25,3.,0.775));
#6795=CARTESIAN_POINT('',(3.25,3.15,0.775));
#6796=CARTESIAN_POINT('',(1.65,3.15,0.775));
#6797=CARTESIAN_POINT('',(1.65,3.15,0.775));
#6798=CARTESIAN_POINT('',(1.65,-3.,0.775));
#6799=CARTESIAN_POINT('',(1.65,3.,0.775));
#6800=CARTESIAN_POINT('',(1.65,3.,0.775));
#6801=CARTESIAN_POINT('',(1.65,-3.,0.775));
#6802=CARTESIAN_POINT('',(1.65,3.,-0.0250000000000001));
#6803=CARTESIAN_POINT('',(1.65,3.,0.125));
#6804=CARTESIAN_POINT('',(3.25,3.,0.125));
#6805=CARTESIAN_POINT('',(3.25,3.,0.125));
#6806=CARTESIAN_POINT('',(3.25,3.,-0.0250000000000001));
#6807=CARTESIAN_POINT('',(1.65,3.,-0.0250000000000001));
#6808=CARTESIAN_POINT('',(3.25,-3.15,-0.175));
#6809=CARTESIAN_POINT('',(3.25,3.,-0.175));
#6810=CARTESIAN_POINT('',(3.25,-3.,-0.175));
#6811=CARTESIAN_POINT('',(1.65,-3.,-0.175));
#6812=CARTESIAN_POINT('',(1.65,-3.,-0.175));
#6813=CARTESIAN_POINT('',(1.65,-3.15,-0.175));
#6814=CARTESIAN_POINT('',(1.65,3.,-0.175));
#6815=CARTESIAN_POINT('',(3.25,3.,-0.175));
#6816=CARTESIAN_POINT('',(3.25,-3.15,-0.175));
#6817=CARTESIAN_POINT('',(3.25,-3.,0.925));
#6818=CARTESIAN_POINT('',(3.25,-3.,0.775));
#6819=CARTESIAN_POINT('',(3.25,-3.,0.125));
#6820=CARTESIAN_POINT('',(1.65,-3.,0.125));
#6821=CARTESIAN_POINT('',(1.65,-3.,0.125));
#6822=CARTESIAN_POINT('',(1.65,-3.,0.925));
#6823=CARTESIAN_POINT('',(1.65,-3.,0.775));
#6824=CARTESIAN_POINT('',(3.25,-3.,0.775));
#6825=CARTESIAN_POINT('',(1.65,-3.,0.925));
#6826=CARTESIAN_POINT('',(1.65,0.,0.925));
#6827=CARTESIAN_POINT('',(1.65,0.,0.925));
#6828=CARTESIAN_POINT('',(1.65,0.,1.075));
#6829=CARTESIAN_POINT('',(1.65,0.,1.075));
#6830=CARTESIAN_POINT('',(3.25,0.,1.075));
#6831=CARTESIAN_POINT('',(3.25,0.,1.075));
#6832=CARTESIAN_POINT('',(3.25,0.,0.925));
#6833=CARTESIAN_POINT('',(3.25,0.,0.925));
#6834=CARTESIAN_POINT('',(0.,0.,0.));
#6835=CARTESIAN_POINT('',(1.65,-3.15,0.925));
#6836=CARTESIAN_POINT('',(1.65,-3.15,-0.0250000000000001));
#6837=CARTESIAN_POINT('',(1.65,-3.15,1.075));
#6838=CARTESIAN_POINT('',(3.25,-3.15,-0.025));
#6839=CARTESIAN_POINT('',(3.25,-3.15,-0.0250000000000001));
#6840=CARTESIAN_POINT('',(3.25,-3.15,1.075));
#6841=CARTESIAN_POINT('',(3.25,-3.15,1.075));
#6842=CARTESIAN_POINT('',(1.65,-3.15,1.075));
#6843=CARTESIAN_POINT('',(0.,-3.15,0.));
#6844=CARTESIAN_POINT('',(3.25,-3.15,0.925));
#6845=CARTESIAN_POINT('',(3.25,-2.85,0.925));
#6846=CARTESIAN_POINT('',(1.65,-2.85,0.925));
#6847=CARTESIAN_POINT('',(1.65,-2.85,0.925));
#6848=CARTESIAN_POINT('',(1.65,-3.15,0.925));
#6849=CARTESIAN_POINT('',(3.25,-3.15,0.925));
#6850=CARTESIAN_POINT('',(3.25,-3.,-0.025));
#6851=CARTESIAN_POINT('',(3.25,3.,-0.0250000000000001));
#6852=CARTESIAN_POINT('',(3.25,3.15,-0.0250000000000001));
#6853=CARTESIAN_POINT('',(3.25,3.15,0.925));
#6854=CARTESIAN_POINT('',(3.25,2.85,0.125));
#6855=CARTESIAN_POINT('',(3.25,2.85,-0.025));
#6856=CARTESIAN_POINT('',(3.25,-3.,-0.025));
#6857=CARTESIAN_POINT('',(3.25,-2.85,-0.025));
#6858=CARTESIAN_POINT('',(3.25,-2.85,0.125));
#6859=CARTESIAN_POINT('',(3.25,-2.85,0.775));
#6860=CARTESIAN_POINT('',(3.25,-3.15,1.075));
#6861=CARTESIAN_POINT('',(3.25,-3.15,1.075));
#6862=CARTESIAN_POINT('',(1.65,-3.15,1.075));
#6863=CARTESIAN_POINT('',(1.65,-3.15,1.075));
#6864=CARTESIAN_POINT('',(1.65,-3.,-0.025));
#6865=CARTESIAN_POINT('',(1.65,-2.85,0.775));
#6866=CARTESIAN_POINT('',(1.65,-2.85,0.125));
#6867=CARTESIAN_POINT('',(1.65,-2.85,-0.0250000000000001));
#6868=CARTESIAN_POINT('',(1.65,-3.,-0.0250000000000001));
#6869=CARTESIAN_POINT('',(1.65,2.85,-0.0250000000000001));
#6870=CARTESIAN_POINT('',(1.65,2.85,0.125));
#6871=CARTESIAN_POINT('',(1.65,3.15,0.925));
#6872=CARTESIAN_POINT('',(1.65,3.15,-0.0250000000000001));
#6873=CARTESIAN_POINT('',(1.65,3.,-0.0250000000000001));
#6874=CARTESIAN_POINT('',(1.65,-3.15,0.925));
#6875=CARTESIAN_POINT('',(1.65,2.85,-0.0250000000000001));
#6876=CARTESIAN_POINT('',(3.25,-2.85,-0.0250000000000001));
#6877=CARTESIAN_POINT('',(1.65,-3.,-0.0250000000000001));
#6878=CARTESIAN_POINT('',(1.65,3.15,-0.0250000000000001));
#6879=CARTESIAN_POINT('',(1.65,3.15,0.925));
#6880=CARTESIAN_POINT('',(3.25,-3.,-0.025));
#6881=CARTESIAN_POINT('',(1.65,3.,-0.0250000000000001));
#6882=CARTESIAN_POINT('',(1.65,2.85,0.125));
#6883=CARTESIAN_POINT('',(1.65,-2.85,0.125));
#6884=CARTESIAN_POINT('',(1.65,-2.85,0.775));
#6885=CARTESIAN_POINT('',(-3.3,-2.7,0.));
#6886=CARTESIAN_POINT('',(-3.3,-2.7,0.));
#6887=CARTESIAN_POINT('',(-3.3,2.7,0.));
#6888=CARTESIAN_POINT('',(-3.1,-2.7,0.));
#6889=CARTESIAN_POINT('',(-3.1,-2.9,0.));
#6890=CARTESIAN_POINT('',(-1.5,-2.9,0.));
#6891=CARTESIAN_POINT('',(-1.5,-2.9,0.));
#6892=CARTESIAN_POINT('',(-1.5,-2.90231443580777,0.));
#6893=CARTESIAN_POINT('',(-1.5,-2.90231443580777,0.));
#6894=CARTESIAN_POINT('',(-1.32813115937974,-3.2,0.));
#6895=CARTESIAN_POINT('',(-1.32813115937974,-3.2,0.));
#6896=CARTESIAN_POINT('',(1.32813115937974,-3.2,0.));
#6897=CARTESIAN_POINT('',(1.32813115937974,-3.2,0.));
#6898=CARTESIAN_POINT('',(1.5,-2.90231443580777,0.));
#6899=CARTESIAN_POINT('',(1.5,-2.90231443580775,0.));
#6900=CARTESIAN_POINT('',(1.5,-2.9,0.));
#6901=CARTESIAN_POINT('',(1.5,-2.9,0.));
#6902=CARTESIAN_POINT('',(3.1,-2.9,0.));
#6903=CARTESIAN_POINT('',(3.1,-2.9,0.));
#6904=CARTESIAN_POINT('',(3.1,-2.7,0.));
#6905=CARTESIAN_POINT('',(3.3,-2.7,0.));
#6906=CARTESIAN_POINT('',(3.3,2.7,0.));
#6907=CARTESIAN_POINT('',(3.3,2.7,0.));
#6908=CARTESIAN_POINT('',(3.1,2.7,0.));
#6909=CARTESIAN_POINT('',(3.1,2.9,0.));
#6910=CARTESIAN_POINT('',(1.5,2.9,0.));
#6911=CARTESIAN_POINT('',(1.5,2.9,0.));
#6912=CARTESIAN_POINT('',(1.5,2.90231443580775,0.));
#6913=CARTESIAN_POINT('',(1.5,2.90231443580777,0.));
#6914=CARTESIAN_POINT('',(1.32813115937974,3.2,0.));
#6915=CARTESIAN_POINT('',(1.32813115937974,3.2,0.));
#6916=CARTESIAN_POINT('',(-1.32813115937974,3.2,0.));
#6917=CARTESIAN_POINT('',(-1.32813115937974,3.2,0.));
#6918=CARTESIAN_POINT('',(-1.5,2.90231443580777,0.));
#6919=CARTESIAN_POINT('',(-1.5,2.90231443580777,0.));
#6920=CARTESIAN_POINT('',(-1.5,2.9,0.));
#6921=CARTESIAN_POINT('',(-1.5,2.9,0.));
#6922=CARTESIAN_POINT('',(-3.1,2.9,0.));
#6923=CARTESIAN_POINT('',(-3.1,2.9,0.));
#6924=CARTESIAN_POINT('',(-3.1,2.7,0.));
#6925=CARTESIAN_POINT('',(-3.8,-3.7,0.));
#6926=CARTESIAN_POINT('',(-3.8,-3.7,0.));
#6927=CARTESIAN_POINT('',(-3.8,3.7,0.));
#6928=CARTESIAN_POINT('',(-3.6,3.7,0.));
#6929=CARTESIAN_POINT('',(-3.6,3.9,0.));
#6930=CARTESIAN_POINT('',(-3.6,3.9,0.));
#6931=CARTESIAN_POINT('',(3.6,3.9,0.));
#6932=CARTESIAN_POINT('',(3.6,3.7,0.));
#6933=CARTESIAN_POINT('',(3.8,3.7,0.));
#6934=CARTESIAN_POINT('',(3.8,3.7,0.));
#6935=CARTESIAN_POINT('',(3.8,-3.7,0.));
#6936=CARTESIAN_POINT('',(3.6,-3.7,0.));
#6937=CARTESIAN_POINT('',(3.6,-3.9,0.));
#6938=CARTESIAN_POINT('',(3.6,-3.9,0.));
#6939=CARTESIAN_POINT('',(-3.6,-3.9,0.));
#6940=CARTESIAN_POINT('',(-3.6,-3.7,0.));
#6941=CARTESIAN_POINT('',(-3.6,3.7,0.));
#6942=CARTESIAN_POINT('',(-3.8,-3.7,2.8));
#6943=CARTESIAN_POINT('',(-3.8,-3.7,2.8));
#6944=CARTESIAN_POINT('',(-3.8,3.7,2.8));
#6945=CARTESIAN_POINT('',(-3.6,-3.7,2.8));
#6946=CARTESIAN_POINT('',(-3.6,-3.9,2.8));
#6947=CARTESIAN_POINT('',(3.6,-3.9,2.8));
#6948=CARTESIAN_POINT('',(3.6,-3.9,2.8));
#6949=CARTESIAN_POINT('',(3.6,-3.7,2.8));
#6950=CARTESIAN_POINT('',(3.8,-3.7,2.8));
#6951=CARTESIAN_POINT('',(3.8,3.7,2.8));
#6952=CARTESIAN_POINT('',(3.8,3.7,2.8));
#6953=CARTESIAN_POINT('',(3.6,3.7,2.8));
#6954=CARTESIAN_POINT('',(3.6,3.9,2.8));
#6955=CARTESIAN_POINT('',(-3.6,3.9,2.8));
#6956=CARTESIAN_POINT('',(-3.6,3.9,2.8));
#6957=CARTESIAN_POINT('',(-3.6,3.7,2.8));
#6958=CARTESIAN_POINT('',(-3.6,3.7,2.8));
#6959=CARTESIAN_POINT('',(-3.6,-3.9,2.8));
#6960=CARTESIAN_POINT('',(-3.8,-3.7,2.8));
#6961=CARTESIAN_POINT('',(-3.6,-3.7,2.8));
#6962=CARTESIAN_POINT('',(3.6,-3.9,2.8));
#6963=CARTESIAN_POINT('',(3.6,-3.9,2.8));
#6964=CARTESIAN_POINT('',(3.8,-3.7,2.8));
#6965=CARTESIAN_POINT('',(3.6,-3.7,2.8));
#6966=CARTESIAN_POINT('',(3.8,3.7,2.8));
#6967=CARTESIAN_POINT('',(3.8,3.7,2.8));
#6968=CARTESIAN_POINT('',(3.6,3.9,2.8));
#6969=CARTESIAN_POINT('',(3.6,3.7,2.8));
#6970=CARTESIAN_POINT('',(-3.6,3.9,2.8));
#6971=CARTESIAN_POINT('',(-3.6,3.9,2.8));
#6972=CARTESIAN_POINT('',(-3.8,3.7,2.8));
#6973=CARTESIAN_POINT('',(-3.6,3.7,2.8));
#6974=CARTESIAN_POINT('',(-3.8,-3.7,2.8));
#6975=CARTESIAN_POINT('',(-3.3,2.7,0.));
#6976=CARTESIAN_POINT('',(-3.26857130745742,2.7,0.9));
#6977=CARTESIAN_POINT('',(-3.26857130745742,2.7,0.9));
#6978=CARTESIAN_POINT('',(-3.26857130745743,-2.7,0.9));
#6979=CARTESIAN_POINT('',(-3.3,-2.7,1.79621535898483E-17));
#6980=CARTESIAN_POINT('',(-3.3,-2.7,0.));
#6981=CARTESIAN_POINT('',(-3.1,2.9,2.83612951418657E-18));
#6982=CARTESIAN_POINT('',(-3.1,2.86857130745743,0.9));
#6983=CARTESIAN_POINT('',(-3.1,2.7,0.9));
#6984=CARTESIAN_POINT('',(-3.1,2.7,0.));
#6985=CARTESIAN_POINT('',(-1.5,2.9,0.));
#6986=CARTESIAN_POINT('',(-1.46857130745742,2.86857130745743,0.9));
#6987=CARTESIAN_POINT('',(-3.1,2.86857130745743,0.9));
#6988=CARTESIAN_POINT('',(-3.1,2.9,0.));
#6989=CARTESIAN_POINT('',(-1.49999924473746,2.90231423343578,2.16278893595579E-5));
#6990=CARTESIAN_POINT('',(-1.46857130745742,2.89389314302182,0.9));
#6991=CARTESIAN_POINT('',(-1.46857130745742,2.7,0.9));
#6992=CARTESIAN_POINT('',(-1.5,2.9,0.));
#6993=CARTESIAN_POINT('',(-1.32799166139554,3.1997583824038,0.00691902268227603));
#6994=CARTESIAN_POINT('',(-1.30998579528001,3.16857130745743,0.9));
#6995=CARTESIAN_POINT('',(-1.96038667433132,2.0420439396531,0.9));
#6996=CARTESIAN_POINT('',(-1.5,2.90231443580777,0.));
#6997=CARTESIAN_POINT('',(1.32705317678078,3.19813287936892,0.0534673393014277));
#6998=CARTESIAN_POINT('',(1.30998579528001,3.16857130745743,0.9));
#6999=CARTESIAN_POINT('',(-3.1,3.16857130745743,0.9));
#7000=CARTESIAN_POINT('',(-1.32813115937974,3.2,0.));
#7001=CARTESIAN_POINT('',(1.49988782916641,2.90228437972348,0.00321215240173613));
#7002=CARTESIAN_POINT('',(1.46857130745743,2.89389314302181,0.9));
#7003=CARTESIAN_POINT('',(0.410386674331316,4.72672269138486,0.9));
#7004=CARTESIAN_POINT('',(1.32813115937974,3.2,0.));
#7005=CARTESIAN_POINT('',(1.5,2.9,-7.55381168502513E-18));
#7006=CARTESIAN_POINT('',(1.46857130745743,2.86857130745743,0.9));
#7007=CARTESIAN_POINT('',(1.46857130745743,2.7,0.9));
#7008=CARTESIAN_POINT('',(1.5,2.90231443580775,0.));
#7009=CARTESIAN_POINT('',(3.1,2.9,0.));
#7010=CARTESIAN_POINT('',(3.1,2.86857130745743,0.9));
#7011=CARTESIAN_POINT('',(-3.1,2.86857130745743,0.9));
#7012=CARTESIAN_POINT('',(1.5,2.9,0.));
#7013=CARTESIAN_POINT('',(3.3,2.7,2.83612951418657E-18));
#7014=CARTESIAN_POINT('',(3.26857130745743,2.7,0.9));
#7015=CARTESIAN_POINT('',(3.1,2.7,0.9));
#7016=CARTESIAN_POINT('',(3.1,2.7,0.));
#7017=CARTESIAN_POINT('',(3.3,-2.7,-2.40741243048404E-32));
#7018=CARTESIAN_POINT('',(3.26857130745742,-2.7,0.9));
#7019=CARTESIAN_POINT('',(3.26857130745743,2.69999999999999,0.9));
#7020=CARTESIAN_POINT('',(3.3,2.7,0.));
#7021=CARTESIAN_POINT('',(3.1,-2.9,2.83612951418657E-18));
#7022=CARTESIAN_POINT('',(3.1,-2.86857130745743,0.9));
#7023=CARTESIAN_POINT('',(3.1,-2.7,0.9));
#7024=CARTESIAN_POINT('',(3.1,-2.7,0.));
#7025=CARTESIAN_POINT('',(1.5,-2.9,-1.51076233700503E-17));
#7026=CARTESIAN_POINT('',(1.46857130745743,-2.86857130745743,0.9));
#7027=CARTESIAN_POINT('',(-3.1,-2.86857130745743,0.9));
#7028=CARTESIAN_POINT('',(3.1,-2.9,0.));
#7029=CARTESIAN_POINT('',(1.49999924473746,-2.90231423343577,2.16278893594485E-5));
#7030=CARTESIAN_POINT('',(1.46857130745743,-2.89389314302181,0.9));
#7031=CARTESIAN_POINT('',(1.46857130745743,2.7,0.9));
#7032=CARTESIAN_POINT('',(1.5,-2.9,0.));
#7033=CARTESIAN_POINT('',(1.32799166139554,-3.1997583824038,0.00691902268227603));
#7034=CARTESIAN_POINT('',(1.30998579528001,-3.16857130745743,0.9));
#7035=CARTESIAN_POINT('',(2.7486552645493,-0.67672269138487,0.9));
#7036=CARTESIAN_POINT('',(1.5,-2.90231443580777,0.));
#7037=CARTESIAN_POINT('',(-1.32705317678078,-3.19813287936892,0.0534673393014277));
#7038=CARTESIAN_POINT('',(-1.30998579528001,-3.16857130745743,0.9));
#7039=CARTESIAN_POINT('',(-3.1,-3.16857130745743,0.9));
#7040=CARTESIAN_POINT('',(1.32813115937974,-3.2,0.));
#7041=CARTESIAN_POINT('',(-1.4998878291664,-2.90228437972349,0.00321215240173601));
#7042=CARTESIAN_POINT('',(-1.46857130745742,-2.89389314302182,0.9));
#7043=CARTESIAN_POINT('',(-4.29865526454931,2.00795606034689,0.9));
#7044=CARTESIAN_POINT('',(-1.32813115937974,-3.2,0.));
#7045=CARTESIAN_POINT('',(-1.5,-2.9,-2.26614350550754E-16));
#7046=CARTESIAN_POINT('',(-1.46857130745742,-2.86857130745743,0.9));
#7047=CARTESIAN_POINT('',(-1.46857130745742,2.7,0.9));
#7048=CARTESIAN_POINT('',(-1.5,-2.90231443580777,0.));
#7049=CARTESIAN_POINT('',(-3.1,-2.9,0.));
#7050=CARTESIAN_POINT('',(-3.1,-2.86857130745743,0.9));
#7051=CARTESIAN_POINT('',(-3.1,-2.86857130745743,0.9));
#7052=CARTESIAN_POINT('',(-1.5,-2.9,0.));
#7053=CARTESIAN_POINT('',(-3.1,-2.7,0.9));
#7054=CARTESIAN_POINT('',(-3.1,-2.7,0.));
#7055=CARTESIAN_POINT('',(-9.79717439317883E-17,0.,0.9));
#7056=CARTESIAN_POINT('',(-1.6,0.,0.9));
#7057=CARTESIAN_POINT('',(-3.1,2.7,0.9));
#7058=CARTESIAN_POINT('',(-9.79717439317883E-17,0.,2.5));
#7059=CARTESIAN_POINT('',(-1.6,0.,2.5));
#7060=CARTESIAN_POINT('',(-9.79717439317883E-17,0.,0.9));
#7061=CARTESIAN_POINT('',(-3.1,2.7,2.5));
#7062=CARTESIAN_POINT('',(-0.6,0.55168294658024,2.8));
#7063=CARTESIAN_POINT('',(-0.543514965464313,0.55168294658024,2.8));
#7064=CARTESIAN_POINT('',(-0.487029930928626,0.55168294658024,2.8));
#7065=CARTESIAN_POINT('',(-0.430544896392939,0.55168294658024,2.8));
#7066=CARTESIAN_POINT('',(-0.6,0.55168294658024,2.8));
#7067=CARTESIAN_POINT('',(-0.430544896392939,0.55168294658024,2.8));
#7068=CARTESIAN_POINT('',(-0.430544896392939,0.55168294658024,2.81));
#7069=CARTESIAN_POINT('',(-0.430544896392939,0.55168294658024,2.81));
#7070=CARTESIAN_POINT('',(-0.6,0.55168294658024,2.81));
#7071=CARTESIAN_POINT('',(-0.543514965464313,0.55168294658024,2.81));
#7072=CARTESIAN_POINT('',(-0.487029930928626,0.55168294658024,2.81));
#7073=CARTESIAN_POINT('',(-0.430544896392939,0.55168294658024,2.81));
#7074=CARTESIAN_POINT('',(-0.6,0.55168294658024,2.81));
#7075=CARTESIAN_POINT('',(-0.6,0.55168294658024,2.81));
#7076=CARTESIAN_POINT('',(-0.6,0.55168294658024,2.81));
#7077=CARTESIAN_POINT('',(-0.430544896392939,0.55168294658024,2.8));
#7078=CARTESIAN_POINT('',(-0.430544896392939,0.584278239562602,2.8));
#7079=CARTESIAN_POINT('',(-0.430544896392939,0.616873532544964,2.8));
#7080=CARTESIAN_POINT('',(-0.430544896392939,0.649468825527326,2.8));
#7081=CARTESIAN_POINT('',(-0.430544896392939,0.649468825527326,2.8));
#7082=CARTESIAN_POINT('',(-0.430544896392939,0.649468825527326,2.81));
#7083=CARTESIAN_POINT('',(-0.430544896392939,0.649468825527326,2.81));
#7084=CARTESIAN_POINT('',(-0.430544896392939,0.55168294658024,2.81));
#7085=CARTESIAN_POINT('',(-0.430544896392939,0.584278239562602,2.81));
#7086=CARTESIAN_POINT('',(-0.430544896392939,0.616873532544964,2.81));
#7087=CARTESIAN_POINT('',(-0.430544896392939,0.649468825527326,2.81));
#7088=CARTESIAN_POINT('',(-0.430544896392939,0.55168294658024,2.81));
#7089=CARTESIAN_POINT('',(-0.430544896392939,0.649468825527326,2.8));
#7090=CARTESIAN_POINT('',(-0.487029930928626,0.649468825527326,2.8));
#7091=CARTESIAN_POINT('',(-0.543514965464313,0.649468825527326,2.8));
#7092=CARTESIAN_POINT('',(-0.6,0.649468825527326,2.8));
#7093=CARTESIAN_POINT('',(-0.6,0.649468825527326,2.8));
#7094=CARTESIAN_POINT('',(-0.6,0.649468825527326,2.81));
#7095=CARTESIAN_POINT('',(-0.6,0.649468825527326,2.81));
#7096=CARTESIAN_POINT('',(-0.430544896392939,0.649468825527326,2.81));
#7097=CARTESIAN_POINT('',(-0.487029930928626,0.649468825527326,2.81));
#7098=CARTESIAN_POINT('',(-0.543514965464313,0.649468825527326,2.81));
#7099=CARTESIAN_POINT('',(-0.6,0.649468825527326,2.81));
#7100=CARTESIAN_POINT('',(-0.430544896392939,0.649468825527326,2.81));
#7101=CARTESIAN_POINT('',(-0.6,0.649468825527326,2.8));
#7102=CARTESIAN_POINT('',(-0.6,0.616873532544964,2.8));
#7103=CARTESIAN_POINT('',(-0.6,0.584278239562602,2.8));
#7104=CARTESIAN_POINT('',(-0.6,0.55168294658024,2.8));
#7105=CARTESIAN_POINT('',(-0.6,0.649468825527326,2.81));
#7106=CARTESIAN_POINT('',(-0.6,0.616873532544964,2.81));
#7107=CARTESIAN_POINT('',(-0.6,0.584278239562602,2.81));
#7108=CARTESIAN_POINT('',(-0.6,0.55168294658024,2.81));
#7109=CARTESIAN_POINT('',(-0.6,0.649468825527326,2.81));
#7110=CARTESIAN_POINT('',(-0.51527244819647,0.55168294658024,2.81));
#7111=CARTESIAN_POINT('',(-0.51527244819647,0.55168294658024,2.8));
#7112=CARTESIAN_POINT('',(-0.6,-1.91211376172406,2.8));
#7113=CARTESIAN_POINT('',(-0.2,-1.91211376172406,2.8));
#7114=CARTESIAN_POINT('',(0.2,-1.91211376172406,2.8));
#7115=CARTESIAN_POINT('',(0.6,-1.91211376172406,2.8));
#7116=CARTESIAN_POINT('',(-0.6,-1.91211376172406,2.8));
#7117=CARTESIAN_POINT('',(0.6,-1.91211376172406,2.8));
#7118=CARTESIAN_POINT('',(0.6,-1.91211376172406,2.81));
#7119=CARTESIAN_POINT('',(0.6,-1.91211376172406,2.81));
#7120=CARTESIAN_POINT('',(-0.6,-1.91211376172406,2.81));
#7121=CARTESIAN_POINT('',(-0.2,-1.91211376172406,2.81));
#7122=CARTESIAN_POINT('',(0.2,-1.91211376172406,2.81));
#7123=CARTESIAN_POINT('',(0.6,-1.91211376172406,2.81));
#7124=CARTESIAN_POINT('',(-0.6,-1.91211376172406,2.81));
#7125=CARTESIAN_POINT('',(-0.6,-1.91211376172406,2.81));
#7126=CARTESIAN_POINT('',(-0.6,-1.91211376172406,2.81));
#7127=CARTESIAN_POINT('',(0.6,-1.91211376172406,2.8));
#7128=CARTESIAN_POINT('',(0.6,-1.87822823839448,2.8));
#7129=CARTESIAN_POINT('',(0.6,-1.8443427150649,2.8));
#7130=CARTESIAN_POINT('',(0.6,-1.81045719173532,2.8));
#7131=CARTESIAN_POINT('',(0.6,-1.81045719173532,2.8));
#7132=CARTESIAN_POINT('',(0.6,-1.81045719173532,2.81));
#7133=CARTESIAN_POINT('',(0.6,-1.81045719173532,2.81));
#7134=CARTESIAN_POINT('',(0.6,-1.91211376172406,2.81));
#7135=CARTESIAN_POINT('',(0.6,-1.87822823839448,2.81));
#7136=CARTESIAN_POINT('',(0.6,-1.8443427150649,2.81));
#7137=CARTESIAN_POINT('',(0.6,-1.81045719173532,2.81));
#7138=CARTESIAN_POINT('',(0.6,-1.91211376172406,2.81));
#7139=CARTESIAN_POINT('',(0.6,-1.81045719173532,2.8));
#7140=CARTESIAN_POINT('',(0.259452545408033,-1.81045719173532,2.8));
#7141=CARTESIAN_POINT('',(-0.0810949091839345,-1.81045719173532,2.8));
#7142=CARTESIAN_POINT('',(-0.421642363775902,-1.81045719173532,2.8));
#7143=CARTESIAN_POINT('',(-0.421642363775902,-1.81045719173532,2.8));
#7144=CARTESIAN_POINT('',(-0.421642363775902,-1.81045719173532,2.81));
#7145=CARTESIAN_POINT('',(-0.421642363775902,-1.81045719173532,2.81));
#7146=CARTESIAN_POINT('',(0.6,-1.81045719173532,2.81));
#7147=CARTESIAN_POINT('',(0.259452545408033,-1.81045719173532,2.81));
#7148=CARTESIAN_POINT('',(-0.0810949091839345,-1.81045719173532,2.81));
#7149=CARTESIAN_POINT('',(-0.421642363775902,-1.81045719173532,2.81));
#7150=CARTESIAN_POINT('',(0.6,-1.81045719173532,2.81));
#7151=CARTESIAN_POINT('',(-0.421642363775902,-1.81045719173532,2.8));
#7152=CARTESIAN_POINT('',(-0.0810949091839345,-1.73365453264563,2.8));
#7153=CARTESIAN_POINT('',(0.259452545408033,-1.65685187355594,2.8));
#7154=CARTESIAN_POINT('',(0.6,-1.58004921446625,2.8));
#7155=CARTESIAN_POINT('',(0.6,-1.58004921446625,2.8));
#7156=CARTESIAN_POINT('',(0.6,-1.58004921446625,2.81));
#7157=CARTESIAN_POINT('',(0.6,-1.58004921446625,2.81));
#7158=CARTESIAN_POINT('',(-0.421642363775902,-1.81045719173532,2.81));
#7159=CARTESIAN_POINT('',(-0.0810949091839345,-1.73365453264563,2.81));
#7160=CARTESIAN_POINT('',(0.259452545408033,-1.65685187355594,2.81));
#7161=CARTESIAN_POINT('',(0.6,-1.58004921446625,2.81));
#7162=CARTESIAN_POINT('',(-0.421642363775902,-1.81045719173532,2.81));
#7163=CARTESIAN_POINT('',(0.6,-1.58004921446625,2.8));
#7164=CARTESIAN_POINT('',(0.6,-1.5484046175292,2.8));
#7165=CARTESIAN_POINT('',(0.6,-1.51676002059216,2.8));
#7166=CARTESIAN_POINT('',(0.6,-1.48511542365512,2.8));
#7167=CARTESIAN_POINT('',(0.6,-1.48511542365512,2.8));
#7168=CARTESIAN_POINT('',(0.6,-1.48511542365512,2.81));
#7169=CARTESIAN_POINT('',(0.6,-1.48511542365512,2.81));
#7170=CARTESIAN_POINT('',(0.6,-1.58004921446625,2.81));
#7171=CARTESIAN_POINT('',(0.6,-1.5484046175292,2.81));
#7172=CARTESIAN_POINT('',(0.6,-1.51676002059216,2.81));
#7173=CARTESIAN_POINT('',(0.6,-1.48511542365512,2.81));
#7174=CARTESIAN_POINT('',(0.6,-1.58004921446625,2.81));
#7175=CARTESIAN_POINT('',(0.6,-1.48511542365512,2.8));
#7176=CARTESIAN_POINT('',(0.265182911230494,-1.40797323026353,2.8));
#7177=CARTESIAN_POINT('',(-0.0696341775390125,-1.33083103687194,2.8));
#7178=CARTESIAN_POINT('',(-0.404451266308519,-1.25368884348035,2.8));
#7179=CARTESIAN_POINT('',(-0.404451266308519,-1.25368884348035,2.8));
#7180=CARTESIAN_POINT('',(-0.404451266308519,-1.25368884348035,2.81));
#7181=CARTESIAN_POINT('',(-0.404451266308519,-1.25368884348035,2.81));
#7182=CARTESIAN_POINT('',(0.6,-1.48511542365512,2.81));
#7183=CARTESIAN_POINT('',(0.265182911230494,-1.40797323026353,2.81));
#7184=CARTESIAN_POINT('',(-0.0696341775390125,-1.33083103687194,2.81));
#7185=CARTESIAN_POINT('',(-0.404451266308519,-1.25368884348035,2.81));
#7186=CARTESIAN_POINT('',(0.6,-1.48511542365512,2.81));
#7187=CARTESIAN_POINT('',(-0.404451266308519,-1.25368884348035,2.8));
#7188=CARTESIAN_POINT('',(-0.0696341775390125,-1.25368884348035,2.8));
#7189=CARTESIAN_POINT('',(0.265182911230494,-1.25368884348035,2.8));
#7190=CARTESIAN_POINT('',(0.6,-1.25368884348035,2.8));
#7191=CARTESIAN_POINT('',(0.6,-1.25368884348035,2.8));
#7192=CARTESIAN_POINT('',(0.6,-1.25368884348035,2.81));
#7193=CARTESIAN_POINT('',(0.6,-1.25368884348035,2.81));
#7194=CARTESIAN_POINT('',(-0.404451266308519,-1.25368884348035,2.81));
#7195=CARTESIAN_POINT('',(-0.0696341775390125,-1.25368884348035,2.81));
#7196=CARTESIAN_POINT('',(0.265182911230494,-1.25368884348035,2.81));
#7197=CARTESIAN_POINT('',(0.6,-1.25368884348035,2.81));
#7198=CARTESIAN_POINT('',(-0.404451266308519,-1.25368884348035,2.81));
#7199=CARTESIAN_POINT('',(0.6,-1.25368884348035,2.8));
#7200=CARTESIAN_POINT('',(0.6,-1.21980332015076,2.8));
#7201=CARTESIAN_POINT('',(0.6,-1.18591779682118,2.8));
#7202=CARTESIAN_POINT('',(0.6,-1.1520322734916,2.8));
#7203=CARTESIAN_POINT('',(0.6,-1.1520322734916,2.8));
#7204=CARTESIAN_POINT('',(0.6,-1.1520322734916,2.81));
#7205=CARTESIAN_POINT('',(0.6,-1.1520322734916,2.81));
#7206=CARTESIAN_POINT('',(0.6,-1.25368884348035,2.81));
#7207=CARTESIAN_POINT('',(0.6,-1.21980332015076,2.81));
#7208=CARTESIAN_POINT('',(0.6,-1.18591779682118,2.81));
#7209=CARTESIAN_POINT('',(0.6,-1.1520322734916,2.81));
#7210=CARTESIAN_POINT('',(0.6,-1.25368884348035,2.81));
#7211=CARTESIAN_POINT('',(0.6,-1.1520322734916,2.8));
#7212=CARTESIAN_POINT('',(0.2,-1.1520322734916,2.8));
#7213=CARTESIAN_POINT('',(-0.2,-1.1520322734916,2.8));
#7214=CARTESIAN_POINT('',(-0.6,-1.1520322734916,2.8));
#7215=CARTESIAN_POINT('',(-0.6,-1.1520322734916,2.8));
#7216=CARTESIAN_POINT('',(-0.6,-1.1520322734916,2.81));
#7217=CARTESIAN_POINT('',(-0.6,-1.1520322734916,2.81));
#7218=CARTESIAN_POINT('',(0.6,-1.1520322734916,2.81));
#7219=CARTESIAN_POINT('',(0.2,-1.1520322734916,2.81));
#7220=CARTESIAN_POINT('',(-0.2,-1.1520322734916,2.81));
#7221=CARTESIAN_POINT('',(-0.6,-1.1520322734916,2.81));
#7222=CARTESIAN_POINT('',(0.6,-1.1520322734916,2.81));
#7223=CARTESIAN_POINT('',(-0.6,-1.1520322734916,2.8));
#7224=CARTESIAN_POINT('',(-0.6,-1.19929544831603,2.8));
#7225=CARTESIAN_POINT('',(-0.6,-1.24655862314045,2.8));
#7226=CARTESIAN_POINT('',(-0.6,-1.29382179796488,2.8));
#7227=CARTESIAN_POINT('',(-0.6,-1.29382179796488,2.8));
#7228=CARTESIAN_POINT('',(-0.6,-1.29382179796488,2.81));
#7229=CARTESIAN_POINT('',(-0.6,-1.29382179796488,2.81));
#7230=CARTESIAN_POINT('',(-0.6,-1.1520322734916,2.81));
#7231=CARTESIAN_POINT('',(-0.6,-1.19929544831603,2.81));
#7232=CARTESIAN_POINT('',(-0.6,-1.24655862314045,2.81));
#7233=CARTESIAN_POINT('',(-0.6,-1.29382179796488,2.81));
#7234=CARTESIAN_POINT('',(-0.6,-1.1520322734916,2.81));
#7235=CARTESIAN_POINT('',(-0.6,-1.29382179796488,2.8));
#7236=CARTESIAN_POINT('',(-0.321667945766181,-1.35738261928048,2.8));
#7237=CARTESIAN_POINT('',(-0.0433358915323612,-1.42094344059609,2.8));
#7238=CARTESIAN_POINT('',(0.234996162701458,-1.4845042619117,2.8));
#7239=CARTESIAN_POINT('',(0.234996162701458,-1.4845042619117,2.8));
#7240=CARTESIAN_POINT('',(0.234996162701458,-1.4845042619117,2.81));
#7241=CARTESIAN_POINT('',(0.234996162701458,-1.4845042619117,2.81));
#7242=CARTESIAN_POINT('',(-0.6,-1.29382179796488,2.81));
#7243=CARTESIAN_POINT('',(-0.321667945766181,-1.35738261928048,2.81));
#7244=CARTESIAN_POINT('',(-0.0433358915323612,-1.42094344059609,2.81));
#7245=CARTESIAN_POINT('',(0.234996162701458,-1.4845042619117,2.81));
#7246=CARTESIAN_POINT('',(-0.6,-1.29382179796488,2.81));
#7247=CARTESIAN_POINT('',(0.234996162701458,-1.4845042619117,2.8));
#7248=CARTESIAN_POINT('',(0.319416730621642,-1.50365399653884,2.8));
#7249=CARTESIAN_POINT('',(0.383576362240982,-1.51791443721862,2.8));
#7250=CARTESIAN_POINT('',(0.427168073676132,-1.52687814278877,2.8));
#7251=CARTESIAN_POINT('',(0.427168073676132,-1.52687814278877,2.8));
#7252=CARTESIAN_POINT('',(0.427168073676132,-1.52687814278877,2.81));
#7253=CARTESIAN_POINT('',(0.427168073676132,-1.52687814278877,2.81));
#7254=CARTESIAN_POINT('',(0.234996162701458,-1.4845042619117,2.81));
#7255=CARTESIAN_POINT('',(0.319416730621642,-1.50365399653884,2.81));
#7256=CARTESIAN_POINT('',(0.383576362240982,-1.51791443721862,2.81));
#7257=CARTESIAN_POINT('',(0.427168073676132,-1.52687814278877,2.81));
#7258=CARTESIAN_POINT('',(0.234996162701458,-1.4845042619117,2.81));
#7259=CARTESIAN_POINT('',(0.319416730621642,-1.50365399653884,2.81));
#7260=CARTESIAN_POINT('',(0.383576362240982,-1.51791443721862,2.81));
#7261=CARTESIAN_POINT('',(0.427168073676132,-1.52687814278877,2.81));
#7262=CARTESIAN_POINT('',(0.427168073676132,-1.52687814278877,2.8));
#7263=CARTESIAN_POINT('',(0.387874136607828,-1.53482324545322,2.8));
#7264=CARTESIAN_POINT('',(0.328933231005372,-1.54745392148388,2.8));
#7265=CARTESIAN_POINT('',(-0.0335458625075639,-1.62763668849276,2.8));
#7266=CARTESIAN_POINT('',(-0.316756203632643,-1.69060158316476,2.8));
#7267=CARTESIAN_POINT('',(-0.6,-1.75341542901619,2.8));
#7268=CARTESIAN_POINT('',(-0.6,-1.75341542901619,2.8));
#7269=CARTESIAN_POINT('',(-0.6,-1.75341542901619,2.81));
#7270=CARTESIAN_POINT('',(-0.6,-1.75341542901619,2.81));
#7271=CARTESIAN_POINT('',(0.427168073676132,-1.52687814278877,2.81));
#7272=CARTESIAN_POINT('',(0.387874136607828,-1.53482324545322,2.81));
#7273=CARTESIAN_POINT('',(0.328933231005372,-1.54745392148388,2.81));
#7274=CARTESIAN_POINT('',(-0.0335458625075639,-1.62763668849276,2.81));
#7275=CARTESIAN_POINT('',(-0.316756203632643,-1.69060158316476,2.81));
#7276=CARTESIAN_POINT('',(-0.6,-1.75341542901619,2.81));
#7277=CARTESIAN_POINT('',(0.427168073676132,-1.52687814278877,2.81));
#7278=CARTESIAN_POINT('',(0.387874136607828,-1.53482324545322,2.81));
#7279=CARTESIAN_POINT('',(0.328933231005372,-1.54745392148388,2.81));
#7280=CARTESIAN_POINT('',(-0.0335458625075639,-1.62763668849276,2.81));
#7281=CARTESIAN_POINT('',(-0.316756203632643,-1.69060158316476,2.81));
#7282=CARTESIAN_POINT('',(-0.6,-1.75341542901619,2.81));
#7283=CARTESIAN_POINT('',(-0.6,-1.75341542901619,2.8));
#7284=CARTESIAN_POINT('',(-0.6,-1.80631487325214,2.8));
#7285=CARTESIAN_POINT('',(-0.6,-1.8592143174881,2.8));
#7286=CARTESIAN_POINT('',(-0.6,-1.91211376172406,2.8));
#7287=CARTESIAN_POINT('',(-0.6,-1.75341542901619,2.81));
#7288=CARTESIAN_POINT('',(-0.6,-1.80631487325214,2.81));
#7289=CARTESIAN_POINT('',(-0.6,-1.8592143174881,2.81));
#7290=CARTESIAN_POINT('',(-0.6,-1.91211376172406,2.81));
#7291=CARTESIAN_POINT('',(-0.6,-1.75341542901619,2.81));
#7292=CARTESIAN_POINT('',(0.346392939370683,-1.5095109632466,2.81));
#7293=CARTESIAN_POINT('',(0.346392939370683,-1.5095109632466,2.8));
#7294=CARTESIAN_POINT('',(-0.6,-0.00467796051245525,2.8));
#7295=CARTESIAN_POINT('',(-0.2,-0.00467796051245525,2.8));
#7296=CARTESIAN_POINT('',(0.2,-0.00467796051245525,2.8));
#7297=CARTESIAN_POINT('',(0.6,-0.00467796051245525,2.8));
#7298=CARTESIAN_POINT('',(-0.6,-0.00467796051245525,2.8));
#7299=CARTESIAN_POINT('',(0.6,-0.00467796051245525,2.8));
#7300=CARTESIAN_POINT('',(0.6,-0.00467796051245525,2.81));
#7301=CARTESIAN_POINT('',(0.6,-0.00467796051245525,2.81));
#7302=CARTESIAN_POINT('',(-0.6,-0.00467796051245525,2.81));
#7303=CARTESIAN_POINT('',(-0.2,-0.00467796051245525,2.81));
#7304=CARTESIAN_POINT('',(0.2,-0.00467796051245525,2.81));
#7305=CARTESIAN_POINT('',(0.6,-0.00467796051245525,2.81));
#7306=CARTESIAN_POINT('',(-0.6,-0.00467796051245525,2.81));
#7307=CARTESIAN_POINT('',(-0.6,-0.00467796051245525,2.81));
#7308=CARTESIAN_POINT('',(-0.6,-0.00467796051245525,2.81));
#7309=CARTESIAN_POINT('',(0.6,-0.00467796051245525,2.8));
#7310=CARTESIAN_POINT('',(0.6,0.0279173324699069,2.8));
#7311=CARTESIAN_POINT('',(0.6,0.0605126254522691,2.8));
#7312=CARTESIAN_POINT('',(0.6,0.0931079184346313,2.8));
#7313=CARTESIAN_POINT('',(0.6,0.0931079184346313,2.8));
#7314=CARTESIAN_POINT('',(0.6,0.0931079184346313,2.81));
#7315=CARTESIAN_POINT('',(0.6,0.0931079184346313,2.81));
#7316=CARTESIAN_POINT('',(0.6,-0.00467796051245525,2.81));
#7317=CARTESIAN_POINT('',(0.6,0.0279173324699069,2.81));
#7318=CARTESIAN_POINT('',(0.6,0.0605126254522691,2.81));
#7319=CARTESIAN_POINT('',(0.6,0.0931079184346313,2.81));
#7320=CARTESIAN_POINT('',(0.6,-0.00467796051245525,2.81));
#7321=CARTESIAN_POINT('',(0.6,0.0931079184346313,2.8));
#7322=CARTESIAN_POINT('',(0.485085699667434,0.0931079184346313,2.8));
#7323=CARTESIAN_POINT('',(0.370171399334868,0.0931079184346313,2.8));
#7324=CARTESIAN_POINT('',(0.255257099002302,0.0931079184346313,2.8));
#7325=CARTESIAN_POINT('',(0.255257099002302,0.0931079184346313,2.8));
#7326=CARTESIAN_POINT('',(0.255257099002302,0.0931079184346313,2.81));
#7327=CARTESIAN_POINT('',(0.255257099002302,0.0931079184346313,2.81));
#7328=CARTESIAN_POINT('',(0.6,0.0931079184346313,2.81));
#7329=CARTESIAN_POINT('',(0.485085699667434,0.0931079184346313,2.81));
#7330=CARTESIAN_POINT('',(0.370171399334868,0.0931079184346313,2.81));
#7331=CARTESIAN_POINT('',(0.255257099002302,0.0931079184346313,2.81));
#7332=CARTESIAN_POINT('',(0.6,0.0931079184346313,2.81));
#7333=CARTESIAN_POINT('',(0.255257099002302,0.0931079184346313,2.8));
#7334=CARTESIAN_POINT('',(0.222000511639806,0.116060437243045,2.8));
#7335=CARTESIAN_POINT('',(0.188743924277309,0.139012956051458,2.8));
#7336=CARTESIAN_POINT('',(0.155487336914812,0.161965474859871,2.8));
#7337=CARTESIAN_POINT('',(0.155487336914812,0.161965474859871,2.8));
#7338=CARTESIAN_POINT('',(0.155487336914812,0.161965474859871,2.81));
#7339=CARTESIAN_POINT('',(0.155487336914812,0.161965474859871,2.81));
#7340=CARTESIAN_POINT('',(0.255257099002302,0.0931079184346313,2.81));
#7341=CARTESIAN_POINT('',(0.222000511639806,0.116060437243045,2.81));
#7342=CARTESIAN_POINT('',(0.188743924277309,0.139012956051458,2.81));
#7343=CARTESIAN_POINT('',(0.155487336914812,0.161965474859871,2.81));
#7344=CARTESIAN_POINT('',(0.255257099002302,0.0931079184346313,2.81));
#7345=CARTESIAN_POINT('',(0.155487336914812,0.161965474859871,2.8));
#7346=CARTESIAN_POINT('',(0.303658224609875,0.225526296175478,2.8));
#7347=CARTESIAN_POINT('',(0.451829112304937,0.289087117491084,2.8));
#7348=CARTESIAN_POINT('',(0.6,0.35264793880669,2.8));
#7349=CARTESIAN_POINT('',(0.6,0.35264793880669,2.8));
#7350=CARTESIAN_POINT('',(0.6,0.35264793880669,2.81));
#7351=CARTESIAN_POINT('',(0.6,0.35264793880669,2.81));
#7352=CARTESIAN_POINT('',(0.155487336914812,0.161965474859871,2.81));
#7353=CARTESIAN_POINT('',(0.303658224609875,0.225526296175478,2.81));
#7354=CARTESIAN_POINT('',(0.451829112304937,0.289087117491084,2.81));
#7355=CARTESIAN_POINT('',(0.6,0.35264793880669,2.81));
#7356=CARTESIAN_POINT('',(0.155487336914812,0.161965474859871,2.81));
#7357=CARTESIAN_POINT('',(0.6,0.35264793880669,2.8));
#7358=CARTESIAN_POINT('',(0.6,0.392848800151603,2.8));
#7359=CARTESIAN_POINT('',(0.6,0.433049661496517,2.8));
#7360=CARTESIAN_POINT('',(0.6,0.47325052284143,2.8));
#7361=CARTESIAN_POINT('',(0.6,0.47325052284143,2.8));
#7362=CARTESIAN_POINT('',(0.6,0.47325052284143,2.81));
#7363=CARTESIAN_POINT('',(0.6,0.47325052284143,2.81));
#7364=CARTESIAN_POINT('',(0.6,0.35264793880669,2.81));
#7365=CARTESIAN_POINT('',(0.6,0.392848800151603,2.81));
#7366=CARTESIAN_POINT('',(0.6,0.433049661496517,2.81));
#7367=CARTESIAN_POINT('',(0.6,0.47325052284143,2.81));
#7368=CARTESIAN_POINT('',(0.6,0.35264793880669,2.81));
#7369=CARTESIAN_POINT('',(0.6,0.47325052284143,2.8));
#7370=CARTESIAN_POINT('',(0.417753901253518,0.392305545268564,2.8));
#7371=CARTESIAN_POINT('',(0.235507802507035,0.311360567695698,2.8));
#7372=CARTESIAN_POINT('',(0.0532617037605526,0.230415590122832,2.8));
#7373=CARTESIAN_POINT('',(0.0532617037605526,0.230415590122832,2.8));
#7374=CARTESIAN_POINT('',(0.0532617037605526,0.230415590122832,2.81));
#7375=CARTESIAN_POINT('',(0.0532617037605526,0.230415590122832,2.81));
#7376=CARTESIAN_POINT('',(0.6,0.47325052284143,2.81));
#7377=CARTESIAN_POINT('',(0.417753901253518,0.392305545268564,2.81));
#7378=CARTESIAN_POINT('',(0.235507802507035,0.311360567695698,2.81));
#7379=CARTESIAN_POINT('',(0.0532617037605526,0.230415590122832,2.81));
#7380=CARTESIAN_POINT('',(0.6,0.47325052284143,2.81));
#7381=CARTESIAN_POINT('',(0.0532617037605526,0.230415590122832,2.8));
#7382=CARTESIAN_POINT('',(-0.0542849833717063,0.303958719914287,2.8));
#7383=CARTESIAN_POINT('',(-0.161831670503965,0.377501849705741,2.8));
#7384=CARTESIAN_POINT('',(-0.269378357636224,0.451044979497196,2.8));
#7385=CARTESIAN_POINT('',(-0.269378357636224,0.451044979497196,2.8));
#7386=CARTESIAN_POINT('',(-0.269378357636224,0.451044979497196,2.81));
#7387=CARTESIAN_POINT('',(-0.269378357636224,0.451044979497196,2.81));
#7388=CARTESIAN_POINT('',(0.0532617037605526,0.230415590122832,2.81));
#7389=CARTESIAN_POINT('',(-0.0542849833717063,0.303958719914287,2.81));
#7390=CARTESIAN_POINT('',(-0.161831670503965,0.377501849705741,2.81));
#7391=CARTESIAN_POINT('',(-0.269378357636224,0.451044979497196,2.81));
#7392=CARTESIAN_POINT('',(0.0532617037605526,0.230415590122832,2.81));
#7393=CARTESIAN_POINT('',(-0.269378357636224,0.451044979497196,2.8));
#7394=CARTESIAN_POINT('',(-0.269378357636224,0.408874819201265,2.8));
#7395=CARTESIAN_POINT('',(-0.269378357636224,0.366704658905334,2.8));
#7396=CARTESIAN_POINT('',(-0.269378357636224,0.324534498609403,2.8));
#7397=CARTESIAN_POINT('',(-0.269378357636224,0.324534498609403,2.8));
#7398=CARTESIAN_POINT('',(-0.269378357636224,0.324534498609403,2.81));
#7399=CARTESIAN_POINT('',(-0.269378357636224,0.324534498609403,2.81));
#7400=CARTESIAN_POINT('',(-0.269378357636224,0.451044979497196,2.81));
#7401=CARTESIAN_POINT('',(-0.269378357636224,0.408874819201265,2.81));
#7402=CARTESIAN_POINT('',(-0.269378357636224,0.366704658905334,2.81));
#7403=CARTESIAN_POINT('',(-0.269378357636224,0.324534498609403,2.81));
#7404=CARTESIAN_POINT('',(-0.269378357636224,0.451044979497196,2.81));
#7405=CARTESIAN_POINT('',(-0.269378357636224,0.324534498609403,2.8));
#7406=CARTESIAN_POINT('',(-0.151496546431312,0.247392305217812,2.8));
#7407=CARTESIAN_POINT('',(-0.0336147352264006,0.170250111826222,2.8));
#7408=CARTESIAN_POINT('',(0.0842670759785111,0.0931079184346313,2.8));
#7409=CARTESIAN_POINT('',(0.0842670759785111,0.0931079184346313,2.8));
#7410=CARTESIAN_POINT('',(0.0842670759785111,0.0931079184346313,2.81));
#7411=CARTESIAN_POINT('',(0.0842670759785111,0.0931079184346313,2.81));
#7412=CARTESIAN_POINT('',(-0.269378357636224,0.324534498609403,2.81));
#7413=CARTESIAN_POINT('',(-0.151496546431312,0.247392305217812,2.81));
#7414=CARTESIAN_POINT('',(-0.0336147352264006,0.170250111826222,2.81));
#7415=CARTESIAN_POINT('',(0.0842670759785111,0.0931079184346313,2.81));
#7416=CARTESIAN_POINT('',(-0.269378357636224,0.324534498609403,2.81));
#7417=CARTESIAN_POINT('',(0.0842670759785111,0.0931079184346313,2.8));
#7418=CARTESIAN_POINT('',(-0.143821949347659,0.0931079184346313,2.8));
#7419=CARTESIAN_POINT('',(-0.37191097467383,0.0931079184346313,2.8));
#7420=CARTESIAN_POINT('',(-0.6,0.0931079184346313,2.8));
#7421=CARTESIAN_POINT('',(-0.6,0.0931079184346313,2.8));
#7422=CARTESIAN_POINT('',(-0.6,0.0931079184346313,2.81));
#7423=CARTESIAN_POINT('',(-0.6,0.0931079184346313,2.81));
#7424=CARTESIAN_POINT('',(0.0842670759785111,0.0931079184346313,2.81));
#7425=CARTESIAN_POINT('',(-0.143821949347659,0.0931079184346313,2.81));
#7426=CARTESIAN_POINT('',(-0.37191097467383,0.0931079184346313,2.81));
#7427=CARTESIAN_POINT('',(-0.6,0.0931079184346313,2.81));
#7428=CARTESIAN_POINT('',(0.0842670759785111,0.0931079184346313,2.81));
#7429=CARTESIAN_POINT('',(-0.6,0.0931079184346313,2.8));
#7430=CARTESIAN_POINT('',(-0.6,0.0605126254522692,2.8));
#7431=CARTESIAN_POINT('',(-0.6,0.0279173324699069,2.8));
#7432=CARTESIAN_POINT('',(-0.6,-0.00467796051245525,2.8));
#7433=CARTESIAN_POINT('',(-0.6,0.0931079184346313,2.81));
#7434=CARTESIAN_POINT('',(-0.6,0.0605126254522692,2.81));
#7435=CARTESIAN_POINT('',(-0.6,0.0279173324699069,2.81));
#7436=CARTESIAN_POINT('',(-0.6,-0.00467796051245525,2.81));
#7437=CARTESIAN_POINT('',(-0.6,0.0931079184346313,2.81));
#7438=CARTESIAN_POINT('',(0.,-0.00467796051245525,2.81));
#7439=CARTESIAN_POINT('',(0.,-0.00467796051245525,2.8));
#7440=CARTESIAN_POINT('',(-0.269378357636224,-0.376875462254804,2.8));
#7441=CARTESIAN_POINT('',(0.0204144282425173,-0.376875462254804,2.8));
#7442=CARTESIAN_POINT('',(0.310207214121259,-0.376875462254804,2.8));
#7443=CARTESIAN_POINT('',(0.6,-0.376875462254804,2.8));
#7444=CARTESIAN_POINT('',(-0.269378357636224,-0.376875462254804,2.8));
#7445=CARTESIAN_POINT('',(0.6,-0.376875462254804,2.8));
#7446=CARTESIAN_POINT('',(0.6,-0.376875462254804,2.81));
#7447=CARTESIAN_POINT('',(0.6,-0.376875462254804,2.81));
#7448=CARTESIAN_POINT('',(-0.269378357636224,-0.376875462254804,2.81));
#7449=CARTESIAN_POINT('',(0.0204144282425173,-0.376875462254804,2.81));
#7450=CARTESIAN_POINT('',(0.310207214121259,-0.376875462254804,2.81));
#7451=CARTESIAN_POINT('',(0.6,-0.376875462254804,2.81));
#7452=CARTESIAN_POINT('',(-0.269378357636224,-0.376875462254804,2.81));
#7453=CARTESIAN_POINT('',(-0.269378357636224,-0.376875462254804,2.81));
#7454=CARTESIAN_POINT('',(-0.269378357636224,-0.376875462254804,2.81));
#7455=CARTESIAN_POINT('',(0.6,-0.376875462254804,2.8));
#7456=CARTESIAN_POINT('',(0.6,-0.344280169272441,2.8));
#7457=CARTESIAN_POINT('',(0.6,-0.311684876290079,2.8));
#7458=CARTESIAN_POINT('',(0.6,-0.279089583307717,2.8));
#7459=CARTESIAN_POINT('',(0.6,-0.279089583307717,2.8));
#7460=CARTESIAN_POINT('',(0.6,-0.279089583307717,2.81));
#7461=CARTESIAN_POINT('',(0.6,-0.279089583307717,2.81));
#7462=CARTESIAN_POINT('',(0.6,-0.376875462254804,2.81));
#7463=CARTESIAN_POINT('',(0.6,-0.344280169272441,2.81));
#7464=CARTESIAN_POINT('',(0.6,-0.311684876290079,2.81));
#7465=CARTESIAN_POINT('',(0.6,-0.279089583307717,2.81));
#7466=CARTESIAN_POINT('',(0.6,-0.376875462254804,2.81));
#7467=CARTESIAN_POINT('',(0.6,-0.279089583307717,2.8));
#7468=CARTESIAN_POINT('',(0.448247633665899,-0.279089583307717,2.8));
#7469=CARTESIAN_POINT('',(0.296495267331798,-0.279089583307717,2.8));
#7470=CARTESIAN_POINT('',(0.0827321565617805,-0.279089583307717,2.8));
#7471=CARTESIAN_POINT('',(0.0253261703760552,-0.273792848198083,2.8));
#7472=CARTESIAN_POINT('',(-0.0268610897927859,-0.262791936816536,2.8));
#7473=CARTESIAN_POINT('',(-0.0268610897927859,-0.262791936816536,2.8));
#7474=CARTESIAN_POINT('',(-0.0268610897927859,-0.262791936816536,2.81));
#7475=CARTESIAN_POINT('',(-0.0268610897927859,-0.262791936816536,2.81));
#7476=CARTESIAN_POINT('',(0.6,-0.279089583307717,2.81));
#7477=CARTESIAN_POINT('',(0.448247633665899,-0.279089583307717,2.81));
#7478=CARTESIAN_POINT('',(0.296495267331798,-0.279089583307717,2.81));
#7479=CARTESIAN_POINT('',(0.0827321565617805,-0.279089583307717,2.81));
#7480=CARTESIAN_POINT('',(0.0253261703760552,-0.273792848198083,2.81));
#7481=CARTESIAN_POINT('',(-0.0268610897927859,-0.262791936816536,2.81));
#7482=CARTESIAN_POINT('',(0.6,-0.279089583307717,2.81));
#7483=CARTESIAN_POINT('',(0.448247633665899,-0.279089583307717,2.81));
#7484=CARTESIAN_POINT('',(0.296495267331798,-0.279089583307717,2.81));
#7485=CARTESIAN_POINT('',(0.0827321565617805,-0.279089583307717,2.81));
#7486=CARTESIAN_POINT('',(0.0253261703760552,-0.273792848198083,2.81));
#7487=CARTESIAN_POINT('',(-0.0268610897927859,-0.262791936816536,2.81));
#7488=CARTESIAN_POINT('',(-0.0268610897927859,-0.262791936816536,2.8));
#7489=CARTESIAN_POINT('',(-0.0612432847275518,-0.255661716476644,2.8));
#7490=CARTESIAN_POINT('',(-0.0882578664620107,-0.243438481608258,2.8));
#7491=CARTESIAN_POINT('',(-0.107597851112817,-0.226529673373658,2.8));
#7492=CARTESIAN_POINT('',(-0.107597851112817,-0.226529673373658,2.8));
#7493=CARTESIAN_POINT('',(-0.107597851112817,-0.226529673373658,2.81));
#7494=CARTESIAN_POINT('',(-0.107597851112817,-0.226529673373658,2.81));
#7495=CARTESIAN_POINT('',(-0.0268610897927859,-0.262791936816536,2.81));
#7496=CARTESIAN_POINT('',(-0.0612432847275518,-0.255661716476644,2.81));
#7497=CARTESIAN_POINT('',(-0.0882578664620107,-0.243438481608258,2.81));
#7498=CARTESIAN_POINT('',(-0.107597851112817,-0.226529673373658,2.81));
#7499=CARTESIAN_POINT('',(-0.0268610897927859,-0.262791936816536,2.81));
#7500=CARTESIAN_POINT('',(-0.0612432847275518,-0.255661716476644,2.81));
#7501=CARTESIAN_POINT('',(-0.0882578664620107,-0.243438481608258,2.81));
#7502=CARTESIAN_POINT('',(-0.107597851112817,-0.226529673373658,2.81));
#7503=CARTESIAN_POINT('',(-0.107597851112817,-0.226529673373658,2.8));
#7504=CARTESIAN_POINT('',(-0.126937835763622,-0.209417144557918,2.8));
#7505=CARTESIAN_POINT('',(-0.136761320030698,-0.19026740993078,2.8));
#7506=CARTESIAN_POINT('',(-0.136761320030698,-0.145041440917753,2.8));
#7507=CARTESIAN_POINT('',(-0.126016884113584,-0.121002412343261,2.8));
#7508=CARTESIAN_POINT('',(-0.104834996162701,-0.0971671043499081,2.8));
#7509=CARTESIAN_POINT('',(-0.104834996162701,-0.0971671043499081,2.8));
#7510=CARTESIAN_POINT('',(-0.104834996162701,-0.0971671043499081,2.81));
#7511=CARTESIAN_POINT('',(-0.104834996162701,-0.0971671043499081,2.81));
#7512=CARTESIAN_POINT('',(-0.107597851112817,-0.226529673373658,2.81));
#7513=CARTESIAN_POINT('',(-0.126937835763622,-0.209417144557918,2.81));
#7514=CARTESIAN_POINT('',(-0.136761320030698,-0.19026740993078,2.81));
#7515=CARTESIAN_POINT('',(-0.136761320030698,-0.145041440917753,2.81));
#7516=CARTESIAN_POINT('',(-0.126016884113584,-0.121002412343261,2.81));
#7517=CARTESIAN_POINT('',(-0.104834996162701,-0.0971671043499081,2.81));
#7518=CARTESIAN_POINT('',(-0.107597851112817,-0.226529673373658,2.81));
#7519=CARTESIAN_POINT('',(-0.126937835763622,-0.209417144557918,2.81));
#7520=CARTESIAN_POINT('',(-0.136761320030698,-0.19026740993078,2.81));
#7521=CARTESIAN_POINT('',(-0.136761320030698,-0.145041440917753,2.81));
#7522=CARTESIAN_POINT('',(-0.126016884113584,-0.121002412343261,2.81));
#7523=CARTESIAN_POINT('',(-0.104834996162701,-0.0971671043499081,2.81));
#7524=CARTESIAN_POINT('',(-0.104834996162701,-0.0971671043499081,2.8));
#7525=CARTESIAN_POINT('',(-0.150370938859043,-0.0859624723872211,2.8));
#7526=CARTESIAN_POINT('',(-0.195906881555385,-0.0747578404245341,2.8));
#7527=CARTESIAN_POINT('',(-0.241442824251727,-0.0635532084618471,2.8));
#7528=CARTESIAN_POINT('',(-0.241442824251727,-0.0635532084618471,2.8));
#7529=CARTESIAN_POINT('',(-0.241442824251727,-0.0635532084618471,2.81));
#7530=CARTESIAN_POINT('',(-0.241442824251727,-0.0635532084618471,2.81));
#7531=CARTESIAN_POINT('',(-0.104834996162701,-0.0971671043499081,2.81));
#7532=CARTESIAN_POINT('',(-0.150370938859043,-0.0859624723872211,2.81));
#7533=CARTESIAN_POINT('',(-0.195906881555385,-0.0747578404245341,2.81));
#7534=CARTESIAN_POINT('',(-0.241442824251727,-0.0635532084618471,2.81));
#7535=CARTESIAN_POINT('',(-0.104834996162701,-0.0971671043499081,2.81));
#7536=CARTESIAN_POINT('',(-0.241442824251727,-0.0635532084618471,2.8));
#7537=CARTESIAN_POINT('',(-0.273062164236378,-0.0975745455121878,2.8));
#7538=CARTESIAN_POINT('',(-0.289025326170376,-0.130984720819109,2.8));
#7539=CARTESIAN_POINT('',(-0.289025326170376,-0.186804160051404,2.8));
#7540=CARTESIAN_POINT('',(-0.2792018419033,-0.2077873799088,2.8));
#7541=CARTESIAN_POINT('',(-0.239907904834996,-0.245679408000796,2.8));
#7542=CARTESIAN_POINT('',(-0.199079048349962,-0.266458907277052,2.8));
#7543=CARTESIAN_POINT('',(-0.137375287797391,-0.288868171202426,2.8));
#7544=CARTESIAN_POINT('',(-0.137375287797391,-0.288868171202426,2.8));
#7545=CARTESIAN_POINT('',(-0.137375287797391,-0.288868171202426,2.81));
#7546=CARTESIAN_POINT('',(-0.137375287797391,-0.288868171202426,2.81));
#7547=CARTESIAN_POINT('',(-0.241442824251727,-0.0635532084618471,2.81));
#7548=CARTESIAN_POINT('',(-0.273062164236378,-0.0975745455121878,2.81));
#7549=CARTESIAN_POINT('',(-0.289025326170376,-0.130984720819109,2.81));
#7550=CARTESIAN_POINT('',(-0.289025326170376,-0.186804160051404,2.81));
#7551=CARTESIAN_POINT('',(-0.2792018419033,-0.2077873799088,2.81));
#7552=CARTESIAN_POINT('',(-0.239907904834996,-0.245679408000796,2.81));
#7553=CARTESIAN_POINT('',(-0.199079048349962,-0.266458907277052,2.81));
#7554=CARTESIAN_POINT('',(-0.137375287797391,-0.288868171202426,2.81));
#7555=CARTESIAN_POINT('',(-0.241442824251727,-0.0635532084618471,2.81));
#7556=CARTESIAN_POINT('',(-0.273062164236378,-0.0975745455121878,2.81));
#7557=CARTESIAN_POINT('',(-0.289025326170376,-0.130984720819109,2.81));
#7558=CARTESIAN_POINT('',(-0.289025326170376,-0.186804160051404,2.81));
#7559=CARTESIAN_POINT('',(-0.2792018419033,-0.2077873799088,2.81));
#7560=CARTESIAN_POINT('',(-0.239907904834996,-0.245679408000796,2.81));
#7561=CARTESIAN_POINT('',(-0.199079048349962,-0.266458907277052,2.81));
#7562=CARTESIAN_POINT('',(-0.137375287797391,-0.288868171202426,2.81));
#7563=CARTESIAN_POINT('',(-0.137375287797391,-0.288868171202426,2.8));
#7564=CARTESIAN_POINT('',(-0.181376311077002,-0.288868171202426,2.8));
#7565=CARTESIAN_POINT('',(-0.225377334356613,-0.288868171202426,2.8));
#7566=CARTESIAN_POINT('',(-0.269378357636224,-0.288868171202426,2.8));
#7567=CARTESIAN_POINT('',(-0.269378357636224,-0.288868171202426,2.8));
#7568=CARTESIAN_POINT('',(-0.269378357636224,-0.288868171202426,2.81));
#7569=CARTESIAN_POINT('',(-0.269378357636224,-0.288868171202426,2.81));
#7570=CARTESIAN_POINT('',(-0.137375287797391,-0.288868171202426,2.81));
#7571=CARTESIAN_POINT('',(-0.181376311077002,-0.288868171202426,2.81));
#7572=CARTESIAN_POINT('',(-0.225377334356613,-0.288868171202426,2.81));
#7573=CARTESIAN_POINT('',(-0.269378357636224,-0.288868171202426,2.81));
#7574=CARTESIAN_POINT('',(-0.137375287797391,-0.288868171202426,2.81));
#7575=CARTESIAN_POINT('',(-0.269378357636224,-0.288868171202426,2.8));
#7576=CARTESIAN_POINT('',(-0.269378357636224,-0.318203934886552,2.8));
#7577=CARTESIAN_POINT('',(-0.269378357636224,-0.347539698570678,2.8));
#7578=CARTESIAN_POINT('',(-0.269378357636224,-0.376875462254804,2.8));
#7579=CARTESIAN_POINT('',(-0.269378357636224,-0.288868171202426,2.81));
#7580=CARTESIAN_POINT('',(-0.269378357636224,-0.318203934886552,2.81));
#7581=CARTESIAN_POINT('',(-0.269378357636224,-0.347539698570678,2.81));
#7582=CARTESIAN_POINT('',(-0.269378357636224,-0.376875462254804,2.81));
#7583=CARTESIAN_POINT('',(-0.269378357636224,-0.288868171202426,2.81));
#7584=CARTESIAN_POINT('',(0.279355333844973,-0.279089583307717,2.81));
#7585=CARTESIAN_POINT('',(0.279355333844973,-0.279089583307717,2.8));
#7586=CARTESIAN_POINT('',(-0.269378357636224,0.798184849759354,2.8));
#7587=CARTESIAN_POINT('',(0.0204144282425173,0.798184849759354,2.8));
#7588=CARTESIAN_POINT('',(0.310207214121259,0.798184849759354,2.8));
#7589=CARTESIAN_POINT('',(0.6,0.798184849759354,2.8));
#7590=CARTESIAN_POINT('',(-0.269378357636224,0.798184849759354,2.8));
#7591=CARTESIAN_POINT('',(0.6,0.798184849759354,2.8));
#7592=CARTESIAN_POINT('',(0.6,0.798184849759354,2.81));
#7593=CARTESIAN_POINT('',(0.6,0.798184849759354,2.81));
#7594=CARTESIAN_POINT('',(-0.269378357636224,0.798184849759354,2.81));
#7595=CARTESIAN_POINT('',(0.0204144282425173,0.798184849759354,2.81));
#7596=CARTESIAN_POINT('',(0.310207214121259,0.798184849759354,2.81));
#7597=CARTESIAN_POINT('',(0.6,0.798184849759354,2.81));
#7598=CARTESIAN_POINT('',(-0.269378357636224,0.798184849759354,2.81));
#7599=CARTESIAN_POINT('',(-0.269378357636224,0.798184849759354,2.81));
#7600=CARTESIAN_POINT('',(-0.269378357636224,0.798184849759354,2.81));
#7601=CARTESIAN_POINT('',(0.6,0.798184849759354,2.8));
#7602=CARTESIAN_POINT('',(0.6,0.830780142741716,2.8));
#7603=CARTESIAN_POINT('',(0.6,0.863375435724078,2.8));
#7604=CARTESIAN_POINT('',(0.6,0.89597072870644,2.8));
#7605=CARTESIAN_POINT('',(0.6,0.89597072870644,2.8));
#7606=CARTESIAN_POINT('',(0.6,0.89597072870644,2.81));
#7607=CARTESIAN_POINT('',(0.6,0.89597072870644,2.81));
#7608=CARTESIAN_POINT('',(0.6,0.798184849759354,2.81));
#7609=CARTESIAN_POINT('',(0.6,0.830780142741716,2.81));
#7610=CARTESIAN_POINT('',(0.6,0.863375435724078,2.81));
#7611=CARTESIAN_POINT('',(0.6,0.89597072870644,2.81));
#7612=CARTESIAN_POINT('',(0.6,0.798184849759354,2.81));
#7613=CARTESIAN_POINT('',(0.6,0.89597072870644,2.8));
#7614=CARTESIAN_POINT('',(0.441698644154515,0.89597072870644,2.8));
#7615=CARTESIAN_POINT('',(0.28339728830903,0.89597072870644,2.8));
#7616=CARTESIAN_POINT('',(0.0139677666922486,0.89597072870644,2.8));
#7617=CARTESIAN_POINT('',(-0.061550268610898,0.911046051710783,2.8));
#7618=CARTESIAN_POINT('',(-0.101458173445894,0.941400418300608,2.8));
#7619=CARTESIAN_POINT('',(-0.101458173445894,0.941400418300608,2.8));
#7620=CARTESIAN_POINT('',(-0.101458173445894,0.941400418300608,2.81));
#7621=CARTESIAN_POINT('',(-0.101458173445894,0.941400418300608,2.81));
#7622=CARTESIAN_POINT('',(0.6,0.89597072870644,2.81));
#7623=CARTESIAN_POINT('',(0.441698644154515,0.89597072870644,2.81));
#7624=CARTESIAN_POINT('',(0.28339728830903,0.89597072870644,2.81));
#7625=CARTESIAN_POINT('',(0.0139677666922486,0.89597072870644,2.81));
#7626=CARTESIAN_POINT('',(-0.061550268610898,0.911046051710783,2.81));
#7627=CARTESIAN_POINT('',(-0.101458173445894,0.941400418300608,2.81));
#7628=CARTESIAN_POINT('',(0.6,0.89597072870644,2.81));
#7629=CARTESIAN_POINT('',(0.441698644154515,0.89597072870644,2.81));
#7630=CARTESIAN_POINT('',(0.28339728830903,0.89597072870644,2.81));
#7631=CARTESIAN_POINT('',(0.0139677666922486,0.89597072870644,2.81));
#7632=CARTESIAN_POINT('',(-0.061550268610898,0.911046051710783,2.81));
#7633=CARTESIAN_POINT('',(-0.101458173445894,0.941400418300608,2.81));
#7634=CARTESIAN_POINT('',(-0.101458173445894,0.941400418300608,2.8));
#7635=CARTESIAN_POINT('',(-0.14136607828089,0.971551064309293,2.8));
#7636=CARTESIAN_POINT('',(-0.161320030698388,1.00760960717103,2.8));
#7637=CARTESIAN_POINT('',(-0.161320030698388,1.07524484010943,2.8));
#7638=CARTESIAN_POINT('',(-0.152417498081351,1.09785782461595,2.8));
#7639=CARTESIAN_POINT('',(-0.134612432847276,1.11741500040536,2.8));
#7640=CARTESIAN_POINT('',(-0.134612432847276,1.11741500040536,2.8));
#7641=CARTESIAN_POINT('',(-0.134612432847276,1.11741500040536,2.81));
#7642=CARTESIAN_POINT('',(-0.134612432847276,1.11741500040536,2.81));
#7643=CARTESIAN_POINT('',(-0.101458173445894,0.941400418300608,2.81));
#7644=CARTESIAN_POINT('',(-0.14136607828089,0.971551064309293,2.81));
#7645=CARTESIAN_POINT('',(-0.161320030698388,1.00760960717103,2.81));
#7646=CARTESIAN_POINT('',(-0.161320030698388,1.07524484010943,2.81));
#7647=CARTESIAN_POINT('',(-0.152417498081351,1.09785782461595,2.81));
#7648=CARTESIAN_POINT('',(-0.134612432847276,1.11741500040536,2.81));
#7649=CARTESIAN_POINT('',(-0.101458173445894,0.941400418300608,2.81));
#7650=CARTESIAN_POINT('',(-0.14136607828089,0.971551064309293,2.81));
#7651=CARTESIAN_POINT('',(-0.161320030698388,1.00760960717103,2.81));
#7652=CARTESIAN_POINT('',(-0.161320030698388,1.07524484010943,2.81));
#7653=CARTESIAN_POINT('',(-0.152417498081351,1.09785782461595,2.81));
#7654=CARTESIAN_POINT('',(-0.134612432847276,1.11741500040536,2.81));
#7655=CARTESIAN_POINT('',(-0.134612432847276,1.11741500040536,2.8));
#7656=CARTESIAN_POINT('',(-0.1168073676132,1.13676845561364,2.8));
#7657=CARTESIAN_POINT('',(-0.0931696085955487,1.15021401396887,2.8));
#7658=CARTESIAN_POINT('',(-0.0633921719109747,1.15775167547104,2.8));
#7659=CARTESIAN_POINT('',(-0.0633921719109747,1.15775167547104,2.8));
#7660=CARTESIAN_POINT('',(-0.0633921719109747,1.15775167547104,2.81));
#7661=CARTESIAN_POINT('',(-0.0633921719109747,1.15775167547104,2.81));
#7662=CARTESIAN_POINT('',(-0.134612432847276,1.11741500040536,2.81));
#7663=CARTESIAN_POINT('',(-0.1168073676132,1.13676845561364,2.81));
#7664=CARTESIAN_POINT('',(-0.0931696085955487,1.15021401396887,2.81));
#7665=CARTESIAN_POINT('',(-0.0633921719109747,1.15775167547104,2.81));
#7666=CARTESIAN_POINT('',(-0.134612432847276,1.11741500040536,2.81));
#7667=CARTESIAN_POINT('',(-0.1168073676132,1.13676845561364,2.81));
#7668=CARTESIAN_POINT('',(-0.0931696085955487,1.15021401396887,2.81));
#7669=CARTESIAN_POINT('',(-0.0633921719109747,1.15775167547104,2.81));
#7670=CARTESIAN_POINT('',(-0.0633921719109747,1.15775167547104,2.8));
#7671=CARTESIAN_POINT('',(-0.0336147352264006,1.16549305755435,2.8));
#7672=CARTESIAN_POINT('',(0.0112049117421336,1.16916002801486,2.8));
#7673=CARTESIAN_POINT('',(0.247377845996418,1.16916002801486,2.8));
#7674=CARTESIAN_POINT('',(0.423688922998209,1.16916002801486,2.8));
#7675=CARTESIAN_POINT('',(0.6,1.16916002801486,2.8));
#7676=CARTESIAN_POINT('',(0.6,1.16916002801486,2.8));
#7677=CARTESIAN_POINT('',(0.6,1.16916002801486,2.81));
#7678=CARTESIAN_POINT('',(0.6,1.16916002801486,2.81));
#7679=CARTESIAN_POINT('',(-0.0633921719109747,1.15775167547104,2.81));
#7680=CARTESIAN_POINT('',(-0.0336147352264006,1.16549305755435,2.81));
#7681=CARTESIAN_POINT('',(0.0112049117421336,1.16916002801486,2.81));
#7682=CARTESIAN_POINT('',(0.247377845996418,1.16916002801486,2.81));
#7683=CARTESIAN_POINT('',(0.423688922998209,1.16916002801486,2.81));
#7684=CARTESIAN_POINT('',(0.6,1.16916002801486,2.81));
#7685=CARTESIAN_POINT('',(-0.0633921719109747,1.15775167547104,2.81));
#7686=CARTESIAN_POINT('',(-0.0336147352264006,1.16549305755435,2.81));
#7687=CARTESIAN_POINT('',(0.0112049117421336,1.16916002801486,2.81));
#7688=CARTESIAN_POINT('',(0.247377845996418,1.16916002801486,2.81));
#7689=CARTESIAN_POINT('',(0.423688922998209,1.16916002801486,2.81));
#7690=CARTESIAN_POINT('',(0.6,1.16916002801486,2.81));
#7691=CARTESIAN_POINT('',(0.6,1.16916002801486,2.8));
#7692=CARTESIAN_POINT('',(0.6,1.20175532099723,2.8));
#7693=CARTESIAN_POINT('',(0.6,1.23435061397959,2.8));
#7694=CARTESIAN_POINT('',(0.6,1.26694590696195,2.8));
#7695=CARTESIAN_POINT('',(0.6,1.26694590696195,2.8));
#7696=CARTESIAN_POINT('',(0.6,1.26694590696195,2.81));
#7697=CARTESIAN_POINT('',(0.6,1.26694590696195,2.81));
#7698=CARTESIAN_POINT('',(0.6,1.16916002801486,2.81));
#7699=CARTESIAN_POINT('',(0.6,1.20175532099723,2.81));
#7700=CARTESIAN_POINT('',(0.6,1.23435061397959,2.81));
#7701=CARTESIAN_POINT('',(0.6,1.26694590696195,2.81));
#7702=CARTESIAN_POINT('',(0.6,1.16916002801486,2.81));
#7703=CARTESIAN_POINT('',(0.6,1.26694590696195,2.8));
#7704=CARTESIAN_POINT('',(0.421847019698133,1.26694590696195,2.8));
#7705=CARTESIAN_POINT('',(0.243694039396265,1.26694590696195,2.8));
#7706=CARTESIAN_POINT('',(-0.00260936300844206,1.26694590696195,2.8));
#7707=CARTESIAN_POINT('',(-0.0504988488104374,1.26511242173169,2.8));
#7708=CARTESIAN_POINT('',(-0.0778204144282425,1.26164917185232,2.8));
#7709=CARTESIAN_POINT('',(-0.0778204144282425,1.26164917185232,2.8));
#7710=CARTESIAN_POINT('',(-0.0778204144282425,1.26164917185232,2.81));
#7711=CARTESIAN_POINT('',(-0.0778204144282425,1.26164917185232,2.81));
#7712=CARTESIAN_POINT('',(0.6,1.26694590696195,2.81));
#7713=CARTESIAN_POINT('',(0.421847019698133,1.26694590696195,2.81));
#7714=CARTESIAN_POINT('',(0.243694039396265,1.26694590696195,2.81));
#7715=CARTESIAN_POINT('',(-0.00260936300844206,1.26694590696195,2.81));
#7716=CARTESIAN_POINT('',(-0.0504988488104374,1.26511242173169,2.81));
#7717=CARTESIAN_POINT('',(-0.0778204144282425,1.26164917185232,2.81));
#7718=CARTESIAN_POINT('',(0.6,1.26694590696195,2.81));
#7719=CARTESIAN_POINT('',(0.421847019698133,1.26694590696195,2.81));
#7720=CARTESIAN_POINT('',(0.243694039396265,1.26694590696195,2.81));
#7721=CARTESIAN_POINT('',(-0.00260936300844206,1.26694590696195,2.81));
#7722=CARTESIAN_POINT('',(-0.0504988488104374,1.26511242173169,2.81));
#7723=CARTESIAN_POINT('',(-0.0778204144282425,1.26164917185232,2.81));
#7724=CARTESIAN_POINT('',(-0.0778204144282425,1.26164917185232,2.8));
#7725=CARTESIAN_POINT('',(-0.119877206446662,1.25574127499926,2.8));
#7726=CARTESIAN_POINT('',(-0.156101304681504,1.24555524594227,2.8));
#7727=CARTESIAN_POINT('',(-0.18649270913277,1.23109108468135,2.8));
#7728=CARTESIAN_POINT('',(-0.18649270913277,1.23109108468135,2.8));
#7729=CARTESIAN_POINT('',(-0.18649270913277,1.23109108468135,2.81));
#7730=CARTESIAN_POINT('',(-0.18649270913277,1.23109108468135,2.81));
#7731=CARTESIAN_POINT('',(-0.0778204144282425,1.26164917185232,2.81));
#7732=CARTESIAN_POINT('',(-0.119877206446662,1.25574127499926,2.81));
#7733=CARTESIAN_POINT('',(-0.156101304681504,1.24555524594227,2.81));
#7734=CARTESIAN_POINT('',(-0.18649270913277,1.23109108468135,2.81));
#7735=CARTESIAN_POINT('',(-0.0778204144282425,1.26164917185232,2.81));
#7736=CARTESIAN_POINT('',(-0.119877206446662,1.25574127499926,2.81));
#7737=CARTESIAN_POINT('',(-0.156101304681504,1.24555524594227,2.81));
#7738=CARTESIAN_POINT('',(-0.18649270913277,1.23109108468135,2.81));
#7739=CARTESIAN_POINT('',(-0.18649270913277,1.23109108468135,2.8));
#7740=CARTESIAN_POINT('',(-0.217191097467383,1.21662692342043,2.8));
#7741=CARTESIAN_POINT('',(-0.241749808135073,1.19482882123847,2.8));
#7742=CARTESIAN_POINT('',(-0.260782808902533,1.16569677813549,2.8));
#7743=CARTESIAN_POINT('',(-0.260782808902533,1.16569677813549,2.8));
#7744=CARTESIAN_POINT('',(-0.260782808902533,1.16569677813549,2.81));
#7745=CARTESIAN_POINT('',(-0.260782808902533,1.16569677813549,2.81));
#7746=CARTESIAN_POINT('',(-0.18649270913277,1.23109108468135,2.81));
#7747=CARTESIAN_POINT('',(-0.217191097467383,1.21662692342043,2.81));
#7748=CARTESIAN_POINT('',(-0.241749808135073,1.19482882123847,2.81));
#7749=CARTESIAN_POINT('',(-0.260782808902533,1.16569677813549,2.81));
#7750=CARTESIAN_POINT('',(-0.18649270913277,1.23109108468135,2.81));
#7751=CARTESIAN_POINT('',(-0.217191097467383,1.21662692342043,2.81));
#7752=CARTESIAN_POINT('',(-0.241749808135073,1.19482882123847,2.81));
#7753=CARTESIAN_POINT('',(-0.260782808902533,1.16569677813549,2.81));
#7754=CARTESIAN_POINT('',(-0.260782808902533,1.16569677813549,2.8));
#7755=CARTESIAN_POINT('',(-0.279508825786646,1.1365647350325,2.8));
#7756=CARTESIAN_POINT('',(-0.289025326170376,1.10458060379356,2.8));
#7757=CARTESIAN_POINT('',(-0.289025326170376,0.989682196030732,2.8));
#7758=CARTESIAN_POINT('',(-0.241135840368381,0.928566021688803,2.8));
#7759=CARTESIAN_POINT('',(-0.145663852647736,0.886192140811731,2.8));
#7760=CARTESIAN_POINT('',(-0.145663852647736,0.886192140811731,2.8));
#7761=CARTESIAN_POINT('',(-0.145663852647736,0.886192140811731,2.81));
#7762=CARTESIAN_POINT('',(-0.145663852647736,0.886192140811731,2.81));
#7763=CARTESIAN_POINT('',(-0.260782808902533,1.16569677813549,2.81));
#7764=CARTESIAN_POINT('',(-0.279508825786646,1.1365647350325,2.81));
#7765=CARTESIAN_POINT('',(-0.289025326170376,1.10458060379356,2.81));
#7766=CARTESIAN_POINT('',(-0.289025326170376,0.989682196030732,2.81));
#7767=CARTESIAN_POINT('',(-0.241135840368381,0.928566021688803,2.81));
#7768=CARTESIAN_POINT('',(-0.145663852647736,0.886192140811731,2.81));
#7769=CARTESIAN_POINT('',(-0.260782808902533,1.16569677813549,2.81));
#7770=CARTESIAN_POINT('',(-0.279508825786646,1.1365647350325,2.81));
#7771=CARTESIAN_POINT('',(-0.289025326170376,1.10458060379356,2.81));
#7772=CARTESIAN_POINT('',(-0.289025326170376,0.989682196030732,2.81));
#7773=CARTESIAN_POINT('',(-0.241135840368381,0.928566021688803,2.81));
#7774=CARTESIAN_POINT('',(-0.145663852647736,0.886192140811731,2.81));
#7775=CARTESIAN_POINT('',(-0.145663852647736,0.886192140811731,2.8));
#7776=CARTESIAN_POINT('',(-0.186902020977232,0.886192140811731,2.8));
#7777=CARTESIAN_POINT('',(-0.228140189306728,0.886192140811731,2.8));
#7778=CARTESIAN_POINT('',(-0.269378357636224,0.886192140811731,2.8));
#7779=CARTESIAN_POINT('',(-0.269378357636224,0.886192140811731,2.8));
#7780=CARTESIAN_POINT('',(-0.269378357636224,0.886192140811731,2.81));
#7781=CARTESIAN_POINT('',(-0.269378357636224,0.886192140811731,2.81));
#7782=CARTESIAN_POINT('',(-0.145663852647736,0.886192140811731,2.81));
#7783=CARTESIAN_POINT('',(-0.186902020977232,0.886192140811731,2.81));
#7784=CARTESIAN_POINT('',(-0.228140189306728,0.886192140811731,2.81));
#7785=CARTESIAN_POINT('',(-0.269378357636224,0.886192140811731,2.81));
#7786=CARTESIAN_POINT('',(-0.145663852647736,0.886192140811731,2.81));
#7787=CARTESIAN_POINT('',(-0.269378357636224,0.886192140811731,2.8));
#7788=CARTESIAN_POINT('',(-0.269378357636224,0.856856377127606,2.8));
#7789=CARTESIAN_POINT('',(-0.269378357636224,0.827520613443479,2.8));
#7790=CARTESIAN_POINT('',(-0.269378357636224,0.798184849759354,2.8));
#7791=CARTESIAN_POINT('',(-0.269378357636224,0.886192140811731,2.81));
#7792=CARTESIAN_POINT('',(-0.269378357636224,0.856856377127606,2.81));
#7793=CARTESIAN_POINT('',(-0.269378357636224,0.827520613443479,2.81));
#7794=CARTESIAN_POINT('',(-0.269378357636224,0.798184849759354,2.81));
#7795=CARTESIAN_POINT('',(-0.269378357636224,0.886192140811731,2.81));
#7796=CARTESIAN_POINT('',(0.195855717574827,0.89597072870644,2.81));
#7797=CARTESIAN_POINT('',(0.195855717574827,0.89597072870644,2.8));
#7798=CARTESIAN_POINT('',(0.219339984650806,-0.785946389183448,2.8));
#7799=CARTESIAN_POINT('',(0.2039907904835,-0.71505162694681,2.8));
#7800=CARTESIAN_POINT('',(0.185571757482732,-0.661676834688192,2.8));
#7801=CARTESIAN_POINT('',(0.163775901765157,-0.626229453569873,2.8));
#7802=CARTESIAN_POINT('',(0.219339984650806,-0.785946389183448,2.8));
#7803=CARTESIAN_POINT('',(0.163775901765157,-0.626229453569873,2.8));
#7804=CARTESIAN_POINT('',(0.163775901765157,-0.626229453569873,2.81));
#7805=CARTESIAN_POINT('',(0.163775901765157,-0.626229453569873,2.81));
#7806=CARTESIAN_POINT('',(0.219339984650806,-0.785946389183448,2.81));
#7807=CARTESIAN_POINT('',(0.2039907904835,-0.71505162694681,2.81));
#7808=CARTESIAN_POINT('',(0.185571757482732,-0.661676834688192,2.81));
#7809=CARTESIAN_POINT('',(0.163775901765157,-0.626229453569873,2.81));
#7810=CARTESIAN_POINT('',(0.219339984650806,-0.785946389183448,2.81));
#7811=CARTESIAN_POINT('',(0.219339984650806,-0.785946389183448,2.81));
#7812=CARTESIAN_POINT('',(0.219339984650806,-0.785946389183448,2.81));
#7813=CARTESIAN_POINT('',(0.2039907904835,-0.71505162694681,2.81));
#7814=CARTESIAN_POINT('',(0.185571757482732,-0.661676834688192,2.81));
#7815=CARTESIAN_POINT('',(0.163775901765157,-0.626229453569873,2.81));
#7816=CARTESIAN_POINT('',(0.163775901765157,-0.626229453569873,2.8));
#7817=CARTESIAN_POINT('',(0.181785622921463,-0.626229453569873,2.8));
#7818=CARTESIAN_POINT('',(0.199795344077769,-0.626229453569873,2.8));
#7819=CARTESIAN_POINT('',(0.282578664620107,-0.626229453569873,2.8));
#7820=CARTESIAN_POINT('',(0.331696085955487,-0.631526188679507,2.8));
#7821=CARTESIAN_POINT('',(0.365157329240215,-0.641915938317635,2.8));
#7822=CARTESIAN_POINT('',(0.365157329240215,-0.641915938317635,2.8));
#7823=CARTESIAN_POINT('',(0.365157329240215,-0.641915938317635,2.81));
#7824=CARTESIAN_POINT('',(0.365157329240215,-0.641915938317635,2.81));
#7825=CARTESIAN_POINT('',(0.163775901765157,-0.626229453569873,2.81));
#7826=CARTESIAN_POINT('',(0.181785622921463,-0.626229453569873,2.81));
#7827=CARTESIAN_POINT('',(0.199795344077769,-0.626229453569873,2.81));
#7828=CARTESIAN_POINT('',(0.282578664620107,-0.626229453569873,2.81));
#7829=CARTESIAN_POINT('',(0.331696085955487,-0.631526188679507,2.81));
#7830=CARTESIAN_POINT('',(0.365157329240215,-0.641915938317635,2.81));
#7831=CARTESIAN_POINT('',(0.163775901765157,-0.626229453569873,2.81));
#7832=CARTESIAN_POINT('',(0.181785622921463,-0.626229453569873,2.81));
#7833=CARTESIAN_POINT('',(0.199795344077769,-0.626229453569873,2.81));
#7834=CARTESIAN_POINT('',(0.282578664620107,-0.626229453569873,2.81));
#7835=CARTESIAN_POINT('',(0.331696085955487,-0.631526188679507,2.81));
#7836=CARTESIAN_POINT('',(0.365157329240215,-0.641915938317635,2.81));
#7837=CARTESIAN_POINT('',(0.365157329240215,-0.641915938317635,2.8));
#7838=CARTESIAN_POINT('',(0.408135072908672,-0.655768937835139,2.8));
#7839=CARTESIAN_POINT('',(0.442210283960092,-0.677363319435954,2.8));
#7840=CARTESIAN_POINT('',(0.491941673062164,-0.736034846804206,2.8));
#7841=CARTESIAN_POINT('',(0.504221028396009,-0.769445022111127,2.8));
#7842=CARTESIAN_POINT('',(0.504221028396009,-0.845229078295119,2.8));
#7843=CARTESIAN_POINT('',(0.491327705295472,-0.873953680235826,2.8));
#7844=CARTESIAN_POINT('',(0.464927091327705,-0.893714576606383,2.8));
#7845=CARTESIAN_POINT('',(0.464927091327705,-0.893714576606383,2.8));
#7846=CARTESIAN_POINT('',(0.464927091327705,-0.893714576606383,2.81));
#7847=CARTESIAN_POINT('',(0.464927091327705,-0.893714576606383,2.81));
#7848=CARTESIAN_POINT('',(0.365157329240215,-0.641915938317635,2.81));
#7849=CARTESIAN_POINT('',(0.408135072908672,-0.655768937835139,2.81));
#7850=CARTESIAN_POINT('',(0.442210283960092,-0.677363319435954,2.81));
#7851=CARTESIAN_POINT('',(0.491941673062164,-0.736034846804206,2.81));
#7852=CARTESIAN_POINT('',(0.504221028396009,-0.769445022111127,2.81));
#7853=CARTESIAN_POINT('',(0.504221028396009,-0.845229078295119,2.81));
#7854=CARTESIAN_POINT('',(0.491327705295472,-0.873953680235826,2.81));
#7855=CARTESIAN_POINT('',(0.464927091327705,-0.893714576606383,2.81));
#7856=CARTESIAN_POINT('',(0.365157329240215,-0.641915938317635,2.81));
#7857=CARTESIAN_POINT('',(0.408135072908672,-0.655768937835139,2.81));
#7858=CARTESIAN_POINT('',(0.442210283960092,-0.677363319435954,2.81));
#7859=CARTESIAN_POINT('',(0.491941673062164,-0.736034846804206,2.81));
#7860=CARTESIAN_POINT('',(0.504221028396009,-0.769445022111127,2.81));
#7861=CARTESIAN_POINT('',(0.504221028396009,-0.845229078295119,2.81));
#7862=CARTESIAN_POINT('',(0.491327705295472,-0.873953680235826,2.81));
#7863=CARTESIAN_POINT('',(0.464927091327705,-0.893714576606383,2.81));
#7864=CARTESIAN_POINT('',(0.464927091327705,-0.893714576606383,2.8));
#7865=CARTESIAN_POINT('',(0.438833461243285,-0.91347547297694,2.8));
#7866=CARTESIAN_POINT('',(0.405986185725249,-0.923457781452788,2.8));
#7867=CARTESIAN_POINT('',(0.341212586339217,-0.923457781452788,2.8));
#7868=CARTESIAN_POINT('',(0.317881811204912,-0.918772208086574,2.8));
#7869=CARTESIAN_POINT('',(0.296699923254029,-0.909808502516424,2.8));
#7870=CARTESIAN_POINT('',(0.296699923254029,-0.909808502516424,2.8));
#7871=CARTESIAN_POINT('',(0.296699923254029,-0.909808502516424,2.81));
#7872=CARTESIAN_POINT('',(0.296699923254029,-0.909808502516424,2.81));
#7873=CARTESIAN_POINT('',(0.464927091327705,-0.893714576606383,2.81));
#7874=CARTESIAN_POINT('',(0.438833461243285,-0.91347547297694,2.81));
#7875=CARTESIAN_POINT('',(0.405986185725249,-0.923457781452788,2.81));
#7876=CARTESIAN_POINT('',(0.341212586339217,-0.923457781452788,2.81));
#7877=CARTESIAN_POINT('',(0.317881811204912,-0.918772208086574,2.81));
#7878=CARTESIAN_POINT('',(0.296699923254029,-0.909808502516424,2.81));
#7879=CARTESIAN_POINT('',(0.464927091327705,-0.893714576606383,2.81));
#7880=CARTESIAN_POINT('',(0.438833461243285,-0.91347547297694,2.81));
#7881=CARTESIAN_POINT('',(0.405986185725249,-0.923457781452788,2.81));
#7882=CARTESIAN_POINT('',(0.341212586339217,-0.923457781452788,2.81));
#7883=CARTESIAN_POINT('',(0.317881811204912,-0.918772208086574,2.81));
#7884=CARTESIAN_POINT('',(0.296699923254029,-0.909808502516424,2.81));
#7885=CARTESIAN_POINT('',(0.296699923254029,-0.909808502516424,2.8));
#7886=CARTESIAN_POINT('',(0.275825019186493,-0.900844796946275,2.8));
#7887=CARTESIAN_POINT('',(0.259861857252494,-0.88780667975333,2.8));
#7888=CARTESIAN_POINT('',(0.248810437452034,-0.871305312681009,2.8));
#7889=CARTESIAN_POINT('',(0.248810437452034,-0.871305312681009,2.8));
#7890=CARTESIAN_POINT('',(0.248810437452034,-0.871305312681009,2.81));
#7891=CARTESIAN_POINT('',(0.248810437452034,-0.871305312681009,2.81));
#7892=CARTESIAN_POINT('',(0.296699923254029,-0.909808502516424,2.81));
#7893=CARTESIAN_POINT('',(0.275825019186493,-0.900844796946275,2.81));
#7894=CARTESIAN_POINT('',(0.259861857252494,-0.88780667975333,2.81));
#7895=CARTESIAN_POINT('',(0.248810437452034,-0.871305312681009,2.81));
#7896=CARTESIAN_POINT('',(0.296699923254029,-0.909808502516424,2.81));
#7897=CARTESIAN_POINT('',(0.275825019186493,-0.900844796946275,2.81));
#7898=CARTESIAN_POINT('',(0.259861857252494,-0.88780667975333,2.81));
#7899=CARTESIAN_POINT('',(0.248810437452034,-0.871305312681009,2.81));
#7900=CARTESIAN_POINT('',(0.591097467382962,-0.722589288448982,2.8));
#7901=CARTESIAN_POINT('',(0.572064466615503,-0.68917911314206,2.8));
#7902=CARTESIAN_POINT('',(0.539217191097467,-0.654342893767161,2.8));
#7903=CARTESIAN_POINT('',(0.492862624712203,-0.618080630324283,2.8));
#7904=CARTESIAN_POINT('',(0.591097467382962,-0.722589288448982,2.8));
#7905=CARTESIAN_POINT('',(0.492862624712203,-0.618080630324283,2.8));
#7906=CARTESIAN_POINT('',(0.492862624712203,-0.618080630324283,2.81));
#7907=CARTESIAN_POINT('',(0.492862624712203,-0.618080630324283,2.81));
#7908=CARTESIAN_POINT('',(0.591097467382962,-0.722589288448982,2.81));
#7909=CARTESIAN_POINT('',(0.572064466615503,-0.68917911314206,2.81));
#7910=CARTESIAN_POINT('',(0.539217191097467,-0.654342893767161,2.81));
#7911=CARTESIAN_POINT('',(0.492862624712203,-0.618080630324283,2.81));
#7912=CARTESIAN_POINT('',(0.591097467382962,-0.722589288448982,2.81));
#7913=CARTESIAN_POINT('',(0.591097467382962,-0.722589288448982,2.81));
#7914=CARTESIAN_POINT('',(0.591097467382962,-0.722589288448982,2.81));
#7915=CARTESIAN_POINT('',(0.572064466615503,-0.68917911314206,2.81));
#7916=CARTESIAN_POINT('',(0.539217191097467,-0.654342893767161,2.81));
#7917=CARTESIAN_POINT('',(0.492862624712203,-0.618080630324283,2.81));
#7918=CARTESIAN_POINT('',(0.492862624712203,-0.618080630324283,2.8));
#7919=CARTESIAN_POINT('',(0.533691481197237,-0.615228542188326,2.8));
#7920=CARTESIAN_POINT('',(0.569608595548734,-0.608709483591854,2.8));
#7921=CARTESIAN_POINT('',(0.6,-0.598523454534865,2.8));
#7922=CARTESIAN_POINT('',(0.6,-0.598523454534865,2.8));
#7923=CARTESIAN_POINT('',(0.6,-0.598523454534865,2.81));
#7924=CARTESIAN_POINT('',(0.6,-0.598523454534865,2.81));
#7925=CARTESIAN_POINT('',(0.492862624712203,-0.618080630324283,2.81));
#7926=CARTESIAN_POINT('',(0.533691481197237,-0.615228542188326,2.81));
#7927=CARTESIAN_POINT('',(0.569608595548734,-0.608709483591854,2.81));
#7928=CARTESIAN_POINT('',(0.6,-0.598523454534865,2.81));
#7929=CARTESIAN_POINT('',(0.492862624712203,-0.618080630324283,2.81));
#7930=CARTESIAN_POINT('',(0.533691481197237,-0.615228542188326,2.81));
#7931=CARTESIAN_POINT('',(0.569608595548734,-0.608709483591854,2.81));
#7932=CARTESIAN_POINT('',(0.6,-0.598523454534865,2.81));
#7933=CARTESIAN_POINT('',(0.6,-0.598523454534865,2.8));
#7934=CARTESIAN_POINT('',(0.6,-0.564502117484525,2.8));
#7935=CARTESIAN_POINT('',(0.6,-0.530480780434185,2.8));
#7936=CARTESIAN_POINT('',(0.6,-0.496459443383844,2.8));
#7937=CARTESIAN_POINT('',(0.6,-0.496459443383844,2.8));
#7938=CARTESIAN_POINT('',(0.6,-0.496459443383844,2.81));
#7939=CARTESIAN_POINT('',(0.6,-0.496459443383844,2.81));
#7940=CARTESIAN_POINT('',(0.6,-0.598523454534865,2.81));
#7941=CARTESIAN_POINT('',(0.6,-0.564502117484525,2.81));
#7942=CARTESIAN_POINT('',(0.6,-0.530480780434185,2.81));
#7943=CARTESIAN_POINT('',(0.6,-0.496459443383844,2.81));
#7944=CARTESIAN_POINT('',(0.6,-0.598523454534865,2.81));
#7945=CARTESIAN_POINT('',(0.6,-0.496459443383844,2.8));
#7946=CARTESIAN_POINT('',(0.566845740598619,-0.50868267825223,2.8));
#7947=CARTESIAN_POINT('',(0.53184957789716,-0.51703522207896,2.8));
#7948=CARTESIAN_POINT('',(0.495625479662318,-0.521109633701755,2.8));
#7949=CARTESIAN_POINT('',(0.495625479662318,-0.521109633701755,2.8));
#7950=CARTESIAN_POINT('',(0.495625479662318,-0.521109633701755,2.81));
#7951=CARTESIAN_POINT('',(0.495625479662318,-0.521109633701755,2.81));
#7952=CARTESIAN_POINT('',(0.6,-0.496459443383844,2.81));
#7953=CARTESIAN_POINT('',(0.566845740598619,-0.50868267825223,2.81));
#7954=CARTESIAN_POINT('',(0.53184957789716,-0.51703522207896,2.81));
#7955=CARTESIAN_POINT('',(0.495625479662318,-0.521109633701755,2.81));
#7956=CARTESIAN_POINT('',(0.6,-0.496459443383844,2.81));
#7957=CARTESIAN_POINT('',(0.566845740598619,-0.50868267825223,2.81));
#7958=CARTESIAN_POINT('',(0.53184957789716,-0.51703522207896,2.81));
#7959=CARTESIAN_POINT('',(0.495625479662318,-0.521109633701755,2.81));
#7960=CARTESIAN_POINT('',(0.495625479662318,-0.521109633701755,2.8));
#7961=CARTESIAN_POINT('',(0.459401381427475,-0.525387765905691,2.8));
#7962=CARTESIAN_POINT('',(0.372831926323868,-0.527424971717088,2.8));
#7963=CARTESIAN_POINT('',(0.170120235354311,-0.527424971717088,2.8));
#7964=CARTESIAN_POINT('',(0.104630340240471,-0.527424971717088,2.8));
#7965=CARTESIAN_POINT('',(-0.0262471220260936,-0.527424971717088,2.8));
#7966=CARTESIAN_POINT('',(-0.0713737528779739,-0.529054736366206,2.8));
#7967=CARTESIAN_POINT('',(-0.0965464313123561,-0.532314265664442,2.8));
#7968=CARTESIAN_POINT('',(-0.0965464313123561,-0.532314265664442,2.8));
#7969=CARTESIAN_POINT('',(-0.0965464313123561,-0.532314265664442,2.81));
#7970=CARTESIAN_POINT('',(-0.0965464313123561,-0.532314265664442,2.81));
#7971=CARTESIAN_POINT('',(0.495625479662318,-0.521109633701755,2.81));
#7972=CARTESIAN_POINT('',(0.459401381427475,-0.525387765905691,2.81));
#7973=CARTESIAN_POINT('',(0.372831926323868,-0.527424971717088,2.81));
#7974=CARTESIAN_POINT('',(0.170120235354311,-0.527424971717088,2.81));
#7975=CARTESIAN_POINT('',(0.104630340240471,-0.527424971717088,2.81));
#7976=CARTESIAN_POINT('',(-0.0262471220260936,-0.527424971717088,2.81));
#7977=CARTESIAN_POINT('',(-0.0713737528779739,-0.529054736366206,2.81));
#7978=CARTESIAN_POINT('',(-0.0965464313123561,-0.532314265664442,2.81));
#7979=CARTESIAN_POINT('',(0.495625479662318,-0.521109633701755,2.81));
#7980=CARTESIAN_POINT('',(0.459401381427475,-0.525387765905691,2.81));
#7981=CARTESIAN_POINT('',(0.372831926323868,-0.527424971717088,2.81));
#7982=CARTESIAN_POINT('',(0.170120235354311,-0.527424971717088,2.81));
#7983=CARTESIAN_POINT('',(0.104630340240471,-0.527424971717088,2.81));
#7984=CARTESIAN_POINT('',(-0.0262471220260936,-0.527424971717088,2.81));
#7985=CARTESIAN_POINT('',(-0.0713737528779739,-0.529054736366206,2.81));
#7986=CARTESIAN_POINT('',(-0.0965464313123561,-0.532314265664442,2.81));
#7987=CARTESIAN_POINT('',(-0.0965464313123561,-0.532314265664442,2.8));
#7988=CARTESIAN_POINT('',(-0.137068303914044,-0.538018441936356,2.8));
#7989=CARTESIAN_POINT('',(-0.170222563315426,-0.548204470993344,2.8));
#7990=CARTESIAN_POINT('',(-0.196930161166539,-0.562668632254267,2.8));
#7991=CARTESIAN_POINT('',(-0.196930161166539,-0.562668632254267,2.8));
#7992=CARTESIAN_POINT('',(-0.196930161166539,-0.562668632254267,2.81));
#7993=CARTESIAN_POINT('',(-0.196930161166539,-0.562668632254267,2.81));
#7994=CARTESIAN_POINT('',(-0.0965464313123561,-0.532314265664442,2.81));
#7995=CARTESIAN_POINT('',(-0.137068303914044,-0.538018441936356,2.81));
#7996=CARTESIAN_POINT('',(-0.170222563315426,-0.548204470993344,2.81));
#7997=CARTESIAN_POINT('',(-0.196930161166539,-0.562668632254267,2.81));
#7998=CARTESIAN_POINT('',(-0.0965464313123561,-0.532314265664442,2.81));
#7999=CARTESIAN_POINT('',(-0.137068303914044,-0.538018441936356,2.81));
#8000=CARTESIAN_POINT('',(-0.170222563315426,-0.548204470993344,2.81));
#8001=CARTESIAN_POINT('',(-0.196930161166539,-0.562668632254267,2.81));
#8002=CARTESIAN_POINT('',(-0.196930161166539,-0.562668632254267,2.8));
#8003=CARTESIAN_POINT('',(-0.223330775134305,-0.57713279351519,2.8));
#8004=CARTESIAN_POINT('',(-0.24512663085188,-0.599745778021704,2.8));
#8005=CARTESIAN_POINT('',(-0.262624712202609,-0.630507585773808,2.8));
#8006=CARTESIAN_POINT('',(-0.262624712202609,-0.630507585773808,2.8));
#8007=CARTESIAN_POINT('',(-0.262624712202609,-0.630507585773808,2.81));
#8008=CARTESIAN_POINT('',(-0.262624712202609,-0.630507585773808,2.81));
#8009=CARTESIAN_POINT('',(-0.196930161166539,-0.562668632254267,2.81));
#8010=CARTESIAN_POINT('',(-0.223330775134305,-0.57713279351519,2.81));
#8011=CARTESIAN_POINT('',(-0.24512663085188,-0.599745778021704,2.81));
#8012=CARTESIAN_POINT('',(-0.262624712202609,-0.630507585773808,2.81));
#8013=CARTESIAN_POINT('',(-0.196930161166539,-0.562668632254267,2.81));
#8014=CARTESIAN_POINT('',(-0.223330775134305,-0.57713279351519,2.81));
#8015=CARTESIAN_POINT('',(-0.24512663085188,-0.599745778021704,2.81));
#8016=CARTESIAN_POINT('',(-0.262624712202609,-0.630507585773808,2.81));
#8017=CARTESIAN_POINT('',(-0.262624712202609,-0.630507585773808,2.8));
#8018=CARTESIAN_POINT('',(-0.280122793553338,-0.661473114107052,2.8));
#8019=CARTESIAN_POINT('',(-0.289025326170376,-0.701402348010446,2.8));
#8020=CARTESIAN_POINT('',(-0.289025326170376,-0.800206829863231,2.8));
#8021=CARTESIAN_POINT('',(-0.278587874136608,-0.844006754808281,2.8));
#8022=CARTESIAN_POINT('',(-0.258326937835764,-0.881491341737997,2.8));
#8023=CARTESIAN_POINT('',(-0.258326937835764,-0.881491341737997,2.8));
#8024=CARTESIAN_POINT('',(-0.258326937835764,-0.881491341737997,2.81));
#8025=CARTESIAN_POINT('',(-0.258326937835764,-0.881491341737997,2.81));
#8026=CARTESIAN_POINT('',(-0.262624712202609,-0.630507585773808,2.81));
#8027=CARTESIAN_POINT('',(-0.280122793553338,-0.661473114107052,2.81));
#8028=CARTESIAN_POINT('',(-0.289025326170376,-0.701402348010446,2.81));
#8029=CARTESIAN_POINT('',(-0.289025326170376,-0.800206829863231,2.81));
#8030=CARTESIAN_POINT('',(-0.278587874136608,-0.844006754808281,2.81));
#8031=CARTESIAN_POINT('',(-0.258326937835764,-0.881491341737997,2.81));
#8032=CARTESIAN_POINT('',(-0.262624712202609,-0.630507585773808,2.81));
#8033=CARTESIAN_POINT('',(-0.280122793553338,-0.661473114107052,2.81));
#8034=CARTESIAN_POINT('',(-0.289025326170376,-0.701402348010446,2.81));
#8035=CARTESIAN_POINT('',(-0.289025326170376,-0.800206829863231,2.81));
#8036=CARTESIAN_POINT('',(-0.278587874136608,-0.844006754808281,2.81));
#8037=CARTESIAN_POINT('',(-0.258326937835764,-0.881491341737997,2.81));
#8038=CARTESIAN_POINT('',(-0.258326937835764,-0.881491341737997,2.8));
#8039=CARTESIAN_POINT('',(-0.237759017651573,-0.919179649248853,2.8));
#8040=CARTESIAN_POINT('',(-0.208595548733691,-0.9481079717707,2.8));
#8041=CARTESIAN_POINT('',(-0.170529547198772,-0.967868868141257,2.8));
#8042=CARTESIAN_POINT('',(-0.170529547198772,-0.967868868141257,2.8));
#8043=CARTESIAN_POINT('',(-0.170529547198772,-0.967868868141257,2.81));
#8044=CARTESIAN_POINT('',(-0.170529547198772,-0.967868868141257,2.81));
#8045=CARTESIAN_POINT('',(-0.258326937835764,-0.881491341737997,2.81));
#8046=CARTESIAN_POINT('',(-0.237759017651573,-0.919179649248853,2.81));
#8047=CARTESIAN_POINT('',(-0.208595548733691,-0.9481079717707,2.81));
#8048=CARTESIAN_POINT('',(-0.170529547198772,-0.967868868141257,2.81));
#8049=CARTESIAN_POINT('',(-0.258326937835764,-0.881491341737997,2.81));
#8050=CARTESIAN_POINT('',(-0.237759017651573,-0.919179649248853,2.81));
#8051=CARTESIAN_POINT('',(-0.208595548733691,-0.9481079717707,2.81));
#8052=CARTESIAN_POINT('',(-0.170529547198772,-0.967868868141257,2.81));
#8053=CARTESIAN_POINT('',(-0.170529547198772,-0.967868868141257,2.8));
#8054=CARTESIAN_POINT('',(-0.132770529547199,-0.987833485092954,2.8));
#8055=CARTESIAN_POINT('',(-0.0830391404451266,-1.00209392577274,2.8));
#8056=CARTESIAN_POINT('',(-0.0213353798925556,-1.01085391076175,2.8));
#8057=CARTESIAN_POINT('',(-0.0213353798925556,-1.01085391076175,2.8));
#8058=CARTESIAN_POINT('',(-0.0213353798925556,-1.01085391076175,2.81));
#8059=CARTESIAN_POINT('',(-0.0213353798925556,-1.01085391076175,2.81));
#8060=CARTESIAN_POINT('',(-0.170529547198772,-0.967868868141257,2.81));
#8061=CARTESIAN_POINT('',(-0.132770529547199,-0.987833485092954,2.81));
#8062=CARTESIAN_POINT('',(-0.0830391404451266,-1.00209392577274,2.81));
#8063=CARTESIAN_POINT('',(-0.0213353798925556,-1.01085391076175,2.81));
#8064=CARTESIAN_POINT('',(-0.170529547198772,-0.967868868141257,2.81));
#8065=CARTESIAN_POINT('',(-0.132770529547199,-0.987833485092954,2.81));
#8066=CARTESIAN_POINT('',(-0.0830391404451266,-1.00209392577274,2.81));
#8067=CARTESIAN_POINT('',(-0.0213353798925556,-1.01085391076175,2.81));
#8068=CARTESIAN_POINT('',(-0.0213353798925556,-1.01085391076175,2.8));
#8069=CARTESIAN_POINT('',(-0.0147863903811717,-0.979005593243564,2.8));
#8070=CARTESIAN_POINT('',(-0.00823740086978767,-0.947157275725381,2.8));
#8071=CARTESIAN_POINT('',(-0.0016884113584037,-0.915308958207198,2.8));
#8072=CARTESIAN_POINT('',(-0.0016884113584037,-0.915308958207198,2.8));
#8073=CARTESIAN_POINT('',(-0.0016884113584037,-0.915308958207198,2.81));
#8074=CARTESIAN_POINT('',(-0.0016884113584037,-0.915308958207198,2.81));
#8075=CARTESIAN_POINT('',(-0.0213353798925556,-1.01085391076175,2.81));
#8076=CARTESIAN_POINT('',(-0.0147863903811717,-0.979005593243564,2.81));
#8077=CARTESIAN_POINT('',(-0.00823740086978767,-0.947157275725381,2.81));
#8078=CARTESIAN_POINT('',(-0.0016884113584037,-0.915308958207198,2.81));
#8079=CARTESIAN_POINT('',(-0.0213353798925556,-1.01085391076175,2.81));
#8080=CARTESIAN_POINT('',(-0.0016884113584037,-0.915308958207198,2.8));
#8081=CARTESIAN_POINT('',(-0.0633921719109747,-0.90471548798793,2.8));
#8082=CARTESIAN_POINT('',(-0.106369915579432,-0.888621562077889,2.8));
#8083=CARTESIAN_POINT('',(-0.15487336914812,-0.8446179165517,2.8));
#8084=CARTESIAN_POINT('',(-0.166845740598619,-0.810800300082499,2.8));
#8085=CARTESIAN_POINT('',(-0.166845740598619,-0.71545906810909,2.8));
#8086=CARTESIAN_POINT('',(-0.150268610897928,-0.678381922341653,2.8));
#8087=CARTESIAN_POINT('',(-0.117114351496546,-0.653324290861462,2.8));
#8088=CARTESIAN_POINT('',(-0.117114351496546,-0.653324290861462,2.8));
#8089=CARTESIAN_POINT('',(-0.117114351496546,-0.653324290861462,2.81));
#8090=CARTESIAN_POINT('',(-0.117114351496546,-0.653324290861462,2.81));
#8091=CARTESIAN_POINT('',(-0.0016884113584037,-0.915308958207198,2.81));
#8092=CARTESIAN_POINT('',(-0.0633921719109747,-0.90471548798793,2.81));
#8093=CARTESIAN_POINT('',(-0.106369915579432,-0.888621562077889,2.81));
#8094=CARTESIAN_POINT('',(-0.15487336914812,-0.8446179165517,2.81));
#8095=CARTESIAN_POINT('',(-0.166845740598619,-0.810800300082499,2.81));
#8096=CARTESIAN_POINT('',(-0.166845740598619,-0.71545906810909,2.81));
#8097=CARTESIAN_POINT('',(-0.150268610897928,-0.678381922341653,2.81));
#8098=CARTESIAN_POINT('',(-0.117114351496546,-0.653324290861462,2.81));
#8099=CARTESIAN_POINT('',(-0.0016884113584037,-0.915308958207198,2.81));
#8100=CARTESIAN_POINT('',(-0.0633921719109747,-0.90471548798793,2.81));
#8101=CARTESIAN_POINT('',(-0.106369915579432,-0.888621562077889,2.81));
#8102=CARTESIAN_POINT('',(-0.15487336914812,-0.8446179165517,2.81));
#8103=CARTESIAN_POINT('',(-0.166845740598619,-0.810800300082499,2.81));
#8104=CARTESIAN_POINT('',(-0.166845740598619,-0.71545906810909,2.81));
#8105=CARTESIAN_POINT('',(-0.150268610897928,-0.678381922341653,2.81));
#8106=CARTESIAN_POINT('',(-0.117114351496546,-0.653324290861462,2.81));
#8107=CARTESIAN_POINT('',(-0.117114351496546,-0.653324290861462,2.8));
#8108=CARTESIAN_POINT('',(-0.0925556408288565,-0.634989438558883,2.8));
#8109=CARTESIAN_POINT('',(-0.0501918649270913,-0.625618291826454,2.8));
#8110=CARTESIAN_POINT('',(0.0151957022256332,-0.625618291826454,2.8));
#8111=CARTESIAN_POINT('',(0.0280890253261704,-0.625822012407594,2.8));
#8112=CARTESIAN_POINT('',(0.0483499616270145,-0.626229453569873,2.8));
#8113=CARTESIAN_POINT('',(0.0483499616270145,-0.626229453569873,2.8));
#8114=CARTESIAN_POINT('',(0.0483499616270145,-0.626229453569873,2.81));
#8115=CARTESIAN_POINT('',(0.0483499616270145,-0.626229453569873,2.81));
#8116=CARTESIAN_POINT('',(-0.117114351496546,-0.653324290861462,2.81));
#8117=CARTESIAN_POINT('',(-0.0925556408288565,-0.634989438558883,2.81));
#8118=CARTESIAN_POINT('',(-0.0501918649270913,-0.625618291826454,2.81));
#8119=CARTESIAN_POINT('',(0.0151957022256332,-0.625618291826454,2.81));
#8120=CARTESIAN_POINT('',(0.0280890253261704,-0.625822012407594,2.81));
#8121=CARTESIAN_POINT('',(0.0483499616270145,-0.626229453569873,2.81));
#8122=CARTESIAN_POINT('',(-0.117114351496546,-0.653324290861462,2.81));
#8123=CARTESIAN_POINT('',(-0.0925556408288565,-0.634989438558883,2.81));
#8124=CARTESIAN_POINT('',(-0.0501918649270913,-0.625618291826454,2.81));
#8125=CARTESIAN_POINT('',(0.0151957022256332,-0.625618291826454,2.81));
#8126=CARTESIAN_POINT('',(0.0280890253261704,-0.625822012407594,2.81));
#8127=CARTESIAN_POINT('',(0.0483499616270145,-0.626229453569873,2.81));
#8128=CARTESIAN_POINT('',(0.0483499616270145,-0.626229453569873,2.8));
#8129=CARTESIAN_POINT('',(0.0679969301611666,-0.66351031991845,2.8));
#8130=CARTESIAN_POINT('',(0.0848810437452033,-0.721774406124423,2.8));
#8131=CARTESIAN_POINT('',(0.0990023023791251,-0.800614271025511,2.8));
#8132=CARTESIAN_POINT('',(0.0990023023791251,-0.800614271025511,2.8));
#8133=CARTESIAN_POINT('',(0.0990023023791251,-0.800614271025511,2.81));
#8134=CARTESIAN_POINT('',(0.0990023023791251,-0.800614271025511,2.81));
#8135=CARTESIAN_POINT('',(0.0483499616270145,-0.626229453569873,2.81));
#8136=CARTESIAN_POINT('',(0.0679969301611666,-0.66351031991845,2.81));
#8137=CARTESIAN_POINT('',(0.0848810437452033,-0.721774406124423,2.81));
#8138=CARTESIAN_POINT('',(0.0990023023791251,-0.800614271025511,2.81));
#8139=CARTESIAN_POINT('',(0.0483499616270145,-0.626229453569873,2.81));
#8140=CARTESIAN_POINT('',(0.0679969301611666,-0.66351031991845,2.81));
#8141=CARTESIAN_POINT('',(0.0848810437452033,-0.721774406124423,2.81));
#8142=CARTESIAN_POINT('',(0.0990023023791251,-0.800614271025511,2.81));
#8143=CARTESIAN_POINT('',(0.0990023023791251,-0.800614271025511,2.8));
#8144=CARTESIAN_POINT('',(0.106062931696086,-0.839321181442066,2.8));
#8145=CARTESIAN_POINT('',(0.113430544896393,-0.868249503963913,2.8));
#8146=CARTESIAN_POINT('',(0.121105141980046,-0.88760295917219,2.8));
#8147=CARTESIAN_POINT('',(0.121105141980046,-0.88760295917219,2.8));
#8148=CARTESIAN_POINT('',(0.121105141980046,-0.88760295917219,2.81));
#8149=CARTESIAN_POINT('',(0.121105141980046,-0.88760295917219,2.81));
#8150=CARTESIAN_POINT('',(0.0990023023791251,-0.800614271025511,2.81));
#8151=CARTESIAN_POINT('',(0.106062931696086,-0.839321181442066,2.81));
#8152=CARTESIAN_POINT('',(0.113430544896393,-0.868249503963913,2.81));
#8153=CARTESIAN_POINT('',(0.121105141980046,-0.88760295917219,2.81));
#8154=CARTESIAN_POINT('',(0.0990023023791251,-0.800614271025511,2.81));
#8155=CARTESIAN_POINT('',(0.106062931696086,-0.839321181442066,2.81));
#8156=CARTESIAN_POINT('',(0.113430544896393,-0.868249503963913,2.81));
#8157=CARTESIAN_POINT('',(0.121105141980046,-0.88760295917219,2.81));
#8158=CARTESIAN_POINT('',(0.121105141980046,-0.88760295917219,2.8));
#8159=CARTESIAN_POINT('',(0.132156561780506,-0.91367919355808,2.8));
#8160=CARTESIAN_POINT('',(0.148119723714505,-0.937107060389153,2.8));
#8161=CARTESIAN_POINT('',(0.169608595548734,-0.957886559665409,2.8));
#8162=CARTESIAN_POINT('',(0.169608595548734,-0.957886559665409,2.8));
#8163=CARTESIAN_POINT('',(0.169608595548734,-0.957886559665409,2.81));
#8164=CARTESIAN_POINT('',(0.169608595548734,-0.957886559665409,2.81));
#8165=CARTESIAN_POINT('',(0.121105141980046,-0.88760295917219,2.81));
#8166=CARTESIAN_POINT('',(0.132156561780506,-0.91367919355808,2.81));
#8167=CARTESIAN_POINT('',(0.148119723714505,-0.937107060389153,2.81));
#8168=CARTESIAN_POINT('',(0.169608595548734,-0.957886559665409,2.81));
#8169=CARTESIAN_POINT('',(0.121105141980046,-0.88760295917219,2.81));
#8170=CARTESIAN_POINT('',(0.132156561780506,-0.91367919355808,2.81));
#8171=CARTESIAN_POINT('',(0.148119723714505,-0.937107060389153,2.81));
#8172=CARTESIAN_POINT('',(0.169608595548734,-0.957886559665409,2.81));
#8173=CARTESIAN_POINT('',(0.169608595548734,-0.957886559665409,2.8));
#8174=CARTESIAN_POINT('',(0.190790483499616,-0.978666058941664,2.8));
#8175=CARTESIAN_POINT('',(0.21903300076746,-0.995574867176265,2.8));
#8176=CARTESIAN_POINT('',(0.254336147352264,-1.00840926378807,2.8));
#8177=CARTESIAN_POINT('',(0.254336147352264,-1.00840926378807,2.8));
#8178=CARTESIAN_POINT('',(0.254336147352264,-1.00840926378807,2.81));
#8179=CARTESIAN_POINT('',(0.254336147352264,-1.00840926378807,2.81));
#8180=CARTESIAN_POINT('',(0.169608595548734,-0.957886559665409,2.81));
#8181=CARTESIAN_POINT('',(0.190790483499616,-0.978666058941664,2.81));
#8182=CARTESIAN_POINT('',(0.21903300076746,-0.995574867176265,2.81));
#8183=CARTESIAN_POINT('',(0.254336147352264,-1.00840926378807,2.81));
#8184=CARTESIAN_POINT('',(0.169608595548734,-0.957886559665409,2.81));
#8185=CARTESIAN_POINT('',(0.190790483499616,-0.978666058941664,2.81));
#8186=CARTESIAN_POINT('',(0.21903300076746,-0.995574867176265,2.81));
#8187=CARTESIAN_POINT('',(0.254336147352264,-1.00840926378807,2.81));
#8188=CARTESIAN_POINT('',(0.254336147352264,-1.00840926378807,2.8));
#8189=CARTESIAN_POINT('',(0.289332310053722,-1.02124366039987,2.8));
#8190=CARTESIAN_POINT('',(0.32831926323868,-1.02776271899635,2.8));
#8191=CARTESIAN_POINT('',(0.443438219493477,-1.02776271899635,2.8));
#8192=CARTESIAN_POINT('',(0.502993092862625,-1.01065019018061,2.8));
#8193=CARTESIAN_POINT('',(0.596316193399847,-0.942607516079926,2.8));
#8194=CARTESIAN_POINT('',(0.619646968534152,-0.893918297187523,2.8));
#8195=CARTESIAN_POINT('',(0.619646968534152,-0.792058006617641,2.8));
#8196=CARTESIAN_POINT('',(0.610130468150422,-0.756203184337043,2.8));
#8197=CARTESIAN_POINT('',(0.591097467382962,-0.722589288448982,2.8));
#8198=CARTESIAN_POINT('',(0.254336147352264,-1.00840926378807,2.81));
#8199=CARTESIAN_POINT('',(0.289332310053722,-1.02124366039987,2.81));
#8200=CARTESIAN_POINT('',(0.32831926323868,-1.02776271899635,2.81));
#8201=CARTESIAN_POINT('',(0.443438219493477,-1.02776271899635,2.81));
#8202=CARTESIAN_POINT('',(0.502993092862625,-1.01065019018061,2.81));
#8203=CARTESIAN_POINT('',(0.596316193399847,-0.942607516079926,2.81));
#8204=CARTESIAN_POINT('',(0.619646968534152,-0.893918297187523,2.81));
#8205=CARTESIAN_POINT('',(0.619646968534152,-0.792058006617641,2.81));
#8206=CARTESIAN_POINT('',(0.610130468150422,-0.756203184337043,2.81));
#8207=CARTESIAN_POINT('',(0.591097467382962,-0.722589288448982,2.81));
#8208=CARTESIAN_POINT('',(0.254336147352264,-1.00840926378807,2.81));
#8209=CARTESIAN_POINT('',(0.289332310053722,-1.02124366039987,2.81));
#8210=CARTESIAN_POINT('',(0.32831926323868,-1.02776271899635,2.81));
#8211=CARTESIAN_POINT('',(0.443438219493477,-1.02776271899635,2.81));
#8212=CARTESIAN_POINT('',(0.502993092862625,-1.01065019018061,2.81));
#8213=CARTESIAN_POINT('',(0.596316193399847,-0.942607516079926,2.81));
#8214=CARTESIAN_POINT('',(0.619646968534152,-0.893918297187523,2.81));
#8215=CARTESIAN_POINT('',(0.619646968534152,-0.792058006617641,2.81));
#8216=CARTESIAN_POINT('',(0.610130468150422,-0.756203184337043,2.81));
#8217=CARTESIAN_POINT('',(0.591097467382962,-0.722589288448982,2.81));
#8218=CARTESIAN_POINT('',(0.248810437452034,-0.871305312681009,2.8));
#8219=CARTESIAN_POINT('',(0.238066001534919,-0.854600225027548,2.8));
#8220=CARTESIAN_POINT('',(0.228242517267843,-0.826079343667982,2.8));
#8221=CARTESIAN_POINT('',(0.219339984650806,-0.785946389183448,2.8));
#8222=CARTESIAN_POINT('',(0.248810437452034,-0.871305312681009,2.81));
#8223=CARTESIAN_POINT('',(0.238066001534919,-0.854600225027548,2.81));
#8224=CARTESIAN_POINT('',(0.228242517267843,-0.826079343667982,2.81));
#8225=CARTESIAN_POINT('',(0.219339984650806,-0.785946389183448,2.81));
#8226=CARTESIAN_POINT('',(0.248810437452034,-0.871305312681009,2.81));
#8227=CARTESIAN_POINT('',(0.238066001534919,-0.854600225027548,2.81));
#8228=CARTESIAN_POINT('',(0.228242517267843,-0.826079343667982,2.81));
#8229=CARTESIAN_POINT('',(0.219339984650806,-0.785946389183448,2.81));
#8230=CARTESIAN_POINT('',(0.552225633154259,-0.671404492437616,2.81));
#8231=CARTESIAN_POINT('',(0.552225633154259,-0.671404492437616,2.8));
#8232=CARTESIAN_POINT('',(-0.269378357636224,0.55168294658024,2.8));
#8233=CARTESIAN_POINT('',(0.0204144282425173,0.55168294658024,2.8));
#8234=CARTESIAN_POINT('',(0.310207214121259,0.55168294658024,2.8));
#8235=CARTESIAN_POINT('',(0.6,0.55168294658024,2.8));
#8236=CARTESIAN_POINT('',(-0.269378357636224,0.55168294658024,2.8));
#8237=CARTESIAN_POINT('',(0.6,0.55168294658024,2.8));
#8238=CARTESIAN_POINT('',(0.6,0.55168294658024,2.81));
#8239=CARTESIAN_POINT('',(0.6,0.55168294658024,2.81));
#8240=CARTESIAN_POINT('',(-0.269378357636224,0.55168294658024,2.81));
#8241=CARTESIAN_POINT('',(0.0204144282425173,0.55168294658024,2.81));
#8242=CARTESIAN_POINT('',(0.310207214121259,0.55168294658024,2.81));
#8243=CARTESIAN_POINT('',(0.6,0.55168294658024,2.81));
#8244=CARTESIAN_POINT('',(-0.269378357636224,0.55168294658024,2.81));
#8245=CARTESIAN_POINT('',(-0.269378357636224,0.55168294658024,2.81));
#8246=CARTESIAN_POINT('',(-0.269378357636224,0.55168294658024,2.81));
#8247=CARTESIAN_POINT('',(0.6,0.55168294658024,2.8));
#8248=CARTESIAN_POINT('',(0.6,0.584278239562602,2.8));
#8249=CARTESIAN_POINT('',(0.6,0.616873532544964,2.8));
#8250=CARTESIAN_POINT('',(0.6,0.649468825527326,2.8));
#8251=CARTESIAN_POINT('',(0.6,0.649468825527326,2.8));
#8252=CARTESIAN_POINT('',(0.6,0.649468825527326,2.81));
#8253=CARTESIAN_POINT('',(0.6,0.649468825527326,2.81));
#8254=CARTESIAN_POINT('',(0.6,0.55168294658024,2.81));
#8255=CARTESIAN_POINT('',(0.6,0.584278239562602,2.81));
#8256=CARTESIAN_POINT('',(0.6,0.616873532544964,2.81));
#8257=CARTESIAN_POINT('',(0.6,0.649468825527326,2.81));
#8258=CARTESIAN_POINT('',(0.6,0.55168294658024,2.81));
#8259=CARTESIAN_POINT('',(0.6,0.649468825527326,2.8));
#8260=CARTESIAN_POINT('',(0.310207214121259,0.649468825527326,2.8));
#8261=CARTESIAN_POINT('',(0.0204144282425173,0.649468825527326,2.8));
#8262=CARTESIAN_POINT('',(-0.269378357636224,0.649468825527326,2.8));
#8263=CARTESIAN_POINT('',(-0.269378357636224,0.649468825527326,2.8));
#8264=CARTESIAN_POINT('',(-0.269378357636224,0.649468825527326,2.81));
#8265=CARTESIAN_POINT('',(-0.269378357636224,0.649468825527326,2.81));
#8266=CARTESIAN_POINT('',(0.6,0.649468825527326,2.81));
#8267=CARTESIAN_POINT('',(0.310207214121259,0.649468825527326,2.81));
#8268=CARTESIAN_POINT('',(0.0204144282425173,0.649468825527326,2.81));
#8269=CARTESIAN_POINT('',(-0.269378357636224,0.649468825527326,2.81));
#8270=CARTESIAN_POINT('',(0.6,0.649468825527326,2.81));
#8271=CARTESIAN_POINT('',(-0.269378357636224,0.649468825527326,2.8));
#8272=CARTESIAN_POINT('',(-0.269378357636224,0.616873532544964,2.8));
#8273=CARTESIAN_POINT('',(-0.269378357636224,0.584278239562602,2.8));
#8274=CARTESIAN_POINT('',(-0.269378357636224,0.55168294658024,2.8));
#8275=CARTESIAN_POINT('',(-0.269378357636224,0.649468825527326,2.81));
#8276=CARTESIAN_POINT('',(-0.269378357636224,0.616873532544964,2.81));
#8277=CARTESIAN_POINT('',(-0.269378357636224,0.584278239562602,2.81));
#8278=CARTESIAN_POINT('',(-0.269378357636224,0.55168294658024,2.81));
#8279=CARTESIAN_POINT('',(-0.269378357636224,0.649468825527326,2.81));
#8280=CARTESIAN_POINT('',(0.165310821181888,0.55168294658024,2.81));
#8281=CARTESIAN_POINT('',(0.165310821181888,0.55168294658024,2.8));
#8282=CARTESIAN_POINT('',(0.399539524174981,1.52505988326603,2.8));
#8283=CARTESIAN_POINT('',(0.347045280122794,1.49490923725735,2.8));
#8284=CARTESIAN_POINT('',(0.263852647735994,1.479833914253,2.8));
#8285=CARTESIAN_POINT('',(0.0449731389102073,1.479833914253,2.8));
#8286=CARTESIAN_POINT('',(-0.0339217191097467,1.49511295783848,2.8));
#8287=CARTESIAN_POINT('',(-0.140457306586069,1.55600411132238,2.8));
#8288=CARTESIAN_POINT('',(-0.166845740598619,1.59289883678557,2.8));
#8289=CARTESIAN_POINT('',(-0.166845740598619,1.68049868667567,2.8));
#8290=CARTESIAN_POINT('',(-0.13983115886416,1.71818699418653,2.8));
#8291=CARTESIAN_POINT('',(-0.0858019953952417,1.74955996368205,2.8));
#8292=CARTESIAN_POINT('',(0.399539524174981,1.52505988326603,2.8));
#8293=CARTESIAN_POINT('',(-0.0858019953952417,1.74955996368205,2.8));
#8294=CARTESIAN_POINT('',(-0.0858019953952417,1.74955996368205,2.81));
#8295=CARTESIAN_POINT('',(-0.0858019953952417,1.74955996368205,2.81));
#8296=CARTESIAN_POINT('',(0.399539524174981,1.52505988326603,2.81));
#8297=CARTESIAN_POINT('',(0.347045280122794,1.49490923725735,2.81));
#8298=CARTESIAN_POINT('',(0.263852647735994,1.479833914253,2.81));
#8299=CARTESIAN_POINT('',(0.0449731389102073,1.479833914253,2.81));
#8300=CARTESIAN_POINT('',(-0.0339217191097467,1.49511295783848,2.81));
#8301=CARTESIAN_POINT('',(-0.140457306586069,1.55600411132238,2.81));
#8302=CARTESIAN_POINT('',(-0.166845740598619,1.59289883678557,2.81));
#8303=CARTESIAN_POINT('',(-0.166845740598619,1.68049868667567,2.81));
#8304=CARTESIAN_POINT('',(-0.13983115886416,1.71818699418653,2.81));
#8305=CARTESIAN_POINT('',(-0.0858019953952417,1.74955996368205,2.81));
#8306=CARTESIAN_POINT('',(0.399539524174981,1.52505988326603,2.81));
#8307=CARTESIAN_POINT('',(0.399539524174981,1.52505988326603,2.81));
#8308=CARTESIAN_POINT('',(0.399539524174981,1.52505988326603,2.81));
#8309=CARTESIAN_POINT('',(0.347045280122794,1.49490923725735,2.81));
#8310=CARTESIAN_POINT('',(0.263852647735994,1.479833914253,2.81));
#8311=CARTESIAN_POINT('',(0.0449731389102073,1.479833914253,2.81));
#8312=CARTESIAN_POINT('',(-0.0339217191097467,1.49511295783848,2.81));
#8313=CARTESIAN_POINT('',(-0.140457306586069,1.55600411132238,2.81));
#8314=CARTESIAN_POINT('',(-0.166845740598619,1.59289883678557,2.81));
#8315=CARTESIAN_POINT('',(-0.166845740598619,1.68049868667567,2.81));
#8316=CARTESIAN_POINT('',(-0.13983115886416,1.71818699418653,2.81));
#8317=CARTESIAN_POINT('',(-0.0858019953952417,1.74955996368205,2.81));
#8318=CARTESIAN_POINT('',(0.693323100537222,1.49409435493279,2.8));
#8319=CARTESIAN_POINT('',(0.686262471220261,1.46238185113536,2.8));
#8320=CARTESIAN_POINT('',(0.6792018419033,1.43066934733794,2.8));
#8321=CARTESIAN_POINT('',(0.672141212586339,1.39895684354052,2.8));
#8322=CARTESIAN_POINT('',(0.693323100537222,1.49409435493279,2.8));
#8323=CARTESIAN_POINT('',(0.672141212586339,1.39895684354052,2.8));
#8324=CARTESIAN_POINT('',(0.672141212586339,1.39895684354052,2.81));
#8325=CARTESIAN_POINT('',(0.672141212586339,1.39895684354052,2.81));
#8326=CARTESIAN_POINT('',(0.693323100537222,1.49409435493279,2.81));
#8327=CARTESIAN_POINT('',(0.686262471220261,1.46238185113536,2.81));
#8328=CARTESIAN_POINT('',(0.6792018419033,1.43066934733794,2.81));
#8329=CARTESIAN_POINT('',(0.672141212586339,1.39895684354052,2.81));
#8330=CARTESIAN_POINT('',(0.693323100537222,1.49409435493279,2.81));
#8331=CARTESIAN_POINT('',(0.693323100537222,1.49409435493279,2.81));
#8332=CARTESIAN_POINT('',(0.693323100537222,1.49409435493279,2.81));
#8333=CARTESIAN_POINT('',(0.672141212586339,1.39895684354052,2.8));
#8334=CARTESIAN_POINT('',(0.765771297006907,1.39753079947254,2.8));
#8335=CARTESIAN_POINT('',(0.83607060629317,1.41790285758651,2.8));
#8336=CARTESIAN_POINT('',(0.929393706830391,1.50265061934066,2.8));
#8337=CARTESIAN_POINT('',(0.952724481964697,1.55826633799181,2.8));
#8338=CARTESIAN_POINT('',(0.952724481964697,1.68498053946074,2.8));
#8339=CARTESIAN_POINT('',(0.936454336147352,1.73387347893429,2.8));
#8340=CARTESIAN_POINT('',(0.903607060629317,1.77359899225654,2.8));
#8341=CARTESIAN_POINT('',(0.903607060629317,1.77359899225654,2.8));
#8342=CARTESIAN_POINT('',(0.903607060629317,1.77359899225654,2.81));
#8343=CARTESIAN_POINT('',(0.903607060629317,1.77359899225654,2.81));
#8344=CARTESIAN_POINT('',(0.672141212586339,1.39895684354052,2.81));
#8345=CARTESIAN_POINT('',(0.765771297006907,1.39753079947254,2.81));
#8346=CARTESIAN_POINT('',(0.83607060629317,1.41790285758651,2.81));
#8347=CARTESIAN_POINT('',(0.929393706830391,1.50265061934066,2.81));
#8348=CARTESIAN_POINT('',(0.952724481964697,1.55826633799181,2.81));
#8349=CARTESIAN_POINT('',(0.952724481964697,1.68498053946074,2.81));
#8350=CARTESIAN_POINT('',(0.936454336147352,1.73387347893429,2.81));
#8351=CARTESIAN_POINT('',(0.903607060629317,1.77359899225654,2.81));
#8352=CARTESIAN_POINT('',(0.672141212586339,1.39895684354052,2.81));
#8353=CARTESIAN_POINT('',(0.765771297006907,1.39753079947254,2.81));
#8354=CARTESIAN_POINT('',(0.83607060629317,1.41790285758651,2.81));
#8355=CARTESIAN_POINT('',(0.929393706830391,1.50265061934066,2.81));
#8356=CARTESIAN_POINT('',(0.952724481964697,1.55826633799181,2.81));
#8357=CARTESIAN_POINT('',(0.952724481964697,1.68498053946074,2.81));
#8358=CARTESIAN_POINT('',(0.936454336147352,1.73387347893429,2.81));
#8359=CARTESIAN_POINT('',(0.903607060629317,1.77359899225654,2.81));
#8360=CARTESIAN_POINT('',(0.903607060629317,1.77359899225654,2.8));
#8361=CARTESIAN_POINT('',(0.871066768994628,1.81312078499766,2.8));
#8362=CARTESIAN_POINT('',(0.826247122026094,1.8420491075195,2.8));
#8363=CARTESIAN_POINT('',(0.71327705295472,1.87871881212466,2.8));
#8364=CARTESIAN_POINT('',(0.617498081350729,1.88788623827595,2.8));
#8365=CARTESIAN_POINT('',(0.231619339984651,1.88788623827595,2.8));
#8366=CARTESIAN_POINT('',(-0.0188795088257866,1.88788623827595,2.8));
#8367=CARTESIAN_POINT('',(-0.269378357636224,1.88788623827595,2.8));
#8368=CARTESIAN_POINT('',(-0.269378357636224,1.88788623827595,2.8));
#8369=CARTESIAN_POINT('',(-0.269378357636224,1.88788623827595,2.81));
#8370=CARTESIAN_POINT('',(-0.269378357636224,1.88788623827595,2.81));
#8371=CARTESIAN_POINT('',(0.903607060629317,1.77359899225654,2.81));
#8372=CARTESIAN_POINT('',(0.871066768994628,1.81312078499766,2.81));
#8373=CARTESIAN_POINT('',(0.826247122026094,1.8420491075195,2.81));
#8374=CARTESIAN_POINT('',(0.71327705295472,1.87871881212466,2.81));
#8375=CARTESIAN_POINT('',(0.617498081350729,1.88788623827595,2.81));
#8376=CARTESIAN_POINT('',(0.231619339984651,1.88788623827595,2.81));
#8377=CARTESIAN_POINT('',(-0.0188795088257866,1.88788623827595,2.81));
#8378=CARTESIAN_POINT('',(-0.269378357636224,1.88788623827595,2.81));
#8379=CARTESIAN_POINT('',(0.903607060629317,1.77359899225654,2.81));
#8380=CARTESIAN_POINT('',(0.871066768994628,1.81312078499766,2.81));
#8381=CARTESIAN_POINT('',(0.826247122026094,1.8420491075195,2.81));
#8382=CARTESIAN_POINT('',(0.71327705295472,1.87871881212466,2.81));
#8383=CARTESIAN_POINT('',(0.617498081350729,1.88788623827595,2.81));
#8384=CARTESIAN_POINT('',(0.231619339984651,1.88788623827595,2.81));
#8385=CARTESIAN_POINT('',(-0.0188795088257866,1.88788623827595,2.81));
#8386=CARTESIAN_POINT('',(-0.269378357636224,1.88788623827595,2.81));
#8387=CARTESIAN_POINT('',(-0.269378357636224,1.88788623827595,2.8));
#8388=CARTESIAN_POINT('',(-0.269378357636224,1.85780349912764,2.8));
#8389=CARTESIAN_POINT('',(-0.269378357636224,1.82772075997934,2.8));
#8390=CARTESIAN_POINT('',(-0.269378357636224,1.79763802083103,2.8));
#8391=CARTESIAN_POINT('',(-0.269378357636224,1.79763802083103,2.8));
#8392=CARTESIAN_POINT('',(-0.269378357636224,1.79763802083103,2.81));
#8393=CARTESIAN_POINT('',(-0.269378357636224,1.79763802083103,2.81));
#8394=CARTESIAN_POINT('',(-0.269378357636224,1.88788623827595,2.81));
#8395=CARTESIAN_POINT('',(-0.269378357636224,1.85780349912764,2.81));
#8396=CARTESIAN_POINT('',(-0.269378357636224,1.82772075997934,2.81));
#8397=CARTESIAN_POINT('',(-0.269378357636224,1.79763802083103,2.81));
#8398=CARTESIAN_POINT('',(-0.269378357636224,1.88788623827595,2.81));
#8399=CARTESIAN_POINT('',(-0.269378357636224,1.79763802083103,2.8));
#8400=CARTESIAN_POINT('',(-0.234382194934766,1.79763802083103,2.8));
#8401=CARTESIAN_POINT('',(-0.199386032233308,1.79763802083103,2.8));
#8402=CARTESIAN_POINT('',(-0.16438986953185,1.79763802083103,2.8));
#8403=CARTESIAN_POINT('',(-0.16438986953185,1.79763802083103,2.8));
#8404=CARTESIAN_POINT('',(-0.16438986953185,1.79763802083103,2.81));
#8405=CARTESIAN_POINT('',(-0.16438986953185,1.79763802083103,2.81));
#8406=CARTESIAN_POINT('',(-0.269378357636224,1.79763802083103,2.81));
#8407=CARTESIAN_POINT('',(-0.234382194934766,1.79763802083103,2.81));
#8408=CARTESIAN_POINT('',(-0.199386032233308,1.79763802083103,2.81));
#8409=CARTESIAN_POINT('',(-0.16438986953185,1.79763802083103,2.81));
#8410=CARTESIAN_POINT('',(-0.269378357636224,1.79763802083103,2.81));
#8411=CARTESIAN_POINT('',(-0.16438986953185,1.79763802083103,2.8));
#8412=CARTESIAN_POINT('',(-0.247582501918649,1.75343065472371,2.8));
#8413=CARTESIAN_POINT('',(-0.289025326170376,1.69740749491027,2.8));
#8414=CARTESIAN_POINT('',(-0.289025326170376,1.57823095494351,2.8));
#8415=CARTESIAN_POINT('',(-0.26968534151957,1.53381986825504,2.8));
#8416=CARTESIAN_POINT('',(-0.193553338449731,1.45803581207105,2.8));
#8417=CARTESIAN_POINT('',(-0.139217191097467,1.4291074895492,2.8));
#8418=CARTESIAN_POINT('',(-0.069224865694551,1.40934659317864,2.8));
#8419=CARTESIAN_POINT('',(-0.069224865694551,1.40934659317864,2.8));
#8420=CARTESIAN_POINT('',(-0.069224865694551,1.40934659317864,2.81));
#8421=CARTESIAN_POINT('',(-0.069224865694551,1.40934659317864,2.81));
#8422=CARTESIAN_POINT('',(-0.16438986953185,1.79763802083103,2.81));
#8423=CARTESIAN_POINT('',(-0.247582501918649,1.75343065472371,2.81));
#8424=CARTESIAN_POINT('',(-0.289025326170376,1.69740749491027,2.81));
#8425=CARTESIAN_POINT('',(-0.289025326170376,1.57823095494351,2.81));
#8426=CARTESIAN_POINT('',(-0.26968534151957,1.53381986825504,2.81));
#8427=CARTESIAN_POINT('',(-0.193553338449731,1.45803581207105,2.81));
#8428=CARTESIAN_POINT('',(-0.139217191097467,1.4291074895492,2.81));
#8429=CARTESIAN_POINT('',(-0.069224865694551,1.40934659317864,2.81));
#8430=CARTESIAN_POINT('',(-0.16438986953185,1.79763802083103,2.81));
#8431=CARTESIAN_POINT('',(-0.247582501918649,1.75343065472371,2.81));
#8432=CARTESIAN_POINT('',(-0.289025326170376,1.69740749491027,2.81));
#8433=CARTESIAN_POINT('',(-0.289025326170376,1.57823095494351,2.81));
#8434=CARTESIAN_POINT('',(-0.26968534151957,1.53381986825504,2.81));
#8435=CARTESIAN_POINT('',(-0.193553338449731,1.45803581207105,2.81));
#8436=CARTESIAN_POINT('',(-0.139217191097467,1.4291074895492,2.81));
#8437=CARTESIAN_POINT('',(-0.069224865694551,1.40934659317864,2.81));
#8438=CARTESIAN_POINT('',(-0.069224865694551,1.40934659317864,2.8));
#8439=CARTESIAN_POINT('',(0.00107444359171149,1.38938197622695,2.8));
#8440=CARTESIAN_POINT('',(0.0775134305448963,1.3793996677511,2.8));
#8441=CARTESIAN_POINT('',(0.281043745203377,1.3793996677511,2.8));
#8442=CARTESIAN_POINT('',(0.384497313891021,1.40119776993305,2.8));
#8443=CARTESIAN_POINT('',(0.557022256331542,1.48798273749859,2.8));
#8444=CARTESIAN_POINT('',(0.6,1.5495063530028,2.8));
#8445=CARTESIAN_POINT('',(0.6,1.69251820096292,2.8));
#8446=CARTESIAN_POINT('',(0.562240982348427,1.74568927264039,2.8));
#8447=CARTESIAN_POINT('',(0.486108979278588,1.78847059467974,2.8));
#8448=CARTESIAN_POINT('',(0.486108979278588,1.78847059467974,2.8));
#8449=CARTESIAN_POINT('',(0.486108979278588,1.78847059467974,2.81));
#8450=CARTESIAN_POINT('',(0.486108979278588,1.78847059467974,2.81));
#8451=CARTESIAN_POINT('',(-0.069224865694551,1.40934659317864,2.81));
#8452=CARTESIAN_POINT('',(0.00107444359171149,1.38938197622695,2.81));
#8453=CARTESIAN_POINT('',(0.0775134305448963,1.3793996677511,2.81));
#8454=CARTESIAN_POINT('',(0.281043745203377,1.3793996677511,2.81));
#8455=CARTESIAN_POINT('',(0.384497313891021,1.40119776993305,2.81));
#8456=CARTESIAN_POINT('',(0.557022256331542,1.48798273749859,2.81));
#8457=CARTESIAN_POINT('',(0.6,1.5495063530028,2.81));
#8458=CARTESIAN_POINT('',(0.6,1.69251820096292,2.81));
#8459=CARTESIAN_POINT('',(0.562240982348427,1.74568927264039,2.81));
#8460=CARTESIAN_POINT('',(0.486108979278588,1.78847059467974,2.81));
#8461=CARTESIAN_POINT('',(-0.069224865694551,1.40934659317864,2.81));
#8462=CARTESIAN_POINT('',(0.00107444359171149,1.38938197622695,2.81));
#8463=CARTESIAN_POINT('',(0.0775134305448963,1.3793996677511,2.81));
#8464=CARTESIAN_POINT('',(0.281043745203377,1.3793996677511,2.81));
#8465=CARTESIAN_POINT('',(0.384497313891021,1.40119776993305,2.81));
#8466=CARTESIAN_POINT('',(0.557022256331542,1.48798273749859,2.81));
#8467=CARTESIAN_POINT('',(0.6,1.5495063530028,2.81));
#8468=CARTESIAN_POINT('',(0.6,1.69251820096292,2.81));
#8469=CARTESIAN_POINT('',(0.562240982348427,1.74568927264039,2.81));
#8470=CARTESIAN_POINT('',(0.486108979278588,1.78847059467974,2.81));
#8471=CARTESIAN_POINT('',(0.486108979278588,1.78847059467974,2.8));
#8472=CARTESIAN_POINT('',(0.582194934765925,1.78887803584202,2.8));
#8473=CARTESIAN_POINT('',(0.645433614735226,1.78643338886835,2.8));
#8474=CARTESIAN_POINT('',(0.675211051419801,1.78134037433985,2.8));
#8475=CARTESIAN_POINT('',(0.675211051419801,1.78134037433985,2.8));
#8476=CARTESIAN_POINT('',(0.675211051419801,1.78134037433985,2.81));
#8477=CARTESIAN_POINT('',(0.675211051419801,1.78134037433985,2.81));
#8478=CARTESIAN_POINT('',(0.486108979278588,1.78847059467974,2.81));
#8479=CARTESIAN_POINT('',(0.582194934765925,1.78887803584202,2.81));
#8480=CARTESIAN_POINT('',(0.645433614735226,1.78643338886835,2.81));
#8481=CARTESIAN_POINT('',(0.675211051419801,1.78134037433985,2.81));
#8482=CARTESIAN_POINT('',(0.486108979278588,1.78847059467974,2.81));
#8483=CARTESIAN_POINT('',(0.582194934765925,1.78887803584202,2.81));
#8484=CARTESIAN_POINT('',(0.645433614735226,1.78643338886835,2.81));
#8485=CARTESIAN_POINT('',(0.675211051419801,1.78134037433985,2.81));
#8486=CARTESIAN_POINT('',(0.675211051419801,1.78134037433985,2.8));
#8487=CARTESIAN_POINT('',(0.72432847275518,1.77278410993198,2.8));
#8488=CARTESIAN_POINT('',(0.762701458173446,1.75607902227852,2.8));
#8489=CARTESIAN_POINT('',(0.817344589409056,1.7067786416427,2.8));
#8490=CARTESIAN_POINT('',(0.830851880276285,1.6719424222678,2.8));
#8491=CARTESIAN_POINT('',(0.830851880276285,1.58454629295884,2.8));
#8492=CARTESIAN_POINT('',(0.817344589409056,1.55133983823306,2.8));
#8493=CARTESIAN_POINT('',(0.790023023791251,1.52709708907743,2.8));
#8494=CARTESIAN_POINT('',(0.790023023791251,1.52709708907743,2.8));
#8495=CARTESIAN_POINT('',(0.790023023791251,1.52709708907743,2.81));
#8496=CARTESIAN_POINT('',(0.790023023791251,1.52709708907743,2.81));
#8497=CARTESIAN_POINT('',(0.675211051419801,1.78134037433985,2.81));
#8498=CARTESIAN_POINT('',(0.72432847275518,1.77278410993198,2.81));
#8499=CARTESIAN_POINT('',(0.762701458173446,1.75607902227852,2.81));
#8500=CARTESIAN_POINT('',(0.817344589409056,1.7067786416427,2.81));
#8501=CARTESIAN_POINT('',(0.830851880276285,1.6719424222678,2.81));
#8502=CARTESIAN_POINT('',(0.830851880276285,1.58454629295884,2.81));
#8503=CARTESIAN_POINT('',(0.817344589409056,1.55133983823306,2.81));
#8504=CARTESIAN_POINT('',(0.790023023791251,1.52709708907743,2.81));
#8505=CARTESIAN_POINT('',(0.675211051419801,1.78134037433985,2.81));
#8506=CARTESIAN_POINT('',(0.72432847275518,1.77278410993198,2.81));
#8507=CARTESIAN_POINT('',(0.762701458173446,1.75607902227852,2.81));
#8508=CARTESIAN_POINT('',(0.817344589409056,1.7067786416427,2.81));
#8509=CARTESIAN_POINT('',(0.830851880276285,1.6719424222678,2.81));
#8510=CARTESIAN_POINT('',(0.830851880276285,1.58454629295884,2.81));
#8511=CARTESIAN_POINT('',(0.817344589409056,1.55133983823306,2.81));
#8512=CARTESIAN_POINT('',(0.790023023791251,1.52709708907743,2.81));
#8513=CARTESIAN_POINT('',(0.790023023791251,1.52709708907743,2.8));
#8514=CARTESIAN_POINT('',(0.769762087490407,1.50896595735599,2.8));
#8515=CARTESIAN_POINT('',(0.737528779739064,1.49796504597444,2.8));
#8516=CARTESIAN_POINT('',(0.693323100537222,1.49409435493279,2.8));
#8517=CARTESIAN_POINT('',(0.790023023791251,1.52709708907743,2.81));
#8518=CARTESIAN_POINT('',(0.769762087490407,1.50896595735599,2.81));
#8519=CARTESIAN_POINT('',(0.737528779739064,1.49796504597444,2.81));
#8520=CARTESIAN_POINT('',(0.693323100537222,1.49409435493279,2.81));
#8521=CARTESIAN_POINT('',(0.790023023791251,1.52709708907743,2.81));
#8522=CARTESIAN_POINT('',(0.769762087490407,1.50896595735599,2.81));
#8523=CARTESIAN_POINT('',(0.737528779739064,1.49796504597444,2.81));
#8524=CARTESIAN_POINT('',(0.693323100537222,1.49409435493279,2.81));
#8525=CARTESIAN_POINT('',(-0.0858019953952417,1.74955996368205,2.8));
#8526=CARTESIAN_POINT('',(-0.0317728319263237,1.78093293317757,2.8));
#8527=CARTESIAN_POINT('',(0.0483499616270145,1.79661941792533,2.8));
#8528=CARTESIAN_POINT('',(0.266001534919417,1.79661941792533,2.8));
#8529=CARTESIAN_POINT('',(0.347659247889486,1.78134037433985,2.8));
#8530=CARTESIAN_POINT('',(0.452033768227168,1.7206316411602,2.8));
#8531=CARTESIAN_POINT('',(0.478127398311589,1.68294333364935,2.8));
#8532=CARTESIAN_POINT('',(0.478127398311589,1.59269511620443,2.8));
#8533=CARTESIAN_POINT('',(0.451726784343822,1.55500680869358,2.8));
#8534=CARTESIAN_POINT('',(0.399539524174981,1.52505988326603,2.8));
#8535=CARTESIAN_POINT('',(-0.0858019953952417,1.74955996368205,2.81));
#8536=CARTESIAN_POINT('',(-0.0317728319263237,1.78093293317757,2.81));
#8537=CARTESIAN_POINT('',(0.0483499616270145,1.79661941792533,2.81));
#8538=CARTESIAN_POINT('',(0.266001534919417,1.79661941792533,2.81));
#8539=CARTESIAN_POINT('',(0.347659247889486,1.78134037433985,2.81));
#8540=CARTESIAN_POINT('',(0.452033768227168,1.7206316411602,2.81));
#8541=CARTESIAN_POINT('',(0.478127398311589,1.68294333364935,2.81));
#8542=CARTESIAN_POINT('',(0.478127398311589,1.59269511620443,2.81));
#8543=CARTESIAN_POINT('',(0.451726784343822,1.55500680869358,2.81));
#8544=CARTESIAN_POINT('',(0.399539524174981,1.52505988326603,2.81));
#8545=CARTESIAN_POINT('',(-0.0858019953952417,1.74955996368205,2.81));
#8546=CARTESIAN_POINT('',(-0.0317728319263237,1.78093293317757,2.81));
#8547=CARTESIAN_POINT('',(0.0483499616270145,1.79661941792533,2.81));
#8548=CARTESIAN_POINT('',(0.266001534919417,1.79661941792533,2.81));
#8549=CARTESIAN_POINT('',(0.347659247889486,1.78134037433985,2.81));
#8550=CARTESIAN_POINT('',(0.452033768227168,1.7206316411602,2.81));
#8551=CARTESIAN_POINT('',(0.478127398311589,1.68294333364935,2.81));
#8552=CARTESIAN_POINT('',(0.478127398311589,1.59269511620443,2.81));
#8553=CARTESIAN_POINT('',(0.451726784343822,1.55500680869358,2.81));
#8554=CARTESIAN_POINT('',(0.399539524174981,1.52505988326603,2.81));
#8555=CARTESIAN_POINT('',(0.929188671132807,1.52069440250159,2.81));
#8556=CARTESIAN_POINT('',(0.929188671132807,1.52069440250159,2.8));
#8557=MECHANICAL_DESIGN_GEOMETRIC_PRESENTATION_REPRESENTATION('',(#80,#81,
#82,#69,#70,#71,#72,#73,#83,#74,#75,#76,#77,#78,#84,#85,#86,#87,#88,#89,
#90,#91,#92),#8558);
#8558=(
GEOMETRIC_REPRESENTATION_CONTEXT(3)
GLOBAL_UNCERTAINTY_ASSIGNED_CONTEXT((#8559))
GLOBAL_UNIT_ASSIGNED_CONTEXT((#8565,#8561,#8560))
REPRESENTATION_CONTEXT('TMPF0703A-2R2','TOP_LEVEL_ASSEMBLY_PART')
);
#8559=UNCERTAINTY_MEASURE_WITH_UNIT(LENGTH_MEASURE(0.0508),#8565,
'DISTANCE_ACCURACY_VALUE','Maximum Tolerance applied to model');
#8560=(
NAMED_UNIT(*)
SI_UNIT($,.STERADIAN.)
SOLID_ANGLE_UNIT()
);
#8561=(
CONVERSION_BASED_UNIT('DEGREE',#8563)
NAMED_UNIT(#8562)
PLANE_ANGLE_UNIT()
);
#8562=DIMENSIONAL_EXPONENTS(0.,0.,0.,0.,0.,0.,0.);
#8563=PLANE_ANGLE_MEASURE_WITH_UNIT(PLANE_ANGLE_MEASURE(0.0174532925),#8564);
#8564=(
NAMED_UNIT(*)
PLANE_ANGLE_UNIT()
SI_UNIT($,.RADIAN.)
);
#8565=(
LENGTH_UNIT()
NAMED_UNIT(*)
SI_UNIT(.MILLI.,.METRE.)
);
ENDSEC;
END-ISO-10303-21;
