ISO-10303-21;
HEADER;
FILE_DESCRIPTION( ( 'STEP AP214' ), '1' );
FILE_NAME( 'C:/Users/DBERNH~1/AppData/Local/Temp/psolqas0852448632.stp', '2019-02-01T07:52:44', ( '' ), ( '' ), ' ', 'PARTsolutions', ' ' );
FILE_SCHEMA( ( 'AUTOMOTIVE_DESIGN { 1 0 10303 214 1 1 1 1 }' ) );
ENDSEC;
DATA;
#1 = MECHANICAL_DESIGN_GEOMETRIC_PRESENTATION_REPRESENTATION( ' ', ( #10, #11, #12, #13, #14, #15, #16, #17, #18, #19, #20, #21, #22, #23, #24, #25, #26, #27, #28, #29, #30, #31, #32, #33, #34, #35, #36, #37, #38, #39, #40, #41, #42, #43, #44, #45, #46, #47, #48, #49, #50, #51, #52, #53, #54, #55, #56, #57, #58, #59, #60, #61, #62, #63, #64, #65, #66, #67, #68, #69, #70, #71, #72, #73, #74, #75, #76, #77, #78, #79, #80, #81, #82, #83, #84, #85, #86, #87, #88, #89, #90, #91, #92, #93, #94, #95, #96, #97, #98, #99 ), #6 );
#2 = PRODUCT_DEFINITION_CONTEXT( '', #100, 'design' );
#3 = APPLICATION_PROTOCOL_DEFINITION( 'international standard', 'automotive_design', 2001, #100 );
#4 = PRODUCT_CATEGORY_RELATIONSHIP( 'NONE', 'NONE', #101, #102 );
#5 = SHAPE_DEFINITION_REPRESENTATION( #103, #104 );
#6 =  ( GEOMETRIC_REPRESENTATION_CONTEXT( 3 )GLOBAL_UNCERTAINTY_ASSIGNED_CONTEXT( ( #107 ) )GLOBAL_UNIT_ASSIGNED_CONTEXT( ( #109, #110, #111 ) )REPRESENTATION_CONTEXT( 'NONE', 'WORKSPACE' ) );
#10 = STYLED_ITEM( '', ( #113 ), #114 );
#11 = STYLED_ITEM( '', ( #115 ), #116 );
#12 = STYLED_ITEM( '', ( #117 ), #118 );
#13 = STYLED_ITEM( '', ( #119 ), #120 );
#14 = STYLED_ITEM( '', ( #121 ), #122 );
#15 = STYLED_ITEM( '', ( #123 ), #124 );
#16 = STYLED_ITEM( '', ( #125 ), #126 );
#17 = STYLED_ITEM( '', ( #127 ), #128 );
#18 = STYLED_ITEM( '', ( #129 ), #130 );
#19 = STYLED_ITEM( '', ( #131 ), #132 );
#20 = STYLED_ITEM( '', ( #133 ), #134 );
#21 = STYLED_ITEM( '', ( #135 ), #136 );
#22 = STYLED_ITEM( '', ( #137 ), #138 );
#23 = STYLED_ITEM( '', ( #139 ), #140 );
#24 = STYLED_ITEM( '', ( #141 ), #142 );
#25 = STYLED_ITEM( '', ( #143 ), #144 );
#26 = STYLED_ITEM( '', ( #145 ), #146 );
#27 = STYLED_ITEM( '', ( #147 ), #148 );
#28 = STYLED_ITEM( '', ( #149 ), #150 );
#29 = STYLED_ITEM( '', ( #151 ), #152 );
#30 = STYLED_ITEM( '', ( #153 ), #154 );
#31 = STYLED_ITEM( '', ( #155 ), #156 );
#32 = STYLED_ITEM( '', ( #157 ), #158 );
#33 = STYLED_ITEM( '', ( #159 ), #160 );
#34 = STYLED_ITEM( '', ( #161 ), #162 );
#35 = STYLED_ITEM( '', ( #163 ), #164 );
#36 = STYLED_ITEM( '', ( #165 ), #166 );
#37 = STYLED_ITEM( '', ( #167 ), #168 );
#38 = STYLED_ITEM( '', ( #169 ), #170 );
#39 = STYLED_ITEM( '', ( #171 ), #172 );
#40 = STYLED_ITEM( '', ( #173 ), #174 );
#41 = STYLED_ITEM( '', ( #175 ), #176 );
#42 = STYLED_ITEM( '', ( #177 ), #178 );
#43 = STYLED_ITEM( '', ( #179 ), #180 );
#44 = STYLED_ITEM( '', ( #181 ), #182 );
#45 = STYLED_ITEM( '', ( #183 ), #184 );
#46 = STYLED_ITEM( '', ( #185 ), #186 );
#47 = STYLED_ITEM( '', ( #187 ), #188 );
#48 = STYLED_ITEM( '', ( #189 ), #190 );
#49 = STYLED_ITEM( '', ( #191 ), #192 );
#50 = STYLED_ITEM( '', ( #193 ), #194 );
#51 = STYLED_ITEM( '', ( #195 ), #196 );
#52 = STYLED_ITEM( '', ( #197 ), #198 );
#53 = STYLED_ITEM( '', ( #199 ), #200 );
#54 = STYLED_ITEM( '', ( #201 ), #202 );
#55 = STYLED_ITEM( '', ( #203 ), #204 );
#56 = STYLED_ITEM( '', ( #205 ), #206 );
#57 = STYLED_ITEM( '', ( #207 ), #208 );
#58 = STYLED_ITEM( '', ( #209 ), #210 );
#59 = STYLED_ITEM( '', ( #211 ), #212 );
#60 = STYLED_ITEM( '', ( #213 ), #214 );
#61 = STYLED_ITEM( '', ( #215 ), #216 );
#62 = STYLED_ITEM( '', ( #217 ), #218 );
#63 = STYLED_ITEM( '', ( #219 ), #220 );
#64 = STYLED_ITEM( '', ( #221 ), #222 );
#65 = STYLED_ITEM( '', ( #223 ), #224 );
#66 = STYLED_ITEM( '', ( #225 ), #226 );
#67 = STYLED_ITEM( '', ( #227 ), #228 );
#68 = STYLED_ITEM( '', ( #229 ), #230 );
#69 = STYLED_ITEM( '', ( #231 ), #232 );
#70 = STYLED_ITEM( '', ( #233 ), #234 );
#71 = STYLED_ITEM( '', ( #235 ), #236 );
#72 = STYLED_ITEM( '', ( #237 ), #238 );
#73 = STYLED_ITEM( '', ( #239 ), #240 );
#74 = STYLED_ITEM( '', ( #241 ), #242 );
#75 = STYLED_ITEM( '', ( #243 ), #244 );
#76 = STYLED_ITEM( '', ( #245 ), #246 );
#77 = STYLED_ITEM( '', ( #247 ), #248 );
#78 = STYLED_ITEM( '', ( #249 ), #250 );
#79 = STYLED_ITEM( '', ( #251 ), #252 );
#80 = STYLED_ITEM( '', ( #253 ), #254 );
#81 = STYLED_ITEM( '', ( #255 ), #256 );
#82 = STYLED_ITEM( '', ( #257 ), #258 );
#83 = STYLED_ITEM( '', ( #259 ), #260 );
#84 = STYLED_ITEM( '', ( #261 ), #262 );
#85 = STYLED_ITEM( '', ( #263 ), #264 );
#86 = STYLED_ITEM( '', ( #265 ), #266 );
#87 = STYLED_ITEM( '', ( #267 ), #268 );
#88 = STYLED_ITEM( '', ( #269 ), #270 );
#89 = STYLED_ITEM( '', ( #271 ), #272 );
#90 = STYLED_ITEM( '', ( #273 ), #274 );
#91 = STYLED_ITEM( '', ( #275 ), #276 );
#92 = STYLED_ITEM( '', ( #277 ), #278 );
#93 = STYLED_ITEM( '', ( #279 ), #280 );
#94 = STYLED_ITEM( '', ( #281 ), #282 );
#95 = STYLED_ITEM( '', ( #283 ), #284 );
#96 = STYLED_ITEM( '', ( #285 ), #286 );
#97 = STYLED_ITEM( '', ( #287 ), #288 );
#98 = STYLED_ITEM( '', ( #289 ), #290 );
#99 = STYLED_ITEM( '', ( #291 ), #292 );
#100 = APPLICATION_CONTEXT( 'core data for automotive mechanical design processes' );
#101 = PRODUCT_CATEGORY( 'part', 'NONE' );
#102 = PRODUCT_RELATED_PRODUCT_CATEGORY( 'detail', ' ', ( #293 ) );
#103 = PRODUCT_DEFINITION_SHAPE( 'NONE', 'NONE', #294 );
#104 = ADVANCED_BREP_SHAPE_REPRESENTATION( 'Solide2', ( #295, #296 ), #6 );
#107 = UNCERTAINTY_MEASURE_WITH_UNIT( LENGTH_MEASURE( 1.00000000000000E-06 ), #109, '', '' );
#109 =  ( CONVERSION_BASED_UNIT( 'METRE', #299 )LENGTH_UNIT(  )NAMED_UNIT( #302 ) );
#110 =  ( NAMED_UNIT( #304 )PLANE_ANGLE_UNIT(  )SI_UNIT( $, .RADIAN. ) );
#111 =  ( NAMED_UNIT( #304 )SI_UNIT( $, .STERADIAN. )SOLID_ANGLE_UNIT(  ) );
#113 = PRESENTATION_STYLE_ASSIGNMENT( ( #310 ) );
#114 = ADVANCED_FACE( '', ( #311, #312 ), #313, .T. );
#115 = PRESENTATION_STYLE_ASSIGNMENT( ( #314 ) );
#116 = ADVANCED_FACE( '', ( #315 ), #316, .T. );
#117 = PRESENTATION_STYLE_ASSIGNMENT( ( #317 ) );
#118 = ADVANCED_FACE( '', ( #318 ), #319, .T. );
#119 = PRESENTATION_STYLE_ASSIGNMENT( ( #320 ) );
#120 = ADVANCED_FACE( '', ( #321, #322 ), #323, .T. );
#121 = PRESENTATION_STYLE_ASSIGNMENT( ( #324 ) );
#122 = ADVANCED_FACE( '', ( #325 ), #326, .T. );
#123 = PRESENTATION_STYLE_ASSIGNMENT( ( #327 ) );
#124 = ADVANCED_FACE( '', ( #328, #329 ), #330, .T. );
#125 = PRESENTATION_STYLE_ASSIGNMENT( ( #331 ) );
#126 = ADVANCED_FACE( '', ( #332 ), #333, .T. );
#127 = PRESENTATION_STYLE_ASSIGNMENT( ( #334 ) );
#128 = ADVANCED_FACE( '', ( #335, #336 ), #337, .T. );
#129 = PRESENTATION_STYLE_ASSIGNMENT( ( #338 ) );
#130 = ADVANCED_FACE( '', ( #339 ), #340, .F. );
#131 = PRESENTATION_STYLE_ASSIGNMENT( ( #341 ) );
#132 = ADVANCED_FACE( '', ( #342 ), #343, .T. );
#133 = PRESENTATION_STYLE_ASSIGNMENT( ( #344 ) );
#134 = ADVANCED_FACE( '', ( #345 ), #346, .F. );
#135 = PRESENTATION_STYLE_ASSIGNMENT( ( #347 ) );
#136 = ADVANCED_FACE( '', ( #348 ), #349, .T. );
#137 = PRESENTATION_STYLE_ASSIGNMENT( ( #350 ) );
#138 = ADVANCED_FACE( '', ( #351 ), #352, .T. );
#139 = PRESENTATION_STYLE_ASSIGNMENT( ( #353 ) );
#140 = ADVANCED_FACE( '', ( #354 ), #355, .T. );
#141 = PRESENTATION_STYLE_ASSIGNMENT( ( #356 ) );
#142 = ADVANCED_FACE( '', ( #357 ), #358, .T. );
#143 = PRESENTATION_STYLE_ASSIGNMENT( ( #359 ) );
#144 = ADVANCED_FACE( '', ( #360, #361 ), #362, .T. );
#145 = PRESENTATION_STYLE_ASSIGNMENT( ( #363 ) );
#146 = ADVANCED_FACE( '', ( #364 ), #365, .T. );
#147 = PRESENTATION_STYLE_ASSIGNMENT( ( #366 ) );
#148 = ADVANCED_FACE( '', ( #367, #368, #369, #370, #371, #372, #373, #374, #375, #376, #377 ), #378, .T. );
#149 = PRESENTATION_STYLE_ASSIGNMENT( ( #379 ) );
#150 = ADVANCED_FACE( '', ( #380, #381 ), #382, .T. );
#151 = PRESENTATION_STYLE_ASSIGNMENT( ( #383 ) );
#152 = ADVANCED_FACE( '', ( #384 ), #385, .T. );
#153 = PRESENTATION_STYLE_ASSIGNMENT( ( #386 ) );
#154 = ADVANCED_FACE( '', ( #387 ), #388, .T. );
#155 = PRESENTATION_STYLE_ASSIGNMENT( ( #389 ) );
#156 = ADVANCED_FACE( '', ( #390, #391 ), #392, .T. );
#157 = PRESENTATION_STYLE_ASSIGNMENT( ( #393 ) );
#158 = ADVANCED_FACE( '', ( #394, #395 ), #396, .T. );
#159 = PRESENTATION_STYLE_ASSIGNMENT( ( #397 ) );
#160 = ADVANCED_FACE( '', ( #398 ), #399, .T. );
#161 = PRESENTATION_STYLE_ASSIGNMENT( ( #400 ) );
#162 = ADVANCED_FACE( '', ( #401 ), #402, .F. );
#163 = PRESENTATION_STYLE_ASSIGNMENT( ( #403 ) );
#164 = ADVANCED_FACE( '', ( #404, #405 ), #406, .T. );
#165 = PRESENTATION_STYLE_ASSIGNMENT( ( #407 ) );
#166 = ADVANCED_FACE( '', ( #408 ), #409, .T. );
#167 = PRESENTATION_STYLE_ASSIGNMENT( ( #410 ) );
#168 = ADVANCED_FACE( '', ( #411, #412 ), #413, .T. );
#169 = PRESENTATION_STYLE_ASSIGNMENT( ( #414 ) );
#170 = ADVANCED_FACE( '', ( #415 ), #416, .T. );
#171 = PRESENTATION_STYLE_ASSIGNMENT( ( #417 ) );
#172 = ADVANCED_FACE( '', ( #418 ), #419, .T. );
#173 = PRESENTATION_STYLE_ASSIGNMENT( ( #420 ) );
#174 = ADVANCED_FACE( '', ( #421 ), #422, .T. );
#175 = PRESENTATION_STYLE_ASSIGNMENT( ( #423 ) );
#176 = ADVANCED_FACE( '', ( #424, #425 ), #426, .T. );
#177 = PRESENTATION_STYLE_ASSIGNMENT( ( #427 ) );
#178 = ADVANCED_FACE( '', ( #428 ), #429, .F. );
#179 = PRESENTATION_STYLE_ASSIGNMENT( ( #430 ) );
#180 = ADVANCED_FACE( '', ( #431 ), #432, .T. );
#181 = PRESENTATION_STYLE_ASSIGNMENT( ( #433 ) );
#182 = ADVANCED_FACE( '', ( #434 ), #435, .F. );
#183 = PRESENTATION_STYLE_ASSIGNMENT( ( #436 ) );
#184 = ADVANCED_FACE( '', ( #437 ), #438, .T. );
#185 = PRESENTATION_STYLE_ASSIGNMENT( ( #439 ) );
#186 = ADVANCED_FACE( '', ( #440, #441 ), #442, .T. );
#187 = PRESENTATION_STYLE_ASSIGNMENT( ( #443 ) );
#188 = ADVANCED_FACE( '', ( #444 ), #445, .F. );
#189 = PRESENTATION_STYLE_ASSIGNMENT( ( #446 ) );
#190 = ADVANCED_FACE( '', ( #447 ), #448, .T. );
#191 = PRESENTATION_STYLE_ASSIGNMENT( ( #449 ) );
#192 = ADVANCED_FACE( '', ( #450 ), #451, .F. );
#193 = PRESENTATION_STYLE_ASSIGNMENT( ( #452 ) );
#194 = ADVANCED_FACE( '', ( #453, #454 ), #455, .T. );
#195 = PRESENTATION_STYLE_ASSIGNMENT( ( #456 ) );
#196 = ADVANCED_FACE( '', ( #457 ), #458, .T. );
#197 = PRESENTATION_STYLE_ASSIGNMENT( ( #459 ) );
#198 = ADVANCED_FACE( '', ( #460 ), #461, .T. );
#199 = PRESENTATION_STYLE_ASSIGNMENT( ( #462 ) );
#200 = ADVANCED_FACE( '', ( #463 ), #464, .F. );
#201 = PRESENTATION_STYLE_ASSIGNMENT( ( #465 ) );
#202 = ADVANCED_FACE( '', ( #466 ), #467, .F. );
#203 = PRESENTATION_STYLE_ASSIGNMENT( ( #468 ) );
#204 = ADVANCED_FACE( '', ( #469 ), #470, .F. );
#205 = PRESENTATION_STYLE_ASSIGNMENT( ( #471 ) );
#206 = ADVANCED_FACE( '', ( #472, #473 ), #474, .T. );
#207 = PRESENTATION_STYLE_ASSIGNMENT( ( #475 ) );
#208 = ADVANCED_FACE( '', ( #476, #477 ), #478, .T. );
#209 = PRESENTATION_STYLE_ASSIGNMENT( ( #479 ) );
#210 = ADVANCED_FACE( '', ( #480 ), #481, .F. );
#211 = PRESENTATION_STYLE_ASSIGNMENT( ( #482 ) );
#212 = ADVANCED_FACE( '', ( #483 ), #484, .T. );
#213 = PRESENTATION_STYLE_ASSIGNMENT( ( #485 ) );
#214 = ADVANCED_FACE( '', ( #486 ), #487, .T. );
#215 = PRESENTATION_STYLE_ASSIGNMENT( ( #488 ) );
#216 = ADVANCED_FACE( '', ( #489 ), #490, .F. );
#217 = PRESENTATION_STYLE_ASSIGNMENT( ( #491 ) );
#218 = ADVANCED_FACE( '', ( #492 ), #493, .T. );
#219 = PRESENTATION_STYLE_ASSIGNMENT( ( #494 ) );
#220 = ADVANCED_FACE( '', ( #495 ), #496, .T. );
#221 = PRESENTATION_STYLE_ASSIGNMENT( ( #497 ) );
#222 = ADVANCED_FACE( '', ( #498, #499 ), #500, .T. );
#223 = PRESENTATION_STYLE_ASSIGNMENT( ( #501 ) );
#224 = ADVANCED_FACE( '', ( #502 ), #503, .T. );
#225 = PRESENTATION_STYLE_ASSIGNMENT( ( #504 ) );
#226 = ADVANCED_FACE( '', ( #505, #506 ), #507, .T. );
#227 = PRESENTATION_STYLE_ASSIGNMENT( ( #508 ) );
#228 = ADVANCED_FACE( '', ( #509, #510 ), #511, .T. );
#229 = PRESENTATION_STYLE_ASSIGNMENT( ( #512 ) );
#230 = ADVANCED_FACE( '', ( #513 ), #514, .T. );
#231 = PRESENTATION_STYLE_ASSIGNMENT( ( #515 ) );
#232 = ADVANCED_FACE( '', ( #516 ), #517, .F. );
#233 = PRESENTATION_STYLE_ASSIGNMENT( ( #518 ) );
#234 = ADVANCED_FACE( '', ( #519 ), #520, .T. );
#235 = PRESENTATION_STYLE_ASSIGNMENT( ( #521 ) );
#236 = ADVANCED_FACE( '', ( #522 ), #523, .F. );
#237 = PRESENTATION_STYLE_ASSIGNMENT( ( #524 ) );
#238 = ADVANCED_FACE( '', ( #525, #526 ), #527, .T. );
#239 = PRESENTATION_STYLE_ASSIGNMENT( ( #528 ) );
#240 = ADVANCED_FACE( '', ( #529, #530 ), #531, .T. );
#241 = PRESENTATION_STYLE_ASSIGNMENT( ( #532 ) );
#242 = ADVANCED_FACE( '', ( #533 ), #534, .F. );
#243 = PRESENTATION_STYLE_ASSIGNMENT( ( #535 ) );
#244 = ADVANCED_FACE( '', ( #536, #537 ), #538, .T. );
#245 = PRESENTATION_STYLE_ASSIGNMENT( ( #539 ) );
#246 = ADVANCED_FACE( '', ( #540 ), #541, .F. );
#247 = PRESENTATION_STYLE_ASSIGNMENT( ( #542 ) );
#248 = ADVANCED_FACE( '', ( #543 ), #544, .F. );
#249 = PRESENTATION_STYLE_ASSIGNMENT( ( #545 ) );
#250 = ADVANCED_FACE( '', ( #546, #547 ), #548, .T. );
#251 = PRESENTATION_STYLE_ASSIGNMENT( ( #549 ) );
#252 = ADVANCED_FACE( '', ( #550 ), #551, .T. );
#253 = PRESENTATION_STYLE_ASSIGNMENT( ( #552 ) );
#254 = ADVANCED_FACE( '', ( #553, #554 ), #555, .T. );
#255 = PRESENTATION_STYLE_ASSIGNMENT( ( #556 ) );
#256 = ADVANCED_FACE( '', ( #557 ), #558, .T. );
#257 = PRESENTATION_STYLE_ASSIGNMENT( ( #559 ) );
#258 = ADVANCED_FACE( '', ( #560 ), #561, .T. );
#259 = PRESENTATION_STYLE_ASSIGNMENT( ( #562 ) );
#260 = ADVANCED_FACE( '', ( #563 ), #564, .F. );
#261 = PRESENTATION_STYLE_ASSIGNMENT( ( #565 ) );
#262 = ADVANCED_FACE( '', ( #566 ), #567, .T. );
#263 = PRESENTATION_STYLE_ASSIGNMENT( ( #568 ) );
#264 = ADVANCED_FACE( '', ( #569 ), #570, .T. );
#265 = PRESENTATION_STYLE_ASSIGNMENT( ( #571 ) );
#266 = ADVANCED_FACE( '', ( #572 ), #573, .T. );
#267 = PRESENTATION_STYLE_ASSIGNMENT( ( #574 ) );
#268 = ADVANCED_FACE( '', ( #575 ), #576, .T. );
#269 = PRESENTATION_STYLE_ASSIGNMENT( ( #577 ) );
#270 = ADVANCED_FACE( '', ( #578, #579 ), #580, .T. );
#271 = PRESENTATION_STYLE_ASSIGNMENT( ( #581 ) );
#272 = ADVANCED_FACE( '', ( #582 ), #583, .F. );
#273 = PRESENTATION_STYLE_ASSIGNMENT( ( #584 ) );
#274 = ADVANCED_FACE( '', ( #585 ), #586, .T. );
#275 = PRESENTATION_STYLE_ASSIGNMENT( ( #587 ) );
#276 = ADVANCED_FACE( '', ( #588 ), #589, .T. );
#277 = PRESENTATION_STYLE_ASSIGNMENT( ( #590 ) );
#278 = ADVANCED_FACE( '', ( #591 ), #592, .F. );
#279 = PRESENTATION_STYLE_ASSIGNMENT( ( #593 ) );
#280 = ADVANCED_FACE( '', ( #594 ), #595, .T. );
#281 = PRESENTATION_STYLE_ASSIGNMENT( ( #596 ) );
#282 = ADVANCED_FACE( '', ( #597 ), #598, .T. );
#283 = PRESENTATION_STYLE_ASSIGNMENT( ( #599 ) );
#284 = ADVANCED_FACE( '', ( #600, #601 ), #602, .T. );
#285 = PRESENTATION_STYLE_ASSIGNMENT( ( #603 ) );
#286 = ADVANCED_FACE( '', ( #604 ), #605, .F. );
#287 = PRESENTATION_STYLE_ASSIGNMENT( ( #606 ) );
#288 = ADVANCED_FACE( '', ( #607, #608 ), #609, .T. );
#289 = PRESENTATION_STYLE_ASSIGNMENT( ( #610 ) );
#290 = ADVANCED_FACE( '', ( #611, #612 ), #613, .F. );
#291 = PRESENTATION_STYLE_ASSIGNMENT( ( #614 ) );
#292 = ADVANCED_FACE( '', ( #615 ), #616, .T. );
#293 = PRODUCT( 'Solide2', 'Solide2', 'PART-Solide2-DESC', ( #617 ) );
#294 = PRODUCT_DEFINITION( 'NONE', 'NONE', #618, #2 );
#295 = MANIFOLD_SOLID_BREP( 'Solide2', #619 );
#296 = AXIS2_PLACEMENT_3D( '', #620, #621, #622 );
#299 = LENGTH_MEASURE_WITH_UNIT( LENGTH_MEASURE( 1.00000000000000 ), #623 );
#302 = DIMENSIONAL_EXPONENTS( 1.00000000000000, 0.000000000000000, 0.000000000000000, 0.000000000000000, 0.000000000000000, 0.000000000000000, 0.000000000000000 );
#304 = DIMENSIONAL_EXPONENTS( 0.000000000000000, 0.000000000000000, 0.000000000000000, 0.000000000000000, 0.000000000000000, 0.000000000000000, 0.000000000000000 );
#310 = SURFACE_STYLE_USAGE( .BOTH., #624 );
#311 = FACE_OUTER_BOUND( '', #625, .T. );
#312 = FACE_BOUND( '', #626, .T. );
#313 = CONICAL_SURFACE( '', #627, 0.000263397500000000, 0.523598775600000 );
#314 = SURFACE_STYLE_USAGE( .BOTH., #628 );
#315 = FACE_OUTER_BOUND( '', #629, .T. );
#316 = PLANE( '', #630 );
#317 = SURFACE_STYLE_USAGE( .BOTH., #631 );
#318 = FACE_OUTER_BOUND( '', #632, .T. );
#319 = PLANE( '', #633 );
#320 = SURFACE_STYLE_USAGE( .BOTH., #634 );
#321 = FACE_OUTER_BOUND( '', #635, .T. );
#322 = FACE_BOUND( '', #636, .T. );
#323 = CONICAL_SURFACE( '', #637, 0.000263397500000000, 0.523598775600000 );
#324 = SURFACE_STYLE_USAGE( .BOTH., #638 );
#325 = FACE_OUTER_BOUND( '', #639, .T. );
#326 = CYLINDRICAL_SURFACE( '', #640, 0.000500000000000000 );
#327 = SURFACE_STYLE_USAGE( .BOTH., #641 );
#328 = FACE_OUTER_BOUND( '', #642, .T. );
#329 = FACE_BOUND( '', #643, .T. );
#330 = CONICAL_SURFACE( '', #644, 0.000263397500000000, 0.523598775600000 );
#331 = SURFACE_STYLE_USAGE( .BOTH., #645 );
#332 = FACE_OUTER_BOUND( '', #646, .T. );
#333 = CYLINDRICAL_SURFACE( '', #647, 0.000500000000000000 );
#334 = SURFACE_STYLE_USAGE( .BOTH., #648 );
#335 = FACE_OUTER_BOUND( '', #649, .T. );
#336 = FACE_OUTER_BOUND( '', #650, .T. );
#337 = CYLINDRICAL_SURFACE( '', #651, 0.000350000000000000 );
#338 = SURFACE_STYLE_USAGE( .BOTH., #652 );
#339 = FACE_OUTER_BOUND( '', #653, .T. );
#340 = CYLINDRICAL_SURFACE( '', #654, 0.000500000000000000 );
#341 = SURFACE_STYLE_USAGE( .BOTH., #655 );
#342 = FACE_OUTER_BOUND( '', #656, .T. );
#343 = PLANE( '', #657 );
#344 = SURFACE_STYLE_USAGE( .BOTH., #658 );
#345 = FACE_OUTER_BOUND( '', #659, .T. );
#346 = PLANE( '', #660 );
#347 = SURFACE_STYLE_USAGE( .BOTH., #661 );
#348 = FACE_OUTER_BOUND( '', #662, .T. );
#349 = PLANE( '', #663 );
#350 = SURFACE_STYLE_USAGE( .BOTH., #664 );
#351 = FACE_OUTER_BOUND( '', #665, .T. );
#352 = PLANE( '', #666 );
#353 = SURFACE_STYLE_USAGE( .BOTH., #667 );
#354 = FACE_OUTER_BOUND( '', #668, .T. );
#355 = CYLINDRICAL_SURFACE( '', #669, 0.00300000000000000 );
#356 = SURFACE_STYLE_USAGE( .BOTH., #670 );
#357 = FACE_OUTER_BOUND( '', #671, .T. );
#358 = CYLINDRICAL_SURFACE( '', #672, 0.00220000000000000 );
#359 = SURFACE_STYLE_USAGE( .BOTH., #673 );
#360 = FACE_OUTER_BOUND( '', #674, .T. );
#361 = FACE_OUTER_BOUND( '', #675, .T. );
#362 = TOROIDAL_SURFACE( '', #676, 0.00640000000000000, 0.000300000000000000 );
#363 = SURFACE_STYLE_USAGE( .BOTH., #677 );
#364 = FACE_OUTER_BOUND( '', #678, .T. );
#365 = CYLINDRICAL_SURFACE( '', #679, 0.00300000000000000 );
#366 = SURFACE_STYLE_USAGE( .BOTH., #680 );
#367 = FACE_OUTER_BOUND( '', #681, .T. );
#368 = FACE_BOUND( '', #682, .T. );
#369 = FACE_BOUND( '', #683, .T. );
#370 = FACE_BOUND( '', #684, .T. );
#371 = FACE_BOUND( '', #685, .T. );
#372 = FACE_BOUND( '', #686, .T. );
#373 = FACE_BOUND( '', #687, .T. );
#374 = FACE_BOUND( '', #688, .T. );
#375 = FACE_BOUND( '', #689, .T. );
#376 = FACE_BOUND( '', #690, .T. );
#377 = FACE_BOUND( '', #691, .T. );
#378 = PLANE( '', #692 );
#379 = SURFACE_STYLE_USAGE( .BOTH., #693 );
#380 = FACE_OUTER_BOUND( '', #694, .T. );
#381 = FACE_BOUND( '', #695, .T. );
#382 = CONICAL_SURFACE( '', #696, 0.000263397500000000, 0.523598775600000 );
#383 = SURFACE_STYLE_USAGE( .BOTH., #697 );
#384 = FACE_OUTER_BOUND( '', #698, .T. );
#385 = CYLINDRICAL_SURFACE( '', #699, 0.00300000000000000 );
#386 = SURFACE_STYLE_USAGE( .BOTH., #700 );
#387 = FACE_OUTER_BOUND( '', #701, .T. );
#388 = CYLINDRICAL_SURFACE( '', #702, 0.00280000000000000 );
#389 = SURFACE_STYLE_USAGE( .BOTH., #703 );
#390 = FACE_OUTER_BOUND( '', #704, .T. );
#391 = FACE_OUTER_BOUND( '', #705, .T. );
#392 = CYLINDRICAL_SURFACE( '', #706, 0.000350000000000000 );
#393 = SURFACE_STYLE_USAGE( .BOTH., #707 );
#394 = FACE_OUTER_BOUND( '', #708, .T. );
#395 = FACE_OUTER_BOUND( '', #709, .T. );
#396 = CYLINDRICAL_SURFACE( '', #710, 0.000350000000000000 );
#397 = SURFACE_STYLE_USAGE( .BOTH., #711 );
#398 = FACE_OUTER_BOUND( '', #712, .T. );
#399 = PLANE( '', #713 );
#400 = SURFACE_STYLE_USAGE( .BOTH., #714 );
#401 = FACE_OUTER_BOUND( '', #715, .T. );
#402 = PLANE( '', #716 );
#403 = SURFACE_STYLE_USAGE( .BOTH., #717 );
#404 = FACE_OUTER_BOUND( '', #718, .T. );
#405 = FACE_OUTER_BOUND( '', #719, .T. );
#406 = CYLINDRICAL_SURFACE( '', #720, 0.00670000000000000 );
#407 = SURFACE_STYLE_USAGE( .BOTH., #721 );
#408 = FACE_OUTER_BOUND( '', #722, .T. );
#409 = CYLINDRICAL_SURFACE( '', #723, 0.00280000000000000 );
#410 = SURFACE_STYLE_USAGE( .BOTH., #724 );
#411 = FACE_OUTER_BOUND( '', #725, .T. );
#412 = FACE_BOUND( '', #726, .T. );
#413 = CONICAL_SURFACE( '', #727, 0.000263397500000000, 0.523598775600000 );
#414 = SURFACE_STYLE_USAGE( .BOTH., #728 );
#415 = FACE_OUTER_BOUND( '', #729, .T. );
#416 = CYLINDRICAL_SURFACE( '', #730, 0.000500000000000000 );
#417 = SURFACE_STYLE_USAGE( .BOTH., #731 );
#418 = FACE_OUTER_BOUND( '', #732, .T. );
#419 = CYLINDRICAL_SURFACE( '', #733, 0.000500000000000000 );
#420 = SURFACE_STYLE_USAGE( .BOTH., #734 );
#421 = FACE_OUTER_BOUND( '', #735, .T. );
#422 = PLANE( '', #736 );
#423 = SURFACE_STYLE_USAGE( .BOTH., #737 );
#424 = FACE_OUTER_BOUND( '', #738, .T. );
#425 = FACE_BOUND( '', #739, .T. );
#426 = PLANE( '', #740 );
#427 = SURFACE_STYLE_USAGE( .BOTH., #741 );
#428 = FACE_OUTER_BOUND( '', #742, .T. );
#429 = PLANE( '', #743 );
#430 = SURFACE_STYLE_USAGE( .BOTH., #744 );
#431 = FACE_OUTER_BOUND( '', #745, .T. );
#432 = PLANE( '', #746 );
#433 = SURFACE_STYLE_USAGE( .BOTH., #747 );
#434 = FACE_OUTER_BOUND( '', #748, .T. );
#435 = PLANE( '', #749 );
#436 = SURFACE_STYLE_USAGE( .BOTH., #750 );
#437 = FACE_OUTER_BOUND( '', #751, .T. );
#438 = CONICAL_SURFACE( '', #752, 0.00280000000000000, 1.04719755120000 );
#439 = SURFACE_STYLE_USAGE( .BOTH., #753 );
#440 = FACE_OUTER_BOUND( '', #754, .T. );
#441 = FACE_BOUND( '', #755, .T. );
#442 = CONICAL_SURFACE( '', #756, 0.000263397500000000, 0.523598775600000 );
#443 = SURFACE_STYLE_USAGE( .BOTH., #757 );
#444 = FACE_OUTER_BOUND( '', #758, .T. );
#445 = PLANE( '', #759 );
#446 = SURFACE_STYLE_USAGE( .BOTH., #760 );
#447 = FACE_OUTER_BOUND( '', #761, .T. );
#448 = PLANE( '', #762 );
#449 = SURFACE_STYLE_USAGE( .BOTH., #763 );
#450 = FACE_OUTER_BOUND( '', #764, .T. );
#451 = PLANE( '', #765 );
#452 = SURFACE_STYLE_USAGE( .BOTH., #766 );
#453 = FACE_OUTER_BOUND( '', #767, .T. );
#454 = FACE_OUTER_BOUND( '', #768, .T. );
#455 = CYLINDRICAL_SURFACE( '', #769, 0.00590000000000000 );
#456 = SURFACE_STYLE_USAGE( .BOTH., #770 );
#457 = FACE_OUTER_BOUND( '', #771, .T. );
#458 = CYLINDRICAL_SURFACE( '', #772, 0.00670000000000000 );
#459 = SURFACE_STYLE_USAGE( .BOTH., #773 );
#460 = FACE_OUTER_BOUND( '', #774, .T. );
#461 = CONICAL_SURFACE( '', #775, 0.00280000000000000, 1.04719755120000 );
#462 = SURFACE_STYLE_USAGE( .BOTH., #776 );
#463 = FACE_OUTER_BOUND( '', #777, .T. );
#464 = CYLINDRICAL_SURFACE( '', #778, 0.000500000000000000 );
#465 = SURFACE_STYLE_USAGE( .BOTH., #779 );
#466 = FACE_OUTER_BOUND( '', #780, .T. );
#467 = PLANE( '', #781 );
#468 = SURFACE_STYLE_USAGE( .BOTH., #782 );
#469 = FACE_OUTER_BOUND( '', #783, .T. );
#470 = CYLINDRICAL_SURFACE( '', #784, 0.000500000000000000 );
#471 = SURFACE_STYLE_USAGE( .BOTH., #785 );
#472 = FACE_OUTER_BOUND( '', #786, .T. );
#473 = FACE_BOUND( '', #787, .T. );
#474 = CONICAL_SURFACE( '', #788, 0.000263397500000000, 0.523598775600000 );
#475 = SURFACE_STYLE_USAGE( .BOTH., #789 );
#476 = FACE_OUTER_BOUND( '', #790, .T. );
#477 = FACE_OUTER_BOUND( '', #791, .T. );
#478 = CYLINDRICAL_SURFACE( '', #792, 0.000350000000000000 );
#479 = SURFACE_STYLE_USAGE( .BOTH., #793 );
#480 = FACE_OUTER_BOUND( '', #794, .T. );
#481 = CYLINDRICAL_SURFACE( '', #795, 0.000500000000000000 );
#482 = SURFACE_STYLE_USAGE( .BOTH., #796 );
#483 = FACE_OUTER_BOUND( '', #797, .T. );
#484 = PLANE( '', #798 );
#485 = SURFACE_STYLE_USAGE( .BOTH., #799 );
#486 = FACE_OUTER_BOUND( '', #800, .T. );
#487 = PLANE( '', #801 );
#488 = SURFACE_STYLE_USAGE( .BOTH., #802 );
#489 = FACE_OUTER_BOUND( '', #803, .T. );
#490 = CYLINDRICAL_SURFACE( '', #804, 0.000500000000000000 );
#491 = SURFACE_STYLE_USAGE( .BOTH., #805 );
#492 = FACE_OUTER_BOUND( '', #806, .T. );
#493 = PLANE( '', #807 );
#494 = SURFACE_STYLE_USAGE( .BOTH., #808 );
#495 = FACE_OUTER_BOUND( '', #809, .T. );
#496 = PLANE( '', #810 );
#497 = SURFACE_STYLE_USAGE( .BOTH., #811 );
#498 = FACE_OUTER_BOUND( '', #812, .T. );
#499 = FACE_OUTER_BOUND( '', #813, .T. );
#500 = CYLINDRICAL_SURFACE( '', #814, 0.000350000000000000 );
#501 = SURFACE_STYLE_USAGE( .BOTH., #815 );
#502 = FACE_OUTER_BOUND( '', #816, .T. );
#503 = CYLINDRICAL_SURFACE( '', #817, 0.00280000000000000 );
#504 = SURFACE_STYLE_USAGE( .BOTH., #818 );
#505 = FACE_OUTER_BOUND( '', #819, .T. );
#506 = FACE_BOUND( '', #820, .T. );
#507 = CONICAL_SURFACE( '', #821, 0.000263397500000000, 0.523598775600000 );
#508 = SURFACE_STYLE_USAGE( .BOTH., #822 );
#509 = FACE_OUTER_BOUND( '', #823, .T. );
#510 = FACE_OUTER_BOUND( '', #824, .T. );
#511 = CYLINDRICAL_SURFACE( '', #825, 0.000350000000000000 );
#512 = SURFACE_STYLE_USAGE( .BOTH., #826 );
#513 = FACE_OUTER_BOUND( '', #827, .T. );
#514 = CYLINDRICAL_SURFACE( '', #828, 0.00220000000000000 );
#515 = SURFACE_STYLE_USAGE( .BOTH., #829 );
#516 = FACE_OUTER_BOUND( '', #830, .T. );
#517 = CYLINDRICAL_SURFACE( '', #831, 0.000500000000000000 );
#518 = SURFACE_STYLE_USAGE( .BOTH., #832 );
#519 = FACE_OUTER_BOUND( '', #833, .T. );
#520 = PLANE( '', #834 );
#521 = SURFACE_STYLE_USAGE( .BOTH., #835 );
#522 = FACE_OUTER_BOUND( '', #836, .T. );
#523 = PLANE( '', #837 );
#524 = SURFACE_STYLE_USAGE( .BOTH., #838 );
#525 = FACE_OUTER_BOUND( '', #839, .T. );
#526 = FACE_BOUND( '', #840, .T. );
#527 = CONICAL_SURFACE( '', #841, 0.000263397500000000, 0.523598775600000 );
#528 = SURFACE_STYLE_USAGE( .BOTH., #842 );
#529 = FACE_OUTER_BOUND( '', #843, .T. );
#530 = FACE_OUTER_BOUND( '', #844, .T. );
#531 = CYLINDRICAL_SURFACE( '', #845, 0.000350000000000000 );
#532 = SURFACE_STYLE_USAGE( .BOTH., #846 );
#533 = FACE_OUTER_BOUND( '', #847, .T. );
#534 = PLANE( '', #848 );
#535 = SURFACE_STYLE_USAGE( .BOTH., #849 );
#536 = FACE_OUTER_BOUND( '', #850, .T. );
#537 = FACE_OUTER_BOUND( '', #851, .T. );
#538 = CYLINDRICAL_SURFACE( '', #852, 0.000350000000000000 );
#539 = SURFACE_STYLE_USAGE( .BOTH., #853 );
#540 = FACE_OUTER_BOUND( '', #854, .T. );
#541 = PLANE( '', #855 );
#542 = SURFACE_STYLE_USAGE( .BOTH., #856 );
#543 = FACE_OUTER_BOUND( '', #857, .T. );
#544 = PLANE( '', #858 );
#545 = SURFACE_STYLE_USAGE( .BOTH., #859 );
#546 = FACE_OUTER_BOUND( '', #860, .T. );
#547 = FACE_BOUND( '', #861, .T. );
#548 = PLANE( '', #862 );
#549 = SURFACE_STYLE_USAGE( .BOTH., #863 );
#550 = FACE_OUTER_BOUND( '', #864, .T. );
#551 = PLANE( '', #865 );
#552 = SURFACE_STYLE_USAGE( .BOTH., #866 );
#553 = FACE_OUTER_BOUND( '', #867, .T. );
#554 = FACE_OUTER_BOUND( '', #868, .T. );
#555 = TOROIDAL_SURFACE( '', #869, 0.00620000000000000, 0.000500000000000000 );
#556 = SURFACE_STYLE_USAGE( .BOTH., #870 );
#557 = FACE_OUTER_BOUND( '', #871, .T. );
#558 = PLANE( '', #872 );
#559 = SURFACE_STYLE_USAGE( .BOTH., #873 );
#560 = FACE_OUTER_BOUND( '', #874, .T. );
#561 = CONICAL_SURFACE( '', #875, 0.00280000000000000, 1.04719755120000 );
#562 = SURFACE_STYLE_USAGE( .BOTH., #876 );
#563 = FACE_OUTER_BOUND( '', #877, .T. );
#564 = PLANE( '', #878 );
#565 = SURFACE_STYLE_USAGE( .BOTH., #879 );
#566 = FACE_OUTER_BOUND( '', #880, .T. );
#567 = PLANE( '', #881 );
#568 = SURFACE_STYLE_USAGE( .BOTH., #882 );
#569 = FACE_OUTER_BOUND( '', #883, .T. );
#570 = PLANE( '', #884 );
#571 = SURFACE_STYLE_USAGE( .BOTH., #885 );
#572 = FACE_OUTER_BOUND( '', #886, .T. );
#573 = CYLINDRICAL_SURFACE( '', #887, 0.00280000000000000 );
#574 = SURFACE_STYLE_USAGE( .BOTH., #888 );
#575 = FACE_OUTER_BOUND( '', #889, .T. );
#576 = CONICAL_SURFACE( '', #890, 0.00280000000000000, 1.04719755120000 );
#577 = SURFACE_STYLE_USAGE( .BOTH., #891 );
#578 = FACE_OUTER_BOUND( '', #892, .T. );
#579 = FACE_OUTER_BOUND( '', #893, .T. );
#580 = CYLINDRICAL_SURFACE( '', #894, 0.000350000000000000 );
#581 = SURFACE_STYLE_USAGE( .BOTH., #895 );
#582 = FACE_OUTER_BOUND( '', #896, .T. );
#583 = PLANE( '', #897 );
#584 = SURFACE_STYLE_USAGE( .BOTH., #898 );
#585 = FACE_OUTER_BOUND( '', #899, .T. );
#586 = CYLINDRICAL_SURFACE( '', #900, 0.00300000000000000 );
#587 = SURFACE_STYLE_USAGE( .BOTH., #901 );
#588 = FACE_OUTER_BOUND( '', #902, .T. );
#589 = PLANE( '', #903 );
#590 = SURFACE_STYLE_USAGE( .BOTH., #904 );
#591 = FACE_OUTER_BOUND( '', #905, .T. );
#592 = CYLINDRICAL_SURFACE( '', #906, 0.000500000000000000 );
#593 = SURFACE_STYLE_USAGE( .BOTH., #907 );
#594 = FACE_OUTER_BOUND( '', #908, .T. );
#595 = PLANE( '', #909 );
#596 = SURFACE_STYLE_USAGE( .BOTH., #910 );
#597 = FACE_OUTER_BOUND( '', #911, .T. );
#598 = PLANE( '', #912 );
#599 = SURFACE_STYLE_USAGE( .BOTH., #913 );
#600 = FACE_OUTER_BOUND( '', #914, .T. );
#601 = FACE_BOUND( '', #915, .T. );
#602 = CONICAL_SURFACE( '', #916, 0.000263397500000000, 0.523598775600000 );
#603 = SURFACE_STYLE_USAGE( .BOTH., #917 );
#604 = FACE_OUTER_BOUND( '', #918, .T. );
#605 = CYLINDRICAL_SURFACE( '', #919, 0.000500000000000000 );
#606 = SURFACE_STYLE_USAGE( .BOTH., #920 );
#607 = FACE_OUTER_BOUND( '', #921, .T. );
#608 = FACE_OUTER_BOUND( '', #922, .T. );
#609 = CYLINDRICAL_SURFACE( '', #923, 0.000350000000000000 );
#610 = SURFACE_STYLE_USAGE( .BOTH., #924 );
#611 = FACE_OUTER_BOUND( '', #925, .T. );
#612 = FACE_OUTER_BOUND( '', #926, .T. );
#613 = TOROIDAL_SURFACE( '', #927, 0.00620000000000000, 0.000300000000000000 );
#614 = SURFACE_STYLE_USAGE( .BOTH., #928 );
#615 = FACE_OUTER_BOUND( '', #929, .T. );
#616 = PLANE( '', #930 );
#617 = PRODUCT_CONTEXT( '', #100, 'mechanical' );
#618 = PRODUCT_DEFINITION_FORMATION_WITH_SPECIFIED_SOURCE( ' ', 'NONE', #293, .NOT_KNOWN. );
#619 = CLOSED_SHELL( '', ( #196, #268, #162, #272, #206, #194, #170, #200, #166, #202, #192, #204, #216, #174, #148, #288, #152, #220, #222, #172, #144, #198, #184, #136, #230, #126, #142, #128, #154, #264, #120, #282, #254, #262, #188, #278, #138, #214, #218, #280, #208, #122, #290, #146, #246, #156, #266, #124, #258, #212, #158, #116, #132, #180, #224, #140, #238, #250, #240, #274, #186, #226, #244, #190, #292, #176, #130, #256, #134, #284, #118, #248, #232, #242, #234, #160, #270, #150, #236, #276, #168, #114, #228, #260, #178, #286, #210, #182, #252, #164 ) );
#620 = CARTESIAN_POINT( '', ( 0.000000000000000, 0.000000000000000, 0.000000000000000 ) );
#621 = DIRECTION( '', ( 0.000000000000000, 0.000000000000000, 1.00000000000000 ) );
#622 = DIRECTION( '', ( 1.00000000000000, 0.000000000000000, 0.000000000000000 ) );
#623 =  ( LENGTH_UNIT(  )NAMED_UNIT( #302 )SI_UNIT( $, .METRE. ) );
#624 = SURFACE_SIDE_STYLE( '', ( #932 ) );
#625 = EDGE_LOOP( '', ( #933 ) );
#626 = EDGE_LOOP( '', ( #934 ) );
#627 = AXIS2_PLACEMENT_3D( '', #935, #936, #937 );
#628 = SURFACE_SIDE_STYLE( '', ( #938 ) );
#629 = EDGE_LOOP( '', ( #939, #940, #941, #942 ) );
#630 = AXIS2_PLACEMENT_3D( '', #943, #944, #945 );
#631 = SURFACE_SIDE_STYLE( '', ( #946 ) );
#632 = EDGE_LOOP( '', ( #947 ) );
#633 = AXIS2_PLACEMENT_3D( '', #948, #949, #950 );
#634 = SURFACE_SIDE_STYLE( '', ( #951 ) );
#635 = EDGE_LOOP( '', ( #952 ) );
#636 = EDGE_LOOP( '', ( #953 ) );
#637 = AXIS2_PLACEMENT_3D( '', #954, #955, #956 );
#638 = SURFACE_SIDE_STYLE( '', ( #957 ) );
#639 = EDGE_LOOP( '', ( #958, #959, #960, #961, #962 ) );
#640 = AXIS2_PLACEMENT_3D( '', #963, #964, #965 );
#641 = SURFACE_SIDE_STYLE( '', ( #966 ) );
#642 = EDGE_LOOP( '', ( #967 ) );
#643 = EDGE_LOOP( '', ( #968 ) );
#644 = AXIS2_PLACEMENT_3D( '', #969, #970, #971 );
#645 = SURFACE_SIDE_STYLE( '', ( #972 ) );
#646 = EDGE_LOOP( '', ( #973, #974, #975, #976 ) );
#647 = AXIS2_PLACEMENT_3D( '', #977, #978, #979 );
#648 = SURFACE_SIDE_STYLE( '', ( #980 ) );
#649 = EDGE_LOOP( '', ( #981 ) );
#650 = EDGE_LOOP( '', ( #982 ) );
#651 = AXIS2_PLACEMENT_3D( '', #983, #984, #985 );
#652 = SURFACE_SIDE_STYLE( '', ( #986 ) );
#653 = EDGE_LOOP( '', ( #987, #988, #989, #990 ) );
#654 = AXIS2_PLACEMENT_3D( '', #991, #992, #993 );
#655 = SURFACE_SIDE_STYLE( '', ( #994 ) );
#656 = EDGE_LOOP( '', ( #995, #996, #997, #998 ) );
#657 = AXIS2_PLACEMENT_3D( '', #999, #1000, #1001 );
#658 = SURFACE_SIDE_STYLE( '', ( #1002 ) );
#659 = EDGE_LOOP( '', ( #1003, #1004 ) );
#660 = AXIS2_PLACEMENT_3D( '', #1005, #1006, #1007 );
#661 = SURFACE_SIDE_STYLE( '', ( #1008 ) );
#662 = EDGE_LOOP( '', ( #1009, #1010, #1011, #1012 ) );
#663 = AXIS2_PLACEMENT_3D( '', #1013, #1014, #1015 );
#664 = SURFACE_SIDE_STYLE( '', ( #1016 ) );
#665 = EDGE_LOOP( '', ( #1017, #1018, #1019, #1020 ) );
#666 = AXIS2_PLACEMENT_3D( '', #1021, #1022, #1023 );
#667 = SURFACE_SIDE_STYLE( '', ( #1024 ) );
#668 = EDGE_LOOP( '', ( #1025, #1026, #1027, #1028 ) );
#669 = AXIS2_PLACEMENT_3D( '', #1029, #1030, #1031 );
#670 = SURFACE_SIDE_STYLE( '', ( #1032 ) );
#671 = EDGE_LOOP( '', ( #1033, #1034, #1035, #1036 ) );
#672 = AXIS2_PLACEMENT_3D( '', #1037, #1038, #1039 );
#673 = SURFACE_SIDE_STYLE( '', ( #1040 ) );
#674 = EDGE_LOOP( '', ( #1041 ) );
#675 = EDGE_LOOP( '', ( #1042 ) );
#676 = AXIS2_PLACEMENT_3D( '', #1043, #1044, #1045 );
#677 = SURFACE_SIDE_STYLE( '', ( #1046 ) );
#678 = EDGE_LOOP( '', ( #1047, #1048, #1049, #1050 ) );
#679 = AXIS2_PLACEMENT_3D( '', #1051, #1052, #1053 );
#680 = SURFACE_SIDE_STYLE( '', ( #1054 ) );
#681 = EDGE_LOOP( '', ( #1055, #1056, #1057, #1058, #1059, #1060, #1061, #1062, #1063, #1064, #1065, #1066, #1067, #1068, #1069, #1070, #1071, #1072, #1073, #1074, #1075, #1076, #1077, #1078 ) );
#682 = EDGE_LOOP( '', ( #1079 ) );
#683 = EDGE_LOOP( '', ( #1080 ) );
#684 = EDGE_LOOP( '', ( #1081 ) );
#685 = EDGE_LOOP( '', ( #1082 ) );
#686 = EDGE_LOOP( '', ( #1083 ) );
#687 = EDGE_LOOP( '', ( #1084 ) );
#688 = EDGE_LOOP( '', ( #1085 ) );
#689 = EDGE_LOOP( '', ( #1086 ) );
#690 = EDGE_LOOP( '', ( #1087 ) );
#691 = EDGE_LOOP( '', ( #1088 ) );
#692 = AXIS2_PLACEMENT_3D( '', #1089, #1090, #1091 );
#693 = SURFACE_SIDE_STYLE( '', ( #1092 ) );
#694 = EDGE_LOOP( '', ( #1093 ) );
#695 = EDGE_LOOP( '', ( #1094 ) );
#696 = AXIS2_PLACEMENT_3D( '', #1095, #1096, #1097 );
#697 = SURFACE_SIDE_STYLE( '', ( #1098 ) );
#698 = EDGE_LOOP( '', ( #1099, #1100, #1101, #1102 ) );
#699 = AXIS2_PLACEMENT_3D( '', #1103, #1104, #1105 );
#700 = SURFACE_SIDE_STYLE( '', ( #1106 ) );
#701 = EDGE_LOOP( '', ( #1107, #1108, #1109, #1110 ) );
#702 = AXIS2_PLACEMENT_3D( '', #1111, #1112, #1113 );
#703 = SURFACE_SIDE_STYLE( '', ( #1114 ) );
#704 = EDGE_LOOP( '', ( #1115 ) );
#705 = EDGE_LOOP( '', ( #1116 ) );
#706 = AXIS2_PLACEMENT_3D( '', #1117, #1118, #1119 );
#707 = SURFACE_SIDE_STYLE( '', ( #1120 ) );
#708 = EDGE_LOOP( '', ( #1121 ) );
#709 = EDGE_LOOP( '', ( #1122 ) );
#710 = AXIS2_PLACEMENT_3D( '', #1123, #1124, #1125 );
#711 = SURFACE_SIDE_STYLE( '', ( #1126 ) );
#712 = EDGE_LOOP( '', ( #1127, #1128, #1129, #1130, #1131 ) );
#713 = AXIS2_PLACEMENT_3D( '', #1132, #1133, #1134 );
#714 = SURFACE_SIDE_STYLE( '', ( #1135 ) );
#715 = EDGE_LOOP( '', ( #1136 ) );
#716 = AXIS2_PLACEMENT_3D( '', #1137, #1138, #1139 );
#717 = SURFACE_SIDE_STYLE( '', ( #1140 ) );
#718 = EDGE_LOOP( '', ( #1141 ) );
#719 = EDGE_LOOP( '', ( #1142 ) );
#720 = AXIS2_PLACEMENT_3D( '', #1143, #1144, #1145 );
#721 = SURFACE_SIDE_STYLE( '', ( #1146 ) );
#722 = EDGE_LOOP( '', ( #1147, #1148, #1149, #1150 ) );
#723 = AXIS2_PLACEMENT_3D( '', #1151, #1152, #1153 );
#724 = SURFACE_SIDE_STYLE( '', ( #1154 ) );
#725 = EDGE_LOOP( '', ( #1155 ) );
#726 = EDGE_LOOP( '', ( #1156 ) );
#727 = AXIS2_PLACEMENT_3D( '', #1157, #1158, #1159 );
#728 = SURFACE_SIDE_STYLE( '', ( #1160 ) );
#729 = EDGE_LOOP( '', ( #1161, #1162, #1163, #1164 ) );
#730 = AXIS2_PLACEMENT_3D( '', #1165, #1166, #1167 );
#731 = SURFACE_SIDE_STYLE( '', ( #1168 ) );
#732 = EDGE_LOOP( '', ( #1169, #1170, #1171, #1172, #1173 ) );
#733 = AXIS2_PLACEMENT_3D( '', #1174, #1175, #1176 );
#734 = SURFACE_SIDE_STYLE( '', ( #1177 ) );
#735 = EDGE_LOOP( '', ( #1178, #1179, #1180, #1181 ) );
#736 = AXIS2_PLACEMENT_3D( '', #1182, #1183, #1184 );
#737 = SURFACE_SIDE_STYLE( '', ( #1185 ) );
#738 = EDGE_LOOP( '', ( #1186 ) );
#739 = EDGE_LOOP( '', ( #1187 ) );
#740 = AXIS2_PLACEMENT_3D( '', #1188, #1189, #1190 );
#741 = SURFACE_SIDE_STYLE( '', ( #1191 ) );
#742 = EDGE_LOOP( '', ( #1192, #1193, #1194, #1195, #1196, #1197, #1198, #1199 ) );
#743 = AXIS2_PLACEMENT_3D( '', #1200, #1201, #1202 );
#744 = SURFACE_SIDE_STYLE( '', ( #1203 ) );
#745 = EDGE_LOOP( '', ( #1204, #1205, #1206, #1207 ) );
#746 = AXIS2_PLACEMENT_3D( '', #1208, #1209, #1210 );
#747 = SURFACE_SIDE_STYLE( '', ( #1211 ) );
#748 = EDGE_LOOP( '', ( #1212 ) );
#749 = AXIS2_PLACEMENT_3D( '', #1213, #1214, #1215 );
#750 = SURFACE_SIDE_STYLE( '', ( #1216 ) );
#751 = EDGE_LOOP( '', ( #1217, #1218 ) );
#752 = AXIS2_PLACEMENT_3D( '', #1219, #1220, #1221 );
#753 = SURFACE_SIDE_STYLE( '', ( #1222 ) );
#754 = EDGE_LOOP( '', ( #1223 ) );
#755 = EDGE_LOOP( '', ( #1224 ) );
#756 = AXIS2_PLACEMENT_3D( '', #1225, #1226, #1227 );
#757 = SURFACE_SIDE_STYLE( '', ( #1228 ) );
#758 = EDGE_LOOP( '', ( #1229, #1230, #1231, #1232 ) );
#759 = AXIS2_PLACEMENT_3D( '', #1233, #1234, #1235 );
#760 = SURFACE_SIDE_STYLE( '', ( #1236 ) );
#761 = EDGE_LOOP( '', ( #1237, #1238, #1239, #1240, #1241 ) );
#762 = AXIS2_PLACEMENT_3D( '', #1242, #1243, #1244 );
#763 = SURFACE_SIDE_STYLE( '', ( #1245 ) );
#764 = EDGE_LOOP( '', ( #1246 ) );
#765 = AXIS2_PLACEMENT_3D( '', #1247, #1248, #1249 );
#766 = SURFACE_SIDE_STYLE( '', ( #1250 ) );
#767 = EDGE_LOOP( '', ( #1251 ) );
#768 = EDGE_LOOP( '', ( #1252 ) );
#769 = AXIS2_PLACEMENT_3D( '', #1253, #1254, #1255 );
#770 = SURFACE_SIDE_STYLE( '', ( #1256 ) );
#771 = EDGE_LOOP( '', ( #1257, #1258, #1259, #1260, #1261, #1262, #1263, #1264, #1265, #1266, #1267, #1268, #1269, #1270 ) );
#772 = AXIS2_PLACEMENT_3D( '', #1271, #1272, #1273 );
#773 = SURFACE_SIDE_STYLE( '', ( #1274 ) );
#774 = EDGE_LOOP( '', ( #1275, #1276 ) );
#775 = AXIS2_PLACEMENT_3D( '', #1277, #1278, #1279 );
#776 = SURFACE_SIDE_STYLE( '', ( #1280 ) );
#777 = EDGE_LOOP( '', ( #1281, #1282, #1283, #1284 ) );
#778 = AXIS2_PLACEMENT_3D( '', #1285, #1286, #1287 );
#779 = SURFACE_SIDE_STYLE( '', ( #1288 ) );
#780 = EDGE_LOOP( '', ( #1289, #1290, #1291, #1292, #1293, #1294, #1295, #1296, #1297, #1298, #1299, #1300, #1301, #1302, #1303, #1304, #1305, #1306, #1307, #1308, #1309, #1310, #1311, #1312, #1313, #1314, #1315, #1316, #1317, #1318 ) );
#781 = AXIS2_PLACEMENT_3D( '', #1319, #1320, #1321 );
#782 = SURFACE_SIDE_STYLE( '', ( #1322 ) );
#783 = EDGE_LOOP( '', ( #1323, #1324, #1325, #1326 ) );
#784 = AXIS2_PLACEMENT_3D( '', #1327, #1328, #1329 );
#785 = SURFACE_SIDE_STYLE( '', ( #1330 ) );
#786 = EDGE_LOOP( '', ( #1331 ) );
#787 = EDGE_LOOP( '', ( #1332 ) );
#788 = AXIS2_PLACEMENT_3D( '', #1333, #1334, #1335 );
#789 = SURFACE_SIDE_STYLE( '', ( #1336 ) );
#790 = EDGE_LOOP( '', ( #1337 ) );
#791 = EDGE_LOOP( '', ( #1338 ) );
#792 = AXIS2_PLACEMENT_3D( '', #1339, #1340, #1341 );
#793 = SURFACE_SIDE_STYLE( '', ( #1342 ) );
#794 = EDGE_LOOP( '', ( #1343, #1344, #1345, #1346 ) );
#795 = AXIS2_PLACEMENT_3D( '', #1347, #1348, #1349 );
#796 = SURFACE_SIDE_STYLE( '', ( #1350 ) );
#797 = EDGE_LOOP( '', ( #1351, #1352, #1353, #1354, #1355 ) );
#798 = AXIS2_PLACEMENT_3D( '', #1356, #1357, #1358 );
#799 = SURFACE_SIDE_STYLE( '', ( #1359 ) );
#800 = EDGE_LOOP( '', ( #1360, #1361, #1362, #1363 ) );
#801 = AXIS2_PLACEMENT_3D( '', #1364, #1365, #1366 );
#802 = SURFACE_SIDE_STYLE( '', ( #1367 ) );
#803 = EDGE_LOOP( '', ( #1368, #1369, #1370, #1371 ) );
#804 = AXIS2_PLACEMENT_3D( '', #1372, #1373, #1374 );
#805 = SURFACE_SIDE_STYLE( '', ( #1375 ) );
#806 = EDGE_LOOP( '', ( #1376 ) );
#807 = AXIS2_PLACEMENT_3D( '', #1377, #1378, #1379 );
#808 = SURFACE_SIDE_STYLE( '', ( #1380 ) );
#809 = EDGE_LOOP( '', ( #1381, #1382, #1383, #1384 ) );
#810 = AXIS2_PLACEMENT_3D( '', #1385, #1386, #1387 );
#811 = SURFACE_SIDE_STYLE( '', ( #1388 ) );
#812 = EDGE_LOOP( '', ( #1389 ) );
#813 = EDGE_LOOP( '', ( #1390 ) );
#814 = AXIS2_PLACEMENT_3D( '', #1391, #1392, #1393 );
#815 = SURFACE_SIDE_STYLE( '', ( #1394 ) );
#816 = EDGE_LOOP( '', ( #1395, #1396, #1397, #1398 ) );
#817 = AXIS2_PLACEMENT_3D( '', #1399, #1400, #1401 );
#818 = SURFACE_SIDE_STYLE( '', ( #1402 ) );
#819 = EDGE_LOOP( '', ( #1403 ) );
#820 = EDGE_LOOP( '', ( #1404 ) );
#821 = AXIS2_PLACEMENT_3D( '', #1405, #1406, #1407 );
#822 = SURFACE_SIDE_STYLE( '', ( #1408 ) );
#823 = EDGE_LOOP( '', ( #1409 ) );
#824 = EDGE_LOOP( '', ( #1410 ) );
#825 = AXIS2_PLACEMENT_3D( '', #1411, #1412, #1413 );
#826 = SURFACE_SIDE_STYLE( '', ( #1414 ) );
#827 = EDGE_LOOP( '', ( #1415, #1416, #1417, #1418 ) );
#828 = AXIS2_PLACEMENT_3D( '', #1419, #1420, #1421 );
#829 = SURFACE_SIDE_STYLE( '', ( #1422 ) );
#830 = EDGE_LOOP( '', ( #1423, #1424, #1425, #1426 ) );
#831 = AXIS2_PLACEMENT_3D( '', #1427, #1428, #1429 );
#832 = SURFACE_SIDE_STYLE( '', ( #1430 ) );
#833 = EDGE_LOOP( '', ( #1431, #1432, #1433, #1434, #1435 ) );
#834 = AXIS2_PLACEMENT_3D( '', #1436, #1437, #1438 );
#835 = SURFACE_SIDE_STYLE( '', ( #1439 ) );
#836 = EDGE_LOOP( '', ( #1440, #1441, #1442, #1443 ) );
#837 = AXIS2_PLACEMENT_3D( '', #1444, #1445, #1446 );
#838 = SURFACE_SIDE_STYLE( '', ( #1447 ) );
#839 = EDGE_LOOP( '', ( #1448 ) );
#840 = EDGE_LOOP( '', ( #1449 ) );
#841 = AXIS2_PLACEMENT_3D( '', #1450, #1451, #1452 );
#842 = SURFACE_SIDE_STYLE( '', ( #1453 ) );
#843 = EDGE_LOOP( '', ( #1454 ) );
#844 = EDGE_LOOP( '', ( #1455 ) );
#845 = AXIS2_PLACEMENT_3D( '', #1456, #1457, #1458 );
#846 = SURFACE_SIDE_STYLE( '', ( #1459 ) );
#847 = EDGE_LOOP( '', ( #1460, #1461, #1462, #1463, #1464, #1465 ) );
#848 = AXIS2_PLACEMENT_3D( '', #1466, #1467, #1468 );
#849 = SURFACE_SIDE_STYLE( '', ( #1469 ) );
#850 = EDGE_LOOP( '', ( #1470 ) );
#851 = EDGE_LOOP( '', ( #1471 ) );
#852 = AXIS2_PLACEMENT_3D( '', #1472, #1473, #1474 );
#853 = SURFACE_SIDE_STYLE( '', ( #1475 ) );
#854 = EDGE_LOOP( '', ( #1476 ) );
#855 = AXIS2_PLACEMENT_3D( '', #1477, #1478, #1479 );
#856 = SURFACE_SIDE_STYLE( '', ( #1480 ) );
#857 = EDGE_LOOP( '', ( #1481 ) );
#858 = AXIS2_PLACEMENT_3D( '', #1482, #1483, #1484 );
#859 = SURFACE_SIDE_STYLE( '', ( #1485 ) );
#860 = EDGE_LOOP( '', ( #1486, #1487, #1488, #1489, #1490, #1491, #1492, #1493, #1494, #1495, #1496, #1497 ) );
#861 = EDGE_LOOP( '', ( #1498 ) );
#862 = AXIS2_PLACEMENT_3D( '', #1499, #1500, #1501 );
#863 = SURFACE_SIDE_STYLE( '', ( #1502 ) );
#864 = EDGE_LOOP( '', ( #1503, #1504, #1505, #1506 ) );
#865 = AXIS2_PLACEMENT_3D( '', #1507, #1508, #1509 );
#866 = SURFACE_SIDE_STYLE( '', ( #1510 ) );
#867 = EDGE_LOOP( '', ( #1511 ) );
#868 = EDGE_LOOP( '', ( #1512 ) );
#869 = AXIS2_PLACEMENT_3D( '', #1513, #1514, #1515 );
#870 = SURFACE_SIDE_STYLE( '', ( #1516 ) );
#871 = EDGE_LOOP( '', ( #1517, #1518, #1519, #1520 ) );
#872 = AXIS2_PLACEMENT_3D( '', #1521, #1522, #1523 );
#873 = SURFACE_SIDE_STYLE( '', ( #1524 ) );
#874 = EDGE_LOOP( '', ( #1525, #1526 ) );
#875 = AXIS2_PLACEMENT_3D( '', #1527, #1528, #1529 );
#876 = SURFACE_SIDE_STYLE( '', ( #1530 ) );
#877 = EDGE_LOOP( '', ( #1531 ) );
#878 = AXIS2_PLACEMENT_3D( '', #1532, #1533, #1534 );
#879 = SURFACE_SIDE_STYLE( '', ( #1535 ) );
#880 = EDGE_LOOP( '', ( #1536, #1537, #1538, #1539, #1540, #1541, #1542, #1543 ) );
#881 = AXIS2_PLACEMENT_3D( '', #1544, #1545, #1546 );
#882 = SURFACE_SIDE_STYLE( '', ( #1547 ) );
#883 = EDGE_LOOP( '', ( #1548 ) );
#884 = AXIS2_PLACEMENT_3D( '', #1549, #1550, #1551 );
#885 = SURFACE_SIDE_STYLE( '', ( #1552 ) );
#886 = EDGE_LOOP( '', ( #1553, #1554, #1555, #1556 ) );
#887 = AXIS2_PLACEMENT_3D( '', #1557, #1558, #1559 );
#888 = SURFACE_SIDE_STYLE( '', ( #1560 ) );
#889 = EDGE_LOOP( '', ( #1561, #1562 ) );
#890 = AXIS2_PLACEMENT_3D( '', #1563, #1564, #1565 );
#891 = SURFACE_SIDE_STYLE( '', ( #1566 ) );
#892 = EDGE_LOOP( '', ( #1567 ) );
#893 = EDGE_LOOP( '', ( #1568 ) );
#894 = AXIS2_PLACEMENT_3D( '', #1569, #1570, #1571 );
#895 = SURFACE_SIDE_STYLE( '', ( #1572 ) );
#896 = EDGE_LOOP( '', ( #1573, #1574, #1575, #1576 ) );
#897 = AXIS2_PLACEMENT_3D( '', #1577, #1578, #1579 );
#898 = SURFACE_SIDE_STYLE( '', ( #1580 ) );
#899 = EDGE_LOOP( '', ( #1581, #1582, #1583, #1584 ) );
#900 = AXIS2_PLACEMENT_3D( '', #1585, #1586, #1587 );
#901 = SURFACE_SIDE_STYLE( '', ( #1588 ) );
#902 = EDGE_LOOP( '', ( #1589, #1590, #1591, #1592 ) );
#903 = AXIS2_PLACEMENT_3D( '', #1593, #1594, #1595 );
#904 = SURFACE_SIDE_STYLE( '', ( #1596 ) );
#905 = EDGE_LOOP( '', ( #1597, #1598, #1599, #1600 ) );
#906 = AXIS2_PLACEMENT_3D( '', #1601, #1602, #1603 );
#907 = SURFACE_SIDE_STYLE( '', ( #1604 ) );
#908 = EDGE_LOOP( '', ( #1605 ) );
#909 = AXIS2_PLACEMENT_3D( '', #1606, #1607, #1608 );
#910 = SURFACE_SIDE_STYLE( '', ( #1609 ) );
#911 = EDGE_LOOP( '', ( #1610, #1611, #1612, #1613, #1614, #1615, #1616, #1617 ) );
#912 = AXIS2_PLACEMENT_3D( '', #1618, #1619, #1620 );
#913 = SURFACE_SIDE_STYLE( '', ( #1621 ) );
#914 = EDGE_LOOP( '', ( #1622 ) );
#915 = EDGE_LOOP( '', ( #1623 ) );
#916 = AXIS2_PLACEMENT_3D( '', #1624, #1625, #1626 );
#917 = SURFACE_SIDE_STYLE( '', ( #1627 ) );
#918 = EDGE_LOOP( '', ( #1628, #1629, #1630, #1631 ) );
#919 = AXIS2_PLACEMENT_3D( '', #1632, #1633, #1634 );
#920 = SURFACE_SIDE_STYLE( '', ( #1635 ) );
#921 = EDGE_LOOP( '', ( #1636 ) );
#922 = EDGE_LOOP( '', ( #1637 ) );
#923 = AXIS2_PLACEMENT_3D( '', #1638, #1639, #1640 );
#924 = SURFACE_SIDE_STYLE( '', ( #1641 ) );
#925 = EDGE_LOOP( '', ( #1642 ) );
#926 = EDGE_LOOP( '', ( #1643 ) );
#927 = AXIS2_PLACEMENT_3D( '', #1644, #1645, #1646 );
#928 = SURFACE_SIDE_STYLE( '', ( #1647 ) );
#929 = EDGE_LOOP( '', ( #1648 ) );
#930 = AXIS2_PLACEMENT_3D( '', #1649, #1650, #1651 );
#932 = SURFACE_STYLE_FILL_AREA( #1652 );
#933 = ORIENTED_EDGE( '', *, *, #1653, .T. );
#934 = ORIENTED_EDGE( '', *, *, #1654, .T. );
#935 = CARTESIAN_POINT( '', ( -0.0183400000000000, -0.0105500000000000, -0.00571500000000002 ) );
#936 = DIRECTION( '', ( -1.90227640147817E-16, 1.00000000000000, 1.46081976924363E-16 ) );
#937 = DIRECTION( '', ( -1.00000000000000, -1.90227640147817E-16, 4.73025994619542E-17 ) );
#938 = SURFACE_STYLE_FILL_AREA( #1655 );
#939 = ORIENTED_EDGE( '', *, *, #1656, .F. );
#940 = ORIENTED_EDGE( '', *, *, #1657, .F. );
#941 = ORIENTED_EDGE( '', *, *, #1658, .F. );
#942 = ORIENTED_EDGE( '', *, *, #1659, .T. );
#943 = CARTESIAN_POINT( '', ( -0.0300000000000000, -0.00770000000000000, -0.00692500000000000 ) );
#944 = DIRECTION( '', ( -1.00000000000000, -6.64433078745246E-17, -2.62225059155669E-16 ) );
#945 = DIRECTION( '', ( -2.62225059155669E-16, 0.000000000000000, 1.00000000000000 ) );
#946 = SURFACE_STYLE_FILL_AREA( #1660 );
#947 = ORIENTED_EDGE( '', *, *, #1661, .F. );
#948 = CARTESIAN_POINT( '', ( 0.000000000000000, 0.000000000000000, 0.000000000000000 ) );
#949 = DIRECTION( '', ( 1.00000000000000, 0.000000000000000, 0.000000000000000 ) );
#950 = DIRECTION( '', ( 0.000000000000000, 1.00000000000000, -0.000000000000000 ) );
#951 = SURFACE_STYLE_FILL_AREA( #1662 );
#952 = ORIENTED_EDGE( '', *, *, #1663, .T. );
#953 = ORIENTED_EDGE( '', *, *, #1664, .T. );
#954 = CARTESIAN_POINT( '', ( -0.0234200000000000, -0.0105500000000000, 0.00127000000000000 ) );
#955 = DIRECTION( '', ( -2.22986950344916E-17, 1.00000000000000, -5.92040802267059E-33 ) );
#956 = DIRECTION( '', ( -1.00000000000000, -2.22986950344916E-17, -2.65504685969870E-16 ) );
#957 = SURFACE_STYLE_FILL_AREA( #1665 );
#958 = ORIENTED_EDGE( '', *, *, #1666, .T. );
#959 = ORIENTED_EDGE( '', *, *, #1667, .T. );
#960 = ORIENTED_EDGE( '', *, *, #1668, .T. );
#961 = ORIENTED_EDGE( '', *, *, #1669, .T. );
#962 = ORIENTED_EDGE( '', *, *, #1670, .T. );
#963 = CARTESIAN_POINT( '', ( -0.0163000000000000, -0.00770000000000000, 0.00650815427873328 ) );
#964 = DIRECTION( '', ( -6.64433078745246E-17, 1.00000000000000, 1.46081976924363E-16 ) );
#965 = DIRECTION( '', ( -1.00000000000000, -6.64433078745245E-17, -5.82867087928278E-16 ) );
#966 = SURFACE_STYLE_FILL_AREA( #1671 );
#967 = ORIENTED_EDGE( '', *, *, #1672, .T. );
#968 = ORIENTED_EDGE( '', *, *, #1673, .T. );
#969 = CARTESIAN_POINT( '', ( -0.0285000000000000, -0.0105500000000000, -0.00127000000000000 ) );
#970 = DIRECTION( '', ( -2.22986950344916E-17, 1.00000000000000, -5.92040802267059E-33 ) );
#971 = DIRECTION( '', ( -1.00000000000000, -2.22986950344916E-17, -2.65504685969870E-16 ) );
#972 = SURFACE_STYLE_FILL_AREA( #1674 );
#973 = ORIENTED_EDGE( '', *, *, #1675, .T. );
#974 = ORIENTED_EDGE( '', *, *, #1676, .T. );
#975 = ORIENTED_EDGE( '', *, *, #1656, .T. );
#976 = ORIENTED_EDGE( '', *, *, #1677, .T. );
#977 = CARTESIAN_POINT( '', ( -0.0295000000000000, -0.00770000000000000, 0.00643942542042288 ) );
#978 = DIRECTION( '', ( 6.64433078745246E-17, -1.00000000000000, -1.46081976924363E-16 ) );
#979 = DIRECTION( '', ( 1.00000000000000, 6.64433078745245E-17, 5.82867087928278E-16 ) );
#980 = SURFACE_STYLE_FILL_AREA( #1678 );
#981 = ORIENTED_EDGE( '', *, *, #1679, .F. );
#982 = ORIENTED_EDGE( '', *, *, #1663, .F. );
#983 = CARTESIAN_POINT( '', ( -0.0234200000000000, -0.00770000000000000, 0.00127000000000000 ) );
#984 = DIRECTION( '', ( -5.10698004656183E-33, 1.00000000000000, 1.85037170770859E-16 ) );
#985 = DIRECTION( '', ( -1.00000000000000, 4.40212558717083E-32, -2.65504685969870E-16 ) );
#986 = SURFACE_STYLE_FILL_AREA( #1680 );
#987 = ORIENTED_EDGE( '', *, *, #1681, .T. );
#988 = ORIENTED_EDGE( '', *, *, #1682, .T. );
#989 = ORIENTED_EDGE( '', *, *, #1683, .T. );
#990 = ORIENTED_EDGE( '', *, *, #1684, .T. );
#991 = CARTESIAN_POINT( '', ( -0.0207792416854424, -0.00769999999999999, -0.00742500000000001 ) );
#992 = DIRECTION( '', ( 6.64433078745248E-17, -1.00000000000000, -1.46081976924363E-16 ) );
#993 = DIRECTION( '', ( 0.376069902316806, -1.10370959919954E-16, 0.926591295324658 ) );
#994 = SURFACE_STYLE_FILL_AREA( #1685 );
#995 = ORIENTED_EDGE( '', *, *, #1686, .F. );
#996 = ORIENTED_EDGE( '', *, *, #1687, .F. );
#997 = ORIENTED_EDGE( '', *, *, #1688, .F. );
#998 = ORIENTED_EDGE( '', *, *, #1689, .T. );
#999 = CARTESIAN_POINT( '', ( -0.0158000000000000, -0.00470000000000000, -0.00670000000000000 ) );
#1000 = DIRECTION( '', ( -6.12323399573677E-17, 0.000000000000000, -1.00000000000000 ) );
#1001 = DIRECTION( '', ( -1.00000000000000, 0.000000000000000, 6.12323399573677E-17 ) );
#1002 = SURFACE_STYLE_FILL_AREA( #1690 );
#1003 = ORIENTED_EDGE( '', *, *, #1691, .F. );
#1004 = ORIENTED_EDGE( '', *, *, #1692, .F. );
#1005 = CARTESIAN_POINT( '', ( -0.0298000000000000, 0.000900000000000002, 8.57252759403147E-19 ) );
#1006 = DIRECTION( '', ( 0.707106781186547, -0.707106781186548, -4.32978028117747E-17 ) );
#1007 = DIRECTION( '', ( 0.000000000000000, 6.12323399573677E-17, -1.00000000000000 ) );
#1008 = SURFACE_STYLE_FILL_AREA( #1693 );
#1009 = ORIENTED_EDGE( '', *, *, #1694, .F. );
#1010 = ORIENTED_EDGE( '', *, *, #1695, .F. );
#1011 = ORIENTED_EDGE( '', *, *, #1696, .F. );
#1012 = ORIENTED_EDGE( '', *, *, #1697, .F. );
#1013 = CARTESIAN_POINT( '', ( -0.0152000000000000, -0.00730000000000000, 0.00150000000000000 ) );
#1014 = DIRECTION( '', ( 2.29584502165847E-49, 3.74939945665465E-33, 1.00000000000000 ) );
#1015 = DIRECTION( '', ( 1.00000000000000, -6.12323399573677E-17, 0.000000000000000 ) );
#1016 = SURFACE_STYLE_FILL_AREA( #1698 );
#1017 = ORIENTED_EDGE( '', *, *, #1699, .F. );
#1018 = ORIENTED_EDGE( '', *, *, #1697, .T. );
#1019 = ORIENTED_EDGE( '', *, *, #1700, .F. );
#1020 = ORIENTED_EDGE( '', *, *, #1701, .T. );
#1021 = CARTESIAN_POINT( '', ( -0.0152000000000000, -0.00670000000000000, -0.00180000000000000 ) );
#1022 = DIRECTION( '', ( 0.000000000000000, -1.00000000000000, 0.000000000000000 ) );
#1023 = DIRECTION( '', ( 0.000000000000000, 0.000000000000000, -1.00000000000000 ) );
#1024 = SURFACE_STYLE_FILL_AREA( #1702 );
#1025 = ORIENTED_EDGE( '', *, *, #1703, .F. );
#1026 = ORIENTED_EDGE( '', *, *, #1704, .F. );
#1027 = ORIENTED_EDGE( '', *, *, #1705, .F. );
#1028 = ORIENTED_EDGE( '', *, *, #1706, .T. );
#1029 = CARTESIAN_POINT( '', ( -0.0272300000000000, -0.00770000000000000, -0.00491500000000001 ) );
#1030 = DIRECTION( '', ( 6.64433078745246E-17, -1.00000000000000, -1.46081976924363E-16 ) );
#1031 = DIRECTION( '', ( 0.742361098118700, 1.47199851535694E-16, -0.669999999999999 ) );
#1032 = SURFACE_STYLE_FILL_AREA( #1707 );
#1033 = ORIENTED_EDGE( '', *, *, #1708, .F. );
#1034 = ORIENTED_EDGE( '', *, *, #1701, .F. );
#1035 = ORIENTED_EDGE( '', *, *, #1709, .F. );
#1036 = ORIENTED_EDGE( '', *, *, #1710, .F. );
#1037 = CARTESIAN_POINT( '', ( -0.0152000000000000, -0.00450000000000000, 0.00180000000000000 ) );
#1038 = DIRECTION( '', ( 1.00000000000000, -3.64306100461453E-33, -6.12323399573677E-17 ) );
#1039 = DIRECTION( '', ( 6.09787888063185E-17, -0.0909090909090897, 0.995859195463939 ) );
#1040 = SURFACE_STYLE_FILL_AREA( #1711 );
#1041 = ORIENTED_EDGE( '', *, *, #1712, .T. );
#1042 = ORIENTED_EDGE( '', *, *, #1713, .T. );
#1043 = CARTESIAN_POINT( '', ( -0.0140000000000000, 0.000000000000000, 0.000000000000000 ) );
#1044 = DIRECTION( '', ( 1.00000000000000, 0.000000000000000, 0.000000000000000 ) );
#1045 = DIRECTION( '', ( 0.000000000000000, 0.000000000000000, -1.00000000000000 ) );
#1046 = SURFACE_STYLE_FILL_AREA( #1714 );
#1047 = ORIENTED_EDGE( '', *, *, #1715, .F. );
#1048 = ORIENTED_EDGE( '', *, *, #1716, .F. );
#1049 = ORIENTED_EDGE( '', *, *, #1717, .F. );
#1050 = ORIENTED_EDGE( '', *, *, #1718, .T. );
#1051 = CARTESIAN_POINT( '', ( -0.0272300000000000, -0.00770000000000000, 0.00491499999999999 ) );
#1052 = DIRECTION( '', ( 6.64433078745245E-17, -1.00000000000000, -1.46081976924363E-16 ) );
#1053 = DIRECTION( '', ( -0.742361098118697, -1.47199851535694E-16, 0.670000000000001 ) );
#1054 = SURFACE_STYLE_FILL_AREA( #1719 );
#1055 = ORIENTED_EDGE( '', *, *, #1659, .F. );
#1056 = ORIENTED_EDGE( '', *, *, #1720, .F. );
#1057 = ORIENTED_EDGE( '', *, *, #1721, .T. );
#1058 = ORIENTED_EDGE( '', *, *, #1706, .F. );
#1059 = ORIENTED_EDGE( '', *, *, #1722, .F. );
#1060 = ORIENTED_EDGE( '', *, *, #1723, .F. );
#1061 = ORIENTED_EDGE( '', *, *, #1684, .F. );
#1062 = ORIENTED_EDGE( '', *, *, #1724, .F. );
#1063 = ORIENTED_EDGE( '', *, *, #1725, .F. );
#1064 = ORIENTED_EDGE( '', *, *, #1726, .F. );
#1065 = ORIENTED_EDGE( '', *, *, #1727, .F. );
#1066 = ORIENTED_EDGE( '', *, *, #1728, .T. );
#1067 = ORIENTED_EDGE( '', *, *, #1729, .T. );
#1068 = ORIENTED_EDGE( '', *, *, #1730, .T. );
#1069 = ORIENTED_EDGE( '', *, *, #1731, .F. );
#1070 = ORIENTED_EDGE( '', *, *, #1670, .F. );
#1071 = ORIENTED_EDGE( '', *, *, #1732, .F. );
#1072 = ORIENTED_EDGE( '', *, *, #1733, .F. );
#1073 = ORIENTED_EDGE( '', *, *, #1734, .F. );
#1074 = ORIENTED_EDGE( '', *, *, #1735, .F. );
#1075 = ORIENTED_EDGE( '', *, *, #1736, .F. );
#1076 = ORIENTED_EDGE( '', *, *, #1718, .F. );
#1077 = ORIENTED_EDGE( '', *, *, #1737, .F. );
#1078 = ORIENTED_EDGE( '', *, *, #1677, .F. );
#1079 = ORIENTED_EDGE( '', *, *, #1738, .T. );
#1080 = ORIENTED_EDGE( '', *, *, #1739, .T. );
#1081 = ORIENTED_EDGE( '', *, *, #1740, .T. );
#1082 = ORIENTED_EDGE( '', *, *, #1741, .T. );
#1083 = ORIENTED_EDGE( '', *, *, #1742, .T. );
#1084 = ORIENTED_EDGE( '', *, *, #1679, .T. );
#1085 = ORIENTED_EDGE( '', *, *, #1743, .F. );
#1086 = ORIENTED_EDGE( '', *, *, #1744, .F. );
#1087 = ORIENTED_EDGE( '', *, *, #1745, .F. );
#1088 = ORIENTED_EDGE( '', *, *, #1746, .F. );
#1089 = CARTESIAN_POINT( '', ( -0.0229059461768095, -0.00770000000000000, -3.86220261160212E-18 ) );
#1090 = DIRECTION( '', ( 6.64433078745246E-17, -1.00000000000000, -1.46081976924363E-16 ) );
#1091 = DIRECTION( '', ( 0.000000000000000, 1.46081976924363E-16, -1.00000000000000 ) );
#1092 = SURFACE_STYLE_FILL_AREA( #1747 );
#1093 = ORIENTED_EDGE( '', *, *, #1748, .T. );
#1094 = ORIENTED_EDGE( '', *, *, #1749, .T. );
#1095 = CARTESIAN_POINT( '', ( -0.0285000000000000, -0.0105500000000000, 0.00127000000000000 ) );
#1096 = DIRECTION( '', ( -2.22986950344916E-17, 1.00000000000000, -5.92040802267059E-33 ) );
#1097 = DIRECTION( '', ( -1.00000000000000, -2.22986950344916E-17, -2.65504685969870E-16 ) );
#1098 = SURFACE_STYLE_FILL_AREA( #1750 );
#1099 = ORIENTED_EDGE( '', *, *, #1751, .F. );
#1100 = ORIENTED_EDGE( '', *, *, #1752, .F. );
#1101 = ORIENTED_EDGE( '', *, *, #1753, .F. );
#1102 = ORIENTED_EDGE( '', *, *, #1733, .T. );
#1103 = CARTESIAN_POINT( '', ( -0.0183400000000000, -0.00770000000000000, 0.00491500000000000 ) );
#1104 = DIRECTION( '', ( 6.64433078745245E-17, -1.00000000000000, -1.46081976924363E-16 ) );
#1105 = DIRECTION( '', ( -0.742361098118698, -1.47199851535694E-16, 0.670000000000001 ) );
#1106 = SURFACE_STYLE_FILL_AREA( #1754 );
#1107 = ORIENTED_EDGE( '', *, *, #1755, .T. );
#1108 = ORIENTED_EDGE( '', *, *, #1756, .F. );
#1109 = ORIENTED_EDGE( '', *, *, #1757, .T. );
#1110 = ORIENTED_EDGE( '', *, *, #1758, .F. );
#1111 = CARTESIAN_POINT( '', ( -0.0272300000000000, -0.00235000000000000, 0.00491500000000000 ) );
#1112 = DIRECTION( '', ( 1.50530108472392E-47, -1.00000000000000, -9.21731077580097E-64 ) );
#1113 = DIRECTION( '', ( 6.12323399573677E-17, -1.34940133673351E-79, 1.00000000000000 ) );
#1114 = SURFACE_STYLE_FILL_AREA( #1759 );
#1115 = ORIENTED_EDGE( '', *, *, #1742, .F. );
#1116 = ORIENTED_EDGE( '', *, *, #1760, .F. );
#1117 = CARTESIAN_POINT( '', ( -0.0234200000000000, -0.00770000000000000, -0.00127000000000000 ) );
#1118 = DIRECTION( '', ( -5.10698004656183E-33, 1.00000000000000, 1.85037170770859E-16 ) );
#1119 = DIRECTION( '', ( -1.00000000000000, 4.40212558717083E-32, -2.65504685969870E-16 ) );
#1120 = SURFACE_STYLE_FILL_AREA( #1761 );
#1121 = ORIENTED_EDGE( '', *, *, #1741, .F. );
#1122 = ORIENTED_EDGE( '', *, *, #1762, .F. );
#1123 = CARTESIAN_POINT( '', ( -0.0259600000000000, -0.00770000000000000, 0.00127000000000000 ) );
#1124 = DIRECTION( '', ( -5.10698004656183E-33, 1.00000000000000, 1.85037170770859E-16 ) );
#1125 = DIRECTION( '', ( -1.00000000000000, 4.40212558717083E-32, -2.65504685969870E-16 ) );
#1126 = SURFACE_STYLE_FILL_AREA( #1763 );
#1127 = ORIENTED_EDGE( '', *, *, #1764, .F. );
#1128 = ORIENTED_EDGE( '', *, *, #1765, .T. );
#1129 = ORIENTED_EDGE( '', *, *, #1766, .F. );
#1130 = ORIENTED_EDGE( '', *, *, #1767, .T. );
#1131 = ORIENTED_EDGE( '', *, *, #1768, .T. );
#1132 = CARTESIAN_POINT( '', ( -0.0183400000000000, -0.00470000000000000, 0.00771500000000000 ) );
#1133 = DIRECTION( '', ( -8.07227322546791E-33, -1.00000000000000, -1.31830226169507E-16 ) );
#1134 = DIRECTION( '', ( 0.000000000000000, 1.31830226169507E-16, -1.00000000000000 ) );
#1135 = SURFACE_STYLE_FILL_AREA( #1769 );
#1136 = ORIENTED_EDGE( '', *, *, #1770, .F. );
#1137 = CARTESIAN_POINT( '', ( -0.0234200000000000, -0.0107000000000000, -0.00127000000000000 ) );
#1138 = DIRECTION( '', ( -9.70616976770465E-33, 1.00000000000000, 1.46081976924363E-16 ) );
#1139 = DIRECTION( '', ( 1.00000000000000, 0.000000000000000, 6.64433078745246E-17 ) );
#1140 = SURFACE_STYLE_FILL_AREA( #1771 );
#1141 = ORIENTED_EDGE( '', *, *, #1713, .F. );
#1142 = ORIENTED_EDGE( '', *, *, #1772, .F. );
#1143 = CARTESIAN_POINT( '', ( -0.00715000000000000, 0.000000000000000, 0.000000000000000 ) );
#1144 = DIRECTION( '', ( -1.00000000000000, -0.000000000000000, 0.000000000000000 ) );
#1145 = DIRECTION( '', ( 0.000000000000000, 1.00000000000000, 0.000000000000000 ) );
#1146 = SURFACE_STYLE_FILL_AREA( #1773 );
#1147 = ORIENTED_EDGE( '', *, *, #1774, .T. );
#1148 = ORIENTED_EDGE( '', *, *, #1775, .F. );
#1149 = ORIENTED_EDGE( '', *, *, #1776, .T. );
#1150 = ORIENTED_EDGE( '', *, *, #1777, .F. );
#1151 = CARTESIAN_POINT( '', ( -0.0183400000000000, -0.00235000000000000, -0.00491500000000000 ) );
#1152 = DIRECTION( '', ( 1.50530108472392E-47, -1.00000000000000, -9.21731077580097E-64 ) );
#1153 = DIRECTION( '', ( 6.12323399573677E-17, -1.34940133673351E-79, 1.00000000000000 ) );
#1154 = SURFACE_STYLE_FILL_AREA( #1778 );
#1155 = ORIENTED_EDGE( '', *, *, #1779, .T. );
#1156 = ORIENTED_EDGE( '', *, *, #1780, .T. );
#1157 = CARTESIAN_POINT( '', ( -0.0183400000000000, -0.0105500000000000, 0.00571499999999998 ) );
#1158 = DIRECTION( '', ( -1.90227640147817E-16, 1.00000000000000, 1.46081976924363E-16 ) );
#1159 = DIRECTION( '', ( -1.00000000000000, -1.90227640147817E-16, 4.73025994619542E-17 ) );
#1160 = SURFACE_STYLE_FILL_AREA( #1781 );
#1161 = ORIENTED_EDGE( '', *, *, #1658, .T. );
#1162 = ORIENTED_EDGE( '', *, *, #1782, .T. );
#1163 = ORIENTED_EDGE( '', *, *, #1783, .F. );
#1164 = ORIENTED_EDGE( '', *, *, #1720, .T. );
#1165 = CARTESIAN_POINT( '', ( -0.0295000000000000, -0.00770000000000000, -0.00642500000000000 ) );
#1166 = DIRECTION( '', ( 6.64433078745248E-17, -1.00000000000000, -1.46081976924363E-16 ) );
#1167 = DIRECTION( '', ( -0.707106781186549, 5.63130429298114E-17, -0.707106781186546 ) );
#1168 = SURFACE_STYLE_FILL_AREA( #1784 );
#1169 = ORIENTED_EDGE( '', *, *, #1785, .T. );
#1170 = ORIENTED_EDGE( '', *, *, #1786, .T. );
#1171 = ORIENTED_EDGE( '', *, *, #1764, .T. );
#1172 = ORIENTED_EDGE( '', *, *, #1787, .T. );
#1173 = ORIENTED_EDGE( '', *, *, #1726, .T. );
#1174 = CARTESIAN_POINT( '', ( -0.0163000000000000, -0.00769999999999999, -0.00650815427873328 ) );
#1175 = DIRECTION( '', ( 6.64433078745246E-17, -1.00000000000000, -1.46081976924363E-16 ) );
#1176 = DIRECTION( '', ( -1.00000000000000, -6.64433078745245E-17, -5.82867087928278E-16 ) );
#1177 = SURFACE_STYLE_FILL_AREA( #1788 );
#1178 = ORIENTED_EDGE( '', *, *, #1789, .F. );
#1179 = ORIENTED_EDGE( '', *, *, #1790, .F. );
#1180 = ORIENTED_EDGE( '', *, *, #1681, .F. );
#1181 = ORIENTED_EDGE( '', *, *, #1723, .T. );
#1182 = CARTESIAN_POINT( '', ( -0.0205670832943561, -0.00769999999999999, -0.00692500000000000 ) );
#1183 = DIRECTION( '', ( 5.82867087928278E-16, 1.46081976924363E-16, -1.00000000000000 ) );
#1184 = DIRECTION( '', ( 0.000000000000000, -1.00000000000000, -1.46081976924363E-16 ) );
#1185 = SURFACE_STYLE_FILL_AREA( #1791 );
#1186 = ORIENTED_EDGE( '', *, *, #1712, .F. );
#1187 = ORIENTED_EDGE( '', *, *, #1792, .F. );
#1188 = CARTESIAN_POINT( '', ( -0.0143000000000000, 0.00670000000000000, 0.000000000000000 ) );
#1189 = DIRECTION( '', ( -1.00000000000000, 0.000000000000000, 0.000000000000000 ) );
#1190 = DIRECTION( '', ( 0.000000000000000, 0.000000000000000, 1.00000000000000 ) );
#1191 = SURFACE_STYLE_FILL_AREA( #1793 );
#1192 = ORIENTED_EDGE( '', *, *, #1794, .F. );
#1193 = ORIENTED_EDGE( '', *, *, #1795, .F. );
#1194 = ORIENTED_EDGE( '', *, *, #1695, .T. );
#1195 = ORIENTED_EDGE( '', *, *, #1796, .F. );
#1196 = ORIENTED_EDGE( '', *, *, #1797, .F. );
#1197 = ORIENTED_EDGE( '', *, *, #1798, .F. );
#1198 = ORIENTED_EDGE( '', *, *, #1799, .F. );
#1199 = ORIENTED_EDGE( '', *, *, #1800, .F. );
#1200 = CARTESIAN_POINT( '', ( -0.0168000000000000, -0.00730000000000000, -3.57508221253850E-18 ) );
#1201 = DIRECTION( '', ( -9.70616976770465E-33, 1.00000000000000, 1.46081976924363E-16 ) );
#1202 = DIRECTION( '', ( 1.00000000000000, 0.000000000000000, 6.64433078745246E-17 ) );
#1203 = SURFACE_STYLE_FILL_AREA( #1801 );
#1204 = ORIENTED_EDGE( '', *, *, #1802, .F. );
#1205 = ORIENTED_EDGE( '', *, *, #1803, .T. );
#1206 = ORIENTED_EDGE( '', *, *, #1755, .F. );
#1207 = ORIENTED_EDGE( '', *, *, #1804, .F. );
#1208 = CARTESIAN_POINT( '', ( -0.0158000000000000, -8.20513355428727E-19, 0.00670000000000000 ) );
#1209 = DIRECTION( '', ( 2.29584502165847E-49, 3.74939945665465E-33, 1.00000000000000 ) );
#1210 = DIRECTION( '', ( 1.00000000000000, -6.12323399573677E-17, 0.000000000000000 ) );
#1211 = SURFACE_STYLE_FILL_AREA( #1805 );
#1212 = ORIENTED_EDGE( '', *, *, #1806, .F. );
#1213 = CARTESIAN_POINT( '', ( -0.0259600000000000, -0.0107000000000000, 0.00127000000000000 ) );
#1214 = DIRECTION( '', ( -9.70616976770465E-33, 1.00000000000000, 1.46081976924363E-16 ) );
#1215 = DIRECTION( '', ( 1.00000000000000, 0.000000000000000, 6.64433078745246E-17 ) );
#1216 = SURFACE_STYLE_FILL_AREA( #1807 );
#1217 = ORIENTED_EDGE( '', *, *, #1808, .F. );
#1218 = ORIENTED_EDGE( '', *, *, #1756, .T. );
#1219 = CARTESIAN_POINT( '', ( -0.0272300000000000, 5.55111512312578E-19, 0.00491500000000000 ) );
#1220 = DIRECTION( '', ( 1.50530108472392E-47, -1.00000000000000, -9.21731077580097E-64 ) );
#1221 = DIRECTION( '', ( 6.12323399573677E-17, -1.34940133673351E-79, 1.00000000000000 ) );
#1222 = SURFACE_STYLE_FILL_AREA( #1809 );
#1223 = ORIENTED_EDGE( '', *, *, #1762, .T. );
#1224 = ORIENTED_EDGE( '', *, *, #1806, .T. );
#1225 = CARTESIAN_POINT( '', ( -0.0259600000000000, -0.0105500000000000, 0.00127000000000000 ) );
#1226 = DIRECTION( '', ( -2.22986950344916E-17, 1.00000000000000, -5.92040802267059E-33 ) );
#1227 = DIRECTION( '', ( -1.00000000000000, -2.22986950344916E-17, -2.65504685969870E-16 ) );
#1228 = SURFACE_STYLE_FILL_AREA( #1810 );
#1229 = ORIENTED_EDGE( '', *, *, #1730, .F. );
#1230 = ORIENTED_EDGE( '', *, *, #1811, .T. );
#1231 = ORIENTED_EDGE( '', *, *, #1797, .T. );
#1232 = ORIENTED_EDGE( '', *, *, #1812, .F. );
#1233 = CARTESIAN_POINT( '', ( -0.0178000000000000, -0.00770000000000000, 0.00225000000000000 ) );
#1234 = DIRECTION( '', ( 1.66238163620803E-31, -1.46081976924362E-16, 1.00000000000000 ) );
#1235 = DIRECTION( '', ( 1.00000000000000, 1.13797860024086E-15, 0.000000000000000 ) );
#1236 = SURFACE_STYLE_FILL_AREA( #1813 );
#1237 = ORIENTED_EDGE( '', *, *, #1667, .F. );
#1238 = ORIENTED_EDGE( '', *, *, #1814, .T. );
#1239 = ORIENTED_EDGE( '', *, *, #1710, .T. );
#1240 = ORIENTED_EDGE( '', *, *, #1815, .F. );
#1241 = ORIENTED_EDGE( '', *, *, #1816, .F. );
#1242 = CARTESIAN_POINT( '', ( -0.0183400000000000, -0.00470000000000000, 0.00771500000000000 ) );
#1243 = DIRECTION( '', ( -8.07227322546791E-33, -1.00000000000000, -1.31830226169507E-16 ) );
#1244 = DIRECTION( '', ( 0.000000000000000, 1.31830226169507E-16, -1.00000000000000 ) );
#1245 = SURFACE_STYLE_FILL_AREA( #1817 );
#1246 = ORIENTED_EDGE( '', *, *, #1673, .F. );
#1247 = CARTESIAN_POINT( '', ( -0.0285000000000000, -0.0107000000000000, -0.00127000000000000 ) );
#1248 = DIRECTION( '', ( -9.70616976770465E-33, 1.00000000000000, 1.46081976924363E-16 ) );
#1249 = DIRECTION( '', ( 1.00000000000000, 0.000000000000000, 6.64433078745246E-17 ) );
#1250 = SURFACE_STYLE_FILL_AREA( #1818 );
#1251 = ORIENTED_EDGE( '', *, *, #1819, .T. );
#1252 = ORIENTED_EDGE( '', *, *, #1820, .F. );
#1253 = CARTESIAN_POINT( '', ( -0.0151500000000000, 0.000000000000000, 0.000000000000000 ) );
#1254 = DIRECTION( '', ( -1.00000000000000, -0.000000000000000, 0.000000000000000 ) );
#1255 = DIRECTION( '', ( 0.000000000000000, 1.00000000000000, 0.000000000000000 ) );
#1256 = SURFACE_STYLE_FILL_AREA( #1821 );
#1257 = ORIENTED_EDGE( '', *, *, #1691, .T. );
#1258 = ORIENTED_EDGE( '', *, *, #1822, .F. );
#1259 = ORIENTED_EDGE( '', *, *, #1823, .F. );
#1260 = ORIENTED_EDGE( '', *, *, #1808, .T. );
#1261 = ORIENTED_EDGE( '', *, *, #1803, .F. );
#1262 = ORIENTED_EDGE( '', *, *, #1824, .T. );
#1263 = ORIENTED_EDGE( '', *, *, #1825, .F. );
#1264 = ORIENTED_EDGE( '', *, *, #1826, .F. );
#1265 = ORIENTED_EDGE( '', *, *, #1827, .F. );
#1266 = ORIENTED_EDGE( '', *, *, #1828, .T. );
#1267 = ORIENTED_EDGE( '', *, *, #1829, .F. );
#1268 = ORIENTED_EDGE( '', *, *, #1830, .T. );
#1269 = ORIENTED_EDGE( '', *, *, #1689, .F. );
#1270 = ORIENTED_EDGE( '', *, *, #1831, .F. );
#1271 = CARTESIAN_POINT( '', ( -0.0158000000000000, 0.000000000000000, 0.000000000000000 ) );
#1272 = DIRECTION( '', ( -1.00000000000000, -0.000000000000000, 6.12323399573677E-17 ) );
#1273 = DIRECTION( '', ( -6.12323399573677E-17, 0.000000000000000, -1.00000000000000 ) );
#1274 = SURFACE_STYLE_FILL_AREA( #1832 );
#1275 = ORIENTED_EDGE( '', *, *, #1824, .F. );
#1276 = ORIENTED_EDGE( '', *, *, #1833, .T. );
#1277 = CARTESIAN_POINT( '', ( -0.0183400000000000, 5.55111512312578E-19, 0.00491500000000000 ) );
#1278 = DIRECTION( '', ( 1.50530108472392E-47, -1.00000000000000, -9.21731077580097E-64 ) );
#1279 = DIRECTION( '', ( 6.12323399573677E-17, -1.34940133673351E-79, 1.00000000000000 ) );
#1280 = SURFACE_STYLE_FILL_AREA( #1834 );
#1281 = ORIENTED_EDGE( '', *, *, #1717, .T. );
#1282 = ORIENTED_EDGE( '', *, *, #1835, .T. );
#1283 = ORIENTED_EDGE( '', *, *, #1675, .F. );
#1284 = ORIENTED_EDGE( '', *, *, #1737, .T. );
#1285 = CARTESIAN_POINT( '', ( -0.0296692416854424, -0.00770000000000000, 0.00742500000000000 ) );
#1286 = DIRECTION( '', ( 6.64433078745245E-17, -1.00000000000000, -1.46081976924363E-16 ) );
#1287 = DIRECTION( '', ( 0.376069902316801, 1.60345616523910E-16, -0.926591295324660 ) );
#1288 = SURFACE_STYLE_FILL_AREA( #1836 );
#1289 = ORIENTED_EDGE( '', *, *, #1837, .T. );
#1290 = ORIENTED_EDGE( '', *, *, #1786, .F. );
#1291 = ORIENTED_EDGE( '', *, *, #1838, .F. );
#1292 = ORIENTED_EDGE( '', *, *, #1839, .T. );
#1293 = ORIENTED_EDGE( '', *, *, #1682, .F. );
#1294 = ORIENTED_EDGE( '', *, *, #1790, .T. );
#1295 = ORIENTED_EDGE( '', *, *, #1840, .F. );
#1296 = ORIENTED_EDGE( '', *, *, #1704, .T. );
#1297 = ORIENTED_EDGE( '', *, *, #1841, .F. );
#1298 = ORIENTED_EDGE( '', *, *, #1782, .F. );
#1299 = ORIENTED_EDGE( '', *, *, #1657, .T. );
#1300 = ORIENTED_EDGE( '', *, *, #1676, .F. );
#1301 = ORIENTED_EDGE( '', *, *, #1835, .F. );
#1302 = ORIENTED_EDGE( '', *, *, #1716, .T. );
#1303 = ORIENTED_EDGE( '', *, *, #1842, .F. );
#1304 = ORIENTED_EDGE( '', *, *, #1843, .T. );
#1305 = ORIENTED_EDGE( '', *, *, #1844, .F. );
#1306 = ORIENTED_EDGE( '', *, *, #1752, .T. );
#1307 = ORIENTED_EDGE( '', *, *, #1845, .F. );
#1308 = ORIENTED_EDGE( '', *, *, #1668, .F. );
#1309 = ORIENTED_EDGE( '', *, *, #1846, .T. );
#1310 = ORIENTED_EDGE( '', *, *, #1847, .T. );
#1311 = ORIENTED_EDGE( '', *, *, #1804, .T. );
#1312 = ORIENTED_EDGE( '', *, *, #1758, .T. );
#1313 = ORIENTED_EDGE( '', *, *, #1848, .T. );
#1314 = ORIENTED_EDGE( '', *, *, #1849, .T. );
#1315 = ORIENTED_EDGE( '', *, *, #1687, .T. );
#1316 = ORIENTED_EDGE( '', *, *, #1850, .T. );
#1317 = ORIENTED_EDGE( '', *, *, #1851, .T. );
#1318 = ORIENTED_EDGE( '', *, *, #1777, .T. );
#1319 = CARTESIAN_POINT( '', ( -0.0229059461768095, -0.00470000000000000, -3.42395668082903E-18 ) );
#1320 = DIRECTION( '', ( 6.64433078745246E-17, -1.00000000000000, -1.46081976924363E-16 ) );
#1321 = DIRECTION( '', ( 0.000000000000000, 1.46081976924363E-16, -1.00000000000000 ) );
#1322 = SURFACE_STYLE_FILL_AREA( #1852 );
#1323 = ORIENTED_EDGE( '', *, *, #1705, .T. );
#1324 = ORIENTED_EDGE( '', *, *, #1840, .T. );
#1325 = ORIENTED_EDGE( '', *, *, #1789, .T. );
#1326 = ORIENTED_EDGE( '', *, *, #1722, .T. );
#1327 = CARTESIAN_POINT( '', ( -0.0247907583145576, -0.00770000000000000, -0.00742500000000001 ) );
#1328 = DIRECTION( '', ( 6.64433078745245E-17, -1.00000000000000, -1.46081976924363E-16 ) );
#1329 = DIRECTION( '', ( -0.376069902316806, -1.60345616523910E-16, 0.926591295324658 ) );
#1330 = SURFACE_STYLE_FILL_AREA( #1853 );
#1331 = ORIENTED_EDGE( '', *, *, #1854, .T. );
#1332 = ORIENTED_EDGE( '', *, *, #1855, .T. );
#1333 = CARTESIAN_POINT( '', ( -0.0272300000000000, -0.0105500000000000, 0.00571499999999998 ) );
#1334 = DIRECTION( '', ( -1.90227640147817E-16, 1.00000000000000, 1.46081976924363E-16 ) );
#1335 = DIRECTION( '', ( -1.00000000000000, -1.90227640147817E-16, 4.73025994619542E-17 ) );
#1336 = SURFACE_STYLE_FILL_AREA( #1856 );
#1337 = ORIENTED_EDGE( '', *, *, #1739, .F. );
#1338 = ORIENTED_EDGE( '', *, *, #1748, .F. );
#1339 = CARTESIAN_POINT( '', ( -0.0285000000000000, -0.00770000000000000, 0.00127000000000000 ) );
#1340 = DIRECTION( '', ( -5.10698004656183E-33, 1.00000000000000, 1.85037170770859E-16 ) );
#1341 = DIRECTION( '', ( -1.00000000000000, 4.40212558717083E-32, -2.65504685969870E-16 ) );
#1342 = SURFACE_STYLE_FILL_AREA( #1857 );
#1343 = ORIENTED_EDGE( '', *, *, #1858, .T. );
#1344 = ORIENTED_EDGE( '', *, *, #1838, .T. );
#1345 = ORIENTED_EDGE( '', *, *, #1785, .F. );
#1346 = ORIENTED_EDGE( '', *, *, #1725, .T. );
#1347 = CARTESIAN_POINT( '', ( -0.0159007583145576, -0.00769999999999999, -0.00742500000000000 ) );
#1348 = DIRECTION( '', ( 6.64433078745245E-17, -1.00000000000000, -1.46081976924363E-16 ) );
#1349 = DIRECTION( '', ( -0.376069902316805, -1.60345616523910E-16, 0.926591295324658 ) );
#1350 = SURFACE_STYLE_FILL_AREA( #1859 );
#1351 = ORIENTED_EDGE( '', *, *, #1776, .F. );
#1352 = ORIENTED_EDGE( '', *, *, #1827, .T. );
#1353 = ORIENTED_EDGE( '', *, *, #1860, .F. );
#1354 = ORIENTED_EDGE( '', *, *, #1765, .F. );
#1355 = ORIENTED_EDGE( '', *, *, #1837, .F. );
#1356 = CARTESIAN_POINT( '', ( -0.0158000000000000, -0.00470000000000000, -0.00670000000000000 ) );
#1357 = DIRECTION( '', ( -6.12323399573677E-17, 0.000000000000000, -1.00000000000000 ) );
#1358 = DIRECTION( '', ( -1.00000000000000, 0.000000000000000, 6.12323399573677E-17 ) );
#1359 = SURFACE_STYLE_FILL_AREA( #1861 );
#1360 = ORIENTED_EDGE( '', *, *, #1862, .F. );
#1361 = ORIENTED_EDGE( '', *, *, #1863, .F. );
#1362 = ORIENTED_EDGE( '', *, *, #1864, .F. );
#1363 = ORIENTED_EDGE( '', *, *, #1865, .T. );
#1364 = CARTESIAN_POINT( '', ( -0.0152000000000000, -0.00670000000000000, -0.00180000000000000 ) );
#1365 = DIRECTION( '', ( 0.000000000000000, -1.00000000000000, 0.000000000000000 ) );
#1366 = DIRECTION( '', ( 0.000000000000000, 0.000000000000000, -1.00000000000000 ) );
#1367 = SURFACE_STYLE_FILL_AREA( #1866 );
#1368 = ORIENTED_EDGE( '', *, *, #1753, .T. );
#1369 = ORIENTED_EDGE( '', *, *, #1844, .T. );
#1370 = ORIENTED_EDGE( '', *, *, #1867, .T. );
#1371 = ORIENTED_EDGE( '', *, *, #1734, .T. );
#1372 = CARTESIAN_POINT( '', ( -0.0207792416854424, -0.00770000000000000, 0.00742500000000000 ) );
#1373 = DIRECTION( '', ( 6.64433078745245E-17, -1.00000000000000, -1.46081976924363E-16 ) );
#1374 = DIRECTION( '', ( 0.376069902316805, 1.60345616523910E-16, -0.926591295324659 ) );
#1375 = SURFACE_STYLE_FILL_AREA( #1868 );
#1376 = ORIENTED_EDGE( '', *, *, #1654, .F. );
#1377 = CARTESIAN_POINT( '', ( -0.0181650000000000, -0.0107000000000000, -0.00571500000000002 ) );
#1378 = DIRECTION( '', ( 3.12275052920158E-16, -1.00000000000000, -1.46081976924363E-16 ) );
#1379 = DIRECTION( '', ( 0.000000000000000, 1.46081976924363E-16, -1.00000000000000 ) );
#1380 = SURFACE_STYLE_FILL_AREA( #1869 );
#1381 = ORIENTED_EDGE( '', *, *, #1870, .F. );
#1382 = ORIENTED_EDGE( '', *, *, #1865, .F. );
#1383 = ORIENTED_EDGE( '', *, *, #1871, .F. );
#1384 = ORIENTED_EDGE( '', *, *, #1794, .T. );
#1385 = CARTESIAN_POINT( '', ( -0.0152000000000000, -0.00670000000000000, -0.00150000000000000 ) );
#1386 = DIRECTION( '', ( -6.12323399573677E-17, 0.000000000000000, -1.00000000000000 ) );
#1387 = DIRECTION( '', ( -1.00000000000000, 0.000000000000000, 6.12323399573677E-17 ) );
#1388 = SURFACE_STYLE_FILL_AREA( #1872 );
#1389 = ORIENTED_EDGE( '', *, *, #1745, .T. );
#1390 = ORIENTED_EDGE( '', *, *, #1779, .F. );
#1391 = CARTESIAN_POINT( '', ( -0.0183400000000000, -0.00904999999999999, 0.00571499999999998 ) );
#1392 = DIRECTION( '', ( -1.28578033048055E-16, 1.00000000000000, 1.46081976924363E-16 ) );
#1393 = DIRECTION( '', ( 1.00000000000000, 1.28578033048055E-16, -4.73025994619543E-17 ) );
#1394 = SURFACE_STYLE_FILL_AREA( #1873 );
#1395 = ORIENTED_EDGE( '', *, *, #1686, .T. );
#1396 = ORIENTED_EDGE( '', *, *, #1874, .F. );
#1397 = ORIENTED_EDGE( '', *, *, #1875, .T. );
#1398 = ORIENTED_EDGE( '', *, *, #1850, .F. );
#1399 = CARTESIAN_POINT( '', ( -0.0272300000000000, -0.00235000000000000, -0.00491500000000000 ) );
#1400 = DIRECTION( '', ( 1.50530108472392E-47, -1.00000000000000, -9.21731077580097E-64 ) );
#1401 = DIRECTION( '', ( 6.12323399573677E-17, -1.34940133673351E-79, 1.00000000000000 ) );
#1402 = SURFACE_STYLE_FILL_AREA( #1876 );
#1403 = ORIENTED_EDGE( '', *, *, #1877, .T. );
#1404 = ORIENTED_EDGE( '', *, *, #1878, .T. );
#1405 = CARTESIAN_POINT( '', ( -0.0259600000000000, -0.0105500000000000, -0.00127000000000000 ) );
#1406 = DIRECTION( '', ( -2.22986950344916E-17, 1.00000000000000, -5.92040802267059E-33 ) );
#1407 = DIRECTION( '', ( -1.00000000000000, -2.22986950344916E-17, -2.65504685969870E-16 ) );
#1408 = SURFACE_STYLE_FILL_AREA( #1879 );
#1409 = ORIENTED_EDGE( '', *, *, #1746, .T. );
#1410 = ORIENTED_EDGE( '', *, *, #1653, .F. );
#1411 = CARTESIAN_POINT( '', ( -0.0183400000000000, -0.00904999999999999, -0.00571500000000002 ) );
#1412 = DIRECTION( '', ( -1.28578033048055E-16, 1.00000000000000, 1.46081976924363E-16 ) );
#1413 = DIRECTION( '', ( 1.00000000000000, 1.28578033048055E-16, -4.73025994619543E-17 ) );
#1414 = SURFACE_STYLE_FILL_AREA( #1880 );
#1415 = ORIENTED_EDGE( '', *, *, #1881, .F. );
#1416 = ORIENTED_EDGE( '', *, *, #1767, .F. );
#1417 = ORIENTED_EDGE( '', *, *, #1882, .F. );
#1418 = ORIENTED_EDGE( '', *, *, #1863, .T. );
#1419 = CARTESIAN_POINT( '', ( -0.0152000000000000, -0.00450000000000000, -0.00180000000000000 ) );
#1420 = DIRECTION( '', ( 1.00000000000000, -0.000000000000000, -6.12323399573677E-17 ) );
#1421 = DIRECTION( '', ( 0.000000000000000, -1.00000000000000, 0.000000000000000 ) );
#1422 = SURFACE_STYLE_FILL_AREA( #1883 );
#1423 = ORIENTED_EDGE( '', *, *, #1669, .F. );
#1424 = ORIENTED_EDGE( '', *, *, #1845, .T. );
#1425 = ORIENTED_EDGE( '', *, *, #1751, .T. );
#1426 = ORIENTED_EDGE( '', *, *, #1732, .T. );
#1427 = CARTESIAN_POINT( '', ( -0.0159007583145576, -0.00770000000000000, 0.00742500000000000 ) );
#1428 = DIRECTION( '', ( 6.64433078745249E-17, -1.00000000000000, -1.46081976924362E-16 ) );
#1429 = DIRECTION( '', ( -0.376069902316804, 1.10370959919954E-16, -0.926591295324659 ) );
#1430 = SURFACE_STYLE_FILL_AREA( #1884 );
#1431 = ORIENTED_EDGE( '', *, *, #1885, .F. );
#1432 = ORIENTED_EDGE( '', *, *, #1846, .F. );
#1433 = ORIENTED_EDGE( '', *, *, #1816, .T. );
#1434 = ORIENTED_EDGE( '', *, *, #1886, .F. );
#1435 = ORIENTED_EDGE( '', *, *, #1825, .T. );
#1436 = CARTESIAN_POINT( '', ( -0.0158000000000000, -8.20513355428727E-19, 0.00670000000000000 ) );
#1437 = DIRECTION( '', ( 2.29584502165847E-49, 3.74939945665465E-33, 1.00000000000000 ) );
#1438 = DIRECTION( '', ( 1.00000000000000, -6.12323399573677E-17, 0.000000000000000 ) );
#1439 = SURFACE_STYLE_FILL_AREA( #1887 );
#1440 = ORIENTED_EDGE( '', *, *, #1729, .F. );
#1441 = ORIENTED_EDGE( '', *, *, #1888, .T. );
#1442 = ORIENTED_EDGE( '', *, *, #1798, .T. );
#1443 = ORIENTED_EDGE( '', *, *, #1811, .F. );
#1444 = CARTESIAN_POINT( '', ( -0.0178000000000000, -0.00770000000000000, -0.00225000000000000 ) );
#1445 = DIRECTION( '', ( -1.00000000000000, -6.64433078745245E-17, -8.91262372546377E-16 ) );
#1446 = DIRECTION( '', ( -8.91262372546377E-16, 0.000000000000000, 1.00000000000000 ) );
#1447 = SURFACE_STYLE_FILL_AREA( #1889 );
#1448 = ORIENTED_EDGE( '', *, *, #1890, .T. );
#1449 = ORIENTED_EDGE( '', *, *, #1891, .T. );
#1450 = CARTESIAN_POINT( '', ( -0.0272300000000000, -0.0105500000000000, -0.00571500000000002 ) );
#1451 = DIRECTION( '', ( -1.90227640147817E-16, 1.00000000000000, 1.46081976924363E-16 ) );
#1452 = DIRECTION( '', ( -1.00000000000000, -1.90227640147817E-16, 4.73025994619542E-17 ) );
#1453 = SURFACE_STYLE_FILL_AREA( #1892 );
#1454 = ORIENTED_EDGE( '', *, *, #1744, .T. );
#1455 = ORIENTED_EDGE( '', *, *, #1890, .F. );
#1456 = CARTESIAN_POINT( '', ( -0.0272300000000000, -0.00904999999999999, -0.00571500000000002 ) );
#1457 = DIRECTION( '', ( -1.28578033048055E-16, 1.00000000000000, 1.46081976924363E-16 ) );
#1458 = DIRECTION( '', ( 1.00000000000000, 1.28578033048055E-16, -4.73025994619543E-17 ) );
#1459 = SURFACE_STYLE_FILL_AREA( #1893 );
#1460 = ORIENTED_EDGE( '', *, *, #1692, .T. );
#1461 = ORIENTED_EDGE( '', *, *, #1831, .T. );
#1462 = ORIENTED_EDGE( '', *, *, #1688, .T. );
#1463 = ORIENTED_EDGE( '', *, *, #1849, .F. );
#1464 = ORIENTED_EDGE( '', *, *, #1894, .T. );
#1465 = ORIENTED_EDGE( '', *, *, #1822, .T. );
#1466 = CARTESIAN_POINT( '', ( -0.0298000000000000, -0.000459602192563403, 1.45920431764267E-18 ) );
#1467 = DIRECTION( '', ( 1.00000000000000, 0.000000000000000, -6.12323399573677E-17 ) );
#1468 = DIRECTION( '', ( 0.000000000000000, 1.00000000000000, 0.000000000000000 ) );
#1469 = SURFACE_STYLE_FILL_AREA( #1895 );
#1470 = ORIENTED_EDGE( '', *, *, #1738, .F. );
#1471 = ORIENTED_EDGE( '', *, *, #1672, .F. );
#1472 = CARTESIAN_POINT( '', ( -0.0285000000000000, -0.00770000000000000, -0.00127000000000000 ) );
#1473 = DIRECTION( '', ( -5.10698004656183E-33, 1.00000000000000, 1.85037170770859E-16 ) );
#1474 = DIRECTION( '', ( -1.00000000000000, 4.40212558717083E-32, -2.65504685969870E-16 ) );
#1475 = SURFACE_STYLE_FILL_AREA( #1896 );
#1476 = ORIENTED_EDGE( '', *, *, #1664, .F. );
#1477 = CARTESIAN_POINT( '', ( -0.0234200000000000, -0.0107000000000000, 0.00127000000000000 ) );
#1478 = DIRECTION( '', ( -9.70616976770465E-33, 1.00000000000000, 1.46081976924363E-16 ) );
#1479 = DIRECTION( '', ( 1.00000000000000, 0.000000000000000, 6.64433078745246E-17 ) );
#1480 = SURFACE_STYLE_FILL_AREA( #1897 );
#1481 = ORIENTED_EDGE( '', *, *, #1878, .F. );
#1482 = CARTESIAN_POINT( '', ( -0.0259600000000000, -0.0107000000000000, -0.00127000000000000 ) );
#1483 = DIRECTION( '', ( -9.70616976770465E-33, 1.00000000000000, 1.46081976924363E-16 ) );
#1484 = DIRECTION( '', ( 1.00000000000000, 0.000000000000000, 6.64433078745246E-17 ) );
#1485 = SURFACE_STYLE_FILL_AREA( #1898 );
#1486 = ORIENTED_EDGE( '', *, *, #1886, .T. );
#1487 = ORIENTED_EDGE( '', *, *, #1815, .T. );
#1488 = ORIENTED_EDGE( '', *, *, #1709, .T. );
#1489 = ORIENTED_EDGE( '', *, *, #1700, .T. );
#1490 = ORIENTED_EDGE( '', *, *, #1696, .T. );
#1491 = ORIENTED_EDGE( '', *, *, #1795, .T. );
#1492 = ORIENTED_EDGE( '', *, *, #1871, .T. );
#1493 = ORIENTED_EDGE( '', *, *, #1864, .T. );
#1494 = ORIENTED_EDGE( '', *, *, #1882, .T. );
#1495 = ORIENTED_EDGE( '', *, *, #1766, .T. );
#1496 = ORIENTED_EDGE( '', *, *, #1860, .T. );
#1497 = ORIENTED_EDGE( '', *, *, #1826, .T. );
#1498 = ORIENTED_EDGE( '', *, *, #1819, .F. );
#1499 = CARTESIAN_POINT( '', ( -0.0152000000000000, -0.000459602192563403, 5.65212154265103E-19 ) );
#1500 = DIRECTION( '', ( 1.00000000000000, 0.000000000000000, -6.12323399573677E-17 ) );
#1501 = DIRECTION( '', ( 0.000000000000000, 1.00000000000000, 0.000000000000000 ) );
#1502 = SURFACE_STYLE_FILL_AREA( #1899 );
#1503 = ORIENTED_EDGE( '', *, *, #1867, .F. );
#1504 = ORIENTED_EDGE( '', *, *, #1843, .F. );
#1505 = ORIENTED_EDGE( '', *, *, #1900, .F. );
#1506 = ORIENTED_EDGE( '', *, *, #1735, .T. );
#1507 = CARTESIAN_POINT( '', ( -0.0250029167056439, -0.00770000000000000, 0.00692500000000000 ) );
#1508 = DIRECTION( '', ( 8.51463764887092E-32, -1.46081976924363E-16, 1.00000000000000 ) );
#1509 = DIRECTION( '', ( 1.00000000000000, 5.82867087928278E-16, 0.000000000000000 ) );
#1510 = SURFACE_STYLE_FILL_AREA( #1901 );
#1511 = ORIENTED_EDGE( '', *, *, #1772, .T. );
#1512 = ORIENTED_EDGE( '', *, *, #1661, .T. );
#1513 = CARTESIAN_POINT( '', ( -0.000500000000000000, 0.000000000000000, 0.000000000000000 ) );
#1514 = DIRECTION( '', ( 1.00000000000000, 0.000000000000000, 0.000000000000000 ) );
#1515 = DIRECTION( '', ( 0.000000000000000, 0.000000000000000, -1.00000000000000 ) );
#1516 = SURFACE_STYLE_FILL_AREA( #1902 );
#1517 = ORIENTED_EDGE( '', *, *, #1774, .F. );
#1518 = ORIENTED_EDGE( '', *, *, #1851, .F. );
#1519 = ORIENTED_EDGE( '', *, *, #1875, .F. );
#1520 = ORIENTED_EDGE( '', *, *, #1829, .T. );
#1521 = CARTESIAN_POINT( '', ( -0.0158000000000000, -0.00470000000000000, -0.00670000000000000 ) );
#1522 = DIRECTION( '', ( -6.12323399573677E-17, 0.000000000000000, -1.00000000000000 ) );
#1523 = DIRECTION( '', ( -1.00000000000000, 0.000000000000000, 6.12323399573677E-17 ) );
#1524 = SURFACE_STYLE_FILL_AREA( #1903 );
#1525 = ORIENTED_EDGE( '', *, *, #1830, .F. );
#1526 = ORIENTED_EDGE( '', *, *, #1874, .T. );
#1527 = CARTESIAN_POINT( '', ( -0.0272300000000000, 5.55111512312578E-19, -0.00491500000000000 ) );
#1528 = DIRECTION( '', ( 1.50530108472392E-47, -1.00000000000000, -9.21731077580097E-64 ) );
#1529 = DIRECTION( '', ( 6.12323399573677E-17, -1.34940133673351E-79, 1.00000000000000 ) );
#1530 = SURFACE_STYLE_FILL_AREA( #1904 );
#1531 = ORIENTED_EDGE( '', *, *, #1749, .F. );
#1532 = CARTESIAN_POINT( '', ( -0.0285000000000000, -0.0107000000000000, 0.00127000000000000 ) );
#1533 = DIRECTION( '', ( -9.70616976770465E-33, 1.00000000000000, 1.46081976924363E-16 ) );
#1534 = DIRECTION( '', ( 1.00000000000000, 0.000000000000000, 6.64433078745246E-17 ) );
#1535 = SURFACE_STYLE_FILL_AREA( #1905 );
#1536 = ORIENTED_EDGE( '', *, *, #1796, .T. );
#1537 = ORIENTED_EDGE( '', *, *, #1694, .T. );
#1538 = ORIENTED_EDGE( '', *, *, #1699, .T. );
#1539 = ORIENTED_EDGE( '', *, *, #1708, .T. );
#1540 = ORIENTED_EDGE( '', *, *, #1814, .F. );
#1541 = ORIENTED_EDGE( '', *, *, #1666, .F. );
#1542 = ORIENTED_EDGE( '', *, *, #1731, .T. );
#1543 = ORIENTED_EDGE( '', *, *, #1812, .T. );
#1544 = CARTESIAN_POINT( '', ( -0.0158000000000000, -0.00770000000000000, 0.00692500000000000 ) );
#1545 = DIRECTION( '', ( 1.00000000000000, 6.64433078745247E-17, 1.43167420791566E-32 ) );
#1546 = DIRECTION( '', ( 0.000000000000000, -2.15473048184072E-16, 1.00000000000000 ) );
#1547 = SURFACE_STYLE_FILL_AREA( #1906 );
#1548 = ORIENTED_EDGE( '', *, *, #1855, .F. );
#1549 = CARTESIAN_POINT( '', ( -0.0270550000000000, -0.0107000000000000, 0.00571499999999998 ) );
#1550 = DIRECTION( '', ( 3.12275052920158E-16, -1.00000000000000, -1.46081976924363E-16 ) );
#1551 = DIRECTION( '', ( 0.000000000000000, 1.46081976924363E-16, -1.00000000000000 ) );
#1552 = SURFACE_STYLE_FILL_AREA( #1907 );
#1553 = ORIENTED_EDGE( '', *, *, #1885, .T. );
#1554 = ORIENTED_EDGE( '', *, *, #1833, .F. );
#1555 = ORIENTED_EDGE( '', *, *, #1802, .T. );
#1556 = ORIENTED_EDGE( '', *, *, #1847, .F. );
#1557 = CARTESIAN_POINT( '', ( -0.0183400000000000, -0.00235000000000000, 0.00491500000000000 ) );
#1558 = DIRECTION( '', ( 1.50530108472392E-47, -1.00000000000000, -9.21731077580097E-64 ) );
#1559 = DIRECTION( '', ( 6.12323399573677E-17, -1.34940133673351E-79, 1.00000000000000 ) );
#1560 = SURFACE_STYLE_FILL_AREA( #1908 );
#1561 = ORIENTED_EDGE( '', *, *, #1828, .F. );
#1562 = ORIENTED_EDGE( '', *, *, #1775, .T. );
#1563 = CARTESIAN_POINT( '', ( -0.0183400000000000, 5.55111512312578E-19, -0.00491500000000000 ) );
#1564 = DIRECTION( '', ( 1.50530108472392E-47, -1.00000000000000, -9.21731077580097E-64 ) );
#1565 = DIRECTION( '', ( 6.12323399573677E-17, -1.34940133673351E-79, 1.00000000000000 ) );
#1566 = SURFACE_STYLE_FILL_AREA( #1909 );
#1567 = ORIENTED_EDGE( '', *, *, #1740, .F. );
#1568 = ORIENTED_EDGE( '', *, *, #1877, .F. );
#1569 = CARTESIAN_POINT( '', ( -0.0259600000000000, -0.00770000000000000, -0.00127000000000000 ) );
#1570 = DIRECTION( '', ( -5.10698004656183E-33, 1.00000000000000, 1.85037170770859E-16 ) );
#1571 = DIRECTION( '', ( -1.00000000000000, 4.40212558717083E-32, -2.65504685969870E-16 ) );
#1572 = SURFACE_STYLE_FILL_AREA( #1910 );
#1573 = ORIENTED_EDGE( '', *, *, #1728, .F. );
#1574 = ORIENTED_EDGE( '', *, *, #1911, .F. );
#1575 = ORIENTED_EDGE( '', *, *, #1799, .T. );
#1576 = ORIENTED_EDGE( '', *, *, #1888, .F. );
#1577 = CARTESIAN_POINT( '', ( -0.0158000000000000, -0.00770000000000000, -0.00225000000000000 ) );
#1578 = DIRECTION( '', ( 1.13797860024086E-15, 1.46081976924363E-16, -1.00000000000000 ) );
#1579 = DIRECTION( '', ( 0.000000000000000, -1.00000000000000, -1.46081976924363E-16 ) );
#1580 = SURFACE_STYLE_FILL_AREA( #1912 );
#1581 = ORIENTED_EDGE( '', *, *, #1683, .F. );
#1582 = ORIENTED_EDGE( '', *, *, #1839, .F. );
#1583 = ORIENTED_EDGE( '', *, *, #1858, .F. );
#1584 = ORIENTED_EDGE( '', *, *, #1724, .T. );
#1585 = CARTESIAN_POINT( '', ( -0.0183400000000000, -0.00770000000000000, -0.00491500000000000 ) );
#1586 = DIRECTION( '', ( 6.64433078745246E-17, -1.00000000000000, -1.46081976924363E-16 ) );
#1587 = DIRECTION( '', ( 0.742361098118699, 1.47199851535694E-16, -0.669999999999999 ) );
#1588 = SURFACE_STYLE_FILL_AREA( #1913 );
#1589 = ORIENTED_EDGE( '', *, *, #1757, .F. );
#1590 = ORIENTED_EDGE( '', *, *, #1823, .T. );
#1591 = ORIENTED_EDGE( '', *, *, #1894, .F. );
#1592 = ORIENTED_EDGE( '', *, *, #1848, .F. );
#1593 = CARTESIAN_POINT( '', ( -0.0158000000000000, -8.20513355428727E-19, 0.00670000000000000 ) );
#1594 = DIRECTION( '', ( 2.29584502165847E-49, 3.74939945665465E-33, 1.00000000000000 ) );
#1595 = DIRECTION( '', ( 1.00000000000000, -6.12323399573677E-17, 0.000000000000000 ) );
#1596 = SURFACE_STYLE_FILL_AREA( #1914 );
#1597 = ORIENTED_EDGE( '', *, *, #1783, .T. );
#1598 = ORIENTED_EDGE( '', *, *, #1841, .T. );
#1599 = ORIENTED_EDGE( '', *, *, #1703, .T. );
#1600 = ORIENTED_EDGE( '', *, *, #1721, .F. );
#1601 = CARTESIAN_POINT( '', ( -0.0296873261516551, -0.00770000000000000, -0.00740729777201524 ) );
#1602 = DIRECTION( '', ( -6.64433078745248E-17, 1.00000000000000, 1.46081976924363E-16 ) );
#1603 = DIRECTION( '', ( -0.702093186187163, 5.73734021650373E-17, -0.712085077718637 ) );
#1604 = SURFACE_STYLE_FILL_AREA( #1915 );
#1605 = ORIENTED_EDGE( '', *, *, #1780, .F. );
#1606 = CARTESIAN_POINT( '', ( -0.0181650000000000, -0.0107000000000000, 0.00571499999999998 ) );
#1607 = DIRECTION( '', ( 3.12275052920158E-16, -1.00000000000000, -1.46081976924363E-16 ) );
#1608 = DIRECTION( '', ( 0.000000000000000, 1.46081976924363E-16, -1.00000000000000 ) );
#1609 = SURFACE_STYLE_FILL_AREA( #1916 );
#1610 = ORIENTED_EDGE( '', *, *, #1881, .T. );
#1611 = ORIENTED_EDGE( '', *, *, #1862, .T. );
#1612 = ORIENTED_EDGE( '', *, *, #1870, .T. );
#1613 = ORIENTED_EDGE( '', *, *, #1800, .T. );
#1614 = ORIENTED_EDGE( '', *, *, #1911, .T. );
#1615 = ORIENTED_EDGE( '', *, *, #1727, .T. );
#1616 = ORIENTED_EDGE( '', *, *, #1787, .F. );
#1617 = ORIENTED_EDGE( '', *, *, #1768, .F. );
#1618 = CARTESIAN_POINT( '', ( -0.0158000000000000, -0.00770000000000000, 0.00692500000000000 ) );
#1619 = DIRECTION( '', ( 1.00000000000000, 6.64433078745247E-17, 1.43167420791566E-32 ) );
#1620 = DIRECTION( '', ( 0.000000000000000, -2.15473048184072E-16, 1.00000000000000 ) );
#1621 = SURFACE_STYLE_FILL_AREA( #1917 );
#1622 = ORIENTED_EDGE( '', *, *, #1760, .T. );
#1623 = ORIENTED_EDGE( '', *, *, #1770, .T. );
#1624 = CARTESIAN_POINT( '', ( -0.0234200000000000, -0.0105500000000000, -0.00127000000000000 ) );
#1625 = DIRECTION( '', ( -2.22986950344916E-17, 1.00000000000000, -5.92040802267059E-33 ) );
#1626 = DIRECTION( '', ( -1.00000000000000, -2.22986950344916E-17, -2.65504685969870E-16 ) );
#1627 = SURFACE_STYLE_FILL_AREA( #1918 );
#1628 = ORIENTED_EDGE( '', *, *, #1900, .T. );
#1629 = ORIENTED_EDGE( '', *, *, #1842, .T. );
#1630 = ORIENTED_EDGE( '', *, *, #1715, .T. );
#1631 = ORIENTED_EDGE( '', *, *, #1736, .T. );
#1632 = CARTESIAN_POINT( '', ( -0.0247907583145576, -0.00770000000000000, 0.00742500000000000 ) );
#1633 = DIRECTION( '', ( 6.64433078745248E-17, -1.00000000000000, -1.46081976924362E-16 ) );
#1634 = DIRECTION( '', ( -0.376069902316805, 1.10370959919954E-16, -0.926591295324659 ) );
#1635 = SURFACE_STYLE_FILL_AREA( #1919 );
#1636 = ORIENTED_EDGE( '', *, *, #1743, .T. );
#1637 = ORIENTED_EDGE( '', *, *, #1854, .F. );
#1638 = CARTESIAN_POINT( '', ( -0.0272300000000000, -0.00904999999999999, 0.00571499999999998 ) );
#1639 = DIRECTION( '', ( -1.28578033048055E-16, 1.00000000000000, 1.46081976924363E-16 ) );
#1640 = DIRECTION( '', ( 1.00000000000000, 1.28578033048055E-16, -4.73025994619543E-17 ) );
#1641 = SURFACE_STYLE_FILL_AREA( #1920 );
#1642 = ORIENTED_EDGE( '', *, *, #1820, .T. );
#1643 = ORIENTED_EDGE( '', *, *, #1792, .T. );
#1644 = CARTESIAN_POINT( '', ( -0.0146000000000000, 0.000000000000000, 0.000000000000000 ) );
#1645 = DIRECTION( '', ( 1.00000000000000, 0.000000000000000, 0.000000000000000 ) );
#1646 = DIRECTION( '', ( 0.000000000000000, 0.000000000000000, -1.00000000000000 ) );
#1647 = SURFACE_STYLE_FILL_AREA( #1921 );
#1648 = ORIENTED_EDGE( '', *, *, #1891, .F. );
#1649 = CARTESIAN_POINT( '', ( -0.0270550000000000, -0.0107000000000000, -0.00571500000000002 ) );
#1650 = DIRECTION( '', ( 3.12275052920158E-16, -1.00000000000000, -1.46081976924363E-16 ) );
#1651 = DIRECTION( '', ( 0.000000000000000, 1.46081976924363E-16, -1.00000000000000 ) );
#1652 = FILL_AREA_STYLE( '', ( #1922 ) );
#1653 = EDGE_CURVE( '', #1923, #1923, #1924, .T. );
#1654 = EDGE_CURVE( '', #1925, #1925, #1926, .T. );
#1655 = FILL_AREA_STYLE( '', ( #1927 ) );
#1656 = EDGE_CURVE( '', #1928, #1929, #1930, .T. );
#1657 = EDGE_CURVE( '', #1931, #1928, #1932, .T. );
#1658 = EDGE_CURVE( '', #1933, #1931, #1934, .T. );
#1659 = EDGE_CURVE( '', #1933, #1929, #1935, .T. );
#1660 = FILL_AREA_STYLE( '', ( #1936 ) );
#1661 = EDGE_CURVE( '', #1937, #1937, #1938, .T. );
#1662 = FILL_AREA_STYLE( '', ( #1939 ) );
#1663 = EDGE_CURVE( '', #1940, #1940, #1941, .T. );
#1664 = EDGE_CURVE( '', #1942, #1942, #1943, .T. );
#1665 = FILL_AREA_STYLE( '', ( #1944 ) );
#1666 = EDGE_CURVE( '', #1945, #1946, #1947, .T. );
#1667 = EDGE_CURVE( '', #1946, #1948, #1949, .T. );
#1668 = EDGE_CURVE( '', #1948, #1950, #1951, .T. );
#1669 = EDGE_CURVE( '', #1950, #1952, #1953, .T. );
#1670 = EDGE_CURVE( '', #1952, #1945, #1954, .T. );
#1671 = FILL_AREA_STYLE( '', ( #1955 ) );
#1672 = EDGE_CURVE( '', #1956, #1956, #1957, .T. );
#1673 = EDGE_CURVE( '', #1958, #1958, #1959, .T. );
#1674 = FILL_AREA_STYLE( '', ( #1960 ) );
#1675 = EDGE_CURVE( '', #1961, #1962, #1963, .T. );
#1676 = EDGE_CURVE( '', #1962, #1928, #1964, .T. );
#1677 = EDGE_CURVE( '', #1929, #1961, #1965, .T. );
#1678 = FILL_AREA_STYLE( '', ( #1966 ) );
#1679 = EDGE_CURVE( '', #1967, #1967, #1968, .T. );
#1680 = FILL_AREA_STYLE( '', ( #1969 ) );
#1681 = EDGE_CURVE( '', #1970, #1971, #1972, .T. );
#1682 = EDGE_CURVE( '', #1971, #1973, #1974, .T. );
#1683 = EDGE_CURVE( '', #1973, #1975, #1976, .T. );
#1684 = EDGE_CURVE( '', #1975, #1970, #1977, .T. );
#1685 = FILL_AREA_STYLE( '', ( #1978 ) );
#1686 = EDGE_CURVE( '', #1979, #1980, #1981, .T. );
#1687 = EDGE_CURVE( '', #1982, #1979, #1983, .T. );
#1688 = EDGE_CURVE( '', #1984, #1982, #1985, .T. );
#1689 = EDGE_CURVE( '', #1984, #1980, #1986, .T. );
#1690 = FILL_AREA_STYLE( '', ( #1987 ) );
#1691 = EDGE_CURVE( '', #1988, #1989, #1990, .T. );
#1692 = EDGE_CURVE( '', #1989, #1988, #1991, .T. );
#1693 = FILL_AREA_STYLE( '', ( #1992 ) );
#1694 = EDGE_CURVE( '', #1993, #1994, #1995, .T. );
#1695 = EDGE_CURVE( '', #1996, #1993, #1997, .T. );
#1696 = EDGE_CURVE( '', #1998, #1996, #1999, .T. );
#1697 = EDGE_CURVE( '', #1994, #1998, #2000, .T. );
#1698 = FILL_AREA_STYLE( '', ( #2001 ) );
#1699 = EDGE_CURVE( '', #1994, #2002, #2003, .T. );
#1700 = EDGE_CURVE( '', #2004, #1998, #2005, .T. );
#1701 = EDGE_CURVE( '', #2004, #2002, #2006, .T. );
#1702 = FILL_AREA_STYLE( '', ( #2007 ) );
#1703 = EDGE_CURVE( '', #2008, #2009, #2010, .T. );
#1704 = EDGE_CURVE( '', #2011, #2008, #2012, .T. );
#1705 = EDGE_CURVE( '', #2013, #2011, #2014, .T. );
#1706 = EDGE_CURVE( '', #2013, #2009, #2015, .T. );
#1707 = FILL_AREA_STYLE( '', ( #2016 ) );
#1708 = EDGE_CURVE( '', #2002, #2017, #2018, .T. );
#1709 = EDGE_CURVE( '', #2019, #2004, #2020, .T. );
#1710 = EDGE_CURVE( '', #2017, #2019, #2021, .T. );
#1711 = FILL_AREA_STYLE( '', ( #2022 ) );
#1712 = EDGE_CURVE( '', #2023, #2023, #2024, .T. );
#1713 = EDGE_CURVE( '', #2025, #2025, #2026, .T. );
#1714 = FILL_AREA_STYLE( '', ( #2027 ) );
#1715 = EDGE_CURVE( '', #2028, #2029, #2030, .T. );
#1716 = EDGE_CURVE( '', #2031, #2028, #2032, .T. );
#1717 = EDGE_CURVE( '', #2033, #2031, #2034, .T. );
#1718 = EDGE_CURVE( '', #2033, #2029, #2035, .T. );
#1719 = FILL_AREA_STYLE( '', ( #2036 ) );
#1720 = EDGE_CURVE( '', #2037, #1933, #2038, .T. );
#1721 = EDGE_CURVE( '', #2037, #2009, #2039, .T. );
#1722 = EDGE_CURVE( '', #2040, #2013, #2041, .T. );
#1723 = EDGE_CURVE( '', #1970, #2040, #2042, .T. );
#1724 = EDGE_CURVE( '', #2043, #1975, #2044, .T. );
#1725 = EDGE_CURVE( '', #2045, #2043, #2046, .T. );
#1726 = EDGE_CURVE( '', #2047, #2045, #2048, .T. );
#1727 = EDGE_CURVE( '', #2049, #2047, #2050, .T. );
#1728 = EDGE_CURVE( '', #2049, #2051, #2052, .T. );
#1729 = EDGE_CURVE( '', #2051, #2053, #2054, .T. );
#1730 = EDGE_CURVE( '', #2053, #2055, #2056, .T. );
#1731 = EDGE_CURVE( '', #1945, #2055, #2057, .T. );
#1732 = EDGE_CURVE( '', #2058, #1952, #2059, .T. );
#1733 = EDGE_CURVE( '', #2060, #2058, #2061, .T. );
#1734 = EDGE_CURVE( '', #2062, #2060, #2063, .T. );
#1735 = EDGE_CURVE( '', #2064, #2062, #2065, .T. );
#1736 = EDGE_CURVE( '', #2029, #2064, #2066, .T. );
#1737 = EDGE_CURVE( '', #1961, #2033, #2067, .T. );
#1738 = EDGE_CURVE( '', #2068, #2068, #2069, .T. );
#1739 = EDGE_CURVE( '', #2070, #2070, #2071, .T. );
#1740 = EDGE_CURVE( '', #2072, #2072, #2073, .T. );
#1741 = EDGE_CURVE( '', #2074, #2074, #2075, .T. );
#1742 = EDGE_CURVE( '', #2076, #2076, #2077, .T. );
#1743 = EDGE_CURVE( '', #2078, #2078, #2079, .T. );
#1744 = EDGE_CURVE( '', #2080, #2080, #2081, .T. );
#1745 = EDGE_CURVE( '', #2082, #2082, #2083, .T. );
#1746 = EDGE_CURVE( '', #2084, #2084, #2085, .T. );
#1747 = FILL_AREA_STYLE( '', ( #2086 ) );
#1748 = EDGE_CURVE( '', #2087, #2087, #2088, .T. );
#1749 = EDGE_CURVE( '', #2089, #2089, #2090, .T. );
#1750 = FILL_AREA_STYLE( '', ( #2091 ) );
#1751 = EDGE_CURVE( '', #2092, #2058, #2093, .T. );
#1752 = EDGE_CURVE( '', #2094, #2092, #2095, .T. );
#1753 = EDGE_CURVE( '', #2060, #2094, #2096, .T. );
#1754 = FILL_AREA_STYLE( '', ( #2097 ) );
#1755 = EDGE_CURVE( '', #2098, #2099, #2100, .T. );
#1756 = EDGE_CURVE( '', #2101, #2099, #2102, .T. );
#1757 = EDGE_CURVE( '', #2101, #2103, #2104, .T. );
#1758 = EDGE_CURVE( '', #2098, #2103, #2105, .T. );
#1759 = FILL_AREA_STYLE( '', ( #2106 ) );
#1760 = EDGE_CURVE( '', #2107, #2107, #2108, .T. );
#1761 = FILL_AREA_STYLE( '', ( #2109 ) );
#1762 = EDGE_CURVE( '', #2110, #2110, #2111, .T. );
#1763 = FILL_AREA_STYLE( '', ( #2112 ) );
#1764 = EDGE_CURVE( '', #2113, #2114, #2115, .T. );
#1765 = EDGE_CURVE( '', #2113, #2116, #2117, .T. );
#1766 = EDGE_CURVE( '', #2118, #2116, #2119, .T. );
#1767 = EDGE_CURVE( '', #2118, #2120, #2121, .T. );
#1768 = EDGE_CURVE( '', #2120, #2114, #2122, .T. );
#1769 = FILL_AREA_STYLE( '', ( #2123 ) );
#1770 = EDGE_CURVE( '', #2124, #2124, #2125, .T. );
#1771 = FILL_AREA_STYLE( '', ( #2126 ) );
#1772 = EDGE_CURVE( '', #2127, #2127, #2128, .T. );
#1773 = FILL_AREA_STYLE( '', ( #2129 ) );
#1774 = EDGE_CURVE( '', #2130, #2131, #2132, .T. );
#1775 = EDGE_CURVE( '', #2133, #2131, #2134, .T. );
#1776 = EDGE_CURVE( '', #2133, #2135, #2136, .T. );
#1777 = EDGE_CURVE( '', #2130, #2135, #2137, .T. );
#1778 = FILL_AREA_STYLE( '', ( #2138 ) );
#1779 = EDGE_CURVE( '', #2139, #2139, #2140, .T. );
#1780 = EDGE_CURVE( '', #2141, #2141, #2142, .T. );
#1781 = FILL_AREA_STYLE( '', ( #2143 ) );
#1782 = EDGE_CURVE( '', #1931, #2144, #2145, .T. );
#1783 = EDGE_CURVE( '', #2037, #2144, #2146, .T. );
#1784 = FILL_AREA_STYLE( '', ( #2147 ) );
#1785 = EDGE_CURVE( '', #2045, #2148, #2149, .T. );
#1786 = EDGE_CURVE( '', #2148, #2113, #2150, .T. );
#1787 = EDGE_CURVE( '', #2114, #2047, #2151, .T. );
#1788 = FILL_AREA_STYLE( '', ( #2152 ) );
#1789 = EDGE_CURVE( '', #2153, #2040, #2154, .T. );
#1790 = EDGE_CURVE( '', #1971, #2153, #2155, .T. );
#1791 = FILL_AREA_STYLE( '', ( #2156 ) );
#1792 = EDGE_CURVE( '', #2157, #2157, #2158, .T. );
#1793 = FILL_AREA_STYLE( '', ( #2159 ) );
#1794 = EDGE_CURVE( '', #2160, #2161, #2162, .T. );
#1795 = EDGE_CURVE( '', #1996, #2160, #2163, .T. );
#1796 = EDGE_CURVE( '', #2164, #1993, #2165, .T. );
#1797 = EDGE_CURVE( '', #2166, #2164, #2167, .T. );
#1798 = EDGE_CURVE( '', #2168, #2166, #2169, .T. );
#1799 = EDGE_CURVE( '', #2170, #2168, #2171, .T. );
#1800 = EDGE_CURVE( '', #2161, #2170, #2172, .T. );
#1801 = FILL_AREA_STYLE( '', ( #2173 ) );
#1802 = EDGE_CURVE( '', #2174, #2175, #2176, .T. );
#1803 = EDGE_CURVE( '', #2174, #2099, #2177, .T. );
#1804 = EDGE_CURVE( '', #2175, #2098, #2178, .T. );
#1805 = FILL_AREA_STYLE( '', ( #2179 ) );
#1806 = EDGE_CURVE( '', #2180, #2180, #2181, .T. );
#1807 = FILL_AREA_STYLE( '', ( #2182 ) );
#1808 = EDGE_CURVE( '', #2101, #2099, #2183, .T. );
#1809 = FILL_AREA_STYLE( '', ( #2184 ) );
#1810 = FILL_AREA_STYLE( '', ( #2185 ) );
#1811 = EDGE_CURVE( '', #2053, #2166, #2186, .T. );
#1812 = EDGE_CURVE( '', #2055, #2164, #2187, .T. );
#1813 = FILL_AREA_STYLE( '', ( #2188 ) );
#1814 = EDGE_CURVE( '', #1946, #2017, #2189, .T. );
#1815 = EDGE_CURVE( '', #2190, #2019, #2191, .T. );
#1816 = EDGE_CURVE( '', #1948, #2190, #2192, .T. );
#1817 = FILL_AREA_STYLE( '', ( #2193 ) );
#1818 = FILL_AREA_STYLE( '', ( #2194 ) );
#1819 = EDGE_CURVE( '', #2195, #2195, #2196, .T. );
#1820 = EDGE_CURVE( '', #2197, #2197, #2198, .T. );
#1821 = FILL_AREA_STYLE( '', ( #2199 ) );
#1822 = EDGE_CURVE( '', #2200, #1989, #2201, .T. );
#1823 = EDGE_CURVE( '', #2101, #2200, #2202, .T. );
#1824 = EDGE_CURVE( '', #2174, #2203, #2204, .T. );
#1825 = EDGE_CURVE( '', #2205, #2203, #2206, .T. );
#1826 = EDGE_CURVE( '', #2207, #2205, #2208, .T. );
#1827 = EDGE_CURVE( '', #2133, #2207, #2209, .T. );
#1828 = EDGE_CURVE( '', #2133, #2131, #2210, .T. );
#1829 = EDGE_CURVE( '', #2211, #2131, #2212, .T. );
#1830 = EDGE_CURVE( '', #2211, #1980, #2213, .T. );
#1831 = EDGE_CURVE( '', #1988, #1984, #2214, .T. );
#1832 = FILL_AREA_STYLE( '', ( #2215 ) );
#1833 = EDGE_CURVE( '', #2174, #2203, #2216, .T. );
#1834 = FILL_AREA_STYLE( '', ( #2217 ) );
#1835 = EDGE_CURVE( '', #2031, #1962, #2218, .T. );
#1836 = FILL_AREA_STYLE( '', ( #2219 ) );
#1837 = EDGE_CURVE( '', #2135, #2113, #2220, .T. );
#1838 = EDGE_CURVE( '', #2221, #2148, #2222, .T. );
#1839 = EDGE_CURVE( '', #2221, #1973, #2223, .T. );
#1840 = EDGE_CURVE( '', #2011, #2153, #2224, .T. );
#1841 = EDGE_CURVE( '', #2144, #2008, #2225, .T. );
#1842 = EDGE_CURVE( '', #2226, #2028, #2227, .T. );
#1843 = EDGE_CURVE( '', #2226, #2228, #2229, .T. );
#1844 = EDGE_CURVE( '', #2094, #2228, #2230, .T. );
#1845 = EDGE_CURVE( '', #1950, #2092, #2231, .T. );
#1846 = EDGE_CURVE( '', #1948, #2232, #2233, .T. );
#1847 = EDGE_CURVE( '', #2232, #2175, #2234, .T. );
#1848 = EDGE_CURVE( '', #2103, #2235, #2236, .T. );
#1849 = EDGE_CURVE( '', #2235, #1982, #2237, .T. );
#1850 = EDGE_CURVE( '', #1979, #2238, #2239, .T. );
#1851 = EDGE_CURVE( '', #2238, #2130, #2240, .T. );
#1852 = FILL_AREA_STYLE( '', ( #2241 ) );
#1853 = FILL_AREA_STYLE( '', ( #2242 ) );
#1854 = EDGE_CURVE( '', #2243, #2243, #2244, .T. );
#1855 = EDGE_CURVE( '', #2245, #2245, #2246, .T. );
#1856 = FILL_AREA_STYLE( '', ( #2247 ) );
#1857 = FILL_AREA_STYLE( '', ( #2248 ) );
#1858 = EDGE_CURVE( '', #2043, #2221, #2249, .T. );
#1859 = FILL_AREA_STYLE( '', ( #2250 ) );
#1860 = EDGE_CURVE( '', #2116, #2207, #2251, .T. );
#1861 = FILL_AREA_STYLE( '', ( #2252 ) );
#1862 = EDGE_CURVE( '', #2253, #2254, #2255, .T. );
#1863 = EDGE_CURVE( '', #2256, #2253, #2257, .T. );
#1864 = EDGE_CURVE( '', #2258, #2256, #2259, .T. );
#1865 = EDGE_CURVE( '', #2258, #2254, #2260, .T. );
#1866 = FILL_AREA_STYLE( '', ( #2261 ) );
#1867 = EDGE_CURVE( '', #2228, #2062, #2262, .T. );
#1868 = FILL_AREA_STYLE( '', ( #2263 ) );
#1869 = FILL_AREA_STYLE( '', ( #2264 ) );
#1870 = EDGE_CURVE( '', #2254, #2161, #2265, .T. );
#1871 = EDGE_CURVE( '', #2160, #2258, #2266, .T. );
#1872 = FILL_AREA_STYLE( '', ( #2267 ) );
#1873 = FILL_AREA_STYLE( '', ( #2268 ) );
#1874 = EDGE_CURVE( '', #2211, #1980, #2269, .T. );
#1875 = EDGE_CURVE( '', #2211, #2238, #2270, .T. );
#1876 = FILL_AREA_STYLE( '', ( #2271 ) );
#1877 = EDGE_CURVE( '', #2272, #2272, #2273, .T. );
#1878 = EDGE_CURVE( '', #2274, #2274, #2275, .T. );
#1879 = FILL_AREA_STYLE( '', ( #2276 ) );
#1880 = FILL_AREA_STYLE( '', ( #2277 ) );
#1881 = EDGE_CURVE( '', #2120, #2253, #2278, .T. );
#1882 = EDGE_CURVE( '', #2256, #2118, #2279, .T. );
#1883 = FILL_AREA_STYLE( '', ( #2280 ) );
#1884 = FILL_AREA_STYLE( '', ( #2281 ) );
#1885 = EDGE_CURVE( '', #2232, #2203, #2282, .T. );
#1886 = EDGE_CURVE( '', #2205, #2190, #2283, .T. );
#1887 = FILL_AREA_STYLE( '', ( #2284 ) );
#1888 = EDGE_CURVE( '', #2051, #2168, #2285, .T. );
#1889 = FILL_AREA_STYLE( '', ( #2286 ) );
#1890 = EDGE_CURVE( '', #2287, #2287, #2288, .T. );
#1891 = EDGE_CURVE( '', #2289, #2289, #2290, .T. );
#1892 = FILL_AREA_STYLE( '', ( #2291 ) );
#1893 = FILL_AREA_STYLE( '', ( #2292 ) );
#1894 = EDGE_CURVE( '', #2235, #2200, #2293, .T. );
#1895 = FILL_AREA_STYLE( '', ( #2294 ) );
#1896 = FILL_AREA_STYLE( '', ( #2295 ) );
#1897 = FILL_AREA_STYLE( '', ( #2296 ) );
#1898 = FILL_AREA_STYLE( '', ( #2297 ) );
#1899 = FILL_AREA_STYLE( '', ( #2298 ) );
#1900 = EDGE_CURVE( '', #2064, #2226, #2299, .T. );
#1901 = FILL_AREA_STYLE( '', ( #2300 ) );
#1902 = FILL_AREA_STYLE( '', ( #2301 ) );
#1903 = FILL_AREA_STYLE( '', ( #2302 ) );
#1904 = FILL_AREA_STYLE( '', ( #2303 ) );
#1905 = FILL_AREA_STYLE( '', ( #2304 ) );
#1906 = FILL_AREA_STYLE( '', ( #2305 ) );
#1907 = FILL_AREA_STYLE( '', ( #2306 ) );
#1908 = FILL_AREA_STYLE( '', ( #2307 ) );
#1909 = FILL_AREA_STYLE( '', ( #2308 ) );
#1910 = FILL_AREA_STYLE( '', ( #2309 ) );
#1911 = EDGE_CURVE( '', #2170, #2049, #2310, .T. );
#1912 = FILL_AREA_STYLE( '', ( #2311 ) );
#1913 = FILL_AREA_STYLE( '', ( #2312 ) );
#1914 = FILL_AREA_STYLE( '', ( #2313 ) );
#1915 = FILL_AREA_STYLE( '', ( #2314 ) );
#1916 = FILL_AREA_STYLE( '', ( #2315 ) );
#1917 = FILL_AREA_STYLE( '', ( #2316 ) );
#1918 = FILL_AREA_STYLE( '', ( #2317 ) );
#1919 = FILL_AREA_STYLE( '', ( #2318 ) );
#1920 = FILL_AREA_STYLE( '', ( #2319 ) );
#1921 = FILL_AREA_STYLE( '', ( #2320 ) );
#1922 = FILL_AREA_STYLE_COLOUR( '', #2321 );
#1923 = VERTEX_POINT( '', #2322 );
#1924 = CIRCLE( '', #2323, 0.000350000000000000 );
#1925 = VERTEX_POINT( '', #2324 );
#1926 = CIRCLE( '', #2325, 0.000176794900000000 );
#1927 = FILL_AREA_STYLE_COLOUR( '', #2326 );
#1928 = VERTEX_POINT( '', #2327 );
#1929 = VERTEX_POINT( '', #2328 );
#1930 = LINE( '', #2329, #2330 );
#1931 = VERTEX_POINT( '', #2331 );
#1932 = LINE( '', #2332, #2333 );
#1933 = VERTEX_POINT( '', #2334 );
#1934 = LINE( '', #2335, #2336 );
#1935 = LINE( '', #2337, #2338 );
#1936 = FILL_AREA_STYLE_COLOUR( '', #2339 );
#1937 = VERTEX_POINT( '', #2340 );
#1938 = CIRCLE( '', #2341, 0.00620000000000000 );
#1939 = FILL_AREA_STYLE_COLOUR( '', #2342 );
#1940 = VERTEX_POINT( '', #2343 );
#1941 = CIRCLE( '', #2344, 0.000350000000000000 );
#1942 = VERTEX_POINT( '', #2345 );
#1943 = CIRCLE( '', #2346, 0.000176794900000000 );
#1944 = FILL_AREA_STYLE_COLOUR( '', #2347 );
#1945 = VERTEX_POINT( '', #2348 );
#1946 = VERTEX_POINT( '', #2349 );
#1947 = LINE( '', #2350, #2351 );
#1948 = VERTEX_POINT( '', #2352 );
#1949 = CIRCLE( '', #2353, 0.000500000000000000 );
#1950 = VERTEX_POINT( '', #2354 );
#1951 = CIRCLE( '', #2355, 0.000500000000000000 );
#1952 = VERTEX_POINT( '', #2356 );
#1953 = LINE( '', #2357, #2358 );
#1954 = CIRCLE( '', #2359, 0.000500000000000000 );
#1955 = FILL_AREA_STYLE_COLOUR( '', #2360 );
#1956 = VERTEX_POINT( '', #2361 );
#1957 = CIRCLE( '', #2362, 0.000350000000000000 );
#1958 = VERTEX_POINT( '', #2363 );
#1959 = CIRCLE( '', #2364, 0.000176794900000000 );
#1960 = FILL_AREA_STYLE_COLOUR( '', #2365 );
#1961 = VERTEX_POINT( '', #2366 );
#1962 = VERTEX_POINT( '', #2367 );
#1963 = LINE( '', #2368, #2369 );
#1964 = CIRCLE( '', #2370, 0.000500000000000000 );
#1965 = CIRCLE( '', #2371, 0.000500000000000000 );
#1966 = FILL_AREA_STYLE_COLOUR( '', #2372 );
#1967 = VERTEX_POINT( '', #2373 );
#1968 = CIRCLE( '', #2374, 0.000350000000000000 );
#1969 = FILL_AREA_STYLE_COLOUR( '', #2375 );
#1970 = VERTEX_POINT( '', #2376 );
#1971 = VERTEX_POINT( '', #2377 );
#1972 = LINE( '', #2378, #2379 );
#1973 = VERTEX_POINT( '', #2380 );
#1974 = CIRCLE( '', #2381, 0.000500000000000000 );
#1975 = VERTEX_POINT( '', #2382 );
#1976 = LINE( '', #2383, #2384 );
#1977 = CIRCLE( '', #2385, 0.000500000000000000 );
#1978 = FILL_AREA_STYLE_COLOUR( '', #2386 );
#1979 = VERTEX_POINT( '', #2387 );
#1980 = VERTEX_POINT( '', #2388 );
#1981 = LINE( '', #2389, #2390 );
#1982 = VERTEX_POINT( '', #2391 );
#1983 = LINE( '', #2392, #2393 );
#1984 = VERTEX_POINT( '', #2394 );
#1985 = LINE( '', #2395, #2396 );
#1986 = LINE( '', #2397, #2398 );
#1987 = FILL_AREA_STYLE_COLOUR( '', #2399 );
#1988 = VERTEX_POINT( '', #2400 );
#1989 = VERTEX_POINT( '', #2401 );
#1990 = ELLIPSE( '', #2402, 0.00947523090000000, 0.00670000000000000 );
#1991 = LINE( '', #2403, #2404 );
#1992 = FILL_AREA_STYLE_COLOUR( '', #2405 );
#1993 = VERTEX_POINT( '', #2406 );
#1994 = VERTEX_POINT( '', #2407 );
#1995 = LINE( '', #2408, #2409 );
#1996 = VERTEX_POINT( '', #2410 );
#1997 = LINE( '', #2411, #2412 );
#1998 = VERTEX_POINT( '', #2413 );
#1999 = LINE( '', #2414, #2415 );
#2000 = LINE( '', #2416, #2417 );
#2001 = FILL_AREA_STYLE_COLOUR( '', #2418 );
#2002 = VERTEX_POINT( '', #2419 );
#2003 = LINE( '', #2420, #2421 );
#2004 = VERTEX_POINT( '', #2422 );
#2005 = LINE( '', #2423, #2424 );
#2006 = LINE( '', #2425, #2426 );
#2007 = FILL_AREA_STYLE_COLOUR( '', #2427 );
#2008 = VERTEX_POINT( '', #2428 );
#2009 = VERTEX_POINT( '', #2429 );
#2010 = LINE( '', #2430, #2431 );
#2011 = VERTEX_POINT( '', #2432 );
#2012 = CIRCLE( '', #2433, 0.00300000000000000 );
#2013 = VERTEX_POINT( '', #2434 );
#2014 = LINE( '', #2435, #2436 );
#2015 = CIRCLE( '', #2437, 0.00300000000000000 );
#2016 = FILL_AREA_STYLE_COLOUR( '', #2438 );
#2017 = VERTEX_POINT( '', #2439 );
#2018 = CIRCLE( '', #2440, 0.00220000000000000 );
#2019 = VERTEX_POINT( '', #2441 );
#2020 = CIRCLE( '', #2442, 0.00220000000000000 );
#2021 = LINE( '', #2443, #2444 );
#2022 = FILL_AREA_STYLE_COLOUR( '', #2445 );
#2023 = VERTEX_POINT( '', #2446 );
#2024 = CIRCLE( '', #2447, 0.00640000000000000 );
#2025 = VERTEX_POINT( '', #2448 );
#2026 = CIRCLE( '', #2449, 0.00670000000000000 );
#2027 = FILL_AREA_STYLE_COLOUR( '', #2450 );
#2028 = VERTEX_POINT( '', #2451 );
#2029 = VERTEX_POINT( '', #2452 );
#2030 = LINE( '', #2453, #2454 );
#2031 = VERTEX_POINT( '', #2455 );
#2032 = CIRCLE( '', #2456, 0.00300000000000000 );
#2033 = VERTEX_POINT( '', #2457 );
#2034 = LINE( '', #2458, #2459 );
#2035 = CIRCLE( '', #2460, 0.00300000000000000 );
#2036 = FILL_AREA_STYLE_COLOUR( '', #2461 );
#2037 = VERTEX_POINT( '', #2462 );
#2038 = CIRCLE( '', #2463, 0.000500000000000000 );
#2039 = CIRCLE( '', #2464, 0.000500000000000000 );
#2040 = VERTEX_POINT( '', #2465 );
#2041 = CIRCLE( '', #2466, 0.000500000000000000 );
#2042 = LINE( '', #2467, #2468 );
#2043 = VERTEX_POINT( '', #2469 );
#2044 = CIRCLE( '', #2470, 0.00300000000000000 );
#2045 = VERTEX_POINT( '', #2471 );
#2046 = CIRCLE( '', #2472, 0.000500000000000000 );
#2047 = VERTEX_POINT( '', #2473 );
#2048 = CIRCLE( '', #2474, 0.000500000000000000 );
#2049 = VERTEX_POINT( '', #2475 );
#2050 = LINE( '', #2476, #2477 );
#2051 = VERTEX_POINT( '', #2478 );
#2052 = LINE( '', #2479, #2480 );
#2053 = VERTEX_POINT( '', #2481 );
#2054 = LINE( '', #2482, #2483 );
#2055 = VERTEX_POINT( '', #2484 );
#2056 = LINE( '', #2485, #2486 );
#2057 = LINE( '', #2487, #2488 );
#2058 = VERTEX_POINT( '', #2489 );
#2059 = CIRCLE( '', #2490, 0.000500000000000000 );
#2060 = VERTEX_POINT( '', #2491 );
#2061 = CIRCLE( '', #2492, 0.00300000000000000 );
#2062 = VERTEX_POINT( '', #2493 );
#2063 = CIRCLE( '', #2494, 0.000500000000000000 );
#2064 = VERTEX_POINT( '', #2495 );
#2065 = LINE( '', #2496, #2497 );
#2066 = CIRCLE( '', #2498, 0.000500000000000000 );
#2067 = CIRCLE( '', #2499, 0.000500000000000000 );
#2068 = VERTEX_POINT( '', #2500 );
#2069 = CIRCLE( '', #2501, 0.000350000000000000 );
#2070 = VERTEX_POINT( '', #2502 );
#2071 = CIRCLE( '', #2503, 0.000350000000000000 );
#2072 = VERTEX_POINT( '', #2504 );
#2073 = CIRCLE( '', #2505, 0.000350000000000000 );
#2074 = VERTEX_POINT( '', #2506 );
#2075 = CIRCLE( '', #2507, 0.000350000000000000 );
#2076 = VERTEX_POINT( '', #2508 );
#2077 = CIRCLE( '', #2509, 0.000350000000000000 );
#2078 = VERTEX_POINT( '', #2510 );
#2079 = CIRCLE( '', #2511, 0.000350000000000000 );
#2080 = VERTEX_POINT( '', #2512 );
#2081 = CIRCLE( '', #2513, 0.000350000000000000 );
#2082 = VERTEX_POINT( '', #2514 );
#2083 = CIRCLE( '', #2515, 0.000350000000000000 );
#2084 = VERTEX_POINT( '', #2516 );
#2085 = CIRCLE( '', #2517, 0.000350000000000000 );
#2086 = FILL_AREA_STYLE_COLOUR( '', #2518 );
#2087 = VERTEX_POINT( '', #2519 );
#2088 = CIRCLE( '', #2520, 0.000350000000000000 );
#2089 = VERTEX_POINT( '', #2521 );
#2090 = CIRCLE( '', #2522, 0.000176794900000000 );
#2091 = FILL_AREA_STYLE_COLOUR( '', #2523 );
#2092 = VERTEX_POINT( '', #2524 );
#2093 = LINE( '', #2525, #2526 );
#2094 = VERTEX_POINT( '', #2527 );
#2095 = CIRCLE( '', #2528, 0.00300000000000000 );
#2096 = LINE( '', #2529, #2530 );
#2097 = FILL_AREA_STYLE_COLOUR( '', #2531 );
#2098 = VERTEX_POINT( '', #2532 );
#2099 = VERTEX_POINT( '', #2533 );
#2100 = LINE( '', #2534, #2535 );
#2101 = VERTEX_POINT( '', #2536 );
#2102 = CIRCLE( '', #2537, 0.00280000000000000 );
#2103 = VERTEX_POINT( '', #2538 );
#2104 = LINE( '', #2539, #2540 );
#2105 = CIRCLE( '', #2541, 0.00280000000000000 );
#2106 = FILL_AREA_STYLE_COLOUR( '', #2542 );
#2107 = VERTEX_POINT( '', #2543 );
#2108 = CIRCLE( '', #2544, 0.000350000000000000 );
#2109 = FILL_AREA_STYLE_COLOUR( '', #2545 );
#2110 = VERTEX_POINT( '', #2546 );
#2111 = CIRCLE( '', #2547, 0.000350000000000000 );
#2112 = FILL_AREA_STYLE_COLOUR( '', #2548 );
#2113 = VERTEX_POINT( '', #2549 );
#2114 = VERTEX_POINT( '', #2550 );
#2115 = CIRCLE( '', #2551, 0.000500000000000000 );
#2116 = VERTEX_POINT( '', #2552 );
#2117 = LINE( '', #2553, #2554 );
#2118 = VERTEX_POINT( '', #2555 );
#2119 = LINE( '', #2556, #2557 );
#2120 = VERTEX_POINT( '', #2558 );
#2121 = LINE( '', #2559, #2560 );
#2122 = LINE( '', #2561, #2562 );
#2123 = FILL_AREA_STYLE_COLOUR( '', #2563 );
#2124 = VERTEX_POINT( '', #2564 );
#2125 = CIRCLE( '', #2565, 0.000176794900000000 );
#2126 = FILL_AREA_STYLE_COLOUR( '', #2566 );
#2127 = VERTEX_POINT( '', #2567 );
#2128 = CIRCLE( '', #2568, 0.00670000000000000 );
#2129 = FILL_AREA_STYLE_COLOUR( '', #2569 );
#2130 = VERTEX_POINT( '', #2570 );
#2131 = VERTEX_POINT( '', #2571 );
#2132 = LINE( '', #2572, #2573 );
#2133 = VERTEX_POINT( '', #2574 );
#2134 = CIRCLE( '', #2575, 0.00280000000000000 );
#2135 = VERTEX_POINT( '', #2576 );
#2136 = LINE( '', #2577, #2578 );
#2137 = CIRCLE( '', #2579, 0.00280000000000000 );
#2138 = FILL_AREA_STYLE_COLOUR( '', #2580 );
#2139 = VERTEX_POINT( '', #2581 );
#2140 = CIRCLE( '', #2582, 0.000350000000000000 );
#2141 = VERTEX_POINT( '', #2583 );
#2142 = CIRCLE( '', #2584, 0.000176794900000000 );
#2143 = FILL_AREA_STYLE_COLOUR( '', #2585 );
#2144 = VERTEX_POINT( '', #2586 );
#2145 = CIRCLE( '', #2587, 0.000500000000000000 );
#2146 = LINE( '', #2588, #2589 );
#2147 = FILL_AREA_STYLE_COLOUR( '', #2590 );
#2148 = VERTEX_POINT( '', #2591 );
#2149 = LINE( '', #2592, #2593 );
#2150 = CIRCLE( '', #2594, 0.000500000000000000 );
#2151 = LINE( '', #2595, #2596 );
#2152 = FILL_AREA_STYLE_COLOUR( '', #2597 );
#2153 = VERTEX_POINT( '', #2598 );
#2154 = LINE( '', #2599, #2600 );
#2155 = LINE( '', #2601, #2602 );
#2156 = FILL_AREA_STYLE_COLOUR( '', #2603 );
#2157 = VERTEX_POINT( '', #2604 );
#2158 = CIRCLE( '', #2605, 0.00620000000000000 );
#2159 = FILL_AREA_STYLE_COLOUR( '', #2606 );
#2160 = VERTEX_POINT( '', #2607 );
#2161 = VERTEX_POINT( '', #2608 );
#2162 = LINE( '', #2609, #2610 );
#2163 = LINE( '', #2611, #2612 );
#2164 = VERTEX_POINT( '', #2613 );
#2165 = LINE( '', #2614, #2615 );
#2166 = VERTEX_POINT( '', #2616 );
#2167 = LINE( '', #2617, #2618 );
#2168 = VERTEX_POINT( '', #2619 );
#2169 = LINE( '', #2620, #2621 );
#2170 = VERTEX_POINT( '', #2622 );
#2171 = LINE( '', #2623, #2624 );
#2172 = LINE( '', #2625, #2626 );
#2173 = FILL_AREA_STYLE_COLOUR( '', #2627 );
#2174 = VERTEX_POINT( '', #2628 );
#2175 = VERTEX_POINT( '', #2629 );
#2176 = LINE( '', #2630, #2631 );
#2177 = LINE( '', #2632, #2633 );
#2178 = LINE( '', #2634, #2635 );
#2179 = FILL_AREA_STYLE_COLOUR( '', #2636 );
#2180 = VERTEX_POINT( '', #2637 );
#2181 = CIRCLE( '', #2638, 0.000176794900000000 );
#2182 = FILL_AREA_STYLE_COLOUR( '', #2639 );
#2183 = B_SPLINE_CURVE_WITH_KNOTS( '', 3, ( #2640, #2641, #2642, #2643, #2644, #2645, #2646, #2647, #2648, #2649, #2650 ), .UNSPECIFIED., .F., .F., ( 4, 1, 1, 1, 1, 1, 1, 1, 4 ), ( 0.000000000000000, 0.0945328605954007, 0.177776811447490, 0.249845485741905, 0.383255581480717, 0.500258278940561, 0.750185375144258, 0.863533979015992, 1.00000000000000 ), .UNSPECIFIED. );
#2184 = FILL_AREA_STYLE_COLOUR( '', #2651 );
#2185 = FILL_AREA_STYLE_COLOUR( '', #2652 );
#2186 = LINE( '', #2653, #2654 );
#2187 = LINE( '', #2655, #2656 );
#2188 = FILL_AREA_STYLE_COLOUR( '', #2657 );
#2189 = LINE( '', #2658, #2659 );
#2190 = VERTEX_POINT( '', #2660 );
#2191 = LINE( '', #2661, #2662 );
#2192 = LINE( '', #2663, #2664 );
#2193 = FILL_AREA_STYLE_COLOUR( '', #2665 );
#2194 = FILL_AREA_STYLE_COLOUR( '', #2666 );
#2195 = VERTEX_POINT( '', #2667 );
#2196 = CIRCLE( '', #2668, 0.00590000000000000 );
#2197 = VERTEX_POINT( '', #2669 );
#2198 = CIRCLE( '', #2670, 0.00590000000000000 );
#2199 = FILL_AREA_STYLE_COLOUR( '', #2671 );
#2200 = VERTEX_POINT( '', #2672 );
#2201 = CIRCLE( '', #2673, 0.00670000000000000 );
#2202 = LINE( '', #2674, #2675 );
#2203 = VERTEX_POINT( '', #2676 );
#2204 = B_SPLINE_CURVE_WITH_KNOTS( '', 3, ( #2677, #2678, #2679, #2680, #2681, #2682, #2683, #2684, #2685, #2686, #2687 ), .UNSPECIFIED., .F., .F., ( 4, 1, 1, 1, 1, 1, 1, 1, 4 ), ( 0.000000000000000, 0.0945328605954297, 0.177776811447517, 0.249845485741900, 0.383255581481161, 0.500258278940566, 0.750185375144268, 0.863533979021556, 1.00000000000000 ), .UNSPECIFIED. );
#2205 = VERTEX_POINT( '', #2688 );
#2206 = LINE( '', #2689, #2690 );
#2207 = VERTEX_POINT( '', #2691 );
#2208 = CIRCLE( '', #2692, 0.00670000000000000 );
#2209 = LINE( '', #2693, #2694 );
#2210 = B_SPLINE_CURVE_WITH_KNOTS( '', 3, ( #2695, #2696, #2697, #2698, #2699, #2700, #2701, #2702, #2703, #2704 ), .UNSPECIFIED., .F., .F., ( 4, 1, 1, 1, 1, 1, 1, 4 ), ( 0.000000000000000, 0.0934086570232528, 0.176712264751594, 0.250021545202811, 0.499875265241030, 0.750005683008150, 0.863463569471695, 1.00000000000000 ), .UNSPECIFIED. );
#2211 = VERTEX_POINT( '', #2705 );
#2212 = LINE( '', #2706, #2707 );
#2213 = B_SPLINE_CURVE_WITH_KNOTS( '', 3, ( #2708, #2709, #2710, #2711, #2712, #2713, #2714, #2715, #2716, #2717 ), .UNSPECIFIED., .F., .F., ( 4, 1, 1, 1, 1, 1, 1, 4 ), ( 0.000000000000000, 0.0934086570389182, 0.176712264767279, 0.250021545202813, 0.499875265241089, 0.750005683008271, 0.863463569411764, 1.00000000000000 ), .UNSPECIFIED. );
#2214 = CIRCLE( '', #2718, 0.00670000000000000 );
#2215 = FILL_AREA_STYLE_COLOUR( '', #2719 );
#2216 = CIRCLE( '', #2720, 0.00280000000000000 );
#2217 = FILL_AREA_STYLE_COLOUR( '', #2721 );
#2218 = CIRCLE( '', #2722, 0.000500000000000000 );
#2219 = FILL_AREA_STYLE_COLOUR( '', #2723 );
#2220 = LINE( '', #2724, #2725 );
#2221 = VERTEX_POINT( '', #2726 );
#2222 = CIRCLE( '', #2727, 0.000500000000000000 );
#2223 = CIRCLE( '', #2728, 0.00300000000000000 );
#2224 = CIRCLE( '', #2729, 0.000500000000000000 );
#2225 = CIRCLE( '', #2730, 0.000500000000000000 );
#2226 = VERTEX_POINT( '', #2731 );
#2227 = CIRCLE( '', #2732, 0.000500000000000000 );
#2228 = VERTEX_POINT( '', #2733 );
#2229 = LINE( '', #2734, #2735 );
#2230 = CIRCLE( '', #2736, 0.000500000000000000 );
#2231 = CIRCLE( '', #2737, 0.000500000000000000 );
#2232 = VERTEX_POINT( '', #2738 );
#2233 = LINE( '', #2739, #2740 );
#2234 = CIRCLE( '', #2741, 0.00280000000000000 );
#2235 = VERTEX_POINT( '', #2742 );
#2236 = LINE( '', #2743, #2744 );
#2237 = LINE( '', #2745, #2746 );
#2238 = VERTEX_POINT( '', #2747 );
#2239 = CIRCLE( '', #2748, 0.00280000000000000 );
#2240 = LINE( '', #2749, #2750 );
#2241 = FILL_AREA_STYLE_COLOUR( '', #2751 );
#2242 = FILL_AREA_STYLE_COLOUR( '', #2752 );
#2243 = VERTEX_POINT( '', #2753 );
#2244 = CIRCLE( '', #2754, 0.000350000000000000 );
#2245 = VERTEX_POINT( '', #2755 );
#2246 = CIRCLE( '', #2756, 0.000176794900000000 );
#2247 = FILL_AREA_STYLE_COLOUR( '', #2757 );
#2248 = FILL_AREA_STYLE_COLOUR( '', #2758 );
#2249 = LINE( '', #2759, #2760 );
#2250 = FILL_AREA_STYLE_COLOUR( '', #2761 );
#2251 = LINE( '', #2762, #2763 );
#2252 = FILL_AREA_STYLE_COLOUR( '', #2764 );
#2253 = VERTEX_POINT( '', #2765 );
#2254 = VERTEX_POINT( '', #2766 );
#2255 = LINE( '', #2767, #2768 );
#2256 = VERTEX_POINT( '', #2769 );
#2257 = LINE( '', #2770, #2771 );
#2258 = VERTEX_POINT( '', #2772 );
#2259 = LINE( '', #2773, #2774 );
#2260 = LINE( '', #2775, #2776 );
#2261 = FILL_AREA_STYLE_COLOUR( '', #2777 );
#2262 = LINE( '', #2778, #2779 );
#2263 = FILL_AREA_STYLE_COLOUR( '', #2780 );
#2264 = FILL_AREA_STYLE_COLOUR( '', #2781 );
#2265 = LINE( '', #2782, #2783 );
#2266 = LINE( '', #2784, #2785 );
#2267 = FILL_AREA_STYLE_COLOUR( '', #2786 );
#2268 = FILL_AREA_STYLE_COLOUR( '', #2787 );
#2269 = CIRCLE( '', #2788, 0.00280000000000000 );
#2270 = LINE( '', #2789, #2790 );
#2271 = FILL_AREA_STYLE_COLOUR( '', #2791 );
#2272 = VERTEX_POINT( '', #2792 );
#2273 = CIRCLE( '', #2793, 0.000350000000000000 );
#2274 = VERTEX_POINT( '', #2794 );
#2275 = CIRCLE( '', #2795, 0.000176794900000000 );
#2276 = FILL_AREA_STYLE_COLOUR( '', #2796 );
#2277 = FILL_AREA_STYLE_COLOUR( '', #2797 );
#2278 = CIRCLE( '', #2798, 0.00220000000000000 );
#2279 = CIRCLE( '', #2799, 0.00220000000000000 );
#2280 = FILL_AREA_STYLE_COLOUR( '', #2800 );
#2281 = FILL_AREA_STYLE_COLOUR( '', #2801 );
#2282 = LINE( '', #2802, #2803 );
#2283 = LINE( '', #2804, #2805 );
#2284 = FILL_AREA_STYLE_COLOUR( '', #2806 );
#2285 = LINE( '', #2807, #2808 );
#2286 = FILL_AREA_STYLE_COLOUR( '', #2809 );
#2287 = VERTEX_POINT( '', #2810 );
#2288 = CIRCLE( '', #2811, 0.000350000000000000 );
#2289 = VERTEX_POINT( '', #2812 );
#2290 = CIRCLE( '', #2813, 0.000176794900000000 );
#2291 = FILL_AREA_STYLE_COLOUR( '', #2814 );
#2292 = FILL_AREA_STYLE_COLOUR( '', #2815 );
#2293 = LINE( '', #2816, #2817 );
#2294 = FILL_AREA_STYLE_COLOUR( '', #2818 );
#2295 = FILL_AREA_STYLE_COLOUR( '', #2819 );
#2296 = FILL_AREA_STYLE_COLOUR( '', #2820 );
#2297 = FILL_AREA_STYLE_COLOUR( '', #2821 );
#2298 = FILL_AREA_STYLE_COLOUR( '', #2822 );
#2299 = LINE( '', #2823, #2824 );
#2300 = FILL_AREA_STYLE_COLOUR( '', #2825 );
#2301 = FILL_AREA_STYLE_COLOUR( '', #2826 );
#2302 = FILL_AREA_STYLE_COLOUR( '', #2827 );
#2303 = FILL_AREA_STYLE_COLOUR( '', #2828 );
#2304 = FILL_AREA_STYLE_COLOUR( '', #2829 );
#2305 = FILL_AREA_STYLE_COLOUR( '', #2830 );
#2306 = FILL_AREA_STYLE_COLOUR( '', #2831 );
#2307 = FILL_AREA_STYLE_COLOUR( '', #2832 );
#2308 = FILL_AREA_STYLE_COLOUR( '', #2833 );
#2309 = FILL_AREA_STYLE_COLOUR( '', #2834 );
#2310 = LINE( '', #2835, #2836 );
#2311 = FILL_AREA_STYLE_COLOUR( '', #2837 );
#2312 = FILL_AREA_STYLE_COLOUR( '', #2838 );
#2313 = FILL_AREA_STYLE_COLOUR( '', #2839 );
#2314 = FILL_AREA_STYLE_COLOUR( '', #2840 );
#2315 = FILL_AREA_STYLE_COLOUR( '', #2841 );
#2316 = FILL_AREA_STYLE_COLOUR( '', #2842 );
#2317 = FILL_AREA_STYLE_COLOUR( '', #2843 );
#2318 = FILL_AREA_STYLE_COLOUR( '', #2844 );
#2319 = FILL_AREA_STYLE_COLOUR( '', #2845 );
#2320 = FILL_AREA_STYLE_COLOUR( '', #2846 );
#2321 = COLOUR_RGB( '', 0.674509823300000, 0.529411792800000, 0.0901960805000000 );
#2322 = CARTESIAN_POINT( '', ( -0.0186900000000200, -0.0104000000000200, -0.00571500000000002 ) );
#2323 = AXIS2_PLACEMENT_3D( '', #2847, #2848, #2849 );
#2324 = CARTESIAN_POINT( '', ( -0.0185167949192631, -0.0107000000000200, -0.00571500000000002 ) );
#2325 = AXIS2_PLACEMENT_3D( '', #2850, #2851, #2852 );
#2326 = COLOUR_RGB( '', 0.878431379800000, 0.792156875100000, 0.607843160600000 );
#2327 = CARTESIAN_POINT( '', ( -0.0300000000000000, -0.00470000000000000, 0.00643942542042288 ) );
#2328 = CARTESIAN_POINT( '', ( -0.0300000000000000, -0.00770000000000000, 0.00643942542042288 ) );
#2329 = CARTESIAN_POINT( '', ( -0.0300000000000100, -0.00770000000001000, 0.00643942542043288 ) );
#2330 = VECTOR( '', #2853, 1.00000000000000 );
#2331 = CARTESIAN_POINT( '', ( -0.0300000000000000, -0.00470000000000000, -0.00642500000000000 ) );
#2332 = CARTESIAN_POINT( '', ( -0.0300000000000100, -0.00470000000001000, -0.00692500000001000 ) );
#2333 = VECTOR( '', #2854, 1.00000000000000 );
#2334 = CARTESIAN_POINT( '', ( -0.0300000000000000, -0.00770000000000000, -0.00642500000000000 ) );
#2335 = CARTESIAN_POINT( '', ( -0.0300000000000100, -0.00770000000001000, -0.00642500000001000 ) );
#2336 = VECTOR( '', #2855, 1.00000000000000 );
#2337 = CARTESIAN_POINT( '', ( -0.0300000000000100, -0.00770000000001000, -0.00692500000001000 ) );
#2338 = VECTOR( '', #2856, 1.00000000000000 );
#2339 = COLOUR_RGB( '', 0.752941191200000, 0.752941191200000, 0.752941191200000 );
#2340 = CARTESIAN_POINT( '', ( 0.000000000000000, -0.00620000000001000, 1.00011389215232E-14 ) );
#2341 = AXIS2_PLACEMENT_3D( '', #2857, #2858, #2859 );
#2342 = COLOUR_RGB( '', 0.819607853900000, 0.670588254900000, 0.0392156877000000 );
#2343 = CARTESIAN_POINT( '', ( -0.0237700000000200, -0.0104000000000000, 0.00127000000000000 ) );
#2344 = AXIS2_PLACEMENT_3D( '', #2860, #2861, #2862 );
#2345 = CARTESIAN_POINT( '', ( -0.0235967949192631, -0.0107000000000200, 0.00127000000000000 ) );
#2346 = AXIS2_PLACEMENT_3D( '', #2863, #2864, #2865 );
#2347 = COLOUR_RGB( '', 0.878431379800000, 0.792156875100000, 0.607843160600000 );
#2348 = CARTESIAN_POINT( '', ( -0.0158000000000000, -0.00770000000000000, 0.00650815427873328 ) );
#2349 = CARTESIAN_POINT( '', ( -0.0158000000000000, -0.00470000000000000, 0.00650815427873328 ) );
#2350 = CARTESIAN_POINT( '', ( -0.0158000000000100, -0.00770000000001000, 0.00650815427874328 ) );
#2351 = VECTOR( '', #2866, 1.00000000000000 );
#2352 = CARTESIAN_POINT( '', ( -0.0158382693217560, -0.00470000000000000, 0.00670000000000000 ) );
#2353 = AXIS2_PLACEMENT_3D( '', #2867, #2868, #2869 );
#2354 = CARTESIAN_POINT( '', ( -0.0161003791572788, -0.00470000000000000, 0.00696657713936664 ) );
#2355 = AXIS2_PLACEMENT_3D( '', #2870, #2871, #2872 );
#2356 = CARTESIAN_POINT( '', ( -0.0161003791572788, -0.00770000000000000, 0.00696657713936664 ) );
#2357 = CARTESIAN_POINT( '', ( -0.0161003791572888, -0.00770000000001000, 0.00696657713937664 ) );
#2358 = VECTOR( '', #2873, 1.00000000000000 );
#2359 = AXIS2_PLACEMENT_3D( '', #2874, #2875, #2876 );
#2360 = COLOUR_RGB( '', 0.819607853900000, 0.670588254900000, 0.0392156877000000 );
#2361 = CARTESIAN_POINT( '', ( -0.0288500000000200, -0.0104000000000000, -0.00127000000002000 ) );
#2362 = AXIS2_PLACEMENT_3D( '', #2877, #2878, #2879 );
#2363 = CARTESIAN_POINT( '', ( -0.0286767949192631, -0.0107000000000200, -0.00127000000002000 ) );
#2364 = AXIS2_PLACEMENT_3D( '', #2880, #2881, #2882 );
#2365 = COLOUR_RGB( '', 0.878431379800000, 0.792156875100000, 0.607843160600000 );
#2366 = CARTESIAN_POINT( '', ( -0.0295846208427212, -0.00770000000000000, 0.00693221271021144 ) );
#2367 = CARTESIAN_POINT( '', ( -0.0295846208427212, -0.00470000000000000, 0.00693221271021144 ) );
#2368 = CARTESIAN_POINT( '', ( -0.0295846208427312, -0.00770000000001000, 0.00693221271022144 ) );
#2369 = VECTOR( '', #2883, 1.00000000000000 );
#2370 = AXIS2_PLACEMENT_3D( '', #2884, #2885, #2886 );
#2371 = AXIS2_PLACEMENT_3D( '', #2887, #2888, #2889 );
#2372 = COLOUR_RGB( '', 0.819607853900000, 0.670588254900000, 0.0392156877000000 );
#2373 = CARTESIAN_POINT( '', ( -0.0237700000000200, -0.00770000000000000, 0.00127000000000000 ) );
#2374 = AXIS2_PLACEMENT_3D( '', #2890, #2891, #2892 );
#2375 = COLOUR_RGB( '', 0.878431379800000, 0.792156875100000, 0.607843160600000 );
#2376 = CARTESIAN_POINT( '', ( -0.0207792416854424, -0.00769999999999999, -0.00692500000000000 ) );
#2377 = CARTESIAN_POINT( '', ( -0.0207792416854424, -0.00469999999999999, -0.00692500000000000 ) );
#2378 = CARTESIAN_POINT( '', ( -0.0207792416854524, -0.00770000000000999, -0.00692500000001000 ) );
#2379 = VECTOR( '', #2893, 1.00000000000000 );
#2380 = CARTESIAN_POINT( '', ( -0.0204307785875221, -0.00469999999999999, -0.00706642857142858 ) );
#2381 = AXIS2_PLACEMENT_3D( '', #2894, #2895, #2896 );
#2382 = CARTESIAN_POINT( '', ( -0.0204307785875221, -0.00769999999999999, -0.00706642857142858 ) );
#2383 = CARTESIAN_POINT( '', ( -0.0204307785875321, -0.00770000000000999, -0.00706642857143858 ) );
#2384 = VECTOR( '', #2897, 1.00000000000000 );
#2385 = AXIS2_PLACEMENT_3D( '', #2898, #2899, #2900 );
#2386 = COLOUR_RGB( '', 0.752941191200000, 0.752941191200000, 0.752941191200000 );
#2387 = CARTESIAN_POINT( '', ( -0.0293872609948729, -0.00470000000000000, -0.00670000000000000 ) );
#2388 = CARTESIAN_POINT( '', ( -0.0293872609948729, 0.000000000000000, -0.00670000000000000 ) );
#2389 = CARTESIAN_POINT( '', ( -0.0293872609948829, -0.00235000000001000, -0.00670000000001000 ) );
#2390 = VECTOR( '', #2901, 1.00000000000000 );
#2391 = CARTESIAN_POINT( '', ( -0.0298000000000000, -0.00470000000000000, -0.00670000000000000 ) );
#2392 = CARTESIAN_POINT( '', ( -0.0193529730884147, -0.00470000000000999, -0.00670000000001000 ) );
#2393 = VECTOR( '', #2902, 1.00000000000000 );
#2394 = CARTESIAN_POINT( '', ( -0.0298000000000000, 0.000000000000000, -0.00670000000000000 ) );
#2395 = CARTESIAN_POINT( '', ( -0.0298000000000100, -0.00470000000001000, -0.00670000000001000 ) );
#2396 = VECTOR( '', #2903, 1.00000000000000 );
#2397 = CARTESIAN_POINT( '', ( -0.0158000000000100, 0.000000000000000, -0.00670000000001000 ) );
#2398 = VECTOR( '', #2904, 1.00000000000000 );
#2399 = COLOUR_RGB( '', 0.752941191200000, 0.752941191200000, 0.752941191200000 );
#2400 = CARTESIAN_POINT( '', ( -0.0298000000000000, 0.000900000000000002, -0.00663927706907913 ) );
#2401 = CARTESIAN_POINT( '', ( -0.0298000000000000, 0.000900000000000002, 0.00663927706907913 ) );
#2402 = AXIS2_PLACEMENT_3D( '', #2905, #2906, #2907 );
#2403 = CARTESIAN_POINT( '', ( -0.0298000000000100, 0.000900000000010003, 1.00011582285385E-14 ) );
#2404 = VECTOR( '', #2908, 1.00000000000000 );
#2405 = COLOUR_RGB( '', 0.752941191200000, 0.752941191200000, 0.752941191200000 );
#2406 = CARTESIAN_POINT( '', ( -0.0158000000000000, -0.00730000000000000, 0.00150000000000000 ) );
#2407 = CARTESIAN_POINT( '', ( -0.0158000000000000, -0.00670000000000000, 0.00150000000000000 ) );
#2408 = CARTESIAN_POINT( '', ( -0.0158000000000100, -0.00770000000001000, 0.00150000000001000 ) );
#2409 = VECTOR( '', #2909, 1.00000000000000 );
#2410 = CARTESIAN_POINT( '', ( -0.0152000000000000, -0.00730000000000000, 0.00150000000000000 ) );
#2411 = CARTESIAN_POINT( '', ( -0.0152000000000100, -0.00730000000001000, 0.00150000000001000 ) );
#2412 = VECTOR( '', #2910, 1.00000000000000 );
#2413 = CARTESIAN_POINT( '', ( -0.0152000000000000, -0.00670000000000000, 0.00150000000000000 ) );
#2414 = CARTESIAN_POINT( '', ( -0.0152000000000100, -0.00670000000001000, 0.00150000000001000 ) );
#2415 = VECTOR( '', #2911, 1.00000000000000 );
#2416 = CARTESIAN_POINT( '', ( -0.0152000000000100, -0.00670000000001000, 0.00150000000001000 ) );
#2417 = VECTOR( '', #2912, 1.00000000000000 );
#2418 = COLOUR_RGB( '', 0.752941191200000, 0.752941191200000, 0.752941191200000 );
#2419 = CARTESIAN_POINT( '', ( -0.0158000000000000, -0.00670000000000000, 0.00180000000000000 ) );
#2420 = CARTESIAN_POINT( '', ( -0.0158000000000100, -0.00670000000001000, 0.00256250000001000 ) );
#2421 = VECTOR( '', #2913, 1.00000000000000 );
#2422 = CARTESIAN_POINT( '', ( -0.0152000000000000, -0.00670000000000000, 0.00180000000000000 ) );
#2423 = CARTESIAN_POINT( '', ( -0.0152000000000100, -0.00670000000001000, 0.00180000000001000 ) );
#2424 = VECTOR( '', #2914, 1.00000000000000 );
#2425 = CARTESIAN_POINT( '', ( -0.0152000000000100, -0.00670000000001000, 0.00180000000001000 ) );
#2426 = VECTOR( '', #2915, 1.00000000000000 );
#2427 = COLOUR_RGB( '', 0.878431379800000, 0.792156875100000, 0.607843160600000 );
#2428 = CARTESIAN_POINT( '', ( -0.0293362795585615, -0.00470000000000000, -0.00705125523315592 ) );
#2429 = CARTESIAN_POINT( '', ( -0.0293362795585615, -0.00770000000000000, -0.00705125523315592 ) );
#2430 = CARTESIAN_POINT( '', ( -0.0293362795585715, -0.00770000000001000, -0.00705125523316592 ) );
#2431 = VECTOR( '', #2916, 1.00000000000000 );
#2432 = CARTESIAN_POINT( '', ( -0.0251392214124779, -0.00469999999999999, -0.00706642857142858 ) );
#2433 = AXIS2_PLACEMENT_3D( '', #2917, #2918, #2919 );
#2434 = CARTESIAN_POINT( '', ( -0.0251392214124779, -0.00770000000000000, -0.00706642857142858 ) );
#2435 = CARTESIAN_POINT( '', ( -0.0251392214124879, -0.00770000000001000, -0.00706642857143858 ) );
#2436 = VECTOR( '', #2920, 1.00000000000000 );
#2437 = AXIS2_PLACEMENT_3D( '', #2921, #2922, #2923 );
#2438 = COLOUR_RGB( '', 0.752941191200000, 0.752941191200000, 0.752941191200000 );
#2439 = CARTESIAN_POINT( '', ( -0.0158000000000000, -0.00470000000000000, 0.00399089023002066 ) );
#2440 = AXIS2_PLACEMENT_3D( '', #2924, #2925, #2926 );
#2441 = CARTESIAN_POINT( '', ( -0.0152000000000000, -0.00470000000000000, 0.00399089023002066 ) );
#2442 = AXIS2_PLACEMENT_3D( '', #2927, #2928, #2929 );
#2443 = CARTESIAN_POINT( '', ( -0.0152000000000100, -0.00470000000001000, 0.00399089023003066 ) );
#2444 = VECTOR( '', #2930, 1.00000000000000 );
#2445 = COLOUR_RGB( '', 0.752941191200000, 0.752941191200000, 0.752941191200000 );
#2446 = CARTESIAN_POINT( '', ( -0.0143000000000100, -0.00640000000001000, 1.00011756609272E-14 ) );
#2447 = AXIS2_PLACEMENT_3D( '', #2931, #2932, #2933 );
#2448 = CARTESIAN_POINT( '', ( -0.0140000000000100, -0.00670000000001000, 1.00012307700331E-14 ) );
#2449 = AXIS2_PLACEMENT_3D( '', #2934, #2935, #2936 );
#2450 = COLOUR_RGB( '', 0.878431379800000, 0.792156875100000, 0.607843160600000 );
#2451 = CARTESIAN_POINT( '', ( -0.0251392214124779, -0.00470000000000000, 0.00706642857142857 ) );
#2452 = CARTESIAN_POINT( '', ( -0.0251392214124779, -0.00770000000000000, 0.00706642857142857 ) );
#2453 = CARTESIAN_POINT( '', ( -0.0251392214124879, -0.00770000000001000, 0.00706642857143857 ) );
#2454 = VECTOR( '', #2937, 1.00000000000000 );
#2455 = CARTESIAN_POINT( '', ( -0.0293207785875221, -0.00470000000000000, 0.00706642857142857 ) );
#2456 = AXIS2_PLACEMENT_3D( '', #2938, #2939, #2940 );
#2457 = CARTESIAN_POINT( '', ( -0.0293207785875221, -0.00770000000000000, 0.00706642857142857 ) );
#2458 = CARTESIAN_POINT( '', ( -0.0293207785875321, -0.00770000000001000, 0.00706642857143857 ) );
#2459 = VECTOR( '', #2941, 1.00000000000000 );
#2460 = AXIS2_PLACEMENT_3D( '', #2942, #2943, #2944 );
#2461 = COLOUR_RGB( '', 0.878431379800000, 0.792156875100000, 0.607843160600000 );
#2462 = CARTESIAN_POINT( '', ( -0.0295936630758275, -0.00770000000000000, -0.00691614888600762 ) );
#2463 = AXIS2_PLACEMENT_3D( '', #2945, #2946, #2947 );
#2464 = AXIS2_PLACEMENT_3D( '', #2948, #2949, #2950 );
#2465 = CARTESIAN_POINT( '', ( -0.0247907583145576, -0.00770000000000000, -0.00692500000000001 ) );
#2466 = AXIS2_PLACEMENT_3D( '', #2951, #2952, #2953 );
#2467 = CARTESIAN_POINT( '', ( -0.0205670832943661, -0.00770000000000999, -0.00692500000001000 ) );
#2468 = VECTOR( '', #2954, 1.00000000000000 );
#2469 = CARTESIAN_POINT( '', ( -0.0162492214124779, -0.00769999999999999, -0.00706642857142857 ) );
#2470 = AXIS2_PLACEMENT_3D( '', #2955, #2956, #2957 );
#2471 = CARTESIAN_POINT( '', ( -0.0161003791572788, -0.00769999999999999, -0.00696657713936664 ) );
#2472 = AXIS2_PLACEMENT_3D( '', #2958, #2959, #2960 );
#2473 = CARTESIAN_POINT( '', ( -0.0158000000000000, -0.00769999999999999, -0.00650815427873328 ) );
#2474 = AXIS2_PLACEMENT_3D( '', #2961, #2962, #2963 );
#2475 = CARTESIAN_POINT( '', ( -0.0158000000000000, -0.00770000000000000, -0.00225000000000000 ) );
#2476 = CARTESIAN_POINT( '', ( -0.0158000000000100, -0.00770000000001000, 0.00692500000001000 ) );
#2477 = VECTOR( '', #2964, 1.00000000000000 );
#2478 = CARTESIAN_POINT( '', ( -0.0178000000000000, -0.00770000000000000, -0.00225000000000000 ) );
#2479 = CARTESIAN_POINT( '', ( -0.0193529730884147, -0.00770000000001000, -0.00225000000001001 ) );
#2480 = VECTOR( '', #2965, 1.00000000000000 );
#2481 = CARTESIAN_POINT( '', ( -0.0178000000000000, -0.00770000000000000, 0.00225000000000000 ) );
#2482 = CARTESIAN_POINT( '', ( -0.0178000000000100, -0.00770000000001000, -0.00112500000001000 ) );
#2483 = VECTOR( '', #2966, 1.00000000000000 );
#2484 = CARTESIAN_POINT( '', ( -0.0158000000000000, -0.00770000000000000, 0.00225000000000000 ) );
#2485 = CARTESIAN_POINT( '', ( -0.0203529730884147, -0.00770000000001000, 0.00225000000000999 ) );
#2486 = VECTOR( '', #2967, 1.00000000000000 );
#2487 = CARTESIAN_POINT( '', ( -0.0158000000000100, -0.00770000000001000, 0.00692500000001000 ) );
#2488 = VECTOR( '', #2968, 1.00000000000000 );
#2489 = CARTESIAN_POINT( '', ( -0.0162492214124779, -0.00770000000000000, 0.00706642857142857 ) );
#2490 = AXIS2_PLACEMENT_3D( '', #2969, #2970, #2971 );
#2491 = CARTESIAN_POINT( '', ( -0.0204307785875221, -0.00770000000000000, 0.00706642857142857 ) );
#2492 = AXIS2_PLACEMENT_3D( '', #2972, #2973, #2974 );
#2493 = CARTESIAN_POINT( '', ( -0.0207792416854424, -0.00770000000000000, 0.00692500000000000 ) );
#2494 = AXIS2_PLACEMENT_3D( '', #2975, #2976, #2977 );
#2495 = CARTESIAN_POINT( '', ( -0.0247907583145576, -0.00770000000000000, 0.00692500000000000 ) );
#2496 = CARTESIAN_POINT( '', ( -0.0250029167056539, -0.00770000000001000, 0.00692500000001000 ) );
#2497 = VECTOR( '', #2978, 1.00000000000000 );
#2498 = AXIS2_PLACEMENT_3D( '', #2979, #2980, #2981 );
#2499 = AXIS2_PLACEMENT_3D( '', #2982, #2983, #2984 );
#2500 = CARTESIAN_POINT( '', ( -0.0288500000000200, -0.00770000000000000, -0.00127000000002000 ) );
#2501 = AXIS2_PLACEMENT_3D( '', #2985, #2986, #2987 );
#2502 = CARTESIAN_POINT( '', ( -0.0288500000000200, -0.00770000000000000, 0.00127000000000000 ) );
#2503 = AXIS2_PLACEMENT_3D( '', #2988, #2989, #2990 );
#2504 = CARTESIAN_POINT( '', ( -0.0263100000000200, -0.00770000000000000, -0.00127000000002000 ) );
#2505 = AXIS2_PLACEMENT_3D( '', #2991, #2992, #2993 );
#2506 = CARTESIAN_POINT( '', ( -0.0263100000000200, -0.00770000000000000, 0.00127000000000000 ) );
#2507 = AXIS2_PLACEMENT_3D( '', #2994, #2995, #2996 );
#2508 = CARTESIAN_POINT( '', ( -0.0237700000000200, -0.00770000000000000, -0.00127000000002000 ) );
#2509 = AXIS2_PLACEMENT_3D( '', #2997, #2998, #2999 );
#2510 = CARTESIAN_POINT( '', ( -0.0268800000000000, -0.00770000000000000, 0.00571499999999998 ) );
#2511 = AXIS2_PLACEMENT_3D( '', #3000, #3001, #3002 );
#2512 = CARTESIAN_POINT( '', ( -0.0268800000000000, -0.00770000000000000, -0.00571500000002002 ) );
#2513 = AXIS2_PLACEMENT_3D( '', #3003, #3004, #3005 );
#2514 = CARTESIAN_POINT( '', ( -0.0179900000000000, -0.00770000000000000, 0.00571499999999998 ) );
#2515 = AXIS2_PLACEMENT_3D( '', #3006, #3007, #3008 );
#2516 = CARTESIAN_POINT( '', ( -0.0179900000000000, -0.00769999999999999, -0.00571500000002002 ) );
#2517 = AXIS2_PLACEMENT_3D( '', #3009, #3010, #3011 );
#2518 = COLOUR_RGB( '', 0.819607853900000, 0.670588254900000, 0.0392156877000000 );
#2519 = CARTESIAN_POINT( '', ( -0.0288500000000200, -0.0104000000000000, 0.00127000000000000 ) );
#2520 = AXIS2_PLACEMENT_3D( '', #3012, #3013, #3014 );
#2521 = CARTESIAN_POINT( '', ( -0.0286767949192631, -0.0107000000000200, 0.00127000000000000 ) );
#2522 = AXIS2_PLACEMENT_3D( '', #3015, #3016, #3017 );
#2523 = COLOUR_RGB( '', 0.878431379800000, 0.792156875100000, 0.607843160600000 );
#2524 = CARTESIAN_POINT( '', ( -0.0162492214124779, -0.00470000000000000, 0.00706642857142857 ) );
#2525 = CARTESIAN_POINT( '', ( -0.0162492214124879, -0.00770000000001000, 0.00706642857143857 ) );
#2526 = VECTOR( '', #3018, 1.00000000000000 );
#2527 = CARTESIAN_POINT( '', ( -0.0204307785875221, -0.00470000000000000, 0.00706642857142857 ) );
#2528 = AXIS2_PLACEMENT_3D( '', #3019, #3020, #3021 );
#2529 = CARTESIAN_POINT( '', ( -0.0204307785875321, -0.00770000000001000, 0.00706642857143857 ) );
#2530 = VECTOR( '', #3022, 1.00000000000000 );
#2531 = COLOUR_RGB( '', 0.752941191200000, 0.752941191200000, 0.752941191200000 );
#2532 = CARTESIAN_POINT( '', ( -0.0250727390051271, -0.00470000000000000, 0.00670000000000000 ) );
#2533 = CARTESIAN_POINT( '', ( -0.0250727390051271, -5.55111512312578E-19, 0.00670000000000000 ) );
#2534 = CARTESIAN_POINT( '', ( -0.0250727390051371, -0.00235000000001000, 0.00670000000001000 ) );
#2535 = VECTOR( '', #3023, 1.00000000000000 );
#2536 = CARTESIAN_POINT( '', ( -0.0293872609948729, -5.55111512312578E-19, 0.00670000000000000 ) );
#2537 = AXIS2_PLACEMENT_3D( '', #3024, #3025, #3026 );
#2538 = CARTESIAN_POINT( '', ( -0.0293872609948729, -0.00470000000000000, 0.00670000000000000 ) );
#2539 = CARTESIAN_POINT( '', ( -0.0293872609948829, -0.00235000000001000, 0.00670000000001000 ) );
#2540 = VECTOR( '', #3027, 1.00000000000000 );
#2541 = AXIS2_PLACEMENT_3D( '', #3028, #3029, #3030 );
#2542 = COLOUR_RGB( '', 0.819607853900000, 0.670588254900000, 0.0392156877000000 );
#2543 = CARTESIAN_POINT( '', ( -0.0237700000000200, -0.0104000000000000, -0.00127000000002000 ) );
#2544 = AXIS2_PLACEMENT_3D( '', #3031, #3032, #3033 );
#2545 = COLOUR_RGB( '', 0.819607853900000, 0.670588254900000, 0.0392156877000000 );
#2546 = CARTESIAN_POINT( '', ( -0.0263100000000200, -0.0104000000000000, 0.00127000000000000 ) );
#2547 = AXIS2_PLACEMENT_3D( '', #3034, #3035, #3036 );
#2548 = COLOUR_RGB( '', 0.752941191200000, 0.752941191200000, 0.752941191200000 );
#2549 = CARTESIAN_POINT( '', ( -0.0158382693217560, -0.00469999999999999, -0.00670000000000000 ) );
#2550 = CARTESIAN_POINT( '', ( -0.0158000000000000, -0.00469999999999999, -0.00650815427873328 ) );
#2551 = AXIS2_PLACEMENT_3D( '', #3037, #3038, #3039 );
#2552 = CARTESIAN_POINT( '', ( -0.0152000000000000, -0.00470000000000000, -0.00670000000000000 ) );
#2553 = CARTESIAN_POINT( '', ( -0.0158000000000100, -0.00470000000001000, -0.00670000000001000 ) );
#2554 = VECTOR( '', #3040, 1.00000000000000 );
#2555 = CARTESIAN_POINT( '', ( -0.0152000000000000, -0.00470000000000000, -0.00399089023002066 ) );
#2556 = CARTESIAN_POINT( '', ( -0.0152000000000100, -0.00470000000001000, 0.00670000000001000 ) );
#2557 = VECTOR( '', #3041, 1.00000000000000 );
#2558 = CARTESIAN_POINT( '', ( -0.0158000000000000, -0.00469999999999999, -0.00399089023002067 ) );
#2559 = CARTESIAN_POINT( '', ( -0.0152000000000100, -0.00470000000001000, -0.00399089023003066 ) );
#2560 = VECTOR( '', #3042, 1.00000000000000 );
#2561 = CARTESIAN_POINT( '', ( -0.0158000000000100, -0.00470000000001000, 0.00692500000001000 ) );
#2562 = VECTOR( '', #3043, 1.00000000000000 );
#2563 = COLOUR_RGB( '', 0.819607853900000, 0.670588254900000, 0.0392156877000000 );
#2564 = CARTESIAN_POINT( '', ( -0.0235967949192631, -0.0107000000000200, -0.00127000000002000 ) );
#2565 = AXIS2_PLACEMENT_3D( '', #3044, #3045, #3046 );
#2566 = COLOUR_RGB( '', 0.752941191200000, 0.752941191200000, 0.752941191200000 );
#2567 = CARTESIAN_POINT( '', ( -0.000500000000010000, -0.00670000000001000, 1.00012307700331E-14 ) );
#2568 = AXIS2_PLACEMENT_3D( '', #3047, #3048, #3049 );
#2569 = COLOUR_RGB( '', 0.752941191200000, 0.752941191200000, 0.752941191200000 );
#2570 = CARTESIAN_POINT( '', ( -0.0204972609948729, -0.00470000000000000, -0.00670000000000000 ) );
#2571 = CARTESIAN_POINT( '', ( -0.0204972609948729, 0.000000000000000, -0.00670000000000000 ) );
#2572 = CARTESIAN_POINT( '', ( -0.0204972609948829, -0.00235000000001000, -0.00670000000001000 ) );
#2573 = VECTOR( '', #3050, 1.00000000000000 );
#2574 = CARTESIAN_POINT( '', ( -0.0161827390051271, 0.000000000000000, -0.00670000000000000 ) );
#2575 = AXIS2_PLACEMENT_3D( '', #3051, #3052, #3053 );
#2576 = CARTESIAN_POINT( '', ( -0.0161827390051271, -0.00470000000000000, -0.00670000000000000 ) );
#2577 = CARTESIAN_POINT( '', ( -0.0161827390051371, -0.00235000000001000, -0.00670000000001000 ) );
#2578 = VECTOR( '', #3054, 1.00000000000000 );
#2579 = AXIS2_PLACEMENT_3D( '', #3055, #3056, #3057 );
#2580 = COLOUR_RGB( '', 0.674509823300000, 0.529411792800000, 0.0901960805000000 );
#2581 = CARTESIAN_POINT( '', ( -0.0186900000000200, -0.0104000000000200, 0.00571500000001998 ) );
#2582 = AXIS2_PLACEMENT_3D( '', #3058, #3059, #3060 );
#2583 = CARTESIAN_POINT( '', ( -0.0185167949192631, -0.0107000000000200, 0.00571500000001998 ) );
#2584 = AXIS2_PLACEMENT_3D( '', #3061, #3062, #3063 );
#2585 = COLOUR_RGB( '', 0.878431379800000, 0.792156875100000, 0.607843160600000 );
#2586 = CARTESIAN_POINT( '', ( -0.0295936630758275, -0.00470000000000000, -0.00691614888600762 ) );
#2587 = AXIS2_PLACEMENT_3D( '', #3064, #3065, #3066 );
#2588 = CARTESIAN_POINT( '', ( -0.0295936630758375, -0.00770000000001000, -0.00691614888601762 ) );
#2589 = VECTOR( '', #3067, 1.00000000000000 );
#2590 = COLOUR_RGB( '', 0.878431379800000, 0.792156875100000, 0.607843160600000 );
#2591 = CARTESIAN_POINT( '', ( -0.0161003791572788, -0.00469999999999999, -0.00696657713936664 ) );
#2592 = CARTESIAN_POINT( '', ( -0.0161003791572888, -0.00770000000000999, -0.00696657713937664 ) );
#2593 = VECTOR( '', #3068, 1.00000000000000 );
#2594 = AXIS2_PLACEMENT_3D( '', #3069, #3070, #3071 );
#2595 = CARTESIAN_POINT( '', ( -0.0158000000000100, -0.00770000000000999, -0.00650815427874328 ) );
#2596 = VECTOR( '', #3072, 1.00000000000000 );
#2597 = COLOUR_RGB( '', 0.878431379800000, 0.792156875100000, 0.607843160600000 );
#2598 = CARTESIAN_POINT( '', ( -0.0247907583145576, -0.00469999999999999, -0.00692500000000001 ) );
#2599 = CARTESIAN_POINT( '', ( -0.0247907583145676, -0.00770000000001000, -0.00692500000001001 ) );
#2600 = VECTOR( '', #3073, 1.00000000000000 );
#2601 = CARTESIAN_POINT( '', ( -0.0205670832943661, -0.00470000000000999, -0.00692500000001000 ) );
#2602 = VECTOR( '', #3074, 1.00000000000000 );
#2603 = COLOUR_RGB( '', 0.752941191200000, 0.752941191200000, 0.752941191200000 );
#2604 = CARTESIAN_POINT( '', ( -0.0143000000000100, -0.00620000000001000, 1.00011389215232E-14 ) );
#2605 = AXIS2_PLACEMENT_3D( '', #3075, #3076, #3077 );
#2606 = COLOUR_RGB( '', 0.878431379800000, 0.792156875100000, 0.607843160600000 );
#2607 = CARTESIAN_POINT( '', ( -0.0152000000000000, -0.00730000000000000, -0.00150000000000000 ) );
#2608 = CARTESIAN_POINT( '', ( -0.0158000000000000, -0.00730000000000000, -0.00150000000000000 ) );
#2609 = CARTESIAN_POINT( '', ( -0.0152000000000100, -0.00730000000001000, -0.00150000000001000 ) );
#2610 = VECTOR( '', #3078, 1.00000000000000 );
#2611 = CARTESIAN_POINT( '', ( -0.0152000000000100, -0.00730000000001000, 0.00150000000001000 ) );
#2612 = VECTOR( '', #3079, 1.00000000000000 );
#2613 = CARTESIAN_POINT( '', ( -0.0158000000000000, -0.00730000000000000, 0.00225000000000000 ) );
#2614 = CARTESIAN_POINT( '', ( -0.0158000000000100, -0.00730000000001000, 0.00346250000001000 ) );
#2615 = VECTOR( '', #3080, 1.00000000000000 );
#2616 = CARTESIAN_POINT( '', ( -0.0178000000000000, -0.00730000000000000, 0.00225000000000000 ) );
#2617 = CARTESIAN_POINT( '', ( -0.0158000000000100, -0.00730000000001000, 0.00225000000001000 ) );
#2618 = VECTOR( '', #3081, 1.00000000000000 );
#2619 = CARTESIAN_POINT( '', ( -0.0178000000000000, -0.00730000000000000, -0.00225000000000000 ) );
#2620 = CARTESIAN_POINT( '', ( -0.0178000000000100, -0.00730000000001000, 0.00225000000001000 ) );
#2621 = VECTOR( '', #3082, 1.00000000000000 );
#2622 = CARTESIAN_POINT( '', ( -0.0158000000000000, -0.00730000000000000, -0.00225000000000000 ) );
#2623 = CARTESIAN_POINT( '', ( -0.0178000000000100, -0.00730000000001000, -0.00225000000001000 ) );
#2624 = VECTOR( '', #3083, 1.00000000000000 );
#2625 = CARTESIAN_POINT( '', ( -0.0158000000000100, -0.00730000000001000, 0.00346250000001000 ) );
#2626 = VECTOR( '', #3084, 1.00000000000000 );
#2627 = COLOUR_RGB( '', 0.752941191200000, 0.752941191200000, 0.752941191200000 );
#2628 = CARTESIAN_POINT( '', ( -0.0204972609948729, -5.55111512312578E-19, 0.00670000000000000 ) );
#2629 = CARTESIAN_POINT( '', ( -0.0204972609948729, -0.00470000000000000, 0.00670000000000000 ) );
#2630 = CARTESIAN_POINT( '', ( -0.0204972609948829, -0.00235000000001000, 0.00670000000001000 ) );
#2631 = VECTOR( '', #3085, 1.00000000000000 );
#2632 = CARTESIAN_POINT( '', ( -0.0158000000000100, -1.00008205133554E-14, 0.00670000000001000 ) );
#2633 = VECTOR( '', #3086, 1.00000000000000 );
#2634 = CARTESIAN_POINT( '', ( -0.0193529730884147, -0.00470000000001000, 0.00670000000001000 ) );
#2635 = VECTOR( '', #3087, 1.00000000000000 );
#2636 = COLOUR_RGB( '', 0.819607853900000, 0.670588254900000, 0.0392156877000000 );
#2637 = CARTESIAN_POINT( '', ( -0.0261367949192631, -0.0107000000000200, 0.00127000000000000 ) );
#2638 = AXIS2_PLACEMENT_3D( '', #3088, #3089, #3090 );
#2639 = COLOUR_RGB( '', 0.752941191200000, 0.752941191200000, 0.752941191200000 );
#2640 = CARTESIAN_POINT( '', ( -0.0293872609948829, 1.00011322032060E-14, 0.00670000000000000 ) );
#2641 = CARTESIAN_POINT( '', ( -0.0292571221090435, 5.68429672586262E-05, 0.00669957108370979 ) );
#2642 = CARTESIAN_POINT( '', ( -0.0290123852416290, 0.000163740837555025, 0.00669876447138502 ) );
#2643 = CARTESIAN_POINT( '', ( -0.0286629364568857, 0.000300873807751941, 0.00669356928468973 ) );
#2644 = CARTESIAN_POINT( '', ( -0.0282531252296539, 0.000442910634883856, 0.00668589323591211 ) );
#2645 = CARTESIAN_POINT( '', ( -0.0277825978533632, 0.000563235253977671, 0.00667650216886719 ) );
#2646 = CARTESIAN_POINT( '', ( -0.0270305730184111, 0.000638755269813340, 0.00666945142456445 ) );
#2647 = CARTESIAN_POINT( '', ( -0.0263098253108392, 0.000487424597008540, 0.00668377191460993 ) );
#2648 = CARTESIAN_POINT( '', ( -0.0256055709245048, 0.000230629081472189, 0.00669746980143580 ) );
#2649 = CARTESIAN_POINT( '', ( -0.0252609789614293, 8.14771162189193E-05, 0.00669910612624766 ) );
#2650 = CARTESIAN_POINT( '', ( -0.0250727390051371, 1.00011322032060E-14, 0.00670000000000000 ) );
#2651 = COLOUR_RGB( '', 0.819607853900000, 0.670588254900000, 0.0392156877000000 );
#2652 = COLOUR_RGB( '', 0.878431379800000, 0.792156875100000, 0.607843160600000 );
#2653 = CARTESIAN_POINT( '', ( -0.0178000000000100, -0.00770000000001000, 0.00225000000001000 ) );
#2654 = VECTOR( '', #3091, 1.00000000000000 );
#2655 = CARTESIAN_POINT( '', ( -0.0158000000000100, -0.00770000000001000, 0.00225000000001000 ) );
#2656 = VECTOR( '', #3092, 1.00000000000000 );
#2657 = COLOUR_RGB( '', 0.752941191200000, 0.752941191200000, 0.752941191200000 );
#2658 = CARTESIAN_POINT( '', ( -0.0158000000000100, -0.00470000000001000, 0.00692500000001000 ) );
#2659 = VECTOR( '', #3093, 1.00000000000000 );
#2660 = CARTESIAN_POINT( '', ( -0.0152000000000000, -0.00470000000000000, 0.00670000000000000 ) );
#2661 = CARTESIAN_POINT( '', ( -0.0152000000000100, -0.00470000000001000, 0.00670000000001000 ) );
#2662 = VECTOR( '', #3094, 1.00000000000000 );
#2663 = CARTESIAN_POINT( '', ( -0.0158000000000100, -0.00470000000001000, 0.00670000000001000 ) );
#2664 = VECTOR( '', #3095, 1.00000000000000 );
#2665 = COLOUR_RGB( '', 0.819607853900000, 0.670588254900000, 0.0392156877000000 );
#2666 = COLOUR_RGB( '', 0.752941191200000, 0.752941191200000, 0.752941191200000 );
#2667 = CARTESIAN_POINT( '', ( -0.0152000000000100, 0.00590000000001000, 0.000000000000000 ) );
#2668 = AXIS2_PLACEMENT_3D( '', #3096, #3097, #3098 );
#2669 = CARTESIAN_POINT( '', ( -0.0146000000000100, -0.00590000000001000, 1.00010838124172E-14 ) );
#2670 = AXIS2_PLACEMENT_3D( '', #3099, #3100, #3101 );
#2671 = COLOUR_RGB( '', 0.752941191200000, 0.752941191200000, 0.752941191200000 );
#2672 = CARTESIAN_POINT( '', ( -0.0298000000000000, -8.20513355428727E-19, 0.00670000000000000 ) );
#2673 = AXIS2_PLACEMENT_3D( '', #3102, #3103, #3104 );
#2674 = CARTESIAN_POINT( '', ( -0.0158000000000100, -1.00008205133554E-14, 0.00670000000001000 ) );
#2675 = VECTOR( '', #3105, 1.00000000000000 );
#2676 = CARTESIAN_POINT( '', ( -0.0161827390051271, -5.55111512312578E-19, 0.00670000000000000 ) );
#2677 = CARTESIAN_POINT( '', ( -0.0204972609948829, 1.00011322032060E-14, 0.00670000000000000 ) );
#2678 = CARTESIAN_POINT( '', ( -0.0203671221090435, 5.68429672586378E-05, 0.00669957108370979 ) );
#2679 = CARTESIAN_POINT( '', ( -0.0201223852416290, 0.000163740837555042, 0.00669876447138502 ) );
#2680 = CARTESIAN_POINT( '', ( -0.0197729364568856, 0.000300873807751994, 0.00669356928468972 ) );
#2681 = CARTESIAN_POINT( '', ( -0.0193631252296532, 0.000442910634884028, 0.00668589323591210 ) );
#2682 = CARTESIAN_POINT( '', ( -0.0188925978533626, 0.000563235253978308, 0.00667650216886714 ) );
#2683 = CARTESIAN_POINT( '', ( -0.0181405730184104, 0.000638755269812791, 0.00666945142456449 ) );
#2684 = CARTESIAN_POINT( '', ( -0.0174198253108306, 0.000487424597007805, 0.00668377191461006 ) );
#2685 = CARTESIAN_POINT( '', ( -0.0167155709244977, 0.000230629081467283, 0.00669746980143600 ) );
#2686 = CARTESIAN_POINT( '', ( -0.0163709789614218, 8.14771162150402E-05, 0.00669910612624775 ) );
#2687 = CARTESIAN_POINT( '', ( -0.0161827390051371, 1.00011322032060E-14, 0.00670000000000000 ) );
#2688 = CARTESIAN_POINT( '', ( -0.0152000000000000, -8.20513355428727E-19, 0.00670000000000000 ) );
#2689 = CARTESIAN_POINT( '', ( -0.0158000000000100, -1.00008205133554E-14, 0.00670000000001000 ) );
#2690 = VECTOR( '', #3106, 1.00000000000000 );
#2691 = CARTESIAN_POINT( '', ( -0.0152000000000000, 0.000000000000000, -0.00670000000000000 ) );
#2692 = AXIS2_PLACEMENT_3D( '', #3107, #3108, #3109 );
#2693 = CARTESIAN_POINT( '', ( -0.0158000000000100, 0.000000000000000, -0.00670000000001000 ) );
#2694 = VECTOR( '', #3110, 1.00000000000000 );
#2695 = CARTESIAN_POINT( '', ( -0.0161827390051371, 0.000000000000000, -0.00670000000000000 ) );
#2696 = CARTESIAN_POINT( '', ( -0.0163112362918962, 5.61001418517729E-05, -0.00669958098624313 ) );
#2697 = CARTESIAN_POINT( '', ( -0.0165543298902977, 0.000162231451683630, -0.00669878828808967 ) );
#2698 = CARTESIAN_POINT( '', ( -0.0169040449295262, 0.000299111311099726, -0.00669365771203519 ) );
#2699 = CARTESIAN_POINT( '', ( -0.0174794090097277, 0.000499325521173151, -0.00668284793291664 ) );
#2700 = CARTESIAN_POINT( '', ( -0.0183400299895996, 0.000680174168286299, -0.00666539517400139 ) );
#2701 = CARTESIAN_POINT( '', ( -0.0192602027446825, 0.000487463738243260, -0.00668378359557488 ) );
#2702 = CARTESIAN_POINT( '', ( -0.0199644585670628, 0.000230596123694522, -0.00669746841858658 ) );
#2703 = CARTESIAN_POINT( '', ( -0.0203090561958130, 8.14547660824104E-05, -0.00669910575525492 ) );
#2704 = CARTESIAN_POINT( '', ( -0.0204972609948829, 0.000000000000000, -0.00670000000000000 ) );
#2705 = CARTESIAN_POINT( '', ( -0.0250727390051271, 0.000000000000000, -0.00670000000000000 ) );
#2706 = CARTESIAN_POINT( '', ( -0.0158000000000100, 0.000000000000000, -0.00670000000001000 ) );
#2707 = VECTOR( '', #3111, 1.00000000000000 );
#2708 = CARTESIAN_POINT( '', ( -0.0250727390051371, 0.000000000000000, -0.00670000000000000 ) );
#2709 = CARTESIAN_POINT( '', ( -0.0252012362919187, 5.61001418588135E-05, -0.00669958098624304 ) );
#2710 = CARTESIAN_POINT( '', ( -0.0254443298903437, 0.000162231451695611, -0.00669878828808947 ) );
#2711 = CARTESIAN_POINT( '', ( -0.0257940449295712, 0.000299111311113539, -0.00669365771203452 ) );
#2712 = CARTESIAN_POINT( '', ( -0.0263694090097505, 0.000499325521180738, -0.00668284793291600 ) );
#2713 = CARTESIAN_POINT( '', ( -0.0272300299895979, 0.000680174168280155, -0.00666539517400166 ) );
#2714 = CARTESIAN_POINT( '', ( -0.0281502027445982, 0.000487463738276769, -0.00668378359557248 ) );
#2715 = CARTESIAN_POINT( '', ( -0.0288544585669702, 0.000230596123705535, -0.00669746841858599 ) );
#2716 = CARTESIAN_POINT( '', ( -0.0291990561957268, 8.14547661094505E-05, -0.00669910575525446 ) );
#2717 = CARTESIAN_POINT( '', ( -0.0293872609948829, 0.000000000000000, -0.00670000000000000 ) );
#2718 = AXIS2_PLACEMENT_3D( '', #3112, #3113, #3114 );
#2719 = COLOUR_RGB( '', 0.752941191200000, 0.752941191200000, 0.752941191200000 );
#2720 = AXIS2_PLACEMENT_3D( '', #3115, #3116, #3117 );
#2721 = COLOUR_RGB( '', 0.878431379800000, 0.792156875100000, 0.607843160600000 );
#2722 = AXIS2_PLACEMENT_3D( '', #3118, #3119, #3120 );
#2723 = COLOUR_RGB( '', 0.878431379800000, 0.792156875100000, 0.607843160600000 );
#2724 = CARTESIAN_POINT( '', ( -0.0193529730884147, -0.00470000000000999, -0.00670000000001000 ) );
#2725 = VECTOR( '', #3121, 1.00000000000000 );
#2726 = CARTESIAN_POINT( '', ( -0.0162492214124779, -0.00469999999999999, -0.00706642857142857 ) );
#2727 = AXIS2_PLACEMENT_3D( '', #3122, #3123, #3124 );
#2728 = AXIS2_PLACEMENT_3D( '', #3125, #3126, #3127 );
#2729 = AXIS2_PLACEMENT_3D( '', #3128, #3129, #3130 );
#2730 = AXIS2_PLACEMENT_3D( '', #3131, #3132, #3133 );
#2731 = CARTESIAN_POINT( '', ( -0.0247907583145576, -0.00470000000000000, 0.00692500000000000 ) );
#2732 = AXIS2_PLACEMENT_3D( '', #3134, #3135, #3136 );
#2733 = CARTESIAN_POINT( '', ( -0.0207792416854424, -0.00470000000000000, 0.00692500000000000 ) );
#2734 = CARTESIAN_POINT( '', ( -0.0250029167056539, -0.00470000000001000, 0.00692500000001000 ) );
#2735 = VECTOR( '', #3137, 1.00000000000000 );
#2736 = AXIS2_PLACEMENT_3D( '', #3138, #3139, #3140 );
#2737 = AXIS2_PLACEMENT_3D( '', #3141, #3142, #3143 );
#2738 = CARTESIAN_POINT( '', ( -0.0161827390051271, -0.00470000000000000, 0.00670000000000000 ) );
#2739 = CARTESIAN_POINT( '', ( -0.0193529730884147, -0.00470000000001000, 0.00670000000001000 ) );
#2740 = VECTOR( '', #3144, 1.00000000000000 );
#2741 = AXIS2_PLACEMENT_3D( '', #3145, #3146, #3147 );
#2742 = CARTESIAN_POINT( '', ( -0.0298000000000000, -0.00470000000000000, 0.00670000000000000 ) );
#2743 = CARTESIAN_POINT( '', ( -0.0193529730884147, -0.00470000000001000, 0.00670000000001000 ) );
#2744 = VECTOR( '', #3148, 1.00000000000000 );
#2745 = CARTESIAN_POINT( '', ( -0.0298000000000100, -0.00470000000001000, -1.00010810295052E-14 ) );
#2746 = VECTOR( '', #3149, 1.00000000000000 );
#2747 = CARTESIAN_POINT( '', ( -0.0250727390051271, -0.00470000000000000, -0.00670000000000000 ) );
#2748 = AXIS2_PLACEMENT_3D( '', #3150, #3151, #3152 );
#2749 = CARTESIAN_POINT( '', ( -0.0193529730884147, -0.00470000000000999, -0.00670000000001000 ) );
#2750 = VECTOR( '', #3153, 1.00000000000000 );
#2751 = COLOUR_RGB( '', 0.878431379800000, 0.792156875100000, 0.607843160600000 );
#2752 = COLOUR_RGB( '', 0.674509823300000, 0.529411792800000, 0.0901960805000000 );
#2753 = CARTESIAN_POINT( '', ( -0.0275800000000200, -0.0104000000000200, 0.00571500000001998 ) );
#2754 = AXIS2_PLACEMENT_3D( '', #3154, #3155, #3156 );
#2755 = CARTESIAN_POINT( '', ( -0.0274067949192631, -0.0107000000000200, 0.00571500000001998 ) );
#2756 = AXIS2_PLACEMENT_3D( '', #3157, #3158, #3159 );
#2757 = COLOUR_RGB( '', 0.819607853900000, 0.670588254900000, 0.0392156877000000 );
#2758 = COLOUR_RGB( '', 0.878431379800000, 0.792156875100000, 0.607843160600000 );
#2759 = CARTESIAN_POINT( '', ( -0.0162492214124879, -0.00770000000000999, -0.00706642857143857 ) );
#2760 = VECTOR( '', #3160, 1.00000000000000 );
#2761 = COLOUR_RGB( '', 0.752941191200000, 0.752941191200000, 0.752941191200000 );
#2762 = CARTESIAN_POINT( '', ( -0.0152000000000100, -0.00470000000001000, -0.00670000000001000 ) );
#2763 = VECTOR( '', #3161, 1.00000000000000 );
#2764 = COLOUR_RGB( '', 0.752941191200000, 0.752941191200000, 0.752941191200000 );
#2765 = CARTESIAN_POINT( '', ( -0.0158000000000000, -0.00670000000000000, -0.00180000000000000 ) );
#2766 = CARTESIAN_POINT( '', ( -0.0158000000000000, -0.00669999999999999, -0.00150000000000000 ) );
#2767 = CARTESIAN_POINT( '', ( -0.0158000000000100, -0.00670000000001000, 0.00256250000001000 ) );
#2768 = VECTOR( '', #3162, 1.00000000000000 );
#2769 = CARTESIAN_POINT( '', ( -0.0152000000000000, -0.00670000000000000, -0.00180000000000000 ) );
#2770 = CARTESIAN_POINT( '', ( -0.0152000000000100, -0.00670000000001000, -0.00180000000001000 ) );
#2771 = VECTOR( '', #3163, 1.00000000000000 );
#2772 = CARTESIAN_POINT( '', ( -0.0152000000000000, -0.00670000000000000, -0.00150000000000000 ) );
#2773 = CARTESIAN_POINT( '', ( -0.0152000000000100, -0.00670000000001000, 0.00180000000001000 ) );
#2774 = VECTOR( '', #3164, 1.00000000000000 );
#2775 = CARTESIAN_POINT( '', ( -0.0152000000000100, -0.00670000000001000, -0.00150000000001000 ) );
#2776 = VECTOR( '', #3165, 1.00000000000000 );
#2777 = COLOUR_RGB( '', 0.878431379800000, 0.792156875100000, 0.607843160600000 );
#2778 = CARTESIAN_POINT( '', ( -0.0207792416854524, -0.00770000000001000, 0.00692500000001000 ) );
#2779 = VECTOR( '', #3166, 1.00000000000000 );
#2780 = COLOUR_RGB( '', 0.674509823300000, 0.529411792800000, 0.0901960805000000 );
#2781 = COLOUR_RGB( '', 0.752941191200000, 0.752941191200000, 0.752941191200000 );
#2782 = CARTESIAN_POINT( '', ( -0.0158000000000100, -0.00770000000001000, -0.00150000000001000 ) );
#2783 = VECTOR( '', #3167, 1.00000000000000 );
#2784 = CARTESIAN_POINT( '', ( -0.0152000000000100, -0.00730000000001000, -0.00150000000001000 ) );
#2785 = VECTOR( '', #3168, 1.00000000000000 );
#2786 = COLOUR_RGB( '', 0.674509823300000, 0.529411792800000, 0.0901960805000000 );
#2787 = COLOUR_RGB( '', 0.752941191200000, 0.752941191200000, 0.752941191200000 );
#2788 = AXIS2_PLACEMENT_3D( '', #3169, #3170, #3171 );
#2789 = CARTESIAN_POINT( '', ( -0.0250727390051371, -0.00235000000001000, -0.00670000000001000 ) );
#2790 = VECTOR( '', #3172, 1.00000000000000 );
#2791 = COLOUR_RGB( '', 0.819607853900000, 0.670588254900000, 0.0392156877000000 );
#2792 = CARTESIAN_POINT( '', ( -0.0263100000000200, -0.0104000000000000, -0.00127000000002000 ) );
#2793 = AXIS2_PLACEMENT_3D( '', #3173, #3174, #3175 );
#2794 = CARTESIAN_POINT( '', ( -0.0261367949192631, -0.0107000000000200, -0.00127000000002000 ) );
#2795 = AXIS2_PLACEMENT_3D( '', #3176, #3177, #3178 );
#2796 = COLOUR_RGB( '', 0.674509823300000, 0.529411792800000, 0.0901960805000000 );
#2797 = COLOUR_RGB( '', 0.752941191200000, 0.752941191200000, 0.752941191200000 );
#2798 = AXIS2_PLACEMENT_3D( '', #3179, #3180, #3181 );
#2799 = AXIS2_PLACEMENT_3D( '', #3182, #3183, #3184 );
#2800 = COLOUR_RGB( '', 0.878431379800000, 0.792156875100000, 0.607843160600000 );
#2801 = COLOUR_RGB( '', 0.752941191200000, 0.752941191200000, 0.752941191200000 );
#2802 = CARTESIAN_POINT( '', ( -0.0161827390051371, -0.00235000000001000, 0.00670000000001000 ) );
#2803 = VECTOR( '', #3185, 1.00000000000000 );
#2804 = CARTESIAN_POINT( '', ( -0.0152000000000100, -1.00008205133554E-14, 0.00670000000001000 ) );
#2805 = VECTOR( '', #3186, 1.00000000000000 );
#2806 = COLOUR_RGB( '', 0.878431379800000, 0.792156875100000, 0.607843160600000 );
#2807 = CARTESIAN_POINT( '', ( -0.0178000000000100, -0.00770000000001000, -0.00225000000001000 ) );
#2808 = VECTOR( '', #3187, 1.00000000000000 );
#2809 = COLOUR_RGB( '', 0.674509823300000, 0.529411792800000, 0.0901960805000000 );
#2810 = CARTESIAN_POINT( '', ( -0.0275800000000200, -0.0104000000000200, -0.00571500000000002 ) );
#2811 = AXIS2_PLACEMENT_3D( '', #3188, #3189, #3190 );
#2812 = CARTESIAN_POINT( '', ( -0.0274067949192631, -0.0107000000000200, -0.00571500000000002 ) );
#2813 = AXIS2_PLACEMENT_3D( '', #3191, #3192, #3193 );
#2814 = COLOUR_RGB( '', 0.674509823300000, 0.529411792800000, 0.0901960805000000 );
#2815 = COLOUR_RGB( '', 0.752941191200000, 0.752941191200000, 0.752941191200000 );
#2816 = CARTESIAN_POINT( '', ( -0.0298000000000100, -1.00008205133554E-14, 0.00670000000001000 ) );
#2817 = VECTOR( '', #3194, 1.00000000000000 );
#2818 = COLOUR_RGB( '', 0.819607853900000, 0.670588254900000, 0.0392156877000000 );
#2819 = COLOUR_RGB( '', 0.819607853900000, 0.670588254900000, 0.0392156877000000 );
#2820 = COLOUR_RGB( '', 0.819607853900000, 0.670588254900000, 0.0392156877000000 );
#2821 = COLOUR_RGB( '', 0.752941191200000, 0.752941191200000, 0.752941191200000 );
#2822 = COLOUR_RGB( '', 0.878431379800000, 0.792156875100000, 0.607843160600000 );
#2823 = CARTESIAN_POINT( '', ( -0.0247907583145676, -0.00770000000001000, 0.00692500000001000 ) );
#2824 = VECTOR( '', #3195, 1.00000000000000 );
#2825 = COLOUR_RGB( '', 0.752941191200000, 0.752941191200000, 0.752941191200000 );
#2826 = COLOUR_RGB( '', 0.752941191200000, 0.752941191200000, 0.752941191200000 );
#2827 = COLOUR_RGB( '', 0.752941191200000, 0.752941191200000, 0.752941191200000 );
#2828 = COLOUR_RGB( '', 0.819607853900000, 0.670588254900000, 0.0392156877000000 );
#2829 = COLOUR_RGB( '', 0.878431379800000, 0.792156875100000, 0.607843160600000 );
#2830 = COLOUR_RGB( '', 0.674509823300000, 0.529411792800000, 0.0901960805000000 );
#2831 = COLOUR_RGB( '', 0.752941191200000, 0.752941191200000, 0.752941191200000 );
#2832 = COLOUR_RGB( '', 0.752941191200000, 0.752941191200000, 0.752941191200000 );
#2833 = COLOUR_RGB( '', 0.819607853900000, 0.670588254900000, 0.0392156877000000 );
#2834 = COLOUR_RGB( '', 0.878431379800000, 0.792156875100000, 0.607843160600000 );
#2835 = CARTESIAN_POINT( '', ( -0.0158000000000100, -0.00770000000001000, -0.00225000000001000 ) );
#2836 = VECTOR( '', #3196, 1.00000000000000 );
#2837 = COLOUR_RGB( '', 0.878431379800000, 0.792156875100000, 0.607843160600000 );
#2838 = COLOUR_RGB( '', 0.752941191200000, 0.752941191200000, 0.752941191200000 );
#2839 = COLOUR_RGB( '', 0.878431379800000, 0.792156875100000, 0.607843160600000 );
#2840 = COLOUR_RGB( '', 0.674509823300000, 0.529411792800000, 0.0901960805000000 );
#2841 = COLOUR_RGB( '', 0.878431379800000, 0.792156875100000, 0.607843160600000 );
#2842 = COLOUR_RGB( '', 0.819607853900000, 0.670588254900000, 0.0392156877000000 );
#2843 = COLOUR_RGB( '', 0.878431379800000, 0.792156875100000, 0.607843160600000 );
#2844 = COLOUR_RGB( '', 0.674509823300000, 0.529411792800000, 0.0901960805000000 );
#2845 = COLOUR_RGB( '', 0.752941191200000, 0.752941191200000, 0.752941191200000 );
#2846 = COLOUR_RGB( '', 0.674509823300000, 0.529411792800000, 0.0901960805000000 );
#2847 = CARTESIAN_POINT( '', ( -0.0183400000000100, -0.0104000000000100, -0.00571500000001002 ) );
#2848 = DIRECTION( '', ( 0.000000000000000, -1.00000000000000, 0.000000000000000 ) );
#2849 = DIRECTION( '', ( -1.00000000000000, 0.000000000000000, 0.000000000000000 ) );
#2850 = CARTESIAN_POINT( '', ( -0.0183400000000100, -0.0107000000000100, -0.00571500000001002 ) );
#2851 = DIRECTION( '', ( 0.000000000000000, 1.00000000000000, 0.000000000000000 ) );
#2852 = DIRECTION( '', ( -1.00000000000000, 0.000000000000000, 0.000000000000000 ) );
#2853 = DIRECTION( '', ( 0.000000000000000, -1.00000000000000, 0.000000000000000 ) );
#2854 = DIRECTION( '', ( -7.77599702107819E-13, -7.77483559025587E-13, 1.00000000000000 ) );
#2855 = DIRECTION( '', ( 0.000000000000000, 1.00000000000000, 0.000000000000000 ) );
#2856 = DIRECTION( '', ( -7.77599702107819E-13, -7.77483559025587E-13, 1.00000000000000 ) );
#2857 = CARTESIAN_POINT( '', ( 0.000000000000000, 0.000000000000000, 0.000000000000000 ) );
#2858 = DIRECTION( '', ( -1.00000000000000, 0.000000000000000, 0.000000000000000 ) );
#2859 = DIRECTION( '', ( 0.000000000000000, -1.00000000000000, 0.000000000000000 ) );
#2860 = CARTESIAN_POINT( '', ( -0.0234200000000100, -0.0104000000000100, 0.00127000000001000 ) );
#2861 = DIRECTION( '', ( 0.000000000000000, -1.00000000000000, 0.000000000000000 ) );
#2862 = DIRECTION( '', ( -1.00000000000000, 0.000000000000000, 0.000000000000000 ) );
#2863 = CARTESIAN_POINT( '', ( -0.0234200000000100, -0.0107000000000100, 0.00127000000001000 ) );
#2864 = DIRECTION( '', ( 0.000000000000000, 1.00000000000000, 0.000000000000000 ) );
#2865 = DIRECTION( '', ( -1.00000000000000, 0.000000000000000, 0.000000000000000 ) );
#2866 = DIRECTION( '', ( 0.000000000000000, 1.00000000000000, 0.000000000000000 ) );
#2867 = CARTESIAN_POINT( '', ( -0.0163000000000100, -0.00470000000001000, 0.00650815427874328 ) );
#2868 = DIRECTION( '', ( 0.000000000000000, -1.00000000000000, 0.000000000000000 ) );
#2869 = DIRECTION( '', ( -1.00000000000000, 0.000000000000000, 0.000000000000000 ) );
#2870 = CARTESIAN_POINT( '', ( -0.0163000000000100, -0.00470000000001000, 0.00650815427874328 ) );
#2871 = DIRECTION( '', ( 0.000000000000000, -1.00000000000000, 0.000000000000000 ) );
#2872 = DIRECTION( '', ( -1.00000000000000, 0.000000000000000, 0.000000000000000 ) );
#2873 = DIRECTION( '', ( 0.000000000000000, -1.00000000000000, 0.000000000000000 ) );
#2874 = CARTESIAN_POINT( '', ( -0.0163000000000100, -0.00770000000001000, 0.00650815427874328 ) );
#2875 = DIRECTION( '', ( 0.000000000000000, 1.00000000000000, 0.000000000000000 ) );
#2876 = DIRECTION( '', ( -1.00000000000000, 0.000000000000000, 0.000000000000000 ) );
#2877 = CARTESIAN_POINT( '', ( -0.0285000000000100, -0.0104000000000100, -0.00127000000001000 ) );
#2878 = DIRECTION( '', ( 0.000000000000000, -1.00000000000000, 0.000000000000000 ) );
#2879 = DIRECTION( '', ( -1.00000000000000, 0.000000000000000, 0.000000000000000 ) );
#2880 = CARTESIAN_POINT( '', ( -0.0285000000000100, -0.0107000000000100, -0.00127000000001000 ) );
#2881 = DIRECTION( '', ( 0.000000000000000, 1.00000000000000, 0.000000000000000 ) );
#2882 = DIRECTION( '', ( -1.00000000000000, 0.000000000000000, 0.000000000000000 ) );
#2883 = DIRECTION( '', ( 0.000000000000000, 1.00000000000000, 0.000000000000000 ) );
#2884 = CARTESIAN_POINT( '', ( -0.0295000000000100, -0.00470000000001000, 0.00643942542043288 ) );
#2885 = DIRECTION( '', ( 0.000000000000000, -1.00000000000000, 0.000000000000000 ) );
#2886 = DIRECTION( '', ( 1.00000000000000, 0.000000000000000, 0.000000000000000 ) );
#2887 = CARTESIAN_POINT( '', ( -0.0295000000000100, -0.00770000000001000, 0.00643942542043288 ) );
#2888 = DIRECTION( '', ( 0.000000000000000, 1.00000000000000, 0.000000000000000 ) );
#2889 = DIRECTION( '', ( 1.00000000000000, 0.000000000000000, 0.000000000000000 ) );
#2890 = CARTESIAN_POINT( '', ( -0.0234200000000100, -0.00770000000001000, 0.00127000000001000 ) );
#2891 = DIRECTION( '', ( 0.000000000000000, 1.00000000000000, 0.000000000000000 ) );
#2892 = DIRECTION( '', ( -1.00000000000000, 0.000000000000000, 0.000000000000000 ) );
#2893 = DIRECTION( '', ( 0.000000000000000, 1.00000000000000, 0.000000000000000 ) );
#2894 = CARTESIAN_POINT( '', ( -0.0207792416854524, -0.00470000000000999, -0.00742500000001000 ) );
#2895 = DIRECTION( '', ( 0.000000000000000, 1.00000000000000, 0.000000000000000 ) );
#2896 = DIRECTION( '', ( 0.376069902327008, 0.000000000000000, 0.926591295320517 ) );
#2897 = DIRECTION( '', ( 0.000000000000000, -1.00000000000000, 0.000000000000000 ) );
#2898 = CARTESIAN_POINT( '', ( -0.0207792416854524, -0.00770000000000999, -0.00742500000001001 ) );
#2899 = DIRECTION( '', ( 0.000000000000000, -1.00000000000000, 0.000000000000000 ) );
#2900 = DIRECTION( '', ( 0.376069902327008, 0.000000000000000, 0.926591295320517 ) );
#2901 = DIRECTION( '', ( 0.000000000000000, 1.00000000000000, 0.000000000000000 ) );
#2902 = DIRECTION( '', ( 1.00000000000000, 0.000000000000000, 0.000000000000000 ) );
#2903 = DIRECTION( '', ( 0.000000000000000, -1.00000000000000, 0.000000000000000 ) );
#2904 = DIRECTION( '', ( 1.00000000000000, 0.000000000000000, 0.000000000000000 ) );
#2905 = CARTESIAN_POINT( '', ( -0.0307000000000100, 0.000000000000000, 1.00009123618654E-14 ) );
#2906 = DIRECTION( '', ( 0.707106781186547, -0.707106781186548, 0.000000000000000 ) );
#2907 = DIRECTION( '', ( 0.707106781186548, 0.707106781186547, 0.000000000000000 ) );
#2908 = DIRECTION( '', ( -7.53155273750361E-13, 0.000000000000000, -1.00000000000000 ) );
#2909 = DIRECTION( '', ( 0.000000000000000, 1.00000000000000, 0.000000000000000 ) );
#2910 = DIRECTION( '', ( -1.00000000000000, 0.000000000000000, 0.000000000000000 ) );
#2911 = DIRECTION( '', ( 0.000000000000000, -1.00000000000000, 0.000000000000000 ) );
#2912 = DIRECTION( '', ( 1.00000000000000, 0.000000000000000, 0.000000000000000 ) );
#2913 = DIRECTION( '', ( 0.000000000000000, 0.000000000000000, 1.00000000000000 ) );
#2914 = DIRECTION( '', ( 0.000000000000000, 0.000000000000000, -1.00000000000000 ) );
#2915 = DIRECTION( '', ( -1.00000000000000, 0.000000000000000, 0.000000000000000 ) );
#2916 = DIRECTION( '', ( 0.000000000000000, -1.00000000000000, 0.000000000000000 ) );
#2917 = CARTESIAN_POINT( '', ( -0.0272300000000100, -0.00470000000001000, -0.00491500000001001 ) );
#2918 = DIRECTION( '', ( -2.41270103701272E-13, 1.00000000000000, 0.000000000000000 ) );
#2919 = DIRECTION( '', ( 0.742361098118538, 0.000000000000000, -0.670000000000178 ) );
#2920 = DIRECTION( '', ( 0.000000000000000, 1.00000000000000, 0.000000000000000 ) );
#2921 = CARTESIAN_POINT( '', ( -0.0272300000000100, -0.00770000000001000, -0.00491500000001001 ) );
#2922 = DIRECTION( '', ( -2.41270103701272E-13, 1.00000000000000, 0.000000000000000 ) );
#2923 = DIRECTION( '', ( 0.742361098118538, 0.000000000000000, -0.670000000000178 ) );
#2924 = CARTESIAN_POINT( '', ( -0.0158000000000100, -0.00450000000000999, 0.00180000000001000 ) );
#2925 = DIRECTION( '', ( -1.00000000000000, 0.000000000000000, 0.000000000000000 ) );
#2926 = DIRECTION( '', ( 0.000000000000000, -0.0909090909131883, 0.995859195463564 ) );
#2927 = CARTESIAN_POINT( '', ( -0.0152000000000100, -0.00450000000001000, 0.00180000000001000 ) );
#2928 = DIRECTION( '', ( 1.00000000000000, 0.000000000000000, 0.000000000000000 ) );
#2929 = DIRECTION( '', ( 0.000000000000000, -0.0909090909131860, 0.995859195463564 ) );
#2930 = DIRECTION( '', ( 1.00000000000000, 0.000000000000000, 0.000000000000000 ) );
#2931 = CARTESIAN_POINT( '', ( -0.0143000000000100, 0.000000000000000, 0.000000000000000 ) );
#2932 = DIRECTION( '', ( 1.00000000000000, 0.000000000000000, 0.000000000000000 ) );
#2933 = DIRECTION( '', ( 0.000000000000000, -1.00000000000000, 0.000000000000000 ) );
#2934 = CARTESIAN_POINT( '', ( -0.0140000000000100, 0.000000000000000, 0.000000000000000 ) );
#2935 = DIRECTION( '', ( -1.00000000000000, 0.000000000000000, 0.000000000000000 ) );
#2936 = DIRECTION( '', ( 0.000000000000000, -1.00000000000000, 0.000000000000000 ) );
#2937 = DIRECTION( '', ( 0.000000000000000, -1.00000000000000, 0.000000000000000 ) );
#2938 = CARTESIAN_POINT( '', ( -0.0272300000000100, -0.00470000000001000, 0.00491500000000999 ) );
#2939 = DIRECTION( '', ( -2.41270103701256E-13, 1.00000000000000, 0.000000000000000 ) );
#2940 = DIRECTION( '', ( -0.742361098118536, 0.000000000000000, 0.670000000000181 ) );
#2941 = DIRECTION( '', ( 0.000000000000000, 1.00000000000000, 0.000000000000000 ) );
#2942 = CARTESIAN_POINT( '', ( -0.0272300000000100, -0.00770000000001000, 0.00491500000000999 ) );
#2943 = DIRECTION( '', ( -2.41270103701256E-13, 1.00000000000000, 0.000000000000000 ) );
#2944 = DIRECTION( '', ( -0.742361098118536, 0.000000000000000, 0.670000000000181 ) );
#2945 = CARTESIAN_POINT( '', ( -0.0295000000000100, -0.00770000000001000, -0.00642500000001000 ) );
#2946 = DIRECTION( '', ( -6.64433078130735E-17, 1.00000000000000, 0.000000000000000 ) );
#2947 = DIRECTION( '', ( -0.707106781186549, 0.000000000000000, -0.707106781186546 ) );
#2948 = CARTESIAN_POINT( '', ( -0.0296873261516651, -0.00770000000001000, -0.00740729777202524 ) );
#2949 = DIRECTION( '', ( -1.99904273926048E-13, 1.00000000000000, 0.000000000000000 ) );
#2950 = DIRECTION( '', ( -0.702093186187305, 0.000000000000000, -0.712085077718497 ) );
#2951 = CARTESIAN_POINT( '', ( -0.0247907583145676, -0.00770000000001000, -0.00742500000001001 ) );
#2952 = DIRECTION( '', ( 0.000000000000000, -1.00000000000000, 0.000000000000000 ) );
#2953 = DIRECTION( '', ( -0.376069902327008, 0.000000000000000, 0.926591295320517 ) );
#2954 = DIRECTION( '', ( -1.00000000000000, 0.000000000000000, 0.000000000000000 ) );
#2955 = CARTESIAN_POINT( '', ( -0.0183400000000100, -0.00770000000001000, -0.00491500000001000 ) );
#2956 = DIRECTION( '', ( -2.41270103701270E-13, 1.00000000000000, 0.000000000000000 ) );
#2957 = DIRECTION( '', ( 0.742361098118538, 0.000000000000000, -0.670000000000178 ) );
#2958 = CARTESIAN_POINT( '', ( -0.0159007583145676, -0.00770000000000999, -0.00742500000001000 ) );
#2959 = DIRECTION( '', ( 0.000000000000000, -1.00000000000000, 0.000000000000000 ) );
#2960 = DIRECTION( '', ( -0.376069902327007, 0.000000000000000, 0.926591295320518 ) );
#2961 = CARTESIAN_POINT( '', ( -0.0163000000000100, -0.00770000000000999, -0.00650815427874328 ) );
#2962 = DIRECTION( '', ( 0.000000000000000, 1.00000000000000, 0.000000000000000 ) );
#2963 = DIRECTION( '', ( -1.00000000000000, 0.000000000000000, 0.000000000000000 ) );
#2964 = DIRECTION( '', ( 0.000000000000000, 0.000000000000000, -1.00000000000000 ) );
#2965 = DIRECTION( '', ( -1.00000000000000, 0.000000000000000, 0.000000000000000 ) );
#2966 = DIRECTION( '', ( 0.000000000000000, 0.000000000000000, 1.00000000000000 ) );
#2967 = DIRECTION( '', ( 1.00000000000000, 0.000000000000000, 0.000000000000000 ) );
#2968 = DIRECTION( '', ( 0.000000000000000, 0.000000000000000, -1.00000000000000 ) );
#2969 = CARTESIAN_POINT( '', ( -0.0159007583145676, -0.00770000000001000, 0.00742500000001000 ) );
#2970 = DIRECTION( '', ( 0.000000000000000, -1.00000000000000, 0.000000000000000 ) );
#2971 = DIRECTION( '', ( -0.376069902327006, 0.000000000000000, -0.926591295320518 ) );
#2972 = CARTESIAN_POINT( '', ( -0.0183400000000100, -0.00770000000001000, 0.00491500000001000 ) );
#2973 = DIRECTION( '', ( -2.41270103701259E-13, 1.00000000000000, 0.000000000000000 ) );
#2974 = DIRECTION( '', ( -0.742361098118536, 0.000000000000000, 0.670000000000180 ) );
#2975 = CARTESIAN_POINT( '', ( -0.0207792416854524, -0.00770000000001000, 0.00742500000001000 ) );
#2976 = DIRECTION( '', ( 0.000000000000000, -1.00000000000000, 0.000000000000000 ) );
#2977 = DIRECTION( '', ( 0.376069902327007, 0.000000000000000, -0.926591295320518 ) );
#2978 = DIRECTION( '', ( 1.00000000000000, 0.000000000000000, 0.000000000000000 ) );
#2979 = CARTESIAN_POINT( '', ( -0.0247907583145676, -0.00770000000001000, 0.00742500000001000 ) );
#2980 = DIRECTION( '', ( 0.000000000000000, -1.00000000000000, 0.000000000000000 ) );
#2981 = DIRECTION( '', ( -0.376069902327007, 0.000000000000000, -0.926591295320518 ) );
#2982 = CARTESIAN_POINT( '', ( -0.0296692416854524, -0.00770000000001000, 0.00742500000001000 ) );
#2983 = DIRECTION( '', ( 0.000000000000000, -1.00000000000000, 0.000000000000000 ) );
#2984 = DIRECTION( '', ( 0.376069902327003, 0.000000000000000, -0.926591295320520 ) );
#2985 = CARTESIAN_POINT( '', ( -0.0285000000000100, -0.00770000000001000, -0.00127000000001000 ) );
#2986 = DIRECTION( '', ( 0.000000000000000, 1.00000000000000, 0.000000000000000 ) );
#2987 = DIRECTION( '', ( -1.00000000000000, 0.000000000000000, 0.000000000000000 ) );
#2988 = CARTESIAN_POINT( '', ( -0.0285000000000100, -0.00770000000001000, 0.00127000000001000 ) );
#2989 = DIRECTION( '', ( 0.000000000000000, 1.00000000000000, 0.000000000000000 ) );
#2990 = DIRECTION( '', ( -1.00000000000000, 0.000000000000000, 0.000000000000000 ) );
#2991 = CARTESIAN_POINT( '', ( -0.0259600000000100, -0.00770000000001000, -0.00127000000001000 ) );
#2992 = DIRECTION( '', ( 0.000000000000000, 1.00000000000000, 0.000000000000000 ) );
#2993 = DIRECTION( '', ( -1.00000000000000, 0.000000000000000, 0.000000000000000 ) );
#2994 = CARTESIAN_POINT( '', ( -0.0259600000000100, -0.00770000000001000, 0.00127000000001000 ) );
#2995 = DIRECTION( '', ( 0.000000000000000, 1.00000000000000, 0.000000000000000 ) );
#2996 = DIRECTION( '', ( -1.00000000000000, 0.000000000000000, 0.000000000000000 ) );
#2997 = CARTESIAN_POINT( '', ( -0.0234200000000100, -0.00770000000001000, -0.00127000000001000 ) );
#2998 = DIRECTION( '', ( 0.000000000000000, 1.00000000000000, 0.000000000000000 ) );
#2999 = DIRECTION( '', ( -1.00000000000000, 0.000000000000000, 0.000000000000000 ) );
#3000 = CARTESIAN_POINT( '', ( -0.0272300000000100, -0.00770000000001000, 0.00571500000000998 ) );
#3001 = DIRECTION( '', ( 0.000000000000000, -1.00000000000000, 0.000000000000000 ) );
#3002 = DIRECTION( '', ( 1.00000000000000, 0.000000000000000, 0.000000000000000 ) );
#3003 = CARTESIAN_POINT( '', ( -0.0272300000000100, -0.00770000000001000, -0.00571500000001002 ) );
#3004 = DIRECTION( '', ( 0.000000000000000, -1.00000000000000, 0.000000000000000 ) );
#3005 = DIRECTION( '', ( 1.00000000000000, 0.000000000000000, 0.000000000000000 ) );
#3006 = CARTESIAN_POINT( '', ( -0.0183400000000100, -0.00770000000001000, 0.00571500000000998 ) );
#3007 = DIRECTION( '', ( 0.000000000000000, -1.00000000000000, 0.000000000000000 ) );
#3008 = DIRECTION( '', ( 1.00000000000000, 0.000000000000000, 0.000000000000000 ) );
#3009 = CARTESIAN_POINT( '', ( -0.0183400000000100, -0.00770000000000999, -0.00571500000001002 ) );
#3010 = DIRECTION( '', ( 0.000000000000000, -1.00000000000000, 0.000000000000000 ) );
#3011 = DIRECTION( '', ( 1.00000000000000, 0.000000000000000, 0.000000000000000 ) );
#3012 = CARTESIAN_POINT( '', ( -0.0285000000000100, -0.0104000000000100, 0.00127000000001000 ) );
#3013 = DIRECTION( '', ( 0.000000000000000, -1.00000000000000, 0.000000000000000 ) );
#3014 = DIRECTION( '', ( -1.00000000000000, 0.000000000000000, 0.000000000000000 ) );
#3015 = CARTESIAN_POINT( '', ( -0.0285000000000100, -0.0107000000000100, 0.00127000000001000 ) );
#3016 = DIRECTION( '', ( 0.000000000000000, 1.00000000000000, 0.000000000000000 ) );
#3017 = DIRECTION( '', ( -1.00000000000000, 0.000000000000000, 0.000000000000000 ) );
#3018 = DIRECTION( '', ( 0.000000000000000, -1.00000000000000, 0.000000000000000 ) );
#3019 = CARTESIAN_POINT( '', ( -0.0183400000000100, -0.00470000000001000, 0.00491500000001000 ) );
#3020 = DIRECTION( '', ( -2.41270103701259E-13, 1.00000000000000, 0.000000000000000 ) );
#3021 = DIRECTION( '', ( -0.742361098118536, 0.000000000000000, 0.670000000000180 ) );
#3022 = DIRECTION( '', ( 0.000000000000000, 1.00000000000000, 0.000000000000000 ) );
#3023 = DIRECTION( '', ( 0.000000000000000, 1.00000000000000, 0.000000000000000 ) );
#3024 = CARTESIAN_POINT( '', ( -0.0272300000000100, 1.00005551115123E-14, 0.00491500000001000 ) );
#3025 = DIRECTION( '', ( 1.27557915579622E-23, 1.00000000000000, 0.000000000000000 ) );
#3026 = DIRECTION( '', ( 1.00000000000000, -1.46936793852786E-39, 0.000000000000000 ) );
#3027 = DIRECTION( '', ( 0.000000000000000, -1.00000000000000, 0.000000000000000 ) );
#3028 = CARTESIAN_POINT( '', ( -0.0272300000000100, -0.00470000000001000, 0.00491500000001000 ) );
#3029 = DIRECTION( '', ( 0.000000000000000, -1.00000000000000, -1.27555580292502E-23 ) );
#3030 = DIRECTION( '', ( 0.000000000000000, -2.93873587705572E-39, 1.00000000000000 ) );
#3031 = CARTESIAN_POINT( '', ( -0.0234200000000100, -0.0104000000000100, -0.00127000000001000 ) );
#3032 = DIRECTION( '', ( 0.000000000000000, -1.00000000000000, 0.000000000000000 ) );
#3033 = DIRECTION( '', ( -1.00000000000000, 0.000000000000000, 0.000000000000000 ) );
#3034 = CARTESIAN_POINT( '', ( -0.0259600000000100, -0.0104000000000100, 0.00127000000001000 ) );
#3035 = DIRECTION( '', ( 0.000000000000000, -1.00000000000000, 0.000000000000000 ) );
#3036 = DIRECTION( '', ( -1.00000000000000, 0.000000000000000, 0.000000000000000 ) );
#3037 = CARTESIAN_POINT( '', ( -0.0163000000000100, -0.00470000000000999, -0.00650815427874328 ) );
#3038 = DIRECTION( '', ( 0.000000000000000, -1.00000000000000, 0.000000000000000 ) );
#3039 = DIRECTION( '', ( -1.00000000000000, 0.000000000000000, 0.000000000000000 ) );
#3040 = DIRECTION( '', ( 1.00000000000000, 0.000000000000000, 0.000000000000000 ) );
#3041 = DIRECTION( '', ( 0.000000000000000, 0.000000000000000, -1.00000000000000 ) );
#3042 = DIRECTION( '', ( -1.00000000000000, 0.000000000000000, 0.000000000000000 ) );
#3043 = DIRECTION( '', ( 0.000000000000000, 0.000000000000000, -1.00000000000000 ) );
#3044 = CARTESIAN_POINT( '', ( -0.0234200000000100, -0.0107000000000100, -0.00127000000001000 ) );
#3045 = DIRECTION( '', ( 0.000000000000000, 1.00000000000000, 0.000000000000000 ) );
#3046 = DIRECTION( '', ( -1.00000000000000, 0.000000000000000, 0.000000000000000 ) );
#3047 = CARTESIAN_POINT( '', ( -0.000500000000010000, 0.000000000000000, 0.000000000000000 ) );
#3048 = DIRECTION( '', ( 1.00000000000000, 0.000000000000000, 0.000000000000000 ) );
#3049 = DIRECTION( '', ( 0.000000000000000, -1.00000000000000, 0.000000000000000 ) );
#3050 = DIRECTION( '', ( 0.000000000000000, 1.00000000000000, 0.000000000000000 ) );
#3051 = CARTESIAN_POINT( '', ( -0.0183400000000100, 1.00005551115123E-14, -0.00491500000001000 ) );
#3052 = DIRECTION( '', ( 1.27557915579622E-23, 1.00000000000000, 0.000000000000000 ) );
#3053 = DIRECTION( '', ( 1.00000000000000, -1.46936793852786E-39, 0.000000000000000 ) );
#3054 = DIRECTION( '', ( 0.000000000000000, -1.00000000000000, 0.000000000000000 ) );
#3055 = CARTESIAN_POINT( '', ( -0.0183400000000100, -0.00470000000001000, -0.00491500000001000 ) );
#3056 = DIRECTION( '', ( 0.000000000000000, -1.00000000000000, -1.27555580292502E-23 ) );
#3057 = DIRECTION( '', ( 0.000000000000000, -2.93873587705572E-39, 1.00000000000000 ) );
#3058 = CARTESIAN_POINT( '', ( -0.0183400000000100, -0.0104000000000100, 0.00571500000000998 ) );
#3059 = DIRECTION( '', ( 0.000000000000000, -1.00000000000000, 0.000000000000000 ) );
#3060 = DIRECTION( '', ( -1.00000000000000, 0.000000000000000, 0.000000000000000 ) );
#3061 = CARTESIAN_POINT( '', ( -0.0183400000000100, -0.0107000000000100, 0.00571500000000998 ) );
#3062 = DIRECTION( '', ( 0.000000000000000, 1.00000000000000, 0.000000000000000 ) );
#3063 = DIRECTION( '', ( -1.00000000000000, 0.000000000000000, 0.000000000000000 ) );
#3064 = CARTESIAN_POINT( '', ( -0.0295000000000100, -0.00470000000001000, -0.00642500000001000 ) );
#3065 = DIRECTION( '', ( 6.64433078130735E-17, -1.00000000000000, 0.000000000000000 ) );
#3066 = DIRECTION( '', ( -0.707106781186549, 0.000000000000000, -0.707106781186546 ) );
#3067 = DIRECTION( '', ( 0.000000000000000, 1.00000000000000, 0.000000000000000 ) );
#3068 = DIRECTION( '', ( 0.000000000000000, 1.00000000000000, 0.000000000000000 ) );
#3069 = CARTESIAN_POINT( '', ( -0.0163000000000100, -0.00470000000000999, -0.00650815427874328 ) );
#3070 = DIRECTION( '', ( 0.000000000000000, -1.00000000000000, 0.000000000000000 ) );
#3071 = DIRECTION( '', ( -1.00000000000000, 0.000000000000000, 0.000000000000000 ) );
#3072 = DIRECTION( '', ( 0.000000000000000, -1.00000000000000, 0.000000000000000 ) );
#3073 = DIRECTION( '', ( 0.000000000000000, -1.00000000000000, 0.000000000000000 ) );
#3074 = DIRECTION( '', ( -1.00000000000000, 0.000000000000000, 0.000000000000000 ) );
#3075 = CARTESIAN_POINT( '', ( -0.0143000000000100, 0.000000000000000, 0.000000000000000 ) );
#3076 = DIRECTION( '', ( -1.00000000000000, 0.000000000000000, 0.000000000000000 ) );
#3077 = DIRECTION( '', ( 0.000000000000000, -1.00000000000000, 0.000000000000000 ) );
#3078 = DIRECTION( '', ( -1.00000000000000, 0.000000000000000, 0.000000000000000 ) );
#3079 = DIRECTION( '', ( 0.000000000000000, 0.000000000000000, -1.00000000000000 ) );
#3080 = DIRECTION( '', ( 0.000000000000000, 0.000000000000000, -1.00000000000000 ) );
#3081 = DIRECTION( '', ( 1.00000000000000, 0.000000000000000, 0.000000000000000 ) );
#3082 = DIRECTION( '', ( 0.000000000000000, 0.000000000000000, 1.00000000000000 ) );
#3083 = DIRECTION( '', ( -1.00000000000000, 0.000000000000000, 0.000000000000000 ) );
#3084 = DIRECTION( '', ( 0.000000000000000, 0.000000000000000, -1.00000000000000 ) );
#3085 = DIRECTION( '', ( 0.000000000000000, -1.00000000000000, 0.000000000000000 ) );
#3086 = DIRECTION( '', ( -1.00000000000000, 0.000000000000000, 0.000000000000000 ) );
#3087 = DIRECTION( '', ( -1.00000000000000, 0.000000000000000, 0.000000000000000 ) );
#3088 = CARTESIAN_POINT( '', ( -0.0259600000000100, -0.0107000000000100, 0.00127000000001000 ) );
#3089 = DIRECTION( '', ( 0.000000000000000, 1.00000000000000, 0.000000000000000 ) );
#3090 = DIRECTION( '', ( -1.00000000000000, 0.000000000000000, 0.000000000000000 ) );
#3091 = DIRECTION( '', ( 0.000000000000000, 1.00000000000000, 0.000000000000000 ) );
#3092 = DIRECTION( '', ( 0.000000000000000, 1.00000000000000, 0.000000000000000 ) );
#3093 = DIRECTION( '', ( 0.000000000000000, 0.000000000000000, -1.00000000000000 ) );
#3094 = DIRECTION( '', ( 0.000000000000000, 0.000000000000000, -1.00000000000000 ) );
#3095 = DIRECTION( '', ( 1.00000000000000, 0.000000000000000, 0.000000000000000 ) );
#3096 = CARTESIAN_POINT( '', ( -0.0152000000000100, 0.000000000000000, 0.000000000000000 ) );
#3097 = DIRECTION( '', ( 1.00000000000000, 0.000000000000000, 0.000000000000000 ) );
#3098 = DIRECTION( '', ( 0.000000000000000, 1.00000000000000, 0.000000000000000 ) );
#3099 = CARTESIAN_POINT( '', ( -0.0146000000000100, 0.000000000000000, 0.000000000000000 ) );
#3100 = DIRECTION( '', ( 1.00000000000000, 0.000000000000000, 0.000000000000000 ) );
#3101 = DIRECTION( '', ( 0.000000000000000, -1.00000000000000, 0.000000000000000 ) );
#3102 = CARTESIAN_POINT( '', ( -0.0298000000000100, 0.000000000000000, 1.00008572527594E-14 ) );
#3103 = DIRECTION( '', ( -1.00000000000000, 0.000000000000000, 0.000000000000000 ) );
#3104 = DIRECTION( '', ( 0.000000000000000, 0.000000000000000, -1.00000000000000 ) );
#3105 = DIRECTION( '', ( -1.00000000000000, 0.000000000000000, 0.000000000000000 ) );
#3106 = DIRECTION( '', ( -1.00000000000000, 0.000000000000000, 0.000000000000000 ) );
#3107 = CARTESIAN_POINT( '', ( -0.0152000000000100, 0.000000000000000, -1.00000367394040E-14 ) );
#3108 = DIRECTION( '', ( 1.00000000000000, 0.000000000000000, 0.000000000000000 ) );
#3109 = DIRECTION( '', ( 0.000000000000000, 0.000000000000000, -1.00000000000000 ) );
#3110 = DIRECTION( '', ( 1.00000000000000, 0.000000000000000, 0.000000000000000 ) );
#3111 = DIRECTION( '', ( 1.00000000000000, 0.000000000000000, 0.000000000000000 ) );
#3112 = CARTESIAN_POINT( '', ( -0.0298000000000100, 0.000000000000000, 1.00008572527594E-14 ) );
#3113 = DIRECTION( '', ( -1.00000000000000, 0.000000000000000, 0.000000000000000 ) );
#3114 = DIRECTION( '', ( 0.000000000000000, 0.000000000000000, -1.00000000000000 ) );
#3115 = CARTESIAN_POINT( '', ( -0.0183400000000100, 1.00005551115123E-14, 0.00491500000001000 ) );
#3116 = DIRECTION( '', ( 1.27557915579622E-23, 1.00000000000000, 0.000000000000000 ) );
#3117 = DIRECTION( '', ( 1.00000000000000, -1.46936793852786E-39, 0.000000000000000 ) );
#3118 = CARTESIAN_POINT( '', ( -0.0296692416854524, -0.00470000000001000, 0.00742500000001000 ) );
#3119 = DIRECTION( '', ( 0.000000000000000, 1.00000000000000, 0.000000000000000 ) );
#3120 = DIRECTION( '', ( 0.376069902327003, 0.000000000000000, -0.926591295320520 ) );
#3121 = DIRECTION( '', ( 1.00000000000000, 0.000000000000000, 0.000000000000000 ) );
#3122 = CARTESIAN_POINT( '', ( -0.0159007583145676, -0.00470000000000999, -0.00742500000001000 ) );
#3123 = DIRECTION( '', ( 0.000000000000000, 1.00000000000000, 0.000000000000000 ) );
#3124 = DIRECTION( '', ( -0.376069902327007, 0.000000000000000, 0.926591295320518 ) );
#3125 = CARTESIAN_POINT( '', ( -0.0183400000000100, -0.00470000000000999, -0.00491500000001000 ) );
#3126 = DIRECTION( '', ( -2.41270103701270E-13, 1.00000000000000, 0.000000000000000 ) );
#3127 = DIRECTION( '', ( 0.742361098118538, 0.000000000000000, -0.670000000000178 ) );
#3128 = CARTESIAN_POINT( '', ( -0.0247907583145676, -0.00470000000000999, -0.00742500000001001 ) );
#3129 = DIRECTION( '', ( 0.000000000000000, 1.00000000000000, 0.000000000000000 ) );
#3130 = DIRECTION( '', ( -0.376069902327008, 0.000000000000000, 0.926591295320517 ) );
#3131 = CARTESIAN_POINT( '', ( -0.0296873261516651, -0.00470000000001000, -0.00740729777202524 ) );
#3132 = DIRECTION( '', ( -1.99904273926048E-13, 1.00000000000000, 0.000000000000000 ) );
#3133 = DIRECTION( '', ( -0.702093186187305, 0.000000000000000, -0.712085077718497 ) );
#3134 = CARTESIAN_POINT( '', ( -0.0247907583145676, -0.00470000000001000, 0.00742500000001000 ) );
#3135 = DIRECTION( '', ( 0.000000000000000, 1.00000000000000, 0.000000000000000 ) );
#3136 = DIRECTION( '', ( -0.376069902327007, 0.000000000000000, -0.926591295320518 ) );
#3137 = DIRECTION( '', ( 1.00000000000000, 0.000000000000000, 0.000000000000000 ) );
#3138 = CARTESIAN_POINT( '', ( -0.0207792416854524, -0.00470000000001000, 0.00742500000001000 ) );
#3139 = DIRECTION( '', ( 0.000000000000000, 1.00000000000000, 0.000000000000000 ) );
#3140 = DIRECTION( '', ( 0.376069902327007, 0.000000000000000, -0.926591295320518 ) );
#3141 = CARTESIAN_POINT( '', ( -0.0159007583145676, -0.00470000000001000, 0.00742500000001000 ) );
#3142 = DIRECTION( '', ( 0.000000000000000, 1.00000000000000, 0.000000000000000 ) );
#3143 = DIRECTION( '', ( -0.376069902327006, 0.000000000000000, -0.926591295320518 ) );
#3144 = DIRECTION( '', ( -1.00000000000000, 0.000000000000000, 0.000000000000000 ) );
#3145 = CARTESIAN_POINT( '', ( -0.0183400000000100, -0.00470000000001000, 0.00491500000001000 ) );
#3146 = DIRECTION( '', ( 0.000000000000000, -1.00000000000000, -1.27555580292502E-23 ) );
#3147 = DIRECTION( '', ( 0.000000000000000, -2.93873587705572E-39, 1.00000000000000 ) );
#3148 = DIRECTION( '', ( -1.00000000000000, 0.000000000000000, 0.000000000000000 ) );
#3149 = DIRECTION( '', ( -7.46329889055818E-13, 7.46414738692785E-13, -1.00000000000000 ) );
#3150 = CARTESIAN_POINT( '', ( -0.0272300000000100, -0.00470000000001000, -0.00491500000001000 ) );
#3151 = DIRECTION( '', ( 0.000000000000000, -1.00000000000000, -1.27555580292502E-23 ) );
#3152 = DIRECTION( '', ( 0.000000000000000, -2.93873587705572E-39, 1.00000000000000 ) );
#3153 = DIRECTION( '', ( 1.00000000000000, 0.000000000000000, 0.000000000000000 ) );
#3154 = CARTESIAN_POINT( '', ( -0.0272300000000100, -0.0104000000000100, 0.00571500000000998 ) );
#3155 = DIRECTION( '', ( 0.000000000000000, -1.00000000000000, 0.000000000000000 ) );
#3156 = DIRECTION( '', ( -1.00000000000000, 0.000000000000000, 0.000000000000000 ) );
#3157 = CARTESIAN_POINT( '', ( -0.0272300000000100, -0.0107000000000100, 0.00571500000000998 ) );
#3158 = DIRECTION( '', ( 0.000000000000000, 1.00000000000000, 0.000000000000000 ) );
#3159 = DIRECTION( '', ( -1.00000000000000, 0.000000000000000, 0.000000000000000 ) );
#3160 = DIRECTION( '', ( 0.000000000000000, 1.00000000000000, 0.000000000000000 ) );
#3161 = DIRECTION( '', ( 0.000000000000000, 1.00000000000000, 0.000000000000000 ) );
#3162 = DIRECTION( '', ( 0.000000000000000, 0.000000000000000, 1.00000000000000 ) );
#3163 = DIRECTION( '', ( -1.00000000000000, 0.000000000000000, 0.000000000000000 ) );
#3164 = DIRECTION( '', ( 0.000000000000000, 0.000000000000000, -1.00000000000000 ) );
#3165 = DIRECTION( '', ( -1.00000000000000, 0.000000000000000, 0.000000000000000 ) );
#3166 = DIRECTION( '', ( 0.000000000000000, -1.00000000000000, 0.000000000000000 ) );
#3167 = DIRECTION( '', ( 0.000000000000000, -1.00000000000000, 0.000000000000000 ) );
#3168 = DIRECTION( '', ( 0.000000000000000, 1.00000000000000, 0.000000000000000 ) );
#3169 = CARTESIAN_POINT( '', ( -0.0272300000000100, 1.00005551115123E-14, -0.00491500000001000 ) );
#3170 = DIRECTION( '', ( 1.27557915579622E-23, 1.00000000000000, 0.000000000000000 ) );
#3171 = DIRECTION( '', ( 1.00000000000000, -1.46936793852786E-39, 0.000000000000000 ) );
#3172 = DIRECTION( '', ( 0.000000000000000, -1.00000000000000, 0.000000000000000 ) );
#3173 = CARTESIAN_POINT( '', ( -0.0259600000000100, -0.0104000000000100, -0.00127000000001000 ) );
#3174 = DIRECTION( '', ( 0.000000000000000, -1.00000000000000, 0.000000000000000 ) );
#3175 = DIRECTION( '', ( -1.00000000000000, 0.000000000000000, 0.000000000000000 ) );
#3176 = CARTESIAN_POINT( '', ( -0.0259600000000100, -0.0107000000000100, -0.00127000000001000 ) );
#3177 = DIRECTION( '', ( 0.000000000000000, 1.00000000000000, 0.000000000000000 ) );
#3178 = DIRECTION( '', ( -1.00000000000000, 0.000000000000000, 0.000000000000000 ) );
#3179 = CARTESIAN_POINT( '', ( -0.0158000000000100, -0.00450000000000999, -0.00180000000001000 ) );
#3180 = DIRECTION( '', ( -1.00000000000000, 0.000000000000000, 0.000000000000000 ) );
#3181 = DIRECTION( '', ( 0.000000000000000, -1.00000000000000, 0.000000000000000 ) );
#3182 = CARTESIAN_POINT( '', ( -0.0152000000000100, -0.00450000000001000, -0.00180000000001000 ) );
#3183 = DIRECTION( '', ( 1.00000000000000, 0.000000000000000, 0.000000000000000 ) );
#3184 = DIRECTION( '', ( 0.000000000000000, -1.00000000000000, 0.000000000000000 ) );
#3185 = DIRECTION( '', ( 0.000000000000000, 1.00000000000000, 0.000000000000000 ) );
#3186 = DIRECTION( '', ( 0.000000000000000, -1.00000000000000, 0.000000000000000 ) );
#3187 = DIRECTION( '', ( 0.000000000000000, 1.00000000000000, 0.000000000000000 ) );
#3188 = CARTESIAN_POINT( '', ( -0.0272300000000100, -0.0104000000000100, -0.00571500000001002 ) );
#3189 = DIRECTION( '', ( 0.000000000000000, -1.00000000000000, 0.000000000000000 ) );
#3190 = DIRECTION( '', ( -1.00000000000000, 0.000000000000000, 0.000000000000000 ) );
#3191 = CARTESIAN_POINT( '', ( -0.0272300000000100, -0.0107000000000100, -0.00571500000001002 ) );
#3192 = DIRECTION( '', ( 0.000000000000000, 1.00000000000000, 0.000000000000000 ) );
#3193 = DIRECTION( '', ( -1.00000000000000, 0.000000000000000, 0.000000000000000 ) );
#3194 = DIRECTION( '', ( 0.000000000000000, 1.00000000000000, 0.000000000000000 ) );
#3195 = DIRECTION( '', ( 0.000000000000000, 1.00000000000000, 0.000000000000000 ) );
#3196 = DIRECTION( '', ( 0.000000000000000, -1.00000000000000, 0.000000000000000 ) );
ENDSEC;
END-ISO-10303-21;
