ISO-10303-21;
HEADER;
FILE_DESCRIPTION(('STEP AP242'),'1');
FILE_NAME('epg_0b_304_hln.stp','2024-07-17T12:47:29',('TraceParts'),('TraceParts S.A.'),'Spatial InterOp 3D',' ',' ');
FILE_SCHEMA(('AP242_MANAGED_MODEL_BASED_3D_ENGINEERING_MIM_LF  {1 0 10303 442 1 1 4}'));
ENDSEC;
DATA;
#1=MECHANICAL_DESIGN_GEOMETRIC_PRESENTATION_REPRESENTATION(' ',(#10,#11,#12,#13,#14,#15,#16,#17,#18,#19,#20,#21,#22,#23,#24,#25,#26,#27,#28,#29,#30,#31,#32,#33,#34,#35,#36,#37,#38,#39,#40,#41,#42,#43,#44,#45,#46,#47,#48,#49,#50,#51,#52,#53,#54,#55,#56,#57,#58,#59,#60,#61,#62,#63,#64,#65,#66,#67,#68,#69,#70,#71),#6);
#2=PRODUCT_DEFINITION_CONTEXT('',#72,'design');
#3=APPLICATION_PROTOCOL_DEFINITION('INTERNATIONAL STANDARD','ap242_managed_model_based_3d_engineering',2014,#72);
#4=PRODUCT_CATEGORY_RELATIONSHIP('NONE','NONE',#73,#74);
#5=SHAPE_DEFINITION_REPRESENTATION(#75,#76);
#6= (GEOMETRIC_REPRESENTATION_CONTEXT(3)GLOBAL_UNCERTAINTY_ASSIGNED_CONTEXT((#79))GLOBAL_UNIT_ASSIGNED_CONTEXT((#81,#82,#83))REPRESENTATION_CONTEXT('NONE','WORKSPACE'));
#10=STYLED_ITEM('',(#85),#86);
#11=STYLED_ITEM('',(#87),#88);
#12=STYLED_ITEM('',(#89),#90);
#13=STYLED_ITEM('',(#91),#92);
#14=STYLED_ITEM('',(#93),#94);
#15=STYLED_ITEM('',(#95),#96);
#16=STYLED_ITEM('',(#97),#98);
#17=STYLED_ITEM('',(#99),#100);
#18=STYLED_ITEM('',(#101),#102);
#19=STYLED_ITEM('',(#103),#104);
#20=STYLED_ITEM('',(#105),#106);
#21=STYLED_ITEM('',(#107),#108);
#22=STYLED_ITEM('',(#109),#110);
#23=STYLED_ITEM('',(#111),#112);
#24=STYLED_ITEM('',(#113),#114);
#25=STYLED_ITEM('',(#115),#116);
#26=STYLED_ITEM('',(#117),#118);
#27=STYLED_ITEM('',(#119),#120);
#28=STYLED_ITEM('',(#121),#122);
#29=STYLED_ITEM('',(#123),#124);
#30=STYLED_ITEM('',(#125),#126);
#31=STYLED_ITEM('',(#127),#128);
#32=STYLED_ITEM('',(#129),#130);
#33=STYLED_ITEM('',(#131),#132);
#34=STYLED_ITEM('',(#133),#134);
#35=STYLED_ITEM('',(#135),#136);
#36=STYLED_ITEM('',(#137),#138);
#37=STYLED_ITEM('',(#139),#140);
#38=STYLED_ITEM('',(#141),#142);
#39=STYLED_ITEM('',(#143),#144);
#40=STYLED_ITEM('',(#145),#146);
#41=STYLED_ITEM('',(#147),#148);
#42=STYLED_ITEM('',(#149),#150);
#43=STYLED_ITEM('',(#151),#152);
#44=STYLED_ITEM('',(#153),#154);
#45=STYLED_ITEM('',(#155),#156);
#46=STYLED_ITEM('',(#157),#158);
#47=STYLED_ITEM('',(#159),#160);
#48=STYLED_ITEM('',(#161),#162);
#49=STYLED_ITEM('',(#163),#164);
#50=STYLED_ITEM('',(#165),#166);
#51=STYLED_ITEM('',(#167),#168);
#52=STYLED_ITEM('',(#169),#170);
#53=STYLED_ITEM('',(#171),#172);
#54=STYLED_ITEM('',(#173),#174);
#55=STYLED_ITEM('',(#175),#176);
#56=STYLED_ITEM('',(#177),#178);
#57=STYLED_ITEM('',(#179),#180);
#58=STYLED_ITEM('',(#181),#182);
#59=STYLED_ITEM('',(#183),#184);
#60=STYLED_ITEM('',(#185),#186);
#61=STYLED_ITEM('',(#187),#188);
#62=STYLED_ITEM('',(#189),#190);
#63=STYLED_ITEM('',(#191),#192);
#64=STYLED_ITEM('',(#193),#194);
#65=STYLED_ITEM('',(#195),#196);
#66=STYLED_ITEM('',(#197),#198);
#67=STYLED_ITEM('',(#199),#200);
#68=STYLED_ITEM('',(#201),#202);
#69=STYLED_ITEM('',(#203),#204);
#70=STYLED_ITEM('',(#205),#206);
#71=STYLED_ITEM('',(#207),#208);
#72=APPLICATION_CONTEXT('managed model based 3d engineering');
#73=PRODUCT_CATEGORY('part','NONE');
#74=PRODUCT_RELATED_PRODUCT_CATEGORY('detail',' ',(#209));
#75=PRODUCT_DEFINITION_SHAPE('NONE','NONE',#210);
#76=ADVANCED_BREP_SHAPE_REPRESENTATION('epg_0b_304_hln',(#208,#211),#6);
#79=UNCERTAINTY_MEASURE_WITH_UNIT(LENGTH_MEASURE(1.0E-06),#81,'','');
#81= (CONVERSION_BASED_UNIT('MILLIMETRE',#214)LENGTH_UNIT()NAMED_UNIT(#217));
#82= (NAMED_UNIT(#219)PLANE_ANGLE_UNIT()SI_UNIT($,.RADIAN.));
#83= (NAMED_UNIT(#219)SOLID_ANGLE_UNIT()SI_UNIT($,.STERADIAN.));
#85=PRESENTATION_STYLE_ASSIGNMENT((#225));
#86=ADVANCED_FACE('',(#226),#227,.T.);
#87=PRESENTATION_STYLE_ASSIGNMENT((#228));
#88=ADVANCED_FACE('',(#229),#230,.T.);
#89=PRESENTATION_STYLE_ASSIGNMENT((#231));
#90=ADVANCED_FACE('',(#232),#233,.T.);
#91=PRESENTATION_STYLE_ASSIGNMENT((#234));
#92=ADVANCED_FACE('',(#235),#236,.T.);
#93=PRESENTATION_STYLE_ASSIGNMENT((#237));
#94=ADVANCED_FACE('',(#238),#239,.T.);
#95=PRESENTATION_STYLE_ASSIGNMENT((#240));
#96=ADVANCED_FACE('',(#241),#242,.T.);
#97=PRESENTATION_STYLE_ASSIGNMENT((#243));
#98=ADVANCED_FACE('',(#244),#245,.T.);
#99=PRESENTATION_STYLE_ASSIGNMENT((#246));
#100=ADVANCED_FACE('',(#247),#248,.T.);
#101=PRESENTATION_STYLE_ASSIGNMENT((#249));
#102=ADVANCED_FACE('',(#250),#251,.T.);
#103=PRESENTATION_STYLE_ASSIGNMENT((#252));
#104=ADVANCED_FACE('',(#253),#254,.T.);
#105=PRESENTATION_STYLE_ASSIGNMENT((#255));
#106=ADVANCED_FACE('',(#256),#257,.T.);
#107=PRESENTATION_STYLE_ASSIGNMENT((#258));
#108=ADVANCED_FACE('',(#259),#260,.T.);
#109=PRESENTATION_STYLE_ASSIGNMENT((#261));
#110=ADVANCED_FACE('',(#262),#263,.T.);
#111=PRESENTATION_STYLE_ASSIGNMENT((#264));
#112=ADVANCED_FACE('',(#265),#266,.T.);
#113=PRESENTATION_STYLE_ASSIGNMENT((#267));
#114=ADVANCED_FACE('',(#268),#269,.T.);
#115=PRESENTATION_STYLE_ASSIGNMENT((#270));
#116=ADVANCED_FACE('',(#271),#272,.T.);
#117=PRESENTATION_STYLE_ASSIGNMENT((#273));
#118=ADVANCED_FACE('',(#274),#275,.T.);
#119=PRESENTATION_STYLE_ASSIGNMENT((#276));
#120=ADVANCED_FACE('',(#277),#278,.T.);
#121=PRESENTATION_STYLE_ASSIGNMENT((#279));
#122=ADVANCED_FACE('',(#280),#281,.T.);
#123=PRESENTATION_STYLE_ASSIGNMENT((#282));
#124=ADVANCED_FACE('',(#283),#284,.T.);
#125=PRESENTATION_STYLE_ASSIGNMENT((#285));
#126=ADVANCED_FACE('',(#286),#287,.T.);
#127=PRESENTATION_STYLE_ASSIGNMENT((#288));
#128=ADVANCED_FACE('',(#289),#290,.T.);
#129=PRESENTATION_STYLE_ASSIGNMENT((#291));
#130=ADVANCED_FACE('',(#292),#293,.T.);
#131=PRESENTATION_STYLE_ASSIGNMENT((#294));
#132=ADVANCED_FACE('',(#295,#296),#297,.T.);
#133=PRESENTATION_STYLE_ASSIGNMENT((#298));
#134=ADVANCED_FACE('',(#299),#300,.T.);
#135=PRESENTATION_STYLE_ASSIGNMENT((#301));
#136=ADVANCED_FACE('',(#302),#303,.T.);
#137=PRESENTATION_STYLE_ASSIGNMENT((#304));
#138=ADVANCED_FACE('',(#305),#306,.T.);
#139=PRESENTATION_STYLE_ASSIGNMENT((#307));
#140=ADVANCED_FACE('',(#308),#309,.T.);
#141=PRESENTATION_STYLE_ASSIGNMENT((#310));
#142=ADVANCED_FACE('',(#311),#312,.T.);
#143=PRESENTATION_STYLE_ASSIGNMENT((#313));
#144=ADVANCED_FACE('',(#314),#315,.T.);
#145=PRESENTATION_STYLE_ASSIGNMENT((#316));
#146=ADVANCED_FACE('',(#317),#318,.T.);
#147=PRESENTATION_STYLE_ASSIGNMENT((#319));
#148=ADVANCED_FACE('',(#320),#321,.T.);
#149=PRESENTATION_STYLE_ASSIGNMENT((#322));
#150=ADVANCED_FACE('',(#323),#324,.T.);
#151=PRESENTATION_STYLE_ASSIGNMENT((#325));
#152=ADVANCED_FACE('',(#326),#327,.T.);
#153=PRESENTATION_STYLE_ASSIGNMENT((#328));
#154=ADVANCED_FACE('',(#329),#330,.T.);
#155=PRESENTATION_STYLE_ASSIGNMENT((#331));
#156=ADVANCED_FACE('',(#332),#333,.T.);
#157=PRESENTATION_STYLE_ASSIGNMENT((#334));
#158=ADVANCED_FACE('',(#335),#336,.T.);
#159=PRESENTATION_STYLE_ASSIGNMENT((#337));
#160=ADVANCED_FACE('',(#338),#339,.T.);
#161=PRESENTATION_STYLE_ASSIGNMENT((#340));
#162=ADVANCED_FACE('',(#341),#342,.F.);
#163=PRESENTATION_STYLE_ASSIGNMENT((#343));
#164=ADVANCED_FACE('',(#344),#345,.T.);
#165=PRESENTATION_STYLE_ASSIGNMENT((#346));
#166=ADVANCED_FACE('',(#347,#348,#349,#350,#351,#352,#353,#354,#355),#356,.T.);
#167=PRESENTATION_STYLE_ASSIGNMENT((#357));
#168=ADVANCED_FACE('',(#358),#359,.T.);
#169=PRESENTATION_STYLE_ASSIGNMENT((#360));
#170=ADVANCED_FACE('',(#361),#362,.T.);
#171=PRESENTATION_STYLE_ASSIGNMENT((#363));
#172=ADVANCED_FACE('',(#364),#365,.T.);
#173=PRESENTATION_STYLE_ASSIGNMENT((#366));
#174=ADVANCED_FACE('',(#367),#368,.T.);
#175=PRESENTATION_STYLE_ASSIGNMENT((#369));
#176=ADVANCED_FACE('',(#370),#371,.T.);
#177=PRESENTATION_STYLE_ASSIGNMENT((#372));
#178=ADVANCED_FACE('',(#373),#374,.T.);
#179=PRESENTATION_STYLE_ASSIGNMENT((#375));
#180=ADVANCED_FACE('',(#376),#377,.T.);
#181=PRESENTATION_STYLE_ASSIGNMENT((#378));
#182=ADVANCED_FACE('',(#379),#380,.T.);
#183=PRESENTATION_STYLE_ASSIGNMENT((#381));
#184=ADVANCED_FACE('',(#382),#383,.T.);
#185=PRESENTATION_STYLE_ASSIGNMENT((#384));
#186=ADVANCED_FACE('',(#385),#386,.T.);
#187=PRESENTATION_STYLE_ASSIGNMENT((#387));
#188=ADVANCED_FACE('',(#388),#389,.T.);
#189=PRESENTATION_STYLE_ASSIGNMENT((#390));
#190=ADVANCED_FACE('',(#391),#392,.T.);
#191=PRESENTATION_STYLE_ASSIGNMENT((#393));
#192=ADVANCED_FACE('',(#394),#395,.T.);
#193=PRESENTATION_STYLE_ASSIGNMENT((#396));
#194=ADVANCED_FACE('',(#397),#398,.T.);
#195=PRESENTATION_STYLE_ASSIGNMENT((#399));
#196=ADVANCED_FACE('',(#400),#401,.T.);
#197=PRESENTATION_STYLE_ASSIGNMENT((#402));
#198=ADVANCED_FACE('',(#403),#404,.T.);
#199=PRESENTATION_STYLE_ASSIGNMENT((#405));
#200=ADVANCED_FACE('',(#406),#407,.T.);
#201=PRESENTATION_STYLE_ASSIGNMENT((#408));
#202=ADVANCED_FACE('',(#409),#410,.T.);
#203=PRESENTATION_STYLE_ASSIGNMENT((#411));
#204=ADVANCED_FACE('',(#412),#413,.T.);
#205=PRESENTATION_STYLE_ASSIGNMENT((#414));
#206=ADVANCED_FACE('',(#415),#416,.T.);
#207=PRESENTATION_STYLE_ASSIGNMENT((#417));
#208=MANIFOLD_SOLID_BREP('epg_0b_304_hln',#418);
#209=PRODUCT('epg_0b_304_hln','','PART--DESC',(#419));
#210=PRODUCT_DEFINITION('','NONE',#420,#2);
#211=AXIS2_PLACEMENT_3D('',#421,#422,#423);
#214=LENGTH_MEASURE_WITH_UNIT(LENGTH_MEASURE(1.0),#424);
#217=DIMENSIONAL_EXPONENTS(1.0,0.0,0.0,0.0,0.0,0.0,0.0);
#219=DIMENSIONAL_EXPONENTS(0.0,0.0,0.0,0.0,0.0,0.0,0.0);
#225=SURFACE_STYLE_USAGE(.BOTH.,#425);
#226=FACE_OUTER_BOUND('',#426,.T.);
#227=CYLINDRICAL_SURFACE('',#427,4.49);
#228=SURFACE_STYLE_USAGE(.BOTH.,#428);
#229=FACE_OUTER_BOUND('',#429,.T.);
#230=CONICAL_SURFACE('',#430,4.37452994616208,0.5235987755983);
#231=SURFACE_STYLE_USAGE(.BOTH.,#431);
#232=FACE_OUTER_BOUND('',#432,.T.);
#233=CONICAL_SURFACE('',#433,0.263397459621556,0.523598775598299);
#234=SURFACE_STYLE_USAGE(.BOTH.,#434);
#235=FACE_OUTER_BOUND('',#435,.T.);
#236=CYLINDRICAL_SURFACE('',#436,0.35);
#237=SURFACE_STYLE_USAGE(.BOTH.,#437);
#238=FACE_OUTER_BOUND('',#438,.T.);
#239=CONICAL_SURFACE('',#439,0.425,0.785398163397446);
#240=SURFACE_STYLE_USAGE(.BOTH.,#440);
#241=FACE_OUTER_BOUND('',#441,.T.);
#242=CONICAL_SURFACE('',#442,0.263397459621556,0.523598775598299);
#243=SURFACE_STYLE_USAGE(.BOTH.,#443);
#244=FACE_OUTER_BOUND('',#444,.T.);
#245=CYLINDRICAL_SURFACE('',#445,0.35);
#246=SURFACE_STYLE_USAGE(.BOTH.,#446);
#247=FACE_OUTER_BOUND('',#447,.T.);
#248=CONICAL_SURFACE('',#448,0.425,0.785398163397446);
#249=SURFACE_STYLE_USAGE(.BOTH.,#449);
#250=FACE_OUTER_BOUND('',#450,.T.);
#251=CONICAL_SURFACE('',#451,0.263397459621556,0.523598775598299);
#252=SURFACE_STYLE_USAGE(.BOTH.,#452);
#253=FACE_OUTER_BOUND('',#453,.T.);
#254=CYLINDRICAL_SURFACE('',#454,0.35);
#255=SURFACE_STYLE_USAGE(.BOTH.,#455);
#256=FACE_OUTER_BOUND('',#456,.T.);
#257=CONICAL_SURFACE('',#457,0.425,0.785398163397446);
#258=SURFACE_STYLE_USAGE(.BOTH.,#458);
#259=FACE_OUTER_BOUND('',#459,.T.);
#260=CONICAL_SURFACE('',#460,0.263397459621556,0.523598775598299);
#261=SURFACE_STYLE_USAGE(.BOTH.,#461);
#262=FACE_OUTER_BOUND('',#462,.T.);
#263=CYLINDRICAL_SURFACE('',#463,0.35);
#264=SURFACE_STYLE_USAGE(.BOTH.,#464);
#265=FACE_OUTER_BOUND('',#465,.T.);
#266=CONICAL_SURFACE('',#466,0.425,0.785398163397446);
#267=SURFACE_STYLE_USAGE(.BOTH.,#467);
#268=FACE_OUTER_BOUND('',#468,.T.);
#269=CYLINDRICAL_SURFACE('',#469,10.0);
#270=SURFACE_STYLE_USAGE(.BOTH.,#470);
#271=FACE_OUTER_BOUND('',#471,.T.);
#272=CONICAL_SURFACE('',#472,0.263397459621556,0.523598775598298);
#273=SURFACE_STYLE_USAGE(.BOTH.,#473);
#274=FACE_OUTER_BOUND('',#474,.T.);
#275=CYLINDRICAL_SURFACE('',#475,0.349999999999999);
#276=SURFACE_STYLE_USAGE(.BOTH.,#476);
#277=FACE_OUTER_BOUND('',#477,.T.);
#278=CONICAL_SURFACE('',#478,0.263397459621556,0.523598775598296);
#279=SURFACE_STYLE_USAGE(.BOTH.,#479);
#280=FACE_OUTER_BOUND('',#480,.T.);
#281=CYLINDRICAL_SURFACE('',#481,0.349999999999998);
#282=SURFACE_STYLE_USAGE(.BOTH.,#482);
#283=FACE_OUTER_BOUND('',#483,.T.);
#284=CONICAL_SURFACE('',#484,0.263397459621556,0.523598775598298);
#285=SURFACE_STYLE_USAGE(.BOTH.,#485);
#286=FACE_OUTER_BOUND('',#486,.T.);
#287=CYLINDRICAL_SURFACE('',#487,0.349999999999999);
#288=SURFACE_STYLE_USAGE(.BOTH.,#488);
#289=FACE_OUTER_BOUND('',#489,.T.);
#290=CONICAL_SURFACE('',#490,0.263397459621556,0.523598775598296);
#291=SURFACE_STYLE_USAGE(.BOTH.,#491);
#292=FACE_OUTER_BOUND('',#492,.T.);
#293=CYLINDRICAL_SURFACE('',#493,0.349999999999998);
#294=SURFACE_STYLE_USAGE(.BOTH.,#494);
#295=FACE_OUTER_BOUND('',#495,.T.);
#296=FACE_BOUND('',#496,.T.);
#297=PLANE('',#497);
#298=SURFACE_STYLE_USAGE(.BOTH.,#498);
#299=FACE_OUTER_BOUND('',#499,.T.);
#300=CYLINDRICAL_SURFACE('',#500,0.349999999999998);
#301=SURFACE_STYLE_USAGE(.BOTH.,#501);
#302=FACE_OUTER_BOUND('',#502,.T.);
#303=PLANE('',#503);
#304=SURFACE_STYLE_USAGE(.BOTH.,#504);
#305=FACE_OUTER_BOUND('',#505,.T.);
#306=CONICAL_SURFACE('',#506,0.263397459621556,0.523598775598296);
#307=SURFACE_STYLE_USAGE(.BOTH.,#507);
#308=FACE_OUTER_BOUND('',#508,.T.);
#309=CYLINDRICAL_SURFACE('',#509,0.349999999999999);
#310=SURFACE_STYLE_USAGE(.BOTH.,#510);
#311=FACE_OUTER_BOUND('',#511,.T.);
#312=PLANE('',#512);
#313=SURFACE_STYLE_USAGE(.BOTH.,#513);
#314=FACE_OUTER_BOUND('',#514,.T.);
#315=CONICAL_SURFACE('',#515,0.263397459621556,0.523598775598298);
#316=SURFACE_STYLE_USAGE(.BOTH.,#516);
#317=FACE_OUTER_BOUND('',#517,.T.);
#318=CYLINDRICAL_SURFACE('',#518,0.349999999999998);
#319=SURFACE_STYLE_USAGE(.BOTH.,#519);
#320=FACE_OUTER_BOUND('',#520,.T.);
#321=PLANE('',#521);
#322=SURFACE_STYLE_USAGE(.BOTH.,#522);
#323=FACE_OUTER_BOUND('',#523,.T.);
#324=CONICAL_SURFACE('',#524,0.263397459621556,0.523598775598296);
#325=SURFACE_STYLE_USAGE(.BOTH.,#525);
#326=FACE_OUTER_BOUND('',#526,.T.);
#327=CYLINDRICAL_SURFACE('',#527,0.349999999999999);
#328=SURFACE_STYLE_USAGE(.BOTH.,#528);
#329=FACE_OUTER_BOUND('',#529,.T.);
#330=PLANE('',#530);
#331=SURFACE_STYLE_USAGE(.BOTH.,#531);
#332=FACE_OUTER_BOUND('',#532,.T.);
#333=CONICAL_SURFACE('',#533,0.263397459621556,0.523598775598298);
#334=SURFACE_STYLE_USAGE(.BOTH.,#534);
#335=FACE_OUTER_BOUND('',#535,.T.);
#336=CYLINDRICAL_SURFACE('',#536,10.0);
#337=SURFACE_STYLE_USAGE(.BOTH.,#537);
#338=FACE_OUTER_BOUND('',#538,.T.);
#339=PLANE('',#539);
#340=SURFACE_STYLE_USAGE(.BOTH.,#540);
#341=FACE_OUTER_BOUND('',#541,.T.);
#342=PLANE('',#542);
#343=SURFACE_STYLE_USAGE(.BOTH.,#543);
#344=FACE_OUTER_BOUND('',#544,.T.);
#345=PLANE('',#545);
#346=SURFACE_STYLE_USAGE(.BOTH.,#546);
#347=FACE_OUTER_BOUND('',#547,.T.);
#348=FACE_BOUND('',#548,.T.);
#349=FACE_BOUND('',#549,.T.);
#350=FACE_BOUND('',#550,.T.);
#351=FACE_BOUND('',#551,.T.);
#352=FACE_BOUND('',#552,.T.);
#353=FACE_BOUND('',#553,.T.);
#354=FACE_BOUND('',#554,.T.);
#355=FACE_BOUND('',#555,.T.);
#356=PLANE('',#556);
#357=SURFACE_STYLE_USAGE(.BOTH.,#557);
#358=FACE_OUTER_BOUND('',#558,.T.);
#359=PLANE('',#559);
#360=SURFACE_STYLE_USAGE(.BOTH.,#560);
#361=FACE_OUTER_BOUND('',#561,.T.);
#362=CONICAL_SURFACE('',#562,0.425,0.785398163397446);
#363=SURFACE_STYLE_USAGE(.BOTH.,#563);
#364=FACE_OUTER_BOUND('',#564,.T.);
#365=CYLINDRICAL_SURFACE('',#565,0.35);
#366=SURFACE_STYLE_USAGE(.BOTH.,#566);
#367=FACE_OUTER_BOUND('',#567,.T.);
#368=CONICAL_SURFACE('',#568,0.263397459621556,0.523598775598299);
#369=SURFACE_STYLE_USAGE(.BOTH.,#569);
#370=FACE_OUTER_BOUND('',#570,.T.);
#371=PLANE('',#571);
#372=SURFACE_STYLE_USAGE(.BOTH.,#572);
#373=FACE_OUTER_BOUND('',#573,.T.);
#374=CONICAL_SURFACE('',#574,0.425,0.785398163397446);
#375=SURFACE_STYLE_USAGE(.BOTH.,#575);
#376=FACE_OUTER_BOUND('',#576,.T.);
#377=CYLINDRICAL_SURFACE('',#577,0.35);
#378=SURFACE_STYLE_USAGE(.BOTH.,#578);
#379=FACE_OUTER_BOUND('',#579,.T.);
#380=CONICAL_SURFACE('',#580,0.263397459621556,0.523598775598299);
#381=SURFACE_STYLE_USAGE(.BOTH.,#581);
#382=FACE_OUTER_BOUND('',#582,.T.);
#383=PLANE('',#583);
#384=SURFACE_STYLE_USAGE(.BOTH.,#584);
#385=FACE_OUTER_BOUND('',#585,.T.);
#386=CONICAL_SURFACE('',#586,0.425,0.785398163397446);
#387=SURFACE_STYLE_USAGE(.BOTH.,#587);
#388=FACE_OUTER_BOUND('',#588,.T.);
#389=CYLINDRICAL_SURFACE('',#589,0.35);
#390=SURFACE_STYLE_USAGE(.BOTH.,#590);
#391=FACE_OUTER_BOUND('',#591,.T.);
#392=CONICAL_SURFACE('',#592,0.263397459621556,0.523598775598299);
#393=SURFACE_STYLE_USAGE(.BOTH.,#593);
#394=FACE_OUTER_BOUND('',#594,.T.);
#395=PLANE('',#595);
#396=SURFACE_STYLE_USAGE(.BOTH.,#596);
#397=FACE_OUTER_BOUND('',#597,.T.);
#398=CONICAL_SURFACE('',#598,0.425,0.785398163397446);
#399=SURFACE_STYLE_USAGE(.BOTH.,#599);
#400=FACE_OUTER_BOUND('',#600,.T.);
#401=CYLINDRICAL_SURFACE('',#601,0.35);
#402=SURFACE_STYLE_USAGE(.BOTH.,#602);
#403=FACE_OUTER_BOUND('',#603,.T.);
#404=CONICAL_SURFACE('',#604,0.263397459621556,0.523598775598299);
#405=SURFACE_STYLE_USAGE(.BOTH.,#605);
#406=FACE_OUTER_BOUND('',#606,.T.);
#407=PLANE('',#607);
#408=SURFACE_STYLE_USAGE(.BOTH.,#608);
#409=FACE_OUTER_BOUND('',#609,.T.);
#410=PLANE('',#610);
#411=SURFACE_STYLE_USAGE(.BOTH.,#611);
#412=FACE_OUTER_BOUND('',#612,.T.);
#413=CONICAL_SURFACE('',#613,4.37452994616208,0.5235987755983);
#414=SURFACE_STYLE_USAGE(.BOTH.,#614);
#415=FACE_OUTER_BOUND('',#615,.T.);
#416=CYLINDRICAL_SURFACE('',#616,4.49);
#417=SURFACE_STYLE_USAGE(.BOTH.,#617);
#418=CLOSED_SHELL('',(#86,#88,#90,#92,#94,#96,#98,#100,#102,#104,#106,#108,#110,#112,#114,#116,#118,#120,#122,#124,#126,#128,#130,#132,#134,#136,#138,#140,#142,#144,#146,#148,#150,#152,#154,#156,#158,#160,#162,#164,#166,#168,#170,#172,#174,#176,#178,#180,#182,#184,#186,#188,#190,#192,#194,#196,#198,#200,#202,#204,#206));
#419=PRODUCT_CONTEXT('',#72,'mechanical');
#420=PRODUCT_DEFINITION_FORMATION_WITH_SPECIFIED_SOURCE(' ','NONE',#209,.NOT_KNOWN.);
#421=CARTESIAN_POINT('',(0.0,0.0,0.0));
#422=DIRECTION('',(0.0,0.0,1.0));
#423=DIRECTION('',(1.0,0.0,0.0));
#424= (NAMED_UNIT(#217)LENGTH_UNIT()SI_UNIT(.MILLI.,.METRE.));
#425=SURFACE_SIDE_STYLE('',(#619));
#426=EDGE_LOOP('',(#620,#621,#622,#623));
#427=AXIS2_PLACEMENT_3D('',#624,#625,#626);
#428=SURFACE_SIDE_STYLE('',(#627));
#429=EDGE_LOOP('',(#628,#629,#630,#631));
#430=AXIS2_PLACEMENT_3D('',#632,#633,#634);
#431=SURFACE_SIDE_STYLE('',(#635));
#432=EDGE_LOOP('',(#636,#637,#638,#639));
#433=AXIS2_PLACEMENT_3D('',#640,#641,#642);
#434=SURFACE_SIDE_STYLE('',(#643));
#435=EDGE_LOOP('',(#644,#645,#646,#647));
#436=AXIS2_PLACEMENT_3D('',#648,#649,#650);
#437=SURFACE_SIDE_STYLE('',(#651));
#438=EDGE_LOOP('',(#652,#653,#654,#655));
#439=AXIS2_PLACEMENT_3D('',#656,#657,#658);
#440=SURFACE_SIDE_STYLE('',(#659));
#441=EDGE_LOOP('',(#660,#661,#662,#663));
#442=AXIS2_PLACEMENT_3D('',#664,#665,#666);
#443=SURFACE_SIDE_STYLE('',(#667));
#444=EDGE_LOOP('',(#668,#669,#670,#671));
#445=AXIS2_PLACEMENT_3D('',#672,#673,#674);
#446=SURFACE_SIDE_STYLE('',(#675));
#447=EDGE_LOOP('',(#676,#677,#678,#679));
#448=AXIS2_PLACEMENT_3D('',#680,#681,#682);
#449=SURFACE_SIDE_STYLE('',(#683));
#450=EDGE_LOOP('',(#684,#685,#686,#687));
#451=AXIS2_PLACEMENT_3D('',#688,#689,#690);
#452=SURFACE_SIDE_STYLE('',(#691));
#453=EDGE_LOOP('',(#692,#693,#694,#695));
#454=AXIS2_PLACEMENT_3D('',#696,#697,#698);
#455=SURFACE_SIDE_STYLE('',(#699));
#456=EDGE_LOOP('',(#700,#701,#702,#703));
#457=AXIS2_PLACEMENT_3D('',#704,#705,#706);
#458=SURFACE_SIDE_STYLE('',(#707));
#459=EDGE_LOOP('',(#708,#709,#710,#711));
#460=AXIS2_PLACEMENT_3D('',#712,#713,#714);
#461=SURFACE_SIDE_STYLE('',(#715));
#462=EDGE_LOOP('',(#716,#717,#718,#719));
#463=AXIS2_PLACEMENT_3D('',#720,#721,#722);
#464=SURFACE_SIDE_STYLE('',(#723));
#465=EDGE_LOOP('',(#724,#725,#726,#727));
#466=AXIS2_PLACEMENT_3D('',#728,#729,#730);
#467=SURFACE_SIDE_STYLE('',(#731));
#468=EDGE_LOOP('',(#732,#733,#734,#735));
#469=AXIS2_PLACEMENT_3D('',#736,#737,#738);
#470=SURFACE_SIDE_STYLE('',(#739));
#471=EDGE_LOOP('',(#740,#741,#742,#743));
#472=AXIS2_PLACEMENT_3D('',#744,#745,#746);
#473=SURFACE_SIDE_STYLE('',(#747));
#474=EDGE_LOOP('',(#748,#749,#750,#751));
#475=AXIS2_PLACEMENT_3D('',#752,#753,#754);
#476=SURFACE_SIDE_STYLE('',(#755));
#477=EDGE_LOOP('',(#756,#757,#758,#759));
#478=AXIS2_PLACEMENT_3D('',#760,#761,#762);
#479=SURFACE_SIDE_STYLE('',(#763));
#480=EDGE_LOOP('',(#764,#765,#766,#767));
#481=AXIS2_PLACEMENT_3D('',#768,#769,#770);
#482=SURFACE_SIDE_STYLE('',(#771));
#483=EDGE_LOOP('',(#772,#773,#774,#775));
#484=AXIS2_PLACEMENT_3D('',#776,#777,#778);
#485=SURFACE_SIDE_STYLE('',(#779));
#486=EDGE_LOOP('',(#780,#781,#782,#783));
#487=AXIS2_PLACEMENT_3D('',#784,#785,#786);
#488=SURFACE_SIDE_STYLE('',(#787));
#489=EDGE_LOOP('',(#788,#789,#790,#791));
#490=AXIS2_PLACEMENT_3D('',#792,#793,#794);
#491=SURFACE_SIDE_STYLE('',(#795));
#492=EDGE_LOOP('',(#796,#797,#798,#799));
#493=AXIS2_PLACEMENT_3D('',#800,#801,#802);
#494=SURFACE_SIDE_STYLE('',(#803));
#495=EDGE_LOOP('',(#804,#805,#806,#807,#808));
#496=EDGE_LOOP('',(#809,#810));
#497=AXIS2_PLACEMENT_3D('',#811,#812,#813);
#498=SURFACE_SIDE_STYLE('',(#814));
#499=EDGE_LOOP('',(#815,#816,#817,#818));
#500=AXIS2_PLACEMENT_3D('',#819,#820,#821);
#501=SURFACE_SIDE_STYLE('',(#822));
#502=EDGE_LOOP('',(#823,#824));
#503=AXIS2_PLACEMENT_3D('',#825,#826,#827);
#504=SURFACE_SIDE_STYLE('',(#828));
#505=EDGE_LOOP('',(#829,#830,#831,#832));
#506=AXIS2_PLACEMENT_3D('',#833,#834,#835);
#507=SURFACE_SIDE_STYLE('',(#836));
#508=EDGE_LOOP('',(#837,#838,#839,#840));
#509=AXIS2_PLACEMENT_3D('',#841,#842,#843);
#510=SURFACE_SIDE_STYLE('',(#844));
#511=EDGE_LOOP('',(#845,#846));
#512=AXIS2_PLACEMENT_3D('',#847,#848,#849);
#513=SURFACE_SIDE_STYLE('',(#850));
#514=EDGE_LOOP('',(#851,#852,#853,#854));
#515=AXIS2_PLACEMENT_3D('',#855,#856,#857);
#516=SURFACE_SIDE_STYLE('',(#858));
#517=EDGE_LOOP('',(#859,#860,#861,#862));
#518=AXIS2_PLACEMENT_3D('',#863,#864,#865);
#519=SURFACE_SIDE_STYLE('',(#866));
#520=EDGE_LOOP('',(#867,#868));
#521=AXIS2_PLACEMENT_3D('',#869,#870,#871);
#522=SURFACE_SIDE_STYLE('',(#872));
#523=EDGE_LOOP('',(#873,#874,#875,#876));
#524=AXIS2_PLACEMENT_3D('',#877,#878,#879);
#525=SURFACE_SIDE_STYLE('',(#880));
#526=EDGE_LOOP('',(#881,#882,#883,#884));
#527=AXIS2_PLACEMENT_3D('',#885,#886,#887);
#528=SURFACE_SIDE_STYLE('',(#888));
#529=EDGE_LOOP('',(#889,#890));
#530=AXIS2_PLACEMENT_3D('',#891,#892,#893);
#531=SURFACE_SIDE_STYLE('',(#894));
#532=EDGE_LOOP('',(#895,#896,#897,#898));
#533=AXIS2_PLACEMENT_3D('',#899,#900,#901);
#534=SURFACE_SIDE_STYLE('',(#902));
#535=EDGE_LOOP('',(#903,#904,#905,#906));
#536=AXIS2_PLACEMENT_3D('',#907,#908,#909);
#537=SURFACE_SIDE_STYLE('',(#910));
#538=EDGE_LOOP('',(#911,#912,#913,#914,#915));
#539=AXIS2_PLACEMENT_3D('',#916,#917,#918);
#540=SURFACE_SIDE_STYLE('',(#919));
#541=EDGE_LOOP('',(#920,#921,#922,#923,#924));
#542=AXIS2_PLACEMENT_3D('',#925,#926,#927);
#543=SURFACE_SIDE_STYLE('',(#928));
#544=EDGE_LOOP('',(#929,#930,#931,#932,#933));
#545=AXIS2_PLACEMENT_3D('',#934,#935,#936);
#546=SURFACE_SIDE_STYLE('',(#937));
#547=EDGE_LOOP('',(#938,#939,#940,#941));
#548=EDGE_LOOP('',(#942,#943));
#549=EDGE_LOOP('',(#944,#945));
#550=EDGE_LOOP('',(#946,#947));
#551=EDGE_LOOP('',(#948,#949));
#552=EDGE_LOOP('',(#950,#951));
#553=EDGE_LOOP('',(#952,#953));
#554=EDGE_LOOP('',(#954,#955));
#555=EDGE_LOOP('',(#956,#957));
#556=AXIS2_PLACEMENT_3D('',#958,#959,#960);
#557=SURFACE_SIDE_STYLE('',(#961));
#558=EDGE_LOOP('',(#962,#963,#964,#965));
#559=AXIS2_PLACEMENT_3D('',#966,#967,#968);
#560=SURFACE_SIDE_STYLE('',(#969));
#561=EDGE_LOOP('',(#970,#971,#972,#973));
#562=AXIS2_PLACEMENT_3D('',#974,#975,#976);
#563=SURFACE_SIDE_STYLE('',(#977));
#564=EDGE_LOOP('',(#978,#979,#980,#981));
#565=AXIS2_PLACEMENT_3D('',#982,#983,#984);
#566=SURFACE_SIDE_STYLE('',(#985));
#567=EDGE_LOOP('',(#986,#987,#988,#989));
#568=AXIS2_PLACEMENT_3D('',#990,#991,#992);
#569=SURFACE_SIDE_STYLE('',(#993));
#570=EDGE_LOOP('',(#994,#995));
#571=AXIS2_PLACEMENT_3D('',#996,#997,#998);
#572=SURFACE_SIDE_STYLE('',(#999));
#573=EDGE_LOOP('',(#1000,#1001,#1002,#1003));
#574=AXIS2_PLACEMENT_3D('',#1004,#1005,#1006);
#575=SURFACE_SIDE_STYLE('',(#1007));
#576=EDGE_LOOP('',(#1008,#1009,#1010,#1011));
#577=AXIS2_PLACEMENT_3D('',#1012,#1013,#1014);
#578=SURFACE_SIDE_STYLE('',(#1015));
#579=EDGE_LOOP('',(#1016,#1017,#1018,#1019));
#580=AXIS2_PLACEMENT_3D('',#1020,#1021,#1022);
#581=SURFACE_SIDE_STYLE('',(#1023));
#582=EDGE_LOOP('',(#1024,#1025));
#583=AXIS2_PLACEMENT_3D('',#1026,#1027,#1028);
#584=SURFACE_SIDE_STYLE('',(#1029));
#585=EDGE_LOOP('',(#1030,#1031,#1032,#1033));
#586=AXIS2_PLACEMENT_3D('',#1034,#1035,#1036);
#587=SURFACE_SIDE_STYLE('',(#1037));
#588=EDGE_LOOP('',(#1038,#1039,#1040,#1041));
#589=AXIS2_PLACEMENT_3D('',#1042,#1043,#1044);
#590=SURFACE_SIDE_STYLE('',(#1045));
#591=EDGE_LOOP('',(#1046,#1047,#1048,#1049));
#592=AXIS2_PLACEMENT_3D('',#1050,#1051,#1052);
#593=SURFACE_SIDE_STYLE('',(#1053));
#594=EDGE_LOOP('',(#1054,#1055));
#595=AXIS2_PLACEMENT_3D('',#1056,#1057,#1058);
#596=SURFACE_SIDE_STYLE('',(#1059));
#597=EDGE_LOOP('',(#1060,#1061,#1062,#1063));
#598=AXIS2_PLACEMENT_3D('',#1064,#1065,#1066);
#599=SURFACE_SIDE_STYLE('',(#1067));
#600=EDGE_LOOP('',(#1068,#1069,#1070,#1071));
#601=AXIS2_PLACEMENT_3D('',#1072,#1073,#1074);
#602=SURFACE_SIDE_STYLE('',(#1075));
#603=EDGE_LOOP('',(#1076,#1077,#1078,#1079));
#604=AXIS2_PLACEMENT_3D('',#1080,#1081,#1082);
#605=SURFACE_SIDE_STYLE('',(#1083));
#606=EDGE_LOOP('',(#1084,#1085));
#607=AXIS2_PLACEMENT_3D('',#1086,#1087,#1088);
#608=SURFACE_SIDE_STYLE('',(#1089));
#609=EDGE_LOOP('',(#1090,#1091,#1092));
#610=AXIS2_PLACEMENT_3D('',#1093,#1094,#1095);
#611=SURFACE_SIDE_STYLE('',(#1096));
#612=EDGE_LOOP('',(#1097,#1098,#1099,#1100,#1101));
#613=AXIS2_PLACEMENT_3D('',#1102,#1103,#1104);
#614=SURFACE_SIDE_STYLE('',(#1105));
#615=EDGE_LOOP('',(#1106,#1107,#1108,#1109));
#616=AXIS2_PLACEMENT_3D('',#1110,#1111,#1112);
#617=SURFACE_SIDE_STYLE('',(#1113));
#619=SURFACE_STYLE_FILL_AREA(#1114);
#620=ORIENTED_EDGE('',*,*,#1115,.F.);
#621=ORIENTED_EDGE('',*,*,#1116,.T.);
#622=ORIENTED_EDGE('',*,*,#1117,.F.);
#623=ORIENTED_EDGE('',*,*,#1118,.F.);
#624=CARTESIAN_POINT('',(-6.25,-5.55111512312578E-16,0.0));
#625=DIRECTION('',(-1.0,0.0,0.0));
#626=DIRECTION('',(0.0,1.0,0.0));
#627=SURFACE_STYLE_FILL_AREA(#1119);
#628=ORIENTED_EDGE('',*,*,#1120,.F.);
#629=ORIENTED_EDGE('',*,*,#1121,.T.);
#630=ORIENTED_EDGE('',*,*,#1122,.T.);
#631=ORIENTED_EDGE('',*,*,#1118,.T.);
#632=CARTESIAN_POINT('',(-0.200000000000002,-1.77635683940027E-17,0.0));
#633=DIRECTION('',(-1.0,-4.32367034987546E-17,-0.0));
#634=DIRECTION('',(4.32367034987546E-17,-1.0,0.0));
#635=SURFACE_STYLE_FILL_AREA(#1123);
#636=ORIENTED_EDGE('',*,*,#1124,.F.);
#637=ORIENTED_EDGE('',*,*,#1125,.T.);
#638=ORIENTED_EDGE('',*,*,#1126,.T.);
#639=ORIENTED_EDGE('',*,*,#1127,.T.);
#640=CARTESIAN_POINT('',(-14.58,-9.75,-3.80999999999999));
#641=DIRECTION('',(4.4605694644695E-16,1.0,-7.78017277730516E-16));
#642=DIRECTION('',(1.0,-4.4605694644695E-16,1.83697019872103E-16));
#643=SURFACE_STYLE_FILL_AREA(#1128);
#644=ORIENTED_EDGE('',*,*,#1129,.F.);
#645=ORIENTED_EDGE('',*,*,#1130,.F.);
#646=ORIENTED_EDGE('',*,*,#1131,.F.);
#647=ORIENTED_EDGE('',*,*,#1127,.F.);
#648=CARTESIAN_POINT('',(-14.58,-8.25,-3.80999999999999));
#649=DIRECTION('',(3.84407339347188E-16,1.0,-7.78017277730516E-16));
#650=DIRECTION('',(-1.0,3.84407339347188E-16,-1.83697019872103E-16));
#651=SURFACE_STYLE_FILL_AREA(#1132);
#652=ORIENTED_EDGE('',*,*,#1133,.F.);
#653=ORIENTED_EDGE('',*,*,#1130,.T.);
#654=ORIENTED_EDGE('',*,*,#1134,.T.);
#655=ORIENTED_EDGE('',*,*,#1135,.T.);
#656=CARTESIAN_POINT('',(-14.58,-6.675,-3.81));
#657=DIRECTION('',(4.9246440986019E-16,1.0,-7.78017277730516E-16));
#658=DIRECTION('',(1.0,-4.9246440986019E-16,1.83697019872103E-16));
#659=SURFACE_STYLE_FILL_AREA(#1136);
#660=ORIENTED_EDGE('',*,*,#1137,.F.);
#661=ORIENTED_EDGE('',*,*,#1138,.T.);
#662=ORIENTED_EDGE('',*,*,#1139,.T.);
#663=ORIENTED_EDGE('',*,*,#1140,.T.);
#664=CARTESIAN_POINT('',(-14.58,-9.75,3.81000000000001));
#665=DIRECTION('',(4.4605694644695E-16,1.0,-7.78017277730516E-16));
#666=DIRECTION('',(1.0,-4.4605694644695E-16,1.83697019872103E-16));
#667=SURFACE_STYLE_FILL_AREA(#1141);
#668=ORIENTED_EDGE('',*,*,#1142,.F.);
#669=ORIENTED_EDGE('',*,*,#1143,.F.);
#670=ORIENTED_EDGE('',*,*,#1144,.F.);
#671=ORIENTED_EDGE('',*,*,#1140,.F.);
#672=CARTESIAN_POINT('',(-14.58,-8.25,3.81000000000001));
#673=DIRECTION('',(3.84407339347188E-16,1.0,-7.78017277730516E-16));
#674=DIRECTION('',(-1.0,3.84407339347188E-16,-1.83697019872103E-16));
#675=SURFACE_STYLE_FILL_AREA(#1145);
#676=ORIENTED_EDGE('',*,*,#1146,.F.);
#677=ORIENTED_EDGE('',*,*,#1143,.T.);
#678=ORIENTED_EDGE('',*,*,#1147,.T.);
#679=ORIENTED_EDGE('',*,*,#1148,.T.);
#680=CARTESIAN_POINT('',(-14.58,-6.675,3.81));
#681=DIRECTION('',(4.9246440986019E-16,1.0,-7.78017277730516E-16));
#682=DIRECTION('',(1.0,-4.9246440986019E-16,1.83697019872103E-16));
#683=SURFACE_STYLE_FILL_AREA(#1149);
#684=ORIENTED_EDGE('',*,*,#1150,.F.);
#685=ORIENTED_EDGE('',*,*,#1151,.T.);
#686=ORIENTED_EDGE('',*,*,#1152,.T.);
#687=ORIENTED_EDGE('',*,*,#1153,.T.);
#688=CARTESIAN_POINT('',(-22.2,-9.75,-3.80999999999999));
#689=DIRECTION('',(4.4605694644695E-16,1.0,-7.78017277730516E-16));
#690=DIRECTION('',(1.0,-4.4605694644695E-16,1.83697019872103E-16));
#691=SURFACE_STYLE_FILL_AREA(#1154);
#692=ORIENTED_EDGE('',*,*,#1155,.F.);
#693=ORIENTED_EDGE('',*,*,#1156,.F.);
#694=ORIENTED_EDGE('',*,*,#1157,.F.);
#695=ORIENTED_EDGE('',*,*,#1153,.F.);
#696=CARTESIAN_POINT('',(-22.2,-8.25,-3.80999999999999));
#697=DIRECTION('',(3.84407339347188E-16,1.0,-7.78017277730516E-16));
#698=DIRECTION('',(-1.0,3.84407339347188E-16,-1.83697019872103E-16));
#699=SURFACE_STYLE_FILL_AREA(#1158);
#700=ORIENTED_EDGE('',*,*,#1159,.F.);
#701=ORIENTED_EDGE('',*,*,#1156,.T.);
#702=ORIENTED_EDGE('',*,*,#1160,.T.);
#703=ORIENTED_EDGE('',*,*,#1161,.T.);
#704=CARTESIAN_POINT('',(-22.2,-6.675,-3.81));
#705=DIRECTION('',(4.9246440986019E-16,1.0,-7.78017277730516E-16));
#706=DIRECTION('',(1.0,-4.9246440986019E-16,1.83697019872103E-16));
#707=SURFACE_STYLE_FILL_AREA(#1162);
#708=ORIENTED_EDGE('',*,*,#1163,.F.);
#709=ORIENTED_EDGE('',*,*,#1164,.T.);
#710=ORIENTED_EDGE('',*,*,#1165,.T.);
#711=ORIENTED_EDGE('',*,*,#1166,.T.);
#712=CARTESIAN_POINT('',(-22.2,-9.75,3.81000000000001));
#713=DIRECTION('',(4.4605694644695E-16,1.0,-7.78017277730516E-16));
#714=DIRECTION('',(1.0,-4.4605694644695E-16,1.83697019872103E-16));
#715=SURFACE_STYLE_FILL_AREA(#1167);
#716=ORIENTED_EDGE('',*,*,#1168,.F.);
#717=ORIENTED_EDGE('',*,*,#1169,.F.);
#718=ORIENTED_EDGE('',*,*,#1170,.F.);
#719=ORIENTED_EDGE('',*,*,#1166,.F.);
#720=CARTESIAN_POINT('',(-22.2,-8.25,3.81000000000001));
#721=DIRECTION('',(3.84407339347188E-16,1.0,-7.78017277730516E-16));
#722=DIRECTION('',(-1.0,3.84407339347188E-16,-1.83697019872103E-16));
#723=SURFACE_STYLE_FILL_AREA(#1171);
#724=ORIENTED_EDGE('',*,*,#1172,.F.);
#725=ORIENTED_EDGE('',*,*,#1169,.T.);
#726=ORIENTED_EDGE('',*,*,#1173,.T.);
#727=ORIENTED_EDGE('',*,*,#1174,.T.);
#728=CARTESIAN_POINT('',(-22.2,-6.675,3.81));
#729=DIRECTION('',(4.9246440986019E-16,1.0,-7.78017277730516E-16));
#730=DIRECTION('',(1.0,-4.9246440986019E-16,1.83697019872103E-16));
#731=SURFACE_STYLE_FILL_AREA(#1175);
#732=ORIENTED_EDGE('',*,*,#1176,.F.);
#733=ORIENTED_EDGE('',*,*,#1177,.F.);
#734=ORIENTED_EDGE('',*,*,#1178,.F.);
#735=ORIENTED_EDGE('',*,*,#1179,.F.);
#736=CARTESIAN_POINT('',(-18.35,-4.0,0.0));
#737=DIRECTION('',(1.0,2.69144975666705E-16,0.0));
#738=DIRECTION('',(-2.69144975666705E-16,1.0,0.0));
#739=SURFACE_STYLE_FILL_AREA(#1180);
#740=ORIENTED_EDGE('',*,*,#1181,.F.);
#741=ORIENTED_EDGE('',*,*,#1182,.T.);
#742=ORIENTED_EDGE('',*,*,#1183,.F.);
#743=ORIENTED_EDGE('',*,*,#1184,.F.);
#744=CARTESIAN_POINT('',(-19.595,-9.71499999999999,-1.27));
#745=DIRECTION('',(1.19434011948697E-15,1.0,-1.95767284323926E-17));
#746=DIRECTION('',(-1.0,1.19434011948697E-15,1.72405884453253E-16));
#747=SURFACE_STYLE_FILL_AREA(#1185);
#748=ORIENTED_EDGE('',*,*,#1186,.F.);
#749=ORIENTED_EDGE('',*,*,#1184,.T.);
#750=ORIENTED_EDGE('',*,*,#1187,.F.);
#751=ORIENTED_EDGE('',*,*,#1188,.T.);
#752=CARTESIAN_POINT('',(-19.595,-2.0588194187433,-1.27));
#753=DIRECTION('',(-1.19434011948697E-15,-1.0,1.95767284323926E-17));
#754=DIRECTION('',(-1.0,1.19434011948697E-15,1.72405884453253E-16));
#755=SURFACE_STYLE_FILL_AREA(#1189);
#756=ORIENTED_EDGE('',*,*,#1190,.F.);
#757=ORIENTED_EDGE('',*,*,#1191,.T.);
#758=ORIENTED_EDGE('',*,*,#1192,.F.);
#759=ORIENTED_EDGE('',*,*,#1193,.F.);
#760=CARTESIAN_POINT('',(-17.055,-9.655,1.27));
#761=DIRECTION('',(-8.24163588319614E-17,1.0,-5.26752813237104E-19));
#762=DIRECTION('',(-1.0,-8.24163588319614E-17,-6.89375361127768E-17));
#763=SURFACE_STYLE_FILL_AREA(#1194);
#764=ORIENTED_EDGE('',*,*,#1195,.F.);
#765=ORIENTED_EDGE('',*,*,#1193,.T.);
#766=ORIENTED_EDGE('',*,*,#1196,.F.);
#767=ORIENTED_EDGE('',*,*,#1197,.T.);
#768=CARTESIAN_POINT('',(-17.055,-4.17381941874332,1.27));
#769=DIRECTION('',(8.24163588319614E-17,-1.0,5.26752813237104E-19));
#770=DIRECTION('',(-1.0,-8.24163588319614E-17,-6.89375361127768E-17));
#771=SURFACE_STYLE_FILL_AREA(#1198);
#772=ORIENTED_EDGE('',*,*,#1199,.F.);
#773=ORIENTED_EDGE('',*,*,#1200,.T.);
#774=ORIENTED_EDGE('',*,*,#1201,.F.);
#775=ORIENTED_EDGE('',*,*,#1202,.F.);
#776=CARTESIAN_POINT('',(-19.595,-9.71499999999999,1.27));
#777=DIRECTION('',(3.0616169978684E-16,1.0,2.71800424397322E-46));
#778=DIRECTION('',(-1.0,3.0616169978684E-16,-1.4791141972894E-31));
#779=SURFACE_STYLE_FILL_AREA(#1203);
#780=ORIENTED_EDGE('',*,*,#1204,.F.);
#781=ORIENTED_EDGE('',*,*,#1202,.T.);
#782=ORIENTED_EDGE('',*,*,#1205,.F.);
#783=ORIENTED_EDGE('',*,*,#1206,.T.);
#784=CARTESIAN_POINT('',(-19.595,-2.05881941874331,1.27));
#785=DIRECTION('',(-3.0616169978684E-16,-1.0,-2.71800424397322E-46));
#786=DIRECTION('',(-1.0,3.0616169978684E-16,-1.4791141972894E-31));
#787=SURFACE_STYLE_FILL_AREA(#1207);
#788=ORIENTED_EDGE('',*,*,#1208,.F.);
#789=ORIENTED_EDGE('',*,*,#1209,.T.);
#790=ORIENTED_EDGE('',*,*,#1210,.F.);
#791=ORIENTED_EDGE('',*,*,#1211,.F.);
#792=CARTESIAN_POINT('',(-17.055,-9.65500000000002,-1.27));
#793=DIRECTION('',(3.06161699786844E-16,1.0,3.53833417866998E-47));
#794=DIRECTION('',(-1.0,3.06161699786844E-16,-4.68386162474976E-31));
#795=SURFACE_STYLE_FILL_AREA(#1212);
#796=ORIENTED_EDGE('',*,*,#1213,.F.);
#797=ORIENTED_EDGE('',*,*,#1211,.T.);
#798=ORIENTED_EDGE('',*,*,#1214,.F.);
#799=ORIENTED_EDGE('',*,*,#1215,.T.);
#800=CARTESIAN_POINT('',(-17.055,-4.17381941874334,-1.27));
#801=DIRECTION('',(-3.06161699786844E-16,-1.0,-3.53833417866998E-47));
#802=DIRECTION('',(-1.0,3.06161699786844E-16,-4.68386162474976E-31));
#803=SURFACE_STYLE_FILL_AREA(#1216);
#804=ORIENTED_EDGE('',*,*,#1177,.T.);
#805=ORIENTED_EDGE('',*,*,#1217,.T.);
#806=ORIENTED_EDGE('',*,*,#1218,.T.);
#807=ORIENTED_EDGE('',*,*,#1219,.F.);
#808=ORIENTED_EDGE('',*,*,#1220,.T.);
#809=ORIENTED_EDGE('',*,*,#1221,.F.);
#810=ORIENTED_EDGE('',*,*,#1116,.F.);
#811=CARTESIAN_POINT('',(-11.7,6.0,0.0));
#812=DIRECTION('',(1.0,6.1710840470759E-17,0.0));
#813=DIRECTION('',(-6.1710840470759E-17,1.0,0.0));
#814=SURFACE_STYLE_FILL_AREA(#1222);
#815=ORIENTED_EDGE('',*,*,#1213,.T.);
#816=ORIENTED_EDGE('',*,*,#1223,.T.);
#817=ORIENTED_EDGE('',*,*,#1214,.T.);
#818=ORIENTED_EDGE('',*,*,#1224,.T.);
#819=CARTESIAN_POINT('',(-17.055,-4.17381941874334,-1.27));
#820=DIRECTION('',(-3.06161699786844E-16,-1.0,-3.53833417866998E-47));
#821=DIRECTION('',(-1.0,3.06161699786844E-16,-4.68386162474976E-31));
#822=SURFACE_STYLE_FILL_AREA(#1225);
#823=ORIENTED_EDGE('',*,*,#1226,.F.);
#824=ORIENTED_EDGE('',*,*,#1209,.F.);
#825=CARTESIAN_POINT('',(-17.1433974596216,-9.87500000000002,-1.27));
#826=DIRECTION('',(-5.81784917600496E-30,-1.0,1.08018561873273E-46));
#827=DIRECTION('',(-1.0,5.81784917600496E-30,0.0));
#828=SURFACE_STYLE_FILL_AREA(#1227);
#829=ORIENTED_EDGE('',*,*,#1208,.T.);
#830=ORIENTED_EDGE('',*,*,#1224,.F.);
#831=ORIENTED_EDGE('',*,*,#1210,.T.);
#832=ORIENTED_EDGE('',*,*,#1226,.T.);
#833=CARTESIAN_POINT('',(-17.055,-9.65500000000002,-1.27));
#834=DIRECTION('',(3.06161699786844E-16,1.0,3.53833417866998E-47));
#835=DIRECTION('',(-1.0,3.06161699786844E-16,-4.68386162474976E-31));
#836=SURFACE_STYLE_FILL_AREA(#1228);
#837=ORIENTED_EDGE('',*,*,#1204,.T.);
#838=ORIENTED_EDGE('',*,*,#1229,.T.);
#839=ORIENTED_EDGE('',*,*,#1205,.T.);
#840=ORIENTED_EDGE('',*,*,#1230,.T.);
#841=CARTESIAN_POINT('',(-19.595,-2.05881941874331,1.27));
#842=DIRECTION('',(-3.0616169978684E-16,-1.0,-2.71800424397322E-46));
#843=DIRECTION('',(-1.0,3.0616169978684E-16,-1.4791141972894E-31));
#844=SURFACE_STYLE_FILL_AREA(#1231);
#845=ORIENTED_EDGE('',*,*,#1232,.F.);
#846=ORIENTED_EDGE('',*,*,#1200,.F.);
#847=CARTESIAN_POINT('',(-19.6833974596216,-9.87499999999999,1.27));
#848=DIRECTION('',(-1.97215226305253E-30,-1.0,-2.26515612715225E-46));
#849=DIRECTION('',(-1.0,1.97215226305253E-30,0.0));
#850=SURFACE_STYLE_FILL_AREA(#1233);
#851=ORIENTED_EDGE('',*,*,#1199,.T.);
#852=ORIENTED_EDGE('',*,*,#1230,.F.);
#853=ORIENTED_EDGE('',*,*,#1201,.T.);
#854=ORIENTED_EDGE('',*,*,#1232,.T.);
#855=CARTESIAN_POINT('',(-19.595,-9.71499999999999,1.27));
#856=DIRECTION('',(3.0616169978684E-16,1.0,2.71800424397322E-46));
#857=DIRECTION('',(-1.0,3.0616169978684E-16,-1.4791141972894E-31));
#858=SURFACE_STYLE_FILL_AREA(#1234);
#859=ORIENTED_EDGE('',*,*,#1195,.T.);
#860=ORIENTED_EDGE('',*,*,#1235,.T.);
#861=ORIENTED_EDGE('',*,*,#1196,.T.);
#862=ORIENTED_EDGE('',*,*,#1236,.T.);
#863=CARTESIAN_POINT('',(-17.055,-4.17381941874332,1.27));
#864=DIRECTION('',(8.24163588319614E-17,-1.0,5.26752813237104E-19));
#865=DIRECTION('',(-1.0,-8.24163588319614E-17,-6.89375361127768E-17));
#866=SURFACE_STYLE_FILL_AREA(#1237);
#867=ORIENTED_EDGE('',*,*,#1238,.F.);
#868=ORIENTED_EDGE('',*,*,#1191,.F.);
#869=CARTESIAN_POINT('',(-17.1433974596215,-9.875,1.27));
#870=DIRECTION('',(3.885780586188E-16,-1.0,5.26752813237125E-19));
#871=DIRECTION('',(0.0,-5.26752813237125E-19,-1.0));
#872=SURFACE_STYLE_FILL_AREA(#1239);
#873=ORIENTED_EDGE('',*,*,#1190,.T.);
#874=ORIENTED_EDGE('',*,*,#1236,.F.);
#875=ORIENTED_EDGE('',*,*,#1192,.T.);
#876=ORIENTED_EDGE('',*,*,#1238,.T.);
#877=CARTESIAN_POINT('',(-17.055,-9.655,1.27));
#878=DIRECTION('',(-8.24163588319614E-17,1.0,-5.26752813237104E-19));
#879=DIRECTION('',(-1.0,-8.24163588319614E-17,-6.89375361127768E-17));
#880=SURFACE_STYLE_FILL_AREA(#1240);
#881=ORIENTED_EDGE('',*,*,#1186,.T.);
#882=ORIENTED_EDGE('',*,*,#1241,.T.);
#883=ORIENTED_EDGE('',*,*,#1187,.T.);
#884=ORIENTED_EDGE('',*,*,#1242,.T.);
#885=CARTESIAN_POINT('',(-19.595,-2.0588194187433,-1.27));
#886=DIRECTION('',(-1.19434011948697E-15,-1.0,1.95767284323926E-17));
#887=DIRECTION('',(-1.0,1.19434011948697E-15,1.72405884453253E-16));
#888=SURFACE_STYLE_FILL_AREA(#1243);
#889=ORIENTED_EDGE('',*,*,#1244,.F.);
#890=ORIENTED_EDGE('',*,*,#1182,.F.);
#891=CARTESIAN_POINT('',(-19.6833974596216,-9.87499999999998,-1.27));
#892=DIRECTION('',(-8.88178419700127E-16,-1.0,1.95767284323926E-17));
#893=DIRECTION('',(-1.0,8.88178419700127E-16,0.0));
#894=SURFACE_STYLE_FILL_AREA(#1245);
#895=ORIENTED_EDGE('',*,*,#1181,.T.);
#896=ORIENTED_EDGE('',*,*,#1242,.F.);
#897=ORIENTED_EDGE('',*,*,#1183,.T.);
#898=ORIENTED_EDGE('',*,*,#1244,.T.);
#899=CARTESIAN_POINT('',(-19.595,-9.71499999999999,-1.27));
#900=DIRECTION('',(1.19434011948697E-15,1.0,-1.95767284323926E-17));
#901=DIRECTION('',(-1.0,1.19434011948697E-15,1.72405884453253E-16));
#902=SURFACE_STYLE_FILL_AREA(#1246);
#903=ORIENTED_EDGE('',*,*,#1176,.T.);
#904=ORIENTED_EDGE('',*,*,#1247,.F.);
#905=ORIENTED_EDGE('',*,*,#1248,.F.);
#906=ORIENTED_EDGE('',*,*,#1217,.F.);
#907=CARTESIAN_POINT('',(-18.35,-4.0,0.0));
#908=DIRECTION('',(1.0,2.69144975666705E-16,0.0));
#909=DIRECTION('',(-2.69144975666705E-16,1.0,0.0));
#910=SURFACE_STYLE_FILL_AREA(#1249);
#911=ORIENTED_EDGE('',*,*,#1248,.T.);
#912=ORIENTED_EDGE('',*,*,#1250,.F.);
#913=ORIENTED_EDGE('',*,*,#1251,.F.);
#914=ORIENTED_EDGE('',*,*,#1252,.F.);
#915=ORIENTED_EDGE('',*,*,#1218,.F.);
#916=CARTESIAN_POINT('',(-17.7417824736305,-0.937245977831321,5.85));
#917=DIRECTION('',(0.0,0.0,1.0));
#918=DIRECTION('',(1.0,0.0,0.0));
#919=SURFACE_STYLE_FILL_AREA(#1253);
#920=ORIENTED_EDGE('',*,*,#1178,.T.);
#921=ORIENTED_EDGE('',*,*,#1220,.F.);
#922=ORIENTED_EDGE('',*,*,#1254,.F.);
#923=ORIENTED_EDGE('',*,*,#1255,.F.);
#924=ORIENTED_EDGE('',*,*,#1256,.F.);
#925=CARTESIAN_POINT('',(-17.7417824736305,-0.937245977831321,-5.85));
#926=DIRECTION('',(0.0,0.0,1.0));
#927=DIRECTION('',(1.0,0.0,0.0));
#928=SURFACE_STYLE_FILL_AREA(#1257);
#929=ORIENTED_EDGE('',*,*,#1247,.T.);
#930=ORIENTED_EDGE('',*,*,#1179,.T.);
#931=ORIENTED_EDGE('',*,*,#1256,.T.);
#932=ORIENTED_EDGE('',*,*,#1258,.F.);
#933=ORIENTED_EDGE('',*,*,#1250,.T.);
#934=CARTESIAN_POINT('',(-25.0,0.2,0.0));
#935=DIRECTION('',(-0.707106781186548,0.707106781186547,0.0));
#936=DIRECTION('',(0.0,0.0,1.0));
#937=SURFACE_STYLE_FILL_AREA(#1259);
#938=ORIENTED_EDGE('',*,*,#1252,.T.);
#939=ORIENTED_EDGE('',*,*,#1260,.F.);
#940=ORIENTED_EDGE('',*,*,#1254,.T.);
#941=ORIENTED_EDGE('',*,*,#1219,.T.);
#942=ORIENTED_EDGE('',*,*,#1215,.F.);
#943=ORIENTED_EDGE('',*,*,#1223,.F.);
#944=ORIENTED_EDGE('',*,*,#1206,.F.);
#945=ORIENTED_EDGE('',*,*,#1229,.F.);
#946=ORIENTED_EDGE('',*,*,#1197,.F.);
#947=ORIENTED_EDGE('',*,*,#1235,.F.);
#948=ORIENTED_EDGE('',*,*,#1188,.F.);
#949=ORIENTED_EDGE('',*,*,#1241,.F.);
#950=ORIENTED_EDGE('',*,*,#1135,.F.);
#951=ORIENTED_EDGE('',*,*,#1261,.F.);
#952=ORIENTED_EDGE('',*,*,#1148,.F.);
#953=ORIENTED_EDGE('',*,*,#1262,.F.);
#954=ORIENTED_EDGE('',*,*,#1161,.F.);
#955=ORIENTED_EDGE('',*,*,#1263,.F.);
#956=ORIENTED_EDGE('',*,*,#1174,.F.);
#957=ORIENTED_EDGE('',*,*,#1264,.F.);
#958=CARTESIAN_POINT('',(-11.7,-6.7,0.0));
#959=DIRECTION('',(0.0,-1.0,0.0));
#960=DIRECTION('',(0.0,0.0,-1.0));
#961=SURFACE_STYLE_FILL_AREA(#1265);
#962=ORIENTED_EDGE('',*,*,#1251,.T.);
#963=ORIENTED_EDGE('',*,*,#1258,.T.);
#964=ORIENTED_EDGE('',*,*,#1255,.T.);
#965=ORIENTED_EDGE('',*,*,#1260,.T.);
#966=CARTESIAN_POINT('',(-25.0,-6.7,0.0));
#967=DIRECTION('',(-1.0,0.0,0.0));
#968=DIRECTION('',(0.0,0.0,1.0));
#969=SURFACE_STYLE_FILL_AREA(#1266);
#970=ORIENTED_EDGE('',*,*,#1172,.T.);
#971=ORIENTED_EDGE('',*,*,#1264,.T.);
#972=ORIENTED_EDGE('',*,*,#1173,.F.);
#973=ORIENTED_EDGE('',*,*,#1267,.T.);
#974=CARTESIAN_POINT('',(-22.2,-6.675,3.81));
#975=DIRECTION('',(4.9246440986019E-16,1.0,-7.78017277730516E-16));
#976=DIRECTION('',(1.0,-4.9246440986019E-16,1.83697019872103E-16));
#977=SURFACE_STYLE_FILL_AREA(#1268);
#978=ORIENTED_EDGE('',*,*,#1168,.T.);
#979=ORIENTED_EDGE('',*,*,#1269,.F.);
#980=ORIENTED_EDGE('',*,*,#1170,.T.);
#981=ORIENTED_EDGE('',*,*,#1267,.F.);
#982=CARTESIAN_POINT('',(-22.2,-8.25,3.81000000000001));
#983=DIRECTION('',(3.84407339347188E-16,1.0,-7.78017277730516E-16));
#984=DIRECTION('',(-1.0,3.84407339347188E-16,-1.83697019872103E-16));
#985=SURFACE_STYLE_FILL_AREA(#1270);
#986=ORIENTED_EDGE('',*,*,#1163,.T.);
#987=ORIENTED_EDGE('',*,*,#1269,.T.);
#988=ORIENTED_EDGE('',*,*,#1165,.F.);
#989=ORIENTED_EDGE('',*,*,#1271,.T.);
#990=CARTESIAN_POINT('',(-22.2,-9.75,3.81000000000001));
#991=DIRECTION('',(4.4605694644695E-16,1.0,-7.78017277730516E-16));
#992=DIRECTION('',(1.0,-4.4605694644695E-16,1.83697019872103E-16));
#993=SURFACE_STYLE_FILL_AREA(#1272);
#994=ORIENTED_EDGE('',*,*,#1271,.F.);
#995=ORIENTED_EDGE('',*,*,#1164,.F.);
#996=CARTESIAN_POINT('',(-22.375,-9.9,3.81000000000001));
#997=DIRECTION('',(-5.68104359219292E-16,-1.0,7.78017277730516E-16));
#998=DIRECTION('',(-1.0,5.68104359219292E-16,0.0));
#999=SURFACE_STYLE_FILL_AREA(#1273);
#1000=ORIENTED_EDGE('',*,*,#1159,.T.);
#1001=ORIENTED_EDGE('',*,*,#1263,.T.);
#1002=ORIENTED_EDGE('',*,*,#1160,.F.);
#1003=ORIENTED_EDGE('',*,*,#1274,.T.);
#1004=CARTESIAN_POINT('',(-22.2,-6.675,-3.81));
#1005=DIRECTION('',(4.9246440986019E-16,1.0,-7.78017277730516E-16));
#1006=DIRECTION('',(1.0,-4.9246440986019E-16,1.83697019872103E-16));
#1007=SURFACE_STYLE_FILL_AREA(#1275);
#1008=ORIENTED_EDGE('',*,*,#1155,.T.);
#1009=ORIENTED_EDGE('',*,*,#1276,.F.);
#1010=ORIENTED_EDGE('',*,*,#1157,.T.);
#1011=ORIENTED_EDGE('',*,*,#1274,.F.);
#1012=CARTESIAN_POINT('',(-22.2,-8.25,-3.80999999999999));
#1013=DIRECTION('',(3.84407339347188E-16,1.0,-7.78017277730516E-16));
#1014=DIRECTION('',(-1.0,3.84407339347188E-16,-1.83697019872103E-16));
#1015=SURFACE_STYLE_FILL_AREA(#1277);
#1016=ORIENTED_EDGE('',*,*,#1150,.T.);
#1017=ORIENTED_EDGE('',*,*,#1276,.T.);
#1018=ORIENTED_EDGE('',*,*,#1152,.F.);
#1019=ORIENTED_EDGE('',*,*,#1278,.T.);
#1020=CARTESIAN_POINT('',(-22.2,-9.75,-3.80999999999999));
#1021=DIRECTION('',(4.4605694644695E-16,1.0,-7.78017277730516E-16));
#1022=DIRECTION('',(1.0,-4.4605694644695E-16,1.83697019872103E-16));
#1023=SURFACE_STYLE_FILL_AREA(#1279);
#1024=ORIENTED_EDGE('',*,*,#1278,.F.);
#1025=ORIENTED_EDGE('',*,*,#1151,.F.);
#1026=CARTESIAN_POINT('',(-22.375,-9.9,-3.80999999999999));
#1027=DIRECTION('',(-5.68104359219292E-16,-1.0,7.78017277730516E-16));
#1028=DIRECTION('',(-1.0,5.68104359219292E-16,0.0));
#1029=SURFACE_STYLE_FILL_AREA(#1280);
#1030=ORIENTED_EDGE('',*,*,#1146,.T.);
#1031=ORIENTED_EDGE('',*,*,#1262,.T.);
#1032=ORIENTED_EDGE('',*,*,#1147,.F.);
#1033=ORIENTED_EDGE('',*,*,#1281,.T.);
#1034=CARTESIAN_POINT('',(-14.58,-6.675,3.81));
#1035=DIRECTION('',(4.9246440986019E-16,1.0,-7.78017277730516E-16));
#1036=DIRECTION('',(1.0,-4.9246440986019E-16,1.83697019872103E-16));
#1037=SURFACE_STYLE_FILL_AREA(#1282);
#1038=ORIENTED_EDGE('',*,*,#1142,.T.);
#1039=ORIENTED_EDGE('',*,*,#1283,.F.);
#1040=ORIENTED_EDGE('',*,*,#1144,.T.);
#1041=ORIENTED_EDGE('',*,*,#1281,.F.);
#1042=CARTESIAN_POINT('',(-14.58,-8.25,3.81000000000001));
#1043=DIRECTION('',(3.84407339347188E-16,1.0,-7.78017277730516E-16));
#1044=DIRECTION('',(-1.0,3.84407339347188E-16,-1.83697019872103E-16));
#1045=SURFACE_STYLE_FILL_AREA(#1284);
#1046=ORIENTED_EDGE('',*,*,#1137,.T.);
#1047=ORIENTED_EDGE('',*,*,#1283,.T.);
#1048=ORIENTED_EDGE('',*,*,#1139,.F.);
#1049=ORIENTED_EDGE('',*,*,#1285,.T.);
#1050=CARTESIAN_POINT('',(-14.58,-9.75,3.81000000000001));
#1051=DIRECTION('',(4.4605694644695E-16,1.0,-7.78017277730516E-16));
#1052=DIRECTION('',(1.0,-4.4605694644695E-16,1.83697019872103E-16));
#1053=SURFACE_STYLE_FILL_AREA(#1286);
#1054=ORIENTED_EDGE('',*,*,#1285,.F.);
#1055=ORIENTED_EDGE('',*,*,#1138,.F.);
#1056=CARTESIAN_POINT('',(-14.755,-9.9,3.81000000000001));
#1057=DIRECTION('',(-5.68104359219292E-16,-1.0,7.78017277730516E-16));
#1058=DIRECTION('',(-1.0,5.68104359219292E-16,0.0));
#1059=SURFACE_STYLE_FILL_AREA(#1287);
#1060=ORIENTED_EDGE('',*,*,#1133,.T.);
#1061=ORIENTED_EDGE('',*,*,#1261,.T.);
#1062=ORIENTED_EDGE('',*,*,#1134,.F.);
#1063=ORIENTED_EDGE('',*,*,#1288,.T.);
#1064=CARTESIAN_POINT('',(-14.58,-6.675,-3.81));
#1065=DIRECTION('',(4.9246440986019E-16,1.0,-7.78017277730516E-16));
#1066=DIRECTION('',(1.0,-4.9246440986019E-16,1.83697019872103E-16));
#1067=SURFACE_STYLE_FILL_AREA(#1289);
#1068=ORIENTED_EDGE('',*,*,#1129,.T.);
#1069=ORIENTED_EDGE('',*,*,#1290,.F.);
#1070=ORIENTED_EDGE('',*,*,#1131,.T.);
#1071=ORIENTED_EDGE('',*,*,#1288,.F.);
#1072=CARTESIAN_POINT('',(-14.58,-8.25,-3.80999999999999));
#1073=DIRECTION('',(3.84407339347188E-16,1.0,-7.78017277730516E-16));
#1074=DIRECTION('',(-1.0,3.84407339347188E-16,-1.83697019872103E-16));
#1075=SURFACE_STYLE_FILL_AREA(#1291);
#1076=ORIENTED_EDGE('',*,*,#1124,.T.);
#1077=ORIENTED_EDGE('',*,*,#1290,.T.);
#1078=ORIENTED_EDGE('',*,*,#1126,.F.);
#1079=ORIENTED_EDGE('',*,*,#1292,.T.);
#1080=CARTESIAN_POINT('',(-14.58,-9.75,-3.80999999999999));
#1081=DIRECTION('',(4.4605694644695E-16,1.0,-7.78017277730516E-16));
#1082=DIRECTION('',(1.0,-4.4605694644695E-16,1.83697019872103E-16));
#1083=SURFACE_STYLE_FILL_AREA(#1293);
#1084=ORIENTED_EDGE('',*,*,#1292,.F.);
#1085=ORIENTED_EDGE('',*,*,#1125,.F.);
#1086=CARTESIAN_POINT('',(-14.755,-9.9,-3.80999999999999));
#1087=DIRECTION('',(-5.68104359219292E-16,-1.0,7.78017277730516E-16));
#1088=DIRECTION('',(-1.0,5.68104359219292E-16,0.0));
#1089=SURFACE_STYLE_FILL_AREA(#1294);
#1090=ORIENTED_EDGE('',*,*,#1295,.F.);
#1091=ORIENTED_EDGE('',*,*,#1296,.F.);
#1092=ORIENTED_EDGE('',*,*,#1121,.F.);
#1093=CARTESIAN_POINT('',(-6.87333016021452E-16,2.245,0.0));
#1094=DIRECTION('',(1.0,8.88178419700125E-17,0.0));
#1095=DIRECTION('',(-8.88178419700125E-17,1.0,0.0));
#1096=SURFACE_STYLE_FILL_AREA(#1297);
#1097=ORIENTED_EDGE('',*,*,#1120,.T.);
#1098=ORIENTED_EDGE('',*,*,#1298,.T.);
#1099=ORIENTED_EDGE('',*,*,#1122,.F.);
#1100=ORIENTED_EDGE('',*,*,#1296,.T.);
#1101=ORIENTED_EDGE('',*,*,#1295,.T.);
#1102=CARTESIAN_POINT('',(-0.200000000000002,-1.77635683940027E-17,0.0));
#1103=DIRECTION('',(-1.0,-4.32367034987546E-17,-0.0));
#1104=DIRECTION('',(4.32367034987546E-17,-1.0,0.0));
#1105=SURFACE_STYLE_FILL_AREA(#1299);
#1106=ORIENTED_EDGE('',*,*,#1115,.T.);
#1107=ORIENTED_EDGE('',*,*,#1298,.F.);
#1108=ORIENTED_EDGE('',*,*,#1117,.T.);
#1109=ORIENTED_EDGE('',*,*,#1221,.T.);
#1110=CARTESIAN_POINT('',(-6.25,-5.55111512312578E-16,0.0));
#1111=DIRECTION('',(-1.0,0.0,0.0));
#1112=DIRECTION('',(0.0,1.0,0.0));
#1113=SURFACE_STYLE_FILL_AREA(#1300);
#1114=FILL_AREA_STYLE('',(#1301));
#1115=EDGE_CURVE('',#1302,#1303,#1304,.T.);
#1116=EDGE_CURVE('',#1302,#1305,#1306,.T.);
#1117=EDGE_CURVE('',#1307,#1305,#1308,.T.);
#1118=EDGE_CURVE('',#1303,#1307,#1309,.T.);
#1119=FILL_AREA_STYLE('',(#1310));
#1120=EDGE_CURVE('',#1311,#1307,#1312,.T.);
#1121=EDGE_CURVE('',#1311,#1313,#1314,.T.);
#1122=EDGE_CURVE('',#1313,#1303,#1315,.T.);
#1123=FILL_AREA_STYLE('',(#1316));
#1124=EDGE_CURVE('',#1317,#1318,#1319,.T.);
#1125=EDGE_CURVE('',#1317,#1320,#1321,.T.);
#1126=EDGE_CURVE('',#1320,#1322,#1323,.T.);
#1127=EDGE_CURVE('',#1322,#1318,#1324,.T.);
#1128=FILL_AREA_STYLE('',(#1325));
#1129=EDGE_CURVE('',#1326,#1322,#1327,.T.);
#1130=EDGE_CURVE('',#1328,#1326,#1329,.T.);
#1131=EDGE_CURVE('',#1318,#1328,#1330,.T.);
#1132=FILL_AREA_STYLE('',(#1331));
#1133=EDGE_CURVE('',#1328,#1332,#1333,.T.);
#1134=EDGE_CURVE('',#1326,#1334,#1335,.T.);
#1135=EDGE_CURVE('',#1334,#1332,#1336,.T.);
#1136=FILL_AREA_STYLE('',(#1337));
#1137=EDGE_CURVE('',#1338,#1339,#1340,.T.);
#1138=EDGE_CURVE('',#1338,#1341,#1342,.T.);
#1139=EDGE_CURVE('',#1341,#1343,#1344,.T.);
#1140=EDGE_CURVE('',#1343,#1339,#1345,.T.);
#1141=FILL_AREA_STYLE('',(#1346));
#1142=EDGE_CURVE('',#1347,#1343,#1348,.T.);
#1143=EDGE_CURVE('',#1349,#1347,#1350,.T.);
#1144=EDGE_CURVE('',#1339,#1349,#1351,.T.);
#1145=FILL_AREA_STYLE('',(#1352));
#1146=EDGE_CURVE('',#1349,#1353,#1354,.T.);
#1147=EDGE_CURVE('',#1347,#1355,#1356,.T.);
#1148=EDGE_CURVE('',#1355,#1353,#1357,.T.);
#1149=FILL_AREA_STYLE('',(#1358));
#1150=EDGE_CURVE('',#1359,#1360,#1361,.T.);
#1151=EDGE_CURVE('',#1359,#1362,#1363,.T.);
#1152=EDGE_CURVE('',#1362,#1364,#1365,.T.);
#1153=EDGE_CURVE('',#1364,#1360,#1366,.T.);
#1154=FILL_AREA_STYLE('',(#1367));
#1155=EDGE_CURVE('',#1368,#1364,#1369,.T.);
#1156=EDGE_CURVE('',#1370,#1368,#1371,.T.);
#1157=EDGE_CURVE('',#1360,#1370,#1372,.T.);
#1158=FILL_AREA_STYLE('',(#1373));
#1159=EDGE_CURVE('',#1370,#1374,#1375,.T.);
#1160=EDGE_CURVE('',#1368,#1376,#1377,.T.);
#1161=EDGE_CURVE('',#1376,#1374,#1378,.T.);
#1162=FILL_AREA_STYLE('',(#1379));
#1163=EDGE_CURVE('',#1380,#1381,#1382,.T.);
#1164=EDGE_CURVE('',#1380,#1383,#1384,.T.);
#1165=EDGE_CURVE('',#1383,#1385,#1386,.T.);
#1166=EDGE_CURVE('',#1385,#1381,#1387,.T.);
#1167=FILL_AREA_STYLE('',(#1388));
#1168=EDGE_CURVE('',#1389,#1385,#1390,.T.);
#1169=EDGE_CURVE('',#1391,#1389,#1392,.T.);
#1170=EDGE_CURVE('',#1381,#1391,#1393,.T.);
#1171=FILL_AREA_STYLE('',(#1394));
#1172=EDGE_CURVE('',#1391,#1395,#1396,.T.);
#1173=EDGE_CURVE('',#1389,#1397,#1398,.T.);
#1174=EDGE_CURVE('',#1397,#1395,#1399,.T.);
#1175=FILL_AREA_STYLE('',(#1400));
#1176=EDGE_CURVE('',#1401,#1402,#1403,.T.);
#1177=EDGE_CURVE('',#1404,#1401,#1405,.T.);
#1178=EDGE_CURVE('',#1406,#1404,#1407,.T.);
#1179=EDGE_CURVE('',#1402,#1406,#1408,.T.);
#1180=FILL_AREA_STYLE('',(#1409));
#1181=EDGE_CURVE('',#1410,#1411,#1412,.T.);
#1182=EDGE_CURVE('',#1410,#1413,#1414,.F.);
#1183=EDGE_CURVE('',#1415,#1413,#1416,.T.);
#1184=EDGE_CURVE('',#1411,#1415,#1417,.T.);
#1185=FILL_AREA_STYLE('',(#1418));
#1186=EDGE_CURVE('',#1411,#1419,#1420,.T.);
#1187=EDGE_CURVE('',#1421,#1415,#1422,.T.);
#1188=EDGE_CURVE('',#1421,#1419,#1423,.T.);
#1189=FILL_AREA_STYLE('',(#1424));
#1190=EDGE_CURVE('',#1425,#1426,#1427,.T.);
#1191=EDGE_CURVE('',#1425,#1428,#1429,.F.);
#1192=EDGE_CURVE('',#1430,#1428,#1431,.T.);
#1193=EDGE_CURVE('',#1426,#1430,#1432,.T.);
#1194=FILL_AREA_STYLE('',(#1433));
#1195=EDGE_CURVE('',#1426,#1434,#1435,.T.);
#1196=EDGE_CURVE('',#1436,#1430,#1437,.T.);
#1197=EDGE_CURVE('',#1436,#1434,#1438,.T.);
#1198=FILL_AREA_STYLE('',(#1439));
#1199=EDGE_CURVE('',#1440,#1441,#1442,.T.);
#1200=EDGE_CURVE('',#1440,#1443,#1444,.F.);
#1201=EDGE_CURVE('',#1445,#1443,#1446,.T.);
#1202=EDGE_CURVE('',#1441,#1445,#1447,.T.);
#1203=FILL_AREA_STYLE('',(#1448));
#1204=EDGE_CURVE('',#1441,#1449,#1450,.T.);
#1205=EDGE_CURVE('',#1451,#1445,#1452,.T.);
#1206=EDGE_CURVE('',#1451,#1449,#1453,.T.);
#1207=FILL_AREA_STYLE('',(#1454));
#1208=EDGE_CURVE('',#1455,#1456,#1457,.T.);
#1209=EDGE_CURVE('',#1455,#1458,#1459,.F.);
#1210=EDGE_CURVE('',#1460,#1458,#1461,.T.);
#1211=EDGE_CURVE('',#1456,#1460,#1462,.T.);
#1212=FILL_AREA_STYLE('',(#1463));
#1213=EDGE_CURVE('',#1456,#1464,#1465,.T.);
#1214=EDGE_CURVE('',#1466,#1460,#1467,.T.);
#1215=EDGE_CURVE('',#1466,#1464,#1468,.T.);
#1216=FILL_AREA_STYLE('',(#1469));
#1217=EDGE_CURVE('',#1401,#1470,#1471,.T.);
#1218=EDGE_CURVE('',#1470,#1472,#1473,.T.);
#1219=EDGE_CURVE('',#1474,#1472,#1475,.T.);
#1220=EDGE_CURVE('',#1474,#1404,#1476,.T.);
#1221=EDGE_CURVE('',#1305,#1302,#1477,.T.);
#1222=FILL_AREA_STYLE('',(#1478));
#1223=EDGE_CURVE('',#1464,#1466,#1479,.T.);
#1224=EDGE_CURVE('',#1460,#1456,#1480,.T.);
#1225=FILL_AREA_STYLE('',(#1481));
#1226=EDGE_CURVE('',#1458,#1455,#1482,.F.);
#1227=FILL_AREA_STYLE('',(#1483));
#1228=FILL_AREA_STYLE('',(#1484));
#1229=EDGE_CURVE('',#1449,#1451,#1485,.T.);
#1230=EDGE_CURVE('',#1445,#1441,#1486,.T.);
#1231=FILL_AREA_STYLE('',(#1487));
#1232=EDGE_CURVE('',#1443,#1440,#1488,.F.);
#1233=FILL_AREA_STYLE('',(#1489));
#1234=FILL_AREA_STYLE('',(#1490));
#1235=EDGE_CURVE('',#1434,#1436,#1491,.T.);
#1236=EDGE_CURVE('',#1430,#1426,#1492,.T.);
#1237=FILL_AREA_STYLE('',(#1493));
#1238=EDGE_CURVE('',#1428,#1425,#1494,.F.);
#1239=FILL_AREA_STYLE('',(#1495));
#1240=FILL_AREA_STYLE('',(#1496));
#1241=EDGE_CURVE('',#1419,#1421,#1497,.T.);
#1242=EDGE_CURVE('',#1415,#1411,#1498,.T.);
#1243=FILL_AREA_STYLE('',(#1499));
#1244=EDGE_CURVE('',#1413,#1410,#1500,.F.);
#1245=FILL_AREA_STYLE('',(#1501));
#1246=FILL_AREA_STYLE('',(#1502));
#1247=EDGE_CURVE('',#1503,#1402,#1504,.T.);
#1248=EDGE_CURVE('',#1470,#1503,#1505,.T.);
#1249=FILL_AREA_STYLE('',(#1506));
#1250=EDGE_CURVE('',#1507,#1503,#1508,.T.);
#1251=EDGE_CURVE('',#1509,#1507,#1510,.T.);
#1252=EDGE_CURVE('',#1472,#1509,#1511,.T.);
#1253=FILL_AREA_STYLE('',(#1512));
#1254=EDGE_CURVE('',#1513,#1474,#1514,.T.);
#1255=EDGE_CURVE('',#1515,#1513,#1516,.T.);
#1256=EDGE_CURVE('',#1406,#1515,#1517,.T.);
#1257=FILL_AREA_STYLE('',(#1518));
#1258=EDGE_CURVE('',#1507,#1515,#1519,.T.);
#1259=FILL_AREA_STYLE('',(#1520));
#1260=EDGE_CURVE('',#1513,#1509,#1521,.T.);
#1261=EDGE_CURVE('',#1332,#1334,#1522,.T.);
#1262=EDGE_CURVE('',#1353,#1355,#1523,.T.);
#1263=EDGE_CURVE('',#1374,#1376,#1524,.T.);
#1264=EDGE_CURVE('',#1395,#1397,#1525,.T.);
#1265=FILL_AREA_STYLE('',(#1526));
#1266=FILL_AREA_STYLE('',(#1527));
#1267=EDGE_CURVE('',#1389,#1391,#1528,.T.);
#1268=FILL_AREA_STYLE('',(#1529));
#1269=EDGE_CURVE('',#1381,#1385,#1530,.T.);
#1270=FILL_AREA_STYLE('',(#1531));
#1271=EDGE_CURVE('',#1383,#1380,#1532,.T.);
#1272=FILL_AREA_STYLE('',(#1533));
#1273=FILL_AREA_STYLE('',(#1534));
#1274=EDGE_CURVE('',#1368,#1370,#1535,.T.);
#1275=FILL_AREA_STYLE('',(#1536));
#1276=EDGE_CURVE('',#1360,#1364,#1537,.T.);
#1277=FILL_AREA_STYLE('',(#1538));
#1278=EDGE_CURVE('',#1362,#1359,#1539,.T.);
#1279=FILL_AREA_STYLE('',(#1540));
#1280=FILL_AREA_STYLE('',(#1541));
#1281=EDGE_CURVE('',#1347,#1349,#1542,.T.);
#1282=FILL_AREA_STYLE('',(#1543));
#1283=EDGE_CURVE('',#1339,#1343,#1544,.T.);
#1284=FILL_AREA_STYLE('',(#1545));
#1285=EDGE_CURVE('',#1341,#1338,#1546,.T.);
#1286=FILL_AREA_STYLE('',(#1547));
#1287=FILL_AREA_STYLE('',(#1548));
#1288=EDGE_CURVE('',#1326,#1328,#1549,.T.);
#1289=FILL_AREA_STYLE('',(#1550));
#1290=EDGE_CURVE('',#1318,#1322,#1551,.T.);
#1291=FILL_AREA_STYLE('',(#1552));
#1292=EDGE_CURVE('',#1320,#1317,#1553,.T.);
#1293=FILL_AREA_STYLE('',(#1554));
#1294=FILL_AREA_STYLE('',(#1555));
#1295=EDGE_CURVE('',#1556,#1311,#1557,.T.);
#1296=EDGE_CURVE('',#1313,#1556,#1558,.T.);
#1297=FILL_AREA_STYLE('',(#1559));
#1298=EDGE_CURVE('',#1307,#1303,#1560,.T.);
#1299=FILL_AREA_STYLE('',(#1561));
#1300=FILL_AREA_STYLE('',(#1562));
#1301=FILL_AREA_STYLE_COLOUR('',#1563);
#1302=VERTEX_POINT('',#1564);
#1303=VERTEX_POINT('',#1565);
#1304=LINE('',#1566,#1567);
#1305=VERTEX_POINT('',#1568);
#1306=CIRCLE('',#1569,4.49);
#1307=VERTEX_POINT('',#1570);
#1308=LINE('',#1571,#1572);
#1309=CIRCLE('',#1573,4.49);
#1310=FILL_AREA_STYLE_COLOUR('',#1574);
#1311=VERTEX_POINT('',#1575);
#1312=LINE('',#1576,#1577);
#1313=VERTEX_POINT('',#1578);
#1314=CIRCLE('',#1579,4.25905989232415);
#1315=LINE('',#1580,#1581);
#1316=FILL_AREA_STYLE_COLOUR('',#1582);
#1317=VERTEX_POINT('',#1583);
#1318=VERTEX_POINT('',#1584);
#1319=LINE('',#1585,#1586);
#1320=VERTEX_POINT('',#1587);
#1321=CIRCLE('',#1588,0.176794919243112);
#1322=VERTEX_POINT('',#1589);
#1323=LINE('',#1590,#1591);
#1324=CIRCLE('',#1592,0.35);
#1325=FILL_AREA_STYLE_COLOUR('',#1593);
#1326=VERTEX_POINT('',#1594);
#1327=LINE('',#1595,#1596);
#1328=VERTEX_POINT('',#1597);
#1329=CIRCLE('',#1598,0.35);
#1330=LINE('',#1599,#1600);
#1331=FILL_AREA_STYLE_COLOUR('',#1601);
#1332=VERTEX_POINT('',#1602);
#1333=LINE('',#1603,#1604);
#1334=VERTEX_POINT('',#1605);
#1335=LINE('',#1606,#1607);
#1336=CIRCLE('',#1608,0.399999999999995);
#1337=FILL_AREA_STYLE_COLOUR('',#1609);
#1338=VERTEX_POINT('',#1610);
#1339=VERTEX_POINT('',#1611);
#1340=LINE('',#1612,#1613);
#1341=VERTEX_POINT('',#1614);
#1342=CIRCLE('',#1615,0.176794919243112);
#1343=VERTEX_POINT('',#1616);
#1344=LINE('',#1617,#1618);
#1345=CIRCLE('',#1619,0.35);
#1346=FILL_AREA_STYLE_COLOUR('',#1620);
#1347=VERTEX_POINT('',#1621);
#1348=LINE('',#1622,#1623);
#1349=VERTEX_POINT('',#1624);
#1350=CIRCLE('',#1625,0.35);
#1351=LINE('',#1626,#1627);
#1352=FILL_AREA_STYLE_COLOUR('',#1628);
#1353=VERTEX_POINT('',#1629);
#1354=LINE('',#1630,#1631);
#1355=VERTEX_POINT('',#1632);
#1356=LINE('',#1633,#1634);
#1357=CIRCLE('',#1635,0.400000000000002);
#1358=FILL_AREA_STYLE_COLOUR('',#1636);
#1359=VERTEX_POINT('',#1637);
#1360=VERTEX_POINT('',#1638);
#1361=LINE('',#1639,#1640);
#1362=VERTEX_POINT('',#1641);
#1363=CIRCLE('',#1642,0.176794919243112);
#1364=VERTEX_POINT('',#1643);
#1365=LINE('',#1644,#1645);
#1366=CIRCLE('',#1646,0.35);
#1367=FILL_AREA_STYLE_COLOUR('',#1647);
#1368=VERTEX_POINT('',#1648);
#1369=LINE('',#1649,#1650);
#1370=VERTEX_POINT('',#1651);
#1371=CIRCLE('',#1652,0.35);
#1372=LINE('',#1653,#1654);
#1373=FILL_AREA_STYLE_COLOUR('',#1655);
#1374=VERTEX_POINT('',#1656);
#1375=LINE('',#1657,#1658);
#1376=VERTEX_POINT('',#1659);
#1377=LINE('',#1660,#1661);
#1378=CIRCLE('',#1662,0.399999999999999);
#1379=FILL_AREA_STYLE_COLOUR('',#1663);
#1380=VERTEX_POINT('',#1664);
#1381=VERTEX_POINT('',#1665);
#1382=LINE('',#1666,#1667);
#1383=VERTEX_POINT('',#1668);
#1384=CIRCLE('',#1669,0.176794919243112);
#1385=VERTEX_POINT('',#1670);
#1386=LINE('',#1671,#1672);
#1387=CIRCLE('',#1673,0.35);
#1388=FILL_AREA_STYLE_COLOUR('',#1674);
#1389=VERTEX_POINT('',#1675);
#1390=LINE('',#1676,#1677);
#1391=VERTEX_POINT('',#1678);
#1392=CIRCLE('',#1679,0.35);
#1393=LINE('',#1680,#1681);
#1394=FILL_AREA_STYLE_COLOUR('',#1682);
#1395=VERTEX_POINT('',#1683);
#1396=LINE('',#1684,#1685);
#1397=VERTEX_POINT('',#1686);
#1398=LINE('',#1687,#1688);
#1399=CIRCLE('',#1689,0.400000000000006);
#1400=FILL_AREA_STYLE_COLOUR('',#1690);
#1401=VERTEX_POINT('',#1691);
#1402=VERTEX_POINT('',#1692);
#1403=LINE('',#1693,#1694);
#1404=VERTEX_POINT('',#1695);
#1405=CIRCLE('',#1696,10.0);
#1406=VERTEX_POINT('',#1697);
#1407=LINE('',#1698,#1699);
#1408=ELLIPSE('',#1700,14.142135623731,10.0);
#1409=FILL_AREA_STYLE_COLOUR('',#1701);
#1410=VERTEX_POINT('',#1702);
#1411=VERTEX_POINT('',#1703);
#1412=LINE('',#1704,#1705);
#1413=VERTEX_POINT('',#1706);
#1414=CIRCLE('',#1707,0.171021416551219);
#1415=VERTEX_POINT('',#1708);
#1416=LINE('',#1709,#1710);
#1417=CIRCLE('',#1711,0.349999999999999);
#1418=FILL_AREA_STYLE_COLOUR('',#1712);
#1419=VERTEX_POINT('',#1713);
#1420=LINE('',#1714,#1715);
#1421=VERTEX_POINT('',#1716);
#1422=LINE('',#1717,#1718);
#1423=CIRCLE('',#1719,0.349999999999999);
#1424=FILL_AREA_STYLE_COLOUR('',#1720);
#1425=VERTEX_POINT('',#1721);
#1426=VERTEX_POINT('',#1722);
#1427=LINE('',#1723,#1724);
#1428=VERTEX_POINT('',#1725);
#1429=CIRCLE('',#1726,0.136380400399839);
#1430=VERTEX_POINT('',#1727);
#1431=LINE('',#1728,#1729);
#1432=CIRCLE('',#1730,0.349999999999999);
#1433=FILL_AREA_STYLE_COLOUR('',#1731);
#1434=VERTEX_POINT('',#1732);
#1435=LINE('',#1733,#1734);
#1436=VERTEX_POINT('',#1735);
#1437=LINE('',#1736,#1737);
#1438=CIRCLE('',#1738,0.349999999999998);
#1439=FILL_AREA_STYLE_COLOUR('',#1739);
#1440=VERTEX_POINT('',#1740);
#1441=VERTEX_POINT('',#1741);
#1442=LINE('',#1742,#1743);
#1443=VERTEX_POINT('',#1744);
#1444=CIRCLE('',#1745,0.171021416551219);
#1445=VERTEX_POINT('',#1746);
#1446=LINE('',#1747,#1748);
#1447=CIRCLE('',#1749,0.349999999999999);
#1448=FILL_AREA_STYLE_COLOUR('',#1750);
#1449=VERTEX_POINT('',#1751);
#1450=LINE('',#1752,#1753);
#1451=VERTEX_POINT('',#1754);
#1452=LINE('',#1755,#1756);
#1453=CIRCLE('',#1757,0.349999999999999);
#1454=FILL_AREA_STYLE_COLOUR('',#1758);
#1455=VERTEX_POINT('',#1759);
#1456=VERTEX_POINT('',#1760);
#1457=LINE('',#1761,#1762);
#1458=VERTEX_POINT('',#1763);
#1459=CIRCLE('',#1764,0.136380400399839);
#1460=VERTEX_POINT('',#1765);
#1461=LINE('',#1766,#1767);
#1462=CIRCLE('',#1768,0.349999999999999);
#1463=FILL_AREA_STYLE_COLOUR('',#1769);
#1464=VERTEX_POINT('',#1770);
#1465=LINE('',#1771,#1772);
#1466=VERTEX_POINT('',#1773);
#1467=LINE('',#1774,#1775);
#1468=CIRCLE('',#1776,0.349999999999998);
#1469=FILL_AREA_STYLE_COLOUR('',#1777);
#1470=VERTEX_POINT('',#1778);
#1471=CIRCLE('',#1779,10.0);
#1472=VERTEX_POINT('',#1780);
#1473=LINE('',#1781,#1782);
#1474=VERTEX_POINT('',#1783);
#1475=LINE('',#1784,#1785);
#1476=LINE('',#1786,#1787);
#1477=CIRCLE('',#1788,4.49);
#1478=FILL_AREA_STYLE_COLOUR('',#1789);
#1479=CIRCLE('',#1790,0.349999999999998);
#1480=CIRCLE('',#1791,0.349999999999999);
#1481=FILL_AREA_STYLE_COLOUR('',#1792);
#1482=CIRCLE('',#1793,0.136380400399839);
#1483=FILL_AREA_STYLE_COLOUR('',#1794);
#1484=FILL_AREA_STYLE_COLOUR('',#1795);
#1485=CIRCLE('',#1796,0.349999999999999);
#1486=CIRCLE('',#1797,0.349999999999999);
#1487=FILL_AREA_STYLE_COLOUR('',#1798);
#1488=CIRCLE('',#1799,0.171021416551219);
#1489=FILL_AREA_STYLE_COLOUR('',#1800);
#1490=FILL_AREA_STYLE_COLOUR('',#1801);
#1491=CIRCLE('',#1802,0.349999999999998);
#1492=CIRCLE('',#1803,0.349999999999999);
#1493=FILL_AREA_STYLE_COLOUR('',#1804);
#1494=CIRCLE('',#1805,0.136380400399839);
#1495=FILL_AREA_STYLE_COLOUR('',#1806);
#1496=FILL_AREA_STYLE_COLOUR('',#1807);
#1497=CIRCLE('',#1808,0.349999999999999);
#1498=CIRCLE('',#1809,0.349999999999999);
#1499=FILL_AREA_STYLE_COLOUR('',#1810);
#1500=CIRCLE('',#1811,0.171021416551219);
#1501=FILL_AREA_STYLE_COLOUR('',#1812);
#1502=FILL_AREA_STYLE_COLOUR('',#1813);
#1503=VERTEX_POINT('',#1814);
#1504=ELLIPSE('',#1815,14.142135623731,10.0);
#1505=LINE('',#1816,#1817);
#1506=FILL_AREA_STYLE_COLOUR('',#1818);
#1507=VERTEX_POINT('',#1819);
#1508=LINE('',#1820,#1821);
#1509=VERTEX_POINT('',#1822);
#1510=LINE('',#1823,#1824);
#1511=LINE('',#1825,#1826);
#1512=FILL_AREA_STYLE_COLOUR('',#1827);
#1513=VERTEX_POINT('',#1828);
#1514=LINE('',#1829,#1830);
#1515=VERTEX_POINT('',#1831);
#1516=LINE('',#1832,#1833);
#1517=LINE('',#1834,#1835);
#1518=FILL_AREA_STYLE_COLOUR('',#1836);
#1519=LINE('',#1837,#1838);
#1520=FILL_AREA_STYLE_COLOUR('',#1839);
#1521=LINE('',#1840,#1841);
#1522=CIRCLE('',#1842,0.399999999999995);
#1523=CIRCLE('',#1843,0.400000000000002);
#1524=CIRCLE('',#1844,0.399999999999999);
#1525=CIRCLE('',#1845,0.400000000000006);
#1526=FILL_AREA_STYLE_COLOUR('',#1846);
#1527=FILL_AREA_STYLE_COLOUR('',#1847);
#1528=CIRCLE('',#1848,0.35);
#1529=FILL_AREA_STYLE_COLOUR('',#1849);
#1530=CIRCLE('',#1850,0.35);
#1531=FILL_AREA_STYLE_COLOUR('',#1851);
#1532=CIRCLE('',#1852,0.176794919243112);
#1533=FILL_AREA_STYLE_COLOUR('',#1853);
#1534=FILL_AREA_STYLE_COLOUR('',#1854);
#1535=CIRCLE('',#1855,0.35);
#1536=FILL_AREA_STYLE_COLOUR('',#1856);
#1537=CIRCLE('',#1857,0.35);
#1538=FILL_AREA_STYLE_COLOUR('',#1858);
#1539=CIRCLE('',#1859,0.176794919243112);
#1540=FILL_AREA_STYLE_COLOUR('',#1860);
#1541=FILL_AREA_STYLE_COLOUR('',#1861);
#1542=CIRCLE('',#1862,0.35);
#1543=FILL_AREA_STYLE_COLOUR('',#1863);
#1544=CIRCLE('',#1864,0.35);
#1545=FILL_AREA_STYLE_COLOUR('',#1865);
#1546=CIRCLE('',#1866,0.176794919243112);
#1547=FILL_AREA_STYLE_COLOUR('',#1867);
#1548=FILL_AREA_STYLE_COLOUR('',#1868);
#1549=CIRCLE('',#1869,0.35);
#1550=FILL_AREA_STYLE_COLOUR('',#1870);
#1551=CIRCLE('',#1871,0.35);
#1552=FILL_AREA_STYLE_COLOUR('',#1872);
#1553=CIRCLE('',#1873,0.176794919243112);
#1554=FILL_AREA_STYLE_COLOUR('',#1874);
#1555=FILL_AREA_STYLE_COLOUR('',#1875);
#1556=VERTEX_POINT('',#1876);
#1557=CIRCLE('',#1877,4.25905989232415);
#1558=CIRCLE('',#1878,4.25905989232415);
#1559=FILL_AREA_STYLE_COLOUR('',#1879);
#1560=CIRCLE('',#1880,4.49);
#1561=FILL_AREA_STYLE_COLOUR('',#1881);
#1562=FILL_AREA_STYLE_COLOUR('',#1882);
#1563=COLOUR_RGB('',0.968627452850342,0.964705884456635,0.917647063732147);
#1564=CARTESIAN_POINT('',(-11.7,4.49,5.49848252866247E-16));
#1565=CARTESIAN_POINT('',(-0.400000000000003,4.49,5.49866412817162E-16));
#1566=CARTESIAN_POINT('',(-6.25,4.49,5.49848252866247E-16));
#1567=VECTOR('',#1883,1.0);
#1568=CARTESIAN_POINT('',(-11.7,-4.49,-5.49866412817162E-16));
#1569=AXIS2_PLACEMENT_3D('',#1884,#1885,#1886);
#1570=CARTESIAN_POINT('',(-0.400000000000003,-4.49,-5.49866412817162E-16));
#1571=CARTESIAN_POINT('',(-6.25,-4.49,-5.49866412817162E-16));
#1572=VECTOR('',#1887,4.49);
#1573=AXIS2_PLACEMENT_3D('',#1888,#1889,#1890);
#1574=COLOUR_RGB('',0.968627452850342,0.964705884456635,0.917647063732147);
#1575=CARTESIAN_POINT('',(-1.21319852624056E-16,-4.25905989232415,5.2156718054502E-16));
#1576=CARTESIAN_POINT('',(-0.200000000000002,-4.37452994616208,5.35707716705635E-16));
#1577=VECTOR('',#1891,1.0);
#1578=CARTESIAN_POINT('',(-3.81639164714898E-16,4.25905989232415,5.21584406451164E-16));
#1579=AXIS2_PLACEMENT_3D('',#1892,#1893,#1894);
#1580=CARTESIAN_POINT('',(-0.200000000000002,4.37452994616208,5.35725409634163E-16));
#1581=VECTOR('',#1895,4.37452994616208);
#1582=COLOUR_RGB('',0.819607853889465,0.670588254928589,0.0392156876623631);
#1583=CARTESIAN_POINT('',(-14.4032050807569,-9.9,-3.80999999999999));
#1584=CARTESIAN_POINT('',(-14.23,-9.6,-3.80999999999999));
#1585=CARTESIAN_POINT('',(-14.3166025403784,-9.75,-3.80999999999999));
#1586=VECTOR('',#1896,1.0);
#1587=CARTESIAN_POINT('',(-14.7567949192431,-9.9,-3.80999999999999));
#1588=AXIS2_PLACEMENT_3D('',#1897,#1898,#1899);
#1589=CARTESIAN_POINT('',(-14.93,-9.6,-3.80999999999999));
#1590=CARTESIAN_POINT('',(-14.8433974596216,-9.75,-3.80999999999999));
#1591=VECTOR('',#1900,0.263397459621556);
#1592=AXIS2_PLACEMENT_3D('',#1901,#1902,#1903);
#1593=COLOUR_RGB('',0.819607853889465,0.670588254928589,0.0392156876623631);
#1594=CARTESIAN_POINT('',(-14.93,-6.75,-3.81));
#1595=CARTESIAN_POINT('',(-14.93,-8.25,-3.80999999999999));
#1596=VECTOR('',#1904,1.0);
#1597=CARTESIAN_POINT('',(-14.23,-6.75,-3.81));
#1598=AXIS2_PLACEMENT_3D('',#1905,#1906,#1907);
#1599=CARTESIAN_POINT('',(-14.23,-8.25,-3.80999999999999));
#1600=VECTOR('',#1908,0.35);
#1601=COLOUR_RGB('',0.819607853889465,0.670588254928589,0.0392156876623631);
#1602=CARTESIAN_POINT('',(-14.18,-6.70000000000001,-3.81));
#1603=CARTESIAN_POINT('',(-14.155,-6.675,-3.81));
#1604=VECTOR('',#1909,1.0);
#1605=CARTESIAN_POINT('',(-14.98,-6.70000000000001,-3.81));
#1606=CARTESIAN_POINT('',(-15.005,-6.675,-3.81));
#1607=VECTOR('',#1910,0.425);
#1608=AXIS2_PLACEMENT_3D('',#1911,#1912,#1913);
#1609=COLOUR_RGB('',0.819607853889465,0.670588254928589,0.0392156876623631);
#1610=CARTESIAN_POINT('',(-14.4032050807569,-9.9,3.81000000000001));
#1611=CARTESIAN_POINT('',(-14.23,-9.6,3.81000000000001));
#1612=CARTESIAN_POINT('',(-14.3166025403784,-9.75,3.81000000000001));
#1613=VECTOR('',#1914,1.0);
#1614=CARTESIAN_POINT('',(-14.7567949192431,-9.9,3.81000000000001));
#1615=AXIS2_PLACEMENT_3D('',#1915,#1916,#1917);
#1616=CARTESIAN_POINT('',(-14.93,-9.6,3.81000000000001));
#1617=CARTESIAN_POINT('',(-14.8433974596216,-9.75,3.81000000000001));
#1618=VECTOR('',#1918,0.263397459621556);
#1619=AXIS2_PLACEMENT_3D('',#1919,#1920,#1921);
#1620=COLOUR_RGB('',0.819607853889465,0.670588254928589,0.0392156876623631);
#1621=CARTESIAN_POINT('',(-14.93,-6.75,3.81));
#1622=CARTESIAN_POINT('',(-14.93,-8.25,3.81000000000001));
#1623=VECTOR('',#1922,1.0);
#1624=CARTESIAN_POINT('',(-14.23,-6.75,3.81));
#1625=AXIS2_PLACEMENT_3D('',#1923,#1924,#1925);
#1626=CARTESIAN_POINT('',(-14.23,-8.25,3.81000000000001));
#1627=VECTOR('',#1926,0.35);
#1628=COLOUR_RGB('',0.819607853889465,0.670588254928589,0.0392156876623631);
#1629=CARTESIAN_POINT('',(-14.18,-6.7,3.81));
#1630=CARTESIAN_POINT('',(-14.155,-6.675,3.81));
#1631=VECTOR('',#1927,1.0);
#1632=CARTESIAN_POINT('',(-14.98,-6.7,3.81));
#1633=CARTESIAN_POINT('',(-15.005,-6.675,3.81));
#1634=VECTOR('',#1928,0.425);
#1635=AXIS2_PLACEMENT_3D('',#1929,#1930,#1931);
#1636=COLOUR_RGB('',0.819607853889465,0.670588254928589,0.0392156876623631);
#1637=CARTESIAN_POINT('',(-22.0232050807569,-9.9,-3.80999999999999));
#1638=CARTESIAN_POINT('',(-21.85,-9.6,-3.80999999999999));
#1639=CARTESIAN_POINT('',(-21.9366025403784,-9.75,-3.80999999999999));
#1640=VECTOR('',#1932,1.0);
#1641=CARTESIAN_POINT('',(-22.3767949192431,-9.9,-3.80999999999999));
#1642=AXIS2_PLACEMENT_3D('',#1933,#1934,#1935);
#1643=CARTESIAN_POINT('',(-22.55,-9.6,-3.80999999999999));
#1644=CARTESIAN_POINT('',(-22.4633974596216,-9.75,-3.80999999999999));
#1645=VECTOR('',#1936,0.263397459621556);
#1646=AXIS2_PLACEMENT_3D('',#1937,#1938,#1939);
#1647=COLOUR_RGB('',0.819607853889465,0.670588254928589,0.0392156876623631);
#1648=CARTESIAN_POINT('',(-22.55,-6.75,-3.81));
#1649=CARTESIAN_POINT('',(-22.55,-8.25,-3.80999999999999));
#1650=VECTOR('',#1940,1.0);
#1651=CARTESIAN_POINT('',(-21.85,-6.75,-3.81));
#1652=AXIS2_PLACEMENT_3D('',#1941,#1942,#1943);
#1653=CARTESIAN_POINT('',(-21.85,-8.25,-3.80999999999999));
#1654=VECTOR('',#1944,0.35);
#1655=COLOUR_RGB('',0.819607853889465,0.670588254928589,0.0392156876623631);
#1656=CARTESIAN_POINT('',(-21.8,-6.7,-3.81));
#1657=CARTESIAN_POINT('',(-21.775,-6.675,-3.81));
#1658=VECTOR('',#1945,1.0);
#1659=CARTESIAN_POINT('',(-22.6,-6.7,-3.81));
#1660=CARTESIAN_POINT('',(-22.625,-6.675,-3.81));
#1661=VECTOR('',#1946,0.425);
#1662=AXIS2_PLACEMENT_3D('',#1947,#1948,#1949);
#1663=COLOUR_RGB('',0.819607853889465,0.670588254928589,0.0392156876623631);
#1664=CARTESIAN_POINT('',(-22.0232050807569,-9.9,3.81000000000001));
#1665=CARTESIAN_POINT('',(-21.85,-9.6,3.81000000000001));
#1666=CARTESIAN_POINT('',(-21.9366025403784,-9.75,3.81000000000001));
#1667=VECTOR('',#1950,1.0);
#1668=CARTESIAN_POINT('',(-22.3767949192431,-9.9,3.81000000000001));
#1669=AXIS2_PLACEMENT_3D('',#1951,#1952,#1953);
#1670=CARTESIAN_POINT('',(-22.55,-9.6,3.81000000000001));
#1671=CARTESIAN_POINT('',(-22.4633974596216,-9.75,3.81000000000001));
#1672=VECTOR('',#1954,0.263397459621556);
#1673=AXIS2_PLACEMENT_3D('',#1955,#1956,#1957);
#1674=COLOUR_RGB('',0.819607853889465,0.670588254928589,0.0392156876623631);
#1675=CARTESIAN_POINT('',(-22.55,-6.75,3.81));
#1676=CARTESIAN_POINT('',(-22.55,-8.25,3.81000000000001));
#1677=VECTOR('',#1958,1.0);
#1678=CARTESIAN_POINT('',(-21.85,-6.75,3.81));
#1679=AXIS2_PLACEMENT_3D('',#1959,#1960,#1961);
#1680=CARTESIAN_POINT('',(-21.85,-8.25,3.81000000000001));
#1681=VECTOR('',#1962,0.35);
#1682=COLOUR_RGB('',0.819607853889465,0.670588254928589,0.0392156876623631);
#1683=CARTESIAN_POINT('',(-21.8,-6.7,3.81));
#1684=CARTESIAN_POINT('',(-21.775,-6.675,3.81));
#1685=VECTOR('',#1963,1.0);
#1686=CARTESIAN_POINT('',(-22.6,-6.7,3.81));
#1687=CARTESIAN_POINT('',(-22.625,-6.675,3.81));
#1688=VECTOR('',#1964,0.425);
#1689=AXIS2_PLACEMENT_3D('',#1965,#1966,#1967);
#1690=COLOUR_RGB('',0.847058832645416,0.835294127464294,0.737254917621613);
#1691=CARTESIAN_POINT('',(-11.7,6.0,-1.22460635382238E-15));
#1692=CARTESIAN_POINT('',(-19.2,6.00000000000003,-1.22460635382238E-15));
#1693=CARTESIAN_POINT('',(-16.3948335422575,6.0,-1.22460635382238E-15));
#1694=VECTOR('',#1968,1.0);
#1695=CARTESIAN_POINT('',(-11.7,4.11033291548504,-5.85));
#1696=AXIS2_PLACEMENT_3D('',#1969,#1970,#1971);
#1697=CARTESIAN_POINT('',(-21.089667084515,4.11033291548503,-5.85));
#1698=CARTESIAN_POINT('',(-18.35,4.11033291548503,-5.85));
#1699=VECTOR('',#1972,10.0);
#1700=AXIS2_PLACEMENT_3D('',#1973,#1974,#1975);
#1701=COLOUR_RGB('',0.819607853889465,0.670588254928589,0.0392156876623631);
#1702=CARTESIAN_POINT('',(-19.7660214165512,-9.87499999999998,-1.27));
#1703=CARTESIAN_POINT('',(-19.945,-9.56499999999999,-1.27));
#1704=CARTESIAN_POINT('',(-19.8583974596216,-9.71499999999999,-1.27));
#1705=VECTOR('',#1976,1.0);
#1706=CARTESIAN_POINT('',(-19.4239785834488,-9.87499999999998,-1.27));
#1707=AXIS2_PLACEMENT_3D('',#1977,#1978,#1979);
#1708=CARTESIAN_POINT('',(-19.245,-9.56499999999999,-1.27));
#1709=CARTESIAN_POINT('',(-19.3316025403785,-9.71499999999999,-1.27));
#1710=VECTOR('',#1980,0.263397459621556);
#1711=AXIS2_PLACEMENT_3D('',#1981,#1982,#1983);
#1712=COLOUR_RGB('',0.819607853889465,0.670588254928589,0.0392156876623631);
#1713=CARTESIAN_POINT('',(-19.945,-6.69999999999999,-1.27));
#1714=CARTESIAN_POINT('',(-19.945,-8.13249999999999,-1.27));
#1715=VECTOR('',#1984,1.0);
#1716=CARTESIAN_POINT('',(-19.245,-6.69999999999999,-1.27));
#1717=CARTESIAN_POINT('',(-19.245,-2.0588194187433,-1.27));
#1718=VECTOR('',#1985,0.349999999999999);
#1719=AXIS2_PLACEMENT_3D('',#1986,#1987,#1988);
#1720=COLOUR_RGB('',0.819607853889465,0.670588254928589,0.0392156876623631);
#1721=CARTESIAN_POINT('',(-17.1913804003998,-9.875,1.27));
#1722=CARTESIAN_POINT('',(-17.405,-9.505,1.27));
#1723=CARTESIAN_POINT('',(-17.3183974596216,-9.655,1.27));
#1724=VECTOR('',#1989,1.0);
#1725=CARTESIAN_POINT('',(-16.9186195996002,-9.875,1.27));
#1726=AXIS2_PLACEMENT_3D('',#1990,#1991,#1992);
#1727=CARTESIAN_POINT('',(-16.705,-9.505,1.27));
#1728=CARTESIAN_POINT('',(-16.7916025403784,-9.655,1.27));
#1729=VECTOR('',#1993,0.263397459621556);
#1730=AXIS2_PLACEMENT_3D('',#1994,#1995,#1996);
#1731=COLOUR_RGB('',0.819607853889465,0.670588254928589,0.0392156876623631);
#1732=CARTESIAN_POINT('',(-17.405,-6.7,1.27));
#1733=CARTESIAN_POINT('',(-17.405,-8.1025,1.27));
#1734=VECTOR('',#1997,1.0);
#1735=CARTESIAN_POINT('',(-16.705,-6.7,1.27));
#1736=CARTESIAN_POINT('',(-16.705,-4.17381941874332,1.27));
#1737=VECTOR('',#1998,0.349999999999998);
#1738=AXIS2_PLACEMENT_3D('',#1999,#2000,#2001);
#1739=COLOUR_RGB('',0.819607853889465,0.670588254928589,0.0392156876623631);
#1740=CARTESIAN_POINT('',(-19.7660214165512,-9.87499999999999,1.27));
#1741=CARTESIAN_POINT('',(-19.945,-9.565,1.27));
#1742=CARTESIAN_POINT('',(-19.8583974596216,-9.71499999999999,1.27));
#1743=VECTOR('',#2002,1.0);
#1744=CARTESIAN_POINT('',(-19.4239785834488,-9.87499999999999,1.27));
#1745=AXIS2_PLACEMENT_3D('',#2003,#2004,#2005);
#1746=CARTESIAN_POINT('',(-19.245,-9.56499999999999,1.27));
#1747=CARTESIAN_POINT('',(-19.3316025403784,-9.71499999999999,1.27));
#1748=VECTOR('',#2006,0.263397459621556);
#1749=AXIS2_PLACEMENT_3D('',#2007,#2008,#2009);
#1750=COLOUR_RGB('',0.819607853889465,0.670588254928589,0.0392156876623631);
#1751=CARTESIAN_POINT('',(-19.945,-6.7,1.27));
#1752=CARTESIAN_POINT('',(-19.945,-8.1325,1.27));
#1753=VECTOR('',#2010,1.0);
#1754=CARTESIAN_POINT('',(-19.245,-6.7,1.27));
#1755=CARTESIAN_POINT('',(-19.245,-2.05881941874331,1.27));
#1756=VECTOR('',#2011,0.349999999999999);
#1757=AXIS2_PLACEMENT_3D('',#2012,#2013,#2014);
#1758=COLOUR_RGB('',0.819607853889465,0.670588254928589,0.0392156876623631);
#1759=CARTESIAN_POINT('',(-17.1913804003998,-9.87500000000002,-1.27));
#1760=CARTESIAN_POINT('',(-17.405,-9.50500000000002,-1.27));
#1761=CARTESIAN_POINT('',(-17.3183974596216,-9.65500000000002,-1.27));
#1762=VECTOR('',#2015,1.0);
#1763=CARTESIAN_POINT('',(-16.9186195996002,-9.87500000000002,-1.27));
#1764=AXIS2_PLACEMENT_3D('',#2016,#2017,#2018);
#1765=CARTESIAN_POINT('',(-16.705,-9.50500000000002,-1.27));
#1766=CARTESIAN_POINT('',(-16.7916025403785,-9.65500000000002,-1.27));
#1767=VECTOR('',#2019,0.263397459621556);
#1768=AXIS2_PLACEMENT_3D('',#2020,#2021,#2022);
#1769=COLOUR_RGB('',0.819607853889465,0.670588254928589,0.0392156876623631);
#1770=CARTESIAN_POINT('',(-17.405,-6.7,-1.27));
#1771=CARTESIAN_POINT('',(-17.405,-8.10250000000001,-1.27));
#1772=VECTOR('',#2023,1.0);
#1773=CARTESIAN_POINT('',(-16.705,-6.7,-1.27));
#1774=CARTESIAN_POINT('',(-16.705,-4.17381941874334,-1.27));
#1775=VECTOR('',#2024,0.349999999999998);
#1776=AXIS2_PLACEMENT_3D('',#2025,#2026,#2027);
#1777=COLOUR_RGB('',0.847058832645416,0.835294127464294,0.737254917621613);
#1778=CARTESIAN_POINT('',(-11.7,4.11033291548503,5.85));
#1779=AXIS2_PLACEMENT_3D('',#2028,#2029,#2030);
#1780=CARTESIAN_POINT('',(-11.7,-6.7,5.85));
#1781=CARTESIAN_POINT('',(-11.7,-6.7,5.85));
#1782=VECTOR('',#2031,10.0);
#1783=CARTESIAN_POINT('',(-11.7,-6.7,-5.85));
#1784=CARTESIAN_POINT('',(-11.7,-6.7,0.0));
#1785=VECTOR('',#2032,10.0);
#1786=CARTESIAN_POINT('',(-11.7,-6.7,-5.85));
#1787=VECTOR('',#2033,10.0);
#1788=AXIS2_PLACEMENT_3D('',#2034,#2035,#2036);
#1789=COLOUR_RGB('',0.819607853889465,0.670588254928589,0.0392156876623631);
#1790=AXIS2_PLACEMENT_3D('',#2037,#2038,#2039);
#1791=AXIS2_PLACEMENT_3D('',#2040,#2041,#2042);
#1792=COLOUR_RGB('',0.819607853889465,0.670588254928589,0.0392156876623631);
#1793=AXIS2_PLACEMENT_3D('',#2043,#2044,#2045);
#1794=COLOUR_RGB('',0.819607853889465,0.670588254928589,0.0392156876623631);
#1795=COLOUR_RGB('',0.819607853889465,0.670588254928589,0.0392156876623631);
#1796=AXIS2_PLACEMENT_3D('',#2046,#2047,#2048);
#1797=AXIS2_PLACEMENT_3D('',#2049,#2050,#2051);
#1798=COLOUR_RGB('',0.819607853889465,0.670588254928589,0.0392156876623631);
#1799=AXIS2_PLACEMENT_3D('',#2052,#2053,#2054);
#1800=COLOUR_RGB('',0.819607853889465,0.670588254928589,0.0392156876623631);
#1801=COLOUR_RGB('',0.819607853889465,0.670588254928589,0.0392156876623631);
#1802=AXIS2_PLACEMENT_3D('',#2055,#2056,#2057);
#1803=AXIS2_PLACEMENT_3D('',#2058,#2059,#2060);
#1804=COLOUR_RGB('',0.819607853889465,0.670588254928589,0.0392156876623631);
#1805=AXIS2_PLACEMENT_3D('',#2061,#2062,#2063);
#1806=COLOUR_RGB('',0.819607853889465,0.670588254928589,0.0392156876623631);
#1807=COLOUR_RGB('',0.819607853889465,0.670588254928589,0.0392156876623631);
#1808=AXIS2_PLACEMENT_3D('',#2064,#2065,#2066);
#1809=AXIS2_PLACEMENT_3D('',#2067,#2068,#2069);
#1810=COLOUR_RGB('',0.819607853889465,0.670588254928589,0.0392156876623631);
#1811=AXIS2_PLACEMENT_3D('',#2070,#2071,#2072);
#1812=COLOUR_RGB('',0.819607853889465,0.670588254928589,0.0392156876623631);
#1813=COLOUR_RGB('',0.847058832645416,0.835294127464294,0.737254917621613);
#1814=CARTESIAN_POINT('',(-21.089667084515,4.11033291548503,5.85));
#1815=AXIS2_PLACEMENT_3D('',#2073,#2074,#2075);
#1816=CARTESIAN_POINT('',(-18.35,4.11033291548503,5.85));
#1817=VECTOR('',#2076,10.0);
#1818=COLOUR_RGB('',0.847058832645416,0.835294127464294,0.737254917621613);
#1819=CARTESIAN_POINT('',(-25.0,0.2,5.85));
#1820=CARTESIAN_POINT('',(-19.2,6.0,5.85));
#1821=VECTOR('',#2077,10.0);
#1822=CARTESIAN_POINT('',(-25.0,-6.7,5.85));
#1823=CARTESIAN_POINT('',(-25.0,0.2,5.85));
#1824=VECTOR('',#2078,10.0);
#1825=CARTESIAN_POINT('',(-25.0,-6.7,5.85));
#1826=VECTOR('',#2079,10.0);
#1827=COLOUR_RGB('',0.847058832645416,0.835294127464294,0.737254917621613);
#1828=CARTESIAN_POINT('',(-25.0,-6.7,-5.85));
#1829=CARTESIAN_POINT('',(-25.0,-6.7,-5.85));
#1830=VECTOR('',#2080,10.0);
#1831=CARTESIAN_POINT('',(-25.0,0.2,-5.85));
#1832=CARTESIAN_POINT('',(-25.0,0.2,-5.85));
#1833=VECTOR('',#2081,10.0);
#1834=CARTESIAN_POINT('',(-19.2,6.0,-5.85));
#1835=VECTOR('',#2082,10.0);
#1836=COLOUR_RGB('',0.847058832645416,0.835294127464294,0.737254917621613);
#1837=CARTESIAN_POINT('',(-25.0,0.2,0.0));
#1838=VECTOR('',#2083,10.0);
#1839=COLOUR_RGB('',0.847058832645416,0.835294127464294,0.737254917621613);
#1840=CARTESIAN_POINT('',(-25.0,-6.7,0.0));
#1841=VECTOR('',#2084,10.0);
#1842=AXIS2_PLACEMENT_3D('',#2085,#2086,#2087);
#1843=AXIS2_PLACEMENT_3D('',#2088,#2089,#2090);
#1844=AXIS2_PLACEMENT_3D('',#2091,#2092,#2093);
#1845=AXIS2_PLACEMENT_3D('',#2094,#2095,#2096);
#1846=COLOUR_RGB('',0.847058832645416,0.835294127464294,0.737254917621613);
#1847=COLOUR_RGB('',0.819607853889465,0.670588254928589,0.0392156876623631);
#1848=AXIS2_PLACEMENT_3D('',#2097,#2098,#2099);
#1849=COLOUR_RGB('',0.819607853889465,0.670588254928589,0.0392156876623631);
#1850=AXIS2_PLACEMENT_3D('',#2100,#2101,#2102);
#1851=COLOUR_RGB('',0.819607853889465,0.670588254928589,0.0392156876623631);
#1852=AXIS2_PLACEMENT_3D('',#2103,#2104,#2105);
#1853=COLOUR_RGB('',0.819607853889465,0.670588254928589,0.0392156876623631);
#1854=COLOUR_RGB('',0.819607853889465,0.670588254928589,0.0392156876623631);
#1855=AXIS2_PLACEMENT_3D('',#2106,#2107,#2108);
#1856=COLOUR_RGB('',0.819607853889465,0.670588254928589,0.0392156876623631);
#1857=AXIS2_PLACEMENT_3D('',#2109,#2110,#2111);
#1858=COLOUR_RGB('',0.819607853889465,0.670588254928589,0.0392156876623631);
#1859=AXIS2_PLACEMENT_3D('',#2112,#2113,#2114);
#1860=COLOUR_RGB('',0.819607853889465,0.670588254928589,0.0392156876623631);
#1861=COLOUR_RGB('',0.819607853889465,0.670588254928589,0.0392156876623631);
#1862=AXIS2_PLACEMENT_3D('',#2115,#2116,#2117);
#1863=COLOUR_RGB('',0.819607853889465,0.670588254928589,0.0392156876623631);
#1864=AXIS2_PLACEMENT_3D('',#2118,#2119,#2120);
#1865=COLOUR_RGB('',0.819607853889465,0.670588254928589,0.0392156876623631);
#1866=AXIS2_PLACEMENT_3D('',#2121,#2122,#2123);
#1867=COLOUR_RGB('',0.819607853889465,0.670588254928589,0.0392156876623631);
#1868=COLOUR_RGB('',0.819607853889465,0.670588254928589,0.0392156876623631);
#1869=AXIS2_PLACEMENT_3D('',#2124,#2125,#2126);
#1870=COLOUR_RGB('',0.819607853889465,0.670588254928589,0.0392156876623631);
#1871=AXIS2_PLACEMENT_3D('',#2127,#2128,#2129);
#1872=COLOUR_RGB('',0.819607853889465,0.670588254928589,0.0392156876623631);
#1873=AXIS2_PLACEMENT_3D('',#2130,#2131,#2132);
#1874=COLOUR_RGB('',0.819607853889465,0.670588254928589,0.0392156876623631);
#1875=COLOUR_RGB('',0.968627452850342,0.964705884456635,0.917647063732147);
#1876=CARTESIAN_POINT('',(-4.87936960798774E-16,-1.00345034229416E-31,-4.25905989232415));
#1877=AXIS2_PLACEMENT_3D('',#2133,#2134,#2135);
#1878=AXIS2_PLACEMENT_3D('',#2136,#2137,#2138);
#1879=COLOUR_RGB('',0.968627452850342,0.964705884456635,0.917647063732147);
#1880=AXIS2_PLACEMENT_3D('',#2139,#2140,#2141);
#1881=COLOUR_RGB('',0.968627452850342,0.964705884456635,0.917647063732147);
#1882=COLOUR_RGB('',0.749019622802734,0.749019622802734,0.749019622802734);
#1883=DIRECTION('',(1.0,-0.0,-0.0));
#1884=CARTESIAN_POINT('',(-11.7,-1.03916875104915E-15,0.0));
#1885=DIRECTION('',(1.0,0.0,0.0));
#1886=DIRECTION('',(0.0,1.0,0.0));
#1887=DIRECTION('',(-1.0,-8.88178419700125E-17,0.0));
#1888=CARTESIAN_POINT('',(-0.400000000000003,-3.55271367880053E-17,0.0));
#1889=DIRECTION('',(1.0,0.0,0.0));
#1890=DIRECTION('',(0.0,-1.0,0.0));
#1891=DIRECTION('',(-0.866025403784438,-0.500000000000001,6.1230317691119E-17));
#1892=CARTESIAN_POINT('',(-4.85722573273506E-16,-1.00148357108136E-31,0.0));
#1893=DIRECTION('',(-1.0,-8.88178419700125E-17,0.0));
#1894=DIRECTION('',(8.88178419700125E-17,-1.0,0.0));
#1895=DIRECTION('',(-0.866025403784438,0.500000000000001,6.12323399573678E-17));
#1896=DIRECTION('',(0.500000000000001,0.866025403784438,-6.73782727097839E-16));
#1897=CARTESIAN_POINT('',(-14.58,-9.9,-3.80999999999999));
#1898=DIRECTION('',(5.68104359219291E-16,1.0,-7.78017277730516E-16));
#1899=DIRECTION('',(1.0,-5.68104359219291E-16,1.83697019872104E-16));
#1900=DIRECTION('',(-0.5,0.866025403784439,-8.26863576991259E-16));
#1901=CARTESIAN_POINT('',(-14.58,-9.6,-3.80999999999999));
#1902=DIRECTION('',(-3.84407339347188E-16,-1.0,7.78017277730516E-16));
#1903=DIRECTION('',(1.0,-3.84407339347188E-16,1.83697019872103E-16));
#1904=DIRECTION('',(-3.84407339347188E-16,-1.0,7.78017277730516E-16));
#1905=CARTESIAN_POINT('',(-14.58,-6.75,-3.81));
#1906=DIRECTION('',(3.84407339347188E-16,1.0,-7.78017277730516E-16));
#1907=DIRECTION('',(1.0,-3.84407339347188E-16,1.83697019872103E-16));
#1908=DIRECTION('',(5.68104359219292E-16,1.0,-7.78017277730516E-16));
#1909=DIRECTION('',(0.707106781186546,0.707106781186549,-5.50141292963546E-16));
#1910=DIRECTION('',(-0.707106781186546,0.707106781186549,-7.66630307022419E-16));
#1911=CARTESIAN_POINT('',(-14.58,-6.70000000000001,-3.81));
#1912=DIRECTION('',(-4.9246440986019E-16,-1.0,-9.04642444843908E-32));
#1913=DIRECTION('',(1.0,-4.9246440986019E-16,1.83697019872103E-16));
#1914=DIRECTION('',(0.500000000000001,0.866025403784438,-6.73782727097839E-16));
#1915=CARTESIAN_POINT('',(-14.58,-9.9,3.81000000000001));
#1916=DIRECTION('',(5.68104359219291E-16,1.0,-7.78017277730516E-16));
#1917=DIRECTION('',(1.0,-5.68104359219291E-16,1.83697019872104E-16));
#1918=DIRECTION('',(-0.5,0.866025403784439,-8.26863576991259E-16));
#1919=CARTESIAN_POINT('',(-14.58,-9.6,3.81000000000001));
#1920=DIRECTION('',(-3.84407339347188E-16,-1.0,7.78017277730516E-16));
#1921=DIRECTION('',(1.0,-3.84407339347188E-16,1.83697019872103E-16));
#1922=DIRECTION('',(-3.84407339347188E-16,-1.0,7.78017277730516E-16));
#1923=CARTESIAN_POINT('',(-14.58,-6.75,3.81));
#1924=DIRECTION('',(3.84407339347188E-16,1.0,-7.78017277730516E-16));
#1925=DIRECTION('',(1.0,-3.84407339347188E-16,1.83697019872103E-16));
#1926=DIRECTION('',(5.68104359219292E-16,1.0,-7.78017277730516E-16));
#1927=DIRECTION('',(0.707106781186547,0.707106781186548,-5.50141292963546E-16));
#1928=DIRECTION('',(-0.707106781186546,0.707106781186549,-7.66630307022419E-16));
#1929=CARTESIAN_POINT('',(-14.58,-6.7,3.81));
#1930=DIRECTION('',(-4.9246440986019E-16,-1.0,-9.04642444843908E-32));
#1931=DIRECTION('',(1.0,-4.9246440986019E-16,1.83697019872103E-16));
#1932=DIRECTION('',(0.499999999999998,0.86602540378444,-6.73782727097841E-16));
#1933=CARTESIAN_POINT('',(-22.2,-9.9,-3.80999999999999));
#1934=DIRECTION('',(5.68104359219291E-16,1.0,-7.78017277730516E-16));
#1935=DIRECTION('',(1.0,-5.68104359219291E-16,1.83697019872104E-16));
#1936=DIRECTION('',(-0.5,0.866025403784439,-8.26863576991259E-16));
#1937=CARTESIAN_POINT('',(-22.2,-9.6,-3.80999999999999));
#1938=DIRECTION('',(-3.84407339347188E-16,-1.0,7.78017277730516E-16));
#1939=DIRECTION('',(1.0,-3.84407339347188E-16,1.83697019872103E-16));
#1940=DIRECTION('',(-3.84407339347188E-16,-1.0,7.78017277730516E-16));
#1941=CARTESIAN_POINT('',(-22.2,-6.75,-3.81));
#1942=DIRECTION('',(3.84407339347188E-16,1.0,-7.78017277730516E-16));
#1943=DIRECTION('',(1.0,-3.84407339347188E-16,1.83697019872103E-16));
#1944=DIRECTION('',(5.68104359219292E-16,1.0,-7.78017277730516E-16));
#1945=DIRECTION('',(0.707106781186546,0.707106781186549,-5.50141292963546E-16));
#1946=DIRECTION('',(-0.707106781186546,0.707106781186549,-7.66630307022419E-16));
#1947=CARTESIAN_POINT('',(-22.2,-6.7,-3.81));
#1948=DIRECTION('',(-4.9246440986019E-16,-1.0,-9.04642444843913E-32));
#1949=DIRECTION('',(1.0,-4.9246440986019E-16,1.83697019872104E-16));
#1950=DIRECTION('',(0.499999999999998,0.86602540378444,-6.73782727097841E-16));
#1951=CARTESIAN_POINT('',(-22.2,-9.9,3.81000000000001));
#1952=DIRECTION('',(5.68104359219291E-16,1.0,-7.78017277730516E-16));
#1953=DIRECTION('',(1.0,-5.68104359219291E-16,1.83697019872104E-16));
#1954=DIRECTION('',(-0.5,0.866025403784439,-8.26863576991259E-16));
#1955=CARTESIAN_POINT('',(-22.2,-9.6,3.81000000000001));
#1956=DIRECTION('',(-3.84407339347188E-16,-1.0,7.78017277730516E-16));
#1957=DIRECTION('',(1.0,-3.84407339347188E-16,1.83697019872103E-16));
#1958=DIRECTION('',(-3.84407339347188E-16,-1.0,7.78017277730516E-16));
#1959=CARTESIAN_POINT('',(-22.2,-6.75,3.81));
#1960=DIRECTION('',(3.84407339347188E-16,1.0,-7.78017277730516E-16));
#1961=DIRECTION('',(1.0,-3.84407339347188E-16,1.83697019872103E-16));
#1962=DIRECTION('',(5.68104359219292E-16,1.0,-7.78017277730516E-16));
#1963=DIRECTION('',(0.707106781186546,0.707106781186549,-5.50141292963546E-16));
#1964=DIRECTION('',(-0.707106781186546,0.707106781186549,-7.66630307022419E-16));
#1965=CARTESIAN_POINT('',(-22.2,-6.7,3.81));
#1966=DIRECTION('',(-4.9246440986019E-16,-1.0,-9.04642444843908E-32));
#1967=DIRECTION('',(1.0,-4.9246440986019E-16,1.83697019872103E-16));
#1968=DIRECTION('',(-1.0,-2.69144975666705E-16,-0.0));
#1969=CARTESIAN_POINT('',(-11.7,-4.0,0.0));
#1970=DIRECTION('',(1.0,2.69144975666705E-16,0.0));
#1971=DIRECTION('',(-2.69144975666705E-16,1.0,0.0));
#1972=DIRECTION('',(1.0,2.85585990004824E-16,0.0));
#1973=CARTESIAN_POINT('',(-29.2,-4.00000000000001,0.0));
#1974=DIRECTION('',(-0.707106781186548,0.707106781186547,0.0));
#1975=DIRECTION('',(0.707106781186547,0.707106781186548,0.0));
#1976=DIRECTION('',(-0.499999999999996,0.866025403784441,-1.69539441454412E-17));
#1977=CARTESIAN_POINT('',(-19.595,-9.87499999999998,-1.27));
#1978=DIRECTION('',(-1.19434011948697E-15,-1.0,1.95767284323927E-17));
#1979=DIRECTION('',(-1.0,1.19434011948697E-15,1.72405884453253E-16));
#1980=DIRECTION('',(-0.5,-0.866025403784439,1.64389226329435E-16));
#1981=CARTESIAN_POINT('',(-19.595,-9.56499999999999,-1.27));
#1982=DIRECTION('',(1.19434011948697E-15,1.0,-1.95767284323926E-17));
#1983=DIRECTION('',(-1.0,1.19434011948697E-15,1.72405884453253E-16));
#1984=DIRECTION('',(1.19434011948697E-15,1.0,-1.95767284323926E-17));
#1985=DIRECTION('',(-8.88178419700127E-16,-1.0,1.95767284323926E-17));
#1986=CARTESIAN_POINT('',(-19.595,-6.69999999999999,-1.27));
#1987=DIRECTION('',(-1.19434011948697E-15,-1.0,2.05911264638155E-31));
#1988=DIRECTION('',(-1.0,1.19434011948697E-15,1.72405884453253E-16));
#1989=DIRECTION('',(-0.499999999999997,0.86602540378444,-4.56181317778255E-19));
#1990=CARTESIAN_POINT('',(-17.055,-9.875,1.27));
#1991=DIRECTION('',(8.24163588319614E-17,-1.0,5.26752813237104E-19));
#1992=DIRECTION('',(-1.0,-8.24163588319614E-17,-6.89375361127768E-17));
#1993=DIRECTION('',(-0.499999999999997,-0.86602540378444,2.72197532187574E-17));
#1994=CARTESIAN_POINT('',(-17.055,-9.505,1.27));
#1995=DIRECTION('',(-8.24163588319614E-17,1.0,-5.26752813237104E-19));
#1996=DIRECTION('',(-1.0,-8.24163588319614E-17,-6.89375361127768E-17));
#1997=DIRECTION('',(-8.24163588319614E-17,1.0,-5.26752813237104E-19));
#1998=DIRECTION('',(3.885780586188E-16,-1.0,5.26752813237125E-19));
#1999=CARTESIAN_POINT('',(-17.055,-6.7,1.27));
#2000=DIRECTION('',(8.24163588319614E-17,-1.0,5.68158071326191E-33));
#2001=DIRECTION('',(-1.0,-8.24163588319614E-17,-6.89375361127768E-17));
#2002=DIRECTION('',(-0.499999999999997,0.86602540378444,2.35386072287473E-46));
#2003=CARTESIAN_POINT('',(-19.595,-9.87499999999999,1.27));
#2004=DIRECTION('',(-3.0616169978684E-16,-1.0,-2.71800424397322E-46));
#2005=DIRECTION('',(-1.0,3.0616169978684E-16,-1.4791141972894E-31));
#2006=DIRECTION('',(-0.499999999999999,-0.866025403784439,6.12323399573675E-17));
#2007=CARTESIAN_POINT('',(-19.595,-9.56499999999999,1.27));
#2008=DIRECTION('',(3.0616169978684E-16,1.0,2.71800424397322E-46));
#2009=DIRECTION('',(-1.0,3.0616169978684E-16,-1.4791141972894E-31));
#2010=DIRECTION('',(3.0616169978684E-16,1.0,2.71800424397322E-46));
#2011=DIRECTION('',(-1.97215226305253E-30,-1.0,-2.26515612715225E-46));
#2012=CARTESIAN_POINT('',(-19.595,-6.7,1.27));
#2013=DIRECTION('',(-3.0616169978684E-16,-1.0,-4.5284811682097E-47));
#2014=DIRECTION('',(-1.0,3.0616169978684E-16,-1.4791141972894E-31));
#2015=DIRECTION('',(-0.499999999999994,0.866025403784442,3.06428728580695E-47));
#2016=CARTESIAN_POINT('',(-17.055,-9.87500000000002,-1.27));
#2017=DIRECTION('',(-3.06161699786844E-16,-1.0,-3.53833417866997E-47));
#2018=DIRECTION('',(-1.0,3.06161699786844E-16,-4.68386162474976E-31));
#2019=DIRECTION('',(-0.499999999999998,-0.86602540378444,6.12323399573671E-17));
#2020=CARTESIAN_POINT('',(-17.055,-9.50500000000002,-1.27));
#2021=DIRECTION('',(3.06161699786844E-16,1.0,3.53833417866998E-47));
#2022=DIRECTION('',(-1.0,3.06161699786844E-16,-4.68386162474976E-31));
#2023=DIRECTION('',(3.06161699786844E-16,1.0,3.53833417866998E-47));
#2024=DIRECTION('',(-5.81784917600496E-30,-1.0,1.08018561873273E-46));
#2025=CARTESIAN_POINT('',(-17.055,-6.7,-1.27));
#2026=DIRECTION('',(-3.06161699786844E-16,-1.0,-1.43401903659976E-46));
#2027=DIRECTION('',(-1.0,3.06161699786844E-16,-4.68386162474976E-31));
#2028=CARTESIAN_POINT('',(-11.7,-4.0,0.0));
#2029=DIRECTION('',(1.0,2.69144975666705E-16,0.0));
#2030=DIRECTION('',(-2.69144975666705E-16,1.0,0.0));
#2031=DIRECTION('',(6.1710840470759E-17,-1.0,0.0));
#2032=DIRECTION('',(0.0,0.0,1.0));
#2033=DIRECTION('',(-6.1710840470759E-17,1.0,0.0));
#2034=CARTESIAN_POINT('',(-11.7,-1.03916875104915E-15,0.0));
#2035=DIRECTION('',(1.0,0.0,0.0));
#2036=DIRECTION('',(0.0,1.0,0.0));
#2037=CARTESIAN_POINT('',(-17.055,-6.7,-1.27));
#2038=DIRECTION('',(-3.06161699786844E-16,-1.0,-1.43401903659976E-46));
#2039=DIRECTION('',(-1.0,3.06161699786844E-16,-4.68386162474976E-31));
#2040=CARTESIAN_POINT('',(-17.055,-9.50500000000002,-1.27));
#2041=DIRECTION('',(3.06161699786844E-16,1.0,3.53833417866998E-47));
#2042=DIRECTION('',(-1.0,3.06161699786844E-16,-4.68386162474976E-31));
#2043=CARTESIAN_POINT('',(-17.055,-9.87500000000002,-1.27));
#2044=DIRECTION('',(-3.06161699786844E-16,-1.0,-3.53833417866997E-47));
#2045=DIRECTION('',(-1.0,3.06161699786844E-16,-4.68386162474976E-31));
#2046=CARTESIAN_POINT('',(-19.595,-6.7,1.27));
#2047=DIRECTION('',(-3.0616169978684E-16,-1.0,-4.5284811682097E-47));
#2048=DIRECTION('',(-1.0,3.0616169978684E-16,-1.4791141972894E-31));
#2049=CARTESIAN_POINT('',(-19.595,-9.56499999999999,1.27));
#2050=DIRECTION('',(3.0616169978684E-16,1.0,2.71800424397322E-46));
#2051=DIRECTION('',(-1.0,3.0616169978684E-16,-1.4791141972894E-31));
#2052=CARTESIAN_POINT('',(-19.595,-9.87499999999999,1.27));
#2053=DIRECTION('',(-3.0616169978684E-16,-1.0,-2.71800424397322E-46));
#2054=DIRECTION('',(-1.0,3.0616169978684E-16,-1.4791141972894E-31));
#2055=CARTESIAN_POINT('',(-17.055,-6.7,1.27));
#2056=DIRECTION('',(8.24163588319614E-17,-1.0,5.68158071326191E-33));
#2057=DIRECTION('',(-1.0,-8.24163588319614E-17,-6.89375361127768E-17));
#2058=CARTESIAN_POINT('',(-17.055,-9.505,1.27));
#2059=DIRECTION('',(-8.24163588319614E-17,1.0,-5.26752813237104E-19));
#2060=DIRECTION('',(-1.0,-8.24163588319614E-17,-6.89375361127768E-17));
#2061=CARTESIAN_POINT('',(-17.055,-9.875,1.27));
#2062=DIRECTION('',(8.24163588319614E-17,-1.0,5.26752813237104E-19));
#2063=DIRECTION('',(-1.0,-8.24163588319614E-17,-6.89375361127768E-17));
#2064=CARTESIAN_POINT('',(-19.595,-6.69999999999999,-1.27));
#2065=DIRECTION('',(-1.19434011948697E-15,-1.0,2.05911264638155E-31));
#2066=DIRECTION('',(-1.0,1.19434011948697E-15,1.72405884453253E-16));
#2067=CARTESIAN_POINT('',(-19.595,-9.56499999999999,-1.27));
#2068=DIRECTION('',(1.19434011948697E-15,1.0,-1.95767284323926E-17));
#2069=DIRECTION('',(-1.0,1.19434011948697E-15,1.72405884453253E-16));
#2070=CARTESIAN_POINT('',(-19.595,-9.87499999999998,-1.27));
#2071=DIRECTION('',(-1.19434011948697E-15,-1.0,1.95767284323927E-17));
#2072=DIRECTION('',(-1.0,1.19434011948697E-15,1.72405884453253E-16));
#2073=CARTESIAN_POINT('',(-29.2,-4.00000000000001,0.0));
#2074=DIRECTION('',(-0.707106781186548,0.707106781186547,0.0));
#2075=DIRECTION('',(0.707106781186547,0.707106781186548,0.0));
#2076=DIRECTION('',(-1.0,-2.85585990004824E-16,0.0));
#2077=DIRECTION('',(0.707106781186547,0.707106781186548,0.0));
#2078=DIRECTION('',(0.0,1.0,0.0));
#2079=DIRECTION('',(-1.0,0.0,0.0));
#2080=DIRECTION('',(1.0,0.0,0.0));
#2081=DIRECTION('',(0.0,-1.0,0.0));
#2082=DIRECTION('',(-0.707106781186547,-0.707106781186548,0.0));
#2083=DIRECTION('',(0.0,0.0,-1.0));
#2084=DIRECTION('',(0.0,0.0,1.0));
#2085=CARTESIAN_POINT('',(-14.58,-6.70000000000001,-3.81));
#2086=DIRECTION('',(-4.9246440986019E-16,-1.0,-9.04642444843908E-32));
#2087=DIRECTION('',(1.0,-4.9246440986019E-16,1.83697019872103E-16));
#2088=CARTESIAN_POINT('',(-14.58,-6.7,3.81));
#2089=DIRECTION('',(-4.9246440986019E-16,-1.0,-9.04642444843908E-32));
#2090=DIRECTION('',(1.0,-4.9246440986019E-16,1.83697019872103E-16));
#2091=CARTESIAN_POINT('',(-22.2,-6.7,-3.81));
#2092=DIRECTION('',(-4.9246440986019E-16,-1.0,-9.04642444843913E-32));
#2093=DIRECTION('',(1.0,-4.9246440986019E-16,1.83697019872104E-16));
#2094=CARTESIAN_POINT('',(-22.2,-6.7,3.81));
#2095=DIRECTION('',(-4.9246440986019E-16,-1.0,-9.04642444843908E-32));
#2096=DIRECTION('',(1.0,-4.9246440986019E-16,1.83697019872103E-16));
#2097=CARTESIAN_POINT('',(-22.2,-6.75,3.81));
#2098=DIRECTION('',(3.84407339347188E-16,1.0,-7.78017277730516E-16));
#2099=DIRECTION('',(1.0,-3.84407339347188E-16,1.83697019872103E-16));
#2100=CARTESIAN_POINT('',(-22.2,-9.6,3.81000000000001));
#2101=DIRECTION('',(-3.84407339347188E-16,-1.0,7.78017277730516E-16));
#2102=DIRECTION('',(1.0,-3.84407339347188E-16,1.83697019872103E-16));
#2103=CARTESIAN_POINT('',(-22.2,-9.9,3.81000000000001));
#2104=DIRECTION('',(5.68104359219291E-16,1.0,-7.78017277730516E-16));
#2105=DIRECTION('',(1.0,-5.68104359219291E-16,1.83697019872104E-16));
#2106=CARTESIAN_POINT('',(-22.2,-6.75,-3.81));
#2107=DIRECTION('',(3.84407339347188E-16,1.0,-7.78017277730516E-16));
#2108=DIRECTION('',(1.0,-3.84407339347188E-16,1.83697019872103E-16));
#2109=CARTESIAN_POINT('',(-22.2,-9.6,-3.80999999999999));
#2110=DIRECTION('',(-3.84407339347188E-16,-1.0,7.78017277730516E-16));
#2111=DIRECTION('',(1.0,-3.84407339347188E-16,1.83697019872103E-16));
#2112=CARTESIAN_POINT('',(-22.2,-9.9,-3.80999999999999));
#2113=DIRECTION('',(5.68104359219291E-16,1.0,-7.78017277730516E-16));
#2114=DIRECTION('',(1.0,-5.68104359219291E-16,1.83697019872104E-16));
#2115=CARTESIAN_POINT('',(-14.58,-6.75,3.81));
#2116=DIRECTION('',(3.84407339347188E-16,1.0,-7.78017277730516E-16));
#2117=DIRECTION('',(1.0,-3.84407339347188E-16,1.83697019872103E-16));
#2118=CARTESIAN_POINT('',(-14.58,-9.6,3.81000000000001));
#2119=DIRECTION('',(-3.84407339347188E-16,-1.0,7.78017277730516E-16));
#2120=DIRECTION('',(1.0,-3.84407339347188E-16,1.83697019872103E-16));
#2121=CARTESIAN_POINT('',(-14.58,-9.9,3.81000000000001));
#2122=DIRECTION('',(5.68104359219291E-16,1.0,-7.78017277730516E-16));
#2123=DIRECTION('',(1.0,-5.68104359219291E-16,1.83697019872104E-16));
#2124=CARTESIAN_POINT('',(-14.58,-6.75,-3.81));
#2125=DIRECTION('',(3.84407339347188E-16,1.0,-7.78017277730516E-16));
#2126=DIRECTION('',(1.0,-3.84407339347188E-16,1.83697019872103E-16));
#2127=CARTESIAN_POINT('',(-14.58,-9.6,-3.80999999999999));
#2128=DIRECTION('',(-3.84407339347188E-16,-1.0,7.78017277730516E-16));
#2129=DIRECTION('',(1.0,-3.84407339347188E-16,1.83697019872103E-16));
#2130=CARTESIAN_POINT('',(-14.58,-9.9,-3.80999999999999));
#2131=DIRECTION('',(5.68104359219291E-16,1.0,-7.78017277730516E-16));
#2132=DIRECTION('',(1.0,-5.68104359219291E-16,1.83697019872104E-16));
#2133=CARTESIAN_POINT('',(-4.85722573273506E-16,-1.00148357108136E-31,0.0));
#2134=DIRECTION('',(-1.0,-8.88178419700125E-17,0.0));
#2135=DIRECTION('',(8.88178419700125E-17,-1.0,0.0));
#2136=CARTESIAN_POINT('',(-4.85722573273506E-16,-1.00148357108136E-31,0.0));
#2137=DIRECTION('',(-1.0,-8.88178419700125E-17,0.0));
#2138=DIRECTION('',(8.88178419700125E-17,-1.0,0.0));
#2139=CARTESIAN_POINT('',(-0.400000000000003,-3.55271367880053E-17,0.0));
#2140=DIRECTION('',(1.0,0.0,0.0));
#2141=DIRECTION('',(0.0,-1.0,0.0));
ENDSEC;
END-ISO-10303-21;
