ISO-10303-21;
HEADER;
FILE_DESCRIPTION (( 'STEP AP214' ),
    '1' );
FILE_NAME ('STL36DN6F7.STEP',
    '2025-07-10T14:52:23',
    ( '' ),
    ( '' ),
    'SwSTEP 2.0',
    'SolidWorks 2020',
    '' );
FILE_SCHEMA (( 'AUTOMOTIVE_DESIGN' ));
ENDSEC;

DATA;
#1 = COLOUR_RGB ( '',0.2509803921568627416, 0.2509803921568627416, 0.2509803921568627416 ) ;
#2 = CARTESIAN_POINT ( 'NONE',  ( 2.205000000000000071, 0.000000000000000000, -2.600000000000000089 ) ) ;
#3 = ORIENTED_EDGE ( 'NONE', *, *, #5408, .T. ) ;
#4 = DIRECTION ( 'NONE',  ( 0.000000000000000000, -1.000000000000000000, 0.000000000000000000 ) ) ;
#5 = FACE_OUTER_BOUND ( 'NONE', #4428, .T. ) ;
#6 = MECHANICAL_DESIGN_GEOMETRIC_PRESENTATION_REPRESENTATION (  '', ( #1674 ), #1579 ) ;
#7 = EDGE_CURVE ( 'NONE', #28, #1603, #238, .T. ) ;
#8 = CIRCLE ( 'NONE', #3886, 0.09593194274698166324 ) ;
#9 = PLANE ( 'NONE',  #239 ) ;
#10 = ORIENTED_EDGE ( 'NONE', *, *, #1848, .F. ) ;
#11 = CARTESIAN_POINT ( 'NONE',  ( -2.199999999999987299, 0.000000000000000000, 0.6649999999999737232 ) ) ;
#12 = DIRECTION ( 'NONE',  ( 0.000000000000000000, 0.000000000000000000, 1.000000000000000000 ) ) ;
#13 = VECTOR ( 'NONE', #1876, 1000.000000000000000 ) ;
#14 = ORIENTED_EDGE ( 'NONE', *, *, #4706, .F. ) ;
#15 = DIRECTION ( 'NONE',  ( -0.000000000000000000, 1.000000000000000000, 0.000000000000000000 ) ) ;
#16 = CIRCLE ( 'NONE', #1679, 0.09593194274698166324 ) ;
#17 = CARTESIAN_POINT ( 'NONE',  ( 2.205000000000000071, 0.2500000000000000000, -2.600000000000000089 ) ) ;
#18 = EDGE_CURVE ( 'NONE', #5042, #2065, #1427, .T. ) ;
#19 = EDGE_LOOP ( 'NONE', ( #4248, #3291, #1827, #3522 ) ) ;
#20 = DIRECTION ( 'NONE',  ( 0.000000000000000000, -1.000000000000000000, 0.000000000000000000 ) ) ;
#21 = FILL_AREA_STYLE ('',( #3790 ) ) ;
#22 = ORIENTED_EDGE ( 'NONE', *, *, #1138, .T. ) ;
#23 = FACE_OUTER_BOUND ( 'NONE', #1583, .T. ) ;
#24 = DIRECTION ( 'NONE',  ( 0.000000000000000000, -1.000000000000000000, 0.000000000000000000 ) ) ;
#25 = CARTESIAN_POINT ( 'NONE',  ( -0.1490680572530187764, 0.2500000000000000000, 2.245931942746980159 ) ) ;
#26 = VERTEX_POINT ( 'NONE', #1953 ) ;
#27 = CARTESIAN_POINT ( 'NONE',  ( 3.075000000000000178, 0.000000000000000000, -0.4349999999999680234 ) ) ;
#28 = VERTEX_POINT ( 'NONE', #643 ) ;
#29 = PLANE ( 'NONE',  #2829 ) ;
#30 = CARTESIAN_POINT ( 'NONE',  ( -2.199999999999987299, 0.05000000000000000278, 0.6049999999999764455 ) ) ;
#31 = ORIENTED_EDGE ( 'NONE', *, *, #4113, .T. ) ;
#32 = AXIS2_PLACEMENT_3D ( 'NONE', #2543, #3847, #41 ) ;
#33 = DIRECTION ( 'NONE',  ( 0.000000000000000000, 1.000000000000000000, 0.000000000000000000 ) ) ;
#34 = ORIENTED_EDGE ( 'NONE', *, *, #2308, .F. ) ;
#35 = SURFACE_STYLE_USAGE ( .BOTH. , #4657 ) ;
#36 = CARTESIAN_POINT ( 'NONE',  ( 3.000000000000000000, 0.2500000000000000000, 2.299999999999999822 ) ) ;
#37 = SURFACE_STYLE_USAGE ( .BOTH. , #2869 ) ;
#38 = ORIENTED_EDGE ( 'NONE', *, *, #4263, .F. ) ;
#39 =( NAMED_UNIT ( * ) SI_UNIT ( $, .STERADIAN. ) SOLID_ANGLE_UNIT ( ) );
#40 = DIRECTION ( 'NONE',  ( 0.000000000000000000, -1.000000000000000000, 0.000000000000000000 ) ) ;
#41 = DIRECTION ( 'NONE',  ( 0.000000000000000000, 0.000000000000000000, 1.000000000000000000 ) ) ;
#42 = ORIENTED_EDGE ( 'NONE', *, *, #282, .T. ) ;
#43 = DIRECTION ( 'NONE',  ( 0.000000000000000000, 1.000000000000000000, 0.000000000000000000 ) ) ;
#44 = EDGE_LOOP ( 'NONE', ( #2860, #2168, #2711, #254, #3785, #1061 ) ) ;
#45 = CARTESIAN_POINT ( 'NONE',  ( 2.674999999999999822, 0.05000000000000000278, 0.3250000000000002887 ) ) ;
#46 =( NAMED_UNIT ( * ) PLANE_ANGLE_UNIT ( ) SI_UNIT ( $, .RADIAN. ) );
#47 = EDGE_CURVE ( 'NONE', #1117, #1889, #3999, .T. ) ;
#48 = EDGE_LOOP ( 'NONE', ( #1785, #3908, #4019, #4791 ) ) ;
#49 = LINE ( 'NONE', #2917, #4125 ) ;
#50 = CARTESIAN_POINT ( 'NONE',  ( 1.609068057253020045, 0.000000000000000000, -2.245931942746980159 ) ) ;
#51 = LINE ( 'NONE', #454, #4429 ) ;
#52 = AXIS2_PLACEMENT_3D ( 'NONE', #1350, #3945, #600 ) ;
#53 = ORIENTED_EDGE ( 'NONE', *, *, #4425, .F. ) ;
#54 = LINE ( 'NONE', #27, #3624 ) ;
#55 = EDGE_CURVE ( 'NONE', #5257, #1830, #4862, .T. ) ;
#56 = ORIENTED_EDGE ( 'NONE', *, *, #3462, .T. ) ;
#57 = FILL_AREA_STYLE ('',( #4237 ) ) ;
#58 = EDGE_CURVE ( 'NONE', #1664, #3631, #4021, .T. ) ;
#59 = DIRECTION ( 'NONE',  ( 0.000000000000000000, 0.000000000000000000, -1.000000000000000000 ) ) ;
#60 = DIRECTION ( 'NONE',  ( 0.000000000000000000, -1.000000000000000000, 0.000000000000000000 ) ) ;
#61 = CARTESIAN_POINT ( 'NONE',  ( -0.2449999999999999956, 0.2500000000000000000, -2.500000000000000000 ) ) ;
#62 = CARTESIAN_POINT ( 'NONE',  ( -0.2449999999999999956, 0.2500000000000000000, 2.600000000000000089 ) ) ;
#63 = VECTOR ( 'NONE', #135, 1000.000000000000000 ) ;
#64 = FACE_OUTER_BOUND ( 'NONE', #2913, .T. ) ;
#65 = EDGE_LOOP ( 'NONE', ( #2769, #5274, #2523, #425, #4498, #1967 ) ) ;
#66 = ADVANCED_FACE ( 'NONE', ( #1001 ), #2706, .T. ) ;
#67 = LINE ( 'NONE', #2062, #2601 ) ;
#68 = ORIENTED_EDGE ( 'NONE', *, *, #712, .F. ) ;
#69 = DIRECTION ( 'NONE',  ( -1.000000000000000000, 0.000000000000000000, 0.000000000000000000 ) ) ;
#70 = ORIENTED_EDGE ( 'NONE', *, *, #3592, .F. ) ;
#71 = CARTESIAN_POINT ( 'NONE',  ( 2.205000000000000071, 0.000000000000000000, -2.295931942746979981 ) ) ;
#72 = VERTEX_POINT ( 'NONE', #2728 ) ;
#73 = CARTESIAN_POINT ( 'NONE',  ( 2.876151621335850006, 1.000000000000000000, 2.299999999999999822 ) ) ;
#74 = ORIENTED_EDGE ( 'NONE', *, *, #2729, .T. ) ;
#75 = FILL_AREA_STYLE_COLOUR ( '', #5196 ) ;
#76 = DIRECTION ( 'NONE',  ( 0.000000000000000000, 0.000000000000000000, -1.000000000000000000 ) ) ;
#77 = DIRECTION ( 'NONE',  ( 0.000000000000000000, 1.000000000000000000, 0.000000000000000000 ) ) ;
#78 = CIRCLE ( 'NONE', #3426, 0.05000000000000012768 ) ;
#79 = VERTEX_POINT ( 'NONE', #3598 ) ;
#80 = CARTESIAN_POINT ( 'NONE',  ( -0.7449999999999999956, 0.2500000000000000000, -2.500000000000000000 ) ) ;
#81 = ORIENTED_EDGE ( 'NONE', *, *, #870, .F. ) ;
#82 = AXIS2_PLACEMENT_3D ( 'NONE', #3911, #944, #3937 ) ;
#83 = PLANE ( 'NONE',  #2570 ) ;
#84 = LINE ( 'NONE', #173, #4178 ) ;
#85 =( NAMED_UNIT ( * ) PLANE_ANGLE_UNIT ( ) SI_UNIT ( $, .RADIAN. ) );
#86 = ORIENTED_EDGE ( 'NONE', *, *, #2025, .F. ) ;
#87 = ADVANCED_FACE ( 'NONE', ( #1887 ), #4390, .F. ) ;
#88 = LINE ( 'NONE', #704, #5046 ) ;
#89 = DIRECTION ( 'NONE',  ( 0.000000000000000000, 0.000000000000000000, -1.000000000000000000 ) ) ;
#90 = LINE ( 'NONE', #1766, #1423 ) ;
#91 = AXIS2_PLACEMENT_3D ( 'NONE', #1026, #3956, #4440 ) ;
#92 = AXIS2_PLACEMENT_3D ( 'NONE', #2746, #2266, #4112 ) ;
#93 = UNCERTAINTY_MEASURE_WITH_UNIT (LENGTH_MEASURE( 1.000000000000000082E-05 ), #2019, 'distance_accuracy_value', 'NONE');
#94 = CARTESIAN_POINT ( 'NONE',  ( -2.199999999999973532, -1.084202172485504434E-16, -0.6050000000000262945 ) ) ;
#95 = EDGE_CURVE ( 'NONE', #5255, #3212, #3686, .T. ) ;
#96 =( GEOMETRIC_REPRESENTATION_CONTEXT ( 3 ) GLOBAL_UNCERTAINTY_ASSIGNED_CONTEXT ( ( #2723 ) ) GLOBAL_UNIT_ASSIGNED_CONTEXT ( ( #2836, #128, #39 ) ) REPRESENTATION_CONTEXT ( 'NONE', 'WORKASPACE' ) );
#97 = EDGE_LOOP ( 'NONE', ( #3229, #4253, #1289, #4589 ) ) ;
#98 = CARTESIAN_POINT ( 'NONE',  ( -2.799999999999999822, 0.2500000000000000000, 2.500000000000000000 ) ) ;
#99 = CARTESIAN_POINT ( 'NONE',  ( 2.799999999999999822, 0.2500000000000000000, 2.299999999999999822 ) ) ;
#100 = ORIENTED_EDGE ( 'NONE', *, *, #4360, .F. ) ;
#101 = DIRECTION ( 'NONE',  ( -1.000000000000000000, 0.000000000000000000, -9.912705577010320619E-15 ) ) ;
#102 = VECTOR ( 'NONE', #1981, 1000.000000000000000 ) ;
#103 = CARTESIAN_POINT ( 'NONE',  ( -2.799999999999999822, 0.2500000000000000000, 2.500000000000000000 ) ) ;
#104 = CARTESIAN_POINT ( 'NONE',  ( -0.8290680572530189085, 0.000000000000000000, 2.054068057253019663 ) ) ;
#105 = ORIENTED_EDGE ( 'NONE', *, *, #4861, .F. ) ;
#106 = AXIS2_PLACEMENT_3D ( 'NONE', #2867, #4, #2119 ) ;
#107 = AXIS2_PLACEMENT_3D ( 'NONE', #1866, #2224, #5152 ) ;
#108 = SURFACE_SIDE_STYLE ('',( #3439 ) ) ;
#109 = DIRECTION ( 'NONE',  ( 0.000000000000000000, 0.000000000000000000, 1.000000000000000000 ) ) ;
#110 = EDGE_LOOP ( 'NONE', ( #4964, #3912, #5173, #310 ) ) ;
#111 = CARTESIAN_POINT ( 'NONE',  ( -2.370000000000000107, -0.4366062299143245173, 1.874999999999974909 ) ) ;
#112 = CARTESIAN_POINT ( 'NONE',  ( 2.674999999999999822, -0.8249999999999999556, -0.3249999999999996780 ) ) ;
#113 = CIRCLE ( 'NONE', #2678, 0.05000000000000012768 ) ;
#114 = VECTOR ( 'NONE', #5157, 1000.000000000000000 ) ;
#115 = LINE ( 'NONE', #1843, #785 ) ;
#116 = ORIENTED_EDGE ( 'NONE', *, *, #1874, .F. ) ;
#117 = EDGE_CURVE ( 'NONE', #4713, #1862, #4881, .T. ) ;
#118 = CARTESIAN_POINT ( 'NONE',  ( -0.8499999999999999778, 0.2500000000000000000, -1.256278847860922143 ) ) ;
#119 = PLANE ( 'NONE',  #4723 ) ;
#120 = CARTESIAN_POINT ( 'NONE',  ( -2.799999999999999822, 0.05000000000000000278, -2.149999999999999911 ) ) ;
#121 = DIRECTION ( 'NONE',  ( -0.000000000000000000, -0.000000000000000000, 1.000000000000000000 ) ) ;
#122 = DIRECTION ( 'NONE',  ( -0.000000000000000000, 1.000000000000000000, 0.000000000000000000 ) ) ;
#123 = EDGE_CURVE ( 'NONE', #974, #519, #2372, .T. ) ;
#124 = UNCERTAINTY_MEASURE_WITH_UNIT (LENGTH_MEASURE( 1.000000000000000082E-05 ), #3102, 'distance_accuracy_value', 'NONE');
#125 = MECHANICAL_DESIGN_GEOMETRIC_PRESENTATION_REPRESENTATION (  '', ( #3368 ), #5040 ) ;
#126 = DIRECTION ( 'NONE',  ( 1.097926250618142057E-14, 0.000000000000000000, 1.000000000000000000 ) ) ;
#127 = ORIENTED_EDGE ( 'NONE', *, *, #2431, .F. ) ;
#128 =( NAMED_UNIT ( * ) PLANE_ANGLE_UNIT ( ) SI_UNIT ( $, .RADIAN. ) );
#129 = EDGE_LOOP ( 'NONE', ( #1552, #1523, #1453, #1002 ) ) ;
#130 = EDGE_CURVE ( 'NONE', #4654, #140, #2549, .T. ) ;
#131 = CARTESIAN_POINT ( 'NONE',  ( -2.200000000000000178, 0.05000000000000002359, 1.874999999999976463 ) ) ;
#132 = ADVANCED_FACE ( 'NONE', ( #2485 ), #1618, .T. ) ;
#133 = PLANE ( 'NONE',  #4276 ) ;
#134 = VECTOR ( 'NONE', #3457, 1000.000000000000000 ) ;
#135 = DIRECTION ( 'NONE',  ( 0.000000000000000000, -1.000000000000000000, 0.000000000000000000 ) ) ;
#136 = ORIENTED_EDGE ( 'NONE', *, *, #1441, .T. ) ;
#137 = CARTESIAN_POINT ( 'NONE',  ( -0.7449999999999999956, 0.05000000000000000278, -2.500000000000000000 ) ) ;
#138 = ORIENTED_EDGE ( 'NONE', *, *, #3022, .T. ) ;
#139 = FILL_AREA_STYLE_COLOUR ( '', #678 ) ;
#140 = VERTEX_POINT ( 'NONE', #4192 ) ;
#141 = LINE ( 'NONE', #4294, #3542 ) ;
#142 = ADVANCED_FACE ( 'NONE', ( #730 ), #1116, .T. ) ;
#143 = CARTESIAN_POINT ( 'NONE',  ( 1.699999999999999956, 0.9000000000000000222, -0.5999999999999999778 ) ) ;
#144 =( NAMED_UNIT ( * ) PLANE_ANGLE_UNIT ( ) SI_UNIT ( $, .RADIAN. ) );
#145 = ORIENTED_EDGE ( 'NONE', *, *, #484, .F. ) ;
#146 = CARTESIAN_POINT ( 'NONE',  ( -2.799999999999999822, 0.05000000000000000278, -2.299999999999999822 ) ) ;
#147 = SURFACE_STYLE_FILL_AREA ( #3389 ) ;
#148 = DIRECTION ( 'NONE',  ( 1.000000000000000000, 0.000000000000000000, 0.000000000000000000 ) ) ;
#149 = CARTESIAN_POINT ( 'NONE',  ( -0.9250000000000000444, 0.05000000000000000278, -1.500000000000000000 ) ) ;
#150 = CARTESIAN_POINT ( 'NONE',  ( -2.925877716104265058, 0.9552264231633820213, 2.299999999999999822 ) ) ;
#151 = ORIENTED_EDGE ( 'NONE', *, *, #4599, .T. ) ;
#152 =( NAMED_UNIT ( * ) SI_UNIT ( $, .STERADIAN. ) SOLID_ANGLE_UNIT ( ) );
#153 = CARTESIAN_POINT ( 'NONE',  ( 1.704999999999999849, 0.2500000000000000000, -2.500000000000000000 ) ) ;
#154 = SURFACE_STYLE_FILL_AREA ( #3398 ) ;
#155 = AXIS2_PLACEMENT_3D ( 'NONE', #3437, #2274, #506 ) ;
#156 = VERTEX_POINT ( 'NONE', #3251 ) ;
#157 = LINE ( 'NONE', #557, #1852 ) ;
#158 = DIRECTION ( 'NONE',  ( 1.000000000000000000, 0.000000000000000000, 0.000000000000000000 ) ) ;
#159 = VERTEX_POINT ( 'NONE', #4513 ) ;
#160 = CYLINDRICAL_SURFACE ( 'NONE', #2568, 0.1800000000000000488 ) ;
#161 = DIRECTION ( 'NONE',  ( -1.000000000000000000, 0.000000000000000000, 0.000000000000000000 ) ) ;
#162 = VERTEX_POINT ( 'NONE', #4488 ) ;
#163 = EDGE_CURVE ( 'NONE', #1098, #4475, #811, .T. ) ;
#164 = ORIENTED_EDGE ( 'NONE', *, *, #4046, .F. ) ;
#165 = ORIENTED_EDGE ( 'NONE', *, *, #5249, .F. ) ;
#166 = CARTESIAN_POINT ( 'NONE',  ( -0.1490680572530187764, 0.000000000000000000, 2.245931942746980159 ) ) ;
#167 = CARTESIAN_POINT ( 'NONE',  ( 2.799999999999999822, 0.9499999999999999556, -2.299999999999999822 ) ) ;
#168 = ADVANCED_FACE ( 'NONE', ( #5341 ), #2064, .F. ) ;
#169 = EDGE_CURVE ( 'NONE', #4243, #3483, #384, .T. ) ;
#170 = SURFACE_STYLE_FILL_AREA ( #3508 ) ;
#171 = ORIENTED_EDGE ( 'NONE', *, *, #613, .F. ) ;
#172 = LINE ( 'NONE', #576, #4857 ) ;
#173 = CARTESIAN_POINT ( 'NONE',  ( -2.799999999999999822, 0.2500000000000000000, -2.500000000000000000 ) ) ;
#174 = SURFACE_STYLE_USAGE ( .BOTH. , #990 ) ;
#175 = PRESENTATION_LAYER_ASSIGNMENT (  '', '', ( #5269 ) ) ;
#176 = AXIS2_PLACEMENT_3D ( 'NONE', #2124, #2611, #1714 ) ;
#177 =( NAMED_UNIT ( * ) SI_UNIT ( $, .STERADIAN. ) SOLID_ANGLE_UNIT ( ) );
#178 = AXIS2_PLACEMENT_3D ( 'NONE', #3578, #3204, #1090 ) ;
#179 = DIRECTION ( 'NONE',  ( -1.069696878666206068E-14, 0.000000000000000000, -1.000000000000000000 ) ) ;
#180 = AXIS2_PLACEMENT_3D ( 'NONE', #3767, #3657, #4948 ) ;
#181 = VECTOR ( 'NONE', #898, 1000.000000000000000 ) ;
#182 =( NAMED_UNIT ( * ) SI_UNIT ( $, .STERADIAN. ) SOLID_ANGLE_UNIT ( ) );
#183 = ORIENTED_EDGE ( 'NONE', *, *, #3380, .T. ) ;
#184 = SURFACE_SIDE_STYLE ('',( #4369 ) ) ;
#185 = EDGE_CURVE ( 'NONE', #1263, #1376, #409, .T. ) ;
#186 = FILL_AREA_STYLE_COLOUR ( '', #912 ) ;
#187 = AXIS2_PLACEMENT_3D ( 'NONE', #849, #884, #5125 ) ;
#188 = VECTOR ( 'NONE', #3516, 1000.000000000000000 ) ;
#189 = DIRECTION ( 'NONE',  ( 0.000000000000000000, 0.000000000000000000, -1.000000000000000000 ) ) ;
#190 = ORIENTED_EDGE ( 'NONE', *, *, #2733, .F. ) ;
#191 = CARTESIAN_POINT ( 'NONE',  ( -2.199999999999973532, -0.4366062299143245173, -0.6050000000000262945 ) ) ;
#192 = SURFACE_STYLE_FILL_AREA ( #262 ) ;
#193 = EDGE_LOOP ( 'NONE', ( #5026, #3888, #3714, #879 ) ) ;
#194 = DIRECTION ( 'NONE',  ( -1.505836350674311988E-16, 0.000000000000000000, 1.000000000000000000 ) ) ;
#195 = CIRCLE ( 'NONE', #2203, 0.09593194274698166324 ) ;
#196 = ADVANCED_FACE ( 'NONE', ( #4983 ), #5019, .F. ) ;
#197 = PRESENTATION_LAYER_ASSIGNMENT (  '', '', ( #3889 ) ) ;
#198 = VECTOR ( 'NONE', #5323, 1000.000000000000000 ) ;
#199 = CARTESIAN_POINT ( 'NONE',  ( 2.799999999999999822, 0.2500000000000000000, 2.299999999999999822 ) ) ;
#200 = ORIENTED_EDGE ( 'NONE', *, *, #1840, .F. ) ;
#201 =( GEOMETRIC_REPRESENTATION_CONTEXT ( 3 ) GLOBAL_UNCERTAINTY_ASSIGNED_CONTEXT ( ( #1879 ) ) GLOBAL_UNIT_ASSIGNED_CONTEXT ( ( #1554, #1194, #4976 ) ) REPRESENTATION_CONTEXT ( 'NONE', 'WORKASPACE' ) );
#202 = EDGE_CURVE ( 'NONE', #3456, #4038, #1757, .T. ) ;
#203 = DIRECTION ( 'NONE',  ( 0.000000000000000000, -1.000000000000000000, 0.000000000000000000 ) ) ;
#204 = PRESENTATION_LAYER_ASSIGNMENT (  '', '', ( #3184 ) ) ;
#205 = EDGE_CURVE ( 'NONE', #5197, #381, #1202, .T. ) ;
#206 = ORIENTED_EDGE ( 'NONE', *, *, #994, .F. ) ;
#207 = PRESENTATION_STYLE_ASSIGNMENT (( #1066 ) ) ;
#208 = CARTESIAN_POINT ( 'NONE',  ( 2.770931942746980070, 0.05000000000000000278, 0.4350000000000285305 ) ) ;
#209 = ADVANCED_FACE ( 'NONE', ( #325 ), #2821, .T. ) ;
#210 = DIRECTION ( 'NONE',  ( 0.000000000000000000, 0.000000000000000000, -1.000000000000000000 ) ) ;
#211 = ORIENTED_EDGE ( 'NONE', *, *, #2998, .F. ) ;
#212 = DIRECTION ( 'NONE',  ( 0.000000000000000000, 0.000000000000000000, -1.000000000000000000 ) ) ;
#213 =( GEOMETRIC_REPRESENTATION_CONTEXT ( 3 ) GLOBAL_UNCERTAINTY_ASSIGNED_CONTEXT ( ( #1041 ) ) GLOBAL_UNIT_ASSIGNED_CONTEXT ( ( #3818, #46, #1749 ) ) REPRESENTATION_CONTEXT ( 'NONE', 'WORKASPACE' ) );
#214 = CARTESIAN_POINT ( 'NONE',  ( -2.199999999999973532, -0.4366062299143245173, -0.6050000000000262945 ) ) ;
#215 = COLOUR_RGB ( '',0.2509803921568627416, 0.2509803921568627416, 0.2509803921568627416 ) ;
#216 = DIRECTION ( 'NONE',  ( -1.066063828557211909E-13, 0.000000000000000000, 1.000000000000000000 ) ) ;
#217 = ORIENTED_EDGE ( 'NONE', *, *, #2787, .F. ) ;
#218 =( LENGTH_UNIT ( ) NAMED_UNIT ( * ) SI_UNIT ( .MILLI., .METRE. ) );
#219 = FILL_AREA_STYLE_COLOUR ( '', #3178 ) ;
#220 = PRESENTATION_LAYER_ASSIGNMENT (  '', '', ( #4506 ) ) ;
#221 = EDGE_CURVE ( 'NONE', #4998, #3807, #4165, .T. ) ;
#222 = AXIS2_PLACEMENT_3D ( 'NONE', #2483, #4980, #3774 ) ;
#223 = DIRECTION ( 'NONE',  ( 0.000000000000000000, -1.000000000000000000, 0.000000000000000000 ) ) ;
#224 = ORIENTED_EDGE ( 'NONE', *, *, #1735, .F. ) ;
#225 = LINE ( 'NONE', #1895, #2030 ) ;
#226 = ORIENTED_EDGE ( 'NONE', *, *, #4748, .T. ) ;
#227 = PRESENTATION_STYLE_ASSIGNMENT (( #3149 ) ) ;
#228 = EDGE_CURVE ( 'NONE', #4320, #4080, #3754, .T. ) ;
#229 = EDGE_CURVE ( 'NONE', #3212, #5334, #1145, .T. ) ;
#230 = CARTESIAN_POINT ( 'NONE',  ( -2.199999999999960654, -1.084202172485504434E-16, -1.875000000000026201 ) ) ;
#231 = AXIS2_PLACEMENT_3D ( 'NONE', #2314, #3220, #2020 ) ;
#232 = DIRECTION ( 'NONE',  ( 1.000000000000000000, 0.000000000000000000, 0.000000000000000000 ) ) ;
#233 = UNCERTAINTY_MEASURE_WITH_UNIT (LENGTH_MEASURE( 1.000000000000000082E-05 ), #3185, 'distance_accuracy_value', 'NONE');
#234 = EDGE_CURVE ( 'NONE', #1098, #2093, #4842, .T. ) ;
#235 = FACE_OUTER_BOUND ( 'NONE', #429, .T. ) ;
#236 = ORIENTED_EDGE ( 'NONE', *, *, #3303, .F. ) ;
#237 = DIRECTION ( 'NONE',  ( 0.000000000000000000, 0.000000000000000000, -1.000000000000000000 ) ) ;
#238 = LINE ( 'NONE', #4421, #1412 ) ;
#239 = AXIS2_PLACEMENT_3D ( 'NONE', #2987, #2539, #5045 ) ;
#240 = LINE ( 'NONE', #2457, #631 ) ;
#241 = SURFACE_STYLE_FILL_AREA ( #3138 ) ;
#242 = CARTESIAN_POINT ( 'NONE',  ( 3.075000000000000178, 0.2500000000000000000, -0.8350000000000329381 ) ) ;
#243 = ORIENTED_EDGE ( 'NONE', *, *, #1257, .T. ) ;
#244 = DIRECTION ( 'NONE',  ( 0.000000000000000000, 1.000000000000000000, 0.000000000000000000 ) ) ;
#245 =( LENGTH_UNIT ( ) NAMED_UNIT ( * ) SI_UNIT ( .MILLI., .METRE. ) );
#246 = LINE ( 'NONE', #1544, #3011 ) ;
#247 = EDGE_LOOP ( 'NONE', ( #4645, #3205, #2401, #1927 ) ) ;
#248 = DIRECTION ( 'NONE',  ( 0.000000000000000000, -1.000000000000000000, 0.000000000000000000 ) ) ;
#249 = FACE_OUTER_BOUND ( 'NONE', #1844, .T. ) ;
#250 = ORIENTED_EDGE ( 'NONE', *, *, #5267, .F. ) ;
#251 = EDGE_CURVE ( 'NONE', #4080, #3584, #5319, .T. ) ;
#252 = CIRCLE ( 'NONE', #4646, 0.1700000000000000122 ) ;
#253 = DIRECTION ( 'NONE',  ( 0.000000000000000000, -0.000000000000000000, 1.000000000000000000 ) ) ;
#254 = ORIENTED_EDGE ( 'NONE', *, *, #4554, .T. ) ;
#255 = CARTESIAN_POINT ( 'NONE',  ( -2.199999999999973532, 0.000000000000000000, -0.6050000000000262945 ) ) ;
#256 = MECHANICAL_DESIGN_GEOMETRIC_PRESENTATION_REPRESENTATION (  '', ( #1845 ), #4392 ) ;
#257 = VECTOR ( 'NONE', #4759, 1000.000000000000000 ) ;
#258 = EDGE_CURVE ( 'NONE', #1921, #1868, #1292, .T. ) ;
#259 = CARTESIAN_POINT ( 'NONE',  ( -2.370000000000000107, 0.000000000000000000, 1.874999999999974909 ) ) ;
#260 = VECTOR ( 'NONE', #359, 1000.000000000000000 ) ;
#261 = ORIENTED_EDGE ( 'NONE', *, *, #1662, .F. ) ;
#262 = FILL_AREA_STYLE ('',( #2731 ) ) ;
#263 = ORIENTED_EDGE ( 'NONE', *, *, #761, .T. ) ;
#264 = LINE ( 'NONE', #4936, #4325 ) ;
#265 = VECTOR ( 'NONE', #4910, 1000.000000000000000 ) ;
#266 = AXIS2_PLACEMENT_3D ( 'NONE', #1589, #4561, #5337 ) ;
#267 = DIRECTION ( 'NONE',  ( 0.000000000000000000, -1.000000000000000000, 0.000000000000000000 ) ) ;
#268 = EDGE_LOOP ( 'NONE', ( #1942, #2514, #4493, #295 ) ) ;
#269 = DIRECTION ( 'NONE',  ( 0.000000000000000000, -1.000000000000000000, 0.000000000000000000 ) ) ;
#270 = CARTESIAN_POINT ( 'NONE',  ( 2.205000000000000071, 0.2500000000000000000, -2.295931942746979981 ) ) ;
#271 = COLOUR_RGB ( '',0.2509803921568627416, 0.2509803921568627416, 0.2509803921568627416 ) ;
#272 = LINE ( 'NONE', #4153, #4658 ) ;
#273 = VECTOR ( 'NONE', #5167, 1000.000000000000000 ) ;
#274 = VERTEX_POINT ( 'NONE', #4280 ) ;
#275 = VECTOR ( 'NONE', #1100, 1000.000000000000000 ) ;
#276 = SURFACE_STYLE_FILL_AREA ( #4306 ) ;
#277 = AXIS2_PLACEMENT_3D ( 'NONE', #4435, #2811, #5316 ) ;
#278 = EDGE_CURVE ( 'NONE', #4789, #1875, #2988, .T. ) ;
#279 = VERTEX_POINT ( 'NONE', #3842 ) ;
#280 = DIRECTION ( 'NONE',  ( 0.000000000000000000, -1.000000000000000000, 0.000000000000000000 ) ) ;
#281 = ORIENTED_EDGE ( 'NONE', *, *, #946, .F. ) ;
#282 = EDGE_CURVE ( 'NONE', #2808, #891, #1327, .T. ) ;
#283 = VERTEX_POINT ( 'NONE', #2181 ) ;
#284 = EDGE_LOOP ( 'NONE', ( #68, #74, #3761, #217 ) ) ;
#285 = EDGE_CURVE ( 'NONE', #865, #4095, #2439, .T. ) ;
#286 = DIRECTION ( 'NONE',  ( 0.000000000000000000, -1.000000000000000000, 0.000000000000000000 ) ) ;
#287 = EDGE_LOOP ( 'NONE', ( #4618, #5020, #1962, #2391 ) ) ;
#288 = EDGE_CURVE ( 'NONE', #4938, #3854, #272, .T. ) ;
#289 = FILL_AREA_STYLE ('',( #4890 ) ) ;
#290 = PRESENTATION_LAYER_ASSIGNMENT (  '', '', ( #2322 ) ) ;
#291 = LINE ( 'NONE', #1548, #1871 ) ;
#292 =( GEOMETRIC_REPRESENTATION_CONTEXT ( 3 ) GLOBAL_UNCERTAINTY_ASSIGNED_CONTEXT ( ( #1089 ) ) GLOBAL_UNIT_ASSIGNED_CONTEXT ( ( #3946, #2288, #152 ) ) REPRESENTATION_CONTEXT ( 'NONE', 'WORKASPACE' ) );
#293 =( NAMED_UNIT ( * ) SI_UNIT ( $, .STERADIAN. ) SOLID_ANGLE_UNIT ( ) );
#294 = ORIENTED_EDGE ( 'NONE', *, *, #3065, .T. ) ;
#295 = ORIENTED_EDGE ( 'NONE', *, *, #2919, .F. ) ;
#296 = CARTESIAN_POINT ( 'NONE',  ( -3.000000000000000000, 0.2500000000000000000, 2.299999999999999822 ) ) ;
#297 = PLANE ( 'NONE',  #4037 ) ;
#298 = ORIENTED_EDGE ( 'NONE', *, *, #1954, .F. ) ;
#299 = DIRECTION ( 'NONE',  ( 0.000000000000000000, 1.000000000000000000, 0.000000000000000000 ) ) ;
#300 = AXIS2_PLACEMENT_3D ( 'NONE', #1409, #926, #2718 ) ;
#301 = LINE ( 'NONE', #2484, #4066 ) ;
#302 = DIRECTION ( 'NONE',  ( -1.000000000000000000, 0.000000000000000000, -1.204669080539449344E-16 ) ) ;
#303 = EDGE_LOOP ( 'NONE', ( #2398, #3669, #5446, #2929 ) ) ;
#304 = DIRECTION ( 'NONE',  ( 0.000000000000000000, -1.000000000000000000, 0.000000000000000000 ) ) ;
#305 = SURFACE_SIDE_STYLE ('',( #241 ) ) ;
#306 = VERTEX_POINT ( 'NONE', #1530 ) ;
#307 = LINE ( 'NONE', #2784, #198 ) ;
#308 = ADVANCED_FACE ( 'NONE', ( #2385 ), #374, .F. ) ;
#309 = VECTOR ( 'NONE', #3782, 1000.000000000000000 ) ;
#310 = ORIENTED_EDGE ( 'NONE', *, *, #5408, .F. ) ;
#311 = DIRECTION ( 'NONE',  ( 0.000000000000000000, -1.000000000000000000, 0.000000000000000000 ) ) ;
#312 = ORIENTED_EDGE ( 'NONE', *, *, #2558, .T. ) ;
#313 = DIRECTION ( 'NONE',  ( 0.000000000000000000, -1.000000000000000000, 0.000000000000000000 ) ) ;
#314 = MANIFOLD_SOLID_BREP ( 'Combine1', #2004 ) ;
#315 = LINE ( 'NONE', #5386, #4810 ) ;
#316 = ADVANCED_FACE ( 'NONE', ( #1104 ), #4340, .F. ) ;
#317 = EDGE_CURVE ( 'NONE', #3212, #4583, #2215, .T. ) ;
#318 = ORIENTED_EDGE ( 'NONE', *, *, #2344, .T. ) ;
#319 = EDGE_LOOP ( 'NONE', ( #3043, #2185, #1847, #5391 ) ) ;
#320 = CARTESIAN_POINT ( 'NONE',  ( -2.369999999999974349, -0.4366062299143245173, -0.4350000000000251998 ) ) ;
#321 = PLANE ( 'NONE',  #2198 ) ;
#322 = VERTEX_POINT ( 'NONE', #1419 ) ;
#323 = LINE ( 'NONE', #5339, #2210 ) ;
#324 = FACE_OUTER_BOUND ( 'NONE', #4348, .T. ) ;
#325 = FACE_OUTER_BOUND ( 'NONE', #828, .T. ) ;
#326 = ORIENTED_EDGE ( 'NONE', *, *, #123, .T. ) ;
#327 = CARTESIAN_POINT ( 'NONE',  ( -0.7449999999999999956, 0.000000000000000000, 2.600000000000000089 ) ) ;
#328 = DIRECTION ( 'NONE',  ( 0.000000000000000000, 1.000000000000000000, 0.000000000000000000 ) ) ;
#329 = VECTOR ( 'NONE', #1242, 1000.000000000000000 ) ;
#330 = VERTEX_POINT ( 'NONE', #4698 ) ;
#331 = LINE ( 'NONE', #1181, #694 ) ;
#332 = CARTESIAN_POINT ( 'NONE',  ( -3.000000000000000000, 0.2500000000000000000, -0.4350000000000314726 ) ) ;
#333 = AXIS2_PLACEMENT_3D ( 'NONE', #5057, #2227, #3063 ) ;
#334 = VERTEX_POINT ( 'NONE', #936 ) ;
#335 = DIRECTION ( 'NONE',  ( 1.000000000000000000, 0.000000000000000000, 1.084202172485504118E-14 ) ) ;
#336 = EDGE_CURVE ( 'NONE', #4393, #691, #4728, .T. ) ;
#337 = ORIENTED_EDGE ( 'NONE', *, *, #3397, .T. ) ;
#338 = CARTESIAN_POINT ( 'NONE',  ( -2.799999999999999822, 0.05000000000000000278, 0.4349999999999705214 ) ) ;
#339 = CYLINDRICAL_SURFACE ( 'NONE', #343, 0.2000000000000000944 ) ;
#340 = VECTOR ( 'NONE', #5243, 1000.000000000000000 ) ;
#341 = PLANE ( 'NONE',  #2309 ) ;
#342 = AXIS2_PLACEMENT_3D ( 'NONE', #472, #3078, #1329 ) ;
#343 = AXIS2_PLACEMENT_3D ( 'NONE', #5194, #1850, #2720 ) ;
#344 = ORIENTED_EDGE ( 'NONE', *, *, #5033, .F. ) ;
#345 = PRESENTATION_STYLE_ASSIGNMENT (( #827 ) ) ;
#346 = EDGE_CURVE ( 'NONE', #844, #4441, #2577, .T. ) ;
#347 = ORIENTED_EDGE ( 'NONE', *, *, #4554, .F. ) ;
#348 = EDGE_CURVE ( 'NONE', #159, #4879, #1316, .T. ) ;
#349 = FACE_OUTER_BOUND ( 'NONE', #1702, .T. ) ;
#350 = AXIS2_PLACEMENT_3D ( 'NONE', #2247, #3904, #5174 ) ;
#351 = VECTOR ( 'NONE', #921, 1000.000000000000000 ) ;
#352 = CIRCLE ( 'NONE', #4411, 0.5999999999999999778 ) ;
#353 = DIRECTION ( 'NONE',  ( 1.000000000000000000, 0.000000000000000000, 1.204669080539449344E-16 ) ) ;
#354 = EDGE_LOOP ( 'NONE', ( #281, #2832, #1894, #2927 ) ) ;
#355 = EDGE_CURVE ( 'NONE', #2628, #2428, #4222, .T. ) ;
#356 = AXIS2_PLACEMENT_3D ( 'NONE', #2598, #3045, #830 ) ;
#357 = CIRCLE ( 'NONE', #5370, 0.2000000000000000944 ) ;
#358 = CARTESIAN_POINT ( 'NONE',  ( 2.674999999999999822, 0.000000000000000000, 0.3390680572530474501 ) ) ;
#359 = DIRECTION ( 'NONE',  ( 1.000000000000000000, 0.000000000000000000, 1.053224967557346083E-14 ) ) ;
#360 = VECTOR ( 'NONE', #3944, 1000.000000000000000 ) ;
#361 = ORIENTED_EDGE ( 'NONE', *, *, #1497, .F. ) ;
#362 = CARTESIAN_POINT ( 'NONE',  ( 2.205000000000000071, 0.2500000000000000000, -2.600000000000000089 ) ) ;
#363 = LINE ( 'NONE', #2847, #1649 ) ;
#364 = SURFACE_SIDE_STYLE ('',( #4139 ) ) ;
#365 = ORIENTED_EDGE ( 'NONE', *, *, #4518, .F. ) ;
#366 = DIRECTION ( 'NONE',  ( -1.000000000000000000, 0.000000000000000000, 1.590282692950529943E-13 ) ) ;
#367 = DIRECTION ( 'NONE',  ( 0.000000000000000000, 0.000000000000000000, -1.000000000000000000 ) ) ;
#368 = VERTEX_POINT ( 'NONE', #4758 ) ;
#369 = SURFACE_SIDE_STYLE ('',( #1963 ) ) ;
#370 = CARTESIAN_POINT ( 'NONE',  ( 2.770931942746995169, 0.000000000000000000, 1.704999999999999849 ) ) ;
#371 = CARTESIAN_POINT ( 'NONE',  ( 2.674999999999999822, 0.000000000000000000, -1.609068057253034922 ) ) ;
#372 = DIRECTION ( 'NONE',  ( -0.000000000000000000, 1.000000000000000000, -0.000000000000000000 ) ) ;
#373 = ADVANCED_FACE ( 'NONE', ( #4250 ), #1713, .F. ) ;
#374 = PLANE ( 'NONE',  #2449 ) ;
#375 = ORIENTED_EDGE ( 'NONE', *, *, #1780, .T. ) ;
#376 = AXIS2_PLACEMENT_3D ( 'NONE', #3667, #328, #1206 ) ;
#377 = CARTESIAN_POINT ( 'NONE',  ( 3.075000000000000178, 0.2500000000000000000, -1.704999999999970095 ) ) ;
#378 = VERTEX_POINT ( 'NONE', #3808 ) ;
#379 = CARTESIAN_POINT ( 'NONE',  ( -2.799999999999999822, 0.05000000000000000278, -2.149999999999999911 ) ) ;
#380 = CARTESIAN_POINT ( 'NONE',  ( 0.000000000000000000, 0.2500000000000000000, 0.000000000000000000 ) ) ;
#381 = VERTEX_POINT ( 'NONE', #3520 ) ;
#382 = CARTESIAN_POINT ( 'NONE',  ( -2.369999999999961915, -1.084202172485504434E-16, -2.105000000000025295 ) ) ;
#383 = CARTESIAN_POINT ( 'NONE',  ( 2.674999999999999822, 0.2500000000000000000, 0.3390680572530474501 ) ) ;
#384 = LINE ( 'NONE', #705, #260 ) ;
#385 = EDGE_CURVE ( 'NONE', #478, #3595, #5171, .T. ) ;
#386 = EDGE_CURVE ( 'NONE', #334, #5039, #2541, .T. ) ;
#387 = ORIENTED_EDGE ( 'NONE', *, *, #3573, .F. ) ;
#388 = DIRECTION ( 'NONE',  ( 1.084202172485504118E-14, 0.000000000000000000, -1.000000000000000000 ) ) ;
#389 = CARTESIAN_POINT ( 'NONE',  ( -0.9250000000000000444, 0.2500000000000000000, 2.054068057253019663 ) ) ;
#390 = ORIENTED_EDGE ( 'NONE', *, *, #3720, .F. ) ;
#391 = CARTESIAN_POINT ( 'NONE',  ( 1.699999999999999956, 1.000000000000000000, 0.000000000000000000 ) ) ;
#392 = CIRCLE ( 'NONE', #3394, 0.05000000000000012768 ) ;
#393 = DIRECTION ( 'NONE',  ( -2.005681647499070042E-13, 0.000000000000000000, -1.000000000000000000 ) ) ;
#394 = DIRECTION ( 'NONE',  ( 0.000000000000000000, -1.000000000000000000, 0.000000000000000000 ) ) ;
#395 = ORIENTED_EDGE ( 'NONE', *, *, #1704, .T. ) ;
#396 = CARTESIAN_POINT ( 'NONE',  ( 3.000000000000000000, 0.2500000000000000000, 2.299999999999999822 ) ) ;
#397 = CARTESIAN_POINT ( 'NONE',  ( -0.7449999999999999956, 0.000000000000000000, 2.600000000000000089 ) ) ;
#398 = FILL_AREA_STYLE ('',( #4586 ) ) ;
#399 = ORIENTED_EDGE ( 'NONE', *, *, #2138, .F. ) ;
#400 = FILL_AREA_STYLE ('',( #424 ) ) ;
#401 = ORIENTED_EDGE ( 'NONE', *, *, #3572, .T. ) ;
#402 = DIRECTION ( 'NONE',  ( 0.000000000000000000, -1.000000000000000000, 0.000000000000000000 ) ) ;
#403 = ORIENTED_EDGE ( 'NONE', *, *, #3266, .F. ) ;
#404 = LINE ( 'NONE', #2059, #1124 ) ;
#405 = ORIENTED_EDGE ( 'NONE', *, *, #3106, .T. ) ;
#406 = EDGE_CURVE ( 'NONE', #865, #475, #5078, .T. ) ;
#407 = FACE_OUTER_BOUND ( 'NONE', #3062, .T. ) ;
#408 = DIRECTION ( 'NONE',  ( 1.000000000000000000, 0.000000000000000000, 0.000000000000000000 ) ) ;
#409 = LINE ( 'NONE', #3726, #2897 ) ;
#410 = ORIENTED_EDGE ( 'NONE', *, *, #3427, .T. ) ;
#411 = DIRECTION ( 'NONE',  ( 0.000000000000000000, 0.000000000000000000, -1.000000000000000000 ) ) ;
#412 = LINE ( 'NONE', #2579, #1348 ) ;
#413 = ORIENTED_EDGE ( 'NONE', *, *, #1767, .T. ) ;
#414 = CARTESIAN_POINT ( 'NONE',  ( 1.704999999999999849, 0.2500000000000000000, -2.600000000000000089 ) ) ;
#415 = EDGE_CURVE ( 'NONE', #3360, #2527, #3431, .T. ) ;
#416 = FACE_OUTER_BOUND ( 'NONE', #3423, .T. ) ;
#417 = EDGE_LOOP ( 'NONE', ( #790, #3109, #4008, #4945 ) ) ;
#418 = CARTESIAN_POINT ( 'NONE',  ( -2.370000000000000995, -1.084202172485504434E-16, 2.104999999999975113 ) ) ;
#419 = ORIENTED_EDGE ( 'NONE', *, *, #3270, .T. ) ;
#420 = LINE ( 'NONE', #396, #4913 ) ;
#421 = DIRECTION ( 'NONE',  ( 0.000000000000000000, 1.000000000000000000, 0.000000000000000000 ) ) ;
#422 = CARTESIAN_POINT ( 'NONE',  ( 1.609068057253020045, 0.2500000000000000000, 2.149999999999999911 ) ) ;
#423 = ORIENTED_EDGE ( 'NONE', *, *, #2739, .F. ) ;
#424 = FILL_AREA_STYLE_COLOUR ( '', #2477 ) ;
#425 = ORIENTED_EDGE ( 'NONE', *, *, #288, .F. ) ;
#426 = CARTESIAN_POINT ( 'NONE',  ( 2.799999999999999822, 0.2500000000000000000, -2.500000000000000000 ) ) ;
#427 = COLOUR_RGB ( '',0.000000000000000000, 0.000000000000000000, 0.000000000000000000 ) ;
#428 = CIRCLE ( 'NONE', #2745, 0.09593194274698166324 ) ;
#429 = EDGE_LOOP ( 'NONE', ( #5401, #3252, #3757, #105 ) ) ;
#430 = VECTOR ( 'NONE', #3884, 1000.000000000000000 ) ;
#431 = CARTESIAN_POINT ( 'NONE',  ( -0.2449999999999999956, 0.000000000000000000, -2.245931942746980159 ) ) ;
#432 = ORIENTED_EDGE ( 'NONE', *, *, #1833, .F. ) ;
#433 = FACE_OUTER_BOUND ( 'NONE', #3986, .T. ) ;
#434 = COLOUR_RGB ( '',0.2509803921568627416, 0.2509803921568627416, 0.2509803921568627416 ) ;
#435 = VECTOR ( 'NONE', #2581, 1000.000000000000000 ) ;
#436 = DIRECTION ( 'NONE',  ( 1.000000000000000000, 0.000000000000000000, 0.000000000000000000 ) ) ;
#437 = EDGE_CURVE ( 'NONE', #2628, #3001, #3052, .T. ) ;
#438 = ORIENTED_EDGE ( 'NONE', *, *, #3156, .F. ) ;
#439 = CARTESIAN_POINT ( 'NONE',  ( -2.799999999999999822, 0.2500000000000000000, -2.500000000000000000 ) ) ;
#440 = CARTESIAN_POINT ( 'NONE',  ( 3.075000000000000178, 0.2500000000000000000, 0.8350000000000329381 ) ) ;
#441 = CARTESIAN_POINT ( 'NONE',  ( 2.674999999999999822, 0.05000000000000000278, -1.609068057253034922 ) ) ;
#442 = VECTOR ( 'NONE', #4328, 1000.000000000000000 ) ;
#443 = ORIENTED_EDGE ( 'NONE', *, *, #130, .T. ) ;
#444 = DIRECTION ( 'NONE',  ( -1.000000000000000000, 0.000000000000000000, -1.590282692950529943E-13 ) ) ;
#445 = CIRCLE ( 'NONE', #3551, 0.1700000000000000122 ) ;
#446 = ORIENTED_EDGE ( 'NONE', *, *, #5307, .T. ) ;
#447 = ADVANCED_FACE ( 'NONE', ( #4666 ), #3492, .T. ) ;
#448 = EDGE_CURVE ( 'NONE', #1437, #3014, #2152, .T. ) ;
#449 = LINE ( 'NONE', #2433, #2021 ) ;
#450 =( LENGTH_UNIT ( ) NAMED_UNIT ( * ) SI_UNIT ( .MILLI., .METRE. ) );
#451 = VERTEX_POINT ( 'NONE', #1359 ) ;
#452 = DIRECTION ( 'NONE',  ( 0.000000000000000000, 1.000000000000000000, 0.000000000000000000 ) ) ;
#453 = CARTESIAN_POINT ( 'NONE',  ( 1.699999999999999956, 0.9000000000000000222, -0.5999999999999999778 ) ) ;
#454 = CARTESIAN_POINT ( 'NONE',  ( 3.075000000000000178, 0.2500000000000000000, 0.8350000000000329381 ) ) ;
#455 = EDGE_CURVE ( 'NONE', #4879, #3843, #157, .T. ) ;
#456 = LINE ( 'NONE', #5090, #3017 ) ;
#457 = ORIENTED_EDGE ( 'NONE', *, *, #3067, .F. ) ;
#458 = VECTOR ( 'NONE', #3501, 1000.000000000000000 ) ;
#459 = CARTESIAN_POINT ( 'NONE',  ( -2.799999999999999822, 0.9499999999999999556, 2.299999999999999822 ) ) ;
#460 = DIRECTION ( 'NONE',  ( 0.000000000000000000, -1.000000000000000000, 0.000000000000000000 ) ) ;
#461 = FACE_OUTER_BOUND ( 'NONE', #4839, .T. ) ;
#462 = MANIFOLD_SOLID_BREP ( 'NONE', #526 ) ;
#463 = EDGE_LOOP ( 'NONE', ( #3474, #943, #419, #4197 ) ) ;
#464 = DIRECTION ( 'NONE',  ( 0.000000000000000000, 1.000000000000000000, 0.000000000000000000 ) ) ;
#465 = STYLED_ITEM ( 'NONE', ( #2008 ), #1502 ) ;
#466 = CARTESIAN_POINT ( 'NONE',  ( 2.925877716104265058, 0.9552264231633830205, 2.299999999999999822 ) ) ;
#467 = ORIENTED_EDGE ( 'NONE', *, *, #3954, .T. ) ;
#468 = PRESENTATION_STYLE_ASSIGNMENT (( #35 ) ) ;
#469 = AXIS2_PLACEMENT_3D ( 'NONE', #4070, #2177, #2844 ) ;
#470 = VECTOR ( 'NONE', #3425, 1000.000000000000000 ) ;
#471 = ORIENTED_EDGE ( 'NONE', *, *, #2161, .F. ) ;
#472 = CARTESIAN_POINT ( 'NONE',  ( -2.369999999999987228, -0.4366062299143245173, 0.6649999999999748335 ) ) ;
#473 = DIRECTION ( 'NONE',  ( 0.000000000000000000, 0.000000000000000000, 1.000000000000000000 ) ) ;
#474 = CARTESIAN_POINT ( 'NONE',  ( 2.205000000000000071, 0.2500000000000000000, 2.500000000000000000 ) ) ;
#475 = VERTEX_POINT ( 'NONE', #4149 ) ;
#476 = CARTESIAN_POINT ( 'NONE',  ( -3.000000000000000000, 0.2500000000000000000, -2.105000000000030180 ) ) ;
#477 = CARTESIAN_POINT ( 'NONE',  ( 3.075000000000000178, 0.000000000000000000, 2.100000000000000089 ) ) ;
#478 = VERTEX_POINT ( 'NONE', #2884 ) ;
#479 = LINE ( 'NONE', #568, #2359 ) ;
#480 = DIRECTION ( 'NONE',  ( 0.000000000000000000, -1.000000000000000000, 0.000000000000000000 ) ) ;
#481 = ORIENTED_EDGE ( 'NONE', *, *, #2983, .F. ) ;
#482 = FACE_OUTER_BOUND ( 'NONE', #997, .T. ) ;
#483 = CYLINDRICAL_SURFACE ( 'NONE', #4771, 0.09593194274698166324 ) ;
#484 = EDGE_CURVE ( 'NONE', #1936, #1380, #2011, .T. ) ;
#485 =( NAMED_UNIT ( * ) PLANE_ANGLE_UNIT ( ) SI_UNIT ( $, .RADIAN. ) );
#486 = VECTOR ( 'NONE', #372, 1000.000000000000000 ) ;
#487 = EDGE_LOOP ( 'NONE', ( #3171, #2645, #2580, #4765, #1215, #2876 ) ) ;
#488 =( NAMED_UNIT ( * ) SI_UNIT ( $, .STERADIAN. ) SOLID_ANGLE_UNIT ( ) );
#489 = ORIENTED_EDGE ( 'NONE', *, *, #355, .T. ) ;
#490 = FACE_OUTER_BOUND ( 'NONE', #3273, .T. ) ;
#491 = LINE ( 'NONE', #4355, #4813 ) ;
#492 = ADVANCED_FACE ( 'NONE', ( #767 ), #1102, .T. ) ;
#493 = DIRECTION ( 'NONE',  ( 0.000000000000000000, 0.000000000000000000, -1.000000000000000000 ) ) ;
#494 = ORIENTED_EDGE ( 'NONE', *, *, #2475, .T. ) ;
#495 = DIRECTION ( 'NONE',  ( 0.000000000000000000, 0.000000000000000000, -1.000000000000000000 ) ) ;
#496 = VECTOR ( 'NONE', #3259, 1000.000000000000000 ) ;
#497 = CARTESIAN_POINT ( 'NONE',  ( 1.699999999999999956, 0.9000000000000000222, 0.000000000000000000 ) ) ;
#498 = DIRECTION ( 'NONE',  ( 0.000000000000000000, 1.000000000000000000, 0.000000000000000000 ) ) ;
#499 = DIRECTION ( 'NONE',  ( 0.000000000000000000, 0.000000000000000000, 1.000000000000000000 ) ) ;
#500 = ORIENTED_EDGE ( 'NONE', *, *, #3420, .F. ) ;
#501 = CARTESIAN_POINT ( 'NONE',  ( 1.699999999999999956, 0.9000000000000000222, 0.000000000000000000 ) ) ;
#502 = CARTESIAN_POINT ( 'NONE',  ( -2.199999999999987299, -1.084202172485504434E-16, 0.6649999999999737232 ) ) ;
#503 = ORIENTED_EDGE ( 'NONE', *, *, #1260, .F. ) ;
#504 = DIRECTION ( 'NONE',  ( 1.000000000000000000, 0.000000000000000000, 0.000000000000000000 ) ) ;
#505 = DIRECTION ( 'NONE',  ( 0.000000000000000000, 1.000000000000000000, 0.000000000000000000 ) ) ;
#506 = DIRECTION ( 'NONE',  ( 0.000000000000000000, 1.000000000000000000, 0.000000000000000000 ) ) ;
#507 = ORIENTED_EDGE ( 'NONE', *, *, #3674, .T. ) ;
#508 = CARTESIAN_POINT ( 'NONE',  ( -2.370000000000000107, 0.05000000000000000278, 1.934999999999974962 ) ) ;
#509 = EDGE_CURVE ( 'NONE', #1742, #1557, #3263, .T. ) ;
#510 = DIRECTION ( 'NONE',  ( 0.000000000000000000, 0.000000000000000000, 1.000000000000000000 ) ) ;
#511 = DIRECTION ( 'NONE',  ( 0.000000000000000000, 0.000000000000000000, 1.000000000000000000 ) ) ;
#512 = ORIENTED_EDGE ( 'NONE', *, *, #989, .T. ) ;
#513 =( NAMED_UNIT ( * ) PLANE_ANGLE_UNIT ( ) SI_UNIT ( $, .RADIAN. ) );
#514 = CARTESIAN_POINT ( 'NONE',  ( -0.7449999999999999956, 0.05000000000000000278, 2.500000000000000000 ) ) ;
#515 = SURFACE_STYLE_FILL_AREA ( #918 ) ;
#516 = VECTOR ( 'NONE', #40, 1000.000000000000000 ) ;
#517 = EDGE_CURVE ( 'NONE', #1801, #4422, #3236, .T. ) ;
#518 = LINE ( 'NONE', #3969, #114 ) ;
#519 = VERTEX_POINT ( 'NONE', #4872 ) ;
#520 = CONICAL_SURFACE ( 'NONE', #333, 0.2000000000000000944, 0.1047197551196603349 ) ;
#521 = FACE_OUTER_BOUND ( 'NONE', #2883, .T. ) ;
#522 = CARTESIAN_POINT ( 'NONE',  ( -3.075000000000000178, 0.000000000000000000, -0.4350000000000319722 ) ) ;
#523 = DIRECTION ( 'NONE',  ( 0.000000000000000000, 0.000000000000000000, -1.000000000000000000 ) ) ;
#524 = CARTESIAN_POINT ( 'NONE',  ( 2.799999999999999822, 0.2500000000000000000, -2.500000000000000000 ) ) ;
#525 = CARTESIAN_POINT ( 'NONE',  ( -0.7449999999999999956, 0.2500000000000000000, 2.245931942746980159 ) ) ;
#526 = CLOSED_SHELL ( 'NONE', ( #3450, #1343, #4525, #4486 ) ) ;
#527 = VECTOR ( 'NONE', #2571, 1000.000000000000000 ) ;
#528 = PRODUCT_DEFINITION_CONTEXT ( 'detailed design', #3379, 'design' ) ;
#529 = CARTESIAN_POINT ( 'NONE',  ( -0.9250000000000000444, 0.2500000000000000000, 2.054068057253019663 ) ) ;
#530 = STYLED_ITEM ( 'NONE', ( #4406 ), #462 ) ;
#531 = EDGE_CURVE ( 'NONE', #1584, #1546, #3089, .T. ) ;
#532 = EDGE_LOOP ( 'NONE', ( #5073, #5081, #2387, #1022 ) ) ;
#533 = FILL_AREA_STYLE ('',( #1829 ) ) ;
#534 = VERTEX_POINT ( 'NONE', #718 ) ;
#535 = CARTESIAN_POINT ( 'NONE',  ( 2.674999999999999822, 0.2500000000000000000, -1.609068057253034922 ) ) ;
#536 = VECTOR ( 'NONE', #1121, 1000.000000000000000 ) ;
#537 = FILL_AREA_STYLE ('',( #186 ) ) ;
#538 = FACE_OUTER_BOUND ( 'NONE', #2837, .T. ) ;
#539 = VERTEX_POINT ( 'NONE', #2411 ) ;
#540 = COLOUR_RGB ( '',0.2509803921568627416, 0.2509803921568627416, 0.2509803921568627416 ) ;
#541 = FACE_OUTER_BOUND ( 'NONE', #417, .T. ) ;
#542 = CARTESIAN_POINT ( 'NONE',  ( 1.704999999999999849, 0.2500000000000000000, 2.600000000000000089 ) ) ;
#543 = ORIENTED_EDGE ( 'NONE', *, *, #4888, .F. ) ;
#544 = SURFACE_STYLE_FILL_AREA ( #2971 ) ;
#545 = DIRECTION ( 'NONE',  ( 0.000000000000000000, 0.000000000000000000, 1.000000000000000000 ) ) ;
#546 = VECTOR ( 'NONE', #2757, 1000.000000000000000 ) ;
#547 = AXIS2_PLACEMENT_3D ( 'NONE', #3170, #4431, #652 ) ;
#548 = ORIENTED_EDGE ( 'NONE', *, *, #3309, .F. ) ;
#549 =( NAMED_UNIT ( * ) PLANE_ANGLE_UNIT ( ) SI_UNIT ( $, .RADIAN. ) );
#550 = LINE ( 'NONE', #3919, #4048 ) ;
#551 = CARTESIAN_POINT ( 'NONE',  ( 2.770931942746980070, 0.000000000000000000, 0.8350000000000289413 ) ) ;
#552 = CARTESIAN_POINT ( 'NONE',  ( 0.000000000000000000, 0.2500000000000000000, 0.000000000000000000 ) ) ;
#553 = LINE ( 'NONE', #960, #181 ) ;
#554 = DIRECTION ( 'NONE',  ( 0.000000000000000000, -1.000000000000000000, 0.000000000000000000 ) ) ;
#555 = EDGE_CURVE ( 'NONE', #2504, #1709, #2046, .T. ) ;
#556 = ORIENTED_EDGE ( 'NONE', *, *, #5070, .T. ) ;
#557 = CARTESIAN_POINT ( 'NONE',  ( 2.799999999999999822, 0.9552264231633830205, -2.425877716104265058 ) ) ;
#558 =( GEOMETRIC_REPRESENTATION_CONTEXT ( 3 ) GLOBAL_UNCERTAINTY_ASSIGNED_CONTEXT ( ( #3593 ) ) GLOBAL_UNIT_ASSIGNED_CONTEXT ( ( #3505, #485, #1755 ) ) REPRESENTATION_CONTEXT ( 'NONE', 'WORKASPACE' ) );
#559 = DIRECTION ( 'NONE',  ( 0.000000000000000000, 1.000000000000000000, 0.000000000000000000 ) ) ;
#560 = ORIENTED_EDGE ( 'NONE', *, *, #742, .F. ) ;
#561 = FACE_OUTER_BOUND ( 'NONE', #3248, .T. ) ;
#562 = LINE ( 'NONE', #2702, #1369 ) ;
#563 = ADVANCED_FACE ( 'NONE', ( #2789 ), #1987, .F. ) ;
#564 =( GEOMETRIC_REPRESENTATION_CONTEXT ( 3 ) GLOBAL_UNCERTAINTY_ASSIGNED_CONTEXT ( ( #3979 ) ) GLOBAL_UNIT_ASSIGNED_CONTEXT ( ( #3075, #2265, #2692 ) ) REPRESENTATION_CONTEXT ( 'NONE', 'WORKASPACE' ) );
#565 = CARTESIAN_POINT ( 'NONE',  ( -0.8409319427469820196, 0.000000000000000000, 2.149999999999999911 ) ) ;
#566 = ORIENTED_EDGE ( 'NONE', *, *, #802, .F. ) ;
#567 = ORIENTED_EDGE ( 'NONE', *, *, #1923, .F. ) ;
#568 = CARTESIAN_POINT ( 'NONE',  ( 1.704999999999999849, 0.2500000000000000000, 2.245931942746980159 ) ) ;
#569 =( NAMED_UNIT ( * ) PLANE_ANGLE_UNIT ( ) SI_UNIT ( $, .RADIAN. ) );
#570 = ORIENTED_EDGE ( 'NONE', *, *, #3218, .F. ) ;
#571 = DIRECTION ( 'NONE',  ( 0.000000000000000000, 0.000000000000000000, -1.000000000000000000 ) ) ;
#572 = CARTESIAN_POINT ( 'NONE',  ( -3.074999999999954881, 0.2500000000000000000, -2.105000000000035065 ) ) ;
#573 =( NAMED_UNIT ( * ) SI_UNIT ( $, .STERADIAN. ) SOLID_ANGLE_UNIT ( ) );
#574 = DIRECTION ( 'NONE',  ( -1.066063828557211909E-13, 0.000000000000000000, 1.000000000000000000 ) ) ;
#575 = ORIENTED_EDGE ( 'NONE', *, *, #1842, .T. ) ;
#576 = CARTESIAN_POINT ( 'NONE',  ( -0.1490680572530186099, 0.000000000000000000, -2.149999999999999911 ) ) ;
#577 = DIRECTION ( 'NONE',  ( 0.000000000000000000, 0.000000000000000000, -1.000000000000000000 ) ) ;
#578 = PLANE ( 'NONE',  #728 ) ;
#579 = DIRECTION ( 'NONE',  ( 0.000000000000000000, 1.000000000000000000, 0.000000000000000000 ) ) ;
#580 = DIRECTION ( 'NONE',  ( 0.000000000000000000, 1.000000000000000000, 0.000000000000000000 ) ) ;
#581 = CARTESIAN_POINT ( 'NONE',  ( 3.000000000000000000, 0.2500000000000000000, 1.704999999999999849 ) ) ;
#582 = AXIS2_PLACEMENT_3D ( 'NONE', #4217, #4661, #436 ) ;
#583 = EDGE_CURVE ( 'NONE', #4448, #3180, #669, .T. ) ;
#584 = ORIENTED_EDGE ( 'NONE', *, *, #917, .F. ) ;
#585 = SURFACE_SIDE_STYLE ('',( #2777 ) ) ;
#586 = ORIENTED_EDGE ( 'NONE', *, *, #5331, .T. ) ;
#587 = LINE ( 'NONE', #3494, #1424 ) ;
#588 = DIRECTION ( 'NONE',  ( 0.000000000000000000, -1.000000000000000000, 0.000000000000000000 ) ) ;
#589 = CARTESIAN_POINT ( 'NONE',  ( 3.075000000000000178, 0.2500000000000000000, -0.4349999999999680234 ) ) ;
#590 = EDGE_CURVE ( 'NONE', #539, #5367, #1159, .T. ) ;
#591 = VERTEX_POINT ( 'NONE', #2435 ) ;
#592 = DIRECTION ( 'NONE',  ( -1.000000000000000000, 0.000000000000000000, 0.000000000000000000 ) ) ;
#593 = ORIENTED_EDGE ( 'NONE', *, *, #4706, .T. ) ;
#594 = EDGE_CURVE ( 'NONE', #889, #844, #4111, .T. ) ;
#595 = CARTESIAN_POINT ( 'NONE',  ( -2.799999999999964739, 0.05000000000000000278, -0.8350000000000300515 ) ) ;
#596 = FACE_OUTER_BOUND ( 'NONE', #5322, .T. ) ;
#597 = ORIENTED_EDGE ( 'NONE', *, *, #3380, .F. ) ;
#598 = EDGE_CURVE ( 'NONE', #686, #3626, #2017, .T. ) ;
#599 = FACE_OUTER_BOUND ( 'NONE', #4834, .T. ) ;
#600 = DIRECTION ( 'NONE',  ( 0.000000000000000000, 0.000000000000000000, 1.000000000000000000 ) ) ;
#601 = DIRECTION ( 'NONE',  ( 0.000000000000000000, 0.000000000000000000, 1.000000000000000000 ) ) ;
#602 = STYLED_ITEM ( 'NONE', ( #1910 ), #3221 ) ;
#603 = AXIS2_PLACEMENT_3D ( 'NONE', #5144, #3053, #2216 ) ;
#604 = LINE ( 'NONE', #3612, #340 ) ;
#605 = UNCERTAINTY_MEASURE_WITH_UNIT (LENGTH_MEASURE( 1.000000000000000082E-05 ), #968, 'distance_accuracy_value', 'NONE');
#606 = CIRCLE ( 'NONE', #2646, 0.1700000000000000122 ) ;
#607 = UNCERTAINTY_MEASURE_WITH_UNIT (LENGTH_MEASURE( 1.000000000000000082E-05 ), #218, 'distance_accuracy_value', 'NONE');
#608 = AXIS2_PLACEMENT_3D ( 'NONE', #4135, #3228, #4929 ) ;
#609 = CIRCLE ( 'NONE', #3687, 0.1700000000000000122 ) ;
#610 = CARTESIAN_POINT ( 'NONE',  ( -0.8409319427469820196, 0.000000000000000000, -2.149999999999999911 ) ) ;
#611 = ORIENTED_EDGE ( 'NONE', *, *, #2402, .F. ) ;
#612 =( LENGTH_UNIT ( ) NAMED_UNIT ( * ) SI_UNIT ( .MILLI., .METRE. ) );
#613 = EDGE_CURVE ( 'NONE', #79, #4302, #1188, .T. ) ;
#614 = VECTOR ( 'NONE', #5142, 1000.000000000000000 ) ;
#615 = CIRCLE ( 'NONE', #1931, 0.1700000000000000122 ) ;
#616 = DIRECTION ( 'NONE',  ( 0.000000000000000000, 0.000000000000000000, -1.000000000000000000 ) ) ;
#617 = FILL_AREA_STYLE ('',( #3580 ) ) ;
#618 = STYLED_ITEM ( 'NONE', ( #2795 ), #3525 ) ;
#619 = ORIENTED_EDGE ( 'NONE', *, *, #4528, .F. ) ;
#620 = ORIENTED_EDGE ( 'NONE', *, *, #633, .F. ) ;
#621 = LINE ( 'NONE', #4885, #536 ) ;
#622 = PRESENTATION_LAYER_ASSIGNMENT (  '', '', ( #2294 ) ) ;
#623 = EDGE_CURVE ( 'NONE', #5429, #451, #1216, .T. ) ;
#624 = STYLED_ITEM ( 'NONE', ( #1469 ), #4715 ) ;
#625 = EDGE_CURVE ( 'NONE', #914, #4654, #4999, .T. ) ;
#626 = AXIS2_PLACEMENT_3D ( 'NONE', #2831, #4939, #5308 ) ;
#627 = DIRECTION ( 'NONE',  ( 0.000000000000000000, 0.000000000000000000, 1.000000000000000000 ) ) ;
#628 = ORIENTED_EDGE ( 'NONE', *, *, #2765, .T. ) ;
#629 = PRESENTATION_LAYER_ASSIGNMENT (  '', '', ( #1237 ) ) ;
#630 = CARTESIAN_POINT ( 'NONE',  ( -3.075000000000000178, 0.2500000000000000000, 2.104999999999970228 ) ) ;
#631 = VECTOR ( 'NONE', #2859, 1000.000000000000000 ) ;
#632 = ORIENTED_EDGE ( 'NONE', *, *, #288, .T. ) ;
#633 = EDGE_CURVE ( 'NONE', #3429, #3242, #420, .T. ) ;
#634 = LINE ( 'NONE', #3993, #3041 ) ;
#635 = EDGE_CURVE ( 'NONE', #1193, #2805, #49, .T. ) ;
#636 = VECTOR ( 'NONE', #4874, 1000.000000000000000 ) ;
#637 = DIRECTION ( 'NONE',  ( 0.000000000000000000, 1.000000000000000000, 0.000000000000000000 ) ) ;
#638 = CARTESIAN_POINT ( 'NONE',  ( -2.200000000000000178, -0.4366062299143245173, 1.934999999999973852 ) ) ;
#639 = ORIENTED_EDGE ( 'NONE', *, *, #2513, .F. ) ;
#640 = FILL_AREA_STYLE_COLOUR ( '', #3703 ) ;
#641 = AXIS2_PLACEMENT_3D ( 'NONE', #3084, #4290, #511 ) ;
#642 = CARTESIAN_POINT ( 'NONE',  ( -0.8409319427469820196, 0.2500000000000000000, 2.149999999999999911 ) ) ;
#643 = CARTESIAN_POINT ( 'NONE',  ( 2.674999999999999822, 0.05000000000000000278, -0.9309319427470109654 ) ) ;
#644 =( GEOMETRIC_REPRESENTATION_CONTEXT ( 3 ) GLOBAL_UNCERTAINTY_ASSIGNED_CONTEXT ( ( #2776 ) ) GLOBAL_UNIT_ASSIGNED_CONTEXT ( ( #245, #4351, #573 ) ) REPRESENTATION_CONTEXT ( 'NONE', 'WORKASPACE' ) );
#645 = CARTESIAN_POINT ( 'NONE',  ( -3.074999999999954881, 0.000000000000000000, -2.105000000000035065 ) ) ;
#646 = ORIENTED_EDGE ( 'NONE', *, *, #251, .T. ) ;
#647 = FILL_AREA_STYLE ('',( #219 ) ) ;
#648 = PLANE ( 'NONE',  #2567 ) ;
#649 = EDGE_CURVE ( 'NONE', #4789, #3903, #3441, .T. ) ;
#650 = ORIENTED_EDGE ( 'NONE', *, *, #1897, .T. ) ;
#651 =( NAMED_UNIT ( * ) SI_UNIT ( $, .STERADIAN. ) SOLID_ANGLE_UNIT ( ) );
#652 = DIRECTION ( 'NONE',  ( 1.000000000000000000, 0.000000000000000000, 0.000000000000000000 ) ) ;
#653 = LINE ( 'NONE', #1065, #1525 ) ;
#654 = DIRECTION ( 'NONE',  ( 1.000000000000000000, 0.000000000000000000, -2.005681647499070042E-13 ) ) ;
#655 = EDGE_CURVE ( 'NONE', #4744, #2495, #1722, .T. ) ;
#656 = UNCERTAINTY_MEASURE_WITH_UNIT (LENGTH_MEASURE( 1.000000000000000082E-05 ), #1935, 'distance_accuracy_value', 'NONE');
#657 = ORIENTED_EDGE ( 'NONE', *, *, #1175, .F. ) ;
#658 = AXIS2_PLACEMENT_3D ( 'NONE', #2095, #3344, #1246 ) ;
#659 = PLANE ( 'NONE',  #4009 ) ;
#660 = DIRECTION ( 'NONE',  ( 1.000000000000000000, 0.000000000000000000, 0.000000000000000000 ) ) ;
#661 = ORIENTED_EDGE ( 'NONE', *, *, #282, .F. ) ;
#662 = LINE ( 'NONE', #645, #2806 ) ;
#663 = LINE ( 'NONE', #5232, #2037 ) ;
#664 = ORIENTED_EDGE ( 'NONE', *, *, #4456, .T. ) ;
#665 = CARTESIAN_POINT ( 'NONE',  ( -2.799999999999999822, 1.000000000000000000, 2.299999999999999822 ) ) ;
#666 = EDGE_CURVE ( 'NONE', #1889, #2070, #1763, .T. ) ;
#667 = CARTESIAN_POINT ( 'NONE',  ( -0.8409319427469820196, 0.2500000000000000000, 2.149999999999999911 ) ) ;
#668 = ORIENTED_EDGE ( 'NONE', *, *, #1294, .F. ) ;
#669 = LINE ( 'NONE', #3738, #4036 ) ;
#670 = CARTESIAN_POINT ( 'NONE',  ( -2.200000000000000178, -1.084202172485504434E-16, 1.934999999999973852 ) ) ;
#671 = ADVANCED_FACE ( 'NONE', ( #4584 ), #2193, .F. ) ;
#672 = EDGE_LOOP ( 'NONE', ( #995, #5061, #116, #3163 ) ) ;
#673 = CARTESIAN_POINT ( 'NONE',  ( 2.674999999999999822, 0.000000000000000000, 0.9309319427470109654 ) ) ;
#674 = ADVANCED_FACE ( 'NONE', ( #1250 ), #5440, .T. ) ;
#675 = AXIS2_PLACEMENT_3D ( 'NONE', #2760, #5231, #3230 ) ;
#676 = EDGE_CURVE ( 'NONE', #1624, #5068, #3792, .T. ) ;
#677 = ORIENTED_EDGE ( 'NONE', *, *, #731, .T. ) ;
#678 = COLOUR_RGB ( '',0.2509803921568627416, 0.2509803921568627416, 0.2509803921568627416 ) ;
#679 = DIRECTION ( 'NONE',  ( 0.000000000000000000, -1.000000000000000000, 0.000000000000000000 ) ) ;
#680 = DIRECTION ( 'NONE',  ( 1.084202172485504118E-14, 0.000000000000000000, -1.000000000000000000 ) ) ;
#681 = ADVANCED_FACE ( 'NONE', ( #482 ), #4293, .T. ) ;
#682 = AXIS2_PLACEMENT_3D ( 'NONE', #3335, #2932, #3308 ) ;
#683 = EDGE_LOOP ( 'NONE', ( #2254, #1473, #812, #3722, #3804, #650 ) ) ;
#684 =( NAMED_UNIT ( * ) SI_UNIT ( $, .STERADIAN. ) SOLID_ANGLE_UNIT ( ) );
#685 = FACE_OUTER_BOUND ( 'NONE', #2866, .T. ) ;
#686 = VERTEX_POINT ( 'NONE', #3855 ) ;
#687 = PLANE ( 'NONE',  #1938 ) ;
#688 = CIRCLE ( 'NONE', #2902, 0.1700000000000000122 ) ;
#689 = VECTOR ( 'NONE', #1484, 1000.000000000000000 ) ;
#690 = LINE ( 'NONE', #2737, #5024 ) ;
#691 = VERTEX_POINT ( 'NONE', #3352 ) ;
#692 = CARTESIAN_POINT ( 'NONE',  ( 1.704999999999999849, 0.2500000000000000000, 2.600000000000000089 ) ) ;
#693 = CONICAL_SURFACE ( 'NONE', #5119, 0.2000000000000000944, 0.1047197551196603349 ) ;
#694 = VECTOR ( 'NONE', #817, 1000.000000000000000 ) ;
#695 = DIRECTION ( 'NONE',  ( 0.000000000000000000, 0.000000000000000000, -1.000000000000000000 ) ) ;
#696 = ORIENTED_EDGE ( 'NONE', *, *, #4105, .T. ) ;
#697 = CIRCLE ( 'NONE', #1774, 0.09593194274698166324 ) ;
#698 = EDGE_LOOP ( 'NONE', ( #2101, #1319, #3223, #3875, #3195, #294 ) ) ;
#699 = AXIS2_PLACEMENT_3D ( 'NONE', #3736, #2942, #765 ) ;
#700 = CARTESIAN_POINT ( 'NONE',  ( 2.774999999999999911, 0.05000000000000000278, 2.195931942746985222 ) ) ;
#701 = CARTESIAN_POINT ( 'NONE',  ( -3.075000000000000178, 0.000000000000000000, 0.4349999999999675238 ) ) ;
#702 = ORIENTED_EDGE ( 'NONE', *, *, #4623, .F. ) ;
#703 = ADVANCED_FACE ( 'NONE', ( #23 ), #520, .T. ) ;
#704 = CARTESIAN_POINT ( 'NONE',  ( -2.799999999999999822, 0.2500000000000000000, -2.500000000000000000 ) ) ;
#705 = CARTESIAN_POINT ( 'NONE',  ( -3.074999999999954881, 0.2500000000000000000, -2.105000000000035065 ) ) ;
#706 = ORIENTED_EDGE ( 'NONE', *, *, #2575, .T. ) ;
#707 = PRESENTATION_LAYER_ASSIGNMENT (  '', '', ( #2774 ) ) ;
#708 = ORIENTED_EDGE ( 'NONE', *, *, #3965, .F. ) ;
#709 = CARTESIAN_POINT ( 'NONE',  ( 1.704999999999999849, 0.05000000000000000278, -2.500000000000000000 ) ) ;
#710 = EDGE_CURVE ( 'NONE', #4225, #2428, #3913, .T. ) ;
#711 = DIRECTION ( 'NONE',  ( 0.000000000000000000, 1.000000000000000000, 0.000000000000000000 ) ) ;
#712 = EDGE_CURVE ( 'NONE', #5334, #2981, #606, .T. ) ;
#713 = CARTESIAN_POINT ( 'NONE',  ( -0.2449999999999999956, 0.000000000000000000, 2.600000000000000089 ) ) ;
#714 = MECHANICAL_DESIGN_GEOMETRIC_PRESENTATION_REPRESENTATION (  '', ( #1795 ), #644 ) ;
#715 = ORIENTED_EDGE ( 'NONE', *, *, #2050, .F. ) ;
#716 = CARTESIAN_POINT ( 'NONE',  ( -0.8290680572530189085, 0.2500000000000000000, -2.149999999999999911 ) ) ;
#717 = ORIENTED_EDGE ( 'NONE', *, *, #3241, .F. ) ;
#718 = CARTESIAN_POINT ( 'NONE',  ( 1.699999999999999956, 1.000000000000000000, -0.5999999999999999778 ) ) ;
#719 = AXIS2_PLACEMENT_3D ( 'NONE', #25, #852, #4295 ) ;
#720 = CARTESIAN_POINT ( 'NONE',  ( 1.704999999999999849, 0.000000000000000000, 2.245931942746980159 ) ) ;
#721 = VERTEX_POINT ( 'NONE', #4768 ) ;
#722 = ORIENTED_EDGE ( 'NONE', *, *, #1088, .T. ) ;
#723 = CARTESIAN_POINT ( 'NONE',  ( 3.000000000000000000, 0.05000000000000000278, -2.100000000000000089 ) ) ;
#724 = CARTESIAN_POINT ( 'NONE',  ( 2.205000000000000071, 0.000000000000000000, 2.295931942746979981 ) ) ;
#725 = CARTESIAN_POINT ( 'NONE',  ( -0.8720588235294119972, 0.2500000000000000000, -1.327961539666531854 ) ) ;
#726 = ORIENTED_EDGE ( 'NONE', *, *, #1982, .F. ) ;
#727 = CARTESIAN_POINT ( 'NONE',  ( 2.799999999999999822, 0.2500000000000000000, -2.500000000000000000 ) ) ;
#728 = AXIS2_PLACEMENT_3D ( 'NONE', #2632, #2235, #3921 ) ;
#729 = LINE ( 'NONE', #2820, #134 ) ;
#730 = FACE_OUTER_BOUND ( 'NONE', #751, .T. ) ;
#731 = EDGE_CURVE ( 'NONE', #1226, #4490, #4029, .T. ) ;
#732 = ORIENTED_EDGE ( 'NONE', *, *, #1357, .F. ) ;
#733 = DIRECTION ( 'NONE',  ( -1.000000000000000000, 0.000000000000000000, -8.673617379884011806E-15 ) ) ;
#734 = MECHANICAL_DESIGN_GEOMETRIC_PRESENTATION_REPRESENTATION (  '', ( #2418 ), #5069 ) ;
#735 =( NAMED_UNIT ( * ) SI_UNIT ( $, .STERADIAN. ) SOLID_ANGLE_UNIT ( ) );
#736 = EDGE_LOOP ( 'NONE', ( #1492, #312, #2597, #2778 ) ) ;
#737 = CARTESIAN_POINT ( 'NONE',  ( 3.075000000000000178, 0.000000000000000000, -1.704999999999970095 ) ) ;
#738 = LINE ( 'NONE', #4937, #2961 ) ;
#739 = AXIS2_PLACEMENT_3D ( 'NONE', #3704, #4906, #711 ) ;
#740 = VERTEX_POINT ( 'NONE', #2255 ) ;
#741 = EDGE_CURVE ( 'NONE', #4476, #79, #1869, .T. ) ;
#742 = EDGE_CURVE ( 'NONE', #1864, #591, #3940, .T. ) ;
#743 = CARTESIAN_POINT ( 'NONE',  ( -3.074999999999954881, 0.2500000000000000000, -2.105000000000035065 ) ) ;
#744 = ORIENTED_EDGE ( 'NONE', *, *, #3193, .F. ) ;
#745 = DIRECTION ( 'NONE',  ( 1.000000000000000000, 0.000000000000000000, 0.000000000000000000 ) ) ;
#746 = ORIENTED_EDGE ( 'NONE', *, *, #3713, .F. ) ;
#747 = ADVANCED_FACE ( 'NONE', ( #1054 ), #1431, .F. ) ;
#748 = ORIENTED_EDGE ( 'NONE', *, *, #2548, .T. ) ;
#749 = CARTESIAN_POINT ( 'NONE',  ( -0.2449999999999999956, 0.000000000000000000, -2.600000000000000089 ) ) ;
#750 = CARTESIAN_POINT ( 'NONE',  ( 3.075000000000000178, 0.2500000000000000000, 2.100000000000000089 ) ) ;
#751 = EDGE_LOOP ( 'NONE', ( #3744, #3700, #3746, #3491 ) ) ;
#752 = SURFACE_STYLE_FILL_AREA ( #4130 ) ;
#753 = CARTESIAN_POINT ( 'NONE',  ( -3.000000000000000000, 0.2500000000000000000, -0.8350000000000320499 ) ) ;
#754 = DIRECTION ( 'NONE',  ( 0.000000000000000000, 0.000000000000000000, -1.000000000000000000 ) ) ;
#755 = VERTEX_POINT ( 'NONE', #3243 ) ;
#756 = LINE ( 'NONE', #4932, #2990 ) ;
#757 = CARTESIAN_POINT ( 'NONE',  ( 2.770931942746980070, 0.2500000000000000000, 0.9309319427470109654 ) ) ;
#758 = PLANE ( 'NONE',  #3991 ) ;
#759 = VERTEX_POINT ( 'NONE', #4918 ) ;
#760 = CARTESIAN_POINT ( 'NONE',  ( 3.075000000000000178, 0.2500000000000000000, 1.704999999999970095 ) ) ;
#761 = EDGE_CURVE ( 'NONE', #2949, #519, #1136, .T. ) ;
#762 = CARTESIAN_POINT ( 'NONE',  ( -3.000000000000000000, 0.2500000000000000000, 0.8349999999999689893 ) ) ;
#763 = AXIS2_PLACEMENT_3D ( 'NONE', #924, #2629, #1820 ) ;
#764 = EDGE_LOOP ( 'NONE', ( #512, #2114, #3222, #3093 ) ) ;
#765 = DIRECTION ( 'NONE',  ( 0.000000000000000000, 0.000000000000000000, -1.000000000000000000 ) ) ;
#766 = VERTEX_POINT ( 'NONE', #723 ) ;
#767 = FACE_OUTER_BOUND ( 'NONE', #1539, .T. ) ;
#768 = FACE_OUTER_BOUND ( 'NONE', #3432, .T. ) ;
#769 = VECTOR ( 'NONE', #1561, 1000.000000000000000 ) ;
#770 = VECTOR ( 'NONE', #4482, 1000.000000000000000 ) ;
#771 = ADVANCED_FACE ( 'NONE', ( #5159 ), #2893, .T. ) ;
#772 = CARTESIAN_POINT ( 'NONE',  ( -2.369999999999988116, 0.000000000000000000, 0.8349999999999748734 ) ) ;
#773 = MECHANICAL_DESIGN_GEOMETRIC_PRESENTATION_REPRESENTATION (  '', ( #4397 ), #96 ) ;
#774 = CIRCLE ( 'NONE', #3004, 0.09593194274698166324 ) ;
#775 = ORIENTED_EDGE ( 'NONE', *, *, #3966, .F. ) ;
#776 = LINE ( 'NONE', #890, #2925 ) ;
#777 = ORIENTED_EDGE ( 'NONE', *, *, #1581, .F. ) ;
#778 = CIRCLE ( 'NONE', #3788, 0.1700000000000000122 ) ;
#779 = ADVANCED_FACE ( 'NONE', ( #4268 ), #5065, .F. ) ;
#780 = ADVANCED_FACE ( 'NONE', ( #2232 ), #1259, .T. ) ;
#781 = VECTOR ( 'NONE', #3145, 1000.000000000000000 ) ;
#782 = DIRECTION ( 'NONE',  ( 0.000000000000000000, 0.000000000000000000, -1.000000000000000000 ) ) ;
#783 = ORIENTED_EDGE ( 'NONE', *, *, #1812, .T. ) ;
#784 = AXIS2_PLACEMENT_3D ( 'NONE', #3361, #4093, #4157 ) ;
#785 = VECTOR ( 'NONE', #3942, 1000.000000000000000 ) ;
#786 = CARTESIAN_POINT ( 'NONE',  ( 2.205000000000000071, 0.2500000000000000000, 2.600000000000000089 ) ) ;
#787 = LINE ( 'NONE', #1201, #1040 ) ;
#788 = DIRECTION ( 'NONE',  ( 1.000000000000000000, 0.000000000000000000, -1.590282692950529943E-13 ) ) ;
#789 = VECTOR ( 'NONE', #1944, 1000.000000000000000 ) ;
#790 = ORIENTED_EDGE ( 'NONE', *, *, #7, .F. ) ;
#791 = CARTESIAN_POINT ( 'NONE',  ( 1.609068057253020045, 0.05000000000000000278, 2.245931942746980159 ) ) ;
#792 = EDGE_LOOP ( 'NONE', ( #1614, #1673, #446, #2540 ) ) ;
#793 = DIRECTION ( 'NONE',  ( 0.000000000000000000, 0.000000000000000000, -1.000000000000000000 ) ) ;
#794 = CARTESIAN_POINT ( 'NONE',  ( 3.000000000000000000, 0.2500000000000000000, 2.299999999999999822 ) ) ;
#795 = VERTEX_POINT ( 'NONE', #3827 ) ;
#796 = DIRECTION ( 'NONE',  ( 0.000000000000000000, -1.000000000000000000, 0.000000000000000000 ) ) ;
#797 = ORIENTED_EDGE ( 'NONE', *, *, #3899, .F. ) ;
#798 = DIRECTION ( 'NONE',  ( 0.000000000000000000, -1.000000000000000000, 0.000000000000000000 ) ) ;
#799 = VECTOR ( 'NONE', #12, 1000.000000000000000 ) ;
#800 = ORIENTED_EDGE ( 'NONE', *, *, #1902, .T. ) ;
#801 = ORIENTED_EDGE ( 'NONE', *, *, #2665, .T. ) ;
#802 = EDGE_CURVE ( 'NONE', #5342, #844, #2530, .T. ) ;
#803 = VECTOR ( 'NONE', #825, 1000.000000000000000 ) ;
#804 = ORIENTED_EDGE ( 'NONE', *, *, #4953, .T. ) ;
#805 = DIRECTION ( 'NONE',  ( 0.000000000000000000, 0.000000000000000000, -1.000000000000000000 ) ) ;
#806 = CIRCLE ( 'NONE', #469, 0.1700000000000000122 ) ;
#807 = ADVANCED_FACE ( 'NONE', ( #857 ), #2565, .F. ) ;
#808 = DIRECTION ( 'NONE',  ( -0.000000000000000000, -0.000000000000000000, 1.000000000000000000 ) ) ;
#809 = VERTEX_POINT ( 'NONE', #4074 ) ;
#810 = DIRECTION ( 'NONE',  ( -0.000000000000000000, 1.000000000000000000, -0.000000000000000000 ) ) ;
#811 = LINE ( 'NONE', #3280, #2096 ) ;
#812 = ORIENTED_EDGE ( 'NONE', *, *, #2437, .T. ) ;
#813 =( NAMED_UNIT ( * ) SI_UNIT ( $, .STERADIAN. ) SOLID_ANGLE_UNIT ( ) );
#814 = LINE ( 'NONE', #2542, #2538 ) ;
#815 = FILL_AREA_STYLE ('',( #4667 ) ) ;
#816 = ORIENTED_EDGE ( 'NONE', *, *, #4814, .F. ) ;
#817 = DIRECTION ( 'NONE',  ( 0.000000000000000000, 0.000000000000000000, -1.000000000000000000 ) ) ;
#818 = VECTOR ( 'NONE', #505, 1000.000000000000000 ) ;
#819 = LINE ( 'NONE', #4495, #3059 ) ;
#820 = ORIENTED_EDGE ( 'NONE', *, *, #3166, .T. ) ;
#821 = CARTESIAN_POINT ( 'NONE',  ( 3.000000000000000000, 0.05000000000000000278, 0.8350000000000320499 ) ) ;
#822 = ORIENTED_EDGE ( 'NONE', *, *, #989, .F. ) ;
#823 = FILL_AREA_STYLE ('',( #3382 ) ) ;
#824 = CARTESIAN_POINT ( 'NONE',  ( 3.000000000000000000, 0.2500000000000000000, 2.100000000000000089 ) ) ;
#825 = DIRECTION ( 'NONE',  ( 0.000000000000000000, -1.000000000000000000, 0.000000000000000000 ) ) ;
#826 = VERTEX_POINT ( 'NONE', #2934 ) ;
#827 = SURFACE_STYLE_USAGE ( .BOTH. , #3799 ) ;
#828 = EDGE_LOOP ( 'NONE', ( #882, #4960, #822, #2682 ) ) ;
#829 = DIRECTION ( 'NONE',  ( 0.000000000000000000, 1.000000000000000000, 0.000000000000000000 ) ) ;
#830 = DIRECTION ( 'NONE',  ( -1.084202172485504118E-14, 0.000000000000000000, 1.000000000000000000 ) ) ;
#831 = EDGE_CURVE ( 'NONE', #1976, #4395, #1597, .T. ) ;
#832 = CARTESIAN_POINT ( 'NONE',  ( -0.2449999999999999956, 0.05000000000000000278, -2.245931942746980159 ) ) ;
#833 = ORIENTED_EDGE ( 'NONE', *, *, #2362, .F. ) ;
#834 = EDGE_CURVE ( 'NONE', #2316, #1546, #756, .T. ) ;
#835 = LINE ( 'NONE', #36, #2852 ) ;
#836 = ADVANCED_FACE ( 'NONE', ( #2399 ), #4137, .F. ) ;
#837 = VERTEX_POINT ( 'NONE', #362 ) ;
#838 = CARTESIAN_POINT ( 'NONE',  ( -0.9250000000000000444, 0.000000000000000000, 2.054068057253019663 ) ) ;
#839 = DIRECTION ( 'NONE',  ( 0.000000000000000000, -1.000000000000000000, 0.000000000000000000 ) ) ;
#840 = ORIENTED_EDGE ( 'NONE', *, *, #2947, .T. ) ;
#841 = DIRECTION ( 'NONE',  ( 1.000000000000000000, 0.000000000000000000, 0.000000000000000000 ) ) ;
#842 = PLANE ( 'NONE',  #4449 ) ;
#843 = FACE_OUTER_BOUND ( 'NONE', #2958, .T. ) ;
#844 = VERTEX_POINT ( 'NONE', #3311 ) ;
#845 = CIRCLE ( 'NONE', #2735, 0.05000000000000012768 ) ;
#846 = SURFACE_STYLE_FILL_AREA ( #21 ) ;
#847 = COLOUR_RGB ( '',0.2509803921568627416, 0.2509803921568627416, 0.2509803921568627416 ) ;
#848 = ORIENTED_EDGE ( 'NONE', *, *, #4655, .T. ) ;
#849 = CARTESIAN_POINT ( 'NONE',  ( -2.369999999999973905, 0.05000000000000000278, -0.6050000000000251843 ) ) ;
#850 = DIRECTION ( 'NONE',  ( 0.000000000000000000, 1.000000000000000000, 0.000000000000000000 ) ) ;
#851 = MECHANICAL_DESIGN_GEOMETRIC_PRESENTATION_REPRESENTATION (  '', ( #3528 ), #3769 ) ;
#852 = DIRECTION ( 'NONE',  ( 0.000000000000000000, -1.000000000000000000, 0.000000000000000000 ) ) ;
#853 = EDGE_LOOP ( 'NONE', ( #664, #5417, #5112, #4893 ) ) ;
#854 = VECTOR ( 'NONE', #2295, 1000.000000000000000 ) ;
#855 = FACE_OUTER_BOUND ( 'NONE', #3513, .T. ) ;
#856 = ORIENTED_EDGE ( 'NONE', *, *, #3713, .T. ) ;
#857 = FACE_OUTER_BOUND ( 'NONE', #19, .T. ) ;
#858 = LINE ( 'NONE', #1729, #4579 ) ;
#859 = PRESENTATION_LAYER_ASSIGNMENT (  '', '', ( #530 ) ) ;
#860 = DIRECTION ( 'NONE',  ( 0.000000000000000000, -1.000000000000000000, 0.000000000000000000 ) ) ;
#861 = VECTOR ( 'NONE', #4349, 1000.000000000000000 ) ;
#862 = ORIENTED_EDGE ( 'NONE', *, *, #2647, .F. ) ;
#863 = AXIS2_PLACEMENT_3D ( 'NONE', #1432, #916, #3914 ) ;
#864 = CARTESIAN_POINT ( 'NONE',  ( 3.075000000000000178, 0.2500000000000000000, -0.8350000000000329381 ) ) ;
#865 = VERTEX_POINT ( 'NONE', #4986 ) ;
#866 = DIRECTION ( 'NONE',  ( -0.000000000000000000, 1.000000000000000000, -0.000000000000000000 ) ) ;
#867 = STYLED_ITEM ( 'NONE', ( #3377 ), #3056 ) ;
#868 = AXIS2_PLACEMENT_3D ( 'NONE', #1477, #3645, #2403 ) ;
#869 = PLANE ( 'NONE',  #1901 ) ;
#870 = EDGE_CURVE ( 'NONE', #156, #2738, #4605, .T. ) ;
#871 = ORIENTED_EDGE ( 'NONE', *, *, #4400, .T. ) ;
#872 = CARTESIAN_POINT ( 'NONE',  ( -2.799999999999999822, 0.2500000000000000000, 2.500000000000000000 ) ) ;
#873 = SURFACE_STYLE_USAGE ( .BOTH. , #3902 ) ;
#874 = CARTESIAN_POINT ( 'NONE',  ( 3.000000000000000000, 0.05000000000000000278, 2.299999999999999822 ) ) ;
#875 = VERTEX_POINT ( 'NONE', #2066 ) ;
#876 = PRESENTATION_STYLE_ASSIGNMENT (( #2156 ) ) ;
#877 = VECTOR ( 'NONE', #2952, 1000.000000000000000 ) ;
#878 = LINE ( 'NONE', #2188, #2862 ) ;
#879 = ORIENTED_EDGE ( 'NONE', *, *, #3346, .F. ) ;
#880 = FACE_BOUND ( 'NONE', #5360, .T. ) ;
#881 = CYLINDRICAL_SURFACE ( 'NONE', #641, 0.5999999999999999778 ) ;
#882 = ORIENTED_EDGE ( 'NONE', *, *, #1833, .T. ) ;
#883 = ADVANCED_FACE ( 'NONE', ( #4194 ), #3665, .T. ) ;
#884 = DIRECTION ( 'NONE',  ( 0.000000000000000000, -1.000000000000000000, 0.000000000000000000 ) ) ;
#885 = CYLINDRICAL_SURFACE ( 'NONE', #3177, 0.1700000000000000122 ) ;
#886 = ADVANCED_FACE ( 'NONE', ( #3833 ), #4651, .T. ) ;
#887 = SHAPE_DEFINITION_REPRESENTATION ( #3915, #3464 ) ;
#888 = LINE ( 'NONE', #1698, #1955 ) ;
#889 = VERTEX_POINT ( 'NONE', #896 ) ;
#890 = CARTESIAN_POINT ( 'NONE',  ( 2.876151621335850006, 1.000000000000000000, -2.299999999999999822 ) ) ;
#891 = VERTEX_POINT ( 'NONE', #4982 ) ;
#892 =( LENGTH_UNIT ( ) NAMED_UNIT ( * ) SI_UNIT ( .MILLI., .METRE. ) );
#893 = DIRECTION ( 'NONE',  ( 1.000000000000000000, 0.000000000000000000, 0.000000000000000000 ) ) ;
#894 = FACE_OUTER_BOUND ( 'NONE', #5145, .T. ) ;
#895 = DIRECTION ( 'NONE',  ( 0.000000000000000000, 1.000000000000000000, 0.000000000000000000 ) ) ;
#896 = CARTESIAN_POINT ( 'NONE',  ( -3.000000000000000000, 0.05000000000000000278, 1.704999999999970095 ) ) ;
#897 = VECTOR ( 'NONE', #3412, 1000.000000000000000 ) ;
#898 = DIRECTION ( 'NONE',  ( 0.000000000000000000, -1.000000000000000000, 0.000000000000000000 ) ) ;
#899 = ORIENTED_EDGE ( 'NONE', *, *, #5038, .F. ) ;
#900 = CARTESIAN_POINT ( 'NONE',  ( -0.1490680572530187764, 0.000000000000000000, 2.149999999999999911 ) ) ;
#901 = DIRECTION ( 'NONE',  ( 0.000000000000000000, 0.000000000000000000, 1.000000000000000000 ) ) ;
#902 = EDGE_CURVE ( 'NONE', #1263, #4709, #787, .T. ) ;
#903 = PLANE ( 'NONE',  #2791 ) ;
#904 = VERTEX_POINT ( 'NONE', #1617 ) ;
#905 = CARTESIAN_POINT ( 'NONE',  ( -2.799999999999999822, 0.05000000000000000278, -2.500000000000000000 ) ) ;
#906 = LINE ( 'NONE', #2699, #4116 ) ;
#907 = ORIENTED_EDGE ( 'NONE', *, *, #2864, .F. ) ;
#908 =( LENGTH_UNIT ( ) NAMED_UNIT ( * ) SI_UNIT ( .MILLI., .METRE. ) );
#909 = LINE ( 'NONE', #1637, #818 ) ;
#910 = EDGE_CURVE ( 'NONE', #1207, #4302, #3696, .T. ) ;
#911 = DIRECTION ( 'NONE',  ( 0.000000000000000000, 0.000000000000000000, -1.000000000000000000 ) ) ;
#912 = COLOUR_RGB ( '',0.2509803921568627416, 0.2509803921568627416, 0.2509803921568627416 ) ;
#913 = DIRECTION ( 'NONE',  ( 2.558075641260095193E-15, 0.000000000000000000, 1.000000000000000000 ) ) ;
#914 = VERTEX_POINT ( 'NONE', #2870 ) ;
#915 = DIRECTION ( 'NONE',  ( 0.000000000000000000, -1.000000000000000000, 0.000000000000000000 ) ) ;
#916 = DIRECTION ( 'NONE',  ( 0.000000000000000000, 1.000000000000000000, 0.000000000000000000 ) ) ;
#917 = EDGE_CURVE ( 'NONE', #1196, #3367, #5340, .T. ) ;
#918 = FILL_AREA_STYLE ('',( #4683 ) ) ;
#919 = EDGE_CURVE ( 'NONE', #3268, #2999, #729, .T. ) ;
#920 = ORIENTED_EDGE ( 'NONE', *, *, #3103, .T. ) ;
#921 = DIRECTION ( 'NONE',  ( -0.000000000000000000, 1.000000000000000000, -0.000000000000000000 ) ) ;
#922 = ORIENTED_EDGE ( 'NONE', *, *, #2312, .F. ) ;
#923 = AXIS2_PLACEMENT_3D ( 'NONE', #4991, #393, #3233 ) ;
#924 = CARTESIAN_POINT ( 'NONE',  ( 2.300931942746980319, 0.2500000000000000000, -2.200000000000000178 ) ) ;
#925 = DIRECTION ( 'NONE',  ( 0.000000000000000000, 0.000000000000000000, 1.000000000000000000 ) ) ;
#926 = DIRECTION ( 'NONE',  ( -1.069696878666206068E-14, 0.000000000000000000, 1.000000000000000000 ) ) ;
#927 = FACE_OUTER_BOUND ( 'NONE', #4483, .T. ) ;
#928 = ORIENTED_EDGE ( 'NONE', *, *, #3775, .T. ) ;
#929 = EDGE_CURVE ( 'NONE', #1884, #4713, #301, .T. ) ;
#930 = CARTESIAN_POINT ( 'NONE',  ( 3.000000000000000000, 0.2500000000000000000, 2.299999999999999822 ) ) ;
#931 = VECTOR ( 'NONE', #3838, 1000.000000000000000 ) ;
#932 = DIRECTION ( 'NONE',  ( 0.000000000000000000, -1.000000000000000000, 0.000000000000000000 ) ) ;
#933 = UNCERTAINTY_MEASURE_WITH_UNIT (LENGTH_MEASURE( 1.000000000000000082E-05 ), #4523, 'distance_accuracy_value', 'NONE');
#934 = CARTESIAN_POINT ( 'NONE',  ( -2.799999999999999822, 1.000000000000000000, -2.376151621335850006 ) ) ;
#935 = ORIENTED_EDGE ( 'NONE', *, *, #5225, .T. ) ;
#936 = CARTESIAN_POINT ( 'NONE',  ( 3.075000000000000178, 0.000000000000000000, 0.4349999999999680234 ) ) ;
#937 = CARTESIAN_POINT ( 'NONE',  ( 1.699999999999999956, 0.9000000000000000222, 0.000000000000000000 ) ) ;
#938 = ORIENTED_EDGE ( 'NONE', *, *, #625, .T. ) ;
#939 = CARTESIAN_POINT ( 'NONE',  ( -3.000000000000000000, 0.04999999999999999584, 0.8349999999999687672 ) ) ;
#940 = DIRECTION ( 'NONE',  ( 1.084202172485470197E-14, 0.000000000000000000, -1.000000000000000000 ) ) ;
#941 =( NAMED_UNIT ( * ) PLANE_ANGLE_UNIT ( ) SI_UNIT ( $, .RADIAN. ) );
#942 = CARTESIAN_POINT ( 'NONE',  ( -2.200000000000000178, 0.05000000000000000278, 1.934999999999973852 ) ) ;
#943 = ORIENTED_EDGE ( 'NONE', *, *, #5397, .T. ) ;
#944 = DIRECTION ( 'NONE',  ( 0.000000000000000000, -1.000000000000000000, 0.000000000000000000 ) ) ;
#945 = FACE_OUTER_BOUND ( 'NONE', #672, .T. ) ;
#946 = EDGE_CURVE ( 'NONE', #3483, #2176, #2423, .T. ) ;
#947 = ORIENTED_EDGE ( 'NONE', *, *, #484, .T. ) ;
#948 = SURFACE_STYLE_FILL_AREA ( #3120 ) ;
#949 = PLANE ( 'NONE',  #1571 ) ;
#950 = FILL_AREA_STYLE_COLOUR ( '', #3128 ) ;
#951 = AXIS2_PLACEMENT_3D ( 'NONE', #3666, #3699, #4195 ) ;
#952 = LINE ( 'NONE', #3566, #4580 ) ;
#953 = EDGE_CURVE ( 'NONE', #1830, #156, #1560, .T. ) ;
#954 = ORIENTED_EDGE ( 'NONE', *, *, #2170, .T. ) ;
#955 = CIRCLE ( 'NONE', #4030, 0.05000000000000012768 ) ;
#956 = FACE_OUTER_BOUND ( 'NONE', #2260, .T. ) ;
#957 = DIRECTION ( 'NONE',  ( -1.000000000000000000, 0.000000000000000000, 0.000000000000000000 ) ) ;
#958 = DIRECTION ( 'NONE',  ( 0.000000000000000000, -1.000000000000000000, 0.000000000000000000 ) ) ;
#959 = PRESENTATION_LAYER_ASSIGNMENT (  '', '', ( #2996 ) ) ;
#960 = CARTESIAN_POINT ( 'NONE',  ( -3.075000000000000178, 0.2500000000000000000, -0.8350000000000329381 ) ) ;
#961 = ADVANCED_FACE ( 'NONE', ( #1593 ), #1144, .T. ) ;
#962 = LINE ( 'NONE', #2671, #5212 ) ;
#963 = CIRCLE ( 'NONE', #4843, 0.09593194274698166324 ) ;
#964 = EDGE_CURVE ( 'NONE', #1394, #4796, #3725, .T. ) ;
#965 = CIRCLE ( 'NONE', #1048, 0.09593194274698166324 ) ;
#966 = ORIENTED_EDGE ( 'NONE', *, *, #4996, .F. ) ;
#967 = DIRECTION ( 'NONE',  ( 0.000000000000000000, 0.000000000000000000, 1.000000000000000000 ) ) ;
#968 =( LENGTH_UNIT ( ) NAMED_UNIT ( * ) SI_UNIT ( .MILLI., .METRE. ) );
#969 = EDGE_LOOP ( 'NONE', ( #1366, #2111, #3338, #410 ) ) ;
#970 = PLANE ( 'NONE',  #5213 ) ;
#971 = STYLED_ITEM ( 'NONE', ( #5259 ), #4368 ) ;
#972 = SURFACE_STYLE_USAGE ( .BOTH. , #1425 ) ;
#973 =( NAMED_UNIT ( * ) PLANE_ANGLE_UNIT ( ) SI_UNIT ( $, .RADIAN. ) );
#974 = VERTEX_POINT ( 'NONE', #2447 ) ;
#975 = VECTOR ( 'NONE', #3575, 1000.000000000000000 ) ;
#976 = EDGE_LOOP ( 'NONE', ( #211, #4180, #5404, #2633 ) ) ;
#977 = VECTOR ( 'NONE', #20, 1000.000000000000000 ) ;
#978 =( NAMED_UNIT ( * ) PLANE_ANGLE_UNIT ( ) SI_UNIT ( $, .RADIAN. ) );
#979 = CARTESIAN_POINT ( 'NONE',  ( 2.674999999999999822, 0.000000000000000000, 0.3250000000000002887 ) ) ;
#980 = VERTEX_POINT ( 'NONE', #4690 ) ;
#981 = CARTESIAN_POINT ( 'NONE',  ( 2.799999999999999822, 0.05000000000000000278, -2.299999999999999822 ) ) ;
#982 = DIRECTION ( 'NONE',  ( 0.000000000000000000, 1.000000000000000000, 0.000000000000000000 ) ) ;
#983 = EDGE_CURVE ( 'NONE', #3584, #4562, #3834, .T. ) ;
#984 = FACE_OUTER_BOUND ( 'NONE', #2024, .T. ) ;
#985 = VERTEX_POINT ( 'NONE', #62 ) ;
#986 = DIRECTION ( 'NONE',  ( -1.097926250618142057E-14, 0.000000000000000000, -1.000000000000000000 ) ) ;
#987 = CARTESIAN_POINT ( 'NONE',  ( -3.000000000000000000, 0.05000000000000000278, 2.299999999999999822 ) ) ;
#988 = CARTESIAN_POINT ( 'NONE',  ( 2.674999999999999822, 0.000000000000000000, -0.3390680572530474501 ) ) ;
#989 = EDGE_CURVE ( 'NONE', #1332, #1712, #1974, .T. ) ;
#990 = SURFACE_SIDE_STYLE ('',( #1728 ) ) ;
#991 = DIRECTION ( 'NONE',  ( 0.000000000000000000, -1.000000000000000000, 0.000000000000000000 ) ) ;
#992 = UNCERTAINTY_MEASURE_WITH_UNIT (LENGTH_MEASURE( 1.000000000000000082E-05 ), #2714, 'distance_accuracy_value', 'NONE');
#993 = VECTOR ( 'NONE', #3370, 1000.000000000000000 ) ;
#994 = EDGE_CURVE ( 'NONE', #4764, #2036, #806, .T. ) ;
#995 = ORIENTED_EDGE ( 'NONE', *, *, #531, .F. ) ;
#996 = PLANE ( 'NONE',  #5003 ) ;
#997 = EDGE_LOOP ( 'NONE', ( #1933, #4068, #5411, #1807 ) ) ;
#998 = DIRECTION ( 'NONE',  ( -3.062129300499790370E-16, 0.000000000000000000, -1.000000000000000000 ) ) ;
#999 = FACE_OUTER_BOUND ( 'NONE', #3928, .T. ) ;
#1000 = LINE ( 'NONE', #942, #4283 ) ;
#1001 = FACE_OUTER_BOUND ( 'NONE', #5262, .T. ) ;
#1002 = ORIENTED_EDGE ( 'NONE', *, *, #1735, .T. ) ;
#1003 = CARTESIAN_POINT ( 'NONE',  ( -2.369999999999961471, -0.4366062299143245173, -1.705000000000025162 ) ) ;
#1004 = ORIENTED_EDGE ( 'NONE', *, *, #2983, .T. ) ;
#1005 = DIRECTION ( 'NONE',  ( 0.000000000000000000, 1.000000000000000000, 0.000000000000000000 ) ) ;
#1006 = CARTESIAN_POINT ( 'NONE',  ( -2.369999999999987228, 0.000000000000000000, 0.6649999999999748335 ) ) ;
#1007 = LINE ( 'NONE', #2259, #1512 ) ;
#1008 = VERTEX_POINT ( 'NONE', #5100 ) ;
#1009 = CARTESIAN_POINT ( 'NONE',  ( -0.1490680572530186099, 0.05000000000000000278, -2.245931942746980159 ) ) ;
#1010 = CIRCLE ( 'NONE', #52, 0.5999999999999999778 ) ;
#1011 = DIRECTION ( 'NONE',  ( 1.000000000000000000, 0.000000000000000000, -1.069696878666206068E-14 ) ) ;
#1012 = VERTEX_POINT ( 'NONE', #358 ) ;
#1013 = FILL_AREA_STYLE ('',( #1794 ) ) ;
#1014 = PRESENTATION_STYLE_ASSIGNMENT (( #174 ) ) ;
#1015 = VECTOR ( 'NONE', #5190, 1000.000000000000000 ) ;
#1016 = CARTESIAN_POINT ( 'NONE',  ( 2.799999999999999822, 0.2500000000000000000, -2.299999999999999822 ) ) ;
#1017 = ADVANCED_FACE ( 'NONE', ( #1173 ), #5136, .F. ) ;
#1018 = DIRECTION ( 'NONE',  ( 0.000000000000000000, 0.000000000000000000, 1.000000000000000000 ) ) ;
#1019 = VECTOR ( 'NONE', #4079, 1000.000000000000000 ) ;
#1020 = PRESENTATION_STYLE_ASSIGNMENT (( #1386 ) ) ;
#1021 =( NAMED_UNIT ( * ) PLANE_ANGLE_UNIT ( ) SI_UNIT ( $, .RADIAN. ) );
#1022 = ORIENTED_EDGE ( 'NONE', *, *, #2947, .F. ) ;
#1023 = EDGE_CURVE ( 'NONE', #691, #3837, #3864, .T. ) ;
#1024 = EDGE_CURVE ( 'NONE', #2940, #4095, #5399, .T. ) ;
#1025 = DIRECTION ( 'NONE',  ( -1.310076802900131811E-16, 0.000000000000000000, 1.000000000000000000 ) ) ;
#1026 = CARTESIAN_POINT ( 'NONE',  ( 1.704999999999999849, 0.2500000000000000000, 2.245931942746980159 ) ) ;
#1027 = FILL_AREA_STYLE_COLOUR ( '', #3376 ) ;
#1028 = ORIENTED_EDGE ( 'NONE', *, *, #1248, .F. ) ;
#1029 = DIRECTION ( 'NONE',  ( 0.000000000000000000, 0.000000000000000000, -1.000000000000000000 ) ) ;
#1030 = EDGE_CURVE ( 'NONE', #4230, #1936, #88, .T. ) ;
#1031 = ADVANCED_FACE ( 'NONE', ( #324 ), #3099, .T. ) ;
#1032 = DIRECTION ( 'NONE',  ( 1.084202172485504118E-14, 0.000000000000000000, -1.000000000000000000 ) ) ;
#1033 = EDGE_LOOP ( 'NONE', ( #5338, #3419, #543, #3970 ) ) ;
#1034 = LINE ( 'NONE', #2689, #4778 ) ;
#1035 = VECTOR ( 'NONE', #4075, 1000.000000000000000 ) ;
#1036 = VERTEX_POINT ( 'NONE', #4826 ) ;
#1037 = CIRCLE ( 'NONE', #951, 0.09593194274698123303 ) ;
#1038 = CARTESIAN_POINT ( 'NONE',  ( -0.1490680572530187764, 0.2500000000000000000, 2.245931942746980159 ) ) ;
#1039 = CARTESIAN_POINT ( 'NONE',  ( -0.8499999999999999778, 0.000000000000000000, -1.743721152139079855 ) ) ;
#1040 = VECTOR ( 'NONE', #4512, 1000.000000000000000 ) ;
#1041 = UNCERTAINTY_MEASURE_WITH_UNIT (LENGTH_MEASURE( 1.000000000000000082E-05 ), #3818, 'distance_accuracy_value', 'NONE');
#1042 = VECTOR ( 'NONE', #2845, 1000.000000000000000 ) ;
#1043 = AXIS2_PLACEMENT_3D ( 'NONE', #1645, #1556, #782 ) ;
#1044 = PLANE ( 'NONE',  #2366 ) ;
#1045 = EDGE_LOOP ( 'NONE', ( #4574, #2553, #5317, #4353 ) ) ;
#1046 = DIRECTION ( 'NONE',  ( 0.000000000000000000, 0.000000000000000000, 1.000000000000000000 ) ) ;
#1047 = VECTOR ( 'NONE', #2524, 1000.000000000000000 ) ;
#1048 = AXIS2_PLACEMENT_3D ( 'NONE', #2972, #4641, #1217 ) ;
#1049 = SURFACE_STYLE_USAGE ( .BOTH. , #1907 ) ;
#1050 = EDGE_CURVE ( 'NONE', #1472, #3085, #1381, .T. ) ;
#1051 = ORIENTED_EDGE ( 'NONE', *, *, #5071, .F. ) ;
#1052 = DIRECTION ( 'NONE',  ( -1.000000000000000000, 0.000000000000000000, -8.673617379884013384E-15 ) ) ;
#1053 = EDGE_LOOP ( 'NONE', ( #2679, #4549, #801, #1069 ) ) ;
#1054 = FACE_OUTER_BOUND ( 'NONE', #5008, .T. ) ;
#1055 = LINE ( 'NONE', #3164, #1131 ) ;
#1056 = VECTOR ( 'NONE', #3470, 1000.000000000000000 ) ;
#1057 = MECHANICAL_DESIGN_GEOMETRIC_PRESENTATION_REPRESENTATION (  '', ( #4409 ), #1129 ) ;
#1058 = TOROIDAL_SURFACE ( 'NONE', #4410, 0.07615162133585058613, 0.05000000000000000278 ) ;
#1059 = EDGE_CURVE ( 'NONE', #2176, #156, #3974, .T. ) ;
#1060 = LINE ( 'NONE', #4497, #2211 ) ;
#1061 = ORIENTED_EDGE ( 'NONE', *, *, #1939, .F. ) ;
#1062 = VECTOR ( 'NONE', #4300, 1000.000000000000000 ) ;
#1063 = CARTESIAN_POINT ( 'NONE',  ( -0.7449999999999999956, 0.2500000000000000000, -2.600000000000000089 ) ) ;
#1064 = STYLED_ITEM ( 'NONE', ( #345 ), #2655 ) ;
#1065 = CARTESIAN_POINT ( 'NONE',  ( 2.300931942746980319, 0.2500000000000000000, 2.200000000000000178 ) ) ;
#1066 = SURFACE_STYLE_USAGE ( .BOTH. , #2018 ) ;
#1067 = LINE ( 'NONE', #4453, #975 ) ;
#1068 = CARTESIAN_POINT ( 'NONE',  ( -3.000000000000000000, 0.2500000000000000000, -2.299999999999999822 ) ) ;
#1069 = ORIENTED_EDGE ( 'NONE', *, *, #5439, .F. ) ;
#1070 = DIRECTION ( 'NONE',  ( 0.000000000000000000, 0.000000000000000000, -1.000000000000000000 ) ) ;
#1071 = EDGE_CURVE ( 'NONE', #2805, #1889, #634, .T. ) ;
#1072 = ORIENTED_EDGE ( 'NONE', *, *, #2431, .T. ) ;
#1073 =( NAMED_UNIT ( * ) PLANE_ANGLE_UNIT ( ) SI_UNIT ( $, .RADIAN. ) );
#1074 =( NAMED_UNIT ( * ) SI_UNIT ( $, .STERADIAN. ) SOLID_ANGLE_UNIT ( ) );
#1075 = ORIENTED_EDGE ( 'NONE', *, *, #3787, .T. ) ;
#1076 = CARTESIAN_POINT ( 'NONE',  ( 1.704999999999999849, 0.05000000000000000278, 2.299999999999999822 ) ) ;
#1077 = EDGE_CURVE ( 'NONE', #4441, #1134, #2237, .T. ) ;
#1078 = AXIS2_PLACEMENT_3D ( 'NONE', #2034, #2002, #4928 ) ;
#1079 = LINE ( 'NONE', #2786, #3796 ) ;
#1080 = VERTEX_POINT ( 'NONE', #524 ) ;
#1081 = CARTESIAN_POINT ( 'NONE',  ( -3.000000000000000000, 0.2500000000000000000, 1.704999999999970095 ) ) ;
#1082 = ADVANCED_FACE ( 'NONE', ( #2664 ), #1353, .F. ) ;
#1083 = DIRECTION ( 'NONE',  ( 1.000000000000000000, 0.000000000000000000, 0.000000000000000000 ) ) ;
#1084 = ADVANCED_FACE ( 'NONE', ( #1413 ), #4783, .T. ) ;
#1085 = ORIENTED_EDGE ( 'NONE', *, *, #1874, .T. ) ;
#1086 = VECTOR ( 'NONE', #1011, 1000.000000000000000 ) ;
#1087 = CARTESIAN_POINT ( 'NONE',  ( -2.799999999999999822, 0.2500000000000000000, -2.500000000000000000 ) ) ;
#1088 = EDGE_CURVE ( 'NONE', #26, #755, #653, .T. ) ;
#1089 = UNCERTAINTY_MEASURE_WITH_UNIT (LENGTH_MEASURE( 1.000000000000000082E-05 ), #3946, 'distance_accuracy_value', 'NONE');
#1090 = DIRECTION ( 'NONE',  ( 0.000000000000000000, 0.000000000000000000, -1.000000000000000000 ) ) ;
#1091 = ORIENTED_EDGE ( 'NONE', *, *, #5336, .T. ) ;
#1092 = AXIS2_PLACEMENT_3D ( 'NONE', #2249, #2222, #189 ) ;
#1093 = DIRECTION ( 'NONE',  ( 0.000000000000000000, 0.000000000000000000, -1.000000000000000000 ) ) ;
#1094 = CARTESIAN_POINT ( 'NONE',  ( -3.074999999999960210, 0.000000000000000000, -1.705000000000029825 ) ) ;
#1095 = ORIENTED_EDGE ( 'NONE', *, *, #3479, .T. ) ;
#1096 = FACE_OUTER_BOUND ( 'NONE', #3731, .T. ) ;
#1097 = CYLINDRICAL_SURFACE ( 'NONE', #3564, 0.5999999999999999778 ) ;
#1098 = VERTEX_POINT ( 'NONE', #1919 ) ;
#1099 = CARTESIAN_POINT ( 'NONE',  ( -2.369999999999974349, 0.000000000000000000, -0.4350000000000251998 ) ) ;
#1100 = DIRECTION ( 'NONE',  ( 0.000000000000000000, 0.000000000000000000, 1.000000000000000000 ) ) ;
#1101 = ORIENTED_EDGE ( 'NONE', *, *, #2919, .T. ) ;
#1102 = PLANE ( 'NONE',  #5108 ) ;
#1103 =( NAMED_UNIT ( * ) PLANE_ANGLE_UNIT ( ) SI_UNIT ( $, .RADIAN. ) );
#1104 = FACE_OUTER_BOUND ( 'NONE', #2311, .T. ) ;
#1105 = ORIENTED_EDGE ( 'NONE', *, *, #1175, .T. ) ;
#1106 = EDGE_CURVE ( 'NONE', #1584, #2440, #4012, .T. ) ;
#1107 = ORIENTED_EDGE ( 'NONE', *, *, #4083, .T. ) ;
#1108 = DIRECTION ( 'NONE',  ( 0.000000000000000000, 0.000000000000000000, -1.000000000000000000 ) ) ;
#1109 = CIRCLE ( 'NONE', #5346, 0.2000000000000000944 ) ;
#1110 = ADVANCED_FACE ( 'NONE', ( #249 ), #1482, .F. ) ;
#1111 = EDGE_CURVE ( 'NONE', #2473, #1732, #67, .T. ) ;
#1112 = CARTESIAN_POINT ( 'NONE',  ( 0.000000000000000000, 0.05000000000000000278, 0.000000000000000000 ) ) ;
#1113 = EDGE_LOOP ( 'NONE', ( #4687, #4639, #816, #4515, #2130, #4697 ) ) ;
#1114 = SURFACE_STYLE_FILL_AREA ( #1885 ) ;
#1115 = AXIS2_PLACEMENT_3D ( 'NONE', #459, #829, #2975 ) ;
#1116 = PLANE ( 'NONE',  #608 ) ;
#1117 = VERTEX_POINT ( 'NONE', #94 ) ;
#1118 =( NAMED_UNIT ( * ) PLANE_ANGLE_UNIT ( ) SI_UNIT ( $, .RADIAN. ) );
#1119 = CARTESIAN_POINT ( 'NONE',  ( 3.000000000000000000, 0.2500000000000000000, 2.299999999999999822 ) ) ;
#1120 = ORIENTED_EDGE ( 'NONE', *, *, #1153, .T. ) ;
#1121 = DIRECTION ( 'NONE',  ( -1.000000000000000000, 0.000000000000000000, 0.000000000000000000 ) ) ;
#1122 = VECTOR ( 'NONE', #3037, 1000.000000000000000 ) ;
#1123 = CARTESIAN_POINT ( 'NONE',  ( 1.699999999999999956, 0.9000000000000000222, 0.000000000000000000 ) ) ;
#1124 = VECTOR ( 'NONE', #1998, 1000.000000000000000 ) ;
#1125 = ORIENTED_EDGE ( 'NONE', *, *, #5442, .T. ) ;
#1126 = AXIS2_PLACEMENT_3D ( 'NONE', #2592, #798, #4968 ) ;
#1127 = CARTESIAN_POINT ( 'NONE',  ( -2.370000000000001439, -0.4366062299143245173, 1.704999999999974980 ) ) ;
#1128 = VERTEX_POINT ( 'NONE', #4628 ) ;
#1129 =( GEOMETRIC_REPRESENTATION_CONTEXT ( 3 ) GLOBAL_UNCERTAINTY_ASSIGNED_CONTEXT ( ( #2722 ) ) GLOBAL_UNIT_ASSIGNED_CONTEXT ( ( #3839, #3424, #1324 ) ) REPRESENTATION_CONTEXT ( 'NONE', 'WORKASPACE' ) );
#1130 = ADVANCED_FACE ( 'NONE', ( #433 ), #1738, .T. ) ;
#1131 = VECTOR ( 'NONE', #244, 1000.000000000000000 ) ;
#1132 = ORIENTED_EDGE ( 'NONE', *, *, #2665, .F. ) ;
#1133 = AXIS2_PLACEMENT_3D ( 'NONE', #2336, #3992, #5264 ) ;
#1134 = VERTEX_POINT ( 'NONE', #3399 ) ;
#1135 = VECTOR ( 'NONE', #3408, 1000.000000000000000 ) ;
#1136 = LINE ( 'NONE', #1994, #5099 ) ;
#1137 = DIRECTION ( 'NONE',  ( 0.000000000000000000, 0.000000000000000000, 1.000000000000000000 ) ) ;
#1138 = EDGE_CURVE ( 'NONE', #3268, #891, #835, .T. ) ;
#1139 = PRESENTATION_LAYER_ASSIGNMENT (  '', '', ( #1240 ) ) ;
#1140 = LINE ( 'NONE', #3304, #2105 ) ;
#1141 = ORIENTED_EDGE ( 'NONE', *, *, #5442, .F. ) ;
#1142 = EDGE_CURVE ( 'NONE', #1263, #2504, #1711, .T. ) ;
#1143 = EDGE_CURVE ( 'NONE', #4863, #1012, #4164, .T. ) ;
#1144 = PLANE ( 'NONE',  #1078 ) ;
#1145 = LINE ( 'NONE', #2086, #1489 ) ;
#1146 = ORIENTED_EDGE ( 'NONE', *, *, #3151, .F. ) ;
#1147 = MECHANICAL_DESIGN_GEOMETRIC_PRESENTATION_REPRESENTATION (  '', ( #1253 ), #3475 ) ;
#1148 = DIRECTION ( 'NONE',  ( 1.084202172485504118E-14, 0.000000000000000000, -1.000000000000000000 ) ) ;
#1149 = LINE ( 'NONE', #143, #4946 ) ;
#1150 = EDGE_LOOP ( 'NONE', ( #4023, #3611, #413, #3232 ) ) ;
#1151 = CARTESIAN_POINT ( 'NONE',  ( 2.770931942746980070, 0.2500000000000000000, 0.8350000000000289413 ) ) ;
#1152 = PLANE ( 'NONE',  #923 ) ;
#1153 = EDGE_CURVE ( 'NONE', #1546, #3077, #1886, .T. ) ;
#1154 = LINE ( 'NONE', #3316, #3846 ) ;
#1155 = PRESENTATION_LAYER_ASSIGNMENT (  '', '', ( #465 ) ) ;
#1156 = ORIENTED_EDGE ( 'NONE', *, *, #455, .F. ) ;
#1157 = SURFACE_STYLE_FILL_AREA ( #2552 ) ;
#1158 = VERTEX_POINT ( 'NONE', #3752 ) ;
#1159 = LINE ( 'NONE', #4526, #3688 ) ;
#1160 = SURFACE_STYLE_FILL_AREA ( #3129 ) ;
#1161 = MECHANICAL_DESIGN_GEOMETRIC_PRESENTATION_REPRESENTATION (  '', ( #2405 ), #4434 ) ;
#1162 = SURFACE_STYLE_FILL_AREA ( #398 ) ;
#1163 = CIRCLE ( 'NONE', #3032, 0.5999999999999999778 ) ;
#1164 =( NAMED_UNIT ( * ) PLANE_ANGLE_UNIT ( ) SI_UNIT ( $, .RADIAN. ) );
#1165 = EDGE_LOOP ( 'NONE', ( #584, #3649, #4578, #3040 ) ) ;
#1166 = ORIENTED_EDGE ( 'NONE', *, *, #1581, .T. ) ;
#1167 = CARTESIAN_POINT ( 'NONE',  ( 3.075000000000000178, 0.2500000000000000000, -1.704999999999970095 ) ) ;
#1168 = VECTOR ( 'NONE', #3047, 1000.000000000000000 ) ;
#1169 = EDGE_CURVE ( 'NONE', #795, #4054, #3576, .T. ) ;
#1170 = DIRECTION ( 'NONE',  ( 0.000000000000000000, 0.000000000000000000, -1.000000000000000000 ) ) ;
#1171 = ORIENTED_EDGE ( 'NONE', *, *, #2344, .F. ) ;
#1172 = AXIS2_PLACEMENT_3D ( 'NONE', #3113, #4793, #2221 ) ;
#1173 = FACE_OUTER_BOUND ( 'NONE', #2171, .T. ) ;
#1174 = DIRECTION ( 'NONE',  ( -1.000000000000000000, 0.000000000000000000, 0.000000000000000000 ) ) ;
#1175 = EDGE_CURVE ( 'NONE', #2924, #4475, #1163, .T. ) ;
#1176 = ORIENTED_EDGE ( 'NONE', *, *, #5005, .F. ) ;
#1177 = DIRECTION ( 'NONE',  ( 0.000000000000000000, 0.000000000000000000, 1.000000000000000000 ) ) ;
#1178 =( NAMED_UNIT ( * ) PLANE_ANGLE_UNIT ( ) SI_UNIT ( $, .RADIAN. ) );
#1179 = ORIENTED_EDGE ( 'NONE', *, *, #4220, .T. ) ;
#1180 = EDGE_CURVE ( 'NONE', #5382, #1557, #2180, .T. ) ;
#1181 = CARTESIAN_POINT ( 'NONE',  ( 3.000000000000000000, 0.05000000000000000278, 2.299999999999999822 ) ) ;
#1182 = CARTESIAN_POINT ( 'NONE',  ( -3.000000000000000000, 0.2500000000000000000, -1.705000000000029825 ) ) ;
#1183 = CIRCLE ( 'NONE', #2617, 0.09593194274698166324 ) ;
#1184 = ORIENTED_EDGE ( 'NONE', *, *, #4191, .T. ) ;
#1185 = DIRECTION ( 'NONE',  ( 1.000000000000000000, 0.000000000000000000, 1.084202172485470197E-14 ) ) ;
#1186 = VERTEX_POINT ( 'NONE', #1325 ) ;
#1187 = EDGE_CURVE ( 'NONE', #4871, #3371, #2608, .T. ) ;
#1188 = LINE ( 'NONE', #3217, #4844 ) ;
#1189 = DIRECTION ( 'NONE',  ( 0.000000000000000000, -1.000000000000000000, 0.000000000000000000 ) ) ;
#1190 = CARTESIAN_POINT ( 'NONE',  ( 2.770931942746995169, 0.05000000000000000278, -1.704999999999999849 ) ) ;
#1191 = ORIENTED_EDGE ( 'NONE', *, *, #3127, .F. ) ;
#1192 = DIRECTION ( 'NONE',  ( 1.000000000000000000, 0.000000000000000000, 1.590282692950529943E-13 ) ) ;
#1193 = VERTEX_POINT ( 'NONE', #1238 ) ;
#1194 =( NAMED_UNIT ( * ) PLANE_ANGLE_UNIT ( ) SI_UNIT ( $, .RADIAN. ) );
#1195 = DIRECTION ( 'NONE',  ( 0.000000000000000000, -1.000000000000000000, 0.000000000000000000 ) ) ;
#1196 = VERTEX_POINT ( 'NONE', #2931 ) ;
#1197 = DIRECTION ( 'NONE',  ( 0.000000000000000000, 0.000000000000000000, -1.000000000000000000 ) ) ;
#1198 = CARTESIAN_POINT ( 'NONE',  ( -2.800000000000375078, 0.05000000000000000278, 0.4350000000011464696 ) ) ;
#1199 = SURFACE_STYLE_FILL_AREA ( #2898 ) ;
#1200 = VECTOR ( 'NONE', #2730, 1000.000000000000000 ) ;
#1201 = CARTESIAN_POINT ( 'NONE',  ( 2.205000000000000071, 0.2500000000000000000, 2.500000000000000000 ) ) ;
#1202 = LINE ( 'NONE', #2424, #4558 ) ;
#1203 = ORIENTED_EDGE ( 'NONE', *, *, #1800, .F. ) ;
#1204 = CARTESIAN_POINT ( 'NONE',  ( -3.000000000000000000, 0.2500000000000000000, 2.299999999999999822 ) ) ;
#1205 = DIRECTION ( 'NONE',  ( 0.000000000000000000, 0.000000000000000000, -1.000000000000000000 ) ) ;
#1206 = DIRECTION ( 'NONE',  ( 0.000000000000000000, 0.000000000000000000, -1.000000000000000000 ) ) ;
#1207 = VERTEX_POINT ( 'NONE', #2511 ) ;
#1208 = CARTESIAN_POINT ( 'NONE',  ( -0.9250000000000000444, 0.05000000000000000278, 2.054068057253019663 ) ) ;
#1209 = DIRECTION ( 'NONE',  ( 0.000000000000000000, -1.000000000000000000, 0.000000000000000000 ) ) ;
#1210 = ADVANCED_FACE ( 'NONE', ( #5 ), #1683, .T. ) ;
#1211 = AXIS2_PLACEMENT_3D ( 'NONE', #1538, #2900, #4603 ) ;
#1212 = CARTESIAN_POINT ( 'NONE',  ( 3.000000000000000000, 0.05000000000000000278, -1.704999999999999849 ) ) ;
#1213 = VERTEX_POINT ( 'NONE', #934 ) ;
#1214 = CARTESIAN_POINT ( 'NONE',  ( -0.9250000000000000444, 0.2500000000000000000, -1.256278847860922143 ) ) ;
#1215 = ORIENTED_EDGE ( 'NONE', *, *, #18, .F. ) ;
#1216 = LINE ( 'NONE', #5087, #4762 ) ;
#1217 = DIRECTION ( 'NONE',  ( 0.000000000000000000, 0.000000000000000000, 1.000000000000000000 ) ) ;
#1218 = STYLED_ITEM ( 'NONE', ( #1576 ), #492 ) ;
#1219 = VECTOR ( 'NONE', #4242, 1000.000000000000000 ) ;
#1220 = APPLICATION_PROTOCOL_DEFINITION ( 'draft international standard', 'automotive_design', 1998, #4147 ) ;
#1221 = DIRECTION ( 'NONE',  ( 0.000000000000000000, 1.000000000000000000, 0.000000000000000000 ) ) ;
#1222 = DIRECTION ( 'NONE',  ( 0.000000000000000000, -1.000000000000000000, 0.000000000000000000 ) ) ;
#1223 = ADVANCED_FACE ( 'NONE', ( #2637 ), #4252, .T. ) ;
#1224 = VECTOR ( 'NONE', #2991, 1000.000000000000000 ) ;
#1225 = VECTOR ( 'NONE', #3086, 1000.000000000000000 ) ;
#1226 = VERTEX_POINT ( 'NONE', #3811 ) ;
#1227 = DIRECTION ( 'NONE',  ( -1.590282692950529943E-13, 0.000000000000000000, 1.000000000000000000 ) ) ;
#1228 = ORIENTED_EDGE ( 'NONE', *, *, #1644, .F. ) ;
#1229 = CARTESIAN_POINT ( 'NONE',  ( 2.300931942746980319, 0.000000000000000000, -2.200000000000000178 ) ) ;
#1230 = VECTOR ( 'NONE', #3257, 1000.000000000000000 ) ;
#1231 = ORIENTED_EDGE ( 'NONE', *, *, #1287, .F. ) ;
#1232 = AXIS2_PLACEMENT_3D ( 'NONE', #4754, #3924, #1415 ) ;
#1233 = VECTOR ( 'NONE', #5238, 1000.000000000000000 ) ;
#1234 = DIRECTION ( 'NONE',  ( 0.000000000000000000, 0.000000000000000000, 1.000000000000000000 ) ) ;
#1235 = ORIENTED_EDGE ( 'NONE', *, *, #666, .F. ) ;
#1236 = SURFACE_STYLE_FILL_AREA ( #3332 ) ;
#1237 = STYLED_ITEM ( 'NONE', ( #4384 ), #4930 ) ;
#1238 = CARTESIAN_POINT ( 'NONE',  ( -2.199999999999973532, -1.084202172485504434E-16, -0.6650000000000236833 ) ) ;
#1239 = DIRECTION ( 'NONE',  ( 0.000000000000000000, 0.000000000000000000, -1.000000000000000000 ) ) ;
#1240 = STYLED_ITEM ( 'NONE', ( #1964 ), #3464 ) ;
#1241 = ORIENTED_EDGE ( 'NONE', *, *, #3106, .F. ) ;
#1242 = DIRECTION ( 'NONE',  ( -0.000000000000000000, -0.000000000000000000, 1.000000000000000000 ) ) ;
#1243 = DIRECTION ( 'NONE',  ( 0.000000000000000000, -1.000000000000000000, 0.000000000000000000 ) ) ;
#1244 = ORIENTED_EDGE ( 'NONE', *, *, #1939, .T. ) ;
#1245 = LINE ( 'NONE', #737, #1676 ) ;
#1246 = DIRECTION ( 'NONE',  ( 0.000000000000000000, 1.000000000000000000, 0.000000000000000000 ) ) ;
#1247 = ORIENTED_EDGE ( 'NONE', *, *, #2138, .T. ) ;
#1248 = EDGE_CURVE ( 'NONE', #766, #1226, #1688, .T. ) ;
#1249 = EDGE_LOOP ( 'NONE', ( #2895, #800, #4249, #848, #4692, #732 ) ) ;
#1250 = FACE_OUTER_BOUND ( 'NONE', #2846, .T. ) ;
#1251 = FACE_OUTER_BOUND ( 'NONE', #268, .T. ) ;
#1252 = PRODUCT ( 'STL36DN6F7', 'STL36DN6F7', '', ( #2726 ) ) ;
#1253 = STYLED_ITEM ( 'NONE', ( #4838 ), #1448 ) ;
#1254 = ORIENTED_EDGE ( 'NONE', *, *, #4274, .T. ) ;
#1255 = AXIS2_PLACEMENT_3D ( 'NONE', #4712, #1401, #2526 ) ;
#1256 = CYLINDRICAL_SURFACE ( 'NONE', #1777, 0.09593194274698166324 ) ;
#1257 = EDGE_CURVE ( 'NONE', #1266, #985, #5049, .T. ) ;
#1258 = ORIENTED_EDGE ( 'NONE', *, *, #3865, .T. ) ;
#1259 = PLANE ( 'NONE',  #763 ) ;
#1260 = EDGE_CURVE ( 'NONE', #1514, #5233, #1517, .T. ) ;
#1261 = CARTESIAN_POINT ( 'NONE',  ( -0.8720588235294119972, 0.000000000000000000, -1.327961539666531854 ) ) ;
#1262 = DIRECTION ( 'NONE',  ( 0.000000000000000000, 0.000000000000000000, 1.000000000000000000 ) ) ;
#1263 = VERTEX_POINT ( 'NONE', #474 ) ;
#1264 = EDGE_CURVE ( 'NONE', #889, #5298, #412, .T. ) ;
#1265 = FILL_AREA_STYLE_COLOUR ( '', #271 ) ;
#1266 = VERTEX_POINT ( 'NONE', #4224 ) ;
#1267 =( NAMED_UNIT ( * ) PLANE_ANGLE_UNIT ( ) SI_UNIT ( $, .RADIAN. ) );
#1268 = CARTESIAN_POINT ( 'NONE',  ( -0.7449999999999999956, 0.05000000000000000278, -2.245931942746980159 ) ) ;
#1269 = CARTESIAN_POINT ( 'NONE',  ( -0.8499999999999999778, 0.05000000000000000278, -1.743721152139079855 ) ) ;
#1270 = ORIENTED_EDGE ( 'NONE', *, *, #2724, .F. ) ;
#1271 = DIRECTION ( 'NONE',  ( 0.000000000000000000, 0.000000000000000000, -1.000000000000000000 ) ) ;
#1272 = CARTESIAN_POINT ( 'NONE',  ( 2.799999999999999822, 0.2500000000000000000, 2.500000000000000000 ) ) ;
#1273 = EDGE_LOOP ( 'NONE', ( #3058, #337, #2974, #1203 ) ) ;
#1274 = SURFACE_SIDE_STYLE ('',( #846 ) ) ;
#1275 = ORIENTED_EDGE ( 'NONE', *, *, #1800, .T. ) ;
#1276 = DIRECTION ( 'NONE',  ( -1.000000000000000000, 0.000000000000000000, -9.912705577010320619E-15 ) ) ;
#1277 = DIRECTION ( 'NONE',  ( 0.000000000000000000, 0.000000000000000000, 1.000000000000000000 ) ) ;
#1278 = CIRCLE ( 'NONE', #4725, 0.5999999999999999778 ) ;
#1279 = CARTESIAN_POINT ( 'NONE',  ( 2.799999999999999822, 0.9552264231633820213, 2.425877716104265058 ) ) ;
#1280 = ORIENTED_EDGE ( 'NONE', *, *, #2172, .F. ) ;
#1281 = LINE ( 'NONE', #2474, #4684 ) ;
#1282 = EDGE_LOOP ( 'NONE', ( #2486, #4292, #2563, #3882, #5352, #2781, #183, #1107, #1101, #4120, #4299, #375, #4000, #4188, #3019, #706, #1909, #4027, #5141, #4278, #1275, #4889, #443, #4076, #1904, #1655, #783, #1247, #2854 ) ) ;
#1283 = PRESENTATION_STYLE_ASSIGNMENT (( #4745 ) ) ;
#1284 = CARTESIAN_POINT ( 'NONE',  ( 2.300931942746980319, 0.2500000000000000000, 2.200000000000000178 ) ) ;
#1285 = DIRECTION ( 'NONE',  ( 0.000000000000000000, -1.000000000000000000, 0.000000000000000000 ) ) ;
#1286 = ORIENTED_EDGE ( 'NONE', *, *, #3906, .F. ) ;
#1287 = EDGE_CURVE ( 'NONE', #3268, #5030, #3779, .T. ) ;
#1288 = CARTESIAN_POINT ( 'NONE',  ( -0.8409319427469820196, 0.05000000000000000278, -2.245931942746980159 ) ) ;
#1289 = ORIENTED_EDGE ( 'NONE', *, *, #1071, .T. ) ;
#1290 = DIRECTION ( 'NONE',  ( 0.000000000000000000, 0.000000000000000000, -1.000000000000000000 ) ) ;
#1291 = PLANE ( 'NONE',  #582 ) ;
#1292 = LINE ( 'NONE', #1684, #4034 ) ;
#1293 = EDGE_CURVE ( 'NONE', #4882, #2550, #4501, .T. ) ;
#1294 = EDGE_CURVE ( 'NONE', #4225, #2159, #1715, .T. ) ;
#1295 = ORIENTED_EDGE ( 'NONE', *, *, #517, .F. ) ;
#1296 = DIRECTION ( 'NONE',  ( -1.000000000000000000, 0.000000000000000000, 0.000000000000000000 ) ) ;
#1297 = FACE_OUTER_BOUND ( 'NONE', #4502, .T. ) ;
#1298 = VERTEX_POINT ( 'NONE', #441 ) ;
#1299 = CARTESIAN_POINT ( 'NONE',  ( 2.674999999999999822, 0.2500000000000000000, 1.609068057253034922 ) ) ;
#1300 = ORIENTED_EDGE ( 'NONE', *, *, #1470, .T. ) ;
#1301 =( GEOMETRIC_REPRESENTATION_CONTEXT ( 3 ) GLOBAL_UNCERTAINTY_ASSIGNED_CONTEXT ( ( #4307 ) ) GLOBAL_UNIT_ASSIGNED_CONTEXT ( ( #4901, #1118, #1454 ) ) REPRESENTATION_CONTEXT ( 'NONE', 'WORKASPACE' ) );
#1302 = VECTOR ( 'NONE', #69, 1000.000000000000000 ) ;
#1303 = DIRECTION ( 'NONE',  ( 0.000000000000000000, 0.000000000000000000, -1.000000000000000000 ) ) ;
#1304 = ORIENTED_EDGE ( 'NONE', *, *, #3682, .F. ) ;
#1305 = LINE ( 'NONE', #453, #2819 ) ;
#1306 = VECTOR ( 'NONE', #2487, 1000.000000000000000 ) ;
#1307 = FACE_OUTER_BOUND ( 'NONE', #4904, .T. ) ;
#1308 = ORIENTED_EDGE ( 'NONE', *, *, #3074, .T. ) ;
#1309 = VECTOR ( 'NONE', #2472, 1000.000000000000000 ) ;
#1310 = CIRCLE ( 'NONE', #4398, 0.5999999999999999778 ) ;
#1311 = CARTESIAN_POINT ( 'NONE',  ( -0.8409319427469820196, 0.04999999999999999584, 2.149999999999999911 ) ) ;
#1312 = ORIENTED_EDGE ( 'NONE', *, *, #3547, .F. ) ;
#1313 = ADVANCED_FACE ( 'NONE', ( #1297 ), #2993, .T. ) ;
#1314 = DIRECTION ( 'NONE',  ( 0.000000000000000000, -1.000000000000000000, 0.000000000000000000 ) ) ;
#1315 = DIRECTION ( 'NONE',  ( -3.062129300499790370E-16, 0.000000000000000000, -1.000000000000000000 ) ) ;
#1316 = CIRCLE ( 'NONE', #2748, 0.1258777161042643478 ) ;
#1317 = CARTESIAN_POINT ( 'NONE',  ( -2.199999999999960654, 0.000000000000000000, -1.875000000000026201 ) ) ;
#1318 = VECTOR ( 'NONE', #3947, 1000.000000000000000 ) ;
#1319 = ORIENTED_EDGE ( 'NONE', *, *, #509, .T. ) ;
#1320 = CARTESIAN_POINT ( 'NONE',  ( -0.1490680572530187764, 0.2500000000000000000, 2.245931942746980159 ) ) ;
#1321 = DIRECTION ( 'NONE',  ( 0.000000000000000000, -1.000000000000000000, 0.000000000000000000 ) ) ;
#1322 = ORIENTED_EDGE ( 'NONE', *, *, #5105, .T. ) ;
#1323 = EDGE_CURVE ( 'NONE', #2504, #2133, #4708, .T. ) ;
#1324 =( NAMED_UNIT ( * ) SI_UNIT ( $, .STERADIAN. ) SOLID_ANGLE_UNIT ( ) );
#1325 = CARTESIAN_POINT ( 'NONE',  ( 3.075000000000000178, 0.000000000000000000, -0.8350000000000329381 ) ) ;
#1326 = COLOUR_RGB ( '',0.2509803921568627416, 0.2509803921568627416, 0.2509803921568627416 ) ;
#1327 = LINE ( 'NONE', #3490, #5006 ) ;
#1328 = EDGE_LOOP ( 'NONE', ( #1475, #1916, #3848, #250 ) ) ;
#1329 = DIRECTION ( 'NONE',  ( 0.000000000000000000, 0.000000000000000000, 1.000000000000000000 ) ) ;
#1330 = DIRECTION ( 'NONE',  ( 0.000000000000000000, 0.000000000000000000, 1.000000000000000000 ) ) ;
#1331 = VECTOR ( 'NONE', #4121, 1000.000000000000000 ) ;
#1332 = VERTEX_POINT ( 'NONE', #979 ) ;
#1333 = EDGE_CURVE ( 'NONE', #4281, #5109, #4677, .T. ) ;
#1334 = DIRECTION ( 'NONE',  ( 0.000000000000000000, -1.000000000000000000, 0.000000000000000000 ) ) ;
#1335 = CIRCLE ( 'NONE', #5128, 0.05000000000000002359 ) ;
#1336 = EDGE_CURVE ( 'NONE', #1332, #1012, #3881, .T. ) ;
#1337 = LINE ( 'NONE', #2644, #63 ) ;
#1338 = ORIENTED_EDGE ( 'NONE', *, *, #1264, .T. ) ;
#1339 = PRESENTATION_STYLE_ASSIGNMENT (( #5122 ) ) ;
#1340 = CARTESIAN_POINT ( 'NONE',  ( 2.770931942746980070, 0.000000000000000000, -0.8350000000000289413 ) ) ;
#1341 = ORIENTED_EDGE ( 'NONE', *, *, #5005, .T. ) ;
#1342 = LINE ( 'NONE', #112, #4227 ) ;
#1343 = ADVANCED_FACE ( 'NONE', ( #4638 ), #881, .T. ) ;
#1344 = DIRECTION ( 'NONE',  ( 1.000000000000000000, 0.000000000000000000, 0.000000000000000000 ) ) ;
#1345 = ORIENTED_EDGE ( 'NONE', *, *, #4308, .T. ) ;
#1346 = CARTESIAN_POINT ( 'NONE',  ( 1.699999999999999956, 0.9000000000000000222, -0.5999999999999999778 ) ) ;
#1347 = VERTEX_POINT ( 'NONE', #2589 ) ;
#1348 = VECTOR ( 'NONE', #2091, 1000.000000000000000 ) ;
#1349 = CARTESIAN_POINT ( 'NONE',  ( -0.9250000000000000444, 0.000000000000000000, 2.054068057253019663 ) ) ;
#1350 = CARTESIAN_POINT ( 'NONE',  ( 1.699999999999999956, 1.000000000000000000, 0.000000000000000000 ) ) ;
#1351 = CARTESIAN_POINT ( 'NONE',  ( -3.000000000000000000, 0.2500000000000000000, -2.299999999999999822 ) ) ;
#1352 = ORIENTED_EDGE ( 'NONE', *, *, #1529, .F. ) ;
#1353 = PLANE ( 'NONE',  #2139 ) ;
#1354 = VECTOR ( 'NONE', #1243, 1000.000000000000000 ) ;
#1355 = DIRECTION ( 'NONE',  ( 0.000000000000000000, 0.000000000000000000, 1.000000000000000000 ) ) ;
#1356 = PLANE ( 'NONE',  #2758 ) ;
#1357 = EDGE_CURVE ( 'NONE', #1036, #1186, #1396, .T. ) ;
#1358 = ORIENTED_EDGE ( 'NONE', *, *, #3907, .T. ) ;
#1359 = CARTESIAN_POINT ( 'NONE',  ( -3.075000000000000178, 0.000000000000000000, 0.8349999999999679900 ) ) ;
#1360 = FACE_OUTER_BOUND ( 'NONE', #2650, .T. ) ;
#1361 = ORIENTED_EDGE ( 'NONE', *, *, #649, .F. ) ;
#1362 = DIRECTION ( 'NONE',  ( -1.000000000000000000, 0.000000000000000000, -1.590282692950529943E-13 ) ) ;
#1363 = DIRECTION ( 'NONE',  ( 0.000000000000000000, 1.000000000000000000, 0.000000000000000000 ) ) ;
#1364 = LINE ( 'NONE', #4970, #486 ) ;
#1365 = CARTESIAN_POINT ( 'NONE',  ( -3.000000000000000000, 0.2500000000000000000, -1.705000000000024940 ) ) ;
#1366 = ORIENTED_EDGE ( 'NONE', *, *, #2548, .F. ) ;
#1367 = ADVANCED_FACE ( 'NONE', ( #4319 ), #5055, .T. ) ;
#1368 = CARTESIAN_POINT ( 'NONE',  ( -0.9249999999999997113, 0.05000000000000000278, -0.3250000000000001776 ) ) ;
#1369 = VECTOR ( 'NONE', #588, 1000.000000000000000 ) ;
#1370 = DIRECTION ( 'NONE',  ( 0.000000000000000000, 0.000000000000000000, -1.000000000000000000 ) ) ;
#1371 = VERTEX_POINT ( 'NONE', #4347 ) ;
#1372 = DIRECTION ( 'NONE',  ( 0.000000000000000000, 0.000000000000000000, -1.000000000000000000 ) ) ;
#1373 = FACE_OUTER_BOUND ( 'NONE', #193, .T. ) ;
#1374 = ADVANCED_FACE ( 'NONE', ( #1784 ), #2619, .T. ) ;
#1375 = DIRECTION ( 'NONE',  ( 0.000000000000000000, 0.000000000000000000, -1.000000000000000000 ) ) ;
#1376 = VERTEX_POINT ( 'NONE', #5153 ) ;
#1377 = CARTESIAN_POINT ( 'NONE',  ( -3.075000000000000178, 0.000000000000000000, 2.104999999999970228 ) ) ;
#1378 = CARTESIAN_POINT ( 'NONE',  ( -3.074999999999960210, 0.2500000000000000000, -1.705000000000029825 ) ) ;
#1379 = CARTESIAN_POINT ( 'NONE',  ( -3.075000000000000178, 0.2500000000000000000, 2.104999999999970228 ) ) ;
#1380 = VERTEX_POINT ( 'NONE', #5085 ) ;
#1381 = LINE ( 'NONE', #4751, #1798 ) ;
#1382 =( GEOMETRIC_REPRESENTATION_CONTEXT ( 3 ) GLOBAL_UNCERTAINTY_ASSIGNED_CONTEXT ( ( #3549 ) ) GLOBAL_UNIT_ASSIGNED_CONTEXT ( ( #3373, #5147, #2965 ) ) REPRESENTATION_CONTEXT ( 'NONE', 'WORKASPACE' ) );
#1383 = CARTESIAN_POINT ( 'NONE',  ( -2.200000000000000178, 0.05000000000000002359, 1.934999999999973852 ) ) ;
#1384 = FACE_OUTER_BOUND ( 'NONE', #698, .T. ) ;
#1385 = UNCERTAINTY_MEASURE_WITH_UNIT (LENGTH_MEASURE( 1.000000000000000082E-05 ), #3880, 'distance_accuracy_value', 'NONE');
#1386 = SURFACE_STYLE_USAGE ( .BOTH. , #3488 ) ;
#1387 = ORIENTED_EDGE ( 'NONE', *, *, #1142, .F. ) ;
#1388 = CARTESIAN_POINT ( 'NONE',  ( -0.7449999999999999956, 0.05000000000000000278, 2.299999999999999822 ) ) ;
#1389 = CYLINDRICAL_SURFACE ( 'NONE', #4389, 0.5999999999999999778 ) ;
#1390 = ORIENTED_EDGE ( 'NONE', *, *, #4081, .T. ) ;
#1391 = DIRECTION ( 'NONE',  ( 0.000000000000000000, 1.000000000000000000, 0.000000000000000000 ) ) ;
#1392 = DIRECTION ( 'NONE',  ( 0.000000000000000000, 0.000000000000000000, -1.000000000000000000 ) ) ;
#1393 = VERTEX_POINT ( 'NONE', #4766 ) ;
#1394 = VERTEX_POINT ( 'NONE', #3061 ) ;
#1395 = SURFACE_STYLE_USAGE ( .BOTH. , #5181 ) ;
#1396 = LINE ( 'NONE', #1340, #3806 ) ;
#1397 = ORIENTED_EDGE ( 'NONE', *, *, #355, .F. ) ;
#1398 = DIRECTION ( 'NONE',  ( 0.000000000000000000, 1.000000000000000000, 0.000000000000000000 ) ) ;
#1399 = DIRECTION ( 'NONE',  ( -4.445228907190565024E-14, 0.000000000000000000, -1.000000000000000000 ) ) ;
#1400 = ADVANCED_FACE ( 'NONE', ( #945 ), #2131, .T. ) ;
#1401 = DIRECTION ( 'NONE',  ( 0.000000000000000000, 0.000000000000000000, 1.000000000000000000 ) ) ;
#1402 = VECTOR ( 'NONE', #4101, 1000.000000000000000 ) ;
#1403 = DIRECTION ( 'NONE',  ( 0.000000000000000000, 0.000000000000000000, 1.000000000000000000 ) ) ;
#1404 = VERTEX_POINT ( 'NONE', #2683 ) ;
#1405 = FILL_AREA_STYLE ('',( #5263 ) ) ;
#1406 = STYLED_ITEM ( 'NONE', ( #2278 ), #703 ) ;
#1407 = STYLED_ITEM ( 'NONE', ( #3958 ), #3131 ) ;
#1408 = FACE_OUTER_BOUND ( 'NONE', #532, .T. ) ;
#1409 = CARTESIAN_POINT ( 'NONE',  ( 2.770931942746980070, 0.2500000000000000000, 0.8350000000000289413 ) ) ;
#1410 = ADVANCED_FACE ( 'NONE', ( #1836 ), #1097, .F. ) ;
#1411 = CARTESIAN_POINT ( 'NONE',  ( -0.1490680572530187764, 0.2500000000000000000, 2.245931942746980159 ) ) ;
#1412 = VECTOR ( 'NONE', #4817, 1000.000000000000000 ) ;
#1413 = FACE_OUTER_BOUND ( 'NONE', #2277, .T. ) ;
#1414 = DIRECTION ( 'NONE',  ( 0.000000000000000000, -1.000000000000000000, 0.000000000000000000 ) ) ;
#1415 = DIRECTION ( 'NONE',  ( 0.000000000000000000, -1.000000000000000000, 0.000000000000000000 ) ) ;
#1416 = AXIS2_PLACEMENT_3D ( 'NONE', #2367, #1856, #3552 ) ;
#1417 = VECTOR ( 'NONE', #1605, 1000.000000000000000 ) ;
#1418 = ORIENTED_EDGE ( 'NONE', *, *, #4455, .F. ) ;
#1419 = CARTESIAN_POINT ( 'NONE',  ( 2.205000000000000071, 0.05000000000000000278, -2.500000000000000000 ) ) ;
#1420 = SURFACE_STYLE_FILL_AREA ( #533 ) ;
#1421 = ORIENTED_EDGE ( 'NONE', *, *, #3541, .T. ) ;
#1422 = FILL_AREA_STYLE_COLOUR ( '', #3006 ) ;
#1423 = VECTOR ( 'NONE', #3461, 1000.000000000000000 ) ;
#1424 = VECTOR ( 'NONE', #1858, 1000.000000000000000 ) ;
#1425 = SURFACE_SIDE_STYLE ('',( #3905 ) ) ;
#1426 = FACE_OUTER_BOUND ( 'NONE', #1966, .T. ) ;
#1427 = LINE ( 'NONE', #589, #2812 ) ;
#1428 = AXIS2_PLACEMENT_3D ( 'NONE', #5244, #4855, #4477 ) ;
#1429 = SURFACE_SIDE_STYLE ('',( #192 ) ) ;
#1430 = ORIENTED_EDGE ( 'NONE', *, *, #1902, .F. ) ;
#1431 = PLANE ( 'NONE',  #180 ) ;
#1432 = CARTESIAN_POINT ( 'NONE',  ( 2.770931942746990284, 0.000000000000000000, -0.3390680572530349601 ) ) ;
#1433 = CIRCLE ( 'NONE', #4859, 0.09593194274698166324 ) ;
#1434 = DIRECTION ( 'NONE',  ( 0.000000000000000000, 0.000000000000000000, 1.000000000000000000 ) ) ;
#1435 = EDGE_CURVE ( 'NONE', #2407, #1449, #663, .T. ) ;
#1436 = FACE_OUTER_BOUND ( 'NONE', #969, .T. ) ;
#1437 = VERTEX_POINT ( 'NONE', #5276 ) ;
#1438 = LINE ( 'NONE', #2356, #789 ) ;
#1439 = LINE ( 'NONE', #1730, #2957 ) ;
#1440 = ORIENTED_EDGE ( 'NONE', *, *, #2739, .T. ) ;
#1441 = EDGE_CURVE ( 'NONE', #3440, #5042, #3530, .T. ) ;
#1442 = EDGE_CURVE ( 'NONE', #4073, #3903, #3161, .T. ) ;
#1443 = CARTESIAN_POINT ( 'NONE',  ( -2.799999999999999822, 0.9552264231633830205, 2.299999999999999822 ) ) ;
#1444 = SURFACE_SIDE_STYLE ('',( #5224 ) ) ;
#1445 = UNCERTAINTY_MEASURE_WITH_UNIT (LENGTH_MEASURE( 1.000000000000000082E-05 ), #1797, 'distance_accuracy_value', 'NONE');
#1446 = VECTOR ( 'NONE', #1344, 1000.000000000000000 ) ;
#1447 = UNCERTAINTY_MEASURE_WITH_UNIT (LENGTH_MEASURE( 1.000000000000000082E-05 ), #2712, 'distance_accuracy_value', 'NONE');
#1448 = ADVANCED_FACE ( 'NONE', ( #1455 ), #1867, .T. ) ;
#1449 = VERTEX_POINT ( 'NONE', #4443 ) ;
#1450 = CARTESIAN_POINT ( 'NONE',  ( 2.205000000000000071, 0.2500000000000000000, 2.600000000000000089 ) ) ;
#1451 = VECTOR ( 'NONE', #3421, 1000.000000000000000 ) ;
#1452 = DIRECTION ( 'NONE',  ( -1.000000000000000000, 0.000000000000000000, -1.310076802900131811E-16 ) ) ;
#1453 = ORIENTED_EDGE ( 'NONE', *, *, #3427, .F. ) ;
#1454 =( NAMED_UNIT ( * ) SI_UNIT ( $, .STERADIAN. ) SOLID_ANGLE_UNIT ( ) );
#1455 = FACE_OUTER_BOUND ( 'NONE', #129, .T. ) ;
#1456 = EDGE_LOOP ( 'NONE', ( #3415, #1166, #4185, #3567 ) ) ;
#1457 =( NAMED_UNIT ( * ) PLANE_ANGLE_UNIT ( ) SI_UNIT ( $, .RADIAN. ) );
#1458 = DIRECTION ( 'NONE',  ( 0.000000000000000000, 1.000000000000000000, 0.000000000000000000 ) ) ;
#1459 = LINE ( 'NONE', #3042, #351 ) ;
#1460 = ORIENTED_EDGE ( 'NONE', *, *, #1030, .T. ) ;
#1461 = DIRECTION ( 'NONE',  ( 0.000000000000000000, 0.000000000000000000, -1.000000000000000000 ) ) ;
#1462 = VECTOR ( 'NONE', #3679, 1000.000000000000000 ) ;
#1463 = CARTESIAN_POINT ( 'NONE',  ( -2.799999999999999822, 0.05000000000000000278, 2.299999999999999822 ) ) ;
#1464 = LINE ( 'NONE', #5222, #1318 ) ;
#1465 = PRESENTATION_STYLE_ASSIGNMENT (( #1948 ) ) ;
#1466 = ADVANCED_FACE ( 'NONE', ( #3211 ), #2801, .F. ) ;
#1467 = FILL_AREA_STYLE ('',( #3949 ) ) ;
#1468 = ORIENTED_EDGE ( 'NONE', *, *, #623, .F. ) ;
#1469 = PRESENTATION_STYLE_ASSIGNMENT (( #5299 ) ) ;
#1470 = EDGE_CURVE ( 'NONE', #4935, #539, #2490, .T. ) ;
#1471 = PRODUCT_DEFINITION ( 'UNKNOWN', '', #3629, #528 ) ;
#1472 = VERTEX_POINT ( 'NONE', #2875 ) ;
#1473 = ORIENTED_EDGE ( 'NONE', *, *, #2822, .T. ) ;
#1474 = DIRECTION ( 'NONE',  ( 2.168404344970659876E-14, 0.000000000000000000, 1.000000000000000000 ) ) ;
#1475 = ORIENTED_EDGE ( 'NONE', *, *, #1483, .F. ) ;
#1476 = PRESENTATION_STYLE_ASSIGNMENT (( #3561 ) ) ;
#1477 = CARTESIAN_POINT ( 'NONE',  ( -2.799999999999999822, 0.2500000000000000000, 2.500000000000000000 ) ) ;
#1478 = DIRECTION ( 'NONE',  ( 0.000000000000000000, -1.000000000000000000, 0.000000000000000000 ) ) ;
#1479 = ORIENTED_EDGE ( 'NONE', *, *, #1734, .F. ) ;
#1480 = DIRECTION ( 'NONE',  ( 0.000000000000000000, -1.000000000000000000, 0.000000000000000000 ) ) ;
#1481 = AXIS2_PLACEMENT_3D ( 'NONE', #757, #2453, #1205 ) ;
#1482 = PLANE ( 'NONE',  #5149 ) ;
#1483 = EDGE_CURVE ( 'NONE', #5422, #5129, #1979, .T. ) ;
#1484 = DIRECTION ( 'NONE',  ( -1.000000000000000000, 0.000000000000000000, 0.000000000000000000 ) ) ;
#1485 = CARTESIAN_POINT ( 'NONE',  ( -0.8720588235294119972, 0.05000000000000000278, -1.672038460333465038 ) ) ;
#1486 = COLOUR_RGB ( '',0.2509803921568627416, 0.2509803921568627416, 0.2509803921568627416 ) ;
#1487 = UNCERTAINTY_MEASURE_WITH_UNIT (LENGTH_MEASURE( 1.000000000000000082E-05 ), #5412, 'distance_accuracy_value', 'NONE');
#1488 = ADVANCED_FACE ( 'NONE', ( #5431 ), #758, .T. ) ;
#1489 = VECTOR ( 'NONE', #5400, 1000.000000000000000 ) ;
#1490 = COLOUR_RGB ( '',0.2509803921568627416, 0.2509803921568627416, 0.2509803921568627416 ) ;
#1491 = DIRECTION ( 'NONE',  ( -1.000000000000000000, 0.000000000000000000, -0.000000000000000000 ) ) ;
#1492 = ORIENTED_EDGE ( 'NONE', *, *, #2389, .F. ) ;
#1493 = DIRECTION ( 'NONE',  ( 0.000000000000000000, -1.000000000000000000, 0.000000000000000000 ) ) ;
#1494 = COLOUR_RGB ( '',0.2509803921568627416, 0.2509803921568627416, 0.2509803921568627416 ) ;
#1495 = AXIS2_PLACEMENT_3D ( 'NONE', #3941, #1458, #76 ) ;
#1496 =( NAMED_UNIT ( * ) PLANE_ANGLE_UNIT ( ) SI_UNIT ( $, .RADIAN. ) );
#1497 = EDGE_CURVE ( 'NONE', #1012, #3371, #3275, .T. ) ;
#1498 = ORIENTED_EDGE ( 'NONE', *, *, #3323, .T. ) ;
#1499 = DIRECTION ( 'NONE',  ( 1.000000000000000000, 0.000000000000000000, 0.000000000000000000 ) ) ;
#1500 =( NAMED_UNIT ( * ) PLANE_ANGLE_UNIT ( ) SI_UNIT ( $, .RADIAN. ) );
#1501 = ORIENTED_EDGE ( 'NONE', *, *, #3390, .F. ) ;
#1502 = ADVANCED_FACE ( 'NONE', ( #685 ), #5403, .T. ) ;
#1503 = SURFACE_STYLE_FILL_AREA ( #647 ) ;
#1504 = AXIS2_PLACEMENT_3D ( 'NONE', #4171, #3732, #1690 ) ;
#1505 =( GEOMETRIC_REPRESENTATION_CONTEXT ( 3 ) GLOBAL_UNCERTAINTY_ASSIGNED_CONTEXT ( ( #2672 ) ) GLOBAL_UNIT_ASSIGNED_CONTEXT ( ( #3274, #4600, #4511 ) ) REPRESENTATION_CONTEXT ( 'NONE', 'WORKASPACE' ) );
#1506 = VECTOR ( 'NONE', #311, 1000.000000000000000 ) ;
#1507 = FACE_OUTER_BOUND ( 'NONE', #4365, .T. ) ;
#1508 = ORIENTED_EDGE ( 'NONE', *, *, #1483, .T. ) ;
#1509 = EDGE_CURVE ( 'NONE', #2009, #2083, #3231, .T. ) ;
#1510 = AXIS2_PLACEMENT_3D ( 'NONE', #118, #460, #59 ) ;
#1511 = CARTESIAN_POINT ( 'NONE',  ( -3.075000000000000178, 0.2500000000000000000, 0.8349999999999679900 ) ) ;
#1512 = VECTOR ( 'NONE', #2230, 1000.000000000000000 ) ;
#1513 = FILL_AREA_STYLE ('',( #4944 ) ) ;
#1514 = VERTEX_POINT ( 'NONE', #3284 ) ;
#1515 = SURFACE_SIDE_STYLE ('',( #4896 ) ) ;
#1516 = ORIENTED_EDGE ( 'NONE', *, *, #3498, .T. ) ;
#1517 = CIRCLE ( 'NONE', #32, 0.1700000000000000122 ) ;
#1518 = LINE ( 'NONE', #3135, #1629 ) ;
#1519 = ORIENTED_EDGE ( 'NONE', *, *, #4191, .F. ) ;
#1520 = COLOUR_RGB ( '',0.2509803921568627416, 0.2509803921568627416, 0.2509803921568627416 ) ;
#1521 = VERTEX_POINT ( 'NONE', #2905 ) ;
#1522 = CARTESIAN_POINT ( 'NONE',  ( 3.000000000000000000, 0.2500000000000000000, 2.299999999999999822 ) ) ;
#1523 = ORIENTED_EDGE ( 'NONE', *, *, #2338, .F. ) ;
#1524 = CARTESIAN_POINT ( 'NONE',  ( 2.870931942746980159, 0.2500000000000000000, -2.100000000000000089 ) ) ;
#1525 = VECTOR ( 'NONE', #2337, 1000.000000000000000 ) ;
#1526 = EDGE_CURVE ( 'NONE', #3843, #4799, #3809, .T. ) ;
#1527 = CARTESIAN_POINT ( 'NONE',  ( -2.199999999999973532, 0.05000000000000000278, -0.6650000000000236833 ) ) ;
#1528 = ORIENTED_EDGE ( 'NONE', *, *, #3622, .F. ) ;
#1529 = EDGE_CURVE ( 'NONE', #2783, #534, #1149, .T. ) ;
#1530 = CARTESIAN_POINT ( 'NONE',  ( 3.000000000000000000, 0.05000000000000000278, -0.4349999999999835110 ) ) ;
#1531 = EDGE_LOOP ( 'NONE', ( #2055, #1258 ) ) ;
#1532 = VERTEX_POINT ( 'NONE', #3917 ) ;
#1533 = MECHANICAL_DESIGN_GEOMETRIC_PRESENTATION_REPRESENTATION (  '', ( #4163 ), #4082 ) ;
#1534 = CARTESIAN_POINT ( 'NONE',  ( 1.609068057253020045, 0.05000000000000000278, 2.149999999999999911 ) ) ;
#1535 = ORIENTED_EDGE ( 'NONE', *, *, #4430, .T. ) ;
#1536 = SURFACE_STYLE_USAGE ( .BOTH. , #2779 ) ;
#1537 = STYLED_ITEM ( 'NONE', ( #3984 ), #2136 ) ;
#1538 = CARTESIAN_POINT ( 'NONE',  ( -0.8499999999999999778, 0.05000000000000000278, -1.256278847860922143 ) ) ;
#1539 = EDGE_LOOP ( 'NONE', ( #5239, #70, #4569, #2994, #2218, #190 ) ) ;
#1540 = DIRECTION ( 'NONE',  ( 1.310076802900131811E-16, 0.000000000000000000, -1.000000000000000000 ) ) ;
#1541 = SURFACE_STYLE_USAGE ( .BOTH. , #364 ) ;
#1542 = ORIENTED_EDGE ( 'NONE', *, *, #1704, .F. ) ;
#1543 = PLANE ( 'NONE',  #739 ) ;
#1544 = CARTESIAN_POINT ( 'NONE',  ( 3.075000000000000178, 0.2500000000000000000, -1.704999999999970095 ) ) ;
#1545 = EDGE_CURVE ( 'NONE', #740, #1664, #3066, .T. ) ;
#1546 = VERTEX_POINT ( 'NONE', #3385 ) ;
#1547 = DIRECTION ( 'NONE',  ( 1.000000000000000000, 0.000000000000000000, 1.084202172485504118E-14 ) ) ;
#1548 = CARTESIAN_POINT ( 'NONE',  ( 2.799999999999999822, 0.2500000000000000000, -2.500000000000000000 ) ) ;
#1549 = DIRECTION ( 'NONE',  ( 0.000000000000000000, -1.000000000000000000, 0.000000000000000000 ) ) ;
#1550 = ORIENTED_EDGE ( 'NONE', *, *, #2807, .T. ) ;
#1551 = ADVANCED_FACE ( 'NONE', ( #2229 ), #3088, .T. ) ;
#1552 = ORIENTED_EDGE ( 'NONE', *, *, #3786, .T. ) ;
#1553 = EDGE_CURVE ( 'NONE', #3519, #4467, #2559, .T. ) ;
#1554 =( LENGTH_UNIT ( ) NAMED_UNIT ( * ) SI_UNIT ( .MILLI., .METRE. ) );
#1555 = CIRCLE ( 'NONE', #3328, 0.09593194274698123303 ) ;
#1556 = DIRECTION ( 'NONE',  ( 0.000000000000000000, 1.000000000000000000, 0.000000000000000000 ) ) ;
#1557 = VERTEX_POINT ( 'NONE', #2593 ) ;
#1558 = ADVANCED_FACE ( 'NONE', ( #3445 ), #3795, .F. ) ;
#1559 = SURFACE_STYLE_USAGE ( .BOTH. , #4627 ) ;
#1560 = LINE ( 'NONE', #753, #4950 ) ;
#1561 = DIRECTION ( 'NONE',  ( 1.000000000000000000, 0.000000000000000000, 0.000000000000000000 ) ) ;
#1562 =( GEOMETRIC_REPRESENTATION_CONTEXT ( 3 ) GLOBAL_UNCERTAINTY_ASSIGNED_CONTEXT ( ( #3202 ) ) GLOBAL_UNIT_ASSIGNED_CONTEXT ( ( #1582, #1164, #293 ) ) REPRESENTATION_CONTEXT ( 'NONE', 'WORKASPACE' ) );
#1563 = AXIS2_PLACEMENT_3D ( 'NONE', #2117, #122, #2670 ) ;
#1564 = ORIENTED_EDGE ( 'NONE', *, *, #741, .T. ) ;
#1565 = LINE ( 'NONE', #3253, #3866 ) ;
#1566 =( LENGTH_UNIT ( ) NAMED_UNIT ( * ) SI_UNIT ( .MILLI., .METRE. ) );
#1567 = ORIENTED_EDGE ( 'NONE', *, *, #590, .F. ) ;
#1568 = SURFACE_STYLE_USAGE ( .BOTH. , #3191 ) ;
#1569 = VECTOR ( 'NONE', #1547, 1000.000000000000000 ) ;
#1570 = LINE ( 'NONE', #4173, #1019 ) ;
#1571 = AXIS2_PLACEMENT_3D ( 'NONE', #166, #4711, #3038 ) ;
#1572 = ORIENTED_EDGE ( 'NONE', *, *, #2719, .F. ) ;
#1573 = AXIS2_PLACEMENT_3D ( 'NONE', #3523, #5201, #3555 ) ;
#1574 = LINE ( 'NONE', #4870, #275 ) ;
#1575 = ORIENTED_EDGE ( 'NONE', *, *, #5397, .F. ) ;
#1576 = PRESENTATION_STYLE_ASSIGNMENT (( #4033 ) ) ;
#1577 = CARTESIAN_POINT ( 'NONE',  ( 3.075000000000000178, 0.000000000000000000, 0.4349999999999680234 ) ) ;
#1578 =( LENGTH_UNIT ( ) NAMED_UNIT ( * ) SI_UNIT ( .MILLI., .METRE. ) );
#1579 =( GEOMETRIC_REPRESENTATION_CONTEXT ( 3 ) GLOBAL_UNCERTAINTY_ASSIGNED_CONTEXT ( ( #1445 ) ) GLOBAL_UNIT_ASSIGNED_CONTEXT ( ( #1797, #4361, #4787 ) ) REPRESENTATION_CONTEXT ( 'NONE', 'WORKASPACE' ) );
#1580 = AXIS2_PLACEMENT_3D ( 'NONE', #2310, #3605, #3673 ) ;
#1581 = EDGE_CURVE ( 'NONE', #740, #5208, #888, .T. ) ;
#1582 =( LENGTH_UNIT ( ) NAMED_UNIT ( * ) SI_UNIT ( .MILLI., .METRE. ) );
#1583 = EDGE_LOOP ( 'NONE', ( #10, #1358, #1817, #3226 ) ) ;
#1584 = VERTEX_POINT ( 'NONE', #1279 ) ;
#1585 = AXIS2_PLACEMENT_3D ( 'NONE', #377, #1227, #1192 ) ;
#1586 = CYLINDRICAL_SURFACE ( 'NONE', #3794, 0.1700000000000000122 ) ;
#1587 = EDGE_CURVE ( 'NONE', #4555, #5039, #51, .T. ) ;
#1588 = EDGE_CURVE ( 'NONE', #4709, #2946, #2137, .T. ) ;
#1589 = CARTESIAN_POINT ( 'NONE',  ( -0.1490680572530187764, 0.000000000000000000, 2.245931942746980159 ) ) ;
#1590 = VERTEX_POINT ( 'NONE', #3039 ) ;
#1591 = DIRECTION ( 'NONE',  ( 0.000000000000000000, -1.000000000000000000, 0.000000000000000000 ) ) ;
#1592 = FACE_OUTER_BOUND ( 'NONE', #4405, .T. ) ;
#1593 = FACE_OUTER_BOUND ( 'NONE', #3477, .T. ) ;
#1594 = CARTESIAN_POINT ( 'NONE',  ( 3.000000000000000000, 0.2500000000000000000, 2.299999999999999822 ) ) ;
#1595 = EDGE_CURVE ( 'NONE', #3360, #4054, #3824, .T. ) ;
#1596 = EDGE_LOOP ( 'NONE', ( #1479, #1075, #4418, #3317 ) ) ;
#1597 = LINE ( 'NONE', #2959, #5349 ) ;
#1598 = CARTESIAN_POINT ( 'NONE',  ( 2.205000000000000071, 0.05000000000000000278, 2.299999999999999822 ) ) ;
#1599 = ORIENTED_EDGE ( 'NONE', *, *, #2941, .F. ) ;
#1600 = DIRECTION ( 'NONE',  ( -1.000000000000000000, 0.000000000000000000, 0.000000000000000000 ) ) ;
#1601 = DIRECTION ( 'NONE',  ( 0.000000000000000000, -1.000000000000000000, 0.000000000000000000 ) ) ;
#1602 = DIRECTION ( 'NONE',  ( 0.000000000000000000, 1.000000000000000000, 0.000000000000000000 ) ) ;
#1603 = VERTEX_POINT ( 'NONE', #5089 ) ;
#1604 = ORIENTED_EDGE ( 'NONE', *, *, #3965, .T. ) ;
#1605 = DIRECTION ( 'NONE',  ( -1.000000000000000000, 0.000000000000000000, -9.912705577010320619E-15 ) ) ;
#1606 = VECTOR ( 'NONE', #4098, 1000.000000000000000 ) ;
#1607 = CARTESIAN_POINT ( 'NONE',  ( -3.075000000000000178, 0.2500000000000000000, -0.8350000000000329381 ) ) ;
#1608 = ORIENTED_EDGE ( 'NONE', *, *, #3036, .F. ) ;
#1609 = DIRECTION ( 'NONE',  ( 0.000000000000000000, -1.000000000000000000, 0.000000000000000000 ) ) ;
#1610 = ORIENTED_EDGE ( 'NONE', *, *, #4122, .T. ) ;
#1611 = CARTESIAN_POINT ( 'NONE',  ( -2.799999999999999822, 0.9499999999999999556, 2.376151621335850006 ) ) ;
#1612 = AXIS2_PLACEMENT_3D ( 'NONE', #2051, #2470, #4152 ) ;
#1613 = CARTESIAN_POINT ( 'NONE',  ( -2.369999999999987228, 0.05000000000000000278, 0.6049999999999748912 ) ) ;
#1614 = ORIENTED_EDGE ( 'NONE', *, *, #625, .F. ) ;
#1615 = ADVANCED_FACE ( 'NONE', ( #1307 ), #3723, .T. ) ;
#1616 = SURFACE_STYLE_USAGE ( .BOTH. , #4215 ) ;
#1617 = CARTESIAN_POINT ( 'NONE',  ( 2.870931942746980159, 0.000000000000000000, -2.100000000000000089 ) ) ;
#1618 = PLANE ( 'NONE',  #5103 ) ;
#1619 = VERTEX_POINT ( 'NONE', #2625 ) ;
#1620 = DIRECTION ( 'NONE',  ( 0.000000000000000000, 0.000000000000000000, -1.000000000000000000 ) ) ;
#1621 = DIRECTION ( 'NONE',  ( 0.000000000000000000, 0.000000000000000000, 1.000000000000000000 ) ) ;
#1622 = VECTOR ( 'NONE', #4172, 1000.000000000000000 ) ;
#1623 = DIRECTION ( 'NONE',  ( 1.000000000000000000, 0.000000000000000000, 0.000000000000000000 ) ) ;
#1624 = VERTEX_POINT ( 'NONE', #2766 ) ;
#1625 = DIRECTION ( 'NONE',  ( 0.000000000000000000, 0.000000000000000000, 1.000000000000000000 ) ) ;
#1626 = ADVANCED_FACE ( 'NONE', ( #596 ), #2280, .T. ) ;
#1627 = LINE ( 'NONE', #332, #2068 ) ;
#1628 = DIRECTION ( 'NONE',  ( 0.000000000000000000, 0.000000000000000000, -1.000000000000000000 ) ) ;
#1629 = VECTOR ( 'NONE', #1093, 1000.000000000000000 ) ;
#1630 = ORIENTED_EDGE ( 'NONE', *, *, #2308, .T. ) ;
#1631 = LINE ( 'NONE', #4637, #4234 ) ;
#1632 = EDGE_LOOP ( 'NONE', ( #1599, #5347, #136, #4460 ) ) ;
#1633 = DIRECTION ( 'NONE',  ( 0.000000000000000000, 0.000000000000000000, -1.000000000000000000 ) ) ;
#1634 = DIRECTION ( 'NONE',  ( 0.000000000000000000, 0.000000000000000000, -1.000000000000000000 ) ) ;
#1635 = LINE ( 'NONE', #713, #877 ) ;
#1636 = DIRECTION ( 'NONE',  ( 0.000000000000000000, -0.9945218953682734009, -0.1045284632676536513 ) ) ;
#1637 = CARTESIAN_POINT ( 'NONE',  ( -0.9250000000000000444, -0.8249999999999999556, 0.3249999999999999001 ) ) ;
#1638 = ORIENTED_EDGE ( 'NONE', *, *, #1526, .T. ) ;
#1639 = ORIENTED_EDGE ( 'NONE', *, *, #5223, .F. ) ;
#1640 = CARTESIAN_POINT ( 'NONE',  ( -2.876151621335850006, 0.9499999999999999556, -2.299999999999999822 ) ) ;
#1641 = EDGE_LOOP ( 'NONE', ( #2612, #226, #5449, #4154, #3026, #5188 ) ) ;
#1642 = DIRECTION ( 'NONE',  ( 0.000000000000000000, 0.000000000000000000, 1.000000000000000000 ) ) ;
#1643 = ORIENTED_EDGE ( 'NONE', *, *, #5267, .T. ) ;
#1644 = EDGE_CURVE ( 'NONE', #4562, #368, #3998, .T. ) ;
#1645 = CARTESIAN_POINT ( 'NONE',  ( -0.8409319427469820196, 0.05000000000000000278, 2.245931942746980159 ) ) ;
#1646 = ORIENTED_EDGE ( 'NONE', *, *, #3718, .F. ) ;
#1647 = DIRECTION ( 'NONE',  ( -1.000000000000000000, 0.000000000000000000, 0.000000000000000000 ) ) ;
#1648 = DIRECTION ( 'NONE',  ( 0.000000000000000000, 0.000000000000000000, -1.000000000000000000 ) ) ;
#1649 = VECTOR ( 'NONE', #2038, 1000.000000000000000 ) ;
#1650 = DIRECTION ( 'NONE',  ( 0.000000000000000000, 0.000000000000000000, 1.000000000000000000 ) ) ;
#1651 = ADVANCED_FACE ( 'NONE', ( #3512 ), #3486, .T. ) ;
#1652 = VERTEX_POINT ( 'NONE', #150 ) ;
#1653 = AXIS2_PLACEMENT_3D ( 'NONE', #981, #1005, #571 ) ;
#1654 = DIRECTION ( 'NONE',  ( 0.000000000000000000, 1.000000000000000000, 0.000000000000000000 ) ) ;
#1655 = ORIENTED_EDGE ( 'NONE', *, *, #3276, .T. ) ;
#1656 = DIRECTION ( 'NONE',  ( 1.000000000000000000, 0.000000000000000000, 0.000000000000000000 ) ) ;
#1657 = FACE_OUTER_BOUND ( 'NONE', #1641, .T. ) ;
#1658 = VECTOR ( 'NONE', #680, 1000.000000000000000 ) ;
#1659 = CARTESIAN_POINT ( 'NONE',  ( -0.7449999999999999956, 0.2500000000000000000, 2.500000000000000000 ) ) ;
#1660 = ORIENTED_EDGE ( 'NONE', *, *, #1030, .F. ) ;
#1661 = EDGE_CURVE ( 'NONE', #1158, #3934, #4721, .T. ) ;
#1662 = EDGE_CURVE ( 'NONE', #2550, #1976, #5097, .T. ) ;
#1663 = CARTESIAN_POINT ( 'NONE',  ( -0.7449999999999999956, 0.2500000000000000000, -2.500000000000000000 ) ) ;
#1664 = VERTEX_POINT ( 'NONE', #988 ) ;
#1665 = DIRECTION ( 'NONE',  ( 0.000000000000000000, 0.000000000000000000, 1.000000000000000000 ) ) ;
#1666 = LINE ( 'NONE', #4585, #2293 ) ;
#1667 = VECTOR ( 'NONE', #269, 1000.000000000000000 ) ;
#1668 = VECTOR ( 'NONE', #4213, 1000.000000000000000 ) ;
#1669 = MECHANICAL_DESIGN_GEOMETRIC_PRESENTATION_REPRESENTATION (  '', ( #4322 ), #3343 ) ;
#1670 = AXIS2_PLACEMENT_3D ( 'NONE', #1016, #637, #3977 ) ;
#1671 = EDGE_LOOP ( 'NONE', ( #2751, #1956, #5054, #347 ) ) ;
#1672 = ADVANCED_FACE ( 'NONE', ( #461 ), #3392, .F. ) ;
#1673 = ORIENTED_EDGE ( 'NONE', *, *, #1769, .T. ) ;
#1674 = STYLED_ITEM ( 'NONE', ( #4954 ), #4788 ) ;
#1675 = CARTESIAN_POINT ( 'NONE',  ( -2.369999999999973905, -0.4366062299143245173, -0.6650000000000251266 ) ) ;
#1676 = VECTOR ( 'NONE', #444, 1000.000000000000000 ) ;
#1677 = VERTEX_POINT ( 'NONE', #2600 ) ;
#1678 = VECTOR ( 'NONE', #2291, 1000.000000000000000 ) ;
#1679 = AXIS2_PLACEMENT_3D ( 'NONE', #2382, #4058, #627 ) ;
#1680 = DIRECTION ( 'NONE',  ( 0.000000000000000000, -1.000000000000000000, 0.000000000000000000 ) ) ;
#1681 = ORIENTED_EDGE ( 'NONE', *, *, #3103, .F. ) ;
#1682 =( LENGTH_UNIT ( ) NAMED_UNIT ( * ) SI_UNIT ( .MILLI., .METRE. ) );
#1683 = PLANE ( 'NONE',  #3909 ) ;
#1684 = CARTESIAN_POINT ( 'NONE',  ( 1.704999999999999849, 0.2500000000000000000, 2.245931942746980159 ) ) ;
#1685 = ORIENTED_EDGE ( 'NONE', *, *, #3469, .T. ) ;
#1686 =( LENGTH_UNIT ( ) NAMED_UNIT ( * ) SI_UNIT ( .MILLI., .METRE. ) );
#1687 = CARTESIAN_POINT ( 'NONE',  ( 2.674999999999999822, 0.05000000000000000278, 2.299999999999999822 ) ) ;
#1688 = LINE ( 'NONE', #874, #993 ) ;
#1689 = EDGE_LOOP ( 'NONE', ( #3749, #3448, #935, #3351, #954, #2544, #3493, #3069, #1421, #1782, #1244, #4013, #632, #4209, #1643, #696, #494, #646, #4193, #3298, #1341, #4032, #2043, #3850, #4179, #3654, #4313, #3, #3960, #2455, #3634, #3766, #4317 ) ) ;
#1690 = DIRECTION ( 'NONE',  ( 0.000000000000000000, 0.000000000000000000, -1.000000000000000000 ) ) ;
#1691 = DIRECTION ( 'NONE',  ( -2.003898819367960108E-13, 0.000000000000000000, 1.000000000000000000 ) ) ;
#1692 = ORIENTED_EDGE ( 'NONE', *, *, #5253, .F. ) ;
#1693 = SURFACE_STYLE_USAGE ( .BOTH. , #2074 ) ;
#1694 = ORIENTED_EDGE ( 'NONE', *, *, #635, .F. ) ;
#1695 = CARTESIAN_POINT ( 'NONE',  ( -3.000000000000000000, 0.2500000000000000000, 2.299999999999999822 ) ) ;
#1696 = LINE ( 'NONE', #3383, #5284 ) ;
#1697 = EDGE_CURVE ( 'NONE', #5422, #1196, #4356, .T. ) ;
#1698 = CARTESIAN_POINT ( 'NONE',  ( 2.674999999999999822, 0.05000000000000000278, 2.299999999999999822 ) ) ;
#1699 = ORIENTED_EDGE ( 'NONE', *, *, #1949, .T. ) ;
#1700 = MECHANICAL_DESIGN_GEOMETRIC_PRESENTATION_REPRESENTATION (  '', ( #465 ), #1881 ) ;
#1701 =( LENGTH_UNIT ( ) NAMED_UNIT ( * ) SI_UNIT ( .MILLI., .METRE. ) );
#1702 = EDGE_LOOP ( 'NONE', ( #4380, #5086, #1535, #1694 ) ) ;
#1703 = CARTESIAN_POINT ( 'NONE',  ( 2.674999999999993161, 0.05000000000000000278, -0.3249999999999997891 ) ) ;
#1704 = EDGE_CURVE ( 'NONE', #1008, #4799, #392, .T. ) ;
#1705 = DIRECTION ( 'NONE',  ( 0.000000000000000000, 0.000000000000000000, 1.000000000000000000 ) ) ;
#1706 = VECTOR ( 'NONE', #495, 1000.000000000000000 ) ;
#1707 = ADVANCED_FACE ( 'NONE', ( #2144 ), #4749, .F. ) ;
#1708 = DIRECTION ( 'NONE',  ( 0.000000000000000000, -1.000000000000000000, 0.000000000000000000 ) ) ;
#1709 = VERTEX_POINT ( 'NONE', #2661 ) ;
#1710 = FILL_AREA_STYLE_COLOUR ( '', #2753 ) ;
#1711 = LINE ( 'NONE', #786, #4262 ) ;
#1712 = VERTEX_POINT ( 'NONE', #4331 ) ;
#1713 = CYLINDRICAL_SURFACE ( 'NONE', #3176, 0.5999999999999999778 ) ;
#1714 = DIRECTION ( 'NONE',  ( 0.000000000000000000, -1.000000000000000000, 0.000000000000000000 ) ) ;
#1715 = LINE ( 'NONE', #5080, #2840 ) ;
#1716 = ORIENTED_EDGE ( 'NONE', *, *, #5271, .F. ) ;
#1717 = CARTESIAN_POINT ( 'NONE',  ( -2.369999999999973905, 0.05000000000000000278, -0.6650000000000251266 ) ) ;
#1718 = VERTEX_POINT ( 'NONE', #3096 ) ;
#1719 = EDGE_CURVE ( 'NONE', #2083, #4320, #5163, .T. ) ;
#1720 = DIRECTION ( 'NONE',  ( -1.000000000000000000, 0.000000000000000000, 0.000000000000000000 ) ) ;
#1721 = ORIENTED_EDGE ( 'NONE', *, *, #3224, .F. ) ;
#1722 = LINE ( 'NONE', #2134, #1047 ) ;
#1723 = DIRECTION ( 'NONE',  ( -1.000000000000000000, 0.000000000000000000, -1.069696878666206068E-14 ) ) ;
#1724 = VECTOR ( 'NONE', #2458, 1000.000000000000000 ) ;
#1725 = ADVANCED_FACE ( 'NONE', ( #927 ), #578, .T. ) ;
#1726 = DIRECTION ( 'NONE',  ( 0.000000000000000000, 0.000000000000000000, -1.000000000000000000 ) ) ;
#1727 = ORIENTED_EDGE ( 'NONE', *, *, #4648, .T. ) ;
#1728 = SURFACE_STYLE_FILL_AREA ( #57 ) ;
#1729 = CARTESIAN_POINT ( 'NONE',  ( 2.870931942746980159, 0.2500000000000000000, -2.100000000000000089 ) ) ;
#1730 = CARTESIAN_POINT ( 'NONE',  ( 3.075000000000000178, 0.2500000000000000000, -1.704999999999970095 ) ) ;
#1731 =( NAMED_UNIT ( * ) SI_UNIT ( $, .STERADIAN. ) SOLID_ANGLE_UNIT ( ) );
#1732 = VERTEX_POINT ( 'NONE', #30 ) ;
#1733 = CARTESIAN_POINT ( 'NONE',  ( 2.674999999999999822, -0.8249999999999999556, 0.3250000000000002887 ) ) ;
#1734 = EDGE_CURVE ( 'NONE', #4444, #795, #4239, .T. ) ;
#1735 = EDGE_CURVE ( 'NONE', #2440, #2946, #2978, .T. ) ;
#1736 = FACE_OUTER_BOUND ( 'NONE', #4524, .T. ) ;
#1737 = ORIENTED_EDGE ( 'NONE', *, *, #4894, .F. ) ;
#1738 = PLANE ( 'NONE',  #222 ) ;
#1739 = EDGE_CURVE ( 'NONE', #691, #1437, #3831, .T. ) ;
#1740 = ORIENTED_EDGE ( 'NONE', *, *, #2102, .T. ) ;
#1741 = DIRECTION ( 'NONE',  ( 0.000000000000000000, 0.000000000000000000, 1.000000000000000000 ) ) ;
#1742 = VERTEX_POINT ( 'NONE', #5387 ) ;
#1743 = CARTESIAN_POINT ( 'NONE',  ( 2.770931942746980070, 0.2500000000000000000, -0.8350000000000289413 ) ) ;
#1744 = PLANE ( 'NONE',  #155 ) ;
#1745 = VERTEX_POINT ( 'NONE', #1607 ) ;
#1746 = VECTOR ( 'NONE', #4736, 1000.000000000000000 ) ;
#1747 = CIRCLE ( 'NONE', #603, 0.1700000000000000122 ) ;
#1748 = DIRECTION ( 'NONE',  ( 0.000000000000000000, -1.000000000000000000, 0.000000000000000000 ) ) ;
#1749 =( NAMED_UNIT ( * ) SI_UNIT ( $, .STERADIAN. ) SOLID_ANGLE_UNIT ( ) );
#1750 = PRESENTATION_LAYER_ASSIGNMENT (  '', '', ( #2736 ) ) ;
#1751 = ORIENTED_EDGE ( 'NONE', *, *, #834, .T. ) ;
#1752 = DIRECTION ( 'NONE',  ( -0.000000000000000000, 1.000000000000000000, -0.000000000000000000 ) ) ;
#1753 = CARTESIAN_POINT ( 'NONE',  ( -2.369999999999960583, 0.05000000000000000278, -1.935000000000024922 ) ) ;
#1754 = VECTOR ( 'NONE', #3015, 1000.000000000000000 ) ;
#1755 =( NAMED_UNIT ( * ) SI_UNIT ( $, .STERADIAN. ) SOLID_ANGLE_UNIT ( ) );
#1756 = EDGE_LOOP ( 'NONE', ( #2700, #4182, #5056, #1179 ) ) ;
#1757 = CIRCLE ( 'NONE', #1211, 0.07499999999999998335 ) ;
#1758 = CIRCLE ( 'NONE', #1043, 0.09593194274698166324 ) ;
#1759 = ORIENTED_EDGE ( 'NONE', *, *, #2087, .F. ) ;
#1760 = DIRECTION ( 'NONE',  ( -1.097926250618142057E-14, 0.000000000000000000, 1.000000000000000000 ) ) ;
#1761 = CARTESIAN_POINT ( 'NONE',  ( -0.9250000000000000444, 0.05000000000000000278, -2.054068057253019663 ) ) ;
#1762 = ADVANCED_FACE ( 'NONE', ( #4553 ), #3296, .T. ) ;
#1763 = CIRCLE ( 'NONE', #187, 0.1700000000000000122 ) ;
#1764 =( GEOMETRIC_REPRESENTATION_CONTEXT ( 3 ) GLOBAL_UNCERTAINTY_ASSIGNED_CONTEXT ( ( #3925 ) ) GLOBAL_UNIT_ASSIGNED_CONTEXT ( ( #1578, #1103, #2384 ) ) REPRESENTATION_CONTEXT ( 'NONE', 'WORKASPACE' ) );
#1765 = FACE_OUTER_BOUND ( 'NONE', #1531, .T. ) ;
#1766 = CARTESIAN_POINT ( 'NONE',  ( 2.775000000000480416, 0.05000000000000000278, 2.299999999999404743 ) ) ;
#1767 = EDGE_CURVE ( 'NONE', #5037, #1801, #3741, .T. ) ;
#1768 = MECHANICAL_DESIGN_GEOMETRIC_PRESENTATION_REPRESENTATION (  '', ( #4573 ), #3348 ) ;
#1769 = EDGE_CURVE ( 'NONE', #914, #4935, #1968, .T. ) ;
#1770 = PRESENTATION_LAYER_ASSIGNMENT (  '', '', ( #867 ) ) ;
#1771 = ORIENTED_EDGE ( 'NONE', *, *, #3462, .F. ) ;
#1772 = CARTESIAN_POINT ( 'NONE',  ( -2.200000000000000178, -0.4366062299143245173, 1.874999999999976463 ) ) ;
#1773 = FACE_OUTER_BOUND ( 'NONE', #4612, .T. ) ;
#1774 = AXIS2_PLACEMENT_3D ( 'NONE', #2951, #5450, #805 ) ;
#1775 = ORIENTED_EDGE ( 'NONE', *, *, #4056, .F. ) ;
#1776 = CARTESIAN_POINT ( 'NONE',  ( -2.799999999999959854, 0.05000000000000000278, -1.705000000000029825 ) ) ;
#1777 = AXIS2_PLACEMENT_3D ( 'NONE', #2948, #2528, #4644 ) ;
#1778 = DIRECTION ( 'NONE',  ( 0.000000000000000000, -1.000000000000000000, 0.000000000000000000 ) ) ;
#1779 = CARTESIAN_POINT ( 'NONE',  ( -3.000000000000000000, 0.04999999999999999584, -0.8350000000000319389 ) ) ;
#1780 = EDGE_CURVE ( 'NONE', #3903, #1864, #315, .T. ) ;
#1781 = EDGE_CURVE ( 'NONE', #3934, #1514, #1364, .T. ) ;
#1782 = ORIENTED_EDGE ( 'NONE', *, *, #1169, .T. ) ;
#1783 = DIRECTION ( 'NONE',  ( 0.000000000000000000, -1.000000000000000000, 0.000000000000000000 ) ) ;
#1784 = FACE_OUTER_BOUND ( 'NONE', #1456, .T. ) ;
#1785 = ORIENTED_EDGE ( 'NONE', *, *, #1509, .F. ) ;
#1786 = CARTESIAN_POINT ( 'NONE',  ( -0.1490680572530186099, 0.000000000000000000, -2.245931942746980159 ) ) ;
#1787 = SURFACE_STYLE_USAGE ( .BOTH. , #2196 ) ;
#1788 = DIRECTION ( 'NONE',  ( -0.000000000000000000, 1.000000000000000000, -0.000000000000000000 ) ) ;
#1789 = VERTEX_POINT ( 'NONE', #1190 ) ;
#1790 = AXIS2_PLACEMENT_3D ( 'NONE', #2191, #3476, #3409 ) ;
#1791 = DIRECTION ( 'NONE',  ( 1.000000000000000000, 0.000000000000000000, 0.000000000000000000 ) ) ;
#1792 = CARTESIAN_POINT ( 'NONE',  ( 2.205000000000000071, 0.2500000000000000000, -2.500000000000000000 ) ) ;
#1793 = DIRECTION ( 'NONE',  ( 0.000000000000000000, 0.000000000000000000, 1.000000000000000000 ) ) ;
#1794 = FILL_AREA_STYLE_COLOUR ( '', #2695 ) ;
#1795 = STYLED_ITEM ( 'NONE', ( #3480 ), #1615 ) ;
#1796 = DIRECTION ( 'NONE',  ( 3.062129300499790370E-16, 0.000000000000000000, -1.000000000000000000 ) ) ;
#1797 =( LENGTH_UNIT ( ) NAMED_UNIT ( * ) SI_UNIT ( .MILLI., .METRE. ) );
#1798 = VECTOR ( 'NONE', #579, 1000.000000000000000 ) ;
#1799 = FILL_AREA_STYLE ('',( #3366 ) ) ;
#1800 = EDGE_CURVE ( 'NONE', #1868, #4467, #2157, .T. ) ;
#1801 = VERTEX_POINT ( 'NONE', #4703 ) ;
#1802 = DIRECTION ( 'NONE',  ( 0.000000000000000000, -1.000000000000000000, 0.000000000000000000 ) ) ;
#1803 = ORIENTED_EDGE ( 'NONE', *, *, #1897, .F. ) ;
#1804 = CARTESIAN_POINT ( 'NONE',  ( 3.075000000000000178, 0.2500000000000000000, 0.8350000000000329381 ) ) ;
#1805 =( LENGTH_UNIT ( ) NAMED_UNIT ( * ) SI_UNIT ( .MILLI., .METRE. ) );
#1806 = FILL_AREA_STYLE ('',( #2300 ) ) ;
#1807 = ORIENTED_EDGE ( 'NONE', *, *, #317, .F. ) ;
#1808 = SURFACE_STYLE_FILL_AREA ( #2708 ) ;
#1809 = CIRCLE ( 'NONE', #5318, 0.1800000000000000488 ) ;
#1810 = SURFACE_STYLE_USAGE ( .BOTH. , #3853 ) ;
#1811 = ORIENTED_EDGE ( 'NONE', *, *, #1248, .T. ) ;
#1812 = EDGE_CURVE ( 'NONE', #4947, #2810, #5060, .T. ) ;
#1813 = DIRECTION ( 'NONE',  ( 0.000000000000000000, -1.000000000000000000, 0.000000000000000000 ) ) ;
#1814 = SURFACE_STYLE_USAGE ( .BOTH. , #3857 ) ;
#1815 = VECTOR ( 'NONE', #2201, 1000.000000000000000 ) ;
#1816 = DIRECTION ( 'NONE',  ( 0.000000000000000000, -1.000000000000000000, 0.000000000000000000 ) ) ;
#1817 = ORIENTED_EDGE ( 'NONE', *, *, #3728, .T. ) ;
#1818 = SURFACE_SIDE_STYLE ('',( #3568 ) ) ;
#1819 = PRESENTATION_LAYER_ASSIGNMENT (  '', '', ( #1537 ) ) ;
#1820 = DIRECTION ( 'NONE',  ( 0.000000000000000000, -1.000000000000000000, 0.000000000000000000 ) ) ;
#1821 = CARTESIAN_POINT ( 'NONE',  ( -0.1490680572530186099, 0.000000000000000000, -2.149999999999999911 ) ) ;
#1822 = LINE ( 'NONE', #3511, #1015 ) ;
#1823 = DIRECTION ( 'NONE',  ( 0.000000000000000000, 0.000000000000000000, -1.000000000000000000 ) ) ;
#1824 = DIRECTION ( 'NONE',  ( 0.000000000000000000, 1.000000000000000000, 0.000000000000000000 ) ) ;
#1825 = PLANE ( 'NONE',  #1232 ) ;
#1826 = UNCERTAINTY_MEASURE_WITH_UNIT (LENGTH_MEASURE( 1.000000000000000082E-05 ), #2352, 'distance_accuracy_value', 'NONE');
#1827 = ORIENTED_EDGE ( 'NONE', *, *, #2146, .F. ) ;
#1828 = DIRECTION ( 'NONE',  ( 1.000000000000000000, 0.000000000000000000, 0.000000000000000000 ) ) ;
#1829 = FILL_AREA_STYLE_COLOUR ( '', #4310 ) ;
#1830 = VERTEX_POINT ( 'NONE', #1779 ) ;
#1831 = DIRECTION ( 'NONE',  ( 0.000000000000000000, 0.000000000000000000, -1.000000000000000000 ) ) ;
#1832 = DIRECTION ( 'NONE',  ( -1.000000000000000000, 0.000000000000000000, 0.000000000000000000 ) ) ;
#1833 = EDGE_CURVE ( 'NONE', #2141, #3180, #909, .T. ) ;
#1834 = CARTESIAN_POINT ( 'NONE',  ( -0.8720588235294119972, 0.000000000000000000, -1.672038460333465038 ) ) ;
#1835 =( LENGTH_UNIT ( ) NAMED_UNIT ( * ) SI_UNIT ( .MILLI., .METRE. ) );
#1836 = FACE_OUTER_BOUND ( 'NONE', #3111, .T. ) ;
#1837 = ORIENTED_EDGE ( 'NONE', *, *, #228, .F. ) ;
#1838 = DIRECTION ( 'NONE',  ( -1.000000000000000000, 0.000000000000000000, 0.000000000000000000 ) ) ;
#1839 = CARTESIAN_POINT ( 'NONE',  ( -3.075000000000000178, 0.000000000000000000, 0.8349999999999679900 ) ) ;
#1840 = EDGE_CURVE ( 'NONE', #5109, #3626, #3324, .T. ) ;
#1841 = VECTOR ( 'NONE', #216, 1000.000000000000000 ) ;
#1842 = EDGE_CURVE ( 'NONE', #3085, #5208, #878, .T. ) ;
#1843 = CARTESIAN_POINT ( 'NONE',  ( -2.200000000000000178, -0.4366062299143245173, 1.934999999999973852 ) ) ;
#1844 = EDGE_LOOP ( 'NONE', ( #5270, #1727, #2937, #3393 ) ) ;
#1845 = STYLED_ITEM ( 'NONE', ( #1014 ), #807 ) ;
#1846 = DIRECTION ( 'NONE',  ( 0.000000000000000000, 1.000000000000000000, 0.000000000000000000 ) ) ;
#1847 = ORIENTED_EDGE ( 'NONE', *, *, #2087, .T. ) ;
#1848 = EDGE_CURVE ( 'NONE', #72, #2628, #2614, .T. ) ;
#1849 = STYLED_ITEM ( 'NONE', ( #1932 ), #87 ) ;
#1850 = DIRECTION ( 'NONE',  ( 0.000000000000000000, -1.000000000000000000, 0.000000000000000000 ) ) ;
#1851 = FACE_OUTER_BOUND ( 'NONE', #4452, .T. ) ;
#1852 = VECTOR ( 'NONE', #5287, 1000.000000000000000 ) ;
#1853 = VECTOR ( 'NONE', #1195, 1000.000000000000000 ) ;
#1854 =( NAMED_UNIT ( * ) PLANE_ANGLE_UNIT ( ) SI_UNIT ( $, .RADIAN. ) );
#1855 = CIRCLE ( 'NONE', #1495, 0.09593194274698166324 ) ;
#1856 = DIRECTION ( 'NONE',  ( 1.000000000000000000, 0.000000000000000000, 0.000000000000000000 ) ) ;
#1857 = ORIENTED_EDGE ( 'NONE', *, *, #2535, .F. ) ;
#1858 = DIRECTION ( 'NONE',  ( -1.000000000000000000, 0.000000000000000000, 0.000000000000000000 ) ) ;
#1859 = AXIS2_PLACEMENT_3D ( 'NONE', #1951, #280, #1070 ) ;
#1860 = CIRCLE ( 'NONE', #1573, 0.09593194274698166324 ) ;
#1861 = CARTESIAN_POINT ( 'NONE',  ( 1.704999999999999849, 0.2500000000000000000, -2.500000000000000000 ) ) ;
#1862 = VERTEX_POINT ( 'NONE', #3877 ) ;
#1863 = AXIS2_PLACEMENT_3D ( 'NONE', #3828, #1314, #4269 ) ;
#1864 = VERTEX_POINT ( 'NONE', #477 ) ;
#1865 = CONICAL_SURFACE ( 'NONE', #3891, 0.2000000000000000944, 0.1047197551196603349 ) ;
#1866 = CARTESIAN_POINT ( 'NONE',  ( -3.075000000000000178, 0.2500000000000000000, -0.4350000000000319722 ) ) ;
#1867 = CYLINDRICAL_SURFACE ( 'NONE', #5390, 0.2000000000000000944 ) ;
#1868 = VERTEX_POINT ( 'NONE', #720 ) ;
#1869 = LINE ( 'NONE', #3141, #2358 ) ;
#1870 = LINE ( 'NONE', #3562, #5289 ) ;
#1871 = VECTOR ( 'NONE', #1636, 1000.000000000000000 ) ;
#1872 = FILL_AREA_STYLE ('',( #4868 ) ) ;
#1873 = LINE ( 'NONE', #5187, #781 ) ;
#1874 = EDGE_CURVE ( 'NONE', #3077, #2842, #4617, .T. ) ;
#1875 = VERTEX_POINT ( 'NONE', #5202 ) ;
#1876 = DIRECTION ( 'NONE',  ( 1.000000000000000000, 0.000000000000000000, 0.000000000000000000 ) ) ;
#1877 =( GEOMETRIC_REPRESENTATION_CONTEXT ( 3 ) GLOBAL_UNCERTAINTY_ASSIGNED_CONTEXT ( ( #4363 ) ) GLOBAL_UNIT_ASSIGNED_CONTEXT ( ( #2241, #1854, #3518 ) ) REPRESENTATION_CONTEXT ( 'NONE', 'WORKASPACE' ) );
#1878 = ADVANCED_FACE ( 'NONE', ( #999 ), #4344, .T. ) ;
#1879 = UNCERTAINTY_MEASURE_WITH_UNIT (LENGTH_MEASURE( 1.000000000000000082E-05 ), #1554, 'distance_accuracy_value', 'NONE');
#1880 = EDGE_CURVE ( 'NONE', #1134, #3872, #562, .T. ) ;
#1881 =( GEOMETRIC_REPRESENTATION_CONTEXT ( 3 ) GLOBAL_UNCERTAINTY_ASSIGNED_CONTEXT ( ( #4415 ) ) GLOBAL_UNIT_ASSIGNED_CONTEXT ( ( #1566, #4934, #1958 ) ) REPRESENTATION_CONTEXT ( 'NONE', 'WORKASPACE' ) );
#1882 = UNCERTAINTY_MEASURE_WITH_UNIT (LENGTH_MEASURE( 1.000000000000000082E-05 ), #892, 'distance_accuracy_value', 'NONE');
#1883 = FILL_AREA_STYLE_COLOUR ( '', #1490 ) ;
#1884 = VERTEX_POINT ( 'NONE', #2273 ) ;
#1885 = FILL_AREA_STYLE ('',( #3619 ) ) ;
#1886 = CIRCLE ( 'NONE', #3288, 0.07615162133585039184 ) ;
#1887 = FACE_OUTER_BOUND ( 'NONE', #2732, .T. ) ;
#1888 = LINE ( 'NONE', #1522, #1200 ) ;
#1889 = VERTEX_POINT ( 'NONE', #4733 ) ;
#1890 = DIRECTION ( 'NONE',  ( 0.000000000000000000, 1.000000000000000000, 0.000000000000000000 ) ) ;
#1891 = ADVANCED_FACE ( 'NONE', ( #3953 ), #133, .T. ) ;
#1892 = VECTOR ( 'NONE', #3095, 1000.000000000000000 ) ;
#1893 = CARTESIAN_POINT ( 'NONE',  ( 3.000000000000000000, 0.2500000000000000000, 2.299999999999999822 ) ) ;
#1894 = ORIENTED_EDGE ( 'NONE', *, *, #3277, .F. ) ;
#1895 = CARTESIAN_POINT ( 'NONE',  ( -0.2449999999999999956, 0.2500000000000000000, 2.245931942746980159 ) ) ;
#1896 = ORIENTED_EDGE ( 'NONE', *, *, #3498, .F. ) ;
#1897 = EDGE_CURVE ( 'NONE', #4326, #3054, #3540, .T. ) ;
#1898 = SURFACE_STYLE_FILL_AREA ( #5193 ) ;
#1899 = CARTESIAN_POINT ( 'NONE',  ( 1.704999999999999849, 0.2500000000000000000, 2.500000000000000000 ) ) ;
#1900 = SURFACE_SIDE_STYLE ('',( #276 ) ) ;
#1901 = AXIS2_PLACEMENT_3D ( 'NONE', #4097, #5371, #3278 ) ;
#1902 = EDGE_CURVE ( 'NONE', #1521, #1532, #3417, .T. ) ;
#1903 = ADVANCED_FACE ( 'NONE', ( #894 ), #4747, .T. ) ;
#1904 = ORIENTED_EDGE ( 'NONE', *, *, #5396, .T. ) ;
#1905 =( NAMED_UNIT ( * ) SI_UNIT ( $, .STERADIAN. ) SOLID_ANGLE_UNIT ( ) );
#1906 = CARTESIAN_POINT ( 'NONE',  ( -2.369999999999961915, 0.05000000000000000278, -2.105000000000025295 ) ) ;
#1907 = SURFACE_SIDE_STYLE ('',( #3557 ) ) ;
#1908 = EDGE_CURVE ( 'NONE', #4643, #1393, #5095, .T. ) ;
#1909 = ORIENTED_EDGE ( 'NONE', *, *, #3727, .T. ) ;
#1910 = PRESENTATION_STYLE_ASSIGNMENT (( #1957 ) ) ;
#1911 = SURFACE_STYLE_USAGE ( .BOTH. , #1429 ) ;
#1912 = ORIENTED_EDGE ( 'NONE', *, *, #910, .T. ) ;
#1913 =( NAMED_UNIT ( * ) SI_UNIT ( $, .STERADIAN. ) SOLID_ANGLE_UNIT ( ) );
#1914 =( GEOMETRIC_REPRESENTATION_CONTEXT ( 3 ) GLOBAL_UNCERTAINTY_ASSIGNED_CONTEXT ( ( #2268 ) ) GLOBAL_UNIT_ASSIGNED_CONTEXT ( ( #3206, #4438, #1905 ) ) REPRESENTATION_CONTEXT ( 'NONE', 'WORKASPACE' ) );
#1915 = DIRECTION ( 'NONE',  ( 0.000000000000000000, 0.000000000000000000, -1.000000000000000000 ) ) ;
#1916 = ORIENTED_EDGE ( 'NONE', *, *, #1697, .T. ) ;
#1917 = LINE ( 'NONE', #270, #2380 ) ;
#1918 = VECTOR ( 'NONE', #2090, 1000.000000000000000 ) ;
#1919 = CARTESIAN_POINT ( 'NONE',  ( 1.699999999999999956, 0.9000000000000000222, 0.5999999999999999778 ) ) ;
#1920 = VECTOR ( 'NONE', #4647, 1000.000000000000000 ) ;
#1921 = VERTEX_POINT ( 'NONE', #4720 ) ;
#1922 = CARTESIAN_POINT ( 'NONE',  ( -3.000000000000000000, 0.2500000000000000000, 0.4349999999999683564 ) ) ;
#1923 = EDGE_CURVE ( 'NONE', #378, #534, #1010, .T. ) ;
#1924 = PLANE ( 'NONE',  #3187 ) ;
#1925 = UNCERTAINTY_MEASURE_WITH_UNIT (LENGTH_MEASURE( 1.000000000000000082E-05 ), #1805, 'distance_accuracy_value', 'NONE');
#1926 = AXIS2_PLACEMENT_3D ( 'NONE', #1288, #33, #89 ) ;
#1927 = ORIENTED_EDGE ( 'NONE', *, *, #2338, .T. ) ;
#1928 = EDGE_CURVE ( 'NONE', #1404, #1742, #4780, .T. ) ;
#1929 = PLANE ( 'NONE',  #2667 ) ;
#1930 = VECTOR ( 'NONE', #915, 1000.000000000000000 ) ;
#1931 = AXIS2_PLACEMENT_3D ( 'NONE', #1006, #4321, #1029 ) ;
#1932 = PRESENTATION_STYLE_ASSIGNMENT (( #1049 ) ) ;
#1933 = ORIENTED_EDGE ( 'NONE', *, *, #95, .F. ) ;
#1934 = CARTESIAN_POINT ( 'NONE',  ( -2.876151621335850006, 0.9499999999999999556, 2.299999999999999822 ) ) ;
#1935 =( LENGTH_UNIT ( ) NAMED_UNIT ( * ) SI_UNIT ( .MILLI., .METRE. ) );
#1936 = VERTEX_POINT ( 'NONE', #5133 ) ;
#1937 = FACE_OUTER_BOUND ( 'NONE', #3293, .T. ) ;
#1938 = AXIS2_PLACEMENT_3D ( 'NONE', #1524, #3213, #3315 ) ;
#1939 = EDGE_CURVE ( 'NONE', #4054, #381, #3920, .T. ) ;
#1940 = AXIS2_PLACEMENT_3D ( 'NONE', #727, #2421, #1647 ) ;
#1941 = DIRECTION ( 'NONE',  ( 0.000000000000000000, -1.000000000000000000, 0.000000000000000000 ) ) ;
#1942 = ORIENTED_EDGE ( 'NONE', *, *, #2397, .F. ) ;
#1943 = CIRCLE ( 'NONE', #5296, 0.07499999999999998335 ) ;
#1944 = DIRECTION ( 'NONE',  ( 0.000000000000000000, 0.000000000000000000, 1.000000000000000000 ) ) ;
#1945 = AXIS2_PLACEMENT_3D ( 'NONE', #4973, #2026, #3358 ) ;
#1946 = ORIENTED_EDGE ( 'NONE', *, *, #4332, .T. ) ;
#1947 = ORIENTED_EDGE ( 'NONE', *, *, #1697, .F. ) ;
#1948 = SURFACE_STYLE_USAGE ( .BOTH. , #1900 ) ;
#1949 = EDGE_CURVE ( 'NONE', #2083, #1437, #84, .T. ) ;
#1950 = ORIENTED_EDGE ( 'NONE', *, *, #2787, .T. ) ;
#1951 = CARTESIAN_POINT ( 'NONE',  ( -2.799999999999999822, 0.05000000000000000278, 2.299999999999999822 ) ) ;
#1952 = CARTESIAN_POINT ( 'NONE',  ( 3.000000000000000000, 0.05000000000000000278, 2.299999999999999822 ) ) ;
#1953 = CARTESIAN_POINT ( 'NONE',  ( 2.300931942746980319, 0.05000000000000000278, 2.200000000000000178 ) ) ;
#1954 = EDGE_CURVE ( 'NONE', #4038, #4882, #1809, .T. ) ;
#1955 = VECTOR ( 'NONE', #5059, 1000.000000000000000 ) ;
#1956 = ORIENTED_EDGE ( 'NONE', *, *, #4006, .F. ) ;
#1957 = SURFACE_STYLE_USAGE ( .BOTH. , #305 ) ;
#1958 =( NAMED_UNIT ( * ) SI_UNIT ( $, .STERADIAN. ) SOLID_ANGLE_UNIT ( ) );
#1959 = ORIENTED_EDGE ( 'NONE', *, *, #3830, .T. ) ;
#1960 = PLANE ( 'NONE',  #868 ) ;
#1961 = FACE_OUTER_BOUND ( 'NONE', #4408, .T. ) ;
#1962 = ORIENTED_EDGE ( 'NONE', *, *, #676, .T. ) ;
#1963 = SURFACE_STYLE_FILL_AREA ( #289 ) ;
#1964 = PRESENTATION_STYLE_ASSIGNMENT (( #2501 ) ) ;
#1965 = SURFACE_STYLE_FILL_AREA ( #5313 ) ;
#1966 = EDGE_LOOP ( 'NONE', ( #151, #2856, #1338, #907, #5035, #3098 ) ) ;
#1967 = ORIENTED_EDGE ( 'NONE', *, *, #4006, .T. ) ;
#1968 = CIRCLE ( 'NONE', #231, 0.09593194274698166324 ) ;
#1969 = CARTESIAN_POINT ( 'NONE',  ( 3.075000000000000178, 0.000000000000000000, 0.8350000000000329381 ) ) ;
#1970 = DIRECTION ( 'NONE',  ( 1.000000000000000000, 0.000000000000000000, 9.912705577010320619E-15 ) ) ;
#1971 = ORIENTED_EDGE ( 'NONE', *, *, #1435, .F. ) ;
#1972 = FILL_AREA_STYLE ('',( #640 ) ) ;
#1973 = AXIS2_PLACEMENT_3D ( 'NONE', #2158, #3849, #3435 ) ;
#1974 = LINE ( 'NONE', #1733, #1451 ) ;
#1975 = DIRECTION ( 'NONE',  ( 0.000000000000000000, 1.000000000000000000, 0.000000000000000000 ) ) ;
#1976 = VERTEX_POINT ( 'NONE', #1761 ) ;
#1977 = CARTESIAN_POINT ( 'NONE',  ( -3.000000000000000000, 0.2500000000000000000, 2.299999999999999822 ) ) ;
#1978 = CARTESIAN_POINT ( 'NONE',  ( 1.609068057253020045, 0.000000000000000000, -2.149999999999999911 ) ) ;
#1979 = LINE ( 'NONE', #3643, #1354 ) ;
#1980 = ORIENTED_EDGE ( 'NONE', *, *, #2888, .F. ) ;
#1981 = DIRECTION ( 'NONE',  ( -1.000000000000000000, 0.000000000000000000, 0.000000000000000000 ) ) ;
#1982 = EDGE_CURVE ( 'NONE', #2584, #368, #4689, .T. ) ;
#1983 = CARTESIAN_POINT ( 'NONE',  ( 2.770931942746995169, 0.2500000000000000000, -1.704999999999999849 ) ) ;
#1984 = ORIENTED_EDGE ( 'NONE', *, *, #2333, .F. ) ;
#1985 = CARTESIAN_POINT ( 'NONE',  ( 3.000000000000000000, 0.2500000000000000000, -0.8350000000000320499 ) ) ;
#1986 = ORIENTED_EDGE ( 'NONE', *, *, #1719, .T. ) ;
#1987 = CYLINDRICAL_SURFACE ( 'NONE', #4663, 0.09593194274698123303 ) ;
#1988 = EDGE_CURVE ( 'NONE', #1393, #2497, #491, .T. ) ;
#1989 = LINE ( 'NONE', #3219, #2834 ) ;
#1990 = CARTESIAN_POINT ( 'NONE',  ( 1.609068057253020045, 0.000000000000000000, 2.245931942746980159 ) ) ;
#1991 = ADVANCED_FACE ( 'NONE', ( #3892 ), #119, .T. ) ;
#1992 = ORIENTED_EDGE ( 'NONE', *, *, #163, .T. ) ;
#1993 = ORIENTED_EDGE ( 'NONE', *, *, #1333, .T. ) ;
#1994 = CARTESIAN_POINT ( 'NONE',  ( 3.000000000000000000, 0.2500000000000000000, 0.8350000000000320499 ) ) ;
#1995 = EDGE_CURVE ( 'NONE', #875, #904, #2263, .T. ) ;
#1996 = VECTOR ( 'NONE', #1177, 1000.000000000000000 ) ;
#1997 = MECHANICAL_DESIGN_GEOMETRIC_PRESENTATION_REPRESENTATION (  '', ( #2736 ), #3167 ) ;
#1998 = DIRECTION ( 'NONE',  ( 0.000000000000000000, -1.000000000000000000, 0.000000000000000000 ) ) ;
#1999 = ORIENTED_EDGE ( 'NONE', *, *, #202, .F. ) ;
#2000 = CYLINDRICAL_SURFACE ( 'NONE', #5363, 0.2000000000000000944 ) ;
#2001 = SURFACE_STYLE_FILL_AREA ( #3753 ) ;
#2002 = DIRECTION ( 'NONE',  ( -1.000000000000000000, 0.000000000000000000, 0.000000000000000000 ) ) ;
#2003 = CARTESIAN_POINT ( 'NONE',  ( -2.800000000000094857, 0.05000000000000000278, 1.705000000000904903 ) ) ;
#2004 = CLOSED_SHELL ( 'NONE', ( #1374, #132, #3832, #4057, #4591, #5301, #2369, #66, #2257, #2061, #4545, #1903, #2281, #2438, #4875, #4426, #2623, #2246, #961, #2908, #4867, #1725, #2073, #2872, #836, #4338, #1707, #2482, #1017, #3871, #1488, #4184, #3577, #5324, #1558, #2585, #5428, #168, #5155, #2674, #563, #5359, #3989, #3356, #1762, #4072, #4016, #1891, #3123, #2668, #674, #196, #1223, #780, #5242, #3471, #3893, #3616, #1991, #4305, #142, #2986, #4582, #883, #4671, #5169, #2239, #886, #4669, #5247, #209, #4298, #3534, #1651, #2204, #5282, #5215, #3692, #681, #3565, #4451, #373, #2463, #4368, #1082, #747, #3506, #1466, #316, #4848, #87, #807, #671, #2136, #1031, #4696, #492, #1313, #1210, #4707, #4788, #3221, #1448, #2655, #3973, #4715, #4930, #1110, #703, #1502, #2767, #2057, #4836, #4785, #4741, #1626, #3137, #1400, #1878, #3525, #1615, #771, #3131, #1551, #3056, #1410, #3798, #1130, #3652, #1084, #3646, #2813, #3092, #2063, #3823, #1672, #3507, #5186, #4977, #4827, #308, #5096, #4090, #3460, #447, #4984, #3132, #1367, #2703, #779, #4922 ) ) ;
#2005 = VECTOR ( 'NONE', #4828, 1000.000000000000000 ) ;
#2006 = ORIENTED_EDGE ( 'NONE', *, *, #590, .T. ) ;
#2007 = LINE ( 'NONE', #5021, #4388 ) ;
#2008 = PRESENTATION_STYLE_ASSIGNMENT (( #1541 ) ) ;
#2009 = VERTEX_POINT ( 'NONE', #1792 ) ;
#2010 = FACE_OUTER_BOUND ( 'NONE', #4045, .T. ) ;
#2011 = CIRCLE ( 'NONE', #3609, 0.2000000000000000944 ) ;
#2012 = LINE ( 'NONE', #1182, #2716 ) ;
#2013 = MECHANICAL_DESIGN_GEOMETRIC_PRESENTATION_REPRESENTATION (  '', ( #2560 ), #2662 ) ;
#2014 = AXIS2_PLACEMENT_3D ( 'NONE', #3286, #4961, #1625 ) ;
#2015 = LINE ( 'NONE', #2522, #3702 ) ;
#2016 = ORIENTED_EDGE ( 'NONE', *, *, #929, .F. ) ;
#2017 = LINE ( 'NONE', #4967, #1667 ) ;
#2018 = SURFACE_SIDE_STYLE ('',( #1160 ) ) ;
#2019 =( LENGTH_UNIT ( ) NAMED_UNIT ( * ) SI_UNIT ( .MILLI., .METRE. ) );
#2020 = DIRECTION ( 'NONE',  ( 0.000000000000000000, 0.000000000000000000, -1.000000000000000000 ) ) ;
#2021 = VECTOR ( 'NONE', #335, 1000.000000000000000 ) ;
#2022 =( GEOMETRIC_REPRESENTATION_CONTEXT ( 3 ) GLOBAL_UNCERTAINTY_ASSIGNED_CONTEXT ( ( #3153 ) ) GLOBAL_UNIT_ASSIGNED_CONTEXT ( ( #908, #3661, #4069 ) ) REPRESENTATION_CONTEXT ( 'NONE', 'WORKASPACE' ) );
#2023 = FILL_AREA_STYLE_COLOUR ( '', #2363 ) ;
#2024 = EDGE_LOOP ( 'NONE', ( #481, #2873, #2383, #1575 ) ) ;
#2025 = EDGE_CURVE ( 'NONE', #4985, #4993, #1439, .T. ) ;
#2026 = DIRECTION ( 'NONE',  ( 0.000000000000000000, 1.000000000000000000, 0.000000000000000000 ) ) ;
#2027 = VECTOR ( 'NONE', #3484, 1000.000000000000000 ) ;
#2028 = ORIENTED_EDGE ( 'NONE', *, *, #4371, .F. ) ;
#2029 = PRESENTATION_LAYER_ASSIGNMENT (  '', '', ( #1064 ) ) ;
#2030 = VECTOR ( 'NONE', #4381, 1000.000000000000000 ) ;
#2031 = EDGE_CURVE ( 'NONE', #2176, #1884, #5162, .T. ) ;
#2032 = CARTESIAN_POINT ( 'NONE',  ( -0.1490680572530186099, 0.2500000000000000000, -2.245931942746980159 ) ) ;
#2033 = VERTEX_POINT ( 'NONE', #551 ) ;
#2034 = CARTESIAN_POINT ( 'NONE',  ( 1.704999999999999849, 0.2500000000000000000, -2.245931942746980159 ) ) ;
#2035 = CARTESIAN_POINT ( 'NONE',  ( 1.704999999999999849, 0.2500000000000000000, -2.600000000000000089 ) ) ;
#2036 = VERTEX_POINT ( 'NONE', #2234 ) ;
#2037 = VECTOR ( 'NONE', #4025, 1000.000000000000000 ) ;
#2038 = DIRECTION ( 'NONE',  ( 1.000000000000000000, 0.000000000000000000, 0.000000000000000000 ) ) ;
#2039 = ORIENTED_EDGE ( 'NONE', *, *, #348, .T. ) ;
#2040 = DIRECTION ( 'NONE',  ( 1.000000000000000000, 0.000000000000000000, 1.084202172485504118E-14 ) ) ;
#2041 = LINE ( 'NONE', #3733, #1724 ) ;
#2042 = AXIS2_PLACEMENT_3D ( 'NONE', #167, #1890, #1434 ) ;
#2043 = ORIENTED_EDGE ( 'NONE', *, *, #3289, .T. ) ;
#2044 = CARTESIAN_POINT ( 'NONE',  ( 3.000000000000000000, 0.05000000000000000278, 0.4349999999999829559 ) ) ;
#2045 = ORIENTED_EDGE ( 'NONE', *, *, #4011, .T. ) ;
#2046 = LINE ( 'NONE', #4086, #3336 ) ;
#2047 = CARTESIAN_POINT ( 'NONE',  ( -0.2449999999999999956, 0.2500000000000000000, -2.600000000000000089 ) ) ;
#2048 = LINE ( 'NONE', #3677, #3362 ) ;
#2049 = DIRECTION ( 'NONE',  ( 0.000000000000000000, 0.000000000000000000, 1.000000000000000000 ) ) ;
#2050 = EDGE_CURVE ( 'NONE', #322, #2009, #1822, .T. ) ;
#2051 = CARTESIAN_POINT ( 'NONE',  ( 3.075000000000000178, 0.2500000000000000000, 0.8350000000000329381 ) ) ;
#2052 = SURFACE_STYLE_FILL_AREA ( #1513 ) ;
#2053 = ORIENTED_EDGE ( 'NONE', *, *, #3320, .T. ) ;
#2054 = DIRECTION ( 'NONE',  ( 0.000000000000000000, 0.000000000000000000, -1.000000000000000000 ) ) ;
#2055 = ORIENTED_EDGE ( 'NONE', *, *, #234, .T. ) ;
#2056 = DIRECTION ( 'NONE',  ( -0.000000000000000000, 1.000000000000000000, -0.000000000000000000 ) ) ;
#2057 = ADVANCED_FACE ( 'NONE', ( #5398 ), #9, .T. ) ;
#2058 = VECTOR ( 'NONE', #2631, 1000.000000000000000 ) ;
#2059 = CARTESIAN_POINT ( 'NONE',  ( -3.075000000000000178, 0.2500000000000000000, 0.8349999999999679900 ) ) ;
#2060 = ORIENTED_EDGE ( 'NONE', *, *, #55, .F. ) ;
#2061 = ADVANCED_FACE ( 'NONE', ( #5075 ), #1291, .T. ) ;
#2062 = CARTESIAN_POINT ( 'NONE',  ( -2.199999999999987299, -0.4366062299143245173, 0.6049999999999764455 ) ) ;
#2063 = ADVANCED_FACE ( 'NONE', ( #1592 ), #869, .T. ) ;
#2064 = CYLINDRICAL_SURFACE ( 'NONE', #682, 0.09593194274698166324 ) ;
#2065 = VERTEX_POINT ( 'NONE', #4955 ) ;
#2066 = CARTESIAN_POINT ( 'NONE',  ( 2.870931942746980159, 0.05000000000000000278, -2.100000000000000089 ) ) ;
#2067 = LINE ( 'NONE', #327, #3952 ) ;
#2068 = VECTOR ( 'NONE', #1209, 1000.000000000000000 ) ;
#2069 = DIRECTION ( 'NONE',  ( -1.000000000000000000, 0.000000000000000000, -1.310076802900131811E-16 ) ) ;
#2070 = VERTEX_POINT ( 'NONE', #2150 ) ;
#2071 = DIRECTION ( 'NONE',  ( 0.000000000000000000, 1.000000000000000000, 0.000000000000000000 ) ) ;
#2072 = LINE ( 'NONE', #3760, #5416 ) ;
#2073 = ADVANCED_FACE ( 'NONE', ( #3841 ), #903, .T. ) ;
#2074 = SURFACE_SIDE_STYLE ('',( #1157 ) ) ;
#2075 = ORIENTED_EDGE ( 'NONE', *, *, #5062, .F. ) ;
#2076 = CARTESIAN_POINT ( 'NONE',  ( -2.369999999999987228, -0.4366062299143245173, 0.6049999999999748912 ) ) ;
#2077 = CARTESIAN_POINT ( 'NONE',  ( -0.7449999999999999956, 0.000000000000000000, 2.600000000000000089 ) ) ;
#2078 = ORIENTED_EDGE ( 'NONE', *, *, #902, .F. ) ;
#2079 = FACE_OUTER_BOUND ( 'NONE', #736, .T. ) ;
#2080 = ORIENTED_EDGE ( 'NONE', *, *, #123, .F. ) ;
#2081 = DIRECTION ( 'NONE',  ( 0.000000000000000000, -1.000000000000000000, 0.000000000000000000 ) ) ;
#2082 = CARTESIAN_POINT ( 'NONE',  ( -2.199999999999987299, 0.05000000000000000278, 0.6649999999999737232 ) ) ;
#2083 = VERTEX_POINT ( 'NONE', #1861 ) ;
#2084 = SURFACE_SIDE_STYLE ('',( #1236 ) ) ;
#2085 = COLOUR_RGB ( '',0.2509803921568627416, 0.2509803921568627416, 0.2509803921568627416 ) ;
#2086 = CARTESIAN_POINT ( 'NONE',  ( -2.200000000000000178, 0.000000000000000000, 1.934999999999973852 ) ) ;
#2087 = EDGE_CURVE ( 'NONE', #4583, #3698, #1000, .T. ) ;
#2088 = EDGE_LOOP ( 'NONE', ( #3386, #840, #5200, #3764 ) ) ;
#2089 =( GEOMETRIC_REPRESENTATION_CONTEXT ( 3 ) GLOBAL_UNCERTAINTY_ASSIGNED_CONTEXT ( ( #1882 ) ) GLOBAL_UNIT_ASSIGNED_CONTEXT ( ( #892, #549, #3009 ) ) REPRESENTATION_CONTEXT ( 'NONE', 'WORKASPACE' ) );
#2090 = DIRECTION ( 'NONE',  ( 0.000000000000000000, 0.000000000000000000, 1.000000000000000000 ) ) ;
#2091 = DIRECTION ( 'NONE',  ( 1.000000000000000000, 0.000000000000000000, 0.000000000000000000 ) ) ;
#2092 = MECHANICAL_DESIGN_GEOMETRIC_PRESENTATION_REPRESENTATION (  '', ( #1407 ), #2985 ) ;
#2093 = VERTEX_POINT ( 'NONE', #4794 ) ;
#2094 = CARTESIAN_POINT ( 'NONE',  ( 2.799999999999999822, 0.05000000000000000278, -2.500000000000000000 ) ) ;
#2095 = CARTESIAN_POINT ( 'NONE',  ( 2.205000000000000071, 0.2500000000000000000, 2.600000000000000089 ) ) ;
#2096 = VECTOR ( 'NONE', #2395, 1000.000000000000000 ) ;
#2097 = CARTESIAN_POINT ( 'NONE',  ( -2.369999999999973905, 0.000000000000000000, -0.6650000000000251266 ) ) ;
#2098 = ORIENTED_EDGE ( 'NONE', *, *, #3775, .F. ) ;
#2099 = CARTESIAN_POINT ( 'NONE',  ( -0.8290680572530179093, 0.2500000000000000000, -2.054068057253019663 ) ) ;
#2100 = CARTESIAN_POINT ( 'NONE',  ( -2.369999999999973905, -0.4366062299143245173, -0.6050000000000251843 ) ) ;
#2101 = ORIENTED_EDGE ( 'NONE', *, *, #4420, .F. ) ;
#2102 = EDGE_CURVE ( 'NONE', #1745, #156, #4763, .T. ) ;
#2103 = CARTESIAN_POINT ( 'NONE',  ( 2.770931942746980070, 0.2500000000000000000, 1.609068057253034922 ) ) ;
#2104 = VECTOR ( 'NONE', #3024, 1000.000000000000000 ) ;
#2105 = VECTOR ( 'NONE', #353, 1000.000000000000000 ) ;
#2106 = EDGE_CURVE ( 'NONE', #4796, #4538, #1183, .T. ) ;
#2107 = DIRECTION ( 'NONE',  ( 0.000000000000000000, -1.000000000000000000, 0.000000000000000000 ) ) ;
#2108 = AXIS2_PLACEMENT_3D ( 'NONE', #2885, #421, #3739 ) ;
#2109 = ORIENTED_EDGE ( 'NONE', *, *, #1739, .T. ) ;
#2110 = CARTESIAN_POINT ( 'NONE',  ( -3.075000000000000178, 0.000000000000000000, -0.8350000000000329381 ) ) ;
#2111 = ORIENTED_EDGE ( 'NONE', *, *, #5329, .T. ) ;
#2112 = DIRECTION ( 'NONE',  ( 1.310076802900131811E-16, 0.000000000000000000, -1.000000000000000000 ) ) ;
#2113 =( GEOMETRIC_REPRESENTATION_CONTEXT ( 3 ) GLOBAL_UNCERTAINTY_ASSIGNED_CONTEXT ( ( #1826 ) ) GLOBAL_UNIT_ASSIGNED_CONTEXT ( ( #2352, #4866, #1913 ) ) REPRESENTATION_CONTEXT ( 'NONE', 'WORKASPACE' ) );
#2114 = ORIENTED_EDGE ( 'NONE', *, *, #2478, .T. ) ;
#2115 = VECTOR ( 'NONE', #4594, 1000.000000000000000 ) ;
#2116 = AXIS2_PLACEMENT_3D ( 'NONE', #2099, #4109, #367 ) ;
#2117 = CARTESIAN_POINT ( 'NONE',  ( 1.699999999999999956, 0.9000000000000000222, 0.000000000000000000 ) ) ;
#2118 = ORIENTED_EDGE ( 'NONE', *, *, #3627, .T. ) ;
#2119 = DIRECTION ( 'NONE',  ( 0.000000000000000000, 0.000000000000000000, 1.000000000000000000 ) ) ;
#2120 = CARTESIAN_POINT ( 'NONE',  ( 2.799999999999999822, 1.000000000000000000, 2.299999999999999822 ) ) ;
#2121 =( NAMED_UNIT ( * ) PLANE_ANGLE_UNIT ( ) SI_UNIT ( $, .RADIAN. ) );
#2122 = ORIENTED_EDGE ( 'NONE', *, *, #4830, .T. ) ;
#2123 = CARTESIAN_POINT ( 'NONE',  ( -2.799999999999999822, 0.9552264231633830205, -2.299999999999999822 ) ) ;
#2124 = CARTESIAN_POINT ( 'NONE',  ( 1.704999999999999849, 0.2500000000000000000, -2.600000000000000089 ) ) ;
#2125 = DIRECTION ( 'NONE',  ( 1.000000000000000000, 0.000000000000000000, -1.066063828557211909E-13 ) ) ;
#2126 = ORIENTED_EDGE ( 'NONE', *, *, #3720, .T. ) ;
#2127 = DIRECTION ( 'NONE',  ( 1.000000000000000000, 0.000000000000000000, 0.000000000000000000 ) ) ;
#2128 = DIRECTION ( 'NONE',  ( 0.000000000000000000, -1.000000000000000000, 0.000000000000000000 ) ) ;
#2129 = EDGE_CURVE ( 'NONE', #2808, #1532, #1337, .T. ) ;
#2130 = ORIENTED_EDGE ( 'NONE', *, *, #649, .T. ) ;
#2131 = TOROIDAL_SURFACE ( 'NONE', #4869, 0.07615162133585058613, 0.05000000000000000278 ) ;
#2132 =( NAMED_UNIT ( * ) SI_UNIT ( $, .STERADIAN. ) SOLID_ANGLE_UNIT ( ) );
#2133 = VERTEX_POINT ( 'NONE', #2705 ) ;
#2134 = CARTESIAN_POINT ( 'NONE',  ( -2.369999999999961915, -0.4366062299143245173, -2.105000000000025295 ) ) ;
#2135 = FACE_OUTER_BOUND ( 'NONE', #976, .T. ) ;
#2136 = ADVANCED_FACE ( 'NONE', ( #538 ), #1744, .F. ) ;
#2137 = LINE ( 'NONE', #4324, #1446 ) ;
#2138 = EDGE_CURVE ( 'NONE', #2810, #4796, #5117, .T. ) ;
#2139 = AXIS2_PLACEMENT_3D ( 'NONE', #930, #2205, #3514 ) ;
#2140 = CARTESIAN_POINT ( 'NONE',  ( 2.774999999999999911, 0.2500000000000000000, 2.200000000000000178 ) ) ;
#2141 = VERTEX_POINT ( 'NONE', #2681 ) ;
#2142 = DIRECTION ( 'NONE',  ( -1.000000000000000000, 0.000000000000000000, -0.000000000000000000 ) ) ;
#2143 = LINE ( 'NONE', #1349, #3550 ) ;
#2144 = FACE_OUTER_BOUND ( 'NONE', #4735, .T. ) ;
#2145 = ORIENTED_EDGE ( 'NONE', *, *, #5116, .F. ) ;
#2146 = EDGE_CURVE ( 'NONE', #2738, #3900, #3526, .T. ) ;
#2147 = DIRECTION ( 'NONE',  ( 0.000000000000000000, -1.000000000000000000, 0.000000000000000000 ) ) ;
#2148 = LINE ( 'NONE', #2238, #4914 ) ;
#2149 = ORIENTED_EDGE ( 'NONE', *, *, #386, .F. ) ;
#2150 = CARTESIAN_POINT ( 'NONE',  ( -2.369999999999974349, 0.05000000000000000278, -0.4350000000000251998 ) ) ;
#2151 = ORIENTED_EDGE ( 'NONE', *, *, #228, .T. ) ;
#2152 = LINE ( 'NONE', #3844, #2104 ) ;
#2153 = PLANE ( 'NONE',  #176 ) ;
#2154 = CARTESIAN_POINT ( 'NONE',  ( 2.774999999999999911, 0.2500000000000000000, -2.200000000000000178 ) ) ;
#2155 = ORIENTED_EDGE ( 'NONE', *, *, #2172, .T. ) ;
#2156 = SURFACE_STYLE_USAGE ( .BOTH. , #184 ) ;
#2157 = CIRCLE ( 'NONE', #3742, 0.09593194274698166324 ) ;
#2158 = CARTESIAN_POINT ( 'NONE',  ( 1.609068057253020045, 0.05000000000000000278, -2.245931942746980159 ) ) ;
#2159 = VERTEX_POINT ( 'NONE', #4345 ) ;
#2160 =( NAMED_UNIT ( * ) SI_UNIT ( $, .STERADIAN. ) SOLID_ANGLE_UNIT ( ) );
#2161 = EDGE_CURVE ( 'NONE', #1976, #1590, #2339, .T. ) ;
#2162 = EDGE_LOOP ( 'NONE', ( #2502, #4972, #4170, #2802, #4257, #4201 ) ) ;
#2163 = DIRECTION ( 'NONE',  ( -0.000000000000000000, 1.000000000000000000, -0.000000000000000000 ) ) ;
#2164 = LINE ( 'NONE', #3504, #4323 ) ;
#2165 = APPLICATION_PROTOCOL_DEFINITION ( 'draft international standard', 'automotive_design', 1998, #3379 ) ;
#2166 = AXIS2_PLACEMENT_3D ( 'NONE', #2582, #940, #1778 ) ;
#2167 = FILL_AREA_STYLE ('',( #950 ) ) ;
#2168 = ORIENTED_EDGE ( 'NONE', *, *, #415, .T. ) ;
#2169 = LINE ( 'NONE', #80, #2299 ) ;
#2170 = EDGE_CURVE ( 'NONE', #4975, #2199, #2261, .T. ) ;
#2171 = EDGE_LOOP ( 'NONE', ( #2331, #42, #5304, #3413 ) ) ;
#2172 = EDGE_CURVE ( 'NONE', #1624, #4709, #2615, .T. ) ;
#2173 = LINE ( 'NONE', #3510, #4926 ) ;
#2174 = DIRECTION ( 'NONE',  ( -1.097926250618142057E-14, 0.000000000000000000, 1.000000000000000000 ) ) ;
#2175 = DIRECTION ( 'NONE',  ( 1.000000000000000000, 0.000000000000000000, 9.912705577010320619E-15 ) ) ;
#2176 = VERTEX_POINT ( 'NONE', #1365 ) ;
#2177 = DIRECTION ( 'NONE',  ( 0.000000000000000000, -1.000000000000000000, 0.000000000000000000 ) ) ;
#2178 = LINE ( 'NONE', #4691, #1219 ) ;
#2179 = EDGE_CURVE ( 'NONE', #1709, #980, #4734, .T. ) ;
#2180 = LINE ( 'NONE', #5017, #3122 ) ;
#2181 = CARTESIAN_POINT ( 'NONE',  ( -3.075000000000000178, 0.000000000000000000, 1.704999999999970095 ) ) ;
#2182 = ORIENTED_EDGE ( 'NONE', *, *, #185, .F. ) ;
#2183 = DIRECTION ( 'NONE',  ( 1.000000000000000000, 0.000000000000000000, 0.000000000000000000 ) ) ;
#2184 = DIRECTION ( 'NONE',  ( -2.168404344970659876E-14, 0.000000000000000000, 1.000000000000000000 ) ) ;
#2185 = ORIENTED_EDGE ( 'NONE', *, *, #317, .T. ) ;
#2186 = FACE_OUTER_BOUND ( 'NONE', #4534, .T. ) ;
#2187 = AXIS2_PLACEMENT_3D ( 'NONE', #791, #4571, #3730 ) ;
#2188 = CARTESIAN_POINT ( 'NONE',  ( 2.674999999999999822, 0.05000000000000000278, -0.3249999999999996780 ) ) ;
#2189 = CARTESIAN_POINT ( 'NONE',  ( 2.205000000000000071, 0.05000000000000000278, 2.299999999999999822 ) ) ;
#2190 = ORIENTED_EDGE ( 'NONE', *, *, #406, .F. ) ;
#2191 = CARTESIAN_POINT ( 'NONE',  ( 2.674999999999999822, 0.2500000000000000000, 0.3390680572530474501 ) ) ;
#2192 = ORIENTED_EDGE ( 'NONE', *, *, #1587, .F. ) ;
#2193 = PLANE ( 'NONE',  #4770 ) ;
#2194 = CARTESIAN_POINT ( 'NONE',  ( -2.799999999999999822, 0.2500000000000000000, -2.500000000000000000 ) ) ;
#2195 =( GEOMETRIC_REPRESENTATION_CONTEXT ( 3 ) GLOBAL_UNCERTAINTY_ASSIGNED_CONTEXT ( ( #607 ) ) GLOBAL_UNIT_ASSIGNED_CONTEXT ( ( #218, #3961, #2685 ) ) REPRESENTATION_CONTEXT ( 'NONE', 'WORKASPACE' ) );
#2196 = SURFACE_SIDE_STYLE ('',( #515 ) ) ;
#2197 = COLOUR_RGB ( '',0.2509803921568627416, 0.2509803921568627416, 0.2509803921568627416 ) ;
#2198 = AXIS2_PLACEMENT_3D ( 'NONE', #2894, #4724, #2605 ) ;
#2199 = VERTEX_POINT ( 'NONE', #1834 ) ;
#2200 = CARTESIAN_POINT ( 'NONE',  ( 0.000000000000000000, 0.000000000000000000, 0.000000000000000000 ) ) ;
#2201 = DIRECTION ( 'NONE',  ( 0.000000000000000000, -1.000000000000000000, 0.000000000000000000 ) ) ;
#2202 = DIRECTION ( 'NONE',  ( 0.000000000000000000, 0.000000000000000000, -1.000000000000000000 ) ) ;
#2203 = AXIS2_PLACEMENT_3D ( 'NONE', #4205, #4150, #1634 ) ;
#2204 = ADVANCED_FACE ( 'NONE', ( #1426 ), #3114, .T. ) ;
#2205 = DIRECTION ( 'NONE',  ( -1.000000000000000000, 0.000000000000000000, 0.000000000000000000 ) ) ;
#2206 = VECTOR ( 'NONE', #2546, 1000.000000000000000 ) ;
#2207 = CARTESIAN_POINT ( 'NONE',  ( -3.074999999999960210, 0.000000000000000000, -1.705000000000029825 ) ) ;
#2208 = CARTESIAN_POINT ( 'NONE',  ( 2.205000000000000071, 0.2500000000000000000, -2.600000000000000089 ) ) ;
#2209 = UNCERTAINTY_MEASURE_WITH_UNIT (LENGTH_MEASURE( 1.000000000000000082E-05 ), #612, 'distance_accuracy_value', 'NONE');
#2210 = VECTOR ( 'NONE', #1591, 1000.000000000000000 ) ;
#2211 = VECTOR ( 'NONE', #2768, 1000.000000000000000 ) ;
#2212 = DIRECTION ( 'NONE',  ( 0.000000000000000000, -1.000000000000000000, 0.000000000000000000 ) ) ;
#2213 = EDGE_CURVE ( 'NONE', #1196, #2407, #3302, .T. ) ;
#2214 = ORIENTED_EDGE ( 'NONE', *, *, #4436, .T. ) ;
#2215 = LINE ( 'NONE', #1772, #5010 ) ;
#2216 = DIRECTION ( 'NONE',  ( 0.000000000000000000, 0.000000000000000000, -1.000000000000000000 ) ) ;
#2217 = MECHANICAL_DESIGN_GEOMETRIC_PRESENTATION_REPRESENTATION (  '', ( #3889 ), #2302 ) ;
#2218 = ORIENTED_EDGE ( 'NONE', *, *, #3632, .F. ) ;
#2219 = LINE ( 'NONE', #4285, #3101 ) ;
#2220 =( GEOMETRIC_REPRESENTATION_CONTEXT ( 3 ) GLOBAL_UNCERTAINTY_ASSIGNED_CONTEXT ( ( #5245 ) ) GLOBAL_UNIT_ASSIGNED_CONTEXT ( ( #1701, #4590, #5418 ) ) REPRESENTATION_CONTEXT ( 'NONE', 'WORKASPACE' ) );
#2221 = DIRECTION ( 'NONE',  ( -1.000000000000000000, 0.000000000000000000, 0.000000000000000000 ) ) ;
#2222 = DIRECTION ( 'NONE',  ( 0.000000000000000000, 1.000000000000000000, 0.000000000000000000 ) ) ;
#2223 = ORIENTED_EDGE ( 'NONE', *, *, #4814, .T. ) ;
#2224 = DIRECTION ( 'NONE',  ( -1.000000000000000000, 0.000000000000000000, -1.084202172485504118E-14 ) ) ;
#2225 = PRESENTATION_STYLE_ASSIGNMENT (( #1810 ) ) ;
#2226 = ORIENTED_EDGE ( 'NONE', *, *, #5249, .T. ) ;
#2227 = DIRECTION ( 'NONE',  ( 0.000000000000000000, -1.000000000000000000, 0.000000000000000000 ) ) ;
#2228 = CARTESIAN_POINT ( 'NONE',  ( 2.674999999999999822, -0.8249999999999999556, -0.3249999999999996780 ) ) ;
#2229 = FACE_OUTER_BOUND ( 'NONE', #5350, .T. ) ;
#2230 = DIRECTION ( 'NONE',  ( 0.000000000000000000, 0.000000000000000000, 1.000000000000000000 ) ) ;
#2231 = ORIENTED_EDGE ( 'NONE', *, *, #2850, .T. ) ;
#2232 = FACE_OUTER_BOUND ( 'NONE', #3579, .T. ) ;
#2233 = DIRECTION ( 'NONE',  ( 0.000000000000000000, 0.000000000000000000, -1.000000000000000000 ) ) ;
#2234 = CARTESIAN_POINT ( 'NONE',  ( -2.369999999999988116, 0.05000000000000000278, 0.8349999999999748734 ) ) ;
#2235 = DIRECTION ( 'NONE',  ( -1.000000000000000000, 0.000000000000000000, -3.062129300499790370E-16 ) ) ;
#2236 = ORIENTED_EDGE ( 'NONE', *, *, #4332, .F. ) ;
#2237 = LINE ( 'NONE', #3922, #3571 ) ;
#2238 = CARTESIAN_POINT ( 'NONE',  ( -3.075000000000000178, 0.2500000000000000000, 0.8349999999999679900 ) ) ;
#2239 = ADVANCED_FACE ( 'NONE', ( #3029 ), #3814, .T. ) ;
#2240 = FACE_OUTER_BOUND ( 'NONE', #3410, .T. ) ;
#2241 =( LENGTH_UNIT ( ) NAMED_UNIT ( * ) SI_UNIT ( .MILLI., .METRE. ) );
#2242 = ORIENTED_EDGE ( 'NONE', *, *, #3851, .F. ) ;
#2243 = DIRECTION ( 'NONE',  ( 0.000000000000000000, -1.000000000000000000, 0.000000000000000000 ) ) ;
#2244 = LINE ( 'NONE', #440, #3604 ) ;
#2245 = ORIENTED_EDGE ( 'NONE', *, *, #1588, .F. ) ;
#2246 = ADVANCED_FACE ( 'NONE', ( #843 ), #3472, .T. ) ;
#2247 = CARTESIAN_POINT ( 'NONE',  ( -0.9250000000000000444, 0.2500000000000000000, -1.743721152139079855 ) ) ;
#2248 = EDGE_CURVE ( 'NONE', #1677, #4073, #4373, .T. ) ;
#2249 = CARTESIAN_POINT ( 'NONE',  ( -0.9250000000000000444, 0.000000000000000000, -1.500000000000000000 ) ) ;
#2250 = ORIENTED_EDGE ( 'NONE', *, *, #2587, .F. ) ;
#2251 = ORIENTED_EDGE ( 'NONE', *, *, #2321, .F. ) ;
#2252 = FACE_OUTER_BOUND ( 'NONE', #3209, .T. ) ;
#2253 = FILL_AREA_STYLE ('',( #1027 ) ) ;
#2254 = ORIENTED_EDGE ( 'NONE', *, *, #3387, .T. ) ;
#2255 = CARTESIAN_POINT ( 'NONE',  ( 2.674999999999999822, 0.05000000000000000278, -0.3390680572530474501 ) ) ;
#2256 = DIRECTION ( 'NONE',  ( 0.000000000000000000, -1.000000000000000000, 0.000000000000000000 ) ) ;
#2257 = ADVANCED_FACE ( 'NONE', ( #4963 ), #5434, .T. ) ;
#2258 = VECTOR ( 'NONE', #60, 1000.000000000000000 ) ;
#2259 = CARTESIAN_POINT ( 'NONE',  ( -2.876151621335850006, 1.000000000000000000, 2.299999999999999822 ) ) ;
#2260 = EDGE_LOOP ( 'NONE', ( #1184, #2214, #5012, #4423, #4003, #5420 ) ) ;
#2261 = CIRCLE ( 'NONE', #1092, 0.1800000000000000488 ) ;
#2262 = CARTESIAN_POINT ( 'NONE',  ( -0.7449999999999999956, 0.000000000000000000, -2.600000000000000089 ) ) ;
#2263 = LINE ( 'NONE', #3829, #2258 ) ;
#2264 = DIRECTION ( 'NONE',  ( -0.9945218953682734009, 0.1045284632676536513, 0.000000000000000000 ) ) ;
#2265 =( NAMED_UNIT ( * ) PLANE_ANGLE_UNIT ( ) SI_UNIT ( $, .RADIAN. ) );
#2266 = DIRECTION ( 'NONE',  ( 0.000000000000000000, -1.000000000000000000, 0.000000000000000000 ) ) ;
#2267 = PLANE ( 'NONE',  #277 ) ;
#2268 = UNCERTAINTY_MEASURE_WITH_UNIT (LENGTH_MEASURE( 1.000000000000000082E-05 ), #3206, 'distance_accuracy_value', 'NONE');
#2269 = UNCERTAINTY_MEASURE_WITH_UNIT (LENGTH_MEASURE( 1.000000000000000082E-05 ), #4316, 'distance_accuracy_value', 'NONE');
#2270 =( LENGTH_UNIT ( ) NAMED_UNIT ( * ) SI_UNIT ( .MILLI., .METRE. ) );
#2271 = ORIENTED_EDGE ( 'NONE', *, *, #4748, .F. ) ;
#2272 = FACE_OUTER_BOUND ( 'NONE', #4966, .T. ) ;
#2273 = CARTESIAN_POINT ( 'NONE',  ( -3.074999999999960210, 0.2500000000000000000, -1.705000000000029825 ) ) ;
#2274 = DIRECTION ( 'NONE',  ( 1.000000000000000000, 0.000000000000000000, 0.000000000000000000 ) ) ;
#2275 = EDGE_CURVE ( 'NONE', #1266, #2428, #738, .T. ) ;
#2276 = FACE_OUTER_BOUND ( 'NONE', #2518, .T. ) ;
#2277 = EDGE_LOOP ( 'NONE', ( #3683, #5315, #2368, #3990, #2968, #3729 ) ) ;
#2278 = PRESENTATION_STYLE_ASSIGNMENT (( #3532 ) ) ;
#2279 = FACE_OUTER_BOUND ( 'NONE', #1596, .T. ) ;
#2280 = PLANE ( 'NONE',  #3582 ) ;
#2281 = ADVANCED_FACE ( 'NONE', ( #1657 ), #1152, .T. ) ;
#2282 = EDGE_CURVE ( 'NONE', #3268, #519, #3287, .T. ) ;
#2283 = LINE ( 'NONE', #4775, #1233 ) ;
#2284 = ORIENTED_EDGE ( 'NONE', *, *, #3786, .F. ) ;
#2285 = DIRECTION ( 'NONE',  ( 0.000000000000000000, 1.000000000000000000, 0.000000000000000000 ) ) ;
#2286 = ORIENTED_EDGE ( 'NONE', *, *, #1995, .F. ) ;
#2287 = VECTOR ( 'NONE', #5252, 1000.000000000000000 ) ;
#2288 =( NAMED_UNIT ( * ) PLANE_ANGLE_UNIT ( ) SI_UNIT ( $, .RADIAN. ) );
#2289 = CIRCLE ( 'NONE', #4219, 0.07615162133585039184 ) ;
#2290 = DIRECTION ( 'NONE',  ( 1.000000000000000000, 0.000000000000000000, 0.000000000000000000 ) ) ;
#2291 = DIRECTION ( 'NONE',  ( -1.000000000000000000, 0.000000000000000000, 0.000000000000000000 ) ) ;
#2292 = VECTOR ( 'NONE', #2355, 1000.000000000000000 ) ;
#2293 = VECTOR ( 'NONE', #1723, 1000.000000000000000 ) ;
#2294 = STYLED_ITEM ( 'NONE', ( #876 ), #4696 ) ;
#2295 = DIRECTION ( 'NONE',  ( -1.000000000000000000, 0.000000000000000000, 0.000000000000000000 ) ) ;
#2296 = ORIENTED_EDGE ( 'NONE', *, *, #2275, .T. ) ;
#2297 = PRESENTATION_LAYER_ASSIGNMENT (  '', '', ( #4573 ) ) ;
#2298 = EDGE_CURVE ( 'NONE', #5342, #4608, #4577, .T. ) ;
#2299 = VECTOR ( 'NONE', #5214, 1000.000000000000000 ) ;
#2300 = FILL_AREA_STYLE_COLOUR ( '', #4186 ) ;
#2301 = ORIENTED_EDGE ( 'NONE', *, *, #1949, .F. ) ;
#2302 =( GEOMETRIC_REPRESENTATION_CONTEXT ( 3 ) GLOBAL_UNCERTAINTY_ASSIGNED_CONTEXT ( ( #3978 ) ) GLOBAL_UNIT_ASSIGNED_CONTEXT ( ( #4878, #3613, #3200 ) ) REPRESENTATION_CONTEXT ( 'NONE', 'WORKASPACE' ) );
#2303 = CIRCLE ( 'NONE', #4335, 0.1700000000000000122 ) ;
#2304 = CARTESIAN_POINT ( 'NONE',  ( 2.774999999999999911, 0.05000000000000000278, 2.300000000000594902 ) ) ;
#2305 = DIRECTION ( 'NONE',  ( 0.000000000000000000, 1.000000000000000000, 0.000000000000000000 ) ) ;
#2306 = ORIENTED_EDGE ( 'NONE', *, *, #910, .F. ) ;
#2307 = DIRECTION ( 'NONE',  ( 0.000000000000000000, 0.000000000000000000, -1.000000000000000000 ) ) ;
#2308 = EDGE_CURVE ( 'NONE', #2922, #3054, #2851, .T. ) ;
#2309 = AXIS2_PLACEMENT_3D ( 'NONE', #692, #3711, #5384 ) ;
#2310 = CARTESIAN_POINT ( 'NONE',  ( 0.000000000000000000, 0.000000000000000000, 0.000000000000000000 ) ) ;
#2311 = EDGE_LOOP ( 'NONE', ( #4958, #4595, #4823, #3305 ) ) ;
#2312 = EDGE_CURVE ( 'NONE', #2738, #1404, #1627, .T. ) ;
#2313 = PLANE ( 'NONE',  #4686 ) ;
#2314 = CARTESIAN_POINT ( 'NONE',  ( -0.1490680572530187764, 0.05000000000000000278, 2.245931942746980159 ) ) ;
#2315 = EDGE_CURVE ( 'NONE', #3242, #1226, #2493, .T. ) ;
#2316 = VERTEX_POINT ( 'NONE', #2878 ) ;
#2317 = DIRECTION ( 'NONE',  ( 0.000000000000000000, 0.000000000000000000, -1.000000000000000000 ) ) ;
#2318 = COLOUR_RGB ( '',0.2509803921568627416, 0.2509803921568627416, 0.2509803921568627416 ) ;
#2319 = LINE ( 'NONE', #1899, #4126 ) ;
#2320 = LINE ( 'NONE', #4039, #3621 ) ;
#2321 = EDGE_CURVE ( 'NONE', #162, #2783, #1278, .T. ) ;
#2322 = STYLED_ITEM ( 'NONE', ( #3885 ), #1551 ) ;
#2323 = UNCERTAINTY_MEASURE_WITH_UNIT (LENGTH_MEASURE( 1.000000000000000082E-05 ), #450, 'distance_accuracy_value', 'NONE');
#2324 = STYLED_ITEM ( 'NONE', ( #4358 ), #1031 ) ;
#2325 = CYLINDRICAL_SURFACE ( 'NONE', #1416, 0.05000000000000012768 ) ;
#2326 = EDGE_LOOP ( 'NONE', ( #1608, #3502, #746, #4832 ) ) ;
#2327 = CARTESIAN_POINT ( 'NONE',  ( 2.205000000000000071, 0.05000000000000000278, 2.500000000000000000 ) ) ;
#2328 = ORIENTED_EDGE ( 'NONE', *, *, #3927, .F. ) ;
#2329 = CARTESIAN_POINT ( 'NONE',  ( -0.9249999999999998224, 0.05000000000000000278, 0.3249999999999997891 ) ) ;
#2330 = DIRECTION ( 'NONE',  ( 0.000000000000000000, 0.000000000000000000, 1.000000000000000000 ) ) ;
#2331 = ORIENTED_EDGE ( 'NONE', *, *, #4655, .F. ) ;
#2332 = AXIS2_PLACEMENT_3D ( 'NONE', #3073, #895, #1705 ) ;
#2333 = EDGE_CURVE ( 'NONE', #4490, #322, #2041, .T. ) ;
#2334 = DIRECTION ( 'NONE',  ( 1.000000000000000000, 0.000000000000000000, 0.000000000000000000 ) ) ;
#2335 = ORIENTED_EDGE ( 'NONE', *, *, #1257, .F. ) ;
#2336 = CARTESIAN_POINT ( 'NONE',  ( -0.1490680572530187764, 0.2500000000000000000, 2.245931942746980159 ) ) ;
#2337 = DIRECTION ( 'NONE',  ( 0.000000000000000000, -1.000000000000000000, 0.000000000000000000 ) ) ;
#2338 = EDGE_CURVE ( 'NONE', #2940, #3262, #2072, .T. ) ;
#2339 = CIRCLE ( 'NONE', #3147, 0.09593194274698166324 ) ;
#2340 = ORIENTED_EDGE ( 'NONE', *, *, #4379, .T. ) ;
#2341 =( NAMED_UNIT ( * ) PLANE_ANGLE_UNIT ( ) SI_UNIT ( $, .RADIAN. ) );
#2342 = CARTESIAN_POINT ( 'NONE',  ( 2.770931942746980070, 0.2500000000000000000, -0.8350000000000289413 ) ) ;
#2343 = VECTOR ( 'NONE', #1197, 1000.000000000000000 ) ;
#2344 = EDGE_CURVE ( 'NONE', #2176, #5257, #2012, .T. ) ;
#2345 = EDGE_CURVE ( 'NONE', #306, #2963, #819, .T. ) ;
#2346 = ORIENTED_EDGE ( 'NONE', *, *, #1995, .T. ) ;
#2347 = DIRECTION ( 'NONE',  ( 0.000000000000000000, -1.000000000000000000, 0.000000000000000000 ) ) ;
#2348 = DIRECTION ( 'NONE',  ( 0.000000000000000000, 1.000000000000000000, 0.000000000000000000 ) ) ;
#2349 = VERTEX_POINT ( 'NONE', #2520 ) ;
#2350 = CARTESIAN_POINT ( 'NONE',  ( 0.000000000000000000, 1.000000000000000000, 0.000000000000000000 ) ) ;
#2351 = ORIENTED_EDGE ( 'NONE', *, *, #2696, .F. ) ;
#2352 =( LENGTH_UNIT ( ) NAMED_UNIT ( * ) SI_UNIT ( .MILLI., .METRE. ) );
#2353 = LINE ( 'NONE', #716, #2921 ) ;
#2354 = ORIENTED_EDGE ( 'NONE', *, *, #2315, .F. ) ;
#2355 = DIRECTION ( 'NONE',  ( 0.000000000000000000, 1.000000000000000000, 0.000000000000000000 ) ) ;
#2356 = CARTESIAN_POINT ( 'NONE',  ( 3.000000000000000000, 0.2500000000000000000, 2.299999999999999822 ) ) ;
#2357 = AXIS2_PLACEMENT_3D ( 'NONE', #4289, #4676, #4797 ) ;
#2358 = VECTOR ( 'NONE', #4739, 1000.000000000000000 ) ;
#2359 = VECTOR ( 'NONE', #1303, 1000.000000000000000 ) ;
#2360 = ORIENTED_EDGE ( 'NONE', *, *, #117, .T. ) ;
#2361 = FACE_OUTER_BOUND ( 'NONE', #3023, .T. ) ;
#2362 = EDGE_CURVE ( 'NONE', #974, #4789, #4199, .T. ) ;
#2363 = COLOUR_RGB ( '',0.2509803921568627416, 0.2509803921568627416, 0.2509803921568627416 ) ;
#2364 = UNCERTAINTY_MEASURE_WITH_UNIT (LENGTH_MEASURE( 1.000000000000000082E-05 ), #2498, 'distance_accuracy_value', 'NONE');
#2365 = VECTOR ( 'NONE', #2183, 1000.000000000000000 ) ;
#2366 = AXIS2_PLACEMENT_3D ( 'NONE', #638, #1491, #4858 ) ;
#2367 = CARTESIAN_POINT ( 'NONE',  ( 0.000000000000000000, 0.9499999999999999556, 2.376151621335850006 ) ) ;
#2368 = ORIENTED_EDGE ( 'NONE', *, *, #655, .F. ) ;
#2369 = ADVANCED_FACE ( 'NONE', ( #416 ), #1543, .T. ) ;
#2370 = AXIS2_PLACEMENT_3D ( 'NONE', #4640, #2591, #4260 ) ;
#2371 = AXIS2_PLACEMENT_3D ( 'NONE', #5058, #4177, #3295 ) ;
#2372 = LINE ( 'NONE', #1594, #1042 ) ;
#2373 = EDGE_LOOP ( 'NONE', ( #2236, #1610, #4989, #2970 ) ) ;
#2374 = LINE ( 'NONE', #5275, #4462 ) ;
#2375 = PRESENTATION_STYLE_ASSIGNMENT (( #3559 ) ) ;
#2376 = PRESENTATION_LAYER_ASSIGNMENT (  '', '', ( #4409 ) ) ;
#2377 = ORIENTED_EDGE ( 'NONE', *, *, #802, .T. ) ;
#2378 = CARTESIAN_POINT ( 'NONE',  ( -0.1490680572530187764, 0.2500000000000000000, 2.245931942746980159 ) ) ;
#2379 = AXIS2_PLACEMENT_3D ( 'NONE', #391, #15, #1656 ) ;
#2380 = VECTOR ( 'NONE', #1480, 1000.000000000000000 ) ;
#2381 =( GEOMETRIC_REPRESENTATION_CONTEXT ( 3 ) GLOBAL_UNCERTAINTY_ASSIGNED_CONTEXT ( ( #992 ) ) GLOBAL_UNIT_ASSIGNED_CONTEXT ( ( #2714, #144, #488 ) ) REPRESENTATION_CONTEXT ( 'NONE', 'WORKASPACE' ) );
#2382 = CARTESIAN_POINT ( 'NONE',  ( 2.770931942746980070, 0.000000000000000000, -0.9309319427470109654 ) ) ;
#2383 = ORIENTED_EDGE ( 'NONE', *, *, #4155, .T. ) ;
#2384 =( NAMED_UNIT ( * ) SI_UNIT ( $, .STERADIAN. ) SOLID_ANGLE_UNIT ( ) );
#2385 = FACE_OUTER_BOUND ( 'NONE', #2326, .T. ) ;
#2386 = ORIENTED_EDGE ( 'NONE', *, *, #4017, .T. ) ;
#2387 = ORIENTED_EDGE ( 'NONE', *, *, #2880, .F. ) ;
#2388 = CARTESIAN_POINT ( 'NONE',  ( 2.770931942746980070, 0.2500000000000000000, -0.4350000000000290301 ) ) ;
#2389 = EDGE_CURVE ( 'NONE', #1789, #279, #2404, .T. ) ;
#2390 = FACE_OUTER_BOUND ( 'NONE', #354, .T. ) ;
#2391 = ORIENTED_EDGE ( 'NONE', *, *, #3727, .F. ) ;
#2392 =( NAMED_UNIT ( * ) SI_UNIT ( $, .STERADIAN. ) SOLID_ANGLE_UNIT ( ) );
#2393 = STYLED_ITEM ( 'NONE', ( #1020 ), #1210 ) ;
#2394 = DIRECTION ( 'NONE',  ( 0.000000000000000000, -1.000000000000000000, 0.000000000000000000 ) ) ;
#2395 = DIRECTION ( 'NONE',  ( 0.000000000000000000, 1.000000000000000000, 0.000000000000000000 ) ) ;
#2396 = MECHANICAL_DESIGN_GEOMETRIC_PRESENTATION_REPRESENTATION (  '', ( #2322 ), #558 ) ;
#2397 = EDGE_CURVE ( 'NONE', #826, #4917, #3671, .T. ) ;
#2398 = ORIENTED_EDGE ( 'NONE', *, *, #5396, .F. ) ;
#2399 = FACE_OUTER_BOUND ( 'NONE', #1671, .T. ) ;
#2400 = LINE ( 'NONE', #2782, #4114 ) ;
#2401 = ORIENTED_EDGE ( 'NONE', *, *, #1024, .F. ) ;
#2402 = EDGE_CURVE ( 'NONE', #1128, #4422, #1570, .T. ) ;
#2403 = DIRECTION ( 'NONE',  ( 0.000000000000000000, -1.000000000000000000, 0.000000000000000000 ) ) ;
#2404 = LINE ( 'NONE', #1983, #496 ) ;
#2405 = STYLED_ITEM ( 'NONE', ( #3021 ), #1110 ) ;
#2406 = FILL_AREA_STYLE_COLOUR ( '', #4446 ) ;
#2407 = VERTEX_POINT ( 'NONE', #3734 ) ;
#2408 = PLANE ( 'NONE',  #1580 ) ;
#2409 = EDGE_LOOP ( 'NONE', ( #2301, #2848, #5216, #2109 ) ) ;
#2410 = EDGE_CURVE ( 'NONE', #28, #1521, #4091, .T. ) ;
#2411 = CARTESIAN_POINT ( 'NONE',  ( -0.2449999999999999956, 0.05000000000000000278, 2.500000000000000000 ) ) ;
#2412 = SURFACE_SIDE_STYLE ('',( #1162 ) ) ;
#2413 = CARTESIAN_POINT ( 'NONE',  ( 2.876151621335850006, 0.9499999999999999556, 2.299999999999999822 ) ) ;
#2414 = ORIENTED_EDGE ( 'NONE', *, *, #1138, .F. ) ;
#2415 = ORIENTED_EDGE ( 'NONE', *, *, #3241, .T. ) ;
#2416 =( GEOMETRIC_REPRESENTATION_CONTEXT ( 3 ) GLOBAL_UNCERTAINTY_ASSIGNED_CONTEXT ( ( #1925 ) ) GLOBAL_UNIT_ASSIGNED_CONTEXT ( ( #1805, #941, #4315 ) ) REPRESENTATION_CONTEXT ( 'NONE', 'WORKASPACE' ) );
#2417 = LINE ( 'NONE', #320, #1331 ) ;
#2418 = STYLED_ITEM ( 'NONE', ( #4133 ), #2057 ) ;
#2419 = FACE_OUTER_BOUND ( 'NONE', #3407, .T. ) ;
#2420 = EDGE_LOOP ( 'NONE', ( #2444, #4925, #5083, #224 ) ) ;
#2421 = DIRECTION ( 'NONE',  ( 0.000000000000000000, 0.1045284632676536513, -0.9945218953682734009 ) ) ;
#2422 = VECTOR ( 'NONE', #3955, 1000.000000000000000 ) ;
#2423 = LINE ( 'NONE', #4241, #1606 ) ;
#2424 = CARTESIAN_POINT ( 'NONE',  ( -0.7449999999999999956, 0.2500000000000000000, -2.600000000000000089 ) ) ;
#2425 = ORIENTED_EDGE ( 'NONE', *, *, #3966, .T. ) ;
#2426 = LINE ( 'NONE', #1598, #1918 ) ;
#2427 = DIRECTION ( 'NONE',  ( -1.000000000000000000, 0.000000000000000000, 0.000000000000000000 ) ) ;
#2428 = VERTEX_POINT ( 'NONE', #1659 ) ;
#2429 = CARTESIAN_POINT ( 'NONE',  ( -2.369999999999974793, -1.084202172485504434E-16, -0.8350000000000251665 ) ) ;
#2430 = DIRECTION ( 'NONE',  ( 0.000000000000000000, -1.000000000000000000, 0.000000000000000000 ) ) ;
#2431 = EDGE_CURVE ( 'NONE', #162, #378, #1154, .T. ) ;
#2432 = EDGE_LOOP ( 'NONE', ( #620, #4727, #1811, #2354 ) ) ;
#2433 = CARTESIAN_POINT ( 'NONE',  ( -3.075000000000000178, 0.2500000000000000000, 0.4349999999999675238 ) ) ;
#2434 = VERTEX_POINT ( 'NONE', #1212 ) ;
#2435 = CARTESIAN_POINT ( 'NONE',  ( 2.870931942746980159, 0.000000000000000000, 2.100000000000000089 ) ) ;
#2436 = FACE_OUTER_BOUND ( 'NONE', #5179, .T. ) ;
#2437 = EDGE_CURVE ( 'NONE', #4510, #1193, #5254, .T. ) ;
#2438 = ADVANCED_FACE ( 'NONE', ( #2912 ), #3290, .T. ) ;
#2439 = LINE ( 'NONE', #4971, #1309 ) ;
#2440 = VERTEX_POINT ( 'NONE', #1272 ) ;
#2441 = ORIENTED_EDGE ( 'NONE', *, *, #2146, .T. ) ;
#2442 = CARTESIAN_POINT ( 'NONE',  ( 3.000000000000000000, 0.2500000000000000000, -2.100000000000000089 ) ) ;
#2443 = DIRECTION ( 'NONE',  ( 0.000000000000000000, 1.000000000000000000, 0.000000000000000000 ) ) ;
#2444 = ORIENTED_EDGE ( 'NONE', *, *, #3214, .F. ) ;
#2445 = PRESENTATION_STYLE_ASSIGNMENT (( #1559 ) ) ;
#2446 = STYLED_ITEM ( 'NONE', ( #1283 ), #771 ) ;
#2447 = CARTESIAN_POINT ( 'NONE',  ( 3.000000000000000000, 0.2500000000000000000, 1.704999999999999849 ) ) ;
#2448 = DIRECTION ( 'NONE',  ( 1.204669080539449344E-16, 0.000000000000000000, -1.000000000000000000 ) ) ;
#2449 = AXIS2_PLACEMENT_3D ( 'NONE', #4474, #1549, #695 ) ;
#2450 = VECTOR ( 'NONE', #1321, 1000.000000000000000 ) ;
#2451 = ORIENTED_EDGE ( 'NONE', *, *, #3207, .F. ) ;
#2452 = DIRECTION ( 'NONE',  ( 1.000000000000000000, 0.000000000000000000, 0.000000000000000000 ) ) ;
#2453 = DIRECTION ( 'NONE',  ( 0.000000000000000000, -1.000000000000000000, 0.000000000000000000 ) ) ;
#2454 = DIRECTION ( 'NONE',  ( -1.310076802900131811E-16, 0.000000000000000000, 1.000000000000000000 ) ) ;
#2455 = ORIENTED_EDGE ( 'NONE', *, *, #1357, .T. ) ;
#2456 = DIRECTION ( 'NONE',  ( -1.590282692950529943E-13, 0.000000000000000000, -1.000000000000000000 ) ) ;
#2457 = CARTESIAN_POINT ( 'NONE',  ( 3.000000000000000000, 0.2500000000000000000, 2.299999999999999822 ) ) ;
#2458 = DIRECTION ( 'NONE',  ( -1.000000000000000000, 0.000000000000000000, 0.000000000000000000 ) ) ;
#2459 = AXIS2_PLACEMENT_3D ( 'NONE', #3353, #2918, #850 ) ;
#2460 = ORIENTED_EDGE ( 'NONE', *, *, #598, .T. ) ;
#2461 = VECTOR ( 'NONE', #1362, 1000.000000000000000 ) ;
#2462 = CARTESIAN_POINT ( 'NONE',  ( 2.799999999999999822, 0.05000000000000000278, 2.500000000000000000 ) ) ;
#2463 = ADVANCED_FACE ( 'NONE', ( #2967 ), #842, .F. ) ;
#2464 = ORIENTED_EDGE ( 'NONE', *, *, #1059, .T. ) ;
#2465 = CARTESIAN_POINT ( 'NONE',  ( 2.774999999999999911, 0.000000000000000000, 2.200000000000000178 ) ) ;
#2466 = CARTESIAN_POINT ( 'NONE',  ( -0.7449999999999999956, 0.000000000000000000, -2.245931942746980159 ) ) ;
#2467 = CARTESIAN_POINT ( 'NONE',  ( -0.1490680572530186099, 0.05000000000000000278, -2.149999999999999911 ) ) ;
#2468 = DIRECTION ( 'NONE',  ( 1.097926250618142057E-14, 0.000000000000000000, 1.000000000000000000 ) ) ;
#2469 = CONICAL_SURFACE ( 'NONE', #106, 0.2000000000000000944, 0.1047197551196603349 ) ;
#2470 = DIRECTION ( 'NONE',  ( 1.000000000000000000, 0.000000000000000000, 2.168404344970659876E-14 ) ) ;
#2471 = VECTOR ( 'NONE', #1748, 1000.000000000000000 ) ;
#2472 = DIRECTION ( 'NONE',  ( 0.000000000000000000, 1.000000000000000000, 0.000000000000000000 ) ) ;
#2473 = VERTEX_POINT ( 'NONE', #3028 ) ;
#2474 = CARTESIAN_POINT ( 'NONE',  ( -0.2449999999999999956, 0.2500000000000000000, 2.500000000000000000 ) ) ;
#2475 = EDGE_CURVE ( 'NONE', #1449, #4080, #3724, .T. ) ;
#2476 = ORIENTED_EDGE ( 'NONE', *, *, #55, .T. ) ;
#2477 = COLOUR_RGB ( '',0.2509803921568627416, 0.2509803921568627416, 0.2509803921568627416 ) ;
#2478 = EDGE_CURVE ( 'NONE', #1712, #4863, #2982, .T. ) ;
#2479 = LINE ( 'NONE', #379, #5369 ) ;
#2480 = LINE ( 'NONE', #2082, #4124 ) ;
#2481 = ORIENTED_EDGE ( 'NONE', *, *, #4840, .F. ) ;
#2482 = ADVANCED_FACE ( 'NONE', ( #2510 ), #659, .F. ) ;
#2483 = CARTESIAN_POINT ( 'NONE',  ( -3.074999999999960210, 0.2500000000000000000, -1.705000000000029825 ) ) ;
#2484 = CARTESIAN_POINT ( 'NONE',  ( -3.074999999999960210, 0.2500000000000000000, -1.705000000000029825 ) ) ;
#2485 = FACE_OUTER_BOUND ( 'NONE', #764, .T. ) ;
#2486 = ORIENTED_EDGE ( 'NONE', *, *, #3245, .T. ) ;
#2487 = DIRECTION ( 'NONE',  ( 0.000000000000000000, 0.000000000000000000, 1.000000000000000000 ) ) ;
#2488 = AXIS2_PLACEMENT_3D ( 'NONE', #2100, #3034, #109 ) ;
#2489 = DIRECTION ( 'NONE',  ( 1.000000000000000000, 0.000000000000000000, 0.000000000000000000 ) ) ;
#2490 = LINE ( 'NONE', #4169, #4801 ) ;
#2491 = ORIENTED_EDGE ( 'NONE', *, *, #4400, .F. ) ;
#2492 = CARTESIAN_POINT ( 'NONE',  ( -3.075000000000000178, 0.000000000000000000, 0.4349999999999675238 ) ) ;
#2493 = LINE ( 'NONE', #2910, #1622 ) ;
#2494 = MECHANICAL_DESIGN_GEOMETRIC_PRESENTATION_REPRESENTATION (  '', ( #4503 ), #2693 ) ;
#2495 = VERTEX_POINT ( 'NONE', #1906 ) ;
#2496 = FILL_AREA_STYLE_COLOUR ( '', #1326 ) ;
#2497 = VERTEX_POINT ( 'NONE', #3182 ) ;
#2498 =( LENGTH_UNIT ( ) NAMED_UNIT ( * ) SI_UNIT ( .MILLI., .METRE. ) );
#2499 = DIRECTION ( 'NONE',  ( 0.000000000000000000, 1.000000000000000000, 0.000000000000000000 ) ) ;
#2500 = VECTOR ( 'NONE', #5265, 1000.000000000000000 ) ;
#2501 = SURFACE_STYLE_USAGE ( .BOTH. , #2412 ) ;
#2502 = ORIENTED_EDGE ( 'NONE', *, *, #4507, .F. ) ;
#2503 = CARTESIAN_POINT ( 'NONE',  ( 3.000000000000000000, 0.2500000000000000000, 2.299999999999999822 ) ) ;
#2504 = VERTEX_POINT ( 'NONE', #1450 ) ;
#2505 = ORIENTED_EDGE ( 'NONE', *, *, #4056, .T. ) ;
#2506 = EDGE_CURVE ( 'NONE', #980, #1868, #1518, .T. ) ;
#2507 = MECHANICAL_DESIGN_GEOMETRIC_PRESENTATION_REPRESENTATION (  '', ( #4880 ), #2416 ) ;
#2508 = CARTESIAN_POINT ( 'NONE',  ( 2.770931942746980070, 0.05000000000000000278, 1.609068057253034922 ) ) ;
#2509 = ORIENTED_EDGE ( 'NONE', *, *, #415, .F. ) ;
#2510 = FACE_OUTER_BOUND ( 'NONE', #4463, .T. ) ;
#2511 = CARTESIAN_POINT ( 'NONE',  ( -3.000000000000000000, 0.2500000000000000000, 2.299999999999999822 ) ) ;
#2512 = DIRECTION ( 'NONE',  ( 0.000000000000000000, -1.000000000000000000, 0.000000000000000000 ) ) ;
#2513 = EDGE_CURVE ( 'NONE', #3262, #865, #3983, .T. ) ;
#2514 = ORIENTED_EDGE ( 'NONE', *, *, #4921, .T. ) ;
#2515 = DIRECTION ( 'NONE',  ( -8.673617379884013384E-15, 0.000000000000000000, 1.000000000000000000 ) ) ;
#2516 = VECTOR ( 'NONE', #5150, 1000.000000000000000 ) ;
#2517 = SURFACE_STYLE_FILL_AREA ( #815 ) ;
#2518 = EDGE_LOOP ( 'NONE', ( #3031, #1156, #236, #3737 ) ) ;
#2519 = CARTESIAN_POINT ( 'NONE',  ( 2.300931942746980319, 0.05000000000000000278, 2.295931942746979981 ) ) ;
#2520 = CARTESIAN_POINT ( 'NONE',  ( 2.674999999999999822, 0.05000000000000000278, 1.609068057253034922 ) ) ;
#2521 = ORIENTED_EDGE ( 'NONE', *, *, #1769, .F. ) ;
#2522 = CARTESIAN_POINT ( 'NONE',  ( -3.075000000000000178, 0.000000000000000000, 1.704999999999970095 ) ) ;
#2523 = ORIENTED_EDGE ( 'NONE', *, *, #3218, .T. ) ;
#2524 = DIRECTION ( 'NONE',  ( -0.000000000000000000, 1.000000000000000000, -0.000000000000000000 ) ) ;
#2525 = DIRECTION ( 'NONE',  ( 0.000000000000000000, 0.000000000000000000, 1.000000000000000000 ) ) ;
#2526 = DIRECTION ( 'NONE',  ( 1.000000000000000000, 0.000000000000000000, 0.000000000000000000 ) ) ;
#2527 = VERTEX_POINT ( 'NONE', #137 ) ;
#2528 = DIRECTION ( 'NONE',  ( 0.000000000000000000, -1.000000000000000000, 0.000000000000000000 ) ) ;
#2529 = ORIENTED_EDGE ( 'NONE', *, *, #3759, .F. ) ;
#2530 = LINE ( 'NONE', #2950, #1920 ) ;
#2531 = EDGE_CURVE ( 'NONE', #3698, #4476, #2303, .T. ) ;
#2532 = CARTESIAN_POINT ( 'NONE',  ( 0.000000000000000000, 0.2500000000000000000, 0.000000000000000000 ) ) ;
#2533 = CARTESIAN_POINT ( 'NONE',  ( 2.799999999999999822, 0.9552264231633820213, -2.425877716104265058 ) ) ;
#2534 = ORIENTED_EDGE ( 'NONE', *, *, #2881, .F. ) ;
#2535 = EDGE_CURVE ( 'NONE', #4302, #3001, #357, .T. ) ;
#2536 = FILL_AREA_STYLE_COLOUR ( '', #4042 ) ;
#2537 = CARTESIAN_POINT ( 'NONE',  ( -0.8409319427469820196, 0.000000000000000000, -2.245931942746980159 ) ) ;
#2538 = VECTOR ( 'NONE', #388, 1000.000000000000000 ) ;
#2539 = DIRECTION ( 'NONE',  ( 0.9945218953682734009, 0.1045284632676536513, 0.000000000000000000 ) ) ;
#2540 = ORIENTED_EDGE ( 'NONE', *, *, #130, .F. ) ;
#2541 = LINE ( 'NONE', #3110, #4218 ) ;
#2542 = CARTESIAN_POINT ( 'NONE',  ( -3.074999999999960210, 0.2500000000000000000, -1.705000000000029825 ) ) ;
#2543 = CARTESIAN_POINT ( 'NONE',  ( -2.369999999999960583, 0.05000000000000000278, -1.875000000000025091 ) ) ;
#2544 = ORIENTED_EDGE ( 'NONE', *, *, #4894, .T. ) ;
#2545 = EDGE_CURVE ( 'NONE', #140, #1718, #1635, .T. ) ;
#2546 = DIRECTION ( 'NONE',  ( 0.000000000000000000, -1.000000000000000000, 0.000000000000000000 ) ) ;
#2547 = DIRECTION ( 'NONE',  ( 0.000000000000000000, 0.000000000000000000, -1.000000000000000000 ) ) ;
#2548 = EDGE_CURVE ( 'NONE', #2842, #2940, #240, .T. ) ;
#2549 = CIRCLE ( 'NONE', #3087, 0.09593194274698166324 ) ;
#2550 = VERTEX_POINT ( 'NONE', #3765 ) ;
#2551 = DIRECTION ( 'NONE',  ( 0.000000000000000000, 0.000000000000000000, 1.000000000000000000 ) ) ;
#2552 = FILL_AREA_STYLE ('',( #2496 ) ) ;
#2553 = ORIENTED_EDGE ( 'NONE', *, *, #3592, .T. ) ;
#2554 = DIRECTION ( 'NONE',  ( 0.000000000000000000, -1.000000000000000000, 0.000000000000000000 ) ) ;
#2555 = CARTESIAN_POINT ( 'NONE',  ( -3.000000000000000000, 0.2500000000000000000, 2.104999999999970228 ) ) ;
#2556 = VECTOR ( 'NONE', #2554, 1000.000000000000000 ) ;
#2557 =( GEOMETRIC_REPRESENTATION_CONTEXT ( 3 ) GLOBAL_UNCERTAINTY_ASSIGNED_CONTEXT ( ( #4362 ) ) GLOBAL_UNIT_ASSIGNED_CONTEXT ( ( #4811, #1021, #5250 ) ) REPRESENTATION_CONTEXT ( 'NONE', 'WORKASPACE' ) );
#2558 = EDGE_CURVE ( 'NONE', #1789, #1298, #4416, .T. ) ;
#2559 = LINE ( 'NONE', #422, #3916 ) ;
#2560 = STYLED_ITEM ( 'NONE', ( #207 ), #3973 ) ;
#2561 = EDGE_LOOP ( 'NONE', ( #5047, #4530, #1312, #1912 ) ) ;
#2562 = FACE_OUTER_BOUND ( 'NONE', #2432, .T. ) ;
#2563 = ORIENTED_EDGE ( 'NONE', *, *, #1336, .T. ) ;
#2564 = MECHANICAL_DESIGN_GEOMETRIC_PRESENTATION_REPRESENTATION (  '', ( #5290 ), #1505 ) ;
#2565 = PLANE ( 'NONE',  #4652 ) ;
#2566 = PLANE ( 'NONE',  #4334 ) ;
#2567 = AXIS2_PLACEMENT_3D ( 'NONE', #3168, #286, #1915 ) ;
#2568 = AXIS2_PLACEMENT_3D ( 'NONE', #3027, #1334, #1831 ) ;
#2569 = ORIENTED_EDGE ( 'NONE', *, *, #2315, .T. ) ;
#2570 = AXIS2_PLACEMENT_3D ( 'NONE', #1284, #925, #893 ) ;
#2571 = DIRECTION ( 'NONE',  ( -1.000000000000000000, 0.000000000000000000, -9.912705577010320619E-15 ) ) ;
#2572 = ORIENTED_EDGE ( 'NONE', *, *, #3572, .F. ) ;
#2573 = CARTESIAN_POINT ( 'NONE',  ( 3.075000000000000178, 0.2500000000000000000, 1.704999999999970095 ) ) ;
#2574 = SURFACE_STYLE_USAGE ( .BOTH. , #4602 ) ;
#2575 = EDGE_CURVE ( 'NONE', #4422, #755, #456, .T. ) ;
#2576 = ORIENTED_EDGE ( 'NONE', *, *, #676, .F. ) ;
#2577 = LINE ( 'NONE', #2676, #4560 ) ;
#2578 = PLANE ( 'NONE',  #4117 ) ;
#2579 = CARTESIAN_POINT ( 'NONE',  ( -2.375000000000000000, 0.05000000000000000278, 1.704999999999974980 ) ) ;
#2580 = ORIENTED_EDGE ( 'NONE', *, *, #4994, .T. ) ;
#2581 = DIRECTION ( 'NONE',  ( 1.000000000000000000, 0.000000000000000000, 1.084202172485470197E-14 ) ) ;
#2582 = CARTESIAN_POINT ( 'NONE',  ( -3.075000000000000178, 0.2500000000000000000, 1.704999999999970095 ) ) ;
#2583 = DIRECTION ( 'NONE',  ( 1.000000000000000000, -0.000000000000000000, 1.505836350674311741E-16 ) ) ;
#2584 = VERTEX_POINT ( 'NONE', #3414 ) ;
#2585 = ADVANCED_FACE ( 'NONE', ( #4208 ), #5448, .F. ) ;
#2586 = VECTOR ( 'NONE', #913, 1000.000000000000000 ) ;
#2587 = EDGE_CURVE ( 'NONE', #3077, #1008, #776, .T. ) ;
#2588 = PLANE ( 'NONE',  #3524 ) ;
#2589 = CARTESIAN_POINT ( 'NONE',  ( -2.876151621335850006, 1.000000000000000000, -2.299999999999999822 ) ) ;
#2590 = ORIENTED_EDGE ( 'NONE', *, *, #1071, .F. ) ;
#2591 = DIRECTION ( 'NONE',  ( 1.000000000000000000, 0.000000000000000000, 1.097926250618142057E-14 ) ) ;
#2592 = CARTESIAN_POINT ( 'NONE',  ( 2.770931942746990284, 0.2500000000000000000, 0.3390680572530349601 ) ) ;
#2593 = CARTESIAN_POINT ( 'NONE',  ( -2.369999999999988560, 0.05000000000000000278, 0.4349999999999749067 ) ) ;
#2594 = ORIENTED_EDGE ( 'NONE', *, *, #229, .T. ) ;
#2595 = EDGE_CURVE ( 'NONE', #2065, #4207, #54, .T. ) ;
#2596 = SURFACE_STYLE_FILL_AREA ( #400 ) ;
#2597 = ORIENTED_EDGE ( 'NONE', *, *, #5393, .T. ) ;
#2598 = CARTESIAN_POINT ( 'NONE',  ( -3.075000000000000178, 0.2500000000000000000, 0.8349999999999679900 ) ) ;
#2599 = DIRECTION ( 'NONE',  ( 0.000000000000000000, -1.000000000000000000, 0.000000000000000000 ) ) ;
#2600 = CARTESIAN_POINT ( 'NONE',  ( 2.674999999999999822, 0.000000000000000000, 1.609068057253034922 ) ) ;
#2601 = VECTOR ( 'NONE', #810, 1000.000000000000000 ) ;
#2602 = DIRECTION ( 'NONE',  ( 0.000000000000000000, -1.000000000000000000, 0.000000000000000000 ) ) ;
#2603 = ORIENTED_EDGE ( 'NONE', *, *, #3927, .T. ) ;
#2604 = DIRECTION ( 'NONE',  ( 0.000000000000000000, 0.000000000000000000, -1.000000000000000000 ) ) ;
#2605 = DIRECTION ( 'NONE',  ( 0.000000000000000000, 0.000000000000000000, -1.000000000000000000 ) ) ;
#2606 = ORIENTED_EDGE ( 'NONE', *, *, #4022, .T. ) ;
#2607 = LINE ( 'NONE', #900, #3975 ) ;
#2608 = LINE ( 'NONE', #4279, #4245 ) ;
#2609 = AXIS2_PLACEMENT_3D ( 'NONE', #552, #958, #2202 ) ;
#2610 = VERTEX_POINT ( 'NONE', #1311 ) ;
#2611 = DIRECTION ( 'NONE',  ( 0.000000000000000000, 0.000000000000000000, -1.000000000000000000 ) ) ;
#2612 = ORIENTED_EDGE ( 'NONE', *, *, #1187, .F. ) ;
#2613 = SURFACE_STYLE_USAGE ( .BOTH. , #5175 ) ;
#2614 = LINE ( 'NONE', #103, #5406 ) ;
#2615 = LINE ( 'NONE', #2189, #2516 ) ;
#2616 = ORIENTED_EDGE ( 'NONE', *, *, #4256, .F. ) ;
#2617 = AXIS2_PLACEMENT_3D ( 'NONE', #104, #5204, #616 ) ;
#2618 = DIRECTION ( 'NONE',  ( -1.000000000000000000, 0.000000000000000000, -0.000000000000000000 ) ) ;
#2619 = PLANE ( 'NONE',  #1790 ) ;
#2620 = ORIENTED_EDGE ( 'NONE', *, *, #2410, .F. ) ;
#2621 = CARTESIAN_POINT ( 'NONE',  ( 3.075000000000000178, 0.2500000000000000000, 1.704999999999970095 ) ) ;
#2622 = LINE ( 'NONE', #2734, #430 ) ;
#2623 = ADVANCED_FACE ( 'NONE', ( #4556 ), #3299, .T. ) ;
#2624 = AXIS2_PLACEMENT_3D ( 'NONE', #17, #504, #5052 ) ;
#2625 = CARTESIAN_POINT ( 'NONE',  ( 2.799999999999999822, 1.000000000000000000, -2.376151621335850006 ) ) ;
#2626 = ORIENTED_EDGE ( 'NONE', *, *, #1526, .F. ) ;
#2627 = CARTESIAN_POINT ( 'NONE',  ( -3.000000000000000000, 0.2500000000000000000, -0.4350000000000249778 ) ) ;
#2628 = VERTEX_POINT ( 'NONE', #4619 ) ;
#2629 = DIRECTION ( 'NONE',  ( 0.000000000000000000, 0.000000000000000000, -1.000000000000000000 ) ) ;
#2630 = CARTESIAN_POINT ( 'NONE',  ( -0.7449999999999999956, 0.2500000000000000000, -2.600000000000000089 ) ) ;
#2631 = DIRECTION ( 'NONE',  ( 0.000000000000000000, 0.000000000000000000, 1.000000000000000000 ) ) ;
#2632 = CARTESIAN_POINT ( 'NONE',  ( -0.7449999999999999956, 0.2500000000000000000, 2.600000000000000089 ) ) ;
#2633 = ORIENTED_EDGE ( 'NONE', *, *, #1111, .F. ) ;
#2634 = SURFACE_STYLE_FILL_AREA ( #1013 ) ;
#2635 = LINE ( 'NONE', #153, #188 ) ;
#2636 = DIRECTION ( 'NONE',  ( 0.000000000000000000, -1.000000000000000000, 0.000000000000000000 ) ) ;
#2637 = FACE_OUTER_BOUND ( 'NONE', #3709, .T. ) ;
#2638 = EDGE_LOOP ( 'NONE', ( #575, #777, #1775, #3405, #619, #2271, #438, #3936, #138, #3931, #5050, #3771, #1528, #668, #3802, #1857, #171, #3260, #5077, #1759, #548, #4167, #4837, #4812, #206, #4750, #1304, #2688, #5424, #1270, #1235, #2590, #2955, #38, #2060, #702, #503, #5377, #2861, #1980, #2616, #145, #2491, #2509, #3826, #4136, #471, #261, #4900, #298, #1999, #744 ) ) ;
#2639 = CARTESIAN_POINT ( 'NONE',  ( -2.799999999999999822, 0.05000000000000000278, 2.100000000000000089 ) ) ;
#2640 = CARTESIAN_POINT ( 'NONE',  ( 3.075000000000000178, 0.2500000000000000000, -0.8350000000000329381 ) ) ;
#2641 = VERTEX_POINT ( 'NONE', #2110 ) ;
#2642 = CARTESIAN_POINT ( 'NONE',  ( 3.075000000000000178, 0.2500000000000000000, -2.100000000000000089 ) ) ;
#2643 = DIRECTION ( 'NONE',  ( 0.000000000000000000, 0.000000000000000000, -1.000000000000000000 ) ) ;
#2644 = CARTESIAN_POINT ( 'NONE',  ( 3.000000000000000000, 0.2500000000000000000, -0.8350000000000320499 ) ) ;
#2645 = ORIENTED_EDGE ( 'NONE', *, *, #2345, .T. ) ;
#2646 = AXIS2_PLACEMENT_3D ( 'NONE', #5209, #5184, #1372 ) ;
#2647 = EDGE_CURVE ( 'NONE', #1266, #539, #1281, .T. ) ;
#2648 = LINE ( 'NONE', #1003, #1746 ) ;
#2649 = DIRECTION ( 'NONE',  ( 1.000000000000000000, 0.000000000000000000, -1.069696878666206068E-14 ) ) ;
#2650 = EDGE_LOOP ( 'NONE', ( #1721, #3680, #3642, #4458 ) ) ;
#2651 = SURFACE_SIDE_STYLE ('',( #948 ) ) ;
#2652 = CARTESIAN_POINT ( 'NONE',  ( -3.075000000000000178, 0.000000000000000000, 2.104999999999970228 ) ) ;
#2653 = COLOUR_RGB ( '',0.7921568627450980005, 0.8196078431372548767, 0.9333333333333333481 ) ;
#2654 = DIRECTION ( 'NONE',  ( 0.000000000000000000, -1.000000000000000000, 0.000000000000000000 ) ) ;
#2655 = ADVANCED_FACE ( 'NONE', ( #2562 ), #5063, .F. ) ;
#2656 = AXIS2_PLACEMENT_3D ( 'NONE', #439, #1741, #1828 ) ;
#2657 = VECTOR ( 'NONE', #3422, 1000.000000000000000 ) ;
#2658 = CARTESIAN_POINT ( 'NONE',  ( -2.925877716104265058, 0.9552264231633820213, -2.299999999999999822 ) ) ;
#2659 = ORIENTED_EDGE ( 'NONE', *, *, #5439, .T. ) ;
#2660 = DIRECTION ( 'NONE',  ( 0.000000000000000000, -1.000000000000000000, 0.000000000000000000 ) ) ;
#2661 = CARTESIAN_POINT ( 'NONE',  ( 2.205000000000000071, 0.000000000000000000, 2.600000000000000089 ) ) ;
#2662 =( GEOMETRIC_REPRESENTATION_CONTEXT ( 3 ) GLOBAL_UNCERTAINTY_ASSIGNED_CONTEXT ( ( #124 ) ) GLOBAL_UNIT_ASSIGNED_CONTEXT ( ( #3102, #2341, #177 ) ) REPRESENTATION_CONTEXT ( 'NONE', 'WORKASPACE' ) );
#2663 = PRESENTATION_LAYER_ASSIGNMENT (  '', '', ( #618 ) ) ;
#2664 = FACE_OUTER_BOUND ( 'NONE', #247, .T. ) ;
#2665 = EDGE_CURVE ( 'NONE', #159, #1347, #1335, .T. ) ;
#2666 = CARTESIAN_POINT ( 'NONE',  ( -2.799999999999999822, 0.05000000000000000278, 2.299999999999999822 ) ) ;
#2667 = AXIS2_PLACEMENT_3D ( 'NONE', #4833, #1046, #2752 ) ;
#2668 = ADVANCED_FACE ( 'NONE', ( #2079 ), #1256, .F. ) ;
#2669 = AXIS2_PLACEMENT_3D ( 'NONE', #3962, #2256, #5210 ) ;
#2670 = DIRECTION ( 'NONE',  ( 1.000000000000000000, 0.000000000000000000, 0.000000000000000000 ) ) ;
#2671 = CARTESIAN_POINT ( 'NONE',  ( -2.799999999999999822, 0.05000000000000000278, 2.149999999999999911 ) ) ;
#2672 = UNCERTAINTY_MEASURE_WITH_UNIT (LENGTH_MEASURE( 1.000000000000000082E-05 ), #3274, 'distance_accuracy_value', 'NONE');
#2673 = VECTOR ( 'NONE', #4404, 1000.000000000000000 ) ;
#2674 = ADVANCED_FACE ( 'NONE', ( #855 ), #3825, .T. ) ;
#2675 = ORIENTED_EDGE ( 'NONE', *, *, #2696, .T. ) ;
#2676 = CARTESIAN_POINT ( 'NONE',  ( -3.000000000000000000, 0.2500000000000000000, 2.299999999999999822 ) ) ;
#2677 = FACE_OUTER_BOUND ( 'NONE', #2890, .T. ) ;
#2678 = AXIS2_PLACEMENT_3D ( 'NONE', #1611, #2892, #3685 ) ;
#2679 = ORIENTED_EDGE ( 'NONE', *, *, #3303, .T. ) ;
#2680 = CARTESIAN_POINT ( 'NONE',  ( 2.205000000000000071, 0.05000000000000000278, -2.295931942746979981 ) ) ;
#2681 = CARTESIAN_POINT ( 'NONE',  ( -0.9250000000000000444, 0.000000000000000000, 0.3249999999999999001 ) ) ;
#2682 = ORIENTED_EDGE ( 'NONE', *, *, #3653, .F. ) ;
#2683 = CARTESIAN_POINT ( 'NONE',  ( -3.000000000000000000, 0.04999999999999999584, -0.4350000000000313061 ) ) ;
#2684 = ORIENTED_EDGE ( 'NONE', *, *, #3865, .F. ) ;
#2685 =( NAMED_UNIT ( * ) SI_UNIT ( $, .STERADIAN. ) SOLID_ANGLE_UNIT ( ) );
#2686 = CARTESIAN_POINT ( 'NONE',  ( -3.000000000000000000, 0.05000000000000000278, 2.299999999999999822 ) ) ;
#2687 = DIRECTION ( 'NONE',  ( 0.000000000000000000, 0.000000000000000000, -1.000000000000000000 ) ) ;
#2688 = ORIENTED_EDGE ( 'NONE', *, *, #509, .F. ) ;
#2689 = CARTESIAN_POINT ( 'NONE',  ( -0.8720588235294119972, 0.2500000000000000000, -1.672038460333465038 ) ) ;
#2690 = CARTESIAN_POINT ( 'NONE',  ( -0.7449999999999999956, 0.2500000000000000000, -2.600000000000000089 ) ) ;
#2691 = CARTESIAN_POINT ( 'NONE',  ( 2.876151621335850006, 0.9499999999999999556, -2.299999999999999822 ) ) ;
#2692 =( NAMED_UNIT ( * ) SI_UNIT ( $, .STERADIAN. ) SOLID_ANGLE_UNIT ( ) );
#2693 =( GEOMETRIC_REPRESENTATION_CONTEXT ( 3 ) GLOBAL_UNCERTAINTY_ASSIGNED_CONTEXT ( ( #4856 ) ) GLOBAL_UNIT_ASSIGNED_CONTEXT ( ( #2825, #1178, #735 ) ) REPRESENTATION_CONTEXT ( 'NONE', 'WORKASPACE' ) );
#2694 = LINE ( 'NONE', #2208, #273 ) ;
#2695 = COLOUR_RGB ( '',0.2509803921568627416, 0.2509803921568627416, 0.2509803921568627416 ) ;
#2696 = EDGE_CURVE ( 'NONE', #2922, #1745, #3887, .T. ) ;
#2697 = SURFACE_STYLE_FILL_AREA ( #1799 ) ;
#2698 = EDGE_LOOP ( 'NONE', ( #3190, #1550, #164, #4847 ) ) ;
#2699 = CARTESIAN_POINT ( 'NONE',  ( -2.799999999999999822, 0.05000000000000000278, 2.500000000000000000 ) ) ;
#2700 = ORIENTED_EDGE ( 'NONE', *, *, #4274, .F. ) ;
#2701 = LINE ( 'NONE', #476, #1056 ) ;
#2702 = CARTESIAN_POINT ( 'NONE',  ( -3.075000000000000178, 0.2500000000000000000, 2.104999999999970228 ) ) ;
#2703 = ADVANCED_FACE ( 'NONE', ( #984 ), #3482, .T. ) ;
#2704 = PRODUCT_RELATED_PRODUCT_CATEGORY ( 'part', '', ( #1252 ) ) ;
#2705 = CARTESIAN_POINT ( 'NONE',  ( 1.704999999999999849, 0.2500000000000000000, 2.600000000000000089 ) ) ;
#2706 = PLANE ( 'NONE',  #91 ) ;
#2707 = ORIENTED_EDGE ( 'NONE', *, *, #2822, .F. ) ;
#2708 = FILL_AREA_STYLE ('',( #139 ) ) ;
#2709 = AXIS2_PLACEMENT_3D ( 'NONE', #2413, #1392, #1832 ) ;
#2710 = CARTESIAN_POINT ( 'NONE',  ( 1.699999999999999956, 0.9000000000000000222, 0.000000000000000000 ) ) ;
#2711 = ORIENTED_EDGE ( 'NONE', *, *, #2756, .F. ) ;
#2712 =( LENGTH_UNIT ( ) NAMED_UNIT ( * ) SI_UNIT ( .MILLI., .METRE. ) );
#2713 = DIRECTION ( 'NONE',  ( 0.000000000000000000, -1.000000000000000000, 0.000000000000000000 ) ) ;
#2714 =( LENGTH_UNIT ( ) NAMED_UNIT ( * ) SI_UNIT ( .MILLI., .METRE. ) );
#2715 = ORIENTED_EDGE ( 'NONE', *, *, #3387, .F. ) ;
#2716 = VECTOR ( 'NONE', #1601, 1000.000000000000000 ) ;
#2717 = CARTESIAN_POINT ( 'NONE',  ( -2.370000000000000107, 0.05000000000000002359, 1.704999999999974980 ) ) ;
#2718 = DIRECTION ( 'NONE',  ( 1.000000000000000000, 0.000000000000000000, 1.069696878666206068E-14 ) ) ;
#2719 = EDGE_CURVE ( 'NONE', #1347, #809, #1007, .T. ) ;
#2720 = DIRECTION ( 'NONE',  ( 0.000000000000000000, 0.000000000000000000, -1.000000000000000000 ) ) ;
#2721 = LINE ( 'NONE', #4895, #5127 ) ;
#2722 = UNCERTAINTY_MEASURE_WITH_UNIT (LENGTH_MEASURE( 1.000000000000000082E-05 ), #3839, 'distance_accuracy_value', 'NONE');
#2723 = UNCERTAINTY_MEASURE_WITH_UNIT (LENGTH_MEASURE( 1.000000000000000082E-05 ), #2836, 'distance_accuracy_value', 'NONE');
#2724 = EDGE_CURVE ( 'NONE', #2070, #1404, #518, .T. ) ;
#2725 = ORIENTED_EDGE ( 'NONE', *, *, #2558, .F. ) ;
#2726 = PRODUCT_CONTEXT ( 'NONE', #4147, 'mechanical' ) ;
#2727 =( NAMED_UNIT ( * ) SI_UNIT ( $, .STERADIAN. ) SOLID_ANGLE_UNIT ( ) );
#2728 = CARTESIAN_POINT ( 'NONE',  ( -2.799999999999999822, 0.9552264231633820213, 2.425877716104265058 ) ) ;
#2729 = EDGE_CURVE ( 'NONE', #5334, #3698, #115, .T. ) ;
#2730 = DIRECTION ( 'NONE',  ( 0.000000000000000000, 0.000000000000000000, 1.000000000000000000 ) ) ;
#2731 = FILL_AREA_STYLE_COLOUR ( '', #3987 ) ;
#2732 = EDGE_LOOP ( 'NONE', ( #566, #3155, #1345, #3636 ) ) ;
#2733 = EDGE_CURVE ( 'NONE', #3807, #2949, #952, .T. ) ;
#2734 = CARTESIAN_POINT ( 'NONE',  ( 2.870931942746980159, 0.2500000000000000000, 2.100000000000000089 ) ) ;
#2735 = AXIS2_PLACEMENT_3D ( 'NONE', #1934, #3625, #1052 ) ;
#2736 = STYLED_ITEM ( 'NONE', ( #3521 ), #3506 ) ;
#2737 = CARTESIAN_POINT ( 'NONE',  ( 2.770931942746980070, 0.2500000000000000000, -0.8350000000000289413 ) ) ;
#2738 = VERTEX_POINT ( 'NONE', #2627 ) ;
#2739 = EDGE_CURVE ( 'NONE', #1652, #159, #3068, .T. ) ;
#2740 = AXIS2_PLACEMENT_3D ( 'NONE', #642, #4459, #679 ) ;
#2741 = LINE ( 'NONE', #4010, #3458 ) ;
#2742 = ORIENTED_EDGE ( 'NONE', *, *, #4996, .T. ) ;
#2743 = PRESENTATION_LAYER_ASSIGNMENT (  '', '', ( #4397 ) ) ;
#2744 = SURFACE_STYLE_USAGE ( .BOTH. , #5220 ) ;
#2745 = AXIS2_PLACEMENT_3D ( 'NONE', #2508, #2443, #3770 ) ;
#2746 = CARTESIAN_POINT ( 'NONE',  ( 1.609068057253020045, 0.2500000000000000000, -2.245931942746980159 ) ) ;
#2747 = DIRECTION ( 'NONE',  ( 0.000000000000000000, 0.000000000000000000, -1.000000000000000000 ) ) ;
#2748 = AXIS2_PLACEMENT_3D ( 'NONE', #2123, #1802, #5110 ) ;
#2749 = AXIS2_PLACEMENT_3D ( 'NONE', #4990, #4198, #1271 ) ;
#2750 = SURFACE_STYLE_USAGE ( .BOTH. , #1515 ) ;
#2751 = ORIENTED_EDGE ( 'NONE', *, *, #448, .F. ) ;
#2752 = DIRECTION ( 'NONE',  ( 1.000000000000000000, 0.000000000000000000, 0.000000000000000000 ) ) ;
#2753 = COLOUR_RGB ( '',0.2509803921568627416, 0.2509803921568627416, 0.2509803921568627416 ) ;
#2754 = CIRCLE ( 'NONE', #626, 0.5999999999999999778 ) ;
#2755 = AXIS2_PLACEMENT_3D ( 'NONE', #3181, #2347, #212 ) ;
#2756 = EDGE_CURVE ( 'NONE', #3014, #2527, #2169, .T. ) ;
#2757 = DIRECTION ( 'NONE',  ( 0.000000000000000000, 0.000000000000000000, -1.000000000000000000 ) ) ;
#2758 = AXIS2_PLACEMENT_3D ( 'NONE', #1087, #1018, #232 ) ;
#2759 = EDGE_LOOP ( 'NONE', ( #3529, #628, #3347, #2827 ) ) ;
#2760 = CARTESIAN_POINT ( 'NONE',  ( 2.770931942746990284, 0.05000000000000000278, 0.3390680572530349601 ) ) ;
#2761 = ORIENTED_EDGE ( 'NONE', *, *, #4809, .T. ) ;
#2762 = SURFACE_SIDE_STYLE ('',( #544 ) ) ;
#2763 = CARTESIAN_POINT ( 'NONE',  ( -0.9250000000000000444, 0.000000000000000000, -2.054068057253019663 ) ) ;
#2764 = AXIS2_PLACEMENT_3D ( 'NONE', #5443, #4642, #5034 ) ;
#2765 = EDGE_CURVE ( 'NONE', #3446, #4764, #1873, .T. ) ;
#2766 = CARTESIAN_POINT ( 'NONE',  ( 2.205000000000000071, 0.05000000000000000278, 2.295931942746979981 ) ) ;
#2767 = ADVANCED_FACE ( 'NONE', ( #1436 ), #1865, .T. ) ;
#2768 = DIRECTION ( 'NONE',  ( 1.000000000000000000, 0.000000000000000000, 1.053224967557346083E-14 ) ) ;
#2769 = ORIENTED_EDGE ( 'NONE', *, *, #1739, .F. ) ;
#2770 = FACE_OUTER_BOUND ( 'NONE', #303, .T. ) ;
#2771 = EDGE_CURVE ( 'NONE', #4510, #3660, #3091, .T. ) ;
#2772 = CARTESIAN_POINT ( 'NONE',  ( 2.799999999999999822, 0.2500000000000000000, 2.500000000000000000 ) ) ;
#2773 = EDGE_CURVE ( 'NONE', #1134, #4342, #2283, .T. ) ;
#2774 = STYLED_ITEM ( 'NONE', ( #2225 ), #1313 ) ;
#2775 = CYLINDRICAL_SURFACE ( 'NONE', #1428, 0.1700000000000000122 ) ;
#2776 = UNCERTAINTY_MEASURE_WITH_UNIT (LENGTH_MEASURE( 1.000000000000000082E-05 ), #245, 'distance_accuracy_value', 'NONE');
#2777 = SURFACE_STYLE_FILL_AREA ( #5226 ) ;
#2778 = ORIENTED_EDGE ( 'NONE', *, *, #4681, .F. ) ;
#2779 = SURFACE_SIDE_STYLE ('',( #4047 ) ) ;
#2780 = CARTESIAN_POINT ( 'NONE',  ( -3.000000000000000000, 0.2500000000000000000, 2.299999999999999822 ) ) ;
#2781 = ORIENTED_EDGE ( 'NONE', *, *, #386, .T. ) ;
#2782 = CARTESIAN_POINT ( 'NONE',  ( 3.000000000000000000, 0.2500000000000000000, -2.299999999999999822 ) ) ;
#2783 = VERTEX_POINT ( 'NONE', #1346 ) ;
#2784 = CARTESIAN_POINT ( 'NONE',  ( -3.000000000000000000, 0.2500000000000000000, -2.299999999999999822 ) ) ;
#2785 = VECTOR ( 'NONE', #5191, 1000.000000000000000 ) ;
#2786 = CARTESIAN_POINT ( 'NONE',  ( -3.075000000000000178, 0.000000000000000000, -0.8350000000000329381 ) ) ;
#2787 = EDGE_CURVE ( 'NONE', #2981, #4476, #1459, .T. ) ;
#2788 = ORIENTED_EDGE ( 'NONE', *, *, #731, .F. ) ;
#2789 = FACE_OUTER_BOUND ( 'NONE', #1150, .T. ) ;
#2790 = FACE_OUTER_BOUND ( 'NONE', #1328, .T. ) ;
#2791 = AXIS2_PLACEMENT_3D ( 'NONE', #529, #1452, #1025 ) ;
#2792 = ORIENTED_EDGE ( 'NONE', *, *, #3906, .T. ) ;
#2793 = EDGE_CURVE ( 'NONE', #4998, #4073, #4466, .T. ) ;
#2794 = CARTESIAN_POINT ( 'NONE',  ( -2.799999999999999822, 0.9552264231633820213, -2.425877716104265058 ) ) ;
#2795 = PRESENTATION_STYLE_ASSIGNMENT (( #2750 ) ) ;
#2796 = ORIENTED_EDGE ( 'NONE', *, *, #3674, .F. ) ;
#2797 =( NAMED_UNIT ( * ) PLANE_ANGLE_UNIT ( ) SI_UNIT ( $, .RADIAN. ) );
#2798 = DIRECTION ( 'NONE',  ( 0.000000000000000000, -1.000000000000000000, 0.000000000000000000 ) ) ;
#2799 = ORIENTED_EDGE ( 'NONE', *, *, #5140, .F. ) ;
#2800 = DIRECTION ( 'NONE',  ( 0.000000000000000000, 1.000000000000000000, 0.000000000000000000 ) ) ;
#2801 = PLANE ( 'NONE',  #3569 ) ;
#2802 = ORIENTED_EDGE ( 'NONE', *, *, #4471, .F. ) ;
#2803 = LINE ( 'NONE', #5305, #1230 ) ;
#2804 = CARTESIAN_POINT ( 'NONE',  ( -3.075000000000000178, 0.2500000000000000000, -0.4350000000000319722 ) ) ;
#2805 = VERTEX_POINT ( 'NONE', #1527 ) ;
#2806 = VECTOR ( 'NONE', #5303, 1000.000000000000000 ) ;
#2807 = EDGE_CURVE ( 'NONE', #1590, #721, #2353, .T. ) ;
#2808 = VERTEX_POINT ( 'NONE', #1985 ) ;
#2809 = COLOUR_RGB ( '',0.2509803921568627416, 0.2509803921568627416, 0.2509803921568627416 ) ;
#2810 = VERTEX_POINT ( 'NONE', #4447 ) ;
#2811 = DIRECTION ( 'NONE',  ( -1.000000000000000000, 0.000000000000000000, 3.062129300499790370E-16 ) ) ;
#2812 = VECTOR ( 'NONE', #2798, 1000.000000000000000 ) ;
#2813 = ADVANCED_FACE ( 'NONE', ( #1507 ), #2408, .T. ) ;
#2814 = EDGE_CURVE ( 'NONE', #4985, #2497, #246, .T. ) ;
#2815 = MECHANICAL_DESIGN_GEOMETRIC_PRESENTATION_REPRESENTATION (  '', ( #1218 ), #3967 ) ;
#2816 = LINE ( 'NONE', #5041, #770 ) ;
#2817 = ORIENTED_EDGE ( 'NONE', *, *, #1143, .F. ) ;
#2818 = SURFACE_SIDE_STYLE ('',( #1114 ) ) ;
#2819 = VECTOR ( 'NONE', #2499, 1000.000000000000000 ) ;
#2820 = CARTESIAN_POINT ( 'NONE',  ( 3.000000000000000000, 0.2500000000000000000, 0.4349999999999829559 ) ) ;
#2821 = PLANE ( 'NONE',  #3773 ) ;
#2822 = EDGE_CURVE ( 'NONE', #2641, #4510, #1079, .T. ) ;
#2823 = ORIENTED_EDGE ( 'NONE', *, *, #205, .F. ) ;
#2824 = CARTESIAN_POINT ( 'NONE',  ( -0.9250000000000000444, 0.05000000000000000278, 2.299999999999999822 ) ) ;
#2825 =( LENGTH_UNIT ( ) NAMED_UNIT ( * ) SI_UNIT ( .MILLI., .METRE. ) );
#2826 = COLOUR_RGB ( '',0.2509803921568627416, 0.2509803921568627416, 0.2509803921568627416 ) ;
#2827 = ORIENTED_EDGE ( 'NONE', *, *, #4264, .F. ) ;
#2828 = CARTESIAN_POINT ( 'NONE',  ( 3.075000000000000178, 0.2500000000000000000, 1.704999999999970095 ) ) ;
#2829 = AXIS2_PLACEMENT_3D ( 'NONE', #2200, #2660, #2233 ) ;
#2830 = VECTOR ( 'NONE', #1788, 1000.000000000000000 ) ;
#2831 = CARTESIAN_POINT ( 'NONE',  ( 1.699999999999999956, 0.9000000000000000222, 0.000000000000000000 ) ) ;
#2832 = ORIENTED_EDGE ( 'NONE', *, *, #169, .F. ) ;
#2833 = CARTESIAN_POINT ( 'NONE',  ( 2.799999999999999822, 0.9499999999999999556, 2.376151621335850006 ) ) ;
#2834 = VECTOR ( 'NONE', #4552, 1000.000000000000000 ) ;
#2835 = LINE ( 'NONE', #371, #4489 ) ;
#2836 =( LENGTH_UNIT ( ) NAMED_UNIT ( * ) SI_UNIT ( .MILLI., .METRE. ) );
#2837 = EDGE_LOOP ( 'NONE', ( #966, #2045, #5333, #2306 ) ) ;
#2838 = ORIENTED_EDGE ( 'NONE', *, *, #1142, .T. ) ;
#2839 = CARTESIAN_POINT ( 'NONE',  ( 2.870931942746980159, 0.05000000000000000278, 2.195931942746985222 ) ) ;
#2840 = VECTOR ( 'NONE', #4633, 1000.000000000000000 ) ;
#2841 = DIRECTION ( 'NONE',  ( 0.000000000000000000, 1.000000000000000000, 0.000000000000000000 ) ) ;
#2842 = VERTEX_POINT ( 'NONE', #3215 ) ;
#2843 = EDGE_CURVE ( 'NONE', #5068, #1709, #3586, .T. ) ;
#2844 = DIRECTION ( 'NONE',  ( 0.000000000000000000, 0.000000000000000000, 1.000000000000000000 ) ) ;
#2845 = DIRECTION ( 'NONE',  ( 0.000000000000000000, 0.000000000000000000, -1.000000000000000000 ) ) ;
#2846 = EDGE_LOOP ( 'NONE', ( #4107, #3762, #4979, #4820 ) ) ;
#2847 = CARTESIAN_POINT ( 'NONE',  ( 2.870931942746980159, 0.000000000000000000, -2.100000000000000089 ) ) ;
#2848 = ORIENTED_EDGE ( 'NONE', *, *, #3750, .T. ) ;
#2849 = DIRECTION ( 'NONE',  ( 0.000000000000000000, 0.000000000000000000, -1.000000000000000000 ) ) ;
#2850 = EDGE_CURVE ( 'NONE', #2610, #2810, #3988, .T. ) ;
#2851 = LINE ( 'NONE', #5025, #4005 ) ;
#2852 = VECTOR ( 'NONE', #1290, 1000.000000000000000 ) ;
#2853 = EDGE_CURVE ( 'NONE', #1521, #1036, #690, .T. ) ;
#2854 = ORIENTED_EDGE ( 'NONE', *, *, #2106, .T. ) ;
#2855 = DIRECTION ( 'NONE',  ( 0.000000000000000000, 0.000000000000000000, 1.000000000000000000 ) ) ;
#2856 = ORIENTED_EDGE ( 'NONE', *, *, #594, .F. ) ;
#2857 =( NAMED_UNIT ( * ) PLANE_ANGLE_UNIT ( ) SI_UNIT ( $, .RADIAN. ) );
#2858 = FACE_OUTER_BOUND ( 'NONE', #1165, .T. ) ;
#2859 = DIRECTION ( 'NONE',  ( 0.1045284632676536513, -0.9945218953682734009, 0.000000000000000000 ) ) ;
#2860 = ORIENTED_EDGE ( 'NONE', *, *, #1595, .F. ) ;
#2861 = ORIENTED_EDGE ( 'NONE', *, *, #4155, .F. ) ;
#2862 = VECTOR ( 'NONE', #2583, 1000.000000000000000 ) ;
#2863 = PLANE ( 'NONE',  #784 ) ;
#2864 = EDGE_CURVE ( 'NONE', #5255, #5298, #4908, .T. ) ;
#2865 = LINE ( 'NONE', #750, #4559 ) ;
#2866 = EDGE_LOOP ( 'NONE', ( #4265, #5192, #4665, #489, #5015, #2415, #2182, #3396 ) ) ;
#2867 = CARTESIAN_POINT ( 'NONE',  ( -2.799999999999999822, 0.2500000000000000000, -2.299999999999999822 ) ) ;
#2868 = AXIS2_PLACEMENT_3D ( 'NONE', #2097, #394, #3784 ) ;
#2869 = SURFACE_SIDE_STYLE ('',( #2001 ) ) ;
#2870 = CARTESIAN_POINT ( 'NONE',  ( -0.1490680572530187764, 0.05000000000000000278, 2.149999999999999911 ) ) ;
#2871 = CARTESIAN_POINT ( 'NONE',  ( 2.870931942746980159, 0.2500000000000000000, -2.195931942746985222 ) ) ;
#2872 = ADVANCED_FACE ( 'NONE', ( #1961 ), #648, .F. ) ;
#2873 = ORIENTED_EDGE ( 'NONE', *, *, #655, .T. ) ;
#2874 = CYLINDRICAL_SURFACE ( 'NONE', #1481, 0.09593194274698166324 ) ;
#2875 = CARTESIAN_POINT ( 'NONE',  ( -0.9249999999999997113, 0.000000000000000000, -0.3250000000000001776 ) ) ;
#2876 = ORIENTED_EDGE ( 'NONE', *, *, #5107, .T. ) ;
#2877 = FACE_OUTER_BOUND ( 'NONE', #1113, .T. ) ;
#2878 = CARTESIAN_POINT ( 'NONE',  ( -2.799999999999999822, 1.000000000000000000, 2.376151621335850006 ) ) ;
#2879 = ORIENTED_EDGE ( 'NONE', *, *, #1812, .F. ) ;
#2880 = EDGE_CURVE ( 'NONE', #1371, #4975, #5218, .T. ) ;
#2881 = EDGE_CURVE ( 'NONE', #2783, #162, #2754, .T. ) ;
#2882 = LINE ( 'NONE', #3060, #2471 ) ;
#2883 = EDGE_LOOP ( 'NONE', ( #4504, #4288, #3918, #2916 ) ) ;
#2884 = CARTESIAN_POINT ( 'NONE',  ( -3.075000000000000178, 0.2500000000000000000, 0.4349999999999675238 ) ) ;
#2885 = CARTESIAN_POINT ( 'NONE',  ( 1.699999999999999956, 1.000000000000000000, 0.000000000000000000 ) ) ;
#2886 = DIRECTION ( 'NONE',  ( 0.000000000000000000, 1.000000000000000000, 0.000000000000000000 ) ) ;
#2887 = ORIENTED_EDGE ( 'NONE', *, *, #5365, .F. ) ;
#2888 = EDGE_CURVE ( 'NONE', #5320, #2495, #1060, .T. ) ;
#2889 = CARTESIAN_POINT ( 'NONE',  ( 1.609068057253020045, 0.2500000000000000000, 2.245931942746980159 ) ) ;
#2890 = EDGE_LOOP ( 'NONE', ( #4221, #3743, #567, #127 ) ) ;
#2891 = AXIS2_PLACEMENT_3D ( 'NONE', #4461, #2960, #4168 ) ;
#2892 = DIRECTION ( 'NONE',  ( -1.000000000000000000, 0.000000000000000000, 0.000000000000000000 ) ) ;
#2893 = TOROIDAL_SURFACE ( 'NONE', #1115, 0.07615162133585058613, 0.05000000000000000278 ) ;
#2894 = CARTESIAN_POINT ( 'NONE',  ( 0.000000000000000000, 0.000000000000000000, 0.000000000000000000 ) ) ;
#2895 = ORIENTED_EDGE ( 'NONE', *, *, #2853, .F. ) ;
#2896 = DIRECTION ( 'NONE',  ( 1.000000000000000000, 0.000000000000000000, -2.005681647499070042E-13 ) ) ;
#2897 = VECTOR ( 'NONE', #1174, 1000.000000000000000 ) ;
#2898 = FILL_AREA_STYLE ('',( #3840 ) ) ;
#2899 = DIRECTION ( 'NONE',  ( 0.000000000000000000, -1.000000000000000000, 0.000000000000000000 ) ) ;
#2900 = DIRECTION ( 'NONE',  ( 0.000000000000000000, -1.000000000000000000, 0.000000000000000000 ) ) ;
#2901 = PRESENTATION_LAYER_ASSIGNMENT (  '', '', ( #1849 ) ) ;
#2902 = AXIS2_PLACEMENT_3D ( 'NONE', #5014, #1680, #1170 ) ;
#2903 = ORIENTED_EDGE ( 'NONE', *, *, #3276, .F. ) ;
#2904 = LINE ( 'NONE', #4138, #4026 ) ;
#2905 = CARTESIAN_POINT ( 'NONE',  ( 2.770931942746980070, 0.05000000000000000278, -0.8350000000000289413 ) ) ;
#2906 = ORIENTED_EDGE ( 'NONE', *, *, #3036, .T. ) ;
#2907 = LINE ( 'NONE', #414, #4773 ) ;
#2908 = ADVANCED_FACE ( 'NONE', ( #4427 ), #4887, .T. ) ;
#2909 = PRESENTATION_LAYER_ASSIGNMENT (  '', '', ( #1218 ) ) ;
#2910 = CARTESIAN_POINT ( 'NONE',  ( 3.000000000000000000, 0.2500000000000000000, -2.299999999999999822 ) ) ;
#2911 = AXIS2_PLACEMENT_3D ( 'NONE', #1753, #2713, #3121 ) ;
#2912 = FACE_OUTER_BOUND ( 'NONE', #487, .T. ) ;
#2913 = EDGE_LOOP ( 'NONE', ( #3140, #4717, #5170, #2707, #2098, #1740 ) ) ;
#2914 = MECHANICAL_DESIGN_GEOMETRIC_PRESENTATION_REPRESENTATION (  '', ( #971 ), #2113 ) ;
#2915 =( NAMED_UNIT ( * ) PLANE_ANGLE_UNIT ( ) SI_UNIT ( $, .RADIAN. ) );
#2916 = ORIENTED_EDGE ( 'NONE', *, *, #2773, .F. ) ;
#2917 = CARTESIAN_POINT ( 'NONE',  ( -2.199999999999973532, -0.4366062299143245173, -0.6650000000000236833 ) ) ;
#2918 = DIRECTION ( 'NONE',  ( 1.000000000000000000, 0.000000000000000000, 0.000000000000000000 ) ) ;
#2919 = EDGE_CURVE ( 'NONE', #4917, #1677, #1574, .T. ) ;
#2920 = CARTESIAN_POINT ( 'NONE',  ( 2.774999999999999911, 0.000000000000000000, -2.200000000000000178 ) ) ;
#2921 = VECTOR ( 'NONE', #5285, 1000.000000000000000 ) ;
#2922 = VERTEX_POINT ( 'NONE', #2804 ) ;
#2923 = AXIS2_PLACEMENT_3D ( 'NONE', #3717, #5392, #3745 ) ;
#2924 = VERTEX_POINT ( 'NONE', #3261 ) ;
#2925 = VECTOR ( 'NONE', #2054, 1000.000000000000000 ) ;
#2926 = EDGE_CURVE ( 'NONE', #1603, #1036, #16, .T. ) ;
#2927 = ORIENTED_EDGE ( 'NONE', *, *, #2031, .F. ) ;
#2928 = DIRECTION ( 'NONE',  ( -9.912705577010320619E-15, 0.000000000000000000, 1.000000000000000000 ) ) ;
#2929 = ORIENTED_EDGE ( 'NONE', *, *, #5253, .T. ) ;
#2930 =( GEOMETRIC_REPRESENTATION_CONTEXT ( 3 ) GLOBAL_UNCERTAINTY_ASSIGNED_CONTEXT ( ( #3105 ) ) GLOBAL_UNIT_ASSIGNED_CONTEXT ( ( #2270, #3225, #182 ) ) REPRESENTATION_CONTEXT ( 'NONE', 'WORKASPACE' ) );
#2931 = CARTESIAN_POINT ( 'NONE',  ( 1.609068057253020045, 0.05000000000000000278, -2.149999999999999911 ) ) ;
#2932 = DIRECTION ( 'NONE',  ( 0.000000000000000000, -1.000000000000000000, 0.000000000000000000 ) ) ;
#2933 = ORIENTED_EDGE ( 'NONE', *, *, #2179, .F. ) ;
#2934 = CARTESIAN_POINT ( 'NONE',  ( 2.674999999999999822, 0.05000000000000000278, 0.9309319427470109654 ) ) ;
#2935 = DIRECTION ( 'NONE',  ( 3.062129300499790370E-16, 0.000000000000000000, -1.000000000000000000 ) ) ;
#2936 = CARTESIAN_POINT ( 'NONE',  ( 3.075000000000000178, 0.2500000000000000000, 0.4349999999999680234 ) ) ;
#2937 = ORIENTED_EDGE ( 'NONE', *, *, #5105, .F. ) ;
#2938 = CARTESIAN_POINT ( 'NONE',  ( 1.699999999999999956, 0.9000000000000000222, 0.000000000000000000 ) ) ;
#2939 = DIRECTION ( 'NONE',  ( -1.000000000000000000, 0.000000000000000000, 0.000000000000000000 ) ) ;
#2940 = VERTEX_POINT ( 'NONE', #1893 ) ;
#2941 = EDGE_CURVE ( 'NONE', #1186, #2065, #3648, .T. ) ;
#2942 = DIRECTION ( 'NONE',  ( 0.000000000000000000, -1.000000000000000000, 0.000000000000000000 ) ) ;
#2943 = ORIENTED_EDGE ( 'NONE', *, *, #455, .T. ) ;
#2944 = CARTESIAN_POINT ( 'NONE',  ( -0.1490680572530187764, 0.2500000000000000000, 2.149999999999999911 ) ) ;
#2945 = DIRECTION ( 'NONE',  ( -0.000000000000000000, 1.000000000000000000, -0.000000000000000000 ) ) ;
#2946 = VERTEX_POINT ( 'NONE', #2462 ) ;
#2947 = EDGE_CURVE ( 'NONE', #3456, #1371, #5029, .T. ) ;
#2948 = CARTESIAN_POINT ( 'NONE',  ( 2.770931942746980070, 0.2500000000000000000, -1.609068057253034922 ) ) ;
#2949 = VERTEX_POINT ( 'NONE', #821 ) ;
#2950 = CARTESIAN_POINT ( 'NONE',  ( -3.000000000000000000, 0.2500000000000000000, 2.299999999999999822 ) ) ;
#2951 = CARTESIAN_POINT ( 'NONE',  ( 2.300931942746980319, 0.05000000000000000278, -2.295931942746979981 ) ) ;
#2952 = DIRECTION ( 'NONE',  ( 0.000000000000000000, 0.000000000000000000, 1.000000000000000000 ) ) ;
#2953 = VECTOR ( 'NONE', #1285, 1000.000000000000000 ) ;
#2954 = DIRECTION ( 'NONE',  ( 1.000000000000000000, 0.000000000000000000, 0.000000000000000000 ) ) ;
#2955 = ORIENTED_EDGE ( 'NONE', *, *, #4430, .F. ) ;
#2956 = FILL_AREA_STYLE ('',( #1265 ) ) ;
#2957 = VECTOR ( 'NONE', #3485, 1000.000000000000000 ) ;
#2958 = EDGE_LOOP ( 'NONE', ( #715, #1498, #4311, #3664, #797, #2761 ) ) ;
#2959 = CARTESIAN_POINT ( 'NONE',  ( -0.9250000000000000444, 0.2500000000000000000, -2.054068057253019663 ) ) ;
#2960 = DIRECTION ( 'NONE',  ( 0.000000000000000000, 0.000000000000000000, -1.000000000000000000 ) ) ;
#2961 = VECTOR ( 'NONE', #2939, 1000.000000000000000 ) ;
#2962 = DIRECTION ( 'NONE',  ( 0.000000000000000000, 0.000000000000000000, -1.000000000000000000 ) ) ;
#2963 = VERTEX_POINT ( 'NONE', #3708 ) ;
#2964 = CARTESIAN_POINT ( 'NONE',  ( -0.8409319427469820196, 0.05000000000000000278, -2.149999999999999911 ) ) ;
#2965 =( NAMED_UNIT ( * ) SI_UNIT ( $, .STERADIAN. ) SOLID_ANGLE_UNIT ( ) );
#2966 = DIRECTION ( 'NONE',  ( 0.000000000000000000, -1.000000000000000000, 0.000000000000000000 ) ) ;
#2967 = FACE_OUTER_BOUND ( 'NONE', #4140, .T. ) ;
#2968 = ORIENTED_EDGE ( 'NONE', *, *, #2977, .F. ) ;
#2969 = PRESENTATION_STYLE_ASSIGNMENT (( #3378 ) ) ;
#2970 = ORIENTED_EDGE ( 'NONE', *, *, #4083, .F. ) ;
#2971 = FILL_AREA_STYLE ('',( #75 ) ) ;
#2972 = CARTESIAN_POINT ( 'NONE',  ( -0.8290680572530179093, 0.000000000000000000, -2.054068057253019663 ) ) ;
#2973 = ORIENTED_EDGE ( 'NONE', *, *, #5177, .F. ) ;
#2974 = ORIENTED_EDGE ( 'NONE', *, *, #1553, .T. ) ;
#2975 = DIRECTION ( 'NONE',  ( 0.000000000000000000, 0.000000000000000000, 1.000000000000000000 ) ) ;
#2976 = CYLINDRICAL_SURFACE ( 'NONE', #1863, 0.09593194274698166324 ) ;
#2977 = EDGE_CURVE ( 'NONE', #4243, #1862, #4548, .T. ) ;
#2978 = LINE ( 'NONE', #4650, #3926 ) ;
#2979 = ORIENTED_EDGE ( 'NONE', *, *, #3684, .F. ) ;
#2980 = LINE ( 'NONE', #864, #2657 ) ;
#2981 = VERTEX_POINT ( 'NONE', #418 ) ;
#2982 = LINE ( 'NONE', #4656, #931 ) ;
#2983 = EDGE_CURVE ( 'NONE', #4744, #1158, #4049, .T. ) ;
#2984 =( NAMED_UNIT ( * ) SI_UNIT ( $, .STERADIAN. ) SOLID_ANGLE_UNIT ( ) );
#2985 =( GEOMETRIC_REPRESENTATION_CONTEXT ( 3 ) GLOBAL_UNCERTAINTY_ASSIGNED_CONTEXT ( ( #4808 ) ) GLOBAL_UNIT_ASSIGNED_CONTEXT ( ( #1835, #978, #2160 ) ) REPRESENTATION_CONTEXT ( 'NONE', 'WORKASPACE' ) );
#2986 = ADVANCED_FACE ( 'NONE', ( #5410 ), #4146, .T. ) ;
#2987 = CARTESIAN_POINT ( 'NONE',  ( 3.000000000000000000, 0.2500000000000000000, 2.299999999999999822 ) ) ;
#2988 = LINE ( 'NONE', #4662, #3535 ) ;
#2989 = ORIENTED_EDGE ( 'NONE', *, *, #95, .T. ) ;
#2990 = VECTOR ( 'NONE', #2452, 1000.000000000000000 ) ;
#2991 = DIRECTION ( 'NONE',  ( -3.062129300499790370E-16, 0.000000000000000000, -1.000000000000000000 ) ) ;
#2992 = CARTESIAN_POINT ( 'NONE',  ( 2.870931942746980159, 0.2500000000000000000, 2.100000000000000089 ) ) ;
#2993 = PLANE ( 'NONE',  #5306 ) ;
#2994 = ORIENTED_EDGE ( 'NONE', *, *, #4122, .F. ) ;
#2995 = DIRECTION ( 'NONE',  ( 1.000000000000000000, 0.000000000000000000, 0.000000000000000000 ) ) ;
#2996 = STYLED_ITEM ( 'NONE', ( #3197 ), #314 ) ;
#2997 = AXIS2_PLACEMENT_3D ( 'NONE', #3487, #1262, #2954 ) ;
#2998 = EDGE_CURVE ( 'NONE', #5382, #2473, #445, .T. ) ;
#2999 = VERTEX_POINT ( 'NONE', #2044 ) ;
#3000 = CARTESIAN_POINT ( 'NONE',  ( 2.799999999999999822, 0.9499999999999999556, -2.376151621335850006 ) ) ;
#3001 = VERTEX_POINT ( 'NONE', #3789 ) ;
#3002 = DIRECTION ( 'NONE',  ( 0.000000000000000000, 1.000000000000000000, 0.000000000000000000 ) ) ;
#3003 = VECTOR ( 'NONE', #2243, 1000.000000000000000 ) ;
#3004 = AXIS2_PLACEMENT_3D ( 'NONE', #50, #3002, #2525 ) ;
#3005 = CARTESIAN_POINT ( 'NONE',  ( -0.7449999999999999956, 0.2500000000000000000, -2.245931942746980159 ) ) ;
#3006 = COLOUR_RGB ( '',0.2509803921568627416, 0.2509803921568627416, 0.2509803921568627416 ) ;
#3007 = DIRECTION ( 'NONE',  ( 0.000000000000000000, 0.000000000000000000, 1.000000000000000000 ) ) ;
#3008 = ORIENTED_EDGE ( 'NONE', *, *, #5140, .T. ) ;
#3009 =( NAMED_UNIT ( * ) SI_UNIT ( $, .STERADIAN. ) SOLID_ANGLE_UNIT ( ) );
#3010 = CARTESIAN_POINT ( 'NONE',  ( 3.075000000000000178, 0.2500000000000000000, -2.100000000000000089 ) ) ;
#3011 = VECTOR ( 'NONE', #223, 1000.000000000000000 ) ;
#3012 = STYLED_ITEM ( 'NONE', ( #4898 ), #4707 ) ;
#3013 = CARTESIAN_POINT ( 'NONE',  ( -0.9250000000000000444, 0.05000000000000000278, 2.299999999999999822 ) ) ;
#3014 = VERTEX_POINT ( 'NONE', #1663 ) ;
#3015 = DIRECTION ( 'NONE',  ( 0.000000000000000000, -1.000000000000000000, 0.000000000000000000 ) ) ;
#3016 = VECTOR ( 'NONE', #4649, 1000.000000000000000 ) ;
#3017 = VECTOR ( 'NONE', #5036, 1000.000000000000000 ) ;
#3018 = CARTESIAN_POINT ( 'NONE',  ( 2.799999999999999822, 0.05000000000000000278, 2.299999999999999822 ) ) ;
#3019 = ORIENTED_EDGE ( 'NONE', *, *, #517, .T. ) ;
#3020 = CIRCLE ( 'NONE', #3981, 0.07615162133585039184 ) ;
#3021 = PRESENTATION_STYLE_ASSIGNMENT (( #2574 ) ) ;
#3022 = EDGE_CURVE ( 'NONE', #1712, #3180, #4613, .T. ) ;
#3023 = EDGE_LOOP ( 'NONE', ( #1896, #4760, #5432, #1681 ) ) ;
#3024 = DIRECTION ( 'NONE',  ( -1.000000000000000000, 0.000000000000000000, 0.000000000000000000 ) ) ;
#3025 = DIRECTION ( 'NONE',  ( 0.000000000000000000, 0.000000000000000000, 1.000000000000000000 ) ) ;
#3026 = ORIENTED_EDGE ( 'NONE', *, *, #4912, .T. ) ;
#3027 = CARTESIAN_POINT ( 'NONE',  ( -0.9250000000000000444, 0.2500000000000000000, -1.500000000000000000 ) ) ;
#3028 = CARTESIAN_POINT ( 'NONE',  ( -2.199999999999987299, -1.084202172485504434E-16, 0.6049999999999764455 ) ) ;
#3029 = FACE_OUTER_BOUND ( 'NONE', #853, .T. ) ;
#3030 = DIRECTION ( 'NONE',  ( 0.000000000000000000, 0.000000000000000000, 1.000000000000000000 ) ) ;
#3031 = ORIENTED_EDGE ( 'NONE', *, *, #3127, .T. ) ;
#3032 = AXIS2_PLACEMENT_3D ( 'NONE', #4695, #3333, #4660 ) ;
#3033 = FACE_OUTER_BOUND ( 'NONE', #97, .T. ) ;
#3034 = DIRECTION ( 'NONE',  ( -0.000000000000000000, 1.000000000000000000, -0.000000000000000000 ) ) ;
#3035 = ORIENTED_EDGE ( 'NONE', *, *, #1024, .T. ) ;
#3036 = EDGE_CURVE ( 'NONE', #3900, #5342, #1631, .T. ) ;
#3037 = DIRECTION ( 'NONE',  ( 0.000000000000000000, -1.000000000000000000, 0.000000000000000000 ) ) ;
#3038 = DIRECTION ( 'NONE',  ( 0.000000000000000000, 0.000000000000000000, -1.000000000000000000 ) ) ;
#3039 = CARTESIAN_POINT ( 'NONE',  ( -0.8290680572530189085, 0.05000000000000000278, -2.149999999999999911 ) ) ;
#3040 = ORIENTED_EDGE ( 'NONE', *, *, #4105, .F. ) ;
#3041 = VECTOR ( 'NONE', #121, 1000.000000000000000 ) ;
#3042 = CARTESIAN_POINT ( 'NONE',  ( -2.370000000000000995, -0.4366062299143245173, 2.104999999999975113 ) ) ;
#3043 = ORIENTED_EDGE ( 'NONE', *, *, #229, .F. ) ;
#3044 = CARTESIAN_POINT ( 'NONE',  ( -2.199999999999960654, -0.4366062299143245173, -1.875000000000026201 ) ) ;
#3045 = DIRECTION ( 'NONE',  ( -1.000000000000000000, 0.000000000000000000, -1.084202172485504118E-14 ) ) ;
#3046 = DIRECTION ( 'NONE',  ( -2.168404344970659876E-14, 0.000000000000000000, -1.000000000000000000 ) ) ;
#3047 = DIRECTION ( 'NONE',  ( 1.000000000000000000, 0.000000000000000000, 0.000000000000000000 ) ) ;
#3048 = DIRECTION ( 'NONE',  ( 0.000000000000000000, 0.000000000000000000, -1.000000000000000000 ) ) ;
#3049 = FILL_AREA_STYLE_COLOUR ( '', #2826 ) ;
#3050 = EDGE_CURVE ( 'NONE', #283, #5255, #2015, .T. ) ;
#3051 = ORIENTED_EDGE ( 'NONE', *, *, #3622, .T. ) ;
#3052 = LINE ( 'NONE', #98, #3003 ) ;
#3053 = DIRECTION ( 'NONE',  ( 0.000000000000000000, -1.000000000000000000, 0.000000000000000000 ) ) ;
#3054 = VERTEX_POINT ( 'NONE', #3350 ) ;
#3055 = PLANE ( 'NONE',  #2755 ) ;
#3056 = ADVANCED_FACE ( 'NONE', ( #4581 ), #1058, .T. ) ;
#3057 = CARTESIAN_POINT ( 'NONE',  ( -3.000000000000000000, 0.2500000000000000000, 2.299999999999999822 ) ) ;
#3058 = ORIENTED_EDGE ( 'NONE', *, *, #258, .F. ) ;
#3059 = VECTOR ( 'NONE', #5407, 1000.000000000000000 ) ;
#3060 = CARTESIAN_POINT ( 'NONE',  ( 1.704999999999999849, 0.2500000000000000000, 2.600000000000000089 ) ) ;
#3061 = CARTESIAN_POINT ( 'NONE',  ( -0.8290680572530189085, 0.05000000000000000278, 2.149999999999999911 ) ) ;
#3062 = EDGE_LOOP ( 'NONE', ( #53, #2943, #1125, #3639, #3438, #1699, #4614, #4267 ) ) ;
#3063 = DIRECTION ( 'NONE',  ( 0.000000000000000000, 0.000000000000000000, 1.000000000000000000 ) ) ;
#3064 = CARTESIAN_POINT ( 'NONE',  ( 2.770931942746980070, 0.000000000000000000, -0.4350000000000290301 ) ) ;
#3065 = EDGE_CURVE ( 'NONE', #478, #3900, #449, .T. ) ;
#3066 = LINE ( 'NONE', #4742, #803 ) ;
#3067 = EDGE_CURVE ( 'NONE', #1532, #2434, #5381, .T. ) ;
#3068 = LINE ( 'NONE', #2658, #4675 ) ;
#3069 = ORIENTED_EDGE ( 'NONE', *, *, #4046, .T. ) ;
#3070 = FILL_AREA_STYLE_COLOUR ( '', #1486 ) ;
#3071 = DIRECTION ( 'NONE',  ( 0.000000000000000000, 0.000000000000000000, -1.000000000000000000 ) ) ;
#3072 = DIRECTION ( 'NONE',  ( -1.000000000000000000, 0.000000000000000000, -9.912705577010320619E-15 ) ) ;
#3073 = CARTESIAN_POINT ( 'NONE',  ( 2.300931942746980319, 0.000000000000000000, -2.295931942746979981 ) ) ;
#3074 = EDGE_CURVE ( 'NONE', #2133, #980, #2882, .T. ) ;
#3075 =( LENGTH_UNIT ( ) NAMED_UNIT ( * ) SI_UNIT ( .MILLI., .METRE. ) );
#3076 = CARTESIAN_POINT ( 'NONE',  ( -3.000000000000000000, 0.2500000000000000000, -2.299999999999999822 ) ) ;
#3077 = VERTEX_POINT ( 'NONE', #73 ) ;
#3078 = DIRECTION ( 'NONE',  ( -0.000000000000000000, 1.000000000000000000, -0.000000000000000000 ) ) ;
#3079 =( NAMED_UNIT ( * ) PLANE_ANGLE_UNIT ( ) SI_UNIT ( $, .RADIAN. ) );
#3080 = EDGE_LOOP ( 'NONE', ( #387, #3780, #4592, #5131 ) ) ;
#3081 = CARTESIAN_POINT ( 'NONE',  ( -3.075000000000000178, 0.2500000000000000000, 1.704999999999970095 ) ) ;
#3082 = ORIENTED_EDGE ( 'NONE', *, *, #4593, .F. ) ;
#3083 = PRESENTATION_LAYER_ASSIGNMENT (  '', '', ( #3528 ) ) ;
#3084 = CARTESIAN_POINT ( 'NONE',  ( 1.699999999999999956, 0.9000000000000000222, 0.000000000000000000 ) ) ;
#3085 = VERTEX_POINT ( 'NONE', #1368 ) ;
#3086 = DIRECTION ( 'NONE',  ( 0.000000000000000000, 0.000000000000000000, 1.000000000000000000 ) ) ;
#3087 = AXIS2_PLACEMENT_3D ( 'NONE', #3697, #4957, #754 ) ;
#3088 = CYLINDRICAL_SURFACE ( 'NONE', #1255, 0.05000000000000012768 ) ;
#3089 = CIRCLE ( 'NONE', #3443, 0.05000000000000012768 ) ;
#3090 = CIRCLE ( 'NONE', #1926, 0.09593194274698166324 ) ;
#3091 = LINE ( 'NONE', #5130, #2830 ) ;
#3092 = ADVANCED_FACE ( 'NONE', ( #2252 ), #5206, .T. ) ;
#3093 = ORIENTED_EDGE ( 'NONE', *, *, #1336, .F. ) ;
#3094 = DIRECTION ( 'NONE',  ( 1.000000000000000000, 0.000000000000000000, -1.097926250618142057E-14 ) ) ;
#3095 = DIRECTION ( 'NONE',  ( -1.000000000000000000, 0.000000000000000000, -9.912705577010320619E-15 ) ) ;
#3096 = CARTESIAN_POINT ( 'NONE',  ( -0.2449999999999999956, 0.000000000000000000, 2.600000000000000089 ) ) ;
#3097 = VECTOR ( 'NONE', #654, 1000.000000000000000 ) ;
#3098 = ORIENTED_EDGE ( 'NONE', *, *, #4220, .F. ) ;
#3099 = PLANE ( 'NONE',  #4802 ) ;
#3100 = PRESENTATION_LAYER_ASSIGNMENT (  '', '', ( #624 ) ) ;
#3101 = VECTOR ( 'NONE', #998, 1000.000000000000000 ) ;
#3102 =( LENGTH_UNIT ( ) NAMED_UNIT ( * ) SI_UNIT ( .MILLI., .METRE. ) );
#3103 = EDGE_CURVE ( 'NONE', #330, #5233, #2648, .T. ) ;
#3104 = DIRECTION ( 'NONE',  ( 1.000000000000000000, 0.000000000000000000, 0.000000000000000000 ) ) ;
#3105 = UNCERTAINTY_MEASURE_WITH_UNIT (LENGTH_MEASURE( 1.000000000000000082E-05 ), #2270, 'distance_accuracy_value', 'NONE');
#3106 = EDGE_CURVE ( 'NONE', #2133, #1376, #479, .T. ) ;
#3107 = VECTOR ( 'NONE', #1642, 1000.000000000000000 ) ;
#3108 = VECTOR ( 'NONE', #5326, 1000.000000000000000 ) ;
#3109 = ORIENTED_EDGE ( 'NONE', *, *, #2410, .T. ) ;
#3110 = CARTESIAN_POINT ( 'NONE',  ( 3.075000000000000178, 0.000000000000000000, 0.8350000000000329381 ) ) ;
#3111 = EDGE_LOOP ( 'NONE', ( #3735, #5435, #1992, #593 ) ) ;
#3112 = PLANE ( 'NONE',  #350 ) ;
#3113 = CARTESIAN_POINT ( 'NONE',  ( 2.876151621335850006, 0.9499999999999999556, 0.000000000000000000 ) ) ;
#3114 = PLANE ( 'NONE',  #2166 ) ;
#3115 = CARTESIAN_POINT ( 'NONE',  ( -3.000000000000000000, 0.05000000000000000278, 2.299999999999999822 ) ) ;
#3116 = EDGE_LOOP ( 'NONE', ( #390, #920, #3124, #1171, #4051, #5302 ) ) ;
#3117 = CYLINDRICAL_SURFACE ( 'NONE', #2357, 0.05000000000000012768 ) ;
#3118 = DIRECTION ( 'NONE',  ( 0.000000000000000000, -1.000000000000000000, 0.000000000000000000 ) ) ;
#3119 = EDGE_LOOP ( 'NONE', ( #1468, #4546, #31, #3468, #586, #3159 ) ) ;
#3120 = FILL_AREA_STYLE ('',( #3585 ) ) ;
#3121 = DIRECTION ( 'NONE',  ( 0.000000000000000000, 0.000000000000000000, -1.000000000000000000 ) ) ;
#3122 = VECTOR ( 'NONE', #866, 1000.000000000000000 ) ;
#3123 = ADVANCED_FACE ( 'NONE', ( #541 ), #3500, .F. ) ;
#3124 = ORIENTED_EDGE ( 'NONE', *, *, #4623, .T. ) ;
#3125 = VECTOR ( 'NONE', #3600, 1000.000000000000000 ) ;
#3126 = CARTESIAN_POINT ( 'NONE',  ( -3.000000000000000000, 0.2500000000000000000, 0.8349999999999749845 ) ) ;
#3127 = EDGE_CURVE ( 'NONE', #1619, #3843, #955, .T. ) ;
#3128 = COLOUR_RGB ( '',0.2509803921568627416, 0.2509803921568627416, 0.2509803921568627416 ) ;
#3129 = FILL_AREA_STYLE ('',( #4942 ) ) ;
#3130 = SURFACE_STYLE_USAGE ( .BOTH. , #1444 ) ;
#3131 = ADVANCED_FACE ( 'NONE', ( #2276 ), #3117, .T. ) ;
#3132 = ADVANCED_FACE ( 'NONE', ( #3033 ), #4375, .F. ) ;
#3133 = ORIENTED_EDGE ( 'NONE', *, *, #3954, .F. ) ;
#3134 = DIRECTION ( 'NONE',  ( 0.000000000000000000, 0.000000000000000000, 1.000000000000000000 ) ) ;
#3135 = CARTESIAN_POINT ( 'NONE',  ( 1.704999999999999849, 0.000000000000000000, 2.245931942746980159 ) ) ;
#3136 = CARTESIAN_POINT ( 'NONE',  ( -3.075000000000000178, 0.2500000000000000000, -0.8350000000000329381 ) ) ;
#3137 = ADVANCED_FACE ( 'NONE', ( #3852, #880 ), #2588, .T. ) ;
#3138 = FILL_AREA_STYLE ('',( #3189 ) ) ;
#3139 = PRESENTATION_LAYER_ASSIGNMENT (  '', '', ( #4163 ) ) ;
#3140 = ORIENTED_EDGE ( 'NONE', *, *, #953, .F. ) ;
#3141 = CARTESIAN_POINT ( 'NONE',  ( -2.375000000000000000, 0.05000000000000000278, 2.104999999999975113 ) ) ;
#3142 = DIRECTION ( 'NONE',  ( 0.000000000000000000, 0.000000000000000000, 1.000000000000000000 ) ) ;
#3143 = PRESENTATION_STYLE_ASSIGNMENT (( #5260 ) ) ;
#3144 = PRESENTATION_LAYER_ASSIGNMENT (  '', '', ( #2418 ) ) ;
#3145 = DIRECTION ( 'NONE',  ( -0.000000000000000000, 1.000000000000000000, -0.000000000000000000 ) ) ;
#3146 = ORIENTED_EDGE ( 'NONE', *, *, #2733, .T. ) ;
#3147 = AXIS2_PLACEMENT_3D ( 'NONE', #4287, #4704, #911 ) ;
#3148 = DIRECTION ( 'NONE',  ( -1.000000000000000000, 0.000000000000000000, 4.445228907190565024E-14 ) ) ;
#3149 = SURFACE_STYLE_USAGE ( .BOTH. , #5165 ) ;
#3150 = PLANE ( 'NONE',  #3776 ) ;
#3151 = EDGE_CURVE ( 'NONE', #4799, #3242, #2400, .T. ) ;
#3152 = LINE ( 'NONE', #3637, #1678 ) ;
#3153 = UNCERTAINTY_MEASURE_WITH_UNIT (LENGTH_MEASURE( 1.000000000000000082E-05 ), #908, 'distance_accuracy_value', 'NONE');
#3154 = UNCERTAINTY_MEASURE_WITH_UNIT (LENGTH_MEASURE( 1.000000000000000082E-05 ), #1686, 'distance_accuracy_value', 'NONE');
#3155 = ORIENTED_EDGE ( 'NONE', *, *, #2298, .T. ) ;
#3156 = EDGE_CURVE ( 'NONE', #4863, #4871, #3238, .T. ) ;
#3157 = EDGE_CURVE ( 'NONE', #1862, #4744, #662, .T. ) ;
#3158 = CARTESIAN_POINT ( 'NONE',  ( 2.674999999999999822, 0.000000000000000000, 0.3390680572530474501 ) ) ;
#3159 = ORIENTED_EDGE ( 'NONE', *, *, #3668, .T. ) ;
#3160 = PLANE ( 'NONE',  #2891 ) ;
#3161 = LINE ( 'NONE', #5207, #3125 ) ;
#3162 = VECTOR ( 'NONE', #3340, 1000.000000000000000 ) ;
#3163 = ORIENTED_EDGE ( 'NONE', *, *, #1153, .F. ) ;
#3164 = CARTESIAN_POINT ( 'NONE',  ( 3.000000000000000000, 0.2500000000000000000, -0.4349999999999829559 ) ) ;
#3165 = EDGE_CURVE ( 'NONE', #4230, #3509, #1109, .T. ) ;
#3166 = EDGE_CURVE ( 'NONE', #5037, #1128, #4024, .T. ) ;
#3167 =( GEOMETRIC_REPRESENTATION_CONTEXT ( 3 ) GLOBAL_UNCERTAINTY_ASSIGNED_CONTEXT ( ( #605 ) ) GLOBAL_UNIT_ASSIGNED_CONTEXT ( ( #968, #3079, #3810 ) ) REPRESENTATION_CONTEXT ( 'NONE', 'WORKASPACE' ) );
#3168 = CARTESIAN_POINT ( 'NONE',  ( -0.1490680572530187764, 0.2500000000000000000, 2.245931942746980159 ) ) ;
#3169 = ORIENTED_EDGE ( 'NONE', *, *, #1923, .T. ) ;
#3170 = CARTESIAN_POINT ( 'NONE',  ( -0.7449999999999999956, 0.2500000000000000000, 2.600000000000000089 ) ) ;
#3171 = ORIENTED_EDGE ( 'NONE', *, *, #4391, .F. ) ;
#3172 = CARTESIAN_POINT ( 'NONE',  ( -3.074999999999954881, 0.2500000000000000000, -2.105000000000035065 ) ) ;
#3173 = VECTOR ( 'NONE', #2290, 1000.000000000000000 ) ;
#3174 = CARTESIAN_POINT ( 'NONE',  ( -3.075000000000000178, 0.000000000000000000, 2.104999999999970228 ) ) ;
#3175 = DIRECTION ( 'NONE',  ( 0.000000000000000000, -1.000000000000000000, 0.000000000000000000 ) ) ;
#3176 = AXIS2_PLACEMENT_3D ( 'NONE', #501, #5199, #967 ) ;
#3177 = AXIS2_PLACEMENT_3D ( 'NONE', #2076, #2945, #3821 ) ;
#3178 = COLOUR_RGB ( '',0.2509803921568627416, 0.2509803921568627416, 0.2509803921568627416 ) ;
#3179 = FACE_OUTER_BOUND ( 'NONE', #683, .T. ) ;
#3180 = VERTEX_POINT ( 'NONE', #2329 ) ;
#3181 = CARTESIAN_POINT ( 'NONE',  ( -2.799999999999999822, 0.05000000000000000278, 2.299999999999999822 ) ) ;
#3182 = CARTESIAN_POINT ( 'NONE',  ( 3.075000000000000178, 0.000000000000000000, -1.704999999999970095 ) ) ;
#3183 = VECTOR ( 'NONE', #2896, 1000.000000000000000 ) ;
#3184 = STYLED_ITEM ( 'NONE', ( #3537 ), #2767 ) ;
#3185 =( LENGTH_UNIT ( ) NAMED_UNIT ( * ) SI_UNIT ( .MILLI., .METRE. ) );
#3186 = EDGE_CURVE ( 'NONE', #1652, #809, #845, .T. ) ;
#3187 = AXIS2_PLACEMENT_3D ( 'NONE', #2342, #179, #5294 ) ;
#3188 = AXIS2_PLACEMENT_3D ( 'NONE', #4352, #4743, #3860 ) ;
#3189 = FILL_AREA_STYLE_COLOUR ( '', #4108 ) ;
#3190 = ORIENTED_EDGE ( 'NONE', *, *, #2161, .T. ) ;
#3191 = SURFACE_SIDE_STYLE ('',( #1503 ) ) ;
#3192 = AXIS2_PLACEMENT_3D ( 'NONE', #630, #3148, #1846 ) ;
#3193 = EDGE_CURVE ( 'NONE', #3085, #3456, #3210, .T. ) ;
#3194 = CARTESIAN_POINT ( 'NONE',  ( -0.2449999999999999956, 0.2500000000000000000, -2.600000000000000089 ) ) ;
#3195 = ORIENTED_EDGE ( 'NONE', *, *, #385, .F. ) ;
#3196 = PLANE ( 'NONE',  #1133 ) ;
#3197 = PRESENTATION_STYLE_ASSIGNMENT (( #5332 ) ) ;
#3198 = MECHANICAL_DESIGN_GEOMETRIC_PRESENTATION_REPRESENTATION (  '', ( #2393 ), #1877 ) ;
#3199 = ORIENTED_EDGE ( 'NONE', *, *, #3320, .F. ) ;
#3200 =( NAMED_UNIT ( * ) SI_UNIT ( $, .STERADIAN. ) SOLID_ANGLE_UNIT ( ) );
#3201 = AXIS2_PLACEMENT_3D ( 'NONE', #4902, #4492, #5345 ) ;
#3202 = UNCERTAINTY_MEASURE_WITH_UNIT (LENGTH_MEASURE( 1.000000000000000082E-05 ), #1582, 'distance_accuracy_value', 'NONE');
#3203 = VECTOR ( 'NONE', #2147, 1000.000000000000000 ) ;
#3204 = DIRECTION ( 'NONE',  ( 0.000000000000000000, -1.000000000000000000, 0.000000000000000000 ) ) ;
#3205 = ORIENTED_EDGE ( 'NONE', *, *, #285, .T. ) ;
#3206 =( LENGTH_UNIT ( ) NAMED_UNIT ( * ) SI_UNIT ( .MILLI., .METRE. ) );
#3207 = EDGE_CURVE ( 'NONE', #974, #4095, #1888, .T. ) ;
#3208 = DIRECTION ( 'NONE',  ( 0.000000000000000000, 0.000000000000000000, -1.000000000000000000 ) ) ;
#3209 = EDGE_LOOP ( 'NONE', ( #2715, #34, #2675, #928 ) ) ;
#3210 = LINE ( 'NONE', #2824, #4995 ) ;
#3211 = FACE_OUTER_BOUND ( 'NONE', #5389, .T. ) ;
#3212 = VERTEX_POINT ( 'NONE', #4491 ) ;
#3213 = DIRECTION ( 'NONE',  ( 0.000000000000000000, 0.000000000000000000, -1.000000000000000000 ) ) ;
#3214 = EDGE_CURVE ( 'NONE', #1263, #2440, #2374, .T. ) ;
#3215 = CARTESIAN_POINT ( 'NONE',  ( 2.925877716104265058, 0.9552264231633820213, 2.299999999999999822 ) ) ;
#3216 = ORIENTED_EDGE ( 'NONE', *, *, #1767, .F. ) ;
#3217 = CARTESIAN_POINT ( 'NONE',  ( -3.000000000000000000, 0.05000000000000000278, 2.299999999999999822 ) ) ;
#3218 = EDGE_CURVE ( 'NONE', #3837, #3854, #4052, .T. ) ;
#3219 = CARTESIAN_POINT ( 'NONE',  ( -2.199999999999960654, -0.4366062299143245173, -1.935000000000023590 ) ) ;
#3220 = DIRECTION ( 'NONE',  ( 0.000000000000000000, 1.000000000000000000, 0.000000000000000000 ) ) ;
#3221 = ADVANCED_FACE ( 'NONE', ( #1096 ), #3160, .F. ) ;
#3222 = ORIENTED_EDGE ( 'NONE', *, *, #1143, .T. ) ;
#3223 = ORIENTED_EDGE ( 'NONE', *, *, #1180, .F. ) ;
#3224 = EDGE_CURVE ( 'NONE', #2473, #3446, #3283, .T. ) ;
#3225 =( NAMED_UNIT ( * ) PLANE_ANGLE_UNIT ( ) SI_UNIT ( $, .RADIAN. ) );
#3226 = ORIENTED_EDGE ( 'NONE', *, *, #3547, .T. ) ;
#3227 = FACE_OUTER_BOUND ( 'NONE', #3497, .T. ) ;
#3228 = DIRECTION ( 'NONE',  ( 0.000000000000000000, 0.000000000000000000, 1.000000000000000000 ) ) ;
#3229 = ORIENTED_EDGE ( 'NONE', *, *, #4714, .F. ) ;
#3230 = DIRECTION ( 'NONE',  ( 0.000000000000000000, 0.000000000000000000, -1.000000000000000000 ) ) ;
#3231 = LINE ( 'NONE', #4988, #4601 ) ;
#3232 = ORIENTED_EDGE ( 'NONE', *, *, #4432, .F. ) ;
#3233 = DIRECTION ( 'NONE',  ( -1.000000000000000000, 0.000000000000000000, 2.005681647499070042E-13 ) ) ;
#3234 = CARTESIAN_POINT ( 'NONE',  ( 3.075000000000000178, 0.000000000000000000, -0.8350000000000329381 ) ) ;
#3235 = ORIENTED_EDGE ( 'NONE', *, *, #5279, .T. ) ;
#3236 = LINE ( 'NONE', #2465, #265 ) ;
#3237 = CARTESIAN_POINT ( 'NONE',  ( 1.704999999999999849, 0.05000000000000000278, 2.500000000000000000 ) ) ;
#3238 = CIRCLE ( 'NONE', #675, 0.09593194274699298751 ) ;
#3239 = SURFACE_SIDE_STYLE ('',( #1965 ) ) ;
#3240 = ORIENTED_EDGE ( 'NONE', *, *, #1661, .T. ) ;
#3241 = EDGE_CURVE ( 'NONE', #1266, #1376, #2007, .T. ) ;
#3242 = VERTEX_POINT ( 'NONE', #5402 ) ;
#3243 = CARTESIAN_POINT ( 'NONE',  ( 2.300931942746980319, 0.000000000000000000, 2.200000000000000178 ) ) ;
#3244 = CARTESIAN_POINT ( 'NONE',  ( -0.2449999999999999956, 0.05000000000000000278, 2.245931942746980159 ) ) ;
#3245 = EDGE_CURVE ( 'NONE', #4538, #2141, #5430, .T. ) ;
#3246 = VECTOR ( 'NONE', #932, 1000.000000000000000 ) ;
#3247 = DIRECTION ( 'NONE',  ( 0.000000000000000000, -1.000000000000000000, 0.000000000000000000 ) ) ;
#3248 = EDGE_LOOP ( 'NONE', ( #2979, #4203, #2226, #4892 ) ) ;
#3249 = CIRCLE ( 'NONE', #863, 0.09593194274699298751 ) ;
#3250 = DIRECTION ( 'NONE',  ( 0.000000000000000000, -1.000000000000000000, 0.000000000000000000 ) ) ;
#3251 = CARTESIAN_POINT ( 'NONE',  ( -3.000000000000000000, 0.2500000000000000000, -0.8350000000000322720 ) ) ;
#3252 = ORIENTED_EDGE ( 'NONE', *, *, #834, .F. ) ;
#3253 = CARTESIAN_POINT ( 'NONE',  ( 2.770931942746980070, 0.000000000000000000, 0.8350000000000289413 ) ) ;
#3254 = FILL_AREA_STYLE_COLOUR ( '', #1520 ) ;
#3255 = VECTOR ( 'NONE', #554, 1000.000000000000000 ) ;
#3256 = ORIENTED_EDGE ( 'NONE', *, *, #2282, .F. ) ;
#3257 = DIRECTION ( 'NONE',  ( 0.000000000000000000, 1.000000000000000000, 0.000000000000000000 ) ) ;
#3258 = AXIS2_PLACEMENT_3D ( 'NONE', #760, #2456, #366 ) ;
#3259 = DIRECTION ( 'NONE',  ( 0.000000000000000000, -1.000000000000000000, 0.000000000000000000 ) ) ;
#3260 = ORIENTED_EDGE ( 'NONE', *, *, #741, .F. ) ;
#3261 = CARTESIAN_POINT ( 'NONE',  ( 1.699999999999999956, 1.000000000000000000, -0.5999999999999999778 ) ) ;
#3262 = VERTEX_POINT ( 'NONE', #4632 ) ;
#3263 = LINE ( 'NONE', #338, #1569 ) ;
#3264 = CARTESIAN_POINT ( 'NONE',  ( -2.799999999999999822, 0.05000000000000000278, -2.200000000000000178 ) ) ;
#3265 = DIRECTION ( 'NONE',  ( 0.000000000000000000, -1.000000000000000000, 0.000000000000000000 ) ) ;
#3266 = EDGE_CURVE ( 'NONE', #1298, #28, #4516, .T. ) ;
#3267 = ORIENTED_EDGE ( 'NONE', *, *, #4371, .T. ) ;
#3268 = VERTEX_POINT ( 'NONE', #3369 ) ;
#3269 = LINE ( 'NONE', #2442, #4484 ) ;
#3270 = EDGE_CURVE ( 'NONE', #5004, #1514, #4606, .T. ) ;
#3271 = VECTOR ( 'NONE', #1720, 1000.000000000000000 ) ;
#3272 = DIRECTION ( 'NONE',  ( 0.000000000000000000, -1.000000000000000000, 0.000000000000000000 ) ) ;
#3273 = EDGE_LOOP ( 'NONE', ( #833, #3606, #4118, #4240 ) ) ;
#3274 =( LENGTH_UNIT ( ) NAMED_UNIT ( * ) SI_UNIT ( .MILLI., .METRE. ) );
#3275 = CIRCLE ( 'NONE', #376, 0.09593194274699298751 ) ;
#3276 = EDGE_CURVE ( 'NONE', #4085, #4947, #2067, .T. ) ;
#3277 = EDGE_CURVE ( 'NONE', #1884, #4243, #814, .T. ) ;
#3278 = DIRECTION ( 'NONE',  ( 1.000000000000000000, 0.000000000000000000, 9.912705577010320619E-15 ) ) ;
#3279 = CARTESIAN_POINT ( 'NONE',  ( -0.8290680572530189085, 0.2500000000000000000, 2.149999999999999911 ) ) ;
#3280 = CARTESIAN_POINT ( 'NONE',  ( 1.699999999999999956, 0.9000000000000000222, 0.5999999999999999778 ) ) ;
#3281 = AXIS2_PLACEMENT_3D ( 'NONE', #3172, #4433, #4851 ) ;
#3282 = ORIENTED_EDGE ( 'NONE', *, *, #1545, .T. ) ;
#3283 = LINE ( 'NONE', #11, #1996 ) ;
#3284 = CARTESIAN_POINT ( 'NONE',  ( -2.199999999999960654, 0.05000000000000000278, -1.875000000000026201 ) ) ;
#3285 = ORIENTED_EDGE ( 'NONE', *, *, #3277, .T. ) ;
#3286 = CARTESIAN_POINT ( 'NONE',  ( -2.370000000000000107, -0.4366062299143245173, 1.934999999999974962 ) ) ;
#3287 = LINE ( 'NONE', #794, #3499 ) ;
#3288 = AXIS2_PLACEMENT_3D ( 'NONE', #2120, #5044, #5074 ) ;
#3289 = EDGE_CURVE ( 'NONE', #3626, #904, #1555, .T. ) ;
#3290 = PLANE ( 'NONE',  #3747 ) ;
#3291 = ORIENTED_EDGE ( 'NONE', *, *, #4420, .T. ) ;
#3292 = CARTESIAN_POINT ( 'NONE',  ( 3.000000000000000000, 0.05000000000000000278, 2.299999999999999822 ) ) ;
#3293 = EDGE_LOOP ( 'NONE', ( #2286, #5091, #899, #3623, #5358, #1501 ) ) ;
#3294 = DIRECTION ( 'NONE',  ( 0.000000000000000000, 0.000000000000000000, -1.000000000000000000 ) ) ;
#3295 = DIRECTION ( 'NONE',  ( -1.175385619322578164E-13, 0.000000000000000000, -1.000000000000000000 ) ) ;
#3296 = PLANE ( 'NONE',  #1612 ) ;
#3297 = VECTOR ( 'NONE', #1823, 1000.000000000000000 ) ;
#3298 = ORIENTED_EDGE ( 'NONE', *, *, #1644, .T. ) ;
#3299 = PLANE ( 'NONE',  #1585 ) ;
#3300 = EDGE_LOOP ( 'NONE', ( #4517, #2823, #3235, #4128 ) ) ;
#3301 = CARTESIAN_POINT ( 'NONE',  ( 3.000000000000000000, 0.2500000000000000000, -1.704999999999999849 ) ) ;
#3302 = CIRCLE ( 'NONE', #1973, 0.09593194274698166324 ) ;
#3303 = EDGE_CURVE ( 'NONE', #1213, #4879, #78, .T. ) ;
#3304 = CARTESIAN_POINT ( 'NONE',  ( -0.1490680572530185544, 0.000000000000000000, 0.3249999999999997891 ) ) ;
#3305 = ORIENTED_EDGE ( 'NONE', *, *, #5223, .T. ) ;
#3306 = FACE_OUTER_BOUND ( 'NONE', #5135, .T. ) ;
#3307 = STYLED_ITEM ( 'NONE', ( #5114 ), #2463 ) ;
#3308 = DIRECTION ( 'NONE',  ( 0.000000000000000000, 0.000000000000000000, -1.000000000000000000 ) ) ;
#3309 = EDGE_CURVE ( 'NONE', #5298, #4583, #252, .T. ) ;
#3310 = ORIENTED_EDGE ( 'NONE', *, *, #1470, .F. ) ;
#3311 = CARTESIAN_POINT ( 'NONE',  ( -3.000000000000000000, 0.2500000000000000000, 1.704999999999970095 ) ) ;
#3312 = LINE ( 'NONE', #4987, #3162 ) ;
#3313 = CARTESIAN_POINT ( 'NONE',  ( -2.799999999999999822, 0.2500000000000000000, 2.500000000000000000 ) ) ;
#3314 = ORIENTED_EDGE ( 'NONE', *, *, #2506, .F. ) ;
#3315 = DIRECTION ( 'NONE',  ( 0.000000000000000000, -1.000000000000000000, 0.000000000000000000 ) ) ;
#3316 = CARTESIAN_POINT ( 'NONE',  ( 1.699999999999999956, 0.9000000000000000222, 0.5999999999999999778 ) ) ;
#3317 = ORIENTED_EDGE ( 'NONE', *, *, #1169, .F. ) ;
#3318 = DIRECTION ( 'NONE',  ( 0.000000000000000000, 0.000000000000000000, 1.000000000000000000 ) ) ;
#3319 = ORIENTED_EDGE ( 'NONE', *, *, #4912, .F. ) ;
#3320 = EDGE_CURVE ( 'NONE', #686, #875, #1037, .T. ) ;
#3321 = SURFACE_SIDE_STYLE ('',( #5031 ) ) ;
#3322 = CARTESIAN_POINT ( 'NONE',  ( -0.8720588235294119972, 0.05000000000000000278, -1.327961539666531854 ) ) ;
#3323 = EDGE_CURVE ( 'NONE', #322, #4668, #2426, .T. ) ;
#3324 = LINE ( 'NONE', #2920, #5248 ) ;
#3325 = EDGE_LOOP ( 'NONE', ( #1231, #5314, #5098, #1771 ) ) ;
#3326 = DIRECTION ( 'NONE',  ( 0.000000000000000000, 1.000000000000000000, -8.673617379884030739E-15 ) ) ;
#3327 = ORIENTED_EDGE ( 'NONE', *, *, #3186, .T. ) ;
#3328 = AXIS2_PLACEMENT_3D ( 'NONE', #5344, #1654, #1621 ) ;
#3329 = CARTESIAN_POINT ( 'NONE',  ( 2.770931942746995169, 0.05000000000000000278, 1.704999999999999849 ) ) ;
#3330 = LINE ( 'NONE', #4533, #3610 ) ;
#3331 = ORIENTED_EDGE ( 'NONE', *, *, #4815, .F. ) ;
#3332 = FILL_AREA_STYLE ('',( #3693 ) ) ;
#3333 = DIRECTION ( 'NONE',  ( 0.000000000000000000, 1.000000000000000000, 0.000000000000000000 ) ) ;
#3334 =( NAMED_UNIT ( * ) SI_UNIT ( $, .STERADIAN. ) SOLID_ANGLE_UNIT ( ) );
#3335 = CARTESIAN_POINT ( 'NONE',  ( 2.300931942746980319, 0.2500000000000000000, 2.295931942746979981 ) ) ;
#3336 = VECTOR ( 'NONE', #313, 1000.000000000000000 ) ;
#3337 = AXIS2_PLACEMENT_3D ( 'NONE', #380, #4127, #4067 ) ;
#3338 = ORIENTED_EDGE ( 'NONE', *, *, #1106, .T. ) ;
#3339 = DIRECTION ( 'NONE',  ( 0.000000000000000000, 1.000000000000000000, 0.000000000000000000 ) ) ;
#3340 = DIRECTION ( 'NONE',  ( -1.000000000000000000, 0.000000000000000000, -1.505836350674311988E-16 ) ) ;
#3341 = ORIENTED_EDGE ( 'NONE', *, *, #3867, .T. ) ;
#3342 = LINE ( 'NONE', #2492, #4481 ) ;
#3343 =( GEOMETRIC_REPRESENTATION_CONTEXT ( 3 ) GLOBAL_UNCERTAINTY_ASSIGNED_CONTEXT ( ( #2364 ) ) GLOBAL_UNIT_ASSIGNED_CONTEXT ( ( #2498, #513, #4204 ) ) REPRESENTATION_CONTEXT ( 'NONE', 'WORKASPACE' ) );
#3344 = DIRECTION ( 'NONE',  ( 1.000000000000000000, 0.000000000000000000, 0.000000000000000000 ) ) ;
#3345 = AXIS2_PLACEMENT_3D ( 'NONE', #3763, #24, #3710 ) ;
#3346 = EDGE_CURVE ( 'NONE', #3631, #1472, #3312, .T. ) ;
#3347 = ORIENTED_EDGE ( 'NONE', *, *, #994, .T. ) ;
#3348 =( GEOMETRIC_REPRESENTATION_CONTEXT ( 3 ) GLOBAL_UNCERTAINTY_ASSIGNED_CONTEXT ( ( #4755 ) ) GLOBAL_UNIT_ASSIGNED_CONTEXT ( ( #1682, #3365, #4535 ) ) REPRESENTATION_CONTEXT ( 'NONE', 'WORKASPACE' ) );
#3349 = AXIS2_PLACEMENT_3D ( 'NONE', #665, #3670, #3602 ) ;
#3350 = CARTESIAN_POINT ( 'NONE',  ( -3.075000000000000178, 0.000000000000000000, -0.4350000000000319722 ) ) ;
#3351 = ORIENTED_EDGE ( 'NONE', *, *, #2880, .T. ) ;
#3352 = CARTESIAN_POINT ( 'NONE',  ( -0.2449999999999999956, 0.05000000000000000278, -2.500000000000000000 ) ) ;
#3353 = CARTESIAN_POINT ( 'NONE',  ( 2.674999999999999822, 0.2500000000000000000, 1.609068057253034922 ) ) ;
#3354 = VECTOR ( 'NONE', #1760, 1000.000000000000000 ) ;
#3355 = VECTOR ( 'NONE', #5437, 1000.000000000000000 ) ;
#3356 = ADVANCED_FACE ( 'NONE', ( #5048 ), #2874, .F. ) ;
#3357 = ORIENTED_EDGE ( 'NONE', *, *, #3632, .T. ) ;
#3358 = DIRECTION ( 'NONE',  ( 0.000000000000000000, 0.000000000000000000, -1.000000000000000000 ) ) ;
#3359 = AXIS2_PLACEMENT_3D ( 'NONE', #2839, #4949, #4505 ) ;
#3360 = VERTEX_POINT ( 'NONE', #1268 ) ;
#3361 = CARTESIAN_POINT ( 'NONE',  ( -3.075000000000000178, 0.2500000000000000000, 0.8349999999999679900 ) ) ;
#3362 = VECTOR ( 'NONE', #3265, 1000.000000000000000 ) ;
#3363 = CARTESIAN_POINT ( 'NONE',  ( 2.774999999999999911, 0.000000000000000000, -2.195931942746985222 ) ) ;
#3364 = ORIENTED_EDGE ( 'NONE', *, *, #4629, .F. ) ;
#3365 =( NAMED_UNIT ( * ) PLANE_ANGLE_UNIT ( ) SI_UNIT ( $, .RADIAN. ) );
#3366 = FILL_AREA_STYLE_COLOUR ( '', #2318 ) ;
#3367 = VERTEX_POINT ( 'NONE', #1978 ) ;
#3368 = STYLED_ITEM ( 'NONE', ( #2969 ), #1400 ) ;
#3369 = CARTESIAN_POINT ( 'NONE',  ( 3.000000000000000000, 0.2500000000000000000, 0.4349999999999829559 ) ) ;
#3370 = DIRECTION ( 'NONE',  ( 0.000000000000000000, 0.000000000000000000, -1.000000000000000000 ) ) ;
#3371 = VERTEX_POINT ( 'NONE', #3778 ) ;
#3372 = PLANE ( 'NONE',  #3976 ) ;
#3373 =( LENGTH_UNIT ( ) NAMED_UNIT ( * ) SI_UNIT ( .MILLI., .METRE. ) );
#3374 = DIRECTION ( 'NONE',  ( 0.000000000000000000, 0.000000000000000000, -1.000000000000000000 ) ) ;
#3375 = DIRECTION ( 'NONE',  ( 1.000000000000000000, 0.000000000000000000, 2.003898819367960108E-13 ) ) ;
#3376 = COLOUR_RGB ( '',0.2509803921568627416, 0.2509803921568627416, 0.2509803921568627416 ) ;
#3377 = PRESENTATION_STYLE_ASSIGNMENT (( #1693 ) ) ;
#3378 = SURFACE_STYLE_USAGE ( .BOTH. , #1274 ) ;
#3379 = APPLICATION_CONTEXT ( 'automotive_design' ) ;
#3380 = EDGE_CURVE ( 'NONE', #5039, #2033, #1565, .T. ) ;
#3381 = ORIENTED_EDGE ( 'NONE', *, *, #3867, .F. ) ;
#3382 = FILL_AREA_STYLE_COLOUR ( '', #1 ) ;
#3383 = CARTESIAN_POINT ( 'NONE',  ( -2.799999999999999822, 1.000000000000000000, -2.376151621335850006 ) ) ;
#3384 = VECTOR ( 'NONE', #601, 1000.000000000000000 ) ;
#3385 = CARTESIAN_POINT ( 'NONE',  ( 2.799999999999999822, 1.000000000000000000, 2.376151621335850006 ) ) ;
#3386 = ORIENTED_EDGE ( 'NONE', *, *, #3193, .T. ) ;
#3387 = EDGE_CURVE ( 'NONE', #3054, #2641, #2904, .T. ) ;
#3388 = EDGE_LOOP ( 'NONE', ( #4705, #432, #4678, #500 ) ) ;
#3389 = FILL_AREA_STYLE ('',( #3070 ) ) ;
#3390 = EDGE_CURVE ( 'NONE', #904, #1393, #363, .T. ) ;
#3391 = FACE_OUTER_BOUND ( 'NONE', #3538, .T. ) ;
#3392 = PLANE ( 'NONE',  #2609 ) ;
#3393 = ORIENTED_EDGE ( 'NONE', *, *, #3718, .T. ) ;
#3394 = AXIS2_PLACEMENT_3D ( 'NONE', #2691, #4272, #3455 ) ;
#3395 = LINE ( 'NONE', #525, #2450 ) ;
#3396 = ORIENTED_EDGE ( 'NONE', *, *, #3214, .T. ) ;
#3397 = EDGE_CURVE ( 'NONE', #1921, #3519, #4547, .T. ) ;
#3398 = FILL_AREA_STYLE ('',( #1710 ) ) ;
#3399 = CARTESIAN_POINT ( 'NONE',  ( -3.075000000000000178, 0.2500000000000000000, 2.104999999999970228 ) ) ;
#3400 = ORIENTED_EDGE ( 'NONE', *, *, #555, .T. ) ;
#3401 = DIRECTION ( 'NONE',  ( -2.168404344970659876E-14, 0.000000000000000000, 1.000000000000000000 ) ) ;
#3402 = CARTESIAN_POINT ( 'NONE',  ( 3.000000000000000000, 0.2500000000000000000, -2.100000000000000089 ) ) ;
#3403 = VECTOR ( 'NONE', #4544, 1000.000000000000000 ) ;
#3404 = DIRECTION ( 'NONE',  ( -1.066063828557211909E-13, 0.000000000000000000, -1.000000000000000000 ) ) ;
#3405 = ORIENTED_EDGE ( 'NONE', *, *, #2345, .F. ) ;
#3406 = CARTESIAN_POINT ( 'NONE',  ( -0.7449999999999999956, 0.2500000000000000000, 2.600000000000000089 ) ) ;
#3407 = EDGE_LOOP ( 'NONE', ( #1254, #4557, #2989, #2594, #4738, #4588 ) ) ;
#3408 = DIRECTION ( 'NONE',  ( -1.000000000000000000, 0.000000000000000000, -1.204669080539449344E-16 ) ) ;
#3409 = DIRECTION ( 'NONE',  ( -2.558075641260095193E-15, 0.000000000000000000, -1.000000000000000000 ) ) ;
#3410 = EDGE_LOOP ( 'NONE', ( #1141, #1638, #5438, #467 ) ) ;
#3411 = DIRECTION ( 'NONE',  ( 0.000000000000000000, 0.000000000000000000, -1.000000000000000000 ) ) ;
#3412 = DIRECTION ( 'NONE',  ( 0.000000000000000000, -1.000000000000000000, 0.000000000000000000 ) ) ;
#3413 = ORIENTED_EDGE ( 'NONE', *, *, #1441, .F. ) ;
#3414 = CARTESIAN_POINT ( 'NONE',  ( 2.300931942746980319, 0.05000000000000000278, -2.200000000000000178 ) ) ;
#3415 = ORIENTED_EDGE ( 'NONE', *, *, #1545, .F. ) ;
#3416 = CARTESIAN_POINT ( 'NONE',  ( -3.000000000000000000, 0.2500000000000000000, 2.299999999999999822 ) ) ;
#3417 = LINE ( 'NONE', #3863, #1086 ) ;
#3418 = DIRECTION ( 'NONE',  ( -9.912705577010320619E-15, 0.000000000000000000, 1.000000000000000000 ) ) ;
#3419 = ORIENTED_EDGE ( 'NONE', *, *, #831, .T. ) ;
#3420 = EDGE_CURVE ( 'NONE', #4448, #4538, #4790, .T. ) ;
#3421 = DIRECTION ( 'NONE',  ( 0.000000000000000000, 1.000000000000000000, 0.000000000000000000 ) ) ;
#3422 = DIRECTION ( 'NONE',  ( 0.000000000000000000, -1.000000000000000000, 0.000000000000000000 ) ) ;
#3423 = EDGE_LOOP ( 'NONE', ( #3755, #1300, #862, #243, #1095, #3558 ) ) ;
#3424 =( NAMED_UNIT ( * ) PLANE_ANGLE_UNIT ( ) SI_UNIT ( $, .RADIAN. ) );
#3425 = DIRECTION ( 'NONE',  ( 0.000000000000000000, -1.000000000000000000, 0.000000000000000000 ) ) ;
#3426 = AXIS2_PLACEMENT_3D ( 'NONE', #5376, #733, #2515 ) ;
#3427 = EDGE_CURVE ( 'NONE', #2440, #2940, #4752, .T. ) ;
#3428 = EDGE_CURVE ( 'NONE', #1875, #4095, #4699, .T. ) ;
#3429 = VERTEX_POINT ( 'NONE', #3402 ) ;
#3430 = AXIS2_PLACEMENT_3D ( 'NONE', #5343, #2602, #4158 ) ;
#3431 = LINE ( 'NONE', #1388, #1224 ) ;
#3432 = EDGE_LOOP ( 'NONE', ( #2817, #4284, #4782, #361 ) ) ;
#3433 = DIRECTION ( 'NONE',  ( 0.000000000000000000, -1.000000000000000000, 0.000000000000000000 ) ) ;
#3434 = CARTESIAN_POINT ( 'NONE',  ( -2.799999999999999822, 0.2500000000000000000, 2.500000000000000000 ) ) ;
#3435 = DIRECTION ( 'NONE',  ( 0.000000000000000000, 0.000000000000000000, -1.000000000000000000 ) ) ;
#3436 = MECHANICAL_DESIGN_GEOMETRIC_PRESENTATION_REPRESENTATION (  '', ( #1849 ), #4911 ) ;
#3437 = CARTESIAN_POINT ( 'NONE',  ( -3.000000000000000000, 0.2500000000000000000, 2.299999999999999822 ) ) ;
#3438 = ORIENTED_EDGE ( 'NONE', *, *, #1509, .T. ) ;
#3439 = SURFACE_STYLE_FILL_AREA ( #4258 ) ;
#3440 = VERTEX_POINT ( 'NONE', #2640 ) ;
#3441 = LINE ( 'NONE', #2621, #2556 ) ;
#3442 = LINE ( 'NONE', #1839, #5211 ) ;
#3443 = AXIS2_PLACEMENT_3D ( 'NONE', #2833, #4499, #5353 ) ;
#3444 = VECTOR ( 'NONE', #1189, 1000.000000000000000 ) ;
#3445 = FACE_OUTER_BOUND ( 'NONE', #792, .T. ) ;
#3446 = VERTEX_POINT ( 'NONE', #502 ) ;
#3447 = CARTESIAN_POINT ( 'NONE',  ( -3.075000000000000178, 0.2500000000000000000, -0.4350000000000319722 ) ) ;
#3448 = ORIENTED_EDGE ( 'NONE', *, *, #3346, .T. ) ;
#3449 = VECTOR ( 'NONE', #4189, 1000.000000000000000 ) ;
#3450 = ADVANCED_FACE ( 'NONE', ( #2677 ), #1389, .T. ) ;
#3451 = CARTESIAN_POINT ( 'NONE',  ( 2.770931942746980070, 0.05000000000000000278, 0.8350000000000289413 ) ) ;
#3452 =( GEOMETRIC_REPRESENTATION_CONTEXT ( 3 ) GLOBAL_UNCERTAINTY_ASSIGNED_CONTEXT ( ( #933 ) ) GLOBAL_UNIT_ASSIGNED_CONTEXT ( ( #4523, #2915, #2132 ) ) REPRESENTATION_CONTEXT ( 'NONE', 'WORKASPACE' ) );
#3453 = MECHANICAL_DESIGN_GEOMETRIC_PRESENTATION_REPRESENTATION (  '', ( #3012 ), #1914 ) ;
#3454 = DIRECTION ( 'NONE',  ( 0.000000000000000000, -1.000000000000000000, 0.000000000000000000 ) ) ;
#3455 = DIRECTION ( 'NONE',  ( -1.000000000000000000, 0.000000000000000000, -8.673617379884013384E-15 ) ) ;
#3456 = VERTEX_POINT ( 'NONE', #5172 ) ;
#3457 = DIRECTION ( 'NONE',  ( 0.000000000000000000, -1.000000000000000000, 0.000000000000000000 ) ) ;
#3458 = VECTOR ( 'NONE', #4779, 1000.000000000000000 ) ;
#3459 = DIRECTION ( 'NONE',  ( 0.000000000000000000, 1.000000000000000000, 0.000000000000000000 ) ) ;
#3460 = ADVANCED_FACE ( 'NONE', ( #1360 ), #996, .F. ) ;
#3461 = DIRECTION ( 'NONE',  ( 1.066063828557211909E-13, 0.000000000000000000, 1.000000000000000000 ) ) ;
#3462 = EDGE_CURVE ( 'NONE', #5030, #4555, #2244, .T. ) ;
#3463 =( GEOMETRIC_REPRESENTATION_CONTEXT ( 3 ) GLOBAL_UNCERTAINTY_ASSIGNED_CONTEXT ( ( #93 ) ) GLOBAL_UNIT_ASSIGNED_CONTEXT ( ( #2019, #4969, #4500 ) ) REPRESENTATION_CONTEXT ( 'NONE', 'WORKASPACE' ) );
#3464 = ADVANCED_BREP_SHAPE_REPRESENTATION ( 'STL36DN6F7', ( #462, #314, #2764 ), #1764 ) ;
#3465 = ORIENTED_EDGE ( 'NONE', *, *, #2102, .F. ) ;
#3466 = DIRECTION ( 'NONE',  ( 0.000000000000000000, 0.000000000000000000, 1.000000000000000000 ) ) ;
#3467 = CARTESIAN_POINT ( 'NONE',  ( -3.000000000000000000, 0.2500000000000000000, -2.105000000000034177 ) ) ;
#3468 = ORIENTED_EDGE ( 'NONE', *, *, #2298, .F. ) ;
#3469 = EDGE_CURVE ( 'NONE', #3001, #4225, #906, .T. ) ;
#3470 = DIRECTION ( 'NONE',  ( 0.000000000000000000, 1.000000000000000000, 0.000000000000000000 ) ) ;
#3471 = ADVANCED_FACE ( 'NONE', ( #1773 ), #2153, .T. ) ;
#3472 = PLANE ( 'NONE',  #2624 ) ;
#3473 = SURFACE_SIDE_STYLE ('',( #3556 ) ) ;
#3474 = ORIENTED_EDGE ( 'NONE', *, *, #1661, .F. ) ;
#3475 =( GEOMETRIC_REPRESENTATION_CONTEXT ( 3 ) GLOBAL_UNCERTAINTY_ASSIGNED_CONTEXT ( ( #656 ) ) GLOBAL_UNIT_ASSIGNED_CONTEXT ( ( #1935, #1500, #1074 ) ) REPRESENTATION_CONTEXT ( 'NONE', 'WORKASPACE' ) );
#3476 = DIRECTION ( 'NONE',  ( 1.000000000000000000, 0.000000000000000000, -2.558075641260095193E-15 ) ) ;
#3477 = EDGE_LOOP ( 'NONE', ( #1971, #2340, #4767, #1986, #2151, #4346 ) ) ;
#3478 = DIRECTION ( 'NONE',  ( 0.000000000000000000, 1.000000000000000000, 0.000000000000000000 ) ) ;
#3479 = EDGE_CURVE ( 'NONE', #985, #1718, #3845, .T. ) ;
#3480 = PRESENTATION_STYLE_ASSIGNMENT (( #1787 ) ) ;
#3481 = PRESENTATION_LAYER_ASSIGNMENT (  '', '', ( #2324 ) ) ;
#3482 = CYLINDRICAL_SURFACE ( 'NONE', #3188, 0.1700000000000002343 ) ;
#3483 = VERTEX_POINT ( 'NONE', #3467 ) ;
#3484 = DIRECTION ( 'NONE',  ( 0.000000000000000000, -1.000000000000000000, 0.000000000000000000 ) ) ;
#3485 = DIRECTION ( 'NONE',  ( -1.000000000000000000, 0.000000000000000000, -1.590282692950529943E-13 ) ) ;
#3486 = PLANE ( 'NONE',  #3647 ) ;
#3487 = CARTESIAN_POINT ( 'NONE',  ( -0.1490680572530187764, 0.2500000000000000000, 2.149999999999999911 ) ) ;
#3488 = SURFACE_SIDE_STYLE ('',( #2697 ) ) ;
#3489 = AXIS2_PLACEMENT_3D ( 'NONE', #3712, #2886, #2049 ) ;
#3490 = CARTESIAN_POINT ( 'NONE',  ( 3.000000000000000000, 0.2500000000000000000, 2.299999999999999822 ) ) ;
#3491 = ORIENTED_EDGE ( 'NONE', *, *, #2807, .F. ) ;
#3492 = CYLINDRICAL_SURFACE ( 'NONE', #342, 0.1700000000000000122 ) ;
#3493 = ORIENTED_EDGE ( 'NONE', *, *, #4888, .T. ) ;
#3494 = CARTESIAN_POINT ( 'NONE',  ( -2.799999999999999822, 0.2500000000000000000, -2.500000000000000000 ) ) ;
#3495 = CARTESIAN_POINT ( 'NONE',  ( 3.075000000000000178, 0.2500000000000000000, -0.8350000000000329381 ) ) ;
#3496 = DIRECTION ( 'NONE',  ( -0.000000000000000000, -0.000000000000000000, 1.000000000000000000 ) ) ;
#3497 = EDGE_LOOP ( 'NONE', ( #4062, #4626, #1947, #2887, #4374, #3656 ) ) ;
#3498 = EDGE_CURVE ( 'NONE', #3934, #330, #1747, .T. ) ;
#3499 = VECTOR ( 'NONE', #5379, 1000.000000000000000 ) ;
#3500 = CYLINDRICAL_SURFACE ( 'NONE', #82, 0.09593194274698188528 ) ;
#3501 = DIRECTION ( 'NONE',  ( 0.000000000000000000, -1.000000000000000000, 0.000000000000000000 ) ) ;
#3502 = ORIENTED_EDGE ( 'NONE', *, *, #3065, .F. ) ;
#3503 = CARTESIAN_POINT ( 'NONE',  ( -0.7449999999999999956, 0.2500000000000000000, 2.500000000000000000 ) ) ;
#3504 = CARTESIAN_POINT ( 'NONE',  ( -2.369999999999988116, -0.4366062299143245173, 0.8349999999999748734 ) ) ;
#3505 =( LENGTH_UNIT ( ) NAMED_UNIT ( * ) SI_UNIT ( .MILLI., .METRE. ) );
#3506 = ADVANCED_FACE ( 'NONE', ( #4729 ), #2578, .F. ) ;
#3507 = ADVANCED_FACE ( 'NONE', ( #3179 ), #4457, .T. ) ;
#3508 = FILL_AREA_STYLE ('',( #4297 ) ) ;
#3509 = VERTEX_POINT ( 'NONE', #1068 ) ;
#3510 = CARTESIAN_POINT ( 'NONE',  ( 1.704999999999999849, 0.05000000000000000278, 2.299999999999999822 ) ) ;
#3511 = CARTESIAN_POINT ( 'NONE',  ( 2.205000000000000071, 0.2500000000000000000, -2.500000000000000000 ) ) ;
#3512 = FACE_OUTER_BOUND ( 'NONE', #4377, .T. ) ;
#3513 = EDGE_LOOP ( 'NONE', ( #820, #5154, #1295, #3216 ) ) ;
#3514 = DIRECTION ( 'NONE',  ( 0.000000000000000000, 0.000000000000000000, 1.000000000000000000 ) ) ;
#3515 = DIRECTION ( 'NONE',  ( 0.000000000000000000, 1.000000000000000000, 0.000000000000000000 ) ) ;
#3516 = DIRECTION ( 'NONE',  ( 0.000000000000000000, -1.000000000000000000, 0.000000000000000000 ) ) ;
#3517 = DIRECTION ( 'NONE',  ( -1.000000000000000000, 0.000000000000000000, 0.000000000000000000 ) ) ;
#3518 =( NAMED_UNIT ( * ) SI_UNIT ( $, .STERADIAN. ) SOLID_ANGLE_UNIT ( ) );
#3519 = VERTEX_POINT ( 'NONE', #1534 ) ;
#3520 = CARTESIAN_POINT ( 'NONE',  ( -0.7449999999999999956, 0.000000000000000000, -2.600000000000000089 ) ) ;
#3521 = PRESENTATION_STYLE_ASSIGNMENT (( #873 ) ) ;
#3522 = ORIENTED_EDGE ( 'NONE', *, *, #2312, .T. ) ;
#3523 = CARTESIAN_POINT ( 'NONE',  ( 2.770931942746980070, 0.000000000000000000, -1.609068057253034922 ) ) ;
#3524 = AXIS2_PLACEMENT_3D ( 'NONE', #2350, #4864, #1499 ) ;
#3525 = ADVANCED_FACE ( 'NONE', ( #235 ), #2325, .T. ) ;
#3526 = LINE ( 'NONE', #3057, #3935 ) ;
#3527 = ORIENTED_EDGE ( 'NONE', *, *, #1780, .F. ) ;
#3528 = STYLED_ITEM ( 'NONE', ( #1476 ), #747 ) ;
#3529 = ORIENTED_EDGE ( 'NONE', *, *, #4291, .F. ) ;
#3530 = LINE ( 'NONE', #242, #3635 ) ;
#3531 = EDGE_LOOP ( 'NONE', ( #5277, #2118, #1737, #165 ) ) ;
#3532 = SURFACE_STYLE_USAGE ( .BOTH. , #2762 ) ;
#3533 = DIRECTION ( 'NONE',  ( 1.000000000000000000, 0.000000000000000000, 1.505836350674311988E-16 ) ) ;
#3534 = ADVANCED_FACE ( 'NONE', ( #4044 ), #3617, .F. ) ;
#3535 = VECTOR ( 'NONE', #126, 1000.000000000000000 ) ;
#3536 = STYLED_ITEM ( 'NONE', ( #3594 ), #3534 ) ;
#3537 = PRESENTATION_STYLE_ASSIGNMENT (( #4822 ) ) ;
#3538 = EDGE_LOOP ( 'NONE', ( #1716, #3618, #4089, #1228 ) ) ;
#3539 = CARTESIAN_POINT ( 'NONE',  ( -0.1490680572530186099, 0.2500000000000000000, -2.149999999999999911 ) ) ;
#3540 = LINE ( 'NONE', #522, #1892 ) ;
#3541 = EDGE_CURVE ( 'NONE', #721, #795, #4385, .T. ) ;
#3542 = VECTOR ( 'NONE', #1813, 1000.000000000000000 ) ;
#3543 = FILL_AREA_STYLE_COLOUR ( '', #5312 ) ;
#3544 = VECTOR ( 'NONE', #101, 1000.000000000000000 ) ;
#3545 = DIRECTION ( 'NONE',  ( 0.000000000000000000, 0.000000000000000000, -1.000000000000000000 ) ) ;
#3546 = FILL_AREA_STYLE ('',( #3948 ) ) ;
#3547 = EDGE_CURVE ( 'NONE', #1207, #2628, #5203, .T. ) ;
#3548 = DIRECTION ( 'NONE',  ( 0.000000000000000000, -1.000000000000000000, 0.000000000000000000 ) ) ;
#3549 = UNCERTAINTY_MEASURE_WITH_UNIT (LENGTH_MEASURE( 1.000000000000000082E-05 ), #3373, 'distance_accuracy_value', 'NONE');
#3550 = VECTOR ( 'NONE', #2112, 1000.000000000000000 ) ;
#3551 = AXIS2_PLACEMENT_3D ( 'NONE', #4175, #796, #4997 ) ;
#3552 = DIRECTION ( 'NONE',  ( 0.000000000000000000, 0.000000000000000000, -1.000000000000000000 ) ) ;
#3553 = VECTOR ( 'NONE', #4529, 1000.000000000000000 ) ;
#3554 = ORIENTED_EDGE ( 'NONE', *, *, #2881, .T. ) ;
#3555 = DIRECTION ( 'NONE',  ( 0.000000000000000000, 0.000000000000000000, 1.000000000000000000 ) ) ;
#3556 = SURFACE_STYLE_FILL_AREA ( #1806 ) ;
#3557 = SURFACE_STYLE_FILL_AREA ( #617 ) ;
#3558 = ORIENTED_EDGE ( 'NONE', *, *, #2545, .F. ) ;
#3559 = SURFACE_STYLE_USAGE ( .BOTH. , #4376 ) ;
#3560 = ORIENTED_EDGE ( 'NONE', *, *, #3397, .F. ) ;
#3561 = SURFACE_STYLE_USAGE ( .BOTH. , #2651 ) ;
#3562 = CARTESIAN_POINT ( 'NONE',  ( -3.000000000000000000, 0.05000000000000000278, 2.299999999999999822 ) ) ;
#3563 = SURFACE_STYLE_FILL_AREA ( #1872 ) ;
#3564 = AXIS2_PLACEMENT_3D ( 'NONE', #2710, #2305, #5256 ) ;
#3565 = ADVANCED_FACE ( 'NONE', ( #4831 ), #1044, .F. ) ;
#3566 = CARTESIAN_POINT ( 'NONE',  ( 3.000000000000000000, 0.05000000000000000278, 2.299999999999999822 ) ) ;
#3567 = ORIENTED_EDGE ( 'NONE', *, *, #58, .F. ) ;
#3568 = SURFACE_STYLE_FILL_AREA ( #1405 ) ;
#3569 = AXIS2_PLACEMENT_3D ( 'NONE', #1119, #2427, #4102 ) ;
#3570 = DIRECTION ( 'NONE',  ( 0.000000000000000000, 0.000000000000000000, -1.000000000000000000 ) ) ;
#3571 = VECTOR ( 'NONE', #4806, 1000.000000000000000 ) ;
#3572 = EDGE_CURVE ( 'NONE', #1875, #1864, #2865, .T. ) ;
#3573 = EDGE_CURVE ( 'NONE', #1117, #4326, #688, .T. ) ;
#3574 = DIRECTION ( 'NONE',  ( 0.000000000000000000, 0.000000000000000000, -1.000000000000000000 ) ) ;
#3575 = DIRECTION ( 'NONE',  ( 0.000000000000000000, -1.000000000000000000, 0.000000000000000000 ) ) ;
#3576 = CIRCLE ( 'NONE', #5237, 0.09593194274698166324 ) ;
#3577 = ADVANCED_FACE ( 'NONE', ( #4597 ), #3748, .T. ) ;
#3578 = CARTESIAN_POINT ( 'NONE',  ( 0.000000000000000000, 0.000000000000000000, 0.000000000000000000 ) ) ;
#3579 = EDGE_LOOP ( 'NONE', ( #2792, #1993, #1176, #726 ) ) ;
#3580 = FILL_AREA_STYLE_COLOUR ( '', #2197 ) ;
#3581 = DIRECTION ( 'NONE',  ( 1.000000000000000000, 0.000000000000000000, 0.000000000000000000 ) ) ;
#3582 = AXIS2_PLACEMENT_3D ( 'NONE', #1351, #2264, #1793 ) ;
#3583 = CARTESIAN_POINT ( 'NONE',  ( 2.799999999999999822, 0.9499999999999999556, 2.299999999999999822 ) ) ;
#3584 = VERTEX_POINT ( 'NONE', #2 ) ;
#3585 = FILL_AREA_STYLE_COLOUR ( '', #5444 ) ;
#3586 = LINE ( 'NONE', #5261, #4927 ) ;
#3587 = ORIENTED_EDGE ( 'NONE', *, *, #1323, .F. ) ;
#3588 = AXIS2_PLACEMENT_3D ( 'NONE', #5148, #1363, #2643 ) ;
#3589 = CARTESIAN_POINT ( 'NONE',  ( -3.000000000000000000, 0.04999999999999999584, -2.105000000000034621 ) ) ;
#3590 = FACE_OUTER_BOUND ( 'NONE', #3325, .T. ) ;
#3591 = CARTESIAN_POINT ( 'NONE',  ( -0.2449999999999999956, 0.2500000000000000000, -2.600000000000000089 ) ) ;
#3592 = EDGE_CURVE ( 'NONE', #2349, #4998, #428, .T. ) ;
#3593 = UNCERTAINTY_MEASURE_WITH_UNIT (LENGTH_MEASURE( 1.000000000000000082E-05 ), #3505, 'distance_accuracy_value', 'NONE');
#3594 = PRESENTATION_STYLE_ASSIGNMENT (( #4018 ) ) ;
#3595 = VERTEX_POINT ( 'NONE', #701 ) ;
#3596 = PLANE ( 'NONE',  #1859 ) ;
#3597 = EDGE_CURVE ( 'NONE', #1732, #4764, #2480, .T. ) ;
#3598 = CARTESIAN_POINT ( 'NONE',  ( -3.000000000000000000, 0.05000000000000000278, 2.104999999999970228 ) ) ;
#3599 = CARTESIAN_POINT ( 'NONE',  ( -2.799999999999999822, 0.2500000000000000000, -2.299999999999999822 ) ) ;
#3600 = DIRECTION ( 'NONE',  ( 1.000000000000000000, 0.000000000000000000, -1.590282692950529943E-13 ) ) ;
#3601 = ORIENTED_EDGE ( 'NONE', *, *, #3157, .T. ) ;
#3602 = DIRECTION ( 'NONE',  ( 0.000000000000000000, 0.000000000000000000, 1.000000000000000000 ) ) ;
#3603 = MECHANICAL_DESIGN_GEOMETRIC_PRESENTATION_REPRESENTATION (  '', ( #2446 ), #2089 ) ;
#3604 = VECTOR ( 'NONE', #2184, 1000.000000000000000 ) ;
#3605 = DIRECTION ( 'NONE',  ( 0.000000000000000000, -1.000000000000000000, 0.000000000000000000 ) ) ;
#3606 = ORIENTED_EDGE ( 'NONE', *, *, #3207, .T. ) ;
#3607 = AXIS2_PLACEMENT_3D ( 'NONE', #2871, #2512, #1239 ) ;
#3608 = CARTESIAN_POINT ( 'NONE',  ( 2.799999999999999822, 0.9552264231633830205, 2.299999999999999822 ) ) ;
#3609 = AXIS2_PLACEMENT_3D ( 'NONE', #146, #5328, #4468 ) ;
#3610 = VECTOR ( 'NONE', #3247, 1000.000000000000000 ) ;
#3611 = ORIENTED_EDGE ( 'NONE', *, *, #5062, .T. ) ;
#3612 = CARTESIAN_POINT ( 'NONE',  ( 2.205000000000000071, 0.2500000000000000000, -2.600000000000000089 ) ) ;
#3613 =( NAMED_UNIT ( * ) PLANE_ANGLE_UNIT ( ) SI_UNIT ( $, .RADIAN. ) );
#3614 = CIRCLE ( 'NONE', #3972, 0.09593194274698166324 ) ;
#3615 = CIRCLE ( 'NONE', #3349, 0.07615162133585039184 ) ;
#3616 = ADVANCED_FACE ( 'NONE', ( #4951 ), #5423, .F. ) ;
#3617 = PLANE ( 'NONE',  #5281 ) ;
#3618 = ORIENTED_EDGE ( 'NONE', *, *, #5033, .T. ) ;
#3619 = FILL_AREA_STYLE_COLOUR ( '', #540 ) ;
#3620 =( NAMED_UNIT ( * ) SI_UNIT ( $, .STERADIAN. ) SOLID_ANGLE_UNIT ( ) );
#3621 = VECTOR ( 'NONE', #1108, 1000.000000000000000 ) ;
#3622 = EDGE_CURVE ( 'NONE', #2159, #2610, #1758, .T. ) ;
#3623 = ORIENTED_EDGE ( 'NONE', *, *, #5177, .T. ) ;
#3624 = VECTOR ( 'NONE', #5007, 1000.000000000000000 ) ;
#3625 = DIRECTION ( 'NONE',  ( 8.673617379884011806E-15, -7.564603534924490029E-29, -1.000000000000000000 ) ) ;
#3626 = VERTEX_POINT ( 'NONE', #3363 ) ;
#3627 = EDGE_CURVE ( 'NONE', #2550, #274, #3330, .T. ) ;
#3628 = DIRECTION ( 'NONE',  ( 0.000000000000000000, -1.000000000000000000, 0.000000000000000000 ) ) ;
#3629 = PRODUCT_DEFINITION_FORMATION_WITH_SPECIFIED_SOURCE ( 'ANY', '', #1252, .NOT_KNOWN. ) ;
#3630 = DIRECTION ( 'NONE',  ( 1.000000000000000000, 0.000000000000000000, 1.084202172485504118E-14 ) ) ;
#3631 = VERTEX_POINT ( 'NONE', #3659 ) ;
#3632 = EDGE_CURVE ( 'NONE', #2949, #5183, #2816, .T. ) ;
#3633 = PLANE ( 'NONE',  #4131 ) ;
#3634 = ORIENTED_EDGE ( 'NONE', *, *, #2941, .T. ) ;
#3635 = VECTOR ( 'NONE', #1474, 1000.000000000000000 ) ;
#3636 = ORIENTED_EDGE ( 'NONE', *, *, #594, .T. ) ;
#3637 = CARTESIAN_POINT ( 'NONE',  ( -2.799999999999999822, 0.9552264231633830205, 2.425877716104265058 ) ) ;
#3638 = PRESENTATION_LAYER_ASSIGNMENT (  '', '', ( #2405 ) ) ;
#3639 = ORIENTED_EDGE ( 'NONE', *, *, #4774, .T. ) ;
#3640 = CARTESIAN_POINT ( 'NONE',  ( 1.699999999999999956, 1.000000000000000000, 0.000000000000000000 ) ) ;
#3641 = DIRECTION ( 'NONE',  ( -0.000000000000000000, 1.000000000000000000, -0.000000000000000000 ) ) ;
#3642 = ORIENTED_EDGE ( 'NONE', *, *, #3597, .T. ) ;
#3643 = CARTESIAN_POINT ( 'NONE',  ( -0.1490680572530186099, 0.2500000000000000000, -2.149999999999999911 ) ) ;
#3644 = ORIENTED_EDGE ( 'NONE', *, *, #1059, .F. ) ;
#3645 = DIRECTION ( 'NONE',  ( 0.000000000000000000, 0.000000000000000000, -1.000000000000000000 ) ) ;
#3646 = ADVANCED_FACE ( 'NONE', ( #2390 ), #3721, .F. ) ;
#3647 = AXIS2_PLACEMENT_3D ( 'NONE', #1379, #3418, #2175 ) ;
#3648 = LINE ( 'NONE', #3234, #3108 ) ;
#3649 = ORIENTED_EDGE ( 'NONE', *, *, #2213, .T. ) ;
#3650 = DIRECTION ( 'NONE',  ( 0.000000000000000000, -1.000000000000000000, 0.000000000000000000 ) ) ;
#3651 = CARTESIAN_POINT ( 'NONE',  ( -2.369999999999988560, -1.084202172485504434E-16, 0.4349999999999749067 ) ) ;
#3652 = ADVANCED_FACE ( 'NONE', ( #4924 ), #297, .T. ) ;
#3653 = EDGE_CURVE ( 'NONE', #2141, #1332, #1140, .T. ) ;
#3654 = ORIENTED_EDGE ( 'NONE', *, *, #4471, .T. ) ;
#3655 = VECTOR ( 'NONE', #2430, 1000.000000000000000 ) ;
#3656 = ORIENTED_EDGE ( 'NONE', *, *, #336, .F. ) ;
#3657 = DIRECTION ( 'NONE',  ( -1.000000000000000000, 0.000000000000000000, 0.000000000000000000 ) ) ;
#3658 = CARTESIAN_POINT ( 'NONE',  ( 3.075000000000000178, 0.2500000000000000000, 0.4349999999999680234 ) ) ;
#3659 = CARTESIAN_POINT ( 'NONE',  ( 2.674999999999999822, 0.000000000000000000, -0.3249999999999996780 ) ) ;
#3660 = VERTEX_POINT ( 'NONE', #4160 ) ;
#3661 =( NAMED_UNIT ( * ) PLANE_ANGLE_UNIT ( ) SI_UNIT ( $, .RADIAN. ) );
#3662 = CARTESIAN_POINT ( 'NONE',  ( -0.2449999999999999956, 0.05000000000000000278, 2.299999999999999822 ) ) ;
#3663 = CARTESIAN_POINT ( 'NONE',  ( 1.704999999999999849, 0.000000000000000000, -2.600000000000000089 ) ) ;
#3664 = ORIENTED_EDGE ( 'NONE', *, *, #983, .F. ) ;
#3665 = CYLINDRICAL_SURFACE ( 'NONE', #3430, 0.07499999999999998335 ) ;
#3666 = CARTESIAN_POINT ( 'NONE',  ( 2.870931942746980159, 0.05000000000000000278, -2.195931942746985222 ) ) ;
#3667 = CARTESIAN_POINT ( 'NONE',  ( 2.770931942746990284, 0.000000000000000000, 0.3390680572530349601 ) ) ;
#3668 = EDGE_CURVE ( 'NONE', #759, #451, #404, .T. ) ;
#3669 = ORIENTED_EDGE ( 'NONE', *, *, #3479, .F. ) ;
#3670 = DIRECTION ( 'NONE',  ( 0.000000000000000000, 1.000000000000000000, 0.000000000000000000 ) ) ;
#3671 = LINE ( 'NONE', #4143, #3403 ) ;
#3672 = ORIENTED_EDGE ( 'NONE', *, *, #2129, .T. ) ;
#3673 = DIRECTION ( 'NONE',  ( 0.000000000000000000, 0.000000000000000000, -1.000000000000000000 ) ) ;
#3674 = EDGE_CURVE ( 'NONE', #1008, #1619, #2289, .T. ) ;
#3675 = ORIENTED_EDGE ( 'NONE', *, *, #185, .T. ) ;
#3676 = CARTESIAN_POINT ( 'NONE',  ( 2.870931942746980159, 0.2500000000000000000, 2.195931942746985222 ) ) ;
#3677 = CARTESIAN_POINT ( 'NONE',  ( 2.674999999999999822, 0.2500000000000000000, -1.609068057253034922 ) ) ;
#3678 = PRESENTATION_LAYER_ASSIGNMENT (  '', '', ( #602 ) ) ;
#3679 = DIRECTION ( 'NONE',  ( 0.000000000000000000, 1.000000000000000000, 0.000000000000000000 ) ) ;
#3680 = ORIENTED_EDGE ( 'NONE', *, *, #1111, .T. ) ;
#3681 = AXIS2_PLACEMENT_3D ( 'NONE', #4631, #304, #1620 ) ;
#3682 = EDGE_CURVE ( 'NONE', #1557, #1732, #609, .T. ) ;
#3683 = ORIENTED_EDGE ( 'NONE', *, *, #4648, .F. ) ;
#3684 = EDGE_CURVE ( 'NONE', #4038, #4975, #4978, .T. ) ;
#3685 = DIRECTION ( 'NONE',  ( 0.000000000000000000, 0.000000000000000000, 1.000000000000000000 ) ) ;
#3686 = CIRCLE ( 'NONE', #5280, 0.1700000000000000122 ) ;
#3687 = AXIS2_PLACEMENT_3D ( 'NONE', #1613, #4509, #4094 ) ;
#3688 = VECTOR ( 'NONE', #745, 1000.000000000000000 ) ;
#3689 = CIRCLE ( 'NONE', #4041, 0.1258777161042643478 ) ;
#3690 = CARTESIAN_POINT ( 'NONE',  ( -3.074999999999960210, 0.2500000000000000000, -1.705000000000029825 ) ) ;
#3691 = ORIENTED_EDGE ( 'NONE', *, *, #258, .T. ) ;
#3692 = ADVANCED_FACE ( 'NONE', ( #2419 ), #321, .T. ) ;
#3693 = FILL_AREA_STYLE_COLOUR ( '', #434 ) ;
#3694 = MECHANICAL_DESIGN_GEOMETRIC_PRESENTATION_REPRESENTATION (  '', ( #2294 ), #2022 ) ;
#3695 =( LENGTH_UNIT ( ) NAMED_UNIT ( * ) SI_UNIT ( .MILLI., .METRE. ) );
#3696 = LINE ( 'NONE', #5372, #4119 ) ;
#3697 = CARTESIAN_POINT ( 'NONE',  ( -0.1490680572530187764, 0.000000000000000000, 2.245931942746980159 ) ) ;
#3698 = VERTEX_POINT ( 'NONE', #1383 ) ;
#3699 = DIRECTION ( 'NONE',  ( 0.000000000000000000, 1.000000000000000000, 0.000000000000000000 ) ) ;
#3700 = ORIENTED_EDGE ( 'NONE', *, *, #1734, .T. ) ;
#3701 = CARTESIAN_POINT ( 'NONE',  ( -0.7449999999999999956, 0.2500000000000000000, 2.600000000000000089 ) ) ;
#3702 = VECTOR ( 'NONE', #1185, 1000.000000000000000 ) ;
#3703 = COLOUR_RGB ( '',0.2509803921568627416, 0.2509803921568627416, 0.2509803921568627416 ) ;
#3704 = CARTESIAN_POINT ( 'NONE',  ( -0.2449999999999999956, 0.2500000000000000000, 2.600000000000000089 ) ) ;
#3705 = ORIENTED_EDGE ( 'NONE', *, *, #4507, .T. ) ;
#3706 = VECTOR ( 'NONE', #2081, 1000.000000000000000 ) ;
#3707 = AXIS2_PLACEMENT_3D ( 'NONE', #2889, #4685, #1726 ) ;
#3708 = CARTESIAN_POINT ( 'NONE',  ( 2.770931942746980070, 0.05000000000000000278, -0.4350000000000290301 ) ) ;
#3709 = EDGE_LOOP ( 'NONE', ( #4622, #2460, #200, #4916 ) ) ;
#3710 = DIRECTION ( 'NONE',  ( 0.000000000000000000, 0.000000000000000000, -1.000000000000000000 ) ) ;
#3711 = DIRECTION ( 'NONE',  ( 0.000000000000000000, 0.000000000000000000, 1.000000000000000000 ) ) ;
#3712 = CARTESIAN_POINT ( 'NONE',  ( -0.8409319427469820196, 0.000000000000000000, 2.245931942746980159 ) ) ;
#3713 = EDGE_CURVE ( 'NONE', #759, #478, #2148, .T. ) ;
#3714 = ORIENTED_EDGE ( 'NONE', *, *, #1050, .F. ) ;
#3715 = DIRECTION ( 'NONE',  ( -1.000000000000000000, 0.000000000000000000, 0.000000000000000000 ) ) ;
#3716 = ORIENTED_EDGE ( 'NONE', *, *, #3067, .T. ) ;
#3717 = CARTESIAN_POINT ( 'NONE',  ( -2.799999999999999822, 0.2500000000000000000, -2.299999999999999822 ) ) ;
#3718 = EDGE_CURVE ( 'NONE', #3509, #1380, #5101, .T. ) ;
#3719 = PRESENTATION_LAYER_ASSIGNMENT (  '', '', ( #3368 ) ) ;
#3720 = EDGE_CURVE ( 'NONE', #330, #4713, #4304, .T. ) ;
#3721 = PLANE ( 'NONE',  #3337 ) ;
#3722 = ORIENTED_EDGE ( 'NONE', *, *, #4714, .T. ) ;
#3723 = TOROIDAL_SURFACE ( 'NONE', #2042, 0.07615162133585058613, 0.05000000000000000278 ) ;
#3724 = LINE ( 'NONE', #4129, #2343 ) ;
#3725 = LINE ( 'NONE', #3279, #3203 ) ;
#3726 = CARTESIAN_POINT ( 'NONE',  ( -2.799999999999999822, 0.2500000000000000000, 2.500000000000000000 ) ) ;
#3727 = EDGE_CURVE ( 'NONE', #755, #5068, #963, .T. ) ;
#3728 = EDGE_CURVE ( 'NONE', #1652, #1207, #2178, .T. ) ;
#3729 = ORIENTED_EDGE ( 'NONE', *, *, #169, .T. ) ;
#3730 = DIRECTION ( 'NONE',  ( 0.000000000000000000, 0.000000000000000000, -1.000000000000000000 ) ) ;
#3731 = EDGE_LOOP ( 'NONE', ( #1685, #4174, #1397, #4776 ) ) ;
#3732 = DIRECTION ( 'NONE',  ( 0.000000000000000000, -1.000000000000000000, 0.000000000000000000 ) ) ;
#3733 = CARTESIAN_POINT ( 'NONE',  ( -2.799999999999999822, 0.05000000000000000278, -2.500000000000000000 ) ) ;
#3734 = CARTESIAN_POINT ( 'NONE',  ( 1.704999999999999849, 0.05000000000000000278, -2.245931942746980159 ) ) ;
#3735 = ORIENTED_EDGE ( 'NONE', *, *, #4081, .F. ) ;
#3736 = CARTESIAN_POINT ( 'NONE',  ( -2.369999999999960583, 0.000000000000000000, -1.935000000000024922 ) ) ;
#3737 = ORIENTED_EDGE ( 'NONE', *, *, #4017, .F. ) ;
#3738 = CARTESIAN_POINT ( 'NONE',  ( -0.9250000000000000444, 0.05000000000000000278, 2.299999999999999822 ) ) ;
#3739 = DIRECTION ( 'NONE',  ( 0.000000000000000000, 0.000000000000000000, 1.000000000000000000 ) ) ;
#3740 = LINE ( 'NONE', #2077, #3553 ) ;
#3741 = LINE ( 'NONE', #5002, #4364 ) ;
#3742 = AXIS2_PLACEMENT_3D ( 'NONE', #1990, #1221, #4088 ) ;
#3743 = ORIENTED_EDGE ( 'NONE', *, *, #1529, .T. ) ;
#3744 = ORIENTED_EDGE ( 'NONE', *, *, #4962, .T. ) ;
#3745 = DIRECTION ( 'NONE',  ( 0.000000000000000000, 0.000000000000000000, -1.000000000000000000 ) ) ;
#3746 = ORIENTED_EDGE ( 'NONE', *, *, #3541, .F. ) ;
#3747 = AXIS2_PLACEMENT_3D ( 'NONE', #4611, #1691, #3375 ) ;
#3748 = PLANE ( 'NONE',  #266 ) ;
#3749 = ORIENTED_EDGE ( 'NONE', *, *, #58, .T. ) ;
#3750 = EDGE_CURVE ( 'NONE', #2083, #4393, #2635, .T. ) ;
#3751 = CARTESIAN_POINT ( 'NONE',  ( -2.199999999999987299, 0.05000000000000000278, 0.6649999999999737232 ) ) ;
#3752 = CARTESIAN_POINT ( 'NONE',  ( -2.199999999999960654, -1.084202172485504434E-16, -1.935000000000023590 ) ) ;
#3753 = FILL_AREA_STYLE ('',( #4981 ) ) ;
#3754 = LINE ( 'NONE', #2035, #5198 ) ;
#3755 = ORIENTED_EDGE ( 'NONE', *, *, #5307, .F. ) ;
#3756 = DIRECTION ( 'NONE',  ( 0.000000000000000000, -1.000000000000000000, 0.000000000000000000 ) ) ;
#3757 = ORIENTED_EDGE ( 'NONE', *, *, #4953, .F. ) ;
#3758 = CARTESIAN_POINT ( 'NONE',  ( 1.609068057253020045, 0.000000000000000000, 2.149999999999999911 ) ) ;
#3759 = EDGE_CURVE ( 'NONE', #2159, #4947, #3395, .T. ) ;
#3760 = CARTESIAN_POINT ( 'NONE',  ( 3.000000000000000000, 0.2500000000000000000, 2.299999999999999822 ) ) ;
#3761 = ORIENTED_EDGE ( 'NONE', *, *, #2531, .T. ) ;
#3762 = ORIENTED_EDGE ( 'NONE', *, *, #1908, .F. ) ;
#3763 = CARTESIAN_POINT ( 'NONE',  ( 2.770931942746990284, 0.2500000000000000000, -0.3390680572530349601 ) ) ;
#3764 = ORIENTED_EDGE ( 'NONE', *, *, #1050, .T. ) ;
#3765 = CARTESIAN_POINT ( 'NONE',  ( -0.9250000000000000444, 0.05000000000000000278, -1.743721152139079855 ) ) ;
#3766 = ORIENTED_EDGE ( 'NONE', *, *, #2595, .T. ) ;
#3767 = CARTESIAN_POINT ( 'NONE',  ( 3.000000000000000000, 0.2500000000000000000, 2.299999999999999822 ) ) ;
#3768 = LINE ( 'NONE', #1229, #2115 ) ;
#3769 =( GEOMETRIC_REPRESENTATION_CONTEXT ( 3 ) GLOBAL_UNCERTAINTY_ASSIGNED_CONTEXT ( ( #1447 ) ) GLOBAL_UNIT_ASSIGNED_CONTEXT ( ( #2712, #1457, #4841 ) ) REPRESENTATION_CONTEXT ( 'NONE', 'WORKASPACE' ) );
#3770 = DIRECTION ( 'NONE',  ( 0.000000000000000000, 0.000000000000000000, -1.000000000000000000 ) ) ;
#3771 = ORIENTED_EDGE ( 'NONE', *, *, #4830, .F. ) ;
#3772 = LINE ( 'NONE', #1198, #3183 ) ;
#3773 = AXIS2_PLACEMENT_3D ( 'NONE', #4071, #2448, #302 ) ;
#3774 = DIRECTION ( 'NONE',  ( -1.084202172485504118E-14, 0.000000000000000000, 1.000000000000000000 ) ) ;
#3775 = EDGE_CURVE ( 'NONE', #1745, #2641, #553, .T. ) ;
#3776 = AXIS2_PLACEMENT_3D ( 'NONE', #1038, #1414, #3545 ) ;
#3777 = ORIENTED_EDGE ( 'NONE', *, *, #2724, .T. ) ;
#3778 = CARTESIAN_POINT ( 'NONE',  ( 2.770931942746980070, 0.000000000000000000, 0.4350000000000285305 ) ) ;
#3779 = LINE ( 'NONE', #2936, #4063 ) ;
#3780 = ORIENTED_EDGE ( 'NONE', *, *, #47, .T. ) ;
#3781 = LINE ( 'NONE', #1299, #2206 ) ;
#3782 = DIRECTION ( 'NONE',  ( 1.000000000000000000, 0.000000000000000000, -1.590282692950529943E-13 ) ) ;
#3783 = VECTOR ( 'NONE', #1277, 1000.000000000000000 ) ;
#3784 = DIRECTION ( 'NONE',  ( 0.000000000000000000, 0.000000000000000000, -1.000000000000000000 ) ) ;
#3785 = ORIENTED_EDGE ( 'NONE', *, *, #205, .T. ) ;
#3786 = EDGE_CURVE ( 'NONE', #2946, #3262, #5355, .T. ) ;
#3787 = EDGE_CURVE ( 'NONE', #4444, #3360, #3090, .T. ) ;
#3788 = AXIS2_PLACEMENT_3D ( 'NONE', #1717, #5405, #793 ) ;
#3789 = CARTESIAN_POINT ( 'NONE',  ( -2.799999999999999822, 0.05000000000000000278, 2.500000000000000000 ) ) ;
#3790 = FILL_AREA_STYLE_COLOUR ( '', #4943 ) ;
#3791 = ORIENTED_EDGE ( 'NONE', *, *, #4360, .T. ) ;
#3792 = LINE ( 'NONE', #3883, #1930 ) ;
#3793 = LINE ( 'NONE', #2047, #3783 ) ;
#3794 = AXIS2_PLACEMENT_3D ( 'NONE', #1675, #2056, #1137 ) ;
#3795 = CYLINDRICAL_SURFACE ( 'NONE', #719, 0.09593194274698166324 ) ;
#3796 = VECTOR ( 'NONE', #3630, 1000.000000000000000 ) ;
#3797 = ORIENTED_EDGE ( 'NONE', *, *, #1323, .T. ) ;
#3798 = ADVANCED_FACE ( 'NONE', ( #1765 ), #3896, .T. ) ;
#3799 = SURFACE_SIDE_STYLE ('',( #2596 ) ) ;
#3800 = ORIENTED_EDGE ( 'NONE', *, *, #3830, .F. ) ;
#3801 = CARTESIAN_POINT ( 'NONE',  ( -2.369999999999961471, 0.05000000000000000278, -1.705000000000025162 ) ) ;
#3802 = ORIENTED_EDGE ( 'NONE', *, *, #3469, .F. ) ;
#3803 = PLANE ( 'NONE',  #2997 ) ;
#3804 = ORIENTED_EDGE ( 'NONE', *, *, #3573, .T. ) ;
#3805 = CARTESIAN_POINT ( 'NONE',  ( 2.799999999999999822, 0.2500000000000000000, -2.299999999999999822 ) ) ;
#3806 = VECTOR ( 'NONE', #2649, 1000.000000000000000 ) ;
#3807 = VERTEX_POINT ( 'NONE', #5137 ) ;
#3808 = CARTESIAN_POINT ( 'NONE',  ( 1.699999999999999956, 1.000000000000000000, 0.5999999999999999778 ) ) ;
#3809 = CIRCLE ( 'NONE', #3201, 0.1258777161042643478 ) ;
#3810 =( NAMED_UNIT ( * ) SI_UNIT ( $, .STERADIAN. ) SOLID_ANGLE_UNIT ( ) );
#3811 = CARTESIAN_POINT ( 'NONE',  ( 3.000000000000000000, 0.05000000000000000278, -2.299999999999999822 ) ) ;
#3812 = ORIENTED_EDGE ( 'NONE', *, *, #5336, .F. ) ;
#3813 = CARTESIAN_POINT ( 'NONE',  ( -2.370000000000000995, 0.05000000000000000278, 2.104999999999975113 ) ) ;
#3814 = CYLINDRICAL_SURFACE ( 'NONE', #5325, 0.09593194274698166324 ) ;
#3815 = PRESENTATION_LAYER_ASSIGNMENT (  '', '', ( #1795 ) ) ;
#3816 = ORIENTED_EDGE ( 'NONE', *, *, #4425, .T. ) ;
#3817 = DIRECTION ( 'NONE',  ( 0.000000000000000000, 1.000000000000000000, 0.000000000000000000 ) ) ;
#3818 =( LENGTH_UNIT ( ) NAMED_UNIT ( * ) SI_UNIT ( .MILLI., .METRE. ) );
#3819 = ORIENTED_EDGE ( 'NONE', *, *, #1587, .T. ) ;
#3820 = PRESENTATION_STYLE_ASSIGNMENT (( #4710 ) ) ;
#3821 = DIRECTION ( 'NONE',  ( 0.000000000000000000, 0.000000000000000000, 1.000000000000000000 ) ) ;
#3822 = VECTOR ( 'NONE', #4134, 1000.000000000000000 ) ;
#3823 = ADVANCED_FACE ( 'NONE', ( #64 ), #4625, .T. ) ;
#3824 = LINE ( 'NONE', #3005, #897 ) ;
#3825 = PLANE ( 'NONE',  #5297 ) ;
#3826 = ORIENTED_EDGE ( 'NONE', *, *, #3787, .F. ) ;
#3827 = CARTESIAN_POINT ( 'NONE',  ( -0.8409319427469820196, 0.000000000000000000, -2.149999999999999911 ) ) ;
#3828 = CARTESIAN_POINT ( 'NONE',  ( 2.300931942746980319, 0.2500000000000000000, -2.295931942746979981 ) ) ;
#3829 = CARTESIAN_POINT ( 'NONE',  ( 2.870931942746980159, 0.2500000000000000000, -2.100000000000000089 ) ) ;
#3830 = EDGE_CURVE ( 'NONE', #4496, #2428, #4277, .T. ) ;
#3831 = LINE ( 'NONE', #61, #1462 ) ;
#3832 = ADVANCED_FACE ( 'NONE', ( #1736 ), #3803, .T. ) ;
#3833 = FACE_OUTER_BOUND ( 'NONE', #3858, .T. ) ;
#3834 = LINE ( 'NONE', #4956, #3822 ) ;
#3835 = AXIS2_PLACEMENT_3D ( 'NONE', #1411, #4781, #493 ) ;
#3836 = DIRECTION ( 'NONE',  ( 1.084202172485504118E-14, 0.000000000000000000, -1.000000000000000000 ) ) ;
#3837 = VERTEX_POINT ( 'NONE', #832 ) ;
#3838 = DIRECTION ( 'NONE',  ( 2.558075641260095193E-15, 0.000000000000000000, 1.000000000000000000 ) ) ;
#3839 =( LENGTH_UNIT ( ) NAMED_UNIT ( * ) SI_UNIT ( .MILLI., .METRE. ) );
#3840 = FILL_AREA_STYLE_COLOUR ( '', #5235 ) ;
#3841 = FACE_OUTER_BOUND ( 'NONE', #2088, .T. ) ;
#3842 = CARTESIAN_POINT ( 'NONE',  ( 2.770931942746995169, 0.000000000000000000, -1.704999999999999849 ) ) ;
#3843 = VERTEX_POINT ( 'NONE', #2533 ) ;
#3844 = CARTESIAN_POINT ( 'NONE',  ( -2.799999999999999822, 0.2500000000000000000, -2.500000000000000000 ) ) ;
#3845 = LINE ( 'NONE', #5079, #257 ) ;
#3846 = VECTOR ( 'NONE', #1602, 1000.000000000000000 ) ;
#3847 = DIRECTION ( 'NONE',  ( 0.000000000000000000, -1.000000000000000000, 0.000000000000000000 ) ) ;
#3848 = ORIENTED_EDGE ( 'NONE', *, *, #917, .T. ) ;
#3849 = DIRECTION ( 'NONE',  ( 0.000000000000000000, 1.000000000000000000, 0.000000000000000000 ) ) ;
#3850 = ORIENTED_EDGE ( 'NONE', *, *, #3390, .T. ) ;
#3851 = EDGE_CURVE ( 'NONE', #4799, #2842, #3868, .T. ) ;
#3852 = FACE_OUTER_BOUND ( 'NONE', #4367, .T. ) ;
#3853 = SURFACE_SIDE_STYLE ('',( #2517 ) ) ;
#3854 = VERTEX_POINT ( 'NONE', #431 ) ;
#3855 = CARTESIAN_POINT ( 'NONE',  ( 2.774999999999999911, 0.05000000000000000278, -2.195931942746985222 ) ) ;
#3856 = CARTESIAN_POINT ( 'NONE',  ( 1.704999999999999849, 0.2500000000000000000, -2.600000000000000089 ) ) ;
#3857 = SURFACE_SIDE_STYLE ('',( #4206 ) ) ;
#3858 = EDGE_LOOP ( 'NONE', ( #2122, #3910, #399, #3938 ) ) ;
#3859 = EDGE_CURVE ( 'NONE', #3440, #1186, #2980, .T. ) ;
#3860 = DIRECTION ( 'NONE',  ( 0.000000000000000000, 0.000000000000000000, 1.000000000000000000 ) ) ;
#3861 = ORIENTED_EDGE ( 'NONE', *, *, #710, .F. ) ;
#3862 = FACE_OUTER_BOUND ( 'NONE', #4620, .T. ) ;
#3863 = CARTESIAN_POINT ( 'NONE',  ( -2.800000000000034905, 0.05000000000000000278, -0.8349999999999699885 ) ) ;
#3864 = LINE ( 'NONE', #3662, #3994 ) ;
#3865 = EDGE_CURVE ( 'NONE', #2093, #1098, #1310, .T. ) ;
#3866 = VECTOR ( 'NONE', #4933, 1000.000000000000000 ) ;
#3867 = EDGE_CURVE ( 'NONE', #2738, #2922, #4527, .T. ) ;
#3868 = LINE ( 'NONE', #466, #1668 ) ;
#3869 = DIRECTION ( 'NONE',  ( 0.000000000000000000, 0.000000000000000000, 1.000000000000000000 ) ) ;
#3870 = DIRECTION ( 'NONE',  ( 0.000000000000000000, -1.000000000000000000, 0.000000000000000000 ) ) ;
#3871 = ADVANCED_FACE ( 'NONE', ( #3590 ), #3150, .F. ) ;
#3872 = VERTEX_POINT ( 'NONE', #3174 ) ;
#3873 = CARTESIAN_POINT ( 'NONE',  ( -3.075000000000000178, 0.2500000000000000000, 0.4349999999999675238 ) ) ;
#3874 = CARTESIAN_POINT ( 'NONE',  ( -0.9250000000000000444, 0.2500000000000000000, 2.054068057253019663 ) ) ;
#3875 = ORIENTED_EDGE ( 'NONE', *, *, #4436, .F. ) ;
#3876 = FACE_OUTER_BOUND ( 'NONE', #110, .T. ) ;
#3877 = CARTESIAN_POINT ( 'NONE',  ( -3.074999999999954881, 0.000000000000000000, -2.105000000000035065 ) ) ;
#3878 = PRESENTATION_LAYER_ASSIGNMENT (  '', '', ( #3536 ) ) ;
#3879 = EDGE_LOOP ( 'NONE', ( #2476, #4521, #3644, #318 ) ) ;
#3880 =( LENGTH_UNIT ( ) NAMED_UNIT ( * ) SI_UNIT ( .MILLI., .METRE. ) );
#3881 = LINE ( 'NONE', #5182, #2586 ) ;
#3882 = ORIENTED_EDGE ( 'NONE', *, *, #1497, .T. ) ;
#3883 = CARTESIAN_POINT ( 'NONE',  ( 2.205000000000000071, 0.2500000000000000000, 2.295931942746979981 ) ) ;
#3884 = DIRECTION ( 'NONE',  ( 0.000000000000000000, -1.000000000000000000, 0.000000000000000000 ) ) ;
#3885 = PRESENTATION_STYLE_ASSIGNMENT (( #1814 ) ) ;
#3886 = AXIS2_PLACEMENT_3D ( 'NONE', #2519, #2071, #4519 ) ;
#3887 = LINE ( 'NONE', #3447, #4145 ) ;
#3888 = ORIENTED_EDGE ( 'NONE', *, *, #1842, .F. ) ;
#3889 = STYLED_ITEM ( 'NONE', ( #1465 ), #4848 ) ;
#3890 = CYLINDRICAL_SURFACE ( 'NONE', #1510, 0.07499999999999998335 ) ;
#3891 = AXIS2_PLACEMENT_3D ( 'NONE', #199, #1816, #1403 ) ;
#3892 = FACE_OUTER_BOUND ( 'NONE', #3300, .T. ) ;
#3893 = ADVANCED_FACE ( 'NONE', ( #2858 ), #4854, .F. ) ;
#3894 = COLOUR_RGB ( '',0.2509803921568627416, 0.2509803921568627416, 0.2509803921568627416 ) ;
#3895 = AXIS2_PLACEMENT_3D ( 'NONE', #2503, #3715, #3007 ) ;
#3896 = PLANE ( 'NONE',  #1563 ) ;
#3897 = CARTESIAN_POINT ( 'NONE',  ( -0.8290680572530189085, 0.000000000000000000, 2.149999999999999911 ) ) ;
#3898 = MECHANICAL_DESIGN_GEOMETRIC_PRESENTATION_REPRESENTATION (  '', ( #1240 ), #3463 ) ;
#3899 = EDGE_CURVE ( 'NONE', #837, #3584, #604, .T. ) ;
#3900 = VERTEX_POINT ( 'NONE', #1922 ) ;
#3901 = DIRECTION ( 'NONE',  ( 0.000000000000000000, -1.000000000000000000, 0.000000000000000000 ) ) ;
#3902 = SURFACE_SIDE_STYLE ('',( #1420 ) ) ;
#3903 = VERTEX_POINT ( 'NONE', #4786 ) ;
#3904 = DIRECTION ( 'NONE',  ( -1.000000000000000000, 0.000000000000000000, 0.000000000000000000 ) ) ;
#3905 = SURFACE_STYLE_FILL_AREA ( #537 ) ;
#3906 = EDGE_CURVE ( 'NONE', #2584, #4281, #4383, .T. ) ;
#3907 = EDGE_CURVE ( 'NONE', #72, #1652, #3689, .T. ) ;
#3908 = ORIENTED_EDGE ( 'NONE', *, *, #4809, .F. ) ;
#3909 = AXIS2_PLACEMENT_3D ( 'NONE', #4414, #3548, #4726 ) ;
#3910 = ORIENTED_EDGE ( 'NONE', *, *, #964, .T. ) ;
#3911 = CARTESIAN_POINT ( 'NONE',  ( 2.770931942746980070, 0.2500000000000000000, -0.9309319427470109654 ) ) ;
#3912 = ORIENTED_EDGE ( 'NONE', *, *, #3266, .T. ) ;
#3913 = LINE ( 'NONE', #3503, #4756 ) ;
#3914 = DIRECTION ( 'NONE',  ( 0.000000000000000000, 0.000000000000000000, 1.000000000000000000 ) ) ;
#3915 = PRODUCT_DEFINITION_SHAPE ( 'NONE', 'NONE',  #1471 ) ;
#3916 = VECTOR ( 'NONE', #2107, 1000.000000000000000 ) ;
#3917 = CARTESIAN_POINT ( 'NONE',  ( 3.000000000000000000, 0.05000000000000000278, -0.8350000000000320499 ) ) ;
#3918 = ORIENTED_EDGE ( 'NONE', *, *, #4599, .F. ) ;
#3919 = CARTESIAN_POINT ( 'NONE',  ( -2.799999999999999822, 0.05000000000000000278, -2.100000000000000089 ) ) ;
#3920 = LINE ( 'NONE', #4382, #5161 ) ;
#3921 = DIRECTION ( 'NONE',  ( -3.062129300499790370E-16, 0.000000000000000000, 1.000000000000000000 ) ) ;
#3922 = CARTESIAN_POINT ( 'NONE',  ( -3.075000000000000178, 0.2500000000000000000, 2.104999999999970228 ) ) ;
#3923 = CARTESIAN_POINT ( 'NONE',  ( -3.075000000000000178, 0.2500000000000000000, -0.8350000000000329381 ) ) ;
#3924 = DIRECTION ( 'NONE',  ( 1.084202172485504118E-14, 0.000000000000000000, -1.000000000000000000 ) ) ;
#3925 = UNCERTAINTY_MEASURE_WITH_UNIT (LENGTH_MEASURE( 1.000000000000000082E-05 ), #1578, 'distance_accuracy_value', 'NONE');
#3926 = VECTOR ( 'NONE', #860, 1000.000000000000000 ) ;
#3927 = EDGE_CURVE ( 'NONE', #2808, #4993, #1464, .T. ) ;
#3928 = EDGE_LOOP ( 'NONE', ( #1085, #2242, #1542, #2250 ) ) ;
#3929 = DIRECTION ( 'NONE',  ( -0.000000000000000000, 1.000000000000000000, -0.000000000000000000 ) ) ;
#3930 = DIRECTION ( 'NONE',  ( -0.000000000000000000, 0.000000000000000000, 1.000000000000000000 ) ) ;
#3931 = ORIENTED_EDGE ( 'NONE', *, *, #583, .F. ) ;
#3932 = CARTESIAN_POINT ( 'NONE',  ( -2.799999999999365219, 0.05000000000000000278, -1.705000000000904903 ) ) ;
#3933 = CARTESIAN_POINT ( 'NONE',  ( 1.704999999999999849, 0.000000000000000000, 2.600000000000000089 ) ) ;
#3934 = VERTEX_POINT ( 'NONE', #230 ) ;
#3935 = VECTOR ( 'NONE', #3030, 1000.000000000000000 ) ;
#3936 = ORIENTED_EDGE ( 'NONE', *, *, #2478, .F. ) ;
#3937 = DIRECTION ( 'NONE',  ( 0.000000000000000000, 0.000000000000000000, -1.000000000000000000 ) ) ;
#3938 = ORIENTED_EDGE ( 'NONE', *, *, #2850, .F. ) ;
#3939 = EDGE_CURVE ( 'NONE', #3371, #334, #4412, .T. ) ;
#3940 = LINE ( 'NONE', #5258, #4835 ) ;
#3941 = CARTESIAN_POINT ( 'NONE',  ( 2.770931942746980070, 0.05000000000000000278, 0.9309319427470109654 ) ) ;
#3942 = DIRECTION ( 'NONE',  ( -0.000000000000000000, 1.000000000000000000, -0.000000000000000000 ) ) ;
#3943 = ORIENTED_EDGE ( 'NONE', *, *, #4403, .F. ) ;
#3944 = DIRECTION ( 'NONE',  ( 1.000000000000000000, 0.000000000000000000, 0.000000000000000000 ) ) ;
#3945 = DIRECTION ( 'NONE',  ( 0.000000000000000000, 1.000000000000000000, 0.000000000000000000 ) ) ;
#3946 =( LENGTH_UNIT ( ) NAMED_UNIT ( * ) SI_UNIT ( .MILLI., .METRE. ) );
#3947 = DIRECTION ( 'NONE',  ( 0.000000000000000000, 0.000000000000000000, -1.000000000000000000 ) ) ;
#3948 = FILL_AREA_STYLE_COLOUR ( '', #3894 ) ;
#3949 = FILL_AREA_STYLE_COLOUR ( '', #847 ) ;
#3950 = ORIENTED_EDGE ( 'NONE', *, *, #1553, .F. ) ;
#3951 = CYLINDRICAL_SURFACE ( 'NONE', #4229, 0.09593194274698166324 ) ;
#3952 = VECTOR ( 'NONE', #2935, 1000.000000000000000 ) ;
#3953 = FACE_OUTER_BOUND ( 'NONE', #1632, .T. ) ;
#3954 = EDGE_CURVE ( 'NONE', #3242, #1080, #5356, .T. ) ;
#3955 = DIRECTION ( 'NONE',  ( 1.000000000000000000, 0.000000000000000000, 0.000000000000000000 ) ) ;
#3956 = DIRECTION ( 'NONE',  ( -1.000000000000000000, 0.000000000000000000, 0.000000000000000000 ) ) ;
#3957 = AXIS2_PLACEMENT_3D ( 'NONE', #3044, #2142, #4718 ) ;
#3958 = PRESENTATION_STYLE_ASSIGNMENT (( #1395 ) ) ;
#3959 = DIRECTION ( 'NONE',  ( 0.000000000000000000, 0.000000000000000000, -1.000000000000000000 ) ) ;
#3960 = ORIENTED_EDGE ( 'NONE', *, *, #2926, .T. ) ;
#3961 =( NAMED_UNIT ( * ) PLANE_ANGLE_UNIT ( ) SI_UNIT ( $, .RADIAN. ) );
#3962 = CARTESIAN_POINT ( 'NONE',  ( -0.8409319427469820196, 0.2500000000000000000, -2.245931942746980159 ) ) ;
#3963 = AXIS2_PLACEMENT_3D ( 'NONE', #5427, #1975, #1650 ) ;
#3964 = AXIS2_PLACEMENT_3D ( 'NONE', #3018, #1824, #5166 ) ;
#3965 = EDGE_CURVE ( 'NONE', #5367, #1376, #2319, .T. ) ;
#3966 = EDGE_CURVE ( 'NONE', #1128, #26, #3995, .T. ) ;
#3967 =( GEOMETRIC_REPRESENTATION_CONTEXT ( 3 ) GLOBAL_UNCERTAINTY_ASSIGNED_CONTEXT ( ( #1487 ) ) GLOBAL_UNIT_ASSIGNED_CONTEXT ( ( #5412, #2857, #4550 ) ) REPRESENTATION_CONTEXT ( 'NONE', 'WORKASPACE' ) );
#3968 = VECTOR ( 'NONE', #1399, 1000.000000000000000 ) ;
#3969 = CARTESIAN_POINT ( 'NONE',  ( -2.799999999999999822, 0.05000000000000000278, -0.4350000000000294742 ) ) ;
#3970 = ORIENTED_EDGE ( 'NONE', *, *, #3627, .F. ) ;
#3971 = FACE_OUTER_BOUND ( 'NONE', #1756, .T. ) ;
#3972 = AXIS2_PLACEMENT_3D ( 'NONE', #1786, #3478, #545 ) ;
#3973 = ADVANCED_FACE ( 'NONE', ( #2436 ), #339, .T. ) ;
#3974 = LINE ( 'NONE', #4333, #3384 ) ;
#3975 = VECTOR ( 'NONE', #3517, 1000.000000000000000 ) ;
#3976 = AXIS2_PLACEMENT_3D ( 'NONE', #2938, #4104, #2127 ) ;
#3977 = DIRECTION ( 'NONE',  ( 0.000000000000000000, 0.000000000000000000, -1.000000000000000000 ) ) ;
#3978 = UNCERTAINTY_MEASURE_WITH_UNIT (LENGTH_MEASURE( 1.000000000000000082E-05 ), #4878, 'distance_accuracy_value', 'NONE');
#3979 = UNCERTAINTY_MEASURE_WITH_UNIT (LENGTH_MEASURE( 1.000000000000000082E-05 ), #3075, 'distance_accuracy_value', 'NONE');
#3980 = CARTESIAN_POINT ( 'NONE',  ( -2.799999999999999822, 0.2500000000000000000, 2.299999999999999822 ) ) ;
#3981 = AXIS2_PLACEMENT_3D ( 'NONE', #4891, #5330, #5415 ) ;
#3982 = ORIENTED_EDGE ( 'NONE', *, *, #4528, .T. ) ;
#3983 = LINE ( 'NONE', #1952, #546 ) ;
#3984 = PRESENTATION_STYLE_ASSIGNMENT (( #4816 ) ) ;
#3985 = ORIENTED_EDGE ( 'NONE', *, *, #251, .F. ) ;
#3986 = EDGE_LOOP ( 'NONE', ( #4103, #2016, #3285, #4144 ) ) ;
#3987 = COLOUR_RGB ( '',0.2509803921568627416, 0.2509803921568627416, 0.2509803921568627416 ) ;
#3988 = LINE ( 'NONE', #667, #4329 ) ;
#3989 = ADVANCED_FACE ( 'NONE', ( #5383 ), #483, .F. ) ;
#3990 = ORIENTED_EDGE ( 'NONE', *, *, #3157, .F. ) ;
#3991 = AXIS2_PLACEMENT_3D ( 'NONE', #389, #2069, #2454 ) ;
#3992 = DIRECTION ( 'NONE',  ( 0.000000000000000000, -1.000000000000000000, 0.000000000000000000 ) ) ;
#3993 = CARTESIAN_POINT ( 'NONE',  ( -2.199999999999973532, 0.05000000000000000278, -0.6050000000000262945 ) ) ;
#3994 = VECTOR ( 'NONE', #4487, 1000.000000000000000 ) ;
#3995 = LINE ( 'NONE', #5266, #689 ) ;
#3996 = DIRECTION ( 'NONE',  ( 0.000000000000000000, 1.000000000000000000, 0.000000000000000000 ) ) ;
#3997 = EDGE_LOOP ( 'NONE', ( #2149, #3319, #56, #3819 ) ) ;
#3998 = CIRCLE ( 'NONE', #2332, 0.09593194274698166324 ) ;
#3999 = LINE ( 'NONE', #214, #4216 ) ;
#4000 = ORIENTED_EDGE ( 'NONE', *, *, #742, .T. ) ;
#4001 = DIRECTION ( 'NONE',  ( 0.000000000000000000, 0.000000000000000000, -1.000000000000000000 ) ) ;
#4002 = DIRECTION ( 'NONE',  ( 0.000000000000000000, 1.000000000000000000, 0.000000000000000000 ) ) ;
#4003 = ORIENTED_EDGE ( 'NONE', *, *, #4291, .T. ) ;
#4004 = PLANE ( 'NONE',  #5362 ) ;
#4005 = VECTOR ( 'NONE', #4106, 1000.000000000000000 ) ;
#4006 = EDGE_CURVE ( 'NONE', #4860, #1437, #3793, .T. ) ;
#4007 = CARTESIAN_POINT ( 'NONE',  ( 2.770931942746995169, 0.2500000000000000000, 1.704999999999999849 ) ) ;
#4008 = ORIENTED_EDGE ( 'NONE', *, *, #2853, .T. ) ;
#4009 = AXIS2_PLACEMENT_3D ( 'NONE', #5230, #1493, #237 ) ;
#4010 = CARTESIAN_POINT ( 'NONE',  ( -0.7449999999999999956, 0.2500000000000000000, 2.600000000000000089 ) ) ;
#4011 = EDGE_CURVE ( 'NONE', #4441, #79, #5000, .T. ) ;
#4012 = LINE ( 'NONE', #2772, #2500 ) ;
#4013 = ORIENTED_EDGE ( 'NONE', *, *, #5364, .T. ) ;
#4014 = CYLINDRICAL_SURFACE ( 'NONE', #2923, 0.2000000000000000944 ) ;
#4015 = UNCERTAINTY_MEASURE_WITH_UNIT (LENGTH_MEASURE( 1.000000000000000082E-05 ), #4399, 'distance_accuracy_value', 'NONE');
#4016 = ADVANCED_FACE ( 'NONE', ( #4233 ), #4616, .F. ) ;
#4017 = EDGE_CURVE ( 'NONE', #1619, #1213, #1696, .T. ) ;
#4018 = SURFACE_STYLE_USAGE ( .BOTH. , #585 ) ;
#4019 = ORIENTED_EDGE ( 'NONE', *, *, #4479, .F. ) ;
#4020 = CARTESIAN_POINT ( 'NONE',  ( -3.074999999999960210, 0.000000000000000000, -1.705000000000029825 ) ) ;
#4021 = LINE ( 'NONE', #3158, #4123 ) ;
#4022 = EDGE_CURVE ( 'NONE', #4555, #519, #1666, .T. ) ;
#4023 = ORIENTED_EDGE ( 'NONE', *, *, #4190, .F. ) ;
#4024 = LINE ( 'NONE', #2304, #1841 ) ;
#4025 = DIRECTION ( 'NONE',  ( 0.000000000000000000, -1.000000000000000000, 0.000000000000000000 ) ) ;
#4026 = VECTOR ( 'NONE', #1148, 1000.000000000000000 ) ;
#4027 = ORIENTED_EDGE ( 'NONE', *, *, #2843, .T. ) ;
#4028 = FACE_OUTER_BOUND ( 'NONE', #2420, .T. ) ;
#4029 = CIRCLE ( 'NONE', #1653, 0.2000000000000000944 ) ;
#4030 = AXIS2_PLACEMENT_3D ( 'NONE', #3000, #592, #510 ) ;
#4031 = DIRECTION ( 'NONE',  ( 0.000000000000000000, 0.000000000000000000, 1.000000000000000000 ) ) ;
#4032 = ORIENTED_EDGE ( 'NONE', *, *, #1840, .T. ) ;
#4033 = SURFACE_STYLE_USAGE ( .BOTH. , #369 ) ;
#4034 = VECTOR ( 'NONE', #2212, 1000.000000000000000 ) ;
#4035 = CARTESIAN_POINT ( 'NONE',  ( -2.370000000000001439, -1.084202172485504434E-16, 1.704999999999974980 ) ) ;
#4036 = VECTOR ( 'NONE', #5310, 1000.000000000000000 ) ;
#4037 = AXIS2_PLACEMENT_3D ( 'NONE', #3690, #2928, #1970 ) ;
#4038 = VERTEX_POINT ( 'NONE', #3322 ) ;
#4039 = CARTESIAN_POINT ( 'NONE',  ( -0.9250000000000000444, 0.000000000000000000, -1.743721152139079855 ) ) ;
#4040 = PRESENTATION_LAYER_ASSIGNMENT (  '', '', ( #4322 ) ) ;
#4041 = AXIS2_PLACEMENT_3D ( 'NONE', #1443, #4359, #3574 ) ;
#4042 = COLOUR_RGB ( '',0.2509803921568627416, 0.2509803921568627416, 0.2509803921568627416 ) ;
#4043 = CIRCLE ( 'NONE', #1504, 0.09593194274698166324 ) ;
#4044 = FACE_OUTER_BOUND ( 'NONE', #2638, .T. ) ;
#4045 = EDGE_LOOP ( 'NONE', ( #2251, #2534 ) ) ;
#4046 = EDGE_CURVE ( 'NONE', #4395, #721, #965, .T. ) ;
#4047 = SURFACE_STYLE_FILL_AREA ( #1972 ) ;
#4048 = VECTOR ( 'NONE', #148, 1000.000000000000000 ) ;
#4049 = CIRCLE ( 'NONE', #699, 0.1700000000000002343 ) ;
#4050 = EDGE_LOOP ( 'NONE', ( #3082, #4731, #871, #1660 ) ) ;
#4051 = ORIENTED_EDGE ( 'NONE', *, *, #2031, .T. ) ;
#4052 = LINE ( 'NONE', #4883, #1035 ) ;
#4053 = FILL_AREA_STYLE ('',( #3254 ) ) ;
#4054 = VERTEX_POINT ( 'NONE', #2466 ) ;
#4055 = CARTESIAN_POINT ( 'NONE',  ( -3.075000000000000178, 0.2500000000000000000, 1.704999999999970095 ) ) ;
#4056 = EDGE_CURVE ( 'NONE', #2963, #740, #4845, .T. ) ;
#4057 = ADVANCED_FACE ( 'NONE', ( #1251 ), #5032, .T. ) ;
#4058 = DIRECTION ( 'NONE',  ( 0.000000000000000000, 1.000000000000000000, 0.000000000000000000 ) ) ;
#4059 = ORIENTED_EDGE ( 'NONE', *, *, #3428, .T. ) ;
#4060 = CARTESIAN_POINT ( 'NONE',  ( -2.799999999999999822, 0.05000000000000000278, 2.299999999999999822 ) ) ;
#4061 = DIRECTION ( 'NONE',  ( 0.000000000000000000, 0.000000000000000000, 1.000000000000000000 ) ) ;
#4062 = ORIENTED_EDGE ( 'NONE', *, *, #4379, .F. ) ;
#4063 = VECTOR ( 'NONE', #4607, 1000.000000000000000 ) ;
#4064 = ORIENTED_EDGE ( 'NONE', *, *, #2647, .T. ) ;
#4065 = LINE ( 'NONE', #296, #3107 ) ;
#4066 = VECTOR ( 'NONE', #4536, 1000.000000000000000 ) ;
#4067 = DIRECTION ( 'NONE',  ( 0.000000000000000000, 0.000000000000000000, -1.000000000000000000 ) ) ;
#4068 = ORIENTED_EDGE ( 'NONE', *, *, #2864, .T. ) ;
#4069 =( NAMED_UNIT ( * ) SI_UNIT ( $, .STERADIAN. ) SOLID_ANGLE_UNIT ( ) );
#4070 = CARTESIAN_POINT ( 'NONE',  ( -2.369999999999987228, 0.05000000000000000278, 0.6649999999999748335 ) ) ;
#4071 = CARTESIAN_POINT ( 'NONE',  ( 2.674999999999999822, -0.8249999999999999556, 0.3250000000000002887 ) ) ;
#4072 = ADVANCED_FACE ( 'NONE', ( #768 ), #5413, .F. ) ;
#4073 = VERTEX_POINT ( 'NONE', #370 ) ;
#4074 = CARTESIAN_POINT ( 'NONE',  ( -2.876151621335850006, 1.000000000000000000, 2.299999999999999822 ) ) ;
#4075 = DIRECTION ( 'NONE',  ( 0.000000000000000000, -1.000000000000000000, 0.000000000000000000 ) ) ;
#4076 = ORIENTED_EDGE ( 'NONE', *, *, #2545, .T. ) ;
#4077 = LINE ( 'NONE', #5348, #102 ) ;
#4078 = DIRECTION ( 'NONE',  ( 0.000000000000000000, 0.000000000000000000, 1.000000000000000000 ) ) ;
#4079 = DIRECTION ( 'NONE',  ( 0.000000000000000000, -1.000000000000000000, 0.000000000000000000 ) ) ;
#4080 = VERTEX_POINT ( 'NONE', #5441 ) ;
#4081 = EDGE_CURVE ( 'NONE', #2093, #2924, #1305, .T. ) ;
#4082 =( GEOMETRIC_REPRESENTATION_CONTEXT ( 3 ) GLOBAL_UNCERTAINTY_ASSIGNED_CONTEXT ( ( #4015 ) ) GLOBAL_UNIT_ASSIGNED_CONTEXT ( ( #4399, #85, #1731 ) ) REPRESENTATION_CONTEXT ( 'NONE', 'WORKASPACE' ) );
#4083 = EDGE_CURVE ( 'NONE', #2033, #4917, #195, .T. ) ;
#4084 = CARTESIAN_POINT ( 'NONE',  ( -0.8499999999999999778, 0.000000000000000000, -1.256278847860922143 ) ) ;
#4085 = VERTEX_POINT ( 'NONE', #397 ) ;
#4086 = CARTESIAN_POINT ( 'NONE',  ( 2.205000000000000071, 0.2500000000000000000, 2.600000000000000089 ) ) ;
#4087 = COLOUR_RGB ( '',0.2509803921568627416, 0.2509803921568627416, 0.2509803921568627416 ) ;
#4088 = DIRECTION ( 'NONE',  ( 0.000000000000000000, 0.000000000000000000, -1.000000000000000000 ) ) ;
#4089 = ORIENTED_EDGE ( 'NONE', *, *, #1982, .T. ) ;
#4090 = ADVANCED_FACE ( 'NONE', ( #2135 ), #885, .T. ) ;
#4091 = CIRCLE ( 'NONE', #4818, 0.09593194274698188528 ) ;
#4092 = EDGE_LOOP ( 'NONE', ( #2414, #5309, #3982, #4437 ) ) ;
#4093 = DIRECTION ( 'NONE',  ( -9.912705577010320619E-15, 0.000000000000000000, 1.000000000000000000 ) ) ;
#4094 = DIRECTION ( 'NONE',  ( 0.000000000000000000, 0.000000000000000000, -1.000000000000000000 ) ) ;
#4095 = VERTEX_POINT ( 'NONE', #824 ) ;
#4096 = FACE_OUTER_BOUND ( 'NONE', #2561, .T. ) ;
#4097 = CARTESIAN_POINT ( 'NONE',  ( -3.075000000000000178, 0.2500000000000000000, -0.4350000000000319722 ) ) ;
#4098 = DIRECTION ( 'NONE',  ( 0.000000000000000000, 0.000000000000000000, 1.000000000000000000 ) ) ;
#4099 = DIRECTION ( 'NONE',  ( -2.558075641260095193E-15, 0.000000000000000000, -1.000000000000000000 ) ) ;
#4100 = ORIENTED_EDGE ( 'NONE', *, *, #285, .F. ) ;
#4101 = DIRECTION ( 'NONE',  ( 0.000000000000000000, 0.000000000000000000, 1.000000000000000000 ) ) ;
#4102 = DIRECTION ( 'NONE',  ( 0.000000000000000000, 0.000000000000000000, 1.000000000000000000 ) ) ;
#4103 = ORIENTED_EDGE ( 'NONE', *, *, #117, .F. ) ;
#4104 = DIRECTION ( 'NONE',  ( -0.000000000000000000, 1.000000000000000000, 0.000000000000000000 ) ) ;
#4105 = EDGE_CURVE ( 'NONE', #3367, #1449, #774, .T. ) ;
#4106 = DIRECTION ( 'NONE',  ( 0.000000000000000000, -1.000000000000000000, 0.000000000000000000 ) ) ;
#4107 = ORIENTED_EDGE ( 'NONE', *, *, #1988, .F. ) ;
#4108 = COLOUR_RGB ( '',0.2509803921568627416, 0.2509803921568627416, 0.2509803921568627416 ) ;
#4109 = DIRECTION ( 'NONE',  ( 0.000000000000000000, -1.000000000000000000, 0.000000000000000000 ) ) ;
#4110 = ORIENTED_EDGE ( 'NONE', *, *, #4994, .F. ) ;
#4111 = LINE ( 'NONE', #1081, #2292 ) ;
#4112 = DIRECTION ( 'NONE',  ( 0.000000000000000000, 0.000000000000000000, -1.000000000000000000 ) ) ;
#4113 = EDGE_CURVE ( 'NONE', #2036, #4608, #4680, .T. ) ;
#4114 = VECTOR ( 'NONE', #4442, 1000.000000000000000 ) ;
#4115 = EDGE_CURVE ( 'NONE', #534, #378, #4478, .T. ) ;
#4116 = VECTOR ( 'NONE', #158, 1000.000000000000000 ) ;
#4117 = AXIS2_PLACEMENT_3D ( 'NONE', #4312, #4251, #473 ) ;
#4118 = ORIENTED_EDGE ( 'NONE', *, *, #3428, .F. ) ;
#4119 = VECTOR ( 'NONE', #2899, 1000.000000000000000 ) ;
#4120 = ORIENTED_EDGE ( 'NONE', *, *, #2248, .T. ) ;
#4121 = DIRECTION ( 'NONE',  ( -0.000000000000000000, 1.000000000000000000, -0.000000000000000000 ) ) ;
#4122 = EDGE_CURVE ( 'NONE', #5183, #826, #1855, .T. ) ;
#4123 = VECTOR ( 'NONE', #4372, 1000.000000000000000 ) ;
#4124 = VECTOR ( 'NONE', #808, 1000.000000000000000 ) ;
#4125 = VECTOR ( 'NONE', #1752, 1000.000000000000000 ) ;
#4126 = VECTOR ( 'NONE', #580, 1000.000000000000000 ) ;
#4127 = DIRECTION ( 'NONE',  ( 0.000000000000000000, -1.000000000000000000, 0.000000000000000000 ) ) ;
#4128 = ORIENTED_EDGE ( 'NONE', *, *, #4784, .T. ) ;
#4129 = CARTESIAN_POINT ( 'NONE',  ( 1.704999999999999849, 0.000000000000000000, -2.245931942746980159 ) ) ;
#4130 = FILL_AREA_STYLE ('',( #2536 ) ) ;
#4131 = AXIS2_PLACEMENT_3D ( 'NONE', #5311, #3094, #986 ) ;
#4132 = VECTOR ( 'NONE', #4314, 1000.000000000000000 ) ;
#4133 = PRESENTATION_STYLE_ASSIGNMENT (( #37 ) ) ;
#4134 = DIRECTION ( 'NONE',  ( 0.000000000000000000, 0.000000000000000000, 1.000000000000000000 ) ) ;
#4135 = CARTESIAN_POINT ( 'NONE',  ( -0.8409319427469820196, 0.2500000000000000000, -2.149999999999999911 ) ) ;
#4136 = ORIENTED_EDGE ( 'NONE', *, *, #4962, .F. ) ;
#4137 = PLANE ( 'NONE',  #3681 ) ;
#4138 = CARTESIAN_POINT ( 'NONE',  ( -3.075000000000000178, 0.000000000000000000, -0.4350000000000319722 ) ) ;
#4139 = SURFACE_STYLE_FILL_AREA ( #4053 ) ;
#4140 = EDGE_LOOP ( 'NONE', ( #717, #4064, #2006, #1604 ) ) ;
#4141 = LINE ( 'NONE', #3701, #4850 ) ;
#4142 = MECHANICAL_DESIGN_GEOMETRIC_PRESENTATION_REPRESENTATION (  '', ( #867 ), #3452 ) ;
#4143 = CARTESIAN_POINT ( 'NONE',  ( 2.674999999999999822, 0.2500000000000000000, 0.9309319427470109654 ) ) ;
#4144 = ORIENTED_EDGE ( 'NONE', *, *, #2977, .T. ) ;
#4145 = VECTOR ( 'NONE', #1032, 1000.000000000000000 ) ;
#4146 = CYLINDRICAL_SURFACE ( 'NONE', #2116, 0.09593194274698166324 ) ;
#4147 = APPLICATION_CONTEXT ( 'automotive_design' ) ;
#4148 = ORIENTED_EDGE ( 'NONE', *, *, #4190, .T. ) ;
#4149 = CARTESIAN_POINT ( 'NONE',  ( 2.870931942746980159, 0.05000000000000000278, 2.100000000000000089 ) ) ;
#4150 = DIRECTION ( 'NONE',  ( 0.000000000000000000, 1.000000000000000000, 0.000000000000000000 ) ) ;
#4151 = FACE_OUTER_BOUND ( 'NONE', #4604, .T. ) ;
#4152 = DIRECTION ( 'NONE',  ( -2.168404344970659876E-14, 0.000000000000000000, 1.000000000000000000 ) ) ;
#4153 = CARTESIAN_POINT ( 'NONE',  ( -0.2449999999999999956, 0.000000000000000000, -2.600000000000000089 ) ) ;
#4154 = ORIENTED_EDGE ( 'NONE', *, *, #1287, .T. ) ;
#4155 = EDGE_CURVE ( 'NONE', #2495, #5004, #4920, .T. ) ;
#4156 = ORIENTED_EDGE ( 'NONE', *, *, #4247, .F. ) ;
#4157 = DIRECTION ( 'NONE',  ( 1.000000000000000000, 0.000000000000000000, 9.912705577010320619E-15 ) ) ;
#4158 = DIRECTION ( 'NONE',  ( 0.000000000000000000, 0.000000000000000000, -1.000000000000000000 ) ) ;
#4159 = AXIS2_PLACEMENT_3D ( 'NONE', #2154, #2125, #3404 ) ;
#4160 = CARTESIAN_POINT ( 'NONE',  ( -2.369999999999974793, 0.05000000000000000278, -0.8350000000000251665 ) ) ;
#4161 = EDGE_LOOP ( 'NONE', ( #1519, #4214, #856, #4803 ) ) ;
#4162 = LINE ( 'NONE', #4563, #3449 ) ;
#4163 = STYLED_ITEM ( 'NONE', ( #3143 ), #1626 ) ;
#4164 = LINE ( 'NONE', #383, #470 ) ;
#4165 = LINE ( 'NONE', #2003, #5447 ) ;
#4166 = MECHANICAL_DESIGN_GEOMETRIC_PRESENTATION_REPRESENTATION (  '', ( #2324 ), #564 ) ;
#4167 = ORIENTED_EDGE ( 'NONE', *, *, #1264, .F. ) ;
#4168 = DIRECTION ( 'NONE',  ( 0.000000000000000000, -1.000000000000000000, 0.000000000000000000 ) ) ;
#4169 = CARTESIAN_POINT ( 'NONE',  ( -0.2449999999999999956, 0.05000000000000000278, 2.299999999999999822 ) ) ;
#4170 = ORIENTED_EDGE ( 'NONE', *, *, #2389, .T. ) ;
#4171 = CARTESIAN_POINT ( 'NONE',  ( -0.8290680572530189085, 0.05000000000000000278, 2.054068057253019663 ) ) ;
#4172 = DIRECTION ( 'NONE',  ( 0.000000000000000000, -1.000000000000000000, 0.000000000000000000 ) ) ;
#4173 = CARTESIAN_POINT ( 'NONE',  ( 2.774999999999999911, 0.2500000000000000000, 2.200000000000000178 ) ) ;
#4174 = ORIENTED_EDGE ( 'NONE', *, *, #710, .T. ) ;
#4175 = CARTESIAN_POINT ( 'NONE',  ( -2.369999999999987228, 0.000000000000000000, 0.6049999999999748912 ) ) ;
#4176 = ORIENTED_EDGE ( 'NONE', *, *, #1880, .T. ) ;
#4177 = DIRECTION ( 'NONE',  ( 0.000000000000000000, 1.000000000000000000, 0.000000000000000000 ) ) ;
#4178 = VECTOR ( 'NONE', #957, 1000.000000000000000 ) ;
#4179 = ORIENTED_EDGE ( 'NONE', *, *, #1988, .T. ) ;
#4180 = ORIENTED_EDGE ( 'NONE', *, *, #1180, .T. ) ;
#4181 = DIRECTION ( 'NONE',  ( -9.116339216997959340E-16, -8.673617379884051249E-15, -1.000000000000000000 ) ) ;
#4182 = ORIENTED_EDGE ( 'NONE', *, *, #1880, .F. ) ;
#4183 = FACE_OUTER_BOUND ( 'NONE', #3119, .T. ) ;
#4184 = ADVANCED_FACE ( 'NONE', ( #5234 ), #949, .T. ) ;
#4185 = ORIENTED_EDGE ( 'NONE', *, *, #4231, .F. ) ;
#4186 = COLOUR_RGB ( '',0.2509803921568627416, 0.2509803921568627416, 0.2509803921568627416 ) ;
#4187 = DIRECTION ( 'NONE',  ( 0.000000000000000000, 0.000000000000000000, -1.000000000000000000 ) ) ;
#4188 = ORIENTED_EDGE ( 'NONE', *, *, #4432, .T. ) ;
#4189 = DIRECTION ( 'NONE',  ( -1.000000000000000000, 0.000000000000000000, 0.000000000000000000 ) ) ;
#4190 = EDGE_CURVE ( 'NONE', #475, #591, #2622, .T. ) ;
#4191 = EDGE_CURVE ( 'NONE', #451, #3595, #3442, .T. ) ;
#4192 = CARTESIAN_POINT ( 'NONE',  ( -0.2449999999999999956, 0.000000000000000000, 2.245931942746980159 ) ) ;
#4193 = ORIENTED_EDGE ( 'NONE', *, *, #983, .T. ) ;
#4194 = FACE_OUTER_BOUND ( 'NONE', #3531, .T. ) ;
#4195 = DIRECTION ( 'NONE',  ( 0.000000000000000000, 0.000000000000000000, -1.000000000000000000 ) ) ;
#4196 = CARTESIAN_POINT ( 'NONE',  ( -0.2449999999999999956, 0.2500000000000000000, 2.600000000000000089 ) ) ;
#4197 = ORIENTED_EDGE ( 'NONE', *, *, #1781, .F. ) ;
#4198 = DIRECTION ( 'NONE',  ( 0.000000000000000000, 1.000000000000000000, 0.000000000000000000 ) ) ;
#4199 = LINE ( 'NONE', #2828, #309 ) ;
#4200 = EDGE_CURVE ( 'NONE', #4207, #1664, #3249, .T. ) ;
#4201 = ORIENTED_EDGE ( 'NONE', *, *, #2025, .T. ) ;
#4202 = CARTESIAN_POINT ( 'NONE',  ( -2.799999999999999822, 0.9499999999999999556, -2.299999999999999822 ) ) ;
#4203 = ORIENTED_EDGE ( 'NONE', *, *, #1954, .T. ) ;
#4204 =( NAMED_UNIT ( * ) SI_UNIT ( $, .STERADIAN. ) SOLID_ANGLE_UNIT ( ) );
#4205 = CARTESIAN_POINT ( 'NONE',  ( 2.770931942746980070, 0.000000000000000000, 0.9309319427470109654 ) ) ;
#4206 = SURFACE_STYLE_FILL_AREA ( #2167 ) ;
#4207 = VERTEX_POINT ( 'NONE', #3064 ) ;
#4208 = FACE_OUTER_BOUND ( 'NONE', #1273, .T. ) ;
#4209 = ORIENTED_EDGE ( 'NONE', *, *, #4247, .T. ) ;
#4210 =( GEOMETRIC_REPRESENTATION_CONTEXT ( 3 ) GLOBAL_UNCERTAINTY_ASSIGNED_CONTEXT ( ( #1385 ) ) GLOBAL_UNIT_ASSIGNED_CONTEXT ( ( #3880, #1073, #684 ) ) REPRESENTATION_CONTEXT ( 'NONE', 'WORKASPACE' ) );
#4211 = DIRECTION ( 'NONE',  ( 0.000000000000000000, 0.000000000000000000, -1.000000000000000000 ) ) ;
#4212 = AXIS2_PLACEMENT_3D ( 'NONE', #111, #2163, #1665 ) ;
#4213 = DIRECTION ( 'NONE',  ( 0.000000000000000000, 0.000000000000000000, 1.000000000000000000 ) ) ;
#4214 = ORIENTED_EDGE ( 'NONE', *, *, #3668, .F. ) ;
#4215 = SURFACE_SIDE_STYLE ('',( #752 ) ) ;
#4216 = VECTOR ( 'NONE', #3641, 1000.000000000000000 ) ;
#4217 = CARTESIAN_POINT ( 'NONE',  ( 2.870931942746980159, 0.2500000000000000000, 2.100000000000000089 ) ) ;
#4218 = VECTOR ( 'NONE', #3401, 1000.000000000000000 ) ;
#4219 = AXIS2_PLACEMENT_3D ( 'NONE', #5394, #2841, #1234 ) ;
#4220 = EDGE_CURVE ( 'NONE', #4342, #283, #141, .T. ) ;
#4221 = ORIENTED_EDGE ( 'NONE', *, *, #2321, .T. ) ;
#4222 = LINE ( 'NONE', #872, #2365 ) ;
#4223 = DIRECTION ( 'NONE',  ( 1.310076802900131811E-16, 0.000000000000000000, -1.000000000000000000 ) ) ;
#4224 = CARTESIAN_POINT ( 'NONE',  ( -0.2449999999999999956, 0.2500000000000000000, 2.500000000000000000 ) ) ;
#4225 = VERTEX_POINT ( 'NONE', #514 ) ;
#4226 = LINE ( 'NONE', #5082, #4566 ) ;
#4227 = VECTOR ( 'NONE', #982, 1000.000000000000000 ) ;
#4228 = ORIENTED_EDGE ( 'NONE', *, *, #1077, .T. ) ;
#4229 = AXIS2_PLACEMENT_3D ( 'NONE', #4343, #3433, #4701 ) ;
#4230 = VERTEX_POINT ( 'NONE', #2194 ) ;
#4231 = EDGE_CURVE ( 'NONE', #3631, #5208, #1342, .T. ) ;
#4232 = DIRECTION ( 'NONE',  ( 0.000000000000000000, 0.000000000000000000, 1.000000000000000000 ) ) ;
#4233 = FACE_OUTER_BOUND ( 'NONE', #4877, .T. ) ;
#4234 = VECTOR ( 'NONE', #3318, 1000.000000000000000 ) ;
#4235 = ORIENTED_EDGE ( 'NONE', *, *, #4479, .T. ) ;
#4236 = ORIENTED_EDGE ( 'NONE', *, *, #3851, .T. ) ;
#4237 = FILL_AREA_STYLE_COLOUR ( '', #2809 ) ;
#4238 = LINE ( 'NONE', #426, #2027 ) ;
#4239 = LINE ( 'NONE', #5067, #2953 ) ;
#4240 = ORIENTED_EDGE ( 'NONE', *, *, #278, .F. ) ;
#4241 = CARTESIAN_POINT ( 'NONE',  ( -3.000000000000000000, 0.2500000000000000000, 2.299999999999999822 ) ) ;
#4242 = DIRECTION ( 'NONE',  ( -0.1045284632676536513, -0.9945218953682734009, -6.799799217681682866E-16 ) ) ;
#4243 = VERTEX_POINT ( 'NONE', #572 ) ;
#4244 = DIRECTION ( 'NONE',  ( 0.000000000000000000, 0.000000000000000000, -1.000000000000000000 ) ) ;
#4245 = VECTOR ( 'NONE', #3870, 1000.000000000000000 ) ;
#4246 =( NAMED_UNIT ( * ) PLANE_ANGLE_UNIT ( ) SI_UNIT ( $, .RADIAN. ) );
#4247 = EDGE_CURVE ( 'NONE', #3854, #5129, #3614, .T. ) ;
#4248 = ORIENTED_EDGE ( 'NONE', *, *, #1928, .T. ) ;
#4249 = ORIENTED_EDGE ( 'NONE', *, *, #2129, .F. ) ;
#4250 = FACE_OUTER_BOUND ( 'NONE', #4757, .T. ) ;
#4251 = DIRECTION ( 'NONE',  ( -1.000000000000000000, 0.000000000000000000, 0.000000000000000000 ) ) ;
#4252 = PLANE ( 'NONE',  #4159 ) ;
#4253 = ORIENTED_EDGE ( 'NONE', *, *, #635, .T. ) ;
#4254 = SURFACE_STYLE_FILL_AREA ( #4702 ) ;
#4255 = DIRECTION ( 'NONE',  ( 0.000000000000000000, -0.9945218953682734009, 0.1045284632676536513 ) ) ;
#4256 = EDGE_CURVE ( 'NONE', #1380, #5320, #4378, .T. ) ;
#4257 = ORIENTED_EDGE ( 'NONE', *, *, #2814, .F. ) ;
#4258 = FILL_AREA_STYLE ('',( #4318 ) ) ;
#4259 = ORIENTED_EDGE ( 'NONE', *, *, #2719, .T. ) ;
#4260 = DIRECTION ( 'NONE',  ( -1.097926250618142057E-14, 0.000000000000000000, 1.000000000000000000 ) ) ;
#4261 = CARTESIAN_POINT ( 'NONE',  ( -2.799999999999999822, 0.05000000000000000278, 0.8349999999999710987 ) ) ;
#4262 = VECTOR ( 'NONE', #901, 1000.000000000000000 ) ;
#4263 = EDGE_CURVE ( 'NONE', #1830, #3660, #5185, .T. ) ;
#4264 = EDGE_CURVE ( 'NONE', #5429, #2036, #2164, .T. ) ;
#4265 = ORIENTED_EDGE ( 'NONE', *, *, #1106, .F. ) ;
#4266 = SURFACE_SIDE_STYLE ('',( #170 ) ) ;
#4267 = ORIENTED_EDGE ( 'NONE', *, *, #4593, .T. ) ;
#4268 = FACE_OUTER_BOUND ( 'NONE', #463, .T. ) ;
#4269 = DIRECTION ( 'NONE',  ( 0.000000000000000000, 0.000000000000000000, -1.000000000000000000 ) ) ;
#4270 = PRESENTATION_LAYER_ASSIGNMENT (  '', '', ( #4880 ) ) ;
#4271 = CARTESIAN_POINT ( 'NONE',  ( 2.300931942746980319, 0.2500000000000000000, -2.200000000000000178 ) ) ;
#4272 = DIRECTION ( 'NONE',  ( 8.673617379884011806E-15, 0.000000000000000000, -1.000000000000000000 ) ) ;
#4273 = EDGE_LOOP ( 'NONE', ( #1146, #4236, #748, #3035, #2451, #326, #3256, #22, #661, #2603, #3812, #5395 ) ) ;
#4274 = EDGE_CURVE ( 'NONE', #3872, #283, #4821, .T. ) ;
#4275 = CARTESIAN_POINT ( 'NONE',  ( 3.000000000000000000, 0.2500000000000000000, 2.299999999999999822 ) ) ;
#4276 = AXIS2_PLACEMENT_3D ( 'NONE', #3495, #4805, #3046 ) ;
#4277 = LINE ( 'NONE', #5072, #4659 ) ;
#4278 = ORIENTED_EDGE ( 'NONE', *, *, #2506, .T. ) ;
#4279 = CARTESIAN_POINT ( 'NONE',  ( 2.770931942746980070, 0.2500000000000000000, 0.4350000000000285305 ) ) ;
#4280 = CARTESIAN_POINT ( 'NONE',  ( -0.9250000000000000444, 0.000000000000000000, -1.743721152139079855 ) ) ;
#4281 = VERTEX_POINT ( 'NONE', #4769 ) ;
#4282 = CARTESIAN_POINT ( 'NONE',  ( -2.199999999999987299, -0.4366062299143245173, 0.6649999999999737232 ) ) ;
#4283 = VECTOR ( 'NONE', #3496, 1000.000000000000000 ) ;
#4284 = ORIENTED_EDGE ( 'NONE', *, *, #3156, .T. ) ;
#4285 = CARTESIAN_POINT ( 'NONE',  ( -0.7449999999999999956, 0.2500000000000000000, -2.600000000000000089 ) ) ;
#4286 = CARTESIAN_POINT ( 'NONE',  ( -0.8290680572530189085, 0.2500000000000000000, 2.054068057253019663 ) ) ;
#4287 = CARTESIAN_POINT ( 'NONE',  ( -0.8290680572530179093, 0.05000000000000000278, -2.054068057253019663 ) ) ;
#4288 = ORIENTED_EDGE ( 'NONE', *, *, #346, .F. ) ;
#4289 = CARTESIAN_POINT ( 'NONE',  ( 0.000000000000000000, 0.9499999999999999556, -2.376151621335850006 ) ) ;
#4290 = DIRECTION ( 'NONE',  ( 0.000000000000000000, 1.000000000000000000, 0.000000000000000000 ) ) ;
#4291 = EDGE_CURVE ( 'NONE', #3446, #5429, #615, .T. ) ;
#4292 = ORIENTED_EDGE ( 'NONE', *, *, #3653, .T. ) ;
#4293 = CYLINDRICAL_SURFACE ( 'NONE', #4212, 0.1699999999999997902 ) ;
#4294 = CARTESIAN_POINT ( 'NONE',  ( -3.075000000000000178, 0.2500000000000000000, 1.704999999999970095 ) ) ;
#4295 = DIRECTION ( 'NONE',  ( 0.000000000000000000, 0.000000000000000000, -1.000000000000000000 ) ) ;
#4296 = EDGE_LOOP ( 'NONE', ( #4636, #2053, #2346, #5380 ) ) ;
#4297 = FILL_AREA_STYLE_COLOUR ( '', #4485 ) ;
#4298 = ADVANCED_FACE ( 'NONE', ( #1373 ), #4740, .T. ) ;
#4299 = ORIENTED_EDGE ( 'NONE', *, *, #1442, .T. ) ;
#4300 = DIRECTION ( 'NONE',  ( 0.000000000000000000, 0.000000000000000000, 1.000000000000000000 ) ) ;
#4301 = DIRECTION ( 'NONE',  ( 0.000000000000000000, 1.000000000000000000, 0.000000000000000000 ) ) ;
#4302 = VERTEX_POINT ( 'NONE', #2686 ) ;
#4303 = MECHANICAL_DESIGN_GEOMETRIC_PRESENTATION_REPRESENTATION (  '', ( #5269 ), #4210 ) ;
#4304 = LINE ( 'NONE', #2207, #527 ) ;
#4305 = ADVANCED_FACE ( 'NONE', ( #2279 ), #4396, .F. ) ;
#4306 = FILL_AREA_STYLE ('',( #3049 ) ) ;
#4307 = UNCERTAINTY_MEASURE_WITH_UNIT (LENGTH_MEASURE( 1.000000000000000082E-05 ), #4901, 'distance_accuracy_value', 'NONE');
#4308 = EDGE_CURVE ( 'NONE', #4608, #889, #1870, .T. ) ;
#4309 = MECHANICAL_DESIGN_GEOMETRIC_PRESENTATION_REPRESENTATION (  '', ( #1406 ), #2195 ) ;
#4310 = COLOUR_RGB ( '',0.2509803921568627416, 0.2509803921568627416, 0.2509803921568627416 ) ;
#4311 = ORIENTED_EDGE ( 'NONE', *, *, #5271, .T. ) ;
#4312 = CARTESIAN_POINT ( 'NONE',  ( 3.000000000000000000, 0.2500000000000000000, 2.299999999999999822 ) ) ;
#4313 = ORIENTED_EDGE ( 'NONE', *, *, #4681, .T. ) ;
#4314 = DIRECTION ( 'NONE',  ( 1.000000000000000000, 0.000000000000000000, -1.069696878666206068E-14 ) ) ;
#4315 =( NAMED_UNIT ( * ) SI_UNIT ( $, .STERADIAN. ) SOLID_ANGLE_UNIT ( ) );
#4316 =( LENGTH_UNIT ( ) NAMED_UNIT ( * ) SI_UNIT ( .MILLI., .METRE. ) );
#4317 = ORIENTED_EDGE ( 'NONE', *, *, #4200, .T. ) ;
#4318 = FILL_AREA_STYLE_COLOUR ( '', #2085 ) ;
#4319 = FACE_OUTER_BOUND ( 'NONE', #3080, .T. ) ;
#4320 = VERTEX_POINT ( 'NONE', #3856 ) ;
#4321 = DIRECTION ( 'NONE',  ( 0.000000000000000000, -1.000000000000000000, 0.000000000000000000 ) ) ;
#4322 = STYLED_ITEM ( 'NONE', ( #3820 ), #671 ) ;
#4323 = VECTOR ( 'NONE', #5156, 1000.000000000000000 ) ;
#4324 = CARTESIAN_POINT ( 'NONE',  ( -2.799999999999999822, 0.05000000000000000278, 2.500000000000000000 ) ) ;
#4325 = VECTOR ( 'NONE', #4424, 1000.000000000000000 ) ;
#4326 = VERTEX_POINT ( 'NONE', #1099 ) ;
#4327 =( GEOMETRIC_REPRESENTATION_CONTEXT ( 3 ) GLOBAL_UNCERTAINTY_ASSIGNED_CONTEXT ( ( #2209 ) ) GLOBAL_UNIT_ASSIGNED_CONTEXT ( ( #612, #2797, #2392 ) ) REPRESENTATION_CONTEXT ( 'NONE', 'WORKASPACE' ) );
#4328 = DIRECTION ( 'NONE',  ( -1.000000000000000000, 0.000000000000000000, -2.003898819367960108E-13 ) ) ;
#4329 = VECTOR ( 'NONE', #1478, 1000.000000000000000 ) ;
#4330 = DIRECTION ( 'NONE',  ( -6.023345402697244993E-16, 0.000000000000000000, -1.000000000000000000 ) ) ;
#4331 = CARTESIAN_POINT ( 'NONE',  ( 2.674999999999994493, 0.05000000000000000278, 0.3250000000000001776 ) ) ;
#4332 = EDGE_CURVE ( 'NONE', #5183, #2033, #4445, .T. ) ;
#4333 = CARTESIAN_POINT ( 'NONE',  ( -3.000000000000000000, 0.2500000000000000000, 2.299999999999999822 ) ) ;
#4334 = AXIS2_PLACEMENT_3D ( 'NONE', #2532, #5094, #4211 ) ;
#4335 = AXIS2_PLACEMENT_3D ( 'NONE', #508, #1783, #2551 ) ;
#4336 = DIRECTION ( 'NONE',  ( 0.000000000000000000, 1.000000000000000000, 0.000000000000000000 ) ) ;
#4337 = CARTESIAN_POINT ( 'NONE',  ( 2.925877716104265058, 0.9552264231633820213, -2.299999999999999822 ) ) ;
#4338 = ADVANCED_FACE ( 'NONE', ( #4464 ), #4004, .F. ) ;
#4339 = ORIENTED_EDGE ( 'NONE', *, *, #3899, .T. ) ;
#4340 = PLANE ( 'NONE',  #2656 ) ;
#4341 = DIRECTION ( 'NONE',  ( -1.000000000000000000, 0.000000000000000000, -0.000000000000000000 ) ) ;
#4342 = VERTEX_POINT ( 'NONE', #4055 ) ;
#4343 = CARTESIAN_POINT ( 'NONE',  ( -0.8409319427469820196, 0.2500000000000000000, 2.245931942746980159 ) ) ;
#4344 = CYLINDRICAL_SURFACE ( 'NONE', #1172, 0.05000000000000012768 ) ;
#4345 = CARTESIAN_POINT ( 'NONE',  ( -0.7449999999999999956, 0.05000000000000000278, 2.245931942746980159 ) ) ;
#4346 = ORIENTED_EDGE ( 'NONE', *, *, #2475, .F. ) ;
#4347 = CARTESIAN_POINT ( 'NONE',  ( -0.9250000000000000444, 0.000000000000000000, -1.256278847860922143 ) ) ;
#4348 = EDGE_LOOP ( 'NONE', ( #3310, #2521, #2028, #3560, #2799, #1567 ) ) ;
#4349 = DIRECTION ( 'NONE',  ( 1.000000000000000000, 0.000000000000000000, 1.084202172485504118E-14 ) ) ;
#4350 = PRESENTATION_LAYER_ASSIGNMENT (  '', '', ( #4503 ) ) ;
#4351 =( NAMED_UNIT ( * ) PLANE_ANGLE_UNIT ( ) SI_UNIT ( $, .RADIAN. ) );
#4352 = CARTESIAN_POINT ( 'NONE',  ( -2.369999999999960583, -0.4366062299143245173, -1.935000000000024922 ) ) ;
#4353 = ORIENTED_EDGE ( 'NONE', *, *, #2248, .F. ) ;
#4354 = LINE ( 'NONE', #2262, #360 ) ;
#4355 = CARTESIAN_POINT ( 'NONE',  ( 3.075000000000000178, 0.000000000000000000, -2.100000000000000089 ) ) ;
#4356 = LINE ( 'NONE', #120, #1168 ) ;
#4357 = ORIENTED_EDGE ( 'NONE', *, *, #761, .F. ) ;
#4358 = PRESENTATION_STYLE_ASSIGNMENT (( #2744 ) ) ;
#4359 = DIRECTION ( 'NONE',  ( 0.000000000000000000, -1.000000000000000000, 0.000000000000000000 ) ) ;
#4360 = EDGE_CURVE ( 'NONE', #159, #3509, #307, .T. ) ;
#4361 =( NAMED_UNIT ( * ) PLANE_ANGLE_UNIT ( ) SI_UNIT ( $, .RADIAN. ) );
#4362 = UNCERTAINTY_MEASURE_WITH_UNIT (LENGTH_MEASURE( 1.000000000000000082E-05 ), #4811, 'distance_accuracy_value', 'NONE');
#4363 = UNCERTAINTY_MEASURE_WITH_UNIT (LENGTH_MEASURE( 1.000000000000000082E-05 ), #2241, 'distance_accuracy_value', 'NONE');
#4364 = VECTOR ( 'NONE', #1222, 1000.000000000000000 ) ;
#4365 = EDGE_LOOP ( 'NONE', ( #2360, #3601, #1004, #3240, #1516, #2126 ) ) ;
#4366 = DIRECTION ( 'NONE',  ( 0.000000000000000000, 1.000000000000000000, 0.000000000000000000 ) ) ;
#4367 = EDGE_LOOP ( 'NONE', ( #2386, #2659, #4259, #4931, #1751, #1120, #4940, #507 ) ) ;
#4368 = ADVANCED_FACE ( 'NONE', ( #4028 ), #1960, .F. ) ;
#4369 = SURFACE_STYLE_FILL_AREA ( #4792 ) ;
#4370 = VECTOR ( 'NONE', #3072, 1000.000000000000000 ) ;
#4371 = EDGE_CURVE ( 'NONE', #3519, #914, #621, .T. ) ;
#4372 = DIRECTION ( 'NONE',  ( 2.558075641260095193E-15, 0.000000000000000000, 1.000000000000000000 ) ) ;
#4373 = CIRCLE ( 'NONE', #3588, 0.09593194274698166324 ) ;
#4374 = ORIENTED_EDGE ( 'NONE', *, *, #1023, .F. ) ;
#4375 = PLANE ( 'NONE',  #5436 ) ;
#4376 = SURFACE_SIDE_STYLE ('',( #4798 ) ) ;
#4377 = EDGE_LOOP ( 'NONE', ( #1564, #4542, #4228, #4176, #4630, #1950 ) ) ;
#4378 = LINE ( 'NONE', #4800, #1225 ) ;
#4379 = EDGE_CURVE ( 'NONE', #2407, #4393, #4494, .T. ) ;
#4380 = ORIENTED_EDGE ( 'NONE', *, *, #2437, .F. ) ;
#4381 = DIRECTION ( 'NONE',  ( 0.000000000000000000, -1.000000000000000000, 0.000000000000000000 ) ) ;
#4382 = CARTESIAN_POINT ( 'NONE',  ( -0.7449999999999999956, 0.000000000000000000, -2.600000000000000089 ) ) ;
#4383 = LINE ( 'NONE', #3264, #3173 ) ;
#4384 = PRESENTATION_STYLE_ASSIGNMENT (( #3130 ) ) ;
#4385 = LINE ( 'NONE', #610, #854 ) ;
#4386 = ORIENTED_EDGE ( 'NONE', *, *, #4200, .F. ) ;
#4387 = FACE_OUTER_BOUND ( 'NONE', #4050, .T. ) ;
#4388 = VECTOR ( 'NONE', #2489, 1000.000000000000000 ) ;
#4389 = AXIS2_PLACEMENT_3D ( 'NONE', #937, #559, #1330 ) ;
#4390 = PLANE ( 'NONE',  #5354 ) ;
#4391 = EDGE_CURVE ( 'NONE', #306, #891, #1055, .T. ) ;
#4392 =( GEOMETRIC_REPRESENTATION_CONTEXT ( 3 ) GLOBAL_UNCERTAINTY_ASSIGNED_CONTEXT ( ( #3154 ) ) GLOBAL_UNIT_ASSIGNED_CONTEXT ( ( #1686, #1267, #813 ) ) REPRESENTATION_CONTEXT ( 'NONE', 'WORKASPACE' ) );
#4393 = VERTEX_POINT ( 'NONE', #709 ) ;
#4394 =( NAMED_UNIT ( * ) SI_UNIT ( $, .STERADIAN. ) SOLID_ANGLE_UNIT ( ) );
#4395 = VERTEX_POINT ( 'NONE', #2763 ) ;
#4396 = CYLINDRICAL_SURFACE ( 'NONE', #2669, 0.09593194274698166324 ) ;
#4397 = STYLED_ITEM ( 'NONE', ( #4915 ), #316 ) ;
#4398 = AXIS2_PLACEMENT_3D ( 'NONE', #497, #3459, #1355 ) ;
#4399 =( LENGTH_UNIT ( ) NAMED_UNIT ( * ) SI_UNIT ( .MILLI., .METRE. ) );
#4400 = EDGE_CURVE ( 'NONE', #2527, #1936, #4077, .T. ) ;
#4401 = MECHANICAL_DESIGN_GEOMETRIC_PRESENTATION_REPRESENTATION (  '', ( #530 ), #5451 ) ;
#4402 = COLOUR_RGB ( '',0.2509803921568627416, 0.2509803921568627416, 0.2509803921568627416 ) ;
#4403 = EDGE_CURVE ( 'NONE', #809, #2316, #3615, .T. ) ;
#4404 = DIRECTION ( 'NONE',  ( -0.000000000000000000, 1.000000000000000000, -0.000000000000000000 ) ) ;
#4405 = EDGE_LOOP ( 'NONE', ( #1803, #556, #3777, #922, #3341, #1630 ) ) ;
#4406 = PRESENTATION_STYLE_ASSIGNMENT (( #4777 ) ) ;
#4407 = LINE ( 'NONE', #1063, #13 ) ;
#4408 = EDGE_LOOP ( 'NONE', ( #1387, #3675, #1241, #3587 ) ) ;
#4409 = STYLED_ITEM ( 'NONE', ( #468 ), #4836 ) ;
#4410 = AXIS2_PLACEMENT_3D ( 'NONE', #4202, #3817, #2855 ) ;
#4411 = AXIS2_PLACEMENT_3D ( 'NONE', #3640, #299, #5272 ) ;
#4412 = LINE ( 'NONE', #1577, #3097 ) ;
#4413 = DIRECTION ( 'NONE',  ( 0.000000000000000000, 0.000000000000000000, 1.000000000000000000 ) ) ;
#4414 = CARTESIAN_POINT ( 'NONE',  ( -2.799999999999999822, 0.05000000000000000278, 2.299999999999999822 ) ) ;
#4415 = UNCERTAINTY_MEASURE_WITH_UNIT (LENGTH_MEASURE( 1.000000000000000082E-05 ), #1566, 'distance_accuracy_value', 'NONE');
#4416 = CIRCLE ( 'NONE', #1945, 0.09593194274698166324 ) ;
#4417 = COLOUR_RGB ( '',0.7921568627450980005, 0.8196078431372548767, 0.9333333333333333481 ) ;
#4418 = ORIENTED_EDGE ( 'NONE', *, *, #1595, .T. ) ;
#4419 = LINE ( 'NONE', #255, #4852 ) ;
#4420 = EDGE_CURVE ( 'NONE', #1742, #3900, #2803, .T. ) ;
#4421 = CARTESIAN_POINT ( 'NONE',  ( 2.674999999999999822, 0.2500000000000000000, -0.9309319427470109654 ) ) ;
#4422 = VERTEX_POINT ( 'NONE', #5278 ) ;
#4423 = ORIENTED_EDGE ( 'NONE', *, *, #3224, .T. ) ;
#4424 = DIRECTION ( 'NONE',  ( 6.799799217681682866E-16, -0.9945218953682734009, -0.1045284632676536513 ) ) ;
#4425 = EDGE_CURVE ( 'NONE', #4879, #4230, #264, .T. ) ;
#4426 = ADVANCED_FACE ( 'NONE', ( #1937 ), #687, .T. ) ;
#4427 = FACE_OUTER_BOUND ( 'NONE', #65, .T. ) ;
#4428 = EDGE_LOOP ( 'NONE', ( #2145, #3199, #2481, #1286, #344, #5124, #1984, #2788, #1028 ) ) ;
#4429 = VECTOR ( 'NONE', #2654, 1000.000000000000000 ) ;
#4430 = EDGE_CURVE ( 'NONE', #3660, #2805, #778, .T. ) ;
#4431 = DIRECTION ( 'NONE',  ( 0.000000000000000000, 0.000000000000000000, 1.000000000000000000 ) ) ;
#4432 = EDGE_CURVE ( 'NONE', #591, #1801, #5018, .T. ) ;
#4433 = DIRECTION ( 'NONE',  ( 1.053224967557346083E-14, 0.000000000000000000, -1.000000000000000000 ) ) ;
#4434 =( GEOMETRIC_REPRESENTATION_CONTEXT ( 3 ) GLOBAL_UNCERTAINTY_ASSIGNED_CONTEXT ( ( #5246 ) ) GLOBAL_UNIT_ASSIGNED_CONTEXT ( ( #5426, #4246, #2984 ) ) REPRESENTATION_CONTEXT ( 'NONE', 'WORKASPACE' ) );
#4435 = CARTESIAN_POINT ( 'NONE',  ( -0.7449999999999999956, 0.2500000000000000000, -2.600000000000000089 ) ) ;
#4436 = EDGE_CURVE ( 'NONE', #3595, #5382, #3342, .T. ) ;
#4437 = ORIENTED_EDGE ( 'NONE', *, *, #4391, .T. ) ;
#4438 =( NAMED_UNIT ( * ) PLANE_ANGLE_UNIT ( ) SI_UNIT ( $, .RADIAN. ) );
#4439 = VECTOR ( 'NONE', #2599, 1000.000000000000000 ) ;
#4440 = DIRECTION ( 'NONE',  ( 0.000000000000000000, 0.000000000000000000, 1.000000000000000000 ) ) ;
#4441 = VERTEX_POINT ( 'NONE', #4635 ) ;
#4442 = DIRECTION ( 'NONE',  ( 0.1045284632676536513, -0.9945218953682734009, 6.799799217681682866E-16 ) ) ;
#4443 = CARTESIAN_POINT ( 'NONE',  ( 1.704999999999999849, 0.000000000000000000, -2.245931942746980159 ) ) ;
#4444 = VERTEX_POINT ( 'NONE', #2964 ) ;
#4445 = LINE ( 'NONE', #1151, #4923 ) ;
#4446 = COLOUR_RGB ( '',0.2509803921568627416, 0.2509803921568627416, 0.2509803921568627416 ) ;
#4447 = CARTESIAN_POINT ( 'NONE',  ( -0.8409319427469820196, 0.000000000000000000, 2.149999999999999911 ) ) ;
#4448 = VERTEX_POINT ( 'NONE', #1208 ) ;
#4449 = AXIS2_PLACEMENT_3D ( 'NONE', #3434, #2547, #2128 ) ;
#4450 = PLANE ( 'NONE',  #547 ) ;
#4451 = ADVANCED_FACE ( 'NONE', ( #4609 ), #5433, .T. ) ;
#4452 = EDGE_LOOP ( 'NONE', ( #947, #1646, #5180, #1460 ) ) ;
#4453 = CARTESIAN_POINT ( 'NONE',  ( 3.075000000000000178, 0.2500000000000000000, 0.4349999999999680234 ) ) ;
#4454 = UNCERTAINTY_MEASURE_WITH_UNIT (LENGTH_MEASURE( 1.000000000000000082E-05 ), #5240, 'distance_accuracy_value', 'NONE');
#4455 = EDGE_CURVE ( 'NONE', #26, #1624, #8, .T. ) ;
#4456 = EDGE_CURVE ( 'NONE', #1394, #4448, #4043, .T. ) ;
#4457 = PLANE ( 'NONE',  #178 ) ;
#4458 = ORIENTED_EDGE ( 'NONE', *, *, #2765, .F. ) ;
#4459 = DIRECTION ( 'NONE',  ( 0.000000000000000000, 0.000000000000000000, -1.000000000000000000 ) ) ;
#4460 = ORIENTED_EDGE ( 'NONE', *, *, #18, .T. ) ;
#4461 = CARTESIAN_POINT ( 'NONE',  ( -2.799999999999999822, 0.2500000000000000000, 2.500000000000000000 ) ) ;
#4462 = VECTOR ( 'NONE', #3581, 1000.000000000000000 ) ;
#4463 = EDGE_LOOP ( 'NONE', ( #2973, #1091, #86, #1051 ) ) ;
#4464 = FACE_OUTER_BOUND ( 'NONE', #48, .T. ) ;
#4465 = PRESENTATION_LAYER_ASSIGNMENT (  '', '', ( #1407 ) ) ;
#4466 = LINE ( 'NONE', #4007, #1506 ) ;
#4467 = VERTEX_POINT ( 'NONE', #3758 ) ;
#4468 = DIRECTION ( 'NONE',  ( 0.000000000000000000, 0.000000000000000000, -1.000000000000000000 ) ) ;
#4469 = MECHANICAL_DESIGN_GEOMETRIC_PRESENTATION_REPRESENTATION (  '', ( #2996 ), #1562 ) ;
#4470 = DIRECTION ( 'NONE',  ( 0.000000000000000000, 0.000000000000000000, 1.000000000000000000 ) ) ;
#4471 = EDGE_CURVE ( 'NONE', #2497, #279, #1245, .T. ) ;
#4472 = VECTOR ( 'NONE', #1296, 1000.000000000000000 ) ;
#4473 = MECHANICAL_DESIGN_GEOMETRIC_PRESENTATION_REPRESENTATION (  '', ( #3536 ), #2557 ) ;
#4474 = CARTESIAN_POINT ( 'NONE',  ( 0.000000000000000000, 0.2500000000000000000, 0.000000000000000000 ) ) ;
#4475 = VERTEX_POINT ( 'NONE', #4575 ) ;
#4476 = VERTEX_POINT ( 'NONE', #3813 ) ;
#4477 = DIRECTION ( 'NONE',  ( 0.000000000000000000, 0.000000000000000000, 1.000000000000000000 ) ) ;
#4478 = CIRCLE ( 'NONE', #2108, 0.5999999999999999778 ) ;
#4479 = EDGE_CURVE ( 'NONE', #4320, #837, #2907, .T. ) ;
#4480 = MECHANICAL_DESIGN_GEOMETRIC_PRESENTATION_REPRESENTATION (  '', ( #624 ), #4327 ) ;
#4481 = VECTOR ( 'NONE', #2040, 1000.000000000000000 ) ;
#4482 = DIRECTION ( 'NONE',  ( -1.000000000000000000, 0.000000000000000000, -1.069696878666206068E-14 ) ) ;
#4483 = EDGE_LOOP ( 'NONE', ( #3861, #5251, #5102, #2903, #1692, #1959 ) ) ;
#4484 = VECTOR ( 'NONE', #402, 1000.000000000000000 ) ;
#4485 = COLOUR_RGB ( '',0.2509803921568627416, 0.2509803921568627416, 0.2509803921568627416 ) ;
#4486 = ADVANCED_FACE ( 'NONE', ( #5378 ), #5023, .T. ) ;
#4487 = DIRECTION ( 'NONE',  ( 0.000000000000000000, 0.000000000000000000, 1.000000000000000000 ) ) ;
#4488 = CARTESIAN_POINT ( 'NONE',  ( 1.699999999999999956, 0.9000000000000000222, 0.5999999999999999778 ) ) ;
#4489 = VECTOR ( 'NONE', #4470, 1000.000000000000000 ) ;
#4490 = VERTEX_POINT ( 'NONE', #2094 ) ;
#4491 = CARTESIAN_POINT ( 'NONE',  ( -2.200000000000000178, -1.084202172485504434E-16, 1.874999999999976463 ) ) ;
#4492 = DIRECTION ( 'NONE',  ( 0.000000000000000000, -1.000000000000000000, 0.000000000000000000 ) ) ;
#4493 = ORIENTED_EDGE ( 'NONE', *, *, #4514, .T. ) ;
#4494 = LINE ( 'NONE', #1076, #5115 ) ;
#4495 = CARTESIAN_POINT ( 'NONE',  ( -2.799999999999450040, 0.05000000000000000278, -0.4350000000011460255 ) ) ;
#4496 = VERTEX_POINT ( 'NONE', #3406 ) ;
#4497 = CARTESIAN_POINT ( 'NONE',  ( -2.799999999999954969, 0.05000000000000000278, -2.105000000000030180 ) ) ;
#4498 = ORIENTED_EDGE ( 'NONE', *, *, #4784, .F. ) ;
#4499 = DIRECTION ( 'NONE',  ( -1.000000000000000000, -7.564603534924490029E-29, -8.673617379884011806E-15 ) ) ;
#4500 =( NAMED_UNIT ( * ) SI_UNIT ( $, .STERADIAN. ) SOLID_ANGLE_UNIT ( ) );
#4501 = CIRCLE ( 'NONE', #4596, 0.07499999999999998335 ) ;
#4502 = EDGE_LOOP ( 'NONE', ( #1430, #2620, #403, #2725, #3364, #457 ) ) ;
#4503 = STYLED_ITEM ( 'NONE', ( #2375 ), #1466 ) ;
#4504 = ORIENTED_EDGE ( 'NONE', *, *, #1077, .F. ) ;
#4505 = DIRECTION ( 'NONE',  ( 0.000000000000000000, 0.000000000000000000, -1.000000000000000000 ) ) ;
#4506 = STYLED_ITEM ( 'NONE', ( #227 ), #1082 ) ;
#4507 = EDGE_CURVE ( 'NONE', #2434, #4993, #4226, .T. ) ;
#4508 = MECHANICAL_DESIGN_GEOMETRIC_PRESENTATION_REPRESENTATION (  '', ( #4506 ), #292 ) ;
#4509 = DIRECTION ( 'NONE',  ( 0.000000000000000000, -1.000000000000000000, 0.000000000000000000 ) ) ;
#4510 = VERTEX_POINT ( 'NONE', #2429 ) ;
#4511 =( NAMED_UNIT ( * ) SI_UNIT ( $, .STERADIAN. ) SOLID_ANGLE_UNIT ( ) );
#4512 = DIRECTION ( 'NONE',  ( 0.000000000000000000, -1.000000000000000000, 0.000000000000000000 ) ) ;
#4513 = CARTESIAN_POINT ( 'NONE',  ( -2.925877716104265058, 0.9552264231633820213, -2.299999999999999822 ) ) ;
#4514 = EDGE_CURVE ( 'NONE', #2349, #1677, #3781, .T. ) ;
#4515 = ORIENTED_EDGE ( 'NONE', *, *, #2362, .T. ) ;
#4516 = LINE ( 'NONE', #1687, #1402 ) ;
#4517 = ORIENTED_EDGE ( 'NONE', *, *, #5364, .F. ) ;
#4518 = EDGE_CURVE ( 'NONE', #985, #4496, #4141, .T. ) ;
#4519 = DIRECTION ( 'NONE',  ( 0.000000000000000000, 0.000000000000000000, -1.000000000000000000 ) ) ;
#4520 = DIRECTION ( 'NONE',  ( 0.000000000000000000, 1.000000000000000000, 0.000000000000000000 ) ) ;
#4521 = ORIENTED_EDGE ( 'NONE', *, *, #953, .T. ) ;
#4522 = VECTOR ( 'NONE', #523, 1000.000000000000000 ) ;
#4523 =( LENGTH_UNIT ( ) NAMED_UNIT ( * ) SI_UNIT ( .MILLI., .METRE. ) );
#4524 = EDGE_LOOP ( 'NONE', ( #3950, #3267, #938, #3331 ) ) ;
#4525 = ADVANCED_FACE ( 'NONE', ( #2010 ), #3372, .F. ) ;
#4526 = CARTESIAN_POINT ( 'NONE',  ( -2.799999999999999822, 0.05000000000000000278, 2.500000000000000000 ) ) ;
#4527 = LINE ( 'NONE', #5293, #2005 ) ;
#4528 = EDGE_CURVE ( 'NONE', #2999, #306, #331, .T. ) ;
#4529 = DIRECTION ( 'NONE',  ( -1.000000000000000000, 0.000000000000000000, 0.000000000000000000 ) ) ;
#4530 = ORIENTED_EDGE ( 'NONE', *, *, #437, .F. ) ;
#4531 = ORIENTED_EDGE ( 'NONE', *, *, #3728, .F. ) ;
#4532 = DIRECTION ( 'NONE',  ( 0.000000000000000000, 1.000000000000000000, 0.000000000000000000 ) ) ;
#4533 = CARTESIAN_POINT ( 'NONE',  ( -0.9250000000000000444, 0.2500000000000000000, -1.743721152139079855 ) ) ;
#4534 = EDGE_LOOP ( 'NONE', ( #2529, #3051, #2231, #2879 ) ) ;
#4535 =( NAMED_UNIT ( * ) SI_UNIT ( $, .STERADIAN. ) SOLID_ANGLE_UNIT ( ) );
#4536 = DIRECTION ( 'NONE',  ( 0.000000000000000000, -1.000000000000000000, 0.000000000000000000 ) ) ;
#4537 = DIRECTION ( 'NONE',  ( 0.000000000000000000, -1.000000000000000000, 0.000000000000000000 ) ) ;
#4538 = VERTEX_POINT ( 'NONE', #5051 ) ;
#4539 = DIRECTION ( 'NONE',  ( 0.000000000000000000, -1.000000000000000000, 0.000000000000000000 ) ) ;
#4540 = CARTESIAN_POINT ( 'NONE',  ( -2.370000000000000107, 0.05000000000000000278, 1.874999999999974909 ) ) ;
#4541 = DIRECTION ( 'NONE',  ( -1.000000000000000000, 0.000000000000000000, 0.000000000000000000 ) ) ;
#4542 = ORIENTED_EDGE ( 'NONE', *, *, #4011, .F. ) ;
#4543 = PLANE ( 'NONE',  #3258 ) ;
#4544 = DIRECTION ( 'NONE',  ( 0.000000000000000000, -1.000000000000000000, 0.000000000000000000 ) ) ;
#4545 = ADVANCED_FACE ( 'NONE', ( #2877 ), #4543, .T. ) ;
#4546 = ORIENTED_EDGE ( 'NONE', *, *, #4264, .T. ) ;
#4547 = CIRCLE ( 'NONE', #2187, 0.09593194274698166324 ) ;
#4548 = LINE ( 'NONE', #743, #977 ) ;
#4549 = ORIENTED_EDGE ( 'NONE', *, *, #348, .F. ) ;
#4550 =( NAMED_UNIT ( * ) SI_UNIT ( $, .STERADIAN. ) SOLID_ANGLE_UNIT ( ) );
#4551 = DIRECTION ( 'NONE',  ( -1.000000000000000000, 0.000000000000000000, 0.000000000000000000 ) ) ;
#4552 = DIRECTION ( 'NONE',  ( -0.000000000000000000, 1.000000000000000000, -0.000000000000000000 ) ) ;
#4553 = FACE_OUTER_BOUND ( 'NONE', #3997, .T. ) ;
#4554 = EDGE_CURVE ( 'NONE', #3014, #5197, #2219, .T. ) ;
#4555 = VERTEX_POINT ( 'NONE', #1804 ) ;
#4556 = FACE_OUTER_BOUND ( 'NONE', #2162, .T. ) ;
#4557 = ORIENTED_EDGE ( 'NONE', *, *, #3050, .T. ) ;
#4558 = VECTOR ( 'NONE', #4537, 1000.000000000000000 ) ;
#4559 = VECTOR ( 'NONE', #3272, 1000.000000000000000 ) ;
#4560 = VECTOR ( 'NONE', #3466, 1000.000000000000000 ) ;
#4561 = DIRECTION ( 'NONE',  ( 0.000000000000000000, -1.000000000000000000, 0.000000000000000000 ) ) ;
#4562 = VERTEX_POINT ( 'NONE', #71 ) ;
#4563 = CARTESIAN_POINT ( 'NONE',  ( -2.799999999999999822, 0.2500000000000000000, -2.500000000000000000 ) ) ;
#4564 = MECHANICAL_DESIGN_GEOMETRIC_PRESENTATION_REPRESENTATION (  '', ( #618 ), #2930 ) ;
#4565 = CARTESIAN_POINT ( 'NONE',  ( -3.000000000000000000, 0.2500000000000000000, 2.299999999999999822 ) ) ;
#4566 = VECTOR ( 'NONE', #43, 1000.000000000000000 ) ;
#4567 = CARTESIAN_POINT ( 'NONE',  ( 1.609068057253020045, 0.2500000000000000000, -2.149999999999999911 ) ) ;
#4568 = DIRECTION ( 'NONE',  ( 1.000000000000000000, 0.000000000000000000, -2.558075641260095193E-15 ) ) ;
#4569 = ORIENTED_EDGE ( 'NONE', *, *, #4921, .F. ) ;
#4570 = DIRECTION ( 'NONE',  ( 1.000000000000000000, 0.000000000000000000, 0.000000000000000000 ) ) ;
#4571 = DIRECTION ( 'NONE',  ( 0.000000000000000000, 1.000000000000000000, 0.000000000000000000 ) ) ;
#4572 = DIRECTION ( 'NONE',  ( 0.000000000000000000, 0.000000000000000000, 1.000000000000000000 ) ) ;
#4573 = STYLED_ITEM ( 'NONE', ( #5043 ), #4741 ) ;
#4574 = ORIENTED_EDGE ( 'NONE', *, *, #4514, .F. ) ;
#4575 = CARTESIAN_POINT ( 'NONE',  ( 1.699999999999999956, 1.000000000000000000, 0.5999999999999999778 ) ) ;
#4576 = AXIS2_PLACEMENT_3D ( 'NONE', #4084, #1941, #4846 ) ;
#4577 = LINE ( 'NONE', #762, #3655 ) ;
#4578 = ORIENTED_EDGE ( 'NONE', *, *, #1435, .T. ) ;
#4579 = VECTOR ( 'NONE', #1791, 1000.000000000000000 ) ;
#4580 = VECTOR ( 'NONE', #1375, 1000.000000000000000 ) ;
#4581 = FACE_OUTER_BOUND ( 'NONE', #1053, .T. ) ;
#4582 = ADVANCED_FACE ( 'NONE', ( #4761 ), #3112, .T. ) ;
#4583 = VERTEX_POINT ( 'NONE', #131 ) ;
#4584 = FACE_OUTER_BOUND ( 'NONE', #3879, .T. ) ;
#4585 = CARTESIAN_POINT ( 'NONE',  ( 2.770931942746980070, 0.2500000000000000000, 0.8350000000000289413 ) ) ;
#4586 = FILL_AREA_STYLE_COLOUR ( '', #4417 ) ;
#4587 = DIRECTION ( 'NONE',  ( 1.066063828557211909E-13, 0.000000000000000000, 1.000000000000000000 ) ) ;
#4588 = ORIENTED_EDGE ( 'NONE', *, *, #5076, .T. ) ;
#4589 = ORIENTED_EDGE ( 'NONE', *, *, #47, .F. ) ;
#4590 =( NAMED_UNIT ( * ) PLANE_ANGLE_UNIT ( ) SI_UNIT ( $, .RADIAN. ) );
#4591 = ADVANCED_FACE ( 'NONE', ( #3876 ), #970, .T. ) ;
#4592 = ORIENTED_EDGE ( 'NONE', *, *, #666, .T. ) ;
#4593 = EDGE_CURVE ( 'NONE', #3014, #4230, #587, .T. ) ;
#4594 = DIRECTION ( 'NONE',  ( 1.000000000000000000, 0.000000000000000000, 0.000000000000000000 ) ) ;
#4595 = ORIENTED_EDGE ( 'NONE', *, *, #2050, .T. ) ;
#4596 = AXIS2_PLACEMENT_3D ( 'NONE', #1269, #839, #2962 ) ;
#4597 = FACE_OUTER_BOUND ( 'NONE', #1689, .T. ) ;
#4598 = ORIENTED_EDGE ( 'NONE', *, *, #870, .T. ) ;
#4599 = EDGE_CURVE ( 'NONE', #4342, #844, #5228, .T. ) ;
#4600 =( NAMED_UNIT ( * ) PLANE_ANGLE_UNIT ( ) SI_UNIT ( $, .RADIAN. ) );
#4601 = VECTOR ( 'NONE', #4541, 1000.000000000000000 ) ;
#4602 = SURFACE_SIDE_STYLE ('',( #1199 ) ) ;
#4603 = DIRECTION ( 'NONE',  ( 0.000000000000000000, 0.000000000000000000, -1.000000000000000000 ) ) ;
#4604 = EDGE_LOOP ( 'NONE', ( #2933, #4909, #3797, #1308 ) ) ;
#4605 = LINE ( 'NONE', #1977, #1306 ) ;
#4606 = LINE ( 'NONE', #4959, #329 ) ;
#4607 = DIRECTION ( 'NONE',  ( 1.000000000000000000, 0.000000000000000000, -2.005681647499070042E-13 ) ) ;
#4608 = VERTEX_POINT ( 'NONE', #939 ) ;
#4609 = FACE_OUTER_BOUND ( 'NONE', #284, .T. ) ;
#4610 = DIRECTION ( 'NONE',  ( 0.000000000000000000, -1.000000000000000000, 0.000000000000000000 ) ) ;
#4611 = CARTESIAN_POINT ( 'NONE',  ( 3.075000000000000178, 0.2500000000000000000, -0.4349999999999680234 ) ) ;
#4612 = EDGE_LOOP ( 'NONE', ( #3985, #1837, #4235, #4339 ) ) ;
#4613 = LINE ( 'NONE', #45, #1135 ) ;
#4614 = ORIENTED_EDGE ( 'NONE', *, *, #448, .T. ) ;
#4615 = DIRECTION ( 'NONE',  ( 0.000000000000000000, 0.000000000000000000, -1.000000000000000000 ) ) ;
#4616 = CYLINDRICAL_SURFACE ( 'NONE', #3345, 0.09593194274699298751 ) ;
#4617 = CIRCLE ( 'NONE', #2709, 0.05000000000000012768 ) ;
#4618 = ORIENTED_EDGE ( 'NONE', *, *, #1088, .F. ) ;
#4619 = CARTESIAN_POINT ( 'NONE',  ( -2.799999999999999822, 0.2500000000000000000, 2.500000000000000000 ) ) ;
#4620 = EDGE_LOOP ( 'NONE', ( #2425, #722, #5064, #611 ) ) ;
#4621 = FACE_OUTER_BOUND ( 'NONE', #4161, .T. ) ;
#4622 = ORIENTED_EDGE ( 'NONE', *, *, #4840, .T. ) ;
#4623 = EDGE_CURVE ( 'NONE', #5233, #5257, #5113, .T. ) ;
#4624 = VECTOR ( 'NONE', #161, 1000.000000000000000 ) ;
#4625 = PLANE ( 'NONE',  #5011 ) ;
#4626 = ORIENTED_EDGE ( 'NONE', *, *, #2213, .F. ) ;
#4627 = SURFACE_SIDE_STYLE ('',( #5016 ) ) ;
#4628 = CARTESIAN_POINT ( 'NONE',  ( 2.774999999999999911, 0.05000000000000000278, 2.200000000000000178 ) ) ;
#4629 = EDGE_CURVE ( 'NONE', #2434, #1789, #4732, .T. ) ;
#4630 = ORIENTED_EDGE ( 'NONE', *, *, #5076, .F. ) ;
#4631 = CARTESIAN_POINT ( 'NONE',  ( -0.1490680572530187764, 0.2500000000000000000, 2.245931942746980159 ) ) ;
#4632 = CARTESIAN_POINT ( 'NONE',  ( 3.000000000000000000, 0.05000000000000000278, 2.299999999999999822 ) ) ;
#4633 = DIRECTION ( 'NONE',  ( 3.062129300499790370E-16, 0.000000000000000000, -1.000000000000000000 ) ) ;
#4634 = ORIENTED_EDGE ( 'NONE', *, *, #3165, .T. ) ;
#4635 = CARTESIAN_POINT ( 'NONE',  ( -3.000000000000000000, 0.2500000000000000000, 2.104999999999975113 ) ) ;
#4636 = ORIENTED_EDGE ( 'NONE', *, *, #598, .F. ) ;
#4637 = CARTESIAN_POINT ( 'NONE',  ( -3.000000000000000000, 0.2500000000000000000, 2.299999999999999822 ) ) ;
#4638 = FACE_OUTER_BOUND ( 'NONE', #5291, .T. ) ;
#4639 = ORIENTED_EDGE ( 'NONE', *, *, #221, .T. ) ;
#4640 = CARTESIAN_POINT ( 'NONE',  ( 3.075000000000000178, 0.2500000000000000000, -2.100000000000000089 ) ) ;
#4641 = DIRECTION ( 'NONE',  ( 0.000000000000000000, -1.000000000000000000, 0.000000000000000000 ) ) ;
#4642 = DIRECTION ( 'NONE',  ( 0.000000000000000000, 0.000000000000000000, 1.000000000000000000 ) ) ;
#4643 = VERTEX_POINT ( 'NONE', #2642 ) ;
#4644 = DIRECTION ( 'NONE',  ( 0.000000000000000000, 0.000000000000000000, -1.000000000000000000 ) ) ;
#4645 = ORIENTED_EDGE ( 'NONE', *, *, #2513, .T. ) ;
#4646 = AXIS2_PLACEMENT_3D ( 'NONE', #4540, #3756, #411 ) ;
#4647 = DIRECTION ( 'NONE',  ( 0.000000000000000000, 0.000000000000000000, 1.000000000000000000 ) ) ;
#4648 = EDGE_CURVE ( 'NONE', #5320, #3483, #2701, .T. ) ;
#4649 = DIRECTION ( 'NONE',  ( -1.000000000000000000, 0.000000000000000000, -9.912705577010320619E-15 ) ) ;
#4650 = CARTESIAN_POINT ( 'NONE',  ( 2.799999999999999822, 0.2500000000000000000, 2.500000000000000000 ) ) ;
#4651 = PLANE ( 'NONE',  #2740 ) ;
#4652 = AXIS2_PLACEMENT_3D ( 'NONE', #1204, #4570, #3339 ) ;
#4653 = DIRECTION ( 'NONE',  ( 1.084202172485504118E-14, 0.000000000000000000, -1.000000000000000000 ) ) ;
#4654 = VERTEX_POINT ( 'NONE', #5146 ) ;
#4655 = EDGE_CURVE ( 'NONE', #2808, #3440, #4670, .T. ) ;
#4656 = CARTESIAN_POINT ( 'NONE',  ( 2.674999999999999822, 0.05000000000000000278, 2.299999999999999822 ) ) ;
#4657 = SURFACE_SIDE_STYLE ('',( #154 ) ) ;
#4658 = VECTOR ( 'NONE', #4061, 1000.000000000000000 ) ;
#4659 = VECTOR ( 'NONE', #1796, 1000.000000000000000 ) ;
#4660 = DIRECTION ( 'NONE',  ( 0.000000000000000000, 0.000000000000000000, 1.000000000000000000 ) ) ;
#4661 = DIRECTION ( 'NONE',  ( 0.000000000000000000, 0.000000000000000000, 1.000000000000000000 ) ) ;
#4662 = CARTESIAN_POINT ( 'NONE',  ( 3.075000000000000178, 0.2500000000000000000, 2.100000000000000089 ) ) ;
#4663 = AXIS2_PLACEMENT_3D ( 'NONE', #3676, #4941, #3294 ) ;
#4664 = PRESENTATION_LAYER_ASSIGNMENT (  '', '', ( #2560 ) ) ;
#4665 = ORIENTED_EDGE ( 'NONE', *, *, #1848, .T. ) ;
#4666 = FACE_OUTER_BOUND ( 'NONE', #2759, .T. ) ;
#4667 = FILL_AREA_STYLE_COLOUR ( '', #4694 ) ;
#4668 = VERTEX_POINT ( 'NONE', #2680 ) ;
#4669 = ADVANCED_FACE ( 'NONE', ( #2186 ), #3951, .F. ) ;
#4670 = LINE ( 'NONE', #1743, #4132 ) ;
#4671 = ADVANCED_FACE ( 'NONE', ( #561 ), #160, .F. ) ;
#4672 = PRESENTATION_LAYER_ASSIGNMENT (  '', '', ( #971 ) ) ;
#4673 = ORIENTED_EDGE ( 'NONE', *, *, #406, .T. ) ;
#4674 = PRESENTATION_LAYER_ASSIGNMENT (  '', '', ( #5290 ) ) ;
#4675 = VECTOR ( 'NONE', #2687, 1000.000000000000000 ) ;
#4676 = DIRECTION ( 'NONE',  ( -1.000000000000000000, 0.000000000000000000, 0.000000000000000000 ) ) ;
#4677 = LINE ( 'NONE', #5123, #458 ) ;
#4678 = ORIENTED_EDGE ( 'NONE', *, *, #3245, .F. ) ;
#4679 = DIRECTION ( 'NONE',  ( 1.000000000000000000, 0.000000000000000000, 0.000000000000000000 ) ) ;
#4680 = LINE ( 'NONE', #4261, #1417 ) ;
#4681 = EDGE_CURVE ( 'NONE', #279, #5286, #1860, .T. ) ;
#4682 = CIRCLE ( 'NONE', #3359, 0.09593194274698123303 ) ;
#4683 = FILL_AREA_STYLE_COLOUR ( '', #215 ) ;
#4684 = VECTOR ( 'NONE', #1609, 1000.000000000000000 ) ;
#4685 = DIRECTION ( 'NONE',  ( 0.000000000000000000, -1.000000000000000000, 0.000000000000000000 ) ) ;
#4686 = AXIS2_PLACEMENT_3D ( 'NONE', #3539, #4804, #5241 ) ;
#4687 = ORIENTED_EDGE ( 'NONE', *, *, #2793, .F. ) ;
#4688 = CARTESIAN_POINT ( 'NONE',  ( 3.075000000000000178, 0.2500000000000000000, -0.4349999999999680234 ) ) ;
#4689 = LINE ( 'NONE', #4271, #1815 ) ;
#4690 = CARTESIAN_POINT ( 'NONE',  ( 1.704999999999999849, 0.000000000000000000, 2.600000000000000089 ) ) ;
#4691 = CARTESIAN_POINT ( 'NONE',  ( -3.000000000000000000, 0.2500000000000000000, 2.299999999999999822 ) ) ;
#4692 = ORIENTED_EDGE ( 'NONE', *, *, #3859, .T. ) ;
#4693 = LINE ( 'NONE', #581, #3255 ) ;
#4694 = COLOUR_RGB ( '',0.2509803921568627416, 0.2509803921568627416, 0.2509803921568627416 ) ;
#4695 = CARTESIAN_POINT ( 'NONE',  ( 1.699999999999999956, 1.000000000000000000, 0.000000000000000000 ) ) ;
#4696 = ADVANCED_FACE ( 'NONE', ( #2272 ), #3055, .T. ) ;
#4697 = ORIENTED_EDGE ( 'NONE', *, *, #1442, .F. ) ;
#4698 = CARTESIAN_POINT ( 'NONE',  ( -2.369999999999961471, 0.000000000000000000, -1.705000000000025162 ) ) ;
#4699 = LINE ( 'NONE', #2992, #1302 ) ;
#4700 = ORIENTED_EDGE ( 'NONE', *, *, #946, .T. ) ;
#4701 = DIRECTION ( 'NONE',  ( 0.000000000000000000, 0.000000000000000000, -1.000000000000000000 ) ) ;
#4702 = FILL_AREA_STYLE ('',( #2406 ) ) ;
#4703 = CARTESIAN_POINT ( 'NONE',  ( 2.774999999999999911, 0.000000000000000000, 2.195931942746985222 ) ) ;
#4704 = DIRECTION ( 'NONE',  ( 0.000000000000000000, -1.000000000000000000, 0.000000000000000000 ) ) ;
#4705 = ORIENTED_EDGE ( 'NONE', *, *, #583, .T. ) ;
#4706 = EDGE_CURVE ( 'NONE', #4475, #2924, #352, .T. ) ;
#4707 = ADVANCED_FACE ( 'NONE', ( #3227 ), #3596, .T. ) ;
#4708 = LINE ( 'NONE', #542, #3271 ) ;
#4709 = VERTEX_POINT ( 'NONE', #2327 ) ;
#4710 = SURFACE_STYLE_USAGE ( .BOTH. , #3321 ) ;
#4711 = DIRECTION ( 'NONE',  ( 0.000000000000000000, -1.000000000000000000, 0.000000000000000000 ) ) ;
#4712 = CARTESIAN_POINT ( 'NONE',  ( -2.876151621335850006, 0.9499999999999999556, 0.000000000000000000 ) ) ;
#4713 = VERTEX_POINT ( 'NONE', #4020 ) ;
#4714 = EDGE_CURVE ( 'NONE', #1193, #1117, #4419, .T. ) ;
#4715 = ADVANCED_FACE ( 'NONE', ( #4387 ), #1929, .F. ) ;
#4716 = DIRECTION ( 'NONE',  ( 1.000000000000000000, 0.000000000000000000, 1.066063828557211909E-13 ) ) ;
#4717 = ORIENTED_EDGE ( 'NONE', *, *, #4263, .T. ) ;
#4718 = DIRECTION ( 'NONE',  ( -0.000000000000000000, 0.000000000000000000, 1.000000000000000000 ) ) ;
#4719 = LINE ( 'NONE', #3416, #1062 ) ;
#4720 = CARTESIAN_POINT ( 'NONE',  ( 1.704999999999999849, 0.05000000000000000278, 2.245931942746980159 ) ) ;
#4721 = LINE ( 'NONE', #1317, #2785 ) ;
#4722 = DIRECTION ( 'NONE',  ( 0.000000000000000000, -1.000000000000000000, 0.000000000000000000 ) ) ;
#4723 = AXIS2_PLACEMENT_3D ( 'NONE', #2690, #577, #3454 ) ;
#4724 = DIRECTION ( 'NONE',  ( 0.000000000000000000, -1.000000000000000000, 0.000000000000000000 ) ) ;
#4725 = AXIS2_PLACEMENT_3D ( 'NONE', #1123, #4520, #4078 ) ;
#4726 = DIRECTION ( 'NONE',  ( 0.000000000000000000, 0.000000000000000000, -1.000000000000000000 ) ) ;
#4727 = ORIENTED_EDGE ( 'NONE', *, *, #5038, .T. ) ;
#4728 = LINE ( 'NONE', #905, #614 ) ;
#4729 = FACE_OUTER_BOUND ( 'NONE', #4092, .T. ) ;
#4730 = MECHANICAL_DESIGN_GEOMETRIC_PRESENTATION_REPRESENTATION (  '', ( #3307 ), #1382 ) ;
#4731 = ORIENTED_EDGE ( 'NONE', *, *, #2756, .T. ) ;
#4732 = LINE ( 'NONE', #3932, #2461 ) ;
#4733 = CARTESIAN_POINT ( 'NONE',  ( -2.199999999999973532, 0.05000000000000000278, -0.6050000000000262945 ) ) ;
#4734 = LINE ( 'NONE', #3933, #4624 ) ;
#4735 = EDGE_LOOP ( 'NONE', ( #2335, #2296, #3800, #365 ) ) ;
#4736 = DIRECTION ( 'NONE',  ( -0.000000000000000000, 1.000000000000000000, -0.000000000000000000 ) ) ;
#4737 = CARTESIAN_POINT ( 'NONE',  ( -2.799999999999999822, 0.05000000000000000278, 2.299999999999999822 ) ) ;
#4738 = ORIENTED_EDGE ( 'NONE', *, *, #712, .T. ) ;
#4739 = DIRECTION ( 'NONE',  ( -1.000000000000000000, -0.000000000000000000, -0.000000000000000000 ) ) ;
#4740 = PLANE ( 'NONE',  #5013 ) ;
#4741 = ADVANCED_FACE ( 'NONE', ( #3306 ), #2469, .T. ) ;
#4742 = CARTESIAN_POINT ( 'NONE',  ( 2.674999999999999822, 0.2500000000000000000, -0.3390680572530474501 ) ) ;
#4743 = DIRECTION ( 'NONE',  ( -0.000000000000000000, 1.000000000000000000, -0.000000000000000000 ) ) ;
#4744 = VERTEX_POINT ( 'NONE', #382 ) ;
#4745 = SURFACE_STYLE_USAGE ( .BOTH. , #5093 ) ;
#4746 = LINE ( 'NONE', #3010, #3354 ) ;
#4747 = PLANE ( 'NONE',  #300 ) ;
#4748 = EDGE_CURVE ( 'NONE', #4871, #2999, #3772, .T. ) ;
#4749 = PLANE ( 'NONE',  #3835 ) ;
#4750 = ORIENTED_EDGE ( 'NONE', *, *, #3597, .F. ) ;
#4751 = CARTESIAN_POINT ( 'NONE',  ( -0.9250000000000000444, -0.8249999999999999556, -0.3250000000000001776 ) ) ;
#4752 = CIRCLE ( 'NONE', #5445, 0.2000000000000000944 ) ;
#4753 = CARTESIAN_POINT ( 'NONE',  ( 2.300931942746980319, 0.000000000000000000, 2.295931942746979981 ) ) ;
#4754 = CARTESIAN_POINT ( 'NONE',  ( -3.075000000000000178, 0.2500000000000000000, 0.4349999999999675238 ) ) ;
#4755 = UNCERTAINTY_MEASURE_WITH_UNIT (LENGTH_MEASURE( 1.000000000000000082E-05 ), #1682, 'distance_accuracy_value', 'NONE');
#4756 = VECTOR ( 'NONE', #1398, 1000.000000000000000 ) ;
#4757 = EDGE_LOOP ( 'NONE', ( #2684, #1390, #1105, #5327 ) ) ;
#4758 = CARTESIAN_POINT ( 'NONE',  ( 2.300931942746980319, 0.000000000000000000, -2.200000000000000178 ) ) ;
#4759 = DIRECTION ( 'NONE',  ( 0.000000000000000000, -1.000000000000000000, 0.000000000000000000 ) ) ;
#4760 = ORIENTED_EDGE ( 'NONE', *, *, #1781, .T. ) ;
#4761 = FACE_OUTER_BOUND ( 'NONE', #1033, .T. ) ;
#4762 = VECTOR ( 'NONE', #1276, 1000.000000000000000 ) ;
#4763 = LINE ( 'NONE', #3136, #4974 ) ;
#4764 = VERTEX_POINT ( 'NONE', #3751 ) ;
#4765 = ORIENTED_EDGE ( 'NONE', *, *, #2595, .F. ) ;
#4766 = CARTESIAN_POINT ( 'NONE',  ( 3.075000000000000178, 0.000000000000000000, -2.100000000000000089 ) ) ;
#4767 = ORIENTED_EDGE ( 'NONE', *, *, #3750, .F. ) ;
#4768 = CARTESIAN_POINT ( 'NONE',  ( -0.8290680572530189085, 0.000000000000000000, -2.149999999999999911 ) ) ;
#4769 = CARTESIAN_POINT ( 'NONE',  ( 2.774999999999999911, 0.05000000000000000278, -2.200000000000000178 ) ) ;
#4770 = AXIS2_PLACEMENT_3D ( 'NONE', #1695, #4679, #452 ) ;
#4771 = AXIS2_PLACEMENT_3D ( 'NONE', #2103, #5088, #3411 ) ;
#4772 = PRESENTATION_LAYER_ASSIGNMENT (  '', '', ( #1674 ) ) ;
#4773 = VECTOR ( 'NONE', #841, 1000.000000000000000 ) ;
#4774 = EDGE_CURVE ( 'NONE', #1080, #2009, #4162, .T. ) ;
#4775 = CARTESIAN_POINT ( 'NONE',  ( -3.075000000000000178, 0.2500000000000000000, 2.104999999999970228 ) ) ;
#4776 = ORIENTED_EDGE ( 'NONE', *, *, #437, .T. ) ;
#4777 = SURFACE_STYLE_USAGE ( .BOTH. , #1818 ) ;
#4778 = VECTOR ( 'NONE', #248, 1000.000000000000000 ) ;
#4779 = DIRECTION ( 'NONE',  ( 0.000000000000000000, -1.000000000000000000, 0.000000000000000000 ) ) ;
#4780 = LINE ( 'NONE', #987, #2058 ) ;
#4781 = DIRECTION ( 'NONE',  ( 0.000000000000000000, -1.000000000000000000, 0.000000000000000000 ) ) ;
#4782 = ORIENTED_EDGE ( 'NONE', *, *, #1187, .T. ) ;
#4783 = PLANE ( 'NONE',  #3281 ) ;
#4784 = EDGE_CURVE ( 'NONE', #4860, #4938, #323, .T. ) ;
#4785 = ADVANCED_FACE ( 'NONE', ( #407 ), #5425, .T. ) ;
#4786 = CARTESIAN_POINT ( 'NONE',  ( 3.075000000000000178, 0.000000000000000000, 1.704999999999970095 ) ) ;
#4787 =( NAMED_UNIT ( * ) SI_UNIT ( $, .STERADIAN. ) SOLID_ANGLE_UNIT ( ) );
#4788 = ADVANCED_FACE ( 'NONE', ( #4096 ), #2000, .T. ) ;
#4789 = VERTEX_POINT ( 'NONE', #2573 ) ;
#4790 = LINE ( 'NONE', #3874, #516 ) ;
#4791 = ORIENTED_EDGE ( 'NONE', *, *, #1719, .F. ) ;
#4792 = FILL_AREA_STYLE ('',( #1422 ) ) ;
#4793 = DIRECTION ( 'NONE',  ( 0.000000000000000000, 0.000000000000000000, -1.000000000000000000 ) ) ;
#4794 = CARTESIAN_POINT ( 'NONE',  ( 1.699999999999999956, 0.9000000000000000222, -0.5999999999999999778 ) ) ;
#4795 = ORIENTED_EDGE ( 'NONE', *, *, #5365, .T. ) ;
#4796 = VERTEX_POINT ( 'NONE', #3897 ) ;
#4797 = DIRECTION ( 'NONE',  ( 0.000000000000000000, 0.000000000000000000, 1.000000000000000000 ) ) ;
#4798 = SURFACE_STYLE_FILL_AREA ( #2253 ) ;
#4799 = VERTEX_POINT ( 'NONE', #4337 ) ;
#4800 = CARTESIAN_POINT ( 'NONE',  ( -3.000000000000000000, 0.05000000000000000278, 2.299999999999999822 ) ) ;
#4801 = VECTOR ( 'NONE', #4572, 1000.000000000000000 ) ;
#4802 = AXIS2_PLACEMENT_3D ( 'NONE', #1463, #4722, #2317 ) ;
#4803 = ORIENTED_EDGE ( 'NONE', *, *, #385, .T. ) ;
#4804 = DIRECTION ( 'NONE',  ( 0.000000000000000000, 0.000000000000000000, -1.000000000000000000 ) ) ;
#4805 = DIRECTION ( 'NONE',  ( 1.000000000000000000, 0.000000000000000000, -2.168404344970659876E-14 ) ) ;
#4806 = DIRECTION ( 'NONE',  ( -1.000000000000000000, 0.000000000000000000, -9.912705577010320619E-15 ) ) ;
#4807 = FACE_OUTER_BOUND ( 'NONE', #44, .T. ) ;
#4808 = UNCERTAINTY_MEASURE_WITH_UNIT (LENGTH_MEASURE( 1.000000000000000082E-05 ), #1835, 'distance_accuracy_value', 'NONE');
#4809 = EDGE_CURVE ( 'NONE', #837, #2009, #2694, .T. ) ;
#4810 = VECTOR ( 'NONE', #2468, 1000.000000000000000 ) ;
#4811 =( LENGTH_UNIT ( ) NAMED_UNIT ( * ) SI_UNIT ( .MILLI., .METRE. ) );
#4812 = ORIENTED_EDGE ( 'NONE', *, *, #4113, .F. ) ;
#4813 = VECTOR ( 'NONE', #2174, 1000.000000000000000 ) ;
#4814 = EDGE_CURVE ( 'NONE', #974, #3807, #4693, .T. ) ;
#4815 = EDGE_CURVE ( 'NONE', #4467, #4654, #2607, .T. ) ;
#4816 = SURFACE_STYLE_USAGE ( .BOTH. , #3473 ) ;
#4817 = DIRECTION ( 'NONE',  ( 0.000000000000000000, -1.000000000000000000, 0.000000000000000000 ) ) ;
#4818 = AXIS2_PLACEMENT_3D ( 'NONE', #5053, #4992, #1628 ) ;
#4819 = CARTESIAN_POINT ( 'NONE',  ( 2.799999999999999822, 0.2500000000000000000, 2.299999999999999822 ) ) ;
#4820 = ORIENTED_EDGE ( 'NONE', *, *, #2814, .T. ) ;
#4821 = LINE ( 'NONE', #2652, #3968 ) ;
#4822 = SURFACE_STYLE_USAGE ( .BOTH. , #4266 ) ;
#4823 = ORIENTED_EDGE ( 'NONE', *, *, #4774, .F. ) ;
#4824 =( NAMED_UNIT ( * ) PLANE_ANGLE_UNIT ( ) SI_UNIT ( $, .RADIAN. ) );
#4825 = CARTESIAN_POINT ( 'NONE',  ( -3.000000000000000000, 0.04999999999999999584, -1.705000000000028493 ) ) ;
#4826 = CARTESIAN_POINT ( 'NONE',  ( 2.770931942746980070, 0.000000000000000000, -0.8350000000000289413 ) ) ;
#4827 = ADVANCED_FACE ( 'NONE', ( #1384 ), #1825, .T. ) ;
#4828 = DIRECTION ( 'NONE',  ( -1.000000000000000000, 0.000000000000000000, -9.912705577010320619E-15 ) ) ;
#4829 = CARTESIAN_POINT ( 'NONE',  ( 2.674999999999999822, 0.05000000000000000278, 0.3390680572530474501 ) ) ;
#4830 = EDGE_CURVE ( 'NONE', #2610, #1394, #962, .T. ) ;
#4831 = FACE_OUTER_BOUND ( 'NONE', #319, .T. ) ;
#4832 = ORIENTED_EDGE ( 'NONE', *, *, #5331, .F. ) ;
#4833 = CARTESIAN_POINT ( 'NONE',  ( -2.799999999999999822, 0.2500000000000000000, -2.500000000000000000 ) ) ;
#4834 = EDGE_LOOP ( 'NONE', ( #3527, #1361, #5164, #401 ) ) ;
#4835 = VECTOR ( 'NONE', #1838, 1000.000000000000000 ) ;
#4836 = ADVANCED_FACE ( 'NONE', ( #2240 ), #693, .T. ) ;
#4837 = ORIENTED_EDGE ( 'NONE', *, *, #4308, .F. ) ;
#4838 = PRESENTATION_STYLE_ASSIGNMENT (( #1911 ) ) ;
#4839 = EDGE_LOOP ( 'NONE', ( #81, #3465, #2351, #3381 ) ) ;
#4840 = EDGE_CURVE ( 'NONE', #4281, #686, #90, .T. ) ;
#4841 =( NAMED_UNIT ( * ) SI_UNIT ( $, .STERADIAN. ) SOLID_ANGLE_UNIT ( ) );
#4842 = CIRCLE ( 'NONE', #3963, 0.5999999999999999778 ) ;
#4843 = AXIS2_PLACEMENT_3D ( 'NONE', #4753, #4336, #3048 ) ;
#4844 = VECTOR ( 'NONE', #4232, 1000.000000000000000 ) ;
#4845 = CIRCLE ( 'NONE', #2371, 0.09593194274699298751 ) ;
#4846 = DIRECTION ( 'NONE',  ( 0.000000000000000000, 0.000000000000000000, 1.000000000000000000 ) ) ;
#4847 = ORIENTED_EDGE ( 'NONE', *, *, #831, .F. ) ;
#4848 = ADVANCED_FACE ( 'NONE', ( #5138 ), #1356, .F. ) ;
#4849 = CARTESIAN_POINT ( 'NONE',  ( 2.674999999999999822, 0.000000000000000000, -1.609068057253034922 ) ) ;
#4850 = VECTOR ( 'NONE', #1600, 1000.000000000000000 ) ;
#4851 = DIRECTION ( 'NONE',  ( 0.000000000000000000, -1.000000000000000000, 0.000000000000000000 ) ) ;
#4852 = VECTOR ( 'NONE', #3134, 1000.000000000000000 ) ;
#4853 = VECTOR ( 'NONE', #4965, 1000.000000000000000 ) ;
#4854 = CYLINDRICAL_SURFACE ( 'NONE', #92, 0.09593194274698166324 ) ;
#4855 = DIRECTION ( 'NONE',  ( -0.000000000000000000, 1.000000000000000000, -0.000000000000000000 ) ) ;
#4856 = UNCERTAINTY_MEASURE_WITH_UNIT (LENGTH_MEASURE( 1.000000000000000082E-05 ), #2825, 'distance_accuracy_value', 'NONE');
#4857 = VECTOR ( 'NONE', #1083, 1000.000000000000000 ) ;
#4858 = DIRECTION ( 'NONE',  ( -0.000000000000000000, 0.000000000000000000, 1.000000000000000000 ) ) ;
#4859 = AXIS2_PLACEMENT_3D ( 'NONE', #1009, #2285, #3570 ) ;
#4860 = VERTEX_POINT ( 'NONE', #3591 ) ;
#4861 = EDGE_CURVE ( 'NONE', #1584, #72, #3152, .T. ) ;
#4862 = LINE ( 'NONE', #3115, #2287 ) ;
#4863 = VERTEX_POINT ( 'NONE', #4829 ) ;
#4864 = DIRECTION ( 'NONE',  ( -0.000000000000000000, 1.000000000000000000, 0.000000000000000000 ) ) ;
#4865 = ORIENTED_EDGE ( 'NONE', *, *, #3907, .F. ) ;
#4866 =( NAMED_UNIT ( * ) PLANE_ANGLE_UNIT ( ) SI_UNIT ( $, .RADIAN. ) );
#4867 = ADVANCED_FACE ( 'NONE', ( #4807 ), #2267, .T. ) ;
#4868 = FILL_AREA_STYLE_COLOUR ( '', #5143 ) ;
#4869 = AXIS2_PLACEMENT_3D ( 'NONE', #3583, #4002, #2330 ) ;
#4870 = CARTESIAN_POINT ( 'NONE',  ( 2.674999999999999822, 0.000000000000000000, 1.609068057253034922 ) ) ;
#4871 = VERTEX_POINT ( 'NONE', #208 ) ;
#4872 = CARTESIAN_POINT ( 'NONE',  ( 3.000000000000000000, 0.2500000000000000000, 0.8350000000000320499 ) ) ;
#4873 = AXIS2_PLACEMENT_3D ( 'NONE', #3313, #5321, #1623 ) ;
#4874 = DIRECTION ( 'NONE',  ( -1.000000000000000000, 0.000000000000000000, -9.912705577010320619E-15 ) ) ;
#4875 = ADVANCED_FACE ( 'NONE', ( #5268 ), #1924, .T. ) ;
#4876 = AXIS2_PLACEMENT_3D ( 'NONE', #1320, #2394, #2604 ) ;
#4877 = EDGE_LOOP ( 'NONE', ( #4110, #2505, #3282, #4386 ) ) ;
#4878 =( LENGTH_UNIT ( ) NAMED_UNIT ( * ) SI_UNIT ( .MILLI., .METRE. ) );
#4879 = VERTEX_POINT ( 'NONE', #2794 ) ;
#4880 = STYLED_ITEM ( 'NONE', ( #5176 ), #1878 ) ;
#4881 = LINE ( 'NONE', #1094, #1658 ) ;
#4882 = VERTEX_POINT ( 'NONE', #1485 ) ;
#4883 = CARTESIAN_POINT ( 'NONE',  ( -0.2449999999999999956, 0.2500000000000000000, -2.245931942746980159 ) ) ;
#4884 = EDGE_LOOP ( 'NONE', ( #4100, #4673, #4148, #560, #2572, #4059 ) ) ;
#4885 = CARTESIAN_POINT ( 'NONE',  ( -2.799999999999999822, 0.05000000000000000278, 2.149999999999999911 ) ) ;
#4886 =( GEOMETRIC_REPRESENTATION_CONTEXT ( 3 ) GLOBAL_UNCERTAINTY_ASSIGNED_CONTEXT ( ( #2269 ) ) GLOBAL_UNIT_ASSIGNED_CONTEXT ( ( #4316, #973, #2727 ) ) REPRESENTATION_CONTEXT ( 'NONE', 'WORKASPACE' ) );
#4887 = PLANE ( 'NONE',  #5292 ) ;
#4888 = EDGE_CURVE ( 'NONE', #274, #4395, #2320, .T. ) ;
#4889 = ORIENTED_EDGE ( 'NONE', *, *, #4815, .T. ) ;
#4890 = FILL_AREA_STYLE_COLOUR ( '', #1494 ) ;
#4891 = CARTESIAN_POINT ( 'NONE',  ( -2.799999999999999822, 1.000000000000000000, -2.299999999999999822 ) ) ;
#4892 = ORIENTED_EDGE ( 'NONE', *, *, #2170, .F. ) ;
#4893 = ORIENTED_EDGE ( 'NONE', *, *, #964, .F. ) ;
#4894 = EDGE_CURVE ( 'NONE', #2199, #274, #1943, .T. ) ;
#4895 = CARTESIAN_POINT ( 'NONE',  ( 2.674999999999999822, 0.05000000000000000278, 2.299999999999999822 ) ) ;
#4896 = SURFACE_STYLE_FILL_AREA ( #1467 ) ;
#4897 = ORIENTED_EDGE ( 'NONE', *, *, #346, .T. ) ;
#4898 = PRESENTATION_STYLE_ASSIGNMENT (( #1536 ) ) ;
#4899 = CARTESIAN_POINT ( 'NONE',  ( 2.674999999999999822, 0.2500000000000000000, 0.3390680572530474501 ) ) ;
#4900 = ORIENTED_EDGE ( 'NONE', *, *, #1293, .F. ) ;
#4901 =( LENGTH_UNIT ( ) NAMED_UNIT ( * ) SI_UNIT ( .MILLI., .METRE. ) );
#4902 = CARTESIAN_POINT ( 'NONE',  ( 2.799999999999999822, 0.9552264231633830205, -2.299999999999999822 ) ) ;
#4903 = MECHANICAL_DESIGN_GEOMETRIC_PRESENTATION_REPRESENTATION (  '', ( #602 ), #1301 ) ;
#4904 = EDGE_LOOP ( 'NONE', ( #395, #2626, #1191, #2796 ) ) ;
#4905 = DIRECTION ( 'NONE',  ( 0.000000000000000000, -1.000000000000000000, 0.000000000000000000 ) ) ;
#4906 = DIRECTION ( 'NONE',  ( 1.000000000000000000, 0.000000000000000000, 0.000000000000000000 ) ) ;
#4907 = PRESENTATION_LAYER_ASSIGNMENT (  '', '', ( #1845 ) ) ;
#4908 = LINE ( 'NONE', #1127, #2673 ) ;
#4909 = ORIENTED_EDGE ( 'NONE', *, *, #555, .F. ) ;
#4910 = DIRECTION ( 'NONE',  ( -1.066063828557211909E-13, 0.000000000000000000, 1.000000000000000000 ) ) ;
#4911 =( GEOMETRIC_REPRESENTATION_CONTEXT ( 3 ) GLOBAL_UNCERTAINTY_ASSIGNED_CONTEXT ( ( #233 ) ) GLOBAL_UNIT_ASSIGNED_CONTEXT ( ( #3185, #1496, #3620 ) ) REPRESENTATION_CONTEXT ( 'NONE', 'WORKASPACE' ) );
#4912 = EDGE_CURVE ( 'NONE', #5030, #334, #1067, .T. ) ;
#4913 = VECTOR ( 'NONE', #4615, 1000.000000000000000 ) ;
#4914 = VECTOR ( 'NONE', #4653, 1000.000000000000000 ) ;
#4915 = PRESENTATION_STYLE_ASSIGNMENT (( #5388 ) ) ;
#4916 = ORIENTED_EDGE ( 'NONE', *, *, #1333, .F. ) ;
#4917 = VERTEX_POINT ( 'NONE', #673 ) ;
#4918 = CARTESIAN_POINT ( 'NONE',  ( -3.075000000000000178, 0.2500000000000000000, 0.8349999999999679900 ) ) ;
#4919 = DIRECTION ( 'NONE',  ( -1.000000000000000000, 0.000000000000000000, 0.000000000000000000 ) ) ;
#4920 = CIRCLE ( 'NONE', #2911, 0.1700000000000002343 ) ;
#4921 = EDGE_CURVE ( 'NONE', #826, #2349, #2721, .T. ) ;
#4922 = ADVANCED_FACE ( 'NONE', ( #2361 ), #2775, .T. ) ;
#4923 = VECTOR ( 'NONE', #3628, 1000.000000000000000 ) ;
#4924 = FACE_OUTER_BOUND ( 'NONE', #3116, .T. ) ;
#4925 = ORIENTED_EDGE ( 'NONE', *, *, #902, .T. ) ;
#4926 = VECTOR ( 'NONE', #3071, 1000.000000000000000 ) ;
#4927 = VECTOR ( 'NONE', #4031, 1000.000000000000000 ) ;
#4928 = DIRECTION ( 'NONE',  ( 0.000000000000000000, 0.000000000000000000, 1.000000000000000000 ) ) ;
#4929 = DIRECTION ( 'NONE',  ( 1.000000000000000000, 0.000000000000000000, 0.000000000000000000 ) ) ;
#4930 = ADVANCED_FACE ( 'NONE', ( #1851 ), #4014, .T. ) ;
#4931 = ORIENTED_EDGE ( 'NONE', *, *, #4403, .T. ) ;
#4932 = CARTESIAN_POINT ( 'NONE',  ( 2.799999999999999822, 1.000000000000000000, 2.376151621335850006 ) ) ;
#4933 = DIRECTION ( 'NONE',  ( -1.000000000000000000, 0.000000000000000000, -1.069696878666206068E-14 ) ) ;
#4934 =( NAMED_UNIT ( * ) PLANE_ANGLE_UNIT ( ) SI_UNIT ( $, .RADIAN. ) );
#4935 = VERTEX_POINT ( 'NONE', #3244 ) ;
#4936 = CARTESIAN_POINT ( 'NONE',  ( -2.799999999999999822, 0.2500000000000000000, -2.500000000000000000 ) ) ;
#4937 = CARTESIAN_POINT ( 'NONE',  ( -2.799999999999999822, 0.2500000000000000000, 2.500000000000000000 ) ) ;
#4938 = VERTEX_POINT ( 'NONE', #749 ) ;
#4939 = DIRECTION ( 'NONE',  ( 0.000000000000000000, 1.000000000000000000, 0.000000000000000000 ) ) ;
#4940 = ORIENTED_EDGE ( 'NONE', *, *, #2587, .T. ) ;
#4941 = DIRECTION ( 'NONE',  ( 0.000000000000000000, -1.000000000000000000, 0.000000000000000000 ) ) ;
#4942 = FILL_AREA_STYLE_COLOUR ( '', #4402 ) ;
#4943 = COLOUR_RGB ( '',0.2509803921568627416, 0.2509803921568627416, 0.2509803921568627416 ) ;
#4944 = FILL_AREA_STYLE_COLOUR ( '', #2653 ) ;
#4945 = ORIENTED_EDGE ( 'NONE', *, *, #2926, .F. ) ;
#4946 = VECTOR ( 'NONE', #77, 1000.000000000000000 ) ;
#4947 = VERTEX_POINT ( 'NONE', #5361 ) ;
#4948 = DIRECTION ( 'NONE',  ( 0.000000000000000000, 0.000000000000000000, 1.000000000000000000 ) ) ;
#4949 = DIRECTION ( 'NONE',  ( 0.000000000000000000, 1.000000000000000000, 0.000000000000000000 ) ) ;
#4950 = VECTOR ( 'NONE', #464, 1000.000000000000000 ) ;
#4951 = FACE_OUTER_BOUND ( 'NONE', #5409, .T. ) ;
#4952 = EDGE_LOOP ( 'NONE', ( #3169, #5158 ) ) ;
#4953 = EDGE_CURVE ( 'NONE', #72, #2316, #113, .T. ) ;
#4954 = PRESENTATION_STYLE_ASSIGNMENT (( #5368 ) ) ;
#4955 = CARTESIAN_POINT ( 'NONE',  ( 3.075000000000000178, 0.000000000000000000, -0.4349999999999680234 ) ) ;
#4956 = CARTESIAN_POINT ( 'NONE',  ( 2.205000000000000071, 0.000000000000000000, -2.600000000000000089 ) ) ;
#4957 = DIRECTION ( 'NONE',  ( 0.000000000000000000, 1.000000000000000000, 0.000000000000000000 ) ) ;
#4958 = ORIENTED_EDGE ( 'NONE', *, *, #2333, .T. ) ;
#4959 = CARTESIAN_POINT ( 'NONE',  ( -2.199999999999960654, 0.05000000000000000278, -1.875000000000026201 ) ) ;
#4960 = ORIENTED_EDGE ( 'NONE', *, *, #3022, .F. ) ;
#4961 = DIRECTION ( 'NONE',  ( -0.000000000000000000, 1.000000000000000000, -0.000000000000000000 ) ) ;
#4962 = EDGE_CURVE ( 'NONE', #1590, #4444, #2479, .T. ) ;
#4963 = FACE_OUTER_BOUND ( 'NONE', #5205, .T. ) ;
#4964 = ORIENTED_EDGE ( 'NONE', *, *, #5393, .F. ) ;
#4965 = DIRECTION ( 'NONE',  ( 0.000000000000000000, 0.000000000000000000, -1.000000000000000000 ) ) ;
#4966 = EDGE_LOOP ( 'NONE', ( #1280, #1418, #775, #5375, #2075, #2190, #639, #2284, #2245 ) ) ;
#4967 = CARTESIAN_POINT ( 'NONE',  ( 2.774999999999999911, 0.2500000000000000000, -2.195931942746985222 ) ) ;
#4968 = DIRECTION ( 'NONE',  ( 0.000000000000000000, 0.000000000000000000, -1.000000000000000000 ) ) ;
#4969 =( NAMED_UNIT ( * ) PLANE_ANGLE_UNIT ( ) SI_UNIT ( $, .RADIAN. ) );
#4970 = CARTESIAN_POINT ( 'NONE',  ( -2.199999999999960654, -0.4366062299143245173, -1.875000000000026201 ) ) ;
#4971 = CARTESIAN_POINT ( 'NONE',  ( 3.000000000000000000, 0.2500000000000000000, 2.100000000000000089 ) ) ;
#4972 = ORIENTED_EDGE ( 'NONE', *, *, #4629, .T. ) ;
#4973 = CARTESIAN_POINT ( 'NONE',  ( 2.770931942746980070, 0.05000000000000000278, -1.609068057253034922 ) ) ;
#4974 = VECTOR ( 'NONE', #5178, 1000.000000000000000 ) ;
#4975 = VERTEX_POINT ( 'NONE', #1261 ) ;
#4976 =( NAMED_UNIT ( * ) SI_UNIT ( $, .STERADIAN. ) SOLID_ANGLE_UNIT ( ) );
#4977 = ADVANCED_FACE ( 'NONE', ( #4183 ), #2863, .T. ) ;
#4978 = LINE ( 'NONE', #725, #1853 ) ;
#4979 = ORIENTED_EDGE ( 'NONE', *, *, #5071, .T. ) ;
#4980 = DIRECTION ( 'NONE',  ( -1.000000000000000000, 0.000000000000000000, -1.084202172485504118E-14 ) ) ;
#4981 = FILL_AREA_STYLE_COLOUR ( '', #4087 ) ;
#4982 = CARTESIAN_POINT ( 'NONE',  ( 3.000000000000000000, 0.2500000000000000000, -0.4349999999999829559 ) ) ;
#4983 = FACE_OUTER_BOUND ( 'NONE', #4296, .T. ) ;
#4984 = ADVANCED_FACE ( 'NONE', ( #349 ), #1586, .T. ) ;
#4985 = VERTEX_POINT ( 'NONE', #1167 ) ;
#4986 = CARTESIAN_POINT ( 'NONE',  ( 3.000000000000000000, 0.05000000000000000278, 2.100000000000000089 ) ) ;
#4987 = CARTESIAN_POINT ( 'NONE',  ( -0.1490680572530184156, 0.000000000000000000, -0.3250000000000001776 ) ) ;
#4988 = CARTESIAN_POINT ( 'NONE',  ( -2.799999999999999822, 0.2500000000000000000, -2.500000000000000000 ) ) ;
#4989 = ORIENTED_EDGE ( 'NONE', *, *, #2397, .T. ) ;
#4990 = CARTESIAN_POINT ( 'NONE',  ( 2.870931942746980159, 0.000000000000000000, 2.195931942746985222 ) ) ;
#4991 = CARTESIAN_POINT ( 'NONE',  ( 3.075000000000000178, 0.2500000000000000000, 0.4349999999999680234 ) ) ;
#4992 = DIRECTION ( 'NONE',  ( 0.000000000000000000, 1.000000000000000000, 0.000000000000000000 ) ) ;
#4993 = VERTEX_POINT ( 'NONE', #3301 ) ;
#4994 = EDGE_CURVE ( 'NONE', #2963, #4207, #5421, .T. ) ;
#4995 = VECTOR ( 'NONE', #1540, 1000.000000000000000 ) ;
#4996 = EDGE_CURVE ( 'NONE', #4441, #1207, #4065, .T. ) ;
#4997 = DIRECTION ( 'NONE',  ( 0.000000000000000000, 0.000000000000000000, -1.000000000000000000 ) ) ;
#4998 = VERTEX_POINT ( 'NONE', #3329 ) ;
#4999 = LINE ( 'NONE', #2944, #1122 ) ;
#5000 = LINE ( 'NONE', #2555, #3444 ) ;
#5001 = PRESENTATION_LAYER_ASSIGNMENT (  '', '', ( #1406 ) ) ;
#5002 = CARTESIAN_POINT ( 'NONE',  ( 2.774999999999999911, 0.2500000000000000000, 2.195931942746985222 ) ) ;
#5003 = AXIS2_PLACEMENT_3D ( 'NONE', #4282, #4341, #3930 ) ;
#5004 = VERTEX_POINT ( 'NONE', #5009 ) ;
#5005 = EDGE_CURVE ( 'NONE', #368, #5109, #3768, .T. ) ;
#5006 = VECTOR ( 'NONE', #499, 1000.000000000000000 ) ;
#5007 = DIRECTION ( 'NONE',  ( -1.000000000000000000, 0.000000000000000000, -2.003898819367960108E-13 ) ) ;
#5008 = EDGE_LOOP ( 'NONE', ( #2080, #2223, #3146, #263 ) ) ;
#5009 = CARTESIAN_POINT ( 'NONE',  ( -2.199999999999960654, 0.05000000000000000278, -1.935000000000023590 ) ) ;
#5010 = VECTOR ( 'NONE', #3929, 1000.000000000000000 ) ;
#5011 = AXIS2_PLACEMENT_3D ( 'NONE', #3923, #3836, #1708 ) ;
#5012 = ORIENTED_EDGE ( 'NONE', *, *, #2998, .T. ) ;
#5013 = AXIS2_PLACEMENT_3D ( 'NONE', #2228, #194, #3533 ) ;
#5014 = CARTESIAN_POINT ( 'NONE',  ( -2.369999999999973905, 0.000000000000000000, -0.6050000000000251843 ) ) ;
#5015 = ORIENTED_EDGE ( 'NONE', *, *, #2275, .F. ) ;
#5016 = SURFACE_STYLE_FILL_AREA ( #2956 ) ;
#5017 = CARTESIAN_POINT ( 'NONE',  ( -2.369999999999988560, -0.4366062299143245173, 0.4349999999999749067 ) ) ;
#5018 = CIRCLE ( 'NONE', #2749, 0.09593194274698123303 ) ;
#5019 = CYLINDRICAL_SURFACE ( 'NONE', #3607, 0.09593194274698123303 ) ;
#5020 = ORIENTED_EDGE ( 'NONE', *, *, #4455, .T. ) ;
#5021 = CARTESIAN_POINT ( 'NONE',  ( -2.799999999999999822, 0.2500000000000000000, 2.500000000000000000 ) ) ;
#5022 = ORIENTED_EDGE ( 'NONE', *, *, #4115, .F. ) ;
#5023 = PLANE ( 'NONE',  #2379 ) ;
#5024 = VECTOR ( 'NONE', #267, 1000.000000000000000 ) ;
#5025 = CARTESIAN_POINT ( 'NONE',  ( -3.075000000000000178, 0.2500000000000000000, -0.4350000000000319722 ) ) ;
#5026 = ORIENTED_EDGE ( 'NONE', *, *, #4231, .T. ) ;
#5027 = MECHANICAL_DESIGN_GEOMETRIC_PRESENTATION_REPRESENTATION (  '', ( #1237 ), #201 ) ;
#5028 = MECHANICAL_DESIGN_GEOMETRIC_PRESENTATION_REPRESENTATION (  '', ( #1064 ), #2220 ) ;
#5029 = LINE ( 'NONE', #1214, #3355 ) ;
#5030 = VERTEX_POINT ( 'NONE', #3658 ) ;
#5031 = SURFACE_STYLE_FILL_AREA ( #823 ) ;
#5032 = PLANE ( 'NONE',  #2459 ) ;
#5033 = EDGE_CURVE ( 'NONE', #4668, #2584, #697, .T. ) ;
#5034 = DIRECTION ( 'NONE',  ( 1.000000000000000000, 0.000000000000000000, 0.000000000000000000 ) ) ;
#5035 = ORIENTED_EDGE ( 'NONE', *, *, #3050, .F. ) ;
#5036 = DIRECTION ( 'NONE',  ( -1.000000000000000000, 0.000000000000000000, 0.000000000000000000 ) ) ;
#5037 = VERTEX_POINT ( 'NONE', #700 ) ;
#5038 = EDGE_CURVE ( 'NONE', #3429, #766, #3269, .T. ) ;
#5039 = VERTEX_POINT ( 'NONE', #1969 ) ;
#5040 =( GEOMETRIC_REPRESENTATION_CONTEXT ( 3 ) GLOBAL_UNCERTAINTY_ASSIGNED_CONTEXT ( ( #2323 ) ) GLOBAL_UNIT_ASSIGNED_CONTEXT ( ( #450, #569, #4394 ) ) REPRESENTATION_CONTEXT ( 'NONE', 'WORKASPACE' ) );
#5041 = CARTESIAN_POINT ( 'NONE',  ( -2.799999999999999822, 0.05000000000000000278, 0.8349999999999699885 ) ) ;
#5042 = VERTEX_POINT ( 'NONE', #5335 ) ;
#5043 = PRESENTATION_STYLE_ASSIGNMENT (( #1616 ) ) ;
#5044 = DIRECTION ( 'NONE',  ( 0.000000000000000000, 1.000000000000000000, 0.000000000000000000 ) ) ;
#5045 = DIRECTION ( 'NONE',  ( 0.000000000000000000, 0.000000000000000000, -1.000000000000000000 ) ) ;
#5046 = VECTOR ( 'NONE', #3250, 1000.000000000000000 ) ;
#5047 = ORIENTED_EDGE ( 'NONE', *, *, #2535, .T. ) ;
#5048 = FACE_OUTER_BOUND ( 'NONE', #2373, .T. ) ;
#5049 = LINE ( 'NONE', #4196, #799 ) ;
#5050 = ORIENTED_EDGE ( 'NONE', *, *, #4456, .F. ) ;
#5051 = CARTESIAN_POINT ( 'NONE',  ( -0.9250000000000000444, 0.000000000000000000, 2.054068057253019663 ) ) ;
#5052 = DIRECTION ( 'NONE',  ( 0.000000000000000000, 1.000000000000000000, 0.000000000000000000 ) ) ;
#5053 = CARTESIAN_POINT ( 'NONE',  ( 2.770931942746980070, 0.05000000000000000278, -0.9309319427470109654 ) ) ;
#5054 = ORIENTED_EDGE ( 'NONE', *, *, #5279, .F. ) ;
#5055 = CYLINDRICAL_SURFACE ( 'NONE', #2488, 0.1700000000000000122 ) ;
#5056 = ORIENTED_EDGE ( 'NONE', *, *, #2773, .T. ) ;
#5057 = CARTESIAN_POINT ( 'NONE',  ( -2.799999999999999822, 0.2500000000000000000, 2.299999999999999822 ) ) ;
#5058 = CARTESIAN_POINT ( 'NONE',  ( 2.770931942746990284, 0.05000000000000000278, -0.3390680572530349601 ) ) ;
#5059 = DIRECTION ( 'NONE',  ( 2.558075641260095193E-15, 0.000000000000000000, 1.000000000000000000 ) ) ;
#5060 = CIRCLE ( 'NONE', #3489, 0.09593194274698166324 ) ;
#5061 = ORIENTED_EDGE ( 'NONE', *, *, #5329, .F. ) ;
#5062 = EDGE_CURVE ( 'NONE', #475, #5037, #4682, .T. ) ;
#5063 = PLANE ( 'NONE',  #3895 ) ;
#5064 = ORIENTED_EDGE ( 'NONE', *, *, #2575, .F. ) ;
#5065 = PLANE ( 'NONE',  #3957 ) ;
#5066 = LINE ( 'NONE', #1377, #3016 ) ;
#5067 = CARTESIAN_POINT ( 'NONE',  ( -0.8409319427469820196, 0.2500000000000000000, -2.149999999999999911 ) ) ;
#5068 = VERTEX_POINT ( 'NONE', #724 ) ;
#5069 =( GEOMETRIC_REPRESENTATION_CONTEXT ( 3 ) GLOBAL_UNCERTAINTY_ASSIGNED_CONTEXT ( ( #5295 ) ) GLOBAL_UNIT_ASSIGNED_CONTEXT ( ( #3695, #2121, #3334 ) ) REPRESENTATION_CONTEXT ( 'NONE', 'WORKASPACE' ) );
#5070 = EDGE_CURVE ( 'NONE', #4326, #2070, #2417, .T. ) ;
#5071 = EDGE_CURVE ( 'NONE', #4643, #4985, #4746, .T. ) ;
#5072 = CARTESIAN_POINT ( 'NONE',  ( -0.7449999999999999956, 0.2500000000000000000, 2.600000000000000089 ) ) ;
#5073 = ORIENTED_EDGE ( 'NONE', *, *, #202, .T. ) ;
#5074 = DIRECTION ( 'NONE',  ( 0.000000000000000000, 0.000000000000000000, 1.000000000000000000 ) ) ;
#5075 = FACE_OUTER_BOUND ( 'NONE', #4884, .T. ) ;
#5076 = EDGE_CURVE ( 'NONE', #2981, #3872, #5066, .T. ) ;
#5077 = ORIENTED_EDGE ( 'NONE', *, *, #2531, .F. ) ;
#5078 = LINE ( 'NONE', #2639, #4472 ) ;
#5079 = CARTESIAN_POINT ( 'NONE',  ( -0.2449999999999999956, 0.2500000000000000000, 2.600000000000000089 ) ) ;
#5080 = CARTESIAN_POINT ( 'NONE',  ( -0.7449999999999999956, 0.05000000000000000278, 2.299999999999999822 ) ) ;
#5081 = ORIENTED_EDGE ( 'NONE', *, *, #3684, .T. ) ;
#5082 = CARTESIAN_POINT ( 'NONE',  ( 3.000000000000000000, 0.2500000000000000000, -1.704999999999999849 ) ) ;
#5083 = ORIENTED_EDGE ( 'NONE', *, *, #1588, .T. ) ;
#5084 = DIRECTION ( 'NONE',  ( -0.000000000000000000, 0.000000000000000000, 1.000000000000000000 ) ) ;
#5085 = CARTESIAN_POINT ( 'NONE',  ( -3.000000000000000000, 0.05000000000000000278, -2.299999999999999822 ) ) ;
#5086 = ORIENTED_EDGE ( 'NONE', *, *, #2771, .T. ) ;
#5087 = CARTESIAN_POINT ( 'NONE',  ( -3.075000000000000178, 0.000000000000000000, 0.8349999999999679900 ) ) ;
#5088 = DIRECTION ( 'NONE',  ( 0.000000000000000000, -1.000000000000000000, 0.000000000000000000 ) ) ;
#5089 = CARTESIAN_POINT ( 'NONE',  ( 2.674999999999999822, 0.000000000000000000, -0.9309319427470109654 ) ) ;
#5090 = CARTESIAN_POINT ( 'NONE',  ( 2.300931942746980319, 0.000000000000000000, 2.200000000000000178 ) ) ;
#5091 = ORIENTED_EDGE ( 'NONE', *, *, #5116, .T. ) ;
#5092 = VECTOR ( 'NONE', #4223, 1000.000000000000000 ) ;
#5093 = SURFACE_SIDE_STYLE ('',( #147 ) ) ;
#5094 = DIRECTION ( 'NONE',  ( 0.000000000000000000, -1.000000000000000000, 0.000000000000000000 ) ) ;
#5095 = LINE ( 'NONE', #5219, #4439 ) ;
#5096 = ADVANCED_FACE ( 'NONE', ( #956 ), #29, .T. ) ;
#5097 = LINE ( 'NONE', #3013, #4522 ) ;
#5098 = ORIENTED_EDGE ( 'NONE', *, *, #4022, .F. ) ;
#5099 = VECTOR ( 'NONE', #4532, 1000.000000000000000 ) ;
#5100 = CARTESIAN_POINT ( 'NONE',  ( 2.876151621335850006, 1.000000000000000000, -2.299999999999999822 ) ) ;
#5101 = LINE ( 'NONE', #3076, #3246 ) ;
#5102 = ORIENTED_EDGE ( 'NONE', *, *, #3759, .T. ) ;
#5103 = AXIS2_PLACEMENT_3D ( 'NONE', #4899, #4568, #4099 ) ;
#5104 = AXIS2_PLACEMENT_3D ( 'NONE', #3980, #3996, #210 ) ;
#5105 = EDGE_CURVE ( 'NONE', #3509, #3483, #4719, .T. ) ;
#5106 = DIRECTION ( 'NONE',  ( 0.000000000000000000, 1.000000000000000000, 0.000000000000000000 ) ) ;
#5107 = EDGE_CURVE ( 'NONE', #5042, #891, #5189, .T. ) ;
#5108 = AXIS2_PLACEMENT_3D ( 'NONE', #4060, #3650, #1633 ) ;
#5109 = VERTEX_POINT ( 'NONE', #5160 ) ;
#5110 = DIRECTION ( 'NONE',  ( 0.000000000000000000, 0.000000000000000000, -1.000000000000000000 ) ) ;
#5111 = DIRECTION ( 'NONE',  ( 0.000000000000000000, 1.000000000000000000, 0.000000000000000000 ) ) ;
#5112 = ORIENTED_EDGE ( 'NONE', *, *, #2106, .F. ) ;
#5113 = LINE ( 'NONE', #1776, #3544 ) ;
#5114 = PRESENTATION_STYLE_ASSIGNMENT (( #2613 ) ) ;
#5115 = VECTOR ( 'NONE', #2849, 1000.000000000000000 ) ;
#5116 = EDGE_CURVE ( 'NONE', #875, #766, #550, .T. ) ;
#5117 = LINE ( 'NONE', #565, #2422 ) ;
#5118 = ORIENTED_EDGE ( 'NONE', *, *, #2843, .F. ) ;
#5119 = AXIS2_PLACEMENT_3D ( 'NONE', #3805, #2636, #3869 ) ;
#5120 = MECHANICAL_DESIGN_GEOMETRIC_PRESENTATION_REPRESENTATION (  '', ( #3184 ), #2381 ) ;
#5121 = PRESENTATION_LAYER_ASSIGNMENT (  '', '', ( #3012 ) ) ;
#5122 = SURFACE_STYLE_USAGE ( .BOTH. , #108 ) ;
#5123 = CARTESIAN_POINT ( 'NONE',  ( 2.774999999999999911, 0.2500000000000000000, -2.200000000000000178 ) ) ;
#5124 = ORIENTED_EDGE ( 'NONE', *, *, #3323, .F. ) ;
#5125 = DIRECTION ( 'NONE',  ( 0.000000000000000000, 0.000000000000000000, 1.000000000000000000 ) ) ;
#5126 = DIRECTION ( 'NONE',  ( 1.084202172485504118E-14, 0.000000000000000000, -1.000000000000000000 ) ) ;
#5127 = VECTOR ( 'NONE', #4413, 1000.000000000000000 ) ;
#5128 = AXIS2_PLACEMENT_3D ( 'NONE', #1640, #4181, #3326 ) ;
#5129 = VERTEX_POINT ( 'NONE', #1821 ) ;
#5130 = CARTESIAN_POINT ( 'NONE',  ( -2.369999999999974793, -0.4366062299143245173, -0.8350000000000251665 ) ) ;
#5131 = ORIENTED_EDGE ( 'NONE', *, *, #5070, .F. ) ;
#5132 = PLANE ( 'NONE',  #356 ) ;
#5133 = CARTESIAN_POINT ( 'NONE',  ( -2.799999999999999822, 0.05000000000000000278, -2.500000000000000000 ) ) ;
#5134 = CARTESIAN_POINT ( 'NONE',  ( 1.704999999999999849, 0.2500000000000000000, -2.245931942746980159 ) ) ;
#5135 = EDGE_LOOP ( 'NONE', ( #100, #2039, #3816, #4634 ) ) ;
#5136 = PLANE ( 'NONE',  #4876 ) ;
#5137 = CARTESIAN_POINT ( 'NONE',  ( 3.000000000000000000, 0.05000000000000000278, 1.704999999999999849 ) ) ;
#5138 = FACE_OUTER_BOUND ( 'NONE', #2409, .T. ) ;
#5139 = PRESENTATION_LAYER_ASSIGNMENT (  '', '', ( #2393 ) ) ;
#5140 = EDGE_CURVE ( 'NONE', #5367, #1921, #2173, .T. ) ;
#5141 = ORIENTED_EDGE ( 'NONE', *, *, #2179, .T. ) ;
#5142 = DIRECTION ( 'NONE',  ( -1.000000000000000000, 0.000000000000000000, 0.000000000000000000 ) ) ;
#5143 = COLOUR_RGB ( '',0.2509803921568627416, 0.2509803921568627416, 0.2509803921568627416 ) ;
#5144 = CARTESIAN_POINT ( 'NONE',  ( -2.369999999999960583, 0.000000000000000000, -1.875000000000025091 ) ) ;
#5145 = EDGE_LOOP ( 'NONE', ( #4357, #3357, #1946, #597, #2192, #2606 ) ) ;
#5146 = CARTESIAN_POINT ( 'NONE',  ( -0.1490680572530187764, 0.000000000000000000, 2.149999999999999911 ) ) ;
#5147 =( NAMED_UNIT ( * ) PLANE_ANGLE_UNIT ( ) SI_UNIT ( $, .RADIAN. ) );
#5148 = CARTESIAN_POINT ( 'NONE',  ( 2.770931942746980070, 0.000000000000000000, 1.609068057253034922 ) ) ;
#5149 = AXIS2_PLACEMENT_3D ( 'NONE', #4565, #408, #498 ) ;
#5150 = DIRECTION ( 'NONE',  ( 0.000000000000000000, 0.000000000000000000, 1.000000000000000000 ) ) ;
#5151 = ORIENTED_EDGE ( 'NONE', *, *, #3074, .F. ) ;
#5152 = DIRECTION ( 'NONE',  ( -1.084202172485504118E-14, 0.000000000000000000, 1.000000000000000000 ) ) ;
#5153 = CARTESIAN_POINT ( 'NONE',  ( 1.704999999999999849, 0.2500000000000000000, 2.500000000000000000 ) ) ;
#5154 = ORIENTED_EDGE ( 'NONE', *, *, #2402, .T. ) ;
#5155 = ADVANCED_FACE ( 'NONE', ( #3862 ), #83, .T. ) ;
#5156 = DIRECTION ( 'NONE',  ( -0.000000000000000000, 1.000000000000000000, -0.000000000000000000 ) ) ;
#5157 = DIRECTION ( 'NONE',  ( -1.000000000000000000, 0.000000000000000000, -9.912705577010320619E-15 ) ) ;
#5158 = ORIENTED_EDGE ( 'NONE', *, *, #4115, .T. ) ;
#5159 = FACE_OUTER_BOUND ( 'NONE', #5453, .T. ) ;
#5160 = CARTESIAN_POINT ( 'NONE',  ( 2.774999999999999911, 0.000000000000000000, -2.200000000000000178 ) ) ;
#5161 = VECTOR ( 'NONE', #1315, 1000.000000000000000 ) ;
#5162 = LINE ( 'NONE', #1378, #4370 ) ;
#5163 = LINE ( 'NONE', #5134, #3297 ) ;
#5164 = ORIENTED_EDGE ( 'NONE', *, *, #278, .T. ) ;
#5165 = SURFACE_SIDE_STYLE ('',( #2634 ) ) ;
#5166 = DIRECTION ( 'NONE',  ( 0.000000000000000000, 0.000000000000000000, 1.000000000000000000 ) ) ;
#5167 = DIRECTION ( 'NONE',  ( 0.000000000000000000, 0.000000000000000000, 1.000000000000000000 ) ) ;
#5168 = MECHANICAL_DESIGN_GEOMETRIC_PRESENTATION_REPRESENTATION (  '', ( #1537 ), #4886 ) ;
#5169 = ADVANCED_FACE ( 'NONE', ( #1408 ), #3890, .T. ) ;
#5170 = ORIENTED_EDGE ( 'NONE', *, *, #2771, .F. ) ;
#5171 = LINE ( 'NONE', #3873, #5283 ) ;
#5172 = CARTESIAN_POINT ( 'NONE',  ( -0.9250000000000000444, 0.05000000000000000278, -1.256278847860922143 ) ) ;
#5173 = ORIENTED_EDGE ( 'NONE', *, *, #7, .T. ) ;
#5174 = DIRECTION ( 'NONE',  ( 0.000000000000000000, 0.000000000000000000, 1.000000000000000000 ) ) ;
#5175 = SURFACE_SIDE_STYLE ('',( #4254 ) ) ;
#5176 = PRESENTATION_STYLE_ASSIGNMENT (( #972 ) ) ;
#5177 = EDGE_CURVE ( 'NONE', #3429, #4643, #858, .T. ) ;
#5178 = DIRECTION ( 'NONE',  ( 1.000000000000000000, 0.000000000000000000, 1.084202172485504118E-14 ) ) ;
#5179 = EDGE_LOOP ( 'NONE', ( #677, #1639, #3133, #2569 ) ) ;
#5180 = ORIENTED_EDGE ( 'NONE', *, *, #3165, .F. ) ;
#5181 = SURFACE_SIDE_STYLE ('',( #1808 ) ) ;
#5182 = CARTESIAN_POINT ( 'NONE',  ( 2.674999999999999822, 0.000000000000000000, 0.3390680572530474501 ) ) ;
#5183 = VERTEX_POINT ( 'NONE', #3451 ) ;
#5184 = DIRECTION ( 'NONE',  ( 0.000000000000000000, -1.000000000000000000, 0.000000000000000000 ) ) ;
#5185 = LINE ( 'NONE', #595, #861 ) ;
#5186 = ADVANCED_FACE ( 'NONE', ( #4621 ), #5132, .T. ) ;
#5187 = CARTESIAN_POINT ( 'NONE',  ( -2.199999999999987299, -0.4366062299143245173, 0.6649999999999737232 ) ) ;
#5188 = ORIENTED_EDGE ( 'NONE', *, *, #3939, .F. ) ;
#5189 = LINE ( 'NONE', #4688, #442 ) ;
#5190 = DIRECTION ( 'NONE',  ( 0.000000000000000000, 1.000000000000000000, 0.000000000000000000 ) ) ;
#5191 = DIRECTION ( 'NONE',  ( 0.000000000000000000, 0.000000000000000000, 1.000000000000000000 ) ) ;
#5192 = ORIENTED_EDGE ( 'NONE', *, *, #4861, .T. ) ;
#5193 = FILL_AREA_STYLE ('',( #3543 ) ) ;
#5194 = CARTESIAN_POINT ( 'NONE',  ( 2.799999999999999822, 0.2500000000000000000, -2.299999999999999822 ) ) ;
#5195 = CARTESIAN_POINT ( 'NONE',  ( -2.799999999999999822, 0.2500000000000000000, 2.299999999999999822 ) ) ;
#5196 = COLOUR_RGB ( '',0.2509803921568627416, 0.2509803921568627416, 0.2509803921568627416 ) ;
#5197 = VERTEX_POINT ( 'NONE', #2630 ) ;
#5198 = VECTOR ( 'NONE', #5373, 1000.000000000000000 ) ;
#5199 = DIRECTION ( 'NONE',  ( 0.000000000000000000, 1.000000000000000000, 0.000000000000000000 ) ) ;
#5200 = ORIENTED_EDGE ( 'NONE', *, *, #5225, .F. ) ;
#5201 = DIRECTION ( 'NONE',  ( 0.000000000000000000, 1.000000000000000000, 0.000000000000000000 ) ) ;
#5202 = CARTESIAN_POINT ( 'NONE',  ( 3.075000000000000178, 0.2500000000000000000, 2.100000000000000089 ) ) ;
#5203 = CIRCLE ( 'NONE', #5104, 0.2000000000000000944 ) ;
#5204 = DIRECTION ( 'NONE',  ( 0.000000000000000000, -1.000000000000000000, 0.000000000000000000 ) ) ;
#5205 = EDGE_LOOP ( 'NONE', ( #2576, #2155, #2078, #2838, #3400, #5118 ) ) ;
#5206 = PLANE ( 'NONE',  #107 ) ;
#5207 = CARTESIAN_POINT ( 'NONE',  ( 3.075000000000000178, 0.000000000000000000, 1.704999999999970095 ) ) ;
#5208 = VERTEX_POINT ( 'NONE', #1703 ) ;
#5209 = CARTESIAN_POINT ( 'NONE',  ( -2.370000000000000107, 0.000000000000000000, 1.934999999999974962 ) ) ;
#5210 = DIRECTION ( 'NONE',  ( 0.000000000000000000, 0.000000000000000000, -1.000000000000000000 ) ) ;
#5211 = VECTOR ( 'NONE', #5126, 1000.000000000000000 ) ;
#5212 = VECTOR ( 'NONE', #3104, 1000.000000000000000 ) ;
#5213 = AXIS2_PLACEMENT_3D ( 'NONE', #535, #2995, #1391 ) ;
#5214 = DIRECTION ( 'NONE',  ( 0.000000000000000000, -1.000000000000000000, 0.000000000000000000 ) ) ;
#5215 = ADVANCED_FACE ( 'NONE', ( #521 ), #2566, .F. ) ;
#5216 = ORIENTED_EDGE ( 'NONE', *, *, #336, .T. ) ;
#5217 = PLANE ( 'NONE',  #3192 ) ;
#5218 = CIRCLE ( 'NONE', #4576, 0.07499999999999998335 ) ;
#5219 = CARTESIAN_POINT ( 'NONE',  ( 3.075000000000000178, 0.2500000000000000000, -2.100000000000000089 ) ) ;
#5220 = SURFACE_SIDE_STYLE ('',( #1898 ) ) ;
#5221 = AXIS2_PLACEMENT_3D ( 'NONE', #3608, #203, #1461 ) ;
#5222 = CARTESIAN_POINT ( 'NONE',  ( 3.000000000000000000, 0.2500000000000000000, 2.299999999999999822 ) ) ;
#5223 = EDGE_CURVE ( 'NONE', #1080, #4490, #4238, .T. ) ;
#5224 = SURFACE_STYLE_FILL_AREA ( #3546 ) ;
#5225 = EDGE_CURVE ( 'NONE', #1472, #1371, #2143, .T. ) ;
#5226 = FILL_AREA_STYLE ('',( #1883 ) ) ;
#5227 = ORIENTED_EDGE ( 'NONE', *, *, #3186, .F. ) ;
#5228 = LINE ( 'NONE', #3081, #435 ) ;
#5229 = PRESENTATION_LAYER_ASSIGNMENT (  '', '', ( #1253 ) ) ;
#5230 = CARTESIAN_POINT ( 'NONE',  ( -0.1490680572530187764, 0.2500000000000000000, 2.245931942746980159 ) ) ;
#5231 = DIRECTION ( 'NONE',  ( 0.000000000000000000, 1.000000000000000000, 0.000000000000000000 ) ) ;
#5232 = CARTESIAN_POINT ( 'NONE',  ( 1.704999999999999849, 0.2500000000000000000, -2.245931942746980159 ) ) ;
#5233 = VERTEX_POINT ( 'NONE', #3801 ) ;
#5234 = FACE_OUTER_BOUND ( 'NONE', #1282, .T. ) ;
#5235 = COLOUR_RGB ( '',0.2509803921568627416, 0.2509803921568627416, 0.2509803921568627416 ) ;
#5236 = SURFACE_SIDE_STYLE ('',( #3563 ) ) ;
#5237 = AXIS2_PLACEMENT_3D ( 'NONE', #2537, #5106, #1648 ) ;
#5238 = DIRECTION ( 'NONE',  ( -4.445228907190565024E-14, 0.000000000000000000, -1.000000000000000000 ) ) ;
#5239 = ORIENTED_EDGE ( 'NONE', *, *, #221, .F. ) ;
#5240 =( LENGTH_UNIT ( ) NAMED_UNIT ( * ) SI_UNIT ( .MILLI., .METRE. ) );
#5241 = DIRECTION ( 'NONE',  ( 0.000000000000000000, -1.000000000000000000, 0.000000000000000000 ) ) ;
#5242 = ADVANCED_FACE ( 'NONE', ( #3391 ), #2976, .F. ) ;
#5243 = DIRECTION ( 'NONE',  ( 0.000000000000000000, -1.000000000000000000, 0.000000000000000000 ) ) ;
#5244 = CARTESIAN_POINT ( 'NONE',  ( -2.369999999999960583, -0.4366062299143245173, -1.875000000000025091 ) ) ;
#5245 = UNCERTAINTY_MEASURE_WITH_UNIT (LENGTH_MEASURE( 1.000000000000000082E-05 ), #1701, 'distance_accuracy_value', 'NONE');
#5246 = UNCERTAINTY_MEASURE_WITH_UNIT (LENGTH_MEASURE( 1.000000000000000082E-05 ), #5426, 'distance_accuracy_value', 'NONE');
#5247 = ADVANCED_FACE ( 'NONE', ( #490 ), #3196, .F. ) ;
#5248 = VECTOR ( 'NONE', #4587, 1000.000000000000000 ) ;
#5249 = EDGE_CURVE ( 'NONE', #4882, #2199, #1034, .T. ) ;
#5250 =( NAMED_UNIT ( * ) SI_UNIT ( $, .STERADIAN. ) SOLID_ANGLE_UNIT ( ) );
#5251 = ORIENTED_EDGE ( 'NONE', *, *, #1294, .T. ) ;
#5252 = DIRECTION ( 'NONE',  ( 0.000000000000000000, 0.000000000000000000, 1.000000000000000000 ) ) ;
#5253 = EDGE_CURVE ( 'NONE', #4496, #4085, #2741, .T. ) ;
#5254 = CIRCLE ( 'NONE', #2868, 0.1700000000000000122 ) ;
#5255 = VERTEX_POINT ( 'NONE', #4035 ) ;
#5256 = DIRECTION ( 'NONE',  ( 0.000000000000000000, 0.000000000000000000, 1.000000000000000000 ) ) ;
#5257 = VERTEX_POINT ( 'NONE', #4825 ) ;
#5258 = CARTESIAN_POINT ( 'NONE',  ( 2.870931942746980159, 0.000000000000000000, 2.100000000000000089 ) ) ;
#5259 = PRESENTATION_STYLE_ASSIGNMENT (( #1568 ) ) ;
#5260 = SURFACE_STYLE_USAGE ( .BOTH. , #5236 ) ;
#5261 = CARTESIAN_POINT ( 'NONE',  ( 2.205000000000000071, 0.000000000000000000, 2.600000000000000089 ) ) ;
#5262 = EDGE_LOOP ( 'NONE', ( #708, #3008, #3691, #3314, #5151, #405 ) ) ;
#5263 = FILL_AREA_STYLE_COLOUR ( '', #427 ) ;
#5264 = DIRECTION ( 'NONE',  ( 0.000000000000000000, 0.000000000000000000, -1.000000000000000000 ) ) ;
#5265 = DIRECTION ( 'NONE',  ( -6.799799217681682866E-16, -0.9945218953682734009, 0.1045284632676536513 ) ) ;
#5266 = CARTESIAN_POINT ( 'NONE',  ( -2.799999999999999822, 0.05000000000000000278, 2.200000000000000178 ) ) ;
#5267 = EDGE_CURVE ( 'NONE', #5129, #3367, #172, .T. ) ;
#5268 = FACE_OUTER_BOUND ( 'NONE', #1249, .T. ) ;
#5269 = STYLED_ITEM ( 'NONE', ( #1339 ), #3137 ) ;
#5270 = ORIENTED_EDGE ( 'NONE', *, *, #4256, .T. ) ;
#5271 = EDGE_CURVE ( 'NONE', #4668, #4562, #1917, .T. ) ;
#5272 = DIRECTION ( 'NONE',  ( 0.000000000000000000, 0.000000000000000000, 1.000000000000000000 ) ) ;
#5273 = PRESENTATION_LAYER_ASSIGNMENT (  '', '', ( #2446 ) ) ;
#5274 = ORIENTED_EDGE ( 'NONE', *, *, #1023, .T. ) ;
#5275 = CARTESIAN_POINT ( 'NONE',  ( -2.799999999999999822, 0.2500000000000000000, 2.500000000000000000 ) ) ;
#5276 = CARTESIAN_POINT ( 'NONE',  ( -0.2449999999999999956, 0.2500000000000000000, -2.500000000000000000 ) ) ;
#5277 = ORIENTED_EDGE ( 'NONE', *, *, #1293, .T. ) ;
#5278 = CARTESIAN_POINT ( 'NONE',  ( 2.774999999999999911, 0.000000000000000000, 2.200000000000000178 ) ) ;
#5279 = EDGE_CURVE ( 'NONE', #5197, #4860, #4407, .T. ) ;
#5280 = AXIS2_PLACEMENT_3D ( 'NONE', #259, #5300, #3208 ) ;
#5281 = AXIS2_PLACEMENT_3D ( 'NONE', #1112, #4366, #253 ) ;
#5282 = ADVANCED_FACE ( 'NONE', ( #3971 ), #5217, .T. ) ;
#5283 = VECTOR ( 'NONE', #3901, 1000.000000000000000 ) ;
#5284 = VECTOR ( 'NONE', #4551, 1000.000000000000000 ) ;
#5285 = DIRECTION ( 'NONE',  ( 0.000000000000000000, -1.000000000000000000, 0.000000000000000000 ) ) ;
#5286 = VERTEX_POINT ( 'NONE', #4849 ) ;
#5287 = DIRECTION ( 'NONE',  ( 1.000000000000000000, 0.000000000000000000, 0.000000000000000000 ) ) ;
#5288 = LINE ( 'NONE', #1511, #636 ) ;
#5289 = VECTOR ( 'NONE', #3142, 1000.000000000000000 ) ;
#5290 = STYLED_ITEM ( 'NONE', ( #2445 ), #4785 ) ;
#5291 = EDGE_LOOP ( 'NONE', ( #1352, #3554, #1072, #5022 ) ) ;
#5292 = AXIS2_PLACEMENT_3D ( 'NONE', #3194, #2334, #5351 ) ;
#5293 = CARTESIAN_POINT ( 'NONE',  ( -3.075000000000000178, 0.2500000000000000000, -0.4350000000000319722 ) ) ;
#5294 = DIRECTION ( 'NONE',  ( -1.000000000000000000, 0.000000000000000000, 1.069696878666206068E-14 ) ) ;
#5295 = UNCERTAINTY_MEASURE_WITH_UNIT (LENGTH_MEASURE( 1.000000000000000082E-05 ), #3695, 'distance_accuracy_value', 'NONE');
#5296 = AXIS2_PLACEMENT_3D ( 'NONE', #1039, #3175, #2747 ) ;
#5297 = AXIS2_PLACEMENT_3D ( 'NONE', #2140, #4716, #574 ) ;
#5298 = VERTEX_POINT ( 'NONE', #2717 ) ;
#5299 = SURFACE_STYLE_USAGE ( .BOTH. , #2818 ) ;
#5300 = DIRECTION ( 'NONE',  ( 0.000000000000000000, -1.000000000000000000, 0.000000000000000000 ) ) ;
#5301 = ADVANCED_FACE ( 'NONE', ( #2790 ), #2313, .T. ) ;
#5302 = ORIENTED_EDGE ( 'NONE', *, *, #929, .T. ) ;
#5303 = DIRECTION ( 'NONE',  ( 1.000000000000000000, 0.000000000000000000, 1.053224967557346083E-14 ) ) ;
#5304 = ORIENTED_EDGE ( 'NONE', *, *, #5107, .F. ) ;
#5305 = CARTESIAN_POINT ( 'NONE',  ( -3.000000000000000000, 0.2500000000000000000, 0.4349999999999685230 ) ) ;
#5306 = AXIS2_PLACEMENT_3D ( 'NONE', #4737, #480, #1370 ) ;
#5307 = EDGE_CURVE ( 'NONE', #4935, #140, #225, .T. ) ;
#5308 = DIRECTION ( 'NONE',  ( 0.000000000000000000, 0.000000000000000000, 1.000000000000000000 ) ) ;
#5309 = ORIENTED_EDGE ( 'NONE', *, *, #919, .T. ) ;
#5310 = DIRECTION ( 'NONE',  ( 1.310076802900131811E-16, 0.000000000000000000, -1.000000000000000000 ) ) ;
#5311 = CARTESIAN_POINT ( 'NONE',  ( 3.075000000000000178, 0.2500000000000000000, 2.100000000000000089 ) ) ;
#5312 = COLOUR_RGB ( '',0.2509803921568627416, 0.2509803921568627416, 0.2509803921568627416 ) ;
#5313 = FILL_AREA_STYLE ('',( #2023 ) ) ;
#5314 = ORIENTED_EDGE ( 'NONE', *, *, #2282, .T. ) ;
#5315 = ORIENTED_EDGE ( 'NONE', *, *, #2888, .T. ) ;
#5316 = DIRECTION ( 'NONE',  ( 0.000000000000000000, 1.000000000000000000, 0.000000000000000000 ) ) ;
#5317 = ORIENTED_EDGE ( 'NONE', *, *, #2793, .T. ) ;
#5318 = AXIS2_PLACEMENT_3D ( 'NONE', #149, #4301, #4330 ) ;
#5319 = LINE ( 'NONE', #3663, #769 ) ;
#5320 = VERTEX_POINT ( 'NONE', #3589 ) ;
#5321 = DIRECTION ( 'NONE',  ( -0.000000000000000000, 0.1045284632676536513, 0.9945218953682734009 ) ) ;
#5322 = EDGE_LOOP ( 'NONE', ( #4531, #1440, #3791, #1322, #4700, #2464, #4598, #2441, #2906, #2377, #4897, #2742 ) ) ;
#5323 = DIRECTION ( 'NONE',  ( -0.1045284632676536513, -0.9945218953682734009, 0.000000000000000000 ) ) ;
#5324 = ADVANCED_FACE ( 'NONE', ( #2770 ), #4450, .T. ) ;
#5325 = AXIS2_PLACEMENT_3D ( 'NONE', #4286, #2966, #3374 ) ;
#5326 = DIRECTION ( 'NONE',  ( 2.168404344970659876E-14, 0.000000000000000000, 1.000000000000000000 ) ) ;
#5327 = ORIENTED_EDGE ( 'NONE', *, *, #163, .F. ) ;
#5328 = DIRECTION ( 'NONE',  ( 0.000000000000000000, 1.000000000000000000, 0.000000000000000000 ) ) ;
#5329 = EDGE_CURVE ( 'NONE', #2842, #1584, #5374, .T. ) ;
#5330 = DIRECTION ( 'NONE',  ( 0.000000000000000000, 1.000000000000000000, 0.000000000000000000 ) ) ;
#5331 = EDGE_CURVE ( 'NONE', #5342, #759, #5288, .T. ) ;
#5332 = SURFACE_STYLE_USAGE ( .BOTH. , #5357 ) ;
#5333 = ORIENTED_EDGE ( 'NONE', *, *, #613, .T. ) ;
#5334 = VERTEX_POINT ( 'NONE', #670 ) ;
#5335 = CARTESIAN_POINT ( 'NONE',  ( 3.075000000000000178, 0.2500000000000000000, -0.4349999999999680234 ) ) ;
#5336 = EDGE_CURVE ( 'NONE', #3429, #4993, #1438, .T. ) ;
#5337 = DIRECTION ( 'NONE',  ( 0.000000000000000000, 0.000000000000000000, -1.000000000000000000 ) ) ;
#5338 = ORIENTED_EDGE ( 'NONE', *, *, #1662, .T. ) ;
#5339 = CARTESIAN_POINT ( 'NONE',  ( -0.2449999999999999956, 0.2500000000000000000, -2.600000000000000089 ) ) ;
#5340 = LINE ( 'NONE', #4567, #1754 ) ;
#5341 = FACE_OUTER_BOUND ( 'NONE', #287, .T. ) ;
#5342 = VERTEX_POINT ( 'NONE', #3126 ) ;
#5343 = CARTESIAN_POINT ( 'NONE',  ( -0.8499999999999999778, 0.2500000000000000000, -1.743721152139079855 ) ) ;
#5344 = CARTESIAN_POINT ( 'NONE',  ( 2.870931942746980159, 0.000000000000000000, -2.195931942746985222 ) ) ;
#5345 = DIRECTION ( 'NONE',  ( 0.000000000000000000, 0.000000000000000000, -1.000000000000000000 ) ) ;
#5346 = AXIS2_PLACEMENT_3D ( 'NONE', #3599, #2800, #4001 ) ;
#5347 = ORIENTED_EDGE ( 'NONE', *, *, #3859, .F. ) ;
#5348 = CARTESIAN_POINT ( 'NONE',  ( -2.799999999999999822, 0.05000000000000000278, -2.500000000000000000 ) ) ;
#5349 = VECTOR ( 'NONE', #4539, 1000.000000000000000 ) ;
#5350 = EDGE_LOOP ( 'NONE', ( #3327, #1572, #1132, #423 ) ) ;
#5351 = DIRECTION ( 'NONE',  ( 0.000000000000000000, 1.000000000000000000, 0.000000000000000000 ) ) ;
#5352 = ORIENTED_EDGE ( 'NONE', *, *, #3939, .T. ) ;
#5353 = DIRECTION ( 'NONE',  ( -8.673617379884013384E-15, 0.000000000000000000, 1.000000000000000000 ) ) ;
#5354 = AXIS2_PLACEMENT_3D ( 'NONE', #2780, #660, #2348 ) ;
#5355 = CIRCLE ( 'NONE', #3964, 0.2000000000000000944 ) ;
#5356 = CIRCLE ( 'NONE', #1670, 0.2000000000000000944 ) ;
#5357 = SURFACE_SIDE_STYLE ('',( #2052 ) ) ;
#5358 = ORIENTED_EDGE ( 'NONE', *, *, #1908, .T. ) ;
#5359 = ADVANCED_FACE ( 'NONE', ( #599 ), #3633, .T. ) ;
#5360 = EDGE_LOOP ( 'NONE', ( #14, #657 ) ) ;
#5361 = CARTESIAN_POINT ( 'NONE',  ( -0.7449999999999999956, 0.000000000000000000, 2.245931942746980159 ) ) ;
#5362 = AXIS2_PLACEMENT_3D ( 'NONE', #2378, #4905, #2307 ) ;
#5363 = AXIS2_PLACEMENT_3D ( 'NONE', #5195, #991, #4244 ) ;
#5364 = EDGE_CURVE ( 'NONE', #381, #4938, #4354, .T. ) ;
#5365 = EDGE_CURVE ( 'NONE', #3837, #5422, #1433, .T. ) ;
#5366 = DIRECTION ( 'NONE',  ( 0.000000000000000000, -1.000000000000000000, 0.000000000000000000 ) ) ;
#5367 = VERTEX_POINT ( 'NONE', #3237 ) ;
#5368 = SURFACE_STYLE_USAGE ( .BOTH. , #2084 ) ;
#5369 = VECTOR ( 'NONE', #4919, 1000.000000000000000 ) ;
#5370 = AXIS2_PLACEMENT_3D ( 'NONE', #2666, #3515, #5414 ) ;
#5371 = DIRECTION ( 'NONE',  ( -9.912705577010320619E-15, 0.000000000000000000, 1.000000000000000000 ) ) ;
#5372 = CARTESIAN_POINT ( 'NONE',  ( -3.000000000000000000, 0.2500000000000000000, 2.299999999999999822 ) ) ;
#5373 = DIRECTION ( 'NONE',  ( 0.000000000000000000, -1.000000000000000000, 0.000000000000000000 ) ) ;
#5374 = CIRCLE ( 'NONE', #5221, 0.1258777161042643478 ) ;
#5375 = ORIENTED_EDGE ( 'NONE', *, *, #3166, .F. ) ;
#5376 = CARTESIAN_POINT ( 'NONE',  ( -2.799999999999999822, 0.9499999999999999556, -2.376151621335850006 ) ) ;
#5377 = ORIENTED_EDGE ( 'NONE', *, *, #3270, .F. ) ;
#5378 = FACE_OUTER_BOUND ( 'NONE', #4952, .T. ) ;
#5379 = DIRECTION ( 'NONE',  ( 0.000000000000000000, 0.000000000000000000, 1.000000000000000000 ) ) ;
#5380 = ORIENTED_EDGE ( 'NONE', *, *, #3289, .F. ) ;
#5381 = LINE ( 'NONE', #3292, #4853 ) ;
#5382 = VERTEX_POINT ( 'NONE', #3651 ) ;
#5383 = FACE_OUTER_BOUND ( 'NONE', #1045, .T. ) ;
#5384 = DIRECTION ( 'NONE',  ( 1.000000000000000000, 0.000000000000000000, 0.000000000000000000 ) ) ;
#5385 = MECHANICAL_DESIGN_GEOMETRIC_PRESENTATION_REPRESENTATION (  '', ( #2774 ), #213 ) ;
#5386 = CARTESIAN_POINT ( 'NONE',  ( 3.075000000000000178, 0.000000000000000000, 2.100000000000000089 ) ) ;
#5387 = CARTESIAN_POINT ( 'NONE',  ( -3.000000000000000000, 0.04999999999999999584, 0.4349999999999684119 ) ) ;
#5388 = SURFACE_STYLE_USAGE ( .BOTH. , #3239 ) ;
#5389 = EDGE_LOOP ( 'NONE', ( #2328, #3672, #3716, #3705 ) ) ;
#5390 = AXIS2_PLACEMENT_3D ( 'NONE', #4819, #3118, #3959 ) ;
#5391 = ORIENTED_EDGE ( 'NONE', *, *, #2729, .F. ) ;
#5392 = DIRECTION ( 'NONE',  ( 0.000000000000000000, -1.000000000000000000, 0.000000000000000000 ) ) ;
#5393 = EDGE_CURVE ( 'NONE', #1298, #5286, #2048, .T. ) ;
#5394 = CARTESIAN_POINT ( 'NONE',  ( 2.799999999999999822, 1.000000000000000000, -2.299999999999999822 ) ) ;
#5395 = ORIENTED_EDGE ( 'NONE', *, *, #633, .T. ) ;
#5396 = EDGE_CURVE ( 'NONE', #1718, #4085, #3740, .T. ) ;
#5397 = EDGE_CURVE ( 'NONE', #1158, #5004, #1989, .T. ) ;
#5398 = FACE_OUTER_BOUND ( 'NONE', #4273, .T. ) ;
#5399 = LINE ( 'NONE', #4275, #1706 ) ;
#5400 = DIRECTION ( 'NONE',  ( 0.000000000000000000, 0.000000000000000000, 1.000000000000000000 ) ) ;
#5401 = ORIENTED_EDGE ( 'NONE', *, *, #531, .T. ) ;
#5402 = CARTESIAN_POINT ( 'NONE',  ( 3.000000000000000000, 0.2500000000000000000, -2.299999999999999822 ) ) ;
#5403 = PLANE ( 'NONE',  #4873 ) ;
#5404 = ORIENTED_EDGE ( 'NONE', *, *, #3682, .T. ) ;
#5405 = DIRECTION ( 'NONE',  ( 0.000000000000000000, -1.000000000000000000, 0.000000000000000000 ) ) ;
#5406 = VECTOR ( 'NONE', #4255, 1000.000000000000000 ) ;
#5407 = DIRECTION ( 'NONE',  ( -1.000000000000000000, 0.000000000000000000, -2.003898819367960108E-13 ) ) ;
#5408 = EDGE_CURVE ( 'NONE', #5286, #1603, #2835, .T. ) ;
#5409 = EDGE_LOOP ( 'NONE', ( #570, #4795, #1508, #4156 ) ) ;
#5410 = FACE_OUTER_BOUND ( 'NONE', #2698, .T. ) ;
#5411 = ORIENTED_EDGE ( 'NONE', *, *, #3309, .T. ) ;
#5412 =( LENGTH_UNIT ( ) NAMED_UNIT ( * ) SI_UNIT ( .MILLI., .METRE. ) );
#5413 = CYLINDRICAL_SURFACE ( 'NONE', #1126, 0.09593194274699298751 ) ;
#5414 = DIRECTION ( 'NONE',  ( 0.000000000000000000, 0.000000000000000000, -1.000000000000000000 ) ) ;
#5415 = DIRECTION ( 'NONE',  ( 0.000000000000000000, 0.000000000000000000, 1.000000000000000000 ) ) ;
#5416 = VECTOR ( 'NONE', #4610, 1000.000000000000000 ) ;
#5417 = ORIENTED_EDGE ( 'NONE', *, *, #3420, .T. ) ;
#5418 =( NAMED_UNIT ( * ) SI_UNIT ( $, .STERADIAN. ) SOLID_ANGLE_UNIT ( ) );
#5419 = PRESENTATION_LAYER_ASSIGNMENT (  '', '', ( #3307 ) ) ;
#5420 = ORIENTED_EDGE ( 'NONE', *, *, #623, .T. ) ;
#5421 = LINE ( 'NONE', #2388, #3706 ) ;
#5422 = VERTEX_POINT ( 'NONE', #2467 ) ;
#5423 = CYLINDRICAL_SURFACE ( 'NONE', #5452, 0.09593194274698166324 ) ;
#5424 = ORIENTED_EDGE ( 'NONE', *, *, #1928, .F. ) ;
#5425 = PLANE ( 'NONE',  #1940 ) ;
#5426 =( LENGTH_UNIT ( ) NAMED_UNIT ( * ) SI_UNIT ( .MILLI., .METRE. ) );
#5427 = CARTESIAN_POINT ( 'NONE',  ( 1.699999999999999956, 0.9000000000000000222, 0.000000000000000000 ) ) ;
#5428 = ADVANCED_FACE ( 'NONE', ( #4151 ), #341, .T. ) ;
#5429 = VERTEX_POINT ( 'NONE', #772 ) ;
#5430 = LINE ( 'NONE', #838, #5092 ) ;
#5431 = FACE_OUTER_BOUND ( 'NONE', #3388, .T. ) ;
#5432 = ORIENTED_EDGE ( 'NONE', *, *, #1260, .T. ) ;
#5433 = CYLINDRICAL_SURFACE ( 'NONE', #2014, 0.1700000000000000122 ) ;
#5434 = PLANE ( 'NONE',  #658 ) ;
#5435 = ORIENTED_EDGE ( 'NONE', *, *, #234, .F. ) ;
#5436 = AXIS2_PLACEMENT_3D ( 'NONE', #191, #2618, #5084 ) ;
#5437 = DIRECTION ( 'NONE',  ( 0.000000000000000000, -1.000000000000000000, 0.000000000000000000 ) ) ;
#5438 = ORIENTED_EDGE ( 'NONE', *, *, #3151, .T. ) ;
#5439 = EDGE_CURVE ( 'NONE', #1213, #1347, #3020, .T. ) ;
#5440 = PLANE ( 'NONE',  #2370 ) ;
#5441 = CARTESIAN_POINT ( 'NONE',  ( 1.704999999999999849, 0.000000000000000000, -2.600000000000000089 ) ) ;
#5442 = EDGE_CURVE ( 'NONE', #3843, #1080, #291, .T. ) ;
#5443 = CARTESIAN_POINT ( 'NONE',  ( 0.000000000000000000, 0.000000000000000000, 0.000000000000000000 ) ) ;
#5444 = COLOUR_RGB ( '',0.2509803921568627416, 0.2509803921568627416, 0.2509803921568627416 ) ;
#5445 = AXIS2_PLACEMENT_3D ( 'NONE', #99, #5111, #3025 ) ;
#5446 = ORIENTED_EDGE ( 'NONE', *, *, #4518, .T. ) ;
#5447 = VECTOR ( 'NONE', #788, 1000.000000000000000 ) ;
#5448 = CYLINDRICAL_SURFACE ( 'NONE', #3707, 0.09593194274698166324 ) ;
#5449 = ORIENTED_EDGE ( 'NONE', *, *, #919, .F. ) ;
#5450 = DIRECTION ( 'NONE',  ( 0.000000000000000000, 1.000000000000000000, 0.000000000000000000 ) ) ;
#5451 =( GEOMETRIC_REPRESENTATION_CONTEXT ( 3 ) GLOBAL_UNCERTAINTY_ASSIGNED_CONTEXT ( ( #4454 ) ) GLOBAL_UNIT_ASSIGNED_CONTEXT ( ( #5240, #4824, #651 ) ) REPRESENTATION_CONTEXT ( 'NONE', 'WORKASPACE' ) );
#5452 = AXIS2_PLACEMENT_3D ( 'NONE', #2032, #5366, #4187 ) ;
#5453 = EDGE_LOOP ( 'NONE', ( #804, #3943, #5227, #4865 ) ) ;
ENDSEC;
END-ISO-10303-21;
