ISO-10303-21;
HEADER;
FILE_DESCRIPTION(('FreeCAD Model'),'2;1');
FILE_NAME(
  'C:/図面/002 図面 (FreeCAD)/LEAD TYPE/SOT-89-3&5/SOT-89-5a.step',
  '2020-01-21T09:47:49',(''),(''),'Open CASCADE STEP processor 7.3',
  'FreeCAD','Unknown');
FILE_SCHEMA(('AUTOMOTIVE_DESIGN { 1 0 10303 214 1 1 1 1 }'));
ENDSEC;
DATA;
#1 = APPLICATION_PROTOCOL_DEFINITION('international standard',
  'automotive_design',2000,#2);
#2 = APPLICATION_CONTEXT(
  'core data for automotive mechanical design processes');
#3 = SHAPE_DEFINITION_REPRESENTATION(#4,#10);
#4 = PRODUCT_DEFINITION_SHAPE('','',#5);
#5 = PRODUCT_DEFINITION('design','',#6,#9);
#6 = PRODUCT_DEFINITION_FORMATION('','',#7);
#7 = PRODUCT('Mold001','Mold001','',(#8));
#8 = PRODUCT_CONTEXT('',#2,'mechanical');
#9 = PRODUCT_DEFINITION_CONTEXT('part definition',#2,'design');
#10 = ADVANCED_BREP_SHAPE_REPRESENTATION('',(#11,#15),#6989);
#11 = AXIS2_PLACEMENT_3D('',#12,#13,#14);
#12 = CARTESIAN_POINT('',(0.,0.,0.));
#13 = DIRECTION('',(0.,0.,1.));
#14 = DIRECTION('',(1.,0.,-0.));
#15 = MANIFOLD_SOLID_BREP('',#16);
#16 = CLOSED_SHELL('',(#17,#2300,#2754,#2837,#2886,#2993,#3042,#3180,
    #3207,#3596,#3645,#3694,#3743,#3881,#3908,#3935,#4007,#4014,#4088,
    #6126,#6175,#6224,#6251,#6278,#6285,#6327,#6378,#6483,#6539,#6546,
    #6601,#6650,#6699,#6726,#6753,#6760,#6796,#6831,#6874,#6881,#6888,
    #6924,#6979,#6985));
#17 = ADVANCED_FACE('',(#18),#32,.F.);
#18 = FACE_BOUND('',#19,.F.);
#19 = EDGE_LOOP('',(#20,#55,#109,#149,#203,#231,#553,#875,#1197,#1220,
    #1254,#1279,#1313,#1336,#1658,#1980));
#20 = ORIENTED_EDGE('',*,*,#21,.T.);
#21 = EDGE_CURVE('',#22,#24,#26,.T.);
#22 = VERTEX_POINT('',#23);
#23 = CARTESIAN_POINT('',(3.96,2.5,0.));
#24 = VERTEX_POINT('',#25);
#25 = CARTESIAN_POINT('',(4.400496280979,2.5,0.));
#26 = SURFACE_CURVE('',#27,(#31,#43),.PCURVE_S1.);
#27 = LINE('',#28,#29);
#28 = CARTESIAN_POINT('',(0.,2.5,0.));
#29 = VECTOR('',#30,1.);
#30 = DIRECTION('',(1.,0.,0.));
#31 = PCURVE('',#32,#37);
#32 = B_SPLINE_SURFACE_WITH_KNOTS('',1,1,(
    (#33,#34)
    ,(#35,#36)),.UNSPECIFIED.,.F.,.F.,.F.,(2,2),(2,2),(0.,4.5),(0.,1.),
  .PIECEWISE_BEZIER_KNOTS.);
#33 = CARTESIAN_POINT('',(0.,2.5,0.));
#34 = CARTESIAN_POINT('',(0.15,2.35,1.5));
#35 = CARTESIAN_POINT('',(4.5,2.5,0.));
#36 = CARTESIAN_POINT('',(4.35,2.35,1.5));
#37 = DEFINITIONAL_REPRESENTATION('',(#38),#42);
#38 = LINE('',#39,#40);
#39 = CARTESIAN_POINT('',(0.,0.));
#40 = VECTOR('',#41,1.);
#41 = DIRECTION('',(1.,0.));
#42 = ( GEOMETRIC_REPRESENTATION_CONTEXT(2) 
PARAMETRIC_REPRESENTATION_CONTEXT() REPRESENTATION_CONTEXT('2D SPACE',''
  ) );
#43 = PCURVE('',#44,#49);
#44 = PLANE('',#45);
#45 = AXIS2_PLACEMENT_3D('',#46,#47,#48);
#46 = CARTESIAN_POINT('',(0.,2.5,0.));
#47 = DIRECTION('',(0.,0.,1.));
#48 = DIRECTION('',(0.874157276122,-0.485642931179,0.));
#49 = DEFINITIONAL_REPRESENTATION('',(#50),#54);
#50 = LINE('',#51,#52);
#51 = CARTESIAN_POINT('',(0.,0.));
#52 = VECTOR('',#53,1.);
#53 = DIRECTION('',(0.874157276122,0.485642931179));
#54 = ( GEOMETRIC_REPRESENTATION_CONTEXT(2) 
PARAMETRIC_REPRESENTATION_CONTEXT() REPRESENTATION_CONTEXT('2D SPACE',''
  ) );
#55 = ORIENTED_EDGE('',*,*,#56,.T.);
#56 = EDGE_CURVE('',#24,#57,#59,.T.);
#57 = VERTEX_POINT('',#58);
#58 = CARTESIAN_POINT('',(4.259501250973,2.35900496281,1.409950371902));
#59 = SURFACE_CURVE('',#60,(#69,#77),.PCURVE_S1.);
#60 = B_SPLINE_CURVE_WITH_KNOTS('',3,(#61,#62,#63,#64,#65,#66,#67,#68),
  .UNSPECIFIED.,.F.,.F.,(4,2,2,4),(-6.431842797676E-02,
    9.852336290569E-03,1.524778077045,1.598948841312),.UNSPECIFIED.);
#61 = CARTESIAN_POINT('',(4.407840280979,2.507344,-7.344E-02));
#62 = CARTESIAN_POINT('',(4.405392280979,2.504896,-4.896E-02));
#63 = CARTESIAN_POINT('',(4.402944280979,2.502448,-2.448E-02));
#64 = CARTESIAN_POINT('',(4.350496280979,2.45,0.5));
#65 = CARTESIAN_POINT('',(4.300496280979,2.4,1.));
#66 = CARTESIAN_POINT('',(4.248048280979,2.347552,1.52448));
#67 = CARTESIAN_POINT('',(4.245600280979,2.345104,1.54896));
#68 = CARTESIAN_POINT('',(4.243152280979,2.342656,1.57344));
#69 = PCURVE('',#32,#70);
#70 = DEFINITIONAL_REPRESENTATION('',(#71),#76);
#71 = B_SPLINE_CURVE_WITH_KNOTS('',3,(#72,#73,#74,#75),.UNSPECIFIED.,.F.
  ,.F.,(4,4),(9.852336290569E-03,1.433832410678),
  .PIECEWISE_BEZIER_KNOTS.);
#72 = CARTESIAN_POINT('',(4.400496280979,5.551115123126E-17));
#73 = CARTESIAN_POINT('',(4.398417832007,0.313322304867));
#74 = CARTESIAN_POINT('',(4.39620980263,0.626644614323));
#75 = CARTESIAN_POINT('',(4.393844084969,0.939966914601));
#76 = ( GEOMETRIC_REPRESENTATION_CONTEXT(2) 
PARAMETRIC_REPRESENTATION_CONTEXT() REPRESENTATION_CONTEXT('2D SPACE',''
  ) );
#77 = PCURVE('',#78,#103);
#78 = ( BOUNDED_SURFACE() B_SPLINE_SURFACE(2,3,(
    (#79,#80,#81,#82,#83,#84,#85,#86)
    ,(#87,#88,#89,#90,#91,#92,#93,#94)
    ,(#95,#96,#97,#98,#99,#100,#101,#102
)),.UNSPECIFIED.,.F.,.F.,.F.) B_SPLINE_SURFACE_WITH_KNOTS((3,3),(4,2,2,4
    ),(0.,1.514925740754),(-6.431842797676E-02,9.852336290569E-03,
    1.524778077045,1.598948841312),.UNSPECIFIED.) 
GEOMETRIC_REPRESENTATION_ITEM() RATIONAL_B_SPLINE_SURFACE((
    (1.,1.,1.,1.,1.,1.,1.,1.)
    ,(0.710598687762,0.710598687762,0.710598687762,0.710598687762
      ,0.710598687762,0.710598687762,0.710598687762,0.710598687762)
,(1.,1.,1.,1.,1.,1.,1.,1.))) REPRESENTATION_ITEM('') SURFACE() );
#79 = CARTESIAN_POINT('',(4.407840280979,2.507344,-7.344E-02));
#80 = CARTESIAN_POINT('',(4.405392280979,2.504896,-4.896E-02));
#81 = CARTESIAN_POINT('',(4.402944280979,2.502448,-2.448E-02));
#82 = CARTESIAN_POINT('',(4.350496280979,2.45,0.5));
#83 = CARTESIAN_POINT('',(4.300496280979,2.4,1.));
#84 = CARTESIAN_POINT('',(4.248048280979,2.347552,1.52448));
#85 = CARTESIAN_POINT('',(4.245600280979,2.345104,1.54896));
#86 = CARTESIAN_POINT('',(4.243152280979,2.342656,1.57344));
#87 = CARTESIAN_POINT('',(4.506368473343,2.506368473343,
    -6.368473342931E-02));
#88 = CARTESIAN_POINT('',(4.503920473343,2.503920473343,
    -3.920473342931E-02));
#89 = CARTESIAN_POINT('',(4.501472473343,2.501472473343,
    -1.472473342931E-02));
#90 = CARTESIAN_POINT('',(4.449024473343,2.449024473343,0.509755266571)
  );
#91 = CARTESIAN_POINT('',(4.399024473343,2.399024473343,1.009755266571)
  );
#92 = CARTESIAN_POINT('',(4.346576473343,2.346576473343,1.534235266571)
  );
#93 = CARTESIAN_POINT('',(4.344128473343,2.344128473343,1.558715266571)
  );
#94 = CARTESIAN_POINT('',(4.341680473343,2.341680473343,1.583195266571)
  );
#95 = CARTESIAN_POINT('',(4.507344,2.407840280979,-7.344E-02));
#96 = CARTESIAN_POINT('',(4.504896,2.405392280979,-4.896E-02));
#97 = CARTESIAN_POINT('',(4.502448,2.402944280979,-2.448E-02));
#98 = CARTESIAN_POINT('',(4.45,2.350496280979,0.5));
#99 = CARTESIAN_POINT('',(4.4,2.300496280979,1.));
#100 = CARTESIAN_POINT('',(4.347552,2.248048280979,1.52448));
#101 = CARTESIAN_POINT('',(4.345104,2.245600280979,1.54896));
#102 = CARTESIAN_POINT('',(4.342656,2.243152280979,1.57344));
#103 = DEFINITIONAL_REPRESENTATION('',(#104),#108);
#104 = LINE('',#105,#106);
#105 = CARTESIAN_POINT('',(0.,0.));
#106 = VECTOR('',#107,1.);
#107 = DIRECTION('',(0.,1.));
#108 = ( GEOMETRIC_REPRESENTATION_CONTEXT(2) 
PARAMETRIC_REPRESENTATION_CONTEXT() REPRESENTATION_CONTEXT('2D SPACE',''
  ) );
#109 = ORIENTED_EDGE('',*,*,#110,.F.);
#110 = EDGE_CURVE('',#111,#57,#113,.T.);
#111 = VERTEX_POINT('',#112);
#112 = CARTESIAN_POINT('',(0.240498749027,2.35900496281,1.409950371902)
  );
#113 = SURFACE_CURVE('',#114,(#120,#126),.PCURVE_S1.);
#114 = B_SPLINE_CURVE_WITH_KNOTS('',2,(#115,#116,#117,#118,#119),
  .UNSPECIFIED.,.F.,.F.,(3,1,1,3),(-0.16322896281,-9.004962809791E-03,
    4.20900496281,4.36322896281),.UNSPECIFIED.);
#115 = CARTESIAN_POINT('',(-1.322896280979E-02,2.35900496281,
    1.409950371902));
#116 = CARTESIAN_POINT('',(6.388303719021E-02,2.35900496281,
    1.409950371902));
#117 = CARTESIAN_POINT('',(2.25,2.35900496281,1.409950371902));
#118 = CARTESIAN_POINT('',(4.43611696281,2.35900496281,1.409950371902));
#119 = CARTESIAN_POINT('',(4.51322896281,2.35900496281,1.409950371902));
#120 = PCURVE('',#32,#121);
#121 = DEFINITIONAL_REPRESENTATION('',(#122),#125);
#122 = B_SPLINE_CURVE_WITH_KNOTS('',1,(#123,#124),.UNSPECIFIED.,.F.,.F.,
  (2,2),(-9.004962809791E-03,4.20900496281),.PIECEWISE_BEZIER_KNOTS.);
#123 = CARTESIAN_POINT('',(3.996802888651E-16,0.939966914601));
#124 = CARTESIAN_POINT('',(4.5,0.939966914601));
#125 = ( GEOMETRIC_REPRESENTATION_CONTEXT(2) 
PARAMETRIC_REPRESENTATION_CONTEXT() REPRESENTATION_CONTEXT('2D SPACE',''
  ) );
#126 = PCURVE('',#127,#143);
#127 = ( BOUNDED_SURFACE() B_SPLINE_SURFACE(2,2,(
    (#128,#129,#130,#131,#132)
    ,(#133,#134,#135,#136,#137)
    ,(#138,#139,#140,#141,#142
)),.UNSPECIFIED.,.F.,.F.,.F.) B_SPLINE_SURFACE_WITH_KNOTS((3,3),(3,1,1,3
    ),(0.,4.21800992562),(-0.16322896281,-9.004962809791E-03,
    4.20900496281,4.36322896281),.UNSPECIFIED.) 
GEOMETRIC_REPRESENTATION_ITEM() RATIONAL_B_SPLINE_SURFACE((
    (1.,1.,1.,1.,1.)
    ,(0.741452533552,0.741452533552,0.741452533552,0.741452533552
      ,0.741452533552)
,(1.,1.,1.,1.,1.))) REPRESENTATION_ITEM('') SURFACE() );
#128 = CARTESIAN_POINT('',(-1.322896280979E-02,2.35900496281,
    1.409950371902));
#129 = CARTESIAN_POINT('',(6.388303719021E-02,2.35900496281,
    1.409950371902));
#130 = CARTESIAN_POINT('',(2.25,2.35900496281,1.409950371902));
#131 = CARTESIAN_POINT('',(4.43611696281,2.35900496281,1.409950371902));
#132 = CARTESIAN_POINT('',(4.51322896281,2.35900496281,1.409950371902));
#133 = CARTESIAN_POINT('',(-1.322896280979E-02,2.35,1.5));
#134 = CARTESIAN_POINT('',(6.388303719021E-02,2.35,1.5));
#135 = CARTESIAN_POINT('',(2.25,2.35,1.5));
#136 = CARTESIAN_POINT('',(4.43611696281,2.35,1.5));
#137 = CARTESIAN_POINT('',(4.51322896281,2.35,1.5));
#138 = CARTESIAN_POINT('',(-1.322896280979E-02,2.259501243789,1.5));
#139 = CARTESIAN_POINT('',(6.388303719021E-02,2.259501243789,1.5));
#140 = CARTESIAN_POINT('',(2.25,2.259501243789,1.5));
#141 = CARTESIAN_POINT('',(4.43611696281,2.259501243789,1.5));
#142 = CARTESIAN_POINT('',(4.51322896281,2.259501243789,1.5));
#143 = DEFINITIONAL_REPRESENTATION('',(#144),#148);
#144 = LINE('',#145,#146);
#145 = CARTESIAN_POINT('',(0.,0.));
#146 = VECTOR('',#147,1.);
#147 = DIRECTION('',(0.,1.));
#148 = ( GEOMETRIC_REPRESENTATION_CONTEXT(2) 
PARAMETRIC_REPRESENTATION_CONTEXT() REPRESENTATION_CONTEXT('2D SPACE',''
  ) );
#149 = ORIENTED_EDGE('',*,*,#150,.F.);
#150 = EDGE_CURVE('',#151,#111,#153,.T.);
#151 = VERTEX_POINT('',#152);
#152 = CARTESIAN_POINT('',(9.9503719021E-02,2.5,0.));
#153 = SURFACE_CURVE('',#154,(#163,#171),.PCURVE_S1.);
#154 = B_SPLINE_CURVE_WITH_KNOTS('',3,(#155,#156,#157,#158,#159,#160,
    #161,#162),.UNSPECIFIED.,.F.,.F.,(4,2,2,4),(-6.431842797676E-02,
    9.852336290569E-03,1.524778077045,1.598948841312),.UNSPECIFIED.);
#155 = CARTESIAN_POINT('',(9.2159719021E-02,2.507344,-7.344E-02));
#156 = CARTESIAN_POINT('',(9.4607719021E-02,2.504896,-4.896E-02));
#157 = CARTESIAN_POINT('',(9.7055719021E-02,2.502448,-2.448E-02));
#158 = CARTESIAN_POINT('',(0.149503719021,2.45,0.5));
#159 = CARTESIAN_POINT('',(0.199503719021,2.4,1.));
#160 = CARTESIAN_POINT('',(0.251951719021,2.347552,1.52448));
#161 = CARTESIAN_POINT('',(0.254399719021,2.345104,1.54896));
#162 = CARTESIAN_POINT('',(0.256847719021,2.342656,1.57344));
#163 = PCURVE('',#32,#164);
#164 = DEFINITIONAL_REPRESENTATION('',(#165),#170);
#165 = B_SPLINE_CURVE_WITH_KNOTS('',3,(#166,#167,#168,#169),
  .UNSPECIFIED.,.F.,.F.,(4,4),(9.852336290569E-03,1.433832410678),
  .PIECEWISE_BEZIER_KNOTS.);
#166 = CARTESIAN_POINT('',(9.9503719021E-02,1.145088124988E-18));
#167 = CARTESIAN_POINT('',(0.101582167993,0.313322304867));
#168 = CARTESIAN_POINT('',(0.10379019737,0.626644614323));
#169 = CARTESIAN_POINT('',(0.106155915031,0.939966914601));
#170 = ( GEOMETRIC_REPRESENTATION_CONTEXT(2) 
PARAMETRIC_REPRESENTATION_CONTEXT() REPRESENTATION_CONTEXT('2D SPACE',''
  ) );
#171 = PCURVE('',#172,#197);
#172 = ( BOUNDED_SURFACE() B_SPLINE_SURFACE(2,3,(
    (#173,#174,#175,#176,#177,#178,#179,#180)
    ,(#181,#182,#183,#184,#185,#186,#187,#188)
    ,(#189,#190,#191,#192,#193,#194,#195,#196
)),.UNSPECIFIED.,.F.,.F.,.F.) B_SPLINE_SURFACE_WITH_KNOTS((3,3),(4,2,2,4
    ),(0.,1.514925740754),(-6.431842797676E-02,9.852336290569E-03,
    1.524778077045,1.598948841312),.UNSPECIFIED.) 
GEOMETRIC_REPRESENTATION_ITEM() RATIONAL_B_SPLINE_SURFACE((
    (1.,1.,1.,1.,1.,1.,1.,1.)
    ,(0.710598687762,0.710598687762,0.710598687762,0.710598687762
      ,0.710598687762,0.710598687762,0.710598687762,0.710598687762)
,(1.,1.,1.,1.,1.,1.,1.,1.))) REPRESENTATION_ITEM('') SURFACE() );
#173 = CARTESIAN_POINT('',(9.2159719021E-02,2.507344,-7.344E-02));
#174 = CARTESIAN_POINT('',(9.4607719021E-02,2.504896,-4.896E-02));
#175 = CARTESIAN_POINT('',(9.7055719021E-02,2.502448,-2.448E-02));
#176 = CARTESIAN_POINT('',(0.149503719021,2.45,0.5));
#177 = CARTESIAN_POINT('',(0.199503719021,2.4,1.));
#178 = CARTESIAN_POINT('',(0.251951719021,2.347552,1.52448));
#179 = CARTESIAN_POINT('',(0.254399719021,2.345104,1.54896));
#180 = CARTESIAN_POINT('',(0.256847719021,2.342656,1.57344));
#181 = CARTESIAN_POINT('',(-6.368473342931E-03,2.506368473343,
    -6.368473342931E-02));
#182 = CARTESIAN_POINT('',(-3.920473342931E-03,2.503920473343,
    -3.920473342931E-02));
#183 = CARTESIAN_POINT('',(-1.472473342931E-03,2.501472473343,
    -1.472473342931E-02));
#184 = CARTESIAN_POINT('',(5.097552665707E-02,2.449024473343,
    0.509755266571));
#185 = CARTESIAN_POINT('',(0.100975526657,2.399024473343,1.009755266571)
  );
#186 = CARTESIAN_POINT('',(0.153423526657,2.346576473343,1.534235266571)
  );
#187 = CARTESIAN_POINT('',(0.155871526657,2.344128473343,1.558715266571)
  );
#188 = CARTESIAN_POINT('',(0.158319526657,2.341680473343,1.583195266571)
  );
#189 = CARTESIAN_POINT('',(-7.344E-03,2.407840280979,-7.344E-02));
#190 = CARTESIAN_POINT('',(-4.896E-03,2.405392280979,-4.896E-02));
#191 = CARTESIAN_POINT('',(-2.448E-03,2.402944280979,-2.448E-02));
#192 = CARTESIAN_POINT('',(5.E-02,2.350496280979,0.5));
#193 = CARTESIAN_POINT('',(0.1,2.300496280979,1.));
#194 = CARTESIAN_POINT('',(0.152448,2.248048280979,1.52448));
#195 = CARTESIAN_POINT('',(0.154896,2.245600280979,1.54896));
#196 = CARTESIAN_POINT('',(0.157344,2.243152280979,1.57344));
#197 = DEFINITIONAL_REPRESENTATION('',(#198),#202);
#198 = LINE('',#199,#200);
#199 = CARTESIAN_POINT('',(0.,0.));
#200 = VECTOR('',#201,1.);
#201 = DIRECTION('',(0.,1.));
#202 = ( GEOMETRIC_REPRESENTATION_CONTEXT(2) 
PARAMETRIC_REPRESENTATION_CONTEXT() REPRESENTATION_CONTEXT('2D SPACE',''
  ) );
#203 = ORIENTED_EDGE('',*,*,#204,.T.);
#204 = EDGE_CURVE('',#151,#205,#207,.T.);
#205 = VERTEX_POINT('',#206);
#206 = CARTESIAN_POINT('',(0.54,2.5,0.));
#207 = SURFACE_CURVE('',#208,(#212,#219),.PCURVE_S1.);
#208 = LINE('',#209,#210);
#209 = CARTESIAN_POINT('',(0.,2.5,0.));
#210 = VECTOR('',#211,1.);
#211 = DIRECTION('',(1.,0.,0.));
#212 = PCURVE('',#32,#213);
#213 = DEFINITIONAL_REPRESENTATION('',(#214),#218);
#214 = LINE('',#215,#216);
#215 = CARTESIAN_POINT('',(0.,0.));
#216 = VECTOR('',#217,1.);
#217 = DIRECTION('',(1.,0.));
#218 = ( GEOMETRIC_REPRESENTATION_CONTEXT(2) 
PARAMETRIC_REPRESENTATION_CONTEXT() REPRESENTATION_CONTEXT('2D SPACE',''
  ) );
#219 = PCURVE('',#220,#225);
#220 = PLANE('',#221);
#221 = AXIS2_PLACEMENT_3D('',#222,#223,#224);
#222 = CARTESIAN_POINT('',(0.,2.5,0.));
#223 = DIRECTION('',(0.,0.,1.));
#224 = DIRECTION('',(0.874157276122,-0.485642931179,0.));
#225 = DEFINITIONAL_REPRESENTATION('',(#226),#230);
#226 = LINE('',#227,#228);
#227 = CARTESIAN_POINT('',(0.,0.));
#228 = VECTOR('',#229,1.);
#229 = DIRECTION('',(0.874157276122,0.485642931179));
#230 = ( GEOMETRIC_REPRESENTATION_CONTEXT(2) 
PARAMETRIC_REPRESENTATION_CONTEXT() REPRESENTATION_CONTEXT('2D SPACE',''
  ) );
#231 = ORIENTED_EDGE('',*,*,#232,.T.);
#232 = EDGE_CURVE('',#205,#233,#235,.T.);
#233 = VERTEX_POINT('',#234);
#234 = CARTESIAN_POINT('',(0.54,2.46,0.4));
#235 = SURFACE_CURVE('',#236,(#338,#443),.PCURVE_S1.);
#236 = B_SPLINE_CURVE_WITH_KNOTS('',4,(#237,#238,#239,#240,#241,#242,
    #243,#244,#245,#246,#247,#248,#249,#250,#251,#252,#253,#254,#255,
    #256,#257,#258,#259,#260,#261,#262,#263,#264,#265,#266,#267,#268,
    #269,#270,#271,#272,#273,#274,#275,#276,#277,#278,#279,#280,#281,
    #282,#283,#284,#285,#286,#287,#288,#289,#290,#291,#292,#293,#294,
    #295,#296,#297,#298,#299,#300,#301,#302,#303,#304,#305,#306,#307,
    #308,#309,#310,#311,#312,#313,#314,#315,#316,#317,#318,#319,#320,
    #321,#322,#323,#324,#325,#326,#327,#328,#329,#330,#331,#332,#333,
    #334,#335,#336,#337),.UNSPECIFIED.,.F.,.F.,(5,3,3,3,3,3,3,3,3,3,3,3,
    3,3,3,3,3,3,3,3,3,3,3,3,3,3,3,3,3,3,3,3,3,5),(0.,2.979820932096E-02,
    5.960771701009E-02,8.942862717048E-02,0.119261045014,0.149105076875,
    0.178960830222,0.208828413673,0.238707937009,0.267602930046,
    0.297506259959,0.327421862413,0.357349851938,0.387290344297,
    0.417243456499,0.447209306818,0.477188014806,0.507179701305,
    0.537184488471,0.56720249978,0.597233860051,0.627278695459,
    0.657337133554,0.687409303271,0.717495334957,0.74759536038,
    0.777709512749,0.80783792673,0.837980738469,0.868138085601,
    0.898310107278,0.928496944178,0.958698738533,1.),.UNSPECIFIED.);
#237 = CARTESIAN_POINT('',(0.54,2.5,0.));
#238 = CARTESIAN_POINT('',(0.54,2.498874788944,1.125211055584E-02));
#239 = CARTESIAN_POINT('',(0.54,2.497749718857,2.250281143325E-02));
#240 = CARTESIAN_POINT('',(0.54,2.496624790309,3.375209690827E-02));
#241 = CARTESIAN_POINT('',(0.54,2.49437479095,5.625209050137E-02));
#242 = CARTESIAN_POINT('',(0.54,2.493249720247,6.75027975317E-02));
#243 = CARTESIAN_POINT('',(0.54,2.49212479233,7.875207670112E-02));
#244 = CARTESIAN_POINT('',(0.54,2.489874792977,0.101252070234));
#245 = CARTESIAN_POINT('',(0.54,2.48874972165,0.112502783501));
#246 = CARTESIAN_POINT('',(0.54,2.487624794371,0.123752056292));
#247 = CARTESIAN_POINT('',(0.54,2.485374795024,0.146252049763));
#248 = CARTESIAN_POINT('',(0.54,2.484249723067,0.157502769328));
#249 = CARTESIAN_POINT('',(0.54,2.483124796432,0.168752035677));
#250 = CARTESIAN_POINT('',(0.54,2.480874797091,0.191252029087));
#251 = CARTESIAN_POINT('',(0.54,2.479749724499,0.202502755012));
#252 = CARTESIAN_POINT('',(0.54,2.478624798515,0.213752014854));
#253 = CARTESIAN_POINT('',(0.54,2.47637479918,0.236252008201));
#254 = CARTESIAN_POINT('',(0.54,2.475249725945,0.24750274055));
#255 = CARTESIAN_POINT('',(0.54,2.474124800618,0.258751993821));
#256 = CARTESIAN_POINT('',(0.54,2.47187480129,0.281251987105));
#257 = CARTESIAN_POINT('',(0.54,2.470749727406,0.292502725941));
#258 = CARTESIAN_POINT('',(0.54,2.469624802743,0.303751972574));
#259 = CARTESIAN_POINT('',(0.54,2.467374803421,0.326251965793));
#260 = CARTESIAN_POINT('',(0.54,2.466249728882,0.337502711181));
#261 = CARTESIAN_POINT('',(0.54,2.465124804889,0.348751951111));
#262 = CARTESIAN_POINT('',(0.54,2.462912320476,0.370876795242));
#263 = CARTESIAN_POINT('',(0.54,2.461824750259,0.381752497413));
#264 = CARTESIAN_POINT('',(0.54,2.460737321948,0.392626780516));
#265 = CARTESIAN_POINT('',(0.54,2.458524807675,0.414751923245));
#266 = CARTESIAN_POINT('',(0.54,2.457399731829,0.426002681708));
#267 = CARTESIAN_POINT('',(0.54,2.456274809174,0.437251908258));
#268 = CARTESIAN_POINT('',(0.54,2.454024809872,0.459751901281));
#269 = CARTESIAN_POINT('',(0.54,2.452899733351,0.471002666491));
#270 = CARTESIAN_POINT('',(0.54,2.451774811386,0.482251886136));
#271 = CARTESIAN_POINT('',(0.54,2.449524812091,0.504751879091));
#272 = CARTESIAN_POINT('',(0.54,2.448399734888,0.516002651115));
#273 = CARTESIAN_POINT('',(0.54,2.447274813621,0.527251863786));
#274 = CARTESIAN_POINT('',(0.54,2.445024814333,0.549751856672));
#275 = CARTESIAN_POINT('',(0.54,2.443899736442,0.561002635578));
#276 = CARTESIAN_POINT('',(0.54,2.442774815879,0.572251841205));
#277 = CARTESIAN_POINT('',(0.54,2.440524816598,0.594751834021));
#278 = CARTESIAN_POINT('',(0.54,2.439399738012,0.606002619878));
#279 = CARTESIAN_POINT('',(0.54,2.438274818161,0.61725181839));
#280 = CARTESIAN_POINT('',(0.54,2.436024818887,0.639751811135));
#281 = CARTESIAN_POINT('',(0.54,2.434899739599,0.651002604011));
#282 = CARTESIAN_POINT('',(0.54,2.433774820466,0.662251795337));
#283 = CARTESIAN_POINT('',(0.54,2.431524821199,0.68475178801));
#284 = CARTESIAN_POINT('',(0.54,2.430399741202,0.696002587977));
#285 = CARTESIAN_POINT('',(0.54,2.429274822796,0.707251772044));
#286 = CARTESIAN_POINT('',(0.54,2.427024823536,0.729751764643));
#287 = CARTESIAN_POINT('',(0.54,2.425899742823,0.741002571771));
#288 = CARTESIAN_POINT('',(0.54,2.424774825149,0.752251748506));
#289 = CARTESIAN_POINT('',(0.54,2.422524825897,0.774751741032));
#290 = CARTESIAN_POINT('',(0.54,2.421399744461,0.786002555391));
#291 = CARTESIAN_POINT('',(0.54,2.420274827528,0.797251724721));
#292 = CARTESIAN_POINT('',(0.54,2.418024828283,0.819751717172));
#293 = CARTESIAN_POINT('',(0.54,2.416899746116,0.831002538836));
#294 = CARTESIAN_POINT('',(0.54,2.415774829931,0.842251700686));
#295 = CARTESIAN_POINT('',(0.54,2.413524830694,0.86475169306));
#296 = CARTESIAN_POINT('',(0.54,2.41239974779,0.876002522101));
#297 = CARTESIAN_POINT('',(0.54,2.41127483236,0.887251676396));
#298 = CARTESIAN_POINT('',(0.54,2.409024833131,0.909751668693));
#299 = CARTESIAN_POINT('',(0.54,2.407899749481,0.921002505185));
#300 = CARTESIAN_POINT('',(0.54,2.406774834815,0.932251651848));
#301 = CARTESIAN_POINT('',(0.54,2.404524835593,0.954751644067));
#302 = CARTESIAN_POINT('',(0.54,2.403399751191,0.966002488085));
#303 = CARTESIAN_POINT('',(0.54,2.402274837296,0.97725162704));
#304 = CARTESIAN_POINT('',(0.54,2.400024838082,0.999751619178));
#305 = CARTESIAN_POINT('',(0.54,2.39889975292,1.011002470798));
#306 = CARTESIAN_POINT('',(0.54,2.397774839803,1.022251601966));
#307 = CARTESIAN_POINT('',(0.54,2.395524840598,1.044751594023));
#308 = CARTESIAN_POINT('',(0.54,2.394399754668,1.056002453321));
#309 = CARTESIAN_POINT('',(0.54,2.393274842338,1.067251576623));
#310 = CARTESIAN_POINT('',(0.54,2.39102484314,1.089751568599));
#311 = CARTESIAN_POINT('',(0.54,2.389899756435,1.10100243565));
#312 = CARTESIAN_POINT('',(0.54,2.388774844899,1.112251551008));
#313 = CARTESIAN_POINT('',(0.54,2.38652484571,1.134751542901));
#314 = CARTESIAN_POINT('',(0.54,2.385399758222,1.146002417784));
#315 = CARTESIAN_POINT('',(0.54,2.384274847488,1.157251525117));
#316 = CARTESIAN_POINT('',(0.54,2.382024848308,1.179751516925));
#317 = CARTESIAN_POINT('',(0.54,2.380899760028,1.191002399719));
#318 = CARTESIAN_POINT('',(0.54,2.379774850105,1.202251498945));
#319 = CARTESIAN_POINT('',(0.54,2.377524850933,1.224751490668));
#320 = CARTESIAN_POINT('',(0.54,2.376399761855,1.236002381452));
#321 = CARTESIAN_POINT('',(0.54,2.375274852751,1.24725147249));
#322 = CARTESIAN_POINT('',(0.54,2.373024853587,1.269751464125));
#323 = CARTESIAN_POINT('',(0.54,2.371899763702,1.281002362979));
#324 = CARTESIAN_POINT('',(0.54,2.370774855425,1.292251445746));
#325 = CARTESIAN_POINT('',(0.54,2.368524856271,1.314751437293));
#326 = CARTESIAN_POINT('',(0.54,2.36739976557,1.326002344298));
#327 = CARTESIAN_POINT('',(0.54,2.366274858129,1.33725141871));
#328 = CARTESIAN_POINT('',(0.54,2.364024858983,1.359751410167));
#329 = CARTESIAN_POINT('',(0.54,2.362899767459,1.371002325406));
#330 = CARTESIAN_POINT('',(0.54,2.361774860862,1.382251391377));
#331 = CARTESIAN_POINT('',(0.54,2.359524861726,1.404751382744));
#332 = CARTESIAN_POINT('',(0.54,2.35839976937,1.416002306298));
#333 = CARTESIAN_POINT('',(0.54,2.357274863626,1.427251363744));
#334 = CARTESIAN_POINT('',(0.54,2.354612081409,1.453879185914));
#335 = CARTESIAN_POINT('',(0.54,2.353074367959,1.469256320407));
#336 = CARTESIAN_POINT('',(0.54,2.351537006843,1.484629931574));
#337 = CARTESIAN_POINT('',(0.54,2.35,1.5));
#338 = PCURVE('',#32,#339);
#339 = DEFINITIONAL_REPRESENTATION('',(#340),#442);
#340 = B_SPLINE_CURVE_WITH_KNOTS('',4,(#341,#342,#343,#344,#345,#346,
    #347,#348,#349,#350,#351,#352,#353,#354,#355,#356,#357,#358,#359,
    #360,#361,#362,#363,#364,#365,#366,#367,#368,#369,#370,#371,#372,
    #373,#374,#375,#376,#377,#378,#379,#380,#381,#382,#383,#384,#385,
    #386,#387,#388,#389,#390,#391,#392,#393,#394,#395,#396,#397,#398,
    #399,#400,#401,#402,#403,#404,#405,#406,#407,#408,#409,#410,#411,
    #412,#413,#414,#415,#416,#417,#418,#419,#420,#421,#422,#423,#424,
    #425,#426,#427,#428,#429,#430,#431,#432,#433,#434,#435,#436,#437,
    #438,#439,#440,#441),.UNSPECIFIED.,.F.,.F.,(5,3,3,3,3,3,3,3,3,3,3,3,
    3,3,3,3,3,3,3,3,3,3,3,3,3,3,3,3,3,3,3,3,3,5),(0.,2.979820932096E-02,
    5.960771701009E-02,8.942862717048E-02,0.119261045014,0.149105076875,
    0.178960830222,0.208828413673,0.238707937009,0.267602930046,
    0.297506259959,0.327421862413,0.357349851938,0.387290344297,
    0.417243456499,0.447209306818,0.477188014806,0.507179701305,
    0.537184488471,0.56720249978,0.597233860051,0.627278695459,
    0.657337133554,0.687409303271,0.717495334957,0.74759536038,
    0.777709512749,0.80783792673,0.837980738469,0.868138085601,
    0.898310107278,0.928496944178,0.958698738533,1.),.UNSPECIFIED.);
#341 = CARTESIAN_POINT('',(0.54,0.));
#342 = CARTESIAN_POINT('',(0.539144839587,7.501407037225E-03));
#343 = CARTESIAN_POINT('',(0.538288645913,1.500187428884E-02));
#344 = CARTESIAN_POINT('',(0.537431416573,2.250139793884E-02));
#345 = CARTESIAN_POINT('',(0.535714556493,3.750139366758E-02));
#346 = CARTESIAN_POINT('',(0.534854924957,4.500186502114E-02));
#347 = CARTESIAN_POINT('',(0.533994252275,5.250138446741E-02));
#348 = CARTESIAN_POINT('',(0.532270490262,6.750138015605E-02));
#349 = CARTESIAN_POINT('',(0.531407400133,7.50018556671E-02));
#350 = CARTESIAN_POINT('',(0.530543263315,8.250137086102E-02));
#351 = CARTESIAN_POINT('',(0.528812557667,9.750136650897E-02));
#352 = CARTESIAN_POINT('',(0.527945988027,0.105001846219));
#353 = CARTESIAN_POINT('',(0.527078366119,0.112501357118));
#354 = CARTESIAN_POINT('',(0.525340674795,0.127501352725));
#355 = CARTESIAN_POINT('',(0.524470604557,0.135001836675));
#356 = CARTESIAN_POINT('',(0.523599476437,0.142501343236));
#357 = CARTESIAN_POINT('',(0.521854757057,0.157501338801));
#358 = CARTESIAN_POINT('',(0.520981164965,0.165001827033));
#359 = CARTESIAN_POINT('',(0.520106509338,0.172501329214));
#360 = CARTESIAN_POINT('',(0.518354719179,0.187501324736));
#361 = CARTESIAN_POINT('',(0.517477583802,0.195001817294));
#362 = CARTESIAN_POINT('',(0.516599379202,0.202501315049));
#363 = CARTESIAN_POINT('',(0.514840475193,0.217501310529));
#364 = CARTESIAN_POINT('',(0.513959774927,0.225001807454));
#365 = CARTESIAN_POINT('',(0.513077999714,0.232501300741));
#366 = CARTESIAN_POINT('',(0.511341384495,0.247251196828));
#367 = CARTESIAN_POINT('',(0.51048661432,0.254501664942));
#368 = CARTESIAN_POINT('',(0.509630834372,0.261751187011));
#369 = CARTESIAN_POINT('',(0.507887351368,0.276501282163));
#370 = CARTESIAN_POINT('',(0.506999576449,0.284001787806));
#371 = CARTESIAN_POINT('',(0.506110715214,0.291501272172));
#372 = CARTESIAN_POINT('',(0.504330449931,0.306501267521));
#373 = CARTESIAN_POINT('',(0.503439044989,0.314001777661));
#374 = CARTESIAN_POINT('',(0.502546547894,0.321501257424));
#375 = CARTESIAN_POINT('',(0.500758994427,0.336501252727));
#376 = CARTESIAN_POINT('',(0.499863937148,0.34400176741));
#377 = CARTESIAN_POINT('',(0.498967781842,0.351501242524));
#378 = CARTESIAN_POINT('',(0.497172895344,0.366501237781));
#379 = CARTESIAN_POINT('',(0.496274163233,0.374001757052));
#380 = CARTESIAN_POINT('',(0.495374327181,0.38150122747));
#381 = CARTESIAN_POINT('',(0.493572062436,0.396501222681));
#382 = CARTESIAN_POINT('',(0.492669632811,0.404001746585));
#383 = CARTESIAN_POINT('',(0.491766093293,0.41150121226));
#384 = CARTESIAN_POINT('',(0.489956404714,0.426501207423));
#385 = CARTESIAN_POINT('',(0.489050254706,0.434001736008));
#386 = CARTESIAN_POINT('',(0.488142988815,0.441501196891));
#387 = CARTESIAN_POINT('',(0.486325830437,0.456501192007));
#388 = CARTESIAN_POINT('',(0.485415936988,0.464001725318));
#389 = CARTESIAN_POINT('',(0.484504921628,0.471501181362));
#390 = CARTESIAN_POINT('',(0.482680247105,0.486501176429));
#391 = CARTESIAN_POINT('',(0.481766586969,0.494001714514));
#392 = CARTESIAN_POINT('',(0.480851798851,0.501501165671));
#393 = CARTESIAN_POINT('',(0.479019561455,0.516501160688));
#394 = CARTESIAN_POINT('',(0.478102111188,0.524001703594));
#395 = CARTESIAN_POINT('',(0.477183526832,0.531501149814));
#396 = CARTESIAN_POINT('',(0.475343679446,0.546501144781));
#397 = CARTESIAN_POINT('',(0.474422415413,0.554001692557));
#398 = CARTESIAN_POINT('',(0.473500011143,0.561501133791));
#399 = CARTESIAN_POINT('',(0.471652506256,0.576501128707));
#400 = CARTESIAN_POINT('',(0.470727404624,0.584001681401));
#401 = CARTESIAN_POINT('',(0.469801156565,0.591501117597));
#402 = CARTESIAN_POINT('',(0.467945946274,0.606501112462));
#403 = CARTESIAN_POINT('',(0.46701698301,0.614001670124));
#404 = CARTESIAN_POINT('',(0.46608686709,0.621501101232));
#405 = CARTESIAN_POINT('',(0.464223903087,0.636501096044));
#406 = CARTESIAN_POINT('',(0.463291053958,0.644001658723));
#407 = CARTESIAN_POINT('',(0.462357045902,0.651501084693));
#408 = CARTESIAN_POINT('',(0.460486279477,0.666501079452));
#409 = CARTESIAN_POINT('',(0.459549520046,0.674001647199));
#410 = CARTESIAN_POINT('',(0.458611595377,0.681501067977));
#411 = CARTESIAN_POINT('',(0.45673297741,0.696501062682));
#412 = CARTESIAN_POINT('',(0.455792283036,0.704001635547));
#413 = CARTESIAN_POINT('',(0.45485041707,0.711501051082));
#414 = CARTESIAN_POINT('',(0.452963898029,0.726501045733));
#415 = CARTESIAN_POINT('',(0.452019243861,0.734001623767));
#416 = CARTESIAN_POINT('',(0.451073411707,0.741501034005));
#417 = CARTESIAN_POINT('',(0.449178941641,0.7565010286));
#418 = CARTESIAN_POINT('',(0.44823030262,0.764001611856));
#419 = CARTESIAN_POINT('',(0.447280479178,0.771501016745));
#420 = CARTESIAN_POINT('',(0.445378007715,0.786501011283));
#421 = CARTESIAN_POINT('',(0.44442535857,0.794001599813));
#422 = CARTESIAN_POINT('',(0.443471518525,0.801500999297));
#423 = CARTESIAN_POINT('',(0.441560994867,0.816500993779));
#424 = CARTESIAN_POINT('',(0.440604310113,0.824001587634));
#425 = CARTESIAN_POINT('',(0.439646427937,0.83150098166));
#426 = CARTESIAN_POINT('',(0.437727800854,0.846500976083));
#427 = CARTESIAN_POINT('',(0.436767054789,0.854001575319));
#428 = CARTESIAN_POINT('',(0.435805104738,0.861500963831));
#429 = CARTESIAN_POINT('',(0.433878322565,0.876500958195));
#430 = CARTESIAN_POINT('',(0.432913489268,0.884001562866));
#431 = CARTESIAN_POINT('',(0.431947445378,0.891500945807));
#432 = CARTESIAN_POINT('',(0.43001245601,0.906500940112));
#433 = CARTESIAN_POINT('',(0.42904350934,0.91400155027));
#434 = CARTESIAN_POINT('',(0.428073345426,0.921500927585));
#435 = CARTESIAN_POINT('',(0.426130096313,0.936500921829));
#436 = CARTESIAN_POINT('',(0.425157009904,0.944001537532));
#437 = CARTESIAN_POINT('',(0.424182699557,0.951500909163));
#438 = CARTESIAN_POINT('',(0.421873105679,0.96925279061));
#439 = CARTESIAN_POINT('',(0.420536754837,0.979504213605));
#440 = CARTESIAN_POINT('',(0.41919810289,0.989753287716));
#441 = CARTESIAN_POINT('',(0.417857142857,1.));
#442 = ( GEOMETRIC_REPRESENTATION_CONTEXT(2) 
PARAMETRIC_REPRESENTATION_CONTEXT() REPRESENTATION_CONTEXT('2D SPACE',''
  ) );
#443 = PCURVE('',#444,#449);
#444 = PLANE('',#445);
#445 = AXIS2_PLACEMENT_3D('',#446,#447,#448);
#446 = CARTESIAN_POINT('',(0.54,2.5,0.));
#447 = DIRECTION('',(1.,0.,0.));
#448 = DIRECTION('',(0.,-1.,0.));
#449 = DEFINITIONAL_REPRESENTATION('',(#450),#552);
#450 = B_SPLINE_CURVE_WITH_KNOTS('',4,(#451,#452,#453,#454,#455,#456,
    #457,#458,#459,#460,#461,#462,#463,#464,#465,#466,#467,#468,#469,
    #470,#471,#472,#473,#474,#475,#476,#477,#478,#479,#480,#481,#482,
    #483,#484,#485,#486,#487,#488,#489,#490,#491,#492,#493,#494,#495,
    #496,#497,#498,#499,#500,#501,#502,#503,#504,#505,#506,#507,#508,
    #509,#510,#511,#512,#513,#514,#515,#516,#517,#518,#519,#520,#521,
    #522,#523,#524,#525,#526,#527,#528,#529,#530,#531,#532,#533,#534,
    #535,#536,#537,#538,#539,#540,#541,#542,#543,#544,#545,#546,#547,
    #548,#549,#550,#551),.UNSPECIFIED.,.F.,.F.,(5,3,3,3,3,3,3,3,3,3,3,3,
    3,3,3,3,3,3,3,3,3,3,3,3,3,3,3,3,3,3,3,3,3,5),(0.,2.979820932096E-02,
    5.960771701009E-02,8.942862717048E-02,0.119261045014,0.149105076875,
    0.178960830222,0.208828413673,0.238707937009,0.267602930046,
    0.297506259959,0.327421862413,0.357349851938,0.387290344297,
    0.417243456499,0.447209306818,0.477188014806,0.507179701305,
    0.537184488471,0.56720249978,0.597233860051,0.627278695459,
    0.657337133554,0.687409303271,0.717495334957,0.74759536038,
    0.777709512749,0.80783792673,0.837980738469,0.868138085601,
    0.898310107278,0.928496944178,0.958698738533,1.),.UNSPECIFIED.);
#451 = CARTESIAN_POINT('',(0.,0.));
#452 = CARTESIAN_POINT('',(1.125211055584E-03,-1.125211055584E-02));
#453 = CARTESIAN_POINT('',(2.250281143326E-03,-2.250281143325E-02));
#454 = CARTESIAN_POINT('',(3.375209690827E-03,-3.375209690827E-02));
#455 = CARTESIAN_POINT('',(5.625209050137E-03,-5.625209050137E-02));
#456 = CARTESIAN_POINT('',(6.750279753171E-03,-6.75027975317E-02));
#457 = CARTESIAN_POINT('',(7.875207670112E-03,-7.875207670112E-02));
#458 = CARTESIAN_POINT('',(1.012520702341E-02,-0.101252070234));
#459 = CARTESIAN_POINT('',(1.125027835006E-02,-0.112502783501));
#460 = CARTESIAN_POINT('',(1.237520562915E-02,-0.123752056292));
#461 = CARTESIAN_POINT('',(1.462520497635E-02,-0.146252049763));
#462 = CARTESIAN_POINT('',(1.57502769328E-02,-0.157502769328));
#463 = CARTESIAN_POINT('',(1.687520356768E-02,-0.168752035677));
#464 = CARTESIAN_POINT('',(1.912520290868E-02,-0.191252029087));
#465 = CARTESIAN_POINT('',(2.025027550119E-02,-0.202502755012));
#466 = CARTESIAN_POINT('',(2.137520148541E-02,-0.213752014854));
#467 = CARTESIAN_POINT('',(2.362520082014E-02,-0.236252008201));
#468 = CARTESIAN_POINT('',(2.475027405501E-02,-0.24750274055));
#469 = CARTESIAN_POINT('',(2.587519938208E-02,-0.258751993821));
#470 = CARTESIAN_POINT('',(2.812519871046E-02,-0.281251987105));
#471 = CARTESIAN_POINT('',(2.925027259405E-02,-0.292502725941));
#472 = CARTESIAN_POINT('',(3.03751972574E-02,-0.303751972574));
#473 = CARTESIAN_POINT('',(3.262519657934E-02,-0.326251965793));
#474 = CARTESIAN_POINT('',(3.375027111811E-02,-0.337502711181));
#475 = CARTESIAN_POINT('',(3.48751951111E-02,-0.348751951111));
#476 = CARTESIAN_POINT('',(3.708767952423E-02,-0.370876795242));
#477 = CARTESIAN_POINT('',(3.81752497413E-02,-0.381752497413));
#478 = CARTESIAN_POINT('',(3.92626780516E-02,-0.392626780516));
#479 = CARTESIAN_POINT('',(4.14751923245E-02,-0.414751923245));
#480 = CARTESIAN_POINT('',(4.260026817085E-02,-0.426002681708));
#481 = CARTESIAN_POINT('',(4.372519082582E-02,-0.437251908258));
#482 = CARTESIAN_POINT('',(4.59751901281E-02,-0.459751901281));
#483 = CARTESIAN_POINT('',(4.710026664914E-02,-0.471002666491));
#484 = CARTESIAN_POINT('',(4.822518861363E-02,-0.482251886136));
#485 = CARTESIAN_POINT('',(5.04751879091E-02,-0.504751879091));
#486 = CARTESIAN_POINT('',(5.160026511155E-02,-0.516002651115));
#487 = CARTESIAN_POINT('',(5.272518637863E-02,-0.527251863786));
#488 = CARTESIAN_POINT('',(5.497518566721E-02,-0.549751856672));
#489 = CARTESIAN_POINT('',(5.610026355785E-02,-0.561002635578));
#490 = CARTESIAN_POINT('',(5.722518412053E-02,-0.572251841205));
#491 = CARTESIAN_POINT('',(5.94751834021E-02,-0.594751834021));
#492 = CARTESIAN_POINT('',(6.060026198779E-02,-0.606002619878));
#493 = CARTESIAN_POINT('',(6.172518183899E-02,-0.61725181839));
#494 = CARTESIAN_POINT('',(6.397518111346E-02,-0.639751811135));
#495 = CARTESIAN_POINT('',(6.510026040114E-02,-0.651002604011));
#496 = CARTESIAN_POINT('',(6.622517953371E-02,-0.662251795337));
#497 = CARTESIAN_POINT('',(6.847517880098E-02,-0.68475178801));
#498 = CARTESIAN_POINT('',(6.960025879765E-02,-0.696002587977));
#499 = CARTESIAN_POINT('',(7.072517720437E-02,-0.707251772044));
#500 = CARTESIAN_POINT('',(7.297517646433E-02,-0.729751764643));
#501 = CARTESIAN_POINT('',(7.410025717707E-02,-0.741002571771));
#502 = CARTESIAN_POINT('',(7.522517485062E-02,-0.752251748506));
#503 = CARTESIAN_POINT('',(7.747517410317E-02,-0.774751741032));
#504 = CARTESIAN_POINT('',(7.860025553913E-02,-0.786002555391));
#505 = CARTESIAN_POINT('',(7.972517247213E-02,-0.797251724721));
#506 = CARTESIAN_POINT('',(8.197517171717E-02,-0.819751717172));
#507 = CARTESIAN_POINT('',(8.310025388357E-02,-0.831002538836));
#508 = CARTESIAN_POINT('',(8.422517006858E-02,-0.842251700686));
#509 = CARTESIAN_POINT('',(8.647516930599E-02,-0.86475169306));
#510 = CARTESIAN_POINT('',(8.760025221014E-02,-0.876002522101));
#511 = CARTESIAN_POINT('',(8.87251676396E-02,-0.887251676396));
#512 = CARTESIAN_POINT('',(9.097516686927E-02,-0.909751668693));
#513 = CARTESIAN_POINT('',(9.210025051855E-02,-0.921002505185));
#514 = CARTESIAN_POINT('',(9.322516518484E-02,-0.932251651848));
#515 = CARTESIAN_POINT('',(9.547516440666E-02,-0.954751644067));
#516 = CARTESIAN_POINT('',(9.660024880852E-02,-0.966002488085));
#517 = CARTESIAN_POINT('',(9.772516270395E-02,-0.97725162704));
#518 = CARTESIAN_POINT('',(9.997516191781E-02,-0.999751619178));
#519 = CARTESIAN_POINT('',(0.10110024708,-1.011002470798));
#520 = CARTESIAN_POINT('',(0.102225160197,-1.022251601966));
#521 = CARTESIAN_POINT('',(0.104475159402,-1.044751594023));
#522 = CARTESIAN_POINT('',(0.105600245332,-1.056002453321));
#523 = CARTESIAN_POINT('',(0.106725157662,-1.067251576623));
#524 = CARTESIAN_POINT('',(0.10897515686,-1.089751568599));
#525 = CARTESIAN_POINT('',(0.110100243565,-1.10100243565));
#526 = CARTESIAN_POINT('',(0.111225155101,-1.112251551008));
#527 = CARTESIAN_POINT('',(0.11347515429,-1.134751542901));
#528 = CARTESIAN_POINT('',(0.114600241778,-1.146002417784));
#529 = CARTESIAN_POINT('',(0.115725152512,-1.157251525117));
#530 = CARTESIAN_POINT('',(0.117975151692,-1.179751516925));
#531 = CARTESIAN_POINT('',(0.119100239972,-1.191002399719));
#532 = CARTESIAN_POINT('',(0.120225149895,-1.202251498945));
#533 = CARTESIAN_POINT('',(0.122475149067,-1.224751490668));
#534 = CARTESIAN_POINT('',(0.123600238145,-1.236002381452));
#535 = CARTESIAN_POINT('',(0.124725147249,-1.24725147249));
#536 = CARTESIAN_POINT('',(0.126975146413,-1.269751464125));
#537 = CARTESIAN_POINT('',(0.128100236298,-1.281002362979));
#538 = CARTESIAN_POINT('',(0.129225144575,-1.292251445746));
#539 = CARTESIAN_POINT('',(0.131475143729,-1.314751437293));
#540 = CARTESIAN_POINT('',(0.13260023443,-1.326002344298));
#541 = CARTESIAN_POINT('',(0.133725141871,-1.33725141871));
#542 = CARTESIAN_POINT('',(0.135975141017,-1.359751410167));
#543 = CARTESIAN_POINT('',(0.137100232541,-1.371002325406));
#544 = CARTESIAN_POINT('',(0.138225139138,-1.382251391377));
#545 = CARTESIAN_POINT('',(0.140475138274,-1.404751382744));
#546 = CARTESIAN_POINT('',(0.14160023063,-1.416002306298));
#547 = CARTESIAN_POINT('',(0.142725136374,-1.427251363744));
#548 = CARTESIAN_POINT('',(0.145387918591,-1.453879185914));
#549 = CARTESIAN_POINT('',(0.146925632041,-1.469256320407));
#550 = CARTESIAN_POINT('',(0.148462993157,-1.484629931574));
#551 = CARTESIAN_POINT('',(0.15,-1.5));
#552 = ( GEOMETRIC_REPRESENTATION_CONTEXT(2) 
PARAMETRIC_REPRESENTATION_CONTEXT() REPRESENTATION_CONTEXT('2D SPACE',''
  ) );
#553 = ORIENTED_EDGE('',*,*,#554,.F.);
#554 = EDGE_CURVE('',#555,#233,#557,.T.);
#555 = VERTEX_POINT('',#556);
#556 = CARTESIAN_POINT('',(0.96,2.46,0.4));
#557 = SURFACE_CURVE('',#558,(#660,#765),.PCURVE_S1.);
#558 = B_SPLINE_CURVE_WITH_KNOTS('',4,(#559,#560,#561,#562,#563,#564,
    #565,#566,#567,#568,#569,#570,#571,#572,#573,#574,#575,#576,#577,
    #578,#579,#580,#581,#582,#583,#584,#585,#586,#587,#588,#589,#590,
    #591,#592,#593,#594,#595,#596,#597,#598,#599,#600,#601,#602,#603,
    #604,#605,#606,#607,#608,#609,#610,#611,#612,#613,#614,#615,#616,
    #617,#618,#619,#620,#621,#622,#623,#624,#625,#626,#627,#628,#629,
    #630,#631,#632,#633,#634,#635,#636,#637,#638,#639,#640,#641,#642,
    #643,#644,#645,#646,#647,#648,#649,#650,#651,#652,#653,#654,#655,
    #656,#657,#658,#659),.UNSPECIFIED.,.F.,.F.,(5,3,3,3,3,3,3,3,3,3,3,3,
    3,3,3,3,3,3,3,3,3,3,3,3,3,3,3,3,3,3,3,3,3,5),(0.,3.E-02,6.E-02,
    9.E-02,0.12,0.15,0.18,0.21,0.24,0.27,0.3,0.33,0.36,0.39,0.42,0.45,
    0.48,0.51,0.54,0.57,0.6,0.63,0.66,0.69,0.72,0.75,0.78,0.809,0.839,
    0.869,0.898,0.928,0.958,1.),.UNSPECIFIED.);
#559 = CARTESIAN_POINT('',(4.46,2.46,0.4));
#560 = CARTESIAN_POINT('',(4.42685,2.46,0.4));
#561 = CARTESIAN_POINT('',(4.3937,2.46,0.4));
#562 = CARTESIAN_POINT('',(4.36055,2.46,0.4));
#563 = CARTESIAN_POINT('',(4.29425,2.46,0.4));
#564 = CARTESIAN_POINT('',(4.2611,2.46,0.4));
#565 = CARTESIAN_POINT('',(4.22795,2.46,0.4));
#566 = CARTESIAN_POINT('',(4.16165,2.46,0.4));
#567 = CARTESIAN_POINT('',(4.1285,2.46,0.4));
#568 = CARTESIAN_POINT('',(4.09535,2.46,0.4));
#569 = CARTESIAN_POINT('',(4.02905,2.46,0.4));
#570 = CARTESIAN_POINT('',(3.9959,2.46,0.4));
#571 = CARTESIAN_POINT('',(3.96275,2.46,0.4));
#572 = CARTESIAN_POINT('',(3.89645,2.46,0.4));
#573 = CARTESIAN_POINT('',(3.8633,2.46,0.4));
#574 = CARTESIAN_POINT('',(3.83015,2.46,0.4));
#575 = CARTESIAN_POINT('',(3.76385,2.46,0.4));
#576 = CARTESIAN_POINT('',(3.7307,2.46,0.4));
#577 = CARTESIAN_POINT('',(3.69755,2.46,0.4));
#578 = CARTESIAN_POINT('',(3.63125,2.46,0.4));
#579 = CARTESIAN_POINT('',(3.5981,2.46,0.4));
#580 = CARTESIAN_POINT('',(3.56495,2.46,0.4));
#581 = CARTESIAN_POINT('',(3.49865,2.46,0.4));
#582 = CARTESIAN_POINT('',(3.4655,2.46,0.4));
#583 = CARTESIAN_POINT('',(3.43235,2.46,0.4));
#584 = CARTESIAN_POINT('',(3.36605,2.46,0.4));
#585 = CARTESIAN_POINT('',(3.3329,2.46,0.4));
#586 = CARTESIAN_POINT('',(3.29975,2.46,0.4));
#587 = CARTESIAN_POINT('',(3.23345,2.46,0.4));
#588 = CARTESIAN_POINT('',(3.2003,2.46,0.4));
#589 = CARTESIAN_POINT('',(3.16715,2.46,0.4));
#590 = CARTESIAN_POINT('',(3.10085,2.46,0.4));
#591 = CARTESIAN_POINT('',(3.0677,2.46,0.4));
#592 = CARTESIAN_POINT('',(3.03455,2.46,0.4));
#593 = CARTESIAN_POINT('',(2.96825,2.46,0.4));
#594 = CARTESIAN_POINT('',(2.9351,2.46,0.4));
#595 = CARTESIAN_POINT('',(2.90195,2.46,0.4));
#596 = CARTESIAN_POINT('',(2.83565,2.46,0.4));
#597 = CARTESIAN_POINT('',(2.8025,2.46,0.4));
#598 = CARTESIAN_POINT('',(2.76935,2.46,0.4));
#599 = CARTESIAN_POINT('',(2.70305,2.46,0.4));
#600 = CARTESIAN_POINT('',(2.6699,2.46,0.4));
#601 = CARTESIAN_POINT('',(2.63675,2.46,0.4));
#602 = CARTESIAN_POINT('',(2.57045,2.46,0.4));
#603 = CARTESIAN_POINT('',(2.5373,2.46,0.4));
#604 = CARTESIAN_POINT('',(2.50415,2.46,0.4));
#605 = CARTESIAN_POINT('',(2.43785,2.46,0.4));
#606 = CARTESIAN_POINT('',(2.4047,2.46,0.4));
#607 = CARTESIAN_POINT('',(2.37155,2.46,0.4));
#608 = CARTESIAN_POINT('',(2.30525,2.46,0.4));
#609 = CARTESIAN_POINT('',(2.2721,2.46,0.4));
#610 = CARTESIAN_POINT('',(2.23895,2.46,0.4));
#611 = CARTESIAN_POINT('',(2.17265,2.46,0.4));
#612 = CARTESIAN_POINT('',(2.1395,2.46,0.4));
#613 = CARTESIAN_POINT('',(2.10635,2.46,0.4));
#614 = CARTESIAN_POINT('',(2.04005,2.46,0.4));
#615 = CARTESIAN_POINT('',(2.0069,2.46,0.4));
#616 = CARTESIAN_POINT('',(1.97375,2.46,0.4));
#617 = CARTESIAN_POINT('',(1.90745,2.46,0.4));
#618 = CARTESIAN_POINT('',(1.8743,2.46,0.4));
#619 = CARTESIAN_POINT('',(1.84115,2.46,0.4));
#620 = CARTESIAN_POINT('',(1.77485,2.46,0.4));
#621 = CARTESIAN_POINT('',(1.7417,2.46,0.4));
#622 = CARTESIAN_POINT('',(1.70855,2.46,0.4));
#623 = CARTESIAN_POINT('',(1.64225,2.46,0.4));
#624 = CARTESIAN_POINT('',(1.6091,2.46,0.4));
#625 = CARTESIAN_POINT('',(1.57595,2.46,0.4));
#626 = CARTESIAN_POINT('',(1.50965,2.46,0.4));
#627 = CARTESIAN_POINT('',(1.4765,2.46,0.4));
#628 = CARTESIAN_POINT('',(1.44335,2.46,0.4));
#629 = CARTESIAN_POINT('',(1.37705,2.46,0.4));
#630 = CARTESIAN_POINT('',(1.3439,2.46,0.4));
#631 = CARTESIAN_POINT('',(1.31075,2.46,0.4));
#632 = CARTESIAN_POINT('',(1.24445,2.46,0.4));
#633 = CARTESIAN_POINT('',(1.2113,2.46,0.4));
#634 = CARTESIAN_POINT('',(1.17815,2.46,0.4));
#635 = CARTESIAN_POINT('',(1.11185,2.46,0.4));
#636 = CARTESIAN_POINT('',(1.0787,2.46,0.4));
#637 = CARTESIAN_POINT('',(1.04555,2.46,0.4));
#638 = CARTESIAN_POINT('',(0.980355,2.46,0.4));
#639 = CARTESIAN_POINT('',(0.94831,2.46,0.4));
#640 = CARTESIAN_POINT('',(0.916265,2.46,0.4));
#641 = CARTESIAN_POINT('',(0.85107,2.46,0.4));
#642 = CARTESIAN_POINT('',(0.81792,2.46,0.4));
#643 = CARTESIAN_POINT('',(0.78477,2.46,0.4));
#644 = CARTESIAN_POINT('',(0.71847,2.46,0.4));
#645 = CARTESIAN_POINT('',(0.68532,2.46,0.4));
#646 = CARTESIAN_POINT('',(0.65217,2.46,0.4));
#647 = CARTESIAN_POINT('',(0.586975,2.46,0.4));
#648 = CARTESIAN_POINT('',(0.55493,2.46,0.4));
#649 = CARTESIAN_POINT('',(0.522885,2.46,0.4));
#650 = CARTESIAN_POINT('',(0.45769,2.46,0.4));
#651 = CARTESIAN_POINT('',(0.42454,2.46,0.4));
#652 = CARTESIAN_POINT('',(0.39139,2.46,0.4));
#653 = CARTESIAN_POINT('',(0.32509,2.46,0.4));
#654 = CARTESIAN_POINT('',(0.29194,2.46,0.4));
#655 = CARTESIAN_POINT('',(0.25879,2.46,0.4));
#656 = CARTESIAN_POINT('',(0.17923,2.46,0.4));
#657 = CARTESIAN_POINT('',(0.13282,2.46,0.4));
#658 = CARTESIAN_POINT('',(8.640999999998E-02,2.46,0.4));
#659 = CARTESIAN_POINT('',(4.E-02,2.46,0.4));
#660 = PCURVE('',#32,#661);
#661 = DEFINITIONAL_REPRESENTATION('',(#662),#764);
#662 = B_SPLINE_CURVE_WITH_KNOTS('',4,(#663,#664,#665,#666,#667,#668,
    #669,#670,#671,#672,#673,#674,#675,#676,#677,#678,#679,#680,#681,
    #682,#683,#684,#685,#686,#687,#688,#689,#690,#691,#692,#693,#694,
    #695,#696,#697,#698,#699,#700,#701,#702,#703,#704,#705,#706,#707,
    #708,#709,#710,#711,#712,#713,#714,#715,#716,#717,#718,#719,#720,
    #721,#722,#723,#724,#725,#726,#727,#728,#729,#730,#731,#732,#733,
    #734,#735,#736,#737,#738,#739,#740,#741,#742,#743,#744,#745,#746,
    #747,#748,#749,#750,#751,#752,#753,#754,#755,#756,#757,#758,#759,
    #760,#761,#762,#763),.UNSPECIFIED.,.F.,.F.,(5,3,3,3,3,3,3,3,3,3,3,3,
    3,3,3,3,3,3,3,3,3,3,3,3,3,3,3,3,3,3,3,3,3,5),(0.,3.E-02,6.E-02,
    9.E-02,0.12,0.15,0.18,0.21,0.24,0.27,0.3,0.33,0.36,0.39,0.42,0.45,
    0.48,0.51,0.54,0.57,0.6,0.63,0.66,0.69,0.72,0.75,0.78,0.809,0.839,
    0.869,0.898,0.928,0.958,1.),.UNSPECIFIED.);
#663 = CARTESIAN_POINT('',(4.5,0.266666666667));
#664 = CARTESIAN_POINT('',(4.46625,0.266666666667));
#665 = CARTESIAN_POINT('',(4.4325,0.266666666667));
#666 = CARTESIAN_POINT('',(4.39875,0.266666666667));
#667 = CARTESIAN_POINT('',(4.33125,0.266666666667));
#668 = CARTESIAN_POINT('',(4.2975,0.266666666667));
#669 = CARTESIAN_POINT('',(4.26375,0.266666666667));
#670 = CARTESIAN_POINT('',(4.19625,0.266666666667));
#671 = CARTESIAN_POINT('',(4.1625,0.266666666667));
#672 = CARTESIAN_POINT('',(4.12875,0.266666666667));
#673 = CARTESIAN_POINT('',(4.06125,0.266666666667));
#674 = CARTESIAN_POINT('',(4.0275,0.266666666667));
#675 = CARTESIAN_POINT('',(3.99375,0.266666666667));
#676 = CARTESIAN_POINT('',(3.92625,0.266666666667));
#677 = CARTESIAN_POINT('',(3.8925,0.266666666667));
#678 = CARTESIAN_POINT('',(3.85875,0.266666666667));
#679 = CARTESIAN_POINT('',(3.79125,0.266666666667));
#680 = CARTESIAN_POINT('',(3.7575,0.266666666667));
#681 = CARTESIAN_POINT('',(3.72375,0.266666666667));
#682 = CARTESIAN_POINT('',(3.65625,0.266666666667));
#683 = CARTESIAN_POINT('',(3.6225,0.266666666667));
#684 = CARTESIAN_POINT('',(3.58875,0.266666666667));
#685 = CARTESIAN_POINT('',(3.52125,0.266666666667));
#686 = CARTESIAN_POINT('',(3.4875,0.266666666667));
#687 = CARTESIAN_POINT('',(3.45375,0.266666666667));
#688 = CARTESIAN_POINT('',(3.38625,0.266666666667));
#689 = CARTESIAN_POINT('',(3.3525,0.266666666667));
#690 = CARTESIAN_POINT('',(3.31875,0.266666666667));
#691 = CARTESIAN_POINT('',(3.25125,0.266666666667));
#692 = CARTESIAN_POINT('',(3.2175,0.266666666667));
#693 = CARTESIAN_POINT('',(3.18375,0.266666666667));
#694 = CARTESIAN_POINT('',(3.11625,0.266666666667));
#695 = CARTESIAN_POINT('',(3.0825,0.266666666667));
#696 = CARTESIAN_POINT('',(3.04875,0.266666666667));
#697 = CARTESIAN_POINT('',(2.98125,0.266666666667));
#698 = CARTESIAN_POINT('',(2.9475,0.266666666667));
#699 = CARTESIAN_POINT('',(2.91375,0.266666666667));
#700 = CARTESIAN_POINT('',(2.84625,0.266666666667));
#701 = CARTESIAN_POINT('',(2.8125,0.266666666667));
#702 = CARTESIAN_POINT('',(2.77875,0.266666666667));
#703 = CARTESIAN_POINT('',(2.71125,0.266666666667));
#704 = CARTESIAN_POINT('',(2.6775,0.266666666667));
#705 = CARTESIAN_POINT('',(2.64375,0.266666666667));
#706 = CARTESIAN_POINT('',(2.57625,0.266666666667));
#707 = CARTESIAN_POINT('',(2.5425,0.266666666667));
#708 = CARTESIAN_POINT('',(2.50875,0.266666666667));
#709 = CARTESIAN_POINT('',(2.44125,0.266666666667));
#710 = CARTESIAN_POINT('',(2.4075,0.266666666667));
#711 = CARTESIAN_POINT('',(2.37375,0.266666666667));
#712 = CARTESIAN_POINT('',(2.30625,0.266666666667));
#713 = CARTESIAN_POINT('',(2.2725,0.266666666667));
#714 = CARTESIAN_POINT('',(2.23875,0.266666666667));
#715 = CARTESIAN_POINT('',(2.17125,0.266666666667));
#716 = CARTESIAN_POINT('',(2.1375,0.266666666667));
#717 = CARTESIAN_POINT('',(2.10375,0.266666666667));
#718 = CARTESIAN_POINT('',(2.03625,0.266666666667));
#719 = CARTESIAN_POINT('',(2.0025,0.266666666667));
#720 = CARTESIAN_POINT('',(1.96875,0.266666666667));
#721 = CARTESIAN_POINT('',(1.90125,0.266666666667));
#722 = CARTESIAN_POINT('',(1.8675,0.266666666667));
#723 = CARTESIAN_POINT('',(1.83375,0.266666666667));
#724 = CARTESIAN_POINT('',(1.76625,0.266666666667));
#725 = CARTESIAN_POINT('',(1.7325,0.266666666667));
#726 = CARTESIAN_POINT('',(1.69875,0.266666666667));
#727 = CARTESIAN_POINT('',(1.63125,0.266666666667));
#728 = CARTESIAN_POINT('',(1.5975,0.266666666667));
#729 = CARTESIAN_POINT('',(1.56375,0.266666666667));
#730 = CARTESIAN_POINT('',(1.49625,0.266666666667));
#731 = CARTESIAN_POINT('',(1.4625,0.266666666667));
#732 = CARTESIAN_POINT('',(1.42875,0.266666666667));
#733 = CARTESIAN_POINT('',(1.36125,0.266666666667));
#734 = CARTESIAN_POINT('',(1.3275,0.266666666667));
#735 = CARTESIAN_POINT('',(1.29375,0.266666666667));
#736 = CARTESIAN_POINT('',(1.22625,0.266666666667));
#737 = CARTESIAN_POINT('',(1.1925,0.266666666667));
#738 = CARTESIAN_POINT('',(1.15875,0.266666666667));
#739 = CARTESIAN_POINT('',(1.09125,0.266666666667));
#740 = CARTESIAN_POINT('',(1.0575,0.266666666667));
#741 = CARTESIAN_POINT('',(1.02375,0.266666666667));
#742 = CARTESIAN_POINT('',(0.957375,0.266666666667));
#743 = CARTESIAN_POINT('',(0.92475,0.266666666667));
#744 = CARTESIAN_POINT('',(0.892125,0.266666666667));
#745 = CARTESIAN_POINT('',(0.82575,0.266666666667));
#746 = CARTESIAN_POINT('',(0.792,0.266666666667));
#747 = CARTESIAN_POINT('',(0.75825,0.266666666667));
#748 = CARTESIAN_POINT('',(0.69075,0.266666666667));
#749 = CARTESIAN_POINT('',(0.657,0.266666666667));
#750 = CARTESIAN_POINT('',(0.62325,0.266666666667));
#751 = CARTESIAN_POINT('',(0.556875,0.266666666667));
#752 = CARTESIAN_POINT('',(0.52425,0.266666666667));
#753 = CARTESIAN_POINT('',(0.491625,0.266666666667));
#754 = CARTESIAN_POINT('',(0.42525,0.266666666667));
#755 = CARTESIAN_POINT('',(0.3915,0.266666666667));
#756 = CARTESIAN_POINT('',(0.35775,0.266666666667));
#757 = CARTESIAN_POINT('',(0.29025,0.266666666667));
#758 = CARTESIAN_POINT('',(0.2565,0.266666666667));
#759 = CARTESIAN_POINT('',(0.22275,0.266666666667));
#760 = CARTESIAN_POINT('',(0.14175,0.266666666667));
#761 = CARTESIAN_POINT('',(9.449999999997E-02,0.266666666667));
#762 = CARTESIAN_POINT('',(4.724999999998E-02,0.266666666667));
#763 = CARTESIAN_POINT('',(0.,0.266666666667));
#764 = ( GEOMETRIC_REPRESENTATION_CONTEXT(2) 
PARAMETRIC_REPRESENTATION_CONTEXT() REPRESENTATION_CONTEXT('2D SPACE',''
  ) );
#765 = PCURVE('',#766,#771);
#766 = PLANE('',#767);
#767 = AXIS2_PLACEMENT_3D('',#768,#769,#770);
#768 = CARTESIAN_POINT('',(0.54,2.2,0.4));
#769 = DIRECTION('',(0.,0.,-1.));
#770 = DIRECTION('',(-1.,0.,0.));
#771 = DEFINITIONAL_REPRESENTATION('',(#772),#874);
#772 = B_SPLINE_CURVE_WITH_KNOTS('',4,(#773,#774,#775,#776,#777,#778,
    #779,#780,#781,#782,#783,#784,#785,#786,#787,#788,#789,#790,#791,
    #792,#793,#794,#795,#796,#797,#798,#799,#800,#801,#802,#803,#804,
    #805,#806,#807,#808,#809,#810,#811,#812,#813,#814,#815,#816,#817,
    #818,#819,#820,#821,#822,#823,#824,#825,#826,#827,#828,#829,#830,
    #831,#832,#833,#834,#835,#836,#837,#838,#839,#840,#841,#842,#843,
    #844,#845,#846,#847,#848,#849,#850,#851,#852,#853,#854,#855,#856,
    #857,#858,#859,#860,#861,#862,#863,#864,#865,#866,#867,#868,#869,
    #870,#871,#872,#873),.UNSPECIFIED.,.F.,.F.,(5,3,3,3,3,3,3,3,3,3,3,3,
    3,3,3,3,3,3,3,3,3,3,3,3,3,3,3,3,3,3,3,3,3,5),(0.,3.E-02,6.E-02,
    9.E-02,0.12,0.15,0.18,0.21,0.24,0.27,0.3,0.33,0.36,0.39,0.42,0.45,
    0.48,0.51,0.54,0.57,0.6,0.63,0.66,0.69,0.72,0.75,0.78,0.809,0.839,
    0.869,0.898,0.928,0.958,1.),.UNSPECIFIED.);
#773 = CARTESIAN_POINT('',(-3.92,0.26));
#774 = CARTESIAN_POINT('',(-3.88685,0.26));
#775 = CARTESIAN_POINT('',(-3.8537,0.26));
#776 = CARTESIAN_POINT('',(-3.82055,0.26));
#777 = CARTESIAN_POINT('',(-3.75425,0.26));
#778 = CARTESIAN_POINT('',(-3.7211,0.26));
#779 = CARTESIAN_POINT('',(-3.68795,0.26));
#780 = CARTESIAN_POINT('',(-3.62165,0.26));
#781 = CARTESIAN_POINT('',(-3.5885,0.26));
#782 = CARTESIAN_POINT('',(-3.55535,0.26));
#783 = CARTESIAN_POINT('',(-3.48905,0.26));
#784 = CARTESIAN_POINT('',(-3.4559,0.26));
#785 = CARTESIAN_POINT('',(-3.42275,0.26));
#786 = CARTESIAN_POINT('',(-3.35645,0.26));
#787 = CARTESIAN_POINT('',(-3.3233,0.26));
#788 = CARTESIAN_POINT('',(-3.29015,0.26));
#789 = CARTESIAN_POINT('',(-3.22385,0.26));
#790 = CARTESIAN_POINT('',(-3.1907,0.26));
#791 = CARTESIAN_POINT('',(-3.15755,0.26));
#792 = CARTESIAN_POINT('',(-3.09125,0.26));
#793 = CARTESIAN_POINT('',(-3.0581,0.26));
#794 = CARTESIAN_POINT('',(-3.02495,0.26));
#795 = CARTESIAN_POINT('',(-2.95865,0.26));
#796 = CARTESIAN_POINT('',(-2.9255,0.26));
#797 = CARTESIAN_POINT('',(-2.89235,0.26));
#798 = CARTESIAN_POINT('',(-2.82605,0.26));
#799 = CARTESIAN_POINT('',(-2.7929,0.26));
#800 = CARTESIAN_POINT('',(-2.75975,0.26));
#801 = CARTESIAN_POINT('',(-2.69345,0.26));
#802 = CARTESIAN_POINT('',(-2.6603,0.26));
#803 = CARTESIAN_POINT('',(-2.62715,0.26));
#804 = CARTESIAN_POINT('',(-2.56085,0.26));
#805 = CARTESIAN_POINT('',(-2.5277,0.26));
#806 = CARTESIAN_POINT('',(-2.49455,0.26));
#807 = CARTESIAN_POINT('',(-2.42825,0.26));
#808 = CARTESIAN_POINT('',(-2.3951,0.26));
#809 = CARTESIAN_POINT('',(-2.36195,0.26));
#810 = CARTESIAN_POINT('',(-2.29565,0.26));
#811 = CARTESIAN_POINT('',(-2.2625,0.26));
#812 = CARTESIAN_POINT('',(-2.22935,0.26));
#813 = CARTESIAN_POINT('',(-2.16305,0.26));
#814 = CARTESIAN_POINT('',(-2.1299,0.26));
#815 = CARTESIAN_POINT('',(-2.09675,0.26));
#816 = CARTESIAN_POINT('',(-2.03045,0.26));
#817 = CARTESIAN_POINT('',(-1.9973,0.26));
#818 = CARTESIAN_POINT('',(-1.96415,0.26));
#819 = CARTESIAN_POINT('',(-1.89785,0.26));
#820 = CARTESIAN_POINT('',(-1.8647,0.26));
#821 = CARTESIAN_POINT('',(-1.83155,0.26));
#822 = CARTESIAN_POINT('',(-1.76525,0.26));
#823 = CARTESIAN_POINT('',(-1.7321,0.26));
#824 = CARTESIAN_POINT('',(-1.69895,0.26));
#825 = CARTESIAN_POINT('',(-1.63265,0.26));
#826 = CARTESIAN_POINT('',(-1.5995,0.26));
#827 = CARTESIAN_POINT('',(-1.56635,0.26));
#828 = CARTESIAN_POINT('',(-1.50005,0.26));
#829 = CARTESIAN_POINT('',(-1.4669,0.26));
#830 = CARTESIAN_POINT('',(-1.43375,0.26));
#831 = CARTESIAN_POINT('',(-1.36745,0.26));
#832 = CARTESIAN_POINT('',(-1.3343,0.26));
#833 = CARTESIAN_POINT('',(-1.30115,0.26));
#834 = CARTESIAN_POINT('',(-1.23485,0.26));
#835 = CARTESIAN_POINT('',(-1.2017,0.26));
#836 = CARTESIAN_POINT('',(-1.16855,0.26));
#837 = CARTESIAN_POINT('',(-1.10225,0.26));
#838 = CARTESIAN_POINT('',(-1.0691,0.26));
#839 = CARTESIAN_POINT('',(-1.03595,0.26));
#840 = CARTESIAN_POINT('',(-0.96965,0.26));
#841 = CARTESIAN_POINT('',(-0.9365,0.26));
#842 = CARTESIAN_POINT('',(-0.90335,0.26));
#843 = CARTESIAN_POINT('',(-0.83705,0.26));
#844 = CARTESIAN_POINT('',(-0.8039,0.26));
#845 = CARTESIAN_POINT('',(-0.77075,0.26));
#846 = CARTESIAN_POINT('',(-0.70445,0.26));
#847 = CARTESIAN_POINT('',(-0.6713,0.26));
#848 = CARTESIAN_POINT('',(-0.63815,0.26));
#849 = CARTESIAN_POINT('',(-0.57185,0.26));
#850 = CARTESIAN_POINT('',(-0.5387,0.26));
#851 = CARTESIAN_POINT('',(-0.50555,0.26));
#852 = CARTESIAN_POINT('',(-0.440355,0.26));
#853 = CARTESIAN_POINT('',(-0.40831,0.26));
#854 = CARTESIAN_POINT('',(-0.376265,0.26));
#855 = CARTESIAN_POINT('',(-0.31107,0.26));
#856 = CARTESIAN_POINT('',(-0.27792,0.26));
#857 = CARTESIAN_POINT('',(-0.24477,0.26));
#858 = CARTESIAN_POINT('',(-0.17847,0.26));
#859 = CARTESIAN_POINT('',(-0.14532,0.26));
#860 = CARTESIAN_POINT('',(-0.11217,0.26));
#861 = CARTESIAN_POINT('',(-4.697499999991E-02,0.26));
#862 = CARTESIAN_POINT('',(-1.492999999994E-02,0.26));
#863 = CARTESIAN_POINT('',(1.711500000008E-02,0.26));
#864 = CARTESIAN_POINT('',(8.231000000009E-02,0.26));
#865 = CARTESIAN_POINT('',(0.11546,0.26));
#866 = CARTESIAN_POINT('',(0.14861,0.26));
#867 = CARTESIAN_POINT('',(0.21491,0.26));
#868 = CARTESIAN_POINT('',(0.24806,0.26));
#869 = CARTESIAN_POINT('',(0.28121,0.26));
#870 = CARTESIAN_POINT('',(0.36077,0.26));
#871 = CARTESIAN_POINT('',(0.40718,0.26));
#872 = CARTESIAN_POINT('',(0.45359,0.26));
#873 = CARTESIAN_POINT('',(0.5,0.26));
#874 = ( GEOMETRIC_REPRESENTATION_CONTEXT(2) 
PARAMETRIC_REPRESENTATION_CONTEXT() REPRESENTATION_CONTEXT('2D SPACE',''
  ) );
#875 = ORIENTED_EDGE('',*,*,#876,.F.);
#876 = EDGE_CURVE('',#877,#555,#879,.T.);
#877 = VERTEX_POINT('',#878);
#878 = CARTESIAN_POINT('',(0.96,2.5,0.));
#879 = SURFACE_CURVE('',#880,(#982,#1087),.PCURVE_S1.);
#880 = B_SPLINE_CURVE_WITH_KNOTS('',4,(#881,#882,#883,#884,#885,#886,
    #887,#888,#889,#890,#891,#892,#893,#894,#895,#896,#897,#898,#899,
    #900,#901,#902,#903,#904,#905,#906,#907,#908,#909,#910,#911,#912,
    #913,#914,#915,#916,#917,#918,#919,#920,#921,#922,#923,#924,#925,
    #926,#927,#928,#929,#930,#931,#932,#933,#934,#935,#936,#937,#938,
    #939,#940,#941,#942,#943,#944,#945,#946,#947,#948,#949,#950,#951,
    #952,#953,#954,#955,#956,#957,#958,#959,#960,#961,#962,#963,#964,
    #965,#966,#967,#968,#969,#970,#971,#972,#973,#974,#975,#976,#977,
    #978,#979,#980,#981),.UNSPECIFIED.,.F.,.F.,(5,3,3,3,3,3,3,3,3,3,3,3,
    3,3,3,3,3,3,3,3,3,3,3,3,3,3,3,3,3,3,3,3,3,5),(0.,2.979822027858E-02,
    5.960773904227E-02,8.942866039567E-02,0.119261089552,0.149105132848,
    0.178960897753,0.208828492886,0.238708028031,0.267603032606,
    0.297506374581,0.327421989229,0.357349991081,0.387290495901,
    0.417243620703,0.447209483759,0.477188204625,0.507179904145,
    0.537184704475,0.567202729095,0.597234102826,0.627278951844,
    0.6573374037,0.687409587334,0.717495633092,0.747595672746,
    0.777709839507,0.807838268044,0.837981094503,0.868138456523,
    0.898310493258,0.928497345389,0.958699155149,1.),.UNSPECIFIED.);
#881 = CARTESIAN_POINT('',(0.96,2.5,0.));
#882 = CARTESIAN_POINT('',(0.96,2.498874788531,1.125211469346E-02));
#883 = CARTESIAN_POINT('',(0.96,2.497749718029,2.250281970765E-02));
#884 = CARTESIAN_POINT('',(0.96,2.496624789068,3.375210931823E-02));
#885 = CARTESIAN_POINT('',(0.96,2.494374788878,5.625211122458E-02));
#886 = CARTESIAN_POINT('',(0.96,2.493249717757,6.750282243257E-02));
#887 = CARTESIAN_POINT('',(0.96,2.492124789422,7.875210577855E-02));
#888 = CARTESIAN_POINT('',(0.96,2.489874789229,0.101252107707));
#889 = CARTESIAN_POINT('',(0.96,2.488749717481,0.112502825193));
#890 = CARTESIAN_POINT('',(0.96,2.48762478978,0.123752102202));
#891 = CARTESIAN_POINT('',(0.96,2.485374789585,0.146252104153));
#892 = CARTESIAN_POINT('',(0.96,2.484249717202,0.157502827978));
#893 = CARTESIAN_POINT('',(0.96,2.483124790141,0.168752098587));
#894 = CARTESIAN_POINT('',(0.96,2.480874789944,0.191252100561));
#895 = CARTESIAN_POINT('',(0.96,2.479749716921,0.202502830789));
#896 = CARTESIAN_POINT('',(0.96,2.478624790507,0.213752094934));
#897 = CARTESIAN_POINT('',(0.96,2.476374790307,0.23625209693));
#898 = CARTESIAN_POINT('',(0.96,2.475249716637,0.247502833625));
#899 = CARTESIAN_POINT('',(0.96,2.474124790876,0.258752091241));
#900 = CARTESIAN_POINT('',(0.96,2.471874790674,0.28125209326));
#901 = CARTESIAN_POINT('',(0.96,2.470749716351,0.292502836486));
#902 = CARTESIAN_POINT('',(0.96,2.469624791249,0.303752087508));
#903 = CARTESIAN_POINT('',(0.96,2.467374791045,0.32625208955));
#904 = CARTESIAN_POINT('',(0.96,2.466249716063,0.337502839372));
#905 = CARTESIAN_POINT('',(0.96,2.465124791627,0.348752083735));
#906 = CARTESIAN_POINT('',(0.96,2.462912306337,0.370876936627));
#907 = CARTESIAN_POINT('',(0.96,2.461824735687,0.381752643126));
#908 = CARTESIAN_POINT('',(0.96,2.460737306944,0.392626930557));
#909 = CARTESIAN_POINT('',(0.96,2.458524791787,0.414752082135));
#910 = CARTESIAN_POINT('',(0.96,2.457399715488,0.42600284512));
#911 = CARTESIAN_POINT('',(0.96,2.456274792381,0.437252076191));
#912 = CARTESIAN_POINT('',(0.96,2.45402479217,0.459752078302));
#913 = CARTESIAN_POINT('',(0.96,2.452899715192,0.47100284808));
#914 = CARTESIAN_POINT('',(0.96,2.451774792771,0.482252072291));
#915 = CARTESIAN_POINT('',(0.96,2.449524792557,0.504752074426));
#916 = CARTESIAN_POINT('',(0.96,2.448399714894,0.516002851064));
#917 = CARTESIAN_POINT('',(0.96,2.447274793165,0.527252068347));
#918 = CARTESIAN_POINT('',(0.96,2.445024792949,0.549752070506));
#919 = CARTESIAN_POINT('',(0.96,2.443899714593,0.561002854072));
#920 = CARTESIAN_POINT('',(0.96,2.442774793564,0.572252064358));
#921 = CARTESIAN_POINT('',(0.96,2.440524793346,0.59475206654));
#922 = CARTESIAN_POINT('',(0.96,2.43939971429,0.606002857105));
#923 = CARTESIAN_POINT('',(0.96,2.438274793968,0.617252060323));
#924 = CARTESIAN_POINT('',(0.96,2.436024793747,0.639752062529));
#925 = CARTESIAN_POINT('',(0.96,2.434899713984,0.651002860162));
#926 = CARTESIAN_POINT('',(0.96,2.433774794376,0.662252056241));
#927 = CARTESIAN_POINT('',(0.96,2.431524794153,0.684752058472));
#928 = CARTESIAN_POINT('',(0.96,2.430399713676,0.696002863242));
#929 = CARTESIAN_POINT('',(0.96,2.429274794789,0.707252052112));
#930 = CARTESIAN_POINT('',(0.96,2.427024794563,0.729752054366));
#931 = CARTESIAN_POINT('',(0.96,2.425899713365,0.741002866346));
#932 = CARTESIAN_POINT('',(0.96,2.424774795207,0.752252047933));
#933 = CARTESIAN_POINT('',(0.96,2.422524794979,0.774752050212));
#934 = CARTESIAN_POINT('',(0.96,2.421399713053,0.786002869474));
#935 = CARTESIAN_POINT('',(0.96,2.420274795629,0.797252043705));
#936 = CARTESIAN_POINT('',(0.96,2.418024795399,0.819752046009));
#937 = CARTESIAN_POINT('',(0.96,2.416899712737,0.831002872625));
#938 = CARTESIAN_POINT('',(0.96,2.415774796057,0.842252039426));
#939 = CARTESIAN_POINT('',(0.96,2.413524795825,0.864752041754));
#940 = CARTESIAN_POINT('',(0.96,2.41239971242,0.876002875799));
#941 = CARTESIAN_POINT('',(0.96,2.41127479649,0.887252035095));
#942 = CARTESIAN_POINT('',(0.96,2.409024796255,0.909752037449));
#943 = CARTESIAN_POINT('',(0.96,2.4078997121,0.921002878996));
#944 = CARTESIAN_POINT('',(0.96,2.406774796929,0.932252030712));
#945 = CARTESIAN_POINT('',(0.96,2.404524796691,0.95475203309));
#946 = CARTESIAN_POINT('',(0.96,2.403399711778,0.966002882215));
#947 = CARTESIAN_POINT('',(0.96,2.402274797373,0.977252026274));
#948 = CARTESIAN_POINT('',(0.96,2.400024797132,0.999752028677));
#949 = CARTESIAN_POINT('',(0.96,2.398899711454,1.011002885457));
#950 = CARTESIAN_POINT('',(0.96,2.397774797822,1.022252021782));
#951 = CARTESIAN_POINT('',(0.96,2.395524797579,1.04475202421));
#952 = CARTESIAN_POINT('',(0.96,2.394399711128,1.05600288872));
#953 = CARTESIAN_POINT('',(0.96,2.393274798277,1.067252017233));
#954 = CARTESIAN_POINT('',(0.96,2.391024798031,1.089752019687));
#955 = CARTESIAN_POINT('',(0.96,2.3898997108,1.101002892005));
#956 = CARTESIAN_POINT('',(0.96,2.388774798737,1.112252012627));
#957 = CARTESIAN_POINT('',(0.96,2.386524798489,1.134752015106));
#958 = CARTESIAN_POINT('',(0.96,2.385399710469,1.146002895311));
#959 = CARTESIAN_POINT('',(0.96,2.384274799204,1.157252007963));
#960 = CARTESIAN_POINT('',(0.96,2.382024798953,1.179752010467));
#961 = CARTESIAN_POINT('',(0.96,2.380899710136,1.191002898637));
#962 = CARTESIAN_POINT('',(0.96,2.379774799676,1.202252003239));
#963 = CARTESIAN_POINT('',(0.96,2.377524799423,1.224752005768));
#964 = CARTESIAN_POINT('',(0.96,2.376399709802,1.236002901985));
#965 = CARTESIAN_POINT('',(0.96,2.375274800155,1.247251998453));
#966 = CARTESIAN_POINT('',(0.96,2.373024799899,1.269752001009));
#967 = CARTESIAN_POINT('',(0.96,2.371899709465,1.281002905352));
#968 = CARTESIAN_POINT('',(0.96,2.370774800639,1.292251993606));
#969 = CARTESIAN_POINT('',(0.96,2.368524800381,1.314751996187));
#970 = CARTESIAN_POINT('',(0.96,2.367399709126,1.326002908739));
#971 = CARTESIAN_POINT('',(0.96,2.36627480113,1.337251988695));
#972 = CARTESIAN_POINT('',(0.96,2.36402480087,1.359751991302));
#973 = CARTESIAN_POINT('',(0.96,2.362899708786,1.371002912145));
#974 = CARTESIAN_POINT('',(0.96,2.361774801628,1.382251983719));
#975 = CARTESIAN_POINT('',(0.96,2.359524801365,1.404751986352));
#976 = CARTESIAN_POINT('',(0.96,2.358399708443,1.41600291557));
#977 = CARTESIAN_POINT('',(0.96,2.357274802132,1.427251978677));
#978 = CARTESIAN_POINT('',(0.96,2.354612034875,1.453879651253));
#979 = CARTESIAN_POINT('',(0.96,2.353074336944,1.469256630561));
#980 = CARTESIAN_POINT('',(0.96,2.351536991339,1.484630086615));
#981 = CARTESIAN_POINT('',(0.96,2.35,1.5));
#982 = PCURVE('',#32,#983);
#983 = DEFINITIONAL_REPRESENTATION('',(#984),#1086);
#984 = B_SPLINE_CURVE_WITH_KNOTS('',4,(#985,#986,#987,#988,#989,#990,
    #991,#992,#993,#994,#995,#996,#997,#998,#999,#1000,#1001,#1002,#1003
    ,#1004,#1005,#1006,#1007,#1008,#1009,#1010,#1011,#1012,#1013,#1014,
    #1015,#1016,#1017,#1018,#1019,#1020,#1021,#1022,#1023,#1024,#1025,
    #1026,#1027,#1028,#1029,#1030,#1031,#1032,#1033,#1034,#1035,#1036,
    #1037,#1038,#1039,#1040,#1041,#1042,#1043,#1044,#1045,#1046,#1047,
    #1048,#1049,#1050,#1051,#1052,#1053,#1054,#1055,#1056,#1057,#1058,
    #1059,#1060,#1061,#1062,#1063,#1064,#1065,#1066,#1067,#1068,#1069,
    #1070,#1071,#1072,#1073,#1074,#1075,#1076,#1077,#1078,#1079,#1080,
    #1081,#1082,#1083,#1084,#1085),.UNSPECIFIED.,.F.,.F.,(5,3,3,3,3,3,3,
    3,3,3,3,3,3,3,3,3,3,3,3,3,3,3,3,3,3,3,3,3,3,3,3,3,3,5),(0.,
    2.979822027858E-02,5.960773904227E-02,8.942866039567E-02,
    0.119261089552,0.149105132848,0.178960897753,0.208828492886,
    0.238708028031,0.267603032606,0.297506374581,0.327421989229,
    0.357349991081,0.387290495901,0.417243620703,0.447209483759,
    0.477188204625,0.507179904145,0.537184704475,0.567202729095,
    0.597234102826,0.627278951844,0.6573374037,0.687409587334,
    0.717495633092,0.747595672746,0.777709839507,0.807838268044,
    0.837981094503,0.868138456523,0.898310493258,0.928497345389,
    0.958699155149,1.),.UNSPECIFIED.);
#985 = CARTESIAN_POINT('',(0.96,0.));
#986 = CARTESIAN_POINT('',(0.959354878749,7.501409795642E-03));
#987 = CARTESIAN_POINT('',(0.958708978021,1.50018798051E-02));
#988 = CARTESIAN_POINT('',(0.958062295999,2.250140621215E-02));
#989 = CARTESIAN_POINT('',(0.956767120371,3.750140748306E-02));
#990 = CARTESIAN_POINT('',(0.956118626163,4.500188162171E-02));
#991 = CARTESIAN_POINT('',(0.955469346529,5.250140385236E-02));
#992 = CARTESIAN_POINT('',(0.954168964171,6.750140513813E-02));
#993 = CARTESIAN_POINT('',(0.953517860844,7.500188346192E-02));
#994 = CARTESIAN_POINT('',(0.95286596791,8.250140146784E-02));
#995 = CARTESIAN_POINT('',(0.951560347362,9.750140276853E-02));
#996 = CARTESIAN_POINT('',(0.950906619137,0.105001885319));
#997 = CARTESIAN_POINT('',(0.950252097095,0.112501399058));
#998 = CARTESIAN_POINT('',(0.948941206642,0.127501400374));
#999 = CARTESIAN_POINT('',(0.948284837611,0.135001887193));
#1000 = CARTESIAN_POINT('',(0.947627670527,0.142501396623));
#1001 = CARTESIAN_POINT('',(0.946311478199,0.157501397953));
#1002 = CARTESIAN_POINT('',(0.945652452325,0.165001889083));
#1003 = CARTESIAN_POINT('',(0.944992624136,0.172501394161));
#1004 = CARTESIAN_POINT('',(0.943671097701,0.187501395507));
#1005 = CARTESIAN_POINT('',(0.943009398818,0.195001890991));
#1006 = CARTESIAN_POINT('',(0.942346893329,0.202501391672));
#1007 = CARTESIAN_POINT('',(0.941020000297,0.217501393034));
#1008 = CARTESIAN_POINT('',(0.940355612107,0.225001892915));
#1009 = CARTESIAN_POINT('',(0.939690412992,0.232501389157));
#1010 = CARTESIAN_POINT('',(0.938380334309,0.247251291085));
#1011 = CARTESIAN_POINT('',(0.937735507421,0.254501762084));
#1012 = CARTESIAN_POINT('',(0.937089918774,0.261751287038));
#1013 = CARTESIAN_POINT('',(0.935774659121,0.27650138809));
#1014 = CARTESIAN_POINT('',(0.935104933903,0.284001896747));
#1015 = CARTESIAN_POINT('',(0.934434389183,0.291501384127));
#1016 = CARTESIAN_POINT('',(0.933091381476,0.306501385535));
#1017 = CARTESIAN_POINT('',(0.932418917815,0.31400189872));
#1018 = CARTESIAN_POINT('',(0.931745630248,0.321501381527));
#1019 = CARTESIAN_POINT('',(0.930397124428,0.336501382951));
#1020 = CARTESIAN_POINT('',(0.92972190549,0.344001900709));
#1021 = CARTESIAN_POINT('',(0.929045858215,0.351501378898));
#1022 = CARTESIAN_POINT('',(0.927691820448,0.366501380337));
#1023 = CARTESIAN_POINT('',(0.927013829263,0.374001902715));
#1024 = CARTESIAN_POINT('',(0.92633500528,0.381501376239));
#1025 = CARTESIAN_POINT('',(0.924975401458,0.396501377694));
#1026 = CARTESIAN_POINT('',(0.924294620914,0.404001904737));
#1027 = CARTESIAN_POINT('',(0.923613003083,0.411501373549));
#1028 = CARTESIAN_POINT('',(0.922247798813,0.42650137502));
#1029 = CARTESIAN_POINT('',(0.92156421166,0.434001906774));
#1030 = CARTESIAN_POINT('',(0.920879782701,0.441501370828));
#1031 = CARTESIAN_POINT('',(0.919508943308,0.456501372314));
#1032 = CARTESIAN_POINT('',(0.918822532151,0.464001908828));
#1033 = CARTESIAN_POINT('',(0.918135274639,0.471501368074));
#1034 = CARTESIAN_POINT('',(0.916758765161,0.486501369578));
#1035 = CARTESIAN_POINT('',(0.916069512462,0.494001910898));
#1036 = CARTESIAN_POINT('',(0.915379408829,0.501501365289));
#1037 = CARTESIAN_POINT('',(0.913997194015,0.516501366808));
#1038 = CARTESIAN_POINT('',(0.913305082089,0.524001912983));
#1039 = CARTESIAN_POINT('',(0.912612114621,0.53150136247));
#1040 = CARTESIAN_POINT('',(0.911224158926,0.546501364006));
#1041 = CARTESIAN_POINT('',(0.910529169942,0.554001915083));
#1042 = CARTESIAN_POINT('',(0.909833320778,0.561501359617));
#1043 = CARTESIAN_POINT('',(0.908439588361,0.57650136117));
#1044 = CARTESIAN_POINT('',(0.907741704341,0.584001917199));
#1045 = CARTESIAN_POINT('',(0.907042955471,0.59150135673));
#1046 = CARTESIAN_POINT('',(0.905643410193,0.606501358299));
#1047 = CARTESIAN_POINT('',(0.904942613006,0.614001919331));
#1048 = CARTESIAN_POINT('',(0.90424094627,0.621501353808));
#1049 = CARTESIAN_POINT('',(0.902835551689,0.636501355393));
#1050 = CARTESIAN_POINT('',(0.902131823053,0.644001921477));
#1051 = CARTESIAN_POINT('',(0.901427220139,0.65150135085));
#1052 = CARTESIAN_POINT('',(0.900015939508,0.666501352452));
#1053 = CARTESIAN_POINT('',(0.899309260989,0.674001923638));
#1054 = CARTESIAN_POINT('',(0.898601703431,0.681501347855));
#1055 = CARTESIAN_POINT('',(0.897184499694,0.696501349473));
#1056 = CARTESIAN_POINT('',(0.896474852703,0.704001925813));
#1057 = CARTESIAN_POINT('',(0.89576432188,0.711501344822));
#1058 = CARTESIAN_POINT('',(0.894341157671,0.726501346458));
#1059 = CARTESIAN_POINT('',(0.893628523461,0.734001928003));
#1060 = CARTESIAN_POINT('',(0.892915000594,0.741501341752));
#1061 = CARTESIAN_POINT('',(0.891485838231,0.756501343404));
#1062 = CARTESIAN_POINT('',(0.890770197897,0.764001930207));
#1063 = CARTESIAN_POINT('',(0.890053664052,0.771501338642));
#1064 = CARTESIAN_POINT('',(0.888618465534,0.786501340311));
#1065 = CARTESIAN_POINT('',(0.887899800013,0.794001932425));
#1066 = CARTESIAN_POINT('',(0.887180236092,0.801501335492));
#1067 = CARTESIAN_POINT('',(0.885738963098,0.816501337179));
#1068 = CARTESIAN_POINT('',(0.885017253163,0.824001934656));
#1069 = CARTESIAN_POINT('',(0.884294639909,0.831501332302));
#1070 = CARTESIAN_POINT('',(0.882847253791,0.846501334006));
#1071 = CARTESIAN_POINT('',(0.882122480053,0.854001936901));
#1072 = CARTESIAN_POINT('',(0.881396798044,0.861501329071));
#1073 = CARTESIAN_POINT('',(0.879943259827,0.876501330791));
#1074 = CARTESIAN_POINT('',(0.879215402732,0.884001939159));
#1075 = CARTESIAN_POINT('',(0.878486632381,0.891501325797));
#1076 = CARTESIAN_POINT('',(0.877026902757,0.906501327535));
#1077 = CARTESIAN_POINT('',(0.876295942584,0.91400194143));
#1078 = CARTESIAN_POINT('',(0.875564064138,0.92150132248));
#1079 = CARTESIAN_POINT('',(0.874098103464,0.936501324235));
#1080 = CARTESIAN_POINT('',(0.873364020323,0.944001943713));
#1081 = CARTESIAN_POINT('',(0.872629013859,0.951501319118));
#1082 = CARTESIAN_POINT('',(0.870886698338,0.969253100835));
#1083 = CARTESIAN_POINT('',(0.869878584153,0.979504420374));
#1084 = CARTESIAN_POINT('',(0.868868734081,0.989753391077));
#1085 = CARTESIAN_POINT('',(0.867857142857,1.));
#1086 = ( GEOMETRIC_REPRESENTATION_CONTEXT(2) 
PARAMETRIC_REPRESENTATION_CONTEXT() REPRESENTATION_CONTEXT('2D SPACE',''
  ) );
#1087 = PCURVE('',#1088,#1093);
#1088 = PLANE('',#1089);
#1089 = AXIS2_PLACEMENT_3D('',#1090,#1091,#1092);
#1090 = CARTESIAN_POINT('',(0.96,2.2,0.));
#1091 = DIRECTION('',(-1.,0.,0.));
#1092 = DIRECTION('',(0.,1.,0.));
#1093 = DEFINITIONAL_REPRESENTATION('',(#1094),#1196);
#1094 = B_SPLINE_CURVE_WITH_KNOTS('',4,(#1095,#1096,#1097,#1098,#1099,
    #1100,#1101,#1102,#1103,#1104,#1105,#1106,#1107,#1108,#1109,#1110,
    #1111,#1112,#1113,#1114,#1115,#1116,#1117,#1118,#1119,#1120,#1121,
    #1122,#1123,#1124,#1125,#1126,#1127,#1128,#1129,#1130,#1131,#1132,
    #1133,#1134,#1135,#1136,#1137,#1138,#1139,#1140,#1141,#1142,#1143,
    #1144,#1145,#1146,#1147,#1148,#1149,#1150,#1151,#1152,#1153,#1154,
    #1155,#1156,#1157,#1158,#1159,#1160,#1161,#1162,#1163,#1164,#1165,
    #1166,#1167,#1168,#1169,#1170,#1171,#1172,#1173,#1174,#1175,#1176,
    #1177,#1178,#1179,#1180,#1181,#1182,#1183,#1184,#1185,#1186,#1187,
    #1188,#1189,#1190,#1191,#1192,#1193,#1194,#1195),.UNSPECIFIED.,.F.,
  .F.,(5,3,3,3,3,3,3,3,3,3,3,3,3,3,3,3,3,3,3,3,3,3,3,3,3,3,3,3,3,3,3,3,3
    ,5),(0.,2.979822027858E-02,5.960773904227E-02,8.942866039567E-02,
    0.119261089552,0.149105132848,0.178960897753,0.208828492886,
    0.238708028031,0.267603032606,0.297506374581,0.327421989229,
    0.357349991081,0.387290495901,0.417243620703,0.447209483759,
    0.477188204625,0.507179904145,0.537184704475,0.567202729095,
    0.597234102826,0.627278951844,0.6573374037,0.687409587334,
    0.717495633092,0.747595672746,0.777709839507,0.807838268044,
    0.837981094503,0.868138456523,0.898310493258,0.928497345389,
    0.958699155149,1.),.UNSPECIFIED.);
#1095 = CARTESIAN_POINT('',(0.3,0.));
#1096 = CARTESIAN_POINT('',(0.298874788531,-1.125211469346E-02));
#1097 = CARTESIAN_POINT('',(0.297749718029,-2.250281970765E-02));
#1098 = CARTESIAN_POINT('',(0.296624789068,-3.375210931823E-02));
#1099 = CARTESIAN_POINT('',(0.294374788878,-5.625211122458E-02));
#1100 = CARTESIAN_POINT('',(0.293249717757,-6.750282243257E-02));
#1101 = CARTESIAN_POINT('',(0.292124789422,-7.875210577855E-02));
#1102 = CARTESIAN_POINT('',(0.289874789229,-0.101252107707));
#1103 = CARTESIAN_POINT('',(0.288749717481,-0.112502825193));
#1104 = CARTESIAN_POINT('',(0.28762478978,-0.123752102202));
#1105 = CARTESIAN_POINT('',(0.285374789585,-0.146252104153));
#1106 = CARTESIAN_POINT('',(0.284249717202,-0.157502827978));
#1107 = CARTESIAN_POINT('',(0.283124790141,-0.168752098587));
#1108 = CARTESIAN_POINT('',(0.280874789944,-0.191252100561));
#1109 = CARTESIAN_POINT('',(0.279749716921,-0.202502830789));
#1110 = CARTESIAN_POINT('',(0.278624790507,-0.213752094934));
#1111 = CARTESIAN_POINT('',(0.276374790307,-0.23625209693));
#1112 = CARTESIAN_POINT('',(0.275249716637,-0.247502833625));
#1113 = CARTESIAN_POINT('',(0.274124790876,-0.258752091241));
#1114 = CARTESIAN_POINT('',(0.271874790674,-0.28125209326));
#1115 = CARTESIAN_POINT('',(0.270749716351,-0.292502836486));
#1116 = CARTESIAN_POINT('',(0.269624791249,-0.303752087508));
#1117 = CARTESIAN_POINT('',(0.267374791045,-0.32625208955));
#1118 = CARTESIAN_POINT('',(0.266249716063,-0.337502839372));
#1119 = CARTESIAN_POINT('',(0.265124791627,-0.348752083735));
#1120 = CARTESIAN_POINT('',(0.262912306337,-0.370876936627));
#1121 = CARTESIAN_POINT('',(0.261824735687,-0.381752643126));
#1122 = CARTESIAN_POINT('',(0.260737306944,-0.392626930557));
#1123 = CARTESIAN_POINT('',(0.258524791787,-0.414752082135));
#1124 = CARTESIAN_POINT('',(0.257399715488,-0.42600284512));
#1125 = CARTESIAN_POINT('',(0.256274792381,-0.437252076191));
#1126 = CARTESIAN_POINT('',(0.25402479217,-0.459752078302));
#1127 = CARTESIAN_POINT('',(0.252899715192,-0.47100284808));
#1128 = CARTESIAN_POINT('',(0.251774792771,-0.482252072291));
#1129 = CARTESIAN_POINT('',(0.249524792557,-0.504752074426));
#1130 = CARTESIAN_POINT('',(0.248399714894,-0.516002851064));
#1131 = CARTESIAN_POINT('',(0.247274793165,-0.527252068347));
#1132 = CARTESIAN_POINT('',(0.245024792949,-0.549752070506));
#1133 = CARTESIAN_POINT('',(0.243899714593,-0.561002854072));
#1134 = CARTESIAN_POINT('',(0.242774793564,-0.572252064358));
#1135 = CARTESIAN_POINT('',(0.240524793346,-0.59475206654));
#1136 = CARTESIAN_POINT('',(0.23939971429,-0.606002857105));
#1137 = CARTESIAN_POINT('',(0.238274793968,-0.617252060323));
#1138 = CARTESIAN_POINT('',(0.236024793747,-0.639752062529));
#1139 = CARTESIAN_POINT('',(0.234899713984,-0.651002860162));
#1140 = CARTESIAN_POINT('',(0.233774794376,-0.662252056241));
#1141 = CARTESIAN_POINT('',(0.231524794153,-0.684752058472));
#1142 = CARTESIAN_POINT('',(0.230399713676,-0.696002863242));
#1143 = CARTESIAN_POINT('',(0.229274794789,-0.707252052112));
#1144 = CARTESIAN_POINT('',(0.227024794563,-0.729752054366));
#1145 = CARTESIAN_POINT('',(0.225899713365,-0.741002866346));
#1146 = CARTESIAN_POINT('',(0.224774795207,-0.752252047933));
#1147 = CARTESIAN_POINT('',(0.222524794979,-0.774752050212));
#1148 = CARTESIAN_POINT('',(0.221399713053,-0.786002869474));
#1149 = CARTESIAN_POINT('',(0.220274795629,-0.797252043705));
#1150 = CARTESIAN_POINT('',(0.218024795399,-0.819752046009));
#1151 = CARTESIAN_POINT('',(0.216899712737,-0.831002872625));
#1152 = CARTESIAN_POINT('',(0.215774796057,-0.842252039426));
#1153 = CARTESIAN_POINT('',(0.213524795825,-0.864752041754));
#1154 = CARTESIAN_POINT('',(0.21239971242,-0.876002875799));
#1155 = CARTESIAN_POINT('',(0.21127479649,-0.887252035095));
#1156 = CARTESIAN_POINT('',(0.209024796255,-0.909752037449));
#1157 = CARTESIAN_POINT('',(0.2078997121,-0.921002878996));
#1158 = CARTESIAN_POINT('',(0.206774796929,-0.932252030712));
#1159 = CARTESIAN_POINT('',(0.204524796691,-0.95475203309));
#1160 = CARTESIAN_POINT('',(0.203399711778,-0.966002882215));
#1161 = CARTESIAN_POINT('',(0.202274797373,-0.977252026274));
#1162 = CARTESIAN_POINT('',(0.200024797132,-0.999752028677));
#1163 = CARTESIAN_POINT('',(0.198899711454,-1.011002885457));
#1164 = CARTESIAN_POINT('',(0.197774797822,-1.022252021782));
#1165 = CARTESIAN_POINT('',(0.195524797579,-1.04475202421));
#1166 = CARTESIAN_POINT('',(0.194399711128,-1.05600288872));
#1167 = CARTESIAN_POINT('',(0.193274798277,-1.067252017233));
#1168 = CARTESIAN_POINT('',(0.191024798031,-1.089752019687));
#1169 = CARTESIAN_POINT('',(0.1898997108,-1.101002892005));
#1170 = CARTESIAN_POINT('',(0.188774798737,-1.112252012627));
#1171 = CARTESIAN_POINT('',(0.186524798489,-1.134752015106));
#1172 = CARTESIAN_POINT('',(0.185399710469,-1.146002895311));
#1173 = CARTESIAN_POINT('',(0.184274799204,-1.157252007963));
#1174 = CARTESIAN_POINT('',(0.182024798953,-1.179752010467));
#1175 = CARTESIAN_POINT('',(0.180899710136,-1.191002898637));
#1176 = CARTESIAN_POINT('',(0.179774799676,-1.202252003239));
#1177 = CARTESIAN_POINT('',(0.177524799423,-1.224752005768));
#1178 = CARTESIAN_POINT('',(0.176399709802,-1.236002901985));
#1179 = CARTESIAN_POINT('',(0.175274800155,-1.247251998453));
#1180 = CARTESIAN_POINT('',(0.173024799899,-1.269752001009));
#1181 = CARTESIAN_POINT('',(0.171899709465,-1.281002905352));
#1182 = CARTESIAN_POINT('',(0.170774800639,-1.292251993606));
#1183 = CARTESIAN_POINT('',(0.168524800381,-1.314751996187));
#1184 = CARTESIAN_POINT('',(0.167399709126,-1.326002908739));
#1185 = CARTESIAN_POINT('',(0.16627480113,-1.337251988695));
#1186 = CARTESIAN_POINT('',(0.16402480087,-1.359751991302));
#1187 = CARTESIAN_POINT('',(0.162899708786,-1.371002912145));
#1188 = CARTESIAN_POINT('',(0.161774801628,-1.382251983719));
#1189 = CARTESIAN_POINT('',(0.159524801365,-1.404751986352));
#1190 = CARTESIAN_POINT('',(0.158399708443,-1.41600291557));
#1191 = CARTESIAN_POINT('',(0.157274802132,-1.427251978677));
#1192 = CARTESIAN_POINT('',(0.154612034875,-1.453879651253));
#1193 = CARTESIAN_POINT('',(0.153074336944,-1.469256630561));
#1194 = CARTESIAN_POINT('',(0.151536991339,-1.484630086615));
#1195 = CARTESIAN_POINT('',(0.15,-1.5));
#1196 = ( GEOMETRIC_REPRESENTATION_CONTEXT(2) 
PARAMETRIC_REPRESENTATION_CONTEXT() REPRESENTATION_CONTEXT('2D SPACE',''
  ) );
#1197 = ORIENTED_EDGE('',*,*,#1198,.T.);
#1198 = EDGE_CURVE('',#877,#1199,#1201,.T.);
#1199 = VERTEX_POINT('',#1200);
#1200 = CARTESIAN_POINT('',(2.015,2.5,0.));
#1201 = SURFACE_CURVE('',#1202,(#1206,#1213),.PCURVE_S1.);
#1202 = LINE('',#1203,#1204);
#1203 = CARTESIAN_POINT('',(0.,2.5,0.));
#1204 = VECTOR('',#1205,1.);
#1205 = DIRECTION('',(1.,0.,0.));
#1206 = PCURVE('',#32,#1207);
#1207 = DEFINITIONAL_REPRESENTATION('',(#1208),#1212);
#1208 = LINE('',#1209,#1210);
#1209 = CARTESIAN_POINT('',(0.,0.));
#1210 = VECTOR('',#1211,1.);
#1211 = DIRECTION('',(1.,0.));
#1212 = ( GEOMETRIC_REPRESENTATION_CONTEXT(2) 
PARAMETRIC_REPRESENTATION_CONTEXT() REPRESENTATION_CONTEXT('2D SPACE',''
  ) );
#1213 = PCURVE('',#220,#1214);
#1214 = DEFINITIONAL_REPRESENTATION('',(#1215),#1219);
#1215 = LINE('',#1216,#1217);
#1216 = CARTESIAN_POINT('',(0.,0.));
#1217 = VECTOR('',#1218,1.);
#1218 = DIRECTION('',(0.874157276122,0.485642931179));
#1219 = ( GEOMETRIC_REPRESENTATION_CONTEXT(2) 
PARAMETRIC_REPRESENTATION_CONTEXT() REPRESENTATION_CONTEXT('2D SPACE',''
  ) );
#1220 = ORIENTED_EDGE('',*,*,#1221,.T.);
#1221 = EDGE_CURVE('',#1199,#1222,#1224,.T.);
#1222 = VERTEX_POINT('',#1223);
#1223 = CARTESIAN_POINT('',(2.015,2.46,0.4));
#1224 = SURFACE_CURVE('',#1225,(#1231,#1240),.PCURVE_S1.);
#1225 = B_SPLINE_CURVE_WITH_KNOTS('',4,(#1226,#1227,#1228,#1229,#1230),
  .UNSPECIFIED.,.F.,.F.,(5,5),(0.,1.),.PIECEWISE_BEZIER_KNOTS.);
#1226 = CARTESIAN_POINT('',(2.015,2.5,0.));
#1227 = CARTESIAN_POINT('',(2.015,2.489999986261,0.100000137387));
#1228 = CARTESIAN_POINT('',(2.015,2.479999981411,0.200000185889));
#1229 = CARTESIAN_POINT('',(2.015,2.469999985845,0.300000141553));
#1230 = CARTESIAN_POINT('',(2.015,2.46,0.4));
#1231 = PCURVE('',#32,#1232);
#1232 = DEFINITIONAL_REPRESENTATION('',(#1233),#1239);
#1233 = B_SPLINE_CURVE_WITH_KNOTS('',4,(#1234,#1235,#1236,#1237,#1238),
  .UNSPECIFIED.,.F.,.F.,(5,5),(0.,1.),.PIECEWISE_BEZIER_KNOTS.);
#1234 = CARTESIAN_POINT('',(2.015,0.));
#1235 = CARTESIAN_POINT('',(2.013955554107,6.666675825782E-02));
#1236 = CARTESIAN_POINT('',(2.012898730832,0.133333457259));
#1237 = CARTESIAN_POINT('',(2.011829199099,0.200000094368));
#1238 = CARTESIAN_POINT('',(2.01074660609,0.266666666667));
#1239 = ( GEOMETRIC_REPRESENTATION_CONTEXT(2) 
PARAMETRIC_REPRESENTATION_CONTEXT() REPRESENTATION_CONTEXT('2D SPACE',''
  ) );
#1240 = PCURVE('',#1241,#1246);
#1241 = PLANE('',#1242);
#1242 = AXIS2_PLACEMENT_3D('',#1243,#1244,#1245);
#1243 = CARTESIAN_POINT('',(2.015,2.31,0.));
#1244 = DIRECTION('',(-1.,0.,0.));
#1245 = DIRECTION('',(0.,1.,0.));
#1246 = DEFINITIONAL_REPRESENTATION('',(#1247),#1253);
#1247 = B_SPLINE_CURVE_WITH_KNOTS('',4,(#1248,#1249,#1250,#1251,#1252),
  .UNSPECIFIED.,.F.,.F.,(5,5),(0.,1.),.PIECEWISE_BEZIER_KNOTS.);
#1248 = CARTESIAN_POINT('',(0.19,0.));
#1249 = CARTESIAN_POINT('',(0.179999986261,-0.100000137387));
#1250 = CARTESIAN_POINT('',(0.169999981411,-0.200000185889));
#1251 = CARTESIAN_POINT('',(0.159999985845,-0.300000141553));
#1252 = CARTESIAN_POINT('',(0.15,-0.4));
#1253 = ( GEOMETRIC_REPRESENTATION_CONTEXT(2) 
PARAMETRIC_REPRESENTATION_CONTEXT() REPRESENTATION_CONTEXT('2D SPACE',''
  ) );
#1254 = ORIENTED_EDGE('',*,*,#1255,.F.);
#1255 = EDGE_CURVE('',#1256,#1222,#1258,.T.);
#1256 = VERTEX_POINT('',#1257);
#1257 = CARTESIAN_POINT('',(2.485,2.46,0.4));
#1258 = SURFACE_CURVE('',#1259,(#1262,#1268),.PCURVE_S1.);
#1259 = B_SPLINE_CURVE_WITH_KNOTS('',1,(#1260,#1261),.UNSPECIFIED.,.F.,
  .F.,(2,2),(0.,1.),.PIECEWISE_BEZIER_KNOTS.);
#1260 = CARTESIAN_POINT('',(3.05,2.46,0.4));
#1261 = CARTESIAN_POINT('',(1.45,2.46,0.4));
#1262 = PCURVE('',#32,#1263);
#1263 = DEFINITIONAL_REPRESENTATION('',(#1264),#1267);
#1264 = B_SPLINE_CURVE_WITH_KNOTS('',1,(#1265,#1266),.UNSPECIFIED.,.F.,
  .F.,(2,2),(0.,1.),.PIECEWISE_BEZIER_KNOTS.);
#1265 = CARTESIAN_POINT('',(3.064479638009,0.266666666667));
#1266 = CARTESIAN_POINT('',(1.435520361991,0.266666666667));
#1267 = ( GEOMETRIC_REPRESENTATION_CONTEXT(2) 
PARAMETRIC_REPRESENTATION_CONTEXT() REPRESENTATION_CONTEXT('2D SPACE',''
  ) );
#1268 = PCURVE('',#1269,#1274);
#1269 = PLANE('',#1270);
#1270 = AXIS2_PLACEMENT_3D('',#1271,#1272,#1273);
#1271 = CARTESIAN_POINT('',(2.25,1.111500674577,0.4));
#1272 = DIRECTION('',(-0.,-0.,-1.));
#1273 = DIRECTION('',(-1.,0.,0.));
#1274 = DEFINITIONAL_REPRESENTATION('',(#1275),#1278);
#1275 = B_SPLINE_CURVE_WITH_KNOTS('',1,(#1276,#1277),.UNSPECIFIED.,.F.,
  .F.,(2,2),(0.,1.),.PIECEWISE_BEZIER_KNOTS.);
#1276 = CARTESIAN_POINT('',(-0.8,1.348499325423));
#1277 = CARTESIAN_POINT('',(0.8,1.348499325423));
#1278 = ( GEOMETRIC_REPRESENTATION_CONTEXT(2) 
PARAMETRIC_REPRESENTATION_CONTEXT() REPRESENTATION_CONTEXT('2D SPACE',''
  ) );
#1279 = ORIENTED_EDGE('',*,*,#1280,.F.);
#1280 = EDGE_CURVE('',#1281,#1256,#1283,.T.);
#1281 = VERTEX_POINT('',#1282);
#1282 = CARTESIAN_POINT('',(2.485,2.5,0.));
#1283 = SURFACE_CURVE('',#1284,(#1290,#1299),.PCURVE_S1.);
#1284 = B_SPLINE_CURVE_WITH_KNOTS('',4,(#1285,#1286,#1287,#1288,#1289),
  .UNSPECIFIED.,.F.,.F.,(5,5),(0.,1.),.PIECEWISE_BEZIER_KNOTS.);
#1285 = CARTESIAN_POINT('',(2.485,2.5,0.));
#1286 = CARTESIAN_POINT('',(2.485,2.489999986261,0.100000137387));
#1287 = CARTESIAN_POINT('',(2.485,2.479999981411,0.200000185889));
#1288 = CARTESIAN_POINT('',(2.485,2.469999985845,0.300000141553));
#1289 = CARTESIAN_POINT('',(2.485,2.46,0.4));
#1290 = PCURVE('',#32,#1291);
#1291 = DEFINITIONAL_REPRESENTATION('',(#1292),#1298);
#1292 = B_SPLINE_CURVE_WITH_KNOTS('',4,(#1293,#1294,#1295,#1296,#1297),
  .UNSPECIFIED.,.F.,.F.,(5,5),(0.,1.),.PIECEWISE_BEZIER_KNOTS.);
#1293 = CARTESIAN_POINT('',(2.485,0.));
#1294 = CARTESIAN_POINT('',(2.486044445893,6.666675825782E-02));
#1295 = CARTESIAN_POINT('',(2.487101269168,0.133333457259));
#1296 = CARTESIAN_POINT('',(2.488170800901,0.200000094368));
#1297 = CARTESIAN_POINT('',(2.48925339391,0.266666666667));
#1298 = ( GEOMETRIC_REPRESENTATION_CONTEXT(2) 
PARAMETRIC_REPRESENTATION_CONTEXT() REPRESENTATION_CONTEXT('2D SPACE',''
  ) );
#1299 = PCURVE('',#1300,#1305);
#1300 = PLANE('',#1301);
#1301 = AXIS2_PLACEMENT_3D('',#1302,#1303,#1304);
#1302 = CARTESIAN_POINT('',(2.485,2.5,0.));
#1303 = DIRECTION('',(1.,0.,0.));
#1304 = DIRECTION('',(0.,-1.,0.));
#1305 = DEFINITIONAL_REPRESENTATION('',(#1306),#1312);
#1306 = B_SPLINE_CURVE_WITH_KNOTS('',4,(#1307,#1308,#1309,#1310,#1311),
  .UNSPECIFIED.,.F.,.F.,(5,5),(0.,1.),.PIECEWISE_BEZIER_KNOTS.);
#1307 = CARTESIAN_POINT('',(0.,0.));
#1308 = CARTESIAN_POINT('',(1.000001373867E-02,-0.100000137387));
#1309 = CARTESIAN_POINT('',(2.000001858891E-02,-0.200000185889));
#1310 = CARTESIAN_POINT('',(3.000001415526E-02,-0.300000141553));
#1311 = CARTESIAN_POINT('',(4.E-02,-0.4));
#1312 = ( GEOMETRIC_REPRESENTATION_CONTEXT(2) 
PARAMETRIC_REPRESENTATION_CONTEXT() REPRESENTATION_CONTEXT('2D SPACE',''
  ) );
#1313 = ORIENTED_EDGE('',*,*,#1314,.T.);
#1314 = EDGE_CURVE('',#1281,#1315,#1317,.T.);
#1315 = VERTEX_POINT('',#1316);
#1316 = CARTESIAN_POINT('',(3.54,2.5,0.));
#1317 = SURFACE_CURVE('',#1318,(#1322,#1329),.PCURVE_S1.);
#1318 = LINE('',#1319,#1320);
#1319 = CARTESIAN_POINT('',(0.,2.5,0.));
#1320 = VECTOR('',#1321,1.);
#1321 = DIRECTION('',(1.,0.,0.));
#1322 = PCURVE('',#32,#1323);
#1323 = DEFINITIONAL_REPRESENTATION('',(#1324),#1328);
#1324 = LINE('',#1325,#1326);
#1325 = CARTESIAN_POINT('',(0.,0.));
#1326 = VECTOR('',#1327,1.);
#1327 = DIRECTION('',(1.,0.));
#1328 = ( GEOMETRIC_REPRESENTATION_CONTEXT(2) 
PARAMETRIC_REPRESENTATION_CONTEXT() REPRESENTATION_CONTEXT('2D SPACE',''
  ) );
#1329 = PCURVE('',#44,#1330);
#1330 = DEFINITIONAL_REPRESENTATION('',(#1331),#1335);
#1331 = LINE('',#1332,#1333);
#1332 = CARTESIAN_POINT('',(0.,0.));
#1333 = VECTOR('',#1334,1.);
#1334 = DIRECTION('',(0.874157276122,0.485642931179));
#1335 = ( GEOMETRIC_REPRESENTATION_CONTEXT(2) 
PARAMETRIC_REPRESENTATION_CONTEXT() REPRESENTATION_CONTEXT('2D SPACE',''
  ) );
#1336 = ORIENTED_EDGE('',*,*,#1337,.T.);
#1337 = EDGE_CURVE('',#1315,#1338,#1340,.T.);
#1338 = VERTEX_POINT('',#1339);
#1339 = CARTESIAN_POINT('',(3.54,2.46,0.4));
#1340 = SURFACE_CURVE('',#1341,(#1443,#1548),.PCURVE_S1.);
#1341 = B_SPLINE_CURVE_WITH_KNOTS('',4,(#1342,#1343,#1344,#1345,#1346,
    #1347,#1348,#1349,#1350,#1351,#1352,#1353,#1354,#1355,#1356,#1357,
    #1358,#1359,#1360,#1361,#1362,#1363,#1364,#1365,#1366,#1367,#1368,
    #1369,#1370,#1371,#1372,#1373,#1374,#1375,#1376,#1377,#1378,#1379,
    #1380,#1381,#1382,#1383,#1384,#1385,#1386,#1387,#1388,#1389,#1390,
    #1391,#1392,#1393,#1394,#1395,#1396,#1397,#1398,#1399,#1400,#1401,
    #1402,#1403,#1404,#1405,#1406,#1407,#1408,#1409,#1410,#1411,#1412,
    #1413,#1414,#1415,#1416,#1417,#1418,#1419,#1420,#1421,#1422,#1423,
    #1424,#1425,#1426,#1427,#1428,#1429,#1430,#1431,#1432,#1433,#1434,
    #1435,#1436,#1437,#1438,#1439,#1440,#1441,#1442),.UNSPECIFIED.,.F.,
  .F.,(5,3,3,3,3,3,3,3,3,3,3,3,3,3,3,3,3,3,3,3,3,3,3,3,3,3,3,3,3,3,3,3,3
    ,5),(0.,2.979822027853E-02,5.960773904217E-02,8.942866039553E-02,
    0.119261089552,0.149105132848,0.178960897752,0.208828492886,
    0.238708028031,0.267603032605,0.29750637458,0.327421989228,
    0.357349991081,0.387290495901,0.417243620702,0.447209483759,
    0.477188204625,0.507179904145,0.537184704475,0.567202729095,
    0.597234102826,0.627278951843,0.657337403699,0.687409587333,
    0.717495633092,0.747595672746,0.777709839507,0.807838268044,
    0.837981094502,0.868138456523,0.898310493258,0.928497345389,
    0.958699155149,1.),.UNSPECIFIED.);
#1342 = CARTESIAN_POINT('',(3.54,2.5,0.));
#1343 = CARTESIAN_POINT('',(3.54,2.498874788531,1.125211469346E-02));
#1344 = CARTESIAN_POINT('',(3.54,2.497749718029,2.250281970765E-02));
#1345 = CARTESIAN_POINT('',(3.54,2.496624789068,3.375210931823E-02));
#1346 = CARTESIAN_POINT('',(3.54,2.494374788878,5.625211122459E-02));
#1347 = CARTESIAN_POINT('',(3.54,2.493249717757,6.750282243256E-02));
#1348 = CARTESIAN_POINT('',(3.54,2.492124789422,7.875210577855E-02));
#1349 = CARTESIAN_POINT('',(3.54,2.489874789229,0.101252107707));
#1350 = CARTESIAN_POINT('',(3.54,2.488749717481,0.112502825193));
#1351 = CARTESIAN_POINT('',(3.54,2.48762478978,0.123752102202));
#1352 = CARTESIAN_POINT('',(3.54,2.485374789585,0.146252104153));
#1353 = CARTESIAN_POINT('',(3.54,2.484249717202,0.157502827978));
#1354 = CARTESIAN_POINT('',(3.54,2.483124790141,0.168752098587));
#1355 = CARTESIAN_POINT('',(3.54,2.480874789944,0.191252100561));
#1356 = CARTESIAN_POINT('',(3.54,2.479749716921,0.202502830789));
#1357 = CARTESIAN_POINT('',(3.54,2.478624790507,0.213752094934));
#1358 = CARTESIAN_POINT('',(3.54,2.476374790307,0.23625209693));
#1359 = CARTESIAN_POINT('',(3.54,2.475249716637,0.247502833625));
#1360 = CARTESIAN_POINT('',(3.54,2.474124790876,0.258752091241));
#1361 = CARTESIAN_POINT('',(3.54,2.471874790674,0.28125209326));
#1362 = CARTESIAN_POINT('',(3.54,2.470749716351,0.292502836486));
#1363 = CARTESIAN_POINT('',(3.54,2.469624791249,0.303752087508));
#1364 = CARTESIAN_POINT('',(3.54,2.467374791045,0.32625208955));
#1365 = CARTESIAN_POINT('',(3.54,2.466249716063,0.337502839372));
#1366 = CARTESIAN_POINT('',(3.54,2.465124791627,0.348752083735));
#1367 = CARTESIAN_POINT('',(3.54,2.462912306337,0.370876936627));
#1368 = CARTESIAN_POINT('',(3.54,2.461824735687,0.381752643126));
#1369 = CARTESIAN_POINT('',(3.54,2.460737306944,0.392626930557));
#1370 = CARTESIAN_POINT('',(3.54,2.458524791787,0.414752082135));
#1371 = CARTESIAN_POINT('',(3.54,2.457399715488,0.42600284512));
#1372 = CARTESIAN_POINT('',(3.54,2.456274792381,0.437252076191));
#1373 = CARTESIAN_POINT('',(3.54,2.45402479217,0.459752078302));
#1374 = CARTESIAN_POINT('',(3.54,2.452899715192,0.47100284808));
#1375 = CARTESIAN_POINT('',(3.54,2.451774792771,0.482252072291));
#1376 = CARTESIAN_POINT('',(3.54,2.449524792557,0.504752074426));
#1377 = CARTESIAN_POINT('',(3.54,2.448399714894,0.516002851064));
#1378 = CARTESIAN_POINT('',(3.54,2.447274793165,0.527252068347));
#1379 = CARTESIAN_POINT('',(3.54,2.445024792949,0.549752070506));
#1380 = CARTESIAN_POINT('',(3.54,2.443899714593,0.561002854072));
#1381 = CARTESIAN_POINT('',(3.54,2.442774793564,0.572252064358));
#1382 = CARTESIAN_POINT('',(3.54,2.440524793346,0.59475206654));
#1383 = CARTESIAN_POINT('',(3.54,2.43939971429,0.606002857105));
#1384 = CARTESIAN_POINT('',(3.54,2.438274793968,0.617252060323));
#1385 = CARTESIAN_POINT('',(3.54,2.436024793747,0.639752062529));
#1386 = CARTESIAN_POINT('',(3.54,2.434899713984,0.651002860162));
#1387 = CARTESIAN_POINT('',(3.54,2.433774794376,0.662252056241));
#1388 = CARTESIAN_POINT('',(3.54,2.431524794153,0.684752058472));
#1389 = CARTESIAN_POINT('',(3.54,2.430399713676,0.696002863242));
#1390 = CARTESIAN_POINT('',(3.54,2.429274794789,0.707252052112));
#1391 = CARTESIAN_POINT('',(3.54,2.427024794563,0.729752054366));
#1392 = CARTESIAN_POINT('',(3.54,2.425899713365,0.741002866346));
#1393 = CARTESIAN_POINT('',(3.54,2.424774795207,0.752252047933));
#1394 = CARTESIAN_POINT('',(3.54,2.422524794979,0.774752050212));
#1395 = CARTESIAN_POINT('',(3.54,2.421399713053,0.786002869474));
#1396 = CARTESIAN_POINT('',(3.54,2.420274795629,0.797252043705));
#1397 = CARTESIAN_POINT('',(3.54,2.418024795399,0.819752046009));
#1398 = CARTESIAN_POINT('',(3.54,2.416899712737,0.831002872625));
#1399 = CARTESIAN_POINT('',(3.54,2.415774796057,0.842252039426));
#1400 = CARTESIAN_POINT('',(3.54,2.413524795825,0.864752041754));
#1401 = CARTESIAN_POINT('',(3.54,2.41239971242,0.876002875799));
#1402 = CARTESIAN_POINT('',(3.54,2.41127479649,0.887252035095));
#1403 = CARTESIAN_POINT('',(3.54,2.409024796255,0.909752037449));
#1404 = CARTESIAN_POINT('',(3.54,2.4078997121,0.921002878996));
#1405 = CARTESIAN_POINT('',(3.54,2.406774796929,0.932252030712));
#1406 = CARTESIAN_POINT('',(3.54,2.404524796691,0.95475203309));
#1407 = CARTESIAN_POINT('',(3.54,2.403399711778,0.966002882215));
#1408 = CARTESIAN_POINT('',(3.54,2.402274797373,0.977252026274));
#1409 = CARTESIAN_POINT('',(3.54,2.400024797132,0.999752028677));
#1410 = CARTESIAN_POINT('',(3.54,2.398899711454,1.011002885457));
#1411 = CARTESIAN_POINT('',(3.54,2.397774797822,1.022252021782));
#1412 = CARTESIAN_POINT('',(3.54,2.395524797579,1.04475202421));
#1413 = CARTESIAN_POINT('',(3.54,2.394399711128,1.05600288872));
#1414 = CARTESIAN_POINT('',(3.54,2.393274798277,1.067252017233));
#1415 = CARTESIAN_POINT('',(3.54,2.391024798031,1.089752019687));
#1416 = CARTESIAN_POINT('',(3.54,2.3898997108,1.101002892005));
#1417 = CARTESIAN_POINT('',(3.54,2.388774798737,1.112252012627));
#1418 = CARTESIAN_POINT('',(3.54,2.386524798489,1.134752015106));
#1419 = CARTESIAN_POINT('',(3.54,2.385399710469,1.146002895311));
#1420 = CARTESIAN_POINT('',(3.54,2.384274799204,1.157252007963));
#1421 = CARTESIAN_POINT('',(3.54,2.382024798953,1.179752010467));
#1422 = CARTESIAN_POINT('',(3.54,2.380899710136,1.191002898637));
#1423 = CARTESIAN_POINT('',(3.54,2.379774799676,1.202252003239));
#1424 = CARTESIAN_POINT('',(3.54,2.377524799423,1.224752005768));
#1425 = CARTESIAN_POINT('',(3.54,2.376399709802,1.236002901985));
#1426 = CARTESIAN_POINT('',(3.54,2.375274800155,1.247251998453));
#1427 = CARTESIAN_POINT('',(3.54,2.373024799899,1.269752001009));
#1428 = CARTESIAN_POINT('',(3.54,2.371899709465,1.281002905352));
#1429 = CARTESIAN_POINT('',(3.54,2.370774800639,1.292251993606));
#1430 = CARTESIAN_POINT('',(3.54,2.368524800381,1.314751996187));
#1431 = CARTESIAN_POINT('',(3.54,2.367399709126,1.326002908739));
#1432 = CARTESIAN_POINT('',(3.54,2.36627480113,1.337251988695));
#1433 = CARTESIAN_POINT('',(3.54,2.36402480087,1.359751991302));
#1434 = CARTESIAN_POINT('',(3.54,2.362899708786,1.371002912145));
#1435 = CARTESIAN_POINT('',(3.54,2.361774801628,1.382251983719));
#1436 = CARTESIAN_POINT('',(3.54,2.359524801365,1.404751986352));
#1437 = CARTESIAN_POINT('',(3.54,2.358399708443,1.41600291557));
#1438 = CARTESIAN_POINT('',(3.54,2.357274802132,1.427251978677));
#1439 = CARTESIAN_POINT('',(3.54,2.354612034875,1.453879651253));
#1440 = CARTESIAN_POINT('',(3.54,2.353074336944,1.469256630561));
#1441 = CARTESIAN_POINT('',(3.54,2.351536991339,1.484630086615));
#1442 = CARTESIAN_POINT('',(3.54,2.35,1.5));
#1443 = PCURVE('',#32,#1444);
#1444 = DEFINITIONAL_REPRESENTATION('',(#1445),#1547);
#1445 = B_SPLINE_CURVE_WITH_KNOTS('',4,(#1446,#1447,#1448,#1449,#1450,
    #1451,#1452,#1453,#1454,#1455,#1456,#1457,#1458,#1459,#1460,#1461,
    #1462,#1463,#1464,#1465,#1466,#1467,#1468,#1469,#1470,#1471,#1472,
    #1473,#1474,#1475,#1476,#1477,#1478,#1479,#1480,#1481,#1482,#1483,
    #1484,#1485,#1486,#1487,#1488,#1489,#1490,#1491,#1492,#1493,#1494,
    #1495,#1496,#1497,#1498,#1499,#1500,#1501,#1502,#1503,#1504,#1505,
    #1506,#1507,#1508,#1509,#1510,#1511,#1512,#1513,#1514,#1515,#1516,
    #1517,#1518,#1519,#1520,#1521,#1522,#1523,#1524,#1525,#1526,#1527,
    #1528,#1529,#1530,#1531,#1532,#1533,#1534,#1535,#1536,#1537,#1538,
    #1539,#1540,#1541,#1542,#1543,#1544,#1545,#1546),.UNSPECIFIED.,.F.,
  .F.,(5,3,3,3,3,3,3,3,3,3,3,3,3,3,3,3,3,3,3,3,3,3,3,3,3,3,3,3,3,3,3,3,3
    ,5),(0.,2.979822027853E-02,5.960773904217E-02,8.942866039553E-02,
    0.119261089552,0.149105132848,0.178960897752,0.208828492886,
    0.238708028031,0.267603032605,0.29750637458,0.327421989228,
    0.357349991081,0.387290495901,0.417243620702,0.447209483759,
    0.477188204625,0.507179904145,0.537184704475,0.567202729095,
    0.597234102826,0.627278951843,0.657337403699,0.687409587333,
    0.717495633092,0.747595672746,0.777709839507,0.807838268044,
    0.837981094502,0.868138456523,0.898310493258,0.928497345389,
    0.958699155149,1.),.UNSPECIFIED.);
#1446 = CARTESIAN_POINT('',(3.54,0.));
#1447 = CARTESIAN_POINT('',(3.540645121251,7.501409795643E-03));
#1448 = CARTESIAN_POINT('',(3.541291021979,1.50018798051E-02));
#1449 = CARTESIAN_POINT('',(3.541937704001,2.250140621215E-02));
#1450 = CARTESIAN_POINT('',(3.543232879629,3.750140748306E-02));
#1451 = CARTESIAN_POINT('',(3.543881373837,4.500188162171E-02));
#1452 = CARTESIAN_POINT('',(3.544530653471,5.250140385237E-02));
#1453 = CARTESIAN_POINT('',(3.545831035829,6.750140513813E-02));
#1454 = CARTESIAN_POINT('',(3.546482139156,7.500188346192E-02));
#1455 = CARTESIAN_POINT('',(3.54713403209,8.250140146785E-02));
#1456 = CARTESIAN_POINT('',(3.548439652638,9.750140276853E-02));
#1457 = CARTESIAN_POINT('',(3.549093380863,0.105001885319));
#1458 = CARTESIAN_POINT('',(3.549747902905,0.112501399058));
#1459 = CARTESIAN_POINT('',(3.551058793358,0.127501400374));
#1460 = CARTESIAN_POINT('',(3.551715162389,0.135001887193));
#1461 = CARTESIAN_POINT('',(3.552372329473,0.142501396623));
#1462 = CARTESIAN_POINT('',(3.553688521801,0.157501397953));
#1463 = CARTESIAN_POINT('',(3.554347547675,0.165001889083));
#1464 = CARTESIAN_POINT('',(3.555007375864,0.172501394161));
#1465 = CARTESIAN_POINT('',(3.556328902299,0.187501395507));
#1466 = CARTESIAN_POINT('',(3.556990601182,0.195001890991));
#1467 = CARTESIAN_POINT('',(3.557653106671,0.202501391672));
#1468 = CARTESIAN_POINT('',(3.558979999703,0.217501393034));
#1469 = CARTESIAN_POINT('',(3.559644387893,0.225001892915));
#1470 = CARTESIAN_POINT('',(3.560309587008,0.232501389157));
#1471 = CARTESIAN_POINT('',(3.561619665691,0.247251291085));
#1472 = CARTESIAN_POINT('',(3.562264492579,0.254501762084));
#1473 = CARTESIAN_POINT('',(3.562910081226,0.261751287038));
#1474 = CARTESIAN_POINT('',(3.564225340879,0.27650138809));
#1475 = CARTESIAN_POINT('',(3.564895066097,0.284001896747));
#1476 = CARTESIAN_POINT('',(3.565565610817,0.291501384127));
#1477 = CARTESIAN_POINT('',(3.566908618524,0.306501385535));
#1478 = CARTESIAN_POINT('',(3.567581082185,0.31400189872));
#1479 = CARTESIAN_POINT('',(3.568254369752,0.321501381527));
#1480 = CARTESIAN_POINT('',(3.569602875572,0.336501382951));
#1481 = CARTESIAN_POINT('',(3.57027809451,0.344001900709));
#1482 = CARTESIAN_POINT('',(3.570954141785,0.351501378898));
#1483 = CARTESIAN_POINT('',(3.572308179552,0.366501380337));
#1484 = CARTESIAN_POINT('',(3.572986170737,0.374001902715));
#1485 = CARTESIAN_POINT('',(3.57366499472,0.381501376239));
#1486 = CARTESIAN_POINT('',(3.575024598542,0.396501377694));
#1487 = CARTESIAN_POINT('',(3.575705379086,0.404001904737));
#1488 = CARTESIAN_POINT('',(3.576386996917,0.411501373549));
#1489 = CARTESIAN_POINT('',(3.577752201187,0.42650137502));
#1490 = CARTESIAN_POINT('',(3.57843578834,0.434001906774));
#1491 = CARTESIAN_POINT('',(3.579120217299,0.441501370828));
#1492 = CARTESIAN_POINT('',(3.580491056692,0.456501372314));
#1493 = CARTESIAN_POINT('',(3.581177467849,0.464001908828));
#1494 = CARTESIAN_POINT('',(3.581864725361,0.471501368074));
#1495 = CARTESIAN_POINT('',(3.583241234839,0.486501369578));
#1496 = CARTESIAN_POINT('',(3.583930487538,0.494001910898));
#1497 = CARTESIAN_POINT('',(3.584620591171,0.501501365289));
#1498 = CARTESIAN_POINT('',(3.586002805985,0.516501366808));
#1499 = CARTESIAN_POINT('',(3.586694917911,0.524001912983));
#1500 = CARTESIAN_POINT('',(3.587387885379,0.53150136247));
#1501 = CARTESIAN_POINT('',(3.588775841074,0.546501364006));
#1502 = CARTESIAN_POINT('',(3.589470830058,0.554001915083));
#1503 = CARTESIAN_POINT('',(3.590166679222,0.561501359617));
#1504 = CARTESIAN_POINT('',(3.591560411639,0.57650136117));
#1505 = CARTESIAN_POINT('',(3.592258295659,0.584001917199));
#1506 = CARTESIAN_POINT('',(3.592957044529,0.59150135673));
#1507 = CARTESIAN_POINT('',(3.594356589807,0.606501358299));
#1508 = CARTESIAN_POINT('',(3.595057386994,0.614001919331));
#1509 = CARTESIAN_POINT('',(3.59575905373,0.621501353808));
#1510 = CARTESIAN_POINT('',(3.597164448311,0.636501355393));
#1511 = CARTESIAN_POINT('',(3.597868176947,0.644001921477));
#1512 = CARTESIAN_POINT('',(3.598572779861,0.65150135085));
#1513 = CARTESIAN_POINT('',(3.599984060492,0.666501352452));
#1514 = CARTESIAN_POINT('',(3.600690739011,0.674001923638));
#1515 = CARTESIAN_POINT('',(3.601398296569,0.681501347855));
#1516 = CARTESIAN_POINT('',(3.602815500306,0.696501349473));
#1517 = CARTESIAN_POINT('',(3.603525147297,0.704001925813));
#1518 = CARTESIAN_POINT('',(3.60423567812,0.711501344822));
#1519 = CARTESIAN_POINT('',(3.605658842329,0.726501346458));
#1520 = CARTESIAN_POINT('',(3.606371476539,0.734001928003));
#1521 = CARTESIAN_POINT('',(3.607084999406,0.741501341752));
#1522 = CARTESIAN_POINT('',(3.608514161769,0.756501343404));
#1523 = CARTESIAN_POINT('',(3.609229802103,0.764001930207));
#1524 = CARTESIAN_POINT('',(3.609946335948,0.771501338642));
#1525 = CARTESIAN_POINT('',(3.611381534466,0.786501340311));
#1526 = CARTESIAN_POINT('',(3.612100199987,0.794001932425));
#1527 = CARTESIAN_POINT('',(3.612819763908,0.801501335492));
#1528 = CARTESIAN_POINT('',(3.614261036902,0.816501337179));
#1529 = CARTESIAN_POINT('',(3.614982746837,0.824001934656));
#1530 = CARTESIAN_POINT('',(3.615705360091,0.831501332302));
#1531 = CARTESIAN_POINT('',(3.617152746209,0.846501334006));
#1532 = CARTESIAN_POINT('',(3.617877519947,0.854001936901));
#1533 = CARTESIAN_POINT('',(3.618603201956,0.861501329071));
#1534 = CARTESIAN_POINT('',(3.620056740173,0.876501330791));
#1535 = CARTESIAN_POINT('',(3.620784597268,0.884001939159));
#1536 = CARTESIAN_POINT('',(3.621513367619,0.891501325797));
#1537 = CARTESIAN_POINT('',(3.622973097243,0.906501327535));
#1538 = CARTESIAN_POINT('',(3.623704057416,0.91400194143));
#1539 = CARTESIAN_POINT('',(3.624435935862,0.92150132248));
#1540 = CARTESIAN_POINT('',(3.625901896536,0.936501324235));
#1541 = CARTESIAN_POINT('',(3.626635979677,0.944001943713));
#1542 = CARTESIAN_POINT('',(3.627370986141,0.951501319118));
#1543 = CARTESIAN_POINT('',(3.629113301662,0.969253100835));
#1544 = CARTESIAN_POINT('',(3.630121415847,0.979504420374));
#1545 = CARTESIAN_POINT('',(3.631131265919,0.989753391077));
#1546 = CARTESIAN_POINT('',(3.632142857143,1.));
#1547 = ( GEOMETRIC_REPRESENTATION_CONTEXT(2) 
PARAMETRIC_REPRESENTATION_CONTEXT() REPRESENTATION_CONTEXT('2D SPACE',''
  ) );
#1548 = PCURVE('',#1549,#1554);
#1549 = PLANE('',#1550);
#1550 = AXIS2_PLACEMENT_3D('',#1551,#1552,#1553);
#1551 = CARTESIAN_POINT('',(3.54,2.5,0.));
#1552 = DIRECTION('',(1.,0.,0.));
#1553 = DIRECTION('',(0.,-1.,0.));
#1554 = DEFINITIONAL_REPRESENTATION('',(#1555),#1657);
#1555 = B_SPLINE_CURVE_WITH_KNOTS('',4,(#1556,#1557,#1558,#1559,#1560,
    #1561,#1562,#1563,#1564,#1565,#1566,#1567,#1568,#1569,#1570,#1571,
    #1572,#1573,#1574,#1575,#1576,#1577,#1578,#1579,#1580,#1581,#1582,
    #1583,#1584,#1585,#1586,#1587,#1588,#1589,#1590,#1591,#1592,#1593,
    #1594,#1595,#1596,#1597,#1598,#1599,#1600,#1601,#1602,#1603,#1604,
    #1605,#1606,#1607,#1608,#1609,#1610,#1611,#1612,#1613,#1614,#1615,
    #1616,#1617,#1618,#1619,#1620,#1621,#1622,#1623,#1624,#1625,#1626,
    #1627,#1628,#1629,#1630,#1631,#1632,#1633,#1634,#1635,#1636,#1637,
    #1638,#1639,#1640,#1641,#1642,#1643,#1644,#1645,#1646,#1647,#1648,
    #1649,#1650,#1651,#1652,#1653,#1654,#1655,#1656),.UNSPECIFIED.,.F.,
  .F.,(5,3,3,3,3,3,3,3,3,3,3,3,3,3,3,3,3,3,3,3,3,3,3,3,3,3,3,3,3,3,3,3,3
    ,5),(0.,2.979822027853E-02,5.960773904217E-02,8.942866039553E-02,
    0.119261089552,0.149105132848,0.178960897752,0.208828492886,
    0.238708028031,0.267603032605,0.29750637458,0.327421989228,
    0.357349991081,0.387290495901,0.417243620702,0.447209483759,
    0.477188204625,0.507179904145,0.537184704475,0.567202729095,
    0.597234102826,0.627278951843,0.657337403699,0.687409587333,
    0.717495633092,0.747595672746,0.777709839507,0.807838268044,
    0.837981094502,0.868138456523,0.898310493258,0.928497345389,
    0.958699155149,1.),.UNSPECIFIED.);
#1556 = CARTESIAN_POINT('',(0.,0.));
#1557 = CARTESIAN_POINT('',(1.125211469346E-03,-1.125211469346E-02));
#1558 = CARTESIAN_POINT('',(2.250281970766E-03,-2.250281970765E-02));
#1559 = CARTESIAN_POINT('',(3.375210931823E-03,-3.375210931823E-02));
#1560 = CARTESIAN_POINT('',(5.625211122459E-03,-5.625211122459E-02));
#1561 = CARTESIAN_POINT('',(6.750282243256E-03,-6.750282243256E-02));
#1562 = CARTESIAN_POINT('',(7.875210577855E-03,-7.875210577855E-02));
#1563 = CARTESIAN_POINT('',(1.012521077072E-02,-0.101252107707));
#1564 = CARTESIAN_POINT('',(1.125028251929E-02,-0.112502825193));
#1565 = CARTESIAN_POINT('',(1.237521022018E-02,-0.123752102202));
#1566 = CARTESIAN_POINT('',(1.462521041528E-02,-0.146252104153));
#1567 = CARTESIAN_POINT('',(1.575028279785E-02,-0.157502827978));
#1568 = CARTESIAN_POINT('',(1.687520985871E-02,-0.168752098587));
#1569 = CARTESIAN_POINT('',(1.912521005607E-02,-0.191252100561));
#1570 = CARTESIAN_POINT('',(2.025028307892E-02,-0.202502830789));
#1571 = CARTESIAN_POINT('',(2.137520949338E-02,-0.213752094934));
#1572 = CARTESIAN_POINT('',(2.362520969301E-02,-0.23625209693));
#1573 = CARTESIAN_POINT('',(2.475028336252E-02,-0.247502833625));
#1574 = CARTESIAN_POINT('',(2.587520912412E-02,-0.258752091241));
#1575 = CARTESIAN_POINT('',(2.812520932603E-02,-0.28125209326));
#1576 = CARTESIAN_POINT('',(2.925028364862E-02,-0.292502836486));
#1577 = CARTESIAN_POINT('',(3.037520875084E-02,-0.303752087508));
#1578 = CARTESIAN_POINT('',(3.262520895505E-02,-0.32625208955));
#1579 = CARTESIAN_POINT('',(3.375028393721E-02,-0.337502839372));
#1580 = CARTESIAN_POINT('',(3.487520837348E-02,-0.348752083735));
#1581 = CARTESIAN_POINT('',(3.708769366272E-02,-0.370876936627));
#1582 = CARTESIAN_POINT('',(3.817526431263E-02,-0.381752643126));
#1583 = CARTESIAN_POINT('',(3.926269305565E-02,-0.392626930557));
#1584 = CARTESIAN_POINT('',(4.14752082135E-02,-0.414752082135));
#1585 = CARTESIAN_POINT('',(4.260028451204E-02,-0.42600284512));
#1586 = CARTESIAN_POINT('',(4.372520761908E-02,-0.437252076191));
#1587 = CARTESIAN_POINT('',(4.59752078302E-02,-0.459752078302));
#1588 = CARTESIAN_POINT('',(4.710028480799E-02,-0.47100284808));
#1589 = CARTESIAN_POINT('',(4.822520722911E-02,-0.482252072291));
#1590 = CARTESIAN_POINT('',(5.047520744258E-02,-0.504752074426));
#1591 = CARTESIAN_POINT('',(5.160028510639E-02,-0.516002851064));
#1592 = CARTESIAN_POINT('',(5.272520683471E-02,-0.527252068347));
#1593 = CARTESIAN_POINT('',(5.497520705055E-02,-0.549752070506));
#1594 = CARTESIAN_POINT('',(5.610028540723E-02,-0.561002854072));
#1595 = CARTESIAN_POINT('',(5.722520643581E-02,-0.572252064358));
#1596 = CARTESIAN_POINT('',(5.947520665404E-02,-0.59475206654));
#1597 = CARTESIAN_POINT('',(6.060028571049E-02,-0.606002857105));
#1598 = CARTESIAN_POINT('',(6.172520603231E-02,-0.617252060323));
#1599 = CARTESIAN_POINT('',(6.397520625294E-02,-0.639752062529));
#1600 = CARTESIAN_POINT('',(6.510028601616E-02,-0.651002860162));
#1601 = CARTESIAN_POINT('',(6.622520562413E-02,-0.662252056241));
#1602 = CARTESIAN_POINT('',(6.847520584717E-02,-0.684752058472));
#1603 = CARTESIAN_POINT('',(6.960028632422E-02,-0.696002863242));
#1604 = CARTESIAN_POINT('',(7.072520521117E-02,-0.707252052112));
#1605 = CARTESIAN_POINT('',(7.297520543664E-02,-0.729752054366));
#1606 = CARTESIAN_POINT('',(7.410028663465E-02,-0.741002866346));
#1607 = CARTESIAN_POINT('',(7.522520479333E-02,-0.752252047933));
#1608 = CARTESIAN_POINT('',(7.747520502124E-02,-0.774752050212));
#1609 = CARTESIAN_POINT('',(7.860028694742E-02,-0.786002869474));
#1610 = CARTESIAN_POINT('',(7.972520437051E-02,-0.797252043705));
#1611 = CARTESIAN_POINT('',(8.197520460087E-02,-0.819752046009));
#1612 = CARTESIAN_POINT('',(8.310028726252E-02,-0.831002872625));
#1613 = CARTESIAN_POINT('',(8.422520394262E-02,-0.842252039426));
#1614 = CARTESIAN_POINT('',(8.647520417545E-02,-0.864752041754));
#1615 = CARTESIAN_POINT('',(8.760028757992E-02,-0.876002875799));
#1616 = CARTESIAN_POINT('',(8.872520350955E-02,-0.887252035095));
#1617 = CARTESIAN_POINT('',(9.097520374485E-02,-0.909752037449));
#1618 = CARTESIAN_POINT('',(9.210028789959E-02,-0.921002878996));
#1619 = CARTESIAN_POINT('',(9.322520307119E-02,-0.932252030712));
#1620 = CARTESIAN_POINT('',(9.547520330899E-02,-0.95475203309));
#1621 = CARTESIAN_POINT('',(9.660028822151E-02,-0.966002882215));
#1622 = CARTESIAN_POINT('',(9.772520262744E-02,-0.977252026274));
#1623 = CARTESIAN_POINT('',(9.997520286774E-02,-0.999752028677));
#1624 = CARTESIAN_POINT('',(0.101100288546,-1.011002885457));
#1625 = CARTESIAN_POINT('',(0.102225202178,-1.022252021782));
#1626 = CARTESIAN_POINT('',(0.104475202421,-1.04475202421));
#1627 = CARTESIAN_POINT('',(0.105600288872,-1.05600288872));
#1628 = CARTESIAN_POINT('',(0.106725201723,-1.067252017233));
#1629 = CARTESIAN_POINT('',(0.108975201969,-1.089752019687));
#1630 = CARTESIAN_POINT('',(0.1101002892,-1.101002892005));
#1631 = CARTESIAN_POINT('',(0.111225201263,-1.112252012627));
#1632 = CARTESIAN_POINT('',(0.113475201511,-1.134752015106));
#1633 = CARTESIAN_POINT('',(0.114600289531,-1.146002895311));
#1634 = CARTESIAN_POINT('',(0.115725200796,-1.157252007963));
#1635 = CARTESIAN_POINT('',(0.117975201047,-1.179752010467));
#1636 = CARTESIAN_POINT('',(0.119100289864,-1.191002898637));
#1637 = CARTESIAN_POINT('',(0.120225200324,-1.202252003239));
#1638 = CARTESIAN_POINT('',(0.122475200577,-1.224752005768));
#1639 = CARTESIAN_POINT('',(0.123600290198,-1.236002901985));
#1640 = CARTESIAN_POINT('',(0.124725199845,-1.247251998453));
#1641 = CARTESIAN_POINT('',(0.126975200101,-1.269752001009));
#1642 = CARTESIAN_POINT('',(0.128100290535,-1.281002905352));
#1643 = CARTESIAN_POINT('',(0.129225199361,-1.292251993606));
#1644 = CARTESIAN_POINT('',(0.131475199619,-1.314751996187));
#1645 = CARTESIAN_POINT('',(0.132600290874,-1.326002908739));
#1646 = CARTESIAN_POINT('',(0.13372519887,-1.337251988695));
#1647 = CARTESIAN_POINT('',(0.13597519913,-1.359751991302));
#1648 = CARTESIAN_POINT('',(0.137100291214,-1.371002912145));
#1649 = CARTESIAN_POINT('',(0.138225198372,-1.382251983719));
#1650 = CARTESIAN_POINT('',(0.140475198635,-1.404751986352));
#1651 = CARTESIAN_POINT('',(0.141600291557,-1.41600291557));
#1652 = CARTESIAN_POINT('',(0.142725197868,-1.427251978677));
#1653 = CARTESIAN_POINT('',(0.145387965125,-1.453879651253));
#1654 = CARTESIAN_POINT('',(0.146925663056,-1.469256630561));
#1655 = CARTESIAN_POINT('',(0.148463008661,-1.484630086615));
#1656 = CARTESIAN_POINT('',(0.15,-1.5));
#1657 = ( GEOMETRIC_REPRESENTATION_CONTEXT(2) 
PARAMETRIC_REPRESENTATION_CONTEXT() REPRESENTATION_CONTEXT('2D SPACE',''
  ) );
#1658 = ORIENTED_EDGE('',*,*,#1659,.F.);
#1659 = EDGE_CURVE('',#1660,#1338,#1662,.T.);
#1660 = VERTEX_POINT('',#1661);
#1661 = CARTESIAN_POINT('',(3.96,2.46,0.4));
#1662 = SURFACE_CURVE('',#1663,(#1765,#1870),.PCURVE_S1.);
#1663 = B_SPLINE_CURVE_WITH_KNOTS('',4,(#1664,#1665,#1666,#1667,#1668,
    #1669,#1670,#1671,#1672,#1673,#1674,#1675,#1676,#1677,#1678,#1679,
    #1680,#1681,#1682,#1683,#1684,#1685,#1686,#1687,#1688,#1689,#1690,
    #1691,#1692,#1693,#1694,#1695,#1696,#1697,#1698,#1699,#1700,#1701,
    #1702,#1703,#1704,#1705,#1706,#1707,#1708,#1709,#1710,#1711,#1712,
    #1713,#1714,#1715,#1716,#1717,#1718,#1719,#1720,#1721,#1722,#1723,
    #1724,#1725,#1726,#1727,#1728,#1729,#1730,#1731,#1732,#1733,#1734,
    #1735,#1736,#1737,#1738,#1739,#1740,#1741,#1742,#1743,#1744,#1745,
    #1746,#1747,#1748,#1749,#1750,#1751,#1752,#1753,#1754,#1755,#1756,
    #1757,#1758,#1759,#1760,#1761,#1762,#1763,#1764),.UNSPECIFIED.,.F.,
  .F.,(5,3,3,3,3,3,3,3,3,3,3,3,3,3,3,3,3,3,3,3,3,3,3,3,3,3,3,3,3,3,3,3,3
    ,5),(0.,3.000000000001E-02,6.000000000002E-02,9.000000000003E-02,
    0.119,0.149,0.179,0.20814479638,0.238,0.268,0.298,0.328,0.358,0.388,
    0.418,0.448,0.478,0.508,0.538,0.568,0.598,0.628,0.658,0.688,0.718,
    0.748,0.778,0.808,0.838,0.868,0.898,0.928,0.958,1.),.UNSPECIFIED.);
#1664 = CARTESIAN_POINT('',(4.46,2.46,0.4));
#1665 = CARTESIAN_POINT('',(4.42685,2.46,0.4));
#1666 = CARTESIAN_POINT('',(4.3937,2.46,0.4));
#1667 = CARTESIAN_POINT('',(4.36055,2.46,0.4));
#1668 = CARTESIAN_POINT('',(4.29425,2.46,0.4));
#1669 = CARTESIAN_POINT('',(4.2611,2.46,0.4));
#1670 = CARTESIAN_POINT('',(4.22795,2.46,0.4));
#1671 = CARTESIAN_POINT('',(4.16165,2.46,0.4));
#1672 = CARTESIAN_POINT('',(4.1285,2.46,0.4));
#1673 = CARTESIAN_POINT('',(4.09535,2.46,0.4));
#1674 = CARTESIAN_POINT('',(4.030155,2.46,0.4));
#1675 = CARTESIAN_POINT('',(3.99811,2.46,0.4));
#1676 = CARTESIAN_POINT('',(3.966065,2.46,0.4));
#1677 = CARTESIAN_POINT('',(3.90087,2.46,0.4));
#1678 = CARTESIAN_POINT('',(3.86772,2.46,0.4));
#1679 = CARTESIAN_POINT('',(3.83457,2.46,0.4));
#1680 = CARTESIAN_POINT('',(3.76827,2.46,0.4));
#1681 = CARTESIAN_POINT('',(3.73512,2.46,0.4));
#1682 = CARTESIAN_POINT('',(3.70197,2.46,0.4));
#1683 = CARTESIAN_POINT('',(3.636615,2.46,0.4));
#1684 = CARTESIAN_POINT('',(3.60441,2.46,0.4));
#1685 = CARTESIAN_POINT('',(3.572205,2.46,0.4));
#1686 = CARTESIAN_POINT('',(3.50701,2.46,0.4));
#1687 = CARTESIAN_POINT('',(3.47402,2.46,0.4));
#1688 = CARTESIAN_POINT('',(3.44103,2.46,0.4));
#1689 = CARTESIAN_POINT('',(3.37489,2.46,0.4));
#1690 = CARTESIAN_POINT('',(3.34174,2.46,0.4));
#1691 = CARTESIAN_POINT('',(3.30859,2.46,0.4));
#1692 = CARTESIAN_POINT('',(3.24229,2.46,0.4));
#1693 = CARTESIAN_POINT('',(3.20914,2.46,0.4));
#1694 = CARTESIAN_POINT('',(3.17599,2.46,0.4));
#1695 = CARTESIAN_POINT('',(3.10969,2.46,0.4));
#1696 = CARTESIAN_POINT('',(3.07654,2.46,0.4));
#1697 = CARTESIAN_POINT('',(3.04339,2.46,0.4));
#1698 = CARTESIAN_POINT('',(2.97709,2.46,0.4));
#1699 = CARTESIAN_POINT('',(2.94394,2.46,0.4));
#1700 = CARTESIAN_POINT('',(2.91079,2.46,0.4));
#1701 = CARTESIAN_POINT('',(2.84449,2.46,0.4));
#1702 = CARTESIAN_POINT('',(2.81134,2.46,0.4));
#1703 = CARTESIAN_POINT('',(2.77819,2.46,0.4));
#1704 = CARTESIAN_POINT('',(2.71189,2.46,0.4));
#1705 = CARTESIAN_POINT('',(2.67874,2.46,0.4));
#1706 = CARTESIAN_POINT('',(2.64559,2.46,0.4));
#1707 = CARTESIAN_POINT('',(2.57929,2.46,0.4));
#1708 = CARTESIAN_POINT('',(2.54614,2.46,0.4));
#1709 = CARTESIAN_POINT('',(2.51299,2.46,0.4));
#1710 = CARTESIAN_POINT('',(2.44669,2.46,0.4));
#1711 = CARTESIAN_POINT('',(2.41354,2.46,0.4));
#1712 = CARTESIAN_POINT('',(2.38039,2.46,0.4));
#1713 = CARTESIAN_POINT('',(2.31409,2.46,0.4));
#1714 = CARTESIAN_POINT('',(2.28094,2.46,0.4));
#1715 = CARTESIAN_POINT('',(2.24779,2.46,0.4));
#1716 = CARTESIAN_POINT('',(2.18149,2.46,0.4));
#1717 = CARTESIAN_POINT('',(2.14834,2.46,0.4));
#1718 = CARTESIAN_POINT('',(2.11519,2.46,0.4));
#1719 = CARTESIAN_POINT('',(2.04889,2.46,0.4));
#1720 = CARTESIAN_POINT('',(2.01574,2.46,0.4));
#1721 = CARTESIAN_POINT('',(1.98259,2.46,0.4));
#1722 = CARTESIAN_POINT('',(1.91629,2.46,0.4));
#1723 = CARTESIAN_POINT('',(1.88314,2.46,0.4));
#1724 = CARTESIAN_POINT('',(1.84999,2.46,0.4));
#1725 = CARTESIAN_POINT('',(1.78369,2.46,0.4));
#1726 = CARTESIAN_POINT('',(1.75054,2.46,0.4));
#1727 = CARTESIAN_POINT('',(1.71739,2.46,0.4));
#1728 = CARTESIAN_POINT('',(1.65109,2.46,0.4));
#1729 = CARTESIAN_POINT('',(1.61794,2.46,0.4));
#1730 = CARTESIAN_POINT('',(1.58479,2.46,0.4));
#1731 = CARTESIAN_POINT('',(1.51849,2.46,0.4));
#1732 = CARTESIAN_POINT('',(1.48534,2.46,0.4));
#1733 = CARTESIAN_POINT('',(1.45219,2.46,0.4));
#1734 = CARTESIAN_POINT('',(1.38589,2.46,0.4));
#1735 = CARTESIAN_POINT('',(1.35274,2.46,0.4));
#1736 = CARTESIAN_POINT('',(1.31959,2.46,0.4));
#1737 = CARTESIAN_POINT('',(1.25329,2.46,0.4));
#1738 = CARTESIAN_POINT('',(1.22014,2.46,0.4));
#1739 = CARTESIAN_POINT('',(1.18699,2.46,0.4));
#1740 = CARTESIAN_POINT('',(1.12069,2.46,0.4));
#1741 = CARTESIAN_POINT('',(1.08754,2.46,0.4));
#1742 = CARTESIAN_POINT('',(1.05439,2.46,0.4));
#1743 = CARTESIAN_POINT('',(0.98809,2.46,0.4));
#1744 = CARTESIAN_POINT('',(0.95494,2.46,0.4));
#1745 = CARTESIAN_POINT('',(0.92179,2.46,0.4));
#1746 = CARTESIAN_POINT('',(0.85549,2.46,0.4));
#1747 = CARTESIAN_POINT('',(0.82234,2.46,0.4));
#1748 = CARTESIAN_POINT('',(0.78919,2.46,0.4));
#1749 = CARTESIAN_POINT('',(0.72289,2.46,0.4));
#1750 = CARTESIAN_POINT('',(0.68974,2.46,0.4));
#1751 = CARTESIAN_POINT('',(0.65659,2.46,0.4));
#1752 = CARTESIAN_POINT('',(0.59029,2.46,0.4));
#1753 = CARTESIAN_POINT('',(0.55714,2.46,0.4));
#1754 = CARTESIAN_POINT('',(0.52399,2.46,0.4));
#1755 = CARTESIAN_POINT('',(0.45769,2.46,0.4));
#1756 = CARTESIAN_POINT('',(0.42454,2.46,0.4));
#1757 = CARTESIAN_POINT('',(0.39139,2.46,0.4));
#1758 = CARTESIAN_POINT('',(0.32509,2.46,0.4));
#1759 = CARTESIAN_POINT('',(0.29194,2.46,0.4));
#1760 = CARTESIAN_POINT('',(0.25879,2.46,0.4));
#1761 = CARTESIAN_POINT('',(0.17923,2.46,0.4));
#1762 = CARTESIAN_POINT('',(0.13282,2.46,0.4));
#1763 = CARTESIAN_POINT('',(8.640999999998E-02,2.46,0.4));
#1764 = CARTESIAN_POINT('',(4.E-02,2.46,0.4));
#1765 = PCURVE('',#32,#1766);
#1766 = DEFINITIONAL_REPRESENTATION('',(#1767),#1869);
#1767 = B_SPLINE_CURVE_WITH_KNOTS('',4,(#1768,#1769,#1770,#1771,#1772,
    #1773,#1774,#1775,#1776,#1777,#1778,#1779,#1780,#1781,#1782,#1783,
    #1784,#1785,#1786,#1787,#1788,#1789,#1790,#1791,#1792,#1793,#1794,
    #1795,#1796,#1797,#1798,#1799,#1800,#1801,#1802,#1803,#1804,#1805,
    #1806,#1807,#1808,#1809,#1810,#1811,#1812,#1813,#1814,#1815,#1816,
    #1817,#1818,#1819,#1820,#1821,#1822,#1823,#1824,#1825,#1826,#1827,
    #1828,#1829,#1830,#1831,#1832,#1833,#1834,#1835,#1836,#1837,#1838,
    #1839,#1840,#1841,#1842,#1843,#1844,#1845,#1846,#1847,#1848,#1849,
    #1850,#1851,#1852,#1853,#1854,#1855,#1856,#1857,#1858,#1859,#1860,
    #1861,#1862,#1863,#1864,#1865,#1866,#1867,#1868),.UNSPECIFIED.,.F.,
  .F.,(5,3,3,3,3,3,3,3,3,3,3,3,3,3,3,3,3,3,3,3,3,3,3,3,3,3,3,3,3,3,3,3,3
    ,5),(0.,3.000000000001E-02,6.000000000002E-02,9.000000000003E-02,
    0.119,0.149,0.179,0.20814479638,0.238,0.268,0.298,0.328,0.358,0.388,
    0.418,0.448,0.478,0.508,0.538,0.568,0.598,0.628,0.658,0.688,0.718,
    0.748,0.778,0.808,0.838,0.868,0.898,0.928,0.958,1.),.UNSPECIFIED.);
#1768 = CARTESIAN_POINT('',(4.5,0.266666666667));
#1769 = CARTESIAN_POINT('',(4.46625,0.266666666667));
#1770 = CARTESIAN_POINT('',(4.4325,0.266666666667));
#1771 = CARTESIAN_POINT('',(4.39875,0.266666666667));
#1772 = CARTESIAN_POINT('',(4.33125,0.266666666667));
#1773 = CARTESIAN_POINT('',(4.2975,0.266666666667));
#1774 = CARTESIAN_POINT('',(4.26375,0.266666666667));
#1775 = CARTESIAN_POINT('',(4.19625,0.266666666667));
#1776 = CARTESIAN_POINT('',(4.1625,0.266666666667));
#1777 = CARTESIAN_POINT('',(4.12875,0.266666666667));
#1778 = CARTESIAN_POINT('',(4.062375,0.266666666667));
#1779 = CARTESIAN_POINT('',(4.02975,0.266666666667));
#1780 = CARTESIAN_POINT('',(3.997125,0.266666666667));
#1781 = CARTESIAN_POINT('',(3.93075,0.266666666667));
#1782 = CARTESIAN_POINT('',(3.897,0.266666666667));
#1783 = CARTESIAN_POINT('',(3.86325,0.266666666667));
#1784 = CARTESIAN_POINT('',(3.79575,0.266666666667));
#1785 = CARTESIAN_POINT('',(3.762,0.266666666667));
#1786 = CARTESIAN_POINT('',(3.72825,0.266666666667));
#1787 = CARTESIAN_POINT('',(3.661712104072,0.266666666667));
#1788 = CARTESIAN_POINT('',(3.628924208145,0.266666666667));
#1789 = CARTESIAN_POINT('',(3.596136312217,0.266666666667));
#1790 = CARTESIAN_POINT('',(3.529761312217,0.266666666667));
#1791 = CARTESIAN_POINT('',(3.496174208145,0.266666666667));
#1792 = CARTESIAN_POINT('',(3.462587104072,0.266666666667));
#1793 = CARTESIAN_POINT('',(3.39525,0.266666666667));
#1794 = CARTESIAN_POINT('',(3.3615,0.266666666667));
#1795 = CARTESIAN_POINT('',(3.32775,0.266666666667));
#1796 = CARTESIAN_POINT('',(3.26025,0.266666666667));
#1797 = CARTESIAN_POINT('',(3.2265,0.266666666667));
#1798 = CARTESIAN_POINT('',(3.19275,0.266666666667));
#1799 = CARTESIAN_POINT('',(3.12525,0.266666666667));
#1800 = CARTESIAN_POINT('',(3.0915,0.266666666667));
#1801 = CARTESIAN_POINT('',(3.05775,0.266666666667));
#1802 = CARTESIAN_POINT('',(2.99025,0.266666666667));
#1803 = CARTESIAN_POINT('',(2.9565,0.266666666667));
#1804 = CARTESIAN_POINT('',(2.92275,0.266666666667));
#1805 = CARTESIAN_POINT('',(2.85525,0.266666666667));
#1806 = CARTESIAN_POINT('',(2.8215,0.266666666667));
#1807 = CARTESIAN_POINT('',(2.78775,0.266666666667));
#1808 = CARTESIAN_POINT('',(2.72025,0.266666666667));
#1809 = CARTESIAN_POINT('',(2.6865,0.266666666667));
#1810 = CARTESIAN_POINT('',(2.65275,0.266666666667));
#1811 = CARTESIAN_POINT('',(2.58525,0.266666666667));
#1812 = CARTESIAN_POINT('',(2.5515,0.266666666667));
#1813 = CARTESIAN_POINT('',(2.51775,0.266666666667));
#1814 = CARTESIAN_POINT('',(2.45025,0.266666666667));
#1815 = CARTESIAN_POINT('',(2.4165,0.266666666667));
#1816 = CARTESIAN_POINT('',(2.38275,0.266666666667));
#1817 = CARTESIAN_POINT('',(2.31525,0.266666666667));
#1818 = CARTESIAN_POINT('',(2.2815,0.266666666667));
#1819 = CARTESIAN_POINT('',(2.24775,0.266666666667));
#1820 = CARTESIAN_POINT('',(2.18025,0.266666666667));
#1821 = CARTESIAN_POINT('',(2.1465,0.266666666667));
#1822 = CARTESIAN_POINT('',(2.11275,0.266666666667));
#1823 = CARTESIAN_POINT('',(2.04525,0.266666666667));
#1824 = CARTESIAN_POINT('',(2.0115,0.266666666667));
#1825 = CARTESIAN_POINT('',(1.97775,0.266666666667));
#1826 = CARTESIAN_POINT('',(1.91025,0.266666666667));
#1827 = CARTESIAN_POINT('',(1.8765,0.266666666667));
#1828 = CARTESIAN_POINT('',(1.84275,0.266666666667));
#1829 = CARTESIAN_POINT('',(1.77525,0.266666666667));
#1830 = CARTESIAN_POINT('',(1.7415,0.266666666667));
#1831 = CARTESIAN_POINT('',(1.70775,0.266666666667));
#1832 = CARTESIAN_POINT('',(1.64025,0.266666666667));
#1833 = CARTESIAN_POINT('',(1.6065,0.266666666667));
#1834 = CARTESIAN_POINT('',(1.57275,0.266666666667));
#1835 = CARTESIAN_POINT('',(1.50525,0.266666666667));
#1836 = CARTESIAN_POINT('',(1.4715,0.266666666667));
#1837 = CARTESIAN_POINT('',(1.43775,0.266666666667));
#1838 = CARTESIAN_POINT('',(1.37025,0.266666666667));
#1839 = CARTESIAN_POINT('',(1.3365,0.266666666667));
#1840 = CARTESIAN_POINT('',(1.30275,0.266666666667));
#1841 = CARTESIAN_POINT('',(1.23525,0.266666666667));
#1842 = CARTESIAN_POINT('',(1.2015,0.266666666667));
#1843 = CARTESIAN_POINT('',(1.16775,0.266666666667));
#1844 = CARTESIAN_POINT('',(1.10025,0.266666666667));
#1845 = CARTESIAN_POINT('',(1.0665,0.266666666667));
#1846 = CARTESIAN_POINT('',(1.03275,0.266666666667));
#1847 = CARTESIAN_POINT('',(0.96525,0.266666666667));
#1848 = CARTESIAN_POINT('',(0.9315,0.266666666667));
#1849 = CARTESIAN_POINT('',(0.89775,0.266666666667));
#1850 = CARTESIAN_POINT('',(0.83025,0.266666666667));
#1851 = CARTESIAN_POINT('',(0.7965,0.266666666667));
#1852 = CARTESIAN_POINT('',(0.76275,0.266666666667));
#1853 = CARTESIAN_POINT('',(0.69525,0.266666666667));
#1854 = CARTESIAN_POINT('',(0.6615,0.266666666667));
#1855 = CARTESIAN_POINT('',(0.62775,0.266666666667));
#1856 = CARTESIAN_POINT('',(0.56025,0.266666666667));
#1857 = CARTESIAN_POINT('',(0.5265,0.266666666667));
#1858 = CARTESIAN_POINT('',(0.49275,0.266666666667));
#1859 = CARTESIAN_POINT('',(0.42525,0.266666666667));
#1860 = CARTESIAN_POINT('',(0.3915,0.266666666667));
#1861 = CARTESIAN_POINT('',(0.35775,0.266666666667));
#1862 = CARTESIAN_POINT('',(0.29025,0.266666666667));
#1863 = CARTESIAN_POINT('',(0.2565,0.266666666667));
#1864 = CARTESIAN_POINT('',(0.22275,0.266666666667));
#1865 = CARTESIAN_POINT('',(0.14175,0.266666666667));
#1866 = CARTESIAN_POINT('',(9.449999999995E-02,0.266666666667));
#1867 = CARTESIAN_POINT('',(4.724999999998E-02,0.266666666667));
#1868 = CARTESIAN_POINT('',(0.,0.266666666667));
#1869 = ( GEOMETRIC_REPRESENTATION_CONTEXT(2) 
PARAMETRIC_REPRESENTATION_CONTEXT() REPRESENTATION_CONTEXT('2D SPACE',''
  ) );
#1870 = PCURVE('',#1871,#1876);
#1871 = PLANE('',#1872);
#1872 = AXIS2_PLACEMENT_3D('',#1873,#1874,#1875);
#1873 = CARTESIAN_POINT('',(3.54,2.2,0.4));
#1874 = DIRECTION('',(0.,0.,-1.));
#1875 = DIRECTION('',(-1.,0.,0.));
#1876 = DEFINITIONAL_REPRESENTATION('',(#1877),#1979);
#1877 = B_SPLINE_CURVE_WITH_KNOTS('',4,(#1878,#1879,#1880,#1881,#1882,
    #1883,#1884,#1885,#1886,#1887,#1888,#1889,#1890,#1891,#1892,#1893,
    #1894,#1895,#1896,#1897,#1898,#1899,#1900,#1901,#1902,#1903,#1904,
    #1905,#1906,#1907,#1908,#1909,#1910,#1911,#1912,#1913,#1914,#1915,
    #1916,#1917,#1918,#1919,#1920,#1921,#1922,#1923,#1924,#1925,#1926,
    #1927,#1928,#1929,#1930,#1931,#1932,#1933,#1934,#1935,#1936,#1937,
    #1938,#1939,#1940,#1941,#1942,#1943,#1944,#1945,#1946,#1947,#1948,
    #1949,#1950,#1951,#1952,#1953,#1954,#1955,#1956,#1957,#1958,#1959,
    #1960,#1961,#1962,#1963,#1964,#1965,#1966,#1967,#1968,#1969,#1970,
    #1971,#1972,#1973,#1974,#1975,#1976,#1977,#1978),.UNSPECIFIED.,.F.,
  .F.,(5,3,3,3,3,3,3,3,3,3,3,3,3,3,3,3,3,3,3,3,3,3,3,3,3,3,3,3,3,3,3,3,3
    ,5),(0.,3.000000000001E-02,6.000000000002E-02,9.000000000003E-02,
    0.119,0.149,0.179,0.20814479638,0.238,0.268,0.298,0.328,0.358,0.388,
    0.418,0.448,0.478,0.508,0.538,0.568,0.598,0.628,0.658,0.688,0.718,
    0.748,0.778,0.808,0.838,0.868,0.898,0.928,0.958,1.),.UNSPECIFIED.);
#1878 = CARTESIAN_POINT('',(-0.92,0.26));
#1879 = CARTESIAN_POINT('',(-0.88685,0.26));
#1880 = CARTESIAN_POINT('',(-0.8537,0.26));
#1881 = CARTESIAN_POINT('',(-0.82055,0.26));
#1882 = CARTESIAN_POINT('',(-0.75425,0.26));
#1883 = CARTESIAN_POINT('',(-0.7211,0.26));
#1884 = CARTESIAN_POINT('',(-0.68795,0.26));
#1885 = CARTESIAN_POINT('',(-0.62165,0.26));
#1886 = CARTESIAN_POINT('',(-0.5885,0.26));
#1887 = CARTESIAN_POINT('',(-0.55535,0.26));
#1888 = CARTESIAN_POINT('',(-0.490155,0.26));
#1889 = CARTESIAN_POINT('',(-0.45811,0.26));
#1890 = CARTESIAN_POINT('',(-0.426065,0.26));
#1891 = CARTESIAN_POINT('',(-0.36087,0.26));
#1892 = CARTESIAN_POINT('',(-0.32772,0.26));
#1893 = CARTESIAN_POINT('',(-0.29457,0.26));
#1894 = CARTESIAN_POINT('',(-0.22827,0.26));
#1895 = CARTESIAN_POINT('',(-0.19512,0.26));
#1896 = CARTESIAN_POINT('',(-0.16197,0.26));
#1897 = CARTESIAN_POINT('',(-9.661499999998E-02,0.26));
#1898 = CARTESIAN_POINT('',(-6.440999999999E-02,0.26));
#1899 = CARTESIAN_POINT('',(-3.220499999999E-02,0.26));
#1900 = CARTESIAN_POINT('',(3.299000000001E-02,0.26));
#1901 = CARTESIAN_POINT('',(6.598000000002E-02,0.26));
#1902 = CARTESIAN_POINT('',(9.897000000003E-02,0.26));
#1903 = CARTESIAN_POINT('',(0.16511,0.26));
#1904 = CARTESIAN_POINT('',(0.19826,0.26));
#1905 = CARTESIAN_POINT('',(0.23141,0.26));
#1906 = CARTESIAN_POINT('',(0.29771,0.26));
#1907 = CARTESIAN_POINT('',(0.33086,0.26));
#1908 = CARTESIAN_POINT('',(0.36401,0.26));
#1909 = CARTESIAN_POINT('',(0.43031,0.26));
#1910 = CARTESIAN_POINT('',(0.46346,0.26));
#1911 = CARTESIAN_POINT('',(0.49661,0.26));
#1912 = CARTESIAN_POINT('',(0.56291,0.26));
#1913 = CARTESIAN_POINT('',(0.59606,0.26));
#1914 = CARTESIAN_POINT('',(0.62921,0.26));
#1915 = CARTESIAN_POINT('',(0.69551,0.26));
#1916 = CARTESIAN_POINT('',(0.72866,0.26));
#1917 = CARTESIAN_POINT('',(0.76181,0.26));
#1918 = CARTESIAN_POINT('',(0.82811,0.26));
#1919 = CARTESIAN_POINT('',(0.86126,0.26));
#1920 = CARTESIAN_POINT('',(0.89441,0.26));
#1921 = CARTESIAN_POINT('',(0.96071,0.26));
#1922 = CARTESIAN_POINT('',(0.99386,0.26));
#1923 = CARTESIAN_POINT('',(1.02701,0.26));
#1924 = CARTESIAN_POINT('',(1.09331,0.26));
#1925 = CARTESIAN_POINT('',(1.12646,0.26));
#1926 = CARTESIAN_POINT('',(1.15961,0.26));
#1927 = CARTESIAN_POINT('',(1.22591,0.26));
#1928 = CARTESIAN_POINT('',(1.25906,0.26));
#1929 = CARTESIAN_POINT('',(1.29221,0.26));
#1930 = CARTESIAN_POINT('',(1.35851,0.26));
#1931 = CARTESIAN_POINT('',(1.39166,0.26));
#1932 = CARTESIAN_POINT('',(1.42481,0.26));
#1933 = CARTESIAN_POINT('',(1.49111,0.26));
#1934 = CARTESIAN_POINT('',(1.52426,0.26));
#1935 = CARTESIAN_POINT('',(1.55741,0.26));
#1936 = CARTESIAN_POINT('',(1.62371,0.26));
#1937 = CARTESIAN_POINT('',(1.65686,0.26));
#1938 = CARTESIAN_POINT('',(1.69001,0.26));
#1939 = CARTESIAN_POINT('',(1.75631,0.26));
#1940 = CARTESIAN_POINT('',(1.78946,0.26));
#1941 = CARTESIAN_POINT('',(1.82261,0.26));
#1942 = CARTESIAN_POINT('',(1.88891,0.26));
#1943 = CARTESIAN_POINT('',(1.92206,0.26));
#1944 = CARTESIAN_POINT('',(1.95521,0.26));
#1945 = CARTESIAN_POINT('',(2.02151,0.26));
#1946 = CARTESIAN_POINT('',(2.05466,0.26));
#1947 = CARTESIAN_POINT('',(2.08781,0.26));
#1948 = CARTESIAN_POINT('',(2.15411,0.26));
#1949 = CARTESIAN_POINT('',(2.18726,0.26));
#1950 = CARTESIAN_POINT('',(2.22041,0.26));
#1951 = CARTESIAN_POINT('',(2.28671,0.26));
#1952 = CARTESIAN_POINT('',(2.31986,0.26));
#1953 = CARTESIAN_POINT('',(2.35301,0.26));
#1954 = CARTESIAN_POINT('',(2.41931,0.26));
#1955 = CARTESIAN_POINT('',(2.45246,0.26));
#1956 = CARTESIAN_POINT('',(2.48561,0.26));
#1957 = CARTESIAN_POINT('',(2.55191,0.26));
#1958 = CARTESIAN_POINT('',(2.58506,0.26));
#1959 = CARTESIAN_POINT('',(2.61821,0.26));
#1960 = CARTESIAN_POINT('',(2.68451,0.26));
#1961 = CARTESIAN_POINT('',(2.71766,0.26));
#1962 = CARTESIAN_POINT('',(2.75081,0.26));
#1963 = CARTESIAN_POINT('',(2.81711,0.26));
#1964 = CARTESIAN_POINT('',(2.85026,0.26));
#1965 = CARTESIAN_POINT('',(2.88341,0.26));
#1966 = CARTESIAN_POINT('',(2.94971,0.26));
#1967 = CARTESIAN_POINT('',(2.98286,0.26));
#1968 = CARTESIAN_POINT('',(3.01601,0.26));
#1969 = CARTESIAN_POINT('',(3.08231,0.26));
#1970 = CARTESIAN_POINT('',(3.11546,0.26));
#1971 = CARTESIAN_POINT('',(3.14861,0.26));
#1972 = CARTESIAN_POINT('',(3.21491,0.26));
#1973 = CARTESIAN_POINT('',(3.24806,0.26));
#1974 = CARTESIAN_POINT('',(3.28121,0.26));
#1975 = CARTESIAN_POINT('',(3.36077,0.26));
#1976 = CARTESIAN_POINT('',(3.40718,0.26));
#1977 = CARTESIAN_POINT('',(3.45359,0.26));
#1978 = CARTESIAN_POINT('',(3.5,0.26));
#1979 = ( GEOMETRIC_REPRESENTATION_CONTEXT(2) 
PARAMETRIC_REPRESENTATION_CONTEXT() REPRESENTATION_CONTEXT('2D SPACE',''
  ) );
#1980 = ORIENTED_EDGE('',*,*,#1981,.F.);
#1981 = EDGE_CURVE('',#22,#1660,#1982,.T.);
#1982 = SURFACE_CURVE('',#1983,(#2085,#2190),.PCURVE_S1.);
#1983 = B_SPLINE_CURVE_WITH_KNOTS('',4,(#1984,#1985,#1986,#1987,#1988,
    #1989,#1990,#1991,#1992,#1993,#1994,#1995,#1996,#1997,#1998,#1999,
    #2000,#2001,#2002,#2003,#2004,#2005,#2006,#2007,#2008,#2009,#2010,
    #2011,#2012,#2013,#2014,#2015,#2016,#2017,#2018,#2019,#2020,#2021,
    #2022,#2023,#2024,#2025,#2026,#2027,#2028,#2029,#2030,#2031,#2032,
    #2033,#2034,#2035,#2036,#2037,#2038,#2039,#2040,#2041,#2042,#2043,
    #2044,#2045,#2046,#2047,#2048,#2049,#2050,#2051,#2052,#2053,#2054,
    #2055,#2056,#2057,#2058,#2059,#2060,#2061,#2062,#2063,#2064,#2065,
    #2066,#2067,#2068,#2069,#2070,#2071,#2072,#2073,#2074,#2075,#2076,
    #2077,#2078,#2079,#2080,#2081,#2082,#2083,#2084),.UNSPECIFIED.,.F.,
  .F.,(5,3,3,3,3,3,3,3,3,3,3,3,3,3,3,3,3,3,3,3,3,3,3,3,3,3,3,3,3,3,3,3,3
    ,5),(0.,2.979820932097E-02,5.960771701012E-02,8.942862717052E-02,
    0.119261045014,0.149105076875,0.178960830222,0.208828413673,
    0.238707937009,0.267602930047,0.297506259959,0.327421862413,
    0.357349851938,0.387290344297,0.417243456499,0.447209306818,
    0.477188014806,0.507179701305,0.537184488471,0.56720249978,
    0.597233860051,0.62727869546,0.657337133554,0.687409303271,
    0.717495334957,0.74759536038,0.777709512749,0.80783792673,
    0.837980738469,0.868138085601,0.898310107278,0.928496944178,
    0.958698738533,1.),.UNSPECIFIED.);
#1984 = CARTESIAN_POINT('',(3.96,2.5,0.));
#1985 = CARTESIAN_POINT('',(3.96,2.498874788944,1.125211055584E-02));
#1986 = CARTESIAN_POINT('',(3.96,2.497749718857,2.250281143325E-02));
#1987 = CARTESIAN_POINT('',(3.96,2.496624790309,3.375209690827E-02));
#1988 = CARTESIAN_POINT('',(3.96,2.49437479095,5.625209050137E-02));
#1989 = CARTESIAN_POINT('',(3.96,2.493249720247,6.750279753171E-02));
#1990 = CARTESIAN_POINT('',(3.96,2.49212479233,7.875207670112E-02));
#1991 = CARTESIAN_POINT('',(3.96,2.489874792977,0.101252070234));
#1992 = CARTESIAN_POINT('',(3.96,2.48874972165,0.112502783501));
#1993 = CARTESIAN_POINT('',(3.96,2.487624794371,0.123752056292));
#1994 = CARTESIAN_POINT('',(3.96,2.485374795024,0.146252049763));
#1995 = CARTESIAN_POINT('',(3.96,2.484249723067,0.157502769328));
#1996 = CARTESIAN_POINT('',(3.96,2.483124796432,0.168752035677));
#1997 = CARTESIAN_POINT('',(3.96,2.480874797091,0.191252029087));
#1998 = CARTESIAN_POINT('',(3.96,2.479749724499,0.202502755012));
#1999 = CARTESIAN_POINT('',(3.96,2.478624798515,0.213752014854));
#2000 = CARTESIAN_POINT('',(3.96,2.47637479918,0.236252008201));
#2001 = CARTESIAN_POINT('',(3.96,2.475249725945,0.24750274055));
#2002 = CARTESIAN_POINT('',(3.96,2.474124800618,0.258751993821));
#2003 = CARTESIAN_POINT('',(3.96,2.47187480129,0.281251987105));
#2004 = CARTESIAN_POINT('',(3.96,2.470749727406,0.292502725941));
#2005 = CARTESIAN_POINT('',(3.96,2.469624802743,0.303751972574));
#2006 = CARTESIAN_POINT('',(3.96,2.467374803421,0.326251965793));
#2007 = CARTESIAN_POINT('',(3.96,2.466249728882,0.337502711181));
#2008 = CARTESIAN_POINT('',(3.96,2.465124804889,0.348751951111));
#2009 = CARTESIAN_POINT('',(3.96,2.462912320476,0.370876795242));
#2010 = CARTESIAN_POINT('',(3.96,2.461824750259,0.381752497413));
#2011 = CARTESIAN_POINT('',(3.96,2.460737321948,0.392626780516));
#2012 = CARTESIAN_POINT('',(3.96,2.458524807675,0.414751923245));
#2013 = CARTESIAN_POINT('',(3.96,2.457399731829,0.426002681708));
#2014 = CARTESIAN_POINT('',(3.96,2.456274809174,0.437251908258));
#2015 = CARTESIAN_POINT('',(3.96,2.454024809872,0.459751901281));
#2016 = CARTESIAN_POINT('',(3.96,2.452899733351,0.471002666491));
#2017 = CARTESIAN_POINT('',(3.96,2.451774811386,0.482251886136));
#2018 = CARTESIAN_POINT('',(3.96,2.449524812091,0.504751879091));
#2019 = CARTESIAN_POINT('',(3.96,2.448399734888,0.516002651115));
#2020 = CARTESIAN_POINT('',(3.96,2.447274813621,0.527251863786));
#2021 = CARTESIAN_POINT('',(3.96,2.445024814333,0.549751856672));
#2022 = CARTESIAN_POINT('',(3.96,2.443899736442,0.561002635578));
#2023 = CARTESIAN_POINT('',(3.96,2.442774815879,0.572251841205));
#2024 = CARTESIAN_POINT('',(3.96,2.440524816598,0.594751834021));
#2025 = CARTESIAN_POINT('',(3.96,2.439399738012,0.606002619878));
#2026 = CARTESIAN_POINT('',(3.96,2.438274818161,0.61725181839));
#2027 = CARTESIAN_POINT('',(3.96,2.436024818887,0.639751811135));
#2028 = CARTESIAN_POINT('',(3.96,2.434899739599,0.651002604011));
#2029 = CARTESIAN_POINT('',(3.96,2.433774820466,0.662251795337));
#2030 = CARTESIAN_POINT('',(3.96,2.431524821199,0.68475178801));
#2031 = CARTESIAN_POINT('',(3.96,2.430399741202,0.696002587977));
#2032 = CARTESIAN_POINT('',(3.96,2.429274822796,0.707251772044));
#2033 = CARTESIAN_POINT('',(3.96,2.427024823536,0.729751764643));
#2034 = CARTESIAN_POINT('',(3.96,2.425899742823,0.741002571771));
#2035 = CARTESIAN_POINT('',(3.96,2.424774825149,0.752251748506));
#2036 = CARTESIAN_POINT('',(3.96,2.422524825897,0.774751741032));
#2037 = CARTESIAN_POINT('',(3.96,2.421399744461,0.786002555391));
#2038 = CARTESIAN_POINT('',(3.96,2.420274827528,0.797251724721));
#2039 = CARTESIAN_POINT('',(3.96,2.418024828283,0.819751717172));
#2040 = CARTESIAN_POINT('',(3.96,2.416899746116,0.831002538836));
#2041 = CARTESIAN_POINT('',(3.96,2.415774829931,0.842251700686));
#2042 = CARTESIAN_POINT('',(3.96,2.413524830694,0.86475169306));
#2043 = CARTESIAN_POINT('',(3.96,2.41239974779,0.876002522101));
#2044 = CARTESIAN_POINT('',(3.96,2.41127483236,0.887251676396));
#2045 = CARTESIAN_POINT('',(3.96,2.409024833131,0.909751668693));
#2046 = CARTESIAN_POINT('',(3.96,2.407899749481,0.921002505185));
#2047 = CARTESIAN_POINT('',(3.96,2.406774834815,0.932251651848));
#2048 = CARTESIAN_POINT('',(3.96,2.404524835593,0.954751644067));
#2049 = CARTESIAN_POINT('',(3.96,2.403399751191,0.966002488085));
#2050 = CARTESIAN_POINT('',(3.96,2.402274837296,0.97725162704));
#2051 = CARTESIAN_POINT('',(3.96,2.400024838082,0.999751619178));
#2052 = CARTESIAN_POINT('',(3.96,2.39889975292,1.011002470798));
#2053 = CARTESIAN_POINT('',(3.96,2.397774839803,1.022251601966));
#2054 = CARTESIAN_POINT('',(3.96,2.395524840598,1.044751594023));
#2055 = CARTESIAN_POINT('',(3.96,2.394399754668,1.056002453321));
#2056 = CARTESIAN_POINT('',(3.96,2.393274842338,1.067251576623));
#2057 = CARTESIAN_POINT('',(3.96,2.39102484314,1.089751568599));
#2058 = CARTESIAN_POINT('',(3.96,2.389899756435,1.10100243565));
#2059 = CARTESIAN_POINT('',(3.96,2.388774844899,1.112251551008));
#2060 = CARTESIAN_POINT('',(3.96,2.38652484571,1.134751542901));
#2061 = CARTESIAN_POINT('',(3.96,2.385399758222,1.146002417784));
#2062 = CARTESIAN_POINT('',(3.96,2.384274847488,1.157251525117));
#2063 = CARTESIAN_POINT('',(3.96,2.382024848308,1.179751516925));
#2064 = CARTESIAN_POINT('',(3.96,2.380899760028,1.191002399719));
#2065 = CARTESIAN_POINT('',(3.96,2.379774850105,1.202251498945));
#2066 = CARTESIAN_POINT('',(3.96,2.377524850933,1.224751490668));
#2067 = CARTESIAN_POINT('',(3.96,2.376399761855,1.236002381452));
#2068 = CARTESIAN_POINT('',(3.96,2.375274852751,1.24725147249));
#2069 = CARTESIAN_POINT('',(3.96,2.373024853587,1.269751464125));
#2070 = CARTESIAN_POINT('',(3.96,2.371899763702,1.281002362979));
#2071 = CARTESIAN_POINT('',(3.96,2.370774855425,1.292251445746));
#2072 = CARTESIAN_POINT('',(3.96,2.368524856271,1.314751437293));
#2073 = CARTESIAN_POINT('',(3.96,2.36739976557,1.326002344298));
#2074 = CARTESIAN_POINT('',(3.96,2.366274858129,1.33725141871));
#2075 = CARTESIAN_POINT('',(3.96,2.364024858983,1.359751410167));
#2076 = CARTESIAN_POINT('',(3.96,2.362899767459,1.371002325406));
#2077 = CARTESIAN_POINT('',(3.96,2.361774860862,1.382251391377));
#2078 = CARTESIAN_POINT('',(3.96,2.359524861726,1.404751382744));
#2079 = CARTESIAN_POINT('',(3.96,2.35839976937,1.416002306298));
#2080 = CARTESIAN_POINT('',(3.96,2.357274863626,1.427251363744));
#2081 = CARTESIAN_POINT('',(3.96,2.354612081409,1.453879185914));
#2082 = CARTESIAN_POINT('',(3.96,2.353074367959,1.469256320407));
#2083 = CARTESIAN_POINT('',(3.96,2.351537006843,1.484629931574));
#2084 = CARTESIAN_POINT('',(3.96,2.35,1.5));
#2085 = PCURVE('',#32,#2086);
#2086 = DEFINITIONAL_REPRESENTATION('',(#2087),#2189);
#2087 = B_SPLINE_CURVE_WITH_KNOTS('',4,(#2088,#2089,#2090,#2091,#2092,
    #2093,#2094,#2095,#2096,#2097,#2098,#2099,#2100,#2101,#2102,#2103,
    #2104,#2105,#2106,#2107,#2108,#2109,#2110,#2111,#2112,#2113,#2114,
    #2115,#2116,#2117,#2118,#2119,#2120,#2121,#2122,#2123,#2124,#2125,
    #2126,#2127,#2128,#2129,#2130,#2131,#2132,#2133,#2134,#2135,#2136,
    #2137,#2138,#2139,#2140,#2141,#2142,#2143,#2144,#2145,#2146,#2147,
    #2148,#2149,#2150,#2151,#2152,#2153,#2154,#2155,#2156,#2157,#2158,
    #2159,#2160,#2161,#2162,#2163,#2164,#2165,#2166,#2167,#2168,#2169,
    #2170,#2171,#2172,#2173,#2174,#2175,#2176,#2177,#2178,#2179,#2180,
    #2181,#2182,#2183,#2184,#2185,#2186,#2187,#2188),.UNSPECIFIED.,.F.,
  .F.,(5,3,3,3,3,3,3,3,3,3,3,3,3,3,3,3,3,3,3,3,3,3,3,3,3,3,3,3,3,3,3,3,3
    ,5),(0.,2.979820932097E-02,5.960771701012E-02,8.942862717052E-02,
    0.119261045014,0.149105076875,0.178960830222,0.208828413673,
    0.238707937009,0.267602930047,0.297506259959,0.327421862413,
    0.357349851938,0.387290344297,0.417243456499,0.447209306818,
    0.477188014806,0.507179701305,0.537184488471,0.56720249978,
    0.597233860051,0.62727869546,0.657337133554,0.687409303271,
    0.717495334957,0.74759536038,0.777709512749,0.80783792673,
    0.837980738469,0.868138085601,0.898310107278,0.928496944178,
    0.958698738533,1.),.UNSPECIFIED.);
#2088 = CARTESIAN_POINT('',(3.96,0.));
#2089 = CARTESIAN_POINT('',(3.960855160413,7.501407037226E-03));
#2090 = CARTESIAN_POINT('',(3.961711354087,1.500187428883E-02));
#2091 = CARTESIAN_POINT('',(3.962568583427,2.250139793885E-02));
#2092 = CARTESIAN_POINT('',(3.964285443507,3.750139366758E-02));
#2093 = CARTESIAN_POINT('',(3.965145075043,4.500186502114E-02));
#2094 = CARTESIAN_POINT('',(3.966005747725,5.250138446741E-02));
#2095 = CARTESIAN_POINT('',(3.967729509738,6.750138015605E-02));
#2096 = CARTESIAN_POINT('',(3.968592599867,7.50018556671E-02));
#2097 = CARTESIAN_POINT('',(3.969456736685,8.250137086102E-02));
#2098 = CARTESIAN_POINT('',(3.971187442333,9.750136650897E-02));
#2099 = CARTESIAN_POINT('',(3.972054011973,0.105001846219));
#2100 = CARTESIAN_POINT('',(3.972921633881,0.112501357118));
#2101 = CARTESIAN_POINT('',(3.974659325205,0.127501352725));
#2102 = CARTESIAN_POINT('',(3.975529395443,0.135001836675));
#2103 = CARTESIAN_POINT('',(3.976400523563,0.142501343236));
#2104 = CARTESIAN_POINT('',(3.978145242943,0.157501338801));
#2105 = CARTESIAN_POINT('',(3.979018835035,0.165001827033));
#2106 = CARTESIAN_POINT('',(3.979893490662,0.172501329214));
#2107 = CARTESIAN_POINT('',(3.981645280821,0.187501324736));
#2108 = CARTESIAN_POINT('',(3.982522416198,0.195001817294));
#2109 = CARTESIAN_POINT('',(3.983400620798,0.202501315049));
#2110 = CARTESIAN_POINT('',(3.985159524807,0.217501310529));
#2111 = CARTESIAN_POINT('',(3.986040225073,0.225001807454));
#2112 = CARTESIAN_POINT('',(3.986922000286,0.232501300741));
#2113 = CARTESIAN_POINT('',(3.988658615505,0.247251196828));
#2114 = CARTESIAN_POINT('',(3.98951338568,0.254501664942));
#2115 = CARTESIAN_POINT('',(3.990369165628,0.261751187011));
#2116 = CARTESIAN_POINT('',(3.992112648632,0.276501282163));
#2117 = CARTESIAN_POINT('',(3.993000423551,0.284001787806));
#2118 = CARTESIAN_POINT('',(3.993889284786,0.291501272172));
#2119 = CARTESIAN_POINT('',(3.995669550069,0.306501267521));
#2120 = CARTESIAN_POINT('',(3.996560955011,0.314001777661));
#2121 = CARTESIAN_POINT('',(3.997453452106,0.321501257424));
#2122 = CARTESIAN_POINT('',(3.999241005573,0.336501252727));
#2123 = CARTESIAN_POINT('',(4.000136062852,0.34400176741));
#2124 = CARTESIAN_POINT('',(4.001032218158,0.351501242524));
#2125 = CARTESIAN_POINT('',(4.002827104656,0.366501237781));
#2126 = CARTESIAN_POINT('',(4.003725836767,0.374001757052));
#2127 = CARTESIAN_POINT('',(4.004625672819,0.38150122747));
#2128 = CARTESIAN_POINT('',(4.006427937564,0.396501222681));
#2129 = CARTESIAN_POINT('',(4.007330367189,0.404001746585));
#2130 = CARTESIAN_POINT('',(4.008233906707,0.41150121226));
#2131 = CARTESIAN_POINT('',(4.010043595286,0.426501207423));
#2132 = CARTESIAN_POINT('',(4.010949745294,0.434001736008));
#2133 = CARTESIAN_POINT('',(4.011857011185,0.441501196891));
#2134 = CARTESIAN_POINT('',(4.013674169563,0.456501192007));
#2135 = CARTESIAN_POINT('',(4.014584063012,0.464001725318));
#2136 = CARTESIAN_POINT('',(4.015495078372,0.471501181362));
#2137 = CARTESIAN_POINT('',(4.017319752895,0.486501176429));
#2138 = CARTESIAN_POINT('',(4.018233413031,0.494001714514));
#2139 = CARTESIAN_POINT('',(4.019148201149,0.501501165671));
#2140 = CARTESIAN_POINT('',(4.020980438545,0.516501160688));
#2141 = CARTESIAN_POINT('',(4.021897888812,0.524001703594));
#2142 = CARTESIAN_POINT('',(4.022816473168,0.531501149814));
#2143 = CARTESIAN_POINT('',(4.024656320554,0.546501144781));
#2144 = CARTESIAN_POINT('',(4.025577584587,0.554001692557));
#2145 = CARTESIAN_POINT('',(4.026499988857,0.561501133791));
#2146 = CARTESIAN_POINT('',(4.028347493744,0.576501128707));
#2147 = CARTESIAN_POINT('',(4.029272595376,0.584001681401));
#2148 = CARTESIAN_POINT('',(4.030198843435,0.591501117597));
#2149 = CARTESIAN_POINT('',(4.032054053726,0.606501112462));
#2150 = CARTESIAN_POINT('',(4.03298301699,0.614001670124));
#2151 = CARTESIAN_POINT('',(4.03391313291,0.621501101232));
#2152 = CARTESIAN_POINT('',(4.035776096913,0.636501096044));
#2153 = CARTESIAN_POINT('',(4.036708946042,0.644001658723));
#2154 = CARTESIAN_POINT('',(4.037642954098,0.651501084693));
#2155 = CARTESIAN_POINT('',(4.039513720523,0.666501079452));
#2156 = CARTESIAN_POINT('',(4.040450479954,0.674001647199));
#2157 = CARTESIAN_POINT('',(4.041388404623,0.681501067977));
#2158 = CARTESIAN_POINT('',(4.04326702259,0.696501062682));
#2159 = CARTESIAN_POINT('',(4.044207716964,0.704001635547));
#2160 = CARTESIAN_POINT('',(4.04514958293,0.711501051082));
#2161 = CARTESIAN_POINT('',(4.047036101971,0.726501045733));
#2162 = CARTESIAN_POINT('',(4.047980756139,0.734001623767));
#2163 = CARTESIAN_POINT('',(4.048926588293,0.741501034005));
#2164 = CARTESIAN_POINT('',(4.050821058359,0.7565010286));
#2165 = CARTESIAN_POINT('',(4.05176969738,0.764001611856));
#2166 = CARTESIAN_POINT('',(4.052719520822,0.771501016745));
#2167 = CARTESIAN_POINT('',(4.054621992285,0.786501011283));
#2168 = CARTESIAN_POINT('',(4.05557464143,0.794001599813));
#2169 = CARTESIAN_POINT('',(4.056528481475,0.801500999297));
#2170 = CARTESIAN_POINT('',(4.058439005133,0.816500993779));
#2171 = CARTESIAN_POINT('',(4.059395689887,0.824001587634));
#2172 = CARTESIAN_POINT('',(4.060353572063,0.83150098166));
#2173 = CARTESIAN_POINT('',(4.062272199146,0.846500976083));
#2174 = CARTESIAN_POINT('',(4.063232945211,0.854001575319));
#2175 = CARTESIAN_POINT('',(4.064194895262,0.861500963831));
#2176 = CARTESIAN_POINT('',(4.066121677435,0.876500958195));
#2177 = CARTESIAN_POINT('',(4.067086510732,0.884001562866));
#2178 = CARTESIAN_POINT('',(4.068052554622,0.891500945807));
#2179 = CARTESIAN_POINT('',(4.06998754399,0.906500940112));
#2180 = CARTESIAN_POINT('',(4.07095649066,0.91400155027));
#2181 = CARTESIAN_POINT('',(4.071926654574,0.921500927585));
#2182 = CARTESIAN_POINT('',(4.073869903687,0.936500921829));
#2183 = CARTESIAN_POINT('',(4.074842990096,0.944001537532));
#2184 = CARTESIAN_POINT('',(4.075817300443,0.951500909163));
#2185 = CARTESIAN_POINT('',(4.078126894321,0.96925279061));
#2186 = CARTESIAN_POINT('',(4.079463245163,0.979504213605));
#2187 = CARTESIAN_POINT('',(4.08080189711,0.989753287716));
#2188 = CARTESIAN_POINT('',(4.082142857143,1.));
#2189 = ( GEOMETRIC_REPRESENTATION_CONTEXT(2) 
PARAMETRIC_REPRESENTATION_CONTEXT() REPRESENTATION_CONTEXT('2D SPACE',''
  ) );
#2190 = PCURVE('',#2191,#2196);
#2191 = PLANE('',#2192);
#2192 = AXIS2_PLACEMENT_3D('',#2193,#2194,#2195);
#2193 = CARTESIAN_POINT('',(3.96,2.2,0.));
#2194 = DIRECTION('',(-1.,0.,0.));
#2195 = DIRECTION('',(0.,1.,0.));
#2196 = DEFINITIONAL_REPRESENTATION('',(#2197),#2299);
#2197 = B_SPLINE_CURVE_WITH_KNOTS('',4,(#2198,#2199,#2200,#2201,#2202,
    #2203,#2204,#2205,#2206,#2207,#2208,#2209,#2210,#2211,#2212,#2213,
    #2214,#2215,#2216,#2217,#2218,#2219,#2220,#2221,#2222,#2223,#2224,
    #2225,#2226,#2227,#2228,#2229,#2230,#2231,#2232,#2233,#2234,#2235,
    #2236,#2237,#2238,#2239,#2240,#2241,#2242,#2243,#2244,#2245,#2246,
    #2247,#2248,#2249,#2250,#2251,#2252,#2253,#2254,#2255,#2256,#2257,
    #2258,#2259,#2260,#2261,#2262,#2263,#2264,#2265,#2266,#2267,#2268,
    #2269,#2270,#2271,#2272,#2273,#2274,#2275,#2276,#2277,#2278,#2279,
    #2280,#2281,#2282,#2283,#2284,#2285,#2286,#2287,#2288,#2289,#2290,
    #2291,#2292,#2293,#2294,#2295,#2296,#2297,#2298),.UNSPECIFIED.,.F.,
  .F.,(5,3,3,3,3,3,3,3,3,3,3,3,3,3,3,3,3,3,3,3,3,3,3,3,3,3,3,3,3,3,3,3,3
    ,5),(0.,2.979820932097E-02,5.960771701012E-02,8.942862717052E-02,
    0.119261045014,0.149105076875,0.178960830222,0.208828413673,
    0.238707937009,0.267602930047,0.297506259959,0.327421862413,
    0.357349851938,0.387290344297,0.417243456499,0.447209306818,
    0.477188014806,0.507179701305,0.537184488471,0.56720249978,
    0.597233860051,0.62727869546,0.657337133554,0.687409303271,
    0.717495334957,0.74759536038,0.777709512749,0.80783792673,
    0.837980738469,0.868138085601,0.898310107278,0.928496944178,
    0.958698738533,1.),.UNSPECIFIED.);
#2198 = CARTESIAN_POINT('',(0.3,0.));
#2199 = CARTESIAN_POINT('',(0.298874788944,-1.125211055584E-02));
#2200 = CARTESIAN_POINT('',(0.297749718857,-2.250281143325E-02));
#2201 = CARTESIAN_POINT('',(0.296624790309,-3.375209690827E-02));
#2202 = CARTESIAN_POINT('',(0.29437479095,-5.625209050137E-02));
#2203 = CARTESIAN_POINT('',(0.293249720247,-6.750279753171E-02));
#2204 = CARTESIAN_POINT('',(0.29212479233,-7.875207670112E-02));
#2205 = CARTESIAN_POINT('',(0.289874792977,-0.101252070234));
#2206 = CARTESIAN_POINT('',(0.28874972165,-0.112502783501));
#2207 = CARTESIAN_POINT('',(0.287624794371,-0.123752056292));
#2208 = CARTESIAN_POINT('',(0.285374795024,-0.146252049763));
#2209 = CARTESIAN_POINT('',(0.284249723067,-0.157502769328));
#2210 = CARTESIAN_POINT('',(0.283124796432,-0.168752035677));
#2211 = CARTESIAN_POINT('',(0.280874797091,-0.191252029087));
#2212 = CARTESIAN_POINT('',(0.279749724499,-0.202502755012));
#2213 = CARTESIAN_POINT('',(0.278624798515,-0.213752014854));
#2214 = CARTESIAN_POINT('',(0.27637479918,-0.236252008201));
#2215 = CARTESIAN_POINT('',(0.275249725945,-0.24750274055));
#2216 = CARTESIAN_POINT('',(0.274124800618,-0.258751993821));
#2217 = CARTESIAN_POINT('',(0.27187480129,-0.281251987105));
#2218 = CARTESIAN_POINT('',(0.270749727406,-0.292502725941));
#2219 = CARTESIAN_POINT('',(0.269624802743,-0.303751972574));
#2220 = CARTESIAN_POINT('',(0.267374803421,-0.326251965793));
#2221 = CARTESIAN_POINT('',(0.266249728882,-0.337502711181));
#2222 = CARTESIAN_POINT('',(0.265124804889,-0.348751951111));
#2223 = CARTESIAN_POINT('',(0.262912320476,-0.370876795242));
#2224 = CARTESIAN_POINT('',(0.261824750259,-0.381752497413));
#2225 = CARTESIAN_POINT('',(0.260737321948,-0.392626780516));
#2226 = CARTESIAN_POINT('',(0.258524807675,-0.414751923245));
#2227 = CARTESIAN_POINT('',(0.257399731829,-0.426002681708));
#2228 = CARTESIAN_POINT('',(0.256274809174,-0.437251908258));
#2229 = CARTESIAN_POINT('',(0.254024809872,-0.459751901281));
#2230 = CARTESIAN_POINT('',(0.252899733351,-0.471002666491));
#2231 = CARTESIAN_POINT('',(0.251774811386,-0.482251886136));
#2232 = CARTESIAN_POINT('',(0.249524812091,-0.504751879091));
#2233 = CARTESIAN_POINT('',(0.248399734888,-0.516002651115));
#2234 = CARTESIAN_POINT('',(0.247274813621,-0.527251863786));
#2235 = CARTESIAN_POINT('',(0.245024814333,-0.549751856672));
#2236 = CARTESIAN_POINT('',(0.243899736442,-0.561002635578));
#2237 = CARTESIAN_POINT('',(0.242774815879,-0.572251841205));
#2238 = CARTESIAN_POINT('',(0.240524816598,-0.594751834021));
#2239 = CARTESIAN_POINT('',(0.239399738012,-0.606002619878));
#2240 = CARTESIAN_POINT('',(0.238274818161,-0.61725181839));
#2241 = CARTESIAN_POINT('',(0.236024818887,-0.639751811135));
#2242 = CARTESIAN_POINT('',(0.234899739599,-0.651002604011));
#2243 = CARTESIAN_POINT('',(0.233774820466,-0.662251795337));
#2244 = CARTESIAN_POINT('',(0.231524821199,-0.68475178801));
#2245 = CARTESIAN_POINT('',(0.230399741202,-0.696002587977));
#2246 = CARTESIAN_POINT('',(0.229274822796,-0.707251772044));
#2247 = CARTESIAN_POINT('',(0.227024823536,-0.729751764643));
#2248 = CARTESIAN_POINT('',(0.225899742823,-0.741002571771));
#2249 = CARTESIAN_POINT('',(0.224774825149,-0.752251748506));
#2250 = CARTESIAN_POINT('',(0.222524825897,-0.774751741032));
#2251 = CARTESIAN_POINT('',(0.221399744461,-0.786002555391));
#2252 = CARTESIAN_POINT('',(0.220274827528,-0.797251724721));
#2253 = CARTESIAN_POINT('',(0.218024828283,-0.819751717172));
#2254 = CARTESIAN_POINT('',(0.216899746116,-0.831002538836));
#2255 = CARTESIAN_POINT('',(0.215774829931,-0.842251700686));
#2256 = CARTESIAN_POINT('',(0.213524830694,-0.86475169306));
#2257 = CARTESIAN_POINT('',(0.21239974779,-0.876002522101));
#2258 = CARTESIAN_POINT('',(0.21127483236,-0.887251676396));
#2259 = CARTESIAN_POINT('',(0.209024833131,-0.909751668693));
#2260 = CARTESIAN_POINT('',(0.207899749481,-0.921002505185));
#2261 = CARTESIAN_POINT('',(0.206774834815,-0.932251651848));
#2262 = CARTESIAN_POINT('',(0.204524835593,-0.954751644067));
#2263 = CARTESIAN_POINT('',(0.203399751191,-0.966002488085));
#2264 = CARTESIAN_POINT('',(0.202274837296,-0.97725162704));
#2265 = CARTESIAN_POINT('',(0.200024838082,-0.999751619178));
#2266 = CARTESIAN_POINT('',(0.19889975292,-1.011002470798));
#2267 = CARTESIAN_POINT('',(0.197774839803,-1.022251601966));
#2268 = CARTESIAN_POINT('',(0.195524840598,-1.044751594023));
#2269 = CARTESIAN_POINT('',(0.194399754668,-1.056002453321));
#2270 = CARTESIAN_POINT('',(0.193274842338,-1.067251576623));
#2271 = CARTESIAN_POINT('',(0.19102484314,-1.089751568599));
#2272 = CARTESIAN_POINT('',(0.189899756435,-1.10100243565));
#2273 = CARTESIAN_POINT('',(0.188774844899,-1.112251551008));
#2274 = CARTESIAN_POINT('',(0.18652484571,-1.134751542901));
#2275 = CARTESIAN_POINT('',(0.185399758222,-1.146002417784));
#2276 = CARTESIAN_POINT('',(0.184274847488,-1.157251525117));
#2277 = CARTESIAN_POINT('',(0.182024848308,-1.179751516925));
#2278 = CARTESIAN_POINT('',(0.180899760028,-1.191002399719));
#2279 = CARTESIAN_POINT('',(0.179774850105,-1.202251498945));
#2280 = CARTESIAN_POINT('',(0.177524850933,-1.224751490668));
#2281 = CARTESIAN_POINT('',(0.176399761855,-1.236002381452));
#2282 = CARTESIAN_POINT('',(0.175274852751,-1.24725147249));
#2283 = CARTESIAN_POINT('',(0.173024853587,-1.269751464125));
#2284 = CARTESIAN_POINT('',(0.171899763702,-1.281002362979));
#2285 = CARTESIAN_POINT('',(0.170774855425,-1.292251445746));
#2286 = CARTESIAN_POINT('',(0.168524856271,-1.314751437293));
#2287 = CARTESIAN_POINT('',(0.16739976557,-1.326002344298));
#2288 = CARTESIAN_POINT('',(0.166274858129,-1.33725141871));
#2289 = CARTESIAN_POINT('',(0.164024858983,-1.359751410167));
#2290 = CARTESIAN_POINT('',(0.162899767459,-1.371002325406));
#2291 = CARTESIAN_POINT('',(0.161774860862,-1.382251391377));
#2292 = CARTESIAN_POINT('',(0.159524861726,-1.404751382744));
#2293 = CARTESIAN_POINT('',(0.15839976937,-1.416002306298));
#2294 = CARTESIAN_POINT('',(0.157274863626,-1.427251363744));
#2295 = CARTESIAN_POINT('',(0.154612081409,-1.453879185914));
#2296 = CARTESIAN_POINT('',(0.153074367959,-1.469256320407));
#2297 = CARTESIAN_POINT('',(0.151537006843,-1.484629931574));
#2298 = CARTESIAN_POINT('',(0.15,-1.5));
#2299 = ( GEOMETRIC_REPRESENTATION_CONTEXT(2) 
PARAMETRIC_REPRESENTATION_CONTEXT() REPRESENTATION_CONTEXT('2D SPACE',''
  ) );
#2300 = ADVANCED_FACE('',(#2301),#44,.F.);
#2301 = FACE_BOUND('',#2302,.F.);
#2302 = EDGE_LOOP('',(#2303,#2304,#2327,#2355,#2376,#2377,#2400,#2428,
    #2456,#2484,#2512,#2540,#2568,#2591,#2672,#2700));
#2303 = ORIENTED_EDGE('',*,*,#21,.F.);
#2304 = ORIENTED_EDGE('',*,*,#2305,.F.);
#2305 = EDGE_CURVE('',#2306,#22,#2308,.T.);
#2306 = VERTEX_POINT('',#2307);
#2307 = CARTESIAN_POINT('',(3.96,2.2,0.));
#2308 = SURFACE_CURVE('',#2309,(#2313,#2320),.PCURVE_S1.);
#2309 = LINE('',#2310,#2311);
#2310 = CARTESIAN_POINT('',(3.96,2.2,0.));
#2311 = VECTOR('',#2312,1.);
#2312 = DIRECTION('',(0.,1.,0.));
#2313 = PCURVE('',#44,#2314);
#2314 = DEFINITIONAL_REPRESENTATION('',(#2315),#2319);
#2315 = LINE('',#2316,#2317);
#2316 = CARTESIAN_POINT('',(3.607355692795,1.660898824631));
#2317 = VECTOR('',#2318,1.);
#2318 = DIRECTION('',(-0.485642931179,0.874157276122));
#2319 = ( GEOMETRIC_REPRESENTATION_CONTEXT(2) 
PARAMETRIC_REPRESENTATION_CONTEXT() REPRESENTATION_CONTEXT('2D SPACE',''
  ) );
#2320 = PCURVE('',#2191,#2321);
#2321 = DEFINITIONAL_REPRESENTATION('',(#2322),#2326);
#2322 = LINE('',#2323,#2324);
#2323 = CARTESIAN_POINT('',(0.,0.));
#2324 = VECTOR('',#2325,1.);
#2325 = DIRECTION('',(1.,0.));
#2326 = ( GEOMETRIC_REPRESENTATION_CONTEXT(2) 
PARAMETRIC_REPRESENTATION_CONTEXT() REPRESENTATION_CONTEXT('2D SPACE',''
  ) );
#2327 = ORIENTED_EDGE('',*,*,#2328,.F.);
#2328 = EDGE_CURVE('',#2329,#2306,#2331,.T.);
#2329 = VERTEX_POINT('',#2330);
#2330 = CARTESIAN_POINT('',(3.54,2.2,0.));
#2331 = SURFACE_CURVE('',#2332,(#2336,#2343),.PCURVE_S1.);
#2332 = LINE('',#2333,#2334);
#2333 = CARTESIAN_POINT('',(3.54,2.2,0.));
#2334 = VECTOR('',#2335,1.);
#2335 = DIRECTION('',(1.,0.,0.));
#2336 = PCURVE('',#44,#2337);
#2337 = DEFINITIONAL_REPRESENTATION('',(#2338),#2342);
#2338 = LINE('',#2339,#2340);
#2339 = CARTESIAN_POINT('',(3.240209636824,1.456928793536));
#2340 = VECTOR('',#2341,1.);
#2341 = DIRECTION('',(0.874157276122,0.485642931179));
#2342 = ( GEOMETRIC_REPRESENTATION_CONTEXT(2) 
PARAMETRIC_REPRESENTATION_CONTEXT() REPRESENTATION_CONTEXT('2D SPACE',''
  ) );
#2343 = PCURVE('',#2344,#2349);
#2344 = PLANE('',#2345);
#2345 = AXIS2_PLACEMENT_3D('',#2346,#2347,#2348);
#2346 = CARTESIAN_POINT('',(3.54,2.2,0.));
#2347 = DIRECTION('',(0.,1.,0.));
#2348 = DIRECTION('',(1.,0.,0.));
#2349 = DEFINITIONAL_REPRESENTATION('',(#2350),#2354);
#2350 = LINE('',#2351,#2352);
#2351 = CARTESIAN_POINT('',(0.,0.));
#2352 = VECTOR('',#2353,1.);
#2353 = DIRECTION('',(1.,0.));
#2354 = ( GEOMETRIC_REPRESENTATION_CONTEXT(2) 
PARAMETRIC_REPRESENTATION_CONTEXT() REPRESENTATION_CONTEXT('2D SPACE',''
  ) );
#2355 = ORIENTED_EDGE('',*,*,#2356,.F.);
#2356 = EDGE_CURVE('',#1315,#2329,#2357,.T.);
#2357 = SURFACE_CURVE('',#2358,(#2362,#2369),.PCURVE_S1.);
#2358 = LINE('',#2359,#2360);
#2359 = CARTESIAN_POINT('',(3.54,2.5,0.));
#2360 = VECTOR('',#2361,1.);
#2361 = DIRECTION('',(0.,-1.,0.));
#2362 = PCURVE('',#44,#2363);
#2363 = DEFINITIONAL_REPRESENTATION('',(#2364),#2368);
#2364 = LINE('',#2365,#2366);
#2365 = CARTESIAN_POINT('',(3.09451675747,1.719175976372));
#2366 = VECTOR('',#2367,1.);
#2367 = DIRECTION('',(0.485642931179,-0.874157276122));
#2368 = ( GEOMETRIC_REPRESENTATION_CONTEXT(2) 
PARAMETRIC_REPRESENTATION_CONTEXT() REPRESENTATION_CONTEXT('2D SPACE',''
  ) );
#2369 = PCURVE('',#1549,#2370);
#2370 = DEFINITIONAL_REPRESENTATION('',(#2371),#2375);
#2371 = LINE('',#2372,#2373);
#2372 = CARTESIAN_POINT('',(0.,0.));
#2373 = VECTOR('',#2374,1.);
#2374 = DIRECTION('',(1.,0.));
#2375 = ( GEOMETRIC_REPRESENTATION_CONTEXT(2) 
PARAMETRIC_REPRESENTATION_CONTEXT() REPRESENTATION_CONTEXT('2D SPACE',''
  ) );
#2376 = ORIENTED_EDGE('',*,*,#1314,.F.);
#2377 = ORIENTED_EDGE('',*,*,#2378,.T.);
#2378 = EDGE_CURVE('',#1281,#2379,#2381,.T.);
#2379 = VERTEX_POINT('',#2380);
#2380 = CARTESIAN_POINT('',(2.485,2.31,0.));
#2381 = SURFACE_CURVE('',#2382,(#2386,#2393),.PCURVE_S1.);
#2382 = LINE('',#2383,#2384);
#2383 = CARTESIAN_POINT('',(2.485,2.5,0.));
#2384 = VECTOR('',#2385,1.);
#2385 = DIRECTION('',(0.,-1.,0.));
#2386 = PCURVE('',#44,#2387);
#2387 = DEFINITIONAL_REPRESENTATION('',(#2388),#2392);
#2388 = LINE('',#2389,#2390);
#2389 = CARTESIAN_POINT('',(2.172280831162,1.206822683979));
#2390 = VECTOR('',#2391,1.);
#2391 = DIRECTION('',(0.485642931179,-0.874157276122));
#2392 = ( GEOMETRIC_REPRESENTATION_CONTEXT(2) 
PARAMETRIC_REPRESENTATION_CONTEXT() REPRESENTATION_CONTEXT('2D SPACE',''
  ) );
#2393 = PCURVE('',#1300,#2394);
#2394 = DEFINITIONAL_REPRESENTATION('',(#2395),#2399);
#2395 = LINE('',#2396,#2397);
#2396 = CARTESIAN_POINT('',(0.,0.));
#2397 = VECTOR('',#2398,1.);
#2398 = DIRECTION('',(1.,0.));
#2399 = ( GEOMETRIC_REPRESENTATION_CONTEXT(2) 
PARAMETRIC_REPRESENTATION_CONTEXT() REPRESENTATION_CONTEXT('2D SPACE',''
  ) );
#2400 = ORIENTED_EDGE('',*,*,#2401,.T.);
#2401 = EDGE_CURVE('',#2379,#2402,#2404,.T.);
#2402 = VERTEX_POINT('',#2403);
#2403 = CARTESIAN_POINT('',(3.05,1.750885901444,0.));
#2404 = SURFACE_CURVE('',#2405,(#2409,#2416),.PCURVE_S1.);
#2405 = LINE('',#2406,#2407);
#2406 = CARTESIAN_POINT('',(2.485,2.31,0.));
#2407 = VECTOR('',#2408,1.);
#2408 = DIRECTION('',(0.710799473872,-0.703394702812,0.));
#2409 = PCURVE('',#44,#2410);
#2410 = DEFINITIONAL_REPRESENTATION('',(#2411),#2415);
#2411 = LINE('',#2412,#2413);
#2412 = CARTESIAN_POINT('',(2.264552988086,1.040732801516));
#2413 = VECTOR('',#2414,1.);
#2414 = DIRECTION('',(0.962949197197,-0.269682857477));
#2415 = ( GEOMETRIC_REPRESENTATION_CONTEXT(2) 
PARAMETRIC_REPRESENTATION_CONTEXT() REPRESENTATION_CONTEXT('2D SPACE',''
  ) );
#2416 = PCURVE('',#2417,#2422);
#2417 = PLANE('',#2418);
#2418 = AXIS2_PLACEMENT_3D('',#2419,#2420,#2421);
#2419 = CARTESIAN_POINT('',(2.485,2.31,0.));
#2420 = DIRECTION('',(0.703394702812,0.710799473872,0.));
#2421 = DIRECTION('',(0.710799473872,-0.703394702812,0.));
#2422 = DEFINITIONAL_REPRESENTATION('',(#2423),#2427);
#2423 = LINE('',#2424,#2425);
#2424 = CARTESIAN_POINT('',(0.,0.));
#2425 = VECTOR('',#2426,1.);
#2426 = DIRECTION('',(1.,0.));
#2427 = ( GEOMETRIC_REPRESENTATION_CONTEXT(2) 
PARAMETRIC_REPRESENTATION_CONTEXT() REPRESENTATION_CONTEXT('2D SPACE',''
  ) );
#2428 = ORIENTED_EDGE('',*,*,#2429,.T.);
#2429 = EDGE_CURVE('',#2402,#2430,#2432,.T.);
#2430 = VERTEX_POINT('',#2431);
#2431 = CARTESIAN_POINT('',(3.05,0.,0.));
#2432 = SURFACE_CURVE('',#2433,(#2437,#2444),.PCURVE_S1.);
#2433 = LINE('',#2434,#2435);
#2434 = CARTESIAN_POINT('',(3.05,1.750885901445,0.));
#2435 = VECTOR('',#2436,1.);
#2436 = DIRECTION('',(0.,-1.,0.));
#2437 = PCURVE('',#44,#2438);
#2438 = DEFINITIONAL_REPRESENTATION('',(#2439),#2443);
#2439 = LINE('',#2440,#2441);
#2440 = CARTESIAN_POINT('',(3.02998165878,0.826367400198));
#2441 = VECTOR('',#2442,1.);
#2442 = DIRECTION('',(0.485642931179,-0.874157276122));
#2443 = ( GEOMETRIC_REPRESENTATION_CONTEXT(2) 
PARAMETRIC_REPRESENTATION_CONTEXT() REPRESENTATION_CONTEXT('2D SPACE',''
  ) );
#2444 = PCURVE('',#2445,#2450);
#2445 = PLANE('',#2446);
#2446 = AXIS2_PLACEMENT_3D('',#2447,#2448,#2449);
#2447 = CARTESIAN_POINT('',(3.05,1.750885901445,0.));
#2448 = DIRECTION('',(1.,0.,0.));
#2449 = DIRECTION('',(0.,-1.,0.));
#2450 = DEFINITIONAL_REPRESENTATION('',(#2451),#2455);
#2451 = LINE('',#2452,#2453);
#2452 = CARTESIAN_POINT('',(0.,0.));
#2453 = VECTOR('',#2454,1.);
#2454 = DIRECTION('',(1.,0.));
#2455 = ( GEOMETRIC_REPRESENTATION_CONTEXT(2) 
PARAMETRIC_REPRESENTATION_CONTEXT() REPRESENTATION_CONTEXT('2D SPACE',''
  ) );
#2456 = ORIENTED_EDGE('',*,*,#2457,.F.);
#2457 = EDGE_CURVE('',#2458,#2430,#2460,.T.);
#2458 = VERTEX_POINT('',#2459);
#2459 = CARTESIAN_POINT('',(3.54,0.,0.));
#2460 = SURFACE_CURVE('',#2461,(#2465,#2472),.PCURVE_S1.);
#2461 = LINE('',#2462,#2463);
#2462 = CARTESIAN_POINT('',(4.5,0.,0.));
#2463 = VECTOR('',#2464,1.);
#2464 = DIRECTION('',(-1.,0.,0.));
#2465 = PCURVE('',#44,#2466);
#2466 = DEFINITIONAL_REPRESENTATION('',(#2467),#2471);
#2467 = LINE('',#2468,#2469);
#2468 = CARTESIAN_POINT('',(5.147815070494,0.));
#2469 = VECTOR('',#2470,1.);
#2470 = DIRECTION('',(-0.874157276122,-0.485642931179));
#2471 = ( GEOMETRIC_REPRESENTATION_CONTEXT(2) 
PARAMETRIC_REPRESENTATION_CONTEXT() REPRESENTATION_CONTEXT('2D SPACE',''
  ) );
#2472 = PCURVE('',#2473,#2478);
#2473 = B_SPLINE_SURFACE_WITH_KNOTS('',1,1,(
    (#2474,#2475)
    ,(#2476,#2477
    )),.UNSPECIFIED.,.F.,.F.,.F.,(2,2),(2,2),(0.,4.5),(0.,1.),
  .PIECEWISE_BEZIER_KNOTS.);
#2474 = CARTESIAN_POINT('',(4.5,0.,0.));
#2475 = CARTESIAN_POINT('',(4.35,0.15,1.5));
#2476 = CARTESIAN_POINT('',(0.,0.,0.));
#2477 = CARTESIAN_POINT('',(0.15,0.15,1.5));
#2478 = DEFINITIONAL_REPRESENTATION('',(#2479),#2483);
#2479 = LINE('',#2480,#2481);
#2480 = CARTESIAN_POINT('',(0.,0.));
#2481 = VECTOR('',#2482,1.);
#2482 = DIRECTION('',(1.,0.));
#2483 = ( GEOMETRIC_REPRESENTATION_CONTEXT(2) 
PARAMETRIC_REPRESENTATION_CONTEXT() REPRESENTATION_CONTEXT('2D SPACE',''
  ) );
#2484 = ORIENTED_EDGE('',*,*,#2485,.F.);
#2485 = EDGE_CURVE('',#2486,#2458,#2488,.T.);
#2486 = VERTEX_POINT('',#2487);
#2487 = CARTESIAN_POINT('',(3.54,0.3,0.));
#2488 = SURFACE_CURVE('',#2489,(#2493,#2500),.PCURVE_S1.);
#2489 = LINE('',#2490,#2491);
#2490 = CARTESIAN_POINT('',(3.54,0.3,0.));
#2491 = VECTOR('',#2492,1.);
#2492 = DIRECTION('',(0.,-1.,0.));
#2493 = PCURVE('',#44,#2494);
#2494 = DEFINITIONAL_REPRESENTATION('',(#2495),#2499);
#2495 = LINE('',#2496,#2497);
#2496 = CARTESIAN_POINT('',(4.162931206063,-0.203970031095));
#2497 = VECTOR('',#2498,1.);
#2498 = DIRECTION('',(0.485642931179,-0.874157276122));
#2499 = ( GEOMETRIC_REPRESENTATION_CONTEXT(2) 
PARAMETRIC_REPRESENTATION_CONTEXT() REPRESENTATION_CONTEXT('2D SPACE',''
  ) );
#2500 = PCURVE('',#2501,#2506);
#2501 = PLANE('',#2502);
#2502 = AXIS2_PLACEMENT_3D('',#2503,#2504,#2505);
#2503 = CARTESIAN_POINT('',(3.54,0.3,0.));
#2504 = DIRECTION('',(1.,0.,0.));
#2505 = DIRECTION('',(0.,-1.,0.));
#2506 = DEFINITIONAL_REPRESENTATION('',(#2507),#2511);
#2507 = LINE('',#2508,#2509);
#2508 = CARTESIAN_POINT('',(0.,0.));
#2509 = VECTOR('',#2510,1.);
#2510 = DIRECTION('',(1.,0.));
#2511 = ( GEOMETRIC_REPRESENTATION_CONTEXT(2) 
PARAMETRIC_REPRESENTATION_CONTEXT() REPRESENTATION_CONTEXT('2D SPACE',''
  ) );
#2512 = ORIENTED_EDGE('',*,*,#2513,.F.);
#2513 = EDGE_CURVE('',#2514,#2486,#2516,.T.);
#2514 = VERTEX_POINT('',#2515);
#2515 = CARTESIAN_POINT('',(3.96,0.3,0.));
#2516 = SURFACE_CURVE('',#2517,(#2521,#2528),.PCURVE_S1.);
#2517 = LINE('',#2518,#2519);
#2518 = CARTESIAN_POINT('',(3.96,0.3,0.));
#2519 = VECTOR('',#2520,1.);
#2520 = DIRECTION('',(-1.,0.,0.));
#2521 = PCURVE('',#44,#2522);
#2522 = DEFINITIONAL_REPRESENTATION('',(#2523),#2527);
#2523 = LINE('',#2524,#2525);
#2524 = CARTESIAN_POINT('',(4.530077262034,-2.22044604925E-16));
#2525 = VECTOR('',#2526,1.);
#2526 = DIRECTION('',(-0.874157276122,-0.485642931179));
#2527 = ( GEOMETRIC_REPRESENTATION_CONTEXT(2) 
PARAMETRIC_REPRESENTATION_CONTEXT() REPRESENTATION_CONTEXT('2D SPACE',''
  ) );
#2528 = PCURVE('',#2529,#2534);
#2529 = PLANE('',#2530);
#2530 = AXIS2_PLACEMENT_3D('',#2531,#2532,#2533);
#2531 = CARTESIAN_POINT('',(3.96,0.3,0.));
#2532 = DIRECTION('',(0.,-1.,0.));
#2533 = DIRECTION('',(-1.,0.,0.));
#2534 = DEFINITIONAL_REPRESENTATION('',(#2535),#2539);
#2535 = LINE('',#2536,#2537);
#2536 = CARTESIAN_POINT('',(0.,-0.));
#2537 = VECTOR('',#2538,1.);
#2538 = DIRECTION('',(1.,0.));
#2539 = ( GEOMETRIC_REPRESENTATION_CONTEXT(2) 
PARAMETRIC_REPRESENTATION_CONTEXT() REPRESENTATION_CONTEXT('2D SPACE',''
  ) );
#2540 = ORIENTED_EDGE('',*,*,#2541,.F.);
#2541 = EDGE_CURVE('',#2542,#2514,#2544,.T.);
#2542 = VERTEX_POINT('',#2543);
#2543 = CARTESIAN_POINT('',(3.96,0.,0.));
#2544 = SURFACE_CURVE('',#2545,(#2549,#2556),.PCURVE_S1.);
#2545 = LINE('',#2546,#2547);
#2546 = CARTESIAN_POINT('',(3.96,0.,0.));
#2547 = VECTOR('',#2548,1.);
#2548 = DIRECTION('',(0.,1.,0.));
#2549 = PCURVE('',#44,#2550);
#2550 = DEFINITIONAL_REPRESENTATION('',(#2551),#2555);
#2551 = LINE('',#2552,#2553);
#2552 = CARTESIAN_POINT('',(4.675770141388,-0.262247182836));
#2553 = VECTOR('',#2554,1.);
#2554 = DIRECTION('',(-0.485642931179,0.874157276122));
#2555 = ( GEOMETRIC_REPRESENTATION_CONTEXT(2) 
PARAMETRIC_REPRESENTATION_CONTEXT() REPRESENTATION_CONTEXT('2D SPACE',''
  ) );
#2556 = PCURVE('',#2557,#2562);
#2557 = PLANE('',#2558);
#2558 = AXIS2_PLACEMENT_3D('',#2559,#2560,#2561);
#2559 = CARTESIAN_POINT('',(3.96,0.,0.));
#2560 = DIRECTION('',(-1.,0.,0.));
#2561 = DIRECTION('',(0.,1.,0.));
#2562 = DEFINITIONAL_REPRESENTATION('',(#2563),#2567);
#2563 = LINE('',#2564,#2565);
#2564 = CARTESIAN_POINT('',(0.,0.));
#2565 = VECTOR('',#2566,1.);
#2566 = DIRECTION('',(1.,0.));
#2567 = ( GEOMETRIC_REPRESENTATION_CONTEXT(2) 
PARAMETRIC_REPRESENTATION_CONTEXT() REPRESENTATION_CONTEXT('2D SPACE',''
  ) );
#2568 = ORIENTED_EDGE('',*,*,#2569,.F.);
#2569 = EDGE_CURVE('',#2570,#2542,#2572,.T.);
#2570 = VERTEX_POINT('',#2571);
#2571 = CARTESIAN_POINT('',(4.400496280979,0.,0.));
#2572 = SURFACE_CURVE('',#2573,(#2577,#2584),.PCURVE_S1.);
#2573 = LINE('',#2574,#2575);
#2574 = CARTESIAN_POINT('',(4.5,0.,0.));
#2575 = VECTOR('',#2576,1.);
#2576 = DIRECTION('',(-1.,0.,0.));
#2577 = PCURVE('',#44,#2578);
#2578 = DEFINITIONAL_REPRESENTATION('',(#2579),#2583);
#2579 = LINE('',#2580,#2581);
#2580 = CARTESIAN_POINT('',(5.147815070494,0.));
#2581 = VECTOR('',#2582,1.);
#2582 = DIRECTION('',(-0.874157276122,-0.485642931179));
#2583 = ( GEOMETRIC_REPRESENTATION_CONTEXT(2) 
PARAMETRIC_REPRESENTATION_CONTEXT() REPRESENTATION_CONTEXT('2D SPACE',''
  ) );
#2584 = PCURVE('',#2473,#2585);
#2585 = DEFINITIONAL_REPRESENTATION('',(#2586),#2590);
#2586 = LINE('',#2587,#2588);
#2587 = CARTESIAN_POINT('',(0.,0.));
#2588 = VECTOR('',#2589,1.);
#2589 = DIRECTION('',(1.,0.));
#2590 = ( GEOMETRIC_REPRESENTATION_CONTEXT(2) 
PARAMETRIC_REPRESENTATION_CONTEXT() REPRESENTATION_CONTEXT('2D SPACE',''
  ) );
#2591 = ORIENTED_EDGE('',*,*,#2592,.F.);
#2592 = EDGE_CURVE('',#2593,#2570,#2595,.T.);
#2593 = VERTEX_POINT('',#2594);
#2594 = CARTESIAN_POINT('',(4.5,9.9503719021E-02,0.));
#2595 = SURFACE_CURVE('',#2596,(#2611,#2629),.PCURVE_S1.);
#2596 = B_SPLINE_CURVE_WITH_KNOTS('',7,(#2597,#2598,#2599,#2600,#2601,
    #2602,#2603,#2604,#2605,#2606,#2607,#2608,#2609,#2610),
  .UNSPECIFIED.,.F.,.F.,(8,6,8),(0.,0.498999449753,1.),.UNSPECIFIED.);
#2597 = CARTESIAN_POINT('',(4.5,9.9503719021E-02,0.));
#2598 = CARTESIAN_POINT('',(4.499999999063,8.941361569185E-02,0.));
#2599 = CARTESIAN_POINT('',(4.49881791426,7.885229105014E-02,0.));
#2600 = CARTESIAN_POINT('',(4.496250694135,6.803134989259E-02,0.));
#2601 = CARTESIAN_POINT('',(4.49213733215,5.725642413356E-02,0.));
#2602 = CARTESIAN_POINT('',(4.486434184457,4.694806283696E-02,0.));
#2603 = CARTESIAN_POINT('',(4.479306768402,3.750345203858E-02,0.));
#2604 = CARTESIAN_POINT('',(4.462723590395,2.086507063314E-02,0.));
#2605 = CARTESIAN_POINT('',(4.453258543252,1.368041641571E-02,0.));
#2606 = CARTESIAN_POINT('',(4.442916434191,7.928817977172E-03,0.));
#2607 = CARTESIAN_POINT('',(4.432098839379,3.78024787942E-03,0.));
#2608 = CARTESIAN_POINT('',(4.421232426552,1.191587799597E-03,0.));
#2609 = CARTESIAN_POINT('',(4.410626843314,9.409806267513E-10,0.));
#2610 = CARTESIAN_POINT('',(4.400496280979,-4.440892098501E-16,0.));
#2611 = PCURVE('',#44,#2612);
#2612 = DEFINITIONAL_REPRESENTATION('',(#2613),#2628);
#2613 = B_SPLINE_CURVE_WITH_KNOTS('',7,(#2614,#2615,#2616,#2617,#2618,
    #2619,#2620,#2621,#2622,#2623,#2624,#2625,#2626,#2627),
  .UNSPECIFIED.,.F.,.F.,(8,6,8),(0.,0.498999449753,1.),.UNSPECIFIED.);
#2614 = CARTESIAN_POINT('',(5.099491792725,8.698189998336E-02));
#2615 = CARTESIAN_POINT('',(5.104391979262,7.816156228621E-02));
#2616 = CARTESIAN_POINT('',(5.108487683887,6.835523237658E-02));
#2617 = CARTESIAN_POINT('',(5.111498643317,5.764927562281E-02));
#2618 = CARTESIAN_POINT('',(5.113135684538,4.623267069971E-02));
#2619 = CARTESIAN_POINT('',(5.113156419281,3.445184830476E-02));
#2620 = CARTESIAN_POINT('',(5.111512645148,2.273439383037E-02));
#2621 = CARTESIAN_POINT('',(5.105096651748,1.363284864619E-04));
#2622 = CARTESIAN_POINT('',(5.100311888453,-1.074082251257E-02));
#2623 = CARTESIAN_POINT('',(5.094064481691,-2.079119629595E-02));
#2624 = CARTESIAN_POINT('',(5.086622926219,-2.967118748502E-02));
#2625 = CARTESIAN_POINT('',(5.07838113685,-3.721128010579E-02));
#2626 = CARTESIAN_POINT('',(5.06968887483,-4.340344095907E-02));
#2627 = CARTESIAN_POINT('',(5.06083317051,-4.832327776853E-02));
#2628 = ( GEOMETRIC_REPRESENTATION_CONTEXT(2) 
PARAMETRIC_REPRESENTATION_CONTEXT() REPRESENTATION_CONTEXT('2D SPACE',''
  ) );
#2629 = PCURVE('',#2630,#2655);
#2630 = ( BOUNDED_SURFACE() B_SPLINE_SURFACE(2,3,(
    (#2631,#2632,#2633,#2634,#2635,#2636,#2637,#2638)
    ,(#2639,#2640,#2641,#2642,#2643,#2644,#2645,#2646)
    ,(#2647,#2648,#2649,#2650,#2651,#2652,#2653,#2654
)),.UNSPECIFIED.,.F.,.F.,.F.) B_SPLINE_SURFACE_WITH_KNOTS((3,3),(4,2,2,4
    ),(0.,1.514925740754),(-6.431842797676E-02,9.85233629057E-03,
    1.524778077045,1.598948841312),.UNSPECIFIED.) 
GEOMETRIC_REPRESENTATION_ITEM() RATIONAL_B_SPLINE_SURFACE((
    (1.,1.,1.,1.,1.,1.,1.,1.)
    ,(0.710598687762,0.710598687762,0.710598687762,0.710598687762
      ,0.710598687762,0.710598687762,0.710598687762,0.710598687762)
,(1.,1.,1.,1.,1.,1.,1.,1.))) REPRESENTATION_ITEM('') SURFACE() );
#2631 = CARTESIAN_POINT('',(4.507344,9.2159719021E-02,-7.344E-02));
#2632 = CARTESIAN_POINT('',(4.504896,9.4607719021E-02,-4.896E-02));
#2633 = CARTESIAN_POINT('',(4.502448,9.7055719021E-02,-2.448E-02));
#2634 = CARTESIAN_POINT('',(4.45,0.149503719021,0.5));
#2635 = CARTESIAN_POINT('',(4.4,0.199503719021,1.));
#2636 = CARTESIAN_POINT('',(4.347552,0.251951719021,1.52448));
#2637 = CARTESIAN_POINT('',(4.345104,0.254399719021,1.54896));
#2638 = CARTESIAN_POINT('',(4.342656,0.256847719021,1.57344));
#2639 = CARTESIAN_POINT('',(4.506368473343,-6.368473342931E-03,
    -6.368473342931E-02));
#2640 = CARTESIAN_POINT('',(4.503920473343,-3.920473342931E-03,
    -3.920473342931E-02));
#2641 = CARTESIAN_POINT('',(4.501472473343,-1.472473342931E-03,
    -1.472473342931E-02));
#2642 = CARTESIAN_POINT('',(4.449024473343,5.097552665707E-02,
    0.509755266571));
#2643 = CARTESIAN_POINT('',(4.399024473343,0.100975526657,1.009755266571
    ));
#2644 = CARTESIAN_POINT('',(4.346576473343,0.153423526657,1.534235266571
    ));
#2645 = CARTESIAN_POINT('',(4.344128473343,0.155871526657,1.558715266571
    ));
#2646 = CARTESIAN_POINT('',(4.341680473343,0.158319526657,1.583195266571
    ));
#2647 = CARTESIAN_POINT('',(4.407840280979,-7.344E-03,-7.344E-02));
#2648 = CARTESIAN_POINT('',(4.405392280979,-4.896E-03,-4.896E-02));
#2649 = CARTESIAN_POINT('',(4.402944280979,-2.448E-03,-2.448E-02));
#2650 = CARTESIAN_POINT('',(4.350496280979,5.E-02,0.5));
#2651 = CARTESIAN_POINT('',(4.300496280979,0.1,1.));
#2652 = CARTESIAN_POINT('',(4.248048280979,0.152448,1.52448));
#2653 = CARTESIAN_POINT('',(4.245600280979,0.154896,1.54896));
#2654 = CARTESIAN_POINT('',(4.243152280979,0.157344,1.57344));
#2655 = DEFINITIONAL_REPRESENTATION('',(#2656),#2671);
#2656 = B_SPLINE_CURVE_WITH_KNOTS('',7,(#2657,#2658,#2659,#2660,#2661,
    #2662,#2663,#2664,#2665,#2666,#2667,#2668,#2669,#2670),
  .UNSPECIFIED.,.F.,.F.,(8,6,8),(0.,0.498999449753,1.),.UNSPECIFIED.);
#2657 = CARTESIAN_POINT('',(0.,9.85233629057E-03));
#2658 = CARTESIAN_POINT('',(0.108091920347,8.853267281395E-03));
#2659 = CARTESIAN_POINT('',(0.216147332602,7.924584153261E-03));
#2660 = CARTESIAN_POINT('',(0.324159664566,7.107343993168E-03));
#2661 = CARTESIAN_POINT('',(0.432130752289,6.447750892794E-03));
#2662 = CARTESIAN_POINT('',(0.540076029791,5.991766799365E-03));
#2663 = CARTESIAN_POINT('',(0.648013200188,5.76233033122E-03));
#2664 = CARTESIAN_POINT('',(0.864315467122,5.756864380264E-03));
#2665 = CARTESIAN_POINT('',(0.972685281149,5.982656925529E-03));
#2666 = CARTESIAN_POINT('',(1.081062982496,6.437185206919E-03));
#2667 = CARTESIAN_POINT('',(1.189466559618,7.097517050372E-03));
#2668 = CARTESIAN_POINT('',(1.297911755638,7.917136704745E-03));
#2669 = CARTESIAN_POINT('',(1.406400396536,8.849261243236E-03));
#2670 = CARTESIAN_POINT('',(1.514925740754,9.85233629057E-03));
#2671 = ( GEOMETRIC_REPRESENTATION_CONTEXT(2) 
PARAMETRIC_REPRESENTATION_CONTEXT() REPRESENTATION_CONTEXT('2D SPACE',''
  ) );
#2672 = ORIENTED_EDGE('',*,*,#2673,.F.);
#2673 = EDGE_CURVE('',#2674,#2593,#2676,.T.);
#2674 = VERTEX_POINT('',#2675);
#2675 = CARTESIAN_POINT('',(4.5,2.400496280979,0.));
#2676 = SURFACE_CURVE('',#2677,(#2681,#2688),.PCURVE_S1.);
#2677 = LINE('',#2678,#2679);
#2678 = CARTESIAN_POINT('',(4.5,2.5,0.));
#2679 = VECTOR('',#2680,1.);
#2680 = DIRECTION('',(0.,-1.,0.));
#2681 = PCURVE('',#44,#2682);
#2682 = DEFINITIONAL_REPRESENTATION('',(#2683),#2687);
#2683 = LINE('',#2684,#2685);
#2684 = CARTESIAN_POINT('',(3.933707742547,2.185393190304));
#2685 = VECTOR('',#2686,1.);
#2686 = DIRECTION('',(0.485642931179,-0.874157276122));
#2687 = ( GEOMETRIC_REPRESENTATION_CONTEXT(2) 
PARAMETRIC_REPRESENTATION_CONTEXT() REPRESENTATION_CONTEXT('2D SPACE',''
  ) );
#2688 = PCURVE('',#2689,#2694);
#2689 = B_SPLINE_SURFACE_WITH_KNOTS('',1,1,(
    (#2690,#2691)
    ,(#2692,#2693
    )),.UNSPECIFIED.,.F.,.F.,.F.,(2,2),(2,2),(0.,2.5),(0.,1.),
  .PIECEWISE_BEZIER_KNOTS.);
#2690 = CARTESIAN_POINT('',(4.5,2.5,0.));
#2691 = CARTESIAN_POINT('',(4.35,2.35,1.5));
#2692 = CARTESIAN_POINT('',(4.5,0.,0.));
#2693 = CARTESIAN_POINT('',(4.35,0.15,1.5));
#2694 = DEFINITIONAL_REPRESENTATION('',(#2695),#2699);
#2695 = LINE('',#2696,#2697);
#2696 = CARTESIAN_POINT('',(0.,0.));
#2697 = VECTOR('',#2698,1.);
#2698 = DIRECTION('',(1.,0.));
#2699 = ( GEOMETRIC_REPRESENTATION_CONTEXT(2) 
PARAMETRIC_REPRESENTATION_CONTEXT() REPRESENTATION_CONTEXT('2D SPACE',''
  ) );
#2700 = ORIENTED_EDGE('',*,*,#2701,.F.);
#2701 = EDGE_CURVE('',#24,#2674,#2702,.T.);
#2702 = SURFACE_CURVE('',#2703,(#2718,#2736),.PCURVE_S1.);
#2703 = B_SPLINE_CURVE_WITH_KNOTS('',7,(#2704,#2705,#2706,#2707,#2708,
    #2709,#2710,#2711,#2712,#2713,#2714,#2715,#2716,#2717),
  .UNSPECIFIED.,.F.,.F.,(8,6,8),(0.,0.498999449753,1.),.UNSPECIFIED.);
#2704 = CARTESIAN_POINT('',(4.400496280979,2.5,0.));
#2705 = CARTESIAN_POINT('',(4.410586384308,2.499999999063,0.));
#2706 = CARTESIAN_POINT('',(4.42114770895,2.49881791426,0.));
#2707 = CARTESIAN_POINT('',(4.431968650107,2.496250694135,0.));
#2708 = CARTESIAN_POINT('',(4.442743575866,2.49213733215,0.));
#2709 = CARTESIAN_POINT('',(4.453051937163,2.486434184457,0.));
#2710 = CARTESIAN_POINT('',(4.462496547961,2.479306768402,0.));
#2711 = CARTESIAN_POINT('',(4.479134929367,2.462723590395,0.));
#2712 = CARTESIAN_POINT('',(4.486319583584,2.453258543252,0.));
#2713 = CARTESIAN_POINT('',(4.492071182023,2.442916434191,0.));
#2714 = CARTESIAN_POINT('',(4.496219752121,2.432098839379,0.));
#2715 = CARTESIAN_POINT('',(4.4988084122,2.421232426552,0.));
#2716 = CARTESIAN_POINT('',(4.499999999059,2.410626843314,0.));
#2717 = CARTESIAN_POINT('',(4.5,2.400496280979,0.));
#2718 = PCURVE('',#44,#2719);
#2719 = DEFINITIONAL_REPRESENTATION('',(#2720),#2735);
#2720 = B_SPLINE_CURVE_WITH_KNOTS('',7,(#2721,#2722,#2723,#2724,#2725,
    #2726,#2727,#2728,#2729,#2730,#2731,#2732,#2733,#2734),
  .UNSPECIFIED.,.F.,.F.,(8,6,8),(0.,0.498999449753,1.),.UNSPECIFIED.);
#2721 = CARTESIAN_POINT('',(3.846725842564,2.137069912535));
#2722 = CARTESIAN_POINT('',(3.855546180261,2.141970099073));
#2723 = CARTESIAN_POINT('',(3.86535251017,2.146065803697));
#2724 = CARTESIAN_POINT('',(3.876058466924,2.149076763128));
#2725 = CARTESIAN_POINT('',(3.887475071847,2.150713804348));
#2726 = CARTESIAN_POINT('',(3.899255894242,2.150734539091));
#2727 = CARTESIAN_POINT('',(3.910973348717,2.149090764959));
#2728 = CARTESIAN_POINT('',(3.93357141406,2.142674771559));
#2729 = CARTESIAN_POINT('',(3.94444856506,2.137890008263));
#2730 = CARTESIAN_POINT('',(3.954498938843,2.131642601502));
#2731 = CARTESIAN_POINT('',(3.963378930032,2.124201046029));
#2732 = CARTESIAN_POINT('',(3.970919022653,2.11595925666));
#2733 = CARTESIAN_POINT('',(3.977111183506,2.10726699464));
#2734 = CARTESIAN_POINT('',(3.982031020315,2.09841129032));
#2735 = ( GEOMETRIC_REPRESENTATION_CONTEXT(2) 
PARAMETRIC_REPRESENTATION_CONTEXT() REPRESENTATION_CONTEXT('2D SPACE',''
  ) );
#2736 = PCURVE('',#78,#2737);
#2737 = DEFINITIONAL_REPRESENTATION('',(#2738),#2753);
#2738 = B_SPLINE_CURVE_WITH_KNOTS('',7,(#2739,#2740,#2741,#2742,#2743,
    #2744,#2745,#2746,#2747,#2748,#2749,#2750,#2751,#2752),
  .UNSPECIFIED.,.F.,.F.,(8,6,8),(0.,0.498999449753,1.),.UNSPECIFIED.);
#2739 = CARTESIAN_POINT('',(0.,9.852336290569E-03));
#2740 = CARTESIAN_POINT('',(0.108091920347,8.853267281394E-03));
#2741 = CARTESIAN_POINT('',(0.216147332602,7.924584153262E-03));
#2742 = CARTESIAN_POINT('',(0.324159664566,7.107343993166E-03));
#2743 = CARTESIAN_POINT('',(0.432130752288,6.447750892794E-03));
#2744 = CARTESIAN_POINT('',(0.540076029791,5.991766799364E-03));
#2745 = CARTESIAN_POINT('',(0.648013200188,5.762330331219E-03));
#2746 = CARTESIAN_POINT('',(0.864315467122,5.756864380263E-03));
#2747 = CARTESIAN_POINT('',(0.97268528115,5.98265692553E-03));
#2748 = CARTESIAN_POINT('',(1.081062982494,6.437185206914E-03));
#2749 = CARTESIAN_POINT('',(1.189466559619,7.097517050379E-03));
#2750 = CARTESIAN_POINT('',(1.297911755637,7.917136704739E-03));
#2751 = CARTESIAN_POINT('',(1.406400396537,8.849261243237E-03));
#2752 = CARTESIAN_POINT('',(1.514925740754,9.852336290569E-03));
#2753 = ( GEOMETRIC_REPRESENTATION_CONTEXT(2) 
PARAMETRIC_REPRESENTATION_CONTEXT() REPRESENTATION_CONTEXT('2D SPACE',''
  ) );
#2754 = ADVANCED_FACE('',(#2755),#78,.F.);
#2755 = FACE_BOUND('',#2756,.F.);
#2756 = EDGE_LOOP('',(#2757,#2758,#2787,#2836));
#2757 = ORIENTED_EDGE('',*,*,#2701,.T.);
#2758 = ORIENTED_EDGE('',*,*,#2759,.T.);
#2759 = EDGE_CURVE('',#2674,#2760,#2762,.T.);
#2760 = VERTEX_POINT('',#2761);
#2761 = CARTESIAN_POINT('',(4.35900496281,2.25950132863,1.409950371902)
  );
#2762 = SURFACE_CURVE('',#2763,(#2772,#2779),.PCURVE_S1.);
#2763 = B_SPLINE_CURVE_WITH_KNOTS('',3,(#2764,#2765,#2766,#2767,#2768,
    #2769,#2770,#2771),.UNSPECIFIED.,.F.,.F.,(4,2,2,4),(
    -6.431842797676E-02,9.852336290569E-03,1.524778077045,1.598948841312
    ),.UNSPECIFIED.);
#2764 = CARTESIAN_POINT('',(4.507344,2.407840280979,-7.344E-02));
#2765 = CARTESIAN_POINT('',(4.504896,2.405392280979,-4.896E-02));
#2766 = CARTESIAN_POINT('',(4.502448,2.402944280979,-2.448E-02));
#2767 = CARTESIAN_POINT('',(4.45,2.350496280979,0.5));
#2768 = CARTESIAN_POINT('',(4.4,2.300496280979,1.));
#2769 = CARTESIAN_POINT('',(4.347552,2.248048280979,1.52448));
#2770 = CARTESIAN_POINT('',(4.345104,2.245600280979,1.54896));
#2771 = CARTESIAN_POINT('',(4.342656,2.243152280979,1.57344));
#2772 = PCURVE('',#78,#2773);
#2773 = DEFINITIONAL_REPRESENTATION('',(#2774),#2778);
#2774 = LINE('',#2775,#2776);
#2775 = CARTESIAN_POINT('',(1.514925740754,0.));
#2776 = VECTOR('',#2777,1.);
#2777 = DIRECTION('',(0.,1.));
#2778 = ( GEOMETRIC_REPRESENTATION_CONTEXT(2) 
PARAMETRIC_REPRESENTATION_CONTEXT() REPRESENTATION_CONTEXT('2D SPACE',''
  ) );
#2779 = PCURVE('',#2689,#2780);
#2780 = DEFINITIONAL_REPRESENTATION('',(#2781),#2786);
#2781 = B_SPLINE_CURVE_WITH_KNOTS('',3,(#2782,#2783,#2784,#2785),
  .UNSPECIFIED.,.F.,.F.,(4,4),(9.852336290569E-03,1.433832410678),
  .PIECEWISE_BEZIER_KNOTS.);
#2782 = CARTESIAN_POINT('',(9.9503719021E-02,2.22044604925E-16));
#2783 = CARTESIAN_POINT('',(0.103244927171,0.313322304867));
#2784 = CARTESIAN_POINT('',(0.107400282585,0.62664466392));
#2785 = CARTESIAN_POINT('',(0.112154180456,0.939966914601));
#2786 = ( GEOMETRIC_REPRESENTATION_CONTEXT(2) 
PARAMETRIC_REPRESENTATION_CONTEXT() REPRESENTATION_CONTEXT('2D SPACE',''
  ) );
#2787 = ORIENTED_EDGE('',*,*,#2788,.F.);
#2788 = EDGE_CURVE('',#57,#2760,#2789,.T.);
#2789 = SURFACE_CURVE('',#2790,(#2795,#2825),.PCURVE_S1.);
#2790 = CIRCLE('',#2791,0.1);
#2791 = AXIS2_PLACEMENT_3D('',#2792,#2793,#2794);
#2792 = CARTESIAN_POINT('',(4.259501243789,2.259501243789,1.4));
#2793 = DIRECTION('',(9.901467077146E-02,9.901474804611E-02,
    -0.990147551954));
#2794 = DIRECTION('',(0.995085973659,-9.852399117941E-03,
    9.852327268015E-02));
#2795 = PCURVE('',#78,#2796);
#2796 = DEFINITIONAL_REPRESENTATION('',(#2797),#2824);
#2797 = B_SPLINE_CURVE_WITH_KNOTS('',9,(#2798,#2799,#2800,#2801,#2802,
    #2803,#2804,#2805,#2806,#2807,#2808,#2809,#2810,#2811,#2812,#2813,
    #2814,#2815,#2816,#2817,#2818,#2819,#2820,#2821,#2822,#2823),
  .UNSPECIFIED.,.F.,.F.,(10,8,8,10),(4.712388980385,5.49283610998,
    5.883059674777,6.273283239575),.UNSPECIFIED.);
#2798 = CARTESIAN_POINT('',(1.248513466813E-17,1.433832410678));
#2799 = CARTESIAN_POINT('',(9.335509220327E-02,1.433832410678));
#2800 = CARTESIAN_POINT('',(0.182964467198,1.433832410678));
#2801 = CARTESIAN_POINT('',(0.269592625666,1.433832410677));
#2802 = CARTESIAN_POINT('',(0.353869771687,1.433832410678));
#2803 = CARTESIAN_POINT('',(0.436339301023,1.433832410677));
#2804 = CARTESIAN_POINT('',(0.517488587523,1.433832410678));
#2805 = CARTESIAN_POINT('',(0.597769600241,1.433832410678));
#2806 = CARTESIAN_POINT('',(0.677615883842,1.433832410678));
#2807 = CARTESIAN_POINT('',(0.797385710386,1.433832410678));
#2808 = CARTESIAN_POINT('',(0.83730903876,1.433832410678));
#2809 = CARTESIAN_POINT('',(0.877286655353,1.433832410677));
#2810 = CARTESIAN_POINT('',(0.917372794003,1.433832410678));
#2811 = CARTESIAN_POINT('',(0.957622262914,1.433832410677));
#2812 = CARTESIAN_POINT('',(0.998091020555,1.433832410678));
#2813 = CARTESIAN_POINT('',(1.038836751542,1.433832410678));
#2814 = CARTESIAN_POINT('',(1.079919442539,1.433832410678));
#2815 = CARTESIAN_POINT('',(1.162884473748,1.433832410678));
#2816 = CARTESIAN_POINT('',(1.204766378888,1.433832410678));
#2817 = CARTESIAN_POINT('',(1.247114439874,1.433832410678));
#2818 = CARTESIAN_POINT('',(1.289981633813,1.433832410678));
#2819 = CARTESIAN_POINT('',(1.333464686352,1.433832410678));
#2820 = CARTESIAN_POINT('',(1.377603975215,1.433832410678));
#2821 = CARTESIAN_POINT('',(1.422505165105,1.433832410678));
#2822 = CARTESIAN_POINT('',(1.468248194653,1.433832410678));
#2823 = CARTESIAN_POINT('',(1.514925740754,1.433832410678));
#2824 = ( GEOMETRIC_REPRESENTATION_CONTEXT(2) 
PARAMETRIC_REPRESENTATION_CONTEXT() REPRESENTATION_CONTEXT('2D SPACE',''
  ) );
#2825 = PCURVE('',#2826,#2831);
#2826 = SPHERICAL_SURFACE('',#2827,0.1);
#2827 = AXIS2_PLACEMENT_3D('',#2828,#2829,#2830);
#2828 = CARTESIAN_POINT('',(4.259501243789,2.259501243789,1.4));
#2829 = DIRECTION('',(-7.18464043814E-08,-0.99503719021,
    -9.950371902099E-02));
#2830 = DIRECTION('',(0.995085973659,-9.852399117941E-03,
    9.852327268015E-02));
#2831 = DEFINITIONAL_REPRESENTATION('',(#2832),#2835);
#2832 = B_SPLINE_CURVE_WITH_KNOTS('',1,(#2833,#2834),.UNSPECIFIED.,.F.,
  .F.,(2,2),(4.712388980385,6.273283239575),.PIECEWISE_BEZIER_KNOTS.);
#2833 = CARTESIAN_POINT('',(0.,-1.570796326795));
#2834 = CARTESIAN_POINT('',(0.,-9.902067604711E-03));
#2835 = ( GEOMETRIC_REPRESENTATION_CONTEXT(2) 
PARAMETRIC_REPRESENTATION_CONTEXT() REPRESENTATION_CONTEXT('2D SPACE',''
  ) );
#2836 = ORIENTED_EDGE('',*,*,#56,.F.);
#2837 = ADVANCED_FACE('',(#2838),#2191,.T.);
#2838 = FACE_BOUND('',#2839,.T.);
#2839 = EDGE_LOOP('',(#2840,#2841,#2864,#2885));
#2840 = ORIENTED_EDGE('',*,*,#2305,.F.);
#2841 = ORIENTED_EDGE('',*,*,#2842,.T.);
#2842 = EDGE_CURVE('',#2306,#2843,#2845,.T.);
#2843 = VERTEX_POINT('',#2844);
#2844 = CARTESIAN_POINT('',(3.96,2.2,0.4));
#2845 = SURFACE_CURVE('',#2846,(#2850,#2857),.PCURVE_S1.);
#2846 = LINE('',#2847,#2848);
#2847 = CARTESIAN_POINT('',(3.96,2.2,0.));
#2848 = VECTOR('',#2849,1.);
#2849 = DIRECTION('',(0.,0.,1.));
#2850 = PCURVE('',#2191,#2851);
#2851 = DEFINITIONAL_REPRESENTATION('',(#2852),#2856);
#2852 = LINE('',#2853,#2854);
#2853 = CARTESIAN_POINT('',(0.,0.));
#2854 = VECTOR('',#2855,1.);
#2855 = DIRECTION('',(0.,-1.));
#2856 = ( GEOMETRIC_REPRESENTATION_CONTEXT(2) 
PARAMETRIC_REPRESENTATION_CONTEXT() REPRESENTATION_CONTEXT('2D SPACE',''
  ) );
#2857 = PCURVE('',#2344,#2858);
#2858 = DEFINITIONAL_REPRESENTATION('',(#2859),#2863);
#2859 = LINE('',#2860,#2861);
#2860 = CARTESIAN_POINT('',(0.42,0.));
#2861 = VECTOR('',#2862,1.);
#2862 = DIRECTION('',(0.,-1.));
#2863 = ( GEOMETRIC_REPRESENTATION_CONTEXT(2) 
PARAMETRIC_REPRESENTATION_CONTEXT() REPRESENTATION_CONTEXT('2D SPACE',''
  ) );
#2864 = ORIENTED_EDGE('',*,*,#2865,.T.);
#2865 = EDGE_CURVE('',#2843,#1660,#2866,.T.);
#2866 = SURFACE_CURVE('',#2867,(#2871,#2878),.PCURVE_S1.);
#2867 = LINE('',#2868,#2869);
#2868 = CARTESIAN_POINT('',(3.96,2.2,0.4));
#2869 = VECTOR('',#2870,1.);
#2870 = DIRECTION('',(0.,1.,0.));
#2871 = PCURVE('',#2191,#2872);
#2872 = DEFINITIONAL_REPRESENTATION('',(#2873),#2877);
#2873 = LINE('',#2874,#2875);
#2874 = CARTESIAN_POINT('',(0.,-0.4));
#2875 = VECTOR('',#2876,1.);
#2876 = DIRECTION('',(1.,0.));
#2877 = ( GEOMETRIC_REPRESENTATION_CONTEXT(2) 
PARAMETRIC_REPRESENTATION_CONTEXT() REPRESENTATION_CONTEXT('2D SPACE',''
  ) );
#2878 = PCURVE('',#1871,#2879);
#2879 = DEFINITIONAL_REPRESENTATION('',(#2880),#2884);
#2880 = LINE('',#2881,#2882);
#2881 = CARTESIAN_POINT('',(-0.42,0.));
#2882 = VECTOR('',#2883,1.);
#2883 = DIRECTION('',(0.,1.));
#2884 = ( GEOMETRIC_REPRESENTATION_CONTEXT(2) 
PARAMETRIC_REPRESENTATION_CONTEXT() REPRESENTATION_CONTEXT('2D SPACE',''
  ) );
#2885 = ORIENTED_EDGE('',*,*,#1981,.F.);
#2886 = ADVANCED_FACE('',(#2887),#127,.T.);
#2887 = FACE_BOUND('',#2888,.T.);
#2888 = EDGE_LOOP('',(#2889,#2890,#2934,#2963));
#2889 = ORIENTED_EDGE('',*,*,#110,.F.);
#2890 = ORIENTED_EDGE('',*,*,#2891,.T.);
#2891 = EDGE_CURVE('',#111,#2892,#2894,.T.);
#2892 = VERTEX_POINT('',#2893);
#2893 = CARTESIAN_POINT('',(0.240498756211,2.259501243789,1.5));
#2894 = SURFACE_CURVE('',#2895,(#2900,#2916),.PCURVE_S1.);
#2895 = CIRCLE('',#2896,0.1);
#2896 = AXIS2_PLACEMENT_3D('',#2897,#2898,#2899);
#2897 = CARTESIAN_POINT('',(0.240498756211,2.259501243789,1.4));
#2898 = DIRECTION('',(1.,7.220477886527E-08,-3.663735981238E-13));
#2899 = DIRECTION('',(-7.184640382629E-08,0.99503719021,9.9503719021E-02
    ));
#2900 = PCURVE('',#127,#2901);
#2901 = DEFINITIONAL_REPRESENTATION('',(#2902),#2915);
#2902 = B_SPLINE_CURVE_WITH_KNOTS('',11,(#2903,#2904,#2905,#2906,#2907,
    #2908,#2909,#2910,#2911,#2912,#2913,#2914),.UNSPECIFIED.,.F.,.F.,(12
    ,12),(0.,1.471127674304),.PIECEWISE_BEZIER_KNOTS.);
#2903 = CARTESIAN_POINT('',(-1.33226762955E-15,9.049874902653E-02));
#2904 = CARTESIAN_POINT('',(0.420348321871,9.049874974253E-02));
#2905 = CARTESIAN_POINT('',(0.816860549357,9.04987504179E-02));
#2906 = CARTESIAN_POINT('',(1.196925967971,9.049875106533E-02));
#2907 = CARTESIAN_POINT('',(1.565729038904,9.049875169343E-02));
#2908 = CARTESIAN_POINT('',(1.928927558093,9.049875231222E-02));
#2909 = CARTESIAN_POINT('',(2.289082367526,9.049875292552E-02));
#2910 = CARTESIAN_POINT('',(2.652280886715,9.04987535443E-02));
#2911 = CARTESIAN_POINT('',(3.021083957649,9.049875417242E-02));
#2912 = CARTESIAN_POINT('',(3.401149376263,9.049875481983E-02));
#2913 = CARTESIAN_POINT('',(3.797661603748,9.049875549521E-02));
#2914 = CARTESIAN_POINT('',(4.21800992562,9.049875621121E-02));
#2915 = ( GEOMETRIC_REPRESENTATION_CONTEXT(2) 
PARAMETRIC_REPRESENTATION_CONTEXT() REPRESENTATION_CONTEXT('2D SPACE',''
  ) );
#2916 = PCURVE('',#2917,#2922);
#2917 = SPHERICAL_SURFACE('',#2918,0.1);
#2918 = AXIS2_PLACEMENT_3D('',#2919,#2920,#2921);
#2919 = CARTESIAN_POINT('',(0.240498756211,2.259501243789,1.4));
#2920 = DIRECTION('',(0.99503719021,-8.484092983707E-07,
    -9.9503719021E-02));
#2921 = DIRECTION('',(9.853175718905E-03,0.995085965969,
    9.852327268015E-02));
#2922 = DEFINITIONAL_REPRESENTATION('',(#2923),#2933);
#2923 = B_SPLINE_CURVE_WITH_KNOTS('',8,(#2924,#2925,#2926,#2927,#2928,
    #2929,#2930,#2931,#2932),.UNSPECIFIED.,.F.,.F.,(9,9),(0.,
    1.471127674304),.PIECEWISE_BEZIER_KNOTS.);
#2924 = CARTESIAN_POINT('',(0.,-9.902067604709E-03));
#2925 = CARTESIAN_POINT('',(0.182996285807,-2.810996908169E-02));
#2926 = CARTESIAN_POINT('',(0.366067965959,-4.593894598482E-02));
#2927 = CARTESIAN_POINT('',(0.549398363299,-6.245952935811E-02));
#2928 = CARTESIAN_POINT('',(0.733148529005,-7.676797292123E-02));
#2929 = CARTESIAN_POINT('',(0.917385154584,-8.807528248445E-02));
#2930 = CARTESIAN_POINT('',(1.102002908444,-9.580429664952E-02));
#2931 = CARTESIAN_POINT('',(1.28681102997,-9.966882256153E-02));
#2932 = CARTESIAN_POINT('',(1.471619156839,-9.966865249079E-02));
#2933 = ( GEOMETRIC_REPRESENTATION_CONTEXT(2) 
PARAMETRIC_REPRESENTATION_CONTEXT() REPRESENTATION_CONTEXT('2D SPACE',''
  ) );
#2934 = ORIENTED_EDGE('',*,*,#2935,.T.);
#2935 = EDGE_CURVE('',#2892,#2936,#2938,.T.);
#2936 = VERTEX_POINT('',#2937);
#2937 = CARTESIAN_POINT('',(4.259501243789,2.259501243789,1.5));
#2938 = SURFACE_CURVE('',#2939,(#2945,#2952),.PCURVE_S1.);
#2939 = B_SPLINE_CURVE_WITH_KNOTS('',2,(#2940,#2941,#2942,#2943,#2944),
  .UNSPECIFIED.,.F.,.F.,(3,1,1,3),(-0.16322896281,-9.004962809791E-03,
    4.20900496281,4.36322896281),.UNSPECIFIED.);
#2940 = CARTESIAN_POINT('',(-1.322896280979E-02,2.259501243789,1.5));
#2941 = CARTESIAN_POINT('',(6.388303719021E-02,2.259501243789,1.5));
#2942 = CARTESIAN_POINT('',(2.25,2.259501243789,1.5));
#2943 = CARTESIAN_POINT('',(4.43611696281,2.259501243789,1.5));
#2944 = CARTESIAN_POINT('',(4.51322896281,2.259501243789,1.5));
#2945 = PCURVE('',#127,#2946);
#2946 = DEFINITIONAL_REPRESENTATION('',(#2947),#2951);
#2947 = LINE('',#2948,#2949);
#2948 = CARTESIAN_POINT('',(4.21800992562,0.));
#2949 = VECTOR('',#2950,1.);
#2950 = DIRECTION('',(0.,1.));
#2951 = ( GEOMETRIC_REPRESENTATION_CONTEXT(2) 
PARAMETRIC_REPRESENTATION_CONTEXT() REPRESENTATION_CONTEXT('2D SPACE',''
  ) );
#2952 = PCURVE('',#2953,#2958);
#2953 = PLANE('',#2954);
#2954 = AXIS2_PLACEMENT_3D('',#2955,#2956,#2957);
#2955 = CARTESIAN_POINT('',(0.15,2.35,1.5));
#2956 = DIRECTION('',(0.,0.,1.));
#2957 = DIRECTION('',(0.88583153528,-0.464006994671,0.));
#2958 = DEFINITIONAL_REPRESENTATION('',(#2959),#2962);
#2959 = B_SPLINE_CURVE_WITH_KNOTS('',1,(#2960,#2961),.UNSPECIFIED.,.F.,
  .F.,(2,2),(-9.004962809791E-03,4.20900496281),
  .PIECEWISE_BEZIER_KNOTS.);
#2960 = CARTESIAN_POINT('',(3.401517586005E-02,-8.434501788601E-02));
#2961 = CARTESIAN_POINT('',(3.770461384099,1.872841091191));
#2962 = ( GEOMETRIC_REPRESENTATION_CONTEXT(2) 
PARAMETRIC_REPRESENTATION_CONTEXT() REPRESENTATION_CONTEXT('2D SPACE',''
  ) );
#2963 = ORIENTED_EDGE('',*,*,#2964,.F.);
#2964 = EDGE_CURVE('',#57,#2936,#2965,.T.);
#2965 = SURFACE_CURVE('',#2966,(#2971,#2987),.PCURVE_S1.);
#2966 = CIRCLE('',#2967,0.1);
#2967 = AXIS2_PLACEMENT_3D('',#2968,#2969,#2970);
#2968 = CARTESIAN_POINT('',(4.259501243789,2.259501243789,1.4));
#2969 = DIRECTION('',(1.,-7.220477848183E-08,3.569604529264E-13));
#2970 = DIRECTION('',(-7.184999178955E-09,-9.950371902099E-02,
    0.99503719021));
#2971 = PCURVE('',#127,#2972);
#2972 = DEFINITIONAL_REPRESENTATION('',(#2973),#2986);
#2973 = B_SPLINE_CURVE_WITH_KNOTS('',11,(#2974,#2975,#2976,#2977,#2978,
    #2979,#2980,#2981,#2982,#2983,#2984,#2985),.UNSPECIFIED.,.F.,.F.,(12
    ,12),(4.712388980385,6.183516654688),.PIECEWISE_BEZIER_KNOTS.);
#2974 = CARTESIAN_POINT('',(-7.611222605926E-16,4.109501250973));
#2975 = CARTESIAN_POINT('',(0.420348321871,4.109501250258));
#2976 = CARTESIAN_POINT('',(0.816860549357,4.109501249582));
#2977 = CARTESIAN_POINT('',(1.196925967969,4.109501248936));
#2978 = CARTESIAN_POINT('',(1.565729038907,4.109501248305));
#2979 = CARTESIAN_POINT('',(1.928927558089,4.10950124769));
#2980 = CARTESIAN_POINT('',(2.289082367531,4.109501247072));
#2981 = CARTESIAN_POINT('',(2.652280886711,4.109501246457));
#2982 = CARTESIAN_POINT('',(3.021083957651,4.109501245827));
#2983 = CARTESIAN_POINT('',(3.401149376262,4.10950124518));
#2984 = CARTESIAN_POINT('',(3.797661603748,4.109501244505));
#2985 = CARTESIAN_POINT('',(4.21800992562,4.109501243789));
#2986 = ( GEOMETRIC_REPRESENTATION_CONTEXT(2) 
PARAMETRIC_REPRESENTATION_CONTEXT() REPRESENTATION_CONTEXT('2D SPACE',''
  ) );
#2987 = PCURVE('',#2826,#2988);
#2988 = DEFINITIONAL_REPRESENTATION('',(#2989),#2992);
#2989 = B_SPLINE_CURVE_WITH_KNOTS('',1,(#2990,#2991),.UNSPECIFIED.,.F.,
  .F.,(2,2),(4.712388980385,6.183516654688),.PIECEWISE_BEZIER_KNOTS.);
#2990 = CARTESIAN_POINT('',(1.471619156839,-1.570796326795));
#2991 = CARTESIAN_POINT('',(1.471619156839,-9.966865249117E-02));
#2992 = ( GEOMETRIC_REPRESENTATION_CONTEXT(2) 
PARAMETRIC_REPRESENTATION_CONTEXT() REPRESENTATION_CONTEXT('2D SPACE',''
  ) );
#2993 = ADVANCED_FACE('',(#2994),#1871,.T.);
#2994 = FACE_BOUND('',#2995,.T.);
#2995 = EDGE_LOOP('',(#2996,#3019,#3040,#3041));
#2996 = ORIENTED_EDGE('',*,*,#2997,.F.);
#2997 = EDGE_CURVE('',#2998,#2843,#3000,.T.);
#2998 = VERTEX_POINT('',#2999);
#2999 = CARTESIAN_POINT('',(3.54,2.2,0.4));
#3000 = SURFACE_CURVE('',#3001,(#3005,#3012),.PCURVE_S1.);
#3001 = LINE('',#3002,#3003);
#3002 = CARTESIAN_POINT('',(3.54,2.2,0.4));
#3003 = VECTOR('',#3004,1.);
#3004 = DIRECTION('',(1.,0.,0.));
#3005 = PCURVE('',#1871,#3006);
#3006 = DEFINITIONAL_REPRESENTATION('',(#3007),#3011);
#3007 = LINE('',#3008,#3009);
#3008 = CARTESIAN_POINT('',(0.,0.));
#3009 = VECTOR('',#3010,1.);
#3010 = DIRECTION('',(-1.,0.));
#3011 = ( GEOMETRIC_REPRESENTATION_CONTEXT(2) 
PARAMETRIC_REPRESENTATION_CONTEXT() REPRESENTATION_CONTEXT('2D SPACE',''
  ) );
#3012 = PCURVE('',#2344,#3013);
#3013 = DEFINITIONAL_REPRESENTATION('',(#3014),#3018);
#3014 = LINE('',#3015,#3016);
#3015 = CARTESIAN_POINT('',(0.,-0.4));
#3016 = VECTOR('',#3017,1.);
#3017 = DIRECTION('',(1.,0.));
#3018 = ( GEOMETRIC_REPRESENTATION_CONTEXT(2) 
PARAMETRIC_REPRESENTATION_CONTEXT() REPRESENTATION_CONTEXT('2D SPACE',''
  ) );
#3019 = ORIENTED_EDGE('',*,*,#3020,.F.);
#3020 = EDGE_CURVE('',#1338,#2998,#3021,.T.);
#3021 = SURFACE_CURVE('',#3022,(#3026,#3033),.PCURVE_S1.);
#3022 = LINE('',#3023,#3024);
#3023 = CARTESIAN_POINT('',(3.54,2.5,0.4));
#3024 = VECTOR('',#3025,1.);
#3025 = DIRECTION('',(0.,-1.,0.));
#3026 = PCURVE('',#1871,#3027);
#3027 = DEFINITIONAL_REPRESENTATION('',(#3028),#3032);
#3028 = LINE('',#3029,#3030);
#3029 = CARTESIAN_POINT('',(0.,0.3));
#3030 = VECTOR('',#3031,1.);
#3031 = DIRECTION('',(0.,-1.));
#3032 = ( GEOMETRIC_REPRESENTATION_CONTEXT(2) 
PARAMETRIC_REPRESENTATION_CONTEXT() REPRESENTATION_CONTEXT('2D SPACE',''
  ) );
#3033 = PCURVE('',#1549,#3034);
#3034 = DEFINITIONAL_REPRESENTATION('',(#3035),#3039);
#3035 = LINE('',#3036,#3037);
#3036 = CARTESIAN_POINT('',(0.,-0.4));
#3037 = VECTOR('',#3038,1.);
#3038 = DIRECTION('',(1.,0.));
#3039 = ( GEOMETRIC_REPRESENTATION_CONTEXT(2) 
PARAMETRIC_REPRESENTATION_CONTEXT() REPRESENTATION_CONTEXT('2D SPACE',''
  ) );
#3040 = ORIENTED_EDGE('',*,*,#1659,.F.);
#3041 = ORIENTED_EDGE('',*,*,#2865,.F.);
#3042 = ADVANCED_FACE('',(#3043),#172,.T.);
#3043 = FACE_BOUND('',#3044,.T.);
#3044 = EDGE_LOOP('',(#3045,#3101,#3135,#3179));
#3045 = ORIENTED_EDGE('',*,*,#3046,.T.);
#3046 = EDGE_CURVE('',#151,#3047,#3049,.T.);
#3047 = VERTEX_POINT('',#3048);
#3048 = CARTESIAN_POINT('',(0.,2.400496280979,0.));
#3049 = SURFACE_CURVE('',#3050,(#3065,#3083),.PCURVE_S1.);
#3050 = B_SPLINE_CURVE_WITH_KNOTS('',7,(#3051,#3052,#3053,#3054,#3055,
    #3056,#3057,#3058,#3059,#3060,#3061,#3062,#3063,#3064),
  .UNSPECIFIED.,.F.,.F.,(8,6,8),(0.,0.498999449752,1.),.UNSPECIFIED.);
#3051 = CARTESIAN_POINT('',(9.9503719021E-02,2.5,0.));
#3052 = CARTESIAN_POINT('',(8.941361569183E-02,2.499999999063,0.));
#3053 = CARTESIAN_POINT('',(7.885229105018E-02,2.49881791426,0.));
#3054 = CARTESIAN_POINT('',(6.803134989256E-02,2.496250694135,0.));
#3055 = CARTESIAN_POINT('',(5.725642413356E-02,2.49213733215,0.));
#3056 = CARTESIAN_POINT('',(4.694806283697E-02,2.486434184457,0.));
#3057 = CARTESIAN_POINT('',(3.750345203858E-02,2.479306768402,0.));
#3058 = CARTESIAN_POINT('',(2.086507063313E-02,2.462723590395,0.));
#3059 = CARTESIAN_POINT('',(1.368041641575E-02,2.453258543252,0.));
#3060 = CARTESIAN_POINT('',(7.928817977117E-03,2.442916434191,0.));
#3061 = CARTESIAN_POINT('',(3.780247879462E-03,2.432098839379,0.));
#3062 = CARTESIAN_POINT('',(1.191587799585E-03,2.421232426552,0.));
#3063 = CARTESIAN_POINT('',(9.409807516514E-10,2.410626843314,0.));
#3064 = CARTESIAN_POINT('',(4.163336342344E-17,2.400496280979,0.));
#3065 = PCURVE('',#172,#3066);
#3066 = DEFINITIONAL_REPRESENTATION('',(#3067),#3082);
#3067 = B_SPLINE_CURVE_WITH_KNOTS('',7,(#3068,#3069,#3070,#3071,#3072,
    #3073,#3074,#3075,#3076,#3077,#3078,#3079,#3080,#3081),
  .UNSPECIFIED.,.F.,.F.,(8,6,8),(0.,0.498999449752,1.),.UNSPECIFIED.);
#3068 = CARTESIAN_POINT('',(0.,9.852336290569E-03));
#3069 = CARTESIAN_POINT('',(0.108091920347,8.853267281393E-03));
#3070 = CARTESIAN_POINT('',(0.216147332602,7.924584153264E-03));
#3071 = CARTESIAN_POINT('',(0.324159664567,7.107343993163E-03));
#3072 = CARTESIAN_POINT('',(0.432130752288,6.447750892796E-03));
#3073 = CARTESIAN_POINT('',(0.540076029791,5.991766799363E-03));
#3074 = CARTESIAN_POINT('',(0.648013200188,5.762330331219E-03));
#3075 = CARTESIAN_POINT('',(0.864315467122,5.756864380263E-03));
#3076 = CARTESIAN_POINT('',(0.972685281149,5.982656925527E-03));
#3077 = CARTESIAN_POINT('',(1.081062982497,6.437185206922E-03));
#3078 = CARTESIAN_POINT('',(1.189466559617,7.097517050368E-03));
#3079 = CARTESIAN_POINT('',(1.297911755638,7.917136704747E-03));
#3080 = CARTESIAN_POINT('',(1.406400396536,8.849261243234E-03));
#3081 = CARTESIAN_POINT('',(1.514925740754,9.852336290569E-03));
#3082 = ( GEOMETRIC_REPRESENTATION_CONTEXT(2) 
PARAMETRIC_REPRESENTATION_CONTEXT() REPRESENTATION_CONTEXT('2D SPACE',''
  ) );
#3083 = PCURVE('',#220,#3084);
#3084 = DEFINITIONAL_REPRESENTATION('',(#3085),#3100);
#3085 = B_SPLINE_CURVE_WITH_KNOTS('',7,(#3086,#3087,#3088,#3089,#3090,
    #3091,#3092,#3093,#3094,#3095,#3096,#3097,#3098,#3099),
  .UNSPECIFIED.,.F.,.F.,(8,6,8),(0.,0.498999449752,1.),.UNSPECIFIED.);
#3086 = CARTESIAN_POINT('',(8.698189998336E-02,4.832327776853E-02));
#3087 = CARTESIAN_POINT('',(7.816156319651E-02,4.342308959258E-02));
#3088 = CARTESIAN_POINT('',(6.950337554413E-02,3.726072890499E-02));
#3089 = CARTESIAN_POINT('',(6.129092340312E-02,2.976146117156E-02));
#3090 = CARTESIAN_POINT('',(5.38695688224E-02,2.093296933461E-02));
#3091 = CARTESIAN_POINT('',(4.762813315273E-02,1.094133848612E-02));
#3092 = CARTESIAN_POINT('',(4.283343712803E-02,1.241474094397E-04));
#3093 = CARTESIAN_POINT('',(3.634237813504E-02,-2.245247062221E-02));
#3094 = CARTESIAN_POINT('',(3.465849361292E-02,-3.421558698501E-02));
#3095 = CARTESIAN_POINT('',(3.465326414751E-02,-4.6049439996E-02));
#3096 = CARTESIAN_POINT('',(3.628024986371E-02,-5.752044295303E-02));
#3097 = CARTESIAN_POINT('',(3.929455039611E-02,-6.827656125999E-02));
#3098 = CARTESIAN_POINT('',(4.34034426042E-02,-7.812619474996E-02));
#3099 = CARTESIAN_POINT('',(4.832327776853E-02,-8.698189998336E-02));
#3100 = ( GEOMETRIC_REPRESENTATION_CONTEXT(2) 
PARAMETRIC_REPRESENTATION_CONTEXT() REPRESENTATION_CONTEXT('2D SPACE',''
  ) );
#3101 = ORIENTED_EDGE('',*,*,#3102,.T.);
#3102 = EDGE_CURVE('',#3047,#3103,#3105,.T.);
#3103 = VERTEX_POINT('',#3104);
#3104 = CARTESIAN_POINT('',(0.14099503719,2.25950132863,1.409950371902)
  );
#3105 = SURFACE_CURVE('',#3106,(#3115,#3122),.PCURVE_S1.);
#3106 = B_SPLINE_CURVE_WITH_KNOTS('',3,(#3107,#3108,#3109,#3110,#3111,
    #3112,#3113,#3114),.UNSPECIFIED.,.F.,.F.,(4,2,2,4),(
    -6.431842797676E-02,9.852336290569E-03,1.524778077045,1.598948841312
    ),.UNSPECIFIED.);
#3107 = CARTESIAN_POINT('',(-7.344E-03,2.407840280979,-7.344E-02));
#3108 = CARTESIAN_POINT('',(-4.896E-03,2.405392280979,-4.896E-02));
#3109 = CARTESIAN_POINT('',(-2.448E-03,2.402944280979,-2.448E-02));
#3110 = CARTESIAN_POINT('',(5.E-02,2.350496280979,0.5));
#3111 = CARTESIAN_POINT('',(0.1,2.300496280979,1.));
#3112 = CARTESIAN_POINT('',(0.152448,2.248048280979,1.52448));
#3113 = CARTESIAN_POINT('',(0.154896,2.245600280979,1.54896));
#3114 = CARTESIAN_POINT('',(0.157344,2.243152280979,1.57344));
#3115 = PCURVE('',#172,#3116);
#3116 = DEFINITIONAL_REPRESENTATION('',(#3117),#3121);
#3117 = LINE('',#3118,#3119);
#3118 = CARTESIAN_POINT('',(1.514925740754,0.));
#3119 = VECTOR('',#3120,1.);
#3120 = DIRECTION('',(0.,1.));
#3121 = ( GEOMETRIC_REPRESENTATION_CONTEXT(2) 
PARAMETRIC_REPRESENTATION_CONTEXT() REPRESENTATION_CONTEXT('2D SPACE',''
  ) );
#3122 = PCURVE('',#3123,#3128);
#3123 = B_SPLINE_SURFACE_WITH_KNOTS('',1,1,(
    (#3124,#3125)
    ,(#3126,#3127
    )),.UNSPECIFIED.,.F.,.F.,.F.,(2,2),(2,2),(0.,2.5),(0.,1.),
  .PIECEWISE_BEZIER_KNOTS.);
#3124 = CARTESIAN_POINT('',(0.,0.,0.));
#3125 = CARTESIAN_POINT('',(0.15,0.15,1.5));
#3126 = CARTESIAN_POINT('',(0.,2.5,0.));
#3127 = CARTESIAN_POINT('',(0.15,2.35,1.5));
#3128 = DEFINITIONAL_REPRESENTATION('',(#3129),#3134);
#3129 = B_SPLINE_CURVE_WITH_KNOTS('',3,(#3130,#3131,#3132,#3133),
  .UNSPECIFIED.,.F.,.F.,(4,4),(9.852336290569E-03,1.433832410678),
  .PIECEWISE_BEZIER_KNOTS.);
#3130 = CARTESIAN_POINT('',(2.400496280979,0.));
#3131 = CARTESIAN_POINT('',(2.396755072829,0.313322304867));
#3132 = CARTESIAN_POINT('',(2.392599717415,0.62664466392));
#3133 = CARTESIAN_POINT('',(2.387845819544,0.939966914601));
#3134 = ( GEOMETRIC_REPRESENTATION_CONTEXT(2) 
PARAMETRIC_REPRESENTATION_CONTEXT() REPRESENTATION_CONTEXT('2D SPACE',''
  ) );
#3135 = ORIENTED_EDGE('',*,*,#3136,.T.);
#3136 = EDGE_CURVE('',#3103,#111,#3137,.T.);
#3137 = SURFACE_CURVE('',#3138,(#3143,#3173),.PCURVE_S1.);
#3138 = CIRCLE('',#3139,0.1);
#3139 = AXIS2_PLACEMENT_3D('',#3140,#3141,#3142);
#3140 = CARTESIAN_POINT('',(0.240498756211,2.259501243789,1.4));
#3141 = DIRECTION('',(-9.901467077147E-02,9.901474804612E-02,
    -0.990147551954));
#3142 = DIRECTION('',(9.853175718905E-03,0.995085965969,
    9.852327268015E-02));
#3143 = PCURVE('',#172,#3144);
#3144 = DEFINITIONAL_REPRESENTATION('',(#3145),#3172);
#3145 = B_SPLINE_CURVE_WITH_KNOTS('',9,(#3146,#3147,#3148,#3149,#3150,
    #3151,#3152,#3153,#3154,#3155,#3156,#3157,#3158,#3159,#3160,#3161,
    #3162,#3163,#3164,#3165,#3166,#3167,#3168,#3169,#3170,#3171),
  .UNSPECIFIED.,.F.,.F.,(10,8,8,10),(4.712388980385,5.102612545182,
    5.49283610998,6.273283239575),.UNSPECIFIED.);
#3146 = CARTESIAN_POINT('',(1.514925740754,1.433832410678));
#3147 = CARTESIAN_POINT('',(1.468248194653,1.433832410678));
#3148 = CARTESIAN_POINT('',(1.422505165105,1.433832410678));
#3149 = CARTESIAN_POINT('',(1.377603975214,1.433832410677));
#3150 = CARTESIAN_POINT('',(1.333464686352,1.433832410678));
#3151 = CARTESIAN_POINT('',(1.289981633813,1.433832410677));
#3152 = CARTESIAN_POINT('',(1.247114439874,1.433832410678));
#3153 = CARTESIAN_POINT('',(1.204766378888,1.433832410678));
#3154 = CARTESIAN_POINT('',(1.162884473748,1.433832410678));
#3155 = CARTESIAN_POINT('',(1.079919442539,1.433832410678));
#3156 = CARTESIAN_POINT('',(1.038836751542,1.433832410678));
#3157 = CARTESIAN_POINT('',(0.998091020555,1.433832410678));
#3158 = CARTESIAN_POINT('',(0.957622262915,1.433832410678));
#3159 = CARTESIAN_POINT('',(0.917372794003,1.433832410678));
#3160 = CARTESIAN_POINT('',(0.877286655353,1.433832410678));
#3161 = CARTESIAN_POINT('',(0.83730903876,1.433832410678));
#3162 = CARTESIAN_POINT('',(0.797385710386,1.433832410678));
#3163 = CARTESIAN_POINT('',(0.677615883842,1.433832410678));
#3164 = CARTESIAN_POINT('',(0.597769600241,1.433832410678));
#3165 = CARTESIAN_POINT('',(0.517488587523,1.433832410678));
#3166 = CARTESIAN_POINT('',(0.436339301023,1.433832410678));
#3167 = CARTESIAN_POINT('',(0.353869771687,1.433832410678));
#3168 = CARTESIAN_POINT('',(0.269592625666,1.433832410678));
#3169 = CARTESIAN_POINT('',(0.182964467198,1.433832410678));
#3170 = CARTESIAN_POINT('',(9.335509220328E-02,1.433832410678));
#3171 = CARTESIAN_POINT('',(4.462633577068E-17,1.433832410678));
#3172 = ( GEOMETRIC_REPRESENTATION_CONTEXT(2) 
PARAMETRIC_REPRESENTATION_CONTEXT() REPRESENTATION_CONTEXT('2D SPACE',''
  ) );
#3173 = PCURVE('',#2917,#3174);
#3174 = DEFINITIONAL_REPRESENTATION('',(#3175),#3178);
#3175 = B_SPLINE_CURVE_WITH_KNOTS('',1,(#3176,#3177),.UNSPECIFIED.,.F.,
  .F.,(2,2),(4.712388980385,6.273283239575),.PIECEWISE_BEZIER_KNOTS.);
#3176 = CARTESIAN_POINT('',(0.,-1.570796326795));
#3177 = CARTESIAN_POINT('',(0.,-9.902067604709E-03));
#3178 = ( GEOMETRIC_REPRESENTATION_CONTEXT(2) 
PARAMETRIC_REPRESENTATION_CONTEXT() REPRESENTATION_CONTEXT('2D SPACE',''
  ) );
#3179 = ORIENTED_EDGE('',*,*,#150,.F.);
#3180 = ADVANCED_FACE('',(#3181),#1549,.T.);
#3181 = FACE_BOUND('',#3182,.T.);
#3182 = EDGE_LOOP('',(#3183,#3184,#3185,#3186));
#3183 = ORIENTED_EDGE('',*,*,#2356,.F.);
#3184 = ORIENTED_EDGE('',*,*,#1337,.T.);
#3185 = ORIENTED_EDGE('',*,*,#3020,.T.);
#3186 = ORIENTED_EDGE('',*,*,#3187,.F.);
#3187 = EDGE_CURVE('',#2329,#2998,#3188,.T.);
#3188 = SURFACE_CURVE('',#3189,(#3193,#3200),.PCURVE_S1.);
#3189 = LINE('',#3190,#3191);
#3190 = CARTESIAN_POINT('',(3.54,2.2,0.));
#3191 = VECTOR('',#3192,1.);
#3192 = DIRECTION('',(0.,0.,1.));
#3193 = PCURVE('',#1549,#3194);
#3194 = DEFINITIONAL_REPRESENTATION('',(#3195),#3199);
#3195 = LINE('',#3196,#3197);
#3196 = CARTESIAN_POINT('',(0.3,0.));
#3197 = VECTOR('',#3198,1.);
#3198 = DIRECTION('',(0.,-1.));
#3199 = ( GEOMETRIC_REPRESENTATION_CONTEXT(2) 
PARAMETRIC_REPRESENTATION_CONTEXT() REPRESENTATION_CONTEXT('2D SPACE',''
  ) );
#3200 = PCURVE('',#2344,#3201);
#3201 = DEFINITIONAL_REPRESENTATION('',(#3202),#3206);
#3202 = LINE('',#3203,#3204);
#3203 = CARTESIAN_POINT('',(0.,0.));
#3204 = VECTOR('',#3205,1.);
#3205 = DIRECTION('',(0.,-1.));
#3206 = ( GEOMETRIC_REPRESENTATION_CONTEXT(2) 
PARAMETRIC_REPRESENTATION_CONTEXT() REPRESENTATION_CONTEXT('2D SPACE',''
  ) );
#3207 = ADVANCED_FACE('',(#3208),#220,.F.);
#3208 = FACE_BOUND('',#3209,.F.);
#3209 = EDGE_LOOP('',(#3210,#3211,#3212,#3235,#3316,#3339,#3367,#3395,
    #3423,#3446,#3474,#3502,#3523,#3524,#3547,#3575));
#3210 = ORIENTED_EDGE('',*,*,#204,.F.);
#3211 = ORIENTED_EDGE('',*,*,#3046,.T.);
#3212 = ORIENTED_EDGE('',*,*,#3213,.F.);
#3213 = EDGE_CURVE('',#3214,#3047,#3216,.T.);
#3214 = VERTEX_POINT('',#3215);
#3215 = CARTESIAN_POINT('',(0.,9.9503719021E-02,0.));
#3216 = SURFACE_CURVE('',#3217,(#3221,#3228),.PCURVE_S1.);
#3217 = LINE('',#3218,#3219);
#3218 = CARTESIAN_POINT('',(0.,0.,0.));
#3219 = VECTOR('',#3220,1.);
#3220 = DIRECTION('',(0.,1.,0.));
#3221 = PCURVE('',#220,#3222);
#3222 = DEFINITIONAL_REPRESENTATION('',(#3223),#3227);
#3223 = LINE('',#3224,#3225);
#3224 = CARTESIAN_POINT('',(1.214107327947,-2.185393190304));
#3225 = VECTOR('',#3226,1.);
#3226 = DIRECTION('',(-0.485642931179,0.874157276122));
#3227 = ( GEOMETRIC_REPRESENTATION_CONTEXT(2) 
PARAMETRIC_REPRESENTATION_CONTEXT() REPRESENTATION_CONTEXT('2D SPACE',''
  ) );
#3228 = PCURVE('',#3123,#3229);
#3229 = DEFINITIONAL_REPRESENTATION('',(#3230),#3234);
#3230 = LINE('',#3231,#3232);
#3231 = CARTESIAN_POINT('',(0.,0.));
#3232 = VECTOR('',#3233,1.);
#3233 = DIRECTION('',(1.,0.));
#3234 = ( GEOMETRIC_REPRESENTATION_CONTEXT(2) 
PARAMETRIC_REPRESENTATION_CONTEXT() REPRESENTATION_CONTEXT('2D SPACE',''
  ) );
#3235 = ORIENTED_EDGE('',*,*,#3236,.T.);
#3236 = EDGE_CURVE('',#3214,#3237,#3239,.T.);
#3237 = VERTEX_POINT('',#3238);
#3238 = CARTESIAN_POINT('',(9.9503719021E-02,0.,0.));
#3239 = SURFACE_CURVE('',#3240,(#3255,#3273),.PCURVE_S1.);
#3240 = B_SPLINE_CURVE_WITH_KNOTS('',7,(#3241,#3242,#3243,#3244,#3245,
    #3246,#3247,#3248,#3249,#3250,#3251,#3252,#3253,#3254),
  .UNSPECIFIED.,.F.,.F.,(8,6,8),(0.,0.498999449752,1.),.UNSPECIFIED.);
#3241 = CARTESIAN_POINT('',(0.,9.9503719021E-02,0.));
#3242 = CARTESIAN_POINT('',(9.372227438575E-10,8.941361569185E-02,0.));
#3243 = CARTESIAN_POINT('',(1.182085740177E-03,7.885229105013E-02,0.));
#3244 = CARTESIAN_POINT('',(3.749305864994E-03,6.803134989263E-02,0.));
#3245 = CARTESIAN_POINT('',(7.862667849577E-03,5.725642413351E-02,0.));
#3246 = CARTESIAN_POINT('',(1.356581554269E-02,4.694806283699E-02,0.));
#3247 = CARTESIAN_POINT('',(2.069323159804E-02,3.750345203857E-02,0.));
#3248 = CARTESIAN_POINT('',(3.72764096048E-02,2.086507063314E-02,0.));
#3249 = CARTESIAN_POINT('',(4.674145674817E-02,1.368041641572E-02,0.));
#3250 = CARTESIAN_POINT('',(5.708356580925E-02,7.928817977164E-03,0.));
#3251 = CARTESIAN_POINT('',(6.790116062092E-02,3.780247879425E-03,0.));
#3252 = CARTESIAN_POINT('',(7.876757344764E-02,1.191587799596E-03,0.));
#3253 = CARTESIAN_POINT('',(8.937315668592E-02,9.409801826621E-10,0.));
#3254 = CARTESIAN_POINT('',(9.9503719021E-02,0.,0.));
#3255 = PCURVE('',#220,#3256);
#3256 = DEFINITIONAL_REPRESENTATION('',(#3257),#3272);
#3257 = B_SPLINE_CURVE_WITH_KNOTS('',7,(#3258,#3259,#3260,#3261,#3262,
    #3263,#3264,#3265,#3266,#3267,#3268,#3269,#3270,#3271),
  .UNSPECIFIED.,.F.,.F.,(8,6,8),(0.,0.498999449752,1.),.UNSPECIFIED.);
#3258 = CARTESIAN_POINT('',(1.165784050178,-2.09841129032));
#3259 = CARTESIAN_POINT('',(1.170684238354,-2.107231627107));
#3260 = CARTESIAN_POINT('',(1.176846599042,-2.11588981476));
#3261 = CARTESIAN_POINT('',(1.184345866775,-2.124102266901));
#3262 = CARTESIAN_POINT('',(1.193174358612,-2.131523621481));
#3263 = CARTESIAN_POINT('',(1.20316598946,-2.137765057151));
#3264 = CARTESIAN_POINT('',(1.213983180537,-2.142559753176));
#3265 = CARTESIAN_POINT('',(1.236559798569,-2.149050812169));
#3266 = CARTESIAN_POINT('',(1.248322914932,-2.150734696691));
#3267 = CARTESIAN_POINT('',(1.260156767942,-2.150739926156));
#3268 = CARTESIAN_POINT('',(1.2716277709,-2.14911294044));
#3269 = CARTESIAN_POINT('',(1.282383889207,-2.146098639908));
#3270 = CARTESIAN_POINT('',(1.292233522697,-2.1419897477));
#3271 = CARTESIAN_POINT('',(1.30108922793,-2.137069912535));
#3272 = ( GEOMETRIC_REPRESENTATION_CONTEXT(2) 
PARAMETRIC_REPRESENTATION_CONTEXT() REPRESENTATION_CONTEXT('2D SPACE',''
  ) );
#3273 = PCURVE('',#3274,#3299);
#3274 = ( BOUNDED_SURFACE() B_SPLINE_SURFACE(2,3,(
    (#3275,#3276,#3277,#3278,#3279,#3280,#3281,#3282)
    ,(#3283,#3284,#3285,#3286,#3287,#3288,#3289,#3290)
    ,(#3291,#3292,#3293,#3294,#3295,#3296,#3297,#3298
)),.UNSPECIFIED.,.F.,.F.,.F.) B_SPLINE_SURFACE_WITH_KNOTS((3,3),(4,2,2,4
    ),(0.,1.514925740754),(-6.431842797676E-02,9.852336290568E-03,
    1.524778077045,1.598948841312),.UNSPECIFIED.) 
GEOMETRIC_REPRESENTATION_ITEM() RATIONAL_B_SPLINE_SURFACE((
    (1.,1.,1.,1.,1.,1.,1.,1.)
    ,(0.710598687762,0.710598687762,0.710598687762,0.710598687762
      ,0.710598687762,0.710598687762,0.710598687762,0.710598687762)
,(1.,1.,1.,1.,1.,1.,1.,1.))) REPRESENTATION_ITEM('') SURFACE() );
#3275 = CARTESIAN_POINT('',(-7.344E-03,9.2159719021E-02,-7.344E-02));
#3276 = CARTESIAN_POINT('',(-4.896E-03,9.4607719021E-02,-4.896E-02));
#3277 = CARTESIAN_POINT('',(-2.448E-03,9.7055719021E-02,-2.448E-02));
#3278 = CARTESIAN_POINT('',(5.E-02,0.149503719021,0.5));
#3279 = CARTESIAN_POINT('',(0.1,0.199503719021,1.));
#3280 = CARTESIAN_POINT('',(0.152448,0.251951719021,1.52448));
#3281 = CARTESIAN_POINT('',(0.154896,0.254399719021,1.54896));
#3282 = CARTESIAN_POINT('',(0.157344,0.256847719021,1.57344));
#3283 = CARTESIAN_POINT('',(-6.368473342932E-03,-6.368473342931E-03,
    -6.368473342931E-02));
#3284 = CARTESIAN_POINT('',(-3.920473342932E-03,-3.920473342931E-03,
    -3.920473342931E-02));
#3285 = CARTESIAN_POINT('',(-1.472473342932E-03,-1.472473342931E-03,
    -1.472473342931E-02));
#3286 = CARTESIAN_POINT('',(5.097552665707E-02,5.097552665707E-02,
    0.509755266571));
#3287 = CARTESIAN_POINT('',(0.100975526657,0.100975526657,1.009755266571
    ));
#3288 = CARTESIAN_POINT('',(0.153423526657,0.153423526657,1.534235266571
    ));
#3289 = CARTESIAN_POINT('',(0.155871526657,0.155871526657,1.558715266571
    ));
#3290 = CARTESIAN_POINT('',(0.158319526657,0.158319526657,1.583195266571
    ));
#3291 = CARTESIAN_POINT('',(9.2159719021E-02,-7.344E-03,-7.344E-02));
#3292 = CARTESIAN_POINT('',(9.4607719021E-02,-4.896E-03,-4.896E-02));
#3293 = CARTESIAN_POINT('',(9.7055719021E-02,-2.448E-03,-2.448E-02));
#3294 = CARTESIAN_POINT('',(0.149503719021,5.E-02,0.5));
#3295 = CARTESIAN_POINT('',(0.199503719021,1.E-01,1.));
#3296 = CARTESIAN_POINT('',(0.251951719021,0.152448,1.52448));
#3297 = CARTESIAN_POINT('',(0.254399719021,0.154896,1.54896));
#3298 = CARTESIAN_POINT('',(0.256847719021,0.157344,1.57344));
#3299 = DEFINITIONAL_REPRESENTATION('',(#3300),#3315);
#3300 = B_SPLINE_CURVE_WITH_KNOTS('',7,(#3301,#3302,#3303,#3304,#3305,
    #3306,#3307,#3308,#3309,#3310,#3311,#3312,#3313,#3314),
  .UNSPECIFIED.,.F.,.F.,(8,6,8),(0.,0.498999449752,1.),.UNSPECIFIED.);
#3301 = CARTESIAN_POINT('',(0.,9.852336290568E-03));
#3302 = CARTESIAN_POINT('',(0.108091920347,8.853267281394E-03));
#3303 = CARTESIAN_POINT('',(0.216147332602,7.924584153259E-03));
#3304 = CARTESIAN_POINT('',(0.324159664566,7.107343993167E-03));
#3305 = CARTESIAN_POINT('',(0.432130752289,6.447750892792E-03));
#3306 = CARTESIAN_POINT('',(0.54007602979,5.991766799363E-03));
#3307 = CARTESIAN_POINT('',(0.648013200188,5.762330331218E-03));
#3308 = CARTESIAN_POINT('',(0.864315467122,5.756864380262E-03));
#3309 = CARTESIAN_POINT('',(0.972685281149,5.982656925528E-03));
#3310 = CARTESIAN_POINT('',(1.081062982496,6.437185206918E-03));
#3311 = CARTESIAN_POINT('',(1.189466559618,7.097517050372E-03));
#3312 = CARTESIAN_POINT('',(1.297911755638,7.917136704744E-03));
#3313 = CARTESIAN_POINT('',(1.406400396536,8.849261243234E-03));
#3314 = CARTESIAN_POINT('',(1.514925740754,9.852336290568E-03));
#3315 = ( GEOMETRIC_REPRESENTATION_CONTEXT(2) 
PARAMETRIC_REPRESENTATION_CONTEXT() REPRESENTATION_CONTEXT('2D SPACE',''
  ) );
#3316 = ORIENTED_EDGE('',*,*,#3317,.F.);
#3317 = EDGE_CURVE('',#3318,#3237,#3320,.T.);
#3318 = VERTEX_POINT('',#3319);
#3319 = CARTESIAN_POINT('',(0.54,0.,0.));
#3320 = SURFACE_CURVE('',#3321,(#3325,#3332),.PCURVE_S1.);
#3321 = LINE('',#3322,#3323);
#3322 = CARTESIAN_POINT('',(4.5,0.,0.));
#3323 = VECTOR('',#3324,1.);
#3324 = DIRECTION('',(-1.,0.,0.));
#3325 = PCURVE('',#220,#3326);
#3326 = DEFINITIONAL_REPRESENTATION('',(#3327),#3331);
#3327 = LINE('',#3328,#3329);
#3328 = CARTESIAN_POINT('',(5.147815070494,0.));
#3329 = VECTOR('',#3330,1.);
#3330 = DIRECTION('',(-0.874157276122,-0.485642931179));
#3331 = ( GEOMETRIC_REPRESENTATION_CONTEXT(2) 
PARAMETRIC_REPRESENTATION_CONTEXT() REPRESENTATION_CONTEXT('2D SPACE',''
  ) );
#3332 = PCURVE('',#2473,#3333);
#3333 = DEFINITIONAL_REPRESENTATION('',(#3334),#3338);
#3334 = LINE('',#3335,#3336);
#3335 = CARTESIAN_POINT('',(0.,0.));
#3336 = VECTOR('',#3337,1.);
#3337 = DIRECTION('',(1.,0.));
#3338 = ( GEOMETRIC_REPRESENTATION_CONTEXT(2) 
PARAMETRIC_REPRESENTATION_CONTEXT() REPRESENTATION_CONTEXT('2D SPACE',''
  ) );
#3339 = ORIENTED_EDGE('',*,*,#3340,.F.);
#3340 = EDGE_CURVE('',#3341,#3318,#3343,.T.);
#3341 = VERTEX_POINT('',#3342);
#3342 = CARTESIAN_POINT('',(0.54,0.3,0.));
#3343 = SURFACE_CURVE('',#3344,(#3348,#3355),.PCURVE_S1.);
#3344 = LINE('',#3345,#3346);
#3345 = CARTESIAN_POINT('',(0.54,0.3,0.));
#3346 = VECTOR('',#3347,1.);
#3347 = DIRECTION('',(0.,-1.,0.));
#3348 = PCURVE('',#220,#3349);
#3349 = DEFINITIONAL_REPRESENTATION('',(#3350),#3354);
#3350 = LINE('',#3351,#3352);
#3351 = CARTESIAN_POINT('',(1.540459377699,-1.660898824631));
#3352 = VECTOR('',#3353,1.);
#3353 = DIRECTION('',(0.485642931179,-0.874157276122));
#3354 = ( GEOMETRIC_REPRESENTATION_CONTEXT(2) 
PARAMETRIC_REPRESENTATION_CONTEXT() REPRESENTATION_CONTEXT('2D SPACE',''
  ) );
#3355 = PCURVE('',#3356,#3361);
#3356 = PLANE('',#3357);
#3357 = AXIS2_PLACEMENT_3D('',#3358,#3359,#3360);
#3358 = CARTESIAN_POINT('',(0.54,0.3,0.));
#3359 = DIRECTION('',(1.,0.,0.));
#3360 = DIRECTION('',(0.,-1.,0.));
#3361 = DEFINITIONAL_REPRESENTATION('',(#3362),#3366);
#3362 = LINE('',#3363,#3364);
#3363 = CARTESIAN_POINT('',(0.,0.));
#3364 = VECTOR('',#3365,1.);
#3365 = DIRECTION('',(1.,0.));
#3366 = ( GEOMETRIC_REPRESENTATION_CONTEXT(2) 
PARAMETRIC_REPRESENTATION_CONTEXT() REPRESENTATION_CONTEXT('2D SPACE',''
  ) );
#3367 = ORIENTED_EDGE('',*,*,#3368,.F.);
#3368 = EDGE_CURVE('',#3369,#3341,#3371,.T.);
#3369 = VERTEX_POINT('',#3370);
#3370 = CARTESIAN_POINT('',(0.96,0.3,0.));
#3371 = SURFACE_CURVE('',#3372,(#3376,#3383),.PCURVE_S1.);
#3372 = LINE('',#3373,#3374);
#3373 = CARTESIAN_POINT('',(0.96,0.3,0.));
#3374 = VECTOR('',#3375,1.);
#3375 = DIRECTION('',(-1.,0.,0.));
#3376 = PCURVE('',#220,#3377);
#3377 = DEFINITIONAL_REPRESENTATION('',(#3378),#3382);
#3378 = LINE('',#3379,#3380);
#3379 = CARTESIAN_POINT('',(1.90760543367,-1.456928793536));
#3380 = VECTOR('',#3381,1.);
#3381 = DIRECTION('',(-0.874157276122,-0.485642931179));
#3382 = ( GEOMETRIC_REPRESENTATION_CONTEXT(2) 
PARAMETRIC_REPRESENTATION_CONTEXT() REPRESENTATION_CONTEXT('2D SPACE',''
  ) );
#3383 = PCURVE('',#3384,#3389);
#3384 = PLANE('',#3385);
#3385 = AXIS2_PLACEMENT_3D('',#3386,#3387,#3388);
#3386 = CARTESIAN_POINT('',(0.96,0.3,0.));
#3387 = DIRECTION('',(0.,-1.,0.));
#3388 = DIRECTION('',(-1.,0.,0.));
#3389 = DEFINITIONAL_REPRESENTATION('',(#3390),#3394);
#3390 = LINE('',#3391,#3392);
#3391 = CARTESIAN_POINT('',(0.,-0.));
#3392 = VECTOR('',#3393,1.);
#3393 = DIRECTION('',(1.,0.));
#3394 = ( GEOMETRIC_REPRESENTATION_CONTEXT(2) 
PARAMETRIC_REPRESENTATION_CONTEXT() REPRESENTATION_CONTEXT('2D SPACE',''
  ) );
#3395 = ORIENTED_EDGE('',*,*,#3396,.F.);
#3396 = EDGE_CURVE('',#3397,#3369,#3399,.T.);
#3397 = VERTEX_POINT('',#3398);
#3398 = CARTESIAN_POINT('',(0.96,0.,0.));
#3399 = SURFACE_CURVE('',#3400,(#3404,#3411),.PCURVE_S1.);
#3400 = LINE('',#3401,#3402);
#3401 = CARTESIAN_POINT('',(0.96,0.,0.));
#3402 = VECTOR('',#3403,1.);
#3403 = DIRECTION('',(0.,1.,0.));
#3404 = PCURVE('',#220,#3405);
#3405 = DEFINITIONAL_REPRESENTATION('',(#3406),#3410);
#3406 = LINE('',#3407,#3408);
#3407 = CARTESIAN_POINT('',(2.053298313023,-1.719175976372));
#3408 = VECTOR('',#3409,1.);
#3409 = DIRECTION('',(-0.485642931179,0.874157276122));
#3410 = ( GEOMETRIC_REPRESENTATION_CONTEXT(2) 
PARAMETRIC_REPRESENTATION_CONTEXT() REPRESENTATION_CONTEXT('2D SPACE',''
  ) );
#3411 = PCURVE('',#3412,#3417);
#3412 = PLANE('',#3413);
#3413 = AXIS2_PLACEMENT_3D('',#3414,#3415,#3416);
#3414 = CARTESIAN_POINT('',(0.96,0.,0.));
#3415 = DIRECTION('',(-1.,0.,0.));
#3416 = DIRECTION('',(0.,1.,0.));
#3417 = DEFINITIONAL_REPRESENTATION('',(#3418),#3422);
#3418 = LINE('',#3419,#3420);
#3419 = CARTESIAN_POINT('',(0.,0.));
#3420 = VECTOR('',#3421,1.);
#3421 = DIRECTION('',(1.,0.));
#3422 = ( GEOMETRIC_REPRESENTATION_CONTEXT(2) 
PARAMETRIC_REPRESENTATION_CONTEXT() REPRESENTATION_CONTEXT('2D SPACE',''
  ) );
#3423 = ORIENTED_EDGE('',*,*,#3424,.F.);
#3424 = EDGE_CURVE('',#3425,#3397,#3427,.T.);
#3425 = VERTEX_POINT('',#3426);
#3426 = CARTESIAN_POINT('',(1.45,0.,0.));
#3427 = SURFACE_CURVE('',#3428,(#3432,#3439),.PCURVE_S1.);
#3428 = LINE('',#3429,#3430);
#3429 = CARTESIAN_POINT('',(4.5,0.,0.));
#3430 = VECTOR('',#3431,1.);
#3431 = DIRECTION('',(-1.,0.,0.));
#3432 = PCURVE('',#220,#3433);
#3433 = DEFINITIONAL_REPRESENTATION('',(#3434),#3438);
#3434 = LINE('',#3435,#3436);
#3435 = CARTESIAN_POINT('',(5.147815070494,0.));
#3436 = VECTOR('',#3437,1.);
#3437 = DIRECTION('',(-0.874157276122,-0.485642931179));
#3438 = ( GEOMETRIC_REPRESENTATION_CONTEXT(2) 
PARAMETRIC_REPRESENTATION_CONTEXT() REPRESENTATION_CONTEXT('2D SPACE',''
  ) );
#3439 = PCURVE('',#2473,#3440);
#3440 = DEFINITIONAL_REPRESENTATION('',(#3441),#3445);
#3441 = LINE('',#3442,#3443);
#3442 = CARTESIAN_POINT('',(0.,0.));
#3443 = VECTOR('',#3444,1.);
#3444 = DIRECTION('',(1.,0.));
#3445 = ( GEOMETRIC_REPRESENTATION_CONTEXT(2) 
PARAMETRIC_REPRESENTATION_CONTEXT() REPRESENTATION_CONTEXT('2D SPACE',''
  ) );
#3446 = ORIENTED_EDGE('',*,*,#3447,.T.);
#3447 = EDGE_CURVE('',#3425,#3448,#3450,.T.);
#3448 = VERTEX_POINT('',#3449);
#3449 = CARTESIAN_POINT('',(1.45,1.750885901445,0.));
#3450 = SURFACE_CURVE('',#3451,(#3455,#3462),.PCURVE_S1.);
#3451 = LINE('',#3452,#3453);
#3452 = CARTESIAN_POINT('',(1.45,0.,0.));
#3453 = VECTOR('',#3454,1.);
#3454 = DIRECTION('',(0.,1.,0.));
#3455 = PCURVE('',#220,#3456);
#3456 = DEFINITIONAL_REPRESENTATION('',(#3457),#3461);
#3457 = LINE('',#3458,#3459);
#3458 = CARTESIAN_POINT('',(2.481635378323,-1.481210940095));
#3459 = VECTOR('',#3460,1.);
#3460 = DIRECTION('',(-0.485642931179,0.874157276122));
#3461 = ( GEOMETRIC_REPRESENTATION_CONTEXT(2) 
PARAMETRIC_REPRESENTATION_CONTEXT() REPRESENTATION_CONTEXT('2D SPACE',''
  ) );
#3462 = PCURVE('',#3463,#3468);
#3463 = PLANE('',#3464);
#3464 = AXIS2_PLACEMENT_3D('',#3465,#3466,#3467);
#3465 = CARTESIAN_POINT('',(1.45,0.,0.));
#3466 = DIRECTION('',(-1.,0.,0.));
#3467 = DIRECTION('',(0.,1.,0.));
#3468 = DEFINITIONAL_REPRESENTATION('',(#3469),#3473);
#3469 = LINE('',#3470,#3471);
#3470 = CARTESIAN_POINT('',(0.,0.));
#3471 = VECTOR('',#3472,1.);
#3472 = DIRECTION('',(1.,0.));
#3473 = ( GEOMETRIC_REPRESENTATION_CONTEXT(2) 
PARAMETRIC_REPRESENTATION_CONTEXT() REPRESENTATION_CONTEXT('2D SPACE',''
  ) );
#3474 = ORIENTED_EDGE('',*,*,#3475,.T.);
#3475 = EDGE_CURVE('',#3448,#3476,#3478,.T.);
#3476 = VERTEX_POINT('',#3477);
#3477 = CARTESIAN_POINT('',(2.015,2.31,0.));
#3478 = SURFACE_CURVE('',#3479,(#3483,#3490),.PCURVE_S1.);
#3479 = LINE('',#3480,#3481);
#3480 = CARTESIAN_POINT('',(1.45,1.750885901445,0.));
#3481 = VECTOR('',#3482,1.);
#3482 = DIRECTION('',(0.710799473873,0.703394702811,0.));
#3483 = PCURVE('',#220,#3484);
#3484 = DEFINITIONAL_REPRESENTATION('',(#3485),#3489);
#3485 = LINE('',#3486,#3487);
#3486 = CARTESIAN_POINT('',(1.631330016986,4.933871031185E-02));
#3487 = VECTOR('',#3488,1.);
#3488 = DIRECTION('',(0.279751866701,0.960072337419));
#3489 = ( GEOMETRIC_REPRESENTATION_CONTEXT(2) 
PARAMETRIC_REPRESENTATION_CONTEXT() REPRESENTATION_CONTEXT('2D SPACE',''
  ) );
#3490 = PCURVE('',#3491,#3496);
#3491 = PLANE('',#3492);
#3492 = AXIS2_PLACEMENT_3D('',#3493,#3494,#3495);
#3493 = CARTESIAN_POINT('',(1.45,1.750885901445,0.));
#3494 = DIRECTION('',(-0.703394702811,0.710799473873,0.));
#3495 = DIRECTION('',(0.710799473873,0.703394702811,0.));
#3496 = DEFINITIONAL_REPRESENTATION('',(#3497),#3501);
#3497 = LINE('',#3498,#3499);
#3498 = CARTESIAN_POINT('',(0.,0.));
#3499 = VECTOR('',#3500,1.);
#3500 = DIRECTION('',(1.,0.));
#3501 = ( GEOMETRIC_REPRESENTATION_CONTEXT(2) 
PARAMETRIC_REPRESENTATION_CONTEXT() REPRESENTATION_CONTEXT('2D SPACE',''
  ) );
#3502 = ORIENTED_EDGE('',*,*,#3503,.T.);
#3503 = EDGE_CURVE('',#3476,#1199,#3504,.T.);
#3504 = SURFACE_CURVE('',#3505,(#3509,#3516),.PCURVE_S1.);
#3505 = LINE('',#3506,#3507);
#3506 = CARTESIAN_POINT('',(2.015,2.31,0.));
#3507 = VECTOR('',#3508,1.);
#3508 = DIRECTION('',(0.,1.,0.));
#3509 = PCURVE('',#220,#3510);
#3510 = DEFINITIONAL_REPRESENTATION('',(#3511),#3515);
#3511 = LINE('',#3512,#3513);
#3512 = CARTESIAN_POINT('',(1.853699068309,0.812480623862));
#3513 = VECTOR('',#3514,1.);
#3514 = DIRECTION('',(-0.485642931179,0.874157276122));
#3515 = ( GEOMETRIC_REPRESENTATION_CONTEXT(2) 
PARAMETRIC_REPRESENTATION_CONTEXT() REPRESENTATION_CONTEXT('2D SPACE',''
  ) );
#3516 = PCURVE('',#1241,#3517);
#3517 = DEFINITIONAL_REPRESENTATION('',(#3518),#3522);
#3518 = LINE('',#3519,#3520);
#3519 = CARTESIAN_POINT('',(0.,0.));
#3520 = VECTOR('',#3521,1.);
#3521 = DIRECTION('',(1.,0.));
#3522 = ( GEOMETRIC_REPRESENTATION_CONTEXT(2) 
PARAMETRIC_REPRESENTATION_CONTEXT() REPRESENTATION_CONTEXT('2D SPACE',''
  ) );
#3523 = ORIENTED_EDGE('',*,*,#1198,.F.);
#3524 = ORIENTED_EDGE('',*,*,#3525,.F.);
#3525 = EDGE_CURVE('',#3526,#877,#3528,.T.);
#3526 = VERTEX_POINT('',#3527);
#3527 = CARTESIAN_POINT('',(0.96,2.2,0.));
#3528 = SURFACE_CURVE('',#3529,(#3533,#3540),.PCURVE_S1.);
#3529 = LINE('',#3530,#3531);
#3530 = CARTESIAN_POINT('',(0.96,2.2,0.));
#3531 = VECTOR('',#3532,1.);
#3532 = DIRECTION('',(0.,1.,0.));
#3533 = PCURVE('',#220,#3534);
#3534 = DEFINITIONAL_REPRESENTATION('',(#3535),#3539);
#3535 = LINE('',#3536,#3537);
#3536 = CARTESIAN_POINT('',(0.98488386443,0.203970031095));
#3537 = VECTOR('',#3538,1.);
#3538 = DIRECTION('',(-0.485642931179,0.874157276122));
#3539 = ( GEOMETRIC_REPRESENTATION_CONTEXT(2) 
PARAMETRIC_REPRESENTATION_CONTEXT() REPRESENTATION_CONTEXT('2D SPACE',''
  ) );
#3540 = PCURVE('',#1088,#3541);
#3541 = DEFINITIONAL_REPRESENTATION('',(#3542),#3546);
#3542 = LINE('',#3543,#3544);
#3543 = CARTESIAN_POINT('',(0.,0.));
#3544 = VECTOR('',#3545,1.);
#3545 = DIRECTION('',(1.,0.));
#3546 = ( GEOMETRIC_REPRESENTATION_CONTEXT(2) 
PARAMETRIC_REPRESENTATION_CONTEXT() REPRESENTATION_CONTEXT('2D SPACE',''
  ) );
#3547 = ORIENTED_EDGE('',*,*,#3548,.F.);
#3548 = EDGE_CURVE('',#3549,#3526,#3551,.T.);
#3549 = VERTEX_POINT('',#3550);
#3550 = CARTESIAN_POINT('',(0.54,2.2,0.));
#3551 = SURFACE_CURVE('',#3552,(#3556,#3563),.PCURVE_S1.);
#3552 = LINE('',#3553,#3554);
#3553 = CARTESIAN_POINT('',(0.54,2.2,0.));
#3554 = VECTOR('',#3555,1.);
#3555 = DIRECTION('',(1.,0.,0.));
#3556 = PCURVE('',#220,#3557);
#3557 = DEFINITIONAL_REPRESENTATION('',(#3558),#3562);
#3558 = LINE('',#3559,#3560);
#3559 = CARTESIAN_POINT('',(0.617737808459,1.665334536938E-16));
#3560 = VECTOR('',#3561,1.);
#3561 = DIRECTION('',(0.874157276122,0.485642931179));
#3562 = ( GEOMETRIC_REPRESENTATION_CONTEXT(2) 
PARAMETRIC_REPRESENTATION_CONTEXT() REPRESENTATION_CONTEXT('2D SPACE',''
  ) );
#3563 = PCURVE('',#3564,#3569);
#3564 = PLANE('',#3565);
#3565 = AXIS2_PLACEMENT_3D('',#3566,#3567,#3568);
#3566 = CARTESIAN_POINT('',(0.54,2.2,0.));
#3567 = DIRECTION('',(0.,1.,0.));
#3568 = DIRECTION('',(1.,0.,0.));
#3569 = DEFINITIONAL_REPRESENTATION('',(#3570),#3574);
#3570 = LINE('',#3571,#3572);
#3571 = CARTESIAN_POINT('',(0.,0.));
#3572 = VECTOR('',#3573,1.);
#3573 = DIRECTION('',(1.,0.));
#3574 = ( GEOMETRIC_REPRESENTATION_CONTEXT(2) 
PARAMETRIC_REPRESENTATION_CONTEXT() REPRESENTATION_CONTEXT('2D SPACE',''
  ) );
#3575 = ORIENTED_EDGE('',*,*,#3576,.F.);
#3576 = EDGE_CURVE('',#205,#3549,#3577,.T.);
#3577 = SURFACE_CURVE('',#3578,(#3582,#3589),.PCURVE_S1.);
#3578 = LINE('',#3579,#3580);
#3579 = CARTESIAN_POINT('',(0.54,2.5,0.));
#3580 = VECTOR('',#3581,1.);
#3581 = DIRECTION('',(0.,-1.,0.));
#3582 = PCURVE('',#220,#3583);
#3583 = DEFINITIONAL_REPRESENTATION('',(#3584),#3588);
#3584 = LINE('',#3585,#3586);
#3585 = CARTESIAN_POINT('',(0.472044929106,0.262247182836));
#3586 = VECTOR('',#3587,1.);
#3587 = DIRECTION('',(0.485642931179,-0.874157276122));
#3588 = ( GEOMETRIC_REPRESENTATION_CONTEXT(2) 
PARAMETRIC_REPRESENTATION_CONTEXT() REPRESENTATION_CONTEXT('2D SPACE',''
  ) );
#3589 = PCURVE('',#444,#3590);
#3590 = DEFINITIONAL_REPRESENTATION('',(#3591),#3595);
#3591 = LINE('',#3592,#3593);
#3592 = CARTESIAN_POINT('',(0.,0.));
#3593 = VECTOR('',#3594,1.);
#3594 = DIRECTION('',(1.,0.));
#3595 = ( GEOMETRIC_REPRESENTATION_CONTEXT(2) 
PARAMETRIC_REPRESENTATION_CONTEXT() REPRESENTATION_CONTEXT('2D SPACE',''
  ) );
#3596 = ADVANCED_FACE('',(#3597),#444,.T.);
#3597 = FACE_BOUND('',#3598,.T.);
#3598 = EDGE_LOOP('',(#3599,#3600,#3601,#3624));
#3599 = ORIENTED_EDGE('',*,*,#3576,.F.);
#3600 = ORIENTED_EDGE('',*,*,#232,.T.);
#3601 = ORIENTED_EDGE('',*,*,#3602,.T.);
#3602 = EDGE_CURVE('',#233,#3603,#3605,.T.);
#3603 = VERTEX_POINT('',#3604);
#3604 = CARTESIAN_POINT('',(0.54,2.2,0.4));
#3605 = SURFACE_CURVE('',#3606,(#3610,#3617),.PCURVE_S1.);
#3606 = LINE('',#3607,#3608);
#3607 = CARTESIAN_POINT('',(0.54,2.5,0.4));
#3608 = VECTOR('',#3609,1.);
#3609 = DIRECTION('',(0.,-1.,0.));
#3610 = PCURVE('',#444,#3611);
#3611 = DEFINITIONAL_REPRESENTATION('',(#3612),#3616);
#3612 = LINE('',#3613,#3614);
#3613 = CARTESIAN_POINT('',(0.,-0.4));
#3614 = VECTOR('',#3615,1.);
#3615 = DIRECTION('',(1.,0.));
#3616 = ( GEOMETRIC_REPRESENTATION_CONTEXT(2) 
PARAMETRIC_REPRESENTATION_CONTEXT() REPRESENTATION_CONTEXT('2D SPACE',''
  ) );
#3617 = PCURVE('',#766,#3618);
#3618 = DEFINITIONAL_REPRESENTATION('',(#3619),#3623);
#3619 = LINE('',#3620,#3621);
#3620 = CARTESIAN_POINT('',(0.,0.3));
#3621 = VECTOR('',#3622,1.);
#3622 = DIRECTION('',(0.,-1.));
#3623 = ( GEOMETRIC_REPRESENTATION_CONTEXT(2) 
PARAMETRIC_REPRESENTATION_CONTEXT() REPRESENTATION_CONTEXT('2D SPACE',''
  ) );
#3624 = ORIENTED_EDGE('',*,*,#3625,.F.);
#3625 = EDGE_CURVE('',#3549,#3603,#3626,.T.);
#3626 = SURFACE_CURVE('',#3627,(#3631,#3638),.PCURVE_S1.);
#3627 = LINE('',#3628,#3629);
#3628 = CARTESIAN_POINT('',(0.54,2.2,0.));
#3629 = VECTOR('',#3630,1.);
#3630 = DIRECTION('',(0.,0.,1.));
#3631 = PCURVE('',#444,#3632);
#3632 = DEFINITIONAL_REPRESENTATION('',(#3633),#3637);
#3633 = LINE('',#3634,#3635);
#3634 = CARTESIAN_POINT('',(0.3,0.));
#3635 = VECTOR('',#3636,1.);
#3636 = DIRECTION('',(0.,-1.));
#3637 = ( GEOMETRIC_REPRESENTATION_CONTEXT(2) 
PARAMETRIC_REPRESENTATION_CONTEXT() REPRESENTATION_CONTEXT('2D SPACE',''
  ) );
#3638 = PCURVE('',#3564,#3639);
#3639 = DEFINITIONAL_REPRESENTATION('',(#3640),#3644);
#3640 = LINE('',#3641,#3642);
#3641 = CARTESIAN_POINT('',(0.,0.));
#3642 = VECTOR('',#3643,1.);
#3643 = DIRECTION('',(0.,-1.));
#3644 = ( GEOMETRIC_REPRESENTATION_CONTEXT(2) 
PARAMETRIC_REPRESENTATION_CONTEXT() REPRESENTATION_CONTEXT('2D SPACE',''
  ) );
#3645 = ADVANCED_FACE('',(#3646),#1300,.F.);
#3646 = FACE_BOUND('',#3647,.F.);
#3647 = EDGE_LOOP('',(#3648,#3649,#3650,#3673));
#3648 = ORIENTED_EDGE('',*,*,#2378,.F.);
#3649 = ORIENTED_EDGE('',*,*,#1280,.T.);
#3650 = ORIENTED_EDGE('',*,*,#3651,.T.);
#3651 = EDGE_CURVE('',#1256,#3652,#3654,.T.);
#3652 = VERTEX_POINT('',#3653);
#3653 = CARTESIAN_POINT('',(2.485,2.31,0.4));
#3654 = SURFACE_CURVE('',#3655,(#3659,#3666),.PCURVE_S1.);
#3655 = LINE('',#3656,#3657);
#3656 = CARTESIAN_POINT('',(2.485,2.5,0.4));
#3657 = VECTOR('',#3658,1.);
#3658 = DIRECTION('',(0.,-1.,0.));
#3659 = PCURVE('',#1300,#3660);
#3660 = DEFINITIONAL_REPRESENTATION('',(#3661),#3665);
#3661 = LINE('',#3662,#3663);
#3662 = CARTESIAN_POINT('',(0.,-0.4));
#3663 = VECTOR('',#3664,1.);
#3664 = DIRECTION('',(1.,0.));
#3665 = ( GEOMETRIC_REPRESENTATION_CONTEXT(2) 
PARAMETRIC_REPRESENTATION_CONTEXT() REPRESENTATION_CONTEXT('2D SPACE',''
  ) );
#3666 = PCURVE('',#1269,#3667);
#3667 = DEFINITIONAL_REPRESENTATION('',(#3668),#3672);
#3668 = LINE('',#3669,#3670);
#3669 = CARTESIAN_POINT('',(-0.235,1.388499325423));
#3670 = VECTOR('',#3671,1.);
#3671 = DIRECTION('',(0.,-1.));
#3672 = ( GEOMETRIC_REPRESENTATION_CONTEXT(2) 
PARAMETRIC_REPRESENTATION_CONTEXT() REPRESENTATION_CONTEXT('2D SPACE',''
  ) );
#3673 = ORIENTED_EDGE('',*,*,#3674,.F.);
#3674 = EDGE_CURVE('',#2379,#3652,#3675,.T.);
#3675 = SURFACE_CURVE('',#3676,(#3680,#3687),.PCURVE_S1.);
#3676 = LINE('',#3677,#3678);
#3677 = CARTESIAN_POINT('',(2.485,2.31,0.));
#3678 = VECTOR('',#3679,1.);
#3679 = DIRECTION('',(0.,0.,1.));
#3680 = PCURVE('',#1300,#3681);
#3681 = DEFINITIONAL_REPRESENTATION('',(#3682),#3686);
#3682 = LINE('',#3683,#3684);
#3683 = CARTESIAN_POINT('',(0.19,0.));
#3684 = VECTOR('',#3685,1.);
#3685 = DIRECTION('',(0.,-1.));
#3686 = ( GEOMETRIC_REPRESENTATION_CONTEXT(2) 
PARAMETRIC_REPRESENTATION_CONTEXT() REPRESENTATION_CONTEXT('2D SPACE',''
  ) );
#3687 = PCURVE('',#2417,#3688);
#3688 = DEFINITIONAL_REPRESENTATION('',(#3689),#3693);
#3689 = LINE('',#3690,#3691);
#3690 = CARTESIAN_POINT('',(0.,0.));
#3691 = VECTOR('',#3692,1.);
#3692 = DIRECTION('',(0.,-1.));
#3693 = ( GEOMETRIC_REPRESENTATION_CONTEXT(2) 
PARAMETRIC_REPRESENTATION_CONTEXT() REPRESENTATION_CONTEXT('2D SPACE',''
  ) );
#3694 = ADVANCED_FACE('',(#3695),#766,.T.);
#3695 = FACE_BOUND('',#3696,.T.);
#3696 = EDGE_LOOP('',(#3697,#3720,#3721,#3722));
#3697 = ORIENTED_EDGE('',*,*,#3698,.F.);
#3698 = EDGE_CURVE('',#3603,#3699,#3701,.T.);
#3699 = VERTEX_POINT('',#3700);
#3700 = CARTESIAN_POINT('',(0.96,2.2,0.4));
#3701 = SURFACE_CURVE('',#3702,(#3706,#3713),.PCURVE_S1.);
#3702 = LINE('',#3703,#3704);
#3703 = CARTESIAN_POINT('',(0.54,2.2,0.4));
#3704 = VECTOR('',#3705,1.);
#3705 = DIRECTION('',(1.,0.,0.));
#3706 = PCURVE('',#766,#3707);
#3707 = DEFINITIONAL_REPRESENTATION('',(#3708),#3712);
#3708 = LINE('',#3709,#3710);
#3709 = CARTESIAN_POINT('',(0.,0.));
#3710 = VECTOR('',#3711,1.);
#3711 = DIRECTION('',(-1.,0.));
#3712 = ( GEOMETRIC_REPRESENTATION_CONTEXT(2) 
PARAMETRIC_REPRESENTATION_CONTEXT() REPRESENTATION_CONTEXT('2D SPACE',''
  ) );
#3713 = PCURVE('',#3564,#3714);
#3714 = DEFINITIONAL_REPRESENTATION('',(#3715),#3719);
#3715 = LINE('',#3716,#3717);
#3716 = CARTESIAN_POINT('',(0.,-0.4));
#3717 = VECTOR('',#3718,1.);
#3718 = DIRECTION('',(1.,0.));
#3719 = ( GEOMETRIC_REPRESENTATION_CONTEXT(2) 
PARAMETRIC_REPRESENTATION_CONTEXT() REPRESENTATION_CONTEXT('2D SPACE',''
  ) );
#3720 = ORIENTED_EDGE('',*,*,#3602,.F.);
#3721 = ORIENTED_EDGE('',*,*,#554,.F.);
#3722 = ORIENTED_EDGE('',*,*,#3723,.F.);
#3723 = EDGE_CURVE('',#3699,#555,#3724,.T.);
#3724 = SURFACE_CURVE('',#3725,(#3729,#3736),.PCURVE_S1.);
#3725 = LINE('',#3726,#3727);
#3726 = CARTESIAN_POINT('',(0.96,2.2,0.4));
#3727 = VECTOR('',#3728,1.);
#3728 = DIRECTION('',(0.,1.,0.));
#3729 = PCURVE('',#766,#3730);
#3730 = DEFINITIONAL_REPRESENTATION('',(#3731),#3735);
#3731 = LINE('',#3732,#3733);
#3732 = CARTESIAN_POINT('',(-0.42,0.));
#3733 = VECTOR('',#3734,1.);
#3734 = DIRECTION('',(0.,1.));
#3735 = ( GEOMETRIC_REPRESENTATION_CONTEXT(2) 
PARAMETRIC_REPRESENTATION_CONTEXT() REPRESENTATION_CONTEXT('2D SPACE',''
  ) );
#3736 = PCURVE('',#1088,#3737);
#3737 = DEFINITIONAL_REPRESENTATION('',(#3738),#3742);
#3738 = LINE('',#3739,#3740);
#3739 = CARTESIAN_POINT('',(0.,-0.4));
#3740 = VECTOR('',#3741,1.);
#3741 = DIRECTION('',(1.,0.));
#3742 = ( GEOMETRIC_REPRESENTATION_CONTEXT(2) 
PARAMETRIC_REPRESENTATION_CONTEXT() REPRESENTATION_CONTEXT('2D SPACE',''
  ) );
#3743 = ADVANCED_FACE('',(#3744),#1269,.T.);
#3744 = FACE_BOUND('',#3745,.T.);
#3745 = EDGE_LOOP('',(#3746,#3771,#3794,#3815,#3816,#3817,#3840,#3863));
#3746 = ORIENTED_EDGE('',*,*,#3747,.T.);
#3747 = EDGE_CURVE('',#3748,#3750,#3752,.T.);
#3748 = VERTEX_POINT('',#3749);
#3749 = CARTESIAN_POINT('',(1.45,4.E-02,0.4));
#3750 = VERTEX_POINT('',#3751);
#3751 = CARTESIAN_POINT('',(1.45,1.750885901445,0.4));
#3752 = SURFACE_CURVE('',#3753,(#3757,#3764),.PCURVE_S1.);
#3753 = LINE('',#3754,#3755);
#3754 = CARTESIAN_POINT('',(1.45,0.,0.4));
#3755 = VECTOR('',#3756,1.);
#3756 = DIRECTION('',(0.,1.,0.));
#3757 = PCURVE('',#1269,#3758);
#3758 = DEFINITIONAL_REPRESENTATION('',(#3759),#3763);
#3759 = LINE('',#3760,#3761);
#3760 = CARTESIAN_POINT('',(0.8,-1.111500674577));
#3761 = VECTOR('',#3762,1.);
#3762 = DIRECTION('',(0.,1.));
#3763 = ( GEOMETRIC_REPRESENTATION_CONTEXT(2) 
PARAMETRIC_REPRESENTATION_CONTEXT() REPRESENTATION_CONTEXT('2D SPACE',''
  ) );
#3764 = PCURVE('',#3463,#3765);
#3765 = DEFINITIONAL_REPRESENTATION('',(#3766),#3770);
#3766 = LINE('',#3767,#3768);
#3767 = CARTESIAN_POINT('',(0.,-0.4));
#3768 = VECTOR('',#3769,1.);
#3769 = DIRECTION('',(1.,0.));
#3770 = ( GEOMETRIC_REPRESENTATION_CONTEXT(2) 
PARAMETRIC_REPRESENTATION_CONTEXT() REPRESENTATION_CONTEXT('2D SPACE',''
  ) );
#3771 = ORIENTED_EDGE('',*,*,#3772,.T.);
#3772 = EDGE_CURVE('',#3750,#3773,#3775,.T.);
#3773 = VERTEX_POINT('',#3774);
#3774 = CARTESIAN_POINT('',(2.015,2.31,0.4));
#3775 = SURFACE_CURVE('',#3776,(#3780,#3787),.PCURVE_S1.);
#3776 = LINE('',#3777,#3778);
#3777 = CARTESIAN_POINT('',(1.45,1.750885901445,0.4));
#3778 = VECTOR('',#3779,1.);
#3779 = DIRECTION('',(0.710799473873,0.703394702811,0.));
#3780 = PCURVE('',#1269,#3781);
#3781 = DEFINITIONAL_REPRESENTATION('',(#3782),#3786);
#3782 = LINE('',#3783,#3784);
#3783 = CARTESIAN_POINT('',(0.8,0.639385226868));
#3784 = VECTOR('',#3785,1.);
#3785 = DIRECTION('',(-0.710799473873,0.703394702811));
#3786 = ( GEOMETRIC_REPRESENTATION_CONTEXT(2) 
PARAMETRIC_REPRESENTATION_CONTEXT() REPRESENTATION_CONTEXT('2D SPACE',''
  ) );
#3787 = PCURVE('',#3491,#3788);
#3788 = DEFINITIONAL_REPRESENTATION('',(#3789),#3793);
#3789 = LINE('',#3790,#3791);
#3790 = CARTESIAN_POINT('',(0.,-0.4));
#3791 = VECTOR('',#3792,1.);
#3792 = DIRECTION('',(1.,0.));
#3793 = ( GEOMETRIC_REPRESENTATION_CONTEXT(2) 
PARAMETRIC_REPRESENTATION_CONTEXT() REPRESENTATION_CONTEXT('2D SPACE',''
  ) );
#3794 = ORIENTED_EDGE('',*,*,#3795,.T.);
#3795 = EDGE_CURVE('',#3773,#1222,#3796,.T.);
#3796 = SURFACE_CURVE('',#3797,(#3801,#3808),.PCURVE_S1.);
#3797 = LINE('',#3798,#3799);
#3798 = CARTESIAN_POINT('',(2.015,2.31,0.4));
#3799 = VECTOR('',#3800,1.);
#3800 = DIRECTION('',(0.,1.,0.));
#3801 = PCURVE('',#1269,#3802);
#3802 = DEFINITIONAL_REPRESENTATION('',(#3803),#3807);
#3803 = LINE('',#3804,#3805);
#3804 = CARTESIAN_POINT('',(0.235,1.198499325423));
#3805 = VECTOR('',#3806,1.);
#3806 = DIRECTION('',(0.,1.));
#3807 = ( GEOMETRIC_REPRESENTATION_CONTEXT(2) 
PARAMETRIC_REPRESENTATION_CONTEXT() REPRESENTATION_CONTEXT('2D SPACE',''
  ) );
#3808 = PCURVE('',#1241,#3809);
#3809 = DEFINITIONAL_REPRESENTATION('',(#3810),#3814);
#3810 = LINE('',#3811,#3812);
#3811 = CARTESIAN_POINT('',(0.,-0.4));
#3812 = VECTOR('',#3813,1.);
#3813 = DIRECTION('',(1.,0.));
#3814 = ( GEOMETRIC_REPRESENTATION_CONTEXT(2) 
PARAMETRIC_REPRESENTATION_CONTEXT() REPRESENTATION_CONTEXT('2D SPACE',''
  ) );
#3815 = ORIENTED_EDGE('',*,*,#1255,.F.);
#3816 = ORIENTED_EDGE('',*,*,#3651,.T.);
#3817 = ORIENTED_EDGE('',*,*,#3818,.T.);
#3818 = EDGE_CURVE('',#3652,#3819,#3821,.T.);
#3819 = VERTEX_POINT('',#3820);
#3820 = CARTESIAN_POINT('',(3.05,1.750885901444,0.4));
#3821 = SURFACE_CURVE('',#3822,(#3826,#3833),.PCURVE_S1.);
#3822 = LINE('',#3823,#3824);
#3823 = CARTESIAN_POINT('',(2.485,2.31,0.4));
#3824 = VECTOR('',#3825,1.);
#3825 = DIRECTION('',(0.710799473872,-0.703394702812,0.));
#3826 = PCURVE('',#1269,#3827);
#3827 = DEFINITIONAL_REPRESENTATION('',(#3828),#3832);
#3828 = LINE('',#3829,#3830);
#3829 = CARTESIAN_POINT('',(-0.235,1.198499325423));
#3830 = VECTOR('',#3831,1.);
#3831 = DIRECTION('',(-0.710799473872,-0.703394702812));
#3832 = ( GEOMETRIC_REPRESENTATION_CONTEXT(2) 
PARAMETRIC_REPRESENTATION_CONTEXT() REPRESENTATION_CONTEXT('2D SPACE',''
  ) );
#3833 = PCURVE('',#2417,#3834);
#3834 = DEFINITIONAL_REPRESENTATION('',(#3835),#3839);
#3835 = LINE('',#3836,#3837);
#3836 = CARTESIAN_POINT('',(0.,-0.4));
#3837 = VECTOR('',#3838,1.);
#3838 = DIRECTION('',(1.,0.));
#3839 = ( GEOMETRIC_REPRESENTATION_CONTEXT(2) 
PARAMETRIC_REPRESENTATION_CONTEXT() REPRESENTATION_CONTEXT('2D SPACE',''
  ) );
#3840 = ORIENTED_EDGE('',*,*,#3841,.T.);
#3841 = EDGE_CURVE('',#3819,#3842,#3844,.T.);
#3842 = VERTEX_POINT('',#3843);
#3843 = CARTESIAN_POINT('',(3.05,4.E-02,0.4));
#3844 = SURFACE_CURVE('',#3845,(#3849,#3856),.PCURVE_S1.);
#3845 = LINE('',#3846,#3847);
#3846 = CARTESIAN_POINT('',(3.05,1.750885901445,0.4));
#3847 = VECTOR('',#3848,1.);
#3848 = DIRECTION('',(0.,-1.,0.));
#3849 = PCURVE('',#1269,#3850);
#3850 = DEFINITIONAL_REPRESENTATION('',(#3851),#3855);
#3851 = LINE('',#3852,#3853);
#3852 = CARTESIAN_POINT('',(-0.8,0.639385226868));
#3853 = VECTOR('',#3854,1.);
#3854 = DIRECTION('',(0.,-1.));
#3855 = ( GEOMETRIC_REPRESENTATION_CONTEXT(2) 
PARAMETRIC_REPRESENTATION_CONTEXT() REPRESENTATION_CONTEXT('2D SPACE',''
  ) );
#3856 = PCURVE('',#2445,#3857);
#3857 = DEFINITIONAL_REPRESENTATION('',(#3858),#3862);
#3858 = LINE('',#3859,#3860);
#3859 = CARTESIAN_POINT('',(0.,-0.4));
#3860 = VECTOR('',#3861,1.);
#3861 = DIRECTION('',(1.,0.));
#3862 = ( GEOMETRIC_REPRESENTATION_CONTEXT(2) 
PARAMETRIC_REPRESENTATION_CONTEXT() REPRESENTATION_CONTEXT('2D SPACE',''
  ) );
#3863 = ORIENTED_EDGE('',*,*,#3864,.F.);
#3864 = EDGE_CURVE('',#3748,#3842,#3865,.T.);
#3865 = SURFACE_CURVE('',#3866,(#3869,#3875),.PCURVE_S1.);
#3866 = B_SPLINE_CURVE_WITH_KNOTS('',1,(#3867,#3868),.UNSPECIFIED.,.F.,
  .F.,(2,2),(0.,1.),.PIECEWISE_BEZIER_KNOTS.);
#3867 = CARTESIAN_POINT('',(1.45,4.E-02,0.4));
#3868 = CARTESIAN_POINT('',(3.05,4.E-02,0.4));
#3869 = PCURVE('',#1269,#3870);
#3870 = DEFINITIONAL_REPRESENTATION('',(#3871),#3874);
#3871 = B_SPLINE_CURVE_WITH_KNOTS('',1,(#3872,#3873),.UNSPECIFIED.,.F.,
  .F.,(2,2),(0.,1.),.PIECEWISE_BEZIER_KNOTS.);
#3872 = CARTESIAN_POINT('',(0.8,-1.071500674577));
#3873 = CARTESIAN_POINT('',(-0.8,-1.071500674577));
#3874 = ( GEOMETRIC_REPRESENTATION_CONTEXT(2) 
PARAMETRIC_REPRESENTATION_CONTEXT() REPRESENTATION_CONTEXT('2D SPACE',''
  ) );
#3875 = PCURVE('',#2473,#3876);
#3876 = DEFINITIONAL_REPRESENTATION('',(#3877),#3880);
#3877 = B_SPLINE_CURVE_WITH_KNOTS('',1,(#3878,#3879),.UNSPECIFIED.,.F.,
  .F.,(2,2),(0.,1.),.PIECEWISE_BEZIER_KNOTS.);
#3878 = CARTESIAN_POINT('',(3.064479638009,0.266666666667));
#3879 = CARTESIAN_POINT('',(1.435520361991,0.266666666667));
#3880 = ( GEOMETRIC_REPRESENTATION_CONTEXT(2) 
PARAMETRIC_REPRESENTATION_CONTEXT() REPRESENTATION_CONTEXT('2D SPACE',''
  ) );
#3881 = ADVANCED_FACE('',(#3882),#1088,.T.);
#3882 = FACE_BOUND('',#3883,.T.);
#3883 = EDGE_LOOP('',(#3884,#3885,#3906,#3907));
#3884 = ORIENTED_EDGE('',*,*,#3525,.F.);
#3885 = ORIENTED_EDGE('',*,*,#3886,.T.);
#3886 = EDGE_CURVE('',#3526,#3699,#3887,.T.);
#3887 = SURFACE_CURVE('',#3888,(#3892,#3899),.PCURVE_S1.);
#3888 = LINE('',#3889,#3890);
#3889 = CARTESIAN_POINT('',(0.96,2.2,0.));
#3890 = VECTOR('',#3891,1.);
#3891 = DIRECTION('',(0.,0.,1.));
#3892 = PCURVE('',#1088,#3893);
#3893 = DEFINITIONAL_REPRESENTATION('',(#3894),#3898);
#3894 = LINE('',#3895,#3896);
#3895 = CARTESIAN_POINT('',(0.,0.));
#3896 = VECTOR('',#3897,1.);
#3897 = DIRECTION('',(0.,-1.));
#3898 = ( GEOMETRIC_REPRESENTATION_CONTEXT(2) 
PARAMETRIC_REPRESENTATION_CONTEXT() REPRESENTATION_CONTEXT('2D SPACE',''
  ) );
#3899 = PCURVE('',#3564,#3900);
#3900 = DEFINITIONAL_REPRESENTATION('',(#3901),#3905);
#3901 = LINE('',#3902,#3903);
#3902 = CARTESIAN_POINT('',(0.42,0.));
#3903 = VECTOR('',#3904,1.);
#3904 = DIRECTION('',(0.,-1.));
#3905 = ( GEOMETRIC_REPRESENTATION_CONTEXT(2) 
PARAMETRIC_REPRESENTATION_CONTEXT() REPRESENTATION_CONTEXT('2D SPACE',''
  ) );
#3906 = ORIENTED_EDGE('',*,*,#3723,.T.);
#3907 = ORIENTED_EDGE('',*,*,#876,.F.);
#3908 = ADVANCED_FACE('',(#3909),#1241,.F.);
#3909 = FACE_BOUND('',#3910,.F.);
#3910 = EDGE_LOOP('',(#3911,#3912,#3933,#3934));
#3911 = ORIENTED_EDGE('',*,*,#3503,.F.);
#3912 = ORIENTED_EDGE('',*,*,#3913,.T.);
#3913 = EDGE_CURVE('',#3476,#3773,#3914,.T.);
#3914 = SURFACE_CURVE('',#3915,(#3919,#3926),.PCURVE_S1.);
#3915 = LINE('',#3916,#3917);
#3916 = CARTESIAN_POINT('',(2.015,2.31,0.));
#3917 = VECTOR('',#3918,1.);
#3918 = DIRECTION('',(0.,0.,1.));
#3919 = PCURVE('',#1241,#3920);
#3920 = DEFINITIONAL_REPRESENTATION('',(#3921),#3925);
#3921 = LINE('',#3922,#3923);
#3922 = CARTESIAN_POINT('',(0.,0.));
#3923 = VECTOR('',#3924,1.);
#3924 = DIRECTION('',(0.,-1.));
#3925 = ( GEOMETRIC_REPRESENTATION_CONTEXT(2) 
PARAMETRIC_REPRESENTATION_CONTEXT() REPRESENTATION_CONTEXT('2D SPACE',''
  ) );
#3926 = PCURVE('',#3491,#3927);
#3927 = DEFINITIONAL_REPRESENTATION('',(#3928),#3932);
#3928 = LINE('',#3929,#3930);
#3929 = CARTESIAN_POINT('',(0.794879597929,0.));
#3930 = VECTOR('',#3931,1.);
#3931 = DIRECTION('',(0.,-1.));
#3932 = ( GEOMETRIC_REPRESENTATION_CONTEXT(2) 
PARAMETRIC_REPRESENTATION_CONTEXT() REPRESENTATION_CONTEXT('2D SPACE',''
  ) );
#3933 = ORIENTED_EDGE('',*,*,#3795,.T.);
#3934 = ORIENTED_EDGE('',*,*,#1221,.F.);
#3935 = ADVANCED_FACE('',(#3936),#2689,.F.);
#3936 = FACE_BOUND('',#3937,.F.);
#3937 = EDGE_LOOP('',(#3938,#3939,#3968,#4006));
#3938 = ORIENTED_EDGE('',*,*,#2673,.T.);
#3939 = ORIENTED_EDGE('',*,*,#3940,.T.);
#3940 = EDGE_CURVE('',#2593,#3941,#3943,.T.);
#3941 = VERTEX_POINT('',#3942);
#3942 = CARTESIAN_POINT('',(4.35900496281,0.240498756211,1.409950371902)
  );
#3943 = SURFACE_CURVE('',#3944,(#3953,#3961),.PCURVE_S1.);
#3944 = B_SPLINE_CURVE_WITH_KNOTS('',3,(#3945,#3946,#3947,#3948,#3949,
    #3950,#3951,#3952),.UNSPECIFIED.,.F.,.F.,(4,2,2,4),(
    -6.431842797676E-02,9.85233629057E-03,1.524778077045,1.598948841312)
  ,.UNSPECIFIED.);
#3945 = CARTESIAN_POINT('',(4.507344,9.2159719021E-02,-7.344E-02));
#3946 = CARTESIAN_POINT('',(4.504896,9.4607719021E-02,-4.896E-02));
#3947 = CARTESIAN_POINT('',(4.502448,9.7055719021E-02,-2.448E-02));
#3948 = CARTESIAN_POINT('',(4.45,0.149503719021,0.5));
#3949 = CARTESIAN_POINT('',(4.4,0.199503719021,1.));
#3950 = CARTESIAN_POINT('',(4.347552,0.251951719021,1.52448));
#3951 = CARTESIAN_POINT('',(4.345104,0.254399719021,1.54896));
#3952 = CARTESIAN_POINT('',(4.342656,0.256847719021,1.57344));
#3953 = PCURVE('',#2689,#3954);
#3954 = DEFINITIONAL_REPRESENTATION('',(#3955),#3960);
#3955 = B_SPLINE_CURVE_WITH_KNOTS('',3,(#3956,#3957,#3958,#3959),
  .UNSPECIFIED.,.F.,.F.,(4,4),(9.85233629057E-03,1.433832410678),
  .PIECEWISE_BEZIER_KNOTS.);
#3956 = CARTESIAN_POINT('',(2.400496280979,1.110223024625E-16));
#3957 = CARTESIAN_POINT('',(2.396755072829,0.313322304867));
#3958 = CARTESIAN_POINT('',(2.392599717415,0.62664466392));
#3959 = CARTESIAN_POINT('',(2.387845819544,0.939966914601));
#3960 = ( GEOMETRIC_REPRESENTATION_CONTEXT(2) 
PARAMETRIC_REPRESENTATION_CONTEXT() REPRESENTATION_CONTEXT('2D SPACE',''
  ) );
#3961 = PCURVE('',#2630,#3962);
#3962 = DEFINITIONAL_REPRESENTATION('',(#3963),#3967);
#3963 = LINE('',#3964,#3965);
#3964 = CARTESIAN_POINT('',(0.,0.));
#3965 = VECTOR('',#3966,1.);
#3966 = DIRECTION('',(0.,1.));
#3967 = ( GEOMETRIC_REPRESENTATION_CONTEXT(2) 
PARAMETRIC_REPRESENTATION_CONTEXT() REPRESENTATION_CONTEXT('2D SPACE',''
  ) );
#3968 = ORIENTED_EDGE('',*,*,#3969,.F.);
#3969 = EDGE_CURVE('',#2760,#3941,#3970,.T.);
#3970 = SURFACE_CURVE('',#3971,(#3977,#3983),.PCURVE_S1.);
#3971 = B_SPLINE_CURVE_WITH_KNOTS('',2,(#3972,#3973,#3974,#3975,#3976),
  .UNSPECIFIED.,.F.,.F.,(3,1,1,3),(-8.978896280979E-02,
    -9.004962809791E-03,2.20900496281,2.28978896281),.UNSPECIFIED.);
#3972 = CARTESIAN_POINT('',(4.35900496281,2.43978896281,1.409950371902)
  );
#3973 = CARTESIAN_POINT('',(4.35900496281,2.39939696281,1.409950371902)
  );
#3974 = CARTESIAN_POINT('',(4.35900496281,1.25,1.409950371902));
#3975 = CARTESIAN_POINT('',(4.35900496281,0.10060303719,1.409950371902)
  );
#3976 = CARTESIAN_POINT('',(4.35900496281,6.021103719021E-02,
    1.409950371902));
#3977 = PCURVE('',#2689,#3978);
#3978 = DEFINITIONAL_REPRESENTATION('',(#3979),#3982);
#3979 = B_SPLINE_CURVE_WITH_KNOTS('',1,(#3980,#3981),.UNSPECIFIED.,.F.,
  .F.,(2,2),(-9.004962809791E-03,2.20900496281),
  .PIECEWISE_BEZIER_KNOTS.);
#3980 = CARTESIAN_POINT('',(-1.998401444325E-16,0.939966914601));
#3981 = CARTESIAN_POINT('',(2.5,0.939966914601));
#3982 = ( GEOMETRIC_REPRESENTATION_CONTEXT(2) 
PARAMETRIC_REPRESENTATION_CONTEXT() REPRESENTATION_CONTEXT('2D SPACE',''
  ) );
#3983 = PCURVE('',#3984,#4000);
#3984 = ( BOUNDED_SURFACE() B_SPLINE_SURFACE(2,2,(
    (#3985,#3986,#3987,#3988,#3989)
    ,(#3990,#3991,#3992,#3993,#3994)
    ,(#3995,#3996,#3997,#3998,#3999
)),.UNSPECIFIED.,.F.,.F.,.F.) B_SPLINE_SURFACE_WITH_KNOTS((3,3),(3,1,1,3
    ),(0.,2.21800992562),(-8.978896280979E-02,-9.004962809791E-03,
    2.20900496281,2.28978896281),.UNSPECIFIED.) 
GEOMETRIC_REPRESENTATION_ITEM() RATIONAL_B_SPLINE_SURFACE((
    (1.,1.,1.,1.,1.)
    ,(0.741452533552,0.741452533552,0.741452533552,0.741452533552
      ,0.741452533552)
,(1.,1.,1.,1.,1.))) REPRESENTATION_ITEM('') SURFACE() );
#3985 = CARTESIAN_POINT('',(4.259501243789,2.43978896281,1.5));
#3986 = CARTESIAN_POINT('',(4.259501243789,2.39939696281,1.5));
#3987 = CARTESIAN_POINT('',(4.259501243789,1.25,1.5));
#3988 = CARTESIAN_POINT('',(4.259501243789,0.10060303719,1.5));
#3989 = CARTESIAN_POINT('',(4.259501243789,6.021103719021E-02,1.5));
#3990 = CARTESIAN_POINT('',(4.35,2.43978896281,1.5));
#3991 = CARTESIAN_POINT('',(4.35,2.39939696281,1.5));
#3992 = CARTESIAN_POINT('',(4.35,1.25,1.5));
#3993 = CARTESIAN_POINT('',(4.35,0.10060303719,1.5));
#3994 = CARTESIAN_POINT('',(4.35,6.021103719021E-02,1.5));
#3995 = CARTESIAN_POINT('',(4.35900496281,2.43978896281,1.409950371902)
  );
#3996 = CARTESIAN_POINT('',(4.35900496281,2.39939696281,1.409950371902)
  );
#3997 = CARTESIAN_POINT('',(4.35900496281,1.25,1.409950371902));
#3998 = CARTESIAN_POINT('',(4.35900496281,0.10060303719,1.409950371902)
  );
#3999 = CARTESIAN_POINT('',(4.35900496281,6.021103719021E-02,
    1.409950371902));
#4000 = DEFINITIONAL_REPRESENTATION('',(#4001),#4005);
#4001 = LINE('',#4002,#4003);
#4002 = CARTESIAN_POINT('',(2.21800992562,0.));
#4003 = VECTOR('',#4004,1.);
#4004 = DIRECTION('',(0.,1.));
#4005 = ( GEOMETRIC_REPRESENTATION_CONTEXT(2) 
PARAMETRIC_REPRESENTATION_CONTEXT() REPRESENTATION_CONTEXT('2D SPACE',''
  ) );
#4006 = ORIENTED_EDGE('',*,*,#2759,.F.);
#4007 = ADVANCED_FACE('',(#4008),#2344,.T.);
#4008 = FACE_BOUND('',#4009,.T.);
#4009 = EDGE_LOOP('',(#4010,#4011,#4012,#4013));
#4010 = ORIENTED_EDGE('',*,*,#3187,.T.);
#4011 = ORIENTED_EDGE('',*,*,#2997,.T.);
#4012 = ORIENTED_EDGE('',*,*,#2842,.F.);
#4013 = ORIENTED_EDGE('',*,*,#2328,.F.);
#4014 = ADVANCED_FACE('',(#4015),#2630,.F.);
#4015 = FACE_BOUND('',#4016,.F.);
#4016 = EDGE_LOOP('',(#4017,#4018,#4047,#4087));
#4017 = ORIENTED_EDGE('',*,*,#2592,.T.);
#4018 = ORIENTED_EDGE('',*,*,#4019,.T.);
#4019 = EDGE_CURVE('',#2570,#4020,#4022,.T.);
#4020 = VERTEX_POINT('',#4021);
#4021 = CARTESIAN_POINT('',(4.259501243789,0.14099503719,1.409950371902)
  );
#4022 = SURFACE_CURVE('',#4023,(#4032,#4039),.PCURVE_S1.);
#4023 = B_SPLINE_CURVE_WITH_KNOTS('',3,(#4024,#4025,#4026,#4027,#4028,
    #4029,#4030,#4031),.UNSPECIFIED.,.F.,.F.,(4,2,2,4),(
    -6.431842797676E-02,9.85233629057E-03,1.524778077045,1.598948841312)
  ,.UNSPECIFIED.);
#4024 = CARTESIAN_POINT('',(4.407840280979,-7.344E-03,-7.344E-02));
#4025 = CARTESIAN_POINT('',(4.405392280979,-4.896E-03,-4.896E-02));
#4026 = CARTESIAN_POINT('',(4.402944280979,-2.448E-03,-2.448E-02));
#4027 = CARTESIAN_POINT('',(4.350496280979,5.E-02,0.5));
#4028 = CARTESIAN_POINT('',(4.300496280979,0.1,1.));
#4029 = CARTESIAN_POINT('',(4.248048280979,0.152448,1.52448));
#4030 = CARTESIAN_POINT('',(4.245600280979,0.154896,1.54896));
#4031 = CARTESIAN_POINT('',(4.243152280979,0.157344,1.57344));
#4032 = PCURVE('',#2630,#4033);
#4033 = DEFINITIONAL_REPRESENTATION('',(#4034),#4038);
#4034 = LINE('',#4035,#4036);
#4035 = CARTESIAN_POINT('',(1.514925740754,0.));
#4036 = VECTOR('',#4037,1.);
#4037 = DIRECTION('',(0.,1.));
#4038 = ( GEOMETRIC_REPRESENTATION_CONTEXT(2) 
PARAMETRIC_REPRESENTATION_CONTEXT() REPRESENTATION_CONTEXT('2D SPACE',''
  ) );
#4039 = PCURVE('',#2473,#4040);
#4040 = DEFINITIONAL_REPRESENTATION('',(#4041),#4046);
#4041 = B_SPLINE_CURVE_WITH_KNOTS('',3,(#4042,#4043,#4044,#4045),
  .UNSPECIFIED.,.F.,.F.,(4,4),(9.85233629057E-03,1.433832410678),
  .PIECEWISE_BEZIER_KNOTS.);
#4042 = CARTESIAN_POINT('',(9.9503719021E-02,-5.551115123126E-17));
#4043 = CARTESIAN_POINT('',(0.101582167993,0.313322304867));
#4044 = CARTESIAN_POINT('',(0.10379019737,0.626644614323));
#4045 = CARTESIAN_POINT('',(0.106155915031,0.939966914601));
#4046 = ( GEOMETRIC_REPRESENTATION_CONTEXT(2) 
PARAMETRIC_REPRESENTATION_CONTEXT() REPRESENTATION_CONTEXT('2D SPACE',''
  ) );
#4047 = ORIENTED_EDGE('',*,*,#4048,.T.);
#4048 = EDGE_CURVE('',#4020,#3941,#4049,.T.);
#4049 = SURFACE_CURVE('',#4050,(#4055,#4069),.PCURVE_S1.);
#4050 = CIRCLE('',#4051,0.1);
#4051 = AXIS2_PLACEMENT_3D('',#4052,#4053,#4054);
#4052 = CARTESIAN_POINT('',(4.259501243789,0.240498756211,1.4));
#4053 = DIRECTION('',(-9.901475429767E-02,9.901475429767E-02,
    0.990147542977));
#4054 = DIRECTION('',(8.880049473525E-15,-0.99503719021,9.9503719021E-02
    ));
#4055 = PCURVE('',#2630,#4056);
#4056 = DEFINITIONAL_REPRESENTATION('',(#4057),#4068);
#4057 = B_SPLINE_CURVE_WITH_KNOTS('',9,(#4058,#4059,#4060,#4061,#4062,
    #4063,#4064,#4065,#4066,#4067),.UNSPECIFIED.,.F.,.F.,(10,10),(0.,
    1.560895174924),.PIECEWISE_BEZIER_KNOTS.);
#4058 = CARTESIAN_POINT('',(1.514925740754,1.433832410678));
#4059 = CARTESIAN_POINT('',(1.32821544681,1.433832410678));
#4060 = CARTESIAN_POINT('',(1.15648902855,1.433832410678));
#4061 = CARTESIAN_POINT('',(0.993624617722,1.433832410678));
#4062 = CARTESIAN_POINT('',(0.835673279681,1.433832410678));
#4063 = CARTESIAN_POINT('',(0.679252461073,1.433832410678));
#4064 = CARTESIAN_POINT('',(0.521301123032,1.433832410678));
#4065 = CARTESIAN_POINT('',(0.358436712204,1.433832410678));
#4066 = CARTESIAN_POINT('',(0.186710293944,1.433832410678));
#4067 = CARTESIAN_POINT('',(3.54835443807E-17,1.433832410678));
#4068 = ( GEOMETRIC_REPRESENTATION_CONTEXT(2) 
PARAMETRIC_REPRESENTATION_CONTEXT() REPRESENTATION_CONTEXT('2D SPACE',''
  ) );
#4069 = PCURVE('',#4070,#4075);
#4070 = SPHERICAL_SURFACE('',#4071,0.1);
#4071 = AXIS2_PLACEMENT_3D('',#4072,#4073,#4074);
#4072 = CARTESIAN_POINT('',(4.259501243789,0.240498756211,1.4));
#4073 = DIRECTION('',(-7.184676853456E-08,-2.775557561563E-16,-1.));
#4074 = DIRECTION('',(-7.184667927373E-09,-1.,7.937509297319E-16));
#4075 = DEFINITIONAL_REPRESENTATION('',(#4076),#4086);
#4076 = B_SPLINE_CURVE_WITH_KNOTS('',8,(#4077,#4078,#4079,#4080,#4081,
    #4082,#4083,#4084,#4085),.UNSPECIFIED.,.F.,.F.,(9,9),(0.,
    1.560895174924),.PIECEWISE_BEZIER_KNOTS.);
#4077 = CARTESIAN_POINT('',(-8.92608264735E-15,-9.966865249116E-02));
#4078 = CARTESIAN_POINT('',(-0.195121459538,-0.118987623039));
#4079 = CARTESIAN_POINT('',(-0.391104822445,-0.133998568024));
#4080 = CARTESIAN_POINT('',(-0.587951918483,-0.14355822867));
#4081 = CARTESIAN_POINT('',(-0.785398162657,-0.146854182984));
#4082 = CARTESIAN_POINT('',(-0.9828444077,-0.143558249663));
#4083 = CARTESIAN_POINT('',(-1.179691505912,-0.133998608645));
#4084 = CARTESIAN_POINT('',(-1.375674871638,-0.118987680867));
#4085 = CARTESIAN_POINT('',(-1.57079633398,-9.966872433793E-02));
#4086 = ( GEOMETRIC_REPRESENTATION_CONTEXT(2) 
PARAMETRIC_REPRESENTATION_CONTEXT() REPRESENTATION_CONTEXT('2D SPACE',''
  ) );
#4087 = ORIENTED_EDGE('',*,*,#3940,.F.);
#4088 = ADVANCED_FACE('',(#4089),#2473,.F.);
#4089 = FACE_BOUND('',#4090,.F.);
#4090 = EDGE_LOOP('',(#4091,#4092,#4121,#4159,#4160,#4161,#4478,#4800,
    #5115,#5116,#5143,#5144,#5171,#5172,#5489,#5811));
#4091 = ORIENTED_EDGE('',*,*,#3317,.T.);
#4092 = ORIENTED_EDGE('',*,*,#4093,.T.);
#4093 = EDGE_CURVE('',#3237,#4094,#4096,.T.);
#4094 = VERTEX_POINT('',#4095);
#4095 = CARTESIAN_POINT('',(0.240498749027,0.14099503719,1.409950371902)
  );
#4096 = SURFACE_CURVE('',#4097,(#4106,#4114),.PCURVE_S1.);
#4097 = B_SPLINE_CURVE_WITH_KNOTS('',3,(#4098,#4099,#4100,#4101,#4102,
    #4103,#4104,#4105),.UNSPECIFIED.,.F.,.F.,(4,2,2,4),(
    -6.431842797676E-02,9.852336290568E-03,1.524778077045,1.598948841312
    ),.UNSPECIFIED.);
#4098 = CARTESIAN_POINT('',(9.2159719021E-02,-7.344E-03,-7.344E-02));
#4099 = CARTESIAN_POINT('',(9.4607719021E-02,-4.896E-03,-4.896E-02));
#4100 = CARTESIAN_POINT('',(9.7055719021E-02,-2.448E-03,-2.448E-02));
#4101 = CARTESIAN_POINT('',(0.149503719021,5.E-02,0.5));
#4102 = CARTESIAN_POINT('',(0.199503719021,1.E-01,1.));
#4103 = CARTESIAN_POINT('',(0.251951719021,0.152448,1.52448));
#4104 = CARTESIAN_POINT('',(0.254399719021,0.154896,1.54896));
#4105 = CARTESIAN_POINT('',(0.256847719021,0.157344,1.57344));
#4106 = PCURVE('',#2473,#4107);
#4107 = DEFINITIONAL_REPRESENTATION('',(#4108),#4113);
#4108 = B_SPLINE_CURVE_WITH_KNOTS('',3,(#4109,#4110,#4111,#4112),
  .UNSPECIFIED.,.F.,.F.,(4,4),(9.852336290568E-03,1.433832410678),
  .PIECEWISE_BEZIER_KNOTS.);
#4109 = CARTESIAN_POINT('',(4.400496280979,1.110223024625E-16));
#4110 = CARTESIAN_POINT('',(4.398417832007,0.313322304867));
#4111 = CARTESIAN_POINT('',(4.39620980263,0.626644614323));
#4112 = CARTESIAN_POINT('',(4.393844084969,0.939966914601));
#4113 = ( GEOMETRIC_REPRESENTATION_CONTEXT(2) 
PARAMETRIC_REPRESENTATION_CONTEXT() REPRESENTATION_CONTEXT('2D SPACE',''
  ) );
#4114 = PCURVE('',#3274,#4115);
#4115 = DEFINITIONAL_REPRESENTATION('',(#4116),#4120);
#4116 = LINE('',#4117,#4118);
#4117 = CARTESIAN_POINT('',(1.514925740754,0.));
#4118 = VECTOR('',#4119,1.);
#4119 = DIRECTION('',(0.,1.));
#4120 = ( GEOMETRIC_REPRESENTATION_CONTEXT(2) 
PARAMETRIC_REPRESENTATION_CONTEXT() REPRESENTATION_CONTEXT('2D SPACE',''
  ) );
#4121 = ORIENTED_EDGE('',*,*,#4122,.F.);
#4122 = EDGE_CURVE('',#4020,#4094,#4123,.T.);
#4123 = SURFACE_CURVE('',#4124,(#4130,#4136),.PCURVE_S1.);
#4124 = B_SPLINE_CURVE_WITH_KNOTS('',2,(#4125,#4126,#4127,#4128,#4129),
  .UNSPECIFIED.,.F.,.F.,(3,1,1,3),(-0.16322896281,-9.004962809788E-03,
    4.20900496281,4.36322896281),.UNSPECIFIED.);
#4125 = CARTESIAN_POINT('',(4.51322896281,0.14099503719,1.409950371902)
  );
#4126 = CARTESIAN_POINT('',(4.43611696281,0.14099503719,1.409950371902)
  );
#4127 = CARTESIAN_POINT('',(2.25,0.14099503719,1.409950371902));
#4128 = CARTESIAN_POINT('',(6.388303719021E-02,0.14099503719,
    1.409950371902));
#4129 = CARTESIAN_POINT('',(-1.322896280979E-02,0.14099503719,
    1.409950371902));
#4130 = PCURVE('',#2473,#4131);
#4131 = DEFINITIONAL_REPRESENTATION('',(#4132),#4135);
#4132 = B_SPLINE_CURVE_WITH_KNOTS('',1,(#4133,#4134),.UNSPECIFIED.,.F.,
  .F.,(2,2),(-9.004962809788E-03,4.20900496281),
  .PIECEWISE_BEZIER_KNOTS.);
#4133 = CARTESIAN_POINT('',(1.199040866595E-15,0.939966914601));
#4134 = CARTESIAN_POINT('',(4.5,0.939966914601));
#4135 = ( GEOMETRIC_REPRESENTATION_CONTEXT(2) 
PARAMETRIC_REPRESENTATION_CONTEXT() REPRESENTATION_CONTEXT('2D SPACE',''
  ) );
#4136 = PCURVE('',#4137,#4153);
#4137 = ( BOUNDED_SURFACE() B_SPLINE_SURFACE(2,2,(
    (#4138,#4139,#4140,#4141,#4142)
    ,(#4143,#4144,#4145,#4146,#4147)
    ,(#4148,#4149,#4150,#4151,#4152
)),.UNSPECIFIED.,.F.,.F.,.F.) B_SPLINE_SURFACE_WITH_KNOTS((3,3),(3,1,1,3
    ),(0.,4.21800992562),(-0.16322896281,-9.004962809788E-03,
    4.20900496281,4.36322896281),.UNSPECIFIED.) 
GEOMETRIC_REPRESENTATION_ITEM() RATIONAL_B_SPLINE_SURFACE((
    (1.,1.,1.,1.,1.)
    ,(0.741452533552,0.741452533552,0.741452533552,0.741452533552
      ,0.741452533552)
,(1.,1.,1.,1.,1.))) REPRESENTATION_ITEM('') SURFACE() );
#4138 = CARTESIAN_POINT('',(4.51322896281,0.240498756211,1.5));
#4139 = CARTESIAN_POINT('',(4.43611696281,0.240498756211,1.5));
#4140 = CARTESIAN_POINT('',(2.25,0.240498756211,1.5));
#4141 = CARTESIAN_POINT('',(6.388303719021E-02,0.240498756211,1.5));
#4142 = CARTESIAN_POINT('',(-1.322896280979E-02,0.240498756211,1.5));
#4143 = CARTESIAN_POINT('',(4.51322896281,0.15,1.5));
#4144 = CARTESIAN_POINT('',(4.43611696281,0.15,1.5));
#4145 = CARTESIAN_POINT('',(2.25,0.15,1.5));
#4146 = CARTESIAN_POINT('',(6.388303719021E-02,0.15,1.5));
#4147 = CARTESIAN_POINT('',(-1.322896280979E-02,0.15,1.5));
#4148 = CARTESIAN_POINT('',(4.51322896281,0.14099503719,1.409950371902)
  );
#4149 = CARTESIAN_POINT('',(4.43611696281,0.14099503719,1.409950371902)
  );
#4150 = CARTESIAN_POINT('',(2.25,0.14099503719,1.409950371902));
#4151 = CARTESIAN_POINT('',(6.388303719021E-02,0.14099503719,
    1.409950371902));
#4152 = CARTESIAN_POINT('',(-1.322896280979E-02,0.14099503719,
    1.409950371902));
#4153 = DEFINITIONAL_REPRESENTATION('',(#4154),#4158);
#4154 = LINE('',#4155,#4156);
#4155 = CARTESIAN_POINT('',(4.21800992562,0.));
#4156 = VECTOR('',#4157,1.);
#4157 = DIRECTION('',(0.,1.));
#4158 = ( GEOMETRIC_REPRESENTATION_CONTEXT(2) 
PARAMETRIC_REPRESENTATION_CONTEXT() REPRESENTATION_CONTEXT('2D SPACE',''
  ) );
#4159 = ORIENTED_EDGE('',*,*,#4019,.F.);
#4160 = ORIENTED_EDGE('',*,*,#2569,.T.);
#4161 = ORIENTED_EDGE('',*,*,#4162,.T.);
#4162 = EDGE_CURVE('',#2542,#4163,#4165,.T.);
#4163 = VERTEX_POINT('',#4164);
#4164 = CARTESIAN_POINT('',(3.96,4.E-02,0.4));
#4165 = SURFACE_CURVE('',#4166,(#4268,#4373),.PCURVE_S1.);
#4166 = B_SPLINE_CURVE_WITH_KNOTS('',4,(#4167,#4168,#4169,#4170,#4171,
    #4172,#4173,#4174,#4175,#4176,#4177,#4178,#4179,#4180,#4181,#4182,
    #4183,#4184,#4185,#4186,#4187,#4188,#4189,#4190,#4191,#4192,#4193,
    #4194,#4195,#4196,#4197,#4198,#4199,#4200,#4201,#4202,#4203,#4204,
    #4205,#4206,#4207,#4208,#4209,#4210,#4211,#4212,#4213,#4214,#4215,
    #4216,#4217,#4218,#4219,#4220,#4221,#4222,#4223,#4224,#4225,#4226,
    #4227,#4228,#4229,#4230,#4231,#4232,#4233,#4234,#4235,#4236,#4237,
    #4238,#4239,#4240,#4241,#4242,#4243,#4244,#4245,#4246,#4247,#4248,
    #4249,#4250,#4251,#4252,#4253,#4254,#4255,#4256,#4257,#4258,#4259,
    #4260,#4261,#4262,#4263,#4264,#4265,#4266,#4267),.UNSPECIFIED.,.F.,
  .F.,(5,3,3,3,3,3,3,3,3,3,3,3,3,3,3,3,3,3,3,3,3,3,3,3,3,3,3,3,3,3,3,3,3
    ,5),(0.,2.979820932096E-02,5.960771701009E-02,8.942862717048E-02,
    0.119261045014,0.149105076875,0.178960830222,0.208828413673,
    0.238707937009,0.267602930046,0.297506259959,0.327421862413,
    0.357349851938,0.387290344297,0.417243456499,0.447209306818,
    0.477188014806,0.507179701305,0.537184488471,0.56720249978,
    0.597233860051,0.62727869546,0.657337133554,0.687409303271,
    0.717495334958,0.74759536038,0.777709512749,0.80783792673,
    0.837980738469,0.868138085601,0.898310107278,0.928496944178,
    0.958698738533,1.),.UNSPECIFIED.);
#4167 = CARTESIAN_POINT('',(3.96,0.,0.));
#4168 = CARTESIAN_POINT('',(3.96,1.125211055584E-03,1.125211055584E-02)
  );
#4169 = CARTESIAN_POINT('',(3.96,2.250281143325E-03,2.250281143325E-02)
  );
#4170 = CARTESIAN_POINT('',(3.96,3.375209690827E-03,3.375209690827E-02)
  );
#4171 = CARTESIAN_POINT('',(3.96,5.625209050137E-03,5.625209050137E-02)
  );
#4172 = CARTESIAN_POINT('',(3.96,6.750279753171E-03,6.750279753171E-02)
  );
#4173 = CARTESIAN_POINT('',(3.96,7.875207670112E-03,7.875207670112E-02)
  );
#4174 = CARTESIAN_POINT('',(3.96,1.012520702341E-02,0.101252070234));
#4175 = CARTESIAN_POINT('',(3.96,1.125027835006E-02,0.112502783501));
#4176 = CARTESIAN_POINT('',(3.96,1.237520562915E-02,0.123752056292));
#4177 = CARTESIAN_POINT('',(3.96,1.462520497635E-02,0.146252049763));
#4178 = CARTESIAN_POINT('',(3.96,1.57502769328E-02,0.157502769328));
#4179 = CARTESIAN_POINT('',(3.96,1.687520356768E-02,0.168752035677));
#4180 = CARTESIAN_POINT('',(3.96,1.912520290868E-02,0.191252029087));
#4181 = CARTESIAN_POINT('',(3.96,2.025027550119E-02,0.202502755012));
#4182 = CARTESIAN_POINT('',(3.96,2.137520148541E-02,0.213752014854));
#4183 = CARTESIAN_POINT('',(3.96,2.362520082014E-02,0.236252008201));
#4184 = CARTESIAN_POINT('',(3.96,2.475027405501E-02,0.24750274055));
#4185 = CARTESIAN_POINT('',(3.96,2.587519938208E-02,0.258751993821));
#4186 = CARTESIAN_POINT('',(3.96,2.812519871046E-02,0.281251987105));
#4187 = CARTESIAN_POINT('',(3.96,2.925027259405E-02,0.292502725941));
#4188 = CARTESIAN_POINT('',(3.96,3.03751972574E-02,0.303751972574));
#4189 = CARTESIAN_POINT('',(3.96,3.262519657934E-02,0.326251965793));
#4190 = CARTESIAN_POINT('',(3.96,3.375027111811E-02,0.337502711181));
#4191 = CARTESIAN_POINT('',(3.96,3.48751951111E-02,0.348751951111));
#4192 = CARTESIAN_POINT('',(3.96,3.708767952423E-02,0.370876795242));
#4193 = CARTESIAN_POINT('',(3.96,3.81752497413E-02,0.381752497413));
#4194 = CARTESIAN_POINT('',(3.96,3.92626780516E-02,0.392626780516));
#4195 = CARTESIAN_POINT('',(3.96,4.14751923245E-02,0.414751923245));
#4196 = CARTESIAN_POINT('',(3.96,4.260026817085E-02,0.426002681708));
#4197 = CARTESIAN_POINT('',(3.96,4.372519082582E-02,0.437251908258));
#4198 = CARTESIAN_POINT('',(3.96,4.59751901281E-02,0.459751901281));
#4199 = CARTESIAN_POINT('',(3.96,4.710026664914E-02,0.471002666491));
#4200 = CARTESIAN_POINT('',(3.96,4.822518861363E-02,0.482251886136));
#4201 = CARTESIAN_POINT('',(3.96,5.04751879091E-02,0.504751879091));
#4202 = CARTESIAN_POINT('',(3.96,5.160026511155E-02,0.516002651115));
#4203 = CARTESIAN_POINT('',(3.96,5.272518637863E-02,0.527251863786));
#4204 = CARTESIAN_POINT('',(3.96,5.497518566721E-02,0.549751856672));
#4205 = CARTESIAN_POINT('',(3.96,5.610026355785E-02,0.561002635578));
#4206 = CARTESIAN_POINT('',(3.96,5.722518412053E-02,0.572251841205));
#4207 = CARTESIAN_POINT('',(3.96,5.94751834021E-02,0.594751834021));
#4208 = CARTESIAN_POINT('',(3.96,6.060026198779E-02,0.606002619878));
#4209 = CARTESIAN_POINT('',(3.96,6.172518183899E-02,0.61725181839));
#4210 = CARTESIAN_POINT('',(3.96,6.397518111346E-02,0.639751811135));
#4211 = CARTESIAN_POINT('',(3.96,6.510026040114E-02,0.651002604011));
#4212 = CARTESIAN_POINT('',(3.96,6.622517953371E-02,0.662251795337));
#4213 = CARTESIAN_POINT('',(3.96,6.847517880098E-02,0.68475178801));
#4214 = CARTESIAN_POINT('',(3.96,6.960025879765E-02,0.696002587977));
#4215 = CARTESIAN_POINT('',(3.96,7.072517720437E-02,0.707251772044));
#4216 = CARTESIAN_POINT('',(3.96,7.297517646433E-02,0.729751764643));
#4217 = CARTESIAN_POINT('',(3.96,7.410025717707E-02,0.741002571771));
#4218 = CARTESIAN_POINT('',(3.96,7.522517485062E-02,0.752251748506));
#4219 = CARTESIAN_POINT('',(3.96,7.747517410317E-02,0.774751741032));
#4220 = CARTESIAN_POINT('',(3.96,7.860025553913E-02,0.786002555391));
#4221 = CARTESIAN_POINT('',(3.96,7.972517247213E-02,0.797251724721));
#4222 = CARTESIAN_POINT('',(3.96,8.197517171717E-02,0.819751717172));
#4223 = CARTESIAN_POINT('',(3.96,8.310025388357E-02,0.831002538836));
#4224 = CARTESIAN_POINT('',(3.96,8.422517006858E-02,0.842251700686));
#4225 = CARTESIAN_POINT('',(3.96,8.647516930599E-02,0.86475169306));
#4226 = CARTESIAN_POINT('',(3.96,8.760025221014E-02,0.876002522101));
#4227 = CARTESIAN_POINT('',(3.96,8.87251676396E-02,0.887251676396));
#4228 = CARTESIAN_POINT('',(3.96,9.097516686927E-02,0.909751668693));
#4229 = CARTESIAN_POINT('',(3.96,9.210025051854E-02,0.921002505185));
#4230 = CARTESIAN_POINT('',(3.96,9.322516518484E-02,0.932251651848));
#4231 = CARTESIAN_POINT('',(3.96,9.547516440666E-02,0.954751644067));
#4232 = CARTESIAN_POINT('',(3.96,9.660024880852E-02,0.966002488085));
#4233 = CARTESIAN_POINT('',(3.96,9.772516270395E-02,0.97725162704));
#4234 = CARTESIAN_POINT('',(3.96,9.997516191781E-02,0.999751619178));
#4235 = CARTESIAN_POINT('',(3.96,0.10110024708,1.011002470798));
#4236 = CARTESIAN_POINT('',(3.96,0.102225160197,1.022251601966));
#4237 = CARTESIAN_POINT('',(3.96,0.104475159402,1.044751594023));
#4238 = CARTESIAN_POINT('',(3.96,0.105600245332,1.056002453321));
#4239 = CARTESIAN_POINT('',(3.96,0.106725157662,1.067251576623));
#4240 = CARTESIAN_POINT('',(3.96,0.10897515686,1.089751568599));
#4241 = CARTESIAN_POINT('',(3.96,0.110100243565,1.10100243565));
#4242 = CARTESIAN_POINT('',(3.96,0.111225155101,1.112251551008));
#4243 = CARTESIAN_POINT('',(3.96,0.11347515429,1.134751542901));
#4244 = CARTESIAN_POINT('',(3.96,0.114600241778,1.146002417784));
#4245 = CARTESIAN_POINT('',(3.96,0.115725152512,1.157251525117));
#4246 = CARTESIAN_POINT('',(3.96,0.117975151692,1.179751516925));
#4247 = CARTESIAN_POINT('',(3.96,0.119100239972,1.191002399719));
#4248 = CARTESIAN_POINT('',(3.96,0.120225149895,1.202251498945));
#4249 = CARTESIAN_POINT('',(3.96,0.122475149067,1.224751490668));
#4250 = CARTESIAN_POINT('',(3.96,0.123600238145,1.236002381452));
#4251 = CARTESIAN_POINT('',(3.96,0.124725147249,1.24725147249));
#4252 = CARTESIAN_POINT('',(3.96,0.126975146413,1.269751464125));
#4253 = CARTESIAN_POINT('',(3.96,0.128100236298,1.281002362979));
#4254 = CARTESIAN_POINT('',(3.96,0.129225144575,1.292251445746));
#4255 = CARTESIAN_POINT('',(3.96,0.131475143729,1.314751437293));
#4256 = CARTESIAN_POINT('',(3.96,0.13260023443,1.326002344298));
#4257 = CARTESIAN_POINT('',(3.96,0.133725141871,1.33725141871));
#4258 = CARTESIAN_POINT('',(3.96,0.135975141017,1.359751410167));
#4259 = CARTESIAN_POINT('',(3.96,0.137100232541,1.371002325406));
#4260 = CARTESIAN_POINT('',(3.96,0.138225139138,1.382251391377));
#4261 = CARTESIAN_POINT('',(3.96,0.140475138274,1.404751382744));
#4262 = CARTESIAN_POINT('',(3.96,0.14160023063,1.416002306298));
#4263 = CARTESIAN_POINT('',(3.96,0.142725136374,1.427251363744));
#4264 = CARTESIAN_POINT('',(3.96,0.145387918591,1.453879185914));
#4265 = CARTESIAN_POINT('',(3.96,0.146925632041,1.469256320407));
#4266 = CARTESIAN_POINT('',(3.96,0.148462993157,1.484629931574));
#4267 = CARTESIAN_POINT('',(3.96,0.15,1.5));
#4268 = PCURVE('',#2473,#4269);
#4269 = DEFINITIONAL_REPRESENTATION('',(#4270),#4372);
#4270 = B_SPLINE_CURVE_WITH_KNOTS('',4,(#4271,#4272,#4273,#4274,#4275,
    #4276,#4277,#4278,#4279,#4280,#4281,#4282,#4283,#4284,#4285,#4286,
    #4287,#4288,#4289,#4290,#4291,#4292,#4293,#4294,#4295,#4296,#4297,
    #4298,#4299,#4300,#4301,#4302,#4303,#4304,#4305,#4306,#4307,#4308,
    #4309,#4310,#4311,#4312,#4313,#4314,#4315,#4316,#4317,#4318,#4319,
    #4320,#4321,#4322,#4323,#4324,#4325,#4326,#4327,#4328,#4329,#4330,
    #4331,#4332,#4333,#4334,#4335,#4336,#4337,#4338,#4339,#4340,#4341,
    #4342,#4343,#4344,#4345,#4346,#4347,#4348,#4349,#4350,#4351,#4352,
    #4353,#4354,#4355,#4356,#4357,#4358,#4359,#4360,#4361,#4362,#4363,
    #4364,#4365,#4366,#4367,#4368,#4369,#4370,#4371),.UNSPECIFIED.,.F.,
  .F.,(5,3,3,3,3,3,3,3,3,3,3,3,3,3,3,3,3,3,3,3,3,3,3,3,3,3,3,3,3,3,3,3,3
    ,5),(0.,2.979820932096E-02,5.960771701009E-02,8.942862717048E-02,
    0.119261045014,0.149105076875,0.178960830222,0.208828413673,
    0.238707937009,0.267602930046,0.297506259959,0.327421862413,
    0.357349851938,0.387290344297,0.417243456499,0.447209306818,
    0.477188014806,0.507179701305,0.537184488471,0.56720249978,
    0.597233860051,0.62727869546,0.657337133554,0.687409303271,
    0.717495334958,0.74759536038,0.777709512749,0.80783792673,
    0.837980738469,0.868138085601,0.898310107278,0.928496944178,
    0.958698738533,1.),.UNSPECIFIED.);
#4271 = CARTESIAN_POINT('',(0.54,0.));
#4272 = CARTESIAN_POINT('',(0.539144839587,7.501407037227E-03));
#4273 = CARTESIAN_POINT('',(0.538288645913,1.500187428883E-02));
#4274 = CARTESIAN_POINT('',(0.537431416573,2.250139793885E-02));
#4275 = CARTESIAN_POINT('',(0.535714556493,3.750139366758E-02));
#4276 = CARTESIAN_POINT('',(0.534854924957,4.500186502114E-02));
#4277 = CARTESIAN_POINT('',(0.533994252275,5.250138446741E-02));
#4278 = CARTESIAN_POINT('',(0.532270490262,6.750138015605E-02));
#4279 = CARTESIAN_POINT('',(0.531407400133,7.50018556671E-02));
#4280 = CARTESIAN_POINT('',(0.530543263315,8.250137086102E-02));
#4281 = CARTESIAN_POINT('',(0.528812557667,9.750136650897E-02));
#4282 = CARTESIAN_POINT('',(0.527945988027,0.105001846219));
#4283 = CARTESIAN_POINT('',(0.527078366119,0.112501357118));
#4284 = CARTESIAN_POINT('',(0.525340674795,0.127501352725));
#4285 = CARTESIAN_POINT('',(0.524470604557,0.135001836675));
#4286 = CARTESIAN_POINT('',(0.523599476437,0.142501343236));
#4287 = CARTESIAN_POINT('',(0.521854757057,0.157501338801));
#4288 = CARTESIAN_POINT('',(0.520981164965,0.165001827033));
#4289 = CARTESIAN_POINT('',(0.520106509338,0.172501329214));
#4290 = CARTESIAN_POINT('',(0.518354719179,0.187501324736));
#4291 = CARTESIAN_POINT('',(0.517477583802,0.195001817294));
#4292 = CARTESIAN_POINT('',(0.516599379202,0.202501315049));
#4293 = CARTESIAN_POINT('',(0.514840475193,0.217501310529));
#4294 = CARTESIAN_POINT('',(0.513959774927,0.225001807454));
#4295 = CARTESIAN_POINT('',(0.513077999714,0.232501300741));
#4296 = CARTESIAN_POINT('',(0.511341384495,0.247251196828));
#4297 = CARTESIAN_POINT('',(0.51048661432,0.254501664942));
#4298 = CARTESIAN_POINT('',(0.509630834372,0.261751187011));
#4299 = CARTESIAN_POINT('',(0.507887351368,0.276501282163));
#4300 = CARTESIAN_POINT('',(0.506999576449,0.284001787806));
#4301 = CARTESIAN_POINT('',(0.506110715214,0.291501272172));
#4302 = CARTESIAN_POINT('',(0.504330449931,0.306501267521));
#4303 = CARTESIAN_POINT('',(0.503439044989,0.314001777661));
#4304 = CARTESIAN_POINT('',(0.502546547894,0.321501257424));
#4305 = CARTESIAN_POINT('',(0.500758994427,0.336501252727));
#4306 = CARTESIAN_POINT('',(0.499863937148,0.34400176741));
#4307 = CARTESIAN_POINT('',(0.498967781842,0.351501242524));
#4308 = CARTESIAN_POINT('',(0.497172895344,0.366501237781));
#4309 = CARTESIAN_POINT('',(0.496274163233,0.374001757052));
#4310 = CARTESIAN_POINT('',(0.495374327181,0.38150122747));
#4311 = CARTESIAN_POINT('',(0.493572062436,0.396501222681));
#4312 = CARTESIAN_POINT('',(0.492669632811,0.404001746585));
#4313 = CARTESIAN_POINT('',(0.491766093293,0.41150121226));
#4314 = CARTESIAN_POINT('',(0.489956404714,0.426501207423));
#4315 = CARTESIAN_POINT('',(0.489050254706,0.434001736008));
#4316 = CARTESIAN_POINT('',(0.488142988815,0.441501196891));
#4317 = CARTESIAN_POINT('',(0.486325830437,0.456501192007));
#4318 = CARTESIAN_POINT('',(0.485415936988,0.464001725318));
#4319 = CARTESIAN_POINT('',(0.484504921628,0.471501181362));
#4320 = CARTESIAN_POINT('',(0.482680247105,0.486501176429));
#4321 = CARTESIAN_POINT('',(0.481766586969,0.494001714514));
#4322 = CARTESIAN_POINT('',(0.480851798851,0.501501165671));
#4323 = CARTESIAN_POINT('',(0.479019561455,0.516501160688));
#4324 = CARTESIAN_POINT('',(0.478102111188,0.524001703594));
#4325 = CARTESIAN_POINT('',(0.477183526832,0.531501149814));
#4326 = CARTESIAN_POINT('',(0.475343679446,0.546501144781));
#4327 = CARTESIAN_POINT('',(0.474422415413,0.554001692557));
#4328 = CARTESIAN_POINT('',(0.473500011143,0.561501133791));
#4329 = CARTESIAN_POINT('',(0.471652506256,0.576501128707));
#4330 = CARTESIAN_POINT('',(0.470727404624,0.584001681401));
#4331 = CARTESIAN_POINT('',(0.469801156565,0.591501117597));
#4332 = CARTESIAN_POINT('',(0.467945946274,0.606501112462));
#4333 = CARTESIAN_POINT('',(0.46701698301,0.614001670124));
#4334 = CARTESIAN_POINT('',(0.46608686709,0.621501101232));
#4335 = CARTESIAN_POINT('',(0.464223903087,0.636501096044));
#4336 = CARTESIAN_POINT('',(0.463291053958,0.644001658723));
#4337 = CARTESIAN_POINT('',(0.462357045902,0.651501084693));
#4338 = CARTESIAN_POINT('',(0.460486279477,0.666501079452));
#4339 = CARTESIAN_POINT('',(0.459549520046,0.674001647199));
#4340 = CARTESIAN_POINT('',(0.458611595377,0.681501067977));
#4341 = CARTESIAN_POINT('',(0.45673297741,0.696501062682));
#4342 = CARTESIAN_POINT('',(0.455792283036,0.704001635547));
#4343 = CARTESIAN_POINT('',(0.45485041707,0.711501051082));
#4344 = CARTESIAN_POINT('',(0.452963898029,0.726501045733));
#4345 = CARTESIAN_POINT('',(0.452019243861,0.734001623767));
#4346 = CARTESIAN_POINT('',(0.451073411707,0.741501034005));
#4347 = CARTESIAN_POINT('',(0.449178941641,0.7565010286));
#4348 = CARTESIAN_POINT('',(0.44823030262,0.764001611856));
#4349 = CARTESIAN_POINT('',(0.447280479178,0.771501016745));
#4350 = CARTESIAN_POINT('',(0.445378007715,0.786501011283));
#4351 = CARTESIAN_POINT('',(0.44442535857,0.794001599813));
#4352 = CARTESIAN_POINT('',(0.443471518525,0.801500999297));
#4353 = CARTESIAN_POINT('',(0.441560994867,0.816500993779));
#4354 = CARTESIAN_POINT('',(0.440604310113,0.824001587634));
#4355 = CARTESIAN_POINT('',(0.439646427937,0.83150098166));
#4356 = CARTESIAN_POINT('',(0.437727800854,0.846500976083));
#4357 = CARTESIAN_POINT('',(0.436767054789,0.854001575319));
#4358 = CARTESIAN_POINT('',(0.435805104738,0.861500963831));
#4359 = CARTESIAN_POINT('',(0.433878322565,0.876500958195));
#4360 = CARTESIAN_POINT('',(0.432913489268,0.884001562866));
#4361 = CARTESIAN_POINT('',(0.431947445378,0.891500945807));
#4362 = CARTESIAN_POINT('',(0.43001245601,0.906500940112));
#4363 = CARTESIAN_POINT('',(0.42904350934,0.91400155027));
#4364 = CARTESIAN_POINT('',(0.428073345426,0.921500927585));
#4365 = CARTESIAN_POINT('',(0.426130096313,0.936500921829));
#4366 = CARTESIAN_POINT('',(0.425157009904,0.944001537532));
#4367 = CARTESIAN_POINT('',(0.424182699557,0.951500909163));
#4368 = CARTESIAN_POINT('',(0.421873105679,0.96925279061));
#4369 = CARTESIAN_POINT('',(0.420536754837,0.979504213605));
#4370 = CARTESIAN_POINT('',(0.41919810289,0.989753287716));
#4371 = CARTESIAN_POINT('',(0.417857142857,1.));
#4372 = ( GEOMETRIC_REPRESENTATION_CONTEXT(2) 
PARAMETRIC_REPRESENTATION_CONTEXT() REPRESENTATION_CONTEXT('2D SPACE',''
  ) );
#4373 = PCURVE('',#2557,#4374);
#4374 = DEFINITIONAL_REPRESENTATION('',(#4375),#4477);
#4375 = B_SPLINE_CURVE_WITH_KNOTS('',4,(#4376,#4377,#4378,#4379,#4380,
    #4381,#4382,#4383,#4384,#4385,#4386,#4387,#4388,#4389,#4390,#4391,
    #4392,#4393,#4394,#4395,#4396,#4397,#4398,#4399,#4400,#4401,#4402,
    #4403,#4404,#4405,#4406,#4407,#4408,#4409,#4410,#4411,#4412,#4413,
    #4414,#4415,#4416,#4417,#4418,#4419,#4420,#4421,#4422,#4423,#4424,
    #4425,#4426,#4427,#4428,#4429,#4430,#4431,#4432,#4433,#4434,#4435,
    #4436,#4437,#4438,#4439,#4440,#4441,#4442,#4443,#4444,#4445,#4446,
    #4447,#4448,#4449,#4450,#4451,#4452,#4453,#4454,#4455,#4456,#4457,
    #4458,#4459,#4460,#4461,#4462,#4463,#4464,#4465,#4466,#4467,#4468,
    #4469,#4470,#4471,#4472,#4473,#4474,#4475,#4476),.UNSPECIFIED.,.F.,
  .F.,(5,3,3,3,3,3,3,3,3,3,3,3,3,3,3,3,3,3,3,3,3,3,3,3,3,3,3,3,3,3,3,3,3
    ,5),(0.,2.979820932096E-02,5.960771701009E-02,8.942862717048E-02,
    0.119261045014,0.149105076875,0.178960830222,0.208828413673,
    0.238707937009,0.267602930046,0.297506259959,0.327421862413,
    0.357349851938,0.387290344297,0.417243456499,0.447209306818,
    0.477188014806,0.507179701305,0.537184488471,0.56720249978,
    0.597233860051,0.62727869546,0.657337133554,0.687409303271,
    0.717495334958,0.74759536038,0.777709512749,0.80783792673,
    0.837980738469,0.868138085601,0.898310107278,0.928496944178,
    0.958698738533,1.),.UNSPECIFIED.);
#4376 = CARTESIAN_POINT('',(0.,0.));
#4377 = CARTESIAN_POINT('',(1.125211055584E-03,-1.125211055584E-02));
#4378 = CARTESIAN_POINT('',(2.250281143325E-03,-2.250281143325E-02));
#4379 = CARTESIAN_POINT('',(3.375209690827E-03,-3.375209690827E-02));
#4380 = CARTESIAN_POINT('',(5.625209050137E-03,-5.625209050137E-02));
#4381 = CARTESIAN_POINT('',(6.750279753171E-03,-6.750279753171E-02));
#4382 = CARTESIAN_POINT('',(7.875207670112E-03,-7.875207670112E-02));
#4383 = CARTESIAN_POINT('',(1.012520702341E-02,-0.101252070234));
#4384 = CARTESIAN_POINT('',(1.125027835006E-02,-0.112502783501));
#4385 = CARTESIAN_POINT('',(1.237520562915E-02,-0.123752056292));
#4386 = CARTESIAN_POINT('',(1.462520497635E-02,-0.146252049763));
#4387 = CARTESIAN_POINT('',(1.57502769328E-02,-0.157502769328));
#4388 = CARTESIAN_POINT('',(1.687520356768E-02,-0.168752035677));
#4389 = CARTESIAN_POINT('',(1.912520290868E-02,-0.191252029087));
#4390 = CARTESIAN_POINT('',(2.025027550119E-02,-0.202502755012));
#4391 = CARTESIAN_POINT('',(2.137520148541E-02,-0.213752014854));
#4392 = CARTESIAN_POINT('',(2.362520082014E-02,-0.236252008201));
#4393 = CARTESIAN_POINT('',(2.475027405501E-02,-0.24750274055));
#4394 = CARTESIAN_POINT('',(2.587519938208E-02,-0.258751993821));
#4395 = CARTESIAN_POINT('',(2.812519871046E-02,-0.281251987105));
#4396 = CARTESIAN_POINT('',(2.925027259405E-02,-0.292502725941));
#4397 = CARTESIAN_POINT('',(3.03751972574E-02,-0.303751972574));
#4398 = CARTESIAN_POINT('',(3.262519657934E-02,-0.326251965793));
#4399 = CARTESIAN_POINT('',(3.375027111811E-02,-0.337502711181));
#4400 = CARTESIAN_POINT('',(3.48751951111E-02,-0.348751951111));
#4401 = CARTESIAN_POINT('',(3.708767952423E-02,-0.370876795242));
#4402 = CARTESIAN_POINT('',(3.81752497413E-02,-0.381752497413));
#4403 = CARTESIAN_POINT('',(3.92626780516E-02,-0.392626780516));
#4404 = CARTESIAN_POINT('',(4.14751923245E-02,-0.414751923245));
#4405 = CARTESIAN_POINT('',(4.260026817085E-02,-0.426002681708));
#4406 = CARTESIAN_POINT('',(4.372519082582E-02,-0.437251908258));
#4407 = CARTESIAN_POINT('',(4.59751901281E-02,-0.459751901281));
#4408 = CARTESIAN_POINT('',(4.710026664914E-02,-0.471002666491));
#4409 = CARTESIAN_POINT('',(4.822518861363E-02,-0.482251886136));
#4410 = CARTESIAN_POINT('',(5.04751879091E-02,-0.504751879091));
#4411 = CARTESIAN_POINT('',(5.160026511155E-02,-0.516002651115));
#4412 = CARTESIAN_POINT('',(5.272518637863E-02,-0.527251863786));
#4413 = CARTESIAN_POINT('',(5.497518566721E-02,-0.549751856672));
#4414 = CARTESIAN_POINT('',(5.610026355785E-02,-0.561002635578));
#4415 = CARTESIAN_POINT('',(5.722518412053E-02,-0.572251841205));
#4416 = CARTESIAN_POINT('',(5.94751834021E-02,-0.594751834021));
#4417 = CARTESIAN_POINT('',(6.060026198779E-02,-0.606002619878));
#4418 = CARTESIAN_POINT('',(6.172518183899E-02,-0.61725181839));
#4419 = CARTESIAN_POINT('',(6.397518111346E-02,-0.639751811135));
#4420 = CARTESIAN_POINT('',(6.510026040114E-02,-0.651002604011));
#4421 = CARTESIAN_POINT('',(6.622517953371E-02,-0.662251795337));
#4422 = CARTESIAN_POINT('',(6.847517880098E-02,-0.68475178801));
#4423 = CARTESIAN_POINT('',(6.960025879765E-02,-0.696002587977));
#4424 = CARTESIAN_POINT('',(7.072517720437E-02,-0.707251772044));
#4425 = CARTESIAN_POINT('',(7.297517646433E-02,-0.729751764643));
#4426 = CARTESIAN_POINT('',(7.410025717707E-02,-0.741002571771));
#4427 = CARTESIAN_POINT('',(7.522517485062E-02,-0.752251748506));
#4428 = CARTESIAN_POINT('',(7.747517410317E-02,-0.774751741032));
#4429 = CARTESIAN_POINT('',(7.860025553913E-02,-0.786002555391));
#4430 = CARTESIAN_POINT('',(7.972517247213E-02,-0.797251724721));
#4431 = CARTESIAN_POINT('',(8.197517171717E-02,-0.819751717172));
#4432 = CARTESIAN_POINT('',(8.310025388357E-02,-0.831002538836));
#4433 = CARTESIAN_POINT('',(8.422517006858E-02,-0.842251700686));
#4434 = CARTESIAN_POINT('',(8.647516930599E-02,-0.86475169306));
#4435 = CARTESIAN_POINT('',(8.760025221014E-02,-0.876002522101));
#4436 = CARTESIAN_POINT('',(8.87251676396E-02,-0.887251676396));
#4437 = CARTESIAN_POINT('',(9.097516686927E-02,-0.909751668693));
#4438 = CARTESIAN_POINT('',(9.210025051854E-02,-0.921002505185));
#4439 = CARTESIAN_POINT('',(9.322516518484E-02,-0.932251651848));
#4440 = CARTESIAN_POINT('',(9.547516440666E-02,-0.954751644067));
#4441 = CARTESIAN_POINT('',(9.660024880852E-02,-0.966002488085));
#4442 = CARTESIAN_POINT('',(9.772516270395E-02,-0.97725162704));
#4443 = CARTESIAN_POINT('',(9.997516191781E-02,-0.999751619178));
#4444 = CARTESIAN_POINT('',(0.10110024708,-1.011002470798));
#4445 = CARTESIAN_POINT('',(0.102225160197,-1.022251601966));
#4446 = CARTESIAN_POINT('',(0.104475159402,-1.044751594023));
#4447 = CARTESIAN_POINT('',(0.105600245332,-1.056002453321));
#4448 = CARTESIAN_POINT('',(0.106725157662,-1.067251576623));
#4449 = CARTESIAN_POINT('',(0.10897515686,-1.089751568599));
#4450 = CARTESIAN_POINT('',(0.110100243565,-1.10100243565));
#4451 = CARTESIAN_POINT('',(0.111225155101,-1.112251551008));
#4452 = CARTESIAN_POINT('',(0.11347515429,-1.134751542901));
#4453 = CARTESIAN_POINT('',(0.114600241778,-1.146002417784));
#4454 = CARTESIAN_POINT('',(0.115725152512,-1.157251525117));
#4455 = CARTESIAN_POINT('',(0.117975151692,-1.179751516925));
#4456 = CARTESIAN_POINT('',(0.119100239972,-1.191002399719));
#4457 = CARTESIAN_POINT('',(0.120225149895,-1.202251498945));
#4458 = CARTESIAN_POINT('',(0.122475149067,-1.224751490668));
#4459 = CARTESIAN_POINT('',(0.123600238145,-1.236002381452));
#4460 = CARTESIAN_POINT('',(0.124725147249,-1.24725147249));
#4461 = CARTESIAN_POINT('',(0.126975146413,-1.269751464125));
#4462 = CARTESIAN_POINT('',(0.128100236298,-1.281002362979));
#4463 = CARTESIAN_POINT('',(0.129225144575,-1.292251445746));
#4464 = CARTESIAN_POINT('',(0.131475143729,-1.314751437293));
#4465 = CARTESIAN_POINT('',(0.13260023443,-1.326002344298));
#4466 = CARTESIAN_POINT('',(0.133725141871,-1.33725141871));
#4467 = CARTESIAN_POINT('',(0.135975141017,-1.359751410167));
#4468 = CARTESIAN_POINT('',(0.137100232541,-1.371002325406));
#4469 = CARTESIAN_POINT('',(0.138225139138,-1.382251391377));
#4470 = CARTESIAN_POINT('',(0.140475138274,-1.404751382744));
#4471 = CARTESIAN_POINT('',(0.14160023063,-1.416002306298));
#4472 = CARTESIAN_POINT('',(0.142725136374,-1.427251363744));
#4473 = CARTESIAN_POINT('',(0.145387918591,-1.453879185914));
#4474 = CARTESIAN_POINT('',(0.146925632041,-1.469256320407));
#4475 = CARTESIAN_POINT('',(0.148462993157,-1.484629931574));
#4476 = CARTESIAN_POINT('',(0.15,-1.5));
#4477 = ( GEOMETRIC_REPRESENTATION_CONTEXT(2) 
PARAMETRIC_REPRESENTATION_CONTEXT() REPRESENTATION_CONTEXT('2D SPACE',''
  ) );
#4478 = ORIENTED_EDGE('',*,*,#4479,.F.);
#4479 = EDGE_CURVE('',#4480,#4163,#4482,.T.);
#4480 = VERTEX_POINT('',#4481);
#4481 = CARTESIAN_POINT('',(3.54,4.E-02,0.4));
#4482 = SURFACE_CURVE('',#4483,(#4585,#4690),.PCURVE_S1.);
#4483 = B_SPLINE_CURVE_WITH_KNOTS('',4,(#4484,#4485,#4486,#4487,#4488,
    #4489,#4490,#4491,#4492,#4493,#4494,#4495,#4496,#4497,#4498,#4499,
    #4500,#4501,#4502,#4503,#4504,#4505,#4506,#4507,#4508,#4509,#4510,
    #4511,#4512,#4513,#4514,#4515,#4516,#4517,#4518,#4519,#4520,#4521,
    #4522,#4523,#4524,#4525,#4526,#4527,#4528,#4529,#4530,#4531,#4532,
    #4533,#4534,#4535,#4536,#4537,#4538,#4539,#4540,#4541,#4542,#4543,
    #4544,#4545,#4546,#4547,#4548,#4549,#4550,#4551,#4552,#4553,#4554,
    #4555,#4556,#4557,#4558,#4559,#4560,#4561,#4562,#4563,#4564,#4565,
    #4566,#4567,#4568,#4569,#4570,#4571,#4572,#4573,#4574,#4575,#4576,
    #4577,#4578,#4579,#4580,#4581,#4582,#4583,#4584),.UNSPECIFIED.,.F.,
  .F.,(5,3,3,3,3,3,3,3,3,3,3,3,3,3,3,3,3,3,3,3,3,3,3,3,3,3,3,3,3,3,3,3,3
    ,5),(0.,3.000000000001E-02,6.000000000002E-02,9.000000000004E-02,
    0.12,0.15,0.18,0.21,0.24,0.27,0.3,0.33,0.36,0.39,0.42,0.45,0.48,0.51
    ,0.54,0.57,0.6,0.63,0.66,0.69,0.72,0.75,0.78,0.809,0.839,0.869,0.898
    ,0.928,0.958,1.),.UNSPECIFIED.);
#4484 = CARTESIAN_POINT('',(4.E-02,4.E-02,0.4));
#4485 = CARTESIAN_POINT('',(7.315E-02,4.E-02,0.4));
#4486 = CARTESIAN_POINT('',(0.1063,4.E-02,0.4));
#4487 = CARTESIAN_POINT('',(0.13945,4.E-02,0.4));
#4488 = CARTESIAN_POINT('',(0.20575,4.E-02,0.4));
#4489 = CARTESIAN_POINT('',(0.2389,4.E-02,0.4));
#4490 = CARTESIAN_POINT('',(0.27205,4.E-02,0.4));
#4491 = CARTESIAN_POINT('',(0.33835,4.E-02,0.4));
#4492 = CARTESIAN_POINT('',(0.3715,4.E-02,0.4));
#4493 = CARTESIAN_POINT('',(0.40465,4.E-02,0.4));
#4494 = CARTESIAN_POINT('',(0.47095,4.E-02,0.4));
#4495 = CARTESIAN_POINT('',(0.5041,4.E-02,0.4));
#4496 = CARTESIAN_POINT('',(0.53725,4.E-02,0.4));
#4497 = CARTESIAN_POINT('',(0.60355,4.E-02,0.4));
#4498 = CARTESIAN_POINT('',(0.6367,4.E-02,0.4));
#4499 = CARTESIAN_POINT('',(0.66985,4.E-02,0.4));
#4500 = CARTESIAN_POINT('',(0.73615,4.E-02,0.4));
#4501 = CARTESIAN_POINT('',(0.7693,4.E-02,0.4));
#4502 = CARTESIAN_POINT('',(0.80245,4.E-02,0.4));
#4503 = CARTESIAN_POINT('',(0.86875,4.E-02,0.4));
#4504 = CARTESIAN_POINT('',(0.9019,4.E-02,0.4));
#4505 = CARTESIAN_POINT('',(0.93505,4.E-02,0.4));
#4506 = CARTESIAN_POINT('',(1.00135,4.E-02,0.4));
#4507 = CARTESIAN_POINT('',(1.0345,4.E-02,0.4));
#4508 = CARTESIAN_POINT('',(1.06765,4.E-02,0.4));
#4509 = CARTESIAN_POINT('',(1.13395,4.E-02,0.4));
#4510 = CARTESIAN_POINT('',(1.1671,4.E-02,0.4));
#4511 = CARTESIAN_POINT('',(1.20025,4.E-02,0.4));
#4512 = CARTESIAN_POINT('',(1.26655,4.E-02,0.4));
#4513 = CARTESIAN_POINT('',(1.2997,4.E-02,0.4));
#4514 = CARTESIAN_POINT('',(1.33285,4.E-02,0.4));
#4515 = CARTESIAN_POINT('',(1.39915,4.E-02,0.4));
#4516 = CARTESIAN_POINT('',(1.4323,4.E-02,0.4));
#4517 = CARTESIAN_POINT('',(1.46545,4.E-02,0.4));
#4518 = CARTESIAN_POINT('',(1.53175,4.E-02,0.4));
#4519 = CARTESIAN_POINT('',(1.5649,4.E-02,0.4));
#4520 = CARTESIAN_POINT('',(1.59805,4.E-02,0.4));
#4521 = CARTESIAN_POINT('',(1.66435,4.E-02,0.4));
#4522 = CARTESIAN_POINT('',(1.6975,4.E-02,0.4));
#4523 = CARTESIAN_POINT('',(1.73065,4.E-02,0.4));
#4524 = CARTESIAN_POINT('',(1.79695,4.E-02,0.4));
#4525 = CARTESIAN_POINT('',(1.8301,4.E-02,0.4));
#4526 = CARTESIAN_POINT('',(1.86325,4.E-02,0.4));
#4527 = CARTESIAN_POINT('',(1.92955,4.E-02,0.4));
#4528 = CARTESIAN_POINT('',(1.9627,4.E-02,0.4));
#4529 = CARTESIAN_POINT('',(1.99585,4.E-02,0.4));
#4530 = CARTESIAN_POINT('',(2.06215,4.E-02,0.4));
#4531 = CARTESIAN_POINT('',(2.0953,4.E-02,0.4));
#4532 = CARTESIAN_POINT('',(2.12845,4.E-02,0.4));
#4533 = CARTESIAN_POINT('',(2.19475,4.E-02,0.4));
#4534 = CARTESIAN_POINT('',(2.2279,4.E-02,0.4));
#4535 = CARTESIAN_POINT('',(2.26105,4.E-02,0.4));
#4536 = CARTESIAN_POINT('',(2.32735,4.E-02,0.4));
#4537 = CARTESIAN_POINT('',(2.3605,4.E-02,0.4));
#4538 = CARTESIAN_POINT('',(2.39365,4.E-02,0.4));
#4539 = CARTESIAN_POINT('',(2.45995,4.E-02,0.4));
#4540 = CARTESIAN_POINT('',(2.4931,4.E-02,0.4));
#4541 = CARTESIAN_POINT('',(2.52625,4.E-02,0.4));
#4542 = CARTESIAN_POINT('',(2.59255,4.E-02,0.4));
#4543 = CARTESIAN_POINT('',(2.6257,4.E-02,0.4));
#4544 = CARTESIAN_POINT('',(2.65885,4.E-02,0.4));
#4545 = CARTESIAN_POINT('',(2.72515,4.E-02,0.4));
#4546 = CARTESIAN_POINT('',(2.7583,4.E-02,0.4));
#4547 = CARTESIAN_POINT('',(2.79145,4.E-02,0.4));
#4548 = CARTESIAN_POINT('',(2.85775,4.E-02,0.4));
#4549 = CARTESIAN_POINT('',(2.8909,4.E-02,0.4));
#4550 = CARTESIAN_POINT('',(2.92405,4.E-02,0.4));
#4551 = CARTESIAN_POINT('',(2.99035,4.E-02,0.4));
#4552 = CARTESIAN_POINT('',(3.0235,4.E-02,0.4));
#4553 = CARTESIAN_POINT('',(3.05665,4.E-02,0.4));
#4554 = CARTESIAN_POINT('',(3.12295,4.E-02,0.4));
#4555 = CARTESIAN_POINT('',(3.1561,4.E-02,0.4));
#4556 = CARTESIAN_POINT('',(3.18925,4.E-02,0.4));
#4557 = CARTESIAN_POINT('',(3.25555,4.E-02,0.4));
#4558 = CARTESIAN_POINT('',(3.2887,4.E-02,0.4));
#4559 = CARTESIAN_POINT('',(3.32185,4.E-02,0.4));
#4560 = CARTESIAN_POINT('',(3.38815,4.E-02,0.4));
#4561 = CARTESIAN_POINT('',(3.4213,4.E-02,0.4));
#4562 = CARTESIAN_POINT('',(3.45445,4.E-02,0.4));
#4563 = CARTESIAN_POINT('',(3.519645,4.E-02,0.4));
#4564 = CARTESIAN_POINT('',(3.55169,4.E-02,0.4));
#4565 = CARTESIAN_POINT('',(3.583735,4.E-02,0.4));
#4566 = CARTESIAN_POINT('',(3.64893,4.E-02,0.4));
#4567 = CARTESIAN_POINT('',(3.68208,4.E-02,0.4));
#4568 = CARTESIAN_POINT('',(3.71523,4.E-02,0.4));
#4569 = CARTESIAN_POINT('',(3.78153,4.E-02,0.4));
#4570 = CARTESIAN_POINT('',(3.81468,4.E-02,0.4));
#4571 = CARTESIAN_POINT('',(3.84783,4.E-02,0.4));
#4572 = CARTESIAN_POINT('',(3.913025,4.E-02,0.4));
#4573 = CARTESIAN_POINT('',(3.94507,4.E-02,0.4));
#4574 = CARTESIAN_POINT('',(3.977115,4.E-02,0.4));
#4575 = CARTESIAN_POINT('',(4.04231,4.E-02,0.4));
#4576 = CARTESIAN_POINT('',(4.07546,4.E-02,0.4));
#4577 = CARTESIAN_POINT('',(4.10861,4.E-02,0.4));
#4578 = CARTESIAN_POINT('',(4.17491,4.E-02,0.4));
#4579 = CARTESIAN_POINT('',(4.20806,4.E-02,0.4));
#4580 = CARTESIAN_POINT('',(4.24121,4.E-02,0.4));
#4581 = CARTESIAN_POINT('',(4.32077,4.E-02,0.4));
#4582 = CARTESIAN_POINT('',(4.36718,4.E-02,0.4));
#4583 = CARTESIAN_POINT('',(4.41359,4.E-02,0.4));
#4584 = CARTESIAN_POINT('',(4.46,4.E-02,0.4));
#4585 = PCURVE('',#2473,#4586);
#4586 = DEFINITIONAL_REPRESENTATION('',(#4587),#4689);
#4587 = B_SPLINE_CURVE_WITH_KNOTS('',4,(#4588,#4589,#4590,#4591,#4592,
    #4593,#4594,#4595,#4596,#4597,#4598,#4599,#4600,#4601,#4602,#4603,
    #4604,#4605,#4606,#4607,#4608,#4609,#4610,#4611,#4612,#4613,#4614,
    #4615,#4616,#4617,#4618,#4619,#4620,#4621,#4622,#4623,#4624,#4625,
    #4626,#4627,#4628,#4629,#4630,#4631,#4632,#4633,#4634,#4635,#4636,
    #4637,#4638,#4639,#4640,#4641,#4642,#4643,#4644,#4645,#4646,#4647,
    #4648,#4649,#4650,#4651,#4652,#4653,#4654,#4655,#4656,#4657,#4658,
    #4659,#4660,#4661,#4662,#4663,#4664,#4665,#4666,#4667,#4668,#4669,
    #4670,#4671,#4672,#4673,#4674,#4675,#4676,#4677,#4678,#4679,#4680,
    #4681,#4682,#4683,#4684,#4685,#4686,#4687,#4688),.UNSPECIFIED.,.F.,
  .F.,(5,3,3,3,3,3,3,3,3,3,3,3,3,3,3,3,3,3,3,3,3,3,3,3,3,3,3,3,3,3,3,3,3
    ,5),(0.,3.000000000001E-02,6.000000000002E-02,9.000000000004E-02,
    0.12,0.15,0.18,0.21,0.24,0.27,0.3,0.33,0.36,0.39,0.42,0.45,0.48,0.51
    ,0.54,0.57,0.6,0.63,0.66,0.69,0.72,0.75,0.78,0.809,0.839,0.869,0.898
    ,0.928,0.958,1.),.UNSPECIFIED.);
#4588 = CARTESIAN_POINT('',(4.5,0.266666666667));
#4589 = CARTESIAN_POINT('',(4.46625,0.266666666667));
#4590 = CARTESIAN_POINT('',(4.4325,0.266666666667));
#4591 = CARTESIAN_POINT('',(4.39875,0.266666666667));
#4592 = CARTESIAN_POINT('',(4.33125,0.266666666667));
#4593 = CARTESIAN_POINT('',(4.2975,0.266666666667));
#4594 = CARTESIAN_POINT('',(4.26375,0.266666666667));
#4595 = CARTESIAN_POINT('',(4.19625,0.266666666667));
#4596 = CARTESIAN_POINT('',(4.1625,0.266666666667));
#4597 = CARTESIAN_POINT('',(4.12875,0.266666666667));
#4598 = CARTESIAN_POINT('',(4.06125,0.266666666667));
#4599 = CARTESIAN_POINT('',(4.0275,0.266666666667));
#4600 = CARTESIAN_POINT('',(3.99375,0.266666666667));
#4601 = CARTESIAN_POINT('',(3.92625,0.266666666667));
#4602 = CARTESIAN_POINT('',(3.8925,0.266666666667));
#4603 = CARTESIAN_POINT('',(3.85875,0.266666666667));
#4604 = CARTESIAN_POINT('',(3.79125,0.266666666667));
#4605 = CARTESIAN_POINT('',(3.7575,0.266666666667));
#4606 = CARTESIAN_POINT('',(3.72375,0.266666666667));
#4607 = CARTESIAN_POINT('',(3.65625,0.266666666667));
#4608 = CARTESIAN_POINT('',(3.6225,0.266666666667));
#4609 = CARTESIAN_POINT('',(3.58875,0.266666666667));
#4610 = CARTESIAN_POINT('',(3.52125,0.266666666667));
#4611 = CARTESIAN_POINT('',(3.4875,0.266666666667));
#4612 = CARTESIAN_POINT('',(3.45375,0.266666666667));
#4613 = CARTESIAN_POINT('',(3.38625,0.266666666667));
#4614 = CARTESIAN_POINT('',(3.3525,0.266666666667));
#4615 = CARTESIAN_POINT('',(3.31875,0.266666666667));
#4616 = CARTESIAN_POINT('',(3.25125,0.266666666667));
#4617 = CARTESIAN_POINT('',(3.2175,0.266666666667));
#4618 = CARTESIAN_POINT('',(3.18375,0.266666666667));
#4619 = CARTESIAN_POINT('',(3.11625,0.266666666667));
#4620 = CARTESIAN_POINT('',(3.0825,0.266666666667));
#4621 = CARTESIAN_POINT('',(3.04875,0.266666666667));
#4622 = CARTESIAN_POINT('',(2.98125,0.266666666667));
#4623 = CARTESIAN_POINT('',(2.9475,0.266666666667));
#4624 = CARTESIAN_POINT('',(2.91375,0.266666666667));
#4625 = CARTESIAN_POINT('',(2.84625,0.266666666667));
#4626 = CARTESIAN_POINT('',(2.8125,0.266666666667));
#4627 = CARTESIAN_POINT('',(2.77875,0.266666666667));
#4628 = CARTESIAN_POINT('',(2.71125,0.266666666667));
#4629 = CARTESIAN_POINT('',(2.6775,0.266666666667));
#4630 = CARTESIAN_POINT('',(2.64375,0.266666666667));
#4631 = CARTESIAN_POINT('',(2.57625,0.266666666667));
#4632 = CARTESIAN_POINT('',(2.5425,0.266666666667));
#4633 = CARTESIAN_POINT('',(2.50875,0.266666666667));
#4634 = CARTESIAN_POINT('',(2.44125,0.266666666667));
#4635 = CARTESIAN_POINT('',(2.4075,0.266666666667));
#4636 = CARTESIAN_POINT('',(2.37375,0.266666666667));
#4637 = CARTESIAN_POINT('',(2.30625,0.266666666667));
#4638 = CARTESIAN_POINT('',(2.2725,0.266666666667));
#4639 = CARTESIAN_POINT('',(2.23875,0.266666666667));
#4640 = CARTESIAN_POINT('',(2.17125,0.266666666667));
#4641 = CARTESIAN_POINT('',(2.1375,0.266666666667));
#4642 = CARTESIAN_POINT('',(2.10375,0.266666666667));
#4643 = CARTESIAN_POINT('',(2.03625,0.266666666667));
#4644 = CARTESIAN_POINT('',(2.0025,0.266666666667));
#4645 = CARTESIAN_POINT('',(1.96875,0.266666666667));
#4646 = CARTESIAN_POINT('',(1.90125,0.266666666667));
#4647 = CARTESIAN_POINT('',(1.8675,0.266666666667));
#4648 = CARTESIAN_POINT('',(1.83375,0.266666666667));
#4649 = CARTESIAN_POINT('',(1.76625,0.266666666667));
#4650 = CARTESIAN_POINT('',(1.7325,0.266666666667));
#4651 = CARTESIAN_POINT('',(1.69875,0.266666666667));
#4652 = CARTESIAN_POINT('',(1.63125,0.266666666667));
#4653 = CARTESIAN_POINT('',(1.5975,0.266666666667));
#4654 = CARTESIAN_POINT('',(1.56375,0.266666666667));
#4655 = CARTESIAN_POINT('',(1.49625,0.266666666667));
#4656 = CARTESIAN_POINT('',(1.4625,0.266666666667));
#4657 = CARTESIAN_POINT('',(1.42875,0.266666666667));
#4658 = CARTESIAN_POINT('',(1.36125,0.266666666667));
#4659 = CARTESIAN_POINT('',(1.3275,0.266666666667));
#4660 = CARTESIAN_POINT('',(1.29375,0.266666666667));
#4661 = CARTESIAN_POINT('',(1.22625,0.266666666667));
#4662 = CARTESIAN_POINT('',(1.1925,0.266666666667));
#4663 = CARTESIAN_POINT('',(1.15875,0.266666666667));
#4664 = CARTESIAN_POINT('',(1.09125,0.266666666667));
#4665 = CARTESIAN_POINT('',(1.0575,0.266666666667));
#4666 = CARTESIAN_POINT('',(1.02375,0.266666666667));
#4667 = CARTESIAN_POINT('',(0.957375,0.266666666667));
#4668 = CARTESIAN_POINT('',(0.92475,0.266666666667));
#4669 = CARTESIAN_POINT('',(0.892125,0.266666666667));
#4670 = CARTESIAN_POINT('',(0.82575,0.266666666667));
#4671 = CARTESIAN_POINT('',(0.792,0.266666666667));
#4672 = CARTESIAN_POINT('',(0.75825,0.266666666667));
#4673 = CARTESIAN_POINT('',(0.69075,0.266666666667));
#4674 = CARTESIAN_POINT('',(0.657,0.266666666667));
#4675 = CARTESIAN_POINT('',(0.62325,0.266666666667));
#4676 = CARTESIAN_POINT('',(0.556875,0.266666666667));
#4677 = CARTESIAN_POINT('',(0.52425,0.266666666667));
#4678 = CARTESIAN_POINT('',(0.491625,0.266666666667));
#4679 = CARTESIAN_POINT('',(0.42525,0.266666666667));
#4680 = CARTESIAN_POINT('',(0.3915,0.266666666667));
#4681 = CARTESIAN_POINT('',(0.35775,0.266666666667));
#4682 = CARTESIAN_POINT('',(0.29025,0.266666666667));
#4683 = CARTESIAN_POINT('',(0.2565,0.266666666667));
#4684 = CARTESIAN_POINT('',(0.22275,0.266666666667));
#4685 = CARTESIAN_POINT('',(0.14175,0.266666666667));
#4686 = CARTESIAN_POINT('',(9.449999999996E-02,0.266666666667));
#4687 = CARTESIAN_POINT('',(4.724999999998E-02,0.266666666667));
#4688 = CARTESIAN_POINT('',(0.,0.266666666667));
#4689 = ( GEOMETRIC_REPRESENTATION_CONTEXT(2) 
PARAMETRIC_REPRESENTATION_CONTEXT() REPRESENTATION_CONTEXT('2D SPACE',''
  ) );
#4690 = PCURVE('',#4691,#4696);
#4691 = PLANE('',#4692);
#4692 = AXIS2_PLACEMENT_3D('',#4693,#4694,#4695);
#4693 = CARTESIAN_POINT('',(3.54,0.,0.4));
#4694 = DIRECTION('',(0.,0.,-1.));
#4695 = DIRECTION('',(-1.,0.,0.));
#4696 = DEFINITIONAL_REPRESENTATION('',(#4697),#4799);
#4697 = B_SPLINE_CURVE_WITH_KNOTS('',4,(#4698,#4699,#4700,#4701,#4702,
    #4703,#4704,#4705,#4706,#4707,#4708,#4709,#4710,#4711,#4712,#4713,
    #4714,#4715,#4716,#4717,#4718,#4719,#4720,#4721,#4722,#4723,#4724,
    #4725,#4726,#4727,#4728,#4729,#4730,#4731,#4732,#4733,#4734,#4735,
    #4736,#4737,#4738,#4739,#4740,#4741,#4742,#4743,#4744,#4745,#4746,
    #4747,#4748,#4749,#4750,#4751,#4752,#4753,#4754,#4755,#4756,#4757,
    #4758,#4759,#4760,#4761,#4762,#4763,#4764,#4765,#4766,#4767,#4768,
    #4769,#4770,#4771,#4772,#4773,#4774,#4775,#4776,#4777,#4778,#4779,
    #4780,#4781,#4782,#4783,#4784,#4785,#4786,#4787,#4788,#4789,#4790,
    #4791,#4792,#4793,#4794,#4795,#4796,#4797,#4798),.UNSPECIFIED.,.F.,
  .F.,(5,3,3,3,3,3,3,3,3,3,3,3,3,3,3,3,3,3,3,3,3,3,3,3,3,3,3,3,3,3,3,3,3
    ,5),(0.,3.000000000001E-02,6.000000000002E-02,9.000000000004E-02,
    0.12,0.15,0.18,0.21,0.24,0.27,0.3,0.33,0.36,0.39,0.42,0.45,0.48,0.51
    ,0.54,0.57,0.6,0.63,0.66,0.69,0.72,0.75,0.78,0.809,0.839,0.869,0.898
    ,0.928,0.958,1.),.UNSPECIFIED.);
#4698 = CARTESIAN_POINT('',(3.5,4.E-02));
#4699 = CARTESIAN_POINT('',(3.46685,4.E-02));
#4700 = CARTESIAN_POINT('',(3.4337,4.E-02));
#4701 = CARTESIAN_POINT('',(3.40055,4.E-02));
#4702 = CARTESIAN_POINT('',(3.33425,4.E-02));
#4703 = CARTESIAN_POINT('',(3.3011,4.E-02));
#4704 = CARTESIAN_POINT('',(3.26795,4.E-02));
#4705 = CARTESIAN_POINT('',(3.20165,4.E-02));
#4706 = CARTESIAN_POINT('',(3.1685,4.E-02));
#4707 = CARTESIAN_POINT('',(3.13535,4.E-02));
#4708 = CARTESIAN_POINT('',(3.06905,4.E-02));
#4709 = CARTESIAN_POINT('',(3.0359,4.E-02));
#4710 = CARTESIAN_POINT('',(3.00275,4.E-02));
#4711 = CARTESIAN_POINT('',(2.93645,4.E-02));
#4712 = CARTESIAN_POINT('',(2.9033,4.E-02));
#4713 = CARTESIAN_POINT('',(2.87015,4.E-02));
#4714 = CARTESIAN_POINT('',(2.80385,4.E-02));
#4715 = CARTESIAN_POINT('',(2.7707,4.E-02));
#4716 = CARTESIAN_POINT('',(2.73755,4.E-02));
#4717 = CARTESIAN_POINT('',(2.67125,4.E-02));
#4718 = CARTESIAN_POINT('',(2.6381,4.E-02));
#4719 = CARTESIAN_POINT('',(2.60495,4.E-02));
#4720 = CARTESIAN_POINT('',(2.53865,4.E-02));
#4721 = CARTESIAN_POINT('',(2.5055,4.E-02));
#4722 = CARTESIAN_POINT('',(2.47235,4.E-02));
#4723 = CARTESIAN_POINT('',(2.40605,4.E-02));
#4724 = CARTESIAN_POINT('',(2.3729,4.E-02));
#4725 = CARTESIAN_POINT('',(2.33975,4.E-02));
#4726 = CARTESIAN_POINT('',(2.27345,4.E-02));
#4727 = CARTESIAN_POINT('',(2.2403,4.E-02));
#4728 = CARTESIAN_POINT('',(2.20715,4.E-02));
#4729 = CARTESIAN_POINT('',(2.14085,4.E-02));
#4730 = CARTESIAN_POINT('',(2.1077,4.E-02));
#4731 = CARTESIAN_POINT('',(2.07455,4.E-02));
#4732 = CARTESIAN_POINT('',(2.00825,4.E-02));
#4733 = CARTESIAN_POINT('',(1.9751,4.E-02));
#4734 = CARTESIAN_POINT('',(1.94195,4.E-02));
#4735 = CARTESIAN_POINT('',(1.87565,4.E-02));
#4736 = CARTESIAN_POINT('',(1.8425,4.E-02));
#4737 = CARTESIAN_POINT('',(1.80935,4.E-02));
#4738 = CARTESIAN_POINT('',(1.74305,4.E-02));
#4739 = CARTESIAN_POINT('',(1.7099,4.E-02));
#4740 = CARTESIAN_POINT('',(1.67675,4.E-02));
#4741 = CARTESIAN_POINT('',(1.61045,4.E-02));
#4742 = CARTESIAN_POINT('',(1.5773,4.E-02));
#4743 = CARTESIAN_POINT('',(1.54415,4.E-02));
#4744 = CARTESIAN_POINT('',(1.47785,4.E-02));
#4745 = CARTESIAN_POINT('',(1.4447,4.E-02));
#4746 = CARTESIAN_POINT('',(1.41155,4.E-02));
#4747 = CARTESIAN_POINT('',(1.34525,4.E-02));
#4748 = CARTESIAN_POINT('',(1.3121,4.E-02));
#4749 = CARTESIAN_POINT('',(1.27895,4.E-02));
#4750 = CARTESIAN_POINT('',(1.21265,4.E-02));
#4751 = CARTESIAN_POINT('',(1.1795,4.E-02));
#4752 = CARTESIAN_POINT('',(1.14635,4.E-02));
#4753 = CARTESIAN_POINT('',(1.08005,4.E-02));
#4754 = CARTESIAN_POINT('',(1.0469,4.E-02));
#4755 = CARTESIAN_POINT('',(1.01375,4.E-02));
#4756 = CARTESIAN_POINT('',(0.94745,4.E-02));
#4757 = CARTESIAN_POINT('',(0.9143,4.E-02));
#4758 = CARTESIAN_POINT('',(0.88115,4.E-02));
#4759 = CARTESIAN_POINT('',(0.81485,4.E-02));
#4760 = CARTESIAN_POINT('',(0.7817,4.E-02));
#4761 = CARTESIAN_POINT('',(0.74855,4.E-02));
#4762 = CARTESIAN_POINT('',(0.68225,4.E-02));
#4763 = CARTESIAN_POINT('',(0.6491,4.E-02));
#4764 = CARTESIAN_POINT('',(0.61595,4.E-02));
#4765 = CARTESIAN_POINT('',(0.54965,4.E-02));
#4766 = CARTESIAN_POINT('',(0.5165,4.E-02));
#4767 = CARTESIAN_POINT('',(0.48335,4.E-02));
#4768 = CARTESIAN_POINT('',(0.41705,4.E-02));
#4769 = CARTESIAN_POINT('',(0.3839,4.E-02));
#4770 = CARTESIAN_POINT('',(0.35075,4.E-02));
#4771 = CARTESIAN_POINT('',(0.28445,4.E-02));
#4772 = CARTESIAN_POINT('',(0.2513,4.E-02));
#4773 = CARTESIAN_POINT('',(0.21815,4.E-02));
#4774 = CARTESIAN_POINT('',(0.15185,4.E-02));
#4775 = CARTESIAN_POINT('',(0.1187,4.E-02));
#4776 = CARTESIAN_POINT('',(8.554999999992E-02,4.E-02));
#4777 = CARTESIAN_POINT('',(2.035499999992E-02,4.E-02));
#4778 = CARTESIAN_POINT('',(-1.169000000008E-02,4.E-02));
#4779 = CARTESIAN_POINT('',(-4.373500000008E-02,4.E-02));
#4780 = CARTESIAN_POINT('',(-0.10893,4.E-02));
#4781 = CARTESIAN_POINT('',(-0.14208,4.E-02));
#4782 = CARTESIAN_POINT('',(-0.17523,4.E-02));
#4783 = CARTESIAN_POINT('',(-0.24153,4.E-02));
#4784 = CARTESIAN_POINT('',(-0.27468,4.E-02));
#4785 = CARTESIAN_POINT('',(-0.30783,4.E-02));
#4786 = CARTESIAN_POINT('',(-0.373025,4.E-02));
#4787 = CARTESIAN_POINT('',(-0.40507,4.E-02));
#4788 = CARTESIAN_POINT('',(-0.437115,4.E-02));
#4789 = CARTESIAN_POINT('',(-0.50231,4.E-02));
#4790 = CARTESIAN_POINT('',(-0.53546,4.E-02));
#4791 = CARTESIAN_POINT('',(-0.56861,4.E-02));
#4792 = CARTESIAN_POINT('',(-0.63491,4.E-02));
#4793 = CARTESIAN_POINT('',(-0.66806,4.E-02));
#4794 = CARTESIAN_POINT('',(-0.70121,4.E-02));
#4795 = CARTESIAN_POINT('',(-0.78077,4.E-02));
#4796 = CARTESIAN_POINT('',(-0.82718,4.E-02));
#4797 = CARTESIAN_POINT('',(-0.87359,4.E-02));
#4798 = CARTESIAN_POINT('',(-0.92,4.E-02));
#4799 = ( GEOMETRIC_REPRESENTATION_CONTEXT(2) 
PARAMETRIC_REPRESENTATION_CONTEXT() REPRESENTATION_CONTEXT('2D SPACE',''
  ) );
#4800 = ORIENTED_EDGE('',*,*,#4801,.F.);
#4801 = EDGE_CURVE('',#2458,#4480,#4802,.T.);
#4802 = SURFACE_CURVE('',#4803,(#4905,#5010),.PCURVE_S1.);
#4803 = B_SPLINE_CURVE_WITH_KNOTS('',4,(#4804,#4805,#4806,#4807,#4808,
    #4809,#4810,#4811,#4812,#4813,#4814,#4815,#4816,#4817,#4818,#4819,
    #4820,#4821,#4822,#4823,#4824,#4825,#4826,#4827,#4828,#4829,#4830,
    #4831,#4832,#4833,#4834,#4835,#4836,#4837,#4838,#4839,#4840,#4841,
    #4842,#4843,#4844,#4845,#4846,#4847,#4848,#4849,#4850,#4851,#4852,
    #4853,#4854,#4855,#4856,#4857,#4858,#4859,#4860,#4861,#4862,#4863,
    #4864,#4865,#4866,#4867,#4868,#4869,#4870,#4871,#4872,#4873,#4874,
    #4875,#4876,#4877,#4878,#4879,#4880,#4881,#4882,#4883,#4884,#4885,
    #4886,#4887,#4888,#4889,#4890,#4891,#4892,#4893,#4894,#4895,#4896,
    #4897,#4898,#4899,#4900,#4901,#4902,#4903,#4904),.UNSPECIFIED.,.F.,
  .F.,(5,3,3,3,3,3,3,3,3,3,3,3,3,3,3,3,3,3,3,3,3,3,3,3,3,3,3,3,3,3,3,3,3
    ,5),(0.,2.979822027859E-02,5.960773904229E-02,8.94286603957E-02,
    0.119261089552,0.149105132848,0.178960897753,0.208828492886,
    0.238708028031,0.267603032605,0.297506374581,0.327421989229,
    0.357349991081,0.387290495901,0.417243620703,0.447209483759,
    0.477188204625,0.507179904145,0.537184704475,0.567202729095,
    0.597234102826,0.627278951844,0.657337403699,0.687409587333,
    0.717495633092,0.747595672746,0.777709839507,0.807838268044,
    0.837981094503,0.868138456523,0.898310493258,0.928497345389,
    0.958699155149,1.),.UNSPECIFIED.);
#4804 = CARTESIAN_POINT('',(3.54,5.551115123126E-17,0.));
#4805 = CARTESIAN_POINT('',(3.54,1.125211469346E-03,1.125211469346E-02)
  );
#4806 = CARTESIAN_POINT('',(3.54,2.250281970765E-03,2.250281970765E-02)
  );
#4807 = CARTESIAN_POINT('',(3.54,3.375210931823E-03,3.375210931823E-02)
  );
#4808 = CARTESIAN_POINT('',(3.54,5.625211122458E-03,5.625211122458E-02)
  );
#4809 = CARTESIAN_POINT('',(3.54,6.750282243257E-03,6.750282243257E-02)
  );
#4810 = CARTESIAN_POINT('',(3.54,7.875210577855E-03,7.875210577855E-02)
  );
#4811 = CARTESIAN_POINT('',(3.54,1.012521077072E-02,0.101252107707));
#4812 = CARTESIAN_POINT('',(3.54,1.125028251929E-02,0.112502825193));
#4813 = CARTESIAN_POINT('',(3.54,1.237521022018E-02,0.123752102202));
#4814 = CARTESIAN_POINT('',(3.54,1.462521041528E-02,0.146252104153));
#4815 = CARTESIAN_POINT('',(3.54,1.575028279784E-02,0.157502827978));
#4816 = CARTESIAN_POINT('',(3.54,1.687520985871E-02,0.168752098587));
#4817 = CARTESIAN_POINT('',(3.54,1.912521005606E-02,0.191252100561));
#4818 = CARTESIAN_POINT('',(3.54,2.025028307892E-02,0.202502830789));
#4819 = CARTESIAN_POINT('',(3.54,2.137520949338E-02,0.213752094934));
#4820 = CARTESIAN_POINT('',(3.54,2.362520969301E-02,0.23625209693));
#4821 = CARTESIAN_POINT('',(3.54,2.475028336252E-02,0.247502833625));
#4822 = CARTESIAN_POINT('',(3.54,2.587520912412E-02,0.258752091241));
#4823 = CARTESIAN_POINT('',(3.54,2.812520932603E-02,0.28125209326));
#4824 = CARTESIAN_POINT('',(3.54,2.925028364862E-02,0.292502836486));
#4825 = CARTESIAN_POINT('',(3.54,3.037520875084E-02,0.303752087508));
#4826 = CARTESIAN_POINT('',(3.54,3.262520895505E-02,0.32625208955));
#4827 = CARTESIAN_POINT('',(3.54,3.375028393721E-02,0.337502839372));
#4828 = CARTESIAN_POINT('',(3.54,3.487520837348E-02,0.348752083735));
#4829 = CARTESIAN_POINT('',(3.54,3.708769366272E-02,0.370876936627));
#4830 = CARTESIAN_POINT('',(3.54,3.817526431263E-02,0.381752643126));
#4831 = CARTESIAN_POINT('',(3.54,3.926269305565E-02,0.392626930557));
#4832 = CARTESIAN_POINT('',(3.54,4.14752082135E-02,0.414752082135));
#4833 = CARTESIAN_POINT('',(3.54,4.260028451204E-02,0.42600284512));
#4834 = CARTESIAN_POINT('',(3.54,4.372520761908E-02,0.437252076191));
#4835 = CARTESIAN_POINT('',(3.54,4.59752078302E-02,0.459752078302));
#4836 = CARTESIAN_POINT('',(3.54,4.710028480799E-02,0.47100284808));
#4837 = CARTESIAN_POINT('',(3.54,4.82252072291E-02,0.482252072291));
#4838 = CARTESIAN_POINT('',(3.54,5.047520744258E-02,0.504752074426));
#4839 = CARTESIAN_POINT('',(3.54,5.160028510639E-02,0.516002851064));
#4840 = CARTESIAN_POINT('',(3.54,5.272520683471E-02,0.527252068347));
#4841 = CARTESIAN_POINT('',(3.54,5.497520705055E-02,0.549752070506));
#4842 = CARTESIAN_POINT('',(3.54,5.610028540723E-02,0.561002854072));
#4843 = CARTESIAN_POINT('',(3.54,5.722520643581E-02,0.572252064358));
#4844 = CARTESIAN_POINT('',(3.54,5.947520665404E-02,0.59475206654));
#4845 = CARTESIAN_POINT('',(3.54,6.060028571049E-02,0.606002857105));
#4846 = CARTESIAN_POINT('',(3.54,6.172520603231E-02,0.617252060323));
#4847 = CARTESIAN_POINT('',(3.54,6.397520625294E-02,0.639752062529));
#4848 = CARTESIAN_POINT('',(3.54,6.510028601616E-02,0.651002860162));
#4849 = CARTESIAN_POINT('',(3.54,6.622520562413E-02,0.662252056241));
#4850 = CARTESIAN_POINT('',(3.54,6.847520584717E-02,0.684752058472));
#4851 = CARTESIAN_POINT('',(3.54,6.960028632422E-02,0.696002863242));
#4852 = CARTESIAN_POINT('',(3.54,7.072520521117E-02,0.707252052112));
#4853 = CARTESIAN_POINT('',(3.54,7.297520543664E-02,0.729752054366));
#4854 = CARTESIAN_POINT('',(3.54,7.410028663465E-02,0.741002866346));
#4855 = CARTESIAN_POINT('',(3.54,7.522520479333E-02,0.752252047933));
#4856 = CARTESIAN_POINT('',(3.54,7.747520502124E-02,0.774752050212));
#4857 = CARTESIAN_POINT('',(3.54,7.860028694742E-02,0.786002869474));
#4858 = CARTESIAN_POINT('',(3.54,7.972520437051E-02,0.797252043705));
#4859 = CARTESIAN_POINT('',(3.54,8.197520460087E-02,0.819752046009));
#4860 = CARTESIAN_POINT('',(3.54,8.310028726252E-02,0.831002872625));
#4861 = CARTESIAN_POINT('',(3.54,8.422520394262E-02,0.842252039426));
#4862 = CARTESIAN_POINT('',(3.54,8.647520417545E-02,0.864752041754));
#4863 = CARTESIAN_POINT('',(3.54,8.760028757992E-02,0.876002875799));
#4864 = CARTESIAN_POINT('',(3.54,8.872520350955E-02,0.887252035095));
#4865 = CARTESIAN_POINT('',(3.54,9.097520374485E-02,0.909752037449));
#4866 = CARTESIAN_POINT('',(3.54,9.210028789959E-02,0.921002878996));
#4867 = CARTESIAN_POINT('',(3.54,9.322520307119E-02,0.932252030712));
#4868 = CARTESIAN_POINT('',(3.54,9.547520330899E-02,0.95475203309));
#4869 = CARTESIAN_POINT('',(3.54,9.660028822151E-02,0.966002882215));
#4870 = CARTESIAN_POINT('',(3.54,9.772520262744E-02,0.977252026274));
#4871 = CARTESIAN_POINT('',(3.54,9.997520286774E-02,0.999752028677));
#4872 = CARTESIAN_POINT('',(3.54,0.101100288546,1.011002885457));
#4873 = CARTESIAN_POINT('',(3.54,0.102225202178,1.022252021782));
#4874 = CARTESIAN_POINT('',(3.54,0.104475202421,1.04475202421));
#4875 = CARTESIAN_POINT('',(3.54,0.105600288872,1.05600288872));
#4876 = CARTESIAN_POINT('',(3.54,0.106725201723,1.067252017233));
#4877 = CARTESIAN_POINT('',(3.54,0.108975201969,1.089752019687));
#4878 = CARTESIAN_POINT('',(3.54,0.1101002892,1.101002892005));
#4879 = CARTESIAN_POINT('',(3.54,0.111225201263,1.112252012627));
#4880 = CARTESIAN_POINT('',(3.54,0.113475201511,1.134752015106));
#4881 = CARTESIAN_POINT('',(3.54,0.114600289531,1.146002895311));
#4882 = CARTESIAN_POINT('',(3.54,0.115725200796,1.157252007963));
#4883 = CARTESIAN_POINT('',(3.54,0.117975201047,1.179752010467));
#4884 = CARTESIAN_POINT('',(3.54,0.119100289864,1.191002898637));
#4885 = CARTESIAN_POINT('',(3.54,0.120225200324,1.202252003239));
#4886 = CARTESIAN_POINT('',(3.54,0.122475200577,1.224752005768));
#4887 = CARTESIAN_POINT('',(3.54,0.123600290198,1.236002901985));
#4888 = CARTESIAN_POINT('',(3.54,0.124725199845,1.247251998453));
#4889 = CARTESIAN_POINT('',(3.54,0.126975200101,1.269752001009));
#4890 = CARTESIAN_POINT('',(3.54,0.128100290535,1.281002905352));
#4891 = CARTESIAN_POINT('',(3.54,0.129225199361,1.292251993606));
#4892 = CARTESIAN_POINT('',(3.54,0.131475199619,1.314751996187));
#4893 = CARTESIAN_POINT('',(3.54,0.132600290874,1.326002908739));
#4894 = CARTESIAN_POINT('',(3.54,0.13372519887,1.337251988695));
#4895 = CARTESIAN_POINT('',(3.54,0.13597519913,1.359751991302));
#4896 = CARTESIAN_POINT('',(3.54,0.137100291214,1.371002912145));
#4897 = CARTESIAN_POINT('',(3.54,0.138225198372,1.382251983719));
#4898 = CARTESIAN_POINT('',(3.54,0.140475198635,1.404751986352));
#4899 = CARTESIAN_POINT('',(3.54,0.141600291557,1.41600291557));
#4900 = CARTESIAN_POINT('',(3.54,0.142725197868,1.427251978677));
#4901 = CARTESIAN_POINT('',(3.54,0.145387965125,1.453879651253));
#4902 = CARTESIAN_POINT('',(3.54,0.146925663056,1.469256630561));
#4903 = CARTESIAN_POINT('',(3.54,0.148463008661,1.484630086615));
#4904 = CARTESIAN_POINT('',(3.54,0.15,1.5));
#4905 = PCURVE('',#2473,#4906);
#4906 = DEFINITIONAL_REPRESENTATION('',(#4907),#5009);
#4907 = B_SPLINE_CURVE_WITH_KNOTS('',4,(#4908,#4909,#4910,#4911,#4912,
    #4913,#4914,#4915,#4916,#4917,#4918,#4919,#4920,#4921,#4922,#4923,
    #4924,#4925,#4926,#4927,#4928,#4929,#4930,#4931,#4932,#4933,#4934,
    #4935,#4936,#4937,#4938,#4939,#4940,#4941,#4942,#4943,#4944,#4945,
    #4946,#4947,#4948,#4949,#4950,#4951,#4952,#4953,#4954,#4955,#4956,
    #4957,#4958,#4959,#4960,#4961,#4962,#4963,#4964,#4965,#4966,#4967,
    #4968,#4969,#4970,#4971,#4972,#4973,#4974,#4975,#4976,#4977,#4978,
    #4979,#4980,#4981,#4982,#4983,#4984,#4985,#4986,#4987,#4988,#4989,
    #4990,#4991,#4992,#4993,#4994,#4995,#4996,#4997,#4998,#4999,#5000,
    #5001,#5002,#5003,#5004,#5005,#5006,#5007,#5008),.UNSPECIFIED.,.F.,
  .F.,(5,3,3,3,3,3,3,3,3,3,3,3,3,3,3,3,3,3,3,3,3,3,3,3,3,3,3,3,3,3,3,3,3
    ,5),(0.,2.979822027859E-02,5.960773904229E-02,8.94286603957E-02,
    0.119261089552,0.149105132848,0.178960897753,0.208828492886,
    0.238708028031,0.267603032605,0.297506374581,0.327421989229,
    0.357349991081,0.387290495901,0.417243620703,0.447209483759,
    0.477188204625,0.507179904145,0.537184704475,0.567202729095,
    0.597234102826,0.627278951844,0.657337403699,0.687409587333,
    0.717495633092,0.747595672746,0.777709839507,0.807838268044,
    0.837981094503,0.868138456523,0.898310493258,0.928497345389,
    0.958699155149,1.),.UNSPECIFIED.);
#4908 = CARTESIAN_POINT('',(0.96,0.));
#4909 = CARTESIAN_POINT('',(0.959354878749,7.501409795641E-03));
#4910 = CARTESIAN_POINT('',(0.958708978021,1.50018798051E-02));
#4911 = CARTESIAN_POINT('',(0.958062295999,2.250140621215E-02));
#4912 = CARTESIAN_POINT('',(0.956767120371,3.750140748305E-02));
#4913 = CARTESIAN_POINT('',(0.956118626163,4.500188162171E-02));
#4914 = CARTESIAN_POINT('',(0.955469346529,5.250140385236E-02));
#4915 = CARTESIAN_POINT('',(0.954168964171,6.750140513813E-02));
#4916 = CARTESIAN_POINT('',(0.953517860844,7.500188346192E-02));
#4917 = CARTESIAN_POINT('',(0.95286596791,8.250140146785E-02));
#4918 = CARTESIAN_POINT('',(0.951560347362,9.750140276853E-02));
#4919 = CARTESIAN_POINT('',(0.950906619137,0.105001885319));
#4920 = CARTESIAN_POINT('',(0.950252097095,0.112501399058));
#4921 = CARTESIAN_POINT('',(0.948941206642,0.127501400374));
#4922 = CARTESIAN_POINT('',(0.948284837611,0.135001887193));
#4923 = CARTESIAN_POINT('',(0.947627670527,0.142501396623));
#4924 = CARTESIAN_POINT('',(0.946311478199,0.157501397953));
#4925 = CARTESIAN_POINT('',(0.945652452325,0.165001889083));
#4926 = CARTESIAN_POINT('',(0.944992624136,0.172501394161));
#4927 = CARTESIAN_POINT('',(0.943671097701,0.187501395507));
#4928 = CARTESIAN_POINT('',(0.943009398818,0.195001890991));
#4929 = CARTESIAN_POINT('',(0.942346893329,0.202501391672));
#4930 = CARTESIAN_POINT('',(0.941020000297,0.217501393034));
#4931 = CARTESIAN_POINT('',(0.940355612107,0.225001892915));
#4932 = CARTESIAN_POINT('',(0.939690412992,0.232501389157));
#4933 = CARTESIAN_POINT('',(0.938380334309,0.247251291085));
#4934 = CARTESIAN_POINT('',(0.937735507421,0.254501762084));
#4935 = CARTESIAN_POINT('',(0.937089918774,0.261751287038));
#4936 = CARTESIAN_POINT('',(0.935774659121,0.27650138809));
#4937 = CARTESIAN_POINT('',(0.935104933903,0.284001896747));
#4938 = CARTESIAN_POINT('',(0.934434389183,0.291501384127));
#4939 = CARTESIAN_POINT('',(0.933091381476,0.306501385535));
#4940 = CARTESIAN_POINT('',(0.932418917815,0.31400189872));
#4941 = CARTESIAN_POINT('',(0.931745630248,0.321501381527));
#4942 = CARTESIAN_POINT('',(0.930397124428,0.336501382951));
#4943 = CARTESIAN_POINT('',(0.92972190549,0.344001900709));
#4944 = CARTESIAN_POINT('',(0.929045858215,0.351501378898));
#4945 = CARTESIAN_POINT('',(0.927691820448,0.366501380337));
#4946 = CARTESIAN_POINT('',(0.927013829263,0.374001902715));
#4947 = CARTESIAN_POINT('',(0.92633500528,0.381501376239));
#4948 = CARTESIAN_POINT('',(0.924975401458,0.396501377694));
#4949 = CARTESIAN_POINT('',(0.924294620914,0.404001904737));
#4950 = CARTESIAN_POINT('',(0.923613003083,0.411501373549));
#4951 = CARTESIAN_POINT('',(0.922247798813,0.42650137502));
#4952 = CARTESIAN_POINT('',(0.92156421166,0.434001906774));
#4953 = CARTESIAN_POINT('',(0.920879782701,0.441501370828));
#4954 = CARTESIAN_POINT('',(0.919508943308,0.456501372314));
#4955 = CARTESIAN_POINT('',(0.918822532151,0.464001908828));
#4956 = CARTESIAN_POINT('',(0.918135274639,0.471501368074));
#4957 = CARTESIAN_POINT('',(0.916758765161,0.486501369578));
#4958 = CARTESIAN_POINT('',(0.916069512462,0.494001910898));
#4959 = CARTESIAN_POINT('',(0.915379408829,0.501501365289));
#4960 = CARTESIAN_POINT('',(0.913997194015,0.516501366808));
#4961 = CARTESIAN_POINT('',(0.913305082089,0.524001912983));
#4962 = CARTESIAN_POINT('',(0.912612114621,0.53150136247));
#4963 = CARTESIAN_POINT('',(0.911224158926,0.546501364006));
#4964 = CARTESIAN_POINT('',(0.910529169942,0.554001915083));
#4965 = CARTESIAN_POINT('',(0.909833320778,0.561501359617));
#4966 = CARTESIAN_POINT('',(0.908439588361,0.57650136117));
#4967 = CARTESIAN_POINT('',(0.907741704341,0.584001917199));
#4968 = CARTESIAN_POINT('',(0.907042955471,0.59150135673));
#4969 = CARTESIAN_POINT('',(0.905643410193,0.606501358299));
#4970 = CARTESIAN_POINT('',(0.904942613006,0.614001919331));
#4971 = CARTESIAN_POINT('',(0.90424094627,0.621501353808));
#4972 = CARTESIAN_POINT('',(0.902835551689,0.636501355393));
#4973 = CARTESIAN_POINT('',(0.902131823053,0.644001921477));
#4974 = CARTESIAN_POINT('',(0.901427220139,0.65150135085));
#4975 = CARTESIAN_POINT('',(0.900015939508,0.666501352452));
#4976 = CARTESIAN_POINT('',(0.899309260989,0.674001923638));
#4977 = CARTESIAN_POINT('',(0.898601703431,0.681501347855));
#4978 = CARTESIAN_POINT('',(0.897184499694,0.696501349473));
#4979 = CARTESIAN_POINT('',(0.896474852703,0.704001925813));
#4980 = CARTESIAN_POINT('',(0.89576432188,0.711501344822));
#4981 = CARTESIAN_POINT('',(0.894341157671,0.726501346458));
#4982 = CARTESIAN_POINT('',(0.893628523461,0.734001928003));
#4983 = CARTESIAN_POINT('',(0.892915000594,0.741501341752));
#4984 = CARTESIAN_POINT('',(0.891485838231,0.756501343404));
#4985 = CARTESIAN_POINT('',(0.890770197897,0.764001930207));
#4986 = CARTESIAN_POINT('',(0.890053664052,0.771501338642));
#4987 = CARTESIAN_POINT('',(0.888618465534,0.786501340311));
#4988 = CARTESIAN_POINT('',(0.887899800013,0.794001932425));
#4989 = CARTESIAN_POINT('',(0.887180236092,0.801501335492));
#4990 = CARTESIAN_POINT('',(0.885738963098,0.816501337179));
#4991 = CARTESIAN_POINT('',(0.885017253163,0.824001934656));
#4992 = CARTESIAN_POINT('',(0.884294639909,0.831501332302));
#4993 = CARTESIAN_POINT('',(0.882847253791,0.846501334006));
#4994 = CARTESIAN_POINT('',(0.882122480053,0.854001936901));
#4995 = CARTESIAN_POINT('',(0.881396798044,0.861501329071));
#4996 = CARTESIAN_POINT('',(0.879943259827,0.876501330791));
#4997 = CARTESIAN_POINT('',(0.879215402732,0.884001939159));
#4998 = CARTESIAN_POINT('',(0.878486632381,0.891501325797));
#4999 = CARTESIAN_POINT('',(0.877026902757,0.906501327535));
#5000 = CARTESIAN_POINT('',(0.876295942584,0.91400194143));
#5001 = CARTESIAN_POINT('',(0.875564064138,0.92150132248));
#5002 = CARTESIAN_POINT('',(0.874098103464,0.936501324235));
#5003 = CARTESIAN_POINT('',(0.873364020323,0.944001943713));
#5004 = CARTESIAN_POINT('',(0.872629013859,0.951501319118));
#5005 = CARTESIAN_POINT('',(0.870886698338,0.969253100835));
#5006 = CARTESIAN_POINT('',(0.869878584153,0.979504420374));
#5007 = CARTESIAN_POINT('',(0.868868734081,0.989753391077));
#5008 = CARTESIAN_POINT('',(0.867857142857,1.));
#5009 = ( GEOMETRIC_REPRESENTATION_CONTEXT(2) 
PARAMETRIC_REPRESENTATION_CONTEXT() REPRESENTATION_CONTEXT('2D SPACE',''
  ) );
#5010 = PCURVE('',#2501,#5011);
#5011 = DEFINITIONAL_REPRESENTATION('',(#5012),#5114);
#5012 = B_SPLINE_CURVE_WITH_KNOTS('',4,(#5013,#5014,#5015,#5016,#5017,
    #5018,#5019,#5020,#5021,#5022,#5023,#5024,#5025,#5026,#5027,#5028,
    #5029,#5030,#5031,#5032,#5033,#5034,#5035,#5036,#5037,#5038,#5039,
    #5040,#5041,#5042,#5043,#5044,#5045,#5046,#5047,#5048,#5049,#5050,
    #5051,#5052,#5053,#5054,#5055,#5056,#5057,#5058,#5059,#5060,#5061,
    #5062,#5063,#5064,#5065,#5066,#5067,#5068,#5069,#5070,#5071,#5072,
    #5073,#5074,#5075,#5076,#5077,#5078,#5079,#5080,#5081,#5082,#5083,
    #5084,#5085,#5086,#5087,#5088,#5089,#5090,#5091,#5092,#5093,#5094,
    #5095,#5096,#5097,#5098,#5099,#5100,#5101,#5102,#5103,#5104,#5105,
    #5106,#5107,#5108,#5109,#5110,#5111,#5112,#5113),.UNSPECIFIED.,.F.,
  .F.,(5,3,3,3,3,3,3,3,3,3,3,3,3,3,3,3,3,3,3,3,3,3,3,3,3,3,3,3,3,3,3,3,3
    ,5),(0.,2.979822027859E-02,5.960773904229E-02,8.94286603957E-02,
    0.119261089552,0.149105132848,0.178960897753,0.208828492886,
    0.238708028031,0.267603032605,0.297506374581,0.327421989229,
    0.357349991081,0.387290495901,0.417243620703,0.447209483759,
    0.477188204625,0.507179904145,0.537184704475,0.567202729095,
    0.597234102826,0.627278951844,0.657337403699,0.687409587333,
    0.717495633092,0.747595672746,0.777709839507,0.807838268044,
    0.837981094503,0.868138456523,0.898310493258,0.928497345389,
    0.958699155149,1.),.UNSPECIFIED.);
#5013 = CARTESIAN_POINT('',(0.3,0.));
#5014 = CARTESIAN_POINT('',(0.298874788531,-1.125211469346E-02));
#5015 = CARTESIAN_POINT('',(0.297749718029,-2.250281970765E-02));
#5016 = CARTESIAN_POINT('',(0.296624789068,-3.375210931823E-02));
#5017 = CARTESIAN_POINT('',(0.294374788878,-5.625211122458E-02));
#5018 = CARTESIAN_POINT('',(0.293249717757,-6.750282243257E-02));
#5019 = CARTESIAN_POINT('',(0.292124789422,-7.875210577855E-02));
#5020 = CARTESIAN_POINT('',(0.289874789229,-0.101252107707));
#5021 = CARTESIAN_POINT('',(0.288749717481,-0.112502825193));
#5022 = CARTESIAN_POINT('',(0.28762478978,-0.123752102202));
#5023 = CARTESIAN_POINT('',(0.285374789585,-0.146252104153));
#5024 = CARTESIAN_POINT('',(0.284249717202,-0.157502827978));
#5025 = CARTESIAN_POINT('',(0.283124790141,-0.168752098587));
#5026 = CARTESIAN_POINT('',(0.280874789944,-0.191252100561));
#5027 = CARTESIAN_POINT('',(0.279749716921,-0.202502830789));
#5028 = CARTESIAN_POINT('',(0.278624790507,-0.213752094934));
#5029 = CARTESIAN_POINT('',(0.276374790307,-0.23625209693));
#5030 = CARTESIAN_POINT('',(0.275249716637,-0.247502833625));
#5031 = CARTESIAN_POINT('',(0.274124790876,-0.258752091241));
#5032 = CARTESIAN_POINT('',(0.271874790674,-0.28125209326));
#5033 = CARTESIAN_POINT('',(0.270749716351,-0.292502836486));
#5034 = CARTESIAN_POINT('',(0.269624791249,-0.303752087508));
#5035 = CARTESIAN_POINT('',(0.267374791045,-0.32625208955));
#5036 = CARTESIAN_POINT('',(0.266249716063,-0.337502839372));
#5037 = CARTESIAN_POINT('',(0.265124791627,-0.348752083735));
#5038 = CARTESIAN_POINT('',(0.262912306337,-0.370876936627));
#5039 = CARTESIAN_POINT('',(0.261824735687,-0.381752643126));
#5040 = CARTESIAN_POINT('',(0.260737306944,-0.392626930557));
#5041 = CARTESIAN_POINT('',(0.258524791787,-0.414752082135));
#5042 = CARTESIAN_POINT('',(0.257399715488,-0.42600284512));
#5043 = CARTESIAN_POINT('',(0.256274792381,-0.437252076191));
#5044 = CARTESIAN_POINT('',(0.25402479217,-0.459752078302));
#5045 = CARTESIAN_POINT('',(0.252899715192,-0.47100284808));
#5046 = CARTESIAN_POINT('',(0.251774792771,-0.482252072291));
#5047 = CARTESIAN_POINT('',(0.249524792557,-0.504752074426));
#5048 = CARTESIAN_POINT('',(0.248399714894,-0.516002851064));
#5049 = CARTESIAN_POINT('',(0.247274793165,-0.527252068347));
#5050 = CARTESIAN_POINT('',(0.245024792949,-0.549752070506));
#5051 = CARTESIAN_POINT('',(0.243899714593,-0.561002854072));
#5052 = CARTESIAN_POINT('',(0.242774793564,-0.572252064358));
#5053 = CARTESIAN_POINT('',(0.240524793346,-0.59475206654));
#5054 = CARTESIAN_POINT('',(0.23939971429,-0.606002857105));
#5055 = CARTESIAN_POINT('',(0.238274793968,-0.617252060323));
#5056 = CARTESIAN_POINT('',(0.236024793747,-0.639752062529));
#5057 = CARTESIAN_POINT('',(0.234899713984,-0.651002860162));
#5058 = CARTESIAN_POINT('',(0.233774794376,-0.662252056241));
#5059 = CARTESIAN_POINT('',(0.231524794153,-0.684752058472));
#5060 = CARTESIAN_POINT('',(0.230399713676,-0.696002863242));
#5061 = CARTESIAN_POINT('',(0.229274794789,-0.707252052112));
#5062 = CARTESIAN_POINT('',(0.227024794563,-0.729752054366));
#5063 = CARTESIAN_POINT('',(0.225899713365,-0.741002866346));
#5064 = CARTESIAN_POINT('',(0.224774795207,-0.752252047933));
#5065 = CARTESIAN_POINT('',(0.222524794979,-0.774752050212));
#5066 = CARTESIAN_POINT('',(0.221399713053,-0.786002869474));
#5067 = CARTESIAN_POINT('',(0.220274795629,-0.797252043705));
#5068 = CARTESIAN_POINT('',(0.218024795399,-0.819752046009));
#5069 = CARTESIAN_POINT('',(0.216899712737,-0.831002872625));
#5070 = CARTESIAN_POINT('',(0.215774796057,-0.842252039426));
#5071 = CARTESIAN_POINT('',(0.213524795825,-0.864752041754));
#5072 = CARTESIAN_POINT('',(0.21239971242,-0.876002875799));
#5073 = CARTESIAN_POINT('',(0.21127479649,-0.887252035095));
#5074 = CARTESIAN_POINT('',(0.209024796255,-0.909752037449));
#5075 = CARTESIAN_POINT('',(0.2078997121,-0.921002878996));
#5076 = CARTESIAN_POINT('',(0.206774796929,-0.932252030712));
#5077 = CARTESIAN_POINT('',(0.204524796691,-0.95475203309));
#5078 = CARTESIAN_POINT('',(0.203399711778,-0.966002882215));
#5079 = CARTESIAN_POINT('',(0.202274797373,-0.977252026274));
#5080 = CARTESIAN_POINT('',(0.200024797132,-0.999752028677));
#5081 = CARTESIAN_POINT('',(0.198899711454,-1.011002885457));
#5082 = CARTESIAN_POINT('',(0.197774797822,-1.022252021782));
#5083 = CARTESIAN_POINT('',(0.195524797579,-1.04475202421));
#5084 = CARTESIAN_POINT('',(0.194399711128,-1.05600288872));
#5085 = CARTESIAN_POINT('',(0.193274798277,-1.067252017233));
#5086 = CARTESIAN_POINT('',(0.191024798031,-1.089752019687));
#5087 = CARTESIAN_POINT('',(0.1898997108,-1.101002892005));
#5088 = CARTESIAN_POINT('',(0.188774798737,-1.112252012627));
#5089 = CARTESIAN_POINT('',(0.186524798489,-1.134752015106));
#5090 = CARTESIAN_POINT('',(0.185399710469,-1.146002895311));
#5091 = CARTESIAN_POINT('',(0.184274799204,-1.157252007963));
#5092 = CARTESIAN_POINT('',(0.182024798953,-1.179752010467));
#5093 = CARTESIAN_POINT('',(0.180899710136,-1.191002898637));
#5094 = CARTESIAN_POINT('',(0.179774799676,-1.202252003239));
#5095 = CARTESIAN_POINT('',(0.177524799423,-1.224752005768));
#5096 = CARTESIAN_POINT('',(0.176399709802,-1.236002901985));
#5097 = CARTESIAN_POINT('',(0.175274800155,-1.247251998453));
#5098 = CARTESIAN_POINT('',(0.173024799899,-1.269752001009));
#5099 = CARTESIAN_POINT('',(0.171899709465,-1.281002905352));
#5100 = CARTESIAN_POINT('',(0.170774800639,-1.292251993606));
#5101 = CARTESIAN_POINT('',(0.168524800381,-1.314751996187));
#5102 = CARTESIAN_POINT('',(0.167399709126,-1.326002908739));
#5103 = CARTESIAN_POINT('',(0.16627480113,-1.337251988695));
#5104 = CARTESIAN_POINT('',(0.16402480087,-1.359751991302));
#5105 = CARTESIAN_POINT('',(0.162899708786,-1.371002912145));
#5106 = CARTESIAN_POINT('',(0.161774801628,-1.382251983719));
#5107 = CARTESIAN_POINT('',(0.159524801365,-1.404751986352));
#5108 = CARTESIAN_POINT('',(0.158399708443,-1.41600291557));
#5109 = CARTESIAN_POINT('',(0.157274802132,-1.427251978677));
#5110 = CARTESIAN_POINT('',(0.154612034875,-1.453879651253));
#5111 = CARTESIAN_POINT('',(0.153074336944,-1.469256630561));
#5112 = CARTESIAN_POINT('',(0.151536991339,-1.484630086615));
#5113 = CARTESIAN_POINT('',(0.15,-1.5));
#5114 = ( GEOMETRIC_REPRESENTATION_CONTEXT(2) 
PARAMETRIC_REPRESENTATION_CONTEXT() REPRESENTATION_CONTEXT('2D SPACE',''
  ) );
#5115 = ORIENTED_EDGE('',*,*,#2457,.T.);
#5116 = ORIENTED_EDGE('',*,*,#5117,.T.);
#5117 = EDGE_CURVE('',#2430,#3842,#5118,.T.);
#5118 = SURFACE_CURVE('',#5119,(#5125,#5134),.PCURVE_S1.);
#5119 = B_SPLINE_CURVE_WITH_KNOTS('',4,(#5120,#5121,#5122,#5123,#5124),
  .UNSPECIFIED.,.F.,.F.,(5,5),(0.,1.),.PIECEWISE_BEZIER_KNOTS.);
#5120 = CARTESIAN_POINT('',(3.05,0.,0.));
#5121 = CARTESIAN_POINT('',(3.05,1.0000159088E-02,0.10000159088));
#5122 = CARTESIAN_POINT('',(3.05,2.000021524823E-02,0.200002152482));
#5123 = CARTESIAN_POINT('',(3.05,3.000016390737E-02,0.300001639074));
#5124 = CARTESIAN_POINT('',(3.05,4.E-02,0.4));
#5125 = PCURVE('',#2473,#5126);
#5126 = DEFINITIONAL_REPRESENTATION('',(#5127),#5133);
#5127 = B_SPLINE_CURVE_WITH_KNOTS('',4,(#5128,#5129,#5130,#5131,#5132),
  .UNSPECIFIED.,.F.,.F.,(5,5),(0.,1.),.PIECEWISE_BEZIER_KNOTS.);
#5128 = CARTESIAN_POINT('',(1.45,0.));
#5129 = CARTESIAN_POINT('',(1.446444387833,6.666772725335E-02));
#5130 = CARTESIAN_POINT('',(1.442846672056,0.133334768322));
#5131 = CARTESIAN_POINT('',(1.439205728977,0.200001092716));
#5132 = CARTESIAN_POINT('',(1.435520361157,0.266666666667));
#5133 = ( GEOMETRIC_REPRESENTATION_CONTEXT(2) 
PARAMETRIC_REPRESENTATION_CONTEXT() REPRESENTATION_CONTEXT('2D SPACE',''
  ) );
#5134 = PCURVE('',#2445,#5135);
#5135 = DEFINITIONAL_REPRESENTATION('',(#5136),#5142);
#5136 = B_SPLINE_CURVE_WITH_KNOTS('',4,(#5137,#5138,#5139,#5140,#5141),
  .UNSPECIFIED.,.F.,.F.,(5,5),(0.,1.),.PIECEWISE_BEZIER_KNOTS.);
#5137 = CARTESIAN_POINT('',(1.750885901445,0.));
#5138 = CARTESIAN_POINT('',(1.740885742357,-0.10000159088));
#5139 = CARTESIAN_POINT('',(1.730885686197,-0.200002152482));
#5140 = CARTESIAN_POINT('',(1.720885737538,-0.300001639074));
#5141 = CARTESIAN_POINT('',(1.710885901445,-0.4));
#5142 = ( GEOMETRIC_REPRESENTATION_CONTEXT(2) 
PARAMETRIC_REPRESENTATION_CONTEXT() REPRESENTATION_CONTEXT('2D SPACE',''
  ) );
#5143 = ORIENTED_EDGE('',*,*,#3864,.F.);
#5144 = ORIENTED_EDGE('',*,*,#5145,.F.);
#5145 = EDGE_CURVE('',#3425,#3748,#5146,.T.);
#5146 = SURFACE_CURVE('',#5147,(#5153,#5162),.PCURVE_S1.);
#5147 = B_SPLINE_CURVE_WITH_KNOTS('',4,(#5148,#5149,#5150,#5151,#5152),
  .UNSPECIFIED.,.F.,.F.,(5,5),(0.,1.),.PIECEWISE_BEZIER_KNOTS.);
#5148 = CARTESIAN_POINT('',(1.45,0.,0.));
#5149 = CARTESIAN_POINT('',(1.45,1.0000159088E-02,0.10000159088));
#5150 = CARTESIAN_POINT('',(1.45,2.000021524823E-02,0.200002152482));
#5151 = CARTESIAN_POINT('',(1.45,3.000016390737E-02,0.300001639074));
#5152 = CARTESIAN_POINT('',(1.45,4.E-02,0.4));
#5153 = PCURVE('',#2473,#5154);
#5154 = DEFINITIONAL_REPRESENTATION('',(#5155),#5161);
#5155 = B_SPLINE_CURVE_WITH_KNOTS('',4,(#5156,#5157,#5158,#5159,#5160),
  .UNSPECIFIED.,.F.,.F.,(5,5),(0.,1.),.PIECEWISE_BEZIER_KNOTS.);
#5156 = CARTESIAN_POINT('',(3.05,0.));
#5157 = CARTESIAN_POINT('',(3.053555612167,6.666772725335E-02));
#5158 = CARTESIAN_POINT('',(3.057153327944,0.133334768322));
#5159 = CARTESIAN_POINT('',(3.060794271023,0.200001092716));
#5160 = CARTESIAN_POINT('',(3.064479638843,0.266666666667));
#5161 = ( GEOMETRIC_REPRESENTATION_CONTEXT(2) 
PARAMETRIC_REPRESENTATION_CONTEXT() REPRESENTATION_CONTEXT('2D SPACE',''
  ) );
#5162 = PCURVE('',#3463,#5163);
#5163 = DEFINITIONAL_REPRESENTATION('',(#5164),#5170);
#5164 = B_SPLINE_CURVE_WITH_KNOTS('',4,(#5165,#5166,#5167,#5168,#5169),
  .UNSPECIFIED.,.F.,.F.,(5,5),(0.,1.),.PIECEWISE_BEZIER_KNOTS.);
#5165 = CARTESIAN_POINT('',(0.,0.));
#5166 = CARTESIAN_POINT('',(1.0000159088E-02,-0.10000159088));
#5167 = CARTESIAN_POINT('',(2.000021524823E-02,-0.200002152482));
#5168 = CARTESIAN_POINT('',(3.000016390737E-02,-0.300001639074));
#5169 = CARTESIAN_POINT('',(4.E-02,-0.4));
#5170 = ( GEOMETRIC_REPRESENTATION_CONTEXT(2) 
PARAMETRIC_REPRESENTATION_CONTEXT() REPRESENTATION_CONTEXT('2D SPACE',''
  ) );
#5171 = ORIENTED_EDGE('',*,*,#3424,.T.);
#5172 = ORIENTED_EDGE('',*,*,#5173,.T.);
#5173 = EDGE_CURVE('',#3397,#5174,#5176,.T.);
#5174 = VERTEX_POINT('',#5175);
#5175 = CARTESIAN_POINT('',(0.96,4.E-02,0.4));
#5176 = SURFACE_CURVE('',#5177,(#5279,#5384),.PCURVE_S1.);
#5177 = B_SPLINE_CURVE_WITH_KNOTS('',4,(#5178,#5179,#5180,#5181,#5182,
    #5183,#5184,#5185,#5186,#5187,#5188,#5189,#5190,#5191,#5192,#5193,
    #5194,#5195,#5196,#5197,#5198,#5199,#5200,#5201,#5202,#5203,#5204,
    #5205,#5206,#5207,#5208,#5209,#5210,#5211,#5212,#5213,#5214,#5215,
    #5216,#5217,#5218,#5219,#5220,#5221,#5222,#5223,#5224,#5225,#5226,
    #5227,#5228,#5229,#5230,#5231,#5232,#5233,#5234,#5235,#5236,#5237,
    #5238,#5239,#5240,#5241,#5242,#5243,#5244,#5245,#5246,#5247,#5248,
    #5249,#5250,#5251,#5252,#5253,#5254,#5255,#5256,#5257,#5258,#5259,
    #5260,#5261,#5262,#5263,#5264,#5265,#5266,#5267,#5268,#5269,#5270,
    #5271,#5272,#5273,#5274,#5275,#5276,#5277,#5278),.UNSPECIFIED.,.F.,
  .F.,(5,3,3,3,3,3,3,3,3,3,3,3,3,3,3,3,3,3,3,3,3,3,3,3,3,3,3,3,3,3,3,3,3
    ,5),(0.,2.979822027854E-02,5.960773904218E-02,8.942866039554E-02,
    0.119261089552,0.149105132848,0.178960897752,0.208828492886,
    0.238708028031,0.267603032605,0.29750637458,0.327421989228,
    0.35734999108,0.387290495901,0.417243620702,0.447209483759,
    0.477188204624,0.507179904145,0.537184704475,0.567202729095,
    0.597234102825,0.627278951843,0.657337403699,0.687409587333,
    0.717495633092,0.747595672746,0.777709839507,0.807838268044,
    0.837981094502,0.868138456523,0.898310493258,0.928497345389,
    0.958699155149,1.),.UNSPECIFIED.);
#5178 = CARTESIAN_POINT('',(0.96,0.,0.));
#5179 = CARTESIAN_POINT('',(0.96,1.125211469346E-03,1.125211469346E-02)
  );
#5180 = CARTESIAN_POINT('',(0.96,2.250281970765E-03,2.250281970765E-02)
  );
#5181 = CARTESIAN_POINT('',(0.96,3.375210931823E-03,3.375210931823E-02)
  );
#5182 = CARTESIAN_POINT('',(0.96,5.625211122458E-03,5.625211122458E-02)
  );
#5183 = CARTESIAN_POINT('',(0.96,6.750282243257E-03,6.750282243257E-02)
  );
#5184 = CARTESIAN_POINT('',(0.96,7.875210577855E-03,7.875210577855E-02)
  );
#5185 = CARTESIAN_POINT('',(0.96,1.012521077072E-02,0.101252107707));
#5186 = CARTESIAN_POINT('',(0.96,1.125028251929E-02,0.112502825193));
#5187 = CARTESIAN_POINT('',(0.96,1.237521022018E-02,0.123752102202));
#5188 = CARTESIAN_POINT('',(0.96,1.462521041528E-02,0.146252104153));
#5189 = CARTESIAN_POINT('',(0.96,1.575028279784E-02,0.157502827978));
#5190 = CARTESIAN_POINT('',(0.96,1.687520985871E-02,0.168752098587));
#5191 = CARTESIAN_POINT('',(0.96,1.912521005607E-02,0.191252100561));
#5192 = CARTESIAN_POINT('',(0.96,2.025028307892E-02,0.202502830789));
#5193 = CARTESIAN_POINT('',(0.96,2.137520949338E-02,0.213752094934));
#5194 = CARTESIAN_POINT('',(0.96,2.362520969301E-02,0.23625209693));
#5195 = CARTESIAN_POINT('',(0.96,2.475028336252E-02,0.247502833625));
#5196 = CARTESIAN_POINT('',(0.96,2.587520912412E-02,0.258752091241));
#5197 = CARTESIAN_POINT('',(0.96,2.812520932603E-02,0.28125209326));
#5198 = CARTESIAN_POINT('',(0.96,2.925028364862E-02,0.292502836486));
#5199 = CARTESIAN_POINT('',(0.96,3.037520875084E-02,0.303752087508));
#5200 = CARTESIAN_POINT('',(0.96,3.262520895505E-02,0.32625208955));
#5201 = CARTESIAN_POINT('',(0.96,3.375028393721E-02,0.337502839372));
#5202 = CARTESIAN_POINT('',(0.96,3.487520837348E-02,0.348752083735));
#5203 = CARTESIAN_POINT('',(0.96,3.708769366272E-02,0.370876936627));
#5204 = CARTESIAN_POINT('',(0.96,3.817526431263E-02,0.381752643126));
#5205 = CARTESIAN_POINT('',(0.96,3.926269305565E-02,0.392626930557));
#5206 = CARTESIAN_POINT('',(0.96,4.14752082135E-02,0.414752082135));
#5207 = CARTESIAN_POINT('',(0.96,4.260028451204E-02,0.42600284512));
#5208 = CARTESIAN_POINT('',(0.96,4.372520761908E-02,0.437252076191));
#5209 = CARTESIAN_POINT('',(0.96,4.59752078302E-02,0.459752078302));
#5210 = CARTESIAN_POINT('',(0.96,4.710028480799E-02,0.47100284808));
#5211 = CARTESIAN_POINT('',(0.96,4.82252072291E-02,0.482252072291));
#5212 = CARTESIAN_POINT('',(0.96,5.047520744258E-02,0.504752074426));
#5213 = CARTESIAN_POINT('',(0.96,5.160028510639E-02,0.516002851064));
#5214 = CARTESIAN_POINT('',(0.96,5.272520683471E-02,0.527252068347));
#5215 = CARTESIAN_POINT('',(0.96,5.497520705055E-02,0.549752070506));
#5216 = CARTESIAN_POINT('',(0.96,5.610028540723E-02,0.561002854072));
#5217 = CARTESIAN_POINT('',(0.96,5.722520643581E-02,0.572252064358));
#5218 = CARTESIAN_POINT('',(0.96,5.947520665404E-02,0.59475206654));
#5219 = CARTESIAN_POINT('',(0.96,6.060028571049E-02,0.606002857105));
#5220 = CARTESIAN_POINT('',(0.96,6.172520603231E-02,0.617252060323));
#5221 = CARTESIAN_POINT('',(0.96,6.397520625294E-02,0.639752062529));
#5222 = CARTESIAN_POINT('',(0.96,6.510028601616E-02,0.651002860162));
#5223 = CARTESIAN_POINT('',(0.96,6.622520562413E-02,0.662252056241));
#5224 = CARTESIAN_POINT('',(0.96,6.847520584717E-02,0.684752058472));
#5225 = CARTESIAN_POINT('',(0.96,6.960028632422E-02,0.696002863242));
#5226 = CARTESIAN_POINT('',(0.96,7.072520521117E-02,0.707252052112));
#5227 = CARTESIAN_POINT('',(0.96,7.297520543664E-02,0.729752054366));
#5228 = CARTESIAN_POINT('',(0.96,7.410028663465E-02,0.741002866346));
#5229 = CARTESIAN_POINT('',(0.96,7.522520479333E-02,0.752252047933));
#5230 = CARTESIAN_POINT('',(0.96,7.747520502124E-02,0.774752050212));
#5231 = CARTESIAN_POINT('',(0.96,7.860028694742E-02,0.786002869474));
#5232 = CARTESIAN_POINT('',(0.96,7.972520437051E-02,0.797252043705));
#5233 = CARTESIAN_POINT('',(0.96,8.197520460087E-02,0.819752046009));
#5234 = CARTESIAN_POINT('',(0.96,8.310028726252E-02,0.831002872625));
#5235 = CARTESIAN_POINT('',(0.96,8.422520394262E-02,0.842252039426));
#5236 = CARTESIAN_POINT('',(0.96,8.647520417545E-02,0.864752041754));
#5237 = CARTESIAN_POINT('',(0.96,8.760028757992E-02,0.876002875799));
#5238 = CARTESIAN_POINT('',(0.96,8.872520350955E-02,0.887252035095));
#5239 = CARTESIAN_POINT('',(0.96,9.097520374485E-02,0.909752037449));
#5240 = CARTESIAN_POINT('',(0.96,9.210028789959E-02,0.921002878996));
#5241 = CARTESIAN_POINT('',(0.96,9.322520307119E-02,0.932252030712));
#5242 = CARTESIAN_POINT('',(0.96,9.547520330899E-02,0.95475203309));
#5243 = CARTESIAN_POINT('',(0.96,9.660028822151E-02,0.966002882215));
#5244 = CARTESIAN_POINT('',(0.96,9.772520262744E-02,0.977252026274));
#5245 = CARTESIAN_POINT('',(0.96,9.997520286774E-02,0.999752028677));
#5246 = CARTESIAN_POINT('',(0.96,0.101100288546,1.011002885457));
#5247 = CARTESIAN_POINT('',(0.96,0.102225202178,1.022252021782));
#5248 = CARTESIAN_POINT('',(0.96,0.104475202421,1.04475202421));
#5249 = CARTESIAN_POINT('',(0.96,0.105600288872,1.05600288872));
#5250 = CARTESIAN_POINT('',(0.96,0.106725201723,1.067252017233));
#5251 = CARTESIAN_POINT('',(0.96,0.108975201969,1.089752019687));
#5252 = CARTESIAN_POINT('',(0.96,0.1101002892,1.101002892005));
#5253 = CARTESIAN_POINT('',(0.96,0.111225201263,1.112252012627));
#5254 = CARTESIAN_POINT('',(0.96,0.113475201511,1.134752015106));
#5255 = CARTESIAN_POINT('',(0.96,0.114600289531,1.146002895311));
#5256 = CARTESIAN_POINT('',(0.96,0.115725200796,1.157252007963));
#5257 = CARTESIAN_POINT('',(0.96,0.117975201047,1.179752010467));
#5258 = CARTESIAN_POINT('',(0.96,0.119100289864,1.191002898637));
#5259 = CARTESIAN_POINT('',(0.96,0.120225200324,1.202252003239));
#5260 = CARTESIAN_POINT('',(0.96,0.122475200577,1.224752005768));
#5261 = CARTESIAN_POINT('',(0.96,0.123600290198,1.236002901985));
#5262 = CARTESIAN_POINT('',(0.96,0.124725199845,1.247251998453));
#5263 = CARTESIAN_POINT('',(0.96,0.126975200101,1.269752001009));
#5264 = CARTESIAN_POINT('',(0.96,0.128100290535,1.281002905352));
#5265 = CARTESIAN_POINT('',(0.96,0.129225199361,1.292251993606));
#5266 = CARTESIAN_POINT('',(0.96,0.131475199619,1.314751996187));
#5267 = CARTESIAN_POINT('',(0.96,0.132600290874,1.326002908739));
#5268 = CARTESIAN_POINT('',(0.96,0.13372519887,1.337251988695));
#5269 = CARTESIAN_POINT('',(0.96,0.13597519913,1.359751991302));
#5270 = CARTESIAN_POINT('',(0.96,0.137100291214,1.371002912145));
#5271 = CARTESIAN_POINT('',(0.96,0.138225198372,1.382251983719));
#5272 = CARTESIAN_POINT('',(0.96,0.140475198635,1.404751986352));
#5273 = CARTESIAN_POINT('',(0.96,0.141600291557,1.41600291557));
#5274 = CARTESIAN_POINT('',(0.96,0.142725197868,1.427251978677));
#5275 = CARTESIAN_POINT('',(0.96,0.145387965125,1.453879651253));
#5276 = CARTESIAN_POINT('',(0.96,0.146925663056,1.469256630561));
#5277 = CARTESIAN_POINT('',(0.96,0.148463008661,1.484630086615));
#5278 = CARTESIAN_POINT('',(0.96,0.15,1.5));
#5279 = PCURVE('',#2473,#5280);
#5280 = DEFINITIONAL_REPRESENTATION('',(#5281),#5383);
#5281 = B_SPLINE_CURVE_WITH_KNOTS('',4,(#5282,#5283,#5284,#5285,#5286,
    #5287,#5288,#5289,#5290,#5291,#5292,#5293,#5294,#5295,#5296,#5297,
    #5298,#5299,#5300,#5301,#5302,#5303,#5304,#5305,#5306,#5307,#5308,
    #5309,#5310,#5311,#5312,#5313,#5314,#5315,#5316,#5317,#5318,#5319,
    #5320,#5321,#5322,#5323,#5324,#5325,#5326,#5327,#5328,#5329,#5330,
    #5331,#5332,#5333,#5334,#5335,#5336,#5337,#5338,#5339,#5340,#5341,
    #5342,#5343,#5344,#5345,#5346,#5347,#5348,#5349,#5350,#5351,#5352,
    #5353,#5354,#5355,#5356,#5357,#5358,#5359,#5360,#5361,#5362,#5363,
    #5364,#5365,#5366,#5367,#5368,#5369,#5370,#5371,#5372,#5373,#5374,
    #5375,#5376,#5377,#5378,#5379,#5380,#5381,#5382),.UNSPECIFIED.,.F.,
  .F.,(5,3,3,3,3,3,3,3,3,3,3,3,3,3,3,3,3,3,3,3,3,3,3,3,3,3,3,3,3,3,3,3,3
    ,5),(0.,2.979822027854E-02,5.960773904218E-02,8.942866039554E-02,
    0.119261089552,0.149105132848,0.178960897752,0.208828492886,
    0.238708028031,0.267603032605,0.29750637458,0.327421989228,
    0.35734999108,0.387290495901,0.417243620702,0.447209483759,
    0.477188204624,0.507179904145,0.537184704475,0.567202729095,
    0.597234102825,0.627278951843,0.657337403699,0.687409587333,
    0.717495633092,0.747595672746,0.777709839507,0.807838268044,
    0.837981094502,0.868138456523,0.898310493258,0.928497345389,
    0.958699155149,1.),.UNSPECIFIED.);
#5282 = CARTESIAN_POINT('',(3.54,0.));
#5283 = CARTESIAN_POINT('',(3.540645121251,7.501409795642E-03));
#5284 = CARTESIAN_POINT('',(3.541291021979,1.50018798051E-02));
#5285 = CARTESIAN_POINT('',(3.541937704001,2.250140621215E-02));
#5286 = CARTESIAN_POINT('',(3.543232879629,3.750140748306E-02));
#5287 = CARTESIAN_POINT('',(3.543881373837,4.500188162171E-02));
#5288 = CARTESIAN_POINT('',(3.544530653471,5.250140385236E-02));
#5289 = CARTESIAN_POINT('',(3.545831035829,6.750140513813E-02));
#5290 = CARTESIAN_POINT('',(3.546482139156,7.500188346191E-02));
#5291 = CARTESIAN_POINT('',(3.54713403209,8.250140146785E-02));
#5292 = CARTESIAN_POINT('',(3.548439652638,9.750140276853E-02));
#5293 = CARTESIAN_POINT('',(3.549093380863,0.105001885319));
#5294 = CARTESIAN_POINT('',(3.549747902905,0.112501399058));
#5295 = CARTESIAN_POINT('',(3.551058793358,0.127501400374));
#5296 = CARTESIAN_POINT('',(3.551715162389,0.135001887193));
#5297 = CARTESIAN_POINT('',(3.552372329473,0.142501396623));
#5298 = CARTESIAN_POINT('',(3.553688521801,0.157501397953));
#5299 = CARTESIAN_POINT('',(3.554347547675,0.165001889083));
#5300 = CARTESIAN_POINT('',(3.555007375864,0.172501394161));
#5301 = CARTESIAN_POINT('',(3.556328902299,0.187501395507));
#5302 = CARTESIAN_POINT('',(3.556990601182,0.195001890991));
#5303 = CARTESIAN_POINT('',(3.557653106671,0.202501391672));
#5304 = CARTESIAN_POINT('',(3.558979999703,0.217501393034));
#5305 = CARTESIAN_POINT('',(3.559644387893,0.225001892915));
#5306 = CARTESIAN_POINT('',(3.560309587008,0.232501389157));
#5307 = CARTESIAN_POINT('',(3.561619665691,0.247251291085));
#5308 = CARTESIAN_POINT('',(3.562264492579,0.254501762084));
#5309 = CARTESIAN_POINT('',(3.562910081226,0.261751287038));
#5310 = CARTESIAN_POINT('',(3.564225340879,0.27650138809));
#5311 = CARTESIAN_POINT('',(3.564895066097,0.284001896747));
#5312 = CARTESIAN_POINT('',(3.565565610817,0.291501384127));
#5313 = CARTESIAN_POINT('',(3.566908618524,0.306501385535));
#5314 = CARTESIAN_POINT('',(3.567581082185,0.31400189872));
#5315 = CARTESIAN_POINT('',(3.568254369752,0.321501381527));
#5316 = CARTESIAN_POINT('',(3.569602875572,0.336501382951));
#5317 = CARTESIAN_POINT('',(3.57027809451,0.344001900709));
#5318 = CARTESIAN_POINT('',(3.570954141785,0.351501378898));
#5319 = CARTESIAN_POINT('',(3.572308179552,0.366501380337));
#5320 = CARTESIAN_POINT('',(3.572986170737,0.374001902715));
#5321 = CARTESIAN_POINT('',(3.57366499472,0.381501376239));
#5322 = CARTESIAN_POINT('',(3.575024598542,0.396501377694));
#5323 = CARTESIAN_POINT('',(3.575705379086,0.404001904737));
#5324 = CARTESIAN_POINT('',(3.576386996917,0.411501373549));
#5325 = CARTESIAN_POINT('',(3.577752201187,0.42650137502));
#5326 = CARTESIAN_POINT('',(3.57843578834,0.434001906774));
#5327 = CARTESIAN_POINT('',(3.579120217299,0.441501370828));
#5328 = CARTESIAN_POINT('',(3.580491056692,0.456501372314));
#5329 = CARTESIAN_POINT('',(3.581177467849,0.464001908828));
#5330 = CARTESIAN_POINT('',(3.581864725361,0.471501368074));
#5331 = CARTESIAN_POINT('',(3.583241234839,0.486501369578));
#5332 = CARTESIAN_POINT('',(3.583930487538,0.494001910898));
#5333 = CARTESIAN_POINT('',(3.584620591171,0.501501365289));
#5334 = CARTESIAN_POINT('',(3.586002805985,0.516501366808));
#5335 = CARTESIAN_POINT('',(3.586694917911,0.524001912983));
#5336 = CARTESIAN_POINT('',(3.587387885379,0.53150136247));
#5337 = CARTESIAN_POINT('',(3.588775841074,0.546501364006));
#5338 = CARTESIAN_POINT('',(3.589470830058,0.554001915083));
#5339 = CARTESIAN_POINT('',(3.590166679222,0.561501359617));
#5340 = CARTESIAN_POINT('',(3.591560411639,0.57650136117));
#5341 = CARTESIAN_POINT('',(3.592258295659,0.584001917199));
#5342 = CARTESIAN_POINT('',(3.592957044529,0.59150135673));
#5343 = CARTESIAN_POINT('',(3.594356589807,0.606501358299));
#5344 = CARTESIAN_POINT('',(3.595057386994,0.614001919331));
#5345 = CARTESIAN_POINT('',(3.59575905373,0.621501353808));
#5346 = CARTESIAN_POINT('',(3.597164448311,0.636501355393));
#5347 = CARTESIAN_POINT('',(3.597868176947,0.644001921477));
#5348 = CARTESIAN_POINT('',(3.598572779861,0.65150135085));
#5349 = CARTESIAN_POINT('',(3.599984060492,0.666501352452));
#5350 = CARTESIAN_POINT('',(3.600690739011,0.674001923638));
#5351 = CARTESIAN_POINT('',(3.601398296569,0.681501347855));
#5352 = CARTESIAN_POINT('',(3.602815500306,0.696501349473));
#5353 = CARTESIAN_POINT('',(3.603525147297,0.704001925813));
#5354 = CARTESIAN_POINT('',(3.60423567812,0.711501344822));
#5355 = CARTESIAN_POINT('',(3.605658842329,0.726501346458));
#5356 = CARTESIAN_POINT('',(3.606371476539,0.734001928003));
#5357 = CARTESIAN_POINT('',(3.607084999406,0.741501341752));
#5358 = CARTESIAN_POINT('',(3.608514161769,0.756501343404));
#5359 = CARTESIAN_POINT('',(3.609229802103,0.764001930207));
#5360 = CARTESIAN_POINT('',(3.609946335948,0.771501338642));
#5361 = CARTESIAN_POINT('',(3.611381534466,0.786501340311));
#5362 = CARTESIAN_POINT('',(3.612100199987,0.794001932425));
#5363 = CARTESIAN_POINT('',(3.612819763908,0.801501335492));
#5364 = CARTESIAN_POINT('',(3.614261036902,0.816501337179));
#5365 = CARTESIAN_POINT('',(3.614982746837,0.824001934656));
#5366 = CARTESIAN_POINT('',(3.615705360091,0.831501332302));
#5367 = CARTESIAN_POINT('',(3.617152746209,0.846501334006));
#5368 = CARTESIAN_POINT('',(3.617877519947,0.854001936901));
#5369 = CARTESIAN_POINT('',(3.618603201956,0.861501329071));
#5370 = CARTESIAN_POINT('',(3.620056740173,0.876501330791));
#5371 = CARTESIAN_POINT('',(3.620784597268,0.884001939159));
#5372 = CARTESIAN_POINT('',(3.621513367619,0.891501325797));
#5373 = CARTESIAN_POINT('',(3.622973097243,0.906501327535));
#5374 = CARTESIAN_POINT('',(3.623704057416,0.91400194143));
#5375 = CARTESIAN_POINT('',(3.624435935862,0.92150132248));
#5376 = CARTESIAN_POINT('',(3.625901896536,0.936501324235));
#5377 = CARTESIAN_POINT('',(3.626635979677,0.944001943713));
#5378 = CARTESIAN_POINT('',(3.627370986141,0.951501319118));
#5379 = CARTESIAN_POINT('',(3.629113301662,0.969253100835));
#5380 = CARTESIAN_POINT('',(3.630121415847,0.979504420374));
#5381 = CARTESIAN_POINT('',(3.631131265919,0.989753391077));
#5382 = CARTESIAN_POINT('',(3.632142857143,1.));
#5383 = ( GEOMETRIC_REPRESENTATION_CONTEXT(2) 
PARAMETRIC_REPRESENTATION_CONTEXT() REPRESENTATION_CONTEXT('2D SPACE',''
  ) );
#5384 = PCURVE('',#3412,#5385);
#5385 = DEFINITIONAL_REPRESENTATION('',(#5386),#5488);
#5386 = B_SPLINE_CURVE_WITH_KNOTS('',4,(#5387,#5388,#5389,#5390,#5391,
    #5392,#5393,#5394,#5395,#5396,#5397,#5398,#5399,#5400,#5401,#5402,
    #5403,#5404,#5405,#5406,#5407,#5408,#5409,#5410,#5411,#5412,#5413,
    #5414,#5415,#5416,#5417,#5418,#5419,#5420,#5421,#5422,#5423,#5424,
    #5425,#5426,#5427,#5428,#5429,#5430,#5431,#5432,#5433,#5434,#5435,
    #5436,#5437,#5438,#5439,#5440,#5441,#5442,#5443,#5444,#5445,#5446,
    #5447,#5448,#5449,#5450,#5451,#5452,#5453,#5454,#5455,#5456,#5457,
    #5458,#5459,#5460,#5461,#5462,#5463,#5464,#5465,#5466,#5467,#5468,
    #5469,#5470,#5471,#5472,#5473,#5474,#5475,#5476,#5477,#5478,#5479,
    #5480,#5481,#5482,#5483,#5484,#5485,#5486,#5487),.UNSPECIFIED.,.F.,
  .F.,(5,3,3,3,3,3,3,3,3,3,3,3,3,3,3,3,3,3,3,3,3,3,3,3,3,3,3,3,3,3,3,3,3
    ,5),(0.,2.979822027854E-02,5.960773904218E-02,8.942866039554E-02,
    0.119261089552,0.149105132848,0.178960897752,0.208828492886,
    0.238708028031,0.267603032605,0.29750637458,0.327421989228,
    0.35734999108,0.387290495901,0.417243620702,0.447209483759,
    0.477188204624,0.507179904145,0.537184704475,0.567202729095,
    0.597234102825,0.627278951843,0.657337403699,0.687409587333,
    0.717495633092,0.747595672746,0.777709839507,0.807838268044,
    0.837981094502,0.868138456523,0.898310493258,0.928497345389,
    0.958699155149,1.),.UNSPECIFIED.);
#5387 = CARTESIAN_POINT('',(0.,0.));
#5388 = CARTESIAN_POINT('',(1.125211469346E-03,-1.125211469346E-02));
#5389 = CARTESIAN_POINT('',(2.250281970765E-03,-2.250281970765E-02));
#5390 = CARTESIAN_POINT('',(3.375210931823E-03,-3.375210931823E-02));
#5391 = CARTESIAN_POINT('',(5.625211122458E-03,-5.625211122458E-02));
#5392 = CARTESIAN_POINT('',(6.750282243257E-03,-6.750282243257E-02));
#5393 = CARTESIAN_POINT('',(7.875210577855E-03,-7.875210577855E-02));
#5394 = CARTESIAN_POINT('',(1.012521077072E-02,-0.101252107707));
#5395 = CARTESIAN_POINT('',(1.125028251929E-02,-0.112502825193));
#5396 = CARTESIAN_POINT('',(1.237521022018E-02,-0.123752102202));
#5397 = CARTESIAN_POINT('',(1.462521041528E-02,-0.146252104153));
#5398 = CARTESIAN_POINT('',(1.575028279784E-02,-0.157502827978));
#5399 = CARTESIAN_POINT('',(1.687520985871E-02,-0.168752098587));
#5400 = CARTESIAN_POINT('',(1.912521005607E-02,-0.191252100561));
#5401 = CARTESIAN_POINT('',(2.025028307892E-02,-0.202502830789));
#5402 = CARTESIAN_POINT('',(2.137520949338E-02,-0.213752094934));
#5403 = CARTESIAN_POINT('',(2.362520969301E-02,-0.23625209693));
#5404 = CARTESIAN_POINT('',(2.475028336252E-02,-0.247502833625));
#5405 = CARTESIAN_POINT('',(2.587520912412E-02,-0.258752091241));
#5406 = CARTESIAN_POINT('',(2.812520932603E-02,-0.28125209326));
#5407 = CARTESIAN_POINT('',(2.925028364862E-02,-0.292502836486));
#5408 = CARTESIAN_POINT('',(3.037520875084E-02,-0.303752087508));
#5409 = CARTESIAN_POINT('',(3.262520895505E-02,-0.32625208955));
#5410 = CARTESIAN_POINT('',(3.375028393721E-02,-0.337502839372));
#5411 = CARTESIAN_POINT('',(3.487520837348E-02,-0.348752083735));
#5412 = CARTESIAN_POINT('',(3.708769366272E-02,-0.370876936627));
#5413 = CARTESIAN_POINT('',(3.817526431263E-02,-0.381752643126));
#5414 = CARTESIAN_POINT('',(3.926269305565E-02,-0.392626930557));
#5415 = CARTESIAN_POINT('',(4.14752082135E-02,-0.414752082135));
#5416 = CARTESIAN_POINT('',(4.260028451204E-02,-0.42600284512));
#5417 = CARTESIAN_POINT('',(4.372520761908E-02,-0.437252076191));
#5418 = CARTESIAN_POINT('',(4.59752078302E-02,-0.459752078302));
#5419 = CARTESIAN_POINT('',(4.710028480799E-02,-0.47100284808));
#5420 = CARTESIAN_POINT('',(4.82252072291E-02,-0.482252072291));
#5421 = CARTESIAN_POINT('',(5.047520744258E-02,-0.504752074426));
#5422 = CARTESIAN_POINT('',(5.160028510639E-02,-0.516002851064));
#5423 = CARTESIAN_POINT('',(5.272520683471E-02,-0.527252068347));
#5424 = CARTESIAN_POINT('',(5.497520705055E-02,-0.549752070506));
#5425 = CARTESIAN_POINT('',(5.610028540723E-02,-0.561002854072));
#5426 = CARTESIAN_POINT('',(5.722520643581E-02,-0.572252064358));
#5427 = CARTESIAN_POINT('',(5.947520665404E-02,-0.59475206654));
#5428 = CARTESIAN_POINT('',(6.060028571049E-02,-0.606002857105));
#5429 = CARTESIAN_POINT('',(6.172520603231E-02,-0.617252060323));
#5430 = CARTESIAN_POINT('',(6.397520625294E-02,-0.639752062529));
#5431 = CARTESIAN_POINT('',(6.510028601616E-02,-0.651002860162));
#5432 = CARTESIAN_POINT('',(6.622520562413E-02,-0.662252056241));
#5433 = CARTESIAN_POINT('',(6.847520584717E-02,-0.684752058472));
#5434 = CARTESIAN_POINT('',(6.960028632422E-02,-0.696002863242));
#5435 = CARTESIAN_POINT('',(7.072520521117E-02,-0.707252052112));
#5436 = CARTESIAN_POINT('',(7.297520543664E-02,-0.729752054366));
#5437 = CARTESIAN_POINT('',(7.410028663465E-02,-0.741002866346));
#5438 = CARTESIAN_POINT('',(7.522520479333E-02,-0.752252047933));
#5439 = CARTESIAN_POINT('',(7.747520502124E-02,-0.774752050212));
#5440 = CARTESIAN_POINT('',(7.860028694742E-02,-0.786002869474));
#5441 = CARTESIAN_POINT('',(7.972520437051E-02,-0.797252043705));
#5442 = CARTESIAN_POINT('',(8.197520460087E-02,-0.819752046009));
#5443 = CARTESIAN_POINT('',(8.310028726252E-02,-0.831002872625));
#5444 = CARTESIAN_POINT('',(8.422520394262E-02,-0.842252039426));
#5445 = CARTESIAN_POINT('',(8.647520417545E-02,-0.864752041754));
#5446 = CARTESIAN_POINT('',(8.760028757992E-02,-0.876002875799));
#5447 = CARTESIAN_POINT('',(8.872520350955E-02,-0.887252035095));
#5448 = CARTESIAN_POINT('',(9.097520374485E-02,-0.909752037449));
#5449 = CARTESIAN_POINT('',(9.210028789959E-02,-0.921002878996));
#5450 = CARTESIAN_POINT('',(9.322520307119E-02,-0.932252030712));
#5451 = CARTESIAN_POINT('',(9.547520330899E-02,-0.95475203309));
#5452 = CARTESIAN_POINT('',(9.660028822151E-02,-0.966002882215));
#5453 = CARTESIAN_POINT('',(9.772520262744E-02,-0.977252026274));
#5454 = CARTESIAN_POINT('',(9.997520286774E-02,-0.999752028677));
#5455 = CARTESIAN_POINT('',(0.101100288546,-1.011002885457));
#5456 = CARTESIAN_POINT('',(0.102225202178,-1.022252021782));
#5457 = CARTESIAN_POINT('',(0.104475202421,-1.04475202421));
#5458 = CARTESIAN_POINT('',(0.105600288872,-1.05600288872));
#5459 = CARTESIAN_POINT('',(0.106725201723,-1.067252017233));
#5460 = CARTESIAN_POINT('',(0.108975201969,-1.089752019687));
#5461 = CARTESIAN_POINT('',(0.1101002892,-1.101002892005));
#5462 = CARTESIAN_POINT('',(0.111225201263,-1.112252012627));
#5463 = CARTESIAN_POINT('',(0.113475201511,-1.134752015106));
#5464 = CARTESIAN_POINT('',(0.114600289531,-1.146002895311));
#5465 = CARTESIAN_POINT('',(0.115725200796,-1.157252007963));
#5466 = CARTESIAN_POINT('',(0.117975201047,-1.179752010467));
#5467 = CARTESIAN_POINT('',(0.119100289864,-1.191002898637));
#5468 = CARTESIAN_POINT('',(0.120225200324,-1.202252003239));
#5469 = CARTESIAN_POINT('',(0.122475200577,-1.224752005768));
#5470 = CARTESIAN_POINT('',(0.123600290198,-1.236002901985));
#5471 = CARTESIAN_POINT('',(0.124725199845,-1.247251998453));
#5472 = CARTESIAN_POINT('',(0.126975200101,-1.269752001009));
#5473 = CARTESIAN_POINT('',(0.128100290535,-1.281002905352));
#5474 = CARTESIAN_POINT('',(0.129225199361,-1.292251993606));
#5475 = CARTESIAN_POINT('',(0.131475199619,-1.314751996187));
#5476 = CARTESIAN_POINT('',(0.132600290874,-1.326002908739));
#5477 = CARTESIAN_POINT('',(0.13372519887,-1.337251988695));
#5478 = CARTESIAN_POINT('',(0.13597519913,-1.359751991302));
#5479 = CARTESIAN_POINT('',(0.137100291214,-1.371002912145));
#5480 = CARTESIAN_POINT('',(0.138225198372,-1.382251983719));
#5481 = CARTESIAN_POINT('',(0.140475198635,-1.404751986352));
#5482 = CARTESIAN_POINT('',(0.141600291557,-1.41600291557));
#5483 = CARTESIAN_POINT('',(0.142725197868,-1.427251978677));
#5484 = CARTESIAN_POINT('',(0.145387965125,-1.453879651253));
#5485 = CARTESIAN_POINT('',(0.146925663056,-1.469256630561));
#5486 = CARTESIAN_POINT('',(0.148463008661,-1.484630086615));
#5487 = CARTESIAN_POINT('',(0.15,-1.5));
#5488 = ( GEOMETRIC_REPRESENTATION_CONTEXT(2) 
PARAMETRIC_REPRESENTATION_CONTEXT() REPRESENTATION_CONTEXT('2D SPACE',''
  ) );
#5489 = ORIENTED_EDGE('',*,*,#5490,.F.);
#5490 = EDGE_CURVE('',#5491,#5174,#5493,.T.);
#5491 = VERTEX_POINT('',#5492);
#5492 = CARTESIAN_POINT('',(0.54,4.E-02,0.4));
#5493 = SURFACE_CURVE('',#5494,(#5596,#5701),.PCURVE_S1.);
#5494 = B_SPLINE_CURVE_WITH_KNOTS('',4,(#5495,#5496,#5497,#5498,#5499,
    #5500,#5501,#5502,#5503,#5504,#5505,#5506,#5507,#5508,#5509,#5510,
    #5511,#5512,#5513,#5514,#5515,#5516,#5517,#5518,#5519,#5520,#5521,
    #5522,#5523,#5524,#5525,#5526,#5527,#5528,#5529,#5530,#5531,#5532,
    #5533,#5534,#5535,#5536,#5537,#5538,#5539,#5540,#5541,#5542,#5543,
    #5544,#5545,#5546,#5547,#5548,#5549,#5550,#5551,#5552,#5553,#5554,
    #5555,#5556,#5557,#5558,#5559,#5560,#5561,#5562,#5563,#5564,#5565,
    #5566,#5567,#5568,#5569,#5570,#5571,#5572,#5573,#5574,#5575,#5576,
    #5577,#5578,#5579,#5580,#5581,#5582,#5583,#5584,#5585,#5586,#5587,
    #5588,#5589,#5590,#5591,#5592,#5593,#5594,#5595),.UNSPECIFIED.,.F.,
  .F.,(5,3,3,3,3,3,3,3,3,3,3,3,3,3,3,3,3,3,3,3,3,3,3,3,3,3,3,3,3,3,3,3,3
    ,5),(0.,2.999999999998E-02,5.999999999995E-02,8.999999999992E-02,
    0.119,0.149,0.179,0.20814479638,0.238,0.268,0.298,0.328,0.358,0.388,
    0.418,0.448,0.478,0.508,0.538,0.568,0.598,0.628,0.658,0.688,0.718,
    0.748,0.778,0.808,0.838,0.868,0.898,0.928,0.958,1.),.UNSPECIFIED.);
#5495 = CARTESIAN_POINT('',(4.E-02,4.E-02,0.4));
#5496 = CARTESIAN_POINT('',(7.314999999999E-02,4.E-02,0.4));
#5497 = CARTESIAN_POINT('',(0.1063,4.E-02,0.4));
#5498 = CARTESIAN_POINT('',(0.13945,4.E-02,0.4));
#5499 = CARTESIAN_POINT('',(0.20575,4.E-02,0.4));
#5500 = CARTESIAN_POINT('',(0.2389,4.E-02,0.4));
#5501 = CARTESIAN_POINT('',(0.27205,4.E-02,0.4));
#5502 = CARTESIAN_POINT('',(0.33835,4.E-02,0.4));
#5503 = CARTESIAN_POINT('',(0.3715,4.E-02,0.4));
#5504 = CARTESIAN_POINT('',(0.40465,4.E-02,0.4));
#5505 = CARTESIAN_POINT('',(0.469845,4.E-02,0.4));
#5506 = CARTESIAN_POINT('',(0.50189,4.E-02,0.4));
#5507 = CARTESIAN_POINT('',(0.533935,4.E-02,0.4));
#5508 = CARTESIAN_POINT('',(0.59913,4.E-02,0.4));
#5509 = CARTESIAN_POINT('',(0.63228,4.E-02,0.4));
#5510 = CARTESIAN_POINT('',(0.66543,4.E-02,0.4));
#5511 = CARTESIAN_POINT('',(0.73173,4.E-02,0.4));
#5512 = CARTESIAN_POINT('',(0.76488,4.E-02,0.4));
#5513 = CARTESIAN_POINT('',(0.79803,4.E-02,0.4));
#5514 = CARTESIAN_POINT('',(0.863385,4.E-02,0.4));
#5515 = CARTESIAN_POINT('',(0.89559,4.E-02,0.4));
#5516 = CARTESIAN_POINT('',(0.927795,4.E-02,0.4));
#5517 = CARTESIAN_POINT('',(0.99299,4.E-02,0.4));
#5518 = CARTESIAN_POINT('',(1.02598,4.E-02,0.4));
#5519 = CARTESIAN_POINT('',(1.05897,4.E-02,0.4));
#5520 = CARTESIAN_POINT('',(1.12511,4.E-02,0.4));
#5521 = CARTESIAN_POINT('',(1.15826,4.E-02,0.4));
#5522 = CARTESIAN_POINT('',(1.19141,4.E-02,0.4));
#5523 = CARTESIAN_POINT('',(1.25771,4.E-02,0.4));
#5524 = CARTESIAN_POINT('',(1.29086,4.E-02,0.4));
#5525 = CARTESIAN_POINT('',(1.32401,4.E-02,0.4));
#5526 = CARTESIAN_POINT('',(1.39031,4.E-02,0.4));
#5527 = CARTESIAN_POINT('',(1.42346,4.E-02,0.4));
#5528 = CARTESIAN_POINT('',(1.45661,4.E-02,0.4));
#5529 = CARTESIAN_POINT('',(1.52291,4.E-02,0.4));
#5530 = CARTESIAN_POINT('',(1.55606,4.E-02,0.4));
#5531 = CARTESIAN_POINT('',(1.58921,4.E-02,0.4));
#5532 = CARTESIAN_POINT('',(1.65551,4.E-02,0.4));
#5533 = CARTESIAN_POINT('',(1.68866,4.E-02,0.4));
#5534 = CARTESIAN_POINT('',(1.72181,4.E-02,0.4));
#5535 = CARTESIAN_POINT('',(1.78811,4.E-02,0.4));
#5536 = CARTESIAN_POINT('',(1.82126,4.E-02,0.4));
#5537 = CARTESIAN_POINT('',(1.85441,4.E-02,0.4));
#5538 = CARTESIAN_POINT('',(1.92071,4.E-02,0.4));
#5539 = CARTESIAN_POINT('',(1.95386,4.E-02,0.4));
#5540 = CARTESIAN_POINT('',(1.98701,4.E-02,0.4));
#5541 = CARTESIAN_POINT('',(2.05331,4.E-02,0.4));
#5542 = CARTESIAN_POINT('',(2.08646,4.E-02,0.4));
#5543 = CARTESIAN_POINT('',(2.11961,4.E-02,0.4));
#5544 = CARTESIAN_POINT('',(2.18591,4.E-02,0.4));
#5545 = CARTESIAN_POINT('',(2.21906,4.E-02,0.4));
#5546 = CARTESIAN_POINT('',(2.25221,4.E-02,0.4));
#5547 = CARTESIAN_POINT('',(2.31851,4.E-02,0.4));
#5548 = CARTESIAN_POINT('',(2.35166,4.E-02,0.4));
#5549 = CARTESIAN_POINT('',(2.38481,4.E-02,0.4));
#5550 = CARTESIAN_POINT('',(2.45111,4.E-02,0.4));
#5551 = CARTESIAN_POINT('',(2.48426,4.E-02,0.4));
#5552 = CARTESIAN_POINT('',(2.51741,4.E-02,0.4));
#5553 = CARTESIAN_POINT('',(2.58371,4.E-02,0.4));
#5554 = CARTESIAN_POINT('',(2.61686,4.E-02,0.4));
#5555 = CARTESIAN_POINT('',(2.65001,4.E-02,0.4));
#5556 = CARTESIAN_POINT('',(2.71631,4.E-02,0.4));
#5557 = CARTESIAN_POINT('',(2.74946,4.E-02,0.4));
#5558 = CARTESIAN_POINT('',(2.78261,4.E-02,0.4));
#5559 = CARTESIAN_POINT('',(2.84891,4.E-02,0.4));
#5560 = CARTESIAN_POINT('',(2.88206,4.E-02,0.4));
#5561 = CARTESIAN_POINT('',(2.91521,4.E-02,0.4));
#5562 = CARTESIAN_POINT('',(2.98151,4.E-02,0.4));
#5563 = CARTESIAN_POINT('',(3.01466,4.E-02,0.4));
#5564 = CARTESIAN_POINT('',(3.04781,4.E-02,0.4));
#5565 = CARTESIAN_POINT('',(3.11411,4.E-02,0.4));
#5566 = CARTESIAN_POINT('',(3.14726,4.E-02,0.4));
#5567 = CARTESIAN_POINT('',(3.18041,4.E-02,0.4));
#5568 = CARTESIAN_POINT('',(3.24671,4.E-02,0.4));
#5569 = CARTESIAN_POINT('',(3.27986,4.E-02,0.4));
#5570 = CARTESIAN_POINT('',(3.31301,4.E-02,0.4));
#5571 = CARTESIAN_POINT('',(3.37931,4.E-02,0.4));
#5572 = CARTESIAN_POINT('',(3.41246,4.E-02,0.4));
#5573 = CARTESIAN_POINT('',(3.44561,4.E-02,0.4));
#5574 = CARTESIAN_POINT('',(3.51191,4.E-02,0.4));
#5575 = CARTESIAN_POINT('',(3.54506,4.E-02,0.4));
#5576 = CARTESIAN_POINT('',(3.57821,4.E-02,0.4));
#5577 = CARTESIAN_POINT('',(3.64451,4.E-02,0.4));
#5578 = CARTESIAN_POINT('',(3.67766,4.E-02,0.4));
#5579 = CARTESIAN_POINT('',(3.71081,4.E-02,0.4));
#5580 = CARTESIAN_POINT('',(3.77711,4.E-02,0.4));
#5581 = CARTESIAN_POINT('',(3.81026,4.E-02,0.4));
#5582 = CARTESIAN_POINT('',(3.84341,4.E-02,0.4));
#5583 = CARTESIAN_POINT('',(3.90971,4.E-02,0.4));
#5584 = CARTESIAN_POINT('',(3.94286,4.E-02,0.4));
#5585 = CARTESIAN_POINT('',(3.97601,4.E-02,0.4));
#5586 = CARTESIAN_POINT('',(4.04231,4.E-02,0.4));
#5587 = CARTESIAN_POINT('',(4.07546,4.E-02,0.4));
#5588 = CARTESIAN_POINT('',(4.10861,4.E-02,0.4));
#5589 = CARTESIAN_POINT('',(4.17491,4.E-02,0.4));
#5590 = CARTESIAN_POINT('',(4.20806,4.E-02,0.4));
#5591 = CARTESIAN_POINT('',(4.24121,4.E-02,0.4));
#5592 = CARTESIAN_POINT('',(4.32077,4.E-02,0.4));
#5593 = CARTESIAN_POINT('',(4.36718,4.E-02,0.4));
#5594 = CARTESIAN_POINT('',(4.41359,4.E-02,0.4));
#5595 = CARTESIAN_POINT('',(4.46,4.E-02,0.4));
#5596 = PCURVE('',#2473,#5597);
#5597 = DEFINITIONAL_REPRESENTATION('',(#5598),#5700);
#5598 = B_SPLINE_CURVE_WITH_KNOTS('',4,(#5599,#5600,#5601,#5602,#5603,
    #5604,#5605,#5606,#5607,#5608,#5609,#5610,#5611,#5612,#5613,#5614,
    #5615,#5616,#5617,#5618,#5619,#5620,#5621,#5622,#5623,#5624,#5625,
    #5626,#5627,#5628,#5629,#5630,#5631,#5632,#5633,#5634,#5635,#5636,
    #5637,#5638,#5639,#5640,#5641,#5642,#5643,#5644,#5645,#5646,#5647,
    #5648,#5649,#5650,#5651,#5652,#5653,#5654,#5655,#5656,#5657,#5658,
    #5659,#5660,#5661,#5662,#5663,#5664,#5665,#5666,#5667,#5668,#5669,
    #5670,#5671,#5672,#5673,#5674,#5675,#5676,#5677,#5678,#5679,#5680,
    #5681,#5682,#5683,#5684,#5685,#5686,#5687,#5688,#5689,#5690,#5691,
    #5692,#5693,#5694,#5695,#5696,#5697,#5698,#5699),.UNSPECIFIED.,.F.,
  .F.,(5,3,3,3,3,3,3,3,3,3,3,3,3,3,3,3,3,3,3,3,3,3,3,3,3,3,3,3,3,3,3,3,3
    ,5),(0.,2.999999999998E-02,5.999999999995E-02,8.999999999992E-02,
    0.119,0.149,0.179,0.20814479638,0.238,0.268,0.298,0.328,0.358,0.388,
    0.418,0.448,0.478,0.508,0.538,0.568,0.598,0.628,0.658,0.688,0.718,
    0.748,0.778,0.808,0.838,0.868,0.898,0.928,0.958,1.),.UNSPECIFIED.);
#5599 = CARTESIAN_POINT('',(4.5,0.266666666667));
#5600 = CARTESIAN_POINT('',(4.46625,0.266666666667));
#5601 = CARTESIAN_POINT('',(4.4325,0.266666666667));
#5602 = CARTESIAN_POINT('',(4.39875,0.266666666667));
#5603 = CARTESIAN_POINT('',(4.33125,0.266666666667));
#5604 = CARTESIAN_POINT('',(4.2975,0.266666666667));
#5605 = CARTESIAN_POINT('',(4.26375,0.266666666667));
#5606 = CARTESIAN_POINT('',(4.19625,0.266666666667));
#5607 = CARTESIAN_POINT('',(4.1625,0.266666666667));
#5608 = CARTESIAN_POINT('',(4.12875,0.266666666667));
#5609 = CARTESIAN_POINT('',(4.062375,0.266666666667));
#5610 = CARTESIAN_POINT('',(4.02975,0.266666666667));
#5611 = CARTESIAN_POINT('',(3.997125,0.266666666667));
#5612 = CARTESIAN_POINT('',(3.93075,0.266666666667));
#5613 = CARTESIAN_POINT('',(3.897,0.266666666667));
#5614 = CARTESIAN_POINT('',(3.86325,0.266666666667));
#5615 = CARTESIAN_POINT('',(3.79575,0.266666666667));
#5616 = CARTESIAN_POINT('',(3.762,0.266666666667));
#5617 = CARTESIAN_POINT('',(3.72825,0.266666666667));
#5618 = CARTESIAN_POINT('',(3.661712104072,0.266666666667));
#5619 = CARTESIAN_POINT('',(3.628924208145,0.266666666667));
#5620 = CARTESIAN_POINT('',(3.596136312217,0.266666666667));
#5621 = CARTESIAN_POINT('',(3.529761312217,0.266666666667));
#5622 = CARTESIAN_POINT('',(3.496174208145,0.266666666667));
#5623 = CARTESIAN_POINT('',(3.462587104072,0.266666666667));
#5624 = CARTESIAN_POINT('',(3.39525,0.266666666667));
#5625 = CARTESIAN_POINT('',(3.3615,0.266666666667));
#5626 = CARTESIAN_POINT('',(3.32775,0.266666666667));
#5627 = CARTESIAN_POINT('',(3.26025,0.266666666667));
#5628 = CARTESIAN_POINT('',(3.2265,0.266666666667));
#5629 = CARTESIAN_POINT('',(3.19275,0.266666666667));
#5630 = CARTESIAN_POINT('',(3.12525,0.266666666667));
#5631 = CARTESIAN_POINT('',(3.0915,0.266666666667));
#5632 = CARTESIAN_POINT('',(3.05775,0.266666666667));
#5633 = CARTESIAN_POINT('',(2.99025,0.266666666667));
#5634 = CARTESIAN_POINT('',(2.9565,0.266666666667));
#5635 = CARTESIAN_POINT('',(2.92275,0.266666666667));
#5636 = CARTESIAN_POINT('',(2.85525,0.266666666667));
#5637 = CARTESIAN_POINT('',(2.8215,0.266666666667));
#5638 = CARTESIAN_POINT('',(2.78775,0.266666666667));
#5639 = CARTESIAN_POINT('',(2.72025,0.266666666667));
#5640 = CARTESIAN_POINT('',(2.6865,0.266666666667));
#5641 = CARTESIAN_POINT('',(2.65275,0.266666666667));
#5642 = CARTESIAN_POINT('',(2.58525,0.266666666667));
#5643 = CARTESIAN_POINT('',(2.5515,0.266666666667));
#5644 = CARTESIAN_POINT('',(2.51775,0.266666666667));
#5645 = CARTESIAN_POINT('',(2.45025,0.266666666667));
#5646 = CARTESIAN_POINT('',(2.4165,0.266666666667));
#5647 = CARTESIAN_POINT('',(2.38275,0.266666666667));
#5648 = CARTESIAN_POINT('',(2.31525,0.266666666667));
#5649 = CARTESIAN_POINT('',(2.2815,0.266666666667));
#5650 = CARTESIAN_POINT('',(2.24775,0.266666666667));
#5651 = CARTESIAN_POINT('',(2.18025,0.266666666667));
#5652 = CARTESIAN_POINT('',(2.1465,0.266666666667));
#5653 = CARTESIAN_POINT('',(2.11275,0.266666666667));
#5654 = CARTESIAN_POINT('',(2.04525,0.266666666667));
#5655 = CARTESIAN_POINT('',(2.0115,0.266666666667));
#5656 = CARTESIAN_POINT('',(1.97775,0.266666666667));
#5657 = CARTESIAN_POINT('',(1.91025,0.266666666667));
#5658 = CARTESIAN_POINT('',(1.8765,0.266666666667));
#5659 = CARTESIAN_POINT('',(1.84275,0.266666666667));
#5660 = CARTESIAN_POINT('',(1.77525,0.266666666667));
#5661 = CARTESIAN_POINT('',(1.7415,0.266666666667));
#5662 = CARTESIAN_POINT('',(1.70775,0.266666666667));
#5663 = CARTESIAN_POINT('',(1.64025,0.266666666667));
#5664 = CARTESIAN_POINT('',(1.6065,0.266666666667));
#5665 = CARTESIAN_POINT('',(1.57275,0.266666666667));
#5666 = CARTESIAN_POINT('',(1.50525,0.266666666667));
#5667 = CARTESIAN_POINT('',(1.4715,0.266666666667));
#5668 = CARTESIAN_POINT('',(1.43775,0.266666666667));
#5669 = CARTESIAN_POINT('',(1.37025,0.266666666667));
#5670 = CARTESIAN_POINT('',(1.3365,0.266666666667));
#5671 = CARTESIAN_POINT('',(1.30275,0.266666666667));
#5672 = CARTESIAN_POINT('',(1.23525,0.266666666667));
#5673 = CARTESIAN_POINT('',(1.2015,0.266666666667));
#5674 = CARTESIAN_POINT('',(1.16775,0.266666666667));
#5675 = CARTESIAN_POINT('',(1.10025,0.266666666667));
#5676 = CARTESIAN_POINT('',(1.0665,0.266666666667));
#5677 = CARTESIAN_POINT('',(1.03275,0.266666666667));
#5678 = CARTESIAN_POINT('',(0.96525,0.266666666667));
#5679 = CARTESIAN_POINT('',(0.9315,0.266666666667));
#5680 = CARTESIAN_POINT('',(0.89775,0.266666666667));
#5681 = CARTESIAN_POINT('',(0.83025,0.266666666667));
#5682 = CARTESIAN_POINT('',(0.7965,0.266666666667));
#5683 = CARTESIAN_POINT('',(0.76275,0.266666666667));
#5684 = CARTESIAN_POINT('',(0.69525,0.266666666667));
#5685 = CARTESIAN_POINT('',(0.6615,0.266666666667));
#5686 = CARTESIAN_POINT('',(0.62775,0.266666666667));
#5687 = CARTESIAN_POINT('',(0.56025,0.266666666667));
#5688 = CARTESIAN_POINT('',(0.5265,0.266666666667));
#5689 = CARTESIAN_POINT('',(0.49275,0.266666666667));
#5690 = CARTESIAN_POINT('',(0.42525,0.266666666667));
#5691 = CARTESIAN_POINT('',(0.3915,0.266666666667));
#5692 = CARTESIAN_POINT('',(0.35775,0.266666666667));
#5693 = CARTESIAN_POINT('',(0.29025,0.266666666667));
#5694 = CARTESIAN_POINT('',(0.2565,0.266666666667));
#5695 = CARTESIAN_POINT('',(0.22275,0.266666666667));
#5696 = CARTESIAN_POINT('',(0.14175,0.266666666667));
#5697 = CARTESIAN_POINT('',(9.449999999996E-02,0.266666666667));
#5698 = CARTESIAN_POINT('',(4.724999999998E-02,0.266666666667));
#5699 = CARTESIAN_POINT('',(0.,0.266666666667));
#5700 = ( GEOMETRIC_REPRESENTATION_CONTEXT(2) 
PARAMETRIC_REPRESENTATION_CONTEXT() REPRESENTATION_CONTEXT('2D SPACE',''
  ) );
#5701 = PCURVE('',#5702,#5707);
#5702 = PLANE('',#5703);
#5703 = AXIS2_PLACEMENT_3D('',#5704,#5705,#5706);
#5704 = CARTESIAN_POINT('',(0.54,0.,0.4));
#5705 = DIRECTION('',(0.,0.,-1.));
#5706 = DIRECTION('',(-1.,0.,0.));
#5707 = DEFINITIONAL_REPRESENTATION('',(#5708),#5810);
#5708 = B_SPLINE_CURVE_WITH_KNOTS('',4,(#5709,#5710,#5711,#5712,#5713,
    #5714,#5715,#5716,#5717,#5718,#5719,#5720,#5721,#5722,#5723,#5724,
    #5725,#5726,#5727,#5728,#5729,#5730,#5731,#5732,#5733,#5734,#5735,
    #5736,#5737,#5738,#5739,#5740,#5741,#5742,#5743,#5744,#5745,#5746,
    #5747,#5748,#5749,#5750,#5751,#5752,#5753,#5754,#5755,#5756,#5757,
    #5758,#5759,#5760,#5761,#5762,#5763,#5764,#5765,#5766,#5767,#5768,
    #5769,#5770,#5771,#5772,#5773,#5774,#5775,#5776,#5777,#5778,#5779,
    #5780,#5781,#5782,#5783,#5784,#5785,#5786,#5787,#5788,#5789,#5790,
    #5791,#5792,#5793,#5794,#5795,#5796,#5797,#5798,#5799,#5800,#5801,
    #5802,#5803,#5804,#5805,#5806,#5807,#5808,#5809),.UNSPECIFIED.,.F.,
  .F.,(5,3,3,3,3,3,3,3,3,3,3,3,3,3,3,3,3,3,3,3,3,3,3,3,3,3,3,3,3,3,3,3,3
    ,5),(0.,2.999999999998E-02,5.999999999995E-02,8.999999999992E-02,
    0.119,0.149,0.179,0.20814479638,0.238,0.268,0.298,0.328,0.358,0.388,
    0.418,0.448,0.478,0.508,0.538,0.568,0.598,0.628,0.658,0.688,0.718,
    0.748,0.778,0.808,0.838,0.868,0.898,0.928,0.958,1.),.UNSPECIFIED.);
#5709 = CARTESIAN_POINT('',(0.5,4.E-02));
#5710 = CARTESIAN_POINT('',(0.46685,4.E-02));
#5711 = CARTESIAN_POINT('',(0.4337,4.E-02));
#5712 = CARTESIAN_POINT('',(0.40055,4.E-02));
#5713 = CARTESIAN_POINT('',(0.33425,4.E-02));
#5714 = CARTESIAN_POINT('',(0.3011,4.E-02));
#5715 = CARTESIAN_POINT('',(0.26795,4.E-02));
#5716 = CARTESIAN_POINT('',(0.20165,4.E-02));
#5717 = CARTESIAN_POINT('',(0.1685,4.E-02));
#5718 = CARTESIAN_POINT('',(0.13535,4.E-02));
#5719 = CARTESIAN_POINT('',(7.015499999997E-02,4.E-02));
#5720 = CARTESIAN_POINT('',(3.811E-02,4.E-02));
#5721 = CARTESIAN_POINT('',(6.064999999972E-03,4.E-02));
#5722 = CARTESIAN_POINT('',(-5.913000000001E-02,4.E-02));
#5723 = CARTESIAN_POINT('',(-9.228000000003E-02,4.E-02));
#5724 = CARTESIAN_POINT('',(-0.12543,4.E-02));
#5725 = CARTESIAN_POINT('',(-0.19173,4.E-02));
#5726 = CARTESIAN_POINT('',(-0.22488,4.E-02));
#5727 = CARTESIAN_POINT('',(-0.25803,4.E-02));
#5728 = CARTESIAN_POINT('',(-0.323385,4.E-02));
#5729 = CARTESIAN_POINT('',(-0.35559,4.E-02));
#5730 = CARTESIAN_POINT('',(-0.387795,4.E-02));
#5731 = CARTESIAN_POINT('',(-0.45299,4.E-02));
#5732 = CARTESIAN_POINT('',(-0.48598,4.E-02));
#5733 = CARTESIAN_POINT('',(-0.51897,4.E-02));
#5734 = CARTESIAN_POINT('',(-0.58511,4.E-02));
#5735 = CARTESIAN_POINT('',(-0.61826,4.E-02));
#5736 = CARTESIAN_POINT('',(-0.65141,4.E-02));
#5737 = CARTESIAN_POINT('',(-0.71771,4.E-02));
#5738 = CARTESIAN_POINT('',(-0.75086,4.E-02));
#5739 = CARTESIAN_POINT('',(-0.78401,4.E-02));
#5740 = CARTESIAN_POINT('',(-0.85031,4.E-02));
#5741 = CARTESIAN_POINT('',(-0.88346,4.E-02));
#5742 = CARTESIAN_POINT('',(-0.91661,4.E-02));
#5743 = CARTESIAN_POINT('',(-0.98291,4.E-02));
#5744 = CARTESIAN_POINT('',(-1.01606,4.E-02));
#5745 = CARTESIAN_POINT('',(-1.04921,4.E-02));
#5746 = CARTESIAN_POINT('',(-1.11551,4.E-02));
#5747 = CARTESIAN_POINT('',(-1.14866,4.E-02));
#5748 = CARTESIAN_POINT('',(-1.18181,4.E-02));
#5749 = CARTESIAN_POINT('',(-1.24811,4.E-02));
#5750 = CARTESIAN_POINT('',(-1.28126,4.E-02));
#5751 = CARTESIAN_POINT('',(-1.31441,4.E-02));
#5752 = CARTESIAN_POINT('',(-1.38071,4.E-02));
#5753 = CARTESIAN_POINT('',(-1.41386,4.E-02));
#5754 = CARTESIAN_POINT('',(-1.44701,4.E-02));
#5755 = CARTESIAN_POINT('',(-1.51331,4.E-02));
#5756 = CARTESIAN_POINT('',(-1.54646,4.E-02));
#5757 = CARTESIAN_POINT('',(-1.57961,4.E-02));
#5758 = CARTESIAN_POINT('',(-1.64591,4.E-02));
#5759 = CARTESIAN_POINT('',(-1.67906,4.E-02));
#5760 = CARTESIAN_POINT('',(-1.71221,4.E-02));
#5761 = CARTESIAN_POINT('',(-1.77851,4.E-02));
#5762 = CARTESIAN_POINT('',(-1.81166,4.E-02));
#5763 = CARTESIAN_POINT('',(-1.84481,4.E-02));
#5764 = CARTESIAN_POINT('',(-1.91111,4.E-02));
#5765 = CARTESIAN_POINT('',(-1.94426,4.E-02));
#5766 = CARTESIAN_POINT('',(-1.97741,4.E-02));
#5767 = CARTESIAN_POINT('',(-2.04371,4.E-02));
#5768 = CARTESIAN_POINT('',(-2.07686,4.E-02));
#5769 = CARTESIAN_POINT('',(-2.11001,4.E-02));
#5770 = CARTESIAN_POINT('',(-2.17631,4.E-02));
#5771 = CARTESIAN_POINT('',(-2.20946,4.E-02));
#5772 = CARTESIAN_POINT('',(-2.24261,4.E-02));
#5773 = CARTESIAN_POINT('',(-2.30891,4.E-02));
#5774 = CARTESIAN_POINT('',(-2.34206,4.E-02));
#5775 = CARTESIAN_POINT('',(-2.37521,4.E-02));
#5776 = CARTESIAN_POINT('',(-2.44151,4.E-02));
#5777 = CARTESIAN_POINT('',(-2.47466,4.E-02));
#5778 = CARTESIAN_POINT('',(-2.50781,4.E-02));
#5779 = CARTESIAN_POINT('',(-2.57411,4.E-02));
#5780 = CARTESIAN_POINT('',(-2.60726,4.E-02));
#5781 = CARTESIAN_POINT('',(-2.64041,4.E-02));
#5782 = CARTESIAN_POINT('',(-2.70671,4.E-02));
#5783 = CARTESIAN_POINT('',(-2.73986,4.E-02));
#5784 = CARTESIAN_POINT('',(-2.77301,4.E-02));
#5785 = CARTESIAN_POINT('',(-2.83931,4.E-02));
#5786 = CARTESIAN_POINT('',(-2.87246,4.E-02));
#5787 = CARTESIAN_POINT('',(-2.90561,4.E-02));
#5788 = CARTESIAN_POINT('',(-2.97191,4.E-02));
#5789 = CARTESIAN_POINT('',(-3.00506,4.E-02));
#5790 = CARTESIAN_POINT('',(-3.03821,4.E-02));
#5791 = CARTESIAN_POINT('',(-3.10451,4.E-02));
#5792 = CARTESIAN_POINT('',(-3.13766,4.E-02));
#5793 = CARTESIAN_POINT('',(-3.17081,4.E-02));
#5794 = CARTESIAN_POINT('',(-3.23711,4.E-02));
#5795 = CARTESIAN_POINT('',(-3.27026,4.E-02));
#5796 = CARTESIAN_POINT('',(-3.30341,4.E-02));
#5797 = CARTESIAN_POINT('',(-3.36971,4.E-02));
#5798 = CARTESIAN_POINT('',(-3.40286,4.E-02));
#5799 = CARTESIAN_POINT('',(-3.43601,4.E-02));
#5800 = CARTESIAN_POINT('',(-3.50231,4.E-02));
#5801 = CARTESIAN_POINT('',(-3.53546,4.E-02));
#5802 = CARTESIAN_POINT('',(-3.56861,4.E-02));
#5803 = CARTESIAN_POINT('',(-3.63491,4.E-02));
#5804 = CARTESIAN_POINT('',(-3.66806,4.E-02));
#5805 = CARTESIAN_POINT('',(-3.70121,4.E-02));
#5806 = CARTESIAN_POINT('',(-3.78077,4.E-02));
#5807 = CARTESIAN_POINT('',(-3.82718,4.E-02));
#5808 = CARTESIAN_POINT('',(-3.87359,4.E-02));
#5809 = CARTESIAN_POINT('',(-3.92,4.E-02));
#5810 = ( GEOMETRIC_REPRESENTATION_CONTEXT(2) 
PARAMETRIC_REPRESENTATION_CONTEXT() REPRESENTATION_CONTEXT('2D SPACE',''
  ) );
#5811 = ORIENTED_EDGE('',*,*,#5812,.F.);
#5812 = EDGE_CURVE('',#3318,#5491,#5813,.T.);
#5813 = SURFACE_CURVE('',#5814,(#5916,#6021),.PCURVE_S1.);
#5814 = B_SPLINE_CURVE_WITH_KNOTS('',4,(#5815,#5816,#5817,#5818,#5819,
    #5820,#5821,#5822,#5823,#5824,#5825,#5826,#5827,#5828,#5829,#5830,
    #5831,#5832,#5833,#5834,#5835,#5836,#5837,#5838,#5839,#5840,#5841,
    #5842,#5843,#5844,#5845,#5846,#5847,#5848,#5849,#5850,#5851,#5852,
    #5853,#5854,#5855,#5856,#5857,#5858,#5859,#5860,#5861,#5862,#5863,
    #5864,#5865,#5866,#5867,#5868,#5869,#5870,#5871,#5872,#5873,#5874,
    #5875,#5876,#5877,#5878,#5879,#5880,#5881,#5882,#5883,#5884,#5885,
    #5886,#5887,#5888,#5889,#5890,#5891,#5892,#5893,#5894,#5895,#5896,
    #5897,#5898,#5899,#5900,#5901,#5902,#5903,#5904,#5905,#5906,#5907,
    #5908,#5909,#5910,#5911,#5912,#5913,#5914,#5915),.UNSPECIFIED.,.F.,
  .F.,(5,3,3,3,3,3,3,3,3,3,3,3,3,3,3,3,3,3,3,3,3,3,3,3,3,3,3,3,3,3,3,3,3
    ,5),(0.,2.979820932103E-02,5.960771701023E-02,8.942862717069E-02,
    0.119261045014,0.149105076875,0.178960830222,0.208828413674,
    0.23870793701,0.267602930047,0.29750625996,0.327421862414,
    0.357349851939,0.387290344297,0.417243456499,0.447209306819,
    0.477188014806,0.507179701306,0.537184488471,0.56720249978,
    0.597233860051,0.62727869546,0.657337133554,0.687409303272,
    0.717495334958,0.74759536038,0.777709512749,0.80783792673,
    0.837980738469,0.868138085601,0.898310107278,0.928496944178,
    0.958698738533,1.),.UNSPECIFIED.);
#5815 = CARTESIAN_POINT('',(0.54,5.551115123126E-17,0.));
#5816 = CARTESIAN_POINT('',(0.54,1.125211055584E-03,1.125211055584E-02)
  );
#5817 = CARTESIAN_POINT('',(0.54,2.250281143326E-03,2.250281143326E-02)
  );
#5818 = CARTESIAN_POINT('',(0.54,3.375209690827E-03,3.375209690827E-02)
  );
#5819 = CARTESIAN_POINT('',(0.54,5.625209050137E-03,5.625209050137E-02)
  );
#5820 = CARTESIAN_POINT('',(0.54,6.750279753171E-03,6.750279753171E-02)
  );
#5821 = CARTESIAN_POINT('',(0.54,7.875207670112E-03,7.875207670112E-02)
  );
#5822 = CARTESIAN_POINT('',(0.54,1.012520702341E-02,0.101252070234));
#5823 = CARTESIAN_POINT('',(0.54,1.125027835006E-02,0.112502783501));
#5824 = CARTESIAN_POINT('',(0.54,1.237520562915E-02,0.123752056292));
#5825 = CARTESIAN_POINT('',(0.54,1.462520497635E-02,0.146252049763));
#5826 = CARTESIAN_POINT('',(0.54,1.575027693281E-02,0.157502769328));
#5827 = CARTESIAN_POINT('',(0.54,1.687520356768E-02,0.168752035677));
#5828 = CARTESIAN_POINT('',(0.54,1.912520290868E-02,0.191252029087));
#5829 = CARTESIAN_POINT('',(0.54,2.025027550119E-02,0.202502755012));
#5830 = CARTESIAN_POINT('',(0.54,2.137520148541E-02,0.213752014854));
#5831 = CARTESIAN_POINT('',(0.54,2.362520082014E-02,0.236252008201));
#5832 = CARTESIAN_POINT('',(0.54,2.475027405501E-02,0.24750274055));
#5833 = CARTESIAN_POINT('',(0.54,2.587519938208E-02,0.258751993821));
#5834 = CARTESIAN_POINT('',(0.54,2.812519871046E-02,0.281251987105));
#5835 = CARTESIAN_POINT('',(0.54,2.925027259405E-02,0.292502725941));
#5836 = CARTESIAN_POINT('',(0.54,3.03751972574E-02,0.303751972574));
#5837 = CARTESIAN_POINT('',(0.54,3.262519657934E-02,0.326251965793));
#5838 = CARTESIAN_POINT('',(0.54,3.375027111811E-02,0.337502711181));
#5839 = CARTESIAN_POINT('',(0.54,3.48751951111E-02,0.348751951111));
#5840 = CARTESIAN_POINT('',(0.54,3.708767952423E-02,0.370876795242));
#5841 = CARTESIAN_POINT('',(0.54,3.81752497413E-02,0.381752497413));
#5842 = CARTESIAN_POINT('',(0.54,3.92626780516E-02,0.392626780516));
#5843 = CARTESIAN_POINT('',(0.54,4.14751923245E-02,0.414751923245));
#5844 = CARTESIAN_POINT('',(0.54,4.260026817085E-02,0.426002681708));
#5845 = CARTESIAN_POINT('',(0.54,4.372519082582E-02,0.437251908258));
#5846 = CARTESIAN_POINT('',(0.54,4.59751901281E-02,0.459751901281));
#5847 = CARTESIAN_POINT('',(0.54,4.710026664914E-02,0.471002666491));
#5848 = CARTESIAN_POINT('',(0.54,4.822518861363E-02,0.482251886136));
#5849 = CARTESIAN_POINT('',(0.54,5.04751879091E-02,0.504751879091));
#5850 = CARTESIAN_POINT('',(0.54,5.160026511155E-02,0.516002651115));
#5851 = CARTESIAN_POINT('',(0.54,5.272518637863E-02,0.527251863786));
#5852 = CARTESIAN_POINT('',(0.54,5.49751856672E-02,0.549751856672));
#5853 = CARTESIAN_POINT('',(0.54,5.610026355785E-02,0.561002635578));
#5854 = CARTESIAN_POINT('',(0.54,5.722518412053E-02,0.572251841205));
#5855 = CARTESIAN_POINT('',(0.54,5.94751834021E-02,0.594751834021));
#5856 = CARTESIAN_POINT('',(0.54,6.060026198779E-02,0.606002619878));
#5857 = CARTESIAN_POINT('',(0.54,6.172518183899E-02,0.61725181839));
#5858 = CARTESIAN_POINT('',(0.54,6.397518111346E-02,0.639751811135));
#5859 = CARTESIAN_POINT('',(0.54,6.510026040114E-02,0.651002604011));
#5860 = CARTESIAN_POINT('',(0.54,6.622517953371E-02,0.662251795337));
#5861 = CARTESIAN_POINT('',(0.54,6.847517880098E-02,0.68475178801));
#5862 = CARTESIAN_POINT('',(0.54,6.960025879765E-02,0.696002587977));
#5863 = CARTESIAN_POINT('',(0.54,7.072517720437E-02,0.707251772044));
#5864 = CARTESIAN_POINT('',(0.54,7.297517646433E-02,0.729751764643));
#5865 = CARTESIAN_POINT('',(0.54,7.410025717707E-02,0.741002571771));
#5866 = CARTESIAN_POINT('',(0.54,7.522517485062E-02,0.752251748506));
#5867 = CARTESIAN_POINT('',(0.54,7.747517410317E-02,0.774751741032));
#5868 = CARTESIAN_POINT('',(0.54,7.860025553913E-02,0.786002555391));
#5869 = CARTESIAN_POINT('',(0.54,7.972517247213E-02,0.797251724721));
#5870 = CARTESIAN_POINT('',(0.54,8.197517171717E-02,0.819751717172));
#5871 = CARTESIAN_POINT('',(0.54,8.310025388357E-02,0.831002538836));
#5872 = CARTESIAN_POINT('',(0.54,8.422517006858E-02,0.842251700686));
#5873 = CARTESIAN_POINT('',(0.54,8.647516930599E-02,0.86475169306));
#5874 = CARTESIAN_POINT('',(0.54,8.760025221014E-02,0.876002522101));
#5875 = CARTESIAN_POINT('',(0.54,8.87251676396E-02,0.887251676396));
#5876 = CARTESIAN_POINT('',(0.54,9.097516686927E-02,0.909751668693));
#5877 = CARTESIAN_POINT('',(0.54,9.210025051854E-02,0.921002505185));
#5878 = CARTESIAN_POINT('',(0.54,9.322516518484E-02,0.932251651848));
#5879 = CARTESIAN_POINT('',(0.54,9.547516440666E-02,0.954751644067));
#5880 = CARTESIAN_POINT('',(0.54,9.660024880852E-02,0.966002488085));
#5881 = CARTESIAN_POINT('',(0.54,9.772516270395E-02,0.97725162704));
#5882 = CARTESIAN_POINT('',(0.54,9.997516191781E-02,0.999751619178));
#5883 = CARTESIAN_POINT('',(0.54,0.10110024708,1.011002470798));
#5884 = CARTESIAN_POINT('',(0.54,0.102225160197,1.022251601966));
#5885 = CARTESIAN_POINT('',(0.54,0.104475159402,1.044751594023));
#5886 = CARTESIAN_POINT('',(0.54,0.105600245332,1.056002453321));
#5887 = CARTESIAN_POINT('',(0.54,0.106725157662,1.067251576623));
#5888 = CARTESIAN_POINT('',(0.54,0.10897515686,1.089751568599));
#5889 = CARTESIAN_POINT('',(0.54,0.110100243565,1.10100243565));
#5890 = CARTESIAN_POINT('',(0.54,0.111225155101,1.112251551008));
#5891 = CARTESIAN_POINT('',(0.54,0.11347515429,1.134751542901));
#5892 = CARTESIAN_POINT('',(0.54,0.114600241778,1.146002417784));
#5893 = CARTESIAN_POINT('',(0.54,0.115725152512,1.157251525117));
#5894 = CARTESIAN_POINT('',(0.54,0.117975151692,1.179751516925));
#5895 = CARTESIAN_POINT('',(0.54,0.119100239972,1.191002399719));
#5896 = CARTESIAN_POINT('',(0.54,0.120225149895,1.202251498945));
#5897 = CARTESIAN_POINT('',(0.54,0.122475149067,1.224751490668));
#5898 = CARTESIAN_POINT('',(0.54,0.123600238145,1.236002381452));
#5899 = CARTESIAN_POINT('',(0.54,0.124725147249,1.24725147249));
#5900 = CARTESIAN_POINT('',(0.54,0.126975146413,1.269751464125));
#5901 = CARTESIAN_POINT('',(0.54,0.128100236298,1.281002362979));
#5902 = CARTESIAN_POINT('',(0.54,0.129225144575,1.292251445746));
#5903 = CARTESIAN_POINT('',(0.54,0.131475143729,1.314751437293));
#5904 = CARTESIAN_POINT('',(0.54,0.13260023443,1.326002344298));
#5905 = CARTESIAN_POINT('',(0.54,0.133725141871,1.33725141871));
#5906 = CARTESIAN_POINT('',(0.54,0.135975141017,1.359751410167));
#5907 = CARTESIAN_POINT('',(0.54,0.137100232541,1.371002325406));
#5908 = CARTESIAN_POINT('',(0.54,0.138225139138,1.382251391377));
#5909 = CARTESIAN_POINT('',(0.54,0.140475138274,1.404751382744));
#5910 = CARTESIAN_POINT('',(0.54,0.14160023063,1.416002306298));
#5911 = CARTESIAN_POINT('',(0.54,0.142725136374,1.427251363744));
#5912 = CARTESIAN_POINT('',(0.54,0.145387918591,1.453879185914));
#5913 = CARTESIAN_POINT('',(0.54,0.146925632041,1.469256320407));
#5914 = CARTESIAN_POINT('',(0.54,0.148462993157,1.484629931574));
#5915 = CARTESIAN_POINT('',(0.54,0.15,1.5));
#5916 = PCURVE('',#2473,#5917);
#5917 = DEFINITIONAL_REPRESENTATION('',(#5918),#6020);
#5918 = B_SPLINE_CURVE_WITH_KNOTS('',4,(#5919,#5920,#5921,#5922,#5923,
    #5924,#5925,#5926,#5927,#5928,#5929,#5930,#5931,#5932,#5933,#5934,
    #5935,#5936,#5937,#5938,#5939,#5940,#5941,#5942,#5943,#5944,#5945,
    #5946,#5947,#5948,#5949,#5950,#5951,#5952,#5953,#5954,#5955,#5956,
    #5957,#5958,#5959,#5960,#5961,#5962,#5963,#5964,#5965,#5966,#5967,
    #5968,#5969,#5970,#5971,#5972,#5973,#5974,#5975,#5976,#5977,#5978,
    #5979,#5980,#5981,#5982,#5983,#5984,#5985,#5986,#5987,#5988,#5989,
    #5990,#5991,#5992,#5993,#5994,#5995,#5996,#5997,#5998,#5999,#6000,
    #6001,#6002,#6003,#6004,#6005,#6006,#6007,#6008,#6009,#6010,#6011,
    #6012,#6013,#6014,#6015,#6016,#6017,#6018,#6019),.UNSPECIFIED.,.F.,
  .F.,(5,3,3,3,3,3,3,3,3,3,3,3,3,3,3,3,3,3,3,3,3,3,3,3,3,3,3,3,3,3,3,3,3
    ,5),(0.,2.979820932103E-02,5.960771701023E-02,8.942862717069E-02,
    0.119261045014,0.149105076875,0.178960830222,0.208828413674,
    0.23870793701,0.267602930047,0.29750625996,0.327421862414,
    0.357349851939,0.387290344297,0.417243456499,0.447209306819,
    0.477188014806,0.507179701306,0.537184488471,0.56720249978,
    0.597233860051,0.62727869546,0.657337133554,0.687409303272,
    0.717495334958,0.74759536038,0.777709512749,0.80783792673,
    0.837980738469,0.868138085601,0.898310107278,0.928496944178,
    0.958698738533,1.),.UNSPECIFIED.);
#5919 = CARTESIAN_POINT('',(3.96,0.));
#5920 = CARTESIAN_POINT('',(3.960855160413,7.501407037224E-03));
#5921 = CARTESIAN_POINT('',(3.961711354087,1.500187428884E-02));
#5922 = CARTESIAN_POINT('',(3.962568583427,2.250139793884E-02));
#5923 = CARTESIAN_POINT('',(3.964285443507,3.750139366758E-02));
#5924 = CARTESIAN_POINT('',(3.965145075043,4.500186502114E-02));
#5925 = CARTESIAN_POINT('',(3.966005747725,5.250138446741E-02));
#5926 = CARTESIAN_POINT('',(3.967729509738,6.750138015605E-02));
#5927 = CARTESIAN_POINT('',(3.968592599867,7.50018556671E-02));
#5928 = CARTESIAN_POINT('',(3.969456736685,8.250137086102E-02));
#5929 = CARTESIAN_POINT('',(3.971187442333,9.750136650897E-02));
#5930 = CARTESIAN_POINT('',(3.972054011973,0.105001846219));
#5931 = CARTESIAN_POINT('',(3.972921633881,0.112501357118));
#5932 = CARTESIAN_POINT('',(3.974659325205,0.127501352725));
#5933 = CARTESIAN_POINT('',(3.975529395443,0.135001836675));
#5934 = CARTESIAN_POINT('',(3.976400523563,0.142501343236));
#5935 = CARTESIAN_POINT('',(3.978145242943,0.157501338801));
#5936 = CARTESIAN_POINT('',(3.979018835035,0.165001827033));
#5937 = CARTESIAN_POINT('',(3.979893490662,0.172501329214));
#5938 = CARTESIAN_POINT('',(3.981645280821,0.187501324736));
#5939 = CARTESIAN_POINT('',(3.982522416198,0.195001817294));
#5940 = CARTESIAN_POINT('',(3.983400620798,0.202501315049));
#5941 = CARTESIAN_POINT('',(3.985159524807,0.217501310529));
#5942 = CARTESIAN_POINT('',(3.986040225073,0.225001807454));
#5943 = CARTESIAN_POINT('',(3.986922000286,0.232501300741));
#5944 = CARTESIAN_POINT('',(3.988658615505,0.247251196828));
#5945 = CARTESIAN_POINT('',(3.98951338568,0.254501664942));
#5946 = CARTESIAN_POINT('',(3.990369165628,0.261751187011));
#5947 = CARTESIAN_POINT('',(3.992112648632,0.276501282163));
#5948 = CARTESIAN_POINT('',(3.993000423551,0.284001787806));
#5949 = CARTESIAN_POINT('',(3.993889284786,0.291501272172));
#5950 = CARTESIAN_POINT('',(3.995669550069,0.306501267521));
#5951 = CARTESIAN_POINT('',(3.996560955011,0.314001777661));
#5952 = CARTESIAN_POINT('',(3.997453452106,0.321501257424));
#5953 = CARTESIAN_POINT('',(3.999241005573,0.336501252727));
#5954 = CARTESIAN_POINT('',(4.000136062852,0.34400176741));
#5955 = CARTESIAN_POINT('',(4.001032218158,0.351501242524));
#5956 = CARTESIAN_POINT('',(4.002827104656,0.366501237781));
#5957 = CARTESIAN_POINT('',(4.003725836767,0.374001757052));
#5958 = CARTESIAN_POINT('',(4.004625672819,0.38150122747));
#5959 = CARTESIAN_POINT('',(4.006427937564,0.396501222681));
#5960 = CARTESIAN_POINT('',(4.007330367189,0.404001746585));
#5961 = CARTESIAN_POINT('',(4.008233906707,0.41150121226));
#5962 = CARTESIAN_POINT('',(4.010043595286,0.426501207423));
#5963 = CARTESIAN_POINT('',(4.010949745294,0.434001736008));
#5964 = CARTESIAN_POINT('',(4.011857011185,0.441501196891));
#5965 = CARTESIAN_POINT('',(4.013674169563,0.456501192007));
#5966 = CARTESIAN_POINT('',(4.014584063012,0.464001725318));
#5967 = CARTESIAN_POINT('',(4.015495078372,0.471501181362));
#5968 = CARTESIAN_POINT('',(4.017319752895,0.486501176429));
#5969 = CARTESIAN_POINT('',(4.018233413031,0.494001714514));
#5970 = CARTESIAN_POINT('',(4.019148201149,0.501501165671));
#5971 = CARTESIAN_POINT('',(4.020980438545,0.516501160688));
#5972 = CARTESIAN_POINT('',(4.021897888812,0.524001703594));
#5973 = CARTESIAN_POINT('',(4.022816473168,0.531501149814));
#5974 = CARTESIAN_POINT('',(4.024656320554,0.546501144781));
#5975 = CARTESIAN_POINT('',(4.025577584587,0.554001692557));
#5976 = CARTESIAN_POINT('',(4.026499988857,0.561501133791));
#5977 = CARTESIAN_POINT('',(4.028347493744,0.576501128707));
#5978 = CARTESIAN_POINT('',(4.029272595376,0.584001681401));
#5979 = CARTESIAN_POINT('',(4.030198843435,0.591501117597));
#5980 = CARTESIAN_POINT('',(4.032054053726,0.606501112462));
#5981 = CARTESIAN_POINT('',(4.03298301699,0.614001670124));
#5982 = CARTESIAN_POINT('',(4.03391313291,0.621501101232));
#5983 = CARTESIAN_POINT('',(4.035776096913,0.636501096044));
#5984 = CARTESIAN_POINT('',(4.036708946042,0.644001658723));
#5985 = CARTESIAN_POINT('',(4.037642954098,0.651501084693));
#5986 = CARTESIAN_POINT('',(4.039513720523,0.666501079452));
#5987 = CARTESIAN_POINT('',(4.040450479954,0.674001647199));
#5988 = CARTESIAN_POINT('',(4.041388404623,0.681501067977));
#5989 = CARTESIAN_POINT('',(4.04326702259,0.696501062682));
#5990 = CARTESIAN_POINT('',(4.044207716964,0.704001635547));
#5991 = CARTESIAN_POINT('',(4.04514958293,0.711501051082));
#5992 = CARTESIAN_POINT('',(4.047036101971,0.726501045733));
#5993 = CARTESIAN_POINT('',(4.047980756139,0.734001623767));
#5994 = CARTESIAN_POINT('',(4.048926588293,0.741501034005));
#5995 = CARTESIAN_POINT('',(4.050821058359,0.7565010286));
#5996 = CARTESIAN_POINT('',(4.05176969738,0.764001611856));
#5997 = CARTESIAN_POINT('',(4.052719520822,0.771501016745));
#5998 = CARTESIAN_POINT('',(4.054621992285,0.786501011283));
#5999 = CARTESIAN_POINT('',(4.05557464143,0.794001599813));
#6000 = CARTESIAN_POINT('',(4.056528481475,0.801500999297));
#6001 = CARTESIAN_POINT('',(4.058439005133,0.816500993779));
#6002 = CARTESIAN_POINT('',(4.059395689887,0.824001587634));
#6003 = CARTESIAN_POINT('',(4.060353572063,0.83150098166));
#6004 = CARTESIAN_POINT('',(4.062272199146,0.846500976083));
#6005 = CARTESIAN_POINT('',(4.063232945211,0.854001575319));
#6006 = CARTESIAN_POINT('',(4.064194895262,0.861500963831));
#6007 = CARTESIAN_POINT('',(4.066121677435,0.876500958195));
#6008 = CARTESIAN_POINT('',(4.067086510732,0.884001562866));
#6009 = CARTESIAN_POINT('',(4.068052554622,0.891500945807));
#6010 = CARTESIAN_POINT('',(4.06998754399,0.906500940112));
#6011 = CARTESIAN_POINT('',(4.07095649066,0.91400155027));
#6012 = CARTESIAN_POINT('',(4.071926654574,0.921500927585));
#6013 = CARTESIAN_POINT('',(4.073869903687,0.936500921829));
#6014 = CARTESIAN_POINT('',(4.074842990096,0.944001537532));
#6015 = CARTESIAN_POINT('',(4.075817300443,0.951500909163));
#6016 = CARTESIAN_POINT('',(4.078126894321,0.96925279061));
#6017 = CARTESIAN_POINT('',(4.079463245163,0.979504213605));
#6018 = CARTESIAN_POINT('',(4.08080189711,0.989753287716));
#6019 = CARTESIAN_POINT('',(4.082142857143,1.));
#6020 = ( GEOMETRIC_REPRESENTATION_CONTEXT(2) 
PARAMETRIC_REPRESENTATION_CONTEXT() REPRESENTATION_CONTEXT('2D SPACE',''
  ) );
#6021 = PCURVE('',#3356,#6022);
#6022 = DEFINITIONAL_REPRESENTATION('',(#6023),#6125);
#6023 = B_SPLINE_CURVE_WITH_KNOTS('',4,(#6024,#6025,#6026,#6027,#6028,
    #6029,#6030,#6031,#6032,#6033,#6034,#6035,#6036,#6037,#6038,#6039,
    #6040,#6041,#6042,#6043,#6044,#6045,#6046,#6047,#6048,#6049,#6050,
    #6051,#6052,#6053,#6054,#6055,#6056,#6057,#6058,#6059,#6060,#6061,
    #6062,#6063,#6064,#6065,#6066,#6067,#6068,#6069,#6070,#6071,#6072,
    #6073,#6074,#6075,#6076,#6077,#6078,#6079,#6080,#6081,#6082,#6083,
    #6084,#6085,#6086,#6087,#6088,#6089,#6090,#6091,#6092,#6093,#6094,
    #6095,#6096,#6097,#6098,#6099,#6100,#6101,#6102,#6103,#6104,#6105,
    #6106,#6107,#6108,#6109,#6110,#6111,#6112,#6113,#6114,#6115,#6116,
    #6117,#6118,#6119,#6120,#6121,#6122,#6123,#6124),.UNSPECIFIED.,.F.,
  .F.,(5,3,3,3,3,3,3,3,3,3,3,3,3,3,3,3,3,3,3,3,3,3,3,3,3,3,3,3,3,3,3,3,3
    ,5),(0.,2.979820932103E-02,5.960771701023E-02,8.942862717069E-02,
    0.119261045014,0.149105076875,0.178960830222,0.208828413674,
    0.23870793701,0.267602930047,0.29750625996,0.327421862414,
    0.357349851939,0.387290344297,0.417243456499,0.447209306819,
    0.477188014806,0.507179701306,0.537184488471,0.56720249978,
    0.597233860051,0.62727869546,0.657337133554,0.687409303272,
    0.717495334958,0.74759536038,0.777709512749,0.80783792673,
    0.837980738469,0.868138085601,0.898310107278,0.928496944178,
    0.958698738533,1.),.UNSPECIFIED.);
#6024 = CARTESIAN_POINT('',(0.3,0.));
#6025 = CARTESIAN_POINT('',(0.298874788944,-1.125211055584E-02));
#6026 = CARTESIAN_POINT('',(0.297749718857,-2.250281143326E-02));
#6027 = CARTESIAN_POINT('',(0.296624790309,-3.375209690827E-02));
#6028 = CARTESIAN_POINT('',(0.29437479095,-5.625209050137E-02));
#6029 = CARTESIAN_POINT('',(0.293249720247,-6.750279753171E-02));
#6030 = CARTESIAN_POINT('',(0.29212479233,-7.875207670112E-02));
#6031 = CARTESIAN_POINT('',(0.289874792977,-0.101252070234));
#6032 = CARTESIAN_POINT('',(0.28874972165,-0.112502783501));
#6033 = CARTESIAN_POINT('',(0.287624794371,-0.123752056292));
#6034 = CARTESIAN_POINT('',(0.285374795024,-0.146252049763));
#6035 = CARTESIAN_POINT('',(0.284249723067,-0.157502769328));
#6036 = CARTESIAN_POINT('',(0.283124796432,-0.168752035677));
#6037 = CARTESIAN_POINT('',(0.280874797091,-0.191252029087));
#6038 = CARTESIAN_POINT('',(0.279749724499,-0.202502755012));
#6039 = CARTESIAN_POINT('',(0.278624798515,-0.213752014854));
#6040 = CARTESIAN_POINT('',(0.27637479918,-0.236252008201));
#6041 = CARTESIAN_POINT('',(0.275249725945,-0.24750274055));
#6042 = CARTESIAN_POINT('',(0.274124800618,-0.258751993821));
#6043 = CARTESIAN_POINT('',(0.27187480129,-0.281251987105));
#6044 = CARTESIAN_POINT('',(0.270749727406,-0.292502725941));
#6045 = CARTESIAN_POINT('',(0.269624802743,-0.303751972574));
#6046 = CARTESIAN_POINT('',(0.267374803421,-0.326251965793));
#6047 = CARTESIAN_POINT('',(0.266249728882,-0.337502711181));
#6048 = CARTESIAN_POINT('',(0.265124804889,-0.348751951111));
#6049 = CARTESIAN_POINT('',(0.262912320476,-0.370876795242));
#6050 = CARTESIAN_POINT('',(0.261824750259,-0.381752497413));
#6051 = CARTESIAN_POINT('',(0.260737321948,-0.392626780516));
#6052 = CARTESIAN_POINT('',(0.258524807675,-0.414751923245));
#6053 = CARTESIAN_POINT('',(0.257399731829,-0.426002681708));
#6054 = CARTESIAN_POINT('',(0.256274809174,-0.437251908258));
#6055 = CARTESIAN_POINT('',(0.254024809872,-0.459751901281));
#6056 = CARTESIAN_POINT('',(0.252899733351,-0.471002666491));
#6057 = CARTESIAN_POINT('',(0.251774811386,-0.482251886136));
#6058 = CARTESIAN_POINT('',(0.249524812091,-0.504751879091));
#6059 = CARTESIAN_POINT('',(0.248399734888,-0.516002651115));
#6060 = CARTESIAN_POINT('',(0.247274813621,-0.527251863786));
#6061 = CARTESIAN_POINT('',(0.245024814333,-0.549751856672));
#6062 = CARTESIAN_POINT('',(0.243899736442,-0.561002635578));
#6063 = CARTESIAN_POINT('',(0.242774815879,-0.572251841205));
#6064 = CARTESIAN_POINT('',(0.240524816598,-0.594751834021));
#6065 = CARTESIAN_POINT('',(0.239399738012,-0.606002619878));
#6066 = CARTESIAN_POINT('',(0.238274818161,-0.61725181839));
#6067 = CARTESIAN_POINT('',(0.236024818887,-0.639751811135));
#6068 = CARTESIAN_POINT('',(0.234899739599,-0.651002604011));
#6069 = CARTESIAN_POINT('',(0.233774820466,-0.662251795337));
#6070 = CARTESIAN_POINT('',(0.231524821199,-0.68475178801));
#6071 = CARTESIAN_POINT('',(0.230399741202,-0.696002587977));
#6072 = CARTESIAN_POINT('',(0.229274822796,-0.707251772044));
#6073 = CARTESIAN_POINT('',(0.227024823536,-0.729751764643));
#6074 = CARTESIAN_POINT('',(0.225899742823,-0.741002571771));
#6075 = CARTESIAN_POINT('',(0.224774825149,-0.752251748506));
#6076 = CARTESIAN_POINT('',(0.222524825897,-0.774751741032));
#6077 = CARTESIAN_POINT('',(0.221399744461,-0.786002555391));
#6078 = CARTESIAN_POINT('',(0.220274827528,-0.797251724721));
#6079 = CARTESIAN_POINT('',(0.218024828283,-0.819751717172));
#6080 = CARTESIAN_POINT('',(0.216899746116,-0.831002538836));
#6081 = CARTESIAN_POINT('',(0.215774829931,-0.842251700686));
#6082 = CARTESIAN_POINT('',(0.213524830694,-0.86475169306));
#6083 = CARTESIAN_POINT('',(0.21239974779,-0.876002522101));
#6084 = CARTESIAN_POINT('',(0.21127483236,-0.887251676396));
#6085 = CARTESIAN_POINT('',(0.209024833131,-0.909751668693));
#6086 = CARTESIAN_POINT('',(0.207899749481,-0.921002505185));
#6087 = CARTESIAN_POINT('',(0.206774834815,-0.932251651848));
#6088 = CARTESIAN_POINT('',(0.204524835593,-0.954751644067));
#6089 = CARTESIAN_POINT('',(0.203399751191,-0.966002488085));
#6090 = CARTESIAN_POINT('',(0.202274837296,-0.97725162704));
#6091 = CARTESIAN_POINT('',(0.200024838082,-0.999751619178));
#6092 = CARTESIAN_POINT('',(0.19889975292,-1.011002470798));
#6093 = CARTESIAN_POINT('',(0.197774839803,-1.022251601966));
#6094 = CARTESIAN_POINT('',(0.195524840598,-1.044751594023));
#6095 = CARTESIAN_POINT('',(0.194399754668,-1.056002453321));
#6096 = CARTESIAN_POINT('',(0.193274842338,-1.067251576623));
#6097 = CARTESIAN_POINT('',(0.19102484314,-1.089751568599));
#6098 = CARTESIAN_POINT('',(0.189899756435,-1.10100243565));
#6099 = CARTESIAN_POINT('',(0.188774844899,-1.112251551008));
#6100 = CARTESIAN_POINT('',(0.18652484571,-1.134751542901));
#6101 = CARTESIAN_POINT('',(0.185399758222,-1.146002417784));
#6102 = CARTESIAN_POINT('',(0.184274847488,-1.157251525117));
#6103 = CARTESIAN_POINT('',(0.182024848308,-1.179751516925));
#6104 = CARTESIAN_POINT('',(0.180899760028,-1.191002399719));
#6105 = CARTESIAN_POINT('',(0.179774850105,-1.202251498945));
#6106 = CARTESIAN_POINT('',(0.177524850933,-1.224751490668));
#6107 = CARTESIAN_POINT('',(0.176399761855,-1.236002381452));
#6108 = CARTESIAN_POINT('',(0.175274852751,-1.24725147249));
#6109 = CARTESIAN_POINT('',(0.173024853587,-1.269751464125));
#6110 = CARTESIAN_POINT('',(0.171899763702,-1.281002362979));
#6111 = CARTESIAN_POINT('',(0.170774855425,-1.292251445746));
#6112 = CARTESIAN_POINT('',(0.168524856271,-1.314751437293));
#6113 = CARTESIAN_POINT('',(0.16739976557,-1.326002344298));
#6114 = CARTESIAN_POINT('',(0.166274858129,-1.33725141871));
#6115 = CARTESIAN_POINT('',(0.164024858983,-1.359751410167));
#6116 = CARTESIAN_POINT('',(0.162899767459,-1.371002325406));
#6117 = CARTESIAN_POINT('',(0.161774860862,-1.382251391377));
#6118 = CARTESIAN_POINT('',(0.159524861726,-1.404751382744));
#6119 = CARTESIAN_POINT('',(0.15839976937,-1.416002306298));
#6120 = CARTESIAN_POINT('',(0.157274863626,-1.427251363744));
#6121 = CARTESIAN_POINT('',(0.154612081409,-1.453879185914));
#6122 = CARTESIAN_POINT('',(0.153074367959,-1.469256320407));
#6123 = CARTESIAN_POINT('',(0.151537006843,-1.484629931574));
#6124 = CARTESIAN_POINT('',(0.15,-1.5));
#6125 = ( GEOMETRIC_REPRESENTATION_CONTEXT(2) 
PARAMETRIC_REPRESENTATION_CONTEXT() REPRESENTATION_CONTEXT('2D SPACE',''
  ) );
#6126 = ADVANCED_FACE('',(#6127),#2557,.T.);
#6127 = FACE_BOUND('',#6128,.T.);
#6128 = EDGE_LOOP('',(#6129,#6130,#6131,#6154));
#6129 = ORIENTED_EDGE('',*,*,#2541,.F.);
#6130 = ORIENTED_EDGE('',*,*,#4162,.T.);
#6131 = ORIENTED_EDGE('',*,*,#6132,.T.);
#6132 = EDGE_CURVE('',#4163,#6133,#6135,.T.);
#6133 = VERTEX_POINT('',#6134);
#6134 = CARTESIAN_POINT('',(3.96,0.3,0.4));
#6135 = SURFACE_CURVE('',#6136,(#6140,#6147),.PCURVE_S1.);
#6136 = LINE('',#6137,#6138);
#6137 = CARTESIAN_POINT('',(3.96,0.,0.4));
#6138 = VECTOR('',#6139,1.);
#6139 = DIRECTION('',(0.,1.,0.));
#6140 = PCURVE('',#2557,#6141);
#6141 = DEFINITIONAL_REPRESENTATION('',(#6142),#6146);
#6142 = LINE('',#6143,#6144);
#6143 = CARTESIAN_POINT('',(0.,-0.4));
#6144 = VECTOR('',#6145,1.);
#6145 = DIRECTION('',(1.,0.));
#6146 = ( GEOMETRIC_REPRESENTATION_CONTEXT(2) 
PARAMETRIC_REPRESENTATION_CONTEXT() REPRESENTATION_CONTEXT('2D SPACE',''
  ) );
#6147 = PCURVE('',#4691,#6148);
#6148 = DEFINITIONAL_REPRESENTATION('',(#6149),#6153);
#6149 = LINE('',#6150,#6151);
#6150 = CARTESIAN_POINT('',(-0.42,0.));
#6151 = VECTOR('',#6152,1.);
#6152 = DIRECTION('',(0.,1.));
#6153 = ( GEOMETRIC_REPRESENTATION_CONTEXT(2) 
PARAMETRIC_REPRESENTATION_CONTEXT() REPRESENTATION_CONTEXT('2D SPACE',''
  ) );
#6154 = ORIENTED_EDGE('',*,*,#6155,.F.);
#6155 = EDGE_CURVE('',#2514,#6133,#6156,.T.);
#6156 = SURFACE_CURVE('',#6157,(#6161,#6168),.PCURVE_S1.);
#6157 = LINE('',#6158,#6159);
#6158 = CARTESIAN_POINT('',(3.96,0.3,0.));
#6159 = VECTOR('',#6160,1.);
#6160 = DIRECTION('',(0.,0.,1.));
#6161 = PCURVE('',#2557,#6162);
#6162 = DEFINITIONAL_REPRESENTATION('',(#6163),#6167);
#6163 = LINE('',#6164,#6165);
#6164 = CARTESIAN_POINT('',(0.3,0.));
#6165 = VECTOR('',#6166,1.);
#6166 = DIRECTION('',(0.,-1.));
#6167 = ( GEOMETRIC_REPRESENTATION_CONTEXT(2) 
PARAMETRIC_REPRESENTATION_CONTEXT() REPRESENTATION_CONTEXT('2D SPACE',''
  ) );
#6168 = PCURVE('',#2529,#6169);
#6169 = DEFINITIONAL_REPRESENTATION('',(#6170),#6174);
#6170 = LINE('',#6171,#6172);
#6171 = CARTESIAN_POINT('',(0.,-0.));
#6172 = VECTOR('',#6173,1.);
#6173 = DIRECTION('',(0.,-1.));
#6174 = ( GEOMETRIC_REPRESENTATION_CONTEXT(2) 
PARAMETRIC_REPRESENTATION_CONTEXT() REPRESENTATION_CONTEXT('2D SPACE',''
  ) );
#6175 = ADVANCED_FACE('',(#6176),#2529,.T.);
#6176 = FACE_BOUND('',#6177,.T.);
#6177 = EDGE_LOOP('',(#6178,#6179,#6202,#6223));
#6178 = ORIENTED_EDGE('',*,*,#6155,.T.);
#6179 = ORIENTED_EDGE('',*,*,#6180,.T.);
#6180 = EDGE_CURVE('',#6133,#6181,#6183,.T.);
#6181 = VERTEX_POINT('',#6182);
#6182 = CARTESIAN_POINT('',(3.54,0.3,0.4));
#6183 = SURFACE_CURVE('',#6184,(#6188,#6195),.PCURVE_S1.);
#6184 = LINE('',#6185,#6186);
#6185 = CARTESIAN_POINT('',(3.96,0.3,0.4));
#6186 = VECTOR('',#6187,1.);
#6187 = DIRECTION('',(-1.,0.,0.));
#6188 = PCURVE('',#2529,#6189);
#6189 = DEFINITIONAL_REPRESENTATION('',(#6190),#6194);
#6190 = LINE('',#6191,#6192);
#6191 = CARTESIAN_POINT('',(0.,-0.4));
#6192 = VECTOR('',#6193,1.);
#6193 = DIRECTION('',(1.,0.));
#6194 = ( GEOMETRIC_REPRESENTATION_CONTEXT(2) 
PARAMETRIC_REPRESENTATION_CONTEXT() REPRESENTATION_CONTEXT('2D SPACE',''
  ) );
#6195 = PCURVE('',#4691,#6196);
#6196 = DEFINITIONAL_REPRESENTATION('',(#6197),#6201);
#6197 = LINE('',#6198,#6199);
#6198 = CARTESIAN_POINT('',(-0.42,0.3));
#6199 = VECTOR('',#6200,1.);
#6200 = DIRECTION('',(1.,0.));
#6201 = ( GEOMETRIC_REPRESENTATION_CONTEXT(2) 
PARAMETRIC_REPRESENTATION_CONTEXT() REPRESENTATION_CONTEXT('2D SPACE',''
  ) );
#6202 = ORIENTED_EDGE('',*,*,#6203,.F.);
#6203 = EDGE_CURVE('',#2486,#6181,#6204,.T.);
#6204 = SURFACE_CURVE('',#6205,(#6209,#6216),.PCURVE_S1.);
#6205 = LINE('',#6206,#6207);
#6206 = CARTESIAN_POINT('',(3.54,0.3,0.));
#6207 = VECTOR('',#6208,1.);
#6208 = DIRECTION('',(0.,0.,1.));
#6209 = PCURVE('',#2529,#6210);
#6210 = DEFINITIONAL_REPRESENTATION('',(#6211),#6215);
#6211 = LINE('',#6212,#6213);
#6212 = CARTESIAN_POINT('',(0.42,0.));
#6213 = VECTOR('',#6214,1.);
#6214 = DIRECTION('',(0.,-1.));
#6215 = ( GEOMETRIC_REPRESENTATION_CONTEXT(2) 
PARAMETRIC_REPRESENTATION_CONTEXT() REPRESENTATION_CONTEXT('2D SPACE',''
  ) );
#6216 = PCURVE('',#2501,#6217);
#6217 = DEFINITIONAL_REPRESENTATION('',(#6218),#6222);
#6218 = LINE('',#6219,#6220);
#6219 = CARTESIAN_POINT('',(0.,0.));
#6220 = VECTOR('',#6221,1.);
#6221 = DIRECTION('',(0.,-1.));
#6222 = ( GEOMETRIC_REPRESENTATION_CONTEXT(2) 
PARAMETRIC_REPRESENTATION_CONTEXT() REPRESENTATION_CONTEXT('2D SPACE',''
  ) );
#6223 = ORIENTED_EDGE('',*,*,#2513,.F.);
#6224 = ADVANCED_FACE('',(#6225),#2417,.F.);
#6225 = FACE_BOUND('',#6226,.F.);
#6226 = EDGE_LOOP('',(#6227,#6228,#6229,#6250));
#6227 = ORIENTED_EDGE('',*,*,#3674,.T.);
#6228 = ORIENTED_EDGE('',*,*,#3818,.T.);
#6229 = ORIENTED_EDGE('',*,*,#6230,.F.);
#6230 = EDGE_CURVE('',#2402,#3819,#6231,.T.);
#6231 = SURFACE_CURVE('',#6232,(#6236,#6243),.PCURVE_S1.);
#6232 = LINE('',#6233,#6234);
#6233 = CARTESIAN_POINT('',(3.05,1.750885901444,0.));
#6234 = VECTOR('',#6235,1.);
#6235 = DIRECTION('',(0.,0.,1.));
#6236 = PCURVE('',#2417,#6237);
#6237 = DEFINITIONAL_REPRESENTATION('',(#6238),#6242);
#6238 = LINE('',#6239,#6240);
#6239 = CARTESIAN_POINT('',(0.794879597929,0.));
#6240 = VECTOR('',#6241,1.);
#6241 = DIRECTION('',(0.,-1.));
#6242 = ( GEOMETRIC_REPRESENTATION_CONTEXT(2) 
PARAMETRIC_REPRESENTATION_CONTEXT() REPRESENTATION_CONTEXT('2D SPACE',''
  ) );
#6243 = PCURVE('',#2445,#6244);
#6244 = DEFINITIONAL_REPRESENTATION('',(#6245),#6249);
#6245 = LINE('',#6246,#6247);
#6246 = CARTESIAN_POINT('',(8.457679001594E-13,0.));
#6247 = VECTOR('',#6248,1.);
#6248 = DIRECTION('',(0.,-1.));
#6249 = ( GEOMETRIC_REPRESENTATION_CONTEXT(2) 
PARAMETRIC_REPRESENTATION_CONTEXT() REPRESENTATION_CONTEXT('2D SPACE',''
  ) );
#6250 = ORIENTED_EDGE('',*,*,#2401,.F.);
#6251 = ADVANCED_FACE('',(#6252),#2501,.T.);
#6252 = FACE_BOUND('',#6253,.T.);
#6253 = EDGE_LOOP('',(#6254,#6255,#6256,#6277));
#6254 = ORIENTED_EDGE('',*,*,#2485,.F.);
#6255 = ORIENTED_EDGE('',*,*,#6203,.T.);
#6256 = ORIENTED_EDGE('',*,*,#6257,.T.);
#6257 = EDGE_CURVE('',#6181,#4480,#6258,.T.);
#6258 = SURFACE_CURVE('',#6259,(#6263,#6270),.PCURVE_S1.);
#6259 = LINE('',#6260,#6261);
#6260 = CARTESIAN_POINT('',(3.54,0.3,0.4));
#6261 = VECTOR('',#6262,1.);
#6262 = DIRECTION('',(0.,-1.,0.));
#6263 = PCURVE('',#2501,#6264);
#6264 = DEFINITIONAL_REPRESENTATION('',(#6265),#6269);
#6265 = LINE('',#6266,#6267);
#6266 = CARTESIAN_POINT('',(0.,-0.4));
#6267 = VECTOR('',#6268,1.);
#6268 = DIRECTION('',(1.,0.));
#6269 = ( GEOMETRIC_REPRESENTATION_CONTEXT(2) 
PARAMETRIC_REPRESENTATION_CONTEXT() REPRESENTATION_CONTEXT('2D SPACE',''
  ) );
#6270 = PCURVE('',#4691,#6271);
#6271 = DEFINITIONAL_REPRESENTATION('',(#6272),#6276);
#6272 = LINE('',#6273,#6274);
#6273 = CARTESIAN_POINT('',(0.,0.3));
#6274 = VECTOR('',#6275,1.);
#6275 = DIRECTION('',(0.,-1.));
#6276 = ( GEOMETRIC_REPRESENTATION_CONTEXT(2) 
PARAMETRIC_REPRESENTATION_CONTEXT() REPRESENTATION_CONTEXT('2D SPACE',''
  ) );
#6277 = ORIENTED_EDGE('',*,*,#4801,.F.);
#6278 = ADVANCED_FACE('',(#6279),#2445,.F.);
#6279 = FACE_BOUND('',#6280,.F.);
#6280 = EDGE_LOOP('',(#6281,#6282,#6283,#6284));
#6281 = ORIENTED_EDGE('',*,*,#2429,.F.);
#6282 = ORIENTED_EDGE('',*,*,#6230,.T.);
#6283 = ORIENTED_EDGE('',*,*,#3841,.T.);
#6284 = ORIENTED_EDGE('',*,*,#5117,.F.);
#6285 = ADVANCED_FACE('',(#6286),#2826,.T.);
#6286 = FACE_BOUND('',#6287,.T.);
#6287 = EDGE_LOOP('',(#6288,#6289,#6290));
#6288 = ORIENTED_EDGE('',*,*,#2788,.F.);
#6289 = ORIENTED_EDGE('',*,*,#2964,.T.);
#6290 = ORIENTED_EDGE('',*,*,#6291,.F.);
#6291 = EDGE_CURVE('',#2760,#2936,#6292,.T.);
#6292 = SURFACE_CURVE('',#6293,(#6298,#6311),.PCURVE_S1.);
#6293 = CIRCLE('',#6294,0.1);
#6294 = AXIS2_PLACEMENT_3D('',#6295,#6296,#6297);
#6295 = CARTESIAN_POINT('',(4.259501243789,2.259501243789,1.4));
#6296 = DIRECTION('',(8.526407955735E-07,-1.,1.332297921566E-14));
#6297 = DIRECTION('',(0.99503719021,8.484093028116E-07,
    9.950371902099E-02));
#6298 = PCURVE('',#2826,#6299);
#6299 = DEFINITIONAL_REPRESENTATION('',(#6300),#6310);
#6300 = B_SPLINE_CURVE_WITH_KNOTS('',8,(#6301,#6302,#6303,#6304,#6305,
    #6306,#6307,#6308,#6309),.UNSPECIFIED.,.F.,.F.,(9,9),(0.,
    1.471127674304),.PIECEWISE_BEZIER_KNOTS.);
#6301 = CARTESIAN_POINT('',(0.,-9.90206760471E-03));
#6302 = CARTESIAN_POINT('',(0.182996285807,-2.810996908177E-02));
#6303 = CARTESIAN_POINT('',(0.366067965959,-4.593894598506E-02));
#6304 = CARTESIAN_POINT('',(0.549398363303,-6.245952935797E-02));
#6305 = CARTESIAN_POINT('',(0.733148529002,-7.67679729218E-02));
#6306 = CARTESIAN_POINT('',(0.917385154588,-8.807528248474E-02));
#6307 = CARTESIAN_POINT('',(1.102002908443,-9.580429664983E-02));
#6308 = CARTESIAN_POINT('',(1.28681102997,-9.966882256191E-02));
#6309 = CARTESIAN_POINT('',(1.471619156839,-9.966865249117E-02));
#6310 = ( GEOMETRIC_REPRESENTATION_CONTEXT(2) 
PARAMETRIC_REPRESENTATION_CONTEXT() REPRESENTATION_CONTEXT('2D SPACE',''
  ) );
#6311 = PCURVE('',#3984,#6312);
#6312 = DEFINITIONAL_REPRESENTATION('',(#6313),#6326);
#6313 = B_SPLINE_CURVE_WITH_KNOTS('',11,(#6314,#6315,#6316,#6317,#6318,
    #6319,#6320,#6321,#6322,#6323,#6324,#6325),.UNSPECIFIED.,.F.,.F.,(12
    ,12),(0.,1.471127674304),.PIECEWISE_BEZIER_KNOTS.);
#6314 = CARTESIAN_POINT('',(2.21800992562,9.049867137028E-02));
#6315 = CARTESIAN_POINT('',(1.996972809404,9.049867982515E-02));
#6316 = CARTESIAN_POINT('',(1.788469730535,9.049868780061E-02));
#6317 = CARTESIAN_POINT('',(1.58861508682,9.049869544517E-02));
#6318 = CARTESIAN_POINT('',(1.394682666945,9.049870286337E-02));
#6319 = CARTESIAN_POINT('',(1.203697359956,9.049871016861E-02));
#6320 = CARTESIAN_POINT('',(1.014312565664,9.049871741287E-02));
#6321 = CARTESIAN_POINT('',(0.823327258675,9.049872471814E-02));
#6322 = CARTESIAN_POINT('',(0.629394838799,9.04987321363E-02));
#6323 = CARTESIAN_POINT('',(0.429540195085,9.049873978089E-02));
#6324 = CARTESIAN_POINT('',(0.221037116216,9.049874775634E-02));
#6325 = CARTESIAN_POINT('',(-1.262527241924E-16,9.049875621121E-02));
#6326 = ( GEOMETRIC_REPRESENTATION_CONTEXT(2) 
PARAMETRIC_REPRESENTATION_CONTEXT() REPRESENTATION_CONTEXT('2D SPACE',''
  ) );
#6327 = ADVANCED_FACE('',(#6328),#2917,.T.);
#6328 = FACE_BOUND('',#6329,.T.);
#6329 = EDGE_LOOP('',(#6330,#6331,#6377));
#6330 = ORIENTED_EDGE('',*,*,#3136,.F.);
#6331 = ORIENTED_EDGE('',*,*,#6332,.T.);
#6332 = EDGE_CURVE('',#3103,#2892,#6333,.T.);
#6333 = SURFACE_CURVE('',#6334,(#6339,#6345),.PCURVE_S1.);
#6334 = CIRCLE('',#6335,0.1);
#6335 = AXIS2_PLACEMENT_3D('',#6336,#6337,#6338);
#6336 = CARTESIAN_POINT('',(0.240498756211,2.259501243789,1.4));
#6337 = DIRECTION('',(8.526407925105E-07,1.,6.766386247427E-16));
#6338 = DIRECTION('',(9.950371902096E-02,-8.484093051708E-08,
    0.99503719021));
#6339 = PCURVE('',#2917,#6340);
#6340 = DEFINITIONAL_REPRESENTATION('',(#6341),#6344);
#6341 = B_SPLINE_CURVE_WITH_KNOTS('',1,(#6342,#6343),.UNSPECIFIED.,.F.,
  .F.,(2,2),(4.712388980385,6.183516654689),.PIECEWISE_BEZIER_KNOTS.);
#6342 = CARTESIAN_POINT('',(1.471619156839,-1.570796326795));
#6343 = CARTESIAN_POINT('',(1.471619156839,-9.966865249079E-02));
#6344 = ( GEOMETRIC_REPRESENTATION_CONTEXT(2) 
PARAMETRIC_REPRESENTATION_CONTEXT() REPRESENTATION_CONTEXT('2D SPACE',''
  ) );
#6345 = PCURVE('',#6346,#6362);
#6346 = ( BOUNDED_SURFACE() B_SPLINE_SURFACE(2,2,(
    (#6347,#6348,#6349,#6350,#6351)
    ,(#6352,#6353,#6354,#6355,#6356)
    ,(#6357,#6358,#6359,#6360,#6361
)),.UNSPECIFIED.,.F.,.F.,.F.) B_SPLINE_SURFACE_WITH_KNOTS((3,3),(3,1,1,3
    ),(0.,2.21800992562),(-8.978896280979E-02,-9.00496280979E-03,
    2.20900496281,2.28978896281),.UNSPECIFIED.) 
GEOMETRIC_REPRESENTATION_ITEM() RATIONAL_B_SPLINE_SURFACE((
    (1.,1.,1.,1.,1.)
    ,(0.741452533552,0.741452533552,0.741452533552,0.741452533552
      ,0.741452533552)
,(1.,1.,1.,1.,1.))) REPRESENTATION_ITEM('') SURFACE() );
#6347 = CARTESIAN_POINT('',(0.14099503719,6.021103719021E-02,
    1.409950371902));
#6348 = CARTESIAN_POINT('',(0.14099503719,0.10060303719,1.409950371902)
  );
#6349 = CARTESIAN_POINT('',(0.14099503719,1.25,1.409950371902));
#6350 = CARTESIAN_POINT('',(0.14099503719,2.39939696281,1.409950371902)
  );
#6351 = CARTESIAN_POINT('',(0.14099503719,2.43978896281,1.409950371902)
  );
#6352 = CARTESIAN_POINT('',(0.15,6.021103719021E-02,1.5));
#6353 = CARTESIAN_POINT('',(0.15,0.10060303719,1.5));
#6354 = CARTESIAN_POINT('',(0.15,1.25,1.5));
#6355 = CARTESIAN_POINT('',(0.15,2.39939696281,1.5));
#6356 = CARTESIAN_POINT('',(0.15,2.43978896281,1.5));
#6357 = CARTESIAN_POINT('',(0.240498756211,6.021103719021E-02,1.5));
#6358 = CARTESIAN_POINT('',(0.240498756211,0.10060303719,1.5));
#6359 = CARTESIAN_POINT('',(0.240498756211,1.25,1.5));
#6360 = CARTESIAN_POINT('',(0.240498756211,2.39939696281,1.5));
#6361 = CARTESIAN_POINT('',(0.240498756211,2.43978896281,1.5));
#6362 = DEFINITIONAL_REPRESENTATION('',(#6363),#6376);
#6363 = B_SPLINE_CURVE_WITH_KNOTS('',11,(#6364,#6365,#6366,#6367,#6368,
    #6369,#6370,#6371,#6372,#6373,#6374,#6375),.UNSPECIFIED.,.F.,.F.,(12
    ,12),(4.712388980385,6.183516654689),.PIECEWISE_BEZIER_KNOTS.);
#6364 = CARTESIAN_POINT('',(-5.30463344832E-16,2.10950132863));
#6365 = CARTESIAN_POINT('',(0.221037116216,2.109501320175));
#6366 = CARTESIAN_POINT('',(0.429540195085,2.109501312199));
#6367 = CARTESIAN_POINT('',(0.629394838799,2.109501304556));
#6368 = CARTESIAN_POINT('',(0.823327258675,2.109501297135));
#6369 = CARTESIAN_POINT('',(1.014312565663,2.109501289833));
#6370 = CARTESIAN_POINT('',(1.203697359956,2.109501282585));
#6371 = CARTESIAN_POINT('',(1.394682666945,2.109501275283));
#6372 = CARTESIAN_POINT('',(1.58861508682,2.109501267863));
#6373 = CARTESIAN_POINT('',(1.788469730535,2.109501260219));
#6374 = CARTESIAN_POINT('',(1.996972809404,2.109501252244));
#6375 = CARTESIAN_POINT('',(2.21800992562,2.109501243789));
#6376 = ( GEOMETRIC_REPRESENTATION_CONTEXT(2) 
PARAMETRIC_REPRESENTATION_CONTEXT() REPRESENTATION_CONTEXT('2D SPACE',''
  ) );
#6377 = ORIENTED_EDGE('',*,*,#2891,.F.);
#6378 = ADVANCED_FACE('',(#6379,#6452),#2953,.T.);
#6379 = FACE_BOUND('',#6380,.T.);
#6380 = EDGE_LOOP('',(#6381,#6407,#6429,#6430));
#6381 = ORIENTED_EDGE('',*,*,#6382,.F.);
#6382 = EDGE_CURVE('',#6383,#6385,#6387,.T.);
#6383 = VERTEX_POINT('',#6384);
#6384 = CARTESIAN_POINT('',(4.259501250973,0.240498756211,1.5));
#6385 = VERTEX_POINT('',#6386);
#6386 = CARTESIAN_POINT('',(0.240498756211,0.240498756211,1.5));
#6387 = SURFACE_CURVE('',#6388,(#6394,#6400),.PCURVE_S1.);
#6388 = B_SPLINE_CURVE_WITH_KNOTS('',2,(#6389,#6390,#6391,#6392,#6393),
  .UNSPECIFIED.,.F.,.F.,(3,1,1,3),(-0.16322896281,-9.004962809788E-03,
    4.20900496281,4.36322896281),.UNSPECIFIED.);
#6389 = CARTESIAN_POINT('',(4.51322896281,0.240498756211,1.5));
#6390 = CARTESIAN_POINT('',(4.43611696281,0.240498756211,1.5));
#6391 = CARTESIAN_POINT('',(2.25,0.240498756211,1.5));
#6392 = CARTESIAN_POINT('',(6.388303719021E-02,0.240498756211,1.5));
#6393 = CARTESIAN_POINT('',(-1.322896280979E-02,0.240498756211,1.5));
#6394 = PCURVE('',#2953,#6395);
#6395 = DEFINITIONAL_REPRESENTATION('',(#6396),#6399);
#6396 = B_SPLINE_CURVE_WITH_KNOTS('',1,(#6397,#6398),.UNSPECIFIED.,.F.,
  .F.,(2,2),(-9.004962809788E-03,4.20900496281),
  .PIECEWISE_BEZIER_KNOTS.);
#6397 = CARTESIAN_POINT('',(4.707292660592,8.434501788601E-02));
#6398 = CARTESIAN_POINT('',(0.970846452353,-1.872841091191));
#6399 = ( GEOMETRIC_REPRESENTATION_CONTEXT(2) 
PARAMETRIC_REPRESENTATION_CONTEXT() REPRESENTATION_CONTEXT('2D SPACE',''
  ) );
#6400 = PCURVE('',#4137,#6401);
#6401 = DEFINITIONAL_REPRESENTATION('',(#6402),#6406);
#6402 = LINE('',#6403,#6404);
#6403 = CARTESIAN_POINT('',(0.,0.));
#6404 = VECTOR('',#6405,1.);
#6405 = DIRECTION('',(0.,1.));
#6406 = ( GEOMETRIC_REPRESENTATION_CONTEXT(2) 
PARAMETRIC_REPRESENTATION_CONTEXT() REPRESENTATION_CONTEXT('2D SPACE',''
  ) );
#6407 = ORIENTED_EDGE('',*,*,#6408,.F.);
#6408 = EDGE_CURVE('',#2936,#6383,#6409,.T.);
#6409 = SURFACE_CURVE('',#6410,(#6416,#6422),.PCURVE_S1.);
#6410 = B_SPLINE_CURVE_WITH_KNOTS('',2,(#6411,#6412,#6413,#6414,#6415),
  .UNSPECIFIED.,.F.,.F.,(3,1,1,3),(-8.978896280979E-02,
    -9.004962809791E-03,2.20900496281,2.28978896281),.UNSPECIFIED.);
#6411 = CARTESIAN_POINT('',(4.259501243789,2.43978896281,1.5));
#6412 = CARTESIAN_POINT('',(4.259501243789,2.39939696281,1.5));
#6413 = CARTESIAN_POINT('',(4.259501243789,1.25,1.5));
#6414 = CARTESIAN_POINT('',(4.259501243789,0.10060303719,1.5));
#6415 = CARTESIAN_POINT('',(4.259501243789,6.021103719021E-02,1.5));
#6416 = PCURVE('',#2953,#6417);
#6417 = DEFINITIONAL_REPRESENTATION('',(#6418),#6421);
#6418 = B_SPLINE_CURVE_WITH_KNOTS('',1,(#6419,#6420),.UNSPECIFIED.,.F.,
  .F.,(2,2),(-9.004962809791E-03,2.20900496281),
  .PIECEWISE_BEZIER_KNOTS.);
#6419 = CARTESIAN_POINT('',(3.636147430291,1.914814201756));
#6420 = CARTESIAN_POINT('',(4.665319550027,-4.996893592192E-02));
#6421 = ( GEOMETRIC_REPRESENTATION_CONTEXT(2) 
PARAMETRIC_REPRESENTATION_CONTEXT() REPRESENTATION_CONTEXT('2D SPACE',''
  ) );
#6422 = PCURVE('',#3984,#6423);
#6423 = DEFINITIONAL_REPRESENTATION('',(#6424),#6428);
#6424 = LINE('',#6425,#6426);
#6425 = CARTESIAN_POINT('',(0.,0.));
#6426 = VECTOR('',#6427,1.);
#6427 = DIRECTION('',(0.,1.));
#6428 = ( GEOMETRIC_REPRESENTATION_CONTEXT(2) 
PARAMETRIC_REPRESENTATION_CONTEXT() REPRESENTATION_CONTEXT('2D SPACE',''
  ) );
#6429 = ORIENTED_EDGE('',*,*,#2935,.F.);
#6430 = ORIENTED_EDGE('',*,*,#6431,.F.);
#6431 = EDGE_CURVE('',#6385,#2892,#6432,.T.);
#6432 = SURFACE_CURVE('',#6433,(#6439,#6445),.PCURVE_S1.);
#6433 = B_SPLINE_CURVE_WITH_KNOTS('',2,(#6434,#6435,#6436,#6437,#6438),
  .UNSPECIFIED.,.F.,.F.,(3,1,1,3),(-8.978896280979E-02,
    -9.00496280979E-03,2.20900496281,2.28978896281),.UNSPECIFIED.);
#6434 = CARTESIAN_POINT('',(0.240498756211,6.021103719021E-02,1.5));
#6435 = CARTESIAN_POINT('',(0.240498756211,0.10060303719,1.5));
#6436 = CARTESIAN_POINT('',(0.240498756211,1.25,1.5));
#6437 = CARTESIAN_POINT('',(0.240498756211,2.39939696281,1.5));
#6438 = CARTESIAN_POINT('',(0.240498756211,2.43978896281,1.5));
#6439 = PCURVE('',#2953,#6440);
#6440 = DEFINITIONAL_REPRESENTATION('',(#6441),#6444);
#6441 = B_SPLINE_CURVE_WITH_KNOTS('',1,(#6442,#6443),.UNSPECIFIED.,.F.,
  .F.,(2,2),(-9.00496280979E-03,2.20900496281),
  .PIECEWISE_BEZIER_KNOTS.);
#6442 = CARTESIAN_POINT('',(1.105160406161,-1.914814201756));
#6443 = CARTESIAN_POINT('',(7.598828642503E-02,4.996893592192E-02));
#6444 = ( GEOMETRIC_REPRESENTATION_CONTEXT(2) 
PARAMETRIC_REPRESENTATION_CONTEXT() REPRESENTATION_CONTEXT('2D SPACE',''
  ) );
#6445 = PCURVE('',#6346,#6446);
#6446 = DEFINITIONAL_REPRESENTATION('',(#6447),#6451);
#6447 = LINE('',#6448,#6449);
#6448 = CARTESIAN_POINT('',(2.21800992562,0.));
#6449 = VECTOR('',#6450,1.);
#6450 = DIRECTION('',(0.,1.));
#6451 = ( GEOMETRIC_REPRESENTATION_CONTEXT(2) 
PARAMETRIC_REPRESENTATION_CONTEXT() REPRESENTATION_CONTEXT('2D SPACE',''
  ) );
#6452 = FACE_BOUND('',#6453,.T.);
#6453 = EDGE_LOOP('',(#6454));
#6454 = ORIENTED_EDGE('',*,*,#6455,.F.);
#6455 = EDGE_CURVE('',#6456,#6456,#6458,.T.);
#6456 = VERTEX_POINT('',#6457);
#6457 = CARTESIAN_POINT('',(2.75,1.25,1.5));
#6458 = SURFACE_CURVE('',#6459,(#6464,#6471),.PCURVE_S1.);
#6459 = CIRCLE('',#6460,0.5);
#6460 = AXIS2_PLACEMENT_3D('',#6461,#6462,#6463);
#6461 = CARTESIAN_POINT('',(2.25,1.25,1.5));
#6462 = DIRECTION('',(0.,0.,1.));
#6463 = DIRECTION('',(1.,0.,0.));
#6464 = PCURVE('',#2953,#6465);
#6465 = DEFINITIONAL_REPRESENTATION('',(#6466),#6470);
#6466 = CIRCLE('',#6467,0.5);
#6467 = AXIS2_PLACEMENT_2D('',#6468,#6469);
#6468 = CARTESIAN_POINT('',(2.370653918226,-2.22044604925E-16));
#6469 = DIRECTION('',(0.88583153528,0.464006994671));
#6470 = ( GEOMETRIC_REPRESENTATION_CONTEXT(2) 
PARAMETRIC_REPRESENTATION_CONTEXT() REPRESENTATION_CONTEXT('2D SPACE',''
  ) );
#6471 = PCURVE('',#6472,#6477);
#6472 = CYLINDRICAL_SURFACE('',#6473,0.5);
#6473 = AXIS2_PLACEMENT_3D('',#6474,#6475,#6476);
#6474 = CARTESIAN_POINT('',(2.25,1.25,1.5));
#6475 = DIRECTION('',(0.,0.,1.));
#6476 = DIRECTION('',(1.,0.,0.));
#6477 = DEFINITIONAL_REPRESENTATION('',(#6478),#6482);
#6478 = LINE('',#6479,#6480);
#6479 = CARTESIAN_POINT('',(0.,0.));
#6480 = VECTOR('',#6481,1.);
#6481 = DIRECTION('',(1.,0.));
#6482 = ( GEOMETRIC_REPRESENTATION_CONTEXT(2) 
PARAMETRIC_REPRESENTATION_CONTEXT() REPRESENTATION_CONTEXT('2D SPACE',''
  ) );
#6483 = ADVANCED_FACE('',(#6484),#3123,.F.);
#6484 = FACE_BOUND('',#6485,.F.);
#6485 = EDGE_LOOP('',(#6486,#6487,#6488,#6512));
#6486 = ORIENTED_EDGE('',*,*,#3213,.T.);
#6487 = ORIENTED_EDGE('',*,*,#3102,.T.);
#6488 = ORIENTED_EDGE('',*,*,#6489,.F.);
#6489 = EDGE_CURVE('',#6490,#3103,#6492,.T.);
#6490 = VERTEX_POINT('',#6491);
#6491 = CARTESIAN_POINT('',(0.14099503719,0.24049867137,1.409950371902)
  );
#6492 = SURFACE_CURVE('',#6493,(#6499,#6505),.PCURVE_S1.);
#6493 = B_SPLINE_CURVE_WITH_KNOTS('',2,(#6494,#6495,#6496,#6497,#6498),
  .UNSPECIFIED.,.F.,.F.,(3,1,1,3),(-8.978896280979E-02,
    -9.00496280979E-03,2.20900496281,2.28978896281),.UNSPECIFIED.);
#6494 = CARTESIAN_POINT('',(0.14099503719,6.021103719021E-02,
    1.409950371902));
#6495 = CARTESIAN_POINT('',(0.14099503719,0.10060303719,1.409950371902)
  );
#6496 = CARTESIAN_POINT('',(0.14099503719,1.25,1.409950371902));
#6497 = CARTESIAN_POINT('',(0.14099503719,2.39939696281,1.409950371902)
  );
#6498 = CARTESIAN_POINT('',(0.14099503719,2.43978896281,1.409950371902)
  );
#6499 = PCURVE('',#3123,#6500);
#6500 = DEFINITIONAL_REPRESENTATION('',(#6501),#6504);
#6501 = B_SPLINE_CURVE_WITH_KNOTS('',1,(#6502,#6503),.UNSPECIFIED.,.F.,
  .F.,(2,2),(-9.00496280979E-03,2.20900496281),
  .PIECEWISE_BEZIER_KNOTS.);
#6502 = CARTESIAN_POINT('',(-1.998401444325E-16,0.939966914601));
#6503 = CARTESIAN_POINT('',(2.5,0.939966914601));
#6504 = ( GEOMETRIC_REPRESENTATION_CONTEXT(2) 
PARAMETRIC_REPRESENTATION_CONTEXT() REPRESENTATION_CONTEXT('2D SPACE',''
  ) );
#6505 = PCURVE('',#6346,#6506);
#6506 = DEFINITIONAL_REPRESENTATION('',(#6507),#6511);
#6507 = LINE('',#6508,#6509);
#6508 = CARTESIAN_POINT('',(0.,0.));
#6509 = VECTOR('',#6510,1.);
#6510 = DIRECTION('',(0.,1.));
#6511 = ( GEOMETRIC_REPRESENTATION_CONTEXT(2) 
PARAMETRIC_REPRESENTATION_CONTEXT() REPRESENTATION_CONTEXT('2D SPACE',''
  ) );
#6512 = ORIENTED_EDGE('',*,*,#6513,.F.);
#6513 = EDGE_CURVE('',#3214,#6490,#6514,.T.);
#6514 = SURFACE_CURVE('',#6515,(#6524,#6532),.PCURVE_S1.);
#6515 = B_SPLINE_CURVE_WITH_KNOTS('',3,(#6516,#6517,#6518,#6519,#6520,
    #6521,#6522,#6523),.UNSPECIFIED.,.F.,.F.,(4,2,2,4),(
    -6.431842797676E-02,9.852336290568E-03,1.524778077045,1.598948841312
    ),.UNSPECIFIED.);
#6516 = CARTESIAN_POINT('',(-7.344E-03,9.2159719021E-02,-7.344E-02));
#6517 = CARTESIAN_POINT('',(-4.896E-03,9.4607719021E-02,-4.896E-02));
#6518 = CARTESIAN_POINT('',(-2.448E-03,9.7055719021E-02,-2.448E-02));
#6519 = CARTESIAN_POINT('',(5.E-02,0.149503719021,0.5));
#6520 = CARTESIAN_POINT('',(0.1,0.199503719021,1.));
#6521 = CARTESIAN_POINT('',(0.152448,0.251951719021,1.52448));
#6522 = CARTESIAN_POINT('',(0.154896,0.254399719021,1.54896));
#6523 = CARTESIAN_POINT('',(0.157344,0.256847719021,1.57344));
#6524 = PCURVE('',#3123,#6525);
#6525 = DEFINITIONAL_REPRESENTATION('',(#6526),#6531);
#6526 = B_SPLINE_CURVE_WITH_KNOTS('',3,(#6527,#6528,#6529,#6530),
  .UNSPECIFIED.,.F.,.F.,(4,4),(9.852336290568E-03,1.433832410678),
  .PIECEWISE_BEZIER_KNOTS.);
#6527 = CARTESIAN_POINT('',(9.9503719021E-02,1.110223024625E-16));
#6528 = CARTESIAN_POINT('',(0.103244927171,0.313322304867));
#6529 = CARTESIAN_POINT('',(0.107400282585,0.62664466392));
#6530 = CARTESIAN_POINT('',(0.112154180456,0.939966914601));
#6531 = ( GEOMETRIC_REPRESENTATION_CONTEXT(2) 
PARAMETRIC_REPRESENTATION_CONTEXT() REPRESENTATION_CONTEXT('2D SPACE',''
  ) );
#6532 = PCURVE('',#3274,#6533);
#6533 = DEFINITIONAL_REPRESENTATION('',(#6534),#6538);
#6534 = LINE('',#6535,#6536);
#6535 = CARTESIAN_POINT('',(0.,0.));
#6536 = VECTOR('',#6537,1.);
#6537 = DIRECTION('',(0.,1.));
#6538 = ( GEOMETRIC_REPRESENTATION_CONTEXT(2) 
PARAMETRIC_REPRESENTATION_CONTEXT() REPRESENTATION_CONTEXT('2D SPACE',''
  ) );
#6539 = ADVANCED_FACE('',(#6540),#3564,.T.);
#6540 = FACE_BOUND('',#6541,.T.);
#6541 = EDGE_LOOP('',(#6542,#6543,#6544,#6545));
#6542 = ORIENTED_EDGE('',*,*,#3625,.T.);
#6543 = ORIENTED_EDGE('',*,*,#3698,.T.);
#6544 = ORIENTED_EDGE('',*,*,#3886,.F.);
#6545 = ORIENTED_EDGE('',*,*,#3548,.F.);
#6546 = ADVANCED_FACE('',(#6547),#3274,.T.);
#6547 = FACE_BOUND('',#6548,.T.);
#6548 = EDGE_LOOP('',(#6549,#6550,#6551,#6600));
#6549 = ORIENTED_EDGE('',*,*,#3236,.T.);
#6550 = ORIENTED_EDGE('',*,*,#4093,.T.);
#6551 = ORIENTED_EDGE('',*,*,#6552,.F.);
#6552 = EDGE_CURVE('',#6490,#4094,#6553,.T.);
#6553 = SURFACE_CURVE('',#6554,(#6559,#6589),.PCURVE_S1.);
#6554 = CIRCLE('',#6555,0.1);
#6555 = AXIS2_PLACEMENT_3D('',#6556,#6557,#6558);
#6556 = CARTESIAN_POINT('',(0.240498756211,0.240498756211,1.4));
#6557 = DIRECTION('',(9.901467077147E-02,9.901474804611E-02,
    0.990147551954));
#6558 = DIRECTION('',(9.853175718898E-03,-0.995085965969,
    9.852327268015E-02));
#6559 = PCURVE('',#3274,#6560);
#6560 = DEFINITIONAL_REPRESENTATION('',(#6561),#6588);
#6561 = B_SPLINE_CURVE_WITH_KNOTS('',9,(#6562,#6563,#6564,#6565,#6566,
    #6567,#6568,#6569,#6570,#6571,#6572,#6573,#6574,#6575,#6576,#6577,
    #6578,#6579,#6580,#6581,#6582,#6583,#6584,#6585,#6586,#6587),
  .UNSPECIFIED.,.F.,.F.,(10,8,8,10),(4.712388980385,5.102612545182,
    5.49283610998,6.273283239575),.UNSPECIFIED.);
#6562 = CARTESIAN_POINT('',(1.248513466816E-17,1.433832410678));
#6563 = CARTESIAN_POINT('',(4.667754610164E-02,1.433832410678));
#6564 = CARTESIAN_POINT('',(9.242057564951E-02,1.433832410678));
#6565 = CARTESIAN_POINT('',(0.13732176554,1.433832410677));
#6566 = CARTESIAN_POINT('',(0.181461054403,1.433832410678));
#6567 = CARTESIAN_POINT('',(0.224944106941,1.433832410677));
#6568 = CARTESIAN_POINT('',(0.26781130088,1.433832410678));
#6569 = CARTESIAN_POINT('',(0.310159361866,1.433832410678));
#6570 = CARTESIAN_POINT('',(0.352041267006,1.433832410678));
#6571 = CARTESIAN_POINT('',(0.435006298215,1.433832410678));
#6572 = CARTESIAN_POINT('',(0.476088989212,1.433832410678));
#6573 = CARTESIAN_POINT('',(0.5168347202,1.433832410678));
#6574 = CARTESIAN_POINT('',(0.55730347784,1.433832410678));
#6575 = CARTESIAN_POINT('',(0.597552946751,1.433832410678));
#6576 = CARTESIAN_POINT('',(0.637639085401,1.433832410678));
#6577 = CARTESIAN_POINT('',(0.677616701994,1.433832410678));
#6578 = CARTESIAN_POINT('',(0.717540030368,1.433832410678));
#6579 = CARTESIAN_POINT('',(0.837309856913,1.433832410678));
#6580 = CARTESIAN_POINT('',(0.917156140513,1.433832410678));
#6581 = CARTESIAN_POINT('',(0.997437153232,1.433832410678));
#6582 = CARTESIAN_POINT('',(1.078586439732,1.433832410678));
#6583 = CARTESIAN_POINT('',(1.161055969067,1.433832410678));
#6584 = CARTESIAN_POINT('',(1.245333115089,1.433832410678));
#6585 = CARTESIAN_POINT('',(1.331961273556,1.433832410678));
#6586 = CARTESIAN_POINT('',(1.421570648551,1.433832410678));
#6587 = CARTESIAN_POINT('',(1.514925740754,1.433832410678));
#6588 = ( GEOMETRIC_REPRESENTATION_CONTEXT(2) 
PARAMETRIC_REPRESENTATION_CONTEXT() REPRESENTATION_CONTEXT('2D SPACE',''
  ) );
#6589 = PCURVE('',#6590,#6595);
#6590 = SPHERICAL_SURFACE('',#6591,0.1);
#6591 = AXIS2_PLACEMENT_3D('',#6592,#6593,#6594);
#6592 = CARTESIAN_POINT('',(0.240498756211,0.240498756211,1.4));
#6593 = DIRECTION('',(0.99503719021,8.484092911543E-07,-9.9503719021E-02
    ));
#6594 = DIRECTION('',(9.853175718898E-03,-0.995085965969,
    9.852327268015E-02));
#6595 = DEFINITIONAL_REPRESENTATION('',(#6596),#6599);
#6596 = B_SPLINE_CURVE_WITH_KNOTS('',1,(#6597,#6598),.UNSPECIFIED.,.F.,
  .F.,(2,2),(4.712388980385,6.273283239575),.PIECEWISE_BEZIER_KNOTS.);
#6597 = CARTESIAN_POINT('',(0.,-1.570796326795));
#6598 = CARTESIAN_POINT('',(0.,-9.902067604707E-03));
#6599 = ( GEOMETRIC_REPRESENTATION_CONTEXT(2) 
PARAMETRIC_REPRESENTATION_CONTEXT() REPRESENTATION_CONTEXT('2D SPACE',''
  ) );
#6600 = ORIENTED_EDGE('',*,*,#6513,.F.);
#6601 = ADVANCED_FACE('',(#6602),#3356,.T.);
#6602 = FACE_BOUND('',#6603,.T.);
#6603 = EDGE_LOOP('',(#6604,#6605,#6628,#6649));
#6604 = ORIENTED_EDGE('',*,*,#3340,.F.);
#6605 = ORIENTED_EDGE('',*,*,#6606,.T.);
#6606 = EDGE_CURVE('',#3341,#6607,#6609,.T.);
#6607 = VERTEX_POINT('',#6608);
#6608 = CARTESIAN_POINT('',(0.54,0.3,0.4));
#6609 = SURFACE_CURVE('',#6610,(#6614,#6621),.PCURVE_S1.);
#6610 = LINE('',#6611,#6612);
#6611 = CARTESIAN_POINT('',(0.54,0.3,0.));
#6612 = VECTOR('',#6613,1.);
#6613 = DIRECTION('',(0.,0.,1.));
#6614 = PCURVE('',#3356,#6615);
#6615 = DEFINITIONAL_REPRESENTATION('',(#6616),#6620);
#6616 = LINE('',#6617,#6618);
#6617 = CARTESIAN_POINT('',(0.,0.));
#6618 = VECTOR('',#6619,1.);
#6619 = DIRECTION('',(0.,-1.));
#6620 = ( GEOMETRIC_REPRESENTATION_CONTEXT(2) 
PARAMETRIC_REPRESENTATION_CONTEXT() REPRESENTATION_CONTEXT('2D SPACE',''
  ) );
#6621 = PCURVE('',#3384,#6622);
#6622 = DEFINITIONAL_REPRESENTATION('',(#6623),#6627);
#6623 = LINE('',#6624,#6625);
#6624 = CARTESIAN_POINT('',(0.42,0.));
#6625 = VECTOR('',#6626,1.);
#6626 = DIRECTION('',(0.,-1.));
#6627 = ( GEOMETRIC_REPRESENTATION_CONTEXT(2) 
PARAMETRIC_REPRESENTATION_CONTEXT() REPRESENTATION_CONTEXT('2D SPACE',''
  ) );
#6628 = ORIENTED_EDGE('',*,*,#6629,.T.);
#6629 = EDGE_CURVE('',#6607,#5491,#6630,.T.);
#6630 = SURFACE_CURVE('',#6631,(#6635,#6642),.PCURVE_S1.);
#6631 = LINE('',#6632,#6633);
#6632 = CARTESIAN_POINT('',(0.54,0.3,0.4));
#6633 = VECTOR('',#6634,1.);
#6634 = DIRECTION('',(0.,-1.,0.));
#6635 = PCURVE('',#3356,#6636);
#6636 = DEFINITIONAL_REPRESENTATION('',(#6637),#6641);
#6637 = LINE('',#6638,#6639);
#6638 = CARTESIAN_POINT('',(0.,-0.4));
#6639 = VECTOR('',#6640,1.);
#6640 = DIRECTION('',(1.,0.));
#6641 = ( GEOMETRIC_REPRESENTATION_CONTEXT(2) 
PARAMETRIC_REPRESENTATION_CONTEXT() REPRESENTATION_CONTEXT('2D SPACE',''
  ) );
#6642 = PCURVE('',#5702,#6643);
#6643 = DEFINITIONAL_REPRESENTATION('',(#6644),#6648);
#6644 = LINE('',#6645,#6646);
#6645 = CARTESIAN_POINT('',(0.,0.3));
#6646 = VECTOR('',#6647,1.);
#6647 = DIRECTION('',(0.,-1.));
#6648 = ( GEOMETRIC_REPRESENTATION_CONTEXT(2) 
PARAMETRIC_REPRESENTATION_CONTEXT() REPRESENTATION_CONTEXT('2D SPACE',''
  ) );
#6649 = ORIENTED_EDGE('',*,*,#5812,.F.);
#6650 = ADVANCED_FACE('',(#6651),#3384,.T.);
#6651 = FACE_BOUND('',#6652,.T.);
#6652 = EDGE_LOOP('',(#6653,#6676,#6697,#6698));
#6653 = ORIENTED_EDGE('',*,*,#6654,.T.);
#6654 = EDGE_CURVE('',#3369,#6655,#6657,.T.);
#6655 = VERTEX_POINT('',#6656);
#6656 = CARTESIAN_POINT('',(0.96,0.3,0.4));
#6657 = SURFACE_CURVE('',#6658,(#6662,#6669),.PCURVE_S1.);
#6658 = LINE('',#6659,#6660);
#6659 = CARTESIAN_POINT('',(0.96,0.3,0.));
#6660 = VECTOR('',#6661,1.);
#6661 = DIRECTION('',(0.,0.,1.));
#6662 = PCURVE('',#3384,#6663);
#6663 = DEFINITIONAL_REPRESENTATION('',(#6664),#6668);
#6664 = LINE('',#6665,#6666);
#6665 = CARTESIAN_POINT('',(0.,-0.));
#6666 = VECTOR('',#6667,1.);
#6667 = DIRECTION('',(0.,-1.));
#6668 = ( GEOMETRIC_REPRESENTATION_CONTEXT(2) 
PARAMETRIC_REPRESENTATION_CONTEXT() REPRESENTATION_CONTEXT('2D SPACE',''
  ) );
#6669 = PCURVE('',#3412,#6670);
#6670 = DEFINITIONAL_REPRESENTATION('',(#6671),#6675);
#6671 = LINE('',#6672,#6673);
#6672 = CARTESIAN_POINT('',(0.3,0.));
#6673 = VECTOR('',#6674,1.);
#6674 = DIRECTION('',(0.,-1.));
#6675 = ( GEOMETRIC_REPRESENTATION_CONTEXT(2) 
PARAMETRIC_REPRESENTATION_CONTEXT() REPRESENTATION_CONTEXT('2D SPACE',''
  ) );
#6676 = ORIENTED_EDGE('',*,*,#6677,.T.);
#6677 = EDGE_CURVE('',#6655,#6607,#6678,.T.);
#6678 = SURFACE_CURVE('',#6679,(#6683,#6690),.PCURVE_S1.);
#6679 = LINE('',#6680,#6681);
#6680 = CARTESIAN_POINT('',(0.96,0.3,0.4));
#6681 = VECTOR('',#6682,1.);
#6682 = DIRECTION('',(-1.,0.,0.));
#6683 = PCURVE('',#3384,#6684);
#6684 = DEFINITIONAL_REPRESENTATION('',(#6685),#6689);
#6685 = LINE('',#6686,#6687);
#6686 = CARTESIAN_POINT('',(0.,-0.4));
#6687 = VECTOR('',#6688,1.);
#6688 = DIRECTION('',(1.,0.));
#6689 = ( GEOMETRIC_REPRESENTATION_CONTEXT(2) 
PARAMETRIC_REPRESENTATION_CONTEXT() REPRESENTATION_CONTEXT('2D SPACE',''
  ) );
#6690 = PCURVE('',#5702,#6691);
#6691 = DEFINITIONAL_REPRESENTATION('',(#6692),#6696);
#6692 = LINE('',#6693,#6694);
#6693 = CARTESIAN_POINT('',(-0.42,0.3));
#6694 = VECTOR('',#6695,1.);
#6695 = DIRECTION('',(1.,0.));
#6696 = ( GEOMETRIC_REPRESENTATION_CONTEXT(2) 
PARAMETRIC_REPRESENTATION_CONTEXT() REPRESENTATION_CONTEXT('2D SPACE',''
  ) );
#6697 = ORIENTED_EDGE('',*,*,#6606,.F.);
#6698 = ORIENTED_EDGE('',*,*,#3368,.F.);
#6699 = ADVANCED_FACE('',(#6700),#3491,.F.);
#6700 = FACE_BOUND('',#6701,.F.);
#6701 = EDGE_LOOP('',(#6702,#6723,#6724,#6725));
#6702 = ORIENTED_EDGE('',*,*,#6703,.T.);
#6703 = EDGE_CURVE('',#3448,#3750,#6704,.T.);
#6704 = SURFACE_CURVE('',#6705,(#6709,#6716),.PCURVE_S1.);
#6705 = LINE('',#6706,#6707);
#6706 = CARTESIAN_POINT('',(1.45,1.750885901445,0.));
#6707 = VECTOR('',#6708,1.);
#6708 = DIRECTION('',(0.,0.,1.));
#6709 = PCURVE('',#3491,#6710);
#6710 = DEFINITIONAL_REPRESENTATION('',(#6711),#6715);
#6711 = LINE('',#6712,#6713);
#6712 = CARTESIAN_POINT('',(0.,0.));
#6713 = VECTOR('',#6714,1.);
#6714 = DIRECTION('',(0.,-1.));
#6715 = ( GEOMETRIC_REPRESENTATION_CONTEXT(2) 
PARAMETRIC_REPRESENTATION_CONTEXT() REPRESENTATION_CONTEXT('2D SPACE',''
  ) );
#6716 = PCURVE('',#3463,#6717);
#6717 = DEFINITIONAL_REPRESENTATION('',(#6718),#6722);
#6718 = LINE('',#6719,#6720);
#6719 = CARTESIAN_POINT('',(1.750885901445,0.));
#6720 = VECTOR('',#6721,1.);
#6721 = DIRECTION('',(0.,-1.));
#6722 = ( GEOMETRIC_REPRESENTATION_CONTEXT(2) 
PARAMETRIC_REPRESENTATION_CONTEXT() REPRESENTATION_CONTEXT('2D SPACE',''
  ) );
#6723 = ORIENTED_EDGE('',*,*,#3772,.T.);
#6724 = ORIENTED_EDGE('',*,*,#3913,.F.);
#6725 = ORIENTED_EDGE('',*,*,#3475,.F.);
#6726 = ADVANCED_FACE('',(#6727),#3412,.T.);
#6727 = FACE_BOUND('',#6728,.T.);
#6728 = EDGE_LOOP('',(#6729,#6730,#6731,#6752));
#6729 = ORIENTED_EDGE('',*,*,#3396,.F.);
#6730 = ORIENTED_EDGE('',*,*,#5173,.T.);
#6731 = ORIENTED_EDGE('',*,*,#6732,.T.);
#6732 = EDGE_CURVE('',#5174,#6655,#6733,.T.);
#6733 = SURFACE_CURVE('',#6734,(#6738,#6745),.PCURVE_S1.);
#6734 = LINE('',#6735,#6736);
#6735 = CARTESIAN_POINT('',(0.96,0.,0.4));
#6736 = VECTOR('',#6737,1.);
#6737 = DIRECTION('',(0.,1.,0.));
#6738 = PCURVE('',#3412,#6739);
#6739 = DEFINITIONAL_REPRESENTATION('',(#6740),#6744);
#6740 = LINE('',#6741,#6742);
#6741 = CARTESIAN_POINT('',(0.,-0.4));
#6742 = VECTOR('',#6743,1.);
#6743 = DIRECTION('',(1.,0.));
#6744 = ( GEOMETRIC_REPRESENTATION_CONTEXT(2) 
PARAMETRIC_REPRESENTATION_CONTEXT() REPRESENTATION_CONTEXT('2D SPACE',''
  ) );
#6745 = PCURVE('',#5702,#6746);
#6746 = DEFINITIONAL_REPRESENTATION('',(#6747),#6751);
#6747 = LINE('',#6748,#6749);
#6748 = CARTESIAN_POINT('',(-0.42,0.));
#6749 = VECTOR('',#6750,1.);
#6750 = DIRECTION('',(0.,1.));
#6751 = ( GEOMETRIC_REPRESENTATION_CONTEXT(2) 
PARAMETRIC_REPRESENTATION_CONTEXT() REPRESENTATION_CONTEXT('2D SPACE',''
  ) );
#6752 = ORIENTED_EDGE('',*,*,#6654,.F.);
#6753 = ADVANCED_FACE('',(#6754),#3463,.F.);
#6754 = FACE_BOUND('',#6755,.F.);
#6755 = EDGE_LOOP('',(#6756,#6757,#6758,#6759));
#6756 = ORIENTED_EDGE('',*,*,#3447,.F.);
#6757 = ORIENTED_EDGE('',*,*,#5145,.T.);
#6758 = ORIENTED_EDGE('',*,*,#3747,.T.);
#6759 = ORIENTED_EDGE('',*,*,#6703,.F.);
#6760 = ADVANCED_FACE('',(#6761),#3984,.F.);
#6761 = FACE_BOUND('',#6762,.F.);
#6762 = EDGE_LOOP('',(#6763,#6764,#6765,#6766));
#6763 = ORIENTED_EDGE('',*,*,#6408,.F.);
#6764 = ORIENTED_EDGE('',*,*,#6291,.F.);
#6765 = ORIENTED_EDGE('',*,*,#3969,.T.);
#6766 = ORIENTED_EDGE('',*,*,#6767,.F.);
#6767 = EDGE_CURVE('',#6383,#3941,#6768,.T.);
#6768 = SURFACE_CURVE('',#6769,(#6774,#6790),.PCURVE_S1.);
#6769 = CIRCLE('',#6770,0.1);
#6770 = AXIS2_PLACEMENT_3D('',#6771,#6772,#6773);
#6771 = CARTESIAN_POINT('',(4.259501243789,0.240498756211,1.4));
#6772 = DIRECTION('',(-2.203512155905E-15,1.,-2.775555978411E-16));
#6773 = DIRECTION('',(1.,2.203512135963E-15,-7.184676853456E-08));
#6774 = PCURVE('',#3984,#6775);
#6775 = DEFINITIONAL_REPRESENTATION('',(#6776),#6789);
#6776 = B_SPLINE_CURVE_WITH_KNOTS('',11,(#6777,#6778,#6779,#6780,#6781,
    #6782,#6783,#6784,#6785,#6786,#6787,#6788),.UNSPECIFIED.,.F.,.F.,(12
    ,12),(4.712388980385,6.183516582842),.PIECEWISE_BEZIER_KNOTS.);
#6777 = CARTESIAN_POINT('',(-9.745525546818E-16,2.109501243789));
#6778 = CARTESIAN_POINT('',(0.221037105421,2.109501252244));
#6779 = CARTESIAN_POINT('',(0.429541773587,2.109501260219));
#6780 = CARTESIAN_POINT('',(0.629390294489,2.109501267863));
#6781 = CARTESIAN_POINT('',(0.823335771736,2.109501275283));
#6782 = CARTESIAN_POINT('',(1.014302179884,2.109501282586));
#6783 = CARTESIAN_POINT('',(1.203706364216,2.109501289833));
#6784 = CARTESIAN_POINT('',(1.394677562247,2.109501297136));
#6785 = CARTESIAN_POINT('',(1.588616900065,2.109501304555));
#6786 = CARTESIAN_POINT('',(1.788469452252,2.109501312199));
#6787 = CARTESIAN_POINT('',(1.996972820199,2.109501320175));
#6788 = CARTESIAN_POINT('',(2.21800992562,2.10950132863));
#6789 = ( GEOMETRIC_REPRESENTATION_CONTEXT(2) 
PARAMETRIC_REPRESENTATION_CONTEXT() REPRESENTATION_CONTEXT('2D SPACE',''
  ) );
#6790 = PCURVE('',#4070,#6791);
#6791 = DEFINITIONAL_REPRESENTATION('',(#6792),#6795);
#6792 = B_SPLINE_CURVE_WITH_KNOTS('',1,(#6793,#6794),.UNSPECIFIED.,.F.,
  .F.,(2,2),(4.712388980385,6.183516582842),.PIECEWISE_BEZIER_KNOTS.);
#6793 = CARTESIAN_POINT('',(-1.57079633398,-1.570796326795));
#6794 = CARTESIAN_POINT('',(-1.57079633398,-9.966872433793E-02));
#6795 = ( GEOMETRIC_REPRESENTATION_CONTEXT(2) 
PARAMETRIC_REPRESENTATION_CONTEXT() REPRESENTATION_CONTEXT('2D SPACE',''
  ) );
#6796 = ADVANCED_FACE('',(#6797),#4070,.T.);
#6797 = FACE_BOUND('',#6798,.F.);
#6798 = EDGE_LOOP('',(#6799,#6829,#6830));
#6799 = ORIENTED_EDGE('',*,*,#6800,.F.);
#6800 = EDGE_CURVE('',#6383,#4020,#6801,.T.);
#6801 = SURFACE_CURVE('',#6802,(#6807,#6813),.PCURVE_S1.);
#6802 = CIRCLE('',#6803,0.1);
#6803 = AXIS2_PLACEMENT_3D('',#6804,#6805,#6806);
#6804 = CARTESIAN_POINT('',(4.259501243789,0.240498756211,1.4));
#6805 = DIRECTION('',(1.,-7.184667927373E-09,-7.184676853456E-08));
#6806 = DIRECTION('',(-7.184667927373E-09,-1.,7.937509297319E-16));
#6807 = PCURVE('',#4070,#6808);
#6808 = DEFINITIONAL_REPRESENTATION('',(#6809),#6812);
#6809 = B_SPLINE_CURVE_WITH_KNOTS('',1,(#6810,#6811),.UNSPECIFIED.,.F.,
  .F.,(2,2),(4.712388980385,6.183516654688),.PIECEWISE_BEZIER_KNOTS.);
#6810 = CARTESIAN_POINT('',(0.,-1.570796326795));
#6811 = CARTESIAN_POINT('',(0.,-9.966865249116E-02));
#6812 = ( GEOMETRIC_REPRESENTATION_CONTEXT(2) 
PARAMETRIC_REPRESENTATION_CONTEXT() REPRESENTATION_CONTEXT('2D SPACE',''
  ) );
#6813 = PCURVE('',#4137,#6814);
#6814 = DEFINITIONAL_REPRESENTATION('',(#6815),#6828);
#6815 = B_SPLINE_CURVE_WITH_KNOTS('',11,(#6816,#6817,#6818,#6819,#6820,
    #6821,#6822,#6823,#6824,#6825,#6826,#6827),.UNSPECIFIED.,.F.,.F.,(12
    ,12),(4.712388980385,6.183516654688),.PIECEWISE_BEZIER_KNOTS.);
#6816 = CARTESIAN_POINT('',(-7.611222605921E-16,9.049875621121E-02));
#6817 = CARTESIAN_POINT('',(0.420348321871,9.049875549522E-02));
#6818 = CARTESIAN_POINT('',(0.816860549357,9.049875481981E-02));
#6819 = CARTESIAN_POINT('',(1.19692596797,9.049875417246E-02));
#6820 = CARTESIAN_POINT('',(1.565729038905,9.049875354424E-02));
#6821 = CARTESIAN_POINT('',(1.928927558091,9.04987529256E-02));
#6822 = CARTESIAN_POINT('',(2.289082367529,9.049875231215E-02));
#6823 = CARTESIAN_POINT('',(2.652280886713,9.049875169347E-02));
#6824 = CARTESIAN_POINT('',(3.02108395765,9.049875106531E-02));
#6825 = CARTESIAN_POINT('',(3.401149376262,9.049875041791E-02));
#6826 = CARTESIAN_POINT('',(3.797661603748,9.049874974253E-02));
#6827 = CARTESIAN_POINT('',(4.21800992562,9.049874902653E-02));
#6828 = ( GEOMETRIC_REPRESENTATION_CONTEXT(2) 
PARAMETRIC_REPRESENTATION_CONTEXT() REPRESENTATION_CONTEXT('2D SPACE',''
  ) );
#6829 = ORIENTED_EDGE('',*,*,#6767,.T.);
#6830 = ORIENTED_EDGE('',*,*,#4048,.F.);
#6831 = ADVANCED_FACE('',(#6832),#4137,.F.);
#6832 = FACE_BOUND('',#6833,.F.);
#6833 = EDGE_LOOP('',(#6834,#6835,#6836,#6873));
#6834 = ORIENTED_EDGE('',*,*,#6800,.T.);
#6835 = ORIENTED_EDGE('',*,*,#4122,.T.);
#6836 = ORIENTED_EDGE('',*,*,#6837,.T.);
#6837 = EDGE_CURVE('',#4094,#6385,#6838,.T.);
#6838 = SURFACE_CURVE('',#6839,(#6844,#6860),.PCURVE_S1.);
#6839 = CIRCLE('',#6840,0.1);
#6840 = AXIS2_PLACEMENT_3D('',#6841,#6842,#6843);
#6841 = CARTESIAN_POINT('',(0.240498756211,0.240498756211,1.4));
#6842 = DIRECTION('',(-1.,7.220478302992E-08,3.494426967998E-13));
#6843 = DIRECTION('',(-7.184640965496E-08,-0.99503719021,
    9.950371902099E-02));
#6844 = PCURVE('',#4137,#6845);
#6845 = DEFINITIONAL_REPRESENTATION('',(#6846),#6859);
#6846 = B_SPLINE_CURVE_WITH_KNOTS('',11,(#6847,#6848,#6849,#6850,#6851,
    #6852,#6853,#6854,#6855,#6856,#6857,#6858),.UNSPECIFIED.,.F.,.F.,(12
    ,12),(0.,1.471127674304),.PIECEWISE_BEZIER_KNOTS.);
#6847 = CARTESIAN_POINT('',(4.21800992562,4.109501250973));
#6848 = CARTESIAN_POINT('',(3.797661603749,4.109501250258));
#6849 = CARTESIAN_POINT('',(3.401149376261,4.10950124958));
#6850 = CARTESIAN_POINT('',(3.021083957653,4.10950124894));
#6851 = CARTESIAN_POINT('',(2.652280886708,4.109501248298));
#6852 = CARTESIAN_POINT('',(2.289082367535,4.109501247699));
#6853 = CARTESIAN_POINT('',(1.928927558085,4.109501247065));
#6854 = CARTESIAN_POINT('',(1.565729038911,4.109501246462));
#6855 = CARTESIAN_POINT('',(1.196925967967,4.109501245824));
#6856 = CARTESIAN_POINT('',(0.816860549358,4.109501245181));
#6857 = CARTESIAN_POINT('',(0.420348321871,4.109501244505));
#6858 = CARTESIAN_POINT('',(-5.133484238341E-16,4.109501243789));
#6859 = ( GEOMETRIC_REPRESENTATION_CONTEXT(2) 
PARAMETRIC_REPRESENTATION_CONTEXT() REPRESENTATION_CONTEXT('2D SPACE',''
  ) );
#6860 = PCURVE('',#6590,#6861);
#6861 = DEFINITIONAL_REPRESENTATION('',(#6862),#6872);
#6862 = B_SPLINE_CURVE_WITH_KNOTS('',8,(#6863,#6864,#6865,#6866,#6867,
    #6868,#6869,#6870,#6871),.UNSPECIFIED.,.F.,.F.,(9,9),(0.,
    1.471127674304),.PIECEWISE_BEZIER_KNOTS.);
#6863 = CARTESIAN_POINT('',(0.,-9.902067604707E-03));
#6864 = CARTESIAN_POINT('',(-0.182996285807,-2.810996908169E-02));
#6865 = CARTESIAN_POINT('',(-0.366067965958,-4.593894598482E-02));
#6866 = CARTESIAN_POINT('',(-0.549398363303,-6.245952935819E-02));
#6867 = CARTESIAN_POINT('',(-0.733148528998,-7.676797292129E-02));
#6868 = CARTESIAN_POINT('',(-0.91738515459,-8.807528248479E-02));
#6869 = CARTESIAN_POINT('',(-1.102002908443,-9.580429664945E-02));
#6870 = CARTESIAN_POINT('',(-1.28681102997,-9.966882256155E-02));
#6871 = CARTESIAN_POINT('',(-1.471619156839,-9.966865249081E-02));
#6872 = ( GEOMETRIC_REPRESENTATION_CONTEXT(2) 
PARAMETRIC_REPRESENTATION_CONTEXT() REPRESENTATION_CONTEXT('2D SPACE',''
  ) );
#6873 = ORIENTED_EDGE('',*,*,#6382,.F.);
#6874 = ADVANCED_FACE('',(#6875),#5702,.T.);
#6875 = FACE_BOUND('',#6876,.T.);
#6876 = EDGE_LOOP('',(#6877,#6878,#6879,#6880));
#6877 = ORIENTED_EDGE('',*,*,#5490,.F.);
#6878 = ORIENTED_EDGE('',*,*,#6629,.F.);
#6879 = ORIENTED_EDGE('',*,*,#6677,.F.);
#6880 = ORIENTED_EDGE('',*,*,#6732,.F.);
#6881 = ADVANCED_FACE('',(#6882),#4691,.T.);
#6882 = FACE_BOUND('',#6883,.T.);
#6883 = EDGE_LOOP('',(#6884,#6885,#6886,#6887));
#6884 = ORIENTED_EDGE('',*,*,#4479,.F.);
#6885 = ORIENTED_EDGE('',*,*,#6257,.F.);
#6886 = ORIENTED_EDGE('',*,*,#6180,.F.);
#6887 = ORIENTED_EDGE('',*,*,#6132,.F.);
#6888 = ADVANCED_FACE('',(#6889),#6346,.T.);
#6889 = FACE_BOUND('',#6890,.T.);
#6890 = EDGE_LOOP('',(#6891,#6921,#6922,#6923));
#6891 = ORIENTED_EDGE('',*,*,#6892,.T.);
#6892 = EDGE_CURVE('',#6490,#6385,#6893,.T.);
#6893 = SURFACE_CURVE('',#6894,(#6899,#6915),.PCURVE_S1.);
#6894 = CIRCLE('',#6895,0.1);
#6895 = AXIS2_PLACEMENT_3D('',#6896,#6897,#6898);
#6896 = CARTESIAN_POINT('',(0.240498756211,0.240498756211,1.4));
#6897 = DIRECTION('',(-8.52640785461E-07,1.,-2.706547206547E-15));
#6898 = DIRECTION('',(9.950371902096E-02,8.484093183547E-08,
    0.99503719021));
#6899 = PCURVE('',#6346,#6900);
#6900 = DEFINITIONAL_REPRESENTATION('',(#6901),#6914);
#6901 = B_SPLINE_CURVE_WITH_KNOTS('',11,(#6902,#6903,#6904,#6905,#6906,
    #6907,#6908,#6909,#6910,#6911,#6912,#6913),.UNSPECIFIED.,.F.,.F.,(12
    ,12),(4.712388980385,6.183516654689),.PIECEWISE_BEZIER_KNOTS.);
#6902 = CARTESIAN_POINT('',(-8.637413498124E-17,9.049867137028E-02));
#6903 = CARTESIAN_POINT('',(0.221037116216,9.049867982516E-02));
#6904 = CARTESIAN_POINT('',(0.429540195085,9.049868780058E-02));
#6905 = CARTESIAN_POINT('',(0.6293948388,9.049869544525E-02));
#6906 = CARTESIAN_POINT('',(0.823327258674,9.049870286324E-02));
#6907 = CARTESIAN_POINT('',(1.014312565663,9.049871016877E-02));
#6908 = CARTESIAN_POINT('',(1.203697359956,9.049871741271E-02));
#6909 = CARTESIAN_POINT('',(1.394682666945,9.049872471826E-02));
#6910 = CARTESIAN_POINT('',(1.58861508682,9.049873213624E-02));
#6911 = CARTESIAN_POINT('',(1.788469730535,9.049873978091E-02));
#6912 = CARTESIAN_POINT('',(1.996972809404,9.049874775633E-02));
#6913 = CARTESIAN_POINT('',(2.21800992562,9.049875621121E-02));
#6914 = ( GEOMETRIC_REPRESENTATION_CONTEXT(2) 
PARAMETRIC_REPRESENTATION_CONTEXT() REPRESENTATION_CONTEXT('2D SPACE',''
  ) );
#6915 = PCURVE('',#6590,#6916);
#6916 = DEFINITIONAL_REPRESENTATION('',(#6917),#6920);
#6917 = B_SPLINE_CURVE_WITH_KNOTS('',1,(#6918,#6919),.UNSPECIFIED.,.F.,
  .F.,(2,2),(4.712388980385,6.183516654689),.PIECEWISE_BEZIER_KNOTS.);
#6918 = CARTESIAN_POINT('',(-1.471619156839,-1.570796326795));
#6919 = CARTESIAN_POINT('',(-1.471619156839,-9.966865249081E-02));
#6920 = ( GEOMETRIC_REPRESENTATION_CONTEXT(2) 
PARAMETRIC_REPRESENTATION_CONTEXT() REPRESENTATION_CONTEXT('2D SPACE',''
  ) );
#6921 = ORIENTED_EDGE('',*,*,#6431,.T.);
#6922 = ORIENTED_EDGE('',*,*,#6332,.F.);
#6923 = ORIENTED_EDGE('',*,*,#6489,.F.);
#6924 = ADVANCED_FACE('',(#6925),#6472,.F.);
#6925 = FACE_BOUND('',#6926,.F.);
#6926 = EDGE_LOOP('',(#6927,#6950,#6977,#6978));
#6927 = ORIENTED_EDGE('',*,*,#6928,.T.);
#6928 = EDGE_CURVE('',#6456,#6929,#6931,.T.);
#6929 = VERTEX_POINT('',#6930);
#6930 = CARTESIAN_POINT('',(2.75,1.25,1.4));
#6931 = SEAM_CURVE('',#6932,(#6936,#6943),.PCURVE_S1.);
#6932 = LINE('',#6933,#6934);
#6933 = CARTESIAN_POINT('',(2.75,1.25,1.5));
#6934 = VECTOR('',#6935,1.);
#6935 = DIRECTION('',(-0.,-0.,-1.));
#6936 = PCURVE('',#6472,#6937);
#6937 = DEFINITIONAL_REPRESENTATION('',(#6938),#6942);
#6938 = LINE('',#6939,#6940);
#6939 = CARTESIAN_POINT('',(0.,0.));
#6940 = VECTOR('',#6941,1.);
#6941 = DIRECTION('',(0.,-1.));
#6942 = ( GEOMETRIC_REPRESENTATION_CONTEXT(2) 
PARAMETRIC_REPRESENTATION_CONTEXT() REPRESENTATION_CONTEXT('2D SPACE',''
  ) );
#6943 = PCURVE('',#6472,#6944);
#6944 = DEFINITIONAL_REPRESENTATION('',(#6945),#6949);
#6945 = LINE('',#6946,#6947);
#6946 = CARTESIAN_POINT('',(6.28318530718,0.));
#6947 = VECTOR('',#6948,1.);
#6948 = DIRECTION('',(0.,-1.));
#6949 = ( GEOMETRIC_REPRESENTATION_CONTEXT(2) 
PARAMETRIC_REPRESENTATION_CONTEXT() REPRESENTATION_CONTEXT('2D SPACE',''
  ) );
#6950 = ORIENTED_EDGE('',*,*,#6951,.T.);
#6951 = EDGE_CURVE('',#6929,#6929,#6952,.T.);
#6952 = SURFACE_CURVE('',#6953,(#6958,#6965),.PCURVE_S1.);
#6953 = CIRCLE('',#6954,0.5);
#6954 = AXIS2_PLACEMENT_3D('',#6955,#6956,#6957);
#6955 = CARTESIAN_POINT('',(2.25,1.25,1.4));
#6956 = DIRECTION('',(0.,0.,1.));
#6957 = DIRECTION('',(1.,0.,0.));
#6958 = PCURVE('',#6472,#6959);
#6959 = DEFINITIONAL_REPRESENTATION('',(#6960),#6964);
#6960 = LINE('',#6961,#6962);
#6961 = CARTESIAN_POINT('',(0.,-0.1));
#6962 = VECTOR('',#6963,1.);
#6963 = DIRECTION('',(1.,0.));
#6964 = ( GEOMETRIC_REPRESENTATION_CONTEXT(2) 
PARAMETRIC_REPRESENTATION_CONTEXT() REPRESENTATION_CONTEXT('2D SPACE',''
  ) );
#6965 = PCURVE('',#6966,#6971);
#6966 = PLANE('',#6967);
#6967 = AXIS2_PLACEMENT_3D('',#6968,#6969,#6970);
#6968 = CARTESIAN_POINT('',(2.25,1.25,1.4));
#6969 = DIRECTION('',(-2.958228394579E-31,-7.231224964526E-31,1.));
#6970 = DIRECTION('',(0.,1.,7.231224964526E-31));
#6971 = DEFINITIONAL_REPRESENTATION('',(#6972),#6976);
#6972 = CIRCLE('',#6973,0.5);
#6973 = AXIS2_PLACEMENT_2D('',#6974,#6975);
#6974 = CARTESIAN_POINT('',(4.440892098501E-16,9.499785410604E-77));
#6975 = DIRECTION('',(0.,-1.));
#6976 = ( GEOMETRIC_REPRESENTATION_CONTEXT(2) 
PARAMETRIC_REPRESENTATION_CONTEXT() REPRESENTATION_CONTEXT('2D SPACE',''
  ) );
#6977 = ORIENTED_EDGE('',*,*,#6928,.F.);
#6978 = ORIENTED_EDGE('',*,*,#6455,.F.);
#6979 = ADVANCED_FACE('',(#6980),#6590,.T.);
#6980 = FACE_BOUND('',#6981,.F.);
#6981 = EDGE_LOOP('',(#6982,#6983,#6984));
#6982 = ORIENTED_EDGE('',*,*,#6552,.F.);
#6983 = ORIENTED_EDGE('',*,*,#6892,.T.);
#6984 = ORIENTED_EDGE('',*,*,#6837,.F.);
#6985 = ADVANCED_FACE('',(#6986),#6966,.T.);
#6986 = FACE_BOUND('',#6987,.T.);
#6987 = EDGE_LOOP('',(#6988));
#6988 = ORIENTED_EDGE('',*,*,#6951,.T.);
#6989 = ( GEOMETRIC_REPRESENTATION_CONTEXT(3) 
GLOBAL_UNCERTAINTY_ASSIGNED_CONTEXT((#6993)) 
GLOBAL_UNIT_ASSIGNED_CONTEXT((#6990,#6991,#6992)) REPRESENTATION_CONTEXT
('Context #1','3D Context with UNIT and UNCERTAINTY') );
#6990 = ( LENGTH_UNIT() NAMED_UNIT(*) SI_UNIT(.MILLI.,.METRE.) );
#6991 = ( NAMED_UNIT(*) PLANE_ANGLE_UNIT() SI_UNIT($,.RADIAN.) );
#6992 = ( NAMED_UNIT(*) SI_UNIT($,.STERADIAN.) SOLID_ANGLE_UNIT() );
#6993 = UNCERTAINTY_MEASURE_WITH_UNIT(LENGTH_MEASURE(2.E-06),#6990,
  'distance_accuracy_value','confusion accuracy');
#6994 = PRODUCT_RELATED_PRODUCT_CATEGORY('part',$,(#7));
#6995 = SHAPE_DEFINITION_REPRESENTATION(#6996,#7002);
#6996 = PRODUCT_DEFINITION_SHAPE('','',#6997);
#6997 = PRODUCT_DEFINITION('design','',#6998,#7001);
#6998 = PRODUCT_DEFINITION_FORMATION('','',#6999);
#6999 = PRODUCT('Tab','Tab','',(#7000));
#7000 = PRODUCT_CONTEXT('',#2,'mechanical');
#7001 = PRODUCT_DEFINITION_CONTEXT('part definition',#2,'design');
#7002 = ADVANCED_BREP_SHAPE_REPRESENTATION('',(#11,#7003),#8309);
#7003 = MANIFOLD_SOLID_BREP('',#7004);
#7004 = CLOSED_SHELL('',(#7005,#7125,#7201,#7277,#7353,#7429,#7505,#7581
    ,#7667,#7743,#7829,#7905,#7981,#8057,#8143,#8214,#8271,#8290));
#7005 = ADVANCED_FACE('',(#7006),#7020,.T.);
#7006 = FACE_BOUND('',#7007,.T.);
#7007 = EDGE_LOOP('',(#7008,#7043,#7071,#7099));
#7008 = ORIENTED_EDGE('',*,*,#7009,.T.);
#7009 = EDGE_CURVE('',#7010,#7012,#7014,.T.);
#7010 = VERTEX_POINT('',#7011);
#7011 = CARTESIAN_POINT('',(1.45,-0.18,0.));
#7012 = VERTEX_POINT('',#7013);
#7013 = CARTESIAN_POINT('',(1.45,-0.18,0.4));
#7014 = SURFACE_CURVE('',#7015,(#7019,#7031),.PCURVE_S1.);
#7015 = LINE('',#7016,#7017);
#7016 = CARTESIAN_POINT('',(1.45,-0.18,0.));
#7017 = VECTOR('',#7018,1.);
#7018 = DIRECTION('',(0.,0.,1.));
#7019 = PCURVE('',#7020,#7025);
#7020 = PLANE('',#7021);
#7021 = AXIS2_PLACEMENT_3D('',#7022,#7023,#7024);
#7022 = CARTESIAN_POINT('',(1.45,-0.18,0.));
#7023 = DIRECTION('',(-1.,0.,0.));
#7024 = DIRECTION('',(0.,1.,0.));
#7025 = DEFINITIONAL_REPRESENTATION('',(#7026),#7030);
#7026 = LINE('',#7027,#7028);
#7027 = CARTESIAN_POINT('',(0.,0.));
#7028 = VECTOR('',#7029,1.);
#7029 = DIRECTION('',(0.,-1.));
#7030 = ( GEOMETRIC_REPRESENTATION_CONTEXT(2) 
PARAMETRIC_REPRESENTATION_CONTEXT() REPRESENTATION_CONTEXT('2D SPACE',''
  ) );
#7031 = PCURVE('',#7032,#7037);
#7032 = CYLINDRICAL_SURFACE('',#7033,0.22);
#7033 = AXIS2_PLACEMENT_3D('',#7034,#7035,#7036);
#7034 = CARTESIAN_POINT('',(1.67,-0.18,0.));
#7035 = DIRECTION('',(-0.,-0.,-1.));
#7036 = DIRECTION('',(1.,0.,0.));
#7037 = DEFINITIONAL_REPRESENTATION('',(#7038),#7042);
#7038 = LINE('',#7039,#7040);
#7039 = CARTESIAN_POINT('',(-3.14159265359,0.));
#7040 = VECTOR('',#7041,1.);
#7041 = DIRECTION('',(-0.,-1.));
#7042 = ( GEOMETRIC_REPRESENTATION_CONTEXT(2) 
PARAMETRIC_REPRESENTATION_CONTEXT() REPRESENTATION_CONTEXT('2D SPACE',''
  ) );
#7043 = ORIENTED_EDGE('',*,*,#7044,.T.);
#7044 = EDGE_CURVE('',#7012,#7045,#7047,.T.);
#7045 = VERTEX_POINT('',#7046);
#7046 = CARTESIAN_POINT('',(1.45,1.750885901445,0.4));
#7047 = SURFACE_CURVE('',#7048,(#7052,#7059),.PCURVE_S1.);
#7048 = LINE('',#7049,#7050);
#7049 = CARTESIAN_POINT('',(1.45,-0.18,0.4));
#7050 = VECTOR('',#7051,1.);
#7051 = DIRECTION('',(0.,1.,0.));
#7052 = PCURVE('',#7020,#7053);
#7053 = DEFINITIONAL_REPRESENTATION('',(#7054),#7058);
#7054 = LINE('',#7055,#7056);
#7055 = CARTESIAN_POINT('',(0.,-0.4));
#7056 = VECTOR('',#7057,1.);
#7057 = DIRECTION('',(1.,0.));
#7058 = ( GEOMETRIC_REPRESENTATION_CONTEXT(2) 
PARAMETRIC_REPRESENTATION_CONTEXT() REPRESENTATION_CONTEXT('2D SPACE',''
  ) );
#7059 = PCURVE('',#7060,#7065);
#7060 = PLANE('',#7061);
#7061 = AXIS2_PLACEMENT_3D('',#7062,#7063,#7064);
#7062 = CARTESIAN_POINT('',(2.25,1.175116795642,0.4));
#7063 = DIRECTION('',(-0.,-0.,-1.));
#7064 = DIRECTION('',(-1.,0.,0.));
#7065 = DEFINITIONAL_REPRESENTATION('',(#7066),#7070);
#7066 = LINE('',#7067,#7068);
#7067 = CARTESIAN_POINT('',(0.8,-1.355116795642));
#7068 = VECTOR('',#7069,1.);
#7069 = DIRECTION('',(0.,1.));
#7070 = ( GEOMETRIC_REPRESENTATION_CONTEXT(2) 
PARAMETRIC_REPRESENTATION_CONTEXT() REPRESENTATION_CONTEXT('2D SPACE',''
  ) );
#7071 = ORIENTED_EDGE('',*,*,#7072,.F.);
#7072 = EDGE_CURVE('',#7073,#7045,#7075,.T.);
#7073 = VERTEX_POINT('',#7074);
#7074 = CARTESIAN_POINT('',(1.45,1.750885901445,0.));
#7075 = SURFACE_CURVE('',#7076,(#7080,#7087),.PCURVE_S1.);
#7076 = LINE('',#7077,#7078);
#7077 = CARTESIAN_POINT('',(1.45,1.750885901445,0.));
#7078 = VECTOR('',#7079,1.);
#7079 = DIRECTION('',(0.,0.,1.));
#7080 = PCURVE('',#7020,#7081);
#7081 = DEFINITIONAL_REPRESENTATION('',(#7082),#7086);
#7082 = LINE('',#7083,#7084);
#7083 = CARTESIAN_POINT('',(1.930885901445,0.));
#7084 = VECTOR('',#7085,1.);
#7085 = DIRECTION('',(0.,-1.));
#7086 = ( GEOMETRIC_REPRESENTATION_CONTEXT(2) 
PARAMETRIC_REPRESENTATION_CONTEXT() REPRESENTATION_CONTEXT('2D SPACE',''
  ) );
#7087 = PCURVE('',#7088,#7093);
#7088 = PLANE('',#7089);
#7089 = AXIS2_PLACEMENT_3D('',#7090,#7091,#7092);
#7090 = CARTESIAN_POINT('',(1.45,1.750885901445,0.));
#7091 = DIRECTION('',(-0.703394702811,0.710799473873,0.));
#7092 = DIRECTION('',(0.710799473873,0.703394702811,0.));
#7093 = DEFINITIONAL_REPRESENTATION('',(#7094),#7098);
#7094 = LINE('',#7095,#7096);
#7095 = CARTESIAN_POINT('',(0.,0.));
#7096 = VECTOR('',#7097,1.);
#7097 = DIRECTION('',(0.,-1.));
#7098 = ( GEOMETRIC_REPRESENTATION_CONTEXT(2) 
PARAMETRIC_REPRESENTATION_CONTEXT() REPRESENTATION_CONTEXT('2D SPACE',''
  ) );
#7099 = ORIENTED_EDGE('',*,*,#7100,.F.);
#7100 = EDGE_CURVE('',#7010,#7073,#7101,.T.);
#7101 = SURFACE_CURVE('',#7102,(#7106,#7113),.PCURVE_S1.);
#7102 = LINE('',#7103,#7104);
#7103 = CARTESIAN_POINT('',(1.45,-0.18,0.));
#7104 = VECTOR('',#7105,1.);
#7105 = DIRECTION('',(0.,1.,0.));
#7106 = PCURVE('',#7020,#7107);
#7107 = DEFINITIONAL_REPRESENTATION('',(#7108),#7112);
#7108 = LINE('',#7109,#7110);
#7109 = CARTESIAN_POINT('',(0.,0.));
#7110 = VECTOR('',#7111,1.);
#7111 = DIRECTION('',(1.,0.));
#7112 = ( GEOMETRIC_REPRESENTATION_CONTEXT(2) 
PARAMETRIC_REPRESENTATION_CONTEXT() REPRESENTATION_CONTEXT('2D SPACE',''
  ) );
#7113 = PCURVE('',#7114,#7119);
#7114 = PLANE('',#7115);
#7115 = AXIS2_PLACEMENT_3D('',#7116,#7117,#7118);
#7116 = CARTESIAN_POINT('',(2.25,1.175116795642,0.));
#7117 = DIRECTION('',(-0.,-0.,-1.));
#7118 = DIRECTION('',(-1.,0.,0.));
#7119 = DEFINITIONAL_REPRESENTATION('',(#7120),#7124);
#7120 = LINE('',#7121,#7122);
#7121 = CARTESIAN_POINT('',(0.8,-1.355116795642));
#7122 = VECTOR('',#7123,1.);
#7123 = DIRECTION('',(0.,1.));
#7124 = ( GEOMETRIC_REPRESENTATION_CONTEXT(2) 
PARAMETRIC_REPRESENTATION_CONTEXT() REPRESENTATION_CONTEXT('2D SPACE',''
  ) );
#7125 = ADVANCED_FACE('',(#7126),#7088,.T.);
#7126 = FACE_BOUND('',#7127,.T.);
#7127 = EDGE_LOOP('',(#7128,#7129,#7152,#7180));
#7128 = ORIENTED_EDGE('',*,*,#7072,.T.);
#7129 = ORIENTED_EDGE('',*,*,#7130,.T.);
#7130 = EDGE_CURVE('',#7045,#7131,#7133,.T.);
#7131 = VERTEX_POINT('',#7132);
#7132 = CARTESIAN_POINT('',(2.015,2.31,0.4));
#7133 = SURFACE_CURVE('',#7134,(#7138,#7145),.PCURVE_S1.);
#7134 = LINE('',#7135,#7136);
#7135 = CARTESIAN_POINT('',(1.45,1.750885901445,0.4));
#7136 = VECTOR('',#7137,1.);
#7137 = DIRECTION('',(0.710799473873,0.703394702811,0.));
#7138 = PCURVE('',#7088,#7139);
#7139 = DEFINITIONAL_REPRESENTATION('',(#7140),#7144);
#7140 = LINE('',#7141,#7142);
#7141 = CARTESIAN_POINT('',(0.,-0.4));
#7142 = VECTOR('',#7143,1.);
#7143 = DIRECTION('',(1.,0.));
#7144 = ( GEOMETRIC_REPRESENTATION_CONTEXT(2) 
PARAMETRIC_REPRESENTATION_CONTEXT() REPRESENTATION_CONTEXT('2D SPACE',''
  ) );
#7145 = PCURVE('',#7060,#7146);
#7146 = DEFINITIONAL_REPRESENTATION('',(#7147),#7151);
#7147 = LINE('',#7148,#7149);
#7148 = CARTESIAN_POINT('',(0.8,0.575769105803));
#7149 = VECTOR('',#7150,1.);
#7150 = DIRECTION('',(-0.710799473873,0.703394702811));
#7151 = ( GEOMETRIC_REPRESENTATION_CONTEXT(2) 
PARAMETRIC_REPRESENTATION_CONTEXT() REPRESENTATION_CONTEXT('2D SPACE',''
  ) );
#7152 = ORIENTED_EDGE('',*,*,#7153,.F.);
#7153 = EDGE_CURVE('',#7154,#7131,#7156,.T.);
#7154 = VERTEX_POINT('',#7155);
#7155 = CARTESIAN_POINT('',(2.015,2.31,0.));
#7156 = SURFACE_CURVE('',#7157,(#7161,#7168),.PCURVE_S1.);
#7157 = LINE('',#7158,#7159);
#7158 = CARTESIAN_POINT('',(2.015,2.31,0.));
#7159 = VECTOR('',#7160,1.);
#7160 = DIRECTION('',(0.,0.,1.));
#7161 = PCURVE('',#7088,#7162);
#7162 = DEFINITIONAL_REPRESENTATION('',(#7163),#7167);
#7163 = LINE('',#7164,#7165);
#7164 = CARTESIAN_POINT('',(0.794879597929,0.));
#7165 = VECTOR('',#7166,1.);
#7166 = DIRECTION('',(0.,-1.));
#7167 = ( GEOMETRIC_REPRESENTATION_CONTEXT(2) 
PARAMETRIC_REPRESENTATION_CONTEXT() REPRESENTATION_CONTEXT('2D SPACE',''
  ) );
#7168 = PCURVE('',#7169,#7174);
#7169 = PLANE('',#7170);
#7170 = AXIS2_PLACEMENT_3D('',#7171,#7172,#7173);
#7171 = CARTESIAN_POINT('',(2.015,2.31,0.));
#7172 = DIRECTION('',(-1.,0.,0.));
#7173 = DIRECTION('',(0.,1.,0.));
#7174 = DEFINITIONAL_REPRESENTATION('',(#7175),#7179);
#7175 = LINE('',#7176,#7177);
#7176 = CARTESIAN_POINT('',(0.,0.));
#7177 = VECTOR('',#7178,1.);
#7178 = DIRECTION('',(0.,-1.));
#7179 = ( GEOMETRIC_REPRESENTATION_CONTEXT(2) 
PARAMETRIC_REPRESENTATION_CONTEXT() REPRESENTATION_CONTEXT('2D SPACE',''
  ) );
#7180 = ORIENTED_EDGE('',*,*,#7181,.F.);
#7181 = EDGE_CURVE('',#7073,#7154,#7182,.T.);
#7182 = SURFACE_CURVE('',#7183,(#7187,#7194),.PCURVE_S1.);
#7183 = LINE('',#7184,#7185);
#7184 = CARTESIAN_POINT('',(1.45,1.750885901445,0.));
#7185 = VECTOR('',#7186,1.);
#7186 = DIRECTION('',(0.710799473873,0.703394702811,0.));
#7187 = PCURVE('',#7088,#7188);
#7188 = DEFINITIONAL_REPRESENTATION('',(#7189),#7193);
#7189 = LINE('',#7190,#7191);
#7190 = CARTESIAN_POINT('',(0.,0.));
#7191 = VECTOR('',#7192,1.);
#7192 = DIRECTION('',(1.,0.));
#7193 = ( GEOMETRIC_REPRESENTATION_CONTEXT(2) 
PARAMETRIC_REPRESENTATION_CONTEXT() REPRESENTATION_CONTEXT('2D SPACE',''
  ) );
#7194 = PCURVE('',#7114,#7195);
#7195 = DEFINITIONAL_REPRESENTATION('',(#7196),#7200);
#7196 = LINE('',#7197,#7198);
#7197 = CARTESIAN_POINT('',(0.8,0.575769105803));
#7198 = VECTOR('',#7199,1.);
#7199 = DIRECTION('',(-0.710799473873,0.703394702811));
#7200 = ( GEOMETRIC_REPRESENTATION_CONTEXT(2) 
PARAMETRIC_REPRESENTATION_CONTEXT() REPRESENTATION_CONTEXT('2D SPACE',''
  ) );
#7201 = ADVANCED_FACE('',(#7202),#7169,.T.);
#7202 = FACE_BOUND('',#7203,.T.);
#7203 = EDGE_LOOP('',(#7204,#7205,#7228,#7256));
#7204 = ORIENTED_EDGE('',*,*,#7153,.T.);
#7205 = ORIENTED_EDGE('',*,*,#7206,.T.);
#7206 = EDGE_CURVE('',#7131,#7207,#7209,.T.);
#7207 = VERTEX_POINT('',#7208);
#7208 = CARTESIAN_POINT('',(2.015,3.45,0.4));
#7209 = SURFACE_CURVE('',#7210,(#7214,#7221),.PCURVE_S1.);
#7210 = LINE('',#7211,#7212);
#7211 = CARTESIAN_POINT('',(2.015,2.31,0.4));
#7212 = VECTOR('',#7213,1.);
#7213 = DIRECTION('',(0.,1.,0.));
#7214 = PCURVE('',#7169,#7215);
#7215 = DEFINITIONAL_REPRESENTATION('',(#7216),#7220);
#7216 = LINE('',#7217,#7218);
#7217 = CARTESIAN_POINT('',(0.,-0.4));
#7218 = VECTOR('',#7219,1.);
#7219 = DIRECTION('',(1.,0.));
#7220 = ( GEOMETRIC_REPRESENTATION_CONTEXT(2) 
PARAMETRIC_REPRESENTATION_CONTEXT() REPRESENTATION_CONTEXT('2D SPACE',''
  ) );
#7221 = PCURVE('',#7060,#7222);
#7222 = DEFINITIONAL_REPRESENTATION('',(#7223),#7227);
#7223 = LINE('',#7224,#7225);
#7224 = CARTESIAN_POINT('',(0.235,1.134883204358));
#7225 = VECTOR('',#7226,1.);
#7226 = DIRECTION('',(0.,1.));
#7227 = ( GEOMETRIC_REPRESENTATION_CONTEXT(2) 
PARAMETRIC_REPRESENTATION_CONTEXT() REPRESENTATION_CONTEXT('2D SPACE',''
  ) );
#7228 = ORIENTED_EDGE('',*,*,#7229,.F.);
#7229 = EDGE_CURVE('',#7230,#7207,#7232,.T.);
#7230 = VERTEX_POINT('',#7231);
#7231 = CARTESIAN_POINT('',(2.015,3.45,0.));
#7232 = SURFACE_CURVE('',#7233,(#7237,#7244),.PCURVE_S1.);
#7233 = LINE('',#7234,#7235);
#7234 = CARTESIAN_POINT('',(2.015,3.45,0.));
#7235 = VECTOR('',#7236,1.);
#7236 = DIRECTION('',(0.,0.,1.));
#7237 = PCURVE('',#7169,#7238);
#7238 = DEFINITIONAL_REPRESENTATION('',(#7239),#7243);
#7239 = LINE('',#7240,#7241);
#7240 = CARTESIAN_POINT('',(1.14,0.));
#7241 = VECTOR('',#7242,1.);
#7242 = DIRECTION('',(0.,-1.));
#7243 = ( GEOMETRIC_REPRESENTATION_CONTEXT(2) 
PARAMETRIC_REPRESENTATION_CONTEXT() REPRESENTATION_CONTEXT('2D SPACE',''
  ) );
#7244 = PCURVE('',#7245,#7250);
#7245 = PLANE('',#7246);
#7246 = AXIS2_PLACEMENT_3D('',#7247,#7248,#7249);
#7247 = CARTESIAN_POINT('',(2.015,3.45,0.));
#7248 = DIRECTION('',(0.,1.,0.));
#7249 = DIRECTION('',(1.,0.,0.));
#7250 = DEFINITIONAL_REPRESENTATION('',(#7251),#7255);
#7251 = LINE('',#7252,#7253);
#7252 = CARTESIAN_POINT('',(0.,0.));
#7253 = VECTOR('',#7254,1.);
#7254 = DIRECTION('',(0.,-1.));
#7255 = ( GEOMETRIC_REPRESENTATION_CONTEXT(2) 
PARAMETRIC_REPRESENTATION_CONTEXT() REPRESENTATION_CONTEXT('2D SPACE',''
  ) );
#7256 = ORIENTED_EDGE('',*,*,#7257,.F.);
#7257 = EDGE_CURVE('',#7154,#7230,#7258,.T.);
#7258 = SURFACE_CURVE('',#7259,(#7263,#7270),.PCURVE_S1.);
#7259 = LINE('',#7260,#7261);
#7260 = CARTESIAN_POINT('',(2.015,2.31,0.));
#7261 = VECTOR('',#7262,1.);
#7262 = DIRECTION('',(0.,1.,0.));
#7263 = PCURVE('',#7169,#7264);
#7264 = DEFINITIONAL_REPRESENTATION('',(#7265),#7269);
#7265 = LINE('',#7266,#7267);
#7266 = CARTESIAN_POINT('',(0.,0.));
#7267 = VECTOR('',#7268,1.);
#7268 = DIRECTION('',(1.,0.));
#7269 = ( GEOMETRIC_REPRESENTATION_CONTEXT(2) 
PARAMETRIC_REPRESENTATION_CONTEXT() REPRESENTATION_CONTEXT('2D SPACE',''
  ) );
#7270 = PCURVE('',#7114,#7271);
#7271 = DEFINITIONAL_REPRESENTATION('',(#7272),#7276);
#7272 = LINE('',#7273,#7274);
#7273 = CARTESIAN_POINT('',(0.235,1.134883204358));
#7274 = VECTOR('',#7275,1.);
#7275 = DIRECTION('',(0.,1.));
#7276 = ( GEOMETRIC_REPRESENTATION_CONTEXT(2) 
PARAMETRIC_REPRESENTATION_CONTEXT() REPRESENTATION_CONTEXT('2D SPACE',''
  ) );
#7277 = ADVANCED_FACE('',(#7278),#7245,.T.);
#7278 = FACE_BOUND('',#7279,.T.);
#7279 = EDGE_LOOP('',(#7280,#7281,#7304,#7332));
#7280 = ORIENTED_EDGE('',*,*,#7229,.T.);
#7281 = ORIENTED_EDGE('',*,*,#7282,.T.);
#7282 = EDGE_CURVE('',#7207,#7283,#7285,.T.);
#7283 = VERTEX_POINT('',#7284);
#7284 = CARTESIAN_POINT('',(2.485,3.45,0.4));
#7285 = SURFACE_CURVE('',#7286,(#7290,#7297),.PCURVE_S1.);
#7286 = LINE('',#7287,#7288);
#7287 = CARTESIAN_POINT('',(2.015,3.45,0.4));
#7288 = VECTOR('',#7289,1.);
#7289 = DIRECTION('',(1.,0.,0.));
#7290 = PCURVE('',#7245,#7291);
#7291 = DEFINITIONAL_REPRESENTATION('',(#7292),#7296);
#7292 = LINE('',#7293,#7294);
#7293 = CARTESIAN_POINT('',(0.,-0.4));
#7294 = VECTOR('',#7295,1.);
#7295 = DIRECTION('',(1.,0.));
#7296 = ( GEOMETRIC_REPRESENTATION_CONTEXT(2) 
PARAMETRIC_REPRESENTATION_CONTEXT() REPRESENTATION_CONTEXT('2D SPACE',''
  ) );
#7297 = PCURVE('',#7060,#7298);
#7298 = DEFINITIONAL_REPRESENTATION('',(#7299),#7303);
#7299 = LINE('',#7300,#7301);
#7300 = CARTESIAN_POINT('',(0.235,2.274883204358));
#7301 = VECTOR('',#7302,1.);
#7302 = DIRECTION('',(-1.,0.));
#7303 = ( GEOMETRIC_REPRESENTATION_CONTEXT(2) 
PARAMETRIC_REPRESENTATION_CONTEXT() REPRESENTATION_CONTEXT('2D SPACE',''
  ) );
#7304 = ORIENTED_EDGE('',*,*,#7305,.F.);
#7305 = EDGE_CURVE('',#7306,#7283,#7308,.T.);
#7306 = VERTEX_POINT('',#7307);
#7307 = CARTESIAN_POINT('',(2.485,3.45,0.));
#7308 = SURFACE_CURVE('',#7309,(#7313,#7320),.PCURVE_S1.);
#7309 = LINE('',#7310,#7311);
#7310 = CARTESIAN_POINT('',(2.485,3.45,0.));
#7311 = VECTOR('',#7312,1.);
#7312 = DIRECTION('',(0.,0.,1.));
#7313 = PCURVE('',#7245,#7314);
#7314 = DEFINITIONAL_REPRESENTATION('',(#7315),#7319);
#7315 = LINE('',#7316,#7317);
#7316 = CARTESIAN_POINT('',(0.47,0.));
#7317 = VECTOR('',#7318,1.);
#7318 = DIRECTION('',(0.,-1.));
#7319 = ( GEOMETRIC_REPRESENTATION_CONTEXT(2) 
PARAMETRIC_REPRESENTATION_CONTEXT() REPRESENTATION_CONTEXT('2D SPACE',''
  ) );
#7320 = PCURVE('',#7321,#7326);
#7321 = PLANE('',#7322);
#7322 = AXIS2_PLACEMENT_3D('',#7323,#7324,#7325);
#7323 = CARTESIAN_POINT('',(2.485,3.45,0.));
#7324 = DIRECTION('',(1.,0.,0.));
#7325 = DIRECTION('',(0.,-1.,0.));
#7326 = DEFINITIONAL_REPRESENTATION('',(#7327),#7331);
#7327 = LINE('',#7328,#7329);
#7328 = CARTESIAN_POINT('',(0.,0.));
#7329 = VECTOR('',#7330,1.);
#7330 = DIRECTION('',(0.,-1.));
#7331 = ( GEOMETRIC_REPRESENTATION_CONTEXT(2) 
PARAMETRIC_REPRESENTATION_CONTEXT() REPRESENTATION_CONTEXT('2D SPACE',''
  ) );
#7332 = ORIENTED_EDGE('',*,*,#7333,.F.);
#7333 = EDGE_CURVE('',#7230,#7306,#7334,.T.);
#7334 = SURFACE_CURVE('',#7335,(#7339,#7346),.PCURVE_S1.);
#7335 = LINE('',#7336,#7337);
#7336 = CARTESIAN_POINT('',(2.015,3.45,0.));
#7337 = VECTOR('',#7338,1.);
#7338 = DIRECTION('',(1.,0.,0.));
#7339 = PCURVE('',#7245,#7340);
#7340 = DEFINITIONAL_REPRESENTATION('',(#7341),#7345);
#7341 = LINE('',#7342,#7343);
#7342 = CARTESIAN_POINT('',(0.,0.));
#7343 = VECTOR('',#7344,1.);
#7344 = DIRECTION('',(1.,0.));
#7345 = ( GEOMETRIC_REPRESENTATION_CONTEXT(2) 
PARAMETRIC_REPRESENTATION_CONTEXT() REPRESENTATION_CONTEXT('2D SPACE',''
  ) );
#7346 = PCURVE('',#7114,#7347);
#7347 = DEFINITIONAL_REPRESENTATION('',(#7348),#7352);
#7348 = LINE('',#7349,#7350);
#7349 = CARTESIAN_POINT('',(0.235,2.274883204358));
#7350 = VECTOR('',#7351,1.);
#7351 = DIRECTION('',(-1.,0.));
#7352 = ( GEOMETRIC_REPRESENTATION_CONTEXT(2) 
PARAMETRIC_REPRESENTATION_CONTEXT() REPRESENTATION_CONTEXT('2D SPACE',''
  ) );
#7353 = ADVANCED_FACE('',(#7354),#7321,.T.);
#7354 = FACE_BOUND('',#7355,.T.);
#7355 = EDGE_LOOP('',(#7356,#7357,#7380,#7408));
#7356 = ORIENTED_EDGE('',*,*,#7305,.T.);
#7357 = ORIENTED_EDGE('',*,*,#7358,.T.);
#7358 = EDGE_CURVE('',#7283,#7359,#7361,.T.);
#7359 = VERTEX_POINT('',#7360);
#7360 = CARTESIAN_POINT('',(2.485,2.31,0.4));
#7361 = SURFACE_CURVE('',#7362,(#7366,#7373),.PCURVE_S1.);
#7362 = LINE('',#7363,#7364);
#7363 = CARTESIAN_POINT('',(2.485,3.45,0.4));
#7364 = VECTOR('',#7365,1.);
#7365 = DIRECTION('',(0.,-1.,0.));
#7366 = PCURVE('',#7321,#7367);
#7367 = DEFINITIONAL_REPRESENTATION('',(#7368),#7372);
#7368 = LINE('',#7369,#7370);
#7369 = CARTESIAN_POINT('',(0.,-0.4));
#7370 = VECTOR('',#7371,1.);
#7371 = DIRECTION('',(1.,0.));
#7372 = ( GEOMETRIC_REPRESENTATION_CONTEXT(2) 
PARAMETRIC_REPRESENTATION_CONTEXT() REPRESENTATION_CONTEXT('2D SPACE',''
  ) );
#7373 = PCURVE('',#7060,#7374);
#7374 = DEFINITIONAL_REPRESENTATION('',(#7375),#7379);
#7375 = LINE('',#7376,#7377);
#7376 = CARTESIAN_POINT('',(-0.235,2.274883204358));
#7377 = VECTOR('',#7378,1.);
#7378 = DIRECTION('',(0.,-1.));
#7379 = ( GEOMETRIC_REPRESENTATION_CONTEXT(2) 
PARAMETRIC_REPRESENTATION_CONTEXT() REPRESENTATION_CONTEXT('2D SPACE',''
  ) );
#7380 = ORIENTED_EDGE('',*,*,#7381,.F.);
#7381 = EDGE_CURVE('',#7382,#7359,#7384,.T.);
#7382 = VERTEX_POINT('',#7383);
#7383 = CARTESIAN_POINT('',(2.485,2.31,0.));
#7384 = SURFACE_CURVE('',#7385,(#7389,#7396),.PCURVE_S1.);
#7385 = LINE('',#7386,#7387);
#7386 = CARTESIAN_POINT('',(2.485,2.31,0.));
#7387 = VECTOR('',#7388,1.);
#7388 = DIRECTION('',(0.,0.,1.));
#7389 = PCURVE('',#7321,#7390);
#7390 = DEFINITIONAL_REPRESENTATION('',(#7391),#7395);
#7391 = LINE('',#7392,#7393);
#7392 = CARTESIAN_POINT('',(1.14,0.));
#7393 = VECTOR('',#7394,1.);
#7394 = DIRECTION('',(0.,-1.));
#7395 = ( GEOMETRIC_REPRESENTATION_CONTEXT(2) 
PARAMETRIC_REPRESENTATION_CONTEXT() REPRESENTATION_CONTEXT('2D SPACE',''
  ) );
#7396 = PCURVE('',#7397,#7402);
#7397 = PLANE('',#7398);
#7398 = AXIS2_PLACEMENT_3D('',#7399,#7400,#7401);
#7399 = CARTESIAN_POINT('',(2.485,2.31,0.));
#7400 = DIRECTION('',(0.703394702811,0.710799473873,0.));
#7401 = DIRECTION('',(0.710799473873,-0.703394702811,0.));
#7402 = DEFINITIONAL_REPRESENTATION('',(#7403),#7407);
#7403 = LINE('',#7404,#7405);
#7404 = CARTESIAN_POINT('',(0.,0.));
#7405 = VECTOR('',#7406,1.);
#7406 = DIRECTION('',(0.,-1.));
#7407 = ( GEOMETRIC_REPRESENTATION_CONTEXT(2) 
PARAMETRIC_REPRESENTATION_CONTEXT() REPRESENTATION_CONTEXT('2D SPACE',''
  ) );
#7408 = ORIENTED_EDGE('',*,*,#7409,.F.);
#7409 = EDGE_CURVE('',#7306,#7382,#7410,.T.);
#7410 = SURFACE_CURVE('',#7411,(#7415,#7422),.PCURVE_S1.);
#7411 = LINE('',#7412,#7413);
#7412 = CARTESIAN_POINT('',(2.485,3.45,0.));
#7413 = VECTOR('',#7414,1.);
#7414 = DIRECTION('',(0.,-1.,0.));
#7415 = PCURVE('',#7321,#7416);
#7416 = DEFINITIONAL_REPRESENTATION('',(#7417),#7421);
#7417 = LINE('',#7418,#7419);
#7418 = CARTESIAN_POINT('',(0.,0.));
#7419 = VECTOR('',#7420,1.);
#7420 = DIRECTION('',(1.,0.));
#7421 = ( GEOMETRIC_REPRESENTATION_CONTEXT(2) 
PARAMETRIC_REPRESENTATION_CONTEXT() REPRESENTATION_CONTEXT('2D SPACE',''
  ) );
#7422 = PCURVE('',#7114,#7423);
#7423 = DEFINITIONAL_REPRESENTATION('',(#7424),#7428);
#7424 = LINE('',#7425,#7426);
#7425 = CARTESIAN_POINT('',(-0.235,2.274883204358));
#7426 = VECTOR('',#7427,1.);
#7427 = DIRECTION('',(0.,-1.));
#7428 = ( GEOMETRIC_REPRESENTATION_CONTEXT(2) 
PARAMETRIC_REPRESENTATION_CONTEXT() REPRESENTATION_CONTEXT('2D SPACE',''
  ) );
#7429 = ADVANCED_FACE('',(#7430),#7397,.T.);
#7430 = FACE_BOUND('',#7431,.T.);
#7431 = EDGE_LOOP('',(#7432,#7433,#7456,#7484));
#7432 = ORIENTED_EDGE('',*,*,#7381,.T.);
#7433 = ORIENTED_EDGE('',*,*,#7434,.T.);
#7434 = EDGE_CURVE('',#7359,#7435,#7437,.T.);
#7435 = VERTEX_POINT('',#7436);
#7436 = CARTESIAN_POINT('',(3.05,1.750885901445,0.4));
#7437 = SURFACE_CURVE('',#7438,(#7442,#7449),.PCURVE_S1.);
#7438 = LINE('',#7439,#7440);
#7439 = CARTESIAN_POINT('',(2.485,2.31,0.4));
#7440 = VECTOR('',#7441,1.);
#7441 = DIRECTION('',(0.710799473873,-0.703394702811,0.));
#7442 = PCURVE('',#7397,#7443);
#7443 = DEFINITIONAL_REPRESENTATION('',(#7444),#7448);
#7444 = LINE('',#7445,#7446);
#7445 = CARTESIAN_POINT('',(0.,-0.4));
#7446 = VECTOR('',#7447,1.);
#7447 = DIRECTION('',(1.,0.));
#7448 = ( GEOMETRIC_REPRESENTATION_CONTEXT(2) 
PARAMETRIC_REPRESENTATION_CONTEXT() REPRESENTATION_CONTEXT('2D SPACE',''
  ) );
#7449 = PCURVE('',#7060,#7450);
#7450 = DEFINITIONAL_REPRESENTATION('',(#7451),#7455);
#7451 = LINE('',#7452,#7453);
#7452 = CARTESIAN_POINT('',(-0.235,1.134883204358));
#7453 = VECTOR('',#7454,1.);
#7454 = DIRECTION('',(-0.710799473873,-0.703394702811));
#7455 = ( GEOMETRIC_REPRESENTATION_CONTEXT(2) 
PARAMETRIC_REPRESENTATION_CONTEXT() REPRESENTATION_CONTEXT('2D SPACE',''
  ) );
#7456 = ORIENTED_EDGE('',*,*,#7457,.F.);
#7457 = EDGE_CURVE('',#7458,#7435,#7460,.T.);
#7458 = VERTEX_POINT('',#7459);
#7459 = CARTESIAN_POINT('',(3.05,1.750885901445,0.));
#7460 = SURFACE_CURVE('',#7461,(#7465,#7472),.PCURVE_S1.);
#7461 = LINE('',#7462,#7463);
#7462 = CARTESIAN_POINT('',(3.05,1.750885901445,0.));
#7463 = VECTOR('',#7464,1.);
#7464 = DIRECTION('',(0.,0.,1.));
#7465 = PCURVE('',#7397,#7466);
#7466 = DEFINITIONAL_REPRESENTATION('',(#7467),#7471);
#7467 = LINE('',#7468,#7469);
#7468 = CARTESIAN_POINT('',(0.794879597929,0.));
#7469 = VECTOR('',#7470,1.);
#7470 = DIRECTION('',(0.,-1.));
#7471 = ( GEOMETRIC_REPRESENTATION_CONTEXT(2) 
PARAMETRIC_REPRESENTATION_CONTEXT() REPRESENTATION_CONTEXT('2D SPACE',''
  ) );
#7472 = PCURVE('',#7473,#7478);
#7473 = PLANE('',#7474);
#7474 = AXIS2_PLACEMENT_3D('',#7475,#7476,#7477);
#7475 = CARTESIAN_POINT('',(3.05,-0.18,0.));
#7476 = DIRECTION('',(-1.,0.,0.));
#7477 = DIRECTION('',(0.,1.,0.));
#7478 = DEFINITIONAL_REPRESENTATION('',(#7479),#7483);
#7479 = LINE('',#7480,#7481);
#7480 = CARTESIAN_POINT('',(1.930885901445,0.));
#7481 = VECTOR('',#7482,1.);
#7482 = DIRECTION('',(0.,-1.));
#7483 = ( GEOMETRIC_REPRESENTATION_CONTEXT(2) 
PARAMETRIC_REPRESENTATION_CONTEXT() REPRESENTATION_CONTEXT('2D SPACE',''
  ) );
#7484 = ORIENTED_EDGE('',*,*,#7485,.F.);
#7485 = EDGE_CURVE('',#7382,#7458,#7486,.T.);
#7486 = SURFACE_CURVE('',#7487,(#7491,#7498),.PCURVE_S1.);
#7487 = LINE('',#7488,#7489);
#7488 = CARTESIAN_POINT('',(2.485,2.31,0.));
#7489 = VECTOR('',#7490,1.);
#7490 = DIRECTION('',(0.710799473873,-0.703394702811,0.));
#7491 = PCURVE('',#7397,#7492);
#7492 = DEFINITIONAL_REPRESENTATION('',(#7493),#7497);
#7493 = LINE('',#7494,#7495);
#7494 = CARTESIAN_POINT('',(0.,0.));
#7495 = VECTOR('',#7496,1.);
#7496 = DIRECTION('',(1.,0.));
#7497 = ( GEOMETRIC_REPRESENTATION_CONTEXT(2) 
PARAMETRIC_REPRESENTATION_CONTEXT() REPRESENTATION_CONTEXT('2D SPACE',''
  ) );
#7498 = PCURVE('',#7114,#7499);
#7499 = DEFINITIONAL_REPRESENTATION('',(#7500),#7504);
#7500 = LINE('',#7501,#7502);
#7501 = CARTESIAN_POINT('',(-0.235,1.134883204358));
#7502 = VECTOR('',#7503,1.);
#7503 = DIRECTION('',(-0.710799473873,-0.703394702811));
#7504 = ( GEOMETRIC_REPRESENTATION_CONTEXT(2) 
PARAMETRIC_REPRESENTATION_CONTEXT() REPRESENTATION_CONTEXT('2D SPACE',''
  ) );
#7505 = ADVANCED_FACE('',(#7506),#7473,.F.);
#7506 = FACE_BOUND('',#7507,.F.);
#7507 = EDGE_LOOP('',(#7508,#7538,#7559,#7560));
#7508 = ORIENTED_EDGE('',*,*,#7509,.T.);
#7509 = EDGE_CURVE('',#7510,#7512,#7514,.T.);
#7510 = VERTEX_POINT('',#7511);
#7511 = CARTESIAN_POINT('',(3.05,-0.18,0.));
#7512 = VERTEX_POINT('',#7513);
#7513 = CARTESIAN_POINT('',(3.05,-0.18,0.4));
#7514 = SURFACE_CURVE('',#7515,(#7519,#7526),.PCURVE_S1.);
#7515 = LINE('',#7516,#7517);
#7516 = CARTESIAN_POINT('',(3.05,-0.18,0.));
#7517 = VECTOR('',#7518,1.);
#7518 = DIRECTION('',(0.,0.,1.));
#7519 = PCURVE('',#7473,#7520);
#7520 = DEFINITIONAL_REPRESENTATION('',(#7521),#7525);
#7521 = LINE('',#7522,#7523);
#7522 = CARTESIAN_POINT('',(0.,0.));
#7523 = VECTOR('',#7524,1.);
#7524 = DIRECTION('',(0.,-1.));
#7525 = ( GEOMETRIC_REPRESENTATION_CONTEXT(2) 
PARAMETRIC_REPRESENTATION_CONTEXT() REPRESENTATION_CONTEXT('2D SPACE',''
  ) );
#7526 = PCURVE('',#7527,#7532);
#7527 = CYLINDRICAL_SURFACE('',#7528,0.22);
#7528 = AXIS2_PLACEMENT_3D('',#7529,#7530,#7531);
#7529 = CARTESIAN_POINT('',(2.83,-0.18,0.));
#7530 = DIRECTION('',(-0.,-0.,-1.));
#7531 = DIRECTION('',(1.,0.,0.));
#7532 = DEFINITIONAL_REPRESENTATION('',(#7533),#7537);
#7533 = LINE('',#7534,#7535);
#7534 = CARTESIAN_POINT('',(-6.28318530718,0.));
#7535 = VECTOR('',#7536,1.);
#7536 = DIRECTION('',(-0.,-1.));
#7537 = ( GEOMETRIC_REPRESENTATION_CONTEXT(2) 
PARAMETRIC_REPRESENTATION_CONTEXT() REPRESENTATION_CONTEXT('2D SPACE',''
  ) );
#7538 = ORIENTED_EDGE('',*,*,#7539,.T.);
#7539 = EDGE_CURVE('',#7512,#7435,#7540,.T.);
#7540 = SURFACE_CURVE('',#7541,(#7545,#7552),.PCURVE_S1.);
#7541 = LINE('',#7542,#7543);
#7542 = CARTESIAN_POINT('',(3.05,-0.18,0.4));
#7543 = VECTOR('',#7544,1.);
#7544 = DIRECTION('',(0.,1.,0.));
#7545 = PCURVE('',#7473,#7546);
#7546 = DEFINITIONAL_REPRESENTATION('',(#7547),#7551);
#7547 = LINE('',#7548,#7549);
#7548 = CARTESIAN_POINT('',(0.,-0.4));
#7549 = VECTOR('',#7550,1.);
#7550 = DIRECTION('',(1.,0.));
#7551 = ( GEOMETRIC_REPRESENTATION_CONTEXT(2) 
PARAMETRIC_REPRESENTATION_CONTEXT() REPRESENTATION_CONTEXT('2D SPACE',''
  ) );
#7552 = PCURVE('',#7060,#7553);
#7553 = DEFINITIONAL_REPRESENTATION('',(#7554),#7558);
#7554 = LINE('',#7555,#7556);
#7555 = CARTESIAN_POINT('',(-0.8,-1.355116795642));
#7556 = VECTOR('',#7557,1.);
#7557 = DIRECTION('',(0.,1.));
#7558 = ( GEOMETRIC_REPRESENTATION_CONTEXT(2) 
PARAMETRIC_REPRESENTATION_CONTEXT() REPRESENTATION_CONTEXT('2D SPACE',''
  ) );
#7559 = ORIENTED_EDGE('',*,*,#7457,.F.);
#7560 = ORIENTED_EDGE('',*,*,#7561,.F.);
#7561 = EDGE_CURVE('',#7510,#7458,#7562,.T.);
#7562 = SURFACE_CURVE('',#7563,(#7567,#7574),.PCURVE_S1.);
#7563 = LINE('',#7564,#7565);
#7564 = CARTESIAN_POINT('',(3.05,-0.18,0.));
#7565 = VECTOR('',#7566,1.);
#7566 = DIRECTION('',(0.,1.,0.));
#7567 = PCURVE('',#7473,#7568);
#7568 = DEFINITIONAL_REPRESENTATION('',(#7569),#7573);
#7569 = LINE('',#7570,#7571);
#7570 = CARTESIAN_POINT('',(0.,0.));
#7571 = VECTOR('',#7572,1.);
#7572 = DIRECTION('',(1.,0.));
#7573 = ( GEOMETRIC_REPRESENTATION_CONTEXT(2) 
PARAMETRIC_REPRESENTATION_CONTEXT() REPRESENTATION_CONTEXT('2D SPACE',''
  ) );
#7574 = PCURVE('',#7114,#7575);
#7575 = DEFINITIONAL_REPRESENTATION('',(#7576),#7580);
#7576 = LINE('',#7577,#7578);
#7577 = CARTESIAN_POINT('',(-0.8,-1.355116795642));
#7578 = VECTOR('',#7579,1.);
#7579 = DIRECTION('',(0.,1.));
#7580 = ( GEOMETRIC_REPRESENTATION_CONTEXT(2) 
PARAMETRIC_REPRESENTATION_CONTEXT() REPRESENTATION_CONTEXT('2D SPACE',''
  ) );
#7581 = ADVANCED_FACE('',(#7582),#7527,.T.);
#7582 = FACE_BOUND('',#7583,.F.);
#7583 = EDGE_LOOP('',(#7584,#7614,#7640,#7641));
#7584 = ORIENTED_EDGE('',*,*,#7585,.T.);
#7585 = EDGE_CURVE('',#7586,#7588,#7590,.T.);
#7586 = VERTEX_POINT('',#7587);
#7587 = CARTESIAN_POINT('',(2.83,-0.4,0.));
#7588 = VERTEX_POINT('',#7589);
#7589 = CARTESIAN_POINT('',(2.83,-0.4,0.4));
#7590 = SURFACE_CURVE('',#7591,(#7595,#7602),.PCURVE_S1.);
#7591 = LINE('',#7592,#7593);
#7592 = CARTESIAN_POINT('',(2.83,-0.4,0.));
#7593 = VECTOR('',#7594,1.);
#7594 = DIRECTION('',(0.,0.,1.));
#7595 = PCURVE('',#7527,#7596);
#7596 = DEFINITIONAL_REPRESENTATION('',(#7597),#7601);
#7597 = LINE('',#7598,#7599);
#7598 = CARTESIAN_POINT('',(-4.712388980385,0.));
#7599 = VECTOR('',#7600,1.);
#7600 = DIRECTION('',(-0.,-1.));
#7601 = ( GEOMETRIC_REPRESENTATION_CONTEXT(2) 
PARAMETRIC_REPRESENTATION_CONTEXT() REPRESENTATION_CONTEXT('2D SPACE',''
  ) );
#7602 = PCURVE('',#7603,#7608);
#7603 = PLANE('',#7604);
#7604 = AXIS2_PLACEMENT_3D('',#7605,#7606,#7607);
#7605 = CARTESIAN_POINT('',(2.83,-0.4,0.));
#7606 = DIRECTION('',(0.,-1.,0.));
#7607 = DIRECTION('',(-1.,0.,0.));
#7608 = DEFINITIONAL_REPRESENTATION('',(#7609),#7613);
#7609 = LINE('',#7610,#7611);
#7610 = CARTESIAN_POINT('',(0.,-0.));
#7611 = VECTOR('',#7612,1.);
#7612 = DIRECTION('',(0.,-1.));
#7613 = ( GEOMETRIC_REPRESENTATION_CONTEXT(2) 
PARAMETRIC_REPRESENTATION_CONTEXT() REPRESENTATION_CONTEXT('2D SPACE',''
  ) );
#7614 = ORIENTED_EDGE('',*,*,#7615,.T.);
#7615 = EDGE_CURVE('',#7588,#7512,#7616,.T.);
#7616 = SURFACE_CURVE('',#7617,(#7622,#7629),.PCURVE_S1.);
#7617 = CIRCLE('',#7618,0.22);
#7618 = AXIS2_PLACEMENT_3D('',#7619,#7620,#7621);
#7619 = CARTESIAN_POINT('',(2.83,-0.18,0.4));
#7620 = DIRECTION('',(0.,0.,1.));
#7621 = DIRECTION('',(1.,0.,0.));
#7622 = PCURVE('',#7527,#7623);
#7623 = DEFINITIONAL_REPRESENTATION('',(#7624),#7628);
#7624 = LINE('',#7625,#7626);
#7625 = CARTESIAN_POINT('',(-0.,-0.4));
#7626 = VECTOR('',#7627,1.);
#7627 = DIRECTION('',(-1.,0.));
#7628 = ( GEOMETRIC_REPRESENTATION_CONTEXT(2) 
PARAMETRIC_REPRESENTATION_CONTEXT() REPRESENTATION_CONTEXT('2D SPACE',''
  ) );
#7629 = PCURVE('',#7060,#7630);
#7630 = DEFINITIONAL_REPRESENTATION('',(#7631),#7639);
#7631 = ( BOUNDED_CURVE() B_SPLINE_CURVE(2,(#7632,#7633,#7634,#7635,
#7636,#7637,#7638),.UNSPECIFIED.,.T.,.F.) B_SPLINE_CURVE_WITH_KNOTS((1,2
    ,2,2,2,1),(-2.094395102393,0.,2.094395102393,4.188790204786,
6.28318530718,8.377580409573),.UNSPECIFIED.) CURVE() 
GEOMETRIC_REPRESENTATION_ITEM() RATIONAL_B_SPLINE_CURVE((1.,0.5,1.,0.5,
1.,0.5,1.)) REPRESENTATION_ITEM('') );
#7632 = CARTESIAN_POINT('',(-0.8,-1.355116795642));
#7633 = CARTESIAN_POINT('',(-0.8,-0.974065617977));
#7634 = CARTESIAN_POINT('',(-0.47,-1.16459120681));
#7635 = CARTESIAN_POINT('',(-0.14,-1.355116795642));
#7636 = CARTESIAN_POINT('',(-0.47,-1.545642384475));
#7637 = CARTESIAN_POINT('',(-0.8,-1.736167973308));
#7638 = CARTESIAN_POINT('',(-0.8,-1.355116795642));
#7639 = ( GEOMETRIC_REPRESENTATION_CONTEXT(2) 
PARAMETRIC_REPRESENTATION_CONTEXT() REPRESENTATION_CONTEXT('2D SPACE',''
  ) );
#7640 = ORIENTED_EDGE('',*,*,#7509,.F.);
#7641 = ORIENTED_EDGE('',*,*,#7642,.F.);
#7642 = EDGE_CURVE('',#7586,#7510,#7643,.T.);
#7643 = SURFACE_CURVE('',#7644,(#7649,#7656),.PCURVE_S1.);
#7644 = CIRCLE('',#7645,0.22);
#7645 = AXIS2_PLACEMENT_3D('',#7646,#7647,#7648);
#7646 = CARTESIAN_POINT('',(2.83,-0.18,0.));
#7647 = DIRECTION('',(0.,0.,1.));
#7648 = DIRECTION('',(1.,0.,0.));
#7649 = PCURVE('',#7527,#7650);
#7650 = DEFINITIONAL_REPRESENTATION('',(#7651),#7655);
#7651 = LINE('',#7652,#7653);
#7652 = CARTESIAN_POINT('',(-0.,0.));
#7653 = VECTOR('',#7654,1.);
#7654 = DIRECTION('',(-1.,0.));
#7655 = ( GEOMETRIC_REPRESENTATION_CONTEXT(2) 
PARAMETRIC_REPRESENTATION_CONTEXT() REPRESENTATION_CONTEXT('2D SPACE',''
  ) );
#7656 = PCURVE('',#7114,#7657);
#7657 = DEFINITIONAL_REPRESENTATION('',(#7658),#7666);
#7658 = ( BOUNDED_CURVE() B_SPLINE_CURVE(2,(#7659,#7660,#7661,#7662,
#7663,#7664,#7665),.UNSPECIFIED.,.T.,.F.) B_SPLINE_CURVE_WITH_KNOTS((1,2
    ,2,2,2,1),(-2.094395102393,0.,2.094395102393,4.188790204786,
6.28318530718,8.377580409573),.UNSPECIFIED.) CURVE() 
GEOMETRIC_REPRESENTATION_ITEM() RATIONAL_B_SPLINE_CURVE((1.,0.5,1.,0.5,
1.,0.5,1.)) REPRESENTATION_ITEM('') );
#7659 = CARTESIAN_POINT('',(-0.8,-1.355116795642));
#7660 = CARTESIAN_POINT('',(-0.8,-0.974065617977));
#7661 = CARTESIAN_POINT('',(-0.47,-1.16459120681));
#7662 = CARTESIAN_POINT('',(-0.14,-1.355116795642));
#7663 = CARTESIAN_POINT('',(-0.47,-1.545642384475));
#7664 = CARTESIAN_POINT('',(-0.8,-1.736167973308));
#7665 = CARTESIAN_POINT('',(-0.8,-1.355116795642));
#7666 = ( GEOMETRIC_REPRESENTATION_CONTEXT(2) 
PARAMETRIC_REPRESENTATION_CONTEXT() REPRESENTATION_CONTEXT('2D SPACE',''
  ) );
#7667 = ADVANCED_FACE('',(#7668),#7603,.T.);
#7668 = FACE_BOUND('',#7669,.T.);
#7669 = EDGE_LOOP('',(#7670,#7671,#7694,#7722));
#7670 = ORIENTED_EDGE('',*,*,#7585,.T.);
#7671 = ORIENTED_EDGE('',*,*,#7672,.T.);
#7672 = EDGE_CURVE('',#7588,#7673,#7675,.T.);
#7673 = VERTEX_POINT('',#7674);
#7674 = CARTESIAN_POINT('',(2.68,-0.4,0.4));
#7675 = SURFACE_CURVE('',#7676,(#7680,#7687),.PCURVE_S1.);
#7676 = LINE('',#7677,#7678);
#7677 = CARTESIAN_POINT('',(2.83,-0.4,0.4));
#7678 = VECTOR('',#7679,1.);
#7679 = DIRECTION('',(-1.,0.,0.));
#7680 = PCURVE('',#7603,#7681);
#7681 = DEFINITIONAL_REPRESENTATION('',(#7682),#7686);
#7682 = LINE('',#7683,#7684);
#7683 = CARTESIAN_POINT('',(0.,-0.4));
#7684 = VECTOR('',#7685,1.);
#7685 = DIRECTION('',(1.,0.));
#7686 = ( GEOMETRIC_REPRESENTATION_CONTEXT(2) 
PARAMETRIC_REPRESENTATION_CONTEXT() REPRESENTATION_CONTEXT('2D SPACE',''
  ) );
#7687 = PCURVE('',#7060,#7688);
#7688 = DEFINITIONAL_REPRESENTATION('',(#7689),#7693);
#7689 = LINE('',#7690,#7691);
#7690 = CARTESIAN_POINT('',(-0.58,-1.575116795642));
#7691 = VECTOR('',#7692,1.);
#7692 = DIRECTION('',(1.,0.));
#7693 = ( GEOMETRIC_REPRESENTATION_CONTEXT(2) 
PARAMETRIC_REPRESENTATION_CONTEXT() REPRESENTATION_CONTEXT('2D SPACE',''
  ) );
#7694 = ORIENTED_EDGE('',*,*,#7695,.F.);
#7695 = EDGE_CURVE('',#7696,#7673,#7698,.T.);
#7696 = VERTEX_POINT('',#7697);
#7697 = CARTESIAN_POINT('',(2.68,-0.4,0.));
#7698 = SURFACE_CURVE('',#7699,(#7703,#7710),.PCURVE_S1.);
#7699 = LINE('',#7700,#7701);
#7700 = CARTESIAN_POINT('',(2.68,-0.4,0.));
#7701 = VECTOR('',#7702,1.);
#7702 = DIRECTION('',(0.,0.,1.));
#7703 = PCURVE('',#7603,#7704);
#7704 = DEFINITIONAL_REPRESENTATION('',(#7705),#7709);
#7705 = LINE('',#7706,#7707);
#7706 = CARTESIAN_POINT('',(0.15,0.));
#7707 = VECTOR('',#7708,1.);
#7708 = DIRECTION('',(0.,-1.));
#7709 = ( GEOMETRIC_REPRESENTATION_CONTEXT(2) 
PARAMETRIC_REPRESENTATION_CONTEXT() REPRESENTATION_CONTEXT('2D SPACE',''
  ) );
#7710 = PCURVE('',#7711,#7716);
#7711 = CYLINDRICAL_SURFACE('',#7712,0.22);
#7712 = AXIS2_PLACEMENT_3D('',#7713,#7714,#7715);
#7713 = CARTESIAN_POINT('',(2.68,-0.62,0.));
#7714 = DIRECTION('',(-0.,-0.,-1.));
#7715 = DIRECTION('',(1.,0.,0.));
#7716 = DEFINITIONAL_REPRESENTATION('',(#7717),#7721);
#7717 = LINE('',#7718,#7719);
#7718 = CARTESIAN_POINT('',(-1.570796326795,0.));
#7719 = VECTOR('',#7720,1.);
#7720 = DIRECTION('',(-0.,-1.));
#7721 = ( GEOMETRIC_REPRESENTATION_CONTEXT(2) 
PARAMETRIC_REPRESENTATION_CONTEXT() REPRESENTATION_CONTEXT('2D SPACE',''
  ) );
#7722 = ORIENTED_EDGE('',*,*,#7723,.F.);
#7723 = EDGE_CURVE('',#7586,#7696,#7724,.T.);
#7724 = SURFACE_CURVE('',#7725,(#7729,#7736),.PCURVE_S1.);
#7725 = LINE('',#7726,#7727);
#7726 = CARTESIAN_POINT('',(2.83,-0.4,0.));
#7727 = VECTOR('',#7728,1.);
#7728 = DIRECTION('',(-1.,0.,0.));
#7729 = PCURVE('',#7603,#7730);
#7730 = DEFINITIONAL_REPRESENTATION('',(#7731),#7735);
#7731 = LINE('',#7732,#7733);
#7732 = CARTESIAN_POINT('',(0.,-0.));
#7733 = VECTOR('',#7734,1.);
#7734 = DIRECTION('',(1.,0.));
#7735 = ( GEOMETRIC_REPRESENTATION_CONTEXT(2) 
PARAMETRIC_REPRESENTATION_CONTEXT() REPRESENTATION_CONTEXT('2D SPACE',''
  ) );
#7736 = PCURVE('',#7114,#7737);
#7737 = DEFINITIONAL_REPRESENTATION('',(#7738),#7742);
#7738 = LINE('',#7739,#7740);
#7739 = CARTESIAN_POINT('',(-0.58,-1.575116795642));
#7740 = VECTOR('',#7741,1.);
#7741 = DIRECTION('',(1.,0.));
#7742 = ( GEOMETRIC_REPRESENTATION_CONTEXT(2) 
PARAMETRIC_REPRESENTATION_CONTEXT() REPRESENTATION_CONTEXT('2D SPACE',''
  ) );
#7743 = ADVANCED_FACE('',(#7744),#7711,.F.);
#7744 = FACE_BOUND('',#7745,.T.);
#7745 = EDGE_LOOP('',(#7746,#7747,#7775,#7803));
#7746 = ORIENTED_EDGE('',*,*,#7695,.T.);
#7747 = ORIENTED_EDGE('',*,*,#7748,.T.);
#7748 = EDGE_CURVE('',#7673,#7749,#7751,.T.);
#7749 = VERTEX_POINT('',#7750);
#7750 = CARTESIAN_POINT('',(2.46,-0.62,0.4));
#7751 = SURFACE_CURVE('',#7752,(#7757,#7764),.PCURVE_S1.);
#7752 = CIRCLE('',#7753,0.22);
#7753 = AXIS2_PLACEMENT_3D('',#7754,#7755,#7756);
#7754 = CARTESIAN_POINT('',(2.68,-0.62,0.4));
#7755 = DIRECTION('',(0.,0.,1.));
#7756 = DIRECTION('',(1.,0.,0.));
#7757 = PCURVE('',#7711,#7758);
#7758 = DEFINITIONAL_REPRESENTATION('',(#7759),#7763);
#7759 = LINE('',#7760,#7761);
#7760 = CARTESIAN_POINT('',(-0.,-0.4));
#7761 = VECTOR('',#7762,1.);
#7762 = DIRECTION('',(-1.,0.));
#7763 = ( GEOMETRIC_REPRESENTATION_CONTEXT(2) 
PARAMETRIC_REPRESENTATION_CONTEXT() REPRESENTATION_CONTEXT('2D SPACE',''
  ) );
#7764 = PCURVE('',#7060,#7765);
#7765 = DEFINITIONAL_REPRESENTATION('',(#7766),#7774);
#7766 = ( BOUNDED_CURVE() B_SPLINE_CURVE(2,(#7767,#7768,#7769,#7770,
#7771,#7772,#7773),.UNSPECIFIED.,.T.,.F.) B_SPLINE_CURVE_WITH_KNOTS((1,2
    ,2,2,2,1),(-2.094395102393,0.,2.094395102393,4.188790204786,
6.28318530718,8.377580409573),.UNSPECIFIED.) CURVE() 
GEOMETRIC_REPRESENTATION_ITEM() RATIONAL_B_SPLINE_CURVE((1.,0.5,1.,0.5,
1.,0.5,1.)) REPRESENTATION_ITEM('') );
#7767 = CARTESIAN_POINT('',(-0.65,-1.795116795642));
#7768 = CARTESIAN_POINT('',(-0.65,-1.414065617977));
#7769 = CARTESIAN_POINT('',(-0.32,-1.60459120681));
#7770 = CARTESIAN_POINT('',(1.E-02,-1.795116795642));
#7771 = CARTESIAN_POINT('',(-0.32,-1.985642384475));
#7772 = CARTESIAN_POINT('',(-0.65,-2.176167973308));
#7773 = CARTESIAN_POINT('',(-0.65,-1.795116795642));
#7774 = ( GEOMETRIC_REPRESENTATION_CONTEXT(2) 
PARAMETRIC_REPRESENTATION_CONTEXT() REPRESENTATION_CONTEXT('2D SPACE',''
  ) );
#7775 = ORIENTED_EDGE('',*,*,#7776,.F.);
#7776 = EDGE_CURVE('',#7777,#7749,#7779,.T.);
#7777 = VERTEX_POINT('',#7778);
#7778 = CARTESIAN_POINT('',(2.46,-0.62,0.));
#7779 = SURFACE_CURVE('',#7780,(#7784,#7791),.PCURVE_S1.);
#7780 = LINE('',#7781,#7782);
#7781 = CARTESIAN_POINT('',(2.46,-0.62,0.));
#7782 = VECTOR('',#7783,1.);
#7783 = DIRECTION('',(0.,0.,1.));
#7784 = PCURVE('',#7711,#7785);
#7785 = DEFINITIONAL_REPRESENTATION('',(#7786),#7790);
#7786 = LINE('',#7787,#7788);
#7787 = CARTESIAN_POINT('',(-3.14159265359,0.));
#7788 = VECTOR('',#7789,1.);
#7789 = DIRECTION('',(-0.,-1.));
#7790 = ( GEOMETRIC_REPRESENTATION_CONTEXT(2) 
PARAMETRIC_REPRESENTATION_CONTEXT() REPRESENTATION_CONTEXT('2D SPACE',''
  ) );
#7791 = PCURVE('',#7792,#7797);
#7792 = PLANE('',#7793);
#7793 = AXIS2_PLACEMENT_3D('',#7794,#7795,#7796);
#7794 = CARTESIAN_POINT('',(2.46,-0.62,0.));
#7795 = DIRECTION('',(1.,0.,0.));
#7796 = DIRECTION('',(0.,-1.,0.));
#7797 = DEFINITIONAL_REPRESENTATION('',(#7798),#7802);
#7798 = LINE('',#7799,#7800);
#7799 = CARTESIAN_POINT('',(0.,0.));
#7800 = VECTOR('',#7801,1.);
#7801 = DIRECTION('',(0.,-1.));
#7802 = ( GEOMETRIC_REPRESENTATION_CONTEXT(2) 
PARAMETRIC_REPRESENTATION_CONTEXT() REPRESENTATION_CONTEXT('2D SPACE',''
  ) );
#7803 = ORIENTED_EDGE('',*,*,#7804,.F.);
#7804 = EDGE_CURVE('',#7696,#7777,#7805,.T.);
#7805 = SURFACE_CURVE('',#7806,(#7811,#7818),.PCURVE_S1.);
#7806 = CIRCLE('',#7807,0.22);
#7807 = AXIS2_PLACEMENT_3D('',#7808,#7809,#7810);
#7808 = CARTESIAN_POINT('',(2.68,-0.62,0.));
#7809 = DIRECTION('',(0.,0.,1.));
#7810 = DIRECTION('',(1.,0.,0.));
#7811 = PCURVE('',#7711,#7812);
#7812 = DEFINITIONAL_REPRESENTATION('',(#7813),#7817);
#7813 = LINE('',#7814,#7815);
#7814 = CARTESIAN_POINT('',(-0.,0.));
#7815 = VECTOR('',#7816,1.);
#7816 = DIRECTION('',(-1.,0.));
#7817 = ( GEOMETRIC_REPRESENTATION_CONTEXT(2) 
PARAMETRIC_REPRESENTATION_CONTEXT() REPRESENTATION_CONTEXT('2D SPACE',''
  ) );
#7818 = PCURVE('',#7114,#7819);
#7819 = DEFINITIONAL_REPRESENTATION('',(#7820),#7828);
#7820 = ( BOUNDED_CURVE() B_SPLINE_CURVE(2,(#7821,#7822,#7823,#7824,
#7825,#7826,#7827),.UNSPECIFIED.,.T.,.F.) B_SPLINE_CURVE_WITH_KNOTS((1,2
    ,2,2,2,1),(-2.094395102393,0.,2.094395102393,4.188790204786,
6.28318530718,8.377580409573),.UNSPECIFIED.) CURVE() 
GEOMETRIC_REPRESENTATION_ITEM() RATIONAL_B_SPLINE_CURVE((1.,0.5,1.,0.5,
1.,0.5,1.)) REPRESENTATION_ITEM('') );
#7821 = CARTESIAN_POINT('',(-0.65,-1.795116795642));
#7822 = CARTESIAN_POINT('',(-0.65,-1.414065617977));
#7823 = CARTESIAN_POINT('',(-0.32,-1.60459120681));
#7824 = CARTESIAN_POINT('',(1.E-02,-1.795116795642));
#7825 = CARTESIAN_POINT('',(-0.32,-1.985642384475));
#7826 = CARTESIAN_POINT('',(-0.65,-2.176167973308));
#7827 = CARTESIAN_POINT('',(-0.65,-1.795116795642));
#7828 = ( GEOMETRIC_REPRESENTATION_CONTEXT(2) 
PARAMETRIC_REPRESENTATION_CONTEXT() REPRESENTATION_CONTEXT('2D SPACE',''
  ) );
#7829 = ADVANCED_FACE('',(#7830),#7792,.T.);
#7830 = FACE_BOUND('',#7831,.T.);
#7831 = EDGE_LOOP('',(#7832,#7833,#7856,#7884));
#7832 = ORIENTED_EDGE('',*,*,#7776,.T.);
#7833 = ORIENTED_EDGE('',*,*,#7834,.T.);
#7834 = EDGE_CURVE('',#7749,#7835,#7837,.T.);
#7835 = VERTEX_POINT('',#7836);
#7836 = CARTESIAN_POINT('',(2.46,-0.95,0.4));
#7837 = SURFACE_CURVE('',#7838,(#7842,#7849),.PCURVE_S1.);
#7838 = LINE('',#7839,#7840);
#7839 = CARTESIAN_POINT('',(2.46,-0.62,0.4));
#7840 = VECTOR('',#7841,1.);
#7841 = DIRECTION('',(0.,-1.,0.));
#7842 = PCURVE('',#7792,#7843);
#7843 = DEFINITIONAL_REPRESENTATION('',(#7844),#7848);
#7844 = LINE('',#7845,#7846);
#7845 = CARTESIAN_POINT('',(0.,-0.4));
#7846 = VECTOR('',#7847,1.);
#7847 = DIRECTION('',(1.,0.));
#7848 = ( GEOMETRIC_REPRESENTATION_CONTEXT(2) 
PARAMETRIC_REPRESENTATION_CONTEXT() REPRESENTATION_CONTEXT('2D SPACE',''
  ) );
#7849 = PCURVE('',#7060,#7850);
#7850 = DEFINITIONAL_REPRESENTATION('',(#7851),#7855);
#7851 = LINE('',#7852,#7853);
#7852 = CARTESIAN_POINT('',(-0.21,-1.795116795642));
#7853 = VECTOR('',#7854,1.);
#7854 = DIRECTION('',(0.,-1.));
#7855 = ( GEOMETRIC_REPRESENTATION_CONTEXT(2) 
PARAMETRIC_REPRESENTATION_CONTEXT() REPRESENTATION_CONTEXT('2D SPACE',''
  ) );
#7856 = ORIENTED_EDGE('',*,*,#7857,.F.);
#7857 = EDGE_CURVE('',#7858,#7835,#7860,.T.);
#7858 = VERTEX_POINT('',#7859);
#7859 = CARTESIAN_POINT('',(2.46,-0.95,0.));
#7860 = SURFACE_CURVE('',#7861,(#7865,#7872),.PCURVE_S1.);
#7861 = LINE('',#7862,#7863);
#7862 = CARTESIAN_POINT('',(2.46,-0.95,0.));
#7863 = VECTOR('',#7864,1.);
#7864 = DIRECTION('',(0.,0.,1.));
#7865 = PCURVE('',#7792,#7866);
#7866 = DEFINITIONAL_REPRESENTATION('',(#7867),#7871);
#7867 = LINE('',#7868,#7869);
#7868 = CARTESIAN_POINT('',(0.33,0.));
#7869 = VECTOR('',#7870,1.);
#7870 = DIRECTION('',(0.,-1.));
#7871 = ( GEOMETRIC_REPRESENTATION_CONTEXT(2) 
PARAMETRIC_REPRESENTATION_CONTEXT() REPRESENTATION_CONTEXT('2D SPACE',''
  ) );
#7872 = PCURVE('',#7873,#7878);
#7873 = PLANE('',#7874);
#7874 = AXIS2_PLACEMENT_3D('',#7875,#7876,#7877);
#7875 = CARTESIAN_POINT('',(2.46,-0.95,0.));
#7876 = DIRECTION('',(0.,-1.,0.));
#7877 = DIRECTION('',(-1.,0.,0.));
#7878 = DEFINITIONAL_REPRESENTATION('',(#7879),#7883);
#7879 = LINE('',#7880,#7881);
#7880 = CARTESIAN_POINT('',(0.,-0.));
#7881 = VECTOR('',#7882,1.);
#7882 = DIRECTION('',(0.,-1.));
#7883 = ( GEOMETRIC_REPRESENTATION_CONTEXT(2) 
PARAMETRIC_REPRESENTATION_CONTEXT() REPRESENTATION_CONTEXT('2D SPACE',''
  ) );
#7884 = ORIENTED_EDGE('',*,*,#7885,.F.);
#7885 = EDGE_CURVE('',#7777,#7858,#7886,.T.);
#7886 = SURFACE_CURVE('',#7887,(#7891,#7898),.PCURVE_S1.);
#7887 = LINE('',#7888,#7889);
#7888 = CARTESIAN_POINT('',(2.46,-0.62,0.));
#7889 = VECTOR('',#7890,1.);
#7890 = DIRECTION('',(0.,-1.,0.));
#7891 = PCURVE('',#7792,#7892);
#7892 = DEFINITIONAL_REPRESENTATION('',(#7893),#7897);
#7893 = LINE('',#7894,#7895);
#7894 = CARTESIAN_POINT('',(0.,0.));
#7895 = VECTOR('',#7896,1.);
#7896 = DIRECTION('',(1.,0.));
#7897 = ( GEOMETRIC_REPRESENTATION_CONTEXT(2) 
PARAMETRIC_REPRESENTATION_CONTEXT() REPRESENTATION_CONTEXT('2D SPACE',''
  ) );
#7898 = PCURVE('',#7114,#7899);
#7899 = DEFINITIONAL_REPRESENTATION('',(#7900),#7904);
#7900 = LINE('',#7901,#7902);
#7901 = CARTESIAN_POINT('',(-0.21,-1.795116795642));
#7902 = VECTOR('',#7903,1.);
#7903 = DIRECTION('',(0.,-1.));
#7904 = ( GEOMETRIC_REPRESENTATION_CONTEXT(2) 
PARAMETRIC_REPRESENTATION_CONTEXT() REPRESENTATION_CONTEXT('2D SPACE',''
  ) );
#7905 = ADVANCED_FACE('',(#7906),#7873,.T.);
#7906 = FACE_BOUND('',#7907,.T.);
#7907 = EDGE_LOOP('',(#7908,#7909,#7932,#7960));
#7908 = ORIENTED_EDGE('',*,*,#7857,.T.);
#7909 = ORIENTED_EDGE('',*,*,#7910,.T.);
#7910 = EDGE_CURVE('',#7835,#7911,#7913,.T.);
#7911 = VERTEX_POINT('',#7912);
#7912 = CARTESIAN_POINT('',(2.04,-0.95,0.4));
#7913 = SURFACE_CURVE('',#7914,(#7918,#7925),.PCURVE_S1.);
#7914 = LINE('',#7915,#7916);
#7915 = CARTESIAN_POINT('',(2.46,-0.95,0.4));
#7916 = VECTOR('',#7917,1.);
#7917 = DIRECTION('',(-1.,0.,0.));
#7918 = PCURVE('',#7873,#7919);
#7919 = DEFINITIONAL_REPRESENTATION('',(#7920),#7924);
#7920 = LINE('',#7921,#7922);
#7921 = CARTESIAN_POINT('',(0.,-0.4));
#7922 = VECTOR('',#7923,1.);
#7923 = DIRECTION('',(1.,0.));
#7924 = ( GEOMETRIC_REPRESENTATION_CONTEXT(2) 
PARAMETRIC_REPRESENTATION_CONTEXT() REPRESENTATION_CONTEXT('2D SPACE',''
  ) );
#7925 = PCURVE('',#7060,#7926);
#7926 = DEFINITIONAL_REPRESENTATION('',(#7927),#7931);
#7927 = LINE('',#7928,#7929);
#7928 = CARTESIAN_POINT('',(-0.21,-2.125116795642));
#7929 = VECTOR('',#7930,1.);
#7930 = DIRECTION('',(1.,0.));
#7931 = ( GEOMETRIC_REPRESENTATION_CONTEXT(2) 
PARAMETRIC_REPRESENTATION_CONTEXT() REPRESENTATION_CONTEXT('2D SPACE',''
  ) );
#7932 = ORIENTED_EDGE('',*,*,#7933,.F.);
#7933 = EDGE_CURVE('',#7934,#7911,#7936,.T.);
#7934 = VERTEX_POINT('',#7935);
#7935 = CARTESIAN_POINT('',(2.04,-0.95,0.));
#7936 = SURFACE_CURVE('',#7937,(#7941,#7948),.PCURVE_S1.);
#7937 = LINE('',#7938,#7939);
#7938 = CARTESIAN_POINT('',(2.04,-0.95,0.));
#7939 = VECTOR('',#7940,1.);
#7940 = DIRECTION('',(0.,0.,1.));
#7941 = PCURVE('',#7873,#7942);
#7942 = DEFINITIONAL_REPRESENTATION('',(#7943),#7947);
#7943 = LINE('',#7944,#7945);
#7944 = CARTESIAN_POINT('',(0.42,0.));
#7945 = VECTOR('',#7946,1.);
#7946 = DIRECTION('',(0.,-1.));
#7947 = ( GEOMETRIC_REPRESENTATION_CONTEXT(2) 
PARAMETRIC_REPRESENTATION_CONTEXT() REPRESENTATION_CONTEXT('2D SPACE',''
  ) );
#7948 = PCURVE('',#7949,#7954);
#7949 = PLANE('',#7950);
#7950 = AXIS2_PLACEMENT_3D('',#7951,#7952,#7953);
#7951 = CARTESIAN_POINT('',(2.04,-0.95,0.));
#7952 = DIRECTION('',(-1.,0.,0.));
#7953 = DIRECTION('',(0.,1.,0.));
#7954 = DEFINITIONAL_REPRESENTATION('',(#7955),#7959);
#7955 = LINE('',#7956,#7957);
#7956 = CARTESIAN_POINT('',(0.,0.));
#7957 = VECTOR('',#7958,1.);
#7958 = DIRECTION('',(0.,-1.));
#7959 = ( GEOMETRIC_REPRESENTATION_CONTEXT(2) 
PARAMETRIC_REPRESENTATION_CONTEXT() REPRESENTATION_CONTEXT('2D SPACE',''
  ) );
#7960 = ORIENTED_EDGE('',*,*,#7961,.F.);
#7961 = EDGE_CURVE('',#7858,#7934,#7962,.T.);
#7962 = SURFACE_CURVE('',#7963,(#7967,#7974),.PCURVE_S1.);
#7963 = LINE('',#7964,#7965);
#7964 = CARTESIAN_POINT('',(2.46,-0.95,0.));
#7965 = VECTOR('',#7966,1.);
#7966 = DIRECTION('',(-1.,0.,0.));
#7967 = PCURVE('',#7873,#7968);
#7968 = DEFINITIONAL_REPRESENTATION('',(#7969),#7973);
#7969 = LINE('',#7970,#7971);
#7970 = CARTESIAN_POINT('',(0.,-0.));
#7971 = VECTOR('',#7972,1.);
#7972 = DIRECTION('',(1.,0.));
#7973 = ( GEOMETRIC_REPRESENTATION_CONTEXT(2) 
PARAMETRIC_REPRESENTATION_CONTEXT() REPRESENTATION_CONTEXT('2D SPACE',''
  ) );
#7974 = PCURVE('',#7114,#7975);
#7975 = DEFINITIONAL_REPRESENTATION('',(#7976),#7980);
#7976 = LINE('',#7977,#7978);
#7977 = CARTESIAN_POINT('',(-0.21,-2.125116795642));
#7978 = VECTOR('',#7979,1.);
#7979 = DIRECTION('',(1.,0.));
#7980 = ( GEOMETRIC_REPRESENTATION_CONTEXT(2) 
PARAMETRIC_REPRESENTATION_CONTEXT() REPRESENTATION_CONTEXT('2D SPACE',''
  ) );
#7981 = ADVANCED_FACE('',(#7982),#7949,.T.);
#7982 = FACE_BOUND('',#7983,.T.);
#7983 = EDGE_LOOP('',(#7984,#7985,#8008,#8036));
#7984 = ORIENTED_EDGE('',*,*,#7933,.T.);
#7985 = ORIENTED_EDGE('',*,*,#7986,.T.);
#7986 = EDGE_CURVE('',#7911,#7987,#7989,.T.);
#7987 = VERTEX_POINT('',#7988);
#7988 = CARTESIAN_POINT('',(2.04,-0.62,0.4));
#7989 = SURFACE_CURVE('',#7990,(#7994,#8001),.PCURVE_S1.);
#7990 = LINE('',#7991,#7992);
#7991 = CARTESIAN_POINT('',(2.04,-0.95,0.4));
#7992 = VECTOR('',#7993,1.);
#7993 = DIRECTION('',(0.,1.,0.));
#7994 = PCURVE('',#7949,#7995);
#7995 = DEFINITIONAL_REPRESENTATION('',(#7996),#8000);
#7996 = LINE('',#7997,#7998);
#7997 = CARTESIAN_POINT('',(0.,-0.4));
#7998 = VECTOR('',#7999,1.);
#7999 = DIRECTION('',(1.,0.));
#8000 = ( GEOMETRIC_REPRESENTATION_CONTEXT(2) 
PARAMETRIC_REPRESENTATION_CONTEXT() REPRESENTATION_CONTEXT('2D SPACE',''
  ) );
#8001 = PCURVE('',#7060,#8002);
#8002 = DEFINITIONAL_REPRESENTATION('',(#8003),#8007);
#8003 = LINE('',#8004,#8005);
#8004 = CARTESIAN_POINT('',(0.21,-2.125116795642));
#8005 = VECTOR('',#8006,1.);
#8006 = DIRECTION('',(0.,1.));
#8007 = ( GEOMETRIC_REPRESENTATION_CONTEXT(2) 
PARAMETRIC_REPRESENTATION_CONTEXT() REPRESENTATION_CONTEXT('2D SPACE',''
  ) );
#8008 = ORIENTED_EDGE('',*,*,#8009,.F.);
#8009 = EDGE_CURVE('',#8010,#7987,#8012,.T.);
#8010 = VERTEX_POINT('',#8011);
#8011 = CARTESIAN_POINT('',(2.04,-0.62,0.));
#8012 = SURFACE_CURVE('',#8013,(#8017,#8024),.PCURVE_S1.);
#8013 = LINE('',#8014,#8015);
#8014 = CARTESIAN_POINT('',(2.04,-0.62,0.));
#8015 = VECTOR('',#8016,1.);
#8016 = DIRECTION('',(0.,0.,1.));
#8017 = PCURVE('',#7949,#8018);
#8018 = DEFINITIONAL_REPRESENTATION('',(#8019),#8023);
#8019 = LINE('',#8020,#8021);
#8020 = CARTESIAN_POINT('',(0.33,0.));
#8021 = VECTOR('',#8022,1.);
#8022 = DIRECTION('',(0.,-1.));
#8023 = ( GEOMETRIC_REPRESENTATION_CONTEXT(2) 
PARAMETRIC_REPRESENTATION_CONTEXT() REPRESENTATION_CONTEXT('2D SPACE',''
  ) );
#8024 = PCURVE('',#8025,#8030);
#8025 = CYLINDRICAL_SURFACE('',#8026,0.22);
#8026 = AXIS2_PLACEMENT_3D('',#8027,#8028,#8029);
#8027 = CARTESIAN_POINT('',(1.82,-0.62,0.));
#8028 = DIRECTION('',(-0.,-0.,-1.));
#8029 = DIRECTION('',(1.,0.,0.));
#8030 = DEFINITIONAL_REPRESENTATION('',(#8031),#8035);
#8031 = LINE('',#8032,#8033);
#8032 = CARTESIAN_POINT('',(1.030286966852E-13,-0.));
#8033 = VECTOR('',#8034,1.);
#8034 = DIRECTION('',(-0.,-1.));
#8035 = ( GEOMETRIC_REPRESENTATION_CONTEXT(2) 
PARAMETRIC_REPRESENTATION_CONTEXT() REPRESENTATION_CONTEXT('2D SPACE',''
  ) );
#8036 = ORIENTED_EDGE('',*,*,#8037,.F.);
#8037 = EDGE_CURVE('',#7934,#8010,#8038,.T.);
#8038 = SURFACE_CURVE('',#8039,(#8043,#8050),.PCURVE_S1.);
#8039 = LINE('',#8040,#8041);
#8040 = CARTESIAN_POINT('',(2.04,-0.95,0.));
#8041 = VECTOR('',#8042,1.);
#8042 = DIRECTION('',(0.,1.,0.));
#8043 = PCURVE('',#7949,#8044);
#8044 = DEFINITIONAL_REPRESENTATION('',(#8045),#8049);
#8045 = LINE('',#8046,#8047);
#8046 = CARTESIAN_POINT('',(0.,0.));
#8047 = VECTOR('',#8048,1.);
#8048 = DIRECTION('',(1.,0.));
#8049 = ( GEOMETRIC_REPRESENTATION_CONTEXT(2) 
PARAMETRIC_REPRESENTATION_CONTEXT() REPRESENTATION_CONTEXT('2D SPACE',''
  ) );
#8050 = PCURVE('',#7114,#8051);
#8051 = DEFINITIONAL_REPRESENTATION('',(#8052),#8056);
#8052 = LINE('',#8053,#8054);
#8053 = CARTESIAN_POINT('',(0.21,-2.125116795642));
#8054 = VECTOR('',#8055,1.);
#8055 = DIRECTION('',(0.,1.));
#8056 = ( GEOMETRIC_REPRESENTATION_CONTEXT(2) 
PARAMETRIC_REPRESENTATION_CONTEXT() REPRESENTATION_CONTEXT('2D SPACE',''
  ) );
#8057 = ADVANCED_FACE('',(#8058),#8025,.F.);
#8058 = FACE_BOUND('',#8059,.T.);
#8059 = EDGE_LOOP('',(#8060,#8061,#8089,#8117));
#8060 = ORIENTED_EDGE('',*,*,#8009,.T.);
#8061 = ORIENTED_EDGE('',*,*,#8062,.T.);
#8062 = EDGE_CURVE('',#7987,#8063,#8065,.T.);
#8063 = VERTEX_POINT('',#8064);
#8064 = CARTESIAN_POINT('',(1.82,-0.4,0.4));
#8065 = SURFACE_CURVE('',#8066,(#8071,#8078),.PCURVE_S1.);
#8066 = CIRCLE('',#8067,0.22);
#8067 = AXIS2_PLACEMENT_3D('',#8068,#8069,#8070);
#8068 = CARTESIAN_POINT('',(1.82,-0.62,0.4));
#8069 = DIRECTION('',(0.,0.,1.));
#8070 = DIRECTION('',(1.,0.,0.));
#8071 = PCURVE('',#8025,#8072);
#8072 = DEFINITIONAL_REPRESENTATION('',(#8073),#8077);
#8073 = LINE('',#8074,#8075);
#8074 = CARTESIAN_POINT('',(-0.,-0.4));
#8075 = VECTOR('',#8076,1.);
#8076 = DIRECTION('',(-1.,0.));
#8077 = ( GEOMETRIC_REPRESENTATION_CONTEXT(2) 
PARAMETRIC_REPRESENTATION_CONTEXT() REPRESENTATION_CONTEXT('2D SPACE',''
  ) );
#8078 = PCURVE('',#7060,#8079);
#8079 = DEFINITIONAL_REPRESENTATION('',(#8080),#8088);
#8080 = ( BOUNDED_CURVE() B_SPLINE_CURVE(2,(#8081,#8082,#8083,#8084,
#8085,#8086,#8087),.UNSPECIFIED.,.T.,.F.) B_SPLINE_CURVE_WITH_KNOTS((1,2
    ,2,2,2,1),(-2.094395102393,0.,2.094395102393,4.188790204786,
6.28318530718,8.377580409573),.UNSPECIFIED.) CURVE() 
GEOMETRIC_REPRESENTATION_ITEM() RATIONAL_B_SPLINE_CURVE((1.,0.5,1.,0.5,
1.,0.5,1.)) REPRESENTATION_ITEM('') );
#8081 = CARTESIAN_POINT('',(0.21,-1.795116795642));
#8082 = CARTESIAN_POINT('',(0.21,-1.414065617977));
#8083 = CARTESIAN_POINT('',(0.54,-1.60459120681));
#8084 = CARTESIAN_POINT('',(0.87,-1.795116795642));
#8085 = CARTESIAN_POINT('',(0.54,-1.985642384475));
#8086 = CARTESIAN_POINT('',(0.21,-2.176167973307));
#8087 = CARTESIAN_POINT('',(0.21,-1.795116795642));
#8088 = ( GEOMETRIC_REPRESENTATION_CONTEXT(2) 
PARAMETRIC_REPRESENTATION_CONTEXT() REPRESENTATION_CONTEXT('2D SPACE',''
  ) );
#8089 = ORIENTED_EDGE('',*,*,#8090,.F.);
#8090 = EDGE_CURVE('',#8091,#8063,#8093,.T.);
#8091 = VERTEX_POINT('',#8092);
#8092 = CARTESIAN_POINT('',(1.82,-0.4,0.));
#8093 = SURFACE_CURVE('',#8094,(#8098,#8105),.PCURVE_S1.);
#8094 = LINE('',#8095,#8096);
#8095 = CARTESIAN_POINT('',(1.82,-0.4,0.));
#8096 = VECTOR('',#8097,1.);
#8097 = DIRECTION('',(0.,0.,1.));
#8098 = PCURVE('',#8025,#8099);
#8099 = DEFINITIONAL_REPRESENTATION('',(#8100),#8104);
#8100 = LINE('',#8101,#8102);
#8101 = CARTESIAN_POINT('',(-1.570796326795,0.));
#8102 = VECTOR('',#8103,1.);
#8103 = DIRECTION('',(-0.,-1.));
#8104 = ( GEOMETRIC_REPRESENTATION_CONTEXT(2) 
PARAMETRIC_REPRESENTATION_CONTEXT() REPRESENTATION_CONTEXT('2D SPACE',''
  ) );
#8105 = PCURVE('',#8106,#8111);
#8106 = PLANE('',#8107);
#8107 = AXIS2_PLACEMENT_3D('',#8108,#8109,#8110);
#8108 = CARTESIAN_POINT('',(1.82,-0.4,0.));
#8109 = DIRECTION('',(0.,-1.,0.));
#8110 = DIRECTION('',(-1.,0.,0.));
#8111 = DEFINITIONAL_REPRESENTATION('',(#8112),#8116);
#8112 = LINE('',#8113,#8114);
#8113 = CARTESIAN_POINT('',(0.,-0.));
#8114 = VECTOR('',#8115,1.);
#8115 = DIRECTION('',(0.,-1.));
#8116 = ( GEOMETRIC_REPRESENTATION_CONTEXT(2) 
PARAMETRIC_REPRESENTATION_CONTEXT() REPRESENTATION_CONTEXT('2D SPACE',''
  ) );
#8117 = ORIENTED_EDGE('',*,*,#8118,.F.);
#8118 = EDGE_CURVE('',#8010,#8091,#8119,.T.);
#8119 = SURFACE_CURVE('',#8120,(#8125,#8132),.PCURVE_S1.);
#8120 = CIRCLE('',#8121,0.22);
#8121 = AXIS2_PLACEMENT_3D('',#8122,#8123,#8124);
#8122 = CARTESIAN_POINT('',(1.82,-0.62,0.));
#8123 = DIRECTION('',(0.,0.,1.));
#8124 = DIRECTION('',(1.,0.,0.));
#8125 = PCURVE('',#8025,#8126);
#8126 = DEFINITIONAL_REPRESENTATION('',(#8127),#8131);
#8127 = LINE('',#8128,#8129);
#8128 = CARTESIAN_POINT('',(-0.,0.));
#8129 = VECTOR('',#8130,1.);
#8130 = DIRECTION('',(-1.,0.));
#8131 = ( GEOMETRIC_REPRESENTATION_CONTEXT(2) 
PARAMETRIC_REPRESENTATION_CONTEXT() REPRESENTATION_CONTEXT('2D SPACE',''
  ) );
#8132 = PCURVE('',#7114,#8133);
#8133 = DEFINITIONAL_REPRESENTATION('',(#8134),#8142);
#8134 = ( BOUNDED_CURVE() B_SPLINE_CURVE(2,(#8135,#8136,#8137,#8138,
#8139,#8140,#8141),.UNSPECIFIED.,.T.,.F.) B_SPLINE_CURVE_WITH_KNOTS((1,2
    ,2,2,2,1),(-2.094395102393,0.,2.094395102393,4.188790204786,
6.28318530718,8.377580409573),.UNSPECIFIED.) CURVE() 
GEOMETRIC_REPRESENTATION_ITEM() RATIONAL_B_SPLINE_CURVE((1.,0.5,1.,0.5,
1.,0.5,1.)) REPRESENTATION_ITEM('') );
#8135 = CARTESIAN_POINT('',(0.21,-1.795116795642));
#8136 = CARTESIAN_POINT('',(0.21,-1.414065617977));
#8137 = CARTESIAN_POINT('',(0.54,-1.60459120681));
#8138 = CARTESIAN_POINT('',(0.87,-1.795116795642));
#8139 = CARTESIAN_POINT('',(0.54,-1.985642384475));
#8140 = CARTESIAN_POINT('',(0.21,-2.176167973307));
#8141 = CARTESIAN_POINT('',(0.21,-1.795116795642));
#8142 = ( GEOMETRIC_REPRESENTATION_CONTEXT(2) 
PARAMETRIC_REPRESENTATION_CONTEXT() REPRESENTATION_CONTEXT('2D SPACE',''
  ) );
#8143 = ADVANCED_FACE('',(#8144),#8106,.T.);
#8144 = FACE_BOUND('',#8145,.T.);
#8145 = EDGE_LOOP('',(#8146,#8147,#8170,#8193));
#8146 = ORIENTED_EDGE('',*,*,#8090,.T.);
#8147 = ORIENTED_EDGE('',*,*,#8148,.T.);
#8148 = EDGE_CURVE('',#8063,#8149,#8151,.T.);
#8149 = VERTEX_POINT('',#8150);
#8150 = CARTESIAN_POINT('',(1.67,-0.4,0.4));
#8151 = SURFACE_CURVE('',#8152,(#8156,#8163),.PCURVE_S1.);
#8152 = LINE('',#8153,#8154);
#8153 = CARTESIAN_POINT('',(1.82,-0.4,0.4));
#8154 = VECTOR('',#8155,1.);
#8155 = DIRECTION('',(-1.,0.,0.));
#8156 = PCURVE('',#8106,#8157);
#8157 = DEFINITIONAL_REPRESENTATION('',(#8158),#8162);
#8158 = LINE('',#8159,#8160);
#8159 = CARTESIAN_POINT('',(0.,-0.4));
#8160 = VECTOR('',#8161,1.);
#8161 = DIRECTION('',(1.,0.));
#8162 = ( GEOMETRIC_REPRESENTATION_CONTEXT(2) 
PARAMETRIC_REPRESENTATION_CONTEXT() REPRESENTATION_CONTEXT('2D SPACE',''
  ) );
#8163 = PCURVE('',#7060,#8164);
#8164 = DEFINITIONAL_REPRESENTATION('',(#8165),#8169);
#8165 = LINE('',#8166,#8167);
#8166 = CARTESIAN_POINT('',(0.43,-1.575116795642));
#8167 = VECTOR('',#8168,1.);
#8168 = DIRECTION('',(1.,0.));
#8169 = ( GEOMETRIC_REPRESENTATION_CONTEXT(2) 
PARAMETRIC_REPRESENTATION_CONTEXT() REPRESENTATION_CONTEXT('2D SPACE',''
  ) );
#8170 = ORIENTED_EDGE('',*,*,#8171,.F.);
#8171 = EDGE_CURVE('',#8172,#8149,#8174,.T.);
#8172 = VERTEX_POINT('',#8173);
#8173 = CARTESIAN_POINT('',(1.67,-0.4,0.));
#8174 = SURFACE_CURVE('',#8175,(#8179,#8186),.PCURVE_S1.);
#8175 = LINE('',#8176,#8177);
#8176 = CARTESIAN_POINT('',(1.67,-0.4,0.));
#8177 = VECTOR('',#8178,1.);
#8178 = DIRECTION('',(0.,0.,1.));
#8179 = PCURVE('',#8106,#8180);
#8180 = DEFINITIONAL_REPRESENTATION('',(#8181),#8185);
#8181 = LINE('',#8182,#8183);
#8182 = CARTESIAN_POINT('',(0.15,0.));
#8183 = VECTOR('',#8184,1.);
#8184 = DIRECTION('',(0.,-1.));
#8185 = ( GEOMETRIC_REPRESENTATION_CONTEXT(2) 
PARAMETRIC_REPRESENTATION_CONTEXT() REPRESENTATION_CONTEXT('2D SPACE',''
  ) );
#8186 = PCURVE('',#7032,#8187);
#8187 = DEFINITIONAL_REPRESENTATION('',(#8188),#8192);
#8188 = LINE('',#8189,#8190);
#8189 = CARTESIAN_POINT('',(-4.712388980385,0.));
#8190 = VECTOR('',#8191,1.);
#8191 = DIRECTION('',(-0.,-1.));
#8192 = ( GEOMETRIC_REPRESENTATION_CONTEXT(2) 
PARAMETRIC_REPRESENTATION_CONTEXT() REPRESENTATION_CONTEXT('2D SPACE',''
  ) );
#8193 = ORIENTED_EDGE('',*,*,#8194,.F.);
#8194 = EDGE_CURVE('',#8091,#8172,#8195,.T.);
#8195 = SURFACE_CURVE('',#8196,(#8200,#8207),.PCURVE_S1.);
#8196 = LINE('',#8197,#8198);
#8197 = CARTESIAN_POINT('',(1.82,-0.4,0.));
#8198 = VECTOR('',#8199,1.);
#8199 = DIRECTION('',(-1.,0.,0.));
#8200 = PCURVE('',#8106,#8201);
#8201 = DEFINITIONAL_REPRESENTATION('',(#8202),#8206);
#8202 = LINE('',#8203,#8204);
#8203 = CARTESIAN_POINT('',(0.,-0.));
#8204 = VECTOR('',#8205,1.);
#8205 = DIRECTION('',(1.,0.));
#8206 = ( GEOMETRIC_REPRESENTATION_CONTEXT(2) 
PARAMETRIC_REPRESENTATION_CONTEXT() REPRESENTATION_CONTEXT('2D SPACE',''
  ) );
#8207 = PCURVE('',#7114,#8208);
#8208 = DEFINITIONAL_REPRESENTATION('',(#8209),#8213);
#8209 = LINE('',#8210,#8211);
#8210 = CARTESIAN_POINT('',(0.43,-1.575116795642));
#8211 = VECTOR('',#8212,1.);
#8212 = DIRECTION('',(1.,0.));
#8213 = ( GEOMETRIC_REPRESENTATION_CONTEXT(2) 
PARAMETRIC_REPRESENTATION_CONTEXT() REPRESENTATION_CONTEXT('2D SPACE',''
  ) );
#8214 = ADVANCED_FACE('',(#8215),#7032,.T.);
#8215 = FACE_BOUND('',#8216,.F.);
#8216 = EDGE_LOOP('',(#8217,#8218,#8244,#8245));
#8217 = ORIENTED_EDGE('',*,*,#7009,.T.);
#8218 = ORIENTED_EDGE('',*,*,#8219,.T.);
#8219 = EDGE_CURVE('',#7012,#8149,#8220,.T.);
#8220 = SURFACE_CURVE('',#8221,(#8226,#8233),.PCURVE_S1.);
#8221 = CIRCLE('',#8222,0.22);
#8222 = AXIS2_PLACEMENT_3D('',#8223,#8224,#8225);
#8223 = CARTESIAN_POINT('',(1.67,-0.18,0.4));
#8224 = DIRECTION('',(0.,0.,1.));
#8225 = DIRECTION('',(1.,0.,0.));
#8226 = PCURVE('',#7032,#8227);
#8227 = DEFINITIONAL_REPRESENTATION('',(#8228),#8232);
#8228 = LINE('',#8229,#8230);
#8229 = CARTESIAN_POINT('',(-0.,-0.4));
#8230 = VECTOR('',#8231,1.);
#8231 = DIRECTION('',(-1.,0.));
#8232 = ( GEOMETRIC_REPRESENTATION_CONTEXT(2) 
PARAMETRIC_REPRESENTATION_CONTEXT() REPRESENTATION_CONTEXT('2D SPACE',''
  ) );
#8233 = PCURVE('',#7060,#8234);
#8234 = DEFINITIONAL_REPRESENTATION('',(#8235),#8243);
#8235 = ( BOUNDED_CURVE() B_SPLINE_CURVE(2,(#8236,#8237,#8238,#8239,
#8240,#8241,#8242),.UNSPECIFIED.,.T.,.F.) B_SPLINE_CURVE_WITH_KNOTS((1,2
    ,2,2,2,1),(-2.094395102393,0.,2.094395102393,4.188790204786,
6.28318530718,8.377580409573),.UNSPECIFIED.) CURVE() 
GEOMETRIC_REPRESENTATION_ITEM() RATIONAL_B_SPLINE_CURVE((1.,0.5,1.,0.5,
1.,0.5,1.)) REPRESENTATION_ITEM('') );
#8236 = CARTESIAN_POINT('',(0.36,-1.355116795642));
#8237 = CARTESIAN_POINT('',(0.36,-0.974065617977));
#8238 = CARTESIAN_POINT('',(0.69,-1.16459120681));
#8239 = CARTESIAN_POINT('',(1.02,-1.355116795642));
#8240 = CARTESIAN_POINT('',(0.69,-1.545642384475));
#8241 = CARTESIAN_POINT('',(0.36,-1.736167973307));
#8242 = CARTESIAN_POINT('',(0.36,-1.355116795642));
#8243 = ( GEOMETRIC_REPRESENTATION_CONTEXT(2) 
PARAMETRIC_REPRESENTATION_CONTEXT() REPRESENTATION_CONTEXT('2D SPACE',''
  ) );
#8244 = ORIENTED_EDGE('',*,*,#8171,.F.);
#8245 = ORIENTED_EDGE('',*,*,#8246,.F.);
#8246 = EDGE_CURVE('',#7010,#8172,#8247,.T.);
#8247 = SURFACE_CURVE('',#8248,(#8253,#8260),.PCURVE_S1.);
#8248 = CIRCLE('',#8249,0.22);
#8249 = AXIS2_PLACEMENT_3D('',#8250,#8251,#8252);
#8250 = CARTESIAN_POINT('',(1.67,-0.18,0.));
#8251 = DIRECTION('',(0.,0.,1.));
#8252 = DIRECTION('',(1.,0.,0.));
#8253 = PCURVE('',#7032,#8254);
#8254 = DEFINITIONAL_REPRESENTATION('',(#8255),#8259);
#8255 = LINE('',#8256,#8257);
#8256 = CARTESIAN_POINT('',(-0.,0.));
#8257 = VECTOR('',#8258,1.);
#8258 = DIRECTION('',(-1.,0.));
#8259 = ( GEOMETRIC_REPRESENTATION_CONTEXT(2) 
PARAMETRIC_REPRESENTATION_CONTEXT() REPRESENTATION_CONTEXT('2D SPACE',''
  ) );
#8260 = PCURVE('',#7114,#8261);
#8261 = DEFINITIONAL_REPRESENTATION('',(#8262),#8270);
#8262 = ( BOUNDED_CURVE() B_SPLINE_CURVE(2,(#8263,#8264,#8265,#8266,
#8267,#8268,#8269),.UNSPECIFIED.,.T.,.F.) B_SPLINE_CURVE_WITH_KNOTS((1,2
    ,2,2,2,1),(-2.094395102393,0.,2.094395102393,4.188790204786,
6.28318530718,8.377580409573),.UNSPECIFIED.) CURVE() 
GEOMETRIC_REPRESENTATION_ITEM() RATIONAL_B_SPLINE_CURVE((1.,0.5,1.,0.5,
1.,0.5,1.)) REPRESENTATION_ITEM('') );
#8263 = CARTESIAN_POINT('',(0.36,-1.355116795642));
#8264 = CARTESIAN_POINT('',(0.36,-0.974065617977));
#8265 = CARTESIAN_POINT('',(0.69,-1.16459120681));
#8266 = CARTESIAN_POINT('',(1.02,-1.355116795642));
#8267 = CARTESIAN_POINT('',(0.69,-1.545642384475));
#8268 = CARTESIAN_POINT('',(0.36,-1.736167973307));
#8269 = CARTESIAN_POINT('',(0.36,-1.355116795642));
#8270 = ( GEOMETRIC_REPRESENTATION_CONTEXT(2) 
PARAMETRIC_REPRESENTATION_CONTEXT() REPRESENTATION_CONTEXT('2D SPACE',''
  ) );
#8271 = ADVANCED_FACE('',(#8272),#7114,.T.);
#8272 = FACE_BOUND('',#8273,.T.);
#8273 = EDGE_LOOP('',(#8274,#8275,#8276,#8277,#8278,#8279,#8280,#8281,
    #8282,#8283,#8284,#8285,#8286,#8287,#8288,#8289));
#8274 = ORIENTED_EDGE('',*,*,#7100,.T.);
#8275 = ORIENTED_EDGE('',*,*,#7181,.T.);
#8276 = ORIENTED_EDGE('',*,*,#7257,.T.);
#8277 = ORIENTED_EDGE('',*,*,#7333,.T.);
#8278 = ORIENTED_EDGE('',*,*,#7409,.T.);
#8279 = ORIENTED_EDGE('',*,*,#7485,.T.);
#8280 = ORIENTED_EDGE('',*,*,#7561,.F.);
#8281 = ORIENTED_EDGE('',*,*,#7642,.F.);
#8282 = ORIENTED_EDGE('',*,*,#7723,.T.);
#8283 = ORIENTED_EDGE('',*,*,#7804,.T.);
#8284 = ORIENTED_EDGE('',*,*,#7885,.T.);
#8285 = ORIENTED_EDGE('',*,*,#7961,.T.);
#8286 = ORIENTED_EDGE('',*,*,#8037,.T.);
#8287 = ORIENTED_EDGE('',*,*,#8118,.T.);
#8288 = ORIENTED_EDGE('',*,*,#8194,.T.);
#8289 = ORIENTED_EDGE('',*,*,#8246,.F.);
#8290 = ADVANCED_FACE('',(#8291),#7060,.F.);
#8291 = FACE_BOUND('',#8292,.F.);
#8292 = EDGE_LOOP('',(#8293,#8294,#8295,#8296,#8297,#8298,#8299,#8300,
    #8301,#8302,#8303,#8304,#8305,#8306,#8307,#8308));
#8293 = ORIENTED_EDGE('',*,*,#7044,.T.);
#8294 = ORIENTED_EDGE('',*,*,#7130,.T.);
#8295 = ORIENTED_EDGE('',*,*,#7206,.T.);
#8296 = ORIENTED_EDGE('',*,*,#7282,.T.);
#8297 = ORIENTED_EDGE('',*,*,#7358,.T.);
#8298 = ORIENTED_EDGE('',*,*,#7434,.T.);
#8299 = ORIENTED_EDGE('',*,*,#7539,.F.);
#8300 = ORIENTED_EDGE('',*,*,#7615,.F.);
#8301 = ORIENTED_EDGE('',*,*,#7672,.T.);
#8302 = ORIENTED_EDGE('',*,*,#7748,.T.);
#8303 = ORIENTED_EDGE('',*,*,#7834,.T.);
#8304 = ORIENTED_EDGE('',*,*,#7910,.T.);
#8305 = ORIENTED_EDGE('',*,*,#7986,.T.);
#8306 = ORIENTED_EDGE('',*,*,#8062,.T.);
#8307 = ORIENTED_EDGE('',*,*,#8148,.T.);
#8308 = ORIENTED_EDGE('',*,*,#8219,.F.);
#8309 = ( GEOMETRIC_REPRESENTATION_CONTEXT(3) 
GLOBAL_UNCERTAINTY_ASSIGNED_CONTEXT((#8313)) 
GLOBAL_UNIT_ASSIGNED_CONTEXT((#8310,#8311,#8312)) REPRESENTATION_CONTEXT
('Context #1','3D Context with UNIT and UNCERTAINTY') );
#8310 = ( LENGTH_UNIT() NAMED_UNIT(*) SI_UNIT(.MILLI.,.METRE.) );
#8311 = ( NAMED_UNIT(*) PLANE_ANGLE_UNIT() SI_UNIT($,.RADIAN.) );
#8312 = ( NAMED_UNIT(*) SI_UNIT($,.STERADIAN.) SOLID_ANGLE_UNIT() );
#8313 = UNCERTAINTY_MEASURE_WITH_UNIT(LENGTH_MEASURE(1.E-07),#8310,
  'distance_accuracy_value','confusion accuracy');
#8314 = PRODUCT_RELATED_PRODUCT_CATEGORY('part',$,(#6999));
#8315 = SHAPE_DEFINITION_REPRESENTATION(#8316,#8322);
#8316 = PRODUCT_DEFINITION_SHAPE('','',#8317);
#8317 = PRODUCT_DEFINITION('design','',#8318,#8321);
#8318 = PRODUCT_DEFINITION_FORMATION('','',#8319);
#8319 = PRODUCT('Lead','Lead','',(#8320));
#8320 = PRODUCT_CONTEXT('',#2,'mechanical');
#8321 = PRODUCT_DEFINITION_CONTEXT('part definition',#2,'design');
#8322 = SHAPE_REPRESENTATION('',(#11,#8323,#8653,#8983,#9313),#9643);
#8323 = MANIFOLD_SOLID_BREP('',#8324);
#8324 = CLOSED_SHELL('',(#8325,#8445,#8521,#8592,#8639,#8646));
#8325 = ADVANCED_FACE('',(#8326),#8340,.F.);
#8326 = FACE_BOUND('',#8327,.F.);
#8327 = EDGE_LOOP('',(#8328,#8363,#8391,#8419));
#8328 = ORIENTED_EDGE('',*,*,#8329,.T.);
#8329 = EDGE_CURVE('',#8330,#8332,#8334,.T.);
#8330 = VERTEX_POINT('',#8331);
#8331 = CARTESIAN_POINT('',(0.54,3.45,0.4));
#8332 = VERTEX_POINT('',#8333);
#8333 = CARTESIAN_POINT('',(0.54,3.45,0.));
#8334 = SURFACE_CURVE('',#8335,(#8339,#8351),.PCURVE_S1.);
#8335 = LINE('',#8336,#8337);
#8336 = CARTESIAN_POINT('',(0.54,3.45,0.4));
#8337 = VECTOR('',#8338,1.);
#8338 = DIRECTION('',(-0.,-0.,-1.));
#8339 = PCURVE('',#8340,#8345);
#8340 = PLANE('',#8341);
#8341 = AXIS2_PLACEMENT_3D('',#8342,#8343,#8344);
#8342 = CARTESIAN_POINT('',(0.54,3.45,0.4));
#8343 = DIRECTION('',(0.,-1.,0.));
#8344 = DIRECTION('',(1.,0.,0.));
#8345 = DEFINITIONAL_REPRESENTATION('',(#8346),#8350);
#8346 = LINE('',#8347,#8348);
#8347 = CARTESIAN_POINT('',(0.,0.));
#8348 = VECTOR('',#8349,1.);
#8349 = DIRECTION('',(0.,-1.));
#8350 = ( GEOMETRIC_REPRESENTATION_CONTEXT(2) 
PARAMETRIC_REPRESENTATION_CONTEXT() REPRESENTATION_CONTEXT('2D SPACE',''
  ) );
#8351 = PCURVE('',#8352,#8357);
#8352 = PLANE('',#8353);
#8353 = AXIS2_PLACEMENT_3D('',#8354,#8355,#8356);
#8354 = CARTESIAN_POINT('',(0.54,2.2,0.4));
#8355 = DIRECTION('',(1.,0.,0.));
#8356 = DIRECTION('',(0.,1.,0.));
#8357 = DEFINITIONAL_REPRESENTATION('',(#8358),#8362);
#8358 = LINE('',#8359,#8360);
#8359 = CARTESIAN_POINT('',(1.25,0.));
#8360 = VECTOR('',#8361,1.);
#8361 = DIRECTION('',(0.,-1.));
#8362 = ( GEOMETRIC_REPRESENTATION_CONTEXT(2) 
PARAMETRIC_REPRESENTATION_CONTEXT() REPRESENTATION_CONTEXT('2D SPACE',''
  ) );
#8363 = ORIENTED_EDGE('',*,*,#8364,.T.);
#8364 = EDGE_CURVE('',#8332,#8365,#8367,.T.);
#8365 = VERTEX_POINT('',#8366);
#8366 = CARTESIAN_POINT('',(0.96,3.45,0.));
#8367 = SURFACE_CURVE('',#8368,(#8372,#8379),.PCURVE_S1.);
#8368 = LINE('',#8369,#8370);
#8369 = CARTESIAN_POINT('',(0.54,3.45,0.));
#8370 = VECTOR('',#8371,1.);
#8371 = DIRECTION('',(1.,0.,0.));
#8372 = PCURVE('',#8340,#8373);
#8373 = DEFINITIONAL_REPRESENTATION('',(#8374),#8378);
#8374 = LINE('',#8375,#8376);
#8375 = CARTESIAN_POINT('',(0.,-0.4));
#8376 = VECTOR('',#8377,1.);
#8377 = DIRECTION('',(1.,0.));
#8378 = ( GEOMETRIC_REPRESENTATION_CONTEXT(2) 
PARAMETRIC_REPRESENTATION_CONTEXT() REPRESENTATION_CONTEXT('2D SPACE',''
  ) );
#8379 = PCURVE('',#8380,#8385);
#8380 = PLANE('',#8381);
#8381 = AXIS2_PLACEMENT_3D('',#8382,#8383,#8384);
#8382 = CARTESIAN_POINT('',(0.54,3.45,0.));
#8383 = DIRECTION('',(0.,0.,1.));
#8384 = DIRECTION('',(1.,0.,0.));
#8385 = DEFINITIONAL_REPRESENTATION('',(#8386),#8390);
#8386 = LINE('',#8387,#8388);
#8387 = CARTESIAN_POINT('',(0.,0.));
#8388 = VECTOR('',#8389,1.);
#8389 = DIRECTION('',(1.,0.));
#8390 = ( GEOMETRIC_REPRESENTATION_CONTEXT(2) 
PARAMETRIC_REPRESENTATION_CONTEXT() REPRESENTATION_CONTEXT('2D SPACE',''
  ) );
#8391 = ORIENTED_EDGE('',*,*,#8392,.F.);
#8392 = EDGE_CURVE('',#8393,#8365,#8395,.T.);
#8393 = VERTEX_POINT('',#8394);
#8394 = CARTESIAN_POINT('',(0.96,3.45,0.4));
#8395 = SURFACE_CURVE('',#8396,(#8400,#8407),.PCURVE_S1.);
#8396 = LINE('',#8397,#8398);
#8397 = CARTESIAN_POINT('',(0.96,3.45,0.4));
#8398 = VECTOR('',#8399,1.);
#8399 = DIRECTION('',(-0.,-0.,-1.));
#8400 = PCURVE('',#8340,#8401);
#8401 = DEFINITIONAL_REPRESENTATION('',(#8402),#8406);
#8402 = LINE('',#8403,#8404);
#8403 = CARTESIAN_POINT('',(0.42,0.));
#8404 = VECTOR('',#8405,1.);
#8405 = DIRECTION('',(0.,-1.));
#8406 = ( GEOMETRIC_REPRESENTATION_CONTEXT(2) 
PARAMETRIC_REPRESENTATION_CONTEXT() REPRESENTATION_CONTEXT('2D SPACE',''
  ) );
#8407 = PCURVE('',#8408,#8413);
#8408 = PLANE('',#8409);
#8409 = AXIS2_PLACEMENT_3D('',#8410,#8411,#8412);
#8410 = CARTESIAN_POINT('',(0.96,3.45,0.4));
#8411 = DIRECTION('',(-1.,0.,0.));
#8412 = DIRECTION('',(0.,-1.,0.));
#8413 = DEFINITIONAL_REPRESENTATION('',(#8414),#8418);
#8414 = LINE('',#8415,#8416);
#8415 = CARTESIAN_POINT('',(0.,0.));
#8416 = VECTOR('',#8417,1.);
#8417 = DIRECTION('',(0.,-1.));
#8418 = ( GEOMETRIC_REPRESENTATION_CONTEXT(2) 
PARAMETRIC_REPRESENTATION_CONTEXT() REPRESENTATION_CONTEXT('2D SPACE',''
  ) );
#8419 = ORIENTED_EDGE('',*,*,#8420,.F.);
#8420 = EDGE_CURVE('',#8330,#8393,#8421,.T.);
#8421 = SURFACE_CURVE('',#8422,(#8426,#8433),.PCURVE_S1.);
#8422 = LINE('',#8423,#8424);
#8423 = CARTESIAN_POINT('',(0.54,3.45,0.4));
#8424 = VECTOR('',#8425,1.);
#8425 = DIRECTION('',(1.,0.,0.));
#8426 = PCURVE('',#8340,#8427);
#8427 = DEFINITIONAL_REPRESENTATION('',(#8428),#8432);
#8428 = LINE('',#8429,#8430);
#8429 = CARTESIAN_POINT('',(0.,0.));
#8430 = VECTOR('',#8431,1.);
#8431 = DIRECTION('',(1.,0.));
#8432 = ( GEOMETRIC_REPRESENTATION_CONTEXT(2) 
PARAMETRIC_REPRESENTATION_CONTEXT() REPRESENTATION_CONTEXT('2D SPACE',''
  ) );
#8433 = PCURVE('',#8434,#8439);
#8434 = PLANE('',#8435);
#8435 = AXIS2_PLACEMENT_3D('',#8436,#8437,#8438);
#8436 = CARTESIAN_POINT('',(0.54,3.45,0.4));
#8437 = DIRECTION('',(0.,0.,1.));
#8438 = DIRECTION('',(1.,0.,0.));
#8439 = DEFINITIONAL_REPRESENTATION('',(#8440),#8444);
#8440 = LINE('',#8441,#8442);
#8441 = CARTESIAN_POINT('',(0.,0.));
#8442 = VECTOR('',#8443,1.);
#8443 = DIRECTION('',(1.,0.));
#8444 = ( GEOMETRIC_REPRESENTATION_CONTEXT(2) 
PARAMETRIC_REPRESENTATION_CONTEXT() REPRESENTATION_CONTEXT('2D SPACE',''
  ) );
#8445 = ADVANCED_FACE('',(#8446),#8408,.F.);
#8446 = FACE_BOUND('',#8447,.F.);
#8447 = EDGE_LOOP('',(#8448,#8449,#8472,#8500));
#8448 = ORIENTED_EDGE('',*,*,#8392,.T.);
#8449 = ORIENTED_EDGE('',*,*,#8450,.T.);
#8450 = EDGE_CURVE('',#8365,#8451,#8453,.T.);
#8451 = VERTEX_POINT('',#8452);
#8452 = CARTESIAN_POINT('',(0.96,2.2,0.));
#8453 = SURFACE_CURVE('',#8454,(#8458,#8465),.PCURVE_S1.);
#8454 = LINE('',#8455,#8456);
#8455 = CARTESIAN_POINT('',(0.96,3.45,0.));
#8456 = VECTOR('',#8457,1.);
#8457 = DIRECTION('',(0.,-1.,0.));
#8458 = PCURVE('',#8408,#8459);
#8459 = DEFINITIONAL_REPRESENTATION('',(#8460),#8464);
#8460 = LINE('',#8461,#8462);
#8461 = CARTESIAN_POINT('',(0.,-0.4));
#8462 = VECTOR('',#8463,1.);
#8463 = DIRECTION('',(1.,0.));
#8464 = ( GEOMETRIC_REPRESENTATION_CONTEXT(2) 
PARAMETRIC_REPRESENTATION_CONTEXT() REPRESENTATION_CONTEXT('2D SPACE',''
  ) );
#8465 = PCURVE('',#8380,#8466);
#8466 = DEFINITIONAL_REPRESENTATION('',(#8467),#8471);
#8467 = LINE('',#8468,#8469);
#8468 = CARTESIAN_POINT('',(0.42,0.));
#8469 = VECTOR('',#8470,1.);
#8470 = DIRECTION('',(0.,-1.));
#8471 = ( GEOMETRIC_REPRESENTATION_CONTEXT(2) 
PARAMETRIC_REPRESENTATION_CONTEXT() REPRESENTATION_CONTEXT('2D SPACE',''
  ) );
#8472 = ORIENTED_EDGE('',*,*,#8473,.F.);
#8473 = EDGE_CURVE('',#8474,#8451,#8476,.T.);
#8474 = VERTEX_POINT('',#8475);
#8475 = CARTESIAN_POINT('',(0.96,2.2,0.4));
#8476 = SURFACE_CURVE('',#8477,(#8481,#8488),.PCURVE_S1.);
#8477 = LINE('',#8478,#8479);
#8478 = CARTESIAN_POINT('',(0.96,2.2,0.4));
#8479 = VECTOR('',#8480,1.);
#8480 = DIRECTION('',(-0.,-0.,-1.));
#8481 = PCURVE('',#8408,#8482);
#8482 = DEFINITIONAL_REPRESENTATION('',(#8483),#8487);
#8483 = LINE('',#8484,#8485);
#8484 = CARTESIAN_POINT('',(1.25,0.));
#8485 = VECTOR('',#8486,1.);
#8486 = DIRECTION('',(0.,-1.));
#8487 = ( GEOMETRIC_REPRESENTATION_CONTEXT(2) 
PARAMETRIC_REPRESENTATION_CONTEXT() REPRESENTATION_CONTEXT('2D SPACE',''
  ) );
#8488 = PCURVE('',#8489,#8494);
#8489 = PLANE('',#8490);
#8490 = AXIS2_PLACEMENT_3D('',#8491,#8492,#8493);
#8491 = CARTESIAN_POINT('',(0.96,2.2,0.4));
#8492 = DIRECTION('',(0.,1.,0.));
#8493 = DIRECTION('',(-1.,0.,0.));
#8494 = DEFINITIONAL_REPRESENTATION('',(#8495),#8499);
#8495 = LINE('',#8496,#8497);
#8496 = CARTESIAN_POINT('',(0.,0.));
#8497 = VECTOR('',#8498,1.);
#8498 = DIRECTION('',(0.,-1.));
#8499 = ( GEOMETRIC_REPRESENTATION_CONTEXT(2) 
PARAMETRIC_REPRESENTATION_CONTEXT() REPRESENTATION_CONTEXT('2D SPACE',''
  ) );
#8500 = ORIENTED_EDGE('',*,*,#8501,.F.);
#8501 = EDGE_CURVE('',#8393,#8474,#8502,.T.);
#8502 = SURFACE_CURVE('',#8503,(#8507,#8514),.PCURVE_S1.);
#8503 = LINE('',#8504,#8505);
#8504 = CARTESIAN_POINT('',(0.96,3.45,0.4));
#8505 = VECTOR('',#8506,1.);
#8506 = DIRECTION('',(0.,-1.,0.));
#8507 = PCURVE('',#8408,#8508);
#8508 = DEFINITIONAL_REPRESENTATION('',(#8509),#8513);
#8509 = LINE('',#8510,#8511);
#8510 = CARTESIAN_POINT('',(0.,0.));
#8511 = VECTOR('',#8512,1.);
#8512 = DIRECTION('',(1.,0.));
#8513 = ( GEOMETRIC_REPRESENTATION_CONTEXT(2) 
PARAMETRIC_REPRESENTATION_CONTEXT() REPRESENTATION_CONTEXT('2D SPACE',''
  ) );
#8514 = PCURVE('',#8434,#8515);
#8515 = DEFINITIONAL_REPRESENTATION('',(#8516),#8520);
#8516 = LINE('',#8517,#8518);
#8517 = CARTESIAN_POINT('',(0.42,0.));
#8518 = VECTOR('',#8519,1.);
#8519 = DIRECTION('',(0.,-1.));
#8520 = ( GEOMETRIC_REPRESENTATION_CONTEXT(2) 
PARAMETRIC_REPRESENTATION_CONTEXT() REPRESENTATION_CONTEXT('2D SPACE',''
  ) );
#8521 = ADVANCED_FACE('',(#8522),#8489,.F.);
#8522 = FACE_BOUND('',#8523,.F.);
#8523 = EDGE_LOOP('',(#8524,#8525,#8548,#8571));
#8524 = ORIENTED_EDGE('',*,*,#8473,.T.);
#8525 = ORIENTED_EDGE('',*,*,#8526,.T.);
#8526 = EDGE_CURVE('',#8451,#8527,#8529,.T.);
#8527 = VERTEX_POINT('',#8528);
#8528 = CARTESIAN_POINT('',(0.54,2.2,0.));
#8529 = SURFACE_CURVE('',#8530,(#8534,#8541),.PCURVE_S1.);
#8530 = LINE('',#8531,#8532);
#8531 = CARTESIAN_POINT('',(0.96,2.2,0.));
#8532 = VECTOR('',#8533,1.);
#8533 = DIRECTION('',(-1.,0.,0.));
#8534 = PCURVE('',#8489,#8535);
#8535 = DEFINITIONAL_REPRESENTATION('',(#8536),#8540);
#8536 = LINE('',#8537,#8538);
#8537 = CARTESIAN_POINT('',(0.,-0.4));
#8538 = VECTOR('',#8539,1.);
#8539 = DIRECTION('',(1.,0.));
#8540 = ( GEOMETRIC_REPRESENTATION_CONTEXT(2) 
PARAMETRIC_REPRESENTATION_CONTEXT() REPRESENTATION_CONTEXT('2D SPACE',''
  ) );
#8541 = PCURVE('',#8380,#8542);
#8542 = DEFINITIONAL_REPRESENTATION('',(#8543),#8547);
#8543 = LINE('',#8544,#8545);
#8544 = CARTESIAN_POINT('',(0.42,-1.25));
#8545 = VECTOR('',#8546,1.);
#8546 = DIRECTION('',(-1.,0.));
#8547 = ( GEOMETRIC_REPRESENTATION_CONTEXT(2) 
PARAMETRIC_REPRESENTATION_CONTEXT() REPRESENTATION_CONTEXT('2D SPACE',''
  ) );
#8548 = ORIENTED_EDGE('',*,*,#8549,.F.);
#8549 = EDGE_CURVE('',#8550,#8527,#8552,.T.);
#8550 = VERTEX_POINT('',#8551);
#8551 = CARTESIAN_POINT('',(0.54,2.2,0.4));
#8552 = SURFACE_CURVE('',#8553,(#8557,#8564),.PCURVE_S1.);
#8553 = LINE('',#8554,#8555);
#8554 = CARTESIAN_POINT('',(0.54,2.2,0.4));
#8555 = VECTOR('',#8556,1.);
#8556 = DIRECTION('',(-0.,-0.,-1.));
#8557 = PCURVE('',#8489,#8558);
#8558 = DEFINITIONAL_REPRESENTATION('',(#8559),#8563);
#8559 = LINE('',#8560,#8561);
#8560 = CARTESIAN_POINT('',(0.42,0.));
#8561 = VECTOR('',#8562,1.);
#8562 = DIRECTION('',(0.,-1.));
#8563 = ( GEOMETRIC_REPRESENTATION_CONTEXT(2) 
PARAMETRIC_REPRESENTATION_CONTEXT() REPRESENTATION_CONTEXT('2D SPACE',''
  ) );
#8564 = PCURVE('',#8352,#8565);
#8565 = DEFINITIONAL_REPRESENTATION('',(#8566),#8570);
#8566 = LINE('',#8567,#8568);
#8567 = CARTESIAN_POINT('',(0.,0.));
#8568 = VECTOR('',#8569,1.);
#8569 = DIRECTION('',(0.,-1.));
#8570 = ( GEOMETRIC_REPRESENTATION_CONTEXT(2) 
PARAMETRIC_REPRESENTATION_CONTEXT() REPRESENTATION_CONTEXT('2D SPACE',''
  ) );
#8571 = ORIENTED_EDGE('',*,*,#8572,.F.);
#8572 = EDGE_CURVE('',#8474,#8550,#8573,.T.);
#8573 = SURFACE_CURVE('',#8574,(#8578,#8585),.PCURVE_S1.);
#8574 = LINE('',#8575,#8576);
#8575 = CARTESIAN_POINT('',(0.96,2.2,0.4));
#8576 = VECTOR('',#8577,1.);
#8577 = DIRECTION('',(-1.,0.,0.));
#8578 = PCURVE('',#8489,#8579);
#8579 = DEFINITIONAL_REPRESENTATION('',(#8580),#8584);
#8580 = LINE('',#8581,#8582);
#8581 = CARTESIAN_POINT('',(0.,0.));
#8582 = VECTOR('',#8583,1.);
#8583 = DIRECTION('',(1.,0.));
#8584 = ( GEOMETRIC_REPRESENTATION_CONTEXT(2) 
PARAMETRIC_REPRESENTATION_CONTEXT() REPRESENTATION_CONTEXT('2D SPACE',''
  ) );
#8585 = PCURVE('',#8434,#8586);
#8586 = DEFINITIONAL_REPRESENTATION('',(#8587),#8591);
#8587 = LINE('',#8588,#8589);
#8588 = CARTESIAN_POINT('',(0.42,-1.25));
#8589 = VECTOR('',#8590,1.);
#8590 = DIRECTION('',(-1.,0.));
#8591 = ( GEOMETRIC_REPRESENTATION_CONTEXT(2) 
PARAMETRIC_REPRESENTATION_CONTEXT() REPRESENTATION_CONTEXT('2D SPACE',''
  ) );
#8592 = ADVANCED_FACE('',(#8593),#8352,.F.);
#8593 = FACE_BOUND('',#8594,.F.);
#8594 = EDGE_LOOP('',(#8595,#8596,#8617,#8618));
#8595 = ORIENTED_EDGE('',*,*,#8549,.T.);
#8596 = ORIENTED_EDGE('',*,*,#8597,.T.);
#8597 = EDGE_CURVE('',#8527,#8332,#8598,.T.);
#8598 = SURFACE_CURVE('',#8599,(#8603,#8610),.PCURVE_S1.);
#8599 = LINE('',#8600,#8601);
#8600 = CARTESIAN_POINT('',(0.54,2.2,0.));
#8601 = VECTOR('',#8602,1.);
#8602 = DIRECTION('',(0.,1.,0.));
#8603 = PCURVE('',#8352,#8604);
#8604 = DEFINITIONAL_REPRESENTATION('',(#8605),#8609);
#8605 = LINE('',#8606,#8607);
#8606 = CARTESIAN_POINT('',(0.,-0.4));
#8607 = VECTOR('',#8608,1.);
#8608 = DIRECTION('',(1.,0.));
#8609 = ( GEOMETRIC_REPRESENTATION_CONTEXT(2) 
PARAMETRIC_REPRESENTATION_CONTEXT() REPRESENTATION_CONTEXT('2D SPACE',''
  ) );
#8610 = PCURVE('',#8380,#8611);
#8611 = DEFINITIONAL_REPRESENTATION('',(#8612),#8616);
#8612 = LINE('',#8613,#8614);
#8613 = CARTESIAN_POINT('',(0.,-1.25));
#8614 = VECTOR('',#8615,1.);
#8615 = DIRECTION('',(0.,1.));
#8616 = ( GEOMETRIC_REPRESENTATION_CONTEXT(2) 
PARAMETRIC_REPRESENTATION_CONTEXT() REPRESENTATION_CONTEXT('2D SPACE',''
  ) );
#8617 = ORIENTED_EDGE('',*,*,#8329,.F.);
#8618 = ORIENTED_EDGE('',*,*,#8619,.F.);
#8619 = EDGE_CURVE('',#8550,#8330,#8620,.T.);
#8620 = SURFACE_CURVE('',#8621,(#8625,#8632),.PCURVE_S1.);
#8621 = LINE('',#8622,#8623);
#8622 = CARTESIAN_POINT('',(0.54,2.2,0.4));
#8623 = VECTOR('',#8624,1.);
#8624 = DIRECTION('',(0.,1.,0.));
#8625 = PCURVE('',#8352,#8626);
#8626 = DEFINITIONAL_REPRESENTATION('',(#8627),#8631);
#8627 = LINE('',#8628,#8629);
#8628 = CARTESIAN_POINT('',(0.,0.));
#8629 = VECTOR('',#8630,1.);
#8630 = DIRECTION('',(1.,0.));
#8631 = ( GEOMETRIC_REPRESENTATION_CONTEXT(2) 
PARAMETRIC_REPRESENTATION_CONTEXT() REPRESENTATION_CONTEXT('2D SPACE',''
  ) );
#8632 = PCURVE('',#8434,#8633);
#8633 = DEFINITIONAL_REPRESENTATION('',(#8634),#8638);
#8634 = LINE('',#8635,#8636);
#8635 = CARTESIAN_POINT('',(0.,-1.25));
#8636 = VECTOR('',#8637,1.);
#8637 = DIRECTION('',(0.,1.));
#8638 = ( GEOMETRIC_REPRESENTATION_CONTEXT(2) 
PARAMETRIC_REPRESENTATION_CONTEXT() REPRESENTATION_CONTEXT('2D SPACE',''
  ) );
#8639 = ADVANCED_FACE('',(#8640),#8434,.T.);
#8640 = FACE_BOUND('',#8641,.F.);
#8641 = EDGE_LOOP('',(#8642,#8643,#8644,#8645));
#8642 = ORIENTED_EDGE('',*,*,#8420,.T.);
#8643 = ORIENTED_EDGE('',*,*,#8501,.T.);
#8644 = ORIENTED_EDGE('',*,*,#8572,.T.);
#8645 = ORIENTED_EDGE('',*,*,#8619,.T.);
#8646 = ADVANCED_FACE('',(#8647),#8380,.F.);
#8647 = FACE_BOUND('',#8648,.T.);
#8648 = EDGE_LOOP('',(#8649,#8650,#8651,#8652));
#8649 = ORIENTED_EDGE('',*,*,#8364,.T.);
#8650 = ORIENTED_EDGE('',*,*,#8450,.T.);
#8651 = ORIENTED_EDGE('',*,*,#8526,.T.);
#8652 = ORIENTED_EDGE('',*,*,#8597,.T.);
#8653 = MANIFOLD_SOLID_BREP('',#8654);
#8654 = CLOSED_SHELL('',(#8655,#8775,#8851,#8922,#8969,#8976));
#8655 = ADVANCED_FACE('',(#8656),#8670,.F.);
#8656 = FACE_BOUND('',#8657,.F.);
#8657 = EDGE_LOOP('',(#8658,#8693,#8721,#8749));
#8658 = ORIENTED_EDGE('',*,*,#8659,.T.);
#8659 = EDGE_CURVE('',#8660,#8662,#8664,.T.);
#8660 = VERTEX_POINT('',#8661);
#8661 = CARTESIAN_POINT('',(0.54,0.3,0.4));
#8662 = VERTEX_POINT('',#8663);
#8663 = CARTESIAN_POINT('',(0.54,0.3,0.));
#8664 = SURFACE_CURVE('',#8665,(#8669,#8681),.PCURVE_S1.);
#8665 = LINE('',#8666,#8667);
#8666 = CARTESIAN_POINT('',(0.54,0.3,0.4));
#8667 = VECTOR('',#8668,1.);
#8668 = DIRECTION('',(-0.,-0.,-1.));
#8669 = PCURVE('',#8670,#8675);
#8670 = PLANE('',#8671);
#8671 = AXIS2_PLACEMENT_3D('',#8672,#8673,#8674);
#8672 = CARTESIAN_POINT('',(0.54,0.3,0.4));
#8673 = DIRECTION('',(0.,-1.,0.));
#8674 = DIRECTION('',(1.,0.,0.));
#8675 = DEFINITIONAL_REPRESENTATION('',(#8676),#8680);
#8676 = LINE('',#8677,#8678);
#8677 = CARTESIAN_POINT('',(0.,0.));
#8678 = VECTOR('',#8679,1.);
#8679 = DIRECTION('',(0.,-1.));
#8680 = ( GEOMETRIC_REPRESENTATION_CONTEXT(2) 
PARAMETRIC_REPRESENTATION_CONTEXT() REPRESENTATION_CONTEXT('2D SPACE',''
  ) );
#8681 = PCURVE('',#8682,#8687);
#8682 = PLANE('',#8683);
#8683 = AXIS2_PLACEMENT_3D('',#8684,#8685,#8686);
#8684 = CARTESIAN_POINT('',(0.54,-0.95,0.4));
#8685 = DIRECTION('',(1.,0.,0.));
#8686 = DIRECTION('',(0.,1.,0.));
#8687 = DEFINITIONAL_REPRESENTATION('',(#8688),#8692);
#8688 = LINE('',#8689,#8690);
#8689 = CARTESIAN_POINT('',(1.25,0.));
#8690 = VECTOR('',#8691,1.);
#8691 = DIRECTION('',(0.,-1.));
#8692 = ( GEOMETRIC_REPRESENTATION_CONTEXT(2) 
PARAMETRIC_REPRESENTATION_CONTEXT() REPRESENTATION_CONTEXT('2D SPACE',''
  ) );
#8693 = ORIENTED_EDGE('',*,*,#8694,.T.);
#8694 = EDGE_CURVE('',#8662,#8695,#8697,.T.);
#8695 = VERTEX_POINT('',#8696);
#8696 = CARTESIAN_POINT('',(0.96,0.3,0.));
#8697 = SURFACE_CURVE('',#8698,(#8702,#8709),.PCURVE_S1.);
#8698 = LINE('',#8699,#8700);
#8699 = CARTESIAN_POINT('',(0.54,0.3,0.));
#8700 = VECTOR('',#8701,1.);
#8701 = DIRECTION('',(1.,0.,0.));
#8702 = PCURVE('',#8670,#8703);
#8703 = DEFINITIONAL_REPRESENTATION('',(#8704),#8708);
#8704 = LINE('',#8705,#8706);
#8705 = CARTESIAN_POINT('',(0.,-0.4));
#8706 = VECTOR('',#8707,1.);
#8707 = DIRECTION('',(1.,0.));
#8708 = ( GEOMETRIC_REPRESENTATION_CONTEXT(2) 
PARAMETRIC_REPRESENTATION_CONTEXT() REPRESENTATION_CONTEXT('2D SPACE',''
  ) );
#8709 = PCURVE('',#8710,#8715);
#8710 = PLANE('',#8711);
#8711 = AXIS2_PLACEMENT_3D('',#8712,#8713,#8714);
#8712 = CARTESIAN_POINT('',(0.54,0.3,0.));
#8713 = DIRECTION('',(0.,0.,1.));
#8714 = DIRECTION('',(1.,0.,0.));
#8715 = DEFINITIONAL_REPRESENTATION('',(#8716),#8720);
#8716 = LINE('',#8717,#8718);
#8717 = CARTESIAN_POINT('',(0.,0.));
#8718 = VECTOR('',#8719,1.);
#8719 = DIRECTION('',(1.,0.));
#8720 = ( GEOMETRIC_REPRESENTATION_CONTEXT(2) 
PARAMETRIC_REPRESENTATION_CONTEXT() REPRESENTATION_CONTEXT('2D SPACE',''
  ) );
#8721 = ORIENTED_EDGE('',*,*,#8722,.F.);
#8722 = EDGE_CURVE('',#8723,#8695,#8725,.T.);
#8723 = VERTEX_POINT('',#8724);
#8724 = CARTESIAN_POINT('',(0.96,0.3,0.4));
#8725 = SURFACE_CURVE('',#8726,(#8730,#8737),.PCURVE_S1.);
#8726 = LINE('',#8727,#8728);
#8727 = CARTESIAN_POINT('',(0.96,0.3,0.4));
#8728 = VECTOR('',#8729,1.);
#8729 = DIRECTION('',(-0.,-0.,-1.));
#8730 = PCURVE('',#8670,#8731);
#8731 = DEFINITIONAL_REPRESENTATION('',(#8732),#8736);
#8732 = LINE('',#8733,#8734);
#8733 = CARTESIAN_POINT('',(0.42,0.));
#8734 = VECTOR('',#8735,1.);
#8735 = DIRECTION('',(0.,-1.));
#8736 = ( GEOMETRIC_REPRESENTATION_CONTEXT(2) 
PARAMETRIC_REPRESENTATION_CONTEXT() REPRESENTATION_CONTEXT('2D SPACE',''
  ) );
#8737 = PCURVE('',#8738,#8743);
#8738 = PLANE('',#8739);
#8739 = AXIS2_PLACEMENT_3D('',#8740,#8741,#8742);
#8740 = CARTESIAN_POINT('',(0.96,0.3,0.4));
#8741 = DIRECTION('',(-1.,0.,0.));
#8742 = DIRECTION('',(0.,-1.,0.));
#8743 = DEFINITIONAL_REPRESENTATION('',(#8744),#8748);
#8744 = LINE('',#8745,#8746);
#8745 = CARTESIAN_POINT('',(0.,0.));
#8746 = VECTOR('',#8747,1.);
#8747 = DIRECTION('',(0.,-1.));
#8748 = ( GEOMETRIC_REPRESENTATION_CONTEXT(2) 
PARAMETRIC_REPRESENTATION_CONTEXT() REPRESENTATION_CONTEXT('2D SPACE',''
  ) );
#8749 = ORIENTED_EDGE('',*,*,#8750,.F.);
#8750 = EDGE_CURVE('',#8660,#8723,#8751,.T.);
#8751 = SURFACE_CURVE('',#8752,(#8756,#8763),.PCURVE_S1.);
#8752 = LINE('',#8753,#8754);
#8753 = CARTESIAN_POINT('',(0.54,0.3,0.4));
#8754 = VECTOR('',#8755,1.);
#8755 = DIRECTION('',(1.,0.,0.));
#8756 = PCURVE('',#8670,#8757);
#8757 = DEFINITIONAL_REPRESENTATION('',(#8758),#8762);
#8758 = LINE('',#8759,#8760);
#8759 = CARTESIAN_POINT('',(0.,0.));
#8760 = VECTOR('',#8761,1.);
#8761 = DIRECTION('',(1.,0.));
#8762 = ( GEOMETRIC_REPRESENTATION_CONTEXT(2) 
PARAMETRIC_REPRESENTATION_CONTEXT() REPRESENTATION_CONTEXT('2D SPACE',''
  ) );
#8763 = PCURVE('',#8764,#8769);
#8764 = PLANE('',#8765);
#8765 = AXIS2_PLACEMENT_3D('',#8766,#8767,#8768);
#8766 = CARTESIAN_POINT('',(0.54,0.3,0.4));
#8767 = DIRECTION('',(0.,0.,1.));
#8768 = DIRECTION('',(1.,0.,0.));
#8769 = DEFINITIONAL_REPRESENTATION('',(#8770),#8774);
#8770 = LINE('',#8771,#8772);
#8771 = CARTESIAN_POINT('',(0.,0.));
#8772 = VECTOR('',#8773,1.);
#8773 = DIRECTION('',(1.,0.));
#8774 = ( GEOMETRIC_REPRESENTATION_CONTEXT(2) 
PARAMETRIC_REPRESENTATION_CONTEXT() REPRESENTATION_CONTEXT('2D SPACE',''
  ) );
#8775 = ADVANCED_FACE('',(#8776),#8738,.F.);
#8776 = FACE_BOUND('',#8777,.F.);
#8777 = EDGE_LOOP('',(#8778,#8779,#8802,#8830));
#8778 = ORIENTED_EDGE('',*,*,#8722,.T.);
#8779 = ORIENTED_EDGE('',*,*,#8780,.T.);
#8780 = EDGE_CURVE('',#8695,#8781,#8783,.T.);
#8781 = VERTEX_POINT('',#8782);
#8782 = CARTESIAN_POINT('',(0.96,-0.95,0.));
#8783 = SURFACE_CURVE('',#8784,(#8788,#8795),.PCURVE_S1.);
#8784 = LINE('',#8785,#8786);
#8785 = CARTESIAN_POINT('',(0.96,0.3,0.));
#8786 = VECTOR('',#8787,1.);
#8787 = DIRECTION('',(0.,-1.,0.));
#8788 = PCURVE('',#8738,#8789);
#8789 = DEFINITIONAL_REPRESENTATION('',(#8790),#8794);
#8790 = LINE('',#8791,#8792);
#8791 = CARTESIAN_POINT('',(0.,-0.4));
#8792 = VECTOR('',#8793,1.);
#8793 = DIRECTION('',(1.,0.));
#8794 = ( GEOMETRIC_REPRESENTATION_CONTEXT(2) 
PARAMETRIC_REPRESENTATION_CONTEXT() REPRESENTATION_CONTEXT('2D SPACE',''
  ) );
#8795 = PCURVE('',#8710,#8796);
#8796 = DEFINITIONAL_REPRESENTATION('',(#8797),#8801);
#8797 = LINE('',#8798,#8799);
#8798 = CARTESIAN_POINT('',(0.42,0.));
#8799 = VECTOR('',#8800,1.);
#8800 = DIRECTION('',(0.,-1.));
#8801 = ( GEOMETRIC_REPRESENTATION_CONTEXT(2) 
PARAMETRIC_REPRESENTATION_CONTEXT() REPRESENTATION_CONTEXT('2D SPACE',''
  ) );
#8802 = ORIENTED_EDGE('',*,*,#8803,.F.);
#8803 = EDGE_CURVE('',#8804,#8781,#8806,.T.);
#8804 = VERTEX_POINT('',#8805);
#8805 = CARTESIAN_POINT('',(0.96,-0.95,0.4));
#8806 = SURFACE_CURVE('',#8807,(#8811,#8818),.PCURVE_S1.);
#8807 = LINE('',#8808,#8809);
#8808 = CARTESIAN_POINT('',(0.96,-0.95,0.4));
#8809 = VECTOR('',#8810,1.);
#8810 = DIRECTION('',(-0.,-0.,-1.));
#8811 = PCURVE('',#8738,#8812);
#8812 = DEFINITIONAL_REPRESENTATION('',(#8813),#8817);
#8813 = LINE('',#8814,#8815);
#8814 = CARTESIAN_POINT('',(1.25,0.));
#8815 = VECTOR('',#8816,1.);
#8816 = DIRECTION('',(0.,-1.));
#8817 = ( GEOMETRIC_REPRESENTATION_CONTEXT(2) 
PARAMETRIC_REPRESENTATION_CONTEXT() REPRESENTATION_CONTEXT('2D SPACE',''
  ) );
#8818 = PCURVE('',#8819,#8824);
#8819 = PLANE('',#8820);
#8820 = AXIS2_PLACEMENT_3D('',#8821,#8822,#8823);
#8821 = CARTESIAN_POINT('',(0.96,-0.95,0.4));
#8822 = DIRECTION('',(0.,1.,0.));
#8823 = DIRECTION('',(-1.,0.,0.));
#8824 = DEFINITIONAL_REPRESENTATION('',(#8825),#8829);
#8825 = LINE('',#8826,#8827);
#8826 = CARTESIAN_POINT('',(0.,0.));
#8827 = VECTOR('',#8828,1.);
#8828 = DIRECTION('',(0.,-1.));
#8829 = ( GEOMETRIC_REPRESENTATION_CONTEXT(2) 
PARAMETRIC_REPRESENTATION_CONTEXT() REPRESENTATION_CONTEXT('2D SPACE',''
  ) );
#8830 = ORIENTED_EDGE('',*,*,#8831,.F.);
#8831 = EDGE_CURVE('',#8723,#8804,#8832,.T.);
#8832 = SURFACE_CURVE('',#8833,(#8837,#8844),.PCURVE_S1.);
#8833 = LINE('',#8834,#8835);
#8834 = CARTESIAN_POINT('',(0.96,0.3,0.4));
#8835 = VECTOR('',#8836,1.);
#8836 = DIRECTION('',(0.,-1.,0.));
#8837 = PCURVE('',#8738,#8838);
#8838 = DEFINITIONAL_REPRESENTATION('',(#8839),#8843);
#8839 = LINE('',#8840,#8841);
#8840 = CARTESIAN_POINT('',(0.,0.));
#8841 = VECTOR('',#8842,1.);
#8842 = DIRECTION('',(1.,0.));
#8843 = ( GEOMETRIC_REPRESENTATION_CONTEXT(2) 
PARAMETRIC_REPRESENTATION_CONTEXT() REPRESENTATION_CONTEXT('2D SPACE',''
  ) );
#8844 = PCURVE('',#8764,#8845);
#8845 = DEFINITIONAL_REPRESENTATION('',(#8846),#8850);
#8846 = LINE('',#8847,#8848);
#8847 = CARTESIAN_POINT('',(0.42,0.));
#8848 = VECTOR('',#8849,1.);
#8849 = DIRECTION('',(0.,-1.));
#8850 = ( GEOMETRIC_REPRESENTATION_CONTEXT(2) 
PARAMETRIC_REPRESENTATION_CONTEXT() REPRESENTATION_CONTEXT('2D SPACE',''
  ) );
#8851 = ADVANCED_FACE('',(#8852),#8819,.F.);
#8852 = FACE_BOUND('',#8853,.F.);
#8853 = EDGE_LOOP('',(#8854,#8855,#8878,#8901));
#8854 = ORIENTED_EDGE('',*,*,#8803,.T.);
#8855 = ORIENTED_EDGE('',*,*,#8856,.T.);
#8856 = EDGE_CURVE('',#8781,#8857,#8859,.T.);
#8857 = VERTEX_POINT('',#8858);
#8858 = CARTESIAN_POINT('',(0.54,-0.95,0.));
#8859 = SURFACE_CURVE('',#8860,(#8864,#8871),.PCURVE_S1.);
#8860 = LINE('',#8861,#8862);
#8861 = CARTESIAN_POINT('',(0.96,-0.95,0.));
#8862 = VECTOR('',#8863,1.);
#8863 = DIRECTION('',(-1.,0.,0.));
#8864 = PCURVE('',#8819,#8865);
#8865 = DEFINITIONAL_REPRESENTATION('',(#8866),#8870);
#8866 = LINE('',#8867,#8868);
#8867 = CARTESIAN_POINT('',(0.,-0.4));
#8868 = VECTOR('',#8869,1.);
#8869 = DIRECTION('',(1.,0.));
#8870 = ( GEOMETRIC_REPRESENTATION_CONTEXT(2) 
PARAMETRIC_REPRESENTATION_CONTEXT() REPRESENTATION_CONTEXT('2D SPACE',''
  ) );
#8871 = PCURVE('',#8710,#8872);
#8872 = DEFINITIONAL_REPRESENTATION('',(#8873),#8877);
#8873 = LINE('',#8874,#8875);
#8874 = CARTESIAN_POINT('',(0.42,-1.25));
#8875 = VECTOR('',#8876,1.);
#8876 = DIRECTION('',(-1.,0.));
#8877 = ( GEOMETRIC_REPRESENTATION_CONTEXT(2) 
PARAMETRIC_REPRESENTATION_CONTEXT() REPRESENTATION_CONTEXT('2D SPACE',''
  ) );
#8878 = ORIENTED_EDGE('',*,*,#8879,.F.);
#8879 = EDGE_CURVE('',#8880,#8857,#8882,.T.);
#8880 = VERTEX_POINT('',#8881);
#8881 = CARTESIAN_POINT('',(0.54,-0.95,0.4));
#8882 = SURFACE_CURVE('',#8883,(#8887,#8894),.PCURVE_S1.);
#8883 = LINE('',#8884,#8885);
#8884 = CARTESIAN_POINT('',(0.54,-0.95,0.4));
#8885 = VECTOR('',#8886,1.);
#8886 = DIRECTION('',(-0.,-0.,-1.));
#8887 = PCURVE('',#8819,#8888);
#8888 = DEFINITIONAL_REPRESENTATION('',(#8889),#8893);
#8889 = LINE('',#8890,#8891);
#8890 = CARTESIAN_POINT('',(0.42,0.));
#8891 = VECTOR('',#8892,1.);
#8892 = DIRECTION('',(0.,-1.));
#8893 = ( GEOMETRIC_REPRESENTATION_CONTEXT(2) 
PARAMETRIC_REPRESENTATION_CONTEXT() REPRESENTATION_CONTEXT('2D SPACE',''
  ) );
#8894 = PCURVE('',#8682,#8895);
#8895 = DEFINITIONAL_REPRESENTATION('',(#8896),#8900);
#8896 = LINE('',#8897,#8898);
#8897 = CARTESIAN_POINT('',(0.,0.));
#8898 = VECTOR('',#8899,1.);
#8899 = DIRECTION('',(0.,-1.));
#8900 = ( GEOMETRIC_REPRESENTATION_CONTEXT(2) 
PARAMETRIC_REPRESENTATION_CONTEXT() REPRESENTATION_CONTEXT('2D SPACE',''
  ) );
#8901 = ORIENTED_EDGE('',*,*,#8902,.F.);
#8902 = EDGE_CURVE('',#8804,#8880,#8903,.T.);
#8903 = SURFACE_CURVE('',#8904,(#8908,#8915),.PCURVE_S1.);
#8904 = LINE('',#8905,#8906);
#8905 = CARTESIAN_POINT('',(0.96,-0.95,0.4));
#8906 = VECTOR('',#8907,1.);
#8907 = DIRECTION('',(-1.,0.,0.));
#8908 = PCURVE('',#8819,#8909);
#8909 = DEFINITIONAL_REPRESENTATION('',(#8910),#8914);
#8910 = LINE('',#8911,#8912);
#8911 = CARTESIAN_POINT('',(0.,0.));
#8912 = VECTOR('',#8913,1.);
#8913 = DIRECTION('',(1.,0.));
#8914 = ( GEOMETRIC_REPRESENTATION_CONTEXT(2) 
PARAMETRIC_REPRESENTATION_CONTEXT() REPRESENTATION_CONTEXT('2D SPACE',''
  ) );
#8915 = PCURVE('',#8764,#8916);
#8916 = DEFINITIONAL_REPRESENTATION('',(#8917),#8921);
#8917 = LINE('',#8918,#8919);
#8918 = CARTESIAN_POINT('',(0.42,-1.25));
#8919 = VECTOR('',#8920,1.);
#8920 = DIRECTION('',(-1.,0.));
#8921 = ( GEOMETRIC_REPRESENTATION_CONTEXT(2) 
PARAMETRIC_REPRESENTATION_CONTEXT() REPRESENTATION_CONTEXT('2D SPACE',''
  ) );
#8922 = ADVANCED_FACE('',(#8923),#8682,.F.);
#8923 = FACE_BOUND('',#8924,.F.);
#8924 = EDGE_LOOP('',(#8925,#8926,#8947,#8948));
#8925 = ORIENTED_EDGE('',*,*,#8879,.T.);
#8926 = ORIENTED_EDGE('',*,*,#8927,.T.);
#8927 = EDGE_CURVE('',#8857,#8662,#8928,.T.);
#8928 = SURFACE_CURVE('',#8929,(#8933,#8940),.PCURVE_S1.);
#8929 = LINE('',#8930,#8931);
#8930 = CARTESIAN_POINT('',(0.54,-0.95,0.));
#8931 = VECTOR('',#8932,1.);
#8932 = DIRECTION('',(0.,1.,0.));
#8933 = PCURVE('',#8682,#8934);
#8934 = DEFINITIONAL_REPRESENTATION('',(#8935),#8939);
#8935 = LINE('',#8936,#8937);
#8936 = CARTESIAN_POINT('',(0.,-0.4));
#8937 = VECTOR('',#8938,1.);
#8938 = DIRECTION('',(1.,0.));
#8939 = ( GEOMETRIC_REPRESENTATION_CONTEXT(2) 
PARAMETRIC_REPRESENTATION_CONTEXT() REPRESENTATION_CONTEXT('2D SPACE',''
  ) );
#8940 = PCURVE('',#8710,#8941);
#8941 = DEFINITIONAL_REPRESENTATION('',(#8942),#8946);
#8942 = LINE('',#8943,#8944);
#8943 = CARTESIAN_POINT('',(0.,-1.25));
#8944 = VECTOR('',#8945,1.);
#8945 = DIRECTION('',(0.,1.));
#8946 = ( GEOMETRIC_REPRESENTATION_CONTEXT(2) 
PARAMETRIC_REPRESENTATION_CONTEXT() REPRESENTATION_CONTEXT('2D SPACE',''
  ) );
#8947 = ORIENTED_EDGE('',*,*,#8659,.F.);
#8948 = ORIENTED_EDGE('',*,*,#8949,.F.);
#8949 = EDGE_CURVE('',#8880,#8660,#8950,.T.);
#8950 = SURFACE_CURVE('',#8951,(#8955,#8962),.PCURVE_S1.);
#8951 = LINE('',#8952,#8953);
#8952 = CARTESIAN_POINT('',(0.54,-0.95,0.4));
#8953 = VECTOR('',#8954,1.);
#8954 = DIRECTION('',(0.,1.,0.));
#8955 = PCURVE('',#8682,#8956);
#8956 = DEFINITIONAL_REPRESENTATION('',(#8957),#8961);
#8957 = LINE('',#8958,#8959);
#8958 = CARTESIAN_POINT('',(0.,0.));
#8959 = VECTOR('',#8960,1.);
#8960 = DIRECTION('',(1.,0.));
#8961 = ( GEOMETRIC_REPRESENTATION_CONTEXT(2) 
PARAMETRIC_REPRESENTATION_CONTEXT() REPRESENTATION_CONTEXT('2D SPACE',''
  ) );
#8962 = PCURVE('',#8764,#8963);
#8963 = DEFINITIONAL_REPRESENTATION('',(#8964),#8968);
#8964 = LINE('',#8965,#8966);
#8965 = CARTESIAN_POINT('',(0.,-1.25));
#8966 = VECTOR('',#8967,1.);
#8967 = DIRECTION('',(0.,1.));
#8968 = ( GEOMETRIC_REPRESENTATION_CONTEXT(2) 
PARAMETRIC_REPRESENTATION_CONTEXT() REPRESENTATION_CONTEXT('2D SPACE',''
  ) );
#8969 = ADVANCED_FACE('',(#8970),#8764,.T.);
#8970 = FACE_BOUND('',#8971,.F.);
#8971 = EDGE_LOOP('',(#8972,#8973,#8974,#8975));
#8972 = ORIENTED_EDGE('',*,*,#8750,.T.);
#8973 = ORIENTED_EDGE('',*,*,#8831,.T.);
#8974 = ORIENTED_EDGE('',*,*,#8902,.T.);
#8975 = ORIENTED_EDGE('',*,*,#8949,.T.);
#8976 = ADVANCED_FACE('',(#8977),#8710,.F.);
#8977 = FACE_BOUND('',#8978,.T.);
#8978 = EDGE_LOOP('',(#8979,#8980,#8981,#8982));
#8979 = ORIENTED_EDGE('',*,*,#8694,.T.);
#8980 = ORIENTED_EDGE('',*,*,#8780,.T.);
#8981 = ORIENTED_EDGE('',*,*,#8856,.T.);
#8982 = ORIENTED_EDGE('',*,*,#8927,.T.);
#8983 = MANIFOLD_SOLID_BREP('',#8984);
#8984 = CLOSED_SHELL('',(#8985,#9105,#9181,#9252,#9299,#9306));
#8985 = ADVANCED_FACE('',(#8986),#9000,.F.);
#8986 = FACE_BOUND('',#8987,.F.);
#8987 = EDGE_LOOP('',(#8988,#9023,#9051,#9079));
#8988 = ORIENTED_EDGE('',*,*,#8989,.T.);
#8989 = EDGE_CURVE('',#8990,#8992,#8994,.T.);
#8990 = VERTEX_POINT('',#8991);
#8991 = CARTESIAN_POINT('',(3.54,3.45,0.4));
#8992 = VERTEX_POINT('',#8993);
#8993 = CARTESIAN_POINT('',(3.54,3.45,0.));
#8994 = SURFACE_CURVE('',#8995,(#8999,#9011),.PCURVE_S1.);
#8995 = LINE('',#8996,#8997);
#8996 = CARTESIAN_POINT('',(3.54,3.45,0.4));
#8997 = VECTOR('',#8998,1.);
#8998 = DIRECTION('',(-0.,-0.,-1.));
#8999 = PCURVE('',#9000,#9005);
#9000 = PLANE('',#9001);
#9001 = AXIS2_PLACEMENT_3D('',#9002,#9003,#9004);
#9002 = CARTESIAN_POINT('',(3.54,3.45,0.4));
#9003 = DIRECTION('',(0.,-1.,0.));
#9004 = DIRECTION('',(1.,0.,0.));
#9005 = DEFINITIONAL_REPRESENTATION('',(#9006),#9010);
#9006 = LINE('',#9007,#9008);
#9007 = CARTESIAN_POINT('',(0.,0.));
#9008 = VECTOR('',#9009,1.);
#9009 = DIRECTION('',(0.,-1.));
#9010 = ( GEOMETRIC_REPRESENTATION_CONTEXT(2) 
PARAMETRIC_REPRESENTATION_CONTEXT() REPRESENTATION_CONTEXT('2D SPACE',''
  ) );
#9011 = PCURVE('',#9012,#9017);
#9012 = PLANE('',#9013);
#9013 = AXIS2_PLACEMENT_3D('',#9014,#9015,#9016);
#9014 = CARTESIAN_POINT('',(3.54,2.2,0.4));
#9015 = DIRECTION('',(1.,0.,0.));
#9016 = DIRECTION('',(0.,1.,0.));
#9017 = DEFINITIONAL_REPRESENTATION('',(#9018),#9022);
#9018 = LINE('',#9019,#9020);
#9019 = CARTESIAN_POINT('',(1.25,0.));
#9020 = VECTOR('',#9021,1.);
#9021 = DIRECTION('',(0.,-1.));
#9022 = ( GEOMETRIC_REPRESENTATION_CONTEXT(2) 
PARAMETRIC_REPRESENTATION_CONTEXT() REPRESENTATION_CONTEXT('2D SPACE',''
  ) );
#9023 = ORIENTED_EDGE('',*,*,#9024,.T.);
#9024 = EDGE_CURVE('',#8992,#9025,#9027,.T.);
#9025 = VERTEX_POINT('',#9026);
#9026 = CARTESIAN_POINT('',(3.96,3.45,0.));
#9027 = SURFACE_CURVE('',#9028,(#9032,#9039),.PCURVE_S1.);
#9028 = LINE('',#9029,#9030);
#9029 = CARTESIAN_POINT('',(3.54,3.45,0.));
#9030 = VECTOR('',#9031,1.);
#9031 = DIRECTION('',(1.,0.,0.));
#9032 = PCURVE('',#9000,#9033);
#9033 = DEFINITIONAL_REPRESENTATION('',(#9034),#9038);
#9034 = LINE('',#9035,#9036);
#9035 = CARTESIAN_POINT('',(0.,-0.4));
#9036 = VECTOR('',#9037,1.);
#9037 = DIRECTION('',(1.,0.));
#9038 = ( GEOMETRIC_REPRESENTATION_CONTEXT(2) 
PARAMETRIC_REPRESENTATION_CONTEXT() REPRESENTATION_CONTEXT('2D SPACE',''
  ) );
#9039 = PCURVE('',#9040,#9045);
#9040 = PLANE('',#9041);
#9041 = AXIS2_PLACEMENT_3D('',#9042,#9043,#9044);
#9042 = CARTESIAN_POINT('',(3.54,3.45,0.));
#9043 = DIRECTION('',(0.,0.,1.));
#9044 = DIRECTION('',(1.,0.,0.));
#9045 = DEFINITIONAL_REPRESENTATION('',(#9046),#9050);
#9046 = LINE('',#9047,#9048);
#9047 = CARTESIAN_POINT('',(0.,0.));
#9048 = VECTOR('',#9049,1.);
#9049 = DIRECTION('',(1.,0.));
#9050 = ( GEOMETRIC_REPRESENTATION_CONTEXT(2) 
PARAMETRIC_REPRESENTATION_CONTEXT() REPRESENTATION_CONTEXT('2D SPACE',''
  ) );
#9051 = ORIENTED_EDGE('',*,*,#9052,.F.);
#9052 = EDGE_CURVE('',#9053,#9025,#9055,.T.);
#9053 = VERTEX_POINT('',#9054);
#9054 = CARTESIAN_POINT('',(3.96,3.45,0.4));
#9055 = SURFACE_CURVE('',#9056,(#9060,#9067),.PCURVE_S1.);
#9056 = LINE('',#9057,#9058);
#9057 = CARTESIAN_POINT('',(3.96,3.45,0.4));
#9058 = VECTOR('',#9059,1.);
#9059 = DIRECTION('',(-0.,-0.,-1.));
#9060 = PCURVE('',#9000,#9061);
#9061 = DEFINITIONAL_REPRESENTATION('',(#9062),#9066);
#9062 = LINE('',#9063,#9064);
#9063 = CARTESIAN_POINT('',(0.42,0.));
#9064 = VECTOR('',#9065,1.);
#9065 = DIRECTION('',(0.,-1.));
#9066 = ( GEOMETRIC_REPRESENTATION_CONTEXT(2) 
PARAMETRIC_REPRESENTATION_CONTEXT() REPRESENTATION_CONTEXT('2D SPACE',''
  ) );
#9067 = PCURVE('',#9068,#9073);
#9068 = PLANE('',#9069);
#9069 = AXIS2_PLACEMENT_3D('',#9070,#9071,#9072);
#9070 = CARTESIAN_POINT('',(3.96,3.45,0.4));
#9071 = DIRECTION('',(-1.,0.,0.));
#9072 = DIRECTION('',(0.,-1.,0.));
#9073 = DEFINITIONAL_REPRESENTATION('',(#9074),#9078);
#9074 = LINE('',#9075,#9076);
#9075 = CARTESIAN_POINT('',(0.,0.));
#9076 = VECTOR('',#9077,1.);
#9077 = DIRECTION('',(0.,-1.));
#9078 = ( GEOMETRIC_REPRESENTATION_CONTEXT(2) 
PARAMETRIC_REPRESENTATION_CONTEXT() REPRESENTATION_CONTEXT('2D SPACE',''
  ) );
#9079 = ORIENTED_EDGE('',*,*,#9080,.F.);
#9080 = EDGE_CURVE('',#8990,#9053,#9081,.T.);
#9081 = SURFACE_CURVE('',#9082,(#9086,#9093),.PCURVE_S1.);
#9082 = LINE('',#9083,#9084);
#9083 = CARTESIAN_POINT('',(3.54,3.45,0.4));
#9084 = VECTOR('',#9085,1.);
#9085 = DIRECTION('',(1.,0.,0.));
#9086 = PCURVE('',#9000,#9087);
#9087 = DEFINITIONAL_REPRESENTATION('',(#9088),#9092);
#9088 = LINE('',#9089,#9090);
#9089 = CARTESIAN_POINT('',(0.,0.));
#9090 = VECTOR('',#9091,1.);
#9091 = DIRECTION('',(1.,0.));
#9092 = ( GEOMETRIC_REPRESENTATION_CONTEXT(2) 
PARAMETRIC_REPRESENTATION_CONTEXT() REPRESENTATION_CONTEXT('2D SPACE',''
  ) );
#9093 = PCURVE('',#9094,#9099);
#9094 = PLANE('',#9095);
#9095 = AXIS2_PLACEMENT_3D('',#9096,#9097,#9098);
#9096 = CARTESIAN_POINT('',(3.54,3.45,0.4));
#9097 = DIRECTION('',(0.,0.,1.));
#9098 = DIRECTION('',(1.,0.,0.));
#9099 = DEFINITIONAL_REPRESENTATION('',(#9100),#9104);
#9100 = LINE('',#9101,#9102);
#9101 = CARTESIAN_POINT('',(0.,0.));
#9102 = VECTOR('',#9103,1.);
#9103 = DIRECTION('',(1.,0.));
#9104 = ( GEOMETRIC_REPRESENTATION_CONTEXT(2) 
PARAMETRIC_REPRESENTATION_CONTEXT() REPRESENTATION_CONTEXT('2D SPACE',''
  ) );
#9105 = ADVANCED_FACE('',(#9106),#9068,.F.);
#9106 = FACE_BOUND('',#9107,.F.);
#9107 = EDGE_LOOP('',(#9108,#9109,#9132,#9160));
#9108 = ORIENTED_EDGE('',*,*,#9052,.T.);
#9109 = ORIENTED_EDGE('',*,*,#9110,.T.);
#9110 = EDGE_CURVE('',#9025,#9111,#9113,.T.);
#9111 = VERTEX_POINT('',#9112);
#9112 = CARTESIAN_POINT('',(3.96,2.2,0.));
#9113 = SURFACE_CURVE('',#9114,(#9118,#9125),.PCURVE_S1.);
#9114 = LINE('',#9115,#9116);
#9115 = CARTESIAN_POINT('',(3.96,3.45,0.));
#9116 = VECTOR('',#9117,1.);
#9117 = DIRECTION('',(0.,-1.,0.));
#9118 = PCURVE('',#9068,#9119);
#9119 = DEFINITIONAL_REPRESENTATION('',(#9120),#9124);
#9120 = LINE('',#9121,#9122);
#9121 = CARTESIAN_POINT('',(0.,-0.4));
#9122 = VECTOR('',#9123,1.);
#9123 = DIRECTION('',(1.,0.));
#9124 = ( GEOMETRIC_REPRESENTATION_CONTEXT(2) 
PARAMETRIC_REPRESENTATION_CONTEXT() REPRESENTATION_CONTEXT('2D SPACE',''
  ) );
#9125 = PCURVE('',#9040,#9126);
#9126 = DEFINITIONAL_REPRESENTATION('',(#9127),#9131);
#9127 = LINE('',#9128,#9129);
#9128 = CARTESIAN_POINT('',(0.42,0.));
#9129 = VECTOR('',#9130,1.);
#9130 = DIRECTION('',(0.,-1.));
#9131 = ( GEOMETRIC_REPRESENTATION_CONTEXT(2) 
PARAMETRIC_REPRESENTATION_CONTEXT() REPRESENTATION_CONTEXT('2D SPACE',''
  ) );
#9132 = ORIENTED_EDGE('',*,*,#9133,.F.);
#9133 = EDGE_CURVE('',#9134,#9111,#9136,.T.);
#9134 = VERTEX_POINT('',#9135);
#9135 = CARTESIAN_POINT('',(3.96,2.2,0.4));
#9136 = SURFACE_CURVE('',#9137,(#9141,#9148),.PCURVE_S1.);
#9137 = LINE('',#9138,#9139);
#9138 = CARTESIAN_POINT('',(3.96,2.2,0.4));
#9139 = VECTOR('',#9140,1.);
#9140 = DIRECTION('',(-0.,-0.,-1.));
#9141 = PCURVE('',#9068,#9142);
#9142 = DEFINITIONAL_REPRESENTATION('',(#9143),#9147);
#9143 = LINE('',#9144,#9145);
#9144 = CARTESIAN_POINT('',(1.25,0.));
#9145 = VECTOR('',#9146,1.);
#9146 = DIRECTION('',(0.,-1.));
#9147 = ( GEOMETRIC_REPRESENTATION_CONTEXT(2) 
PARAMETRIC_REPRESENTATION_CONTEXT() REPRESENTATION_CONTEXT('2D SPACE',''
  ) );
#9148 = PCURVE('',#9149,#9154);
#9149 = PLANE('',#9150);
#9150 = AXIS2_PLACEMENT_3D('',#9151,#9152,#9153);
#9151 = CARTESIAN_POINT('',(3.96,2.2,0.4));
#9152 = DIRECTION('',(0.,1.,0.));
#9153 = DIRECTION('',(-1.,0.,0.));
#9154 = DEFINITIONAL_REPRESENTATION('',(#9155),#9159);
#9155 = LINE('',#9156,#9157);
#9156 = CARTESIAN_POINT('',(0.,0.));
#9157 = VECTOR('',#9158,1.);
#9158 = DIRECTION('',(0.,-1.));
#9159 = ( GEOMETRIC_REPRESENTATION_CONTEXT(2) 
PARAMETRIC_REPRESENTATION_CONTEXT() REPRESENTATION_CONTEXT('2D SPACE',''
  ) );
#9160 = ORIENTED_EDGE('',*,*,#9161,.F.);
#9161 = EDGE_CURVE('',#9053,#9134,#9162,.T.);
#9162 = SURFACE_CURVE('',#9163,(#9167,#9174),.PCURVE_S1.);
#9163 = LINE('',#9164,#9165);
#9164 = CARTESIAN_POINT('',(3.96,3.45,0.4));
#9165 = VECTOR('',#9166,1.);
#9166 = DIRECTION('',(0.,-1.,0.));
#9167 = PCURVE('',#9068,#9168);
#9168 = DEFINITIONAL_REPRESENTATION('',(#9169),#9173);
#9169 = LINE('',#9170,#9171);
#9170 = CARTESIAN_POINT('',(0.,0.));
#9171 = VECTOR('',#9172,1.);
#9172 = DIRECTION('',(1.,0.));
#9173 = ( GEOMETRIC_REPRESENTATION_CONTEXT(2) 
PARAMETRIC_REPRESENTATION_CONTEXT() REPRESENTATION_CONTEXT('2D SPACE',''
  ) );
#9174 = PCURVE('',#9094,#9175);
#9175 = DEFINITIONAL_REPRESENTATION('',(#9176),#9180);
#9176 = LINE('',#9177,#9178);
#9177 = CARTESIAN_POINT('',(0.42,0.));
#9178 = VECTOR('',#9179,1.);
#9179 = DIRECTION('',(0.,-1.));
#9180 = ( GEOMETRIC_REPRESENTATION_CONTEXT(2) 
PARAMETRIC_REPRESENTATION_CONTEXT() REPRESENTATION_CONTEXT('2D SPACE',''
  ) );
#9181 = ADVANCED_FACE('',(#9182),#9149,.F.);
#9182 = FACE_BOUND('',#9183,.F.);
#9183 = EDGE_LOOP('',(#9184,#9185,#9208,#9231));
#9184 = ORIENTED_EDGE('',*,*,#9133,.T.);
#9185 = ORIENTED_EDGE('',*,*,#9186,.T.);
#9186 = EDGE_CURVE('',#9111,#9187,#9189,.T.);
#9187 = VERTEX_POINT('',#9188);
#9188 = CARTESIAN_POINT('',(3.54,2.2,0.));
#9189 = SURFACE_CURVE('',#9190,(#9194,#9201),.PCURVE_S1.);
#9190 = LINE('',#9191,#9192);
#9191 = CARTESIAN_POINT('',(3.96,2.2,0.));
#9192 = VECTOR('',#9193,1.);
#9193 = DIRECTION('',(-1.,0.,0.));
#9194 = PCURVE('',#9149,#9195);
#9195 = DEFINITIONAL_REPRESENTATION('',(#9196),#9200);
#9196 = LINE('',#9197,#9198);
#9197 = CARTESIAN_POINT('',(0.,-0.4));
#9198 = VECTOR('',#9199,1.);
#9199 = DIRECTION('',(1.,0.));
#9200 = ( GEOMETRIC_REPRESENTATION_CONTEXT(2) 
PARAMETRIC_REPRESENTATION_CONTEXT() REPRESENTATION_CONTEXT('2D SPACE',''
  ) );
#9201 = PCURVE('',#9040,#9202);
#9202 = DEFINITIONAL_REPRESENTATION('',(#9203),#9207);
#9203 = LINE('',#9204,#9205);
#9204 = CARTESIAN_POINT('',(0.42,-1.25));
#9205 = VECTOR('',#9206,1.);
#9206 = DIRECTION('',(-1.,0.));
#9207 = ( GEOMETRIC_REPRESENTATION_CONTEXT(2) 
PARAMETRIC_REPRESENTATION_CONTEXT() REPRESENTATION_CONTEXT('2D SPACE',''
  ) );
#9208 = ORIENTED_EDGE('',*,*,#9209,.F.);
#9209 = EDGE_CURVE('',#9210,#9187,#9212,.T.);
#9210 = VERTEX_POINT('',#9211);
#9211 = CARTESIAN_POINT('',(3.54,2.2,0.4));
#9212 = SURFACE_CURVE('',#9213,(#9217,#9224),.PCURVE_S1.);
#9213 = LINE('',#9214,#9215);
#9214 = CARTESIAN_POINT('',(3.54,2.2,0.4));
#9215 = VECTOR('',#9216,1.);
#9216 = DIRECTION('',(-0.,-0.,-1.));
#9217 = PCURVE('',#9149,#9218);
#9218 = DEFINITIONAL_REPRESENTATION('',(#9219),#9223);
#9219 = LINE('',#9220,#9221);
#9220 = CARTESIAN_POINT('',(0.42,0.));
#9221 = VECTOR('',#9222,1.);
#9222 = DIRECTION('',(0.,-1.));
#9223 = ( GEOMETRIC_REPRESENTATION_CONTEXT(2) 
PARAMETRIC_REPRESENTATION_CONTEXT() REPRESENTATION_CONTEXT('2D SPACE',''
  ) );
#9224 = PCURVE('',#9012,#9225);
#9225 = DEFINITIONAL_REPRESENTATION('',(#9226),#9230);
#9226 = LINE('',#9227,#9228);
#9227 = CARTESIAN_POINT('',(0.,0.));
#9228 = VECTOR('',#9229,1.);
#9229 = DIRECTION('',(0.,-1.));
#9230 = ( GEOMETRIC_REPRESENTATION_CONTEXT(2) 
PARAMETRIC_REPRESENTATION_CONTEXT() REPRESENTATION_CONTEXT('2D SPACE',''
  ) );
#9231 = ORIENTED_EDGE('',*,*,#9232,.F.);
#9232 = EDGE_CURVE('',#9134,#9210,#9233,.T.);
#9233 = SURFACE_CURVE('',#9234,(#9238,#9245),.PCURVE_S1.);
#9234 = LINE('',#9235,#9236);
#9235 = CARTESIAN_POINT('',(3.96,2.2,0.4));
#9236 = VECTOR('',#9237,1.);
#9237 = DIRECTION('',(-1.,0.,0.));
#9238 = PCURVE('',#9149,#9239);
#9239 = DEFINITIONAL_REPRESENTATION('',(#9240),#9244);
#9240 = LINE('',#9241,#9242);
#9241 = CARTESIAN_POINT('',(0.,0.));
#9242 = VECTOR('',#9243,1.);
#9243 = DIRECTION('',(1.,0.));
#9244 = ( GEOMETRIC_REPRESENTATION_CONTEXT(2) 
PARAMETRIC_REPRESENTATION_CONTEXT() REPRESENTATION_CONTEXT('2D SPACE',''
  ) );
#9245 = PCURVE('',#9094,#9246);
#9246 = DEFINITIONAL_REPRESENTATION('',(#9247),#9251);
#9247 = LINE('',#9248,#9249);
#9248 = CARTESIAN_POINT('',(0.42,-1.25));
#9249 = VECTOR('',#9250,1.);
#9250 = DIRECTION('',(-1.,0.));
#9251 = ( GEOMETRIC_REPRESENTATION_CONTEXT(2) 
PARAMETRIC_REPRESENTATION_CONTEXT() REPRESENTATION_CONTEXT('2D SPACE',''
  ) );
#9252 = ADVANCED_FACE('',(#9253),#9012,.F.);
#9253 = FACE_BOUND('',#9254,.F.);
#9254 = EDGE_LOOP('',(#9255,#9256,#9277,#9278));
#9255 = ORIENTED_EDGE('',*,*,#9209,.T.);
#9256 = ORIENTED_EDGE('',*,*,#9257,.T.);
#9257 = EDGE_CURVE('',#9187,#8992,#9258,.T.);
#9258 = SURFACE_CURVE('',#9259,(#9263,#9270),.PCURVE_S1.);
#9259 = LINE('',#9260,#9261);
#9260 = CARTESIAN_POINT('',(3.54,2.2,0.));
#9261 = VECTOR('',#9262,1.);
#9262 = DIRECTION('',(0.,1.,0.));
#9263 = PCURVE('',#9012,#9264);
#9264 = DEFINITIONAL_REPRESENTATION('',(#9265),#9269);
#9265 = LINE('',#9266,#9267);
#9266 = CARTESIAN_POINT('',(0.,-0.4));
#9267 = VECTOR('',#9268,1.);
#9268 = DIRECTION('',(1.,0.));
#9269 = ( GEOMETRIC_REPRESENTATION_CONTEXT(2) 
PARAMETRIC_REPRESENTATION_CONTEXT() REPRESENTATION_CONTEXT('2D SPACE',''
  ) );
#9270 = PCURVE('',#9040,#9271);
#9271 = DEFINITIONAL_REPRESENTATION('',(#9272),#9276);
#9272 = LINE('',#9273,#9274);
#9273 = CARTESIAN_POINT('',(0.,-1.25));
#9274 = VECTOR('',#9275,1.);
#9275 = DIRECTION('',(0.,1.));
#9276 = ( GEOMETRIC_REPRESENTATION_CONTEXT(2) 
PARAMETRIC_REPRESENTATION_CONTEXT() REPRESENTATION_CONTEXT('2D SPACE',''
  ) );
#9277 = ORIENTED_EDGE('',*,*,#8989,.F.);
#9278 = ORIENTED_EDGE('',*,*,#9279,.F.);
#9279 = EDGE_CURVE('',#9210,#8990,#9280,.T.);
#9280 = SURFACE_CURVE('',#9281,(#9285,#9292),.PCURVE_S1.);
#9281 = LINE('',#9282,#9283);
#9282 = CARTESIAN_POINT('',(3.54,2.2,0.4));
#9283 = VECTOR('',#9284,1.);
#9284 = DIRECTION('',(0.,1.,0.));
#9285 = PCURVE('',#9012,#9286);
#9286 = DEFINITIONAL_REPRESENTATION('',(#9287),#9291);
#9287 = LINE('',#9288,#9289);
#9288 = CARTESIAN_POINT('',(0.,0.));
#9289 = VECTOR('',#9290,1.);
#9290 = DIRECTION('',(1.,0.));
#9291 = ( GEOMETRIC_REPRESENTATION_CONTEXT(2) 
PARAMETRIC_REPRESENTATION_CONTEXT() REPRESENTATION_CONTEXT('2D SPACE',''
  ) );
#9292 = PCURVE('',#9094,#9293);
#9293 = DEFINITIONAL_REPRESENTATION('',(#9294),#9298);
#9294 = LINE('',#9295,#9296);
#9295 = CARTESIAN_POINT('',(0.,-1.25));
#9296 = VECTOR('',#9297,1.);
#9297 = DIRECTION('',(0.,1.));
#9298 = ( GEOMETRIC_REPRESENTATION_CONTEXT(2) 
PARAMETRIC_REPRESENTATION_CONTEXT() REPRESENTATION_CONTEXT('2D SPACE',''
  ) );
#9299 = ADVANCED_FACE('',(#9300),#9094,.T.);
#9300 = FACE_BOUND('',#9301,.F.);
#9301 = EDGE_LOOP('',(#9302,#9303,#9304,#9305));
#9302 = ORIENTED_EDGE('',*,*,#9080,.T.);
#9303 = ORIENTED_EDGE('',*,*,#9161,.T.);
#9304 = ORIENTED_EDGE('',*,*,#9232,.T.);
#9305 = ORIENTED_EDGE('',*,*,#9279,.T.);
#9306 = ADVANCED_FACE('',(#9307),#9040,.F.);
#9307 = FACE_BOUND('',#9308,.T.);
#9308 = EDGE_LOOP('',(#9309,#9310,#9311,#9312));
#9309 = ORIENTED_EDGE('',*,*,#9024,.T.);
#9310 = ORIENTED_EDGE('',*,*,#9110,.T.);
#9311 = ORIENTED_EDGE('',*,*,#9186,.T.);
#9312 = ORIENTED_EDGE('',*,*,#9257,.T.);
#9313 = MANIFOLD_SOLID_BREP('',#9314);
#9314 = CLOSED_SHELL('',(#9315,#9435,#9511,#9582,#9629,#9636));
#9315 = ADVANCED_FACE('',(#9316),#9330,.F.);
#9316 = FACE_BOUND('',#9317,.F.);
#9317 = EDGE_LOOP('',(#9318,#9353,#9381,#9409));
#9318 = ORIENTED_EDGE('',*,*,#9319,.T.);
#9319 = EDGE_CURVE('',#9320,#9322,#9324,.T.);
#9320 = VERTEX_POINT('',#9321);
#9321 = CARTESIAN_POINT('',(3.54,0.3,0.4));
#9322 = VERTEX_POINT('',#9323);
#9323 = CARTESIAN_POINT('',(3.54,0.3,0.));
#9324 = SURFACE_CURVE('',#9325,(#9329,#9341),.PCURVE_S1.);
#9325 = LINE('',#9326,#9327);
#9326 = CARTESIAN_POINT('',(3.54,0.3,0.4));
#9327 = VECTOR('',#9328,1.);
#9328 = DIRECTION('',(-0.,-0.,-1.));
#9329 = PCURVE('',#9330,#9335);
#9330 = PLANE('',#9331);
#9331 = AXIS2_PLACEMENT_3D('',#9332,#9333,#9334);
#9332 = CARTESIAN_POINT('',(3.54,0.3,0.4));
#9333 = DIRECTION('',(0.,-1.,0.));
#9334 = DIRECTION('',(1.,0.,0.));
#9335 = DEFINITIONAL_REPRESENTATION('',(#9336),#9340);
#9336 = LINE('',#9337,#9338);
#9337 = CARTESIAN_POINT('',(0.,0.));
#9338 = VECTOR('',#9339,1.);
#9339 = DIRECTION('',(0.,-1.));
#9340 = ( GEOMETRIC_REPRESENTATION_CONTEXT(2) 
PARAMETRIC_REPRESENTATION_CONTEXT() REPRESENTATION_CONTEXT('2D SPACE',''
  ) );
#9341 = PCURVE('',#9342,#9347);
#9342 = PLANE('',#9343);
#9343 = AXIS2_PLACEMENT_3D('',#9344,#9345,#9346);
#9344 = CARTESIAN_POINT('',(3.54,-0.95,0.4));
#9345 = DIRECTION('',(1.,0.,0.));
#9346 = DIRECTION('',(0.,1.,0.));
#9347 = DEFINITIONAL_REPRESENTATION('',(#9348),#9352);
#9348 = LINE('',#9349,#9350);
#9349 = CARTESIAN_POINT('',(1.25,0.));
#9350 = VECTOR('',#9351,1.);
#9351 = DIRECTION('',(0.,-1.));
#9352 = ( GEOMETRIC_REPRESENTATION_CONTEXT(2) 
PARAMETRIC_REPRESENTATION_CONTEXT() REPRESENTATION_CONTEXT('2D SPACE',''
  ) );
#9353 = ORIENTED_EDGE('',*,*,#9354,.T.);
#9354 = EDGE_CURVE('',#9322,#9355,#9357,.T.);
#9355 = VERTEX_POINT('',#9356);
#9356 = CARTESIAN_POINT('',(3.96,0.3,0.));
#9357 = SURFACE_CURVE('',#9358,(#9362,#9369),.PCURVE_S1.);
#9358 = LINE('',#9359,#9360);
#9359 = CARTESIAN_POINT('',(3.54,0.3,0.));
#9360 = VECTOR('',#9361,1.);
#9361 = DIRECTION('',(1.,0.,0.));
#9362 = PCURVE('',#9330,#9363);
#9363 = DEFINITIONAL_REPRESENTATION('',(#9364),#9368);
#9364 = LINE('',#9365,#9366);
#9365 = CARTESIAN_POINT('',(0.,-0.4));
#9366 = VECTOR('',#9367,1.);
#9367 = DIRECTION('',(1.,0.));
#9368 = ( GEOMETRIC_REPRESENTATION_CONTEXT(2) 
PARAMETRIC_REPRESENTATION_CONTEXT() REPRESENTATION_CONTEXT('2D SPACE',''
  ) );
#9369 = PCURVE('',#9370,#9375);
#9370 = PLANE('',#9371);
#9371 = AXIS2_PLACEMENT_3D('',#9372,#9373,#9374);
#9372 = CARTESIAN_POINT('',(3.54,0.3,0.));
#9373 = DIRECTION('',(0.,0.,1.));
#9374 = DIRECTION('',(1.,0.,0.));
#9375 = DEFINITIONAL_REPRESENTATION('',(#9376),#9380);
#9376 = LINE('',#9377,#9378);
#9377 = CARTESIAN_POINT('',(0.,0.));
#9378 = VECTOR('',#9379,1.);
#9379 = DIRECTION('',(1.,0.));
#9380 = ( GEOMETRIC_REPRESENTATION_CONTEXT(2) 
PARAMETRIC_REPRESENTATION_CONTEXT() REPRESENTATION_CONTEXT('2D SPACE',''
  ) );
#9381 = ORIENTED_EDGE('',*,*,#9382,.F.);
#9382 = EDGE_CURVE('',#9383,#9355,#9385,.T.);
#9383 = VERTEX_POINT('',#9384);
#9384 = CARTESIAN_POINT('',(3.96,0.3,0.4));
#9385 = SURFACE_CURVE('',#9386,(#9390,#9397),.PCURVE_S1.);
#9386 = LINE('',#9387,#9388);
#9387 = CARTESIAN_POINT('',(3.96,0.3,0.4));
#9388 = VECTOR('',#9389,1.);
#9389 = DIRECTION('',(-0.,-0.,-1.));
#9390 = PCURVE('',#9330,#9391);
#9391 = DEFINITIONAL_REPRESENTATION('',(#9392),#9396);
#9392 = LINE('',#9393,#9394);
#9393 = CARTESIAN_POINT('',(0.42,0.));
#9394 = VECTOR('',#9395,1.);
#9395 = DIRECTION('',(0.,-1.));
#9396 = ( GEOMETRIC_REPRESENTATION_CONTEXT(2) 
PARAMETRIC_REPRESENTATION_CONTEXT() REPRESENTATION_CONTEXT('2D SPACE',''
  ) );
#9397 = PCURVE('',#9398,#9403);
#9398 = PLANE('',#9399);
#9399 = AXIS2_PLACEMENT_3D('',#9400,#9401,#9402);
#9400 = CARTESIAN_POINT('',(3.96,0.3,0.4));
#9401 = DIRECTION('',(-1.,0.,0.));
#9402 = DIRECTION('',(0.,-1.,0.));
#9403 = DEFINITIONAL_REPRESENTATION('',(#9404),#9408);
#9404 = LINE('',#9405,#9406);
#9405 = CARTESIAN_POINT('',(0.,0.));
#9406 = VECTOR('',#9407,1.);
#9407 = DIRECTION('',(0.,-1.));
#9408 = ( GEOMETRIC_REPRESENTATION_CONTEXT(2) 
PARAMETRIC_REPRESENTATION_CONTEXT() REPRESENTATION_CONTEXT('2D SPACE',''
  ) );
#9409 = ORIENTED_EDGE('',*,*,#9410,.F.);
#9410 = EDGE_CURVE('',#9320,#9383,#9411,.T.);
#9411 = SURFACE_CURVE('',#9412,(#9416,#9423),.PCURVE_S1.);
#9412 = LINE('',#9413,#9414);
#9413 = CARTESIAN_POINT('',(3.54,0.3,0.4));
#9414 = VECTOR('',#9415,1.);
#9415 = DIRECTION('',(1.,0.,0.));
#9416 = PCURVE('',#9330,#9417);
#9417 = DEFINITIONAL_REPRESENTATION('',(#9418),#9422);
#9418 = LINE('',#9419,#9420);
#9419 = CARTESIAN_POINT('',(0.,0.));
#9420 = VECTOR('',#9421,1.);
#9421 = DIRECTION('',(1.,0.));
#9422 = ( GEOMETRIC_REPRESENTATION_CONTEXT(2) 
PARAMETRIC_REPRESENTATION_CONTEXT() REPRESENTATION_CONTEXT('2D SPACE',''
  ) );
#9423 = PCURVE('',#9424,#9429);
#9424 = PLANE('',#9425);
#9425 = AXIS2_PLACEMENT_3D('',#9426,#9427,#9428);
#9426 = CARTESIAN_POINT('',(3.54,0.3,0.4));
#9427 = DIRECTION('',(0.,0.,1.));
#9428 = DIRECTION('',(1.,0.,0.));
#9429 = DEFINITIONAL_REPRESENTATION('',(#9430),#9434);
#9430 = LINE('',#9431,#9432);
#9431 = CARTESIAN_POINT('',(0.,0.));
#9432 = VECTOR('',#9433,1.);
#9433 = DIRECTION('',(1.,0.));
#9434 = ( GEOMETRIC_REPRESENTATION_CONTEXT(2) 
PARAMETRIC_REPRESENTATION_CONTEXT() REPRESENTATION_CONTEXT('2D SPACE',''
  ) );
#9435 = ADVANCED_FACE('',(#9436),#9398,.F.);
#9436 = FACE_BOUND('',#9437,.F.);
#9437 = EDGE_LOOP('',(#9438,#9439,#9462,#9490));
#9438 = ORIENTED_EDGE('',*,*,#9382,.T.);
#9439 = ORIENTED_EDGE('',*,*,#9440,.T.);
#9440 = EDGE_CURVE('',#9355,#9441,#9443,.T.);
#9441 = VERTEX_POINT('',#9442);
#9442 = CARTESIAN_POINT('',(3.96,-0.95,0.));
#9443 = SURFACE_CURVE('',#9444,(#9448,#9455),.PCURVE_S1.);
#9444 = LINE('',#9445,#9446);
#9445 = CARTESIAN_POINT('',(3.96,0.3,0.));
#9446 = VECTOR('',#9447,1.);
#9447 = DIRECTION('',(0.,-1.,0.));
#9448 = PCURVE('',#9398,#9449);
#9449 = DEFINITIONAL_REPRESENTATION('',(#9450),#9454);
#9450 = LINE('',#9451,#9452);
#9451 = CARTESIAN_POINT('',(0.,-0.4));
#9452 = VECTOR('',#9453,1.);
#9453 = DIRECTION('',(1.,0.));
#9454 = ( GEOMETRIC_REPRESENTATION_CONTEXT(2) 
PARAMETRIC_REPRESENTATION_CONTEXT() REPRESENTATION_CONTEXT('2D SPACE',''
  ) );
#9455 = PCURVE('',#9370,#9456);
#9456 = DEFINITIONAL_REPRESENTATION('',(#9457),#9461);
#9457 = LINE('',#9458,#9459);
#9458 = CARTESIAN_POINT('',(0.42,0.));
#9459 = VECTOR('',#9460,1.);
#9460 = DIRECTION('',(0.,-1.));
#9461 = ( GEOMETRIC_REPRESENTATION_CONTEXT(2) 
PARAMETRIC_REPRESENTATION_CONTEXT() REPRESENTATION_CONTEXT('2D SPACE',''
  ) );
#9462 = ORIENTED_EDGE('',*,*,#9463,.F.);
#9463 = EDGE_CURVE('',#9464,#9441,#9466,.T.);
#9464 = VERTEX_POINT('',#9465);
#9465 = CARTESIAN_POINT('',(3.96,-0.95,0.4));
#9466 = SURFACE_CURVE('',#9467,(#9471,#9478),.PCURVE_S1.);
#9467 = LINE('',#9468,#9469);
#9468 = CARTESIAN_POINT('',(3.96,-0.95,0.4));
#9469 = VECTOR('',#9470,1.);
#9470 = DIRECTION('',(-0.,-0.,-1.));
#9471 = PCURVE('',#9398,#9472);
#9472 = DEFINITIONAL_REPRESENTATION('',(#9473),#9477);
#9473 = LINE('',#9474,#9475);
#9474 = CARTESIAN_POINT('',(1.25,0.));
#9475 = VECTOR('',#9476,1.);
#9476 = DIRECTION('',(0.,-1.));
#9477 = ( GEOMETRIC_REPRESENTATION_CONTEXT(2) 
PARAMETRIC_REPRESENTATION_CONTEXT() REPRESENTATION_CONTEXT('2D SPACE',''
  ) );
#9478 = PCURVE('',#9479,#9484);
#9479 = PLANE('',#9480);
#9480 = AXIS2_PLACEMENT_3D('',#9481,#9482,#9483);
#9481 = CARTESIAN_POINT('',(3.96,-0.95,0.4));
#9482 = DIRECTION('',(0.,1.,0.));
#9483 = DIRECTION('',(-1.,0.,0.));
#9484 = DEFINITIONAL_REPRESENTATION('',(#9485),#9489);
#9485 = LINE('',#9486,#9487);
#9486 = CARTESIAN_POINT('',(0.,0.));
#9487 = VECTOR('',#9488,1.);
#9488 = DIRECTION('',(0.,-1.));
#9489 = ( GEOMETRIC_REPRESENTATION_CONTEXT(2) 
PARAMETRIC_REPRESENTATION_CONTEXT() REPRESENTATION_CONTEXT('2D SPACE',''
  ) );
#9490 = ORIENTED_EDGE('',*,*,#9491,.F.);
#9491 = EDGE_CURVE('',#9383,#9464,#9492,.T.);
#9492 = SURFACE_CURVE('',#9493,(#9497,#9504),.PCURVE_S1.);
#9493 = LINE('',#9494,#9495);
#9494 = CARTESIAN_POINT('',(3.96,0.3,0.4));
#9495 = VECTOR('',#9496,1.);
#9496 = DIRECTION('',(0.,-1.,0.));
#9497 = PCURVE('',#9398,#9498);
#9498 = DEFINITIONAL_REPRESENTATION('',(#9499),#9503);
#9499 = LINE('',#9500,#9501);
#9500 = CARTESIAN_POINT('',(0.,0.));
#9501 = VECTOR('',#9502,1.);
#9502 = DIRECTION('',(1.,0.));
#9503 = ( GEOMETRIC_REPRESENTATION_CONTEXT(2) 
PARAMETRIC_REPRESENTATION_CONTEXT() REPRESENTATION_CONTEXT('2D SPACE',''
  ) );
#9504 = PCURVE('',#9424,#9505);
#9505 = DEFINITIONAL_REPRESENTATION('',(#9506),#9510);
#9506 = LINE('',#9507,#9508);
#9507 = CARTESIAN_POINT('',(0.42,0.));
#9508 = VECTOR('',#9509,1.);
#9509 = DIRECTION('',(0.,-1.));
#9510 = ( GEOMETRIC_REPRESENTATION_CONTEXT(2) 
PARAMETRIC_REPRESENTATION_CONTEXT() REPRESENTATION_CONTEXT('2D SPACE',''
  ) );
#9511 = ADVANCED_FACE('',(#9512),#9479,.F.);
#9512 = FACE_BOUND('',#9513,.F.);
#9513 = EDGE_LOOP('',(#9514,#9515,#9538,#9561));
#9514 = ORIENTED_EDGE('',*,*,#9463,.T.);
#9515 = ORIENTED_EDGE('',*,*,#9516,.T.);
#9516 = EDGE_CURVE('',#9441,#9517,#9519,.T.);
#9517 = VERTEX_POINT('',#9518);
#9518 = CARTESIAN_POINT('',(3.54,-0.95,0.));
#9519 = SURFACE_CURVE('',#9520,(#9524,#9531),.PCURVE_S1.);
#9520 = LINE('',#9521,#9522);
#9521 = CARTESIAN_POINT('',(3.96,-0.95,0.));
#9522 = VECTOR('',#9523,1.);
#9523 = DIRECTION('',(-1.,0.,0.));
#9524 = PCURVE('',#9479,#9525);
#9525 = DEFINITIONAL_REPRESENTATION('',(#9526),#9530);
#9526 = LINE('',#9527,#9528);
#9527 = CARTESIAN_POINT('',(0.,-0.4));
#9528 = VECTOR('',#9529,1.);
#9529 = DIRECTION('',(1.,0.));
#9530 = ( GEOMETRIC_REPRESENTATION_CONTEXT(2) 
PARAMETRIC_REPRESENTATION_CONTEXT() REPRESENTATION_CONTEXT('2D SPACE',''
  ) );
#9531 = PCURVE('',#9370,#9532);
#9532 = DEFINITIONAL_REPRESENTATION('',(#9533),#9537);
#9533 = LINE('',#9534,#9535);
#9534 = CARTESIAN_POINT('',(0.42,-1.25));
#9535 = VECTOR('',#9536,1.);
#9536 = DIRECTION('',(-1.,0.));
#9537 = ( GEOMETRIC_REPRESENTATION_CONTEXT(2) 
PARAMETRIC_REPRESENTATION_CONTEXT() REPRESENTATION_CONTEXT('2D SPACE',''
  ) );
#9538 = ORIENTED_EDGE('',*,*,#9539,.F.);
#9539 = EDGE_CURVE('',#9540,#9517,#9542,.T.);
#9540 = VERTEX_POINT('',#9541);
#9541 = CARTESIAN_POINT('',(3.54,-0.95,0.4));
#9542 = SURFACE_CURVE('',#9543,(#9547,#9554),.PCURVE_S1.);
#9543 = LINE('',#9544,#9545);
#9544 = CARTESIAN_POINT('',(3.54,-0.95,0.4));
#9545 = VECTOR('',#9546,1.);
#9546 = DIRECTION('',(-0.,-0.,-1.));
#9547 = PCURVE('',#9479,#9548);
#9548 = DEFINITIONAL_REPRESENTATION('',(#9549),#9553);
#9549 = LINE('',#9550,#9551);
#9550 = CARTESIAN_POINT('',(0.42,0.));
#9551 = VECTOR('',#9552,1.);
#9552 = DIRECTION('',(0.,-1.));
#9553 = ( GEOMETRIC_REPRESENTATION_CONTEXT(2) 
PARAMETRIC_REPRESENTATION_CONTEXT() REPRESENTATION_CONTEXT('2D SPACE',''
  ) );
#9554 = PCURVE('',#9342,#9555);
#9555 = DEFINITIONAL_REPRESENTATION('',(#9556),#9560);
#9556 = LINE('',#9557,#9558);
#9557 = CARTESIAN_POINT('',(0.,0.));
#9558 = VECTOR('',#9559,1.);
#9559 = DIRECTION('',(0.,-1.));
#9560 = ( GEOMETRIC_REPRESENTATION_CONTEXT(2) 
PARAMETRIC_REPRESENTATION_CONTEXT() REPRESENTATION_CONTEXT('2D SPACE',''
  ) );
#9561 = ORIENTED_EDGE('',*,*,#9562,.F.);
#9562 = EDGE_CURVE('',#9464,#9540,#9563,.T.);
#9563 = SURFACE_CURVE('',#9564,(#9568,#9575),.PCURVE_S1.);
#9564 = LINE('',#9565,#9566);
#9565 = CARTESIAN_POINT('',(3.96,-0.95,0.4));
#9566 = VECTOR('',#9567,1.);
#9567 = DIRECTION('',(-1.,0.,0.));
#9568 = PCURVE('',#9479,#9569);
#9569 = DEFINITIONAL_REPRESENTATION('',(#9570),#9574);
#9570 = LINE('',#9571,#9572);
#9571 = CARTESIAN_POINT('',(0.,0.));
#9572 = VECTOR('',#9573,1.);
#9573 = DIRECTION('',(1.,0.));
#9574 = ( GEOMETRIC_REPRESENTATION_CONTEXT(2) 
PARAMETRIC_REPRESENTATION_CONTEXT() REPRESENTATION_CONTEXT('2D SPACE',''
  ) );
#9575 = PCURVE('',#9424,#9576);
#9576 = DEFINITIONAL_REPRESENTATION('',(#9577),#9581);
#9577 = LINE('',#9578,#9579);
#9578 = CARTESIAN_POINT('',(0.42,-1.25));
#9579 = VECTOR('',#9580,1.);
#9580 = DIRECTION('',(-1.,0.));
#9581 = ( GEOMETRIC_REPRESENTATION_CONTEXT(2) 
PARAMETRIC_REPRESENTATION_CONTEXT() REPRESENTATION_CONTEXT('2D SPACE',''
  ) );
#9582 = ADVANCED_FACE('',(#9583),#9342,.F.);
#9583 = FACE_BOUND('',#9584,.F.);
#9584 = EDGE_LOOP('',(#9585,#9586,#9607,#9608));
#9585 = ORIENTED_EDGE('',*,*,#9539,.T.);
#9586 = ORIENTED_EDGE('',*,*,#9587,.T.);
#9587 = EDGE_CURVE('',#9517,#9322,#9588,.T.);
#9588 = SURFACE_CURVE('',#9589,(#9593,#9600),.PCURVE_S1.);
#9589 = LINE('',#9590,#9591);
#9590 = CARTESIAN_POINT('',(3.54,-0.95,0.));
#9591 = VECTOR('',#9592,1.);
#9592 = DIRECTION('',(0.,1.,0.));
#9593 = PCURVE('',#9342,#9594);
#9594 = DEFINITIONAL_REPRESENTATION('',(#9595),#9599);
#9595 = LINE('',#9596,#9597);
#9596 = CARTESIAN_POINT('',(0.,-0.4));
#9597 = VECTOR('',#9598,1.);
#9598 = DIRECTION('',(1.,0.));
#9599 = ( GEOMETRIC_REPRESENTATION_CONTEXT(2) 
PARAMETRIC_REPRESENTATION_CONTEXT() REPRESENTATION_CONTEXT('2D SPACE',''
  ) );
#9600 = PCURVE('',#9370,#9601);
#9601 = DEFINITIONAL_REPRESENTATION('',(#9602),#9606);
#9602 = LINE('',#9603,#9604);
#9603 = CARTESIAN_POINT('',(0.,-1.25));
#9604 = VECTOR('',#9605,1.);
#9605 = DIRECTION('',(0.,1.));
#9606 = ( GEOMETRIC_REPRESENTATION_CONTEXT(2) 
PARAMETRIC_REPRESENTATION_CONTEXT() REPRESENTATION_CONTEXT('2D SPACE',''
  ) );
#9607 = ORIENTED_EDGE('',*,*,#9319,.F.);
#9608 = ORIENTED_EDGE('',*,*,#9609,.F.);
#9609 = EDGE_CURVE('',#9540,#9320,#9610,.T.);
#9610 = SURFACE_CURVE('',#9611,(#9615,#9622),.PCURVE_S1.);
#9611 = LINE('',#9612,#9613);
#9612 = CARTESIAN_POINT('',(3.54,-0.95,0.4));
#9613 = VECTOR('',#9614,1.);
#9614 = DIRECTION('',(0.,1.,0.));
#9615 = PCURVE('',#9342,#9616);
#9616 = DEFINITIONAL_REPRESENTATION('',(#9617),#9621);
#9617 = LINE('',#9618,#9619);
#9618 = CARTESIAN_POINT('',(0.,0.));
#9619 = VECTOR('',#9620,1.);
#9620 = DIRECTION('',(1.,0.));
#9621 = ( GEOMETRIC_REPRESENTATION_CONTEXT(2) 
PARAMETRIC_REPRESENTATION_CONTEXT() REPRESENTATION_CONTEXT('2D SPACE',''
  ) );
#9622 = PCURVE('',#9424,#9623);
#9623 = DEFINITIONAL_REPRESENTATION('',(#9624),#9628);
#9624 = LINE('',#9625,#9626);
#9625 = CARTESIAN_POINT('',(0.,-1.25));
#9626 = VECTOR('',#9627,1.);
#9627 = DIRECTION('',(0.,1.));
#9628 = ( GEOMETRIC_REPRESENTATION_CONTEXT(2) 
PARAMETRIC_REPRESENTATION_CONTEXT() REPRESENTATION_CONTEXT('2D SPACE',''
  ) );
#9629 = ADVANCED_FACE('',(#9630),#9424,.T.);
#9630 = FACE_BOUND('',#9631,.F.);
#9631 = EDGE_LOOP('',(#9632,#9633,#9634,#9635));
#9632 = ORIENTED_EDGE('',*,*,#9410,.T.);
#9633 = ORIENTED_EDGE('',*,*,#9491,.T.);
#9634 = ORIENTED_EDGE('',*,*,#9562,.T.);
#9635 = ORIENTED_EDGE('',*,*,#9609,.T.);
#9636 = ADVANCED_FACE('',(#9637),#9370,.F.);
#9637 = FACE_BOUND('',#9638,.T.);
#9638 = EDGE_LOOP('',(#9639,#9640,#9641,#9642));
#9639 = ORIENTED_EDGE('',*,*,#9354,.T.);
#9640 = ORIENTED_EDGE('',*,*,#9440,.T.);
#9641 = ORIENTED_EDGE('',*,*,#9516,.T.);
#9642 = ORIENTED_EDGE('',*,*,#9587,.T.);
#9643 = ( GEOMETRIC_REPRESENTATION_CONTEXT(3) 
GLOBAL_UNCERTAINTY_ASSIGNED_CONTEXT((#9647)) 
GLOBAL_UNIT_ASSIGNED_CONTEXT((#9644,#9645,#9646)) REPRESENTATION_CONTEXT
('Context #1','3D Context with UNIT and UNCERTAINTY') );
#9644 = ( LENGTH_UNIT() NAMED_UNIT(*) SI_UNIT(.MILLI.,.METRE.) );
#9645 = ( NAMED_UNIT(*) PLANE_ANGLE_UNIT() SI_UNIT($,.RADIAN.) );
#9646 = ( NAMED_UNIT(*) SI_UNIT($,.STERADIAN.) SOLID_ANGLE_UNIT() );
#9647 = UNCERTAINTY_MEASURE_WITH_UNIT(LENGTH_MEASURE(1.E-07),#9644,
  'distance_accuracy_value','confusion accuracy');
#9648 = PRODUCT_RELATED_PRODUCT_CATEGORY('part',$,(#8319));
#9649 = MECHANICAL_DESIGN_GEOMETRIC_PRESENTATION_REPRESENTATION('',(
    #9650),#6989);
#9650 = STYLED_ITEM('color',(#9651),#15);
#9651 = PRESENTATION_STYLE_ASSIGNMENT((#9652,#9658));
#9652 = SURFACE_STYLE_USAGE(.BOTH.,#9653);
#9653 = SURFACE_SIDE_STYLE('',(#9654));
#9654 = SURFACE_STYLE_FILL_AREA(#9655);
#9655 = FILL_AREA_STYLE('',(#9656));
#9656 = FILL_AREA_STYLE_COLOUR('',#9657);
#9657 = COLOUR_RGB('',0.274509817362,0.274509817362,0.274509817362);
#9658 = CURVE_STYLE('',#9659,POSITIVE_LENGTH_MEASURE(0.1),#9657);
#9659 = DRAUGHTING_PRE_DEFINED_CURVE_FONT('continuous');
#9660 = MECHANICAL_DESIGN_GEOMETRIC_PRESENTATION_REPRESENTATION('',(
    #9661,#9671,#9680,#9689),#9643);
#9661 = STYLED_ITEM('color',(#9662),#8323);
#9662 = PRESENTATION_STYLE_ASSIGNMENT((#9663,#9669));
#9663 = SURFACE_STYLE_USAGE(.BOTH.,#9664);
#9664 = SURFACE_SIDE_STYLE('',(#9665));
#9665 = SURFACE_STYLE_FILL_AREA(#9666);
#9666 = FILL_AREA_STYLE('',(#9667));
#9667 = FILL_AREA_STYLE_COLOUR('',#9668);
#9668 = COLOUR_RGB('',0.800000011921,0.800000011921,0.800000011921);
#9669 = CURVE_STYLE('',#9670,POSITIVE_LENGTH_MEASURE(0.1),#9668);
#9670 = DRAUGHTING_PRE_DEFINED_CURVE_FONT('continuous');
#9671 = STYLED_ITEM('color',(#9672),#8653);
#9672 = PRESENTATION_STYLE_ASSIGNMENT((#9673,#9678));
#9673 = SURFACE_STYLE_USAGE(.BOTH.,#9674);
#9674 = SURFACE_SIDE_STYLE('',(#9675));
#9675 = SURFACE_STYLE_FILL_AREA(#9676);
#9676 = FILL_AREA_STYLE('',(#9677));
#9677 = FILL_AREA_STYLE_COLOUR('',#9668);
#9678 = CURVE_STYLE('',#9679,POSITIVE_LENGTH_MEASURE(0.1),#9668);
#9679 = DRAUGHTING_PRE_DEFINED_CURVE_FONT('continuous');
#9680 = STYLED_ITEM('color',(#9681),#8983);
#9681 = PRESENTATION_STYLE_ASSIGNMENT((#9682,#9687));
#9682 = SURFACE_STYLE_USAGE(.BOTH.,#9683);
#9683 = SURFACE_SIDE_STYLE('',(#9684));
#9684 = SURFACE_STYLE_FILL_AREA(#9685);
#9685 = FILL_AREA_STYLE('',(#9686));
#9686 = FILL_AREA_STYLE_COLOUR('',#9668);
#9687 = CURVE_STYLE('',#9688,POSITIVE_LENGTH_MEASURE(0.1),#9668);
#9688 = DRAUGHTING_PRE_DEFINED_CURVE_FONT('continuous');
#9689 = STYLED_ITEM('color',(#9690),#9313);
#9690 = PRESENTATION_STYLE_ASSIGNMENT((#9691,#9696));
#9691 = SURFACE_STYLE_USAGE(.BOTH.,#9692);
#9692 = SURFACE_SIDE_STYLE('',(#9693));
#9693 = SURFACE_STYLE_FILL_AREA(#9694);
#9694 = FILL_AREA_STYLE('',(#9695));
#9695 = FILL_AREA_STYLE_COLOUR('',#9668);
#9696 = CURVE_STYLE('',#9697,POSITIVE_LENGTH_MEASURE(0.1),#9668);
#9697 = DRAUGHTING_PRE_DEFINED_CURVE_FONT('continuous');
#9698 = MECHANICAL_DESIGN_GEOMETRIC_PRESENTATION_REPRESENTATION('',(
    #9699),#8309);
#9699 = STYLED_ITEM('color',(#9700),#7003);
#9700 = PRESENTATION_STYLE_ASSIGNMENT((#9701,#9706));
#9701 = SURFACE_STYLE_USAGE(.BOTH.,#9702);
#9702 = SURFACE_SIDE_STYLE('',(#9703));
#9703 = SURFACE_STYLE_FILL_AREA(#9704);
#9704 = FILL_AREA_STYLE('',(#9705));
#9705 = FILL_AREA_STYLE_COLOUR('',#9668);
#9706 = CURVE_STYLE('',#9707,POSITIVE_LENGTH_MEASURE(0.1),#9668);
#9707 = DRAUGHTING_PRE_DEFINED_CURVE_FONT('continuous');
ENDSEC;
END-ISO-10303-21;
