ISO-10303-21;
HEADER;
FILE_DESCRIPTION((''),'2;1');
FILE_NAME('2132281010','2020-02-18T',('gga'),(''),
'PRO/ENGINEER BY PARAMETRIC TECHNOLOGY CORPORATION, 2016010',
'PRO/ENGINEER BY PARAMETRIC TECHNOLOGY CORPORATION, 2016010','');
FILE_SCHEMA(('CONFIG_CONTROL_DESIGN'));
ENDSEC;
DATA;
#1=DIRECTION('',(-1.E0,0.E0,0.E0));
#2=VECTOR('',#1,1.05E0);
#3=CARTESIAN_POINT('',(5.E0,4.575E0,-4.375E0));
#4=LINE('',#3,#2);
#5=DIRECTION('',(0.E0,-1.E0,0.E0));
#6=VECTOR('',#5,7.E-1);
#7=CARTESIAN_POINT('',(3.95E0,4.575E0,-4.375E0));
#8=LINE('',#7,#6);
#9=DIRECTION('',(1.E0,0.E0,0.E0));
#10=VECTOR('',#9,1.05E0);
#11=CARTESIAN_POINT('',(3.95E0,3.875E0,-4.375E0));
#12=LINE('',#11,#10);
#13=DIRECTION('',(0.E0,1.E0,0.E0));
#14=VECTOR('',#13,7.E-1);
#15=CARTESIAN_POINT('',(5.E0,3.875E0,-4.375E0));
#16=LINE('',#15,#14);
#17=DIRECTION('',(-1.E0,0.E0,0.E0));
#18=VECTOR('',#17,1.05E0);
#19=CARTESIAN_POINT('',(-3.95E0,4.575E0,-4.375E0));
#20=LINE('',#19,#18);
#21=DIRECTION('',(0.E0,1.E0,0.E0));
#22=VECTOR('',#21,7.E-1);
#23=CARTESIAN_POINT('',(-5.E0,3.875E0,-4.375E0));
#24=LINE('',#23,#22);
#25=DIRECTION('',(1.E0,0.E0,0.E0));
#26=VECTOR('',#25,1.05E0);
#27=CARTESIAN_POINT('',(-5.E0,3.875E0,-4.375E0));
#28=LINE('',#27,#26);
#29=DIRECTION('',(0.E0,-1.E0,0.E0));
#30=VECTOR('',#29,7.E-1);
#31=CARTESIAN_POINT('',(-3.95E0,4.575E0,-4.375E0));
#32=LINE('',#31,#30);
#33=DIRECTION('',(1.E0,0.E0,0.E0));
#34=VECTOR('',#33,5.8E-1);
#35=CARTESIAN_POINT('',(-5.E0,-4.275E0,-4.375E0));
#36=LINE('',#35,#34);
#37=DIRECTION('',(0.E0,1.E0,0.E0));
#38=VECTOR('',#37,9.5E-1);
#39=CARTESIAN_POINT('',(-4.42E0,-4.275E0,-4.375E0));
#40=LINE('',#39,#38);
#41=DIRECTION('',(0.E0,-1.E0,0.E0));
#42=VECTOR('',#41,1.25E0);
#43=CARTESIAN_POINT('',(-5.9E0,-3.325E0,-4.375E0));
#44=LINE('',#43,#42);
#45=DIRECTION('',(1.E0,0.E0,0.E0));
#46=VECTOR('',#45,9.E-1);
#47=CARTESIAN_POINT('',(-5.9E0,-4.575E0,-4.375E0));
#48=LINE('',#47,#46);
#49=DIRECTION('',(0.E0,1.E0,0.E0));
#50=VECTOR('',#49,3.E-1);
#51=CARTESIAN_POINT('',(-5.E0,-4.575E0,-4.375E0));
#52=LINE('',#51,#50);
#53=DIRECTION('',(1.E0,0.E0,0.E0));
#54=VECTOR('',#53,5.8E-1);
#55=CARTESIAN_POINT('',(4.42E0,-4.275E0,-4.375E0));
#56=LINE('',#55,#54);
#57=DIRECTION('',(0.E0,1.E0,0.E0));
#58=VECTOR('',#57,3.E-1);
#59=CARTESIAN_POINT('',(5.E0,-4.575E0,-4.375E0));
#60=LINE('',#59,#58);
#61=DIRECTION('',(1.E0,0.E0,0.E0));
#62=VECTOR('',#61,9.E-1);
#63=CARTESIAN_POINT('',(5.E0,-4.575E0,-4.375E0));
#64=LINE('',#63,#62);
#65=DIRECTION('',(0.E0,1.E0,0.E0));
#66=VECTOR('',#65,1.25E0);
#67=CARTESIAN_POINT('',(5.9E0,-4.575E0,-4.375E0));
#68=LINE('',#67,#66);
#69=DIRECTION('',(0.E0,1.E0,0.E0));
#70=VECTOR('',#69,9.5E-1);
#71=CARTESIAN_POINT('',(4.42E0,-4.275E0,-4.375E0));
#72=LINE('',#71,#70);
#73=DIRECTION('',(0.E0,0.E0,1.E0));
#74=VECTOR('',#73,1.37E0);
#75=CARTESIAN_POINT('',(-1.8E0,4.575E0,4.25E-1));
#76=LINE('',#75,#74);
#77=CARTESIAN_POINT('',(-1.55E0,4.575E0,1.795E0));
#78=DIRECTION('',(0.E0,1.E0,0.E0));
#79=DIRECTION('',(-1.E0,0.E0,0.E0));
#80=AXIS2_PLACEMENT_3D('',#77,#78,#79);
#82=DIRECTION('',(1.E0,0.E0,0.E0));
#83=VECTOR('',#82,3.1E0);
#84=CARTESIAN_POINT('',(-1.55E0,4.575E0,2.045E0));
#85=LINE('',#84,#83);
#86=CARTESIAN_POINT('',(1.55E0,4.575E0,1.795E0));
#87=DIRECTION('',(0.E0,1.E0,0.E0));
#88=DIRECTION('',(0.E0,0.E0,1.E0));
#89=AXIS2_PLACEMENT_3D('',#86,#87,#88);
#91=DIRECTION('',(0.E0,0.E0,-1.E0));
#92=VECTOR('',#91,1.37E0);
#93=CARTESIAN_POINT('',(1.8E0,4.575E0,1.795E0));
#94=LINE('',#93,#92);
#95=DIRECTION('',(-1.E0,0.E0,0.E0));
#96=VECTOR('',#95,3.6E0);
#97=CARTESIAN_POINT('',(1.8E0,4.575E0,4.25E-1));
#98=LINE('',#97,#96);
#99=DIRECTION('',(0.E0,0.E0,1.E0));
#100=VECTOR('',#99,1.7E0);
#101=CARTESIAN_POINT('',(-3.5E0,4.575E0,-4.125E0));
#102=LINE('',#101,#100);
#103=DIRECTION('',(1.E0,0.E0,0.E0));
#104=VECTOR('',#103,7.E0);
#105=CARTESIAN_POINT('',(-3.5E0,4.575E0,-2.425E0));
#106=LINE('',#105,#104);
#107=DIRECTION('',(0.E0,0.E0,1.E0));
#108=VECTOR('',#107,1.7E0);
#109=CARTESIAN_POINT('',(3.5E0,4.575E0,-4.125E0));
#110=LINE('',#109,#108);
#111=DIRECTION('',(-1.E0,0.E0,0.E0));
#112=VECTOR('',#111,4.5E-1);
#113=CARTESIAN_POINT('',(3.95E0,4.575E0,-4.125E0));
#114=LINE('',#113,#112);
#115=DIRECTION('',(0.E0,0.E0,1.E0));
#116=VECTOR('',#115,2.5E-1);
#117=CARTESIAN_POINT('',(3.95E0,4.575E0,-4.375E0));
#118=LINE('',#117,#116);
#119=DIRECTION('',(0.E0,0.E0,-1.E0));
#120=VECTOR('',#119,1.25E0);
#121=CARTESIAN_POINT('',(5.E0,4.575E0,-3.125E0));
#122=LINE('',#121,#120);
#123=DIRECTION('',(-1.E0,0.E0,0.E0));
#124=VECTOR('',#123,9.E-1);
#125=CARTESIAN_POINT('',(5.9E0,4.575E0,-3.125E0));
#126=LINE('',#125,#124);
#127=DIRECTION('',(0.E0,0.E0,1.E0));
#128=VECTOR('',#127,3.95E0);
#129=CARTESIAN_POINT('',(5.9E0,4.575E0,-3.125E0));
#130=LINE('',#129,#128);
#131=DIRECTION('',(-1.E0,0.E0,0.E0));
#132=VECTOR('',#131,9.E-1);
#133=CARTESIAN_POINT('',(5.9E0,4.575E0,8.25E-1));
#134=LINE('',#133,#132);
#135=DIRECTION('',(0.E0,0.E0,1.E0));
#136=VECTOR('',#135,2.75E0);
#137=CARTESIAN_POINT('',(5.E0,4.575E0,8.25E-1));
#138=LINE('',#137,#136);
#139=DIRECTION('',(-1.E0,0.E0,0.E0));
#140=VECTOR('',#139,1.E1);
#141=CARTESIAN_POINT('',(5.E0,4.575E0,3.575E0));
#142=LINE('',#141,#140);
#143=DIRECTION('',(0.E0,0.E0,1.E0));
#144=VECTOR('',#143,2.75E0);
#145=CARTESIAN_POINT('',(-5.E0,4.575E0,8.25E-1));
#146=LINE('',#145,#144);
#147=DIRECTION('',(1.E0,0.E0,0.E0));
#148=VECTOR('',#147,9.E-1);
#149=CARTESIAN_POINT('',(-5.9E0,4.575E0,8.25E-1));
#150=LINE('',#149,#148);
#151=DIRECTION('',(1.E0,0.E0,0.E0));
#152=VECTOR('',#151,9.E-1);
#153=CARTESIAN_POINT('',(-5.9E0,4.575E0,-3.125E0));
#154=LINE('',#153,#152);
#155=DIRECTION('',(0.E0,0.E0,-1.E0));
#156=VECTOR('',#155,1.25E0);
#157=CARTESIAN_POINT('',(-5.E0,4.575E0,-3.125E0));
#158=LINE('',#157,#156);
#159=DIRECTION('',(0.E0,0.E0,1.E0));
#160=VECTOR('',#159,2.5E-1);
#161=CARTESIAN_POINT('',(-3.95E0,4.575E0,-4.375E0));
#162=LINE('',#161,#160);
#163=DIRECTION('',(-1.E0,0.E0,0.E0));
#164=VECTOR('',#163,4.5E-1);
#165=CARTESIAN_POINT('',(-3.5E0,4.575E0,-4.125E0));
#166=LINE('',#165,#164);
#167=DIRECTION('',(0.E0,-1.E0,0.E0));
#168=VECTOR('',#167,1.44E0);
#169=CARTESIAN_POINT('',(-1.8E0,4.105E0,3.375E0));
#170=LINE('',#169,#168);
#171=DIRECTION('',(0.E0,4.819187497722E-1,8.762159086766E-1));
#172=VECTOR('',#171,9.130169768411E-1);
#173=CARTESIAN_POINT('',(-1.8E0,3.665E0,2.575E0));
#174=LINE('',#173,#172);
#175=DIRECTION('',(0.E0,-1.E0,0.E0));
#176=VECTOR('',#175,9.1E-1);
#177=CARTESIAN_POINT('',(-1.8E0,4.575E0,4.25E-1));
#178=LINE('',#177,#176);
#179=DIRECTION('',(0.E0,0.E0,1.E0));
#180=VECTOR('',#179,5.2E0);
#181=CARTESIAN_POINT('',(-1.8E0,2.665E0,-1.825E0));
#182=LINE('',#181,#180);
#183=DIRECTION('',(6.590224063189E-1,-3.624623234754E-1,-6.590224063189E-1));
#184=VECTOR('',#183,3.034798181099E-1);
#185=CARTESIAN_POINT('',(-2.E0,4.215E0,3.575E0));
#186=LINE('',#185,#184);
#187=DIRECTION('',(5.773502691896E-1,-5.773502691896E-1,-5.773502691896E-1));
#188=VECTOR('',#187,3.464101615138E-1);
#189=CARTESIAN_POINT('',(-2.E0,2.865E0,3.575E0));
#190=LINE('',#189,#188);
#191=DIRECTION('',(1.E0,0.E0,0.E0));
#192=VECTOR('',#191,8.E-1);
#193=CARTESIAN_POINT('',(-2.6E0,2.665E0,3.375E0));
#194=LINE('',#193,#192);
#195=DIRECTION('',(0.E0,0.E0,1.E0));
#196=VECTOR('',#195,5.2E0);
#197=CARTESIAN_POINT('',(-2.6E0,2.665E0,-1.825E0));
#198=LINE('',#197,#196);
#199=DIRECTION('',(1.E0,0.E0,0.E0));
#200=VECTOR('',#199,6.8E0);
#201=CARTESIAN_POINT('',(-3.4E0,1.525E0,-1.825E0));
#202=LINE('',#201,#200);
#203=DIRECTION('',(0.E0,1.E0,0.E0));
#204=VECTOR('',#203,4.85E0);
#205=CARTESIAN_POINT('',(-3.6E0,-3.525E0,-1.825E0));
#206=LINE('',#205,#204);
#207=DIRECTION('',(-1.E0,0.E0,0.E0));
#208=VECTOR('',#207,3.E-1);
#209=CARTESIAN_POINT('',(-3.6E0,-3.525E0,-1.825E0));
#210=LINE('',#209,#208);
#211=DIRECTION('',(0.E0,-1.E0,0.E0));
#212=VECTOR('',#211,6.E-2);
#213=CARTESIAN_POINT('',(-3.9E0,-3.525E0,-1.825E0));
#214=LINE('',#213,#212);
#215=DIRECTION('',(1.E0,0.E0,0.E0));
#216=VECTOR('',#215,5.5E-1);
#217=CARTESIAN_POINT('',(-4.45E0,-3.585E0,-1.825E0));
#218=LINE('',#217,#216);
#219=DIRECTION('',(0.E0,1.E0,0.E0));
#220=VECTOR('',#219,2.67E0);
#221=CARTESIAN_POINT('',(-4.45E0,-3.585E0,-1.825E0));
#222=LINE('',#221,#220);
#223=DIRECTION('',(1.E0,0.E0,0.E0));
#224=VECTOR('',#223,6.E-2);
#225=CARTESIAN_POINT('',(-4.45E0,-9.15E-1,-1.825E0));
#226=LINE('',#225,#224);
#227=DIRECTION('',(0.E0,1.E0,0.E0));
#228=VECTOR('',#227,3.E-1);
#229=CARTESIAN_POINT('',(-4.39E0,-9.15E-1,-1.825E0));
#230=LINE('',#229,#228);
#231=DIRECTION('',(1.E0,0.E0,0.E0));
#232=VECTOR('',#231,6.E-2);
#233=CARTESIAN_POINT('',(-4.45E0,-6.15E-1,-1.825E0));
#234=LINE('',#233,#232);
#235=DIRECTION('',(0.E0,1.E0,0.E0));
#236=VECTOR('',#235,4.28E0);
#237=CARTESIAN_POINT('',(-4.45E0,-6.15E-1,-1.825E0));
#238=LINE('',#237,#236);
#239=DIRECTION('',(0.E0,-1.E0,0.E0));
#240=VECTOR('',#239,1.E0);
#241=CARTESIAN_POINT('',(-2.6E0,3.665E0,-1.825E0));
#242=LINE('',#241,#240);
#243=DIRECTION('',(1.E0,0.E0,0.E0));
#244=VECTOR('',#243,8.E-1);
#245=CARTESIAN_POINT('',(-2.6E0,2.665E0,-1.825E0));
#246=LINE('',#245,#244);
#247=DIRECTION('',(0.E0,-1.E0,0.E0));
#248=VECTOR('',#247,1.E0);
#249=CARTESIAN_POINT('',(-1.8E0,3.665E0,-1.825E0));
#250=LINE('',#249,#248);
#251=DIRECTION('',(0.E0,-1.E0,0.E0));
#252=VECTOR('',#251,1.E0);
#253=CARTESIAN_POINT('',(1.8E0,3.665E0,-1.825E0));
#254=LINE('',#253,#252);
#255=DIRECTION('',(1.E0,0.E0,0.E0));
#256=VECTOR('',#255,8.E-1);
#257=CARTESIAN_POINT('',(1.8E0,2.665E0,-1.825E0));
#258=LINE('',#257,#256);
#259=DIRECTION('',(0.E0,-1.E0,0.E0));
#260=VECTOR('',#259,1.E0);
#261=CARTESIAN_POINT('',(2.6E0,3.665E0,-1.825E0));
#262=LINE('',#261,#260);
#263=DIRECTION('',(0.E0,-1.E0,0.E0));
#264=VECTOR('',#263,4.28E0);
#265=CARTESIAN_POINT('',(4.45E0,3.665E0,-1.825E0));
#266=LINE('',#265,#264);
#267=DIRECTION('',(-1.E0,0.E0,0.E0));
#268=VECTOR('',#267,6.E-2);
#269=CARTESIAN_POINT('',(4.45E0,-6.15E-1,-1.825E0));
#270=LINE('',#269,#268);
#271=DIRECTION('',(0.E0,-1.E0,0.E0));
#272=VECTOR('',#271,3.E-1);
#273=CARTESIAN_POINT('',(4.39E0,-6.15E-1,-1.825E0));
#274=LINE('',#273,#272);
#275=DIRECTION('',(-1.E0,0.E0,0.E0));
#276=VECTOR('',#275,6.E-2);
#277=CARTESIAN_POINT('',(4.45E0,-9.15E-1,-1.825E0));
#278=LINE('',#277,#276);
#279=DIRECTION('',(0.E0,-1.E0,0.E0));
#280=VECTOR('',#279,2.67E0);
#281=CARTESIAN_POINT('',(4.45E0,-9.15E-1,-1.825E0));
#282=LINE('',#281,#280);
#283=DIRECTION('',(1.E0,0.E0,0.E0));
#284=VECTOR('',#283,5.5E-1);
#285=CARTESIAN_POINT('',(3.9E0,-3.585E0,-1.825E0));
#286=LINE('',#285,#284);
#287=DIRECTION('',(0.E0,1.E0,0.E0));
#288=VECTOR('',#287,6.E-2);
#289=CARTESIAN_POINT('',(3.9E0,-3.585E0,-1.825E0));
#290=LINE('',#289,#288);
#291=DIRECTION('',(-1.E0,0.E0,0.E0));
#292=VECTOR('',#291,3.E-1);
#293=CARTESIAN_POINT('',(3.9E0,-3.525E0,-1.825E0));
#294=LINE('',#293,#292);
#295=DIRECTION('',(0.E0,-1.E0,0.E0));
#296=VECTOR('',#295,4.85E0);
#297=CARTESIAN_POINT('',(3.6E0,1.325E0,-1.825E0));
#298=LINE('',#297,#296);
#299=DIRECTION('',(0.E0,0.E0,-1.E0));
#300=VECTOR('',#299,3.45E0);
#301=CARTESIAN_POINT('',(3.4E0,1.525E0,1.625E0));
#302=LINE('',#301,#300);
#303=DIRECTION('',(1.E0,0.E0,0.E0));
#304=VECTOR('',#303,6.8E0);
#305=CARTESIAN_POINT('',(-3.4E0,1.525E0,1.625E0));
#306=LINE('',#305,#304);
#307=DIRECTION('',(0.E0,0.E0,1.E0));
#308=VECTOR('',#307,3.45E0);
#309=CARTESIAN_POINT('',(-3.4E0,1.525E0,-1.825E0));
#310=LINE('',#309,#308);
#311=CARTESIAN_POINT('',(3.4E0,1.325E0,-1.825E0));
#312=DIRECTION('',(0.E0,0.E0,-1.E0));
#313=DIRECTION('',(0.E0,1.E0,0.E0));
#314=AXIS2_PLACEMENT_3D('',#311,#312,#313);
#316=DIRECTION('',(0.E0,0.E0,-1.E0));
#317=VECTOR('',#316,3.683333333333E0);
#318=CARTESIAN_POINT('',(3.6E0,1.325E0,1.858333333333E0));
#319=LINE('',#318,#317);
#320=DIRECTION('',(0.E0,0.E0,1.E0));
#321=VECTOR('',#320,9.4E-1);
#322=CARTESIAN_POINT('',(3.6E0,-3.525E0,-1.825E0));
#323=LINE('',#322,#321);
#324=DIRECTION('',(0.E0,0.E0,1.E0));
#325=VECTOR('',#324,2.266666666667E0);
#326=CARTESIAN_POINT('',(3.6E0,-2.025E0,-3.916666666667E-1));
#327=LINE('',#326,#325);
#328=DIRECTION('',(0.E0,0.E0,-1.E0));
#329=VECTOR('',#328,2.37E0);
#330=CARTESIAN_POINT('',(3.6E0,-1.085E0,1.875E0));
#331=LINE('',#330,#329);
#332=DIRECTION('',(0.E0,0.E0,1.E0));
#333=VECTOR('',#332,2.266666666667E0);
#334=CARTESIAN_POINT('',(3.6E0,6.75E-1,-3.916666666667E-1));
#335=LINE('',#334,#333);
#336=DIRECTION('',(0.E0,0.E0,-1.E0));
#337=VECTOR('',#336,5.48E0);
#338=CARTESIAN_POINT('',(3.9E0,-3.525E0,3.655E0));
#339=LINE('',#338,#337);
#340=DIRECTION('',(-1.E0,0.E0,0.E0));
#341=VECTOR('',#340,3.E-1);
#342=CARTESIAN_POINT('',(3.9E0,-3.525E0,3.655E0));
#343=LINE('',#342,#341);
#344=DIRECTION('',(0.E0,5.626240433067E-1,-8.267128799609E-1));
#345=VECTOR('',#344,1.066431495664E-1);
#346=CARTESIAN_POINT('',(3.9E0,-3.585E0,3.743163265306E0));
#347=LINE('',#346,#345);
#348=DIRECTION('',(1.E0,0.E0,0.E0));
#349=VECTOR('',#348,5.5E-1);
#350=CARTESIAN_POINT('',(-4.45E0,-3.585E0,3.743163265306E0));
#351=LINE('',#350,#349);
#352=DIRECTION('',(0.E0,0.E0,-1.E0));
#353=VECTOR('',#352,5.568163265306E0);
#354=CARTESIAN_POINT('',(-4.45E0,-3.585E0,3.743163265306E0));
#355=LINE('',#354,#353);
#356=DIRECTION('',(0.E0,0.E0,-1.E0));
#357=VECTOR('',#356,5.568163265306E0);
#358=CARTESIAN_POINT('',(-3.9E0,-3.585E0,3.743163265306E0));
#359=LINE('',#358,#357);
#360=DIRECTION('',(1.E0,0.E0,0.E0));
#361=VECTOR('',#360,8.818367346939E-1);
#362=CARTESIAN_POINT('',(-3.6E0,-3.585E0,3.743163265306E0));
#363=LINE('',#362,#361);
#364=DIRECTION('',(0.E0,0.E0,-1.E0));
#365=VECTOR('',#364,4.538163265306E0);
#366=CARTESIAN_POINT('',(-3.6E0,-3.585E0,3.743163265306E0));
#367=LINE('',#366,#365);
#368=DIRECTION('',(0.E0,0.E0,1.E0));
#369=VECTOR('',#368,2.345393920142E0);
#370=CARTESIAN_POINT('',(-3.125E0,-3.585E0,-7.95E-1));
#371=LINE('',#370,#369);
#372=DIRECTION('',(1.E0,0.E0,0.E0));
#373=VECTOR('',#372,2.5E-1);
#374=CARTESIAN_POINT('',(-3.125E0,-3.585E0,1.550393920142E0));
#375=LINE('',#374,#373);
#376=DIRECTION('',(0.E0,0.E0,1.E0));
#377=VECTOR('',#376,2.345393920142E0);
#378=CARTESIAN_POINT('',(-2.875E0,-3.585E0,-7.95E-1));
#379=LINE('',#378,#377);
#380=DIRECTION('',(0.E0,0.E0,1.E0));
#381=VECTOR('',#380,2.345393920142E0);
#382=CARTESIAN_POINT('',(-1.625E0,-3.585E0,-7.95E-1));
#383=LINE('',#382,#381);
#384=DIRECTION('',(1.E0,0.E0,0.E0));
#385=VECTOR('',#384,2.5E-1);
#386=CARTESIAN_POINT('',(-1.625E0,-3.585E0,1.550393920142E0));
#387=LINE('',#386,#385);
#388=DIRECTION('',(0.E0,0.E0,1.E0));
#389=VECTOR('',#388,2.345393920142E0);
#390=CARTESIAN_POINT('',(-1.375E0,-3.585E0,-7.95E-1));
#391=LINE('',#390,#389);
#392=DIRECTION('',(0.E0,0.E0,1.E0));
#393=VECTOR('',#392,2.345393920142E0);
#394=CARTESIAN_POINT('',(-1.25E-1,-3.585E0,-7.95E-1));
#395=LINE('',#394,#393);
#396=DIRECTION('',(1.E0,0.E0,0.E0));
#397=VECTOR('',#396,2.5E-1);
#398=CARTESIAN_POINT('',(-1.25E-1,-3.585E0,1.550393920142E0));
#399=LINE('',#398,#397);
#400=DIRECTION('',(0.E0,0.E0,1.E0));
#401=VECTOR('',#400,2.345393920142E0);
#402=CARTESIAN_POINT('',(1.25E-1,-3.585E0,-7.95E-1));
#403=LINE('',#402,#401);
#404=DIRECTION('',(0.E0,0.E0,1.E0));
#405=VECTOR('',#404,2.345393920142E0);
#406=CARTESIAN_POINT('',(1.375E0,-3.585E0,-7.95E-1));
#407=LINE('',#406,#405);
#408=DIRECTION('',(1.E0,0.E0,0.E0));
#409=VECTOR('',#408,2.5E-1);
#410=CARTESIAN_POINT('',(1.375E0,-3.585E0,1.550393920142E0));
#411=LINE('',#410,#409);
#412=DIRECTION('',(0.E0,0.E0,1.E0));
#413=VECTOR('',#412,2.345393920142E0);
#414=CARTESIAN_POINT('',(1.625E0,-3.585E0,-7.95E-1));
#415=LINE('',#414,#413);
#416=DIRECTION('',(0.E0,0.E0,1.E0));
#417=VECTOR('',#416,2.345393920142E0);
#418=CARTESIAN_POINT('',(2.875E0,-3.585E0,-7.95E-1));
#419=LINE('',#418,#417);
#420=DIRECTION('',(1.E0,0.E0,0.E0));
#421=VECTOR('',#420,2.5E-1);
#422=CARTESIAN_POINT('',(2.875E0,-3.585E0,1.550393920142E0));
#423=LINE('',#422,#421);
#424=DIRECTION('',(0.E0,0.E0,1.E0));
#425=VECTOR('',#424,2.345393920142E0);
#426=CARTESIAN_POINT('',(3.125E0,-3.585E0,-7.95E-1));
#427=LINE('',#426,#425);
#428=DIRECTION('',(0.E0,0.E0,-1.E0));
#429=VECTOR('',#428,4.538163265306E0);
#430=CARTESIAN_POINT('',(3.6E0,-3.585E0,3.743163265306E0));
#431=LINE('',#430,#429);
#432=DIRECTION('',(1.E0,0.E0,0.E0));
#433=VECTOR('',#432,8.818367346939E-1);
#434=CARTESIAN_POINT('',(2.718163265306E0,-3.585E0,3.743163265306E0));
#435=LINE('',#434,#433);
#436=DIRECTION('',(1.E0,0.E0,0.E0));
#437=VECTOR('',#436,5.5E-1);
#438=CARTESIAN_POINT('',(3.9E0,-3.585E0,3.743163265306E0));
#439=LINE('',#438,#437);
#440=DIRECTION('',(0.E0,0.E0,-1.E0));
#441=VECTOR('',#440,5.568163265306E0);
#442=CARTESIAN_POINT('',(3.9E0,-3.585E0,3.743163265306E0));
#443=LINE('',#442,#441);
#444=DIRECTION('',(-1.E0,0.E0,0.E0));
#445=VECTOR('',#444,1.3E0);
#446=CARTESIAN_POINT('',(-3.35E0,-4.015E0,4.375E0));
#447=LINE('',#446,#445);
#448=DIRECTION('',(-1.E0,0.E0,0.E0));
#449=VECTOR('',#448,1.3E0);
#450=CARTESIAN_POINT('',(4.65E0,-4.015E0,4.375E0));
#451=LINE('',#450,#449);
#452=DIRECTION('',(0.E0,-1.E0,0.E0));
#453=VECTOR('',#452,1.03E0);
#454=CARTESIAN_POINT('',(-4.65E0,-2.985E0,4.375E0));
#455=LINE('',#454,#453);
#456=DIRECTION('',(0.E0,1.E0,0.E0));
#457=VECTOR('',#456,4.1E-1);
#458=CARTESIAN_POINT('',(-3.35E0,-4.425E0,4.375E0));
#459=LINE('',#458,#457);
#460=DIRECTION('',(1.E0,0.E0,0.E0));
#461=VECTOR('',#460,4.E-1);
#462=CARTESIAN_POINT('',(-3.75E0,-4.425E0,4.375E0));
#463=LINE('',#462,#461);
#464=DIRECTION('',(0.E0,1.E0,0.E0));
#465=VECTOR('',#464,1.5E-1);
#466=CARTESIAN_POINT('',(-3.75E0,-4.575E0,4.375E0));
#467=LINE('',#466,#465);
#468=DIRECTION('',(1.E0,0.E0,0.E0));
#469=VECTOR('',#468,1.15E0);
#470=CARTESIAN_POINT('',(-4.9E0,-4.575E0,4.375E0));
#471=LINE('',#470,#469);
#472=DIRECTION('',(0.E0,1.E0,0.E0));
#473=VECTOR('',#472,3.E-1);
#474=CARTESIAN_POINT('',(-4.9E0,-4.575E0,4.375E0));
#475=LINE('',#474,#473);
#476=DIRECTION('',(1.E0,0.E0,0.E0));
#477=VECTOR('',#476,1.E-1);
#478=CARTESIAN_POINT('',(-5.E0,-4.275E0,4.375E0));
#479=LINE('',#478,#477);
#480=DIRECTION('',(0.E0,1.E0,0.E0));
#481=VECTOR('',#480,1.29E0);
#482=CARTESIAN_POINT('',(-5.E0,-4.275E0,4.375E0));
#483=LINE('',#482,#481);
#484=DIRECTION('',(1.E0,0.E0,0.E0));
#485=VECTOR('',#484,3.5E-1);
#486=CARTESIAN_POINT('',(-5.E0,-2.985E0,4.375E0));
#487=LINE('',#486,#485);
#488=DIRECTION('',(0.E0,1.E0,0.E0));
#489=VECTOR('',#488,1.03E0);
#490=CARTESIAN_POINT('',(4.65E0,-4.015E0,4.375E0));
#491=LINE('',#490,#489);
#492=DIRECTION('',(1.E0,0.E0,0.E0));
#493=VECTOR('',#492,3.5E-1);
#494=CARTESIAN_POINT('',(4.65E0,-2.985E0,4.375E0));
#495=LINE('',#494,#493);
#496=DIRECTION('',(0.E0,1.E0,0.E0));
#497=VECTOR('',#496,1.29E0);
#498=CARTESIAN_POINT('',(5.E0,-4.275E0,4.375E0));
#499=LINE('',#498,#497);
#500=DIRECTION('',(1.E0,0.E0,0.E0));
#501=VECTOR('',#500,1.E-1);
#502=CARTESIAN_POINT('',(4.9E0,-4.275E0,4.375E0));
#503=LINE('',#502,#501);
#504=DIRECTION('',(0.E0,1.E0,0.E0));
#505=VECTOR('',#504,3.E-1);
#506=CARTESIAN_POINT('',(4.9E0,-4.575E0,4.375E0));
#507=LINE('',#506,#505);
#508=DIRECTION('',(1.E0,0.E0,0.E0));
#509=VECTOR('',#508,1.15E0);
#510=CARTESIAN_POINT('',(3.75E0,-4.575E0,4.375E0));
#511=LINE('',#510,#509);
#512=DIRECTION('',(0.E0,1.E0,0.E0));
#513=VECTOR('',#512,1.5E-1);
#514=CARTESIAN_POINT('',(3.75E0,-4.575E0,4.375E0));
#515=LINE('',#514,#513);
#516=DIRECTION('',(1.E0,0.E0,0.E0));
#517=VECTOR('',#516,4.E-1);
#518=CARTESIAN_POINT('',(3.35E0,-4.425E0,4.375E0));
#519=LINE('',#518,#517);
#520=DIRECTION('',(0.E0,1.E0,0.E0));
#521=VECTOR('',#520,4.1E-1);
#522=CARTESIAN_POINT('',(3.35E0,-4.425E0,4.375E0));
#523=LINE('',#522,#521);
#524=DIRECTION('',(6.785983445458E-1,-2.810846377148E-1,-6.785983445458E-1));
#525=VECTOR('',#524,2.947251516416E-1);
#526=CARTESIAN_POINT('',(-4.65E0,-2.985E0,4.375E0));
#527=LINE('',#526,#525);
#528=DIRECTION('',(-6.371681415929E-1,-4.336283185841E-1,6.371681415929E-1));
#529=VECTOR('',#528,3.138888888889E-1);
#530=CARTESIAN_POINT('',(-4.45E0,-3.878888888889E0,4.175E0));
#531=LINE('',#530,#529);
#532=DIRECTION('',(6.785983445458E-1,-6.785983445458E-1,-2.810846377148E-1));
#533=VECTOR('',#532,2.947251516416E-1);
#534=CARTESIAN_POINT('',(-4.65E0,-2.785E0,4.175E0));
#535=LINE('',#534,#533);
#536=DIRECTION('',(0.E0,1.E0,0.E0));
#537=VECTOR('',#536,1.752842712475E0);
#538=CARTESIAN_POINT('',(-4.45E0,-2.667842712475E0,3.375E0));
#539=LINE('',#538,#537);
#540=DIRECTION('',(0.E0,0.E0,1.E0));
#541=VECTOR('',#540,5.2E0);
#542=CARTESIAN_POINT('',(-4.45E0,-9.15E-1,-1.825E0));
#543=LINE('',#542,#541);
#544=DIRECTION('',(0.E0,5.626240433067E-1,-8.267128799609E-1));
#545=VECTOR('',#544,5.223539455613E-1);
#546=CARTESIAN_POINT('',(-4.45E0,-3.878888888889E0,4.175E0));
#547=LINE('',#546,#545);
#548=DIRECTION('',(0.E0,-1.E0,0.E0));
#549=VECTOR('',#548,8.110461764143E-1);
#550=CARTESIAN_POINT('',(-4.45E0,-3.067842712475E0,4.175E0));
#551=LINE('',#550,#549);
#552=DIRECTION('',(0.E0,7.071067811866E-1,-7.071067811865E-1));
#553=VECTOR('',#552,1.171572875254E-1);
#554=CARTESIAN_POINT('',(-4.45E0,-3.067842712475E0,4.175E0));
#555=LINE('',#554,#553);
#556=DIRECTION('',(0.E0,0.E0,-1.E0));
#557=VECTOR('',#556,4.E-1);
#558=CARTESIAN_POINT('',(-4.45E0,-2.985E0,4.092157287525E0));
#559=LINE('',#558,#557);
#560=DIRECTION('',(0.E0,7.071067811865E-1,-7.071067811865E-1));
#561=VECTOR('',#560,4.485281374239E-1);
#562=CARTESIAN_POINT('',(-4.45E0,-2.985E0,3.692157287525E0));
#563=LINE('',#562,#561);
#564=DIRECTION('',(0.E0,1.E0,0.E0));
#565=VECTOR('',#564,4.28E0);
#566=CARTESIAN_POINT('',(-4.45E0,-6.15E-1,3.375E0));
#567=LINE('',#566,#565);
#568=DIRECTION('',(0.E0,0.E0,1.E0));
#569=VECTOR('',#568,5.2E0);
#570=CARTESIAN_POINT('',(-4.45E0,3.665E0,-1.825E0));
#571=LINE('',#570,#569);
#572=DIRECTION('',(0.E0,0.E0,1.E0));
#573=VECTOR('',#572,5.2E0);
#574=CARTESIAN_POINT('',(-4.45E0,-6.15E-1,-1.825E0));
#575=LINE('',#574,#573);
#576=DIRECTION('',(7.071067811865E-1,0.E0,-7.071067811865E-1));
#577=VECTOR('',#576,2.828427124746E-1);
#578=CARTESIAN_POINT('',(-4.65E0,-9.15E-1,3.575E0));
#579=LINE('',#578,#577);
#580=DIRECTION('',(6.785983445458E-1,-2.810846377148E-1,-6.785983445458E-1));
#581=VECTOR('',#580,2.947251516416E-1);
#582=CARTESIAN_POINT('',(-4.65E0,-2.585E0,3.575E0));
#583=LINE('',#582,#581);
#584=DIRECTION('',(6.785983445458E-1,-6.785983445458E-1,-2.810846377148E-1));
#585=VECTOR('',#584,2.947251516416E-1);
#586=CARTESIAN_POINT('',(-4.65E0,-2.785E0,3.775E0));
#587=LINE('',#586,#585);
#588=DIRECTION('',(0.E0,0.E0,-1.E0));
#589=VECTOR('',#588,4.E-1);
#590=CARTESIAN_POINT('',(-4.65E0,-2.785E0,4.175E0));
#591=LINE('',#590,#589);
#592=DIRECTION('',(-1.E0,0.E0,0.E0));
#593=VECTOR('',#592,3.5E-1);
#594=CARTESIAN_POINT('',(-4.65E0,-2.785E0,4.175E0));
#595=LINE('',#594,#593);
#596=DIRECTION('',(0.E0,0.E0,-1.E0));
#597=VECTOR('',#596,4.E-1);
#598=CARTESIAN_POINT('',(-5.E0,-2.785E0,4.175E0));
#599=LINE('',#598,#597);
#600=DIRECTION('',(0.E0,0.E0,1.E0));
#601=VECTOR('',#600,4.E-1);
#602=CARTESIAN_POINT('',(4.65E0,-2.785E0,3.775E0));
#603=LINE('',#602,#601);
#604=DIRECTION('',(0.E0,0.E0,-1.E0));
#605=VECTOR('',#604,4.E-1);
#606=CARTESIAN_POINT('',(5.E0,-2.785E0,4.175E0));
#607=LINE('',#606,#605);
#608=DIRECTION('',(-1.E0,0.E0,0.E0));
#609=VECTOR('',#608,3.5E-1);
#610=CARTESIAN_POINT('',(5.E0,-2.785E0,4.175E0));
#611=LINE('',#610,#609);
#612=DIRECTION('',(0.E0,7.071067811865E-1,-7.071067811865E-1));
#613=VECTOR('',#612,2.828427124746E-1);
#614=CARTESIAN_POINT('',(-4.65E0,-2.985E0,4.375E0));
#615=LINE('',#614,#613);
#616=DIRECTION('',(0.E0,7.071067811865E-1,-7.071067811865E-1));
#617=VECTOR('',#616,2.828427124746E-1);
#618=CARTESIAN_POINT('',(-5.E0,-2.985E0,4.375E0));
#619=LINE('',#618,#617);
#620=DIRECTION('',(0.E0,-7.071067811865E-1,7.071067811865E-1));
#621=VECTOR('',#620,2.828427124746E-1);
#622=CARTESIAN_POINT('',(4.65E0,-2.785E0,4.175E0));
#623=LINE('',#622,#621);
#624=DIRECTION('',(0.E0,7.071067811865E-1,-7.071067811865E-1));
#625=VECTOR('',#624,2.828427124746E-1);
#626=CARTESIAN_POINT('',(5.E0,-2.985E0,4.375E0));
#627=LINE('',#626,#625);
#628=DIRECTION('',(0.E0,1.E0,0.E0));
#629=VECTOR('',#628,6.2E-1);
#630=CARTESIAN_POINT('',(-5.E0,3.255E0,-4.125E0));
#631=LINE('',#630,#629);
#632=DIRECTION('',(0.E0,0.E0,1.E0));
#633=VECTOR('',#632,2.5E-1);
#634=CARTESIAN_POINT('',(-5.E0,3.875E0,-4.375E0));
#635=LINE('',#634,#633);
#636=DIRECTION('',(0.E0,-1.E0,0.E0));
#637=VECTOR('',#636,1.32E0);
#638=CARTESIAN_POINT('',(-5.E0,4.575E0,-3.125E0));
#639=LINE('',#638,#637);
#640=DIRECTION('',(0.E0,0.E0,1.E0));
#641=VECTOR('',#640,1.E0);
#642=CARTESIAN_POINT('',(-5.E0,3.255E0,-4.125E0));
#643=LINE('',#642,#641);
#644=DIRECTION('',(0.E0,1.E0,0.E0));
#645=VECTOR('',#644,2.15E0);
#646=CARTESIAN_POINT('',(-5.E0,-3.325E0,-4.125E0));
#647=LINE('',#646,#645);
#648=DIRECTION('',(0.E0,0.E0,1.E0));
#649=VECTOR('',#648,1.E0);
#650=CARTESIAN_POINT('',(-5.E0,-1.175E0,-4.125E0));
#651=LINE('',#650,#649);
#652=DIRECTION('',(0.E0,-1.E0,0.E0));
#653=VECTOR('',#652,1.08E0);
#654=CARTESIAN_POINT('',(-5.E0,-1.175E0,-3.125E0));
#655=LINE('',#654,#653);
#656=DIRECTION('',(0.E0,-7.071067811865E-1,-7.071067811865E-1));
#657=VECTOR('',#656,5.656854249492E-1);
#658=CARTESIAN_POINT('',(-5.E0,-2.255E0,-3.125E0));
#659=LINE('',#658,#657);
#660=DIRECTION('',(0.E0,0.E0,-1.E0));
#661=VECTOR('',#660,5.5E-1);
#662=CARTESIAN_POINT('',(-5.E0,-2.655E0,-3.525E0));
#663=LINE('',#662,#661);
#664=DIRECTION('',(0.E0,0.E0,-1.E0));
#665=VECTOR('',#664,1.525E0);
#666=CARTESIAN_POINT('',(-5.E0,-4.275E0,4.375E0));
#667=LINE('',#666,#665);
#668=DIRECTION('',(0.E0,0.E0,-1.E0));
#669=VECTOR('',#668,8.5E-1);
#670=CARTESIAN_POINT('',(-5.E0,-4.225E0,3.725E0));
#671=LINE('',#670,#669);
#672=DIRECTION('',(0.E0,-1.E0,0.E0));
#673=VECTOR('',#672,8.5E-1);
#674=CARTESIAN_POINT('',(-5.E0,-3.375E0,3.725E0));
#675=LINE('',#674,#673);
#676=DIRECTION('',(0.E0,0.E0,1.E0));
#677=VECTOR('',#676,2.5E-1);
#678=CARTESIAN_POINT('',(-5.E0,-3.375E0,3.475E0));
#679=LINE('',#678,#677);
#680=CARTESIAN_POINT('',(-5.E0,-3.275E0,3.475E0));
#681=DIRECTION('',(1.E0,0.E0,0.E0));
#682=DIRECTION('',(0.E0,-1.E0,0.E0));
#683=AXIS2_PLACEMENT_3D('',#680,#681,#682);
#685=DIRECTION('',(0.E0,-1.E0,0.E0));
#686=VECTOR('',#685,6.68E0);
#687=CARTESIAN_POINT('',(-5.E0,3.405E0,3.375E0));
#688=LINE('',#687,#686);
#689=DIRECTION('',(0.E0,-7.071067811866E-1,7.071067811865E-1));
#690=VECTOR('',#689,2.121320343560E-1);
#691=CARTESIAN_POINT('',(-5.E0,3.555E0,3.225E0));
#692=LINE('',#691,#690);
#693=DIRECTION('',(0.E0,0.E0,1.E0));
#694=VECTOR('',#693,4.E-1);
#695=CARTESIAN_POINT('',(-5.E0,3.555E0,2.825E0));
#696=LINE('',#695,#694);
#697=DIRECTION('',(0.E0,-4.472135955E-1,8.944271909999E-1));
#698=VECTOR('',#697,4.919349550500E-1);
#699=CARTESIAN_POINT('',(-5.E0,3.775E0,2.385E0));
#700=LINE('',#699,#698);
#701=DIRECTION('',(0.E0,0.E0,1.E0));
#702=VECTOR('',#701,1.51E0);
#703=CARTESIAN_POINT('',(-5.E0,3.775E0,8.75E-1));
#704=LINE('',#703,#702);
#705=DIRECTION('',(0.E0,1.E0,0.E0));
#706=VECTOR('',#705,4.6E-1);
#707=CARTESIAN_POINT('',(-5.E0,3.315E0,8.75E-1));
#708=LINE('',#707,#706);
#709=DIRECTION('',(0.E0,0.E0,1.E0));
#710=VECTOR('',#709,6.E-1);
#711=CARTESIAN_POINT('',(-5.E0,3.315E0,2.75E-1));
#712=LINE('',#711,#710);
#713=DIRECTION('',(0.E0,7.071067811865E-1,7.071067811865E-1));
#714=VECTOR('',#713,1.979898987322E-1);
#715=CARTESIAN_POINT('',(-5.E0,3.175E0,1.35E-1));
#716=LINE('',#715,#714);
#717=DIRECTION('',(0.E0,0.E0,1.E0));
#718=VECTOR('',#717,1.94E0);
#719=CARTESIAN_POINT('',(-5.E0,3.175E0,-1.805E0));
#720=LINE('',#719,#718);
#721=DIRECTION('',(0.E0,0.E0,1.E0));
#722=VECTOR('',#721,1.41E0);
#723=CARTESIAN_POINT('',(-5.E0,3.205E0,-1.805E0));
#724=LINE('',#723,#722);
#725=DIRECTION('',(0.E0,7.071067811865E-1,7.071067811865E-1));
#726=VECTOR('',#725,2.121320343560E-1);
#727=CARTESIAN_POINT('',(-5.E0,3.205E0,-3.95E-1));
#728=LINE('',#727,#726);
#729=DIRECTION('',(0.E0,0.E0,1.E0));
#730=VECTOR('',#729,8.7E-1);
#731=CARTESIAN_POINT('',(-5.E0,3.355E0,-2.45E-1));
#732=LINE('',#731,#730);
#733=DIRECTION('',(0.E0,7.071067811865E-1,7.071067811865E-1));
#734=VECTOR('',#733,2.828427124746E-1);
#735=CARTESIAN_POINT('',(-5.E0,3.355E0,6.25E-1));
#736=LINE('',#735,#734);
#737=DIRECTION('',(0.E0,1.E0,0.E0));
#738=VECTOR('',#737,1.02E0);
#739=CARTESIAN_POINT('',(-5.E0,3.555E0,8.25E-1));
#740=LINE('',#739,#738);
#741=DIRECTION('',(0.E0,0.E0,-1.E0));
#742=VECTOR('',#741,1.725E0);
#743=CARTESIAN_POINT('',(-5.E0,-4.275E0,-1.15E0));
#744=LINE('',#743,#742);
#745=DIRECTION('',(0.E0,0.E0,1.E0));
#746=VECTOR('',#745,3.1E0);
#747=CARTESIAN_POINT('',(-5.E0,-3.175E0,-2.875E0));
#748=LINE('',#747,#746);
#749=DIRECTION('',(0.E0,7.071067811865E-1,7.071067811865E-1));
#750=VECTOR('',#749,8.485281374239E-1);
#751=CARTESIAN_POINT('',(-5.E0,-3.175E0,2.25E-1));
#752=LINE('',#751,#750);
#753=DIRECTION('',(0.E0,1.E0,0.E0));
#754=VECTOR('',#753,1.1E0);
#755=CARTESIAN_POINT('',(-5.E0,-2.575E0,8.25E-1));
#756=LINE('',#755,#754);
#757=DIRECTION('',(0.E0,7.071067811865E-1,-7.071067811865E-1));
#758=VECTOR('',#757,4.949747468306E-1);
#759=CARTESIAN_POINT('',(-5.E0,-1.475E0,8.25E-1));
#760=LINE('',#759,#758);
#761=DIRECTION('',(0.E0,0.E0,-1.E0));
#762=VECTOR('',#761,4.E-1);
#763=CARTESIAN_POINT('',(-5.E0,-1.125E0,8.75E-1));
#764=LINE('',#763,#762);
#765=DIRECTION('',(0.E0,1.E0,0.E0));
#766=VECTOR('',#765,2.15E0);
#767=CARTESIAN_POINT('',(-5.E0,-3.275E0,8.75E-1));
#768=LINE('',#767,#766);
#769=DIRECTION('',(0.E0,0.E0,1.E0));
#770=VECTOR('',#769,2.39E0);
#771=CARTESIAN_POINT('',(-5.E0,-3.275E0,-1.515E0));
#772=LINE('',#771,#770);
#773=DIRECTION('',(0.E0,4.667586195581E-1,8.843847528470E-1));
#774=VECTOR('',#773,4.070626487410E-1);
#775=CARTESIAN_POINT('',(-5.E0,-3.465E0,-1.875E0));
#776=LINE('',#775,#774);
#777=DIRECTION('',(0.E0,0.E0,1.E0));
#778=VECTOR('',#777,3.E-1);
#779=CARTESIAN_POINT('',(-5.E0,-3.465E0,-2.175E0));
#780=LINE('',#779,#778);
#781=DIRECTION('',(0.E0,7.071067811865E-1,7.071067811865E-1));
#782=VECTOR('',#781,1.414213562373E-1);
#783=CARTESIAN_POINT('',(-5.E0,-3.565E0,-2.275E0));
#784=LINE('',#783,#782);
#785=DIRECTION('',(0.E0,1.E0,0.E0));
#786=VECTOR('',#785,5.5E-1);
#787=CARTESIAN_POINT('',(-5.E0,-4.115E0,-2.275E0));
#788=LINE('',#787,#786);
#789=DIRECTION('',(0.E0,7.399400733959E-1,-6.726727939963E-1));
#790=VECTOR('',#789,1.486606874732E-1);
#791=CARTESIAN_POINT('',(-5.E0,-4.225E0,-2.175E0));
#792=LINE('',#791,#790);
#793=DIRECTION('',(0.E0,0.E0,-1.E0));
#794=VECTOR('',#793,1.E0);
#795=CARTESIAN_POINT('',(-5.E0,-4.225E0,-1.175E0));
#796=LINE('',#795,#794);
#797=DIRECTION('',(-1.E0,0.E0,0.E0));
#798=VECTOR('',#797,3.45E-1);
#799=CARTESIAN_POINT('',(4.42E0,-4.275E0,-4.125E0));
#800=LINE('',#799,#798);
#801=DIRECTION('',(0.E0,-1.E0,0.E0));
#802=VECTOR('',#801,9.5E-1);
#803=CARTESIAN_POINT('',(4.42E0,-3.325E0,-4.125E0));
#804=LINE('',#803,#802);
#805=DIRECTION('',(-1.E0,0.E0,0.E0));
#806=VECTOR('',#805,5.8E-1);
#807=CARTESIAN_POINT('',(5.E0,-3.325E0,-4.125E0));
#808=LINE('',#807,#806);
#809=DIRECTION('',(1.E0,0.E0,0.E0));
#810=VECTOR('',#809,1.05E0);
#811=CARTESIAN_POINT('',(3.95E0,3.875E0,-4.125E0));
#812=LINE('',#811,#810);
#813=DIRECTION('',(0.E0,-1.E0,0.E0));
#814=VECTOR('',#813,7.E-1);
#815=CARTESIAN_POINT('',(3.95E0,4.575E0,-4.125E0));
#816=LINE('',#815,#814);
#817=DIRECTION('',(0.E0,-1.E0,0.E0));
#818=VECTOR('',#817,2.5E-1);
#819=CARTESIAN_POINT('',(3.5E0,4.575E0,-4.125E0));
#820=LINE('',#819,#818);
#821=DIRECTION('',(-1.E0,0.E0,0.E0));
#822=VECTOR('',#821,7.E0);
#823=CARTESIAN_POINT('',(3.5E0,4.325E0,-4.125E0));
#824=LINE('',#823,#822);
#825=DIRECTION('',(0.E0,-1.E0,0.E0));
#826=VECTOR('',#825,2.5E-1);
#827=CARTESIAN_POINT('',(-3.5E0,4.575E0,-4.125E0));
#828=LINE('',#827,#826);
#829=DIRECTION('',(0.E0,1.E0,0.E0));
#830=VECTOR('',#829,7.E-1);
#831=CARTESIAN_POINT('',(-3.95E0,3.875E0,-4.125E0));
#832=LINE('',#831,#830);
#833=DIRECTION('',(1.E0,0.E0,0.E0));
#834=VECTOR('',#833,1.05E0);
#835=CARTESIAN_POINT('',(-5.E0,3.875E0,-4.125E0));
#836=LINE('',#835,#834);
#837=DIRECTION('',(-1.E0,0.E0,0.E0));
#838=VECTOR('',#837,5.8E-1);
#839=CARTESIAN_POINT('',(-4.42E0,-3.325E0,-4.125E0));
#840=LINE('',#839,#838);
#841=DIRECTION('',(0.E0,1.E0,0.E0));
#842=VECTOR('',#841,9.5E-1);
#843=CARTESIAN_POINT('',(-4.42E0,-4.275E0,-4.125E0));
#844=LINE('',#843,#842);
#845=DIRECTION('',(-1.E0,0.E0,0.E0));
#846=VECTOR('',#845,3.45E-1);
#847=CARTESIAN_POINT('',(-4.075E0,-4.275E0,-4.125E0));
#848=LINE('',#847,#846);
#849=DIRECTION('',(0.E0,1.E0,0.E0));
#850=VECTOR('',#849,3.61E0);
#851=CARTESIAN_POINT('',(-4.075E0,-4.275E0,-4.125E0));
#852=LINE('',#851,#850);
#853=DIRECTION('',(1.E0,0.E0,0.E0));
#854=VECTOR('',#853,8.15E0);
#855=CARTESIAN_POINT('',(-4.075E0,-6.65E-1,-4.125E0));
#856=LINE('',#855,#854);
#857=DIRECTION('',(0.E0,1.E0,0.E0));
#858=VECTOR('',#857,3.61E0);
#859=CARTESIAN_POINT('',(4.075E0,-4.275E0,-4.125E0));
#860=LINE('',#859,#858);
#861=DIRECTION('',(0.E0,0.E0,-1.E0));
#862=VECTOR('',#861,1.5E0);
#863=CARTESIAN_POINT('',(-5.E0,-4.275E0,-2.875E0));
#864=LINE('',#863,#862);
#865=DIRECTION('',(0.E0,0.E0,-1.E0));
#866=VECTOR('',#865,4.E0);
#867=CARTESIAN_POINT('',(-5.E0,-4.275E0,2.85E0));
#868=LINE('',#867,#866);
#869=DIRECTION('',(0.E0,0.E0,1.E0));
#870=VECTOR('',#869,8.E-1);
#871=CARTESIAN_POINT('',(-4.9E0,-4.275E0,3.575E0));
#872=LINE('',#871,#870);
#873=DIRECTION('',(-1.E0,0.E0,0.E0));
#874=VECTOR('',#873,1.15E0);
#875=CARTESIAN_POINT('',(-3.75E0,-4.275E0,3.575E0));
#876=LINE('',#875,#874);
#877=DIRECTION('',(0.E0,0.E0,1.E0));
#878=VECTOR('',#877,6.E0);
#879=CARTESIAN_POINT('',(-3.75E0,-4.275E0,-2.425E0));
#880=LINE('',#879,#878);
#881=DIRECTION('',(-1.E0,0.E0,0.E0));
#882=VECTOR('',#881,7.5E0);
#883=CARTESIAN_POINT('',(3.75E0,-4.275E0,-2.425E0));
#884=LINE('',#883,#882);
#885=DIRECTION('',(0.E0,0.E0,-1.E0));
#886=VECTOR('',#885,6.E0);
#887=CARTESIAN_POINT('',(3.75E0,-4.275E0,3.575E0));
#888=LINE('',#887,#886);
#889=DIRECTION('',(-1.E0,0.E0,0.E0));
#890=VECTOR('',#889,1.15E0);
#891=CARTESIAN_POINT('',(4.9E0,-4.275E0,3.575E0));
#892=LINE('',#891,#890);
#893=DIRECTION('',(0.E0,0.E0,-1.E0));
#894=VECTOR('',#893,8.E-1);
#895=CARTESIAN_POINT('',(4.9E0,-4.275E0,4.375E0));
#896=LINE('',#895,#894);
#897=DIRECTION('',(0.E0,0.E0,1.E0));
#898=VECTOR('',#897,4.E0);
#899=CARTESIAN_POINT('',(5.E0,-4.275E0,-1.15E0));
#900=LINE('',#899,#898);
#901=DIRECTION('',(0.E0,0.E0,1.E0));
#902=VECTOR('',#901,1.5E0);
#903=CARTESIAN_POINT('',(5.E0,-4.275E0,-4.375E0));
#904=LINE('',#903,#902);
#905=DIRECTION('',(0.E0,8.944271909999E-1,4.472135955E-1));
#906=VECTOR('',#905,3.913118960625E-1);
#907=CARTESIAN_POINT('',(-5.E0,-4.625E0,2.675E0));
#908=LINE('',#907,#906);
#909=DIRECTION('',(0.E0,-8.944271909999E-1,4.472135955E-1));
#910=VECTOR('',#909,3.913118960625E-1);
#911=CARTESIAN_POINT('',(-5.E0,-4.275E0,-1.15E0));
#912=LINE('',#911,#910);
#913=DIRECTION('',(0.E0,0.E0,1.E0));
#914=VECTOR('',#913,1.5E0);
#915=CARTESIAN_POINT('',(-5.E0,-4.575E0,-4.375E0));
#916=LINE('',#915,#914);
#917=DIRECTION('',(0.E0,0.E0,1.E0));
#918=VECTOR('',#917,1.5E0);
#919=CARTESIAN_POINT('',(-5.9E0,-4.575E0,-4.375E0));
#920=LINE('',#919,#918);
#921=DIRECTION('',(1.E0,0.E0,0.E0));
#922=VECTOR('',#921,9.E-1);
#923=CARTESIAN_POINT('',(-5.9E0,-4.575E0,-2.875E0));
#924=LINE('',#923,#922);
#925=DIRECTION('',(0.E0,0.E0,1.E0));
#926=VECTOR('',#925,1.5E0);
#927=CARTESIAN_POINT('',(5.E0,-4.575E0,-4.375E0));
#928=LINE('',#927,#926);
#929=DIRECTION('',(-1.E0,0.E0,0.E0));
#930=VECTOR('',#929,9.E-1);
#931=CARTESIAN_POINT('',(5.9E0,-4.575E0,-2.875E0));
#932=LINE('',#931,#930);
#933=DIRECTION('',(0.E0,0.E0,-1.E0));
#934=VECTOR('',#933,8.E-1);
#935=CARTESIAN_POINT('',(4.9E0,-4.575E0,4.375E0));
#936=LINE('',#935,#934);
#937=DIRECTION('',(-1.E0,0.E0,0.E0));
#938=VECTOR('',#937,1.15E0);
#939=CARTESIAN_POINT('',(4.9E0,-4.575E0,3.575E0));
#940=LINE('',#939,#938);
#941=DIRECTION('',(0.E0,0.E0,1.E0));
#942=VECTOR('',#941,8.E-1);
#943=CARTESIAN_POINT('',(3.75E0,-4.575E0,3.575E0));
#944=LINE('',#943,#942);
#945=DIRECTION('',(-1.E0,0.E0,0.E0));
#946=VECTOR('',#945,1.15E0);
#947=CARTESIAN_POINT('',(-3.75E0,-4.575E0,3.575E0));
#948=LINE('',#947,#946);
#949=DIRECTION('',(0.E0,0.E0,-1.E0));
#950=VECTOR('',#949,8.E-1);
#951=CARTESIAN_POINT('',(-4.9E0,-4.575E0,4.375E0));
#952=LINE('',#951,#950);
#953=DIRECTION('',(0.E0,0.E0,-1.E0));
#954=VECTOR('',#953,8.E-1);
#955=CARTESIAN_POINT('',(-3.75E0,-4.575E0,4.375E0));
#956=LINE('',#955,#954);
#957=DIRECTION('',(0.E0,0.E0,1.E0));
#958=VECTOR('',#957,2.25E0);
#959=CARTESIAN_POINT('',(-5.9E0,-2.055E0,-3.125E0));
#960=LINE('',#959,#958);
#961=DIRECTION('',(0.E0,-1.E0,0.E0));
#962=VECTOR('',#961,6.63E0);
#963=CARTESIAN_POINT('',(-5.9E0,4.575E0,-3.125E0));
#964=LINE('',#963,#962);
#965=DIRECTION('',(0.E0,0.E0,1.E0));
#966=VECTOR('',#965,3.95E0);
#967=CARTESIAN_POINT('',(-5.9E0,4.575E0,-3.125E0));
#968=LINE('',#967,#966);
#969=DIRECTION('',(0.E0,-1.E0,0.E0));
#970=VECTOR('',#969,8.03E0);
#971=CARTESIAN_POINT('',(-5.9E0,4.575E0,8.25E-1));
#972=LINE('',#971,#970);
#973=DIRECTION('',(0.E0,7.071067811865E-1,7.071067811865E-1));
#974=VECTOR('',#973,4.242640687119E-1);
#975=CARTESIAN_POINT('',(-5.9E0,-3.755E0,5.25E-1));
#976=LINE('',#975,#974);
#977=DIRECTION('',(0.E0,0.E0,1.E0));
#978=VECTOR('',#977,1.75E0);
#979=CARTESIAN_POINT('',(-5.9E0,-3.755E0,-1.225E0));
#980=LINE('',#979,#978);
#981=DIRECTION('',(0.E0,7.071067811865E-1,7.071067811865E-1));
#982=VECTOR('',#981,4.242640687119E-1);
#983=CARTESIAN_POINT('',(-5.9E0,-4.055E0,-1.525E0));
#984=LINE('',#983,#982);
#985=DIRECTION('',(0.E0,0.E0,1.E0));
#986=VECTOR('',#985,1.15E0);
#987=CARTESIAN_POINT('',(-5.9E0,-4.055E0,-2.675E0));
#988=LINE('',#987,#986);
#989=DIRECTION('',(0.E0,7.071067811865E-1,7.071067811865E-1));
#990=VECTOR('',#989,2.828427124746E-1);
#991=CARTESIAN_POINT('',(-5.9E0,-4.255E0,-2.875E0));
#992=LINE('',#991,#990);
#993=DIRECTION('',(0.E0,1.E0,0.E0));
#994=VECTOR('',#993,3.2E-1);
#995=CARTESIAN_POINT('',(-5.9E0,-4.575E0,-2.875E0));
#996=LINE('',#995,#994);
#997=DIRECTION('',(0.E0,0.E0,1.E0));
#998=VECTOR('',#997,3.E-1);
#999=CARTESIAN_POINT('',(-5.9E0,-3.325E0,-4.375E0));
#1000=LINE('',#999,#998);
#1001=DIRECTION('',(0.E0,1.E0,0.E0));
#1002=VECTOR('',#1001,6.7E-1);
#1003=CARTESIAN_POINT('',(-5.9E0,-3.325E0,-4.075E0));
#1004=LINE('',#1003,#1002);
#1005=DIRECTION('',(0.E0,-1.E0,0.E0));
#1006=VECTOR('',#1005,6.E-1);
#1007=CARTESIAN_POINT('',(-5.9E0,-2.055E0,-8.75E-1));
#1008=LINE('',#1007,#1006);
#1009=DIRECTION('',(1.E0,0.E0,0.E0));
#1010=VECTOR('',#1009,5.E-1);
#1011=CARTESIAN_POINT('',(-5.9E0,-2.055E0,-8.75E-1));
#1012=LINE('',#1011,#1010);
#1013=DIRECTION('',(1.E0,0.E0,0.E0));
#1014=VECTOR('',#1013,4.E-1);
#1015=CARTESIAN_POINT('',(-5.4E0,-2.655E0,-3.525E0));
#1016=LINE('',#1015,#1014);
#1017=DIRECTION('',(1.E0,0.E0,0.E0));
#1018=VECTOR('',#1017,5.E-1);
#1019=CARTESIAN_POINT('',(-5.9E0,-2.655E0,-8.75E-1));
#1020=LINE('',#1019,#1018);
#1021=DIRECTION('',(0.E0,0.E0,-1.E0));
#1022=VECTOR('',#1021,3.2E0);
#1023=CARTESIAN_POINT('',(-5.9E0,-2.655E0,-8.75E-1));
#1024=LINE('',#1023,#1022);
#1025=DIRECTION('',(-1.E0,0.E0,0.E0));
#1026=VECTOR('',#1025,9.E-1);
#1027=CARTESIAN_POINT('',(-5.E0,-2.655E0,-4.075E0));
#1028=LINE('',#1027,#1026);
#1029=DIRECTION('',(0.E0,-7.071067811865E-1,-7.071067811865E-1));
#1030=VECTOR('',#1029,5.656854249492E-1);
#1031=CARTESIAN_POINT('',(-5.4E0,-2.255E0,-3.125E0));
#1032=LINE('',#1031,#1030);
#1033=DIRECTION('',(1.E0,0.E0,0.E0));
#1034=VECTOR('',#1033,4.E-1);
#1035=CARTESIAN_POINT('',(-5.4E0,-2.255E0,-3.125E0));
#1036=LINE('',#1035,#1034);
#1037=DIRECTION('',(0.E0,0.E0,1.E0));
#1038=VECTOR('',#1037,2.25E0);
#1039=CARTESIAN_POINT('',(-5.4E0,-2.055E0,-3.125E0));
#1040=LINE('',#1039,#1038);
#1041=DIRECTION('',(0.E0,-1.E0,0.E0));
#1042=VECTOR('',#1041,6.E-1);
#1043=CARTESIAN_POINT('',(-5.4E0,-2.055E0,-8.75E-1));
#1044=LINE('',#1043,#1042);
#1045=DIRECTION('',(0.E0,0.E0,-1.E0));
#1046=VECTOR('',#1045,2.65E0);
#1047=CARTESIAN_POINT('',(-5.4E0,-2.655E0,-8.75E-1));
#1048=LINE('',#1047,#1046);
#1049=DIRECTION('',(0.E0,1.E0,0.E0));
#1050=VECTOR('',#1049,2.E-1);
#1051=CARTESIAN_POINT('',(-5.4E0,-2.255E0,-3.125E0));
#1052=LINE('',#1051,#1050);
#1053=DIRECTION('',(-1.E0,0.E0,0.E0));
#1054=VECTOR('',#1053,5.6E-1);
#1055=CARTESIAN_POINT('',(-5.E0,-1.175E0,-3.125E0));
#1056=LINE('',#1055,#1054);
#1057=DIRECTION('',(0.E0,1.E0,0.E0));
#1058=VECTOR('',#1057,4.43E0);
#1059=CARTESIAN_POINT('',(-5.56E0,-1.175E0,-3.125E0));
#1060=LINE('',#1059,#1058);
#1061=DIRECTION('',(-1.E0,0.E0,0.E0));
#1062=VECTOR('',#1061,5.6E-1);
#1063=CARTESIAN_POINT('',(-5.E0,3.255E0,-3.125E0));
#1064=LINE('',#1063,#1062);
#1065=DIRECTION('',(1.E0,0.E0,0.E0));
#1066=VECTOR('',#1065,5.E-1);
#1067=CARTESIAN_POINT('',(-5.9E0,-2.055E0,-3.125E0));
#1068=LINE('',#1067,#1066);
#1069=DIRECTION('',(-1.E0,0.E0,0.E0));
#1070=VECTOR('',#1069,1.E-1);
#1071=CARTESIAN_POINT('',(-4.9E0,-1.175E0,-4.125E0));
#1072=LINE('',#1071,#1070);
#1073=DIRECTION('',(-1.E0,0.E0,0.E0));
#1074=VECTOR('',#1073,6.6E-1);
#1075=CARTESIAN_POINT('',(-4.9E0,-1.175E0,-1.805E0));
#1076=LINE('',#1075,#1074);
#1077=DIRECTION('',(0.E0,1.E0,0.E0));
#1078=VECTOR('',#1077,4.43E0);
#1079=CARTESIAN_POINT('',(-4.9E0,-1.175E0,-4.125E0));
#1080=LINE('',#1079,#1078);
#1081=DIRECTION('',(0.E0,0.E0,1.E0));
#1082=VECTOR('',#1081,2.32E0);
#1083=CARTESIAN_POINT('',(-4.9E0,3.255E0,-4.125E0));
#1084=LINE('',#1083,#1082);
#1085=DIRECTION('',(0.E0,-1.E0,0.E0));
#1086=VECTOR('',#1085,4.43E0);
#1087=CARTESIAN_POINT('',(-4.9E0,3.255E0,-1.805E0));
#1088=LINE('',#1087,#1086);
#1089=DIRECTION('',(0.E0,0.E0,-1.E0));
#1090=VECTOR('',#1089,2.32E0);
#1091=CARTESIAN_POINT('',(-4.9E0,-1.175E0,-1.805E0));
#1092=LINE('',#1091,#1090);
#1093=DIRECTION('',(-1.E0,0.E0,0.E0));
#1094=VECTOR('',#1093,1.E-1);
#1095=CARTESIAN_POINT('',(-4.9E0,3.255E0,-4.125E0));
#1096=LINE('',#1095,#1094);
#1097=DIRECTION('',(0.E0,0.E0,-1.E0));
#1098=VECTOR('',#1097,1.32E0);
#1099=CARTESIAN_POINT('',(-5.56E0,-1.175E0,-1.805E0));
#1100=LINE('',#1099,#1098);
#1101=DIRECTION('',(0.E0,-1.E0,0.E0));
#1102=VECTOR('',#1101,4.43E0);
#1103=CARTESIAN_POINT('',(-5.56E0,3.255E0,-1.805E0));
#1104=LINE('',#1103,#1102);
#1105=DIRECTION('',(0.E0,0.E0,1.E0));
#1106=VECTOR('',#1105,1.32E0);
#1107=CARTESIAN_POINT('',(-5.56E0,3.255E0,-3.125E0));
#1108=LINE('',#1107,#1106);
#1109=DIRECTION('',(-1.E0,0.E0,0.E0));
#1110=VECTOR('',#1109,6.6E-1);
#1111=CARTESIAN_POINT('',(-4.9E0,3.255E0,-1.805E0));
#1112=LINE('',#1111,#1110);
#1113=DIRECTION('',(-1.E0,0.E0,0.E0));
#1114=VECTOR('',#1113,5.E-2);
#1115=CARTESIAN_POINT('',(-5.4E0,-1.125E0,-1.805E0));
#1116=LINE('',#1115,#1114);
#1117=DIRECTION('',(0.E0,-1.E0,0.E0));
#1118=VECTOR('',#1117,4.33E0);
#1119=CARTESIAN_POINT('',(-5.45E0,3.205E0,-1.805E0));
#1120=LINE('',#1119,#1118);
#1121=DIRECTION('',(-1.E0,0.E0,0.E0));
#1122=VECTOR('',#1121,4.5E-1);
#1123=CARTESIAN_POINT('',(-5.E0,3.205E0,-1.805E0));
#1124=LINE('',#1123,#1122);
#1125=DIRECTION('',(0.E0,-1.E0,0.E0));
#1126=VECTOR('',#1125,3.E-2);
#1127=CARTESIAN_POINT('',(-5.E0,3.205E0,-1.805E0));
#1128=LINE('',#1127,#1126);
#1129=DIRECTION('',(0.E0,-1.E0,0.E0));
#1130=VECTOR('',#1129,4.3E0);
#1131=CARTESIAN_POINT('',(-5.E0,3.175E0,-1.805E0));
#1132=LINE('',#1131,#1130);
#1133=DIRECTION('',(-1.E0,0.E0,0.E0));
#1134=VECTOR('',#1133,4.E-1);
#1135=CARTESIAN_POINT('',(-5.E0,-1.125E0,-1.805E0));
#1136=LINE('',#1135,#1134);
#1137=DIRECTION('',(0.E0,0.E0,-1.E0));
#1138=VECTOR('',#1137,2.28E0);
#1139=CARTESIAN_POINT('',(-5.4E0,-1.125E0,4.75E-1));
#1140=LINE('',#1139,#1138);
#1141=DIRECTION('',(-1.E0,0.E0,0.E0));
#1142=VECTOR('',#1141,5.E-2);
#1143=CARTESIAN_POINT('',(-5.4E0,-1.125E0,4.75E-1));
#1144=LINE('',#1143,#1142);
#1145=DIRECTION('',(0.E0,-8.944271909999E-1,4.472135955E-1));
#1146=VECTOR('',#1145,4.472135955E-1);
#1147=CARTESIAN_POINT('',(-5.4E0,-4.225E0,-1.175E0));
#1148=LINE('',#1147,#1146);
#1149=DIRECTION('',(0.E0,0.E0,-1.E0));
#1150=VECTOR('',#1149,1.E0);
#1151=CARTESIAN_POINT('',(-5.4E0,-4.225E0,-1.175E0));
#1152=LINE('',#1151,#1150);
#1153=DIRECTION('',(0.E0,7.399400733959E-1,-6.726727939963E-1));
#1154=VECTOR('',#1153,1.486606874732E-1);
#1155=CARTESIAN_POINT('',(-5.4E0,-4.225E0,-2.175E0));
#1156=LINE('',#1155,#1154);
#1157=DIRECTION('',(0.E0,1.E0,0.E0));
#1158=VECTOR('',#1157,5.5E-1);
#1159=CARTESIAN_POINT('',(-5.4E0,-4.115E0,-2.275E0));
#1160=LINE('',#1159,#1158);
#1161=DIRECTION('',(0.E0,7.071067811865E-1,7.071067811865E-1));
#1162=VECTOR('',#1161,1.414213562373E-1);
#1163=CARTESIAN_POINT('',(-5.4E0,-3.565E0,-2.275E0));
#1164=LINE('',#1163,#1162);
#1165=DIRECTION('',(0.E0,0.E0,1.E0));
#1166=VECTOR('',#1165,3.E-1);
#1167=CARTESIAN_POINT('',(-5.4E0,-3.465E0,-2.175E0));
#1168=LINE('',#1167,#1166);
#1169=DIRECTION('',(0.E0,4.667586195581E-1,8.843847528470E-1));
#1170=VECTOR('',#1169,4.070626487410E-1);
#1171=CARTESIAN_POINT('',(-5.4E0,-3.465E0,-1.875E0));
#1172=LINE('',#1171,#1170);
#1173=DIRECTION('',(0.E0,0.E0,1.E0));
#1174=VECTOR('',#1173,2.39E0);
#1175=CARTESIAN_POINT('',(-5.4E0,-3.275E0,-1.515E0));
#1176=LINE('',#1175,#1174);
#1177=DIRECTION('',(0.E0,1.E0,0.E0));
#1178=VECTOR('',#1177,2.15E0);
#1179=CARTESIAN_POINT('',(-5.4E0,-3.275E0,8.75E-1));
#1180=LINE('',#1179,#1178);
#1181=DIRECTION('',(0.E0,0.E0,-1.E0));
#1182=VECTOR('',#1181,4.E-1);
#1183=CARTESIAN_POINT('',(-5.4E0,-1.125E0,8.75E-1));
#1184=LINE('',#1183,#1182);
#1185=DIRECTION('',(0.E0,0.E0,-1.E0));
#1186=VECTOR('',#1185,2.22E0);
#1187=CARTESIAN_POINT('',(-5.4E0,-1.125E0,-1.805E0));
#1188=LINE('',#1187,#1186);
#1189=DIRECTION('',(0.E0,3.511234415884E-1,-9.363291775690E-1));
#1190=VECTOR('',#1189,4.272001872659E-1);
#1191=CARTESIAN_POINT('',(-5.4E0,-1.125E0,-4.025E0));
#1192=LINE('',#1191,#1190);
#1193=DIRECTION('',(0.E0,1.E0,0.E0));
#1194=VECTOR('',#1193,4.E0);
#1195=CARTESIAN_POINT('',(-5.4E0,-9.75E-1,-4.425E0));
#1196=LINE('',#1195,#1194);
#1197=DIRECTION('',(0.E0,3.511234415884E-1,9.363291775690E-1));
#1198=VECTOR('',#1197,4.272001872659E-1);
#1199=CARTESIAN_POINT('',(-5.4E0,3.025E0,-4.425E0));
#1200=LINE('',#1199,#1198);
#1201=DIRECTION('',(0.E0,0.E0,1.E0));
#1202=VECTOR('',#1201,4.16E0);
#1203=CARTESIAN_POINT('',(-5.4E0,3.175E0,-4.025E0));
#1204=LINE('',#1203,#1202);
#1205=DIRECTION('',(0.E0,7.071067811865E-1,7.071067811865E-1));
#1206=VECTOR('',#1205,1.979898987322E-1);
#1207=CARTESIAN_POINT('',(-5.4E0,3.175E0,1.35E-1));
#1208=LINE('',#1207,#1206);
#1209=DIRECTION('',(0.E0,0.E0,1.E0));
#1210=VECTOR('',#1209,6.E-1);
#1211=CARTESIAN_POINT('',(-5.4E0,3.315E0,2.75E-1));
#1212=LINE('',#1211,#1210);
#1213=DIRECTION('',(0.E0,1.E0,0.E0));
#1214=VECTOR('',#1213,4.6E-1);
#1215=CARTESIAN_POINT('',(-5.4E0,3.315E0,8.75E-1));
#1216=LINE('',#1215,#1214);
#1217=DIRECTION('',(0.E0,0.E0,1.E0));
#1218=VECTOR('',#1217,1.51E0);
#1219=CARTESIAN_POINT('',(-5.4E0,3.775E0,8.75E-1));
#1220=LINE('',#1219,#1218);
#1221=DIRECTION('',(0.E0,-4.472135955E-1,8.944271909999E-1));
#1222=VECTOR('',#1221,4.919349550500E-1);
#1223=CARTESIAN_POINT('',(-5.4E0,3.775E0,2.385E0));
#1224=LINE('',#1223,#1222);
#1225=DIRECTION('',(0.E0,0.E0,1.E0));
#1226=VECTOR('',#1225,4.E-1);
#1227=CARTESIAN_POINT('',(-5.4E0,3.555E0,2.825E0));
#1228=LINE('',#1227,#1226);
#1229=DIRECTION('',(0.E0,-7.071067811866E-1,7.071067811865E-1));
#1230=VECTOR('',#1229,2.121320343560E-1);
#1231=CARTESIAN_POINT('',(-5.4E0,3.555E0,3.225E0));
#1232=LINE('',#1231,#1230);
#1233=DIRECTION('',(0.E0,-1.E0,0.E0));
#1234=VECTOR('',#1233,6.68E0);
#1235=CARTESIAN_POINT('',(-5.4E0,3.405E0,3.375E0));
#1236=LINE('',#1235,#1234);
#1237=CARTESIAN_POINT('',(-5.4E0,-3.275E0,3.475E0));
#1238=DIRECTION('',(-1.E0,0.E0,0.E0));
#1239=DIRECTION('',(0.E0,0.E0,-1.E0));
#1240=AXIS2_PLACEMENT_3D('',#1237,#1238,#1239);
#1242=DIRECTION('',(0.E0,0.E0,1.E0));
#1243=VECTOR('',#1242,2.5E-1);
#1244=CARTESIAN_POINT('',(-5.4E0,-3.375E0,3.475E0));
#1245=LINE('',#1244,#1243);
#1246=DIRECTION('',(0.E0,-1.E0,0.E0));
#1247=VECTOR('',#1246,8.5E-1);
#1248=CARTESIAN_POINT('',(-5.4E0,-3.375E0,3.725E0));
#1249=LINE('',#1248,#1247);
#1250=DIRECTION('',(0.E0,0.E0,-1.E0));
#1251=VECTOR('',#1250,8.5E-1);
#1252=CARTESIAN_POINT('',(-5.4E0,-4.225E0,3.725E0));
#1253=LINE('',#1252,#1251);
#1254=DIRECTION('',(0.E0,8.944271909999E-1,4.472135955E-1));
#1255=VECTOR('',#1254,4.472135955E-1);
#1256=CARTESIAN_POINT('',(-5.4E0,-4.625E0,2.675E0));
#1257=LINE('',#1256,#1255);
#1258=DIRECTION('',(1.E0,0.E0,0.E0));
#1259=VECTOR('',#1258,4.E-1);
#1260=CARTESIAN_POINT('',(5.E0,-4.625E0,-9.75E-1));
#1261=LINE('',#1260,#1259);
#1262=DIRECTION('',(0.E0,0.E0,-1.E0));
#1263=VECTOR('',#1262,3.65E0);
#1264=CARTESIAN_POINT('',(5.E0,-4.625E0,2.675E0));
#1265=LINE('',#1264,#1263);
#1266=DIRECTION('',(-1.E0,0.E0,0.E0));
#1267=VECTOR('',#1266,4.E-1);
#1268=CARTESIAN_POINT('',(5.4E0,-4.625E0,2.675E0));
#1269=LINE('',#1268,#1267);
#1270=DIRECTION('',(0.E0,0.E0,1.E0));
#1271=VECTOR('',#1270,3.65E0);
#1272=CARTESIAN_POINT('',(5.4E0,-4.625E0,-9.75E-1));
#1273=LINE('',#1272,#1271);
#1274=DIRECTION('',(1.E0,0.E0,0.E0));
#1275=VECTOR('',#1274,4.E-1);
#1276=CARTESIAN_POINT('',(-5.4E0,-4.625E0,-9.75E-1));
#1277=LINE('',#1276,#1275);
#1278=DIRECTION('',(0.E0,0.E0,-1.E0));
#1279=VECTOR('',#1278,3.65E0);
#1280=CARTESIAN_POINT('',(-5.4E0,-4.625E0,2.675E0));
#1281=LINE('',#1280,#1279);
#1282=DIRECTION('',(-1.E0,0.E0,0.E0));
#1283=VECTOR('',#1282,4.E-1);
#1284=CARTESIAN_POINT('',(-5.E0,-4.625E0,2.675E0));
#1285=LINE('',#1284,#1283);
#1286=DIRECTION('',(0.E0,0.E0,1.E0));
#1287=VECTOR('',#1286,3.65E0);
#1288=CARTESIAN_POINT('',(-5.E0,-4.625E0,-9.75E-1));
#1289=LINE('',#1288,#1287);
#1290=DIRECTION('',(0.E0,-8.944271909999E-1,4.472135955E-1));
#1291=VECTOR('',#1290,5.590169943749E-2);
#1292=CARTESIAN_POINT('',(5.E0,-4.225E0,-1.175E0));
#1293=LINE('',#1292,#1291);
#1294=DIRECTION('',(0.E0,8.944271909999E-1,-4.472135955E-1));
#1295=VECTOR('',#1294,3.913118960625E-1);
#1296=CARTESIAN_POINT('',(5.E0,-4.625E0,-9.75E-1));
#1297=LINE('',#1296,#1295);
#1298=DIRECTION('',(0.E0,-8.944271909999E-1,-4.472135955E-1));
#1299=VECTOR('',#1298,3.913118960625E-1);
#1300=CARTESIAN_POINT('',(5.E0,-4.275E0,2.85E0));
#1301=LINE('',#1300,#1299);
#1302=DIRECTION('',(0.E0,1.E0,0.E0));
#1303=VECTOR('',#1302,3.E-1);
#1304=CARTESIAN_POINT('',(5.E0,-4.575E0,-2.875E0));
#1305=LINE('',#1304,#1303);
#1306=DIRECTION('',(0.E0,1.E0,0.E0));
#1307=VECTOR('',#1306,1.1E0);
#1308=CARTESIAN_POINT('',(5.E0,-4.275E0,-2.875E0));
#1309=LINE('',#1308,#1307);
#1310=DIRECTION('',(0.E0,1.E0,0.E0));
#1311=VECTOR('',#1310,6.2E-1);
#1312=CARTESIAN_POINT('',(5.E0,3.255E0,-4.125E0));
#1313=LINE('',#1312,#1311);
#1314=DIRECTION('',(0.E0,0.E0,1.E0));
#1315=VECTOR('',#1314,1.E0);
#1316=CARTESIAN_POINT('',(5.E0,3.255E0,-4.125E0));
#1317=LINE('',#1316,#1315);
#1318=DIRECTION('',(0.E0,-1.E0,0.E0));
#1319=VECTOR('',#1318,1.32E0);
#1320=CARTESIAN_POINT('',(5.E0,4.575E0,-3.125E0));
#1321=LINE('',#1320,#1319);
#1322=DIRECTION('',(0.E0,0.E0,1.E0));
#1323=VECTOR('',#1322,2.5E-1);
#1324=CARTESIAN_POINT('',(5.E0,3.875E0,-4.375E0));
#1325=LINE('',#1324,#1323);
#1326=DIRECTION('',(0.E0,0.E0,-1.E0));
#1327=VECTOR('',#1326,5.5E-1);
#1328=CARTESIAN_POINT('',(5.E0,-2.655E0,-3.525E0));
#1329=LINE('',#1328,#1327);
#1330=DIRECTION('',(0.E0,-7.071067811865E-1,-7.071067811865E-1));
#1331=VECTOR('',#1330,5.656854249492E-1);
#1332=CARTESIAN_POINT('',(5.E0,-2.255E0,-3.125E0));
#1333=LINE('',#1332,#1331);
#1334=DIRECTION('',(0.E0,-1.E0,0.E0));
#1335=VECTOR('',#1334,1.08E0);
#1336=CARTESIAN_POINT('',(5.E0,-1.175E0,-3.125E0));
#1337=LINE('',#1336,#1335);
#1338=DIRECTION('',(0.E0,0.E0,1.E0));
#1339=VECTOR('',#1338,1.E0);
#1340=CARTESIAN_POINT('',(5.E0,-1.175E0,-4.125E0));
#1341=LINE('',#1340,#1339);
#1342=DIRECTION('',(0.E0,-1.E0,0.E0));
#1343=VECTOR('',#1342,2.15E0);
#1344=CARTESIAN_POINT('',(5.E0,-1.175E0,-4.125E0));
#1345=LINE('',#1344,#1343);
#1346=DIRECTION('',(0.E0,0.E0,1.E0));
#1347=VECTOR('',#1346,5.E-2);
#1348=CARTESIAN_POINT('',(5.E0,-3.325E0,-4.125E0));
#1349=LINE('',#1348,#1347);
#1350=DIRECTION('',(0.E0,0.E0,-1.E0));
#1351=VECTOR('',#1350,1.525E0);
#1352=CARTESIAN_POINT('',(5.E0,-4.275E0,4.375E0));
#1353=LINE('',#1352,#1351);
#1354=DIRECTION('',(0.E0,1.E0,0.E0));
#1355=VECTOR('',#1354,1.02E0);
#1356=CARTESIAN_POINT('',(5.E0,3.555E0,8.25E-1));
#1357=LINE('',#1356,#1355);
#1358=DIRECTION('',(0.E0,7.071067811865E-1,7.071067811865E-1));
#1359=VECTOR('',#1358,2.828427124746E-1);
#1360=CARTESIAN_POINT('',(5.E0,3.355E0,6.25E-1));
#1361=LINE('',#1360,#1359);
#1362=DIRECTION('',(0.E0,0.E0,1.E0));
#1363=VECTOR('',#1362,8.7E-1);
#1364=CARTESIAN_POINT('',(5.E0,3.355E0,-2.45E-1));
#1365=LINE('',#1364,#1363);
#1366=DIRECTION('',(0.E0,7.071067811865E-1,7.071067811865E-1));
#1367=VECTOR('',#1366,2.121320343560E-1);
#1368=CARTESIAN_POINT('',(5.E0,3.205E0,-3.95E-1));
#1369=LINE('',#1368,#1367);
#1370=DIRECTION('',(0.E0,0.E0,1.E0));
#1371=VECTOR('',#1370,1.41E0);
#1372=CARTESIAN_POINT('',(5.E0,3.205E0,-1.805E0));
#1373=LINE('',#1372,#1371);
#1374=DIRECTION('',(0.E0,-1.E0,0.E0));
#1375=VECTOR('',#1374,3.E-2);
#1376=CARTESIAN_POINT('',(5.E0,3.205E0,-1.805E0));
#1377=LINE('',#1376,#1375);
#1378=DIRECTION('',(0.E0,0.E0,1.E0));
#1379=VECTOR('',#1378,1.94E0);
#1380=CARTESIAN_POINT('',(5.E0,3.175E0,-1.805E0));
#1381=LINE('',#1380,#1379);
#1382=DIRECTION('',(0.E0,7.071067811865E-1,7.071067811865E-1));
#1383=VECTOR('',#1382,1.979898987322E-1);
#1384=CARTESIAN_POINT('',(5.E0,3.175E0,1.35E-1));
#1385=LINE('',#1384,#1383);
#1386=DIRECTION('',(0.E0,0.E0,1.E0));
#1387=VECTOR('',#1386,6.E-1);
#1388=CARTESIAN_POINT('',(5.E0,3.315E0,2.75E-1));
#1389=LINE('',#1388,#1387);
#1390=DIRECTION('',(0.E0,1.E0,0.E0));
#1391=VECTOR('',#1390,4.6E-1);
#1392=CARTESIAN_POINT('',(5.E0,3.315E0,8.75E-1));
#1393=LINE('',#1392,#1391);
#1394=DIRECTION('',(0.E0,0.E0,1.E0));
#1395=VECTOR('',#1394,1.51E0);
#1396=CARTESIAN_POINT('',(5.E0,3.775E0,8.75E-1));
#1397=LINE('',#1396,#1395);
#1398=DIRECTION('',(0.E0,-4.472135955E-1,8.944271909999E-1));
#1399=VECTOR('',#1398,4.919349550500E-1);
#1400=CARTESIAN_POINT('',(5.E0,3.775E0,2.385E0));
#1401=LINE('',#1400,#1399);
#1402=DIRECTION('',(0.E0,0.E0,1.E0));
#1403=VECTOR('',#1402,4.E-1);
#1404=CARTESIAN_POINT('',(5.E0,3.555E0,2.825E0));
#1405=LINE('',#1404,#1403);
#1406=DIRECTION('',(0.E0,-7.071067811866E-1,7.071067811865E-1));
#1407=VECTOR('',#1406,2.121320343560E-1);
#1408=CARTESIAN_POINT('',(5.E0,3.555E0,3.225E0));
#1409=LINE('',#1408,#1407);
#1410=DIRECTION('',(0.E0,-1.E0,0.E0));
#1411=VECTOR('',#1410,6.68E0);
#1412=CARTESIAN_POINT('',(5.E0,3.405E0,3.375E0));
#1413=LINE('',#1412,#1411);
#1414=CARTESIAN_POINT('',(5.E0,-3.275E0,3.475E0));
#1415=DIRECTION('',(1.E0,0.E0,0.E0));
#1416=DIRECTION('',(0.E0,-1.E0,0.E0));
#1417=AXIS2_PLACEMENT_3D('',#1414,#1415,#1416);
#1419=DIRECTION('',(0.E0,0.E0,1.E0));
#1420=VECTOR('',#1419,2.5E-1);
#1421=CARTESIAN_POINT('',(5.E0,-3.375E0,3.475E0));
#1422=LINE('',#1421,#1420);
#1423=DIRECTION('',(0.E0,-1.E0,0.E0));
#1424=VECTOR('',#1423,8.5E-1);
#1425=CARTESIAN_POINT('',(5.E0,-3.375E0,3.725E0));
#1426=LINE('',#1425,#1424);
#1427=DIRECTION('',(0.E0,0.E0,-1.E0));
#1428=VECTOR('',#1427,8.5E-1);
#1429=CARTESIAN_POINT('',(5.E0,-4.225E0,3.725E0));
#1430=LINE('',#1429,#1428);
#1431=DIRECTION('',(0.E0,0.E0,-1.E0));
#1432=VECTOR('',#1431,1.725E0);
#1433=CARTESIAN_POINT('',(5.E0,-4.275E0,-1.15E0));
#1434=LINE('',#1433,#1432);
#1435=DIRECTION('',(0.E0,0.E0,-1.E0));
#1436=VECTOR('',#1435,1.E0);
#1437=CARTESIAN_POINT('',(5.E0,-4.225E0,-1.175E0));
#1438=LINE('',#1437,#1436);
#1439=DIRECTION('',(0.E0,7.399400733959E-1,-6.726727939963E-1));
#1440=VECTOR('',#1439,1.486606874732E-1);
#1441=CARTESIAN_POINT('',(5.E0,-4.225E0,-2.175E0));
#1442=LINE('',#1441,#1440);
#1443=DIRECTION('',(0.E0,1.E0,0.E0));
#1444=VECTOR('',#1443,5.5E-1);
#1445=CARTESIAN_POINT('',(5.E0,-4.115E0,-2.275E0));
#1446=LINE('',#1445,#1444);
#1447=DIRECTION('',(0.E0,7.071067811865E-1,7.071067811866E-1));
#1448=VECTOR('',#1447,1.414213562373E-1);
#1449=CARTESIAN_POINT('',(5.E0,-3.565E0,-2.275E0));
#1450=LINE('',#1449,#1448);
#1451=DIRECTION('',(0.E0,0.E0,1.E0));
#1452=VECTOR('',#1451,3.E-1);
#1453=CARTESIAN_POINT('',(5.E0,-3.465E0,-2.175E0));
#1454=LINE('',#1453,#1452);
#1455=DIRECTION('',(0.E0,4.667586195581E-1,8.843847528470E-1));
#1456=VECTOR('',#1455,4.070626487410E-1);
#1457=CARTESIAN_POINT('',(5.E0,-3.465E0,-1.875E0));
#1458=LINE('',#1457,#1456);
#1459=DIRECTION('',(0.E0,0.E0,1.E0));
#1460=VECTOR('',#1459,2.39E0);
#1461=CARTESIAN_POINT('',(5.E0,-3.275E0,-1.515E0));
#1462=LINE('',#1461,#1460);
#1463=DIRECTION('',(0.E0,1.E0,0.E0));
#1464=VECTOR('',#1463,2.15E0);
#1465=CARTESIAN_POINT('',(5.E0,-3.275E0,8.75E-1));
#1466=LINE('',#1465,#1464);
#1467=DIRECTION('',(0.E0,0.E0,-1.E0));
#1468=VECTOR('',#1467,4.E-1);
#1469=CARTESIAN_POINT('',(5.E0,-1.125E0,8.75E-1));
#1470=LINE('',#1469,#1468);
#1471=DIRECTION('',(0.E0,7.071067811865E-1,-7.071067811865E-1));
#1472=VECTOR('',#1471,4.949747468306E-1);
#1473=CARTESIAN_POINT('',(5.E0,-1.475E0,8.25E-1));
#1474=LINE('',#1473,#1472);
#1475=DIRECTION('',(0.E0,1.E0,0.E0));
#1476=VECTOR('',#1475,1.1E0);
#1477=CARTESIAN_POINT('',(5.E0,-2.575E0,8.25E-1));
#1478=LINE('',#1477,#1476);
#1479=DIRECTION('',(0.E0,7.071067811865E-1,7.071067811865E-1));
#1480=VECTOR('',#1479,8.485281374239E-1);
#1481=CARTESIAN_POINT('',(5.E0,-3.175E0,2.25E-1));
#1482=LINE('',#1481,#1480);
#1483=DIRECTION('',(0.E0,0.E0,1.E0));
#1484=VECTOR('',#1483,3.1E0);
#1485=CARTESIAN_POINT('',(5.E0,-3.175E0,-2.875E0));
#1486=LINE('',#1485,#1484);
#1487=DIRECTION('',(1.E0,0.E0,0.E0));
#1488=VECTOR('',#1487,1.E-1);
#1489=CARTESIAN_POINT('',(4.9E0,3.255E0,-4.125E0));
#1490=LINE('',#1489,#1488);
#1491=DIRECTION('',(0.E0,1.E0,0.E0));
#1492=VECTOR('',#1491,4.43E0);
#1493=CARTESIAN_POINT('',(4.9E0,-1.175E0,-4.125E0));
#1494=LINE('',#1493,#1492);
#1495=DIRECTION('',(0.E0,0.E0,-1.E0));
#1496=VECTOR('',#1495,2.32E0);
#1497=CARTESIAN_POINT('',(4.9E0,-1.175E0,-1.805E0));
#1498=LINE('',#1497,#1496);
#1499=DIRECTION('',(0.E0,1.E0,0.E0));
#1500=VECTOR('',#1499,4.43E0);
#1501=CARTESIAN_POINT('',(4.9E0,-1.175E0,-1.805E0));
#1502=LINE('',#1501,#1500);
#1503=DIRECTION('',(0.E0,0.E0,1.E0));
#1504=VECTOR('',#1503,2.32E0);
#1505=CARTESIAN_POINT('',(4.9E0,3.255E0,-4.125E0));
#1506=LINE('',#1505,#1504);
#1507=DIRECTION('',(1.E0,0.E0,0.E0));
#1508=VECTOR('',#1507,1.E-1);
#1509=CARTESIAN_POINT('',(4.9E0,-1.175E0,-4.125E0));
#1510=LINE('',#1509,#1508);
#1511=DIRECTION('',(-1.E0,0.E0,0.E0));
#1512=VECTOR('',#1511,6.6E-1);
#1513=CARTESIAN_POINT('',(5.56E0,-1.175E0,-1.805E0));
#1514=LINE('',#1513,#1512);
#1515=DIRECTION('',(1.E0,0.E0,0.E0));
#1516=VECTOR('',#1515,5.6E-1);
#1517=CARTESIAN_POINT('',(5.E0,3.255E0,-3.125E0));
#1518=LINE('',#1517,#1516);
#1519=DIRECTION('',(0.E0,1.E0,0.E0));
#1520=VECTOR('',#1519,4.43E0);
#1521=CARTESIAN_POINT('',(5.56E0,-1.175E0,-3.125E0));
#1522=LINE('',#1521,#1520);
#1523=DIRECTION('',(1.E0,0.E0,0.E0));
#1524=VECTOR('',#1523,5.6E-1);
#1525=CARTESIAN_POINT('',(5.E0,-1.175E0,-3.125E0));
#1526=LINE('',#1525,#1524);
#1527=DIRECTION('',(0.E0,1.E0,0.E0));
#1528=VECTOR('',#1527,2.E-1);
#1529=CARTESIAN_POINT('',(5.4E0,-2.255E0,-3.125E0));
#1530=LINE('',#1529,#1528);
#1531=DIRECTION('',(-1.E0,0.E0,0.E0));
#1532=VECTOR('',#1531,5.E-1);
#1533=CARTESIAN_POINT('',(5.9E0,-2.055E0,-3.125E0));
#1534=LINE('',#1533,#1532);
#1535=DIRECTION('',(0.E0,0.E0,1.E0));
#1536=VECTOR('',#1535,2.25E0);
#1537=CARTESIAN_POINT('',(5.9E0,-2.055E0,-3.125E0));
#1538=LINE('',#1537,#1536);
#1539=DIRECTION('',(0.E0,-1.E0,0.E0));
#1540=VECTOR('',#1539,6.E-1);
#1541=CARTESIAN_POINT('',(5.9E0,-2.055E0,-8.75E-1));
#1542=LINE('',#1541,#1540);
#1543=DIRECTION('',(0.E0,1.E0,0.E0));
#1544=VECTOR('',#1543,6.7E-1);
#1545=CARTESIAN_POINT('',(5.9E0,-3.325E0,-4.075E0));
#1546=LINE('',#1545,#1544);
#1547=DIRECTION('',(0.E0,0.E0,1.E0));
#1548=VECTOR('',#1547,3.E-1);
#1549=CARTESIAN_POINT('',(5.9E0,-3.325E0,-4.375E0));
#1550=LINE('',#1549,#1548);
#1551=DIRECTION('',(0.E0,0.E0,1.E0));
#1552=VECTOR('',#1551,1.5E0);
#1553=CARTESIAN_POINT('',(5.9E0,-4.575E0,-4.375E0));
#1554=LINE('',#1553,#1552);
#1555=DIRECTION('',(0.E0,1.E0,0.E0));
#1556=VECTOR('',#1555,3.2E-1);
#1557=CARTESIAN_POINT('',(5.9E0,-4.575E0,-2.875E0));
#1558=LINE('',#1557,#1556);
#1559=DIRECTION('',(0.E0,7.071067811865E-1,7.071067811865E-1));
#1560=VECTOR('',#1559,2.828427124746E-1);
#1561=CARTESIAN_POINT('',(5.9E0,-4.255E0,-2.875E0));
#1562=LINE('',#1561,#1560);
#1563=DIRECTION('',(0.E0,0.E0,1.E0));
#1564=VECTOR('',#1563,1.15E0);
#1565=CARTESIAN_POINT('',(5.9E0,-4.055E0,-2.675E0));
#1566=LINE('',#1565,#1564);
#1567=DIRECTION('',(0.E0,7.071067811865E-1,7.071067811865E-1));
#1568=VECTOR('',#1567,4.242640687119E-1);
#1569=CARTESIAN_POINT('',(5.9E0,-4.055E0,-1.525E0));
#1570=LINE('',#1569,#1568);
#1571=DIRECTION('',(0.E0,0.E0,1.E0));
#1572=VECTOR('',#1571,1.75E0);
#1573=CARTESIAN_POINT('',(5.9E0,-3.755E0,-1.225E0));
#1574=LINE('',#1573,#1572);
#1575=DIRECTION('',(0.E0,7.071067811865E-1,7.071067811865E-1));
#1576=VECTOR('',#1575,4.242640687119E-1);
#1577=CARTESIAN_POINT('',(5.9E0,-3.755E0,5.25E-1));
#1578=LINE('',#1577,#1576);
#1579=DIRECTION('',(0.E0,-1.E0,0.E0));
#1580=VECTOR('',#1579,8.03E0);
#1581=CARTESIAN_POINT('',(5.9E0,4.575E0,8.25E-1));
#1582=LINE('',#1581,#1580);
#1583=DIRECTION('',(0.E0,-1.E0,0.E0));
#1584=VECTOR('',#1583,6.63E0);
#1585=CARTESIAN_POINT('',(5.9E0,4.575E0,-3.125E0));
#1586=LINE('',#1585,#1584);
#1587=DIRECTION('',(0.E0,0.E0,-1.E0));
#1588=VECTOR('',#1587,2.65E0);
#1589=CARTESIAN_POINT('',(5.4E0,-2.655E0,-8.75E-1));
#1590=LINE('',#1589,#1588);
#1591=DIRECTION('',(0.E0,-1.E0,0.E0));
#1592=VECTOR('',#1591,6.E-1);
#1593=CARTESIAN_POINT('',(5.4E0,-2.055E0,-8.75E-1));
#1594=LINE('',#1593,#1592);
#1595=DIRECTION('',(0.E0,0.E0,1.E0));
#1596=VECTOR('',#1595,2.25E0);
#1597=CARTESIAN_POINT('',(5.4E0,-2.055E0,-3.125E0));
#1598=LINE('',#1597,#1596);
#1599=DIRECTION('',(-1.E0,0.E0,0.E0));
#1600=VECTOR('',#1599,4.E-1);
#1601=CARTESIAN_POINT('',(5.4E0,-2.255E0,-3.125E0));
#1602=LINE('',#1601,#1600);
#1603=DIRECTION('',(0.E0,-7.071067811865E-1,-7.071067811865E-1));
#1604=VECTOR('',#1603,5.656854249492E-1);
#1605=CARTESIAN_POINT('',(5.4E0,-2.255E0,-3.125E0));
#1606=LINE('',#1605,#1604);
#1607=DIRECTION('',(0.E0,0.E0,1.E0));
#1608=VECTOR('',#1607,3.2E0);
#1609=CARTESIAN_POINT('',(5.9E0,-2.655E0,-4.075E0));
#1610=LINE('',#1609,#1608);
#1611=DIRECTION('',(-1.E0,0.E0,0.E0));
#1612=VECTOR('',#1611,5.E-1);
#1613=CARTESIAN_POINT('',(5.9E0,-2.655E0,-8.75E-1));
#1614=LINE('',#1613,#1612);
#1615=DIRECTION('',(-1.E0,0.E0,0.E0));
#1616=VECTOR('',#1615,4.E-1);
#1617=CARTESIAN_POINT('',(5.4E0,-2.655E0,-3.525E0));
#1618=LINE('',#1617,#1616);
#1619=DIRECTION('',(1.E0,0.E0,0.E0));
#1620=VECTOR('',#1619,9.E-1);
#1621=CARTESIAN_POINT('',(5.E0,-2.655E0,-4.075E0));
#1622=LINE('',#1621,#1620);
#1623=DIRECTION('',(-1.E0,0.E0,0.E0));
#1624=VECTOR('',#1623,5.E-1);
#1625=CARTESIAN_POINT('',(5.9E0,-2.055E0,-8.75E-1));
#1626=LINE('',#1625,#1624);
#1627=DIRECTION('',(0.E0,1.E0,0.E0));
#1628=VECTOR('',#1627,6.7E-1);
#1629=CARTESIAN_POINT('',(5.E0,-3.325E0,-4.075E0));
#1630=LINE('',#1629,#1628);
#1631=DIRECTION('',(-1.E0,0.E0,0.E0));
#1632=VECTOR('',#1631,9.E-1);
#1633=CARTESIAN_POINT('',(5.9E0,-3.325E0,-4.075E0));
#1634=LINE('',#1633,#1632);
#1635=DIRECTION('',(-1.E0,0.E0,0.E0));
#1636=VECTOR('',#1635,9.E-1);
#1637=CARTESIAN_POINT('',(-5.E0,-3.325E0,-4.075E0));
#1638=LINE('',#1637,#1636);
#1639=DIRECTION('',(0.E0,-1.E0,0.E0));
#1640=VECTOR('',#1639,6.7E-1);
#1641=CARTESIAN_POINT('',(-5.E0,-2.655E0,-4.075E0));
#1642=LINE('',#1641,#1640);
#1643=DIRECTION('',(1.E0,0.E0,0.E0));
#1644=VECTOR('',#1643,1.48E0);
#1645=CARTESIAN_POINT('',(4.42E0,-3.325E0,-4.375E0));
#1646=LINE('',#1645,#1644);
#1647=DIRECTION('',(0.E0,0.E0,-1.E0));
#1648=VECTOR('',#1647,2.5E-1);
#1649=CARTESIAN_POINT('',(4.42E0,-4.275E0,-4.125E0));
#1650=LINE('',#1649,#1648);
#1651=DIRECTION('',(0.E0,0.E0,1.E0));
#1652=VECTOR('',#1651,2.5E-1);
#1653=CARTESIAN_POINT('',(4.42E0,-3.325E0,-4.375E0));
#1654=LINE('',#1653,#1652);
#1655=DIRECTION('',(1.E0,0.E0,0.E0));
#1656=VECTOR('',#1655,1.48E0);
#1657=CARTESIAN_POINT('',(-5.9E0,-3.325E0,-4.375E0));
#1658=LINE('',#1657,#1656);
#1659=DIRECTION('',(0.E0,0.E0,1.E0));
#1660=VECTOR('',#1659,2.5E-1);
#1661=CARTESIAN_POINT('',(-4.42E0,-3.325E0,-4.375E0));
#1662=LINE('',#1661,#1660);
#1663=DIRECTION('',(0.E0,0.E0,1.E0));
#1664=VECTOR('',#1663,5.E-2);
#1665=CARTESIAN_POINT('',(-5.E0,-3.325E0,-4.125E0));
#1666=LINE('',#1665,#1664);
#1667=DIRECTION('',(0.E0,0.E0,-1.E0));
#1668=VECTOR('',#1667,2.5E-1);
#1669=CARTESIAN_POINT('',(-4.42E0,-4.275E0,-4.125E0));
#1670=LINE('',#1669,#1668);
#1671=DIRECTION('',(0.E0,7.071067811865E-1,7.071067811865E-1));
#1672=VECTOR('',#1671,2.828427124746E-1);
#1673=CARTESIAN_POINT('',(5.45E0,-4.255E0,-2.875E0));
#1674=LINE('',#1673,#1672);
#1675=DIRECTION('',(-1.E0,0.E0,0.E0));
#1676=VECTOR('',#1675,4.5E-1);
#1677=CARTESIAN_POINT('',(5.9E0,-4.255E0,-2.875E0));
#1678=LINE('',#1677,#1676);
#1679=DIRECTION('',(0.E0,1.E0,0.E0));
#1680=VECTOR('',#1679,1.08E0);
#1681=CARTESIAN_POINT('',(5.45E0,-4.255E0,-2.875E0));
#1682=LINE('',#1681,#1680);
#1683=DIRECTION('',(0.E0,0.E0,-1.E0));
#1684=VECTOR('',#1683,3.1E0);
#1685=CARTESIAN_POINT('',(5.45E0,-3.175E0,2.25E-1));
#1686=LINE('',#1685,#1684);
#1687=DIRECTION('',(0.E0,7.071067811865E-1,7.071067811865E-1));
#1688=VECTOR('',#1687,8.485281374239E-1);
#1689=CARTESIAN_POINT('',(5.45E0,-3.175E0,2.25E-1));
#1690=LINE('',#1689,#1688);
#1691=DIRECTION('',(0.E0,-1.E0,0.E0));
#1692=VECTOR('',#1691,4.33E0);
#1693=CARTESIAN_POINT('',(5.45E0,3.205E0,-1.805E0));
#1694=LINE('',#1693,#1692);
#1695=DIRECTION('',(0.E0,0.E0,1.E0));
#1696=VECTOR('',#1695,1.41E0);
#1697=CARTESIAN_POINT('',(5.45E0,3.205E0,-1.805E0));
#1698=LINE('',#1697,#1696);
#1699=DIRECTION('',(0.E0,-7.071067811865E-1,-7.071067811865E-1));
#1700=VECTOR('',#1699,2.121320343560E-1);
#1701=CARTESIAN_POINT('',(5.45E0,3.355E0,-2.45E-1));
#1702=LINE('',#1701,#1700);
#1703=DIRECTION('',(0.E0,0.E0,-1.E0));
#1704=VECTOR('',#1703,8.7E-1);
#1705=CARTESIAN_POINT('',(5.45E0,3.355E0,6.25E-1));
#1706=LINE('',#1705,#1704);
#1707=DIRECTION('',(0.E0,7.071067811865E-1,7.071067811865E-1));
#1708=VECTOR('',#1707,2.828427124746E-1);
#1709=CARTESIAN_POINT('',(5.45E0,3.355E0,6.25E-1));
#1710=LINE('',#1709,#1708);
#1711=DIRECTION('',(0.E0,7.071067811865E-1,-7.071067811865E-1));
#1712=VECTOR('',#1711,4.949747468306E-1);
#1713=CARTESIAN_POINT('',(5.45E0,-1.475E0,8.25E-1));
#1714=LINE('',#1713,#1712);
#1715=DIRECTION('',(0.E0,0.E0,-1.E0));
#1716=VECTOR('',#1715,2.28E0);
#1717=CARTESIAN_POINT('',(5.45E0,-1.125E0,4.75E-1));
#1718=LINE('',#1717,#1716);
#1719=DIRECTION('',(-1.E0,0.E0,0.E0));
#1720=VECTOR('',#1719,4.5E-1);
#1721=CARTESIAN_POINT('',(5.45E0,-3.175E0,-2.875E0));
#1722=LINE('',#1721,#1720);
#1723=DIRECTION('',(-1.E0,0.E0,0.E0));
#1724=VECTOR('',#1723,4.5E-1);
#1725=CARTESIAN_POINT('',(5.45E0,-3.175E0,2.25E-1));
#1726=LINE('',#1725,#1724);
#1727=DIRECTION('',(0.E0,1.E0,0.E0));
#1728=VECTOR('',#1727,8.8E-1);
#1729=CARTESIAN_POINT('',(5.45E0,-3.455E0,8.25E-1));
#1730=LINE('',#1729,#1728);
#1731=DIRECTION('',(1.E0,0.E0,0.E0));
#1732=VECTOR('',#1731,4.5E-1);
#1733=CARTESIAN_POINT('',(5.E0,-2.575E0,8.25E-1));
#1734=LINE('',#1733,#1732);
#1735=DIRECTION('',(1.E0,0.E0,0.E0));
#1736=VECTOR('',#1735,4.5E-1);
#1737=CARTESIAN_POINT('',(5.E0,-1.475E0,8.25E-1));
#1738=LINE('',#1737,#1736);
#1739=DIRECTION('',(0.E0,1.E0,0.E0));
#1740=VECTOR('',#1739,5.03E0);
#1741=CARTESIAN_POINT('',(5.45E0,-1.475E0,8.25E-1));
#1742=LINE('',#1741,#1740);
#1743=DIRECTION('',(1.E0,0.E0,0.E0));
#1744=VECTOR('',#1743,4.5E-1);
#1745=CARTESIAN_POINT('',(5.E0,3.555E0,8.25E-1));
#1746=LINE('',#1745,#1744);
#1747=DIRECTION('',(-1.E0,0.E0,0.E0));
#1748=VECTOR('',#1747,4.5E-1);
#1749=CARTESIAN_POINT('',(5.9E0,-3.455E0,8.25E-1));
#1750=LINE('',#1749,#1748);
#1751=DIRECTION('',(1.E0,0.E0,0.E0));
#1752=VECTOR('',#1751,4.E-1);
#1753=CARTESIAN_POINT('',(5.E0,-1.125E0,4.75E-1));
#1754=LINE('',#1753,#1752);
#1755=DIRECTION('',(1.E0,0.E0,0.E0));
#1756=VECTOR('',#1755,4.E-1);
#1757=CARTESIAN_POINT('',(5.E0,-1.125E0,8.75E-1));
#1758=LINE('',#1757,#1756);
#1759=DIRECTION('',(1.E0,0.E0,0.E0));
#1760=VECTOR('',#1759,4.E-1);
#1761=CARTESIAN_POINT('',(5.E0,-3.275E0,8.75E-1));
#1762=LINE('',#1761,#1760);
#1763=DIRECTION('',(1.E0,0.E0,0.E0));
#1764=VECTOR('',#1763,4.E-1);
#1765=CARTESIAN_POINT('',(5.E0,-3.275E0,-1.515E0));
#1766=LINE('',#1765,#1764);
#1767=DIRECTION('',(1.E0,0.E0,0.E0));
#1768=VECTOR('',#1767,4.E-1);
#1769=CARTESIAN_POINT('',(5.E0,-3.465E0,-1.875E0));
#1770=LINE('',#1769,#1768);
#1771=DIRECTION('',(1.E0,0.E0,0.E0));
#1772=VECTOR('',#1771,4.E-1);
#1773=CARTESIAN_POINT('',(5.E0,-3.465E0,-2.175E0));
#1774=LINE('',#1773,#1772);
#1775=DIRECTION('',(1.E0,0.E0,0.E0));
#1776=VECTOR('',#1775,4.E-1);
#1777=CARTESIAN_POINT('',(5.E0,-3.565E0,-2.275E0));
#1778=LINE('',#1777,#1776);
#1779=DIRECTION('',(1.E0,0.E0,0.E0));
#1780=VECTOR('',#1779,4.E-1);
#1781=CARTESIAN_POINT('',(5.E0,-4.115E0,-2.275E0));
#1782=LINE('',#1781,#1780);
#1783=DIRECTION('',(1.E0,0.E0,0.E0));
#1784=VECTOR('',#1783,4.E-1);
#1785=CARTESIAN_POINT('',(5.E0,-4.225E0,-2.175E0));
#1786=LINE('',#1785,#1784);
#1787=DIRECTION('',(1.E0,0.E0,0.E0));
#1788=VECTOR('',#1787,4.E-1);
#1789=CARTESIAN_POINT('',(5.E0,-4.225E0,-1.175E0));
#1790=LINE('',#1789,#1788);
#1791=DIRECTION('',(-1.E0,0.E0,0.E0));
#1792=VECTOR('',#1791,4.E-1);
#1793=CARTESIAN_POINT('',(5.4E0,-4.225E0,2.875E0));
#1794=LINE('',#1793,#1792);
#1795=DIRECTION('',(1.E0,0.E0,0.E0));
#1796=VECTOR('',#1795,4.E-1);
#1797=CARTESIAN_POINT('',(5.E0,-4.225E0,3.725E0));
#1798=LINE('',#1797,#1796);
#1799=DIRECTION('',(0.E0,-8.944271909999E-1,-4.472135955E-1));
#1800=VECTOR('',#1799,4.472135955E-1);
#1801=CARTESIAN_POINT('',(5.4E0,-4.225E0,2.875E0));
#1802=LINE('',#1801,#1800);
#1803=DIRECTION('',(0.E0,0.E0,-1.E0));
#1804=VECTOR('',#1803,8.5E-1);
#1805=CARTESIAN_POINT('',(5.4E0,-4.225E0,3.725E0));
#1806=LINE('',#1805,#1804);
#1807=DIRECTION('',(0.E0,-1.E0,0.E0));
#1808=VECTOR('',#1807,8.5E-1);
#1809=CARTESIAN_POINT('',(5.4E0,-3.375E0,3.725E0));
#1810=LINE('',#1809,#1808);
#1811=DIRECTION('',(0.E0,0.E0,1.E0));
#1812=VECTOR('',#1811,2.5E-1);
#1813=CARTESIAN_POINT('',(5.4E0,-3.375E0,3.475E0));
#1814=LINE('',#1813,#1812);
#1815=CARTESIAN_POINT('',(5.4E0,-3.275E0,3.475E0));
#1816=DIRECTION('',(-1.E0,0.E0,0.E0));
#1817=DIRECTION('',(0.E0,0.E0,-1.E0));
#1818=AXIS2_PLACEMENT_3D('',#1815,#1816,#1817);
#1820=DIRECTION('',(0.E0,-1.E0,0.E0));
#1821=VECTOR('',#1820,6.68E0);
#1822=CARTESIAN_POINT('',(5.4E0,3.405E0,3.375E0));
#1823=LINE('',#1822,#1821);
#1824=DIRECTION('',(0.E0,-7.071067811866E-1,7.071067811865E-1));
#1825=VECTOR('',#1824,2.121320343560E-1);
#1826=CARTESIAN_POINT('',(5.4E0,3.555E0,3.225E0));
#1827=LINE('',#1826,#1825);
#1828=DIRECTION('',(0.E0,0.E0,1.E0));
#1829=VECTOR('',#1828,4.E-1);
#1830=CARTESIAN_POINT('',(5.4E0,3.555E0,2.825E0));
#1831=LINE('',#1830,#1829);
#1832=DIRECTION('',(0.E0,-4.472135955E-1,8.944271909999E-1));
#1833=VECTOR('',#1832,4.919349550500E-1);
#1834=CARTESIAN_POINT('',(5.4E0,3.775E0,2.385E0));
#1835=LINE('',#1834,#1833);
#1836=DIRECTION('',(0.E0,0.E0,1.E0));
#1837=VECTOR('',#1836,1.51E0);
#1838=CARTESIAN_POINT('',(5.4E0,3.775E0,8.75E-1));
#1839=LINE('',#1838,#1837);
#1840=DIRECTION('',(0.E0,1.E0,0.E0));
#1841=VECTOR('',#1840,4.6E-1);
#1842=CARTESIAN_POINT('',(5.4E0,3.315E0,8.75E-1));
#1843=LINE('',#1842,#1841);
#1844=DIRECTION('',(0.E0,0.E0,1.E0));
#1845=VECTOR('',#1844,6.E-1);
#1846=CARTESIAN_POINT('',(5.4E0,3.315E0,2.75E-1));
#1847=LINE('',#1846,#1845);
#1848=DIRECTION('',(0.E0,7.071067811865E-1,7.071067811865E-1));
#1849=VECTOR('',#1848,1.979898987322E-1);
#1850=CARTESIAN_POINT('',(5.4E0,3.175E0,1.35E-1));
#1851=LINE('',#1850,#1849);
#1852=DIRECTION('',(0.E0,0.E0,1.E0));
#1853=VECTOR('',#1852,4.16E0);
#1854=CARTESIAN_POINT('',(5.4E0,3.175E0,-4.025E0));
#1855=LINE('',#1854,#1853);
#1856=DIRECTION('',(0.E0,3.511234415884E-1,9.363291775690E-1));
#1857=VECTOR('',#1856,4.272001872659E-1);
#1858=CARTESIAN_POINT('',(5.4E0,3.025E0,-4.425E0));
#1859=LINE('',#1858,#1857);
#1860=DIRECTION('',(0.E0,1.E0,0.E0));
#1861=VECTOR('',#1860,4.E0);
#1862=CARTESIAN_POINT('',(5.4E0,-9.75E-1,-4.425E0));
#1863=LINE('',#1862,#1861);
#1864=DIRECTION('',(0.E0,3.511234415884E-1,-9.363291775690E-1));
#1865=VECTOR('',#1864,4.272001872659E-1);
#1866=CARTESIAN_POINT('',(5.4E0,-1.125E0,-4.025E0));
#1867=LINE('',#1866,#1865);
#1868=DIRECTION('',(0.E0,0.E0,-1.E0));
#1869=VECTOR('',#1868,2.22E0);
#1870=CARTESIAN_POINT('',(5.4E0,-1.125E0,-1.805E0));
#1871=LINE('',#1870,#1869);
#1872=DIRECTION('',(0.E0,0.E0,-1.E0));
#1873=VECTOR('',#1872,4.E-1);
#1874=CARTESIAN_POINT('',(5.4E0,-1.125E0,8.75E-1));
#1875=LINE('',#1874,#1873);
#1876=DIRECTION('',(0.E0,1.E0,0.E0));
#1877=VECTOR('',#1876,2.15E0);
#1878=CARTESIAN_POINT('',(5.4E0,-3.275E0,8.75E-1));
#1879=LINE('',#1878,#1877);
#1880=DIRECTION('',(0.E0,0.E0,1.E0));
#1881=VECTOR('',#1880,2.39E0);
#1882=CARTESIAN_POINT('',(5.4E0,-3.275E0,-1.515E0));
#1883=LINE('',#1882,#1881);
#1884=DIRECTION('',(0.E0,4.667586195581E-1,8.843847528470E-1));
#1885=VECTOR('',#1884,4.070626487410E-1);
#1886=CARTESIAN_POINT('',(5.4E0,-3.465E0,-1.875E0));
#1887=LINE('',#1886,#1885);
#1888=DIRECTION('',(0.E0,0.E0,1.E0));
#1889=VECTOR('',#1888,3.E-1);
#1890=CARTESIAN_POINT('',(5.4E0,-3.465E0,-2.175E0));
#1891=LINE('',#1890,#1889);
#1892=DIRECTION('',(0.E0,7.071067811865E-1,7.071067811865E-1));
#1893=VECTOR('',#1892,1.414213562373E-1);
#1894=CARTESIAN_POINT('',(5.4E0,-3.565E0,-2.275E0));
#1895=LINE('',#1894,#1893);
#1896=DIRECTION('',(0.E0,1.E0,0.E0));
#1897=VECTOR('',#1896,5.5E-1);
#1898=CARTESIAN_POINT('',(5.4E0,-4.115E0,-2.275E0));
#1899=LINE('',#1898,#1897);
#1900=DIRECTION('',(0.E0,7.399400733959E-1,-6.726727939963E-1));
#1901=VECTOR('',#1900,1.486606874732E-1);
#1902=CARTESIAN_POINT('',(5.4E0,-4.225E0,-2.175E0));
#1903=LINE('',#1902,#1901);
#1904=DIRECTION('',(0.E0,0.E0,-1.E0));
#1905=VECTOR('',#1904,1.E0);
#1906=CARTESIAN_POINT('',(5.4E0,-4.225E0,-1.175E0));
#1907=LINE('',#1906,#1905);
#1908=DIRECTION('',(0.E0,8.944271909999E-1,-4.472135955E-1));
#1909=VECTOR('',#1908,4.472135955E-1);
#1910=CARTESIAN_POINT('',(5.4E0,-4.625E0,-9.75E-1));
#1911=LINE('',#1910,#1909);
#1912=DIRECTION('',(0.E0,8.944271909999E-1,4.472135954999E-1));
#1913=VECTOR('',#1912,5.590169943749E-2);
#1914=CARTESIAN_POINT('',(5.E0,-4.275E0,2.85E0));
#1915=LINE('',#1914,#1913);
#1916=DIRECTION('',(1.E0,0.E0,0.E0));
#1917=VECTOR('',#1916,4.E-1);
#1918=CARTESIAN_POINT('',(5.E0,-3.375E0,3.725E0));
#1919=LINE('',#1918,#1917);
#1920=DIRECTION('',(1.E0,0.E0,0.E0));
#1921=VECTOR('',#1920,4.E-1);
#1922=CARTESIAN_POINT('',(5.E0,-3.375E0,3.475E0));
#1923=LINE('',#1922,#1921);
#1924=DIRECTION('',(1.E0,0.E0,0.E0));
#1925=VECTOR('',#1924,4.E-1);
#1926=CARTESIAN_POINT('',(5.E0,-3.275E0,3.375E0));
#1927=LINE('',#1926,#1925);
#1928=DIRECTION('',(1.E0,0.E0,0.E0));
#1929=VECTOR('',#1928,4.E-1);
#1930=CARTESIAN_POINT('',(5.E0,3.405E0,3.375E0));
#1931=LINE('',#1930,#1929);
#1932=DIRECTION('',(1.E0,0.E0,0.E0));
#1933=VECTOR('',#1932,4.E-1);
#1934=CARTESIAN_POINT('',(5.E0,3.555E0,3.225E0));
#1935=LINE('',#1934,#1933);
#1936=DIRECTION('',(1.E0,0.E0,0.E0));
#1937=VECTOR('',#1936,4.E-1);
#1938=CARTESIAN_POINT('',(5.E0,3.555E0,2.825E0));
#1939=LINE('',#1938,#1937);
#1940=DIRECTION('',(1.E0,0.E0,0.E0));
#1941=VECTOR('',#1940,4.E-1);
#1942=CARTESIAN_POINT('',(5.E0,3.775E0,2.385E0));
#1943=LINE('',#1942,#1941);
#1944=DIRECTION('',(1.E0,0.E0,0.E0));
#1945=VECTOR('',#1944,4.E-1);
#1946=CARTESIAN_POINT('',(5.E0,3.775E0,8.75E-1));
#1947=LINE('',#1946,#1945);
#1948=DIRECTION('',(1.E0,0.E0,0.E0));
#1949=VECTOR('',#1948,4.E-1);
#1950=CARTESIAN_POINT('',(5.E0,3.315E0,8.75E-1));
#1951=LINE('',#1950,#1949);
#1952=DIRECTION('',(1.E0,0.E0,0.E0));
#1953=VECTOR('',#1952,4.E-1);
#1954=CARTESIAN_POINT('',(5.E0,3.315E0,2.75E-1));
#1955=LINE('',#1954,#1953);
#1956=DIRECTION('',(1.E0,0.E0,0.E0));
#1957=VECTOR('',#1956,4.E-1);
#1958=CARTESIAN_POINT('',(5.E0,3.175E0,1.35E-1));
#1959=LINE('',#1958,#1957);
#1960=DIRECTION('',(1.E0,0.E0,0.E0));
#1961=VECTOR('',#1960,4.E-1);
#1962=CARTESIAN_POINT('',(5.E0,3.175E0,-4.025E0));
#1963=LINE('',#1962,#1961);
#1964=DIRECTION('',(0.E0,0.E0,-1.E0));
#1965=VECTOR('',#1964,2.22E0);
#1966=CARTESIAN_POINT('',(5.E0,-1.125E0,-1.805E0));
#1967=LINE('',#1966,#1965);
#1968=DIRECTION('',(0.E0,3.511234415884E-1,-9.363291775690E-1));
#1969=VECTOR('',#1968,4.272001872659E-1);
#1970=CARTESIAN_POINT('',(5.E0,-1.125E0,-4.025E0));
#1971=LINE('',#1970,#1969);
#1972=DIRECTION('',(0.E0,1.E0,0.E0));
#1973=VECTOR('',#1972,4.E0);
#1974=CARTESIAN_POINT('',(5.E0,-9.75E-1,-4.425E0));
#1975=LINE('',#1974,#1973);
#1976=DIRECTION('',(0.E0,3.511234415884E-1,9.363291775690E-1));
#1977=VECTOR('',#1976,4.272001872659E-1);
#1978=CARTESIAN_POINT('',(5.E0,3.025E0,-4.425E0));
#1979=LINE('',#1978,#1977);
#1980=DIRECTION('',(0.E0,0.E0,1.E0));
#1981=VECTOR('',#1980,2.22E0);
#1982=CARTESIAN_POINT('',(5.E0,3.175E0,-4.025E0));
#1983=LINE('',#1982,#1981);
#1984=DIRECTION('',(-1.E0,0.E0,0.E0));
#1985=VECTOR('',#1984,6.6E-1);
#1986=CARTESIAN_POINT('',(5.56E0,3.255E0,-1.805E0));
#1987=LINE('',#1986,#1985);
#1988=DIRECTION('',(-1.E0,0.E0,0.E0));
#1989=VECTOR('',#1988,4.E-1);
#1990=CARTESIAN_POINT('',(5.4E0,-1.125E0,-1.805E0));
#1991=LINE('',#1990,#1989);
#1992=DIRECTION('',(0.E0,-1.E0,0.E0));
#1993=VECTOR('',#1992,4.3E0);
#1994=CARTESIAN_POINT('',(5.E0,3.175E0,-1.805E0));
#1995=LINE('',#1994,#1993);
#1996=DIRECTION('',(0.E0,0.E0,-1.E0));
#1997=VECTOR('',#1996,1.32E0);
#1998=CARTESIAN_POINT('',(5.56E0,3.255E0,-1.805E0));
#1999=LINE('',#1998,#1997);
#2000=DIRECTION('',(0.E0,1.E0,0.E0));
#2001=VECTOR('',#2000,4.43E0);
#2002=CARTESIAN_POINT('',(5.56E0,-1.175E0,-1.805E0));
#2003=LINE('',#2002,#2001);
#2004=DIRECTION('',(0.E0,0.E0,1.E0));
#2005=VECTOR('',#2004,1.32E0);
#2006=CARTESIAN_POINT('',(5.56E0,-1.175E0,-3.125E0));
#2007=LINE('',#2006,#2005);
#2008=DIRECTION('',(1.E0,0.E0,0.E0));
#2009=VECTOR('',#2008,4.5E-1);
#2010=CARTESIAN_POINT('',(5.E0,3.205E0,-1.805E0));
#2011=LINE('',#2010,#2009);
#2012=DIRECTION('',(-1.E0,0.E0,0.E0));
#2013=VECTOR('',#2012,4.5E-1);
#2014=CARTESIAN_POINT('',(5.45E0,3.205E0,-3.95E-1));
#2015=LINE('',#2014,#2013);
#2016=DIRECTION('',(-1.E0,0.E0,0.E0));
#2017=VECTOR('',#2016,4.5E-1);
#2018=CARTESIAN_POINT('',(5.45E0,3.355E0,-2.45E-1));
#2019=LINE('',#2018,#2017);
#2020=DIRECTION('',(-1.E0,0.E0,0.E0));
#2021=VECTOR('',#2020,4.5E-1);
#2022=CARTESIAN_POINT('',(5.45E0,3.355E0,6.25E-1));
#2023=LINE('',#2022,#2021);
#2024=DIRECTION('',(0.E0,0.E0,-1.E0));
#2025=VECTOR('',#2024,2.28E0);
#2026=CARTESIAN_POINT('',(5.4E0,-1.125E0,4.75E-1));
#2027=LINE('',#2026,#2025);
#2028=DIRECTION('',(1.E0,0.E0,0.E0));
#2029=VECTOR('',#2028,5.E-2);
#2030=CARTESIAN_POINT('',(5.4E0,-1.125E0,-1.805E0));
#2031=LINE('',#2030,#2029);
#2032=DIRECTION('',(-1.E0,0.E0,0.E0));
#2033=VECTOR('',#2032,5.E-2);
#2034=CARTESIAN_POINT('',(5.45E0,-1.125E0,4.75E-1));
#2035=LINE('',#2034,#2033);
#2036=DIRECTION('',(1.E0,0.E0,0.E0));
#2037=VECTOR('',#2036,4.E-1);
#2038=CARTESIAN_POINT('',(5.E0,-1.125E0,-4.025E0));
#2039=LINE('',#2038,#2037);
#2040=DIRECTION('',(1.E0,0.E0,0.E0));
#2041=VECTOR('',#2040,4.E-1);
#2042=CARTESIAN_POINT('',(5.E0,-9.75E-1,-4.425E0));
#2043=LINE('',#2042,#2041);
#2044=DIRECTION('',(1.E0,0.E0,0.E0));
#2045=VECTOR('',#2044,4.E-1);
#2046=CARTESIAN_POINT('',(5.E0,3.025E0,-4.425E0));
#2047=LINE('',#2046,#2045);
#2048=DIRECTION('',(0.E0,7.071067811865E-1,7.071067811865E-1));
#2049=VECTOR('',#2048,4.242640687119E-1);
#2050=CARTESIAN_POINT('',(5.45E0,-3.755E0,5.25E-1));
#2051=LINE('',#2050,#2049);
#2052=DIRECTION('',(-1.E0,0.E0,0.E0));
#2053=VECTOR('',#2052,4.5E-1);
#2054=CARTESIAN_POINT('',(5.9E0,-3.755E0,5.25E-1));
#2055=LINE('',#2054,#2053);
#2056=DIRECTION('',(0.E0,0.E0,1.E0));
#2057=VECTOR('',#2056,1.75E0);
#2058=CARTESIAN_POINT('',(5.45E0,-3.755E0,-1.225E0));
#2059=LINE('',#2058,#2057);
#2060=DIRECTION('',(-1.E0,0.E0,0.E0));
#2061=VECTOR('',#2060,4.5E-1);
#2062=CARTESIAN_POINT('',(5.9E0,-3.755E0,-1.225E0));
#2063=LINE('',#2062,#2061);
#2064=DIRECTION('',(0.E0,7.071067811865E-1,7.071067811865E-1));
#2065=VECTOR('',#2064,4.242640687119E-1);
#2066=CARTESIAN_POINT('',(5.45E0,-4.055E0,-1.525E0));
#2067=LINE('',#2066,#2065);
#2068=DIRECTION('',(-1.E0,0.E0,0.E0));
#2069=VECTOR('',#2068,4.5E-1);
#2070=CARTESIAN_POINT('',(5.9E0,-4.055E0,-1.525E0));
#2071=LINE('',#2070,#2069);
#2072=DIRECTION('',(0.E0,0.E0,1.E0));
#2073=VECTOR('',#2072,1.15E0);
#2074=CARTESIAN_POINT('',(5.45E0,-4.055E0,-2.675E0));
#2075=LINE('',#2074,#2073);
#2076=DIRECTION('',(-1.E0,0.E0,0.E0));
#2077=VECTOR('',#2076,4.5E-1);
#2078=CARTESIAN_POINT('',(5.9E0,-4.055E0,-2.675E0));
#2079=LINE('',#2078,#2077);
#2080=DIRECTION('',(0.E0,0.E0,1.E0));
#2081=VECTOR('',#2080,2.5E-1);
#2082=CARTESIAN_POINT('',(3.95E0,3.875E0,-4.375E0));
#2083=LINE('',#2082,#2081);
#2084=DIRECTION('',(0.E0,7.071067811865E-1,-7.071067811865E-1));
#2085=VECTOR('',#2084,2.828427124746E-1);
#2086=CARTESIAN_POINT('',(-4.65E0,-2.785E0,3.775E0));
#2087=LINE('',#2086,#2085);
#2088=DIRECTION('',(-1.E0,0.E0,0.E0));
#2089=VECTOR('',#2088,3.5E-1);
#2090=CARTESIAN_POINT('',(-4.65E0,-2.785E0,3.775E0));
#2091=LINE('',#2090,#2089);
#2092=DIRECTION('',(0.E0,7.071067811865E-1,-7.071067811865E-1));
#2093=VECTOR('',#2092,2.828427124746E-1);
#2094=CARTESIAN_POINT('',(-5.E0,-2.785E0,3.775E0));
#2095=LINE('',#2094,#2093);
#2096=DIRECTION('',(0.E0,-7.071067811865E-1,7.071067811865E-1));
#2097=VECTOR('',#2096,2.828427124746E-1);
#2098=CARTESIAN_POINT('',(4.65E0,-2.585E0,3.575E0));
#2099=LINE('',#2098,#2097);
#2100=DIRECTION('',(0.E0,7.071067811865E-1,-7.071067811865E-1));
#2101=VECTOR('',#2100,2.828427124746E-1);
#2102=CARTESIAN_POINT('',(5.E0,-2.785E0,3.775E0));
#2103=LINE('',#2102,#2101);
#2104=DIRECTION('',(-1.E0,0.E0,0.E0));
#2105=VECTOR('',#2104,3.5E-1);
#2106=CARTESIAN_POINT('',(5.E0,-2.785E0,3.775E0));
#2107=LINE('',#2106,#2105);
#2108=DIRECTION('',(0.E0,1.E0,0.E0));
#2109=VECTOR('',#2108,1.E-1);
#2110=CARTESIAN_POINT('',(-1.5E0,-4.425E0,3.575E0));
#2111=LINE('',#2110,#2109);
#2112=DIRECTION('',(0.E0,1.E0,0.E0));
#2113=VECTOR('',#2112,8.4E-1);
#2114=CARTESIAN_POINT('',(-2.342893218813E0,-4.425E0,3.575E0));
#2115=LINE('',#2114,#2113);
#2116=DIRECTION('',(1.E0,0.E0,0.E0));
#2117=VECTOR('',#2116,4.685786437627E0);
#2118=CARTESIAN_POINT('',(-2.342893218813E0,-3.585E0,3.575E0));
#2119=LINE('',#2118,#2117);
#2120=DIRECTION('',(0.E0,1.E0,0.E0));
#2121=VECTOR('',#2120,1.E-1);
#2122=CARTESIAN_POINT('',(1.5E0,-4.425E0,3.575E0));
#2123=LINE('',#2122,#2121);
#2124=DIRECTION('',(-1.E0,0.E0,0.E0));
#2125=VECTOR('',#2124,3.E0);
#2126=CARTESIAN_POINT('',(1.5E0,-4.325E0,3.575E0));
#2127=LINE('',#2126,#2125);
#2128=DIRECTION('',(0.E0,1.E0,0.E0));
#2129=VECTOR('',#2128,1.67E0);
#2130=CARTESIAN_POINT('',(-4.65E0,-2.585E0,3.575E0));
#2131=LINE('',#2130,#2129);
#2132=DIRECTION('',(-1.E0,0.E0,0.E0));
#2133=VECTOR('',#2132,3.5E-1);
#2134=CARTESIAN_POINT('',(-4.65E0,-2.585E0,3.575E0));
#2135=LINE('',#2134,#2133);
#2136=DIRECTION('',(0.E0,1.E0,0.E0));
#2137=VECTOR('',#2136,7.16E0);
#2138=CARTESIAN_POINT('',(-5.E0,-2.585E0,3.575E0));
#2139=LINE('',#2138,#2137);
#2140=DIRECTION('',(0.E0,1.E0,0.E0));
#2141=VECTOR('',#2140,7.16E0);
#2142=CARTESIAN_POINT('',(5.E0,-2.585E0,3.575E0));
#2143=LINE('',#2142,#2141);
#2144=DIRECTION('',(-1.E0,0.E0,0.E0));
#2145=VECTOR('',#2144,3.5E-1);
#2146=CARTESIAN_POINT('',(5.E0,-2.585E0,3.575E0));
#2147=LINE('',#2146,#2145);
#2148=DIRECTION('',(0.E0,-1.E0,0.E0));
#2149=VECTOR('',#2148,1.67E0);
#2150=CARTESIAN_POINT('',(4.65E0,-9.15E-1,3.575E0));
#2151=LINE('',#2150,#2149);
#2152=DIRECTION('',(1.E0,3.330669073876E-14,0.E0));
#2153=VECTOR('',#2152,9.999999999999E-3);
#2154=CARTESIAN_POINT('',(4.64E0,-9.15E-1,3.575E0));
#2155=LINE('',#2154,#2153);
#2156=DIRECTION('',(0.E0,-1.E0,0.E0));
#2157=VECTOR('',#2156,3.E-1);
#2158=CARTESIAN_POINT('',(4.64E0,-6.15E-1,3.575E0));
#2159=LINE('',#2158,#2157);
#2160=DIRECTION('',(1.E0,4.440892098502E-14,0.E0));
#2161=VECTOR('',#2160,9.999999999998E-3);
#2162=CARTESIAN_POINT('',(4.64E0,-6.15E-1,3.575E0));
#2163=LINE('',#2162,#2161);
#2164=DIRECTION('',(0.E0,-1.E0,0.E0));
#2165=VECTOR('',#2164,4.48E0);
#2166=CARTESIAN_POINT('',(4.65E0,3.865E0,3.575E0));
#2167=LINE('',#2166,#2165);
#2168=DIRECTION('',(1.E0,0.E0,0.E0));
#2169=VECTOR('',#2168,2.25E0);
#2170=CARTESIAN_POINT('',(2.4E0,3.865E0,3.575E0));
#2171=LINE('',#2170,#2169);
#2172=DIRECTION('',(0.E0,1.E0,0.E0));
#2173=VECTOR('',#2172,1.E0);
#2174=CARTESIAN_POINT('',(2.4E0,2.865E0,3.575E0));
#2175=LINE('',#2174,#2173);
#2176=DIRECTION('',(1.E0,0.E0,0.E0));
#2177=VECTOR('',#2176,4.E-1);
#2178=CARTESIAN_POINT('',(2.E0,2.865E0,3.575E0));
#2179=LINE('',#2178,#2177);
#2180=DIRECTION('',(0.E0,1.E0,0.E0));
#2181=VECTOR('',#2180,1.35E0);
#2182=CARTESIAN_POINT('',(2.E0,2.865E0,3.575E0));
#2183=LINE('',#2182,#2181);
#2184=DIRECTION('',(0.E0,-1.E0,0.E0));
#2185=VECTOR('',#2184,1.35E0);
#2186=CARTESIAN_POINT('',(-2.E0,4.215E0,3.575E0));
#2187=LINE('',#2186,#2185);
#2188=DIRECTION('',(1.E0,0.E0,0.E0));
#2189=VECTOR('',#2188,4.E-1);
#2190=CARTESIAN_POINT('',(-2.4E0,2.865E0,3.575E0));
#2191=LINE('',#2190,#2189);
#2192=DIRECTION('',(0.E0,-1.E0,0.E0));
#2193=VECTOR('',#2192,1.E0);
#2194=CARTESIAN_POINT('',(-2.4E0,3.865E0,3.575E0));
#2195=LINE('',#2194,#2193);
#2196=DIRECTION('',(1.E0,0.E0,0.E0));
#2197=VECTOR('',#2196,2.25E0);
#2198=CARTESIAN_POINT('',(-4.65E0,3.865E0,3.575E0));
#2199=LINE('',#2198,#2197);
#2200=DIRECTION('',(0.E0,1.E0,0.E0));
#2201=VECTOR('',#2200,4.48E0);
#2202=CARTESIAN_POINT('',(-4.65E0,-6.15E-1,3.575E0));
#2203=LINE('',#2202,#2201);
#2204=DIRECTION('',(1.E0,0.E0,4.440892098501E-14));
#2205=VECTOR('',#2204,9.999999999999E-3);
#2206=CARTESIAN_POINT('',(-4.65E0,-6.15E-1,3.575E0));
#2207=LINE('',#2206,#2205);
#2208=DIRECTION('',(0.E0,1.E0,0.E0));
#2209=VECTOR('',#2208,3.E-1);
#2210=CARTESIAN_POINT('',(-4.64E0,-9.15E-1,3.575E0));
#2211=LINE('',#2210,#2209);
#2212=DIRECTION('',(1.E0,0.E0,0.E0));
#2213=VECTOR('',#2212,1.E-2);
#2214=CARTESIAN_POINT('',(-4.65E0,-9.15E-1,3.575E0));
#2215=LINE('',#2214,#2213);
#2216=DIRECTION('',(0.E0,-1.E0,0.E0));
#2217=VECTOR('',#2216,1.E-1);
#2218=CARTESIAN_POINT('',(-1.5E0,-4.325E0,-2.425E0));
#2219=LINE('',#2218,#2217);
#2220=DIRECTION('',(0.E0,0.E0,-1.E0));
#2221=VECTOR('',#2220,6.E0);
#2222=CARTESIAN_POINT('',(-1.5E0,-4.325E0,3.575E0));
#2223=LINE('',#2222,#2221);
#2224=DIRECTION('',(0.E0,1.E0,0.E0));
#2225=VECTOR('',#2224,1.5E-1);
#2226=CARTESIAN_POINT('',(3.75E0,-4.425E0,-2.425E0));
#2227=LINE('',#2226,#2225);
#2228=DIRECTION('',(0.E0,0.E0,1.E0));
#2229=VECTOR('',#2228,6.E0);
#2230=CARTESIAN_POINT('',(3.75E0,-4.425E0,-2.425E0));
#2231=LINE('',#2230,#2229);
#2232=DIRECTION('',(1.E0,0.E0,0.E0));
#2233=VECTOR('',#2232,2.25E0);
#2234=CARTESIAN_POINT('',(1.5E0,-4.425E0,-2.425E0));
#2235=LINE('',#2234,#2233);
#2236=DIRECTION('',(0.E0,0.E0,1.E0));
#2237=VECTOR('',#2236,6.E0);
#2238=CARTESIAN_POINT('',(1.5E0,-4.425E0,-2.425E0));
#2239=LINE('',#2238,#2237);
#2240=DIRECTION('',(1.E0,0.E0,0.E0));
#2241=VECTOR('',#2240,8.428932188135E-1);
#2242=CARTESIAN_POINT('',(1.5E0,-4.425E0,3.575E0));
#2243=LINE('',#2242,#2241);
#2244=CARTESIAN_POINT('',(2.342893218813E0,-4.425E0,4.075E0));
#2245=DIRECTION('',(0.E0,-1.E0,0.E0));
#2246=DIRECTION('',(1.776356839400E-14,0.E0,-1.E0));
#2247=AXIS2_PLACEMENT_3D('',#2244,#2245,#2246);
#2249=DIRECTION('',(7.071067811865E-1,0.E0,7.071067811865E-1));
#2250=VECTOR('',#2249,9.242640687119E-1);
#2251=CARTESIAN_POINT('',(2.696446609407E0,-4.425E0,3.721446609407E0));
#2252=LINE('',#2251,#2250);
#2253=DIRECTION('',(0.E0,0.E0,1.E0));
#2254=VECTOR('',#2253,8.E-1);
#2255=CARTESIAN_POINT('',(3.75E0,-4.425E0,3.575E0));
#2256=LINE('',#2255,#2254);
#2257=DIRECTION('',(1.E0,0.E0,0.E0));
#2258=VECTOR('',#2257,2.25E0);
#2259=CARTESIAN_POINT('',(-3.75E0,-4.425E0,-2.425E0));
#2260=LINE('',#2259,#2258);
#2261=DIRECTION('',(0.E0,0.E0,1.E0));
#2262=VECTOR('',#2261,6.E0);
#2263=CARTESIAN_POINT('',(-3.75E0,-4.425E0,-2.425E0));
#2264=LINE('',#2263,#2262);
#2265=DIRECTION('',(0.E0,0.E0,-1.E0));
#2266=VECTOR('',#2265,8.E-1);
#2267=CARTESIAN_POINT('',(-3.75E0,-4.425E0,4.375E0));
#2268=LINE('',#2267,#2266);
#2269=DIRECTION('',(7.071067811865E-1,0.E0,-7.071067811865E-1));
#2270=VECTOR('',#2269,9.242640687119E-1);
#2271=CARTESIAN_POINT('',(-3.35E0,-4.425E0,4.375E0));
#2272=LINE('',#2271,#2270);
#2273=CARTESIAN_POINT('',(-2.342893218813E0,-4.425E0,4.075E0));
#2274=DIRECTION('',(0.E0,-1.E0,0.E0));
#2275=DIRECTION('',(-7.071067811865E-1,0.E0,-7.071067811865E-1));
#2276=AXIS2_PLACEMENT_3D('',#2273,#2274,#2275);
#2278=DIRECTION('',(1.E0,0.E0,0.E0));
#2279=VECTOR('',#2278,8.428932188135E-1);
#2280=CARTESIAN_POINT('',(-2.342893218813E0,-4.425E0,3.575E0));
#2281=LINE('',#2280,#2279);
#2282=DIRECTION('',(0.E0,0.E0,1.E0));
#2283=VECTOR('',#2282,6.E0);
#2284=CARTESIAN_POINT('',(-1.5E0,-4.425E0,-2.425E0));
#2285=LINE('',#2284,#2283);
#2286=DIRECTION('',(0.E0,1.E0,0.E0));
#2287=VECTOR('',#2286,1.5E-1);
#2288=CARTESIAN_POINT('',(3.75E0,-4.425E0,3.575E0));
#2289=LINE('',#2288,#2287);
#2290=DIRECTION('',(0.E0,1.E0,0.E0));
#2291=VECTOR('',#2290,3.E-1);
#2292=CARTESIAN_POINT('',(4.9E0,-4.575E0,3.575E0));
#2293=LINE('',#2292,#2291);
#2294=DIRECTION('',(0.E0,-1.E0,0.E0));
#2295=VECTOR('',#2294,1.5E-1);
#2296=CARTESIAN_POINT('',(3.75E0,-4.425E0,3.575E0));
#2297=LINE('',#2296,#2295);
#2298=DIRECTION('',(0.E0,1.E0,0.E0));
#2299=VECTOR('',#2298,1.E-1);
#2300=CARTESIAN_POINT('',(1.5E0,-4.425E0,-2.425E0));
#2301=LINE('',#2300,#2299);
#2302=DIRECTION('',(-1.E0,0.E0,0.E0));
#2303=VECTOR('',#2302,3.E0);
#2304=CARTESIAN_POINT('',(1.5E0,-4.325E0,-2.425E0));
#2305=LINE('',#2304,#2303);
#2306=DIRECTION('',(0.E0,0.E0,-1.E0));
#2307=VECTOR('',#2306,6.E0);
#2308=CARTESIAN_POINT('',(1.5E0,-4.325E0,3.575E0));
#2309=LINE('',#2308,#2307);
#2310=CARTESIAN_POINT('',(2.342893218813E0,-3.585E0,4.075E0));
#2311=DIRECTION('',(0.E0,-1.E0,0.E0));
#2312=DIRECTION('',(0.E0,0.E0,-1.E0));
#2313=AXIS2_PLACEMENT_3D('',#2310,#2311,#2312);
#2315=DIRECTION('',(0.E0,1.E0,0.E0));
#2316=VECTOR('',#2315,8.4E-1);
#2317=CARTESIAN_POINT('',(2.342893218813E0,-4.425E0,3.575E0));
#2318=LINE('',#2317,#2316);
#2319=DIRECTION('',(6.371681415929E-1,-4.336283185841E-1,6.371681415929E-1));
#2320=VECTOR('',#2319,9.916326530612E-1);
#2321=CARTESIAN_POINT('',(2.718163265306E0,-3.585E0,3.743163265306E0));
#2322=LINE('',#2321,#2320);
#2323=DIRECTION('',(0.E0,1.E0,0.E0));
#2324=VECTOR('',#2323,8.4E-1);
#2325=CARTESIAN_POINT('',(2.696446609407E0,-4.425E0,3.721446609407E0));
#2326=LINE('',#2325,#2324);
#2327=DIRECTION('',(7.071067811865E-1,0.E0,7.071067811866E-1));
#2328=VECTOR('',#2327,3.071198930232E-2);
#2329=CARTESIAN_POINT('',(2.696446609407E0,-3.585E0,3.721446609407E0));
#2330=LINE('',#2329,#2328);
#2331=DIRECTION('',(0.E0,1.E0,0.E0));
#2332=VECTOR('',#2331,1.5E-1);
#2333=CARTESIAN_POINT('',(-3.75E0,-4.425E0,-2.425E0));
#2334=LINE('',#2333,#2332);
#2335=DIRECTION('',(0.E0,1.E0,0.E0));
#2336=VECTOR('',#2335,1.5E-1);
#2337=CARTESIAN_POINT('',(-3.75E0,-4.425E0,3.575E0));
#2338=LINE('',#2337,#2336);
#2339=DIRECTION('',(0.E0,-1.E0,0.E0));
#2340=VECTOR('',#2339,1.5E-1);
#2341=CARTESIAN_POINT('',(-3.75E0,-4.425E0,3.575E0));
#2342=LINE('',#2341,#2340);
#2343=DIRECTION('',(0.E0,1.E0,0.E0));
#2344=VECTOR('',#2343,3.E-1);
#2345=CARTESIAN_POINT('',(-4.9E0,-4.575E0,3.575E0));
#2346=LINE('',#2345,#2344);
#2347=DIRECTION('',(6.371681415929E-1,4.336283185841E-1,-6.371681415929E-1));
#2348=VECTOR('',#2347,9.916326530612E-1);
#2349=CARTESIAN_POINT('',(-3.35E0,-4.015E0,4.375E0));
#2350=LINE('',#2349,#2348);
#2351=DIRECTION('',(7.071067811865E-1,0.E0,-7.071067811866E-1));
#2352=VECTOR('',#2351,3.071198930232E-2);
#2353=CARTESIAN_POINT('',(-2.718163265306E0,-3.585E0,3.743163265306E0));
#2354=LINE('',#2353,#2352);
#2355=CARTESIAN_POINT('',(-2.342893218813E0,-3.585E0,4.075E0));
#2356=DIRECTION('',(0.E0,-1.E0,0.E0));
#2357=DIRECTION('',(-7.071067811865E-1,0.E0,-7.071067811866E-1));
#2358=AXIS2_PLACEMENT_3D('',#2355,#2356,#2357);
#2360=DIRECTION('',(0.E0,1.E0,0.E0));
#2361=VECTOR('',#2360,8.4E-1);
#2362=CARTESIAN_POINT('',(-2.696446609407E0,-4.425E0,3.721446609407E0));
#2363=LINE('',#2362,#2361);
#2364=DIRECTION('',(7.071067811865E-1,0.E0,7.071067811865E-1));
#2365=VECTOR('',#2364,2.828427124746E-1);
#2366=CARTESIAN_POINT('',(4.45E0,-9.15E-1,3.375E0));
#2367=LINE('',#2366,#2365);
#2368=DIRECTION('',(6.785983445458E-1,2.810846377148E-1,6.785983445458E-1));
#2369=VECTOR('',#2368,2.947251516416E-1);
#2370=CARTESIAN_POINT('',(4.45E0,-2.667842712475E0,3.375E0));
#2371=LINE('',#2370,#2369);
#2372=DIRECTION('',(7.071067811865E-1,0.E0,7.071067811865E-1));
#2373=VECTOR('',#2372,3.535533905933E-1);
#2374=CARTESIAN_POINT('',(4.39E0,-9.15E-1,3.325E0));
#2375=LINE('',#2374,#2373);
#2376=DIRECTION('',(0.E0,0.E0,-1.E0));
#2377=VECTOR('',#2376,5.15E0);
#2378=CARTESIAN_POINT('',(4.39E0,-9.15E-1,3.325E0));
#2379=LINE('',#2378,#2377);
#2380=DIRECTION('',(-7.071067811865E-1,0.E0,-7.071067811865E-1));
#2381=VECTOR('',#2380,3.535533905933E-1);
#2382=CARTESIAN_POINT('',(4.64E0,-6.15E-1,3.575E0));
#2383=LINE('',#2382,#2381);
#2384=DIRECTION('',(0.E0,-1.E0,0.E0));
#2385=VECTOR('',#2384,1.752842712475E0);
#2386=CARTESIAN_POINT('',(4.45E0,-9.15E-1,3.375E0));
#2387=LINE('',#2386,#2385);
#2388=DIRECTION('',(0.E0,-7.071067811865E-1,7.071067811865E-1));
#2389=VECTOR('',#2388,4.485281374239E-1);
#2390=CARTESIAN_POINT('',(4.45E0,-2.667842712475E0,3.375E0));
#2391=LINE('',#2390,#2389);
#2392=DIRECTION('',(0.E0,0.E0,1.E0));
#2393=VECTOR('',#2392,4.E-1);
#2394=CARTESIAN_POINT('',(4.45E0,-2.985E0,3.692157287525E0));
#2395=LINE('',#2394,#2393);
#2396=DIRECTION('',(0.E0,-7.071067811865E-1,7.071067811865E-1));
#2397=VECTOR('',#2396,1.171572875254E-1);
#2398=CARTESIAN_POINT('',(4.45E0,-2.985E0,4.092157287525E0));
#2399=LINE('',#2398,#2397);
#2400=DIRECTION('',(0.E0,1.E0,0.E0));
#2401=VECTOR('',#2400,8.110461764143E-1);
#2402=CARTESIAN_POINT('',(4.45E0,-3.878888888889E0,4.175E0));
#2403=LINE('',#2402,#2401);
#2404=DIRECTION('',(0.E0,5.626240433067E-1,-8.267128799609E-1));
#2405=VECTOR('',#2404,5.223539455613E-1);
#2406=CARTESIAN_POINT('',(4.45E0,-3.878888888889E0,4.175E0));
#2407=LINE('',#2406,#2405);
#2408=DIRECTION('',(0.E0,0.E0,-1.E0));
#2409=VECTOR('',#2408,5.568163265306E0);
#2410=CARTESIAN_POINT('',(4.45E0,-3.585E0,3.743163265306E0));
#2411=LINE('',#2410,#2409);
#2412=DIRECTION('',(0.E0,0.E0,1.E0));
#2413=VECTOR('',#2412,5.2E0);
#2414=CARTESIAN_POINT('',(4.45E0,-9.15E-1,-1.825E0));
#2415=LINE('',#2414,#2413);
#2416=DIRECTION('',(0.E0,-1.E0,0.E0));
#2417=VECTOR('',#2416,4.28E0);
#2418=CARTESIAN_POINT('',(4.45E0,3.665E0,3.375E0));
#2419=LINE('',#2418,#2417);
#2420=DIRECTION('',(0.E0,0.E0,1.E0));
#2421=VECTOR('',#2420,5.2E0);
#2422=CARTESIAN_POINT('',(4.45E0,-6.15E-1,-1.825E0));
#2423=LINE('',#2422,#2421);
#2424=DIRECTION('',(0.E0,0.E0,1.E0));
#2425=VECTOR('',#2424,5.2E0);
#2426=CARTESIAN_POINT('',(4.45E0,3.665E0,-1.825E0));
#2427=LINE('',#2426,#2425);
#2428=DIRECTION('',(6.785983445458E-1,6.785983445458E-1,2.810846377148E-1));
#2429=VECTOR('',#2428,2.947251516416E-1);
#2430=CARTESIAN_POINT('',(4.45E0,-2.985E0,3.692157287525E0));
#2431=LINE('',#2430,#2429);
#2432=DIRECTION('',(6.785983445458E-1,6.785983445458E-1,2.810846377148E-1));
#2433=VECTOR('',#2432,2.947251516416E-1);
#2434=CARTESIAN_POINT('',(4.45E0,-2.985E0,4.092157287525E0));
#2435=LINE('',#2434,#2433);
#2436=DIRECTION('',(-6.785983445458E-1,-2.810846377148E-1,-6.785983445458E-1));
#2437=VECTOR('',#2436,2.947251516416E-1);
#2438=CARTESIAN_POINT('',(4.65E0,-2.985E0,4.375E0));
#2439=LINE('',#2438,#2437);
#2440=DIRECTION('',(-6.371681415929E-1,4.336283185841E-1,-6.371681415929E-1));
#2441=VECTOR('',#2440,3.138888888889E-1);
#2442=CARTESIAN_POINT('',(4.65E0,-4.015E0,4.375E0));
#2443=LINE('',#2442,#2441);
#2444=DIRECTION('',(-7.071067811865E-1,0.E0,-7.071067811865E-1));
#2445=VECTOR('',#2444,2.828427124746E-1);
#2446=CARTESIAN_POINT('',(4.65E0,-6.15E-1,3.575E0));
#2447=LINE('',#2446,#2445);
#2448=DIRECTION('',(-5.773502691896E-1,-5.773502691896E-1,-5.773502691896E-1));
#2449=VECTOR('',#2448,3.464101615138E-1);
#2450=CARTESIAN_POINT('',(4.65E0,3.865E0,3.575E0));
#2451=LINE('',#2450,#2449);
#2452=DIRECTION('',(0.E0,0.E0,1.E0));
#2453=VECTOR('',#2452,2.25E0);
#2454=CARTESIAN_POINT('',(-1.8E0,3.665E0,-1.825E0));
#2455=LINE('',#2454,#2453);
#2456=DIRECTION('',(-1.E0,0.E0,0.E0));
#2457=VECTOR('',#2456,3.6E0);
#2458=CARTESIAN_POINT('',(1.8E0,3.665E0,4.25E-1));
#2459=LINE('',#2458,#2457);
#2460=DIRECTION('',(0.E0,0.E0,1.E0));
#2461=VECTOR('',#2460,2.25E0);
#2462=CARTESIAN_POINT('',(1.8E0,3.665E0,-1.825E0));
#2463=LINE('',#2462,#2461);
#2464=DIRECTION('',(-1.E0,0.E0,0.E0));
#2465=VECTOR('',#2464,3.6E0);
#2466=CARTESIAN_POINT('',(1.8E0,3.665E0,-1.825E0));
#2467=LINE('',#2466,#2465);
#2468=DIRECTION('',(-1.E0,0.E0,0.E0));
#2469=VECTOR('',#2468,3.6E0);
#2470=CARTESIAN_POINT('',(1.8E0,3.665E0,2.575E0));
#2471=LINE('',#2470,#2469);
#2472=DIRECTION('',(0.E0,0.E0,1.E0));
#2473=VECTOR('',#2472,7.8E-1);
#2474=CARTESIAN_POINT('',(1.8E0,3.665E0,1.795E0));
#2475=LINE('',#2474,#2473);
#2476=CARTESIAN_POINT('',(1.55E0,3.665E0,1.795E0));
#2477=DIRECTION('',(0.E0,1.E0,0.E0));
#2478=DIRECTION('',(0.E0,0.E0,1.E0));
#2479=AXIS2_PLACEMENT_3D('',#2476,#2477,#2478);
#2481=DIRECTION('',(1.E0,0.E0,0.E0));
#2482=VECTOR('',#2481,3.1E0);
#2483=CARTESIAN_POINT('',(-1.55E0,3.665E0,2.045E0));
#2484=LINE('',#2483,#2482);
#2485=CARTESIAN_POINT('',(-1.55E0,3.665E0,1.795E0));
#2486=DIRECTION('',(0.E0,1.E0,0.E0));
#2487=DIRECTION('',(-1.E0,0.E0,0.E0));
#2488=AXIS2_PLACEMENT_3D('',#2485,#2486,#2487);
#2490=DIRECTION('',(0.E0,0.E0,1.E0));
#2491=VECTOR('',#2490,7.8E-1);
#2492=CARTESIAN_POINT('',(-1.8E0,3.665E0,1.795E0));
#2493=LINE('',#2492,#2491);
#2494=DIRECTION('',(1.E0,0.E0,0.E0));
#2495=VECTOR('',#2494,1.85E0);
#2496=CARTESIAN_POINT('',(-4.45E0,3.665E0,3.375E0));
#2497=LINE('',#2496,#2495);
#2498=DIRECTION('',(0.E0,0.E0,1.E0));
#2499=VECTOR('',#2498,5.2E0);
#2500=CARTESIAN_POINT('',(-2.6E0,3.665E0,-1.825E0));
#2501=LINE('',#2500,#2499);
#2502=DIRECTION('',(-1.E0,0.E0,0.E0));
#2503=VECTOR('',#2502,1.85E0);
#2504=CARTESIAN_POINT('',(-2.6E0,3.665E0,-1.825E0));
#2505=LINE('',#2504,#2503);
#2506=DIRECTION('',(1.E0,0.E0,0.E0));
#2507=VECTOR('',#2506,1.85E0);
#2508=CARTESIAN_POINT('',(2.6E0,3.665E0,3.375E0));
#2509=LINE('',#2508,#2507);
#2510=DIRECTION('',(-1.E0,0.E0,0.E0));
#2511=VECTOR('',#2510,1.85E0);
#2512=CARTESIAN_POINT('',(4.45E0,3.665E0,-1.825E0));
#2513=LINE('',#2512,#2511);
#2514=DIRECTION('',(0.E0,0.E0,1.E0));
#2515=VECTOR('',#2514,5.2E0);
#2516=CARTESIAN_POINT('',(2.6E0,3.665E0,-1.825E0));
#2517=LINE('',#2516,#2515);
#2518=DIRECTION('',(0.E0,-1.E0,0.E0));
#2519=VECTOR('',#2518,9.1E-1);
#2520=CARTESIAN_POINT('',(1.8E0,4.575E0,4.25E-1));
#2521=LINE('',#2520,#2519);
#2522=DIRECTION('',(0.E0,1.E0,0.E0));
#2523=VECTOR('',#2522,1.44E0);
#2524=CARTESIAN_POINT('',(1.8E0,2.665E0,3.375E0));
#2525=LINE('',#2524,#2523);
#2526=DIRECTION('',(0.E0,-1.E0,0.E0));
#2527=VECTOR('',#2526,9.1E-1);
#2528=CARTESIAN_POINT('',(1.8E0,4.575E0,1.795E0));
#2529=LINE('',#2528,#2527);
#2530=DIRECTION('',(0.E0,4.819187497722E-1,8.762159086766E-1));
#2531=VECTOR('',#2530,9.130169768411E-1);
#2532=CARTESIAN_POINT('',(1.8E0,3.665E0,2.575E0));
#2533=LINE('',#2532,#2531);
#2534=DIRECTION('',(-5.773502691896E-1,-5.773502691896E-1,-5.773502691896E-1));
#2535=VECTOR('',#2534,3.464101615138E-1);
#2536=CARTESIAN_POINT('',(2.E0,2.865E0,3.575E0));
#2537=LINE('',#2536,#2535);
#2538=DIRECTION('',(6.590224063189E-1,3.624623234754E-1,6.590224063189E-1));
#2539=VECTOR('',#2538,3.034798181099E-1);
#2540=CARTESIAN_POINT('',(1.8E0,4.105E0,3.375E0));
#2541=LINE('',#2540,#2539);
#2542=DIRECTION('',(5.773502691896E-1,-5.773502691896E-1,-5.773502691896E-1));
#2543=VECTOR('',#2542,3.464101615138E-1);
#2544=CARTESIAN_POINT('',(2.4E0,2.865E0,3.575E0));
#2545=LINE('',#2544,#2543);
#2546=DIRECTION('',(1.E0,0.E0,0.E0));
#2547=VECTOR('',#2546,8.E-1);
#2548=CARTESIAN_POINT('',(1.8E0,2.665E0,3.375E0));
#2549=LINE('',#2548,#2547);
#2550=DIRECTION('',(0.E0,0.E0,1.E0));
#2551=VECTOR('',#2550,5.2E0);
#2552=CARTESIAN_POINT('',(1.8E0,2.665E0,-1.825E0));
#2553=LINE('',#2552,#2551);
#2554=DIRECTION('',(0.E0,1.E0,0.E0));
#2555=VECTOR('',#2554,1.E0);
#2556=CARTESIAN_POINT('',(2.6E0,2.665E0,3.375E0));
#2557=LINE('',#2556,#2555);
#2558=DIRECTION('',(0.E0,0.E0,1.E0));
#2559=VECTOR('',#2558,5.2E0);
#2560=CARTESIAN_POINT('',(2.6E0,2.665E0,-1.825E0));
#2561=LINE('',#2560,#2559);
#2562=DIRECTION('',(5.773502691896E-1,-5.773502691896E-1,-5.773502691896E-1));
#2563=VECTOR('',#2562,3.464101615138E-1);
#2564=CARTESIAN_POINT('',(2.4E0,3.865E0,3.575E0));
#2565=LINE('',#2564,#2563);
#2566=DIRECTION('',(1.E0,0.E0,0.E0));
#2567=VECTOR('',#2566,4.E0);
#2568=CARTESIAN_POINT('',(-2.E0,4.215E0,3.575E0));
#2569=LINE('',#2568,#2567);
#2570=DIRECTION('',(0.E0,-1.E0,0.E0));
#2571=VECTOR('',#2570,9.1E-1);
#2572=CARTESIAN_POINT('',(1.55E0,4.575E0,2.045E0));
#2573=LINE('',#2572,#2571);
#2574=DIRECTION('',(0.E0,-1.E0,0.E0));
#2575=VECTOR('',#2574,9.1E-1);
#2576=CARTESIAN_POINT('',(-1.55E0,4.575E0,2.045E0));
#2577=LINE('',#2576,#2575);
#2578=DIRECTION('',(0.E0,-1.E0,0.E0));
#2579=VECTOR('',#2578,9.1E-1);
#2580=CARTESIAN_POINT('',(-1.8E0,4.575E0,1.795E0));
#2581=LINE('',#2580,#2579);
#2582=DIRECTION('',(-5.773502691896E-1,-5.773502691896E-1,-5.773502691896E-1));
#2583=VECTOR('',#2582,3.464101615138E-1);
#2584=CARTESIAN_POINT('',(-2.4E0,3.865E0,3.575E0));
#2585=LINE('',#2584,#2583);
#2586=DIRECTION('',(-5.773502691896E-1,-5.773502691896E-1,-5.773502691896E-1));
#2587=VECTOR('',#2586,3.464101615138E-1);
#2588=CARTESIAN_POINT('',(-2.4E0,2.865E0,3.575E0));
#2589=LINE('',#2588,#2587);
#2590=DIRECTION('',(0.E0,-1.E0,0.E0));
#2591=VECTOR('',#2590,1.E0);
#2592=CARTESIAN_POINT('',(-2.6E0,3.665E0,3.375E0));
#2593=LINE('',#2592,#2591);
#2594=DIRECTION('',(5.773502691896E-1,-5.773502691896E-1,-5.773502691896E-1));
#2595=VECTOR('',#2594,3.464101615138E-1);
#2596=CARTESIAN_POINT('',(-4.65E0,3.865E0,3.575E0));
#2597=LINE('',#2596,#2595);
#2598=DIRECTION('',(-7.071067811865E-1,0.E0,7.071067811865E-1));
#2599=VECTOR('',#2598,2.828427124746E-1);
#2600=CARTESIAN_POINT('',(-4.45E0,-6.15E-1,3.375E0));
#2601=LINE('',#2600,#2599);
#2602=DIRECTION('',(-7.071067811865E-1,0.E0,7.071067811865E-1));
#2603=VECTOR('',#2602,3.535533905933E-1);
#2604=CARTESIAN_POINT('',(-4.39E0,-6.15E-1,3.325E0));
#2605=LINE('',#2604,#2603);
#2606=DIRECTION('',(0.E0,0.E0,-1.E0));
#2607=VECTOR('',#2606,5.15E0);
#2608=CARTESIAN_POINT('',(-4.39E0,-6.15E-1,3.325E0));
#2609=LINE('',#2608,#2607);
#2610=DIRECTION('',(7.071067811865E-1,0.E0,-7.071067811865E-1));
#2611=VECTOR('',#2610,3.535533905933E-1);
#2612=CARTESIAN_POINT('',(-4.64E0,-9.15E-1,3.575E0));
#2613=LINE('',#2612,#2611);
#2614=DIRECTION('',(0.E0,1.E0,0.E0));
#2615=VECTOR('',#2614,3.E-1);
#2616=CARTESIAN_POINT('',(-4.39E0,-9.15E-1,3.325E0));
#2617=LINE('',#2616,#2615);
#2618=DIRECTION('',(0.E0,0.E0,-1.E0));
#2619=VECTOR('',#2618,5.15E0);
#2620=CARTESIAN_POINT('',(-4.39E0,-9.15E-1,3.325E0));
#2621=LINE('',#2620,#2619);
#2622=DIRECTION('',(0.E0,-1.E0,0.E0));
#2623=VECTOR('',#2622,3.E-1);
#2624=CARTESIAN_POINT('',(4.39E0,-6.15E-1,3.325E0));
#2625=LINE('',#2624,#2623);
#2626=DIRECTION('',(0.E0,0.E0,-1.E0));
#2627=VECTOR('',#2626,5.15E0);
#2628=CARTESIAN_POINT('',(4.39E0,-6.15E-1,3.325E0));
#2629=LINE('',#2628,#2627);
#2630=DIRECTION('',(0.E0,8.944271909999E-1,-4.472135955E-1));
#2631=VECTOR('',#2630,5.590169943749E-2);
#2632=CARTESIAN_POINT('',(-5.E0,-4.275E0,-1.15E0));
#2633=LINE('',#2632,#2631);
#2634=DIRECTION('',(1.E0,0.E0,0.E0));
#2635=VECTOR('',#2634,4.E-1);
#2636=CARTESIAN_POINT('',(-5.4E0,-4.225E0,-1.175E0));
#2637=LINE('',#2636,#2635);
#2638=DIRECTION('',(-1.E0,0.E0,0.E0));
#2639=VECTOR('',#2638,4.E-1);
#2640=CARTESIAN_POINT('',(-5.E0,-4.225E0,2.875E0));
#2641=LINE('',#2640,#2639);
#2642=DIRECTION('',(-1.E0,0.E0,0.E0));
#2643=VECTOR('',#2642,4.E-1);
#2644=CARTESIAN_POINT('',(-5.E0,-4.225E0,3.725E0));
#2645=LINE('',#2644,#2643);
#2646=DIRECTION('',(-1.E0,0.E0,0.E0));
#2647=VECTOR('',#2646,4.E-1);
#2648=CARTESIAN_POINT('',(-5.E0,-4.225E0,-2.175E0));
#2649=LINE('',#2648,#2647);
#2650=DIRECTION('',(-1.E0,0.E0,0.E0));
#2651=VECTOR('',#2650,4.E-1);
#2652=CARTESIAN_POINT('',(-5.E0,-4.115E0,-2.275E0));
#2653=LINE('',#2652,#2651);
#2654=DIRECTION('',(-1.E0,0.E0,0.E0));
#2655=VECTOR('',#2654,4.E-1);
#2656=CARTESIAN_POINT('',(-5.E0,-3.565E0,-2.275E0));
#2657=LINE('',#2656,#2655);
#2658=DIRECTION('',(-1.E0,0.E0,0.E0));
#2659=VECTOR('',#2658,4.E-1);
#2660=CARTESIAN_POINT('',(-5.E0,-3.465E0,-2.175E0));
#2661=LINE('',#2660,#2659);
#2662=DIRECTION('',(-1.E0,0.E0,0.E0));
#2663=VECTOR('',#2662,4.E-1);
#2664=CARTESIAN_POINT('',(-5.E0,-3.465E0,-1.875E0));
#2665=LINE('',#2664,#2663);
#2666=DIRECTION('',(-1.E0,0.E0,0.E0));
#2667=VECTOR('',#2666,4.E-1);
#2668=CARTESIAN_POINT('',(-5.E0,-3.275E0,-1.515E0));
#2669=LINE('',#2668,#2667);
#2670=DIRECTION('',(-1.E0,0.E0,0.E0));
#2671=VECTOR('',#2670,4.E-1);
#2672=CARTESIAN_POINT('',(-5.E0,-3.275E0,8.75E-1));
#2673=LINE('',#2672,#2671);
#2674=DIRECTION('',(-1.E0,0.E0,0.E0));
#2675=VECTOR('',#2674,4.E-1);
#2676=CARTESIAN_POINT('',(-5.E0,-1.125E0,8.75E-1));
#2677=LINE('',#2676,#2675);
#2678=DIRECTION('',(0.E0,0.E0,1.E0));
#2679=VECTOR('',#2678,2.22E0);
#2680=CARTESIAN_POINT('',(-5.E0,3.175E0,-4.025E0));
#2681=LINE('',#2680,#2679);
#2682=DIRECTION('',(0.E0,3.511234415884E-1,9.363291775690E-1));
#2683=VECTOR('',#2682,4.272001872659E-1);
#2684=CARTESIAN_POINT('',(-5.E0,3.025E0,-4.425E0));
#2685=LINE('',#2684,#2683);
#2686=DIRECTION('',(0.E0,1.E0,0.E0));
#2687=VECTOR('',#2686,4.E0);
#2688=CARTESIAN_POINT('',(-5.E0,-9.75E-1,-4.425E0));
#2689=LINE('',#2688,#2687);
#2690=DIRECTION('',(0.E0,3.511234415884E-1,-9.363291775690E-1));
#2691=VECTOR('',#2690,4.272001872659E-1);
#2692=CARTESIAN_POINT('',(-5.E0,-1.125E0,-4.025E0));
#2693=LINE('',#2692,#2691);
#2694=DIRECTION('',(0.E0,0.E0,-1.E0));
#2695=VECTOR('',#2694,2.22E0);
#2696=CARTESIAN_POINT('',(-5.E0,-1.125E0,-1.805E0));
#2697=LINE('',#2696,#2695);
#2698=DIRECTION('',(-1.E0,0.E0,0.E0));
#2699=VECTOR('',#2698,4.E-1);
#2700=CARTESIAN_POINT('',(-5.E0,3.175E0,-4.025E0));
#2701=LINE('',#2700,#2699);
#2702=DIRECTION('',(-1.E0,0.E0,0.E0));
#2703=VECTOR('',#2702,4.E-1);
#2704=CARTESIAN_POINT('',(-5.E0,3.175E0,1.35E-1));
#2705=LINE('',#2704,#2703);
#2706=DIRECTION('',(-1.E0,0.E0,0.E0));
#2707=VECTOR('',#2706,4.E-1);
#2708=CARTESIAN_POINT('',(-5.E0,3.315E0,2.75E-1));
#2709=LINE('',#2708,#2707);
#2710=DIRECTION('',(-1.E0,0.E0,0.E0));
#2711=VECTOR('',#2710,4.E-1);
#2712=CARTESIAN_POINT('',(-5.E0,3.315E0,8.75E-1));
#2713=LINE('',#2712,#2711);
#2714=DIRECTION('',(-1.E0,0.E0,0.E0));
#2715=VECTOR('',#2714,4.E-1);
#2716=CARTESIAN_POINT('',(-5.E0,3.775E0,8.75E-1));
#2717=LINE('',#2716,#2715);
#2718=DIRECTION('',(-1.E0,0.E0,0.E0));
#2719=VECTOR('',#2718,4.E-1);
#2720=CARTESIAN_POINT('',(-5.E0,3.775E0,2.385E0));
#2721=LINE('',#2720,#2719);
#2722=DIRECTION('',(-1.E0,0.E0,0.E0));
#2723=VECTOR('',#2722,4.E-1);
#2724=CARTESIAN_POINT('',(-5.E0,3.555E0,2.825E0));
#2725=LINE('',#2724,#2723);
#2726=DIRECTION('',(-1.E0,0.E0,0.E0));
#2727=VECTOR('',#2726,4.E-1);
#2728=CARTESIAN_POINT('',(-5.E0,3.555E0,3.225E0));
#2729=LINE('',#2728,#2727);
#2730=DIRECTION('',(-1.E0,0.E0,0.E0));
#2731=VECTOR('',#2730,4.E-1);
#2732=CARTESIAN_POINT('',(-5.E0,3.405E0,3.375E0));
#2733=LINE('',#2732,#2731);
#2734=DIRECTION('',(-1.E0,0.E0,0.E0));
#2735=VECTOR('',#2734,4.E-1);
#2736=CARTESIAN_POINT('',(-5.E0,-3.275E0,3.375E0));
#2737=LINE('',#2736,#2735);
#2738=DIRECTION('',(-1.E0,0.E0,0.E0));
#2739=VECTOR('',#2738,4.E-1);
#2740=CARTESIAN_POINT('',(-5.E0,-3.375E0,3.475E0));
#2741=LINE('',#2740,#2739);
#2742=DIRECTION('',(-1.E0,0.E0,0.E0));
#2743=VECTOR('',#2742,4.E-1);
#2744=CARTESIAN_POINT('',(-5.E0,-3.375E0,3.725E0));
#2745=LINE('',#2744,#2743);
#2746=DIRECTION('',(-1.E0,0.E0,0.E0));
#2747=VECTOR('',#2746,4.E-1);
#2748=CARTESIAN_POINT('',(-5.E0,3.025E0,-4.425E0));
#2749=LINE('',#2748,#2747);
#2750=DIRECTION('',(-1.E0,0.E0,0.E0));
#2751=VECTOR('',#2750,4.E-1);
#2752=CARTESIAN_POINT('',(-5.E0,-9.75E-1,-4.425E0));
#2753=LINE('',#2752,#2751);
#2754=DIRECTION('',(-1.E0,0.E0,0.E0));
#2755=VECTOR('',#2754,4.E-1);
#2756=CARTESIAN_POINT('',(-5.E0,-1.125E0,-4.025E0));
#2757=LINE('',#2756,#2755);
#2758=DIRECTION('',(-1.E0,0.E0,0.E0));
#2759=VECTOR('',#2758,4.E-1);
#2760=CARTESIAN_POINT('',(-5.E0,-1.125E0,4.75E-1));
#2761=LINE('',#2760,#2759);
#2762=DIRECTION('',(0.E0,1.E0,0.E0));
#2763=VECTOR('',#2762,8.8E-1);
#2764=CARTESIAN_POINT('',(-5.45E0,-3.455E0,8.25E-1));
#2765=LINE('',#2764,#2763);
#2766=DIRECTION('',(1.E0,0.E0,0.E0));
#2767=VECTOR('',#2766,4.5E-1);
#2768=CARTESIAN_POINT('',(-5.9E0,-3.455E0,8.25E-1));
#2769=LINE('',#2768,#2767);
#2770=DIRECTION('',(-1.E0,0.E0,0.E0));
#2771=VECTOR('',#2770,4.5E-1);
#2772=CARTESIAN_POINT('',(-5.E0,3.555E0,8.25E-1));
#2773=LINE('',#2772,#2771);
#2774=DIRECTION('',(0.E0,1.E0,0.E0));
#2775=VECTOR('',#2774,5.03E0);
#2776=CARTESIAN_POINT('',(-5.45E0,-1.475E0,8.25E-1));
#2777=LINE('',#2776,#2775);
#2778=DIRECTION('',(-1.E0,0.E0,0.E0));
#2779=VECTOR('',#2778,4.5E-1);
#2780=CARTESIAN_POINT('',(-5.E0,-1.475E0,8.25E-1));
#2781=LINE('',#2780,#2779);
#2782=DIRECTION('',(-1.E0,0.E0,0.E0));
#2783=VECTOR('',#2782,4.5E-1);
#2784=CARTESIAN_POINT('',(-5.E0,-2.575E0,8.25E-1));
#2785=LINE('',#2784,#2783);
#2786=DIRECTION('',(0.E0,1.E0,0.E0));
#2787=VECTOR('',#2786,1.08E0);
#2788=CARTESIAN_POINT('',(-5.45E0,-4.255E0,-2.875E0));
#2789=LINE('',#2788,#2787);
#2790=DIRECTION('',(0.E0,7.071067811865E-1,7.071067811865E-1));
#2791=VECTOR('',#2790,8.485281374239E-1);
#2792=CARTESIAN_POINT('',(-5.45E0,-3.175E0,2.25E-1));
#2793=LINE('',#2792,#2791);
#2794=DIRECTION('',(0.E0,0.E0,1.E0));
#2795=VECTOR('',#2794,3.1E0);
#2796=CARTESIAN_POINT('',(-5.45E0,-3.175E0,-2.875E0));
#2797=LINE('',#2796,#2795);
#2798=DIRECTION('',(0.E0,7.071067811865E-1,-7.071067811865E-1));
#2799=VECTOR('',#2798,4.949747468306E-1);
#2800=CARTESIAN_POINT('',(-5.45E0,-1.475E0,8.25E-1));
#2801=LINE('',#2800,#2799);
#2802=DIRECTION('',(0.E0,7.071067811865E-1,7.071067811865E-1));
#2803=VECTOR('',#2802,2.828427124746E-1);
#2804=CARTESIAN_POINT('',(-5.45E0,3.355E0,6.25E-1));
#2805=LINE('',#2804,#2803);
#2806=DIRECTION('',(0.E0,0.E0,1.E0));
#2807=VECTOR('',#2806,8.7E-1);
#2808=CARTESIAN_POINT('',(-5.45E0,3.355E0,-2.45E-1));
#2809=LINE('',#2808,#2807);
#2810=DIRECTION('',(0.E0,7.071067811865E-1,7.071067811865E-1));
#2811=VECTOR('',#2810,2.121320343560E-1);
#2812=CARTESIAN_POINT('',(-5.45E0,3.205E0,-3.95E-1));
#2813=LINE('',#2812,#2811);
#2814=DIRECTION('',(0.E0,0.E0,1.E0));
#2815=VECTOR('',#2814,1.41E0);
#2816=CARTESIAN_POINT('',(-5.45E0,3.205E0,-1.805E0));
#2817=LINE('',#2816,#2815);
#2818=DIRECTION('',(0.E0,0.E0,-1.E0));
#2819=VECTOR('',#2818,2.28E0);
#2820=CARTESIAN_POINT('',(-5.45E0,-1.125E0,4.75E-1));
#2821=LINE('',#2820,#2819);
#2822=DIRECTION('',(0.E0,1.E0,0.E0));
#2823=VECTOR('',#2822,3.E-1);
#2824=CARTESIAN_POINT('',(-5.E0,-4.575E0,-2.875E0));
#2825=LINE('',#2824,#2823);
#2826=DIRECTION('',(0.E0,-1.E0,0.E0));
#2827=VECTOR('',#2826,1.1E0);
#2828=CARTESIAN_POINT('',(-5.E0,-3.175E0,-2.875E0));
#2829=LINE('',#2828,#2827);
#2830=DIRECTION('',(0.E0,7.071067811865E-1,7.071067811865E-1));
#2831=VECTOR('',#2830,2.828427124746E-1);
#2832=CARTESIAN_POINT('',(-5.45E0,-4.255E0,-2.875E0));
#2833=LINE('',#2832,#2831);
#2834=DIRECTION('',(1.E0,0.E0,0.E0));
#2835=VECTOR('',#2834,4.5E-1);
#2836=CARTESIAN_POINT('',(-5.9E0,-4.255E0,-2.875E0));
#2837=LINE('',#2836,#2835);
#2838=DIRECTION('',(0.E0,0.E0,1.E0));
#2839=VECTOR('',#2838,1.15E0);
#2840=CARTESIAN_POINT('',(-5.45E0,-4.055E0,-2.675E0));
#2841=LINE('',#2840,#2839);
#2842=DIRECTION('',(1.E0,0.E0,0.E0));
#2843=VECTOR('',#2842,4.5E-1);
#2844=CARTESIAN_POINT('',(-5.9E0,-4.055E0,-2.675E0));
#2845=LINE('',#2844,#2843);
#2846=DIRECTION('',(0.E0,7.071067811865E-1,7.071067811865E-1));
#2847=VECTOR('',#2846,4.242640687119E-1);
#2848=CARTESIAN_POINT('',(-5.45E0,-4.055E0,-1.525E0));
#2849=LINE('',#2848,#2847);
#2850=DIRECTION('',(1.E0,0.E0,0.E0));
#2851=VECTOR('',#2850,4.5E-1);
#2852=CARTESIAN_POINT('',(-5.9E0,-4.055E0,-1.525E0));
#2853=LINE('',#2852,#2851);
#2854=DIRECTION('',(0.E0,0.E0,1.E0));
#2855=VECTOR('',#2854,1.75E0);
#2856=CARTESIAN_POINT('',(-5.45E0,-3.755E0,-1.225E0));
#2857=LINE('',#2856,#2855);
#2858=DIRECTION('',(1.E0,0.E0,0.E0));
#2859=VECTOR('',#2858,4.5E-1);
#2860=CARTESIAN_POINT('',(-5.9E0,-3.755E0,-1.225E0));
#2861=LINE('',#2860,#2859);
#2862=DIRECTION('',(0.E0,7.071067811865E-1,7.071067811865E-1));
#2863=VECTOR('',#2862,4.242640687119E-1);
#2864=CARTESIAN_POINT('',(-5.45E0,-3.755E0,5.25E-1));
#2865=LINE('',#2864,#2863);
#2866=DIRECTION('',(1.E0,0.E0,0.E0));
#2867=VECTOR('',#2866,4.5E-1);
#2868=CARTESIAN_POINT('',(-5.9E0,-3.755E0,5.25E-1));
#2869=LINE('',#2868,#2867);
#2870=DIRECTION('',(-1.E0,0.E0,0.E0));
#2871=VECTOR('',#2870,4.5E-1);
#2872=CARTESIAN_POINT('',(-5.E0,-3.175E0,-2.875E0));
#2873=LINE('',#2872,#2871);
#2874=DIRECTION('',(-1.E0,0.E0,0.E0));
#2875=VECTOR('',#2874,4.5E-1);
#2876=CARTESIAN_POINT('',(-5.E0,-3.175E0,2.25E-1));
#2877=LINE('',#2876,#2875);
#2878=DIRECTION('',(-1.E0,0.E0,0.E0));
#2879=VECTOR('',#2878,4.5E-1);
#2880=CARTESIAN_POINT('',(-5.E0,3.355E0,6.25E-1));
#2881=LINE('',#2880,#2879);
#2882=DIRECTION('',(-1.E0,0.E0,0.E0));
#2883=VECTOR('',#2882,4.5E-1);
#2884=CARTESIAN_POINT('',(-5.E0,3.355E0,-2.45E-1));
#2885=LINE('',#2884,#2883);
#2886=DIRECTION('',(-1.E0,0.E0,0.E0));
#2887=VECTOR('',#2886,4.5E-1);
#2888=CARTESIAN_POINT('',(-5.E0,3.205E0,-3.95E-1));
#2889=LINE('',#2888,#2887);
#2890=DIRECTION('',(0.E0,-8.944271909999E-1,-4.472135955E-1));
#2891=VECTOR('',#2890,5.590169943749E-2);
#2892=CARTESIAN_POINT('',(-5.E0,-4.225E0,2.875E0));
#2893=LINE('',#2892,#2891);
#2894=DIRECTION('',(0.E0,0.E0,-1.E0));
#2895=VECTOR('',#2894,1.25E0);
#2896=CARTESIAN_POINT('',(4.075E0,-4.275E0,-2.875E0));
#2897=LINE('',#2896,#2895);
#2898=DIRECTION('',(0.E0,0.E0,1.E0));
#2899=VECTOR('',#2898,1.25E0);
#2900=CARTESIAN_POINT('',(4.075E0,-6.65E-1,-4.125E0));
#2901=LINE('',#2900,#2899);
#2902=DIRECTION('',(0.E0,0.E0,-1.E0));
#2903=VECTOR('',#2902,1.05E0);
#2904=CARTESIAN_POINT('',(2.875E0,-6.65E-1,-2.875E0));
#2905=LINE('',#2904,#2903);
#2906=DIRECTION('',(1.E0,0.E0,0.E0));
#2907=VECTOR('',#2906,2.5E-1);
#2908=CARTESIAN_POINT('',(2.875E0,-6.65E-1,-3.925E0));
#2909=LINE('',#2908,#2907);
#2910=DIRECTION('',(0.E0,0.E0,-1.E0));
#2911=VECTOR('',#2910,1.05E0);
#2912=CARTESIAN_POINT('',(3.125E0,-6.65E-1,-2.875E0));
#2913=LINE('',#2912,#2911);
#2914=DIRECTION('',(0.E0,0.E0,1.E0));
#2915=VECTOR('',#2914,1.25E0);
#2916=CARTESIAN_POINT('',(-4.075E0,-6.65E-1,-4.125E0));
#2917=LINE('',#2916,#2915);
#2918=DIRECTION('',(0.E0,0.E0,-1.E0));
#2919=VECTOR('',#2918,1.05E0);
#2920=CARTESIAN_POINT('',(-3.125E0,-6.65E-1,-2.875E0));
#2921=LINE('',#2920,#2919);
#2922=DIRECTION('',(1.E0,0.E0,0.E0));
#2923=VECTOR('',#2922,2.5E-1);
#2924=CARTESIAN_POINT('',(-3.125E0,-6.65E-1,-3.925E0));
#2925=LINE('',#2924,#2923);
#2926=DIRECTION('',(0.E0,0.E0,-1.E0));
#2927=VECTOR('',#2926,1.05E0);
#2928=CARTESIAN_POINT('',(-2.875E0,-6.65E-1,-2.875E0));
#2929=LINE('',#2928,#2927);
#2930=DIRECTION('',(0.E0,0.E0,-1.E0));
#2931=VECTOR('',#2930,1.05E0);
#2932=CARTESIAN_POINT('',(-1.625E0,-6.65E-1,-2.875E0));
#2933=LINE('',#2932,#2931);
#2934=DIRECTION('',(1.E0,0.E0,0.E0));
#2935=VECTOR('',#2934,2.5E-1);
#2936=CARTESIAN_POINT('',(-1.625E0,-6.65E-1,-3.925E0));
#2937=LINE('',#2936,#2935);
#2938=DIRECTION('',(0.E0,0.E0,-1.E0));
#2939=VECTOR('',#2938,1.05E0);
#2940=CARTESIAN_POINT('',(-1.375E0,-6.65E-1,-2.875E0));
#2941=LINE('',#2940,#2939);
#2942=DIRECTION('',(0.E0,0.E0,-1.E0));
#2943=VECTOR('',#2942,1.05E0);
#2944=CARTESIAN_POINT('',(-1.25E-1,-6.65E-1,-2.875E0));
#2945=LINE('',#2944,#2943);
#2946=DIRECTION('',(1.E0,0.E0,0.E0));
#2947=VECTOR('',#2946,2.5E-1);
#2948=CARTESIAN_POINT('',(-1.25E-1,-6.65E-1,-3.925E0));
#2949=LINE('',#2948,#2947);
#2950=DIRECTION('',(0.E0,0.E0,-1.E0));
#2951=VECTOR('',#2950,1.05E0);
#2952=CARTESIAN_POINT('',(1.25E-1,-6.65E-1,-2.875E0));
#2953=LINE('',#2952,#2951);
#2954=DIRECTION('',(0.E0,0.E0,-1.E0));
#2955=VECTOR('',#2954,1.05E0);
#2956=CARTESIAN_POINT('',(1.375E0,-6.65E-1,-2.875E0));
#2957=LINE('',#2956,#2955);
#2958=DIRECTION('',(1.E0,0.E0,0.E0));
#2959=VECTOR('',#2958,2.5E-1);
#2960=CARTESIAN_POINT('',(1.375E0,-6.65E-1,-3.925E0));
#2961=LINE('',#2960,#2959);
#2962=DIRECTION('',(0.E0,0.E0,-1.E0));
#2963=VECTOR('',#2962,1.05E0);
#2964=CARTESIAN_POINT('',(1.625E0,-6.65E-1,-2.875E0));
#2965=LINE('',#2964,#2963);
#2966=DIRECTION('',(0.E0,0.E0,1.E0));
#2967=VECTOR('',#2966,1.1E-1);
#2968=CARTESIAN_POINT('',(2.875E0,-3.145E0,-9.75E-1));
#2969=LINE('',#2968,#2967);
#2970=DIRECTION('',(0.E0,-5.623100214073E-1,8.269265020695E-1));
#2971=VECTOR('',#2970,3.023243291566E-1);
#2972=CARTESIAN_POINT('',(2.875E0,-3.145E0,-8.65E-1));
#2973=LINE('',#2972,#2971);
#2974=DIRECTION('',(0.E0,0.E0,1.E0));
#2975=VECTOR('',#2974,1.24E0);
#2976=CARTESIAN_POINT('',(2.875E0,-3.315E0,-6.15E-1));
#2977=LINE('',#2976,#2975);
#2978=DIRECTION('',(0.E0,4.365680397628E-1,8.996712436539E-1));
#2979=VECTOR('',#2978,3.091924966748E-1);
#2980=CARTESIAN_POINT('',(2.875E0,-3.315E0,6.25E-1));
#2981=LINE('',#2980,#2979);
#2982=CARTESIAN_POINT('',(2.875E0,-3.225E0,9.25E-1));
#2983=DIRECTION('',(1.E0,0.E0,0.E0));
#2984=DIRECTION('',(0.E0,8.996712436539E-1,-4.365680397628E-1));
#2985=AXIS2_PLACEMENT_3D('',#2982,#2983,#2984);
#2987=DIRECTION('',(0.E0,-5.297661555572E-1,8.481437498598E-1));
#2988=VECTOR('',#2987,6.561249880930E-1);
#2989=CARTESIAN_POINT('',(2.875E0,-3.182592812507E0,9.514883077779E-1));
#2990=LINE('',#2989,#2988);
#2991=CARTESIAN_POINT('',(2.875E0,-3.615E0,1.455E0));
#2992=DIRECTION('',(1.E0,0.E0,0.E0));
#2993=DIRECTION('',(0.E0,8.481437498597E-1,5.297661555572E-1));
#2994=AXIS2_PLACEMENT_3D('',#2991,#2992,#2993);
#2996=DIRECTION('',(0.E0,0.E0,-1.E0));
#2997=VECTOR('',#2996,1.219329762024E0);
#2998=CARTESIAN_POINT('',(2.875E0,-2.235E0,4.776630953573E-1));
#2999=LINE('',#2998,#2997);
#3000=DIRECTION('',(0.E0,-4.365680397628E-1,-8.996712436539E-1));
#3001=VECTOR('',#3000,5.611578032964E-1);
#3002=CARTESIAN_POINT('',(2.875E0,-2.225E0,1.451685940766E0));
#3003=LINE('',#3002,#3001);
#3004=CARTESIAN_POINT('',(2.875E0,-2.425E0,9.25E-1));
#3005=DIRECTION('',(1.E0,0.E0,0.E0));
#3006=DIRECTION('',(0.E0,-8.996712436539E-1,4.365680397628E-1));
#3007=AXIS2_PLACEMENT_3D('',#3004,#3005,#3006);
#3009=DIRECTION('',(0.E0,6.486748942009E-1,-7.610656224226E-1));
#3010=VECTOR('',#3009,2.042310119823E-1);
#3011=CARTESIAN_POINT('',(2.875E0,-2.463053281121E0,8.925662552900E-1));
#3012=LINE('',#3011,#3010);
#3013=CARTESIAN_POINT('',(2.875E0,-2.635E0,4.776630953573E-1));
#3014=DIRECTION('',(-1.E0,0.E0,0.E0));
#3015=DIRECTION('',(0.E0,7.610656224226E-1,6.486748942009E-1));
#3016=AXIS2_PLACEMENT_3D('',#3013,#3014,#3015);
#3018=DIRECTION('',(0.E0,0.E0,1.E0));
#3019=VECTOR('',#3018,1.100000000001E-1);
#3020=CARTESIAN_POINT('',(2.875E0,-4.45E-1,-9.75E-1));
#3021=LINE('',#3020,#3019);
#3022=DIRECTION('',(0.E0,-5.623100214072E-1,8.269265020696E-1));
#3023=VECTOR('',#3022,3.023243291566E-1);
#3024=CARTESIAN_POINT('',(2.875E0,-4.45E-1,-8.649999999999E-1));
#3025=LINE('',#3024,#3023);
#3026=DIRECTION('',(0.E0,0.E0,1.E0));
#3027=VECTOR('',#3026,1.24E0);
#3028=CARTESIAN_POINT('',(2.875E0,-6.15E-1,-6.149999999999E-1));
#3029=LINE('',#3028,#3027);
#3030=DIRECTION('',(0.E0,4.365680397627E-1,8.996712436539E-1));
#3031=VECTOR('',#3030,3.091924966748E-1);
#3032=CARTESIAN_POINT('',(2.875E0,-6.15E-1,6.25E-1));
#3033=LINE('',#3032,#3031);
#3034=CARTESIAN_POINT('',(2.875E0,-5.25E-1,9.25E-1));
#3035=DIRECTION('',(1.E0,0.E0,0.E0));
#3036=DIRECTION('',(0.E0,8.996712436539E-1,-4.365680397627E-1));
#3037=AXIS2_PLACEMENT_3D('',#3034,#3035,#3036);
#3039=DIRECTION('',(0.E0,-5.297661555572E-1,8.481437498598E-1));
#3040=VECTOR('',#3039,6.561249880930E-1);
#3041=CARTESIAN_POINT('',(2.875E0,-4.825928125070E-1,9.514883077779E-1));
#3042=LINE('',#3041,#3040);
#3043=CARTESIAN_POINT('',(2.875E0,-9.15E-1,1.455E0));
#3044=DIRECTION('',(1.E0,0.E0,0.E0));
#3045=DIRECTION('',(0.E0,8.481437498598E-1,5.297661555572E-1));
#3046=AXIS2_PLACEMENT_3D('',#3043,#3044,#3045);
#3048=CARTESIAN_POINT('',(2.875E0,-3.815E0,-2.825E0));
#3049=DIRECTION('',(-1.E0,0.E0,0.E0));
#3050=DIRECTION('',(0.E0,8.660254037844E-1,-5.E-1));
#3051=AXIS2_PLACEMENT_3D('',#3048,#3049,#3050);
#3053=DIRECTION('',(0.E0,-1.E0,0.E0));
#3054=VECTOR('',#3053,2.6E-1);
#3055=CARTESIAN_POINT('',(2.875E0,-3.815E0,-2.925E0));
#3056=LINE('',#3055,#3054);
#3057=DIRECTION('',(0.E0,-7.071067811865E-1,-7.071067811865E-1));
#3058=VECTOR('',#3057,7.778174593052E-1);
#3059=CARTESIAN_POINT('',(2.875E0,-4.075E0,-2.925E0));
#3060=LINE('',#3059,#3058);
#3061=DIRECTION('',(0.E0,0.E0,-1.E0));
#3062=VECTOR('',#3061,1.65E0);
#3063=CARTESIAN_POINT('',(2.875E0,-4.625E0,-3.475E0));
#3064=LINE('',#3063,#3062);
#3065=DIRECTION('',(0.E0,7.071067811866E-1,-7.071067811865E-1));
#3066=VECTOR('',#3065,7.071067811866E-2);
#3067=CARTESIAN_POINT('',(2.875E0,-4.625E0,-5.125E0));
#3068=LINE('',#3067,#3066);
#3069=DIRECTION('',(0.E0,1.E0,0.E0));
#3070=VECTOR('',#3069,5.5E-1);
#3071=CARTESIAN_POINT('',(2.875E0,-4.575E0,-5.175E0));
#3072=LINE('',#3071,#3070);
#3073=DIRECTION('',(0.E0,0.E0,1.E0));
#3074=VECTOR('',#3073,1.E0);
#3075=CARTESIAN_POINT('',(2.875E0,-4.025E0,-5.175E0));
#3076=LINE('',#3075,#3074);
#3077=DIRECTION('',(0.E0,7.071067811865E-1,7.071067811865E-1));
#3078=VECTOR('',#3077,3.535533905933E-1);
#3079=CARTESIAN_POINT('',(2.875E0,-4.025E0,-4.175E0));
#3080=LINE('',#3079,#3078);
#3081=DIRECTION('',(0.E0,1.E0,0.E0));
#3082=VECTOR('',#3081,1.52E0);
#3083=CARTESIAN_POINT('',(2.875E0,-3.775E0,-3.925E0));
#3084=LINE('',#3083,#3082);
#3085=DIRECTION('',(0.E0,0.E0,-1.E0));
#3086=VECTOR('',#3085,1.E-1);
#3087=CARTESIAN_POINT('',(2.875E0,-2.255E0,-3.925E0));
#3088=LINE('',#3087,#3086);
#3089=DIRECTION('',(0.E0,1.E0,0.E0));
#3090=VECTOR('',#3089,4.E-1);
#3091=CARTESIAN_POINT('',(2.875E0,-2.255E0,-4.025E0));
#3092=LINE('',#3091,#3090);
#3093=DIRECTION('',(0.E0,0.E0,1.E0));
#3094=VECTOR('',#3093,1.15E0);
#3095=CARTESIAN_POINT('',(2.875E0,-1.855E0,-4.025E0));
#3096=LINE('',#3095,#3094);
#3097=DIRECTION('',(0.E0,-4.365680397628E-1,-8.996712436539E-1));
#3098=VECTOR('',#3097,5.611578032964E-1);
#3099=CARTESIAN_POINT('',(2.875E0,4.75E-1,1.451685940766E0));
#3100=LINE('',#3099,#3098);
#3101=CARTESIAN_POINT('',(2.875E0,2.75E-1,9.25E-1));
#3102=DIRECTION('',(1.E0,0.E0,0.E0));
#3103=DIRECTION('',(0.E0,-8.996712436539E-1,4.365680397627E-1));
#3104=AXIS2_PLACEMENT_3D('',#3101,#3102,#3103);
#3106=DIRECTION('',(0.E0,6.486748942010E-1,-7.610656224225E-1));
#3107=VECTOR('',#3106,2.042310119823E-1);
#3108=CARTESIAN_POINT('',(2.875E0,2.369467188789E-1,8.925662552900E-1));
#3109=LINE('',#3108,#3107);
#3110=CARTESIAN_POINT('',(2.875E0,6.5E-2,4.776630953573E-1));
#3111=DIRECTION('',(-1.E0,0.E0,0.E0));
#3112=DIRECTION('',(0.E0,7.610656224225E-1,6.486748942010E-1));
#3113=AXIS2_PLACEMENT_3D('',#3110,#3111,#3112);
#3115=DIRECTION('',(0.E0,0.E0,-1.E0));
#3116=VECTOR('',#3115,1.219329762024E0);
#3117=CARTESIAN_POINT('',(2.875E0,4.65E-1,4.776630953573E-1));
#3118=LINE('',#3117,#3116);
#3119=DIRECTION('',(0.E0,0.E0,-1.E0));
#3120=VECTOR('',#3119,5.E-2);
#3121=CARTESIAN_POINT('',(2.875E0,-7.15E-1,-2.875E0));
#3122=LINE('',#3121,#3120);
#3123=DIRECTION('',(0.E0,0.E0,-1.E0));
#3124=VECTOR('',#3123,1.E0);
#3125=CARTESIAN_POINT('',(2.875E0,-7.65E-1,-2.925E0));
#3126=LINE('',#3125,#3124);
#3127=DIRECTION('',(0.E0,1.E0,0.E0));
#3128=VECTOR('',#3127,1.E-1);
#3129=CARTESIAN_POINT('',(2.875E0,-7.65E-1,-3.925E0));
#3130=LINE('',#3129,#3128);
#3131=DIRECTION('',(0.E0,1.E0,0.E0));
#3132=VECTOR('',#3131,3.2E-1);
#3133=CARTESIAN_POINT('',(2.875E0,-3.465E0,-9.75E-1));
#3134=LINE('',#3133,#3132);
#3135=DIRECTION('',(-1.E0,0.E0,0.E0));
#3136=VECTOR('',#3135,1.25E0);
#3137=CARTESIAN_POINT('',(2.875E0,-3.465E0,-9.75E-1));
#3138=LINE('',#3137,#3136);
#3139=DIRECTION('',(0.E0,1.E0,0.E0));
#3140=VECTOR('',#3139,3.2E-1);
#3141=CARTESIAN_POINT('',(1.625E0,-3.465E0,-9.75E-1));
#3142=LINE('',#3141,#3140);
#3143=DIRECTION('',(1.E0,0.E0,0.E0));
#3144=VECTOR('',#3143,2.5E-1);
#3145=CARTESIAN_POINT('',(1.375E0,-3.145E0,-9.75E-1));
#3146=LINE('',#3145,#3144);
#3147=DIRECTION('',(0.E0,1.E0,0.E0));
#3148=VECTOR('',#3147,3.2E-1);
#3149=CARTESIAN_POINT('',(1.375E0,-3.465E0,-9.75E-1));
#3150=LINE('',#3149,#3148);
#3151=DIRECTION('',(-1.E0,0.E0,0.E0));
#3152=VECTOR('',#3151,1.25E0);
#3153=CARTESIAN_POINT('',(1.375E0,-3.465E0,-9.75E-1));
#3154=LINE('',#3153,#3152);
#3155=DIRECTION('',(0.E0,1.E0,0.E0));
#3156=VECTOR('',#3155,3.2E-1);
#3157=CARTESIAN_POINT('',(1.25E-1,-3.465E0,-9.75E-1));
#3158=LINE('',#3157,#3156);
#3159=DIRECTION('',(1.E0,0.E0,0.E0));
#3160=VECTOR('',#3159,2.5E-1);
#3161=CARTESIAN_POINT('',(-1.25E-1,-3.145E0,-9.75E-1));
#3162=LINE('',#3161,#3160);
#3163=DIRECTION('',(0.E0,1.E0,0.E0));
#3164=VECTOR('',#3163,3.2E-1);
#3165=CARTESIAN_POINT('',(-1.25E-1,-3.465E0,-9.75E-1));
#3166=LINE('',#3165,#3164);
#3167=DIRECTION('',(-1.E0,0.E0,0.E0));
#3168=VECTOR('',#3167,1.25E0);
#3169=CARTESIAN_POINT('',(-1.25E-1,-3.465E0,-9.75E-1));
#3170=LINE('',#3169,#3168);
#3171=DIRECTION('',(0.E0,1.E0,0.E0));
#3172=VECTOR('',#3171,3.2E-1);
#3173=CARTESIAN_POINT('',(-1.375E0,-3.465E0,-9.75E-1));
#3174=LINE('',#3173,#3172);
#3175=DIRECTION('',(1.E0,0.E0,0.E0));
#3176=VECTOR('',#3175,2.5E-1);
#3177=CARTESIAN_POINT('',(-1.625E0,-3.145E0,-9.75E-1));
#3178=LINE('',#3177,#3176);
#3179=DIRECTION('',(0.E0,1.E0,0.E0));
#3180=VECTOR('',#3179,3.2E-1);
#3181=CARTESIAN_POINT('',(-1.625E0,-3.465E0,-9.75E-1));
#3182=LINE('',#3181,#3180);
#3183=DIRECTION('',(-1.E0,0.E0,0.E0));
#3184=VECTOR('',#3183,1.25E0);
#3185=CARTESIAN_POINT('',(-1.625E0,-3.465E0,-9.75E-1));
#3186=LINE('',#3185,#3184);
#3187=DIRECTION('',(0.E0,1.E0,0.E0));
#3188=VECTOR('',#3187,3.2E-1);
#3189=CARTESIAN_POINT('',(-2.875E0,-3.465E0,-9.75E-1));
#3190=LINE('',#3189,#3188);
#3191=DIRECTION('',(1.E0,0.E0,0.E0));
#3192=VECTOR('',#3191,2.5E-1);
#3193=CARTESIAN_POINT('',(-3.125E0,-3.145E0,-9.75E-1));
#3194=LINE('',#3193,#3192);
#3195=DIRECTION('',(0.E0,1.E0,0.E0));
#3196=VECTOR('',#3195,3.2E-1);
#3197=CARTESIAN_POINT('',(-3.125E0,-3.465E0,-9.75E-1));
#3198=LINE('',#3197,#3196);
#3199=DIRECTION('',(-1.E0,0.E0,0.E0));
#3200=VECTOR('',#3199,4.75E-1);
#3201=CARTESIAN_POINT('',(-3.125E0,-3.465E0,-9.75E-1));
#3202=LINE('',#3201,#3200);
#3203=DIRECTION('',(0.E0,1.E0,0.E0));
#3204=VECTOR('',#3203,1.09E0);
#3205=CARTESIAN_POINT('',(-3.6E0,-3.465E0,-9.75E-1));
#3206=LINE('',#3205,#3204);
#3207=DIRECTION('',(0.E0,1.E0,0.E0));
#3208=VECTOR('',#3207,1.09E0);
#3209=CARTESIAN_POINT('',(3.6E0,-3.465E0,-9.75E-1));
#3210=LINE('',#3209,#3208);
#3211=DIRECTION('',(-1.E0,0.E0,0.E0));
#3212=VECTOR('',#3211,4.75E-1);
#3213=CARTESIAN_POINT('',(3.6E0,-3.465E0,-9.75E-1));
#3214=LINE('',#3213,#3212);
#3215=DIRECTION('',(0.E0,1.E0,0.E0));
#3216=VECTOR('',#3215,3.2E-1);
#3217=CARTESIAN_POINT('',(3.125E0,-3.465E0,-9.75E-1));
#3218=LINE('',#3217,#3216);
#3219=DIRECTION('',(1.E0,0.E0,0.E0));
#3220=VECTOR('',#3219,2.5E-1);
#3221=CARTESIAN_POINT('',(2.875E0,-3.145E0,-9.75E-1));
#3222=LINE('',#3221,#3220);
#3223=DIRECTION('',(0.E0,5.547001962252E-1,-8.320502943378E-1));
#3224=VECTOR('',#3223,2.163330765278E-1);
#3225=CARTESIAN_POINT('',(-1.625E0,-3.585E0,-7.95E-1));
#3226=LINE('',#3225,#3224);
#3227=DIRECTION('',(-1.E0,0.E0,0.E0));
#3228=VECTOR('',#3227,1.25E0);
#3229=CARTESIAN_POINT('',(-1.625E0,-3.585E0,-7.95E-1));
#3230=LINE('',#3229,#3228);
#3231=DIRECTION('',(0.E0,5.547001962252E-1,-8.320502943378E-1));
#3232=VECTOR('',#3231,2.163330765278E-1);
#3233=CARTESIAN_POINT('',(-2.875E0,-3.585E0,-7.95E-1));
#3234=LINE('',#3233,#3232);
#3235=DIRECTION('',(0.E0,5.547001962252E-1,-8.320502943378E-1));
#3236=VECTOR('',#3235,2.163330765278E-1);
#3237=CARTESIAN_POINT('',(-1.25E-1,-3.585E0,-7.95E-1));
#3238=LINE('',#3237,#3236);
#3239=DIRECTION('',(-1.E0,0.E0,0.E0));
#3240=VECTOR('',#3239,1.25E0);
#3241=CARTESIAN_POINT('',(-1.25E-1,-3.585E0,-7.95E-1));
#3242=LINE('',#3241,#3240);
#3243=DIRECTION('',(0.E0,5.547001962252E-1,-8.320502943378E-1));
#3244=VECTOR('',#3243,2.163330765278E-1);
#3245=CARTESIAN_POINT('',(-1.375E0,-3.585E0,-7.95E-1));
#3246=LINE('',#3245,#3244);
#3247=DIRECTION('',(0.E0,5.547001962252E-1,-8.320502943378E-1));
#3248=VECTOR('',#3247,2.163330765278E-1);
#3249=CARTESIAN_POINT('',(1.375E0,-3.585E0,-7.95E-1));
#3250=LINE('',#3249,#3248);
#3251=DIRECTION('',(-1.E0,0.E0,0.E0));
#3252=VECTOR('',#3251,1.25E0);
#3253=CARTESIAN_POINT('',(1.375E0,-3.585E0,-7.95E-1));
#3254=LINE('',#3253,#3252);
#3255=DIRECTION('',(0.E0,5.547001962252E-1,-8.320502943378E-1));
#3256=VECTOR('',#3255,2.163330765278E-1);
#3257=CARTESIAN_POINT('',(1.25E-1,-3.585E0,-7.95E-1));
#3258=LINE('',#3257,#3256);
#3259=DIRECTION('',(0.E0,5.547001962252E-1,-8.320502943378E-1));
#3260=VECTOR('',#3259,2.163330765278E-1);
#3261=CARTESIAN_POINT('',(2.875E0,-3.585E0,-7.95E-1));
#3262=LINE('',#3261,#3260);
#3263=DIRECTION('',(-1.E0,0.E0,0.E0));
#3264=VECTOR('',#3263,1.25E0);
#3265=CARTESIAN_POINT('',(2.875E0,-3.585E0,-7.95E-1));
#3266=LINE('',#3265,#3264);
#3267=DIRECTION('',(0.E0,5.547001962252E-1,-8.320502943378E-1));
#3268=VECTOR('',#3267,2.163330765278E-1);
#3269=CARTESIAN_POINT('',(1.625E0,-3.585E0,-7.95E-1));
#3270=LINE('',#3269,#3268);
#3271=DIRECTION('',(0.E0,5.547001962252E-1,-8.320502943378E-1));
#3272=VECTOR('',#3271,1.081665382639E-1);
#3273=CARTESIAN_POINT('',(-3.6E0,-3.525E0,-8.85E-1));
#3274=LINE('',#3273,#3272);
#3275=DIRECTION('',(0.E0,5.547001962252E-1,-8.320502943378E-1));
#3276=VECTOR('',#3275,2.163330765278E-1);
#3277=CARTESIAN_POINT('',(-3.125E0,-3.585E0,-7.95E-1));
#3278=LINE('',#3277,#3276);
#3279=DIRECTION('',(-1.E0,0.E0,0.E0));
#3280=VECTOR('',#3279,4.75E-1);
#3281=CARTESIAN_POINT('',(-3.125E0,-3.585E0,-7.95E-1));
#3282=LINE('',#3281,#3280);
#3283=DIRECTION('',(-1.642242478969E-14,5.547001962252E-1,-8.320502943378E-1));
#3284=VECTOR('',#3283,1.081665382639E-1);
#3285=CARTESIAN_POINT('',(-3.6E0,-3.585E0,-7.95E-1));
#3286=LINE('',#3285,#3284);
#3287=DIRECTION('',(-1.E0,0.E0,0.E0));
#3288=VECTOR('',#3287,4.75E-1);
#3289=CARTESIAN_POINT('',(3.6E0,-3.585E0,-7.95E-1));
#3290=LINE('',#3289,#3288);
#3291=DIRECTION('',(0.E0,5.547001962252E-1,-8.320502943378E-1));
#3292=VECTOR('',#3291,2.163330765278E-1);
#3293=CARTESIAN_POINT('',(3.125E0,-3.585E0,-7.95E-1));
#3294=LINE('',#3293,#3292);
#3295=DIRECTION('',(0.E0,5.547001962252E-1,-8.320502943378E-1));
#3296=VECTOR('',#3295,1.081665382639E-1);
#3297=CARTESIAN_POINT('',(3.6E0,-3.525E0,-8.85E-1));
#3298=LINE('',#3297,#3296);
#3299=DIRECTION('',(0.E0,5.547001962252E-1,-8.320502943378E-1));
#3300=VECTOR('',#3299,1.081665382639E-1);
#3301=CARTESIAN_POINT('',(3.6E0,-3.585E0,-7.95E-1));
#3302=LINE('',#3301,#3300);
#3303=DIRECTION('',(0.E0,0.E0,1.E0));
#3304=VECTOR('',#3303,1.1E-1);
#3305=CARTESIAN_POINT('',(-1.625E0,-3.145E0,-9.75E-1));
#3306=LINE('',#3305,#3304);
#3307=DIRECTION('',(0.E0,-5.623100214073E-1,8.269265020695E-1));
#3308=VECTOR('',#3307,3.023243291566E-1);
#3309=CARTESIAN_POINT('',(-1.625E0,-3.145E0,-8.65E-1));
#3310=LINE('',#3309,#3308);
#3311=DIRECTION('',(0.E0,0.E0,1.E0));
#3312=VECTOR('',#3311,1.24E0);
#3313=CARTESIAN_POINT('',(-1.625E0,-3.315E0,-6.15E-1));
#3314=LINE('',#3313,#3312);
#3315=DIRECTION('',(0.E0,4.365680397628E-1,8.996712436539E-1));
#3316=VECTOR('',#3315,3.091924966748E-1);
#3317=CARTESIAN_POINT('',(-1.625E0,-3.315E0,6.25E-1));
#3318=LINE('',#3317,#3316);
#3319=CARTESIAN_POINT('',(-1.625E0,-3.225E0,9.25E-1));
#3320=DIRECTION('',(1.E0,0.E0,0.E0));
#3321=DIRECTION('',(0.E0,8.996712436539E-1,-4.365680397628E-1));
#3322=AXIS2_PLACEMENT_3D('',#3319,#3320,#3321);
#3324=DIRECTION('',(0.E0,-5.297661555572E-1,8.481437498598E-1));
#3325=VECTOR('',#3324,6.561249880930E-1);
#3326=CARTESIAN_POINT('',(-1.625E0,-3.182592812507E0,9.514883077779E-1));
#3327=LINE('',#3326,#3325);
#3328=CARTESIAN_POINT('',(-1.625E0,-3.615E0,1.455E0));
#3329=DIRECTION('',(1.E0,0.E0,0.E0));
#3330=DIRECTION('',(0.E0,8.481437498597E-1,5.297661555572E-1));
#3331=AXIS2_PLACEMENT_3D('',#3328,#3329,#3330);
#3333=DIRECTION('',(0.E0,-4.365680397628E-1,-8.996712436539E-1));
#3334=VECTOR('',#3333,5.611578032964E-1);
#3335=CARTESIAN_POINT('',(-1.625E0,-2.225E0,1.451685940766E0));
#3336=LINE('',#3335,#3334);
#3337=CARTESIAN_POINT('',(-1.625E0,-2.425E0,9.25E-1));
#3338=DIRECTION('',(1.E0,0.E0,0.E0));
#3339=DIRECTION('',(0.E0,-8.996712436539E-1,4.365680397628E-1));
#3340=AXIS2_PLACEMENT_3D('',#3337,#3338,#3339);
#3342=DIRECTION('',(0.E0,6.486748942009E-1,-7.610656224226E-1));
#3343=VECTOR('',#3342,2.042310119823E-1);
#3344=CARTESIAN_POINT('',(-1.625E0,-2.463053281121E0,8.925662552900E-1));
#3345=LINE('',#3344,#3343);
#3346=CARTESIAN_POINT('',(-1.625E0,-2.635E0,4.776630953573E-1));
#3347=DIRECTION('',(-1.E0,0.E0,0.E0));
#3348=DIRECTION('',(0.E0,7.610656224226E-1,6.486748942009E-1));
#3349=AXIS2_PLACEMENT_3D('',#3346,#3347,#3348);
#3351=DIRECTION('',(0.E0,0.E0,-1.E0));
#3352=VECTOR('',#3351,1.219329762024E0);
#3353=CARTESIAN_POINT('',(-1.625E0,-2.235E0,4.776630953573E-1));
#3354=LINE('',#3353,#3352);
#3355=DIRECTION('',(0.E0,0.E0,1.E0));
#3356=VECTOR('',#3355,1.100000000001E-1);
#3357=CARTESIAN_POINT('',(-1.625E0,-4.45E-1,-9.75E-1));
#3358=LINE('',#3357,#3356);
#3359=DIRECTION('',(0.E0,-5.623100214072E-1,8.269265020696E-1));
#3360=VECTOR('',#3359,3.023243291566E-1);
#3361=CARTESIAN_POINT('',(-1.625E0,-4.45E-1,-8.649999999999E-1));
#3362=LINE('',#3361,#3360);
#3363=DIRECTION('',(0.E0,0.E0,1.E0));
#3364=VECTOR('',#3363,1.24E0);
#3365=CARTESIAN_POINT('',(-1.625E0,-6.15E-1,-6.149999999999E-1));
#3366=LINE('',#3365,#3364);
#3367=DIRECTION('',(0.E0,4.365680397627E-1,8.996712436539E-1));
#3368=VECTOR('',#3367,3.091924966748E-1);
#3369=CARTESIAN_POINT('',(-1.625E0,-6.15E-1,6.25E-1));
#3370=LINE('',#3369,#3368);
#3371=CARTESIAN_POINT('',(-1.625E0,-5.25E-1,9.25E-1));
#3372=DIRECTION('',(1.E0,0.E0,0.E0));
#3373=DIRECTION('',(0.E0,8.996712436539E-1,-4.365680397627E-1));
#3374=AXIS2_PLACEMENT_3D('',#3371,#3372,#3373);
#3376=DIRECTION('',(0.E0,-5.297661555572E-1,8.481437498598E-1));
#3377=VECTOR('',#3376,6.561249880930E-1);
#3378=CARTESIAN_POINT('',(-1.625E0,-4.825928125070E-1,9.514883077779E-1));
#3379=LINE('',#3378,#3377);
#3380=CARTESIAN_POINT('',(-1.625E0,-9.15E-1,1.455E0));
#3381=DIRECTION('',(1.E0,0.E0,0.E0));
#3382=DIRECTION('',(0.E0,8.481437498598E-1,5.297661555572E-1));
#3383=AXIS2_PLACEMENT_3D('',#3380,#3381,#3382);
#3385=CARTESIAN_POINT('',(-1.625E0,-3.815E0,-2.825E0));
#3386=DIRECTION('',(-1.E0,0.E0,0.E0));
#3387=DIRECTION('',(0.E0,8.660254037844E-1,-5.E-1));
#3388=AXIS2_PLACEMENT_3D('',#3385,#3386,#3387);
#3390=DIRECTION('',(0.E0,-1.E0,0.E0));
#3391=VECTOR('',#3390,2.6E-1);
#3392=CARTESIAN_POINT('',(-1.625E0,-3.815E0,-2.925E0));
#3393=LINE('',#3392,#3391);
#3394=DIRECTION('',(0.E0,-7.071067811865E-1,-7.071067811865E-1));
#3395=VECTOR('',#3394,7.778174593052E-1);
#3396=CARTESIAN_POINT('',(-1.625E0,-4.075E0,-2.925E0));
#3397=LINE('',#3396,#3395);
#3398=DIRECTION('',(0.E0,0.E0,-1.E0));
#3399=VECTOR('',#3398,1.65E0);
#3400=CARTESIAN_POINT('',(-1.625E0,-4.625E0,-3.475E0));
#3401=LINE('',#3400,#3399);
#3402=DIRECTION('',(0.E0,7.071067811866E-1,-7.071067811865E-1));
#3403=VECTOR('',#3402,7.071067811866E-2);
#3404=CARTESIAN_POINT('',(-1.625E0,-4.625E0,-5.125E0));
#3405=LINE('',#3404,#3403);
#3406=DIRECTION('',(0.E0,1.E0,0.E0));
#3407=VECTOR('',#3406,5.5E-1);
#3408=CARTESIAN_POINT('',(-1.625E0,-4.575E0,-5.175E0));
#3409=LINE('',#3408,#3407);
#3410=DIRECTION('',(0.E0,0.E0,1.E0));
#3411=VECTOR('',#3410,1.E0);
#3412=CARTESIAN_POINT('',(-1.625E0,-4.025E0,-5.175E0));
#3413=LINE('',#3412,#3411);
#3414=DIRECTION('',(0.E0,7.071067811865E-1,7.071067811865E-1));
#3415=VECTOR('',#3414,3.535533905933E-1);
#3416=CARTESIAN_POINT('',(-1.625E0,-4.025E0,-4.175E0));
#3417=LINE('',#3416,#3415);
#3418=DIRECTION('',(0.E0,1.E0,0.E0));
#3419=VECTOR('',#3418,1.52E0);
#3420=CARTESIAN_POINT('',(-1.625E0,-3.775E0,-3.925E0));
#3421=LINE('',#3420,#3419);
#3422=DIRECTION('',(0.E0,0.E0,-1.E0));
#3423=VECTOR('',#3422,1.E-1);
#3424=CARTESIAN_POINT('',(-1.625E0,-2.255E0,-3.925E0));
#3425=LINE('',#3424,#3423);
#3426=DIRECTION('',(0.E0,1.E0,0.E0));
#3427=VECTOR('',#3426,4.E-1);
#3428=CARTESIAN_POINT('',(-1.625E0,-2.255E0,-4.025E0));
#3429=LINE('',#3428,#3427);
#3430=DIRECTION('',(0.E0,0.E0,1.E0));
#3431=VECTOR('',#3430,1.15E0);
#3432=CARTESIAN_POINT('',(-1.625E0,-1.855E0,-4.025E0));
#3433=LINE('',#3432,#3431);
#3434=DIRECTION('',(0.E0,-4.365680397628E-1,-8.996712436539E-1));
#3435=VECTOR('',#3434,5.611578032964E-1);
#3436=CARTESIAN_POINT('',(-1.625E0,4.75E-1,1.451685940766E0));
#3437=LINE('',#3436,#3435);
#3438=CARTESIAN_POINT('',(-1.625E0,2.75E-1,9.25E-1));
#3439=DIRECTION('',(1.E0,0.E0,0.E0));
#3440=DIRECTION('',(0.E0,-8.996712436539E-1,4.365680397627E-1));
#3441=AXIS2_PLACEMENT_3D('',#3438,#3439,#3440);
#3443=DIRECTION('',(0.E0,6.486748942010E-1,-7.610656224225E-1));
#3444=VECTOR('',#3443,2.042310119823E-1);
#3445=CARTESIAN_POINT('',(-1.625E0,2.369467188789E-1,8.925662552900E-1));
#3446=LINE('',#3445,#3444);
#3447=CARTESIAN_POINT('',(-1.625E0,6.5E-2,4.776630953573E-1));
#3448=DIRECTION('',(-1.E0,0.E0,0.E0));
#3449=DIRECTION('',(0.E0,7.610656224225E-1,6.486748942010E-1));
#3450=AXIS2_PLACEMENT_3D('',#3447,#3448,#3449);
#3452=DIRECTION('',(0.E0,0.E0,-1.E0));
#3453=VECTOR('',#3452,1.219329762024E0);
#3454=CARTESIAN_POINT('',(-1.625E0,4.65E-1,4.776630953573E-1));
#3455=LINE('',#3454,#3453);
#3456=DIRECTION('',(0.E0,0.E0,-1.E0));
#3457=VECTOR('',#3456,5.E-2);
#3458=CARTESIAN_POINT('',(-1.625E0,-7.15E-1,-2.875E0));
#3459=LINE('',#3458,#3457);
#3460=DIRECTION('',(0.E0,0.E0,-1.E0));
#3461=VECTOR('',#3460,1.E0);
#3462=CARTESIAN_POINT('',(-1.625E0,-7.65E-1,-2.925E0));
#3463=LINE('',#3462,#3461);
#3464=DIRECTION('',(0.E0,1.E0,0.E0));
#3465=VECTOR('',#3464,1.E-1);
#3466=CARTESIAN_POINT('',(-1.625E0,-7.65E-1,-3.925E0));
#3467=LINE('',#3466,#3465);
#3468=CARTESIAN_POINT('',(-1.375E0,-3.615E0,1.455E0));
#3469=DIRECTION('',(1.E0,0.E0,0.E0));
#3470=DIRECTION('',(0.E0,8.481437498597E-1,5.297661555572E-1));
#3471=AXIS2_PLACEMENT_3D('',#3468,#3469,#3470);
#3473=DIRECTION('',(0.E0,-5.297661555572E-1,8.481437498598E-1));
#3474=VECTOR('',#3473,6.561249880930E-1);
#3475=CARTESIAN_POINT('',(-1.375E0,-3.182592812507E0,9.514883077779E-1));
#3476=LINE('',#3475,#3474);
#3477=CARTESIAN_POINT('',(-1.375E0,-3.225E0,9.25E-1));
#3478=DIRECTION('',(1.E0,0.E0,0.E0));
#3479=DIRECTION('',(0.E0,8.996712436539E-1,-4.365680397628E-1));
#3480=AXIS2_PLACEMENT_3D('',#3477,#3478,#3479);
#3482=DIRECTION('',(0.E0,4.365680397628E-1,8.996712436539E-1));
#3483=VECTOR('',#3482,3.091924966748E-1);
#3484=CARTESIAN_POINT('',(-1.375E0,-3.315E0,6.25E-1));
#3485=LINE('',#3484,#3483);
#3486=DIRECTION('',(0.E0,0.E0,1.E0));
#3487=VECTOR('',#3486,1.24E0);
#3488=CARTESIAN_POINT('',(-1.375E0,-3.315E0,-6.15E-1));
#3489=LINE('',#3488,#3487);
#3490=DIRECTION('',(0.E0,-5.623100214073E-1,8.269265020695E-1));
#3491=VECTOR('',#3490,3.023243291566E-1);
#3492=CARTESIAN_POINT('',(-1.375E0,-3.145E0,-8.65E-1));
#3493=LINE('',#3492,#3491);
#3494=DIRECTION('',(0.E0,0.E0,1.E0));
#3495=VECTOR('',#3494,1.1E-1);
#3496=CARTESIAN_POINT('',(-1.375E0,-3.145E0,-9.75E-1));
#3497=LINE('',#3496,#3495);
#3498=DIRECTION('',(0.E0,0.E0,-1.E0));
#3499=VECTOR('',#3498,1.219329762024E0);
#3500=CARTESIAN_POINT('',(-1.375E0,-2.235E0,4.776630953573E-1));
#3501=LINE('',#3500,#3499);
#3502=CARTESIAN_POINT('',(-1.375E0,-2.635E0,4.776630953573E-1));
#3503=DIRECTION('',(-1.E0,0.E0,0.E0));
#3504=DIRECTION('',(0.E0,7.610656224226E-1,6.486748942009E-1));
#3505=AXIS2_PLACEMENT_3D('',#3502,#3503,#3504);
#3507=DIRECTION('',(0.E0,6.486748942009E-1,-7.610656224226E-1));
#3508=VECTOR('',#3507,2.042310119823E-1);
#3509=CARTESIAN_POINT('',(-1.375E0,-2.463053281121E0,8.925662552900E-1));
#3510=LINE('',#3509,#3508);
#3511=CARTESIAN_POINT('',(-1.375E0,-2.425E0,9.25E-1));
#3512=DIRECTION('',(1.E0,0.E0,0.E0));
#3513=DIRECTION('',(0.E0,-8.996712436539E-1,4.365680397628E-1));
#3514=AXIS2_PLACEMENT_3D('',#3511,#3512,#3513);
#3516=DIRECTION('',(0.E0,-4.365680397628E-1,-8.996712436539E-1));
#3517=VECTOR('',#3516,5.611578032964E-1);
#3518=CARTESIAN_POINT('',(-1.375E0,-2.225E0,1.451685940766E0));
#3519=LINE('',#3518,#3517);
#3520=CARTESIAN_POINT('',(-1.375E0,-9.15E-1,1.455E0));
#3521=DIRECTION('',(1.E0,0.E0,0.E0));
#3522=DIRECTION('',(0.E0,8.481437498598E-1,5.297661555572E-1));
#3523=AXIS2_PLACEMENT_3D('',#3520,#3521,#3522);
#3525=DIRECTION('',(0.E0,-5.297661555572E-1,8.481437498598E-1));
#3526=VECTOR('',#3525,6.561249880930E-1);
#3527=CARTESIAN_POINT('',(-1.375E0,-4.825928125070E-1,9.514883077779E-1));
#3528=LINE('',#3527,#3526);
#3529=CARTESIAN_POINT('',(-1.375E0,-5.25E-1,9.25E-1));
#3530=DIRECTION('',(1.E0,0.E0,0.E0));
#3531=DIRECTION('',(0.E0,8.996712436539E-1,-4.365680397627E-1));
#3532=AXIS2_PLACEMENT_3D('',#3529,#3530,#3531);
#3534=DIRECTION('',(0.E0,4.365680397627E-1,8.996712436539E-1));
#3535=VECTOR('',#3534,3.091924966748E-1);
#3536=CARTESIAN_POINT('',(-1.375E0,-6.15E-1,6.25E-1));
#3537=LINE('',#3536,#3535);
#3538=DIRECTION('',(0.E0,0.E0,1.E0));
#3539=VECTOR('',#3538,1.24E0);
#3540=CARTESIAN_POINT('',(-1.375E0,-6.15E-1,-6.149999999999E-1));
#3541=LINE('',#3540,#3539);
#3542=DIRECTION('',(0.E0,-5.623100214072E-1,8.269265020696E-1));
#3543=VECTOR('',#3542,3.023243291566E-1);
#3544=CARTESIAN_POINT('',(-1.375E0,-4.45E-1,-8.649999999999E-1));
#3545=LINE('',#3544,#3543);
#3546=DIRECTION('',(0.E0,0.E0,1.E0));
#3547=VECTOR('',#3546,1.100000000001E-1);
#3548=CARTESIAN_POINT('',(-1.375E0,-4.45E-1,-9.75E-1));
#3549=LINE('',#3548,#3547);
#3550=DIRECTION('',(0.E0,0.E0,1.E0));
#3551=VECTOR('',#3550,1.15E0);
#3552=CARTESIAN_POINT('',(-1.375E0,-1.855E0,-4.025E0));
#3553=LINE('',#3552,#3551);
#3554=DIRECTION('',(0.E0,1.E0,0.E0));
#3555=VECTOR('',#3554,4.E-1);
#3556=CARTESIAN_POINT('',(-1.375E0,-2.255E0,-4.025E0));
#3557=LINE('',#3556,#3555);
#3558=DIRECTION('',(0.E0,0.E0,-1.E0));
#3559=VECTOR('',#3558,1.E-1);
#3560=CARTESIAN_POINT('',(-1.375E0,-2.255E0,-3.925E0));
#3561=LINE('',#3560,#3559);
#3562=DIRECTION('',(0.E0,1.E0,0.E0));
#3563=VECTOR('',#3562,1.52E0);
#3564=CARTESIAN_POINT('',(-1.375E0,-3.775E0,-3.925E0));
#3565=LINE('',#3564,#3563);
#3566=DIRECTION('',(0.E0,7.071067811865E-1,7.071067811865E-1));
#3567=VECTOR('',#3566,3.535533905933E-1);
#3568=CARTESIAN_POINT('',(-1.375E0,-4.025E0,-4.175E0));
#3569=LINE('',#3568,#3567);
#3570=DIRECTION('',(0.E0,0.E0,1.E0));
#3571=VECTOR('',#3570,1.E0);
#3572=CARTESIAN_POINT('',(-1.375E0,-4.025E0,-5.175E0));
#3573=LINE('',#3572,#3571);
#3574=DIRECTION('',(0.E0,1.E0,0.E0));
#3575=VECTOR('',#3574,5.5E-1);
#3576=CARTESIAN_POINT('',(-1.375E0,-4.575E0,-5.175E0));
#3577=LINE('',#3576,#3575);
#3578=DIRECTION('',(0.E0,7.071067811866E-1,-7.071067811865E-1));
#3579=VECTOR('',#3578,7.071067811866E-2);
#3580=CARTESIAN_POINT('',(-1.375E0,-4.625E0,-5.125E0));
#3581=LINE('',#3580,#3579);
#3582=DIRECTION('',(0.E0,0.E0,-1.E0));
#3583=VECTOR('',#3582,1.65E0);
#3584=CARTESIAN_POINT('',(-1.375E0,-4.625E0,-3.475E0));
#3585=LINE('',#3584,#3583);
#3586=DIRECTION('',(0.E0,-7.071067811865E-1,-7.071067811865E-1));
#3587=VECTOR('',#3586,7.778174593052E-1);
#3588=CARTESIAN_POINT('',(-1.375E0,-4.075E0,-2.925E0));
#3589=LINE('',#3588,#3587);
#3590=DIRECTION('',(0.E0,-1.E0,0.E0));
#3591=VECTOR('',#3590,2.6E-1);
#3592=CARTESIAN_POINT('',(-1.375E0,-3.815E0,-2.925E0));
#3593=LINE('',#3592,#3591);
#3594=CARTESIAN_POINT('',(-1.375E0,-3.815E0,-2.825E0));
#3595=DIRECTION('',(-1.E0,0.E0,0.E0));
#3596=DIRECTION('',(0.E0,8.660254037844E-1,-5.E-1));
#3597=AXIS2_PLACEMENT_3D('',#3594,#3595,#3596);
#3599=DIRECTION('',(0.E0,0.E0,-1.E0));
#3600=VECTOR('',#3599,1.219329762024E0);
#3601=CARTESIAN_POINT('',(-1.375E0,4.65E-1,4.776630953573E-1));
#3602=LINE('',#3601,#3600);
#3603=CARTESIAN_POINT('',(-1.375E0,6.5E-2,4.776630953573E-1));
#3604=DIRECTION('',(-1.E0,0.E0,0.E0));
#3605=DIRECTION('',(0.E0,7.610656224225E-1,6.486748942010E-1));
#3606=AXIS2_PLACEMENT_3D('',#3603,#3604,#3605);
#3608=DIRECTION('',(0.E0,6.486748942010E-1,-7.610656224225E-1));
#3609=VECTOR('',#3608,2.042310119823E-1);
#3610=CARTESIAN_POINT('',(-1.375E0,2.369467188789E-1,8.925662552900E-1));
#3611=LINE('',#3610,#3609);
#3612=CARTESIAN_POINT('',(-1.375E0,2.75E-1,9.25E-1));
#3613=DIRECTION('',(1.E0,0.E0,0.E0));
#3614=DIRECTION('',(0.E0,-8.996712436539E-1,4.365680397627E-1));
#3615=AXIS2_PLACEMENT_3D('',#3612,#3613,#3614);
#3617=DIRECTION('',(0.E0,-4.365680397628E-1,-8.996712436539E-1));
#3618=VECTOR('',#3617,5.611578032964E-1);
#3619=CARTESIAN_POINT('',(-1.375E0,4.75E-1,1.451685940766E0));
#3620=LINE('',#3619,#3618);
#3621=DIRECTION('',(0.E0,-1.E0,0.E0));
#3622=VECTOR('',#3621,1.E-1);
#3623=CARTESIAN_POINT('',(-1.375E0,-6.65E-1,-3.925E0));
#3624=LINE('',#3623,#3622);
#3625=DIRECTION('',(0.E0,0.E0,-1.E0));
#3626=VECTOR('',#3625,5.E-2);
#3627=CARTESIAN_POINT('',(-1.375E0,-7.15E-1,-2.875E0));
#3628=LINE('',#3627,#3626);
#3629=DIRECTION('',(1.E0,0.E0,0.E0));
#3630=VECTOR('',#3629,2.5E-1);
#3631=CARTESIAN_POINT('',(-1.625E0,-3.530185625014E0,1.507976615556E0));
#3632=LINE('',#3631,#3630);
#3633=DIRECTION('',(1.E0,0.E0,0.E0));
#3634=VECTOR('',#3633,2.5E-1);
#3635=CARTESIAN_POINT('',(-1.625E0,-3.182592812507E0,9.514883077779E-1));
#3636=LINE('',#3635,#3634);
#3637=DIRECTION('',(1.E0,0.E0,0.E0));
#3638=VECTOR('',#3637,2.5E-1);
#3639=CARTESIAN_POINT('',(-1.625E0,-3.180016437817E0,9.031715980119E-1));
#3640=LINE('',#3639,#3638);
#3641=DIRECTION('',(1.E0,0.E0,0.E0));
#3642=VECTOR('',#3641,2.5E-1);
#3643=CARTESIAN_POINT('',(-1.625E0,-3.315E0,6.25E-1));
#3644=LINE('',#3643,#3642);
#3645=DIRECTION('',(1.E0,0.E0,0.E0));
#3646=VECTOR('',#3645,2.5E-1);
#3647=CARTESIAN_POINT('',(-1.625E0,-3.315E0,-6.15E-1));
#3648=LINE('',#3647,#3646);
#3649=DIRECTION('',(1.E0,0.E0,0.E0));
#3650=VECTOR('',#3649,2.5E-1);
#3651=CARTESIAN_POINT('',(-1.625E0,-3.145E0,-8.65E-1));
#3652=LINE('',#3651,#3650);
#3653=DIRECTION('',(0.E0,0.E0,1.E0));
#3654=VECTOR('',#3653,2.4E0);
#3655=CARTESIAN_POINT('',(3.4E0,-2.225E0,-7.25E-1));
#3656=LINE('',#3655,#3654);
#3657=DIRECTION('',(-1.E0,0.E0,0.E0));
#3658=VECTOR('',#3657,2.75E-1);
#3659=CARTESIAN_POINT('',(3.4E0,-2.225E0,-7.25E-1));
#3660=LINE('',#3659,#3658);
#3661=DIRECTION('',(0.E0,0.E0,1.E0));
#3662=VECTOR('',#3661,2.176685940766E0);
#3663=CARTESIAN_POINT('',(3.125E0,-2.225E0,-7.25E-1));
#3664=LINE('',#3663,#3662);
#3665=DIRECTION('',(1.E0,0.E0,0.E0));
#3666=VECTOR('',#3665,2.5E-1);
#3667=CARTESIAN_POINT('',(2.875E0,-2.225E0,1.451685940766E0));
#3668=LINE('',#3667,#3666);
#3669=DIRECTION('',(0.E0,0.E0,1.E0));
#3670=VECTOR('',#3669,2.176685940766E0);
#3671=CARTESIAN_POINT('',(2.875E0,-2.225E0,-7.25E-1));
#3672=LINE('',#3671,#3670);
#3673=DIRECTION('',(-1.E0,0.E0,0.E0));
#3674=VECTOR('',#3673,1.25E0);
#3675=CARTESIAN_POINT('',(2.875E0,-2.225E0,-7.25E-1));
#3676=LINE('',#3675,#3674);
#3677=DIRECTION('',(0.E0,0.E0,1.E0));
#3678=VECTOR('',#3677,2.176685940766E0);
#3679=CARTESIAN_POINT('',(1.625E0,-2.225E0,-7.25E-1));
#3680=LINE('',#3679,#3678);
#3681=DIRECTION('',(1.E0,0.E0,0.E0));
#3682=VECTOR('',#3681,2.5E-1);
#3683=CARTESIAN_POINT('',(1.375E0,-2.225E0,1.451685940766E0));
#3684=LINE('',#3683,#3682);
#3685=DIRECTION('',(0.E0,0.E0,1.E0));
#3686=VECTOR('',#3685,2.176685940766E0);
#3687=CARTESIAN_POINT('',(1.375E0,-2.225E0,-7.25E-1));
#3688=LINE('',#3687,#3686);
#3689=DIRECTION('',(-1.E0,0.E0,0.E0));
#3690=VECTOR('',#3689,1.25E0);
#3691=CARTESIAN_POINT('',(1.375E0,-2.225E0,-7.25E-1));
#3692=LINE('',#3691,#3690);
#3693=DIRECTION('',(0.E0,0.E0,1.E0));
#3694=VECTOR('',#3693,2.176685940766E0);
#3695=CARTESIAN_POINT('',(1.25E-1,-2.225E0,-7.25E-1));
#3696=LINE('',#3695,#3694);
#3697=DIRECTION('',(1.E0,0.E0,0.E0));
#3698=VECTOR('',#3697,2.5E-1);
#3699=CARTESIAN_POINT('',(-1.25E-1,-2.225E0,1.451685940766E0));
#3700=LINE('',#3699,#3698);
#3701=DIRECTION('',(0.E0,0.E0,1.E0));
#3702=VECTOR('',#3701,2.176685940766E0);
#3703=CARTESIAN_POINT('',(-1.25E-1,-2.225E0,-7.25E-1));
#3704=LINE('',#3703,#3702);
#3705=DIRECTION('',(-1.E0,0.E0,0.E0));
#3706=VECTOR('',#3705,1.25E0);
#3707=CARTESIAN_POINT('',(-1.25E-1,-2.225E0,-7.25E-1));
#3708=LINE('',#3707,#3706);
#3709=DIRECTION('',(0.E0,0.E0,1.E0));
#3710=VECTOR('',#3709,2.176685940766E0);
#3711=CARTESIAN_POINT('',(-1.375E0,-2.225E0,-7.25E-1));
#3712=LINE('',#3711,#3710);
#3713=DIRECTION('',(1.E0,0.E0,0.E0));
#3714=VECTOR('',#3713,2.5E-1);
#3715=CARTESIAN_POINT('',(-1.625E0,-2.225E0,1.451685940766E0));
#3716=LINE('',#3715,#3714);
#3717=DIRECTION('',(0.E0,0.E0,1.E0));
#3718=VECTOR('',#3717,2.176685940766E0);
#3719=CARTESIAN_POINT('',(-1.625E0,-2.225E0,-7.25E-1));
#3720=LINE('',#3719,#3718);
#3721=DIRECTION('',(-1.E0,0.E0,0.E0));
#3722=VECTOR('',#3721,1.25E0);
#3723=CARTESIAN_POINT('',(-1.625E0,-2.225E0,-7.25E-1));
#3724=LINE('',#3723,#3722);
#3725=DIRECTION('',(0.E0,0.E0,1.E0));
#3726=VECTOR('',#3725,2.176685940766E0);
#3727=CARTESIAN_POINT('',(-2.875E0,-2.225E0,-7.25E-1));
#3728=LINE('',#3727,#3726);
#3729=DIRECTION('',(1.E0,0.E0,0.E0));
#3730=VECTOR('',#3729,2.5E-1);
#3731=CARTESIAN_POINT('',(-3.125E0,-2.225E0,1.451685940766E0));
#3732=LINE('',#3731,#3730);
#3733=DIRECTION('',(0.E0,0.E0,1.E0));
#3734=VECTOR('',#3733,2.176685940766E0);
#3735=CARTESIAN_POINT('',(-3.125E0,-2.225E0,-7.25E-1));
#3736=LINE('',#3735,#3734);
#3737=DIRECTION('',(-1.E0,0.E0,0.E0));
#3738=VECTOR('',#3737,2.75E-1);
#3739=CARTESIAN_POINT('',(-3.125E0,-2.225E0,-7.25E-1));
#3740=LINE('',#3739,#3738);
#3741=DIRECTION('',(0.E0,0.E0,-1.E0));
#3742=VECTOR('',#3741,2.4E0);
#3743=CARTESIAN_POINT('',(-3.4E0,-2.225E0,1.675E0));
#3744=LINE('',#3743,#3742);
#3745=CARTESIAN_POINT('',(3.6E0,-2.025E0,-3.916666666667E-1));
#3746=CARTESIAN_POINT('',(3.6E0,-2.050241595924E0,-4.337359932063E-1));
#3747=CARTESIAN_POINT('',(3.590937729508E0,-2.096062288069E0,
-5.101038134475E-1));
#3748=CARTESIAN_POINT('',(3.557284427911E0,-2.154472595012E0,
-6.074543250203E-1));
#3749=CARTESIAN_POINT('',(3.512312173839E0,-2.194438550990E0,
-6.740642516493E-1));
#3750=CARTESIAN_POINT('',(3.459401139400E0,-2.217699240203E0,
-7.128320670056E-1));
#3751=CARTESIAN_POINT('',(3.424530421930E0,-2.225E0,-7.25E-1));
#3752=CARTESIAN_POINT('',(3.4E0,-2.225E0,-7.25E-1));
#3754=CARTESIAN_POINT('',(3.4E0,-2.225E0,1.675E0));
#3755=CARTESIAN_POINT('',(3.440236892706E0,-2.225E0,1.675E0));
#3756=CARTESIAN_POINT('',(3.494135701757E0,-2.206208654005E0,1.693791345995E0));
#3757=CARTESIAN_POINT('',(3.551761067133E0,-2.161600601571E0,1.738399398429E0));
#3758=CARTESIAN_POINT('',(3.588743563556E0,-2.102395836517E0,1.797604163483E0));
#3759=CARTESIAN_POINT('',(3.6E0,-2.053451779686E0,1.846548220314E0));
#3760=CARTESIAN_POINT('',(3.6E0,-2.025E0,1.875E0));
#3762=DIRECTION('',(-1.E0,0.E0,0.E0));
#3763=VECTOR('',#3762,6.8E0);
#3764=CARTESIAN_POINT('',(3.4E0,-2.225E0,1.675E0));
#3765=LINE('',#3764,#3763);
#3766=CARTESIAN_POINT('',(-3.6E0,-2.025E0,1.875E0));
#3767=CARTESIAN_POINT('',(-3.6E0,-2.053451779686E0,1.846548220314E0));
#3768=CARTESIAN_POINT('',(-3.588743563556E0,-2.102395836517E0,
1.797604163483E0));
#3769=CARTESIAN_POINT('',(-3.551761067133E0,-2.161600601571E0,
1.738399398429E0));
#3770=CARTESIAN_POINT('',(-3.494135701757E0,-2.206208654005E0,
1.693791345995E0));
#3771=CARTESIAN_POINT('',(-3.440236892706E0,-2.225E0,1.675E0));
#3772=CARTESIAN_POINT('',(-3.4E0,-2.225E0,1.675E0));
#3774=DIRECTION('',(0.E0,7.071067811865E-1,7.071067811865E-1));
#3775=VECTOR('',#3774,1.414213562373E-1);
#3776=CARTESIAN_POINT('',(-3.6E0,-2.025E0,1.875E0));
#3777=LINE('',#3776,#3775);
#3778=DIRECTION('',(0.E0,7.071067811865E-1,7.071067811865E-1));
#3779=VECTOR('',#3778,1.414213562373E-1);
#3780=CARTESIAN_POINT('',(3.6E0,-2.025E0,1.875E0));
#3781=LINE('',#3780,#3779);
#3782=CARTESIAN_POINT('',(-3.4E0,-2.225E0,-7.25E-1));
#3783=CARTESIAN_POINT('',(-3.424530421930E0,-2.225E0,-7.25E-1));
#3784=CARTESIAN_POINT('',(-3.459401139400E0,-2.217699240203E0,
-7.128320670056E-1));
#3785=CARTESIAN_POINT('',(-3.512312173839E0,-2.194438550990E0,
-6.740642516493E-1));
#3786=CARTESIAN_POINT('',(-3.557284427911E0,-2.154472595012E0,
-6.074543250203E-1));
#3787=CARTESIAN_POINT('',(-3.590937729508E0,-2.096062288069E0,
-5.101038134475E-1));
#3788=CARTESIAN_POINT('',(-3.6E0,-2.050241595924E0,-4.337359932063E-1));
#3789=CARTESIAN_POINT('',(-3.6E0,-2.025E0,-3.916666666667E-1));
#3791=DIRECTION('',(0.E0,0.E0,1.E0));
#3792=VECTOR('',#3791,3.683333333333E0);
#3793=CARTESIAN_POINT('',(-3.6E0,1.325E0,-1.825E0));
#3794=LINE('',#3793,#3792);
#3795=DIRECTION('',(0.E0,0.E0,-1.E0));
#3796=VECTOR('',#3795,2.266666666667E0);
#3797=CARTESIAN_POINT('',(-3.6E0,6.75E-1,1.875E0));
#3798=LINE('',#3797,#3796);
#3799=DIRECTION('',(0.E0,0.E0,1.E0));
#3800=VECTOR('',#3799,2.37E0);
#3801=CARTESIAN_POINT('',(-3.6E0,-1.085E0,-4.95E-1));
#3802=LINE('',#3801,#3800);
#3803=DIRECTION('',(0.E0,0.E0,-1.E0));
#3804=VECTOR('',#3803,2.266666666667E0);
#3805=CARTESIAN_POINT('',(-3.6E0,-2.025E0,1.875E0));
#3806=LINE('',#3805,#3804);
#3807=DIRECTION('',(0.E0,0.E0,1.E0));
#3808=VECTOR('',#3807,9.4E-1);
#3809=CARTESIAN_POINT('',(-3.6E0,-3.525E0,-1.825E0));
#3810=LINE('',#3809,#3808);
#3811=CARTESIAN_POINT('',(-3.4E0,1.325E0,-1.825E0));
#3812=DIRECTION('',(0.E0,0.E0,-1.E0));
#3813=DIRECTION('',(-1.E0,0.E0,0.E0));
#3814=AXIS2_PLACEMENT_3D('',#3811,#3812,#3813);
#3816=CARTESIAN_POINT('',(3.6E0,1.325E0,1.858333333333E0));
#3817=CARTESIAN_POINT('',(3.6E0,1.352513189558E0,1.826234612183E0));
#3818=CARTESIAN_POINT('',(3.589429194461E0,1.400660179618E0,1.770063123779E0));
#3819=CARTESIAN_POINT('',(3.553155090483E0,1.459592874342E0,1.701308313268E0));
#3820=CARTESIAN_POINT('',(3.506444719665E0,1.497977141857E0,1.656526667834E0));
#3821=CARTESIAN_POINT('',(3.454411118025E0,1.519140501894E0,1.631836081123E0));
#3822=CARTESIAN_POINT('',(3.421138256191E0,1.525E0,1.625E0));
#3823=CARTESIAN_POINT('',(3.4E0,1.525E0,1.625E0));
#3825=DIRECTION('',(0.E0,6.507913734560E-1,-7.592566023653E-1));
#3826=VECTOR('',#3825,1.536590742882E-1);
#3827=CARTESIAN_POINT('',(3.6E0,1.225E0,1.975E0));
#3828=LINE('',#3827,#3826);
#3829=DIRECTION('',(1.E0,0.E0,0.E0));
#3830=VECTOR('',#3829,7.2E0);
#3831=CARTESIAN_POINT('',(-3.6E0,1.225E0,1.975E0));
#3832=LINE('',#3831,#3830);
#3833=DIRECTION('',(0.E0,6.507913734560E-1,-7.592566023653E-1));
#3834=VECTOR('',#3833,1.536590742882E-1);
#3835=CARTESIAN_POINT('',(-3.6E0,1.225E0,1.975E0));
#3836=LINE('',#3835,#3834);
#3837=CARTESIAN_POINT('',(-3.4E0,1.525E0,1.625E0));
#3838=CARTESIAN_POINT('',(-3.421138256191E0,1.525E0,1.625E0));
#3839=CARTESIAN_POINT('',(-3.454411118025E0,1.519140501894E0,1.631836081123E0));
#3840=CARTESIAN_POINT('',(-3.506444719665E0,1.497977141857E0,1.656526667834E0));
#3841=CARTESIAN_POINT('',(-3.553155090483E0,1.459592874342E0,1.701308313268E0));
#3842=CARTESIAN_POINT('',(-3.589429194461E0,1.400660179618E0,1.770063123779E0));
#3843=CARTESIAN_POINT('',(-3.6E0,1.352513189558E0,1.826234612183E0));
#3844=CARTESIAN_POINT('',(-3.6E0,1.325E0,1.858333333333E0));
#3846=DIRECTION('',(0.E0,1.E0,0.E0));
#3847=VECTOR('',#3846,4.5E-1);
#3848=CARTESIAN_POINT('',(-3.6E0,7.75E-1,1.975E0));
#3849=LINE('',#3848,#3847);
#3850=DIRECTION('',(0.E0,1.E0,0.E0));
#3851=VECTOR('',#3850,4.5E-1);
#3852=CARTESIAN_POINT('',(3.6E0,7.75E-1,1.975E0));
#3853=LINE('',#3852,#3851);
#3854=DIRECTION('',(1.E0,0.E0,0.E0));
#3855=VECTOR('',#3854,7.2E0);
#3856=CARTESIAN_POINT('',(-3.6E0,7.75E-1,1.975E0));
#3857=LINE('',#3856,#3855);
#3858=CARTESIAN_POINT('',(-3.6E0,6.75E-1,1.875E0));
#3859=CARTESIAN_POINT('',(-3.6E0,6.465482203136E-1,1.846548220314E0));
#3860=CARTESIAN_POINT('',(-3.588743563556E0,5.976041634825E-1,
1.797604163483E0));
#3861=CARTESIAN_POINT('',(-3.551761067133E0,5.383993984286E-1,
1.738399398429E0));
#3862=CARTESIAN_POINT('',(-3.494135701757E0,4.937913459953E-1,
1.693791345995E0));
#3863=CARTESIAN_POINT('',(-3.440236892706E0,4.75E-1,1.675E0));
#3864=CARTESIAN_POINT('',(-3.4E0,4.75E-1,1.675E0));
#3866=DIRECTION('',(0.E0,7.071067811865E-1,7.071067811865E-1));
#3867=VECTOR('',#3866,1.414213562373E-1);
#3868=CARTESIAN_POINT('',(-3.6E0,6.75E-1,1.875E0));
#3869=LINE('',#3868,#3867);
#3870=DIRECTION('',(0.E0,7.071067811865E-1,7.071067811865E-1));
#3871=VECTOR('',#3870,1.414213562373E-1);
#3872=CARTESIAN_POINT('',(3.6E0,6.75E-1,1.875E0));
#3873=LINE('',#3872,#3871);
#3874=CARTESIAN_POINT('',(3.4E0,4.75E-1,1.675E0));
#3875=CARTESIAN_POINT('',(3.440236892706E0,4.75E-1,1.675E0));
#3876=CARTESIAN_POINT('',(3.494135701757E0,4.937913459953E-1,1.693791345995E0));
#3877=CARTESIAN_POINT('',(3.551761067133E0,5.383993984286E-1,1.738399398429E0));
#3878=CARTESIAN_POINT('',(3.588743563556E0,5.976041634825E-1,1.797604163483E0));
#3879=CARTESIAN_POINT('',(3.6E0,6.465482203136E-1,1.846548220314E0));
#3880=CARTESIAN_POINT('',(3.6E0,6.75E-1,1.875E0));
#3882=DIRECTION('',(1.E0,0.E0,0.E0));
#3883=VECTOR('',#3882,6.8E0);
#3884=CARTESIAN_POINT('',(-3.4E0,4.75E-1,1.675E0));
#3885=LINE('',#3884,#3883);
#3886=CARTESIAN_POINT('',(-3.4E0,4.75E-1,-7.25E-1));
#3887=CARTESIAN_POINT('',(-3.424530421930E0,4.75E-1,-7.25E-1));
#3888=CARTESIAN_POINT('',(-3.459401139400E0,4.823007597966E-1,
-7.128320670056E-1));
#3889=CARTESIAN_POINT('',(-3.512312173839E0,5.055614490104E-1,
-6.740642516493E-1));
#3890=CARTESIAN_POINT('',(-3.557284427911E0,5.455274049878E-1,
-6.074543250203E-1));
#3891=CARTESIAN_POINT('',(-3.590937729508E0,6.039377119315E-1,
-5.101038134475E-1));
#3892=CARTESIAN_POINT('',(-3.6E0,6.497584040762E-1,-4.337359932063E-1));
#3893=CARTESIAN_POINT('',(-3.6E0,6.75E-1,-3.916666666667E-1));
#3895=DIRECTION('',(0.E0,0.E0,-1.E0));
#3896=VECTOR('',#3895,2.4E0);
#3897=CARTESIAN_POINT('',(-3.4E0,4.75E-1,1.675E0));
#3898=LINE('',#3897,#3896);
#3899=DIRECTION('',(0.E0,0.E0,1.E0));
#3900=VECTOR('',#3899,2.4E0);
#3901=CARTESIAN_POINT('',(3.4E0,4.75E-1,-7.25E-1));
#3902=LINE('',#3901,#3900);
#3903=DIRECTION('',(1.E0,0.E0,0.E0));
#3904=VECTOR('',#3903,2.75E-1);
#3905=CARTESIAN_POINT('',(3.125E0,4.75E-1,-7.25E-1));
#3906=LINE('',#3905,#3904);
#3907=DIRECTION('',(0.E0,0.E0,1.E0));
#3908=VECTOR('',#3907,2.176685940766E0);
#3909=CARTESIAN_POINT('',(3.125E0,4.75E-1,-7.25E-1));
#3910=LINE('',#3909,#3908);
#3911=DIRECTION('',(1.E0,0.E0,0.E0));
#3912=VECTOR('',#3911,2.5E-1);
#3913=CARTESIAN_POINT('',(2.875E0,4.75E-1,1.451685940766E0));
#3914=LINE('',#3913,#3912);
#3915=DIRECTION('',(0.E0,0.E0,1.E0));
#3916=VECTOR('',#3915,2.176685940766E0);
#3917=CARTESIAN_POINT('',(2.875E0,4.75E-1,-7.25E-1));
#3918=LINE('',#3917,#3916);
#3919=DIRECTION('',(1.E0,0.E0,0.E0));
#3920=VECTOR('',#3919,1.25E0);
#3921=CARTESIAN_POINT('',(1.625E0,4.75E-1,-7.25E-1));
#3922=LINE('',#3921,#3920);
#3923=DIRECTION('',(0.E0,0.E0,1.E0));
#3924=VECTOR('',#3923,2.176685940766E0);
#3925=CARTESIAN_POINT('',(1.625E0,4.75E-1,-7.25E-1));
#3926=LINE('',#3925,#3924);
#3927=DIRECTION('',(1.E0,0.E0,0.E0));
#3928=VECTOR('',#3927,2.5E-1);
#3929=CARTESIAN_POINT('',(1.375E0,4.75E-1,1.451685940766E0));
#3930=LINE('',#3929,#3928);
#3931=DIRECTION('',(0.E0,0.E0,1.E0));
#3932=VECTOR('',#3931,2.176685940766E0);
#3933=CARTESIAN_POINT('',(1.375E0,4.75E-1,-7.25E-1));
#3934=LINE('',#3933,#3932);
#3935=DIRECTION('',(1.E0,0.E0,0.E0));
#3936=VECTOR('',#3935,1.25E0);
#3937=CARTESIAN_POINT('',(1.25E-1,4.75E-1,-7.25E-1));
#3938=LINE('',#3937,#3936);
#3939=DIRECTION('',(0.E0,0.E0,1.E0));
#3940=VECTOR('',#3939,2.176685940766E0);
#3941=CARTESIAN_POINT('',(1.25E-1,4.75E-1,-7.25E-1));
#3942=LINE('',#3941,#3940);
#3943=DIRECTION('',(1.E0,0.E0,0.E0));
#3944=VECTOR('',#3943,2.5E-1);
#3945=CARTESIAN_POINT('',(-1.25E-1,4.75E-1,1.451685940766E0));
#3946=LINE('',#3945,#3944);
#3947=DIRECTION('',(0.E0,0.E0,1.E0));
#3948=VECTOR('',#3947,2.176685940766E0);
#3949=CARTESIAN_POINT('',(-1.25E-1,4.75E-1,-7.25E-1));
#3950=LINE('',#3949,#3948);
#3951=DIRECTION('',(1.E0,0.E0,0.E0));
#3952=VECTOR('',#3951,1.25E0);
#3953=CARTESIAN_POINT('',(-1.375E0,4.75E-1,-7.25E-1));
#3954=LINE('',#3953,#3952);
#3955=DIRECTION('',(0.E0,0.E0,1.E0));
#3956=VECTOR('',#3955,2.176685940766E0);
#3957=CARTESIAN_POINT('',(-1.375E0,4.75E-1,-7.25E-1));
#3958=LINE('',#3957,#3956);
#3959=DIRECTION('',(1.E0,0.E0,0.E0));
#3960=VECTOR('',#3959,2.5E-1);
#3961=CARTESIAN_POINT('',(-1.625E0,4.75E-1,1.451685940766E0));
#3962=LINE('',#3961,#3960);
#3963=DIRECTION('',(0.E0,0.E0,1.E0));
#3964=VECTOR('',#3963,2.176685940766E0);
#3965=CARTESIAN_POINT('',(-1.625E0,4.75E-1,-7.25E-1));
#3966=LINE('',#3965,#3964);
#3967=DIRECTION('',(1.E0,0.E0,0.E0));
#3968=VECTOR('',#3967,1.25E0);
#3969=CARTESIAN_POINT('',(-2.875E0,4.75E-1,-7.25E-1));
#3970=LINE('',#3969,#3968);
#3971=DIRECTION('',(0.E0,0.E0,1.E0));
#3972=VECTOR('',#3971,2.176685940766E0);
#3973=CARTESIAN_POINT('',(-2.875E0,4.75E-1,-7.25E-1));
#3974=LINE('',#3973,#3972);
#3975=DIRECTION('',(1.E0,0.E0,0.E0));
#3976=VECTOR('',#3975,2.5E-1);
#3977=CARTESIAN_POINT('',(-3.125E0,4.75E-1,1.451685940766E0));
#3978=LINE('',#3977,#3976);
#3979=DIRECTION('',(0.E0,0.E0,1.E0));
#3980=VECTOR('',#3979,2.176685940766E0);
#3981=CARTESIAN_POINT('',(-3.125E0,4.75E-1,-7.25E-1));
#3982=LINE('',#3981,#3980);
#3983=DIRECTION('',(1.E0,0.E0,0.E0));
#3984=VECTOR('',#3983,2.75E-1);
#3985=CARTESIAN_POINT('',(-3.4E0,4.75E-1,-7.25E-1));
#3986=LINE('',#3985,#3984);
#3987=CARTESIAN_POINT('',(3.6E0,6.75E-1,-3.916666666667E-1));
#3988=CARTESIAN_POINT('',(3.6E0,6.497584040762E-1,-4.337359932063E-1));
#3989=CARTESIAN_POINT('',(3.590937729508E0,6.039377119315E-1,
-5.101038134475E-1));
#3990=CARTESIAN_POINT('',(3.557284427911E0,5.455274049878E-1,
-6.074543250203E-1));
#3991=CARTESIAN_POINT('',(3.512312173839E0,5.055614490104E-1,
-6.740642516493E-1));
#3992=CARTESIAN_POINT('',(3.459401139400E0,4.823007597966E-1,
-7.128320670056E-1));
#3993=CARTESIAN_POINT('',(3.424530421930E0,4.75E-1,-7.25E-1));
#3994=CARTESIAN_POINT('',(3.4E0,4.75E-1,-7.25E-1));
#3996=DIRECTION('',(0.E0,-5.144957554275E-1,-8.574929257125E-1));
#3997=VECTOR('',#3996,6.802777210653E-1);
#3998=CARTESIAN_POINT('',(3.6E0,6.75E-1,-3.916666666667E-1));
#3999=LINE('',#3998,#3997);
#4000=DIRECTION('',(1.E0,0.E0,0.E0));
#4001=VECTOR('',#4000,7.2E0);
#4002=CARTESIAN_POINT('',(-3.6E0,3.25E-1,-9.75E-1));
#4003=LINE('',#4002,#4001);
#4004=DIRECTION('',(0.E0,5.144957554275E-1,8.574929257125E-1));
#4005=VECTOR('',#4004,6.802777210653E-1);
#4006=CARTESIAN_POINT('',(-3.6E0,3.25E-1,-9.75E-1));
#4007=LINE('',#4006,#4005);
#4008=DIRECTION('',(4.569640269981E-14,5.144957554275E-1,8.574929257125E-1));
#4009=VECTOR('',#4008,1.943650631615E-2);
#4010=CARTESIAN_POINT('',(-3.125E0,4.65E-1,-7.416666666667E-1));
#4011=LINE('',#4010,#4009);
#4012=DIRECTION('',(1.E0,0.E0,0.E0));
#4013=VECTOR('',#4012,2.5E-1);
#4014=CARTESIAN_POINT('',(-3.125E0,4.65E-1,-7.416666666667E-1));
#4015=LINE('',#4014,#4013);
#4016=DIRECTION('',(4.569640269981E-14,5.144957554275E-1,8.574929257125E-1));
#4017=VECTOR('',#4016,1.943650631615E-2);
#4018=CARTESIAN_POINT('',(-2.875E0,4.65E-1,-7.416666666667E-1));
#4019=LINE('',#4018,#4017);
#4020=DIRECTION('',(2.284820134990E-14,5.144957554275E-1,8.574929257125E-1));
#4021=VECTOR('',#4020,1.943650631615E-2);
#4022=CARTESIAN_POINT('',(-1.625E0,4.65E-1,-7.416666666667E-1));
#4023=LINE('',#4022,#4021);
#4024=DIRECTION('',(1.E0,0.E0,0.E0));
#4025=VECTOR('',#4024,2.5E-1);
#4026=CARTESIAN_POINT('',(-1.625E0,4.65E-1,-7.416666666667E-1));
#4027=LINE('',#4026,#4025);
#4028=DIRECTION('',(2.284820134990E-14,5.144957554275E-1,8.574929257125E-1));
#4029=VECTOR('',#4028,1.943650631615E-2);
#4030=CARTESIAN_POINT('',(-1.375E0,4.65E-1,-7.416666666667E-1));
#4031=LINE('',#4030,#4029);
#4032=DIRECTION('',(0.E0,5.144957554275E-1,8.574929257125E-1));
#4033=VECTOR('',#4032,1.943650631615E-2);
#4034=CARTESIAN_POINT('',(-1.25E-1,4.65E-1,-7.416666666667E-1));
#4035=LINE('',#4034,#4033);
#4036=DIRECTION('',(1.E0,0.E0,0.E0));
#4037=VECTOR('',#4036,2.5E-1);
#4038=CARTESIAN_POINT('',(-1.25E-1,4.65E-1,-7.416666666667E-1));
#4039=LINE('',#4038,#4037);
#4040=DIRECTION('',(0.E0,5.144957554275E-1,8.574929257125E-1));
#4041=VECTOR('',#4040,1.943650631615E-2);
#4042=CARTESIAN_POINT('',(1.25E-1,4.65E-1,-7.416666666667E-1));
#4043=LINE('',#4042,#4041);
#4044=DIRECTION('',(0.E0,5.144957554275E-1,8.574929257125E-1));
#4045=VECTOR('',#4044,1.943650631615E-2);
#4046=CARTESIAN_POINT('',(1.375E0,4.65E-1,-7.416666666667E-1));
#4047=LINE('',#4046,#4045);
#4048=DIRECTION('',(1.E0,0.E0,0.E0));
#4049=VECTOR('',#4048,2.5E-1);
#4050=CARTESIAN_POINT('',(1.375E0,4.65E-1,-7.416666666667E-1));
#4051=LINE('',#4050,#4049);
#4052=DIRECTION('',(0.E0,5.144957554275E-1,8.574929257125E-1));
#4053=VECTOR('',#4052,1.943650631615E-2);
#4054=CARTESIAN_POINT('',(1.625E0,4.65E-1,-7.416666666667E-1));
#4055=LINE('',#4054,#4053);
#4056=DIRECTION('',(0.E0,5.144957554275E-1,8.574929257125E-1));
#4057=VECTOR('',#4056,1.943650631615E-2);
#4058=CARTESIAN_POINT('',(2.875E0,4.65E-1,-7.416666666667E-1));
#4059=LINE('',#4058,#4057);
#4060=DIRECTION('',(1.E0,0.E0,0.E0));
#4061=VECTOR('',#4060,2.5E-1);
#4062=CARTESIAN_POINT('',(2.875E0,4.65E-1,-7.416666666667E-1));
#4063=LINE('',#4062,#4061);
#4064=DIRECTION('',(0.E0,5.144957554275E-1,8.574929257125E-1));
#4065=VECTOR('',#4064,1.943650631615E-2);
#4066=CARTESIAN_POINT('',(3.125E0,4.65E-1,-7.416666666667E-1));
#4067=LINE('',#4066,#4065);
#4068=DIRECTION('',(0.E0,1.E0,0.E0));
#4069=VECTOR('',#4068,3.2E-1);
#4070=CARTESIAN_POINT('',(2.875E0,-7.65E-1,-9.75E-1));
#4071=LINE('',#4070,#4069);
#4072=DIRECTION('',(1.E0,0.E0,0.E0));
#4073=VECTOR('',#4072,1.25E0);
#4074=CARTESIAN_POINT('',(1.625E0,-7.65E-1,-9.75E-1));
#4075=LINE('',#4074,#4073);
#4076=DIRECTION('',(0.E0,1.E0,0.E0));
#4077=VECTOR('',#4076,3.2E-1);
#4078=CARTESIAN_POINT('',(1.625E0,-7.65E-1,-9.75E-1));
#4079=LINE('',#4078,#4077);
#4080=DIRECTION('',(1.E0,0.E0,0.E0));
#4081=VECTOR('',#4080,2.5E-1);
#4082=CARTESIAN_POINT('',(1.375E0,-4.45E-1,-9.75E-1));
#4083=LINE('',#4082,#4081);
#4084=DIRECTION('',(0.E0,1.E0,0.E0));
#4085=VECTOR('',#4084,3.2E-1);
#4086=CARTESIAN_POINT('',(1.375E0,-7.65E-1,-9.75E-1));
#4087=LINE('',#4086,#4085);
#4088=DIRECTION('',(1.E0,0.E0,0.E0));
#4089=VECTOR('',#4088,1.25E0);
#4090=CARTESIAN_POINT('',(1.25E-1,-7.65E-1,-9.75E-1));
#4091=LINE('',#4090,#4089);
#4092=DIRECTION('',(0.E0,1.E0,0.E0));
#4093=VECTOR('',#4092,3.2E-1);
#4094=CARTESIAN_POINT('',(1.25E-1,-7.65E-1,-9.75E-1));
#4095=LINE('',#4094,#4093);
#4096=DIRECTION('',(1.E0,0.E0,0.E0));
#4097=VECTOR('',#4096,2.5E-1);
#4098=CARTESIAN_POINT('',(-1.25E-1,-4.45E-1,-9.75E-1));
#4099=LINE('',#4098,#4097);
#4100=DIRECTION('',(0.E0,1.E0,0.E0));
#4101=VECTOR('',#4100,3.2E-1);
#4102=CARTESIAN_POINT('',(-1.25E-1,-7.65E-1,-9.75E-1));
#4103=LINE('',#4102,#4101);
#4104=DIRECTION('',(1.E0,0.E0,0.E0));
#4105=VECTOR('',#4104,1.25E0);
#4106=CARTESIAN_POINT('',(-1.375E0,-7.65E-1,-9.75E-1));
#4107=LINE('',#4106,#4105);
#4108=DIRECTION('',(0.E0,1.E0,0.E0));
#4109=VECTOR('',#4108,3.2E-1);
#4110=CARTESIAN_POINT('',(-1.375E0,-7.65E-1,-9.75E-1));
#4111=LINE('',#4110,#4109);
#4112=DIRECTION('',(1.E0,0.E0,0.E0));
#4113=VECTOR('',#4112,2.5E-1);
#4114=CARTESIAN_POINT('',(-1.625E0,-4.45E-1,-9.75E-1));
#4115=LINE('',#4114,#4113);
#4116=DIRECTION('',(0.E0,1.E0,0.E0));
#4117=VECTOR('',#4116,3.2E-1);
#4118=CARTESIAN_POINT('',(-1.625E0,-7.65E-1,-9.75E-1));
#4119=LINE('',#4118,#4117);
#4120=DIRECTION('',(1.E0,0.E0,0.E0));
#4121=VECTOR('',#4120,1.25E0);
#4122=CARTESIAN_POINT('',(-2.875E0,-7.65E-1,-9.75E-1));
#4123=LINE('',#4122,#4121);
#4124=DIRECTION('',(0.E0,1.E0,0.E0));
#4125=VECTOR('',#4124,3.2E-1);
#4126=CARTESIAN_POINT('',(-2.875E0,-7.65E-1,-9.75E-1));
#4127=LINE('',#4126,#4125);
#4128=DIRECTION('',(1.E0,0.E0,0.E0));
#4129=VECTOR('',#4128,2.5E-1);
#4130=CARTESIAN_POINT('',(-3.125E0,-4.45E-1,-9.75E-1));
#4131=LINE('',#4130,#4129);
#4132=DIRECTION('',(0.E0,1.E0,0.E0));
#4133=VECTOR('',#4132,3.2E-1);
#4134=CARTESIAN_POINT('',(-3.125E0,-7.65E-1,-9.75E-1));
#4135=LINE('',#4134,#4133);
#4136=DIRECTION('',(1.E0,0.E0,0.E0));
#4137=VECTOR('',#4136,4.75E-1);
#4138=CARTESIAN_POINT('',(-3.6E0,-7.65E-1,-9.75E-1));
#4139=LINE('',#4138,#4137);
#4140=DIRECTION('',(0.E0,1.E0,0.E0));
#4141=VECTOR('',#4140,1.09E0);
#4142=CARTESIAN_POINT('',(-3.6E0,-7.65E-1,-9.75E-1));
#4143=LINE('',#4142,#4141);
#4144=DIRECTION('',(0.E0,1.E0,0.E0));
#4145=VECTOR('',#4144,1.09E0);
#4146=CARTESIAN_POINT('',(3.6E0,-7.65E-1,-9.75E-1));
#4147=LINE('',#4146,#4145);
#4148=DIRECTION('',(1.E0,0.E0,0.E0));
#4149=VECTOR('',#4148,4.75E-1);
#4150=CARTESIAN_POINT('',(3.125E0,-7.65E-1,-9.75E-1));
#4151=LINE('',#4150,#4149);
#4152=DIRECTION('',(0.E0,1.E0,0.E0));
#4153=VECTOR('',#4152,3.2E-1);
#4154=CARTESIAN_POINT('',(3.125E0,-7.65E-1,-9.75E-1));
#4155=LINE('',#4154,#4153);
#4156=DIRECTION('',(1.E0,0.E0,0.E0));
#4157=VECTOR('',#4156,2.5E-1);
#4158=CARTESIAN_POINT('',(2.875E0,-4.45E-1,-9.75E-1));
#4159=LINE('',#4158,#4157);
#4160=DIRECTION('',(0.E0,5.547001962252E-1,-8.320502943378E-1));
#4161=VECTOR('',#4160,2.163330765278E-1);
#4162=CARTESIAN_POINT('',(-1.625E0,-8.85E-1,-7.95E-1));
#4163=LINE('',#4162,#4161);
#4164=DIRECTION('',(1.E0,0.E0,0.E0));
#4165=VECTOR('',#4164,1.25E0);
#4166=CARTESIAN_POINT('',(-2.875E0,-8.85E-1,-7.95E-1));
#4167=LINE('',#4166,#4165);
#4168=DIRECTION('',(0.E0,5.547001962252E-1,-8.320502943378E-1));
#4169=VECTOR('',#4168,2.163330765278E-1);
#4170=CARTESIAN_POINT('',(-2.875E0,-8.85E-1,-7.95E-1));
#4171=LINE('',#4170,#4169);
#4172=DIRECTION('',(0.E0,5.547001962252E-1,-8.320502943378E-1));
#4173=VECTOR('',#4172,2.163330765278E-1);
#4174=CARTESIAN_POINT('',(-1.25E-1,-8.85E-1,-7.95E-1));
#4175=LINE('',#4174,#4173);
#4176=DIRECTION('',(1.E0,0.E0,0.E0));
#4177=VECTOR('',#4176,1.25E0);
#4178=CARTESIAN_POINT('',(-1.375E0,-8.85E-1,-7.95E-1));
#4179=LINE('',#4178,#4177);
#4180=DIRECTION('',(0.E0,5.547001962252E-1,-8.320502943378E-1));
#4181=VECTOR('',#4180,2.163330765278E-1);
#4182=CARTESIAN_POINT('',(-1.375E0,-8.85E-1,-7.95E-1));
#4183=LINE('',#4182,#4181);
#4184=DIRECTION('',(0.E0,5.547001962252E-1,-8.320502943378E-1));
#4185=VECTOR('',#4184,2.163330765278E-1);
#4186=CARTESIAN_POINT('',(1.375E0,-8.85E-1,-7.95E-1));
#4187=LINE('',#4186,#4185);
#4188=DIRECTION('',(1.E0,0.E0,0.E0));
#4189=VECTOR('',#4188,1.25E0);
#4190=CARTESIAN_POINT('',(1.25E-1,-8.85E-1,-7.95E-1));
#4191=LINE('',#4190,#4189);
#4192=DIRECTION('',(0.E0,5.547001962252E-1,-8.320502943378E-1));
#4193=VECTOR('',#4192,2.163330765278E-1);
#4194=CARTESIAN_POINT('',(1.25E-1,-8.85E-1,-7.95E-1));
#4195=LINE('',#4194,#4193);
#4196=DIRECTION('',(0.E0,5.547001962252E-1,-8.320502943378E-1));
#4197=VECTOR('',#4196,2.163330765278E-1);
#4198=CARTESIAN_POINT('',(2.875E0,-8.85E-1,-7.95E-1));
#4199=LINE('',#4198,#4197);
#4200=DIRECTION('',(1.E0,0.E0,0.E0));
#4201=VECTOR('',#4200,1.25E0);
#4202=CARTESIAN_POINT('',(1.625E0,-8.85E-1,-7.95E-1));
#4203=LINE('',#4202,#4201);
#4204=DIRECTION('',(0.E0,5.547001962252E-1,-8.320502943378E-1));
#4205=VECTOR('',#4204,2.163330765278E-1);
#4206=CARTESIAN_POINT('',(1.625E0,-8.85E-1,-7.95E-1));
#4207=LINE('',#4206,#4205);
#4208=DIRECTION('',(1.E0,0.E0,0.E0));
#4209=VECTOR('',#4208,2.75E-1);
#4210=CARTESIAN_POINT('',(-3.4E0,-8.85E-1,-7.95E-1));
#4211=LINE('',#4210,#4209);
#4212=DIRECTION('',(0.E0,5.547001962252E-1,-8.320502943378E-1));
#4213=VECTOR('',#4212,5.768882040742E-1);
#4214=CARTESIAN_POINT('',(-3.6E0,-1.085E0,-4.95E-1));
#4215=LINE('',#4214,#4213);
#4216=DIRECTION('',(0.E0,5.547001962252E-1,-8.320502943378E-1));
#4217=VECTOR('',#4216,2.163330765278E-1);
#4218=CARTESIAN_POINT('',(-3.125E0,-8.85E-1,-7.95E-1));
#4219=LINE('',#4218,#4217);
#4220=DIRECTION('',(0.E0,-5.547001962252E-1,8.320502943378E-1));
#4221=VECTOR('',#4220,5.768882040742E-1);
#4222=CARTESIAN_POINT('',(3.6E0,-7.65E-1,-9.75E-1));
#4223=LINE('',#4222,#4221);
#4224=DIRECTION('',(1.E0,0.E0,0.E0));
#4225=VECTOR('',#4224,2.75E-1);
#4226=CARTESIAN_POINT('',(3.125E0,-8.85E-1,-7.95E-1));
#4227=LINE('',#4226,#4225);
#4228=DIRECTION('',(0.E0,5.547001962252E-1,-8.320502943378E-1));
#4229=VECTOR('',#4228,2.163330765278E-1);
#4230=CARTESIAN_POINT('',(3.125E0,-8.85E-1,-7.95E-1));
#4231=LINE('',#4230,#4229);
#4232=DIRECTION('',(0.E0,0.E0,1.E0));
#4233=VECTOR('',#4232,2.47E0);
#4234=CARTESIAN_POINT('',(-3.4E0,-8.85E-1,-7.95E-1));
#4235=LINE('',#4234,#4233);
#4236=DIRECTION('',(0.E0,0.E0,1.E0));
#4237=VECTOR('',#4236,2.345393920142E0);
#4238=CARTESIAN_POINT('',(-3.125E0,-8.85E-1,-7.95E-1));
#4239=LINE('',#4238,#4237);
#4240=DIRECTION('',(1.E0,0.E0,0.E0));
#4241=VECTOR('',#4240,2.5E-1);
#4242=CARTESIAN_POINT('',(-3.125E0,-8.85E-1,1.550393920142E0));
#4243=LINE('',#4242,#4241);
#4244=DIRECTION('',(0.E0,0.E0,1.E0));
#4245=VECTOR('',#4244,2.345393920142E0);
#4246=CARTESIAN_POINT('',(-2.875E0,-8.85E-1,-7.95E-1));
#4247=LINE('',#4246,#4245);
#4248=DIRECTION('',(0.E0,0.E0,1.E0));
#4249=VECTOR('',#4248,2.345393920142E0);
#4250=CARTESIAN_POINT('',(-1.625E0,-8.85E-1,-7.95E-1));
#4251=LINE('',#4250,#4249);
#4252=DIRECTION('',(1.E0,0.E0,0.E0));
#4253=VECTOR('',#4252,2.5E-1);
#4254=CARTESIAN_POINT('',(-1.625E0,-8.85E-1,1.550393920142E0));
#4255=LINE('',#4254,#4253);
#4256=DIRECTION('',(0.E0,0.E0,1.E0));
#4257=VECTOR('',#4256,2.345393920142E0);
#4258=CARTESIAN_POINT('',(-1.375E0,-8.85E-1,-7.95E-1));
#4259=LINE('',#4258,#4257);
#4260=DIRECTION('',(0.E0,0.E0,1.E0));
#4261=VECTOR('',#4260,2.345393920142E0);
#4262=CARTESIAN_POINT('',(-1.25E-1,-8.85E-1,-7.95E-1));
#4263=LINE('',#4262,#4261);
#4264=DIRECTION('',(1.E0,0.E0,0.E0));
#4265=VECTOR('',#4264,2.5E-1);
#4266=CARTESIAN_POINT('',(-1.25E-1,-8.85E-1,1.550393920142E0));
#4267=LINE('',#4266,#4265);
#4268=DIRECTION('',(0.E0,0.E0,1.E0));
#4269=VECTOR('',#4268,2.345393920142E0);
#4270=CARTESIAN_POINT('',(1.25E-1,-8.85E-1,-7.95E-1));
#4271=LINE('',#4270,#4269);
#4272=DIRECTION('',(0.E0,0.E0,1.E0));
#4273=VECTOR('',#4272,2.345393920142E0);
#4274=CARTESIAN_POINT('',(1.375E0,-8.85E-1,-7.95E-1));
#4275=LINE('',#4274,#4273);
#4276=DIRECTION('',(1.E0,0.E0,0.E0));
#4277=VECTOR('',#4276,2.5E-1);
#4278=CARTESIAN_POINT('',(1.375E0,-8.85E-1,1.550393920142E0));
#4279=LINE('',#4278,#4277);
#4280=DIRECTION('',(0.E0,0.E0,1.E0));
#4281=VECTOR('',#4280,2.345393920142E0);
#4282=CARTESIAN_POINT('',(1.625E0,-8.85E-1,-7.95E-1));
#4283=LINE('',#4282,#4281);
#4284=DIRECTION('',(0.E0,0.E0,1.E0));
#4285=VECTOR('',#4284,2.345393920142E0);
#4286=CARTESIAN_POINT('',(2.875E0,-8.85E-1,-7.95E-1));
#4287=LINE('',#4286,#4285);
#4288=DIRECTION('',(1.E0,0.E0,0.E0));
#4289=VECTOR('',#4288,2.5E-1);
#4290=CARTESIAN_POINT('',(2.875E0,-8.85E-1,1.550393920142E0));
#4291=LINE('',#4290,#4289);
#4292=DIRECTION('',(0.E0,0.E0,1.E0));
#4293=VECTOR('',#4292,2.345393920142E0);
#4294=CARTESIAN_POINT('',(3.125E0,-8.85E-1,-7.95E-1));
#4295=LINE('',#4294,#4293);
#4296=DIRECTION('',(0.E0,0.E0,-1.E0));
#4297=VECTOR('',#4296,2.47E0);
#4298=CARTESIAN_POINT('',(3.4E0,-8.85E-1,1.675E0));
#4299=LINE('',#4298,#4297);
#4300=DIRECTION('',(-1.E0,0.E0,0.E0));
#4301=VECTOR('',#4300,6.8E0);
#4302=CARTESIAN_POINT('',(3.4E0,-8.85E-1,1.675E0));
#4303=LINE('',#4302,#4301);
#4304=CARTESIAN_POINT('',(-3.6E0,-1.085E0,-4.95E-1));
#4305=CARTESIAN_POINT('',(-3.6E0,-1.059088330063E0,-5.338675049056E-1));
#4306=CARTESIAN_POINT('',(-3.590495143158E0,-1.012537336144E0,
-6.036939957840E-1));
#4307=CARTESIAN_POINT('',(-3.556027978486E0,-9.539212693397E-1,
-6.916180959905E-1));
#4308=CARTESIAN_POINT('',(-3.510460633460E0,-9.144183097242E-1,
-7.508725354137E-1));
#4309=CARTESIAN_POINT('',(-3.457795032621E0,-8.918085889699E-1,
-7.847871165452E-1));
#4310=CARTESIAN_POINT('',(-3.423356463648E0,-8.85E-1,-7.95E-1));
#4311=CARTESIAN_POINT('',(-3.4E0,-8.85E-1,-7.95E-1));
#4313=CARTESIAN_POINT('',(-3.4E0,-8.85E-1,1.675E0));
#4314=CARTESIAN_POINT('',(-3.440236892706E0,-8.85E-1,1.675E0));
#4315=CARTESIAN_POINT('',(-3.494135701757E0,-9.037913459953E-1,
1.693791345995E0));
#4316=CARTESIAN_POINT('',(-3.551761067133E0,-9.483993984286E-1,
1.738399398429E0));
#4317=CARTESIAN_POINT('',(-3.588743563556E0,-1.007604163483E0,
1.797604163483E0));
#4318=CARTESIAN_POINT('',(-3.6E0,-1.056548220314E0,1.846548220314E0));
#4319=CARTESIAN_POINT('',(-3.6E0,-1.085E0,1.875E0));
#4321=CARTESIAN_POINT('',(3.6E0,-1.085E0,1.875E0));
#4322=CARTESIAN_POINT('',(3.6E0,-1.056548220314E0,1.846548220314E0));
#4323=CARTESIAN_POINT('',(3.588743563556E0,-1.007604163483E0,1.797604163483E0));
#4324=CARTESIAN_POINT('',(3.551761067133E0,-9.483993984286E-1,
1.738399398429E0));
#4325=CARTESIAN_POINT('',(3.494135701757E0,-9.037913459953E-1,
1.693791345995E0));
#4326=CARTESIAN_POINT('',(3.440236892706E0,-8.85E-1,1.675E0));
#4327=CARTESIAN_POINT('',(3.4E0,-8.85E-1,1.675E0));
#4329=DIRECTION('',(0.E0,7.071067811865E-1,-7.071067811865E-1));
#4330=VECTOR('',#4329,1.414213562373E-1);
#4331=CARTESIAN_POINT('',(3.6E0,-1.185E0,1.975E0));
#4332=LINE('',#4331,#4330);
#4333=DIRECTION('',(-1.E0,0.E0,0.E0));
#4334=VECTOR('',#4333,7.2E0);
#4335=CARTESIAN_POINT('',(3.6E0,-1.185E0,1.975E0));
#4336=LINE('',#4335,#4334);
#4337=DIRECTION('',(0.E0,7.071067811865E-1,-7.071067811865E-1));
#4338=VECTOR('',#4337,1.414213562373E-1);
#4339=CARTESIAN_POINT('',(-3.6E0,-1.185E0,1.975E0));
#4340=LINE('',#4339,#4338);
#4341=CARTESIAN_POINT('',(3.4E0,-8.85E-1,-7.95E-1));
#4342=CARTESIAN_POINT('',(3.423356463648E0,-8.85E-1,-7.95E-1));
#4343=CARTESIAN_POINT('',(3.457795032621E0,-8.918085889699E-1,
-7.847871165452E-1));
#4344=CARTESIAN_POINT('',(3.510460633460E0,-9.144183097242E-1,
-7.508725354137E-1));
#4345=CARTESIAN_POINT('',(3.556027978486E0,-9.539212693397E-1,
-6.916180959905E-1));
#4346=CARTESIAN_POINT('',(3.590495143158E0,-1.012537336144E0,
-6.036939957840E-1));
#4347=CARTESIAN_POINT('',(3.6E0,-1.059088330063E0,-5.338675049056E-1));
#4348=CARTESIAN_POINT('',(3.6E0,-1.085E0,-4.95E-1));
#4350=DIRECTION('',(0.E0,1.E0,0.E0));
#4351=VECTOR('',#4350,7.4E-1);
#4352=CARTESIAN_POINT('',(-3.6E0,-1.925E0,1.975E0));
#4353=LINE('',#4352,#4351);
#4354=DIRECTION('',(0.E0,1.E0,0.E0));
#4355=VECTOR('',#4354,7.4E-1);
#4356=CARTESIAN_POINT('',(3.6E0,-1.925E0,1.975E0));
#4357=LINE('',#4356,#4355);
#4358=DIRECTION('',(-1.E0,0.E0,0.E0));
#4359=VECTOR('',#4358,7.2E0);
#4360=CARTESIAN_POINT('',(3.6E0,-1.925E0,1.975E0));
#4361=LINE('',#4360,#4359);
#4362=DIRECTION('',(0.E0,0.E0,1.E0));
#4363=VECTOR('',#4362,1.1E-1);
#4364=CARTESIAN_POINT('',(-3.125E0,-3.145E0,-9.75E-1));
#4365=LINE('',#4364,#4363);
#4366=DIRECTION('',(0.E0,-5.623100214073E-1,8.269265020695E-1));
#4367=VECTOR('',#4366,3.023243291566E-1);
#4368=CARTESIAN_POINT('',(-3.125E0,-3.145E0,-8.65E-1));
#4369=LINE('',#4368,#4367);
#4370=DIRECTION('',(0.E0,0.E0,1.E0));
#4371=VECTOR('',#4370,1.24E0);
#4372=CARTESIAN_POINT('',(-3.125E0,-3.315E0,-6.15E-1));
#4373=LINE('',#4372,#4371);
#4374=DIRECTION('',(0.E0,4.365680397628E-1,8.996712436539E-1));
#4375=VECTOR('',#4374,3.091924966748E-1);
#4376=CARTESIAN_POINT('',(-3.125E0,-3.315E0,6.25E-1));
#4377=LINE('',#4376,#4375);
#4378=CARTESIAN_POINT('',(-3.125E0,-3.225E0,9.25E-1));
#4379=DIRECTION('',(1.E0,0.E0,0.E0));
#4380=DIRECTION('',(0.E0,8.996712436539E-1,-4.365680397628E-1));
#4381=AXIS2_PLACEMENT_3D('',#4378,#4379,#4380);
#4383=DIRECTION('',(0.E0,-5.297661555572E-1,8.481437498598E-1));
#4384=VECTOR('',#4383,6.561249880930E-1);
#4385=CARTESIAN_POINT('',(-3.125E0,-3.182592812507E0,9.514883077779E-1));
#4386=LINE('',#4385,#4384);
#4387=CARTESIAN_POINT('',(-3.125E0,-3.615E0,1.455E0));
#4388=DIRECTION('',(1.E0,0.E0,0.E0));
#4389=DIRECTION('',(0.E0,8.481437498597E-1,5.297661555572E-1));
#4390=AXIS2_PLACEMENT_3D('',#4387,#4388,#4389);
#4392=DIRECTION('',(0.E0,0.E0,-1.E0));
#4393=VECTOR('',#4392,1.219329762024E0);
#4394=CARTESIAN_POINT('',(-3.125E0,-2.235E0,4.776630953573E-1));
#4395=LINE('',#4394,#4393);
#4396=DIRECTION('',(0.E0,-4.365680397628E-1,-8.996712436539E-1));
#4397=VECTOR('',#4396,5.611578032964E-1);
#4398=CARTESIAN_POINT('',(-3.125E0,-2.225E0,1.451685940766E0));
#4399=LINE('',#4398,#4397);
#4400=CARTESIAN_POINT('',(-3.125E0,-2.425E0,9.25E-1));
#4401=DIRECTION('',(1.E0,0.E0,0.E0));
#4402=DIRECTION('',(0.E0,-8.996712436539E-1,4.365680397628E-1));
#4403=AXIS2_PLACEMENT_3D('',#4400,#4401,#4402);
#4405=DIRECTION('',(0.E0,6.486748942009E-1,-7.610656224226E-1));
#4406=VECTOR('',#4405,2.042310119823E-1);
#4407=CARTESIAN_POINT('',(-3.125E0,-2.463053281121E0,8.925662552900E-1));
#4408=LINE('',#4407,#4406);
#4409=CARTESIAN_POINT('',(-3.125E0,-2.635E0,4.776630953573E-1));
#4410=DIRECTION('',(-1.E0,0.E0,0.E0));
#4411=DIRECTION('',(0.E0,7.610656224226E-1,6.486748942009E-1));
#4412=AXIS2_PLACEMENT_3D('',#4409,#4410,#4411);
#4414=DIRECTION('',(0.E0,0.E0,1.E0));
#4415=VECTOR('',#4414,1.100000000001E-1);
#4416=CARTESIAN_POINT('',(-3.125E0,-4.45E-1,-9.75E-1));
#4417=LINE('',#4416,#4415);
#4418=DIRECTION('',(0.E0,-5.623100214072E-1,8.269265020696E-1));
#4419=VECTOR('',#4418,3.023243291566E-1);
#4420=CARTESIAN_POINT('',(-3.125E0,-4.45E-1,-8.649999999999E-1));
#4421=LINE('',#4420,#4419);
#4422=DIRECTION('',(0.E0,0.E0,1.E0));
#4423=VECTOR('',#4422,1.24E0);
#4424=CARTESIAN_POINT('',(-3.125E0,-6.15E-1,-6.149999999999E-1));
#4425=LINE('',#4424,#4423);
#4426=DIRECTION('',(0.E0,4.365680397627E-1,8.996712436539E-1));
#4427=VECTOR('',#4426,3.091924966748E-1);
#4428=CARTESIAN_POINT('',(-3.125E0,-6.15E-1,6.25E-1));
#4429=LINE('',#4428,#4427);
#4430=CARTESIAN_POINT('',(-3.125E0,-5.25E-1,9.25E-1));
#4431=DIRECTION('',(1.E0,0.E0,0.E0));
#4432=DIRECTION('',(0.E0,8.996712436539E-1,-4.365680397627E-1));
#4433=AXIS2_PLACEMENT_3D('',#4430,#4431,#4432);
#4435=DIRECTION('',(0.E0,-5.297661555572E-1,8.481437498598E-1));
#4436=VECTOR('',#4435,6.561249880930E-1);
#4437=CARTESIAN_POINT('',(-3.125E0,-4.825928125070E-1,9.514883077779E-1));
#4438=LINE('',#4437,#4436);
#4439=CARTESIAN_POINT('',(-3.125E0,-9.15E-1,1.455E0));
#4440=DIRECTION('',(1.E0,0.E0,0.E0));
#4441=DIRECTION('',(0.E0,8.481437498598E-1,5.297661555572E-1));
#4442=AXIS2_PLACEMENT_3D('',#4439,#4440,#4441);
#4444=CARTESIAN_POINT('',(-3.125E0,-3.815E0,-2.825E0));
#4445=DIRECTION('',(-1.E0,0.E0,0.E0));
#4446=DIRECTION('',(0.E0,8.660254037844E-1,-5.E-1));
#4447=AXIS2_PLACEMENT_3D('',#4444,#4445,#4446);
#4449=DIRECTION('',(0.E0,-1.E0,0.E0));
#4450=VECTOR('',#4449,2.6E-1);
#4451=CARTESIAN_POINT('',(-3.125E0,-3.815E0,-2.925E0));
#4452=LINE('',#4451,#4450);
#4453=DIRECTION('',(0.E0,-7.071067811865E-1,-7.071067811865E-1));
#4454=VECTOR('',#4453,7.778174593052E-1);
#4455=CARTESIAN_POINT('',(-3.125E0,-4.075E0,-2.925E0));
#4456=LINE('',#4455,#4454);
#4457=DIRECTION('',(0.E0,0.E0,-1.E0));
#4458=VECTOR('',#4457,1.65E0);
#4459=CARTESIAN_POINT('',(-3.125E0,-4.625E0,-3.475E0));
#4460=LINE('',#4459,#4458);
#4461=DIRECTION('',(0.E0,7.071067811866E-1,-7.071067811865E-1));
#4462=VECTOR('',#4461,7.071067811866E-2);
#4463=CARTESIAN_POINT('',(-3.125E0,-4.625E0,-5.125E0));
#4464=LINE('',#4463,#4462);
#4465=DIRECTION('',(0.E0,1.E0,0.E0));
#4466=VECTOR('',#4465,5.5E-1);
#4467=CARTESIAN_POINT('',(-3.125E0,-4.575E0,-5.175E0));
#4468=LINE('',#4467,#4466);
#4469=DIRECTION('',(0.E0,0.E0,1.E0));
#4470=VECTOR('',#4469,1.E0);
#4471=CARTESIAN_POINT('',(-3.125E0,-4.025E0,-5.175E0));
#4472=LINE('',#4471,#4470);
#4473=DIRECTION('',(0.E0,7.071067811865E-1,7.071067811865E-1));
#4474=VECTOR('',#4473,3.535533905933E-1);
#4475=CARTESIAN_POINT('',(-3.125E0,-4.025E0,-4.175E0));
#4476=LINE('',#4475,#4474);
#4477=DIRECTION('',(0.E0,1.E0,0.E0));
#4478=VECTOR('',#4477,1.52E0);
#4479=CARTESIAN_POINT('',(-3.125E0,-3.775E0,-3.925E0));
#4480=LINE('',#4479,#4478);
#4481=DIRECTION('',(0.E0,0.E0,-1.E0));
#4482=VECTOR('',#4481,1.E-1);
#4483=CARTESIAN_POINT('',(-3.125E0,-2.255E0,-3.925E0));
#4484=LINE('',#4483,#4482);
#4485=DIRECTION('',(0.E0,1.E0,0.E0));
#4486=VECTOR('',#4485,4.E-1);
#4487=CARTESIAN_POINT('',(-3.125E0,-2.255E0,-4.025E0));
#4488=LINE('',#4487,#4486);
#4489=DIRECTION('',(0.E0,0.E0,1.E0));
#4490=VECTOR('',#4489,1.15E0);
#4491=CARTESIAN_POINT('',(-3.125E0,-1.855E0,-4.025E0));
#4492=LINE('',#4491,#4490);
#4493=DIRECTION('',(0.E0,-4.365680397628E-1,-8.996712436539E-1));
#4494=VECTOR('',#4493,5.611578032964E-1);
#4495=CARTESIAN_POINT('',(-3.125E0,4.75E-1,1.451685940766E0));
#4496=LINE('',#4495,#4494);
#4497=CARTESIAN_POINT('',(-3.125E0,2.75E-1,9.25E-1));
#4498=DIRECTION('',(1.E0,0.E0,0.E0));
#4499=DIRECTION('',(0.E0,-8.996712436539E-1,4.365680397627E-1));
#4500=AXIS2_PLACEMENT_3D('',#4497,#4498,#4499);
#4502=DIRECTION('',(0.E0,6.486748942010E-1,-7.610656224225E-1));
#4503=VECTOR('',#4502,2.042310119823E-1);
#4504=CARTESIAN_POINT('',(-3.125E0,2.369467188789E-1,8.925662552900E-1));
#4505=LINE('',#4504,#4503);
#4506=CARTESIAN_POINT('',(-3.125E0,6.5E-2,4.776630953573E-1));
#4507=DIRECTION('',(-1.E0,0.E0,0.E0));
#4508=DIRECTION('',(0.E0,7.610656224225E-1,6.486748942010E-1));
#4509=AXIS2_PLACEMENT_3D('',#4506,#4507,#4508);
#4511=DIRECTION('',(0.E0,0.E0,-1.E0));
#4512=VECTOR('',#4511,1.219329762024E0);
#4513=CARTESIAN_POINT('',(-3.125E0,4.65E-1,4.776630953573E-1));
#4514=LINE('',#4513,#4512);
#4515=DIRECTION('',(0.E0,0.E0,-1.E0));
#4516=VECTOR('',#4515,5.E-2);
#4517=CARTESIAN_POINT('',(-3.125E0,-7.15E-1,-2.875E0));
#4518=LINE('',#4517,#4516);
#4519=DIRECTION('',(0.E0,0.E0,-1.E0));
#4520=VECTOR('',#4519,1.E0);
#4521=CARTESIAN_POINT('',(-3.125E0,-7.65E-1,-2.925E0));
#4522=LINE('',#4521,#4520);
#4523=DIRECTION('',(0.E0,1.E0,0.E0));
#4524=VECTOR('',#4523,1.E-1);
#4525=CARTESIAN_POINT('',(-3.125E0,-7.65E-1,-3.925E0));
#4526=LINE('',#4525,#4524);
#4527=CARTESIAN_POINT('',(-2.875E0,-3.615E0,1.455E0));
#4528=DIRECTION('',(1.E0,0.E0,0.E0));
#4529=DIRECTION('',(0.E0,8.481437498597E-1,5.297661555572E-1));
#4530=AXIS2_PLACEMENT_3D('',#4527,#4528,#4529);
#4532=DIRECTION('',(0.E0,-5.297661555572E-1,8.481437498598E-1));
#4533=VECTOR('',#4532,6.561249880930E-1);
#4534=CARTESIAN_POINT('',(-2.875E0,-3.182592812507E0,9.514883077779E-1));
#4535=LINE('',#4534,#4533);
#4536=CARTESIAN_POINT('',(-2.875E0,-3.225E0,9.25E-1));
#4537=DIRECTION('',(1.E0,0.E0,0.E0));
#4538=DIRECTION('',(0.E0,8.996712436539E-1,-4.365680397628E-1));
#4539=AXIS2_PLACEMENT_3D('',#4536,#4537,#4538);
#4541=DIRECTION('',(0.E0,4.365680397628E-1,8.996712436539E-1));
#4542=VECTOR('',#4541,3.091924966748E-1);
#4543=CARTESIAN_POINT('',(-2.875E0,-3.315E0,6.25E-1));
#4544=LINE('',#4543,#4542);
#4545=DIRECTION('',(0.E0,0.E0,1.E0));
#4546=VECTOR('',#4545,1.24E0);
#4547=CARTESIAN_POINT('',(-2.875E0,-3.315E0,-6.15E-1));
#4548=LINE('',#4547,#4546);
#4549=DIRECTION('',(0.E0,-5.623100214073E-1,8.269265020695E-1));
#4550=VECTOR('',#4549,3.023243291566E-1);
#4551=CARTESIAN_POINT('',(-2.875E0,-3.145E0,-8.65E-1));
#4552=LINE('',#4551,#4550);
#4553=DIRECTION('',(0.E0,0.E0,1.E0));
#4554=VECTOR('',#4553,1.1E-1);
#4555=CARTESIAN_POINT('',(-2.875E0,-3.145E0,-9.75E-1));
#4556=LINE('',#4555,#4554);
#4557=DIRECTION('',(0.E0,0.E0,-1.E0));
#4558=VECTOR('',#4557,1.219329762024E0);
#4559=CARTESIAN_POINT('',(-2.875E0,-2.235E0,4.776630953573E-1));
#4560=LINE('',#4559,#4558);
#4561=CARTESIAN_POINT('',(-2.875E0,-2.635E0,4.776630953573E-1));
#4562=DIRECTION('',(-1.E0,0.E0,0.E0));
#4563=DIRECTION('',(0.E0,7.610656224226E-1,6.486748942009E-1));
#4564=AXIS2_PLACEMENT_3D('',#4561,#4562,#4563);
#4566=DIRECTION('',(0.E0,6.486748942009E-1,-7.610656224226E-1));
#4567=VECTOR('',#4566,2.042310119823E-1);
#4568=CARTESIAN_POINT('',(-2.875E0,-2.463053281121E0,8.925662552900E-1));
#4569=LINE('',#4568,#4567);
#4570=CARTESIAN_POINT('',(-2.875E0,-2.425E0,9.25E-1));
#4571=DIRECTION('',(1.E0,0.E0,0.E0));
#4572=DIRECTION('',(0.E0,-8.996712436539E-1,4.365680397628E-1));
#4573=AXIS2_PLACEMENT_3D('',#4570,#4571,#4572);
#4575=DIRECTION('',(0.E0,-4.365680397628E-1,-8.996712436539E-1));
#4576=VECTOR('',#4575,5.611578032964E-1);
#4577=CARTESIAN_POINT('',(-2.875E0,-2.225E0,1.451685940766E0));
#4578=LINE('',#4577,#4576);
#4579=CARTESIAN_POINT('',(-2.875E0,-9.15E-1,1.455E0));
#4580=DIRECTION('',(1.E0,0.E0,0.E0));
#4581=DIRECTION('',(0.E0,8.481437498598E-1,5.297661555572E-1));
#4582=AXIS2_PLACEMENT_3D('',#4579,#4580,#4581);
#4584=DIRECTION('',(0.E0,-5.297661555572E-1,8.481437498598E-1));
#4585=VECTOR('',#4584,6.561249880930E-1);
#4586=CARTESIAN_POINT('',(-2.875E0,-4.825928125070E-1,9.514883077779E-1));
#4587=LINE('',#4586,#4585);
#4588=CARTESIAN_POINT('',(-2.875E0,-5.25E-1,9.25E-1));
#4589=DIRECTION('',(1.E0,0.E0,0.E0));
#4590=DIRECTION('',(0.E0,8.996712436539E-1,-4.365680397627E-1));
#4591=AXIS2_PLACEMENT_3D('',#4588,#4589,#4590);
#4593=DIRECTION('',(0.E0,4.365680397627E-1,8.996712436539E-1));
#4594=VECTOR('',#4593,3.091924966748E-1);
#4595=CARTESIAN_POINT('',(-2.875E0,-6.15E-1,6.25E-1));
#4596=LINE('',#4595,#4594);
#4597=DIRECTION('',(0.E0,0.E0,1.E0));
#4598=VECTOR('',#4597,1.24E0);
#4599=CARTESIAN_POINT('',(-2.875E0,-6.15E-1,-6.149999999999E-1));
#4600=LINE('',#4599,#4598);
#4601=DIRECTION('',(0.E0,-5.623100214072E-1,8.269265020696E-1));
#4602=VECTOR('',#4601,3.023243291566E-1);
#4603=CARTESIAN_POINT('',(-2.875E0,-4.45E-1,-8.649999999999E-1));
#4604=LINE('',#4603,#4602);
#4605=DIRECTION('',(0.E0,0.E0,1.E0));
#4606=VECTOR('',#4605,1.100000000001E-1);
#4607=CARTESIAN_POINT('',(-2.875E0,-4.45E-1,-9.75E-1));
#4608=LINE('',#4607,#4606);
#4609=DIRECTION('',(0.E0,0.E0,1.E0));
#4610=VECTOR('',#4609,1.15E0);
#4611=CARTESIAN_POINT('',(-2.875E0,-1.855E0,-4.025E0));
#4612=LINE('',#4611,#4610);
#4613=DIRECTION('',(0.E0,1.E0,0.E0));
#4614=VECTOR('',#4613,4.E-1);
#4615=CARTESIAN_POINT('',(-2.875E0,-2.255E0,-4.025E0));
#4616=LINE('',#4615,#4614);
#4617=DIRECTION('',(0.E0,0.E0,-1.E0));
#4618=VECTOR('',#4617,1.E-1);
#4619=CARTESIAN_POINT('',(-2.875E0,-2.255E0,-3.925E0));
#4620=LINE('',#4619,#4618);
#4621=DIRECTION('',(0.E0,1.E0,0.E0));
#4622=VECTOR('',#4621,1.52E0);
#4623=CARTESIAN_POINT('',(-2.875E0,-3.775E0,-3.925E0));
#4624=LINE('',#4623,#4622);
#4625=DIRECTION('',(0.E0,7.071067811865E-1,7.071067811865E-1));
#4626=VECTOR('',#4625,3.535533905933E-1);
#4627=CARTESIAN_POINT('',(-2.875E0,-4.025E0,-4.175E0));
#4628=LINE('',#4627,#4626);
#4629=DIRECTION('',(0.E0,0.E0,1.E0));
#4630=VECTOR('',#4629,1.E0);
#4631=CARTESIAN_POINT('',(-2.875E0,-4.025E0,-5.175E0));
#4632=LINE('',#4631,#4630);
#4633=DIRECTION('',(0.E0,1.E0,0.E0));
#4634=VECTOR('',#4633,5.5E-1);
#4635=CARTESIAN_POINT('',(-2.875E0,-4.575E0,-5.175E0));
#4636=LINE('',#4635,#4634);
#4637=DIRECTION('',(0.E0,7.071067811866E-1,-7.071067811865E-1));
#4638=VECTOR('',#4637,7.071067811866E-2);
#4639=CARTESIAN_POINT('',(-2.875E0,-4.625E0,-5.125E0));
#4640=LINE('',#4639,#4638);
#4641=DIRECTION('',(0.E0,0.E0,-1.E0));
#4642=VECTOR('',#4641,1.65E0);
#4643=CARTESIAN_POINT('',(-2.875E0,-4.625E0,-3.475E0));
#4644=LINE('',#4643,#4642);
#4645=DIRECTION('',(0.E0,-7.071067811865E-1,-7.071067811865E-1));
#4646=VECTOR('',#4645,7.778174593052E-1);
#4647=CARTESIAN_POINT('',(-2.875E0,-4.075E0,-2.925E0));
#4648=LINE('',#4647,#4646);
#4649=DIRECTION('',(0.E0,-1.E0,0.E0));
#4650=VECTOR('',#4649,2.6E-1);
#4651=CARTESIAN_POINT('',(-2.875E0,-3.815E0,-2.925E0));
#4652=LINE('',#4651,#4650);
#4653=CARTESIAN_POINT('',(-2.875E0,-3.815E0,-2.825E0));
#4654=DIRECTION('',(-1.E0,0.E0,0.E0));
#4655=DIRECTION('',(0.E0,8.660254037844E-1,-5.E-1));
#4656=AXIS2_PLACEMENT_3D('',#4653,#4654,#4655);
#4658=DIRECTION('',(0.E0,0.E0,-1.E0));
#4659=VECTOR('',#4658,1.219329762024E0);
#4660=CARTESIAN_POINT('',(-2.875E0,4.65E-1,4.776630953573E-1));
#4661=LINE('',#4660,#4659);
#4662=CARTESIAN_POINT('',(-2.875E0,6.5E-2,4.776630953573E-1));
#4663=DIRECTION('',(-1.E0,0.E0,0.E0));
#4664=DIRECTION('',(0.E0,7.610656224225E-1,6.486748942010E-1));
#4665=AXIS2_PLACEMENT_3D('',#4662,#4663,#4664);
#4667=DIRECTION('',(0.E0,6.486748942010E-1,-7.610656224225E-1));
#4668=VECTOR('',#4667,2.042310119823E-1);
#4669=CARTESIAN_POINT('',(-2.875E0,2.369467188789E-1,8.925662552900E-1));
#4670=LINE('',#4669,#4668);
#4671=CARTESIAN_POINT('',(-2.875E0,2.75E-1,9.25E-1));
#4672=DIRECTION('',(1.E0,0.E0,0.E0));
#4673=DIRECTION('',(0.E0,-8.996712436539E-1,4.365680397627E-1));
#4674=AXIS2_PLACEMENT_3D('',#4671,#4672,#4673);
#4676=DIRECTION('',(0.E0,-4.365680397628E-1,-8.996712436539E-1));
#4677=VECTOR('',#4676,5.611578032964E-1);
#4678=CARTESIAN_POINT('',(-2.875E0,4.75E-1,1.451685940766E0));
#4679=LINE('',#4678,#4677);
#4680=DIRECTION('',(0.E0,-1.E0,0.E0));
#4681=VECTOR('',#4680,1.E-1);
#4682=CARTESIAN_POINT('',(-2.875E0,-6.65E-1,-3.925E0));
#4683=LINE('',#4682,#4681);
#4684=DIRECTION('',(0.E0,0.E0,-1.E0));
#4685=VECTOR('',#4684,5.E-2);
#4686=CARTESIAN_POINT('',(-2.875E0,-7.15E-1,-2.875E0));
#4687=LINE('',#4686,#4685);
#4688=DIRECTION('',(1.E0,0.E0,0.E0));
#4689=VECTOR('',#4688,2.5E-1);
#4690=CARTESIAN_POINT('',(-3.125E0,-3.530185625014E0,1.507976615556E0));
#4691=LINE('',#4690,#4689);
#4692=DIRECTION('',(1.E0,0.E0,0.E0));
#4693=VECTOR('',#4692,2.5E-1);
#4694=CARTESIAN_POINT('',(-3.125E0,-3.182592812507E0,9.514883077779E-1));
#4695=LINE('',#4694,#4693);
#4696=DIRECTION('',(1.E0,0.E0,0.E0));
#4697=VECTOR('',#4696,2.5E-1);
#4698=CARTESIAN_POINT('',(-3.125E0,-3.180016437817E0,9.031715980119E-1));
#4699=LINE('',#4698,#4697);
#4700=DIRECTION('',(1.E0,0.E0,0.E0));
#4701=VECTOR('',#4700,2.5E-1);
#4702=CARTESIAN_POINT('',(-3.125E0,-3.315E0,6.25E-1));
#4703=LINE('',#4702,#4701);
#4704=DIRECTION('',(1.E0,0.E0,0.E0));
#4705=VECTOR('',#4704,2.5E-1);
#4706=CARTESIAN_POINT('',(-3.125E0,-3.315E0,-6.15E-1));
#4707=LINE('',#4706,#4705);
#4708=DIRECTION('',(1.E0,0.E0,0.E0));
#4709=VECTOR('',#4708,2.5E-1);
#4710=CARTESIAN_POINT('',(-3.125E0,-3.145E0,-8.65E-1));
#4711=LINE('',#4710,#4709);
#4712=DIRECTION('',(1.E0,0.E0,0.E0));
#4713=VECTOR('',#4712,2.5E-1);
#4714=CARTESIAN_POINT('',(-3.125E0,-2.235E0,4.776630953573E-1));
#4715=LINE('',#4714,#4713);
#4716=DIRECTION('',(1.E0,0.E0,0.E0));
#4717=VECTOR('',#4716,2.5E-1);
#4718=CARTESIAN_POINT('',(-3.125E0,-2.330573751031E0,7.371330530377E-1));
#4719=LINE('',#4718,#4717);
#4720=DIRECTION('',(1.E0,0.E0,0.E0));
#4721=VECTOR('',#4720,2.5E-1);
#4722=CARTESIAN_POINT('',(-3.125E0,-2.463053281121E0,8.925662552900E-1));
#4723=LINE('',#4722,#4721);
#4724=DIRECTION('',(1.E0,0.E0,0.E0));
#4725=VECTOR('',#4724,2.5E-1);
#4726=CARTESIAN_POINT('',(-3.125E0,-2.469983562183E0,9.468284019881E-1));
#4727=LINE('',#4726,#4725);
#4728=DIRECTION('',(0.E0,5.144957554275E-1,8.574929257125E-1));
#4729=VECTOR('',#4728,6.802777210653E-1);
#4730=CARTESIAN_POINT('',(-3.6E0,-2.375E0,-9.75E-1));
#4731=LINE('',#4730,#4729);
#4732=DIRECTION('',(4.569640269979E-14,5.144957554275E-1,8.574929257125E-1));
#4733=VECTOR('',#4732,1.943650631616E-2);
#4734=CARTESIAN_POINT('',(-3.125E0,-2.235E0,-7.416666666667E-1));
#4735=LINE('',#4734,#4733);
#4736=DIRECTION('',(1.E0,0.E0,0.E0));
#4737=VECTOR('',#4736,2.5E-1);
#4738=CARTESIAN_POINT('',(-3.125E0,-2.235E0,-7.416666666667E-1));
#4739=LINE('',#4738,#4737);
#4740=DIRECTION('',(4.569640269979E-14,5.144957554275E-1,8.574929257125E-1));
#4741=VECTOR('',#4740,1.943650631616E-2);
#4742=CARTESIAN_POINT('',(-2.875E0,-2.235E0,-7.416666666667E-1));
#4743=LINE('',#4742,#4741);
#4744=DIRECTION('',(2.284820134990E-14,5.144957554275E-1,8.574929257125E-1));
#4745=VECTOR('',#4744,1.943650631616E-2);
#4746=CARTESIAN_POINT('',(-1.625E0,-2.235E0,-7.416666666667E-1));
#4747=LINE('',#4746,#4745);
#4748=DIRECTION('',(1.E0,0.E0,0.E0));
#4749=VECTOR('',#4748,2.5E-1);
#4750=CARTESIAN_POINT('',(-1.625E0,-2.235E0,-7.416666666667E-1));
#4751=LINE('',#4750,#4749);
#4752=DIRECTION('',(2.284820134990E-14,5.144957554275E-1,8.574929257125E-1));
#4753=VECTOR('',#4752,1.943650631616E-2);
#4754=CARTESIAN_POINT('',(-1.375E0,-2.235E0,-7.416666666667E-1));
#4755=LINE('',#4754,#4753);
#4756=DIRECTION('',(0.E0,5.144957554275E-1,8.574929257125E-1));
#4757=VECTOR('',#4756,1.943650631616E-2);
#4758=CARTESIAN_POINT('',(-1.25E-1,-2.235E0,-7.416666666667E-1));
#4759=LINE('',#4758,#4757);
#4760=DIRECTION('',(1.E0,0.E0,0.E0));
#4761=VECTOR('',#4760,2.5E-1);
#4762=CARTESIAN_POINT('',(-1.25E-1,-2.235E0,-7.416666666667E-1));
#4763=LINE('',#4762,#4761);
#4764=DIRECTION('',(0.E0,5.144957554275E-1,8.574929257125E-1));
#4765=VECTOR('',#4764,1.943650631616E-2);
#4766=CARTESIAN_POINT('',(1.25E-1,-2.235E0,-7.416666666667E-1));
#4767=LINE('',#4766,#4765);
#4768=DIRECTION('',(0.E0,5.144957554275E-1,8.574929257125E-1));
#4769=VECTOR('',#4768,1.943650631616E-2);
#4770=CARTESIAN_POINT('',(1.375E0,-2.235E0,-7.416666666667E-1));
#4771=LINE('',#4770,#4769);
#4772=DIRECTION('',(1.E0,0.E0,0.E0));
#4773=VECTOR('',#4772,2.5E-1);
#4774=CARTESIAN_POINT('',(1.375E0,-2.235E0,-7.416666666667E-1));
#4775=LINE('',#4774,#4773);
#4776=DIRECTION('',(0.E0,5.144957554275E-1,8.574929257125E-1));
#4777=VECTOR('',#4776,1.943650631616E-2);
#4778=CARTESIAN_POINT('',(1.625E0,-2.235E0,-7.416666666667E-1));
#4779=LINE('',#4778,#4777);
#4780=DIRECTION('',(0.E0,5.144957554275E-1,8.574929257125E-1));
#4781=VECTOR('',#4780,1.943650631616E-2);
#4782=CARTESIAN_POINT('',(2.875E0,-2.235E0,-7.416666666667E-1));
#4783=LINE('',#4782,#4781);
#4784=DIRECTION('',(1.E0,0.E0,0.E0));
#4785=VECTOR('',#4784,2.5E-1);
#4786=CARTESIAN_POINT('',(2.875E0,-2.235E0,-7.416666666667E-1));
#4787=LINE('',#4786,#4785);
#4788=DIRECTION('',(0.E0,5.144957554275E-1,8.574929257125E-1));
#4789=VECTOR('',#4788,1.943650631616E-2);
#4790=CARTESIAN_POINT('',(3.125E0,-2.235E0,-7.416666666667E-1));
#4791=LINE('',#4790,#4789);
#4792=DIRECTION('',(0.E0,-5.144957554275E-1,-8.574929257125E-1));
#4793=VECTOR('',#4792,6.802777210653E-1);
#4794=CARTESIAN_POINT('',(3.6E0,-2.025E0,-3.916666666667E-1));
#4795=LINE('',#4794,#4793);
#4796=DIRECTION('',(-1.E0,0.E0,0.E0));
#4797=VECTOR('',#4796,7.2E0);
#4798=CARTESIAN_POINT('',(3.6E0,-2.375E0,-9.75E-1));
#4799=LINE('',#4798,#4797);
#4800=DIRECTION('',(1.E0,0.E0,0.E0));
#4801=VECTOR('',#4800,2.5E-1);
#4802=CARTESIAN_POINT('',(-1.625E0,-2.235E0,4.776630953573E-1));
#4803=LINE('',#4802,#4801);
#4804=DIRECTION('',(1.E0,0.E0,0.E0));
#4805=VECTOR('',#4804,2.5E-1);
#4806=CARTESIAN_POINT('',(-1.625E0,-2.330573751031E0,7.371330530377E-1));
#4807=LINE('',#4806,#4805);
#4808=DIRECTION('',(1.E0,0.E0,0.E0));
#4809=VECTOR('',#4808,2.5E-1);
#4810=CARTESIAN_POINT('',(-1.625E0,-2.463053281121E0,8.925662552900E-1));
#4811=LINE('',#4810,#4809);
#4812=DIRECTION('',(1.E0,0.E0,0.E0));
#4813=VECTOR('',#4812,2.5E-1);
#4814=CARTESIAN_POINT('',(-1.625E0,-2.469983562183E0,9.468284019881E-1));
#4815=LINE('',#4814,#4813);
#4816=DIRECTION('',(0.E0,0.E0,1.E0));
#4817=VECTOR('',#4816,1.1E-1);
#4818=CARTESIAN_POINT('',(-1.25E-1,-3.145E0,-9.75E-1));
#4819=LINE('',#4818,#4817);
#4820=DIRECTION('',(0.E0,-5.623100214073E-1,8.269265020695E-1));
#4821=VECTOR('',#4820,3.023243291566E-1);
#4822=CARTESIAN_POINT('',(-1.25E-1,-3.145E0,-8.65E-1));
#4823=LINE('',#4822,#4821);
#4824=DIRECTION('',(0.E0,0.E0,1.E0));
#4825=VECTOR('',#4824,1.24E0);
#4826=CARTESIAN_POINT('',(-1.25E-1,-3.315E0,-6.15E-1));
#4827=LINE('',#4826,#4825);
#4828=DIRECTION('',(0.E0,4.365680397628E-1,8.996712436539E-1));
#4829=VECTOR('',#4828,3.091924966748E-1);
#4830=CARTESIAN_POINT('',(-1.25E-1,-3.315E0,6.25E-1));
#4831=LINE('',#4830,#4829);
#4832=CARTESIAN_POINT('',(-1.25E-1,-3.225E0,9.25E-1));
#4833=DIRECTION('',(1.E0,0.E0,0.E0));
#4834=DIRECTION('',(0.E0,8.996712436539E-1,-4.365680397628E-1));
#4835=AXIS2_PLACEMENT_3D('',#4832,#4833,#4834);
#4837=DIRECTION('',(0.E0,-5.297661555572E-1,8.481437498598E-1));
#4838=VECTOR('',#4837,6.561249880930E-1);
#4839=CARTESIAN_POINT('',(-1.25E-1,-3.182592812507E0,9.514883077779E-1));
#4840=LINE('',#4839,#4838);
#4841=CARTESIAN_POINT('',(-1.25E-1,-3.615E0,1.455E0));
#4842=DIRECTION('',(1.E0,0.E0,0.E0));
#4843=DIRECTION('',(0.E0,8.481437498597E-1,5.297661555572E-1));
#4844=AXIS2_PLACEMENT_3D('',#4841,#4842,#4843);
#4846=DIRECTION('',(0.E0,-4.365680397628E-1,-8.996712436539E-1));
#4847=VECTOR('',#4846,5.611578032964E-1);
#4848=CARTESIAN_POINT('',(-1.25E-1,-2.225E0,1.451685940766E0));
#4849=LINE('',#4848,#4847);
#4850=CARTESIAN_POINT('',(-1.25E-1,-2.425E0,9.25E-1));
#4851=DIRECTION('',(1.E0,0.E0,0.E0));
#4852=DIRECTION('',(0.E0,-8.996712436539E-1,4.365680397628E-1));
#4853=AXIS2_PLACEMENT_3D('',#4850,#4851,#4852);
#4855=DIRECTION('',(0.E0,6.486748942009E-1,-7.610656224226E-1));
#4856=VECTOR('',#4855,2.042310119823E-1);
#4857=CARTESIAN_POINT('',(-1.25E-1,-2.463053281121E0,8.925662552900E-1));
#4858=LINE('',#4857,#4856);
#4859=CARTESIAN_POINT('',(-1.25E-1,-2.635E0,4.776630953573E-1));
#4860=DIRECTION('',(-1.E0,0.E0,0.E0));
#4861=DIRECTION('',(0.E0,7.610656224226E-1,6.486748942009E-1));
#4862=AXIS2_PLACEMENT_3D('',#4859,#4860,#4861);
#4864=DIRECTION('',(0.E0,0.E0,-1.E0));
#4865=VECTOR('',#4864,1.219329762024E0);
#4866=CARTESIAN_POINT('',(-1.25E-1,-2.235E0,4.776630953573E-1));
#4867=LINE('',#4866,#4865);
#4868=DIRECTION('',(0.E0,0.E0,1.E0));
#4869=VECTOR('',#4868,1.100000000001E-1);
#4870=CARTESIAN_POINT('',(-1.25E-1,-4.45E-1,-9.75E-1));
#4871=LINE('',#4870,#4869);
#4872=DIRECTION('',(0.E0,-5.623100214072E-1,8.269265020696E-1));
#4873=VECTOR('',#4872,3.023243291566E-1);
#4874=CARTESIAN_POINT('',(-1.25E-1,-4.45E-1,-8.649999999999E-1));
#4875=LINE('',#4874,#4873);
#4876=DIRECTION('',(0.E0,0.E0,1.E0));
#4877=VECTOR('',#4876,1.24E0);
#4878=CARTESIAN_POINT('',(-1.25E-1,-6.15E-1,-6.149999999999E-1));
#4879=LINE('',#4878,#4877);
#4880=DIRECTION('',(0.E0,4.365680397627E-1,8.996712436539E-1));
#4881=VECTOR('',#4880,3.091924966748E-1);
#4882=CARTESIAN_POINT('',(-1.25E-1,-6.15E-1,6.25E-1));
#4883=LINE('',#4882,#4881);
#4884=CARTESIAN_POINT('',(-1.25E-1,-5.25E-1,9.25E-1));
#4885=DIRECTION('',(1.E0,0.E0,0.E0));
#4886=DIRECTION('',(0.E0,8.996712436539E-1,-4.365680397627E-1));
#4887=AXIS2_PLACEMENT_3D('',#4884,#4885,#4886);
#4889=DIRECTION('',(0.E0,-5.297661555572E-1,8.481437498598E-1));
#4890=VECTOR('',#4889,6.561249880930E-1);
#4891=CARTESIAN_POINT('',(-1.25E-1,-4.825928125070E-1,9.514883077779E-1));
#4892=LINE('',#4891,#4890);
#4893=CARTESIAN_POINT('',(-1.25E-1,-9.15E-1,1.455E0));
#4894=DIRECTION('',(1.E0,0.E0,0.E0));
#4895=DIRECTION('',(0.E0,8.481437498598E-1,5.297661555572E-1));
#4896=AXIS2_PLACEMENT_3D('',#4893,#4894,#4895);
#4898=CARTESIAN_POINT('',(-1.25E-1,-3.815E0,-2.825E0));
#4899=DIRECTION('',(-1.E0,0.E0,0.E0));
#4900=DIRECTION('',(0.E0,8.660254037844E-1,-5.E-1));
#4901=AXIS2_PLACEMENT_3D('',#4898,#4899,#4900);
#4903=DIRECTION('',(0.E0,-1.E0,0.E0));
#4904=VECTOR('',#4903,2.6E-1);
#4905=CARTESIAN_POINT('',(-1.25E-1,-3.815E0,-2.925E0));
#4906=LINE('',#4905,#4904);
#4907=DIRECTION('',(0.E0,-7.071067811865E-1,-7.071067811865E-1));
#4908=VECTOR('',#4907,7.778174593052E-1);
#4909=CARTESIAN_POINT('',(-1.25E-1,-4.075E0,-2.925E0));
#4910=LINE('',#4909,#4908);
#4911=DIRECTION('',(0.E0,0.E0,-1.E0));
#4912=VECTOR('',#4911,1.65E0);
#4913=CARTESIAN_POINT('',(-1.25E-1,-4.625E0,-3.475E0));
#4914=LINE('',#4913,#4912);
#4915=DIRECTION('',(0.E0,7.071067811866E-1,-7.071067811865E-1));
#4916=VECTOR('',#4915,7.071067811866E-2);
#4917=CARTESIAN_POINT('',(-1.25E-1,-4.625E0,-5.125E0));
#4918=LINE('',#4917,#4916);
#4919=DIRECTION('',(0.E0,1.E0,0.E0));
#4920=VECTOR('',#4919,5.5E-1);
#4921=CARTESIAN_POINT('',(-1.25E-1,-4.575E0,-5.175E0));
#4922=LINE('',#4921,#4920);
#4923=DIRECTION('',(0.E0,0.E0,1.E0));
#4924=VECTOR('',#4923,1.E0);
#4925=CARTESIAN_POINT('',(-1.25E-1,-4.025E0,-5.175E0));
#4926=LINE('',#4925,#4924);
#4927=DIRECTION('',(0.E0,7.071067811865E-1,7.071067811865E-1));
#4928=VECTOR('',#4927,3.535533905933E-1);
#4929=CARTESIAN_POINT('',(-1.25E-1,-4.025E0,-4.175E0));
#4930=LINE('',#4929,#4928);
#4931=DIRECTION('',(0.E0,1.E0,0.E0));
#4932=VECTOR('',#4931,1.52E0);
#4933=CARTESIAN_POINT('',(-1.25E-1,-3.775E0,-3.925E0));
#4934=LINE('',#4933,#4932);
#4935=DIRECTION('',(0.E0,0.E0,-1.E0));
#4936=VECTOR('',#4935,1.E-1);
#4937=CARTESIAN_POINT('',(-1.25E-1,-2.255E0,-3.925E0));
#4938=LINE('',#4937,#4936);
#4939=DIRECTION('',(0.E0,1.E0,0.E0));
#4940=VECTOR('',#4939,4.E-1);
#4941=CARTESIAN_POINT('',(-1.25E-1,-2.255E0,-4.025E0));
#4942=LINE('',#4941,#4940);
#4943=DIRECTION('',(0.E0,0.E0,1.E0));
#4944=VECTOR('',#4943,1.15E0);
#4945=CARTESIAN_POINT('',(-1.25E-1,-1.855E0,-4.025E0));
#4946=LINE('',#4945,#4944);
#4947=DIRECTION('',(0.E0,-4.365680397628E-1,-8.996712436539E-1));
#4948=VECTOR('',#4947,5.611578032964E-1);
#4949=CARTESIAN_POINT('',(-1.25E-1,4.75E-1,1.451685940766E0));
#4950=LINE('',#4949,#4948);
#4951=CARTESIAN_POINT('',(-1.25E-1,2.75E-1,9.25E-1));
#4952=DIRECTION('',(1.E0,0.E0,0.E0));
#4953=DIRECTION('',(0.E0,-8.996712436539E-1,4.365680397627E-1));
#4954=AXIS2_PLACEMENT_3D('',#4951,#4952,#4953);
#4956=DIRECTION('',(0.E0,6.486748942010E-1,-7.610656224225E-1));
#4957=VECTOR('',#4956,2.042310119823E-1);
#4958=CARTESIAN_POINT('',(-1.25E-1,2.369467188789E-1,8.925662552900E-1));
#4959=LINE('',#4958,#4957);
#4960=CARTESIAN_POINT('',(-1.25E-1,6.5E-2,4.776630953573E-1));
#4961=DIRECTION('',(-1.E0,0.E0,0.E0));
#4962=DIRECTION('',(0.E0,7.610656224225E-1,6.486748942010E-1));
#4963=AXIS2_PLACEMENT_3D('',#4960,#4961,#4962);
#4965=DIRECTION('',(0.E0,0.E0,-1.E0));
#4966=VECTOR('',#4965,1.219329762024E0);
#4967=CARTESIAN_POINT('',(-1.25E-1,4.65E-1,4.776630953573E-1));
#4968=LINE('',#4967,#4966);
#4969=DIRECTION('',(0.E0,0.E0,-1.E0));
#4970=VECTOR('',#4969,5.E-2);
#4971=CARTESIAN_POINT('',(-1.25E-1,-7.15E-1,-2.875E0));
#4972=LINE('',#4971,#4970);
#4973=DIRECTION('',(0.E0,0.E0,-1.E0));
#4974=VECTOR('',#4973,1.E0);
#4975=CARTESIAN_POINT('',(-1.25E-1,-7.65E-1,-2.925E0));
#4976=LINE('',#4975,#4974);
#4977=DIRECTION('',(0.E0,1.E0,0.E0));
#4978=VECTOR('',#4977,1.E-1);
#4979=CARTESIAN_POINT('',(-1.25E-1,-7.65E-1,-3.925E0));
#4980=LINE('',#4979,#4978);
#4981=CARTESIAN_POINT('',(1.25E-1,-3.615E0,1.455E0));
#4982=DIRECTION('',(1.E0,0.E0,0.E0));
#4983=DIRECTION('',(0.E0,8.481437498597E-1,5.297661555572E-1));
#4984=AXIS2_PLACEMENT_3D('',#4981,#4982,#4983);
#4986=DIRECTION('',(0.E0,-5.297661555572E-1,8.481437498598E-1));
#4987=VECTOR('',#4986,6.561249880930E-1);
#4988=CARTESIAN_POINT('',(1.25E-1,-3.182592812507E0,9.514883077779E-1));
#4989=LINE('',#4988,#4987);
#4990=CARTESIAN_POINT('',(1.25E-1,-3.225E0,9.25E-1));
#4991=DIRECTION('',(1.E0,0.E0,0.E0));
#4992=DIRECTION('',(0.E0,8.996712436539E-1,-4.365680397628E-1));
#4993=AXIS2_PLACEMENT_3D('',#4990,#4991,#4992);
#4995=DIRECTION('',(0.E0,4.365680397628E-1,8.996712436539E-1));
#4996=VECTOR('',#4995,3.091924966748E-1);
#4997=CARTESIAN_POINT('',(1.25E-1,-3.315E0,6.25E-1));
#4998=LINE('',#4997,#4996);
#4999=DIRECTION('',(0.E0,0.E0,1.E0));
#5000=VECTOR('',#4999,1.24E0);
#5001=CARTESIAN_POINT('',(1.25E-1,-3.315E0,-6.15E-1));
#5002=LINE('',#5001,#5000);
#5003=DIRECTION('',(0.E0,-5.623100214073E-1,8.269265020695E-1));
#5004=VECTOR('',#5003,3.023243291566E-1);
#5005=CARTESIAN_POINT('',(1.25E-1,-3.145E0,-8.65E-1));
#5006=LINE('',#5005,#5004);
#5007=DIRECTION('',(0.E0,0.E0,1.E0));
#5008=VECTOR('',#5007,1.1E-1);
#5009=CARTESIAN_POINT('',(1.25E-1,-3.145E0,-9.75E-1));
#5010=LINE('',#5009,#5008);
#5011=DIRECTION('',(0.E0,0.E0,-1.E0));
#5012=VECTOR('',#5011,1.219329762024E0);
#5013=CARTESIAN_POINT('',(1.25E-1,-2.235E0,4.776630953573E-1));
#5014=LINE('',#5013,#5012);
#5015=CARTESIAN_POINT('',(1.25E-1,-2.635E0,4.776630953573E-1));
#5016=DIRECTION('',(-1.E0,0.E0,0.E0));
#5017=DIRECTION('',(0.E0,7.610656224226E-1,6.486748942009E-1));
#5018=AXIS2_PLACEMENT_3D('',#5015,#5016,#5017);
#5020=DIRECTION('',(0.E0,6.486748942009E-1,-7.610656224226E-1));
#5021=VECTOR('',#5020,2.042310119823E-1);
#5022=CARTESIAN_POINT('',(1.25E-1,-2.463053281121E0,8.925662552900E-1));
#5023=LINE('',#5022,#5021);
#5024=CARTESIAN_POINT('',(1.25E-1,-2.425E0,9.25E-1));
#5025=DIRECTION('',(1.E0,0.E0,0.E0));
#5026=DIRECTION('',(0.E0,-8.996712436539E-1,4.365680397628E-1));
#5027=AXIS2_PLACEMENT_3D('',#5024,#5025,#5026);
#5029=DIRECTION('',(0.E0,-4.365680397628E-1,-8.996712436539E-1));
#5030=VECTOR('',#5029,5.611578032964E-1);
#5031=CARTESIAN_POINT('',(1.25E-1,-2.225E0,1.451685940766E0));
#5032=LINE('',#5031,#5030);
#5033=CARTESIAN_POINT('',(1.25E-1,-9.15E-1,1.455E0));
#5034=DIRECTION('',(1.E0,0.E0,0.E0));
#5035=DIRECTION('',(0.E0,8.481437498598E-1,5.297661555572E-1));
#5036=AXIS2_PLACEMENT_3D('',#5033,#5034,#5035);
#5038=DIRECTION('',(0.E0,-5.297661555572E-1,8.481437498598E-1));
#5039=VECTOR('',#5038,6.561249880930E-1);
#5040=CARTESIAN_POINT('',(1.25E-1,-4.825928125070E-1,9.514883077779E-1));
#5041=LINE('',#5040,#5039);
#5042=CARTESIAN_POINT('',(1.25E-1,-5.25E-1,9.25E-1));
#5043=DIRECTION('',(1.E0,0.E0,0.E0));
#5044=DIRECTION('',(0.E0,8.996712436539E-1,-4.365680397627E-1));
#5045=AXIS2_PLACEMENT_3D('',#5042,#5043,#5044);
#5047=DIRECTION('',(0.E0,4.365680397627E-1,8.996712436539E-1));
#5048=VECTOR('',#5047,3.091924966748E-1);
#5049=CARTESIAN_POINT('',(1.25E-1,-6.15E-1,6.25E-1));
#5050=LINE('',#5049,#5048);
#5051=DIRECTION('',(0.E0,0.E0,1.E0));
#5052=VECTOR('',#5051,1.24E0);
#5053=CARTESIAN_POINT('',(1.25E-1,-6.15E-1,-6.149999999999E-1));
#5054=LINE('',#5053,#5052);
#5055=DIRECTION('',(0.E0,-5.623100214072E-1,8.269265020696E-1));
#5056=VECTOR('',#5055,3.023243291566E-1);
#5057=CARTESIAN_POINT('',(1.25E-1,-4.45E-1,-8.649999999999E-1));
#5058=LINE('',#5057,#5056);
#5059=DIRECTION('',(0.E0,0.E0,1.E0));
#5060=VECTOR('',#5059,1.100000000001E-1);
#5061=CARTESIAN_POINT('',(1.25E-1,-4.45E-1,-9.75E-1));
#5062=LINE('',#5061,#5060);
#5063=DIRECTION('',(0.E0,0.E0,1.E0));
#5064=VECTOR('',#5063,1.15E0);
#5065=CARTESIAN_POINT('',(1.25E-1,-1.855E0,-4.025E0));
#5066=LINE('',#5065,#5064);
#5067=DIRECTION('',(0.E0,1.E0,0.E0));
#5068=VECTOR('',#5067,4.E-1);
#5069=CARTESIAN_POINT('',(1.25E-1,-2.255E0,-4.025E0));
#5070=LINE('',#5069,#5068);
#5071=DIRECTION('',(0.E0,0.E0,-1.E0));
#5072=VECTOR('',#5071,1.E-1);
#5073=CARTESIAN_POINT('',(1.25E-1,-2.255E0,-3.925E0));
#5074=LINE('',#5073,#5072);
#5075=DIRECTION('',(0.E0,1.E0,0.E0));
#5076=VECTOR('',#5075,1.52E0);
#5077=CARTESIAN_POINT('',(1.25E-1,-3.775E0,-3.925E0));
#5078=LINE('',#5077,#5076);
#5079=DIRECTION('',(0.E0,7.071067811865E-1,7.071067811865E-1));
#5080=VECTOR('',#5079,3.535533905933E-1);
#5081=CARTESIAN_POINT('',(1.25E-1,-4.025E0,-4.175E0));
#5082=LINE('',#5081,#5080);
#5083=DIRECTION('',(0.E0,0.E0,1.E0));
#5084=VECTOR('',#5083,1.E0);
#5085=CARTESIAN_POINT('',(1.25E-1,-4.025E0,-5.175E0));
#5086=LINE('',#5085,#5084);
#5087=DIRECTION('',(0.E0,1.E0,0.E0));
#5088=VECTOR('',#5087,5.5E-1);
#5089=CARTESIAN_POINT('',(1.25E-1,-4.575E0,-5.175E0));
#5090=LINE('',#5089,#5088);
#5091=DIRECTION('',(0.E0,7.071067811866E-1,-7.071067811865E-1));
#5092=VECTOR('',#5091,7.071067811866E-2);
#5093=CARTESIAN_POINT('',(1.25E-1,-4.625E0,-5.125E0));
#5094=LINE('',#5093,#5092);
#5095=DIRECTION('',(0.E0,0.E0,-1.E0));
#5096=VECTOR('',#5095,1.65E0);
#5097=CARTESIAN_POINT('',(1.25E-1,-4.625E0,-3.475E0));
#5098=LINE('',#5097,#5096);
#5099=DIRECTION('',(0.E0,-7.071067811865E-1,-7.071067811865E-1));
#5100=VECTOR('',#5099,7.778174593052E-1);
#5101=CARTESIAN_POINT('',(1.25E-1,-4.075E0,-2.925E0));
#5102=LINE('',#5101,#5100);
#5103=DIRECTION('',(0.E0,-1.E0,0.E0));
#5104=VECTOR('',#5103,2.6E-1);
#5105=CARTESIAN_POINT('',(1.25E-1,-3.815E0,-2.925E0));
#5106=LINE('',#5105,#5104);
#5107=CARTESIAN_POINT('',(1.25E-1,-3.815E0,-2.825E0));
#5108=DIRECTION('',(-1.E0,0.E0,0.E0));
#5109=DIRECTION('',(0.E0,8.660254037844E-1,-5.E-1));
#5110=AXIS2_PLACEMENT_3D('',#5107,#5108,#5109);
#5112=DIRECTION('',(0.E0,0.E0,-1.E0));
#5113=VECTOR('',#5112,1.219329762024E0);
#5114=CARTESIAN_POINT('',(1.25E-1,4.65E-1,4.776630953573E-1));
#5115=LINE('',#5114,#5113);
#5116=CARTESIAN_POINT('',(1.25E-1,6.5E-2,4.776630953573E-1));
#5117=DIRECTION('',(-1.E0,0.E0,0.E0));
#5118=DIRECTION('',(0.E0,7.610656224225E-1,6.486748942010E-1));
#5119=AXIS2_PLACEMENT_3D('',#5116,#5117,#5118);
#5121=DIRECTION('',(0.E0,6.486748942010E-1,-7.610656224225E-1));
#5122=VECTOR('',#5121,2.042310119823E-1);
#5123=CARTESIAN_POINT('',(1.25E-1,2.369467188789E-1,8.925662552900E-1));
#5124=LINE('',#5123,#5122);
#5125=CARTESIAN_POINT('',(1.25E-1,2.75E-1,9.25E-1));
#5126=DIRECTION('',(1.E0,0.E0,0.E0));
#5127=DIRECTION('',(0.E0,-8.996712436539E-1,4.365680397627E-1));
#5128=AXIS2_PLACEMENT_3D('',#5125,#5126,#5127);
#5130=DIRECTION('',(0.E0,-4.365680397628E-1,-8.996712436539E-1));
#5131=VECTOR('',#5130,5.611578032964E-1);
#5132=CARTESIAN_POINT('',(1.25E-1,4.75E-1,1.451685940766E0));
#5133=LINE('',#5132,#5131);
#5134=DIRECTION('',(0.E0,-1.E0,0.E0));
#5135=VECTOR('',#5134,1.E-1);
#5136=CARTESIAN_POINT('',(1.25E-1,-6.65E-1,-3.925E0));
#5137=LINE('',#5136,#5135);
#5138=DIRECTION('',(0.E0,0.E0,-1.E0));
#5139=VECTOR('',#5138,5.E-2);
#5140=CARTESIAN_POINT('',(1.25E-1,-7.15E-1,-2.875E0));
#5141=LINE('',#5140,#5139);
#5142=DIRECTION('',(1.E0,0.E0,0.E0));
#5143=VECTOR('',#5142,2.5E-1);
#5144=CARTESIAN_POINT('',(-1.25E-1,-3.530185625014E0,1.507976615556E0));
#5145=LINE('',#5144,#5143);
#5146=DIRECTION('',(1.E0,0.E0,0.E0));
#5147=VECTOR('',#5146,2.5E-1);
#5148=CARTESIAN_POINT('',(-1.25E-1,-3.182592812507E0,9.514883077779E-1));
#5149=LINE('',#5148,#5147);
#5150=DIRECTION('',(1.E0,0.E0,0.E0));
#5151=VECTOR('',#5150,2.5E-1);
#5152=CARTESIAN_POINT('',(-1.25E-1,-3.180016437817E0,9.031715980119E-1));
#5153=LINE('',#5152,#5151);
#5154=DIRECTION('',(1.E0,0.E0,0.E0));
#5155=VECTOR('',#5154,2.5E-1);
#5156=CARTESIAN_POINT('',(-1.25E-1,-3.315E0,6.25E-1));
#5157=LINE('',#5156,#5155);
#5158=DIRECTION('',(1.E0,0.E0,0.E0));
#5159=VECTOR('',#5158,2.5E-1);
#5160=CARTESIAN_POINT('',(-1.25E-1,-3.315E0,-6.15E-1));
#5161=LINE('',#5160,#5159);
#5162=DIRECTION('',(1.E0,0.E0,0.E0));
#5163=VECTOR('',#5162,2.5E-1);
#5164=CARTESIAN_POINT('',(-1.25E-1,-3.145E0,-8.65E-1));
#5165=LINE('',#5164,#5163);
#5166=DIRECTION('',(1.E0,0.E0,0.E0));
#5167=VECTOR('',#5166,2.5E-1);
#5168=CARTESIAN_POINT('',(-1.25E-1,-2.235E0,4.776630953573E-1));
#5169=LINE('',#5168,#5167);
#5170=DIRECTION('',(1.E0,0.E0,0.E0));
#5171=VECTOR('',#5170,2.5E-1);
#5172=CARTESIAN_POINT('',(-1.25E-1,-2.330573751031E0,7.371330530377E-1));
#5173=LINE('',#5172,#5171);
#5174=DIRECTION('',(1.E0,0.E0,0.E0));
#5175=VECTOR('',#5174,2.5E-1);
#5176=CARTESIAN_POINT('',(-1.25E-1,-2.463053281121E0,8.925662552900E-1));
#5177=LINE('',#5176,#5175);
#5178=DIRECTION('',(1.E0,0.E0,0.E0));
#5179=VECTOR('',#5178,2.5E-1);
#5180=CARTESIAN_POINT('',(-1.25E-1,-2.469983562183E0,9.468284019881E-1));
#5181=LINE('',#5180,#5179);
#5182=DIRECTION('',(1.E0,0.E0,0.E0));
#5183=VECTOR('',#5182,2.5E-1);
#5184=CARTESIAN_POINT('',(-1.25E-1,-8.301856250140E-1,1.507976615556E0));
#5185=LINE('',#5184,#5183);
#5186=DIRECTION('',(1.E0,0.E0,0.E0));
#5187=VECTOR('',#5186,2.5E-1);
#5188=CARTESIAN_POINT('',(-1.25E-1,-4.825928125070E-1,9.514883077779E-1));
#5189=LINE('',#5188,#5187);
#5190=DIRECTION('',(1.E0,0.E0,0.E0));
#5191=VECTOR('',#5190,2.5E-1);
#5192=CARTESIAN_POINT('',(-1.25E-1,-4.800164378173E-1,9.031715980119E-1));
#5193=LINE('',#5192,#5191);
#5194=DIRECTION('',(1.E0,0.E0,0.E0));
#5195=VECTOR('',#5194,2.5E-1);
#5196=CARTESIAN_POINT('',(-1.25E-1,-6.15E-1,6.25E-1));
#5197=LINE('',#5196,#5195);
#5198=DIRECTION('',(1.E0,0.E0,0.E0));
#5199=VECTOR('',#5198,2.5E-1);
#5200=CARTESIAN_POINT('',(-1.25E-1,-6.15E-1,-6.149999999999E-1));
#5201=LINE('',#5200,#5199);
#5202=DIRECTION('',(1.E0,0.E0,0.E0));
#5203=VECTOR('',#5202,2.5E-1);
#5204=CARTESIAN_POINT('',(-1.25E-1,-4.45E-1,-8.649999999999E-1));
#5205=LINE('',#5204,#5203);
#5206=DIRECTION('',(0.E0,1.E0,0.E0));
#5207=VECTOR('',#5206,1.873397459622E0);
#5208=CARTESIAN_POINT('',(-3.125E0,-3.728397459622E0,-2.875E0));
#5209=LINE('',#5208,#5207);
#5210=DIRECTION('',(1.E0,0.E0,0.E0));
#5211=VECTOR('',#5210,2.5E-1);
#5212=CARTESIAN_POINT('',(-3.125E0,-1.855E0,-2.875E0));
#5213=LINE('',#5212,#5211);
#5214=DIRECTION('',(0.E0,1.E0,0.E0));
#5215=VECTOR('',#5214,1.873397459622E0);
#5216=CARTESIAN_POINT('',(-2.875E0,-3.728397459622E0,-2.875E0));
#5217=LINE('',#5216,#5215);
#5218=DIRECTION('',(1.E0,0.E0,0.E0));
#5219=VECTOR('',#5218,2.5E-1);
#5220=CARTESIAN_POINT('',(-3.125E0,-3.728397459622E0,-2.875E0));
#5221=LINE('',#5220,#5219);
#5222=DIRECTION('',(0.E0,1.E0,0.E0));
#5223=VECTOR('',#5222,1.873397459622E0);
#5224=CARTESIAN_POINT('',(-1.625E0,-3.728397459622E0,-2.875E0));
#5225=LINE('',#5224,#5223);
#5226=DIRECTION('',(1.E0,0.E0,0.E0));
#5227=VECTOR('',#5226,2.5E-1);
#5228=CARTESIAN_POINT('',(-1.625E0,-1.855E0,-2.875E0));
#5229=LINE('',#5228,#5227);
#5230=DIRECTION('',(0.E0,1.E0,0.E0));
#5231=VECTOR('',#5230,1.873397459622E0);
#5232=CARTESIAN_POINT('',(-1.375E0,-3.728397459622E0,-2.875E0));
#5233=LINE('',#5232,#5231);
#5234=DIRECTION('',(1.E0,0.E0,0.E0));
#5235=VECTOR('',#5234,2.5E-1);
#5236=CARTESIAN_POINT('',(-1.625E0,-3.728397459622E0,-2.875E0));
#5237=LINE('',#5236,#5235);
#5238=DIRECTION('',(0.E0,1.E0,0.E0));
#5239=VECTOR('',#5238,1.873397459622E0);
#5240=CARTESIAN_POINT('',(-1.25E-1,-3.728397459622E0,-2.875E0));
#5241=LINE('',#5240,#5239);
#5242=DIRECTION('',(1.E0,0.E0,0.E0));
#5243=VECTOR('',#5242,2.5E-1);
#5244=CARTESIAN_POINT('',(-1.25E-1,-1.855E0,-2.875E0));
#5245=LINE('',#5244,#5243);
#5246=DIRECTION('',(0.E0,1.E0,0.E0));
#5247=VECTOR('',#5246,1.873397459622E0);
#5248=CARTESIAN_POINT('',(1.25E-1,-3.728397459622E0,-2.875E0));
#5249=LINE('',#5248,#5247);
#5250=DIRECTION('',(1.E0,0.E0,0.E0));
#5251=VECTOR('',#5250,2.5E-1);
#5252=CARTESIAN_POINT('',(-1.25E-1,-3.728397459622E0,-2.875E0));
#5253=LINE('',#5252,#5251);
#5254=DIRECTION('',(0.E0,1.E0,0.E0));
#5255=VECTOR('',#5254,1.873397459622E0);
#5256=CARTESIAN_POINT('',(1.375E0,-3.728397459622E0,-2.875E0));
#5257=LINE('',#5256,#5255);
#5258=DIRECTION('',(1.E0,0.E0,0.E0));
#5259=VECTOR('',#5258,2.5E-1);
#5260=CARTESIAN_POINT('',(1.375E0,-1.855E0,-2.875E0));
#5261=LINE('',#5260,#5259);
#5262=DIRECTION('',(0.E0,1.E0,0.E0));
#5263=VECTOR('',#5262,1.873397459622E0);
#5264=CARTESIAN_POINT('',(1.625E0,-3.728397459622E0,-2.875E0));
#5265=LINE('',#5264,#5263);
#5266=DIRECTION('',(1.E0,0.E0,0.E0));
#5267=VECTOR('',#5266,2.5E-1);
#5268=CARTESIAN_POINT('',(1.375E0,-3.728397459622E0,-2.875E0));
#5269=LINE('',#5268,#5267);
#5270=DIRECTION('',(0.E0,1.E0,0.E0));
#5271=VECTOR('',#5270,1.873397459622E0);
#5272=CARTESIAN_POINT('',(2.875E0,-3.728397459622E0,-2.875E0));
#5273=LINE('',#5272,#5271);
#5274=DIRECTION('',(1.E0,0.E0,0.E0));
#5275=VECTOR('',#5274,2.5E-1);
#5276=CARTESIAN_POINT('',(2.875E0,-1.855E0,-2.875E0));
#5277=LINE('',#5276,#5275);
#5278=DIRECTION('',(0.E0,1.E0,0.E0));
#5279=VECTOR('',#5278,1.873397459622E0);
#5280=CARTESIAN_POINT('',(3.125E0,-3.728397459622E0,-2.875E0));
#5281=LINE('',#5280,#5279);
#5282=DIRECTION('',(1.E0,0.E0,0.E0));
#5283=VECTOR('',#5282,2.5E-1);
#5284=CARTESIAN_POINT('',(2.875E0,-3.728397459622E0,-2.875E0));
#5285=LINE('',#5284,#5283);
#5286=DIRECTION('',(1.E0,0.E0,0.E0));
#5287=VECTOR('',#5286,2.5E-1);
#5288=CARTESIAN_POINT('',(2.875E0,-7.15E-1,-2.875E0));
#5289=LINE('',#5288,#5287);
#5290=DIRECTION('',(0.E0,1.E0,0.E0));
#5291=VECTOR('',#5290,5.E-2);
#5292=CARTESIAN_POINT('',(2.875E0,-7.15E-1,-2.875E0));
#5293=LINE('',#5292,#5291);
#5294=DIRECTION('',(1.E0,0.E0,0.E0));
#5295=VECTOR('',#5294,1.25E0);
#5296=CARTESIAN_POINT('',(1.625E0,-6.65E-1,-2.875E0));
#5297=LINE('',#5296,#5295);
#5298=DIRECTION('',(0.E0,1.E0,0.E0));
#5299=VECTOR('',#5298,5.E-2);
#5300=CARTESIAN_POINT('',(1.625E0,-7.15E-1,-2.875E0));
#5301=LINE('',#5300,#5299);
#5302=DIRECTION('',(1.E0,0.E0,0.E0));
#5303=VECTOR('',#5302,2.5E-1);
#5304=CARTESIAN_POINT('',(1.375E0,-7.15E-1,-2.875E0));
#5305=LINE('',#5304,#5303);
#5306=DIRECTION('',(0.E0,1.E0,0.E0));
#5307=VECTOR('',#5306,5.E-2);
#5308=CARTESIAN_POINT('',(1.375E0,-7.15E-1,-2.875E0));
#5309=LINE('',#5308,#5307);
#5310=DIRECTION('',(1.E0,0.E0,0.E0));
#5311=VECTOR('',#5310,1.25E0);
#5312=CARTESIAN_POINT('',(1.25E-1,-6.65E-1,-2.875E0));
#5313=LINE('',#5312,#5311);
#5314=DIRECTION('',(0.E0,1.E0,0.E0));
#5315=VECTOR('',#5314,5.E-2);
#5316=CARTESIAN_POINT('',(1.25E-1,-7.15E-1,-2.875E0));
#5317=LINE('',#5316,#5315);
#5318=DIRECTION('',(1.E0,0.E0,0.E0));
#5319=VECTOR('',#5318,2.5E-1);
#5320=CARTESIAN_POINT('',(-1.25E-1,-7.15E-1,-2.875E0));
#5321=LINE('',#5320,#5319);
#5322=DIRECTION('',(0.E0,1.E0,0.E0));
#5323=VECTOR('',#5322,5.E-2);
#5324=CARTESIAN_POINT('',(-1.25E-1,-7.15E-1,-2.875E0));
#5325=LINE('',#5324,#5323);
#5326=DIRECTION('',(1.E0,0.E0,0.E0));
#5327=VECTOR('',#5326,1.25E0);
#5328=CARTESIAN_POINT('',(-1.375E0,-6.65E-1,-2.875E0));
#5329=LINE('',#5328,#5327);
#5330=DIRECTION('',(0.E0,1.E0,0.E0));
#5331=VECTOR('',#5330,5.E-2);
#5332=CARTESIAN_POINT('',(-1.375E0,-7.15E-1,-2.875E0));
#5333=LINE('',#5332,#5331);
#5334=DIRECTION('',(1.E0,0.E0,0.E0));
#5335=VECTOR('',#5334,2.5E-1);
#5336=CARTESIAN_POINT('',(-1.625E0,-7.15E-1,-2.875E0));
#5337=LINE('',#5336,#5335);
#5338=DIRECTION('',(0.E0,1.E0,0.E0));
#5339=VECTOR('',#5338,5.E-2);
#5340=CARTESIAN_POINT('',(-1.625E0,-7.15E-1,-2.875E0));
#5341=LINE('',#5340,#5339);
#5342=DIRECTION('',(1.E0,0.E0,0.E0));
#5343=VECTOR('',#5342,1.25E0);
#5344=CARTESIAN_POINT('',(-2.875E0,-6.65E-1,-2.875E0));
#5345=LINE('',#5344,#5343);
#5346=DIRECTION('',(0.E0,1.E0,0.E0));
#5347=VECTOR('',#5346,5.E-2);
#5348=CARTESIAN_POINT('',(-2.875E0,-7.15E-1,-2.875E0));
#5349=LINE('',#5348,#5347);
#5350=DIRECTION('',(1.E0,0.E0,0.E0));
#5351=VECTOR('',#5350,2.5E-1);
#5352=CARTESIAN_POINT('',(-3.125E0,-7.15E-1,-2.875E0));
#5353=LINE('',#5352,#5351);
#5354=DIRECTION('',(0.E0,1.E0,0.E0));
#5355=VECTOR('',#5354,5.E-2);
#5356=CARTESIAN_POINT('',(-3.125E0,-7.15E-1,-2.875E0));
#5357=LINE('',#5356,#5355);
#5358=DIRECTION('',(1.E0,0.E0,0.E0));
#5359=VECTOR('',#5358,9.5E-1);
#5360=CARTESIAN_POINT('',(-4.075E0,-6.65E-1,-2.875E0));
#5361=LINE('',#5360,#5359);
#5362=DIRECTION('',(0.E0,1.E0,0.E0));
#5363=VECTOR('',#5362,3.61E0);
#5364=CARTESIAN_POINT('',(-4.075E0,-4.275E0,-2.875E0));
#5365=LINE('',#5364,#5363);
#5366=DIRECTION('',(-1.E0,0.E0,0.E0));
#5367=VECTOR('',#5366,8.15E0);
#5368=CARTESIAN_POINT('',(4.075E0,-4.275E0,-2.875E0));
#5369=LINE('',#5368,#5367);
#5370=DIRECTION('',(0.E0,-1.E0,0.E0));
#5371=VECTOR('',#5370,3.61E0);
#5372=CARTESIAN_POINT('',(4.075E0,-6.65E-1,-2.875E0));
#5373=LINE('',#5372,#5371);
#5374=DIRECTION('',(1.E0,0.E0,0.E0));
#5375=VECTOR('',#5374,9.5E-1);
#5376=CARTESIAN_POINT('',(3.125E0,-6.65E-1,-2.875E0));
#5377=LINE('',#5376,#5375);
#5378=DIRECTION('',(0.E0,1.E0,0.E0));
#5379=VECTOR('',#5378,5.E-2);
#5380=CARTESIAN_POINT('',(3.125E0,-7.15E-1,-2.875E0));
#5381=LINE('',#5380,#5379);
#5382=DIRECTION('',(1.E0,0.E0,0.E0));
#5383=VECTOR('',#5382,2.5E-1);
#5384=CARTESIAN_POINT('',(-3.125E0,-1.855E0,-4.025E0));
#5385=LINE('',#5384,#5383);
#5386=DIRECTION('',(1.E0,0.E0,0.E0));
#5387=VECTOR('',#5386,2.5E-1);
#5388=CARTESIAN_POINT('',(-3.125E0,-2.255E0,-4.025E0));
#5389=LINE('',#5388,#5387);
#5390=DIRECTION('',(1.E0,0.E0,0.E0));
#5391=VECTOR('',#5390,2.5E-1);
#5392=CARTESIAN_POINT('',(-3.125E0,-2.255E0,-3.925E0));
#5393=LINE('',#5392,#5391);
#5394=DIRECTION('',(1.E0,0.E0,0.E0));
#5395=VECTOR('',#5394,2.5E-1);
#5396=CARTESIAN_POINT('',(-3.125E0,-3.775E0,-3.925E0));
#5397=LINE('',#5396,#5395);
#5398=DIRECTION('',(1.E0,0.E0,0.E0));
#5399=VECTOR('',#5398,2.5E-1);
#5400=CARTESIAN_POINT('',(-3.125E0,-4.025E0,-4.175E0));
#5401=LINE('',#5400,#5399);
#5402=DIRECTION('',(1.E0,0.E0,0.E0));
#5403=VECTOR('',#5402,2.5E-1);
#5404=CARTESIAN_POINT('',(-3.125E0,-4.025E0,-5.175E0));
#5405=LINE('',#5404,#5403);
#5406=DIRECTION('',(1.E0,0.E0,0.E0));
#5407=VECTOR('',#5406,2.5E-1);
#5408=CARTESIAN_POINT('',(-3.125E0,-4.575E0,-5.175E0));
#5409=LINE('',#5408,#5407);
#5410=DIRECTION('',(1.E0,0.E0,0.E0));
#5411=VECTOR('',#5410,2.5E-1);
#5412=CARTESIAN_POINT('',(-3.125E0,-4.625E0,-5.125E0));
#5413=LINE('',#5412,#5411);
#5414=DIRECTION('',(1.E0,0.E0,0.E0));
#5415=VECTOR('',#5414,2.5E-1);
#5416=CARTESIAN_POINT('',(-3.125E0,-4.625E0,-3.475E0));
#5417=LINE('',#5416,#5415);
#5418=DIRECTION('',(1.E0,0.E0,0.E0));
#5419=VECTOR('',#5418,2.5E-1);
#5420=CARTESIAN_POINT('',(-3.125E0,-4.075E0,-2.925E0));
#5421=LINE('',#5420,#5419);
#5422=DIRECTION('',(1.E0,0.E0,0.E0));
#5423=VECTOR('',#5422,2.5E-1);
#5424=CARTESIAN_POINT('',(-3.125E0,-3.815E0,-2.925E0));
#5425=LINE('',#5424,#5423);
#5426=DIRECTION('',(1.E0,0.E0,0.E0));
#5427=VECTOR('',#5426,2.5E-1);
#5428=CARTESIAN_POINT('',(-1.625E0,-1.855E0,-4.025E0));
#5429=LINE('',#5428,#5427);
#5430=DIRECTION('',(1.E0,0.E0,0.E0));
#5431=VECTOR('',#5430,2.5E-1);
#5432=CARTESIAN_POINT('',(-1.625E0,-2.255E0,-4.025E0));
#5433=LINE('',#5432,#5431);
#5434=DIRECTION('',(1.E0,0.E0,0.E0));
#5435=VECTOR('',#5434,2.5E-1);
#5436=CARTESIAN_POINT('',(-1.625E0,-2.255E0,-3.925E0));
#5437=LINE('',#5436,#5435);
#5438=DIRECTION('',(1.E0,0.E0,0.E0));
#5439=VECTOR('',#5438,2.5E-1);
#5440=CARTESIAN_POINT('',(-1.625E0,-3.775E0,-3.925E0));
#5441=LINE('',#5440,#5439);
#5442=DIRECTION('',(1.E0,0.E0,0.E0));
#5443=VECTOR('',#5442,2.5E-1);
#5444=CARTESIAN_POINT('',(-1.625E0,-4.025E0,-4.175E0));
#5445=LINE('',#5444,#5443);
#5446=DIRECTION('',(1.E0,0.E0,0.E0));
#5447=VECTOR('',#5446,2.5E-1);
#5448=CARTESIAN_POINT('',(-1.625E0,-4.025E0,-5.175E0));
#5449=LINE('',#5448,#5447);
#5450=DIRECTION('',(1.E0,0.E0,0.E0));
#5451=VECTOR('',#5450,2.5E-1);
#5452=CARTESIAN_POINT('',(-1.625E0,-4.575E0,-5.175E0));
#5453=LINE('',#5452,#5451);
#5454=DIRECTION('',(1.E0,0.E0,0.E0));
#5455=VECTOR('',#5454,2.5E-1);
#5456=CARTESIAN_POINT('',(-1.625E0,-4.625E0,-5.125E0));
#5457=LINE('',#5456,#5455);
#5458=DIRECTION('',(1.E0,0.E0,0.E0));
#5459=VECTOR('',#5458,2.5E-1);
#5460=CARTESIAN_POINT('',(-1.625E0,-4.625E0,-3.475E0));
#5461=LINE('',#5460,#5459);
#5462=DIRECTION('',(1.E0,0.E0,0.E0));
#5463=VECTOR('',#5462,2.5E-1);
#5464=CARTESIAN_POINT('',(-1.625E0,-4.075E0,-2.925E0));
#5465=LINE('',#5464,#5463);
#5466=DIRECTION('',(1.E0,0.E0,0.E0));
#5467=VECTOR('',#5466,2.5E-1);
#5468=CARTESIAN_POINT('',(-1.625E0,-3.815E0,-2.925E0));
#5469=LINE('',#5468,#5467);
#5470=DIRECTION('',(1.E0,0.E0,0.E0));
#5471=VECTOR('',#5470,2.5E-1);
#5472=CARTESIAN_POINT('',(-1.25E-1,-1.855E0,-4.025E0));
#5473=LINE('',#5472,#5471);
#5474=DIRECTION('',(1.E0,0.E0,0.E0));
#5475=VECTOR('',#5474,2.5E-1);
#5476=CARTESIAN_POINT('',(-1.25E-1,-2.255E0,-4.025E0));
#5477=LINE('',#5476,#5475);
#5478=DIRECTION('',(1.E0,0.E0,0.E0));
#5479=VECTOR('',#5478,2.5E-1);
#5480=CARTESIAN_POINT('',(-1.25E-1,-2.255E0,-3.925E0));
#5481=LINE('',#5480,#5479);
#5482=DIRECTION('',(1.E0,0.E0,0.E0));
#5483=VECTOR('',#5482,2.5E-1);
#5484=CARTESIAN_POINT('',(-1.25E-1,-3.775E0,-3.925E0));
#5485=LINE('',#5484,#5483);
#5486=DIRECTION('',(1.E0,0.E0,0.E0));
#5487=VECTOR('',#5486,2.5E-1);
#5488=CARTESIAN_POINT('',(-1.25E-1,-4.025E0,-4.175E0));
#5489=LINE('',#5488,#5487);
#5490=DIRECTION('',(1.E0,0.E0,0.E0));
#5491=VECTOR('',#5490,2.5E-1);
#5492=CARTESIAN_POINT('',(-1.25E-1,-4.025E0,-5.175E0));
#5493=LINE('',#5492,#5491);
#5494=DIRECTION('',(1.E0,0.E0,0.E0));
#5495=VECTOR('',#5494,2.5E-1);
#5496=CARTESIAN_POINT('',(-1.25E-1,-4.575E0,-5.175E0));
#5497=LINE('',#5496,#5495);
#5498=DIRECTION('',(1.E0,0.E0,0.E0));
#5499=VECTOR('',#5498,2.5E-1);
#5500=CARTESIAN_POINT('',(-1.25E-1,-4.625E0,-5.125E0));
#5501=LINE('',#5500,#5499);
#5502=DIRECTION('',(1.E0,0.E0,0.E0));
#5503=VECTOR('',#5502,2.5E-1);
#5504=CARTESIAN_POINT('',(-1.25E-1,-4.625E0,-3.475E0));
#5505=LINE('',#5504,#5503);
#5506=DIRECTION('',(1.E0,0.E0,0.E0));
#5507=VECTOR('',#5506,2.5E-1);
#5508=CARTESIAN_POINT('',(-1.25E-1,-4.075E0,-2.925E0));
#5509=LINE('',#5508,#5507);
#5510=DIRECTION('',(1.E0,0.E0,0.E0));
#5511=VECTOR('',#5510,2.5E-1);
#5512=CARTESIAN_POINT('',(-1.25E-1,-3.815E0,-2.925E0));
#5513=LINE('',#5512,#5511);
#5514=DIRECTION('',(0.E0,0.E0,1.E0));
#5515=VECTOR('',#5514,1.1E-1);
#5516=CARTESIAN_POINT('',(1.375E0,-3.145E0,-9.75E-1));
#5517=LINE('',#5516,#5515);
#5518=DIRECTION('',(0.E0,-5.623100214073E-1,8.269265020695E-1));
#5519=VECTOR('',#5518,3.023243291566E-1);
#5520=CARTESIAN_POINT('',(1.375E0,-3.145E0,-8.65E-1));
#5521=LINE('',#5520,#5519);
#5522=DIRECTION('',(0.E0,0.E0,1.E0));
#5523=VECTOR('',#5522,1.24E0);
#5524=CARTESIAN_POINT('',(1.375E0,-3.315E0,-6.15E-1));
#5525=LINE('',#5524,#5523);
#5526=DIRECTION('',(0.E0,4.365680397628E-1,8.996712436539E-1));
#5527=VECTOR('',#5526,3.091924966748E-1);
#5528=CARTESIAN_POINT('',(1.375E0,-3.315E0,6.25E-1));
#5529=LINE('',#5528,#5527);
#5530=CARTESIAN_POINT('',(1.375E0,-3.225E0,9.25E-1));
#5531=DIRECTION('',(1.E0,0.E0,0.E0));
#5532=DIRECTION('',(0.E0,8.996712436539E-1,-4.365680397628E-1));
#5533=AXIS2_PLACEMENT_3D('',#5530,#5531,#5532);
#5535=DIRECTION('',(0.E0,-5.297661555572E-1,8.481437498598E-1));
#5536=VECTOR('',#5535,6.561249880930E-1);
#5537=CARTESIAN_POINT('',(1.375E0,-3.182592812507E0,9.514883077779E-1));
#5538=LINE('',#5537,#5536);
#5539=CARTESIAN_POINT('',(1.375E0,-3.615E0,1.455E0));
#5540=DIRECTION('',(1.E0,0.E0,0.E0));
#5541=DIRECTION('',(0.E0,8.481437498597E-1,5.297661555572E-1));
#5542=AXIS2_PLACEMENT_3D('',#5539,#5540,#5541);
#5544=DIRECTION('',(0.E0,0.E0,-1.E0));
#5545=VECTOR('',#5544,1.219329762024E0);
#5546=CARTESIAN_POINT('',(1.375E0,-2.235E0,4.776630953573E-1));
#5547=LINE('',#5546,#5545);
#5548=DIRECTION('',(0.E0,-4.365680397628E-1,-8.996712436539E-1));
#5549=VECTOR('',#5548,5.611578032964E-1);
#5550=CARTESIAN_POINT('',(1.375E0,-2.225E0,1.451685940766E0));
#5551=LINE('',#5550,#5549);
#5552=CARTESIAN_POINT('',(1.375E0,-2.425E0,9.25E-1));
#5553=DIRECTION('',(1.E0,0.E0,0.E0));
#5554=DIRECTION('',(0.E0,-8.996712436539E-1,4.365680397628E-1));
#5555=AXIS2_PLACEMENT_3D('',#5552,#5553,#5554);
#5557=DIRECTION('',(0.E0,6.486748942009E-1,-7.610656224226E-1));
#5558=VECTOR('',#5557,2.042310119823E-1);
#5559=CARTESIAN_POINT('',(1.375E0,-2.463053281121E0,8.925662552900E-1));
#5560=LINE('',#5559,#5558);
#5561=CARTESIAN_POINT('',(1.375E0,-2.635E0,4.776630953573E-1));
#5562=DIRECTION('',(-1.E0,0.E0,0.E0));
#5563=DIRECTION('',(0.E0,7.610656224226E-1,6.486748942009E-1));
#5564=AXIS2_PLACEMENT_3D('',#5561,#5562,#5563);
#5566=DIRECTION('',(0.E0,0.E0,1.E0));
#5567=VECTOR('',#5566,1.100000000001E-1);
#5568=CARTESIAN_POINT('',(1.375E0,-4.45E-1,-9.75E-1));
#5569=LINE('',#5568,#5567);
#5570=DIRECTION('',(0.E0,-5.623100214072E-1,8.269265020696E-1));
#5571=VECTOR('',#5570,3.023243291566E-1);
#5572=CARTESIAN_POINT('',(1.375E0,-4.45E-1,-8.649999999999E-1));
#5573=LINE('',#5572,#5571);
#5574=DIRECTION('',(0.E0,0.E0,1.E0));
#5575=VECTOR('',#5574,1.24E0);
#5576=CARTESIAN_POINT('',(1.375E0,-6.15E-1,-6.149999999999E-1));
#5577=LINE('',#5576,#5575);
#5578=DIRECTION('',(0.E0,4.365680397627E-1,8.996712436539E-1));
#5579=VECTOR('',#5578,3.091924966748E-1);
#5580=CARTESIAN_POINT('',(1.375E0,-6.15E-1,6.25E-1));
#5581=LINE('',#5580,#5579);
#5582=CARTESIAN_POINT('',(1.375E0,-5.25E-1,9.25E-1));
#5583=DIRECTION('',(1.E0,0.E0,0.E0));
#5584=DIRECTION('',(0.E0,8.996712436539E-1,-4.365680397627E-1));
#5585=AXIS2_PLACEMENT_3D('',#5582,#5583,#5584);
#5587=DIRECTION('',(0.E0,-5.297661555572E-1,8.481437498598E-1));
#5588=VECTOR('',#5587,6.561249880930E-1);
#5589=CARTESIAN_POINT('',(1.375E0,-4.825928125070E-1,9.514883077779E-1));
#5590=LINE('',#5589,#5588);
#5591=CARTESIAN_POINT('',(1.375E0,-9.15E-1,1.455E0));
#5592=DIRECTION('',(1.E0,0.E0,0.E0));
#5593=DIRECTION('',(0.E0,8.481437498598E-1,5.297661555572E-1));
#5594=AXIS2_PLACEMENT_3D('',#5591,#5592,#5593);
#5596=CARTESIAN_POINT('',(1.375E0,-3.815E0,-2.825E0));
#5597=DIRECTION('',(-1.E0,0.E0,0.E0));
#5598=DIRECTION('',(0.E0,8.660254037844E-1,-5.E-1));
#5599=AXIS2_PLACEMENT_3D('',#5596,#5597,#5598);
#5601=DIRECTION('',(0.E0,-1.E0,0.E0));
#5602=VECTOR('',#5601,2.6E-1);
#5603=CARTESIAN_POINT('',(1.375E0,-3.815E0,-2.925E0));
#5604=LINE('',#5603,#5602);
#5605=DIRECTION('',(0.E0,-7.071067811865E-1,-7.071067811865E-1));
#5606=VECTOR('',#5605,7.778174593052E-1);
#5607=CARTESIAN_POINT('',(1.375E0,-4.075E0,-2.925E0));
#5608=LINE('',#5607,#5606);
#5609=DIRECTION('',(0.E0,0.E0,-1.E0));
#5610=VECTOR('',#5609,1.65E0);
#5611=CARTESIAN_POINT('',(1.375E0,-4.625E0,-3.475E0));
#5612=LINE('',#5611,#5610);
#5613=DIRECTION('',(0.E0,7.071067811866E-1,-7.071067811865E-1));
#5614=VECTOR('',#5613,7.071067811866E-2);
#5615=CARTESIAN_POINT('',(1.375E0,-4.625E0,-5.125E0));
#5616=LINE('',#5615,#5614);
#5617=DIRECTION('',(0.E0,1.E0,0.E0));
#5618=VECTOR('',#5617,5.5E-1);
#5619=CARTESIAN_POINT('',(1.375E0,-4.575E0,-5.175E0));
#5620=LINE('',#5619,#5618);
#5621=DIRECTION('',(0.E0,0.E0,1.E0));
#5622=VECTOR('',#5621,1.E0);
#5623=CARTESIAN_POINT('',(1.375E0,-4.025E0,-5.175E0));
#5624=LINE('',#5623,#5622);
#5625=DIRECTION('',(0.E0,7.071067811865E-1,7.071067811865E-1));
#5626=VECTOR('',#5625,3.535533905933E-1);
#5627=CARTESIAN_POINT('',(1.375E0,-4.025E0,-4.175E0));
#5628=LINE('',#5627,#5626);
#5629=DIRECTION('',(0.E0,1.E0,0.E0));
#5630=VECTOR('',#5629,1.52E0);
#5631=CARTESIAN_POINT('',(1.375E0,-3.775E0,-3.925E0));
#5632=LINE('',#5631,#5630);
#5633=DIRECTION('',(0.E0,0.E0,-1.E0));
#5634=VECTOR('',#5633,1.E-1);
#5635=CARTESIAN_POINT('',(1.375E0,-2.255E0,-3.925E0));
#5636=LINE('',#5635,#5634);
#5637=DIRECTION('',(0.E0,1.E0,0.E0));
#5638=VECTOR('',#5637,4.E-1);
#5639=CARTESIAN_POINT('',(1.375E0,-2.255E0,-4.025E0));
#5640=LINE('',#5639,#5638);
#5641=DIRECTION('',(0.E0,0.E0,1.E0));
#5642=VECTOR('',#5641,1.15E0);
#5643=CARTESIAN_POINT('',(1.375E0,-1.855E0,-4.025E0));
#5644=LINE('',#5643,#5642);
#5645=DIRECTION('',(0.E0,-4.365680397628E-1,-8.996712436539E-1));
#5646=VECTOR('',#5645,5.611578032964E-1);
#5647=CARTESIAN_POINT('',(1.375E0,4.75E-1,1.451685940766E0));
#5648=LINE('',#5647,#5646);
#5649=CARTESIAN_POINT('',(1.375E0,2.75E-1,9.25E-1));
#5650=DIRECTION('',(1.E0,0.E0,0.E0));
#5651=DIRECTION('',(0.E0,-8.996712436539E-1,4.365680397627E-1));
#5652=AXIS2_PLACEMENT_3D('',#5649,#5650,#5651);
#5654=DIRECTION('',(0.E0,6.486748942010E-1,-7.610656224225E-1));
#5655=VECTOR('',#5654,2.042310119823E-1);
#5656=CARTESIAN_POINT('',(1.375E0,2.369467188789E-1,8.925662552900E-1));
#5657=LINE('',#5656,#5655);
#5658=CARTESIAN_POINT('',(1.375E0,6.5E-2,4.776630953573E-1));
#5659=DIRECTION('',(-1.E0,0.E0,0.E0));
#5660=DIRECTION('',(0.E0,7.610656224225E-1,6.486748942010E-1));
#5661=AXIS2_PLACEMENT_3D('',#5658,#5659,#5660);
#5663=DIRECTION('',(0.E0,0.E0,-1.E0));
#5664=VECTOR('',#5663,1.219329762024E0);
#5665=CARTESIAN_POINT('',(1.375E0,4.65E-1,4.776630953573E-1));
#5666=LINE('',#5665,#5664);
#5667=DIRECTION('',(0.E0,0.E0,-1.E0));
#5668=VECTOR('',#5667,5.E-2);
#5669=CARTESIAN_POINT('',(1.375E0,-7.15E-1,-2.875E0));
#5670=LINE('',#5669,#5668);
#5671=DIRECTION('',(0.E0,0.E0,-1.E0));
#5672=VECTOR('',#5671,1.E0);
#5673=CARTESIAN_POINT('',(1.375E0,-7.65E-1,-2.925E0));
#5674=LINE('',#5673,#5672);
#5675=DIRECTION('',(0.E0,1.E0,0.E0));
#5676=VECTOR('',#5675,1.E-1);
#5677=CARTESIAN_POINT('',(1.375E0,-7.65E-1,-3.925E0));
#5678=LINE('',#5677,#5676);
#5679=CARTESIAN_POINT('',(1.625E0,-3.615E0,1.455E0));
#5680=DIRECTION('',(1.E0,0.E0,0.E0));
#5681=DIRECTION('',(0.E0,8.481437498597E-1,5.297661555572E-1));
#5682=AXIS2_PLACEMENT_3D('',#5679,#5680,#5681);
#5684=DIRECTION('',(0.E0,-5.297661555572E-1,8.481437498598E-1));
#5685=VECTOR('',#5684,6.561249880930E-1);
#5686=CARTESIAN_POINT('',(1.625E0,-3.182592812507E0,9.514883077779E-1));
#5687=LINE('',#5686,#5685);
#5688=CARTESIAN_POINT('',(1.625E0,-3.225E0,9.25E-1));
#5689=DIRECTION('',(1.E0,0.E0,0.E0));
#5690=DIRECTION('',(0.E0,8.996712436539E-1,-4.365680397628E-1));
#5691=AXIS2_PLACEMENT_3D('',#5688,#5689,#5690);
#5693=DIRECTION('',(0.E0,4.365680397628E-1,8.996712436539E-1));
#5694=VECTOR('',#5693,3.091924966748E-1);
#5695=CARTESIAN_POINT('',(1.625E0,-3.315E0,6.25E-1));
#5696=LINE('',#5695,#5694);
#5697=DIRECTION('',(0.E0,0.E0,1.E0));
#5698=VECTOR('',#5697,1.24E0);
#5699=CARTESIAN_POINT('',(1.625E0,-3.315E0,-6.15E-1));
#5700=LINE('',#5699,#5698);
#5701=DIRECTION('',(0.E0,-5.623100214073E-1,8.269265020695E-1));
#5702=VECTOR('',#5701,3.023243291566E-1);
#5703=CARTESIAN_POINT('',(1.625E0,-3.145E0,-8.65E-1));
#5704=LINE('',#5703,#5702);
#5705=DIRECTION('',(0.E0,0.E0,1.E0));
#5706=VECTOR('',#5705,1.1E-1);
#5707=CARTESIAN_POINT('',(1.625E0,-3.145E0,-9.75E-1));
#5708=LINE('',#5707,#5706);
#5709=DIRECTION('',(0.E0,0.E0,-1.E0));
#5710=VECTOR('',#5709,1.219329762024E0);
#5711=CARTESIAN_POINT('',(1.625E0,-2.235E0,4.776630953573E-1));
#5712=LINE('',#5711,#5710);
#5713=CARTESIAN_POINT('',(1.625E0,-2.635E0,4.776630953573E-1));
#5714=DIRECTION('',(-1.E0,0.E0,0.E0));
#5715=DIRECTION('',(0.E0,7.610656224226E-1,6.486748942009E-1));
#5716=AXIS2_PLACEMENT_3D('',#5713,#5714,#5715);
#5718=DIRECTION('',(0.E0,6.486748942009E-1,-7.610656224226E-1));
#5719=VECTOR('',#5718,2.042310119823E-1);
#5720=CARTESIAN_POINT('',(1.625E0,-2.463053281121E0,8.925662552900E-1));
#5721=LINE('',#5720,#5719);
#5722=CARTESIAN_POINT('',(1.625E0,-2.425E0,9.25E-1));
#5723=DIRECTION('',(1.E0,0.E0,0.E0));
#5724=DIRECTION('',(0.E0,-8.996712436539E-1,4.365680397628E-1));
#5725=AXIS2_PLACEMENT_3D('',#5722,#5723,#5724);
#5727=DIRECTION('',(0.E0,-4.365680397628E-1,-8.996712436539E-1));
#5728=VECTOR('',#5727,5.611578032964E-1);
#5729=CARTESIAN_POINT('',(1.625E0,-2.225E0,1.451685940766E0));
#5730=LINE('',#5729,#5728);
#5731=CARTESIAN_POINT('',(1.625E0,-9.15E-1,1.455E0));
#5732=DIRECTION('',(1.E0,0.E0,0.E0));
#5733=DIRECTION('',(0.E0,8.481437498598E-1,5.297661555572E-1));
#5734=AXIS2_PLACEMENT_3D('',#5731,#5732,#5733);
#5736=DIRECTION('',(0.E0,-5.297661555572E-1,8.481437498598E-1));
#5737=VECTOR('',#5736,6.561249880930E-1);
#5738=CARTESIAN_POINT('',(1.625E0,-4.825928125070E-1,9.514883077779E-1));
#5739=LINE('',#5738,#5737);
#5740=CARTESIAN_POINT('',(1.625E0,-5.25E-1,9.25E-1));
#5741=DIRECTION('',(1.E0,0.E0,0.E0));
#5742=DIRECTION('',(0.E0,8.996712436539E-1,-4.365680397627E-1));
#5743=AXIS2_PLACEMENT_3D('',#5740,#5741,#5742);
#5745=DIRECTION('',(0.E0,4.365680397627E-1,8.996712436539E-1));
#5746=VECTOR('',#5745,3.091924966748E-1);
#5747=CARTESIAN_POINT('',(1.625E0,-6.15E-1,6.25E-1));
#5748=LINE('',#5747,#5746);
#5749=DIRECTION('',(0.E0,0.E0,1.E0));
#5750=VECTOR('',#5749,1.24E0);
#5751=CARTESIAN_POINT('',(1.625E0,-6.15E-1,-6.149999999999E-1));
#5752=LINE('',#5751,#5750);
#5753=DIRECTION('',(0.E0,-5.623100214072E-1,8.269265020696E-1));
#5754=VECTOR('',#5753,3.023243291566E-1);
#5755=CARTESIAN_POINT('',(1.625E0,-4.45E-1,-8.649999999999E-1));
#5756=LINE('',#5755,#5754);
#5757=DIRECTION('',(0.E0,0.E0,1.E0));
#5758=VECTOR('',#5757,1.100000000001E-1);
#5759=CARTESIAN_POINT('',(1.625E0,-4.45E-1,-9.75E-1));
#5760=LINE('',#5759,#5758);
#5761=DIRECTION('',(0.E0,0.E0,1.E0));
#5762=VECTOR('',#5761,1.15E0);
#5763=CARTESIAN_POINT('',(1.625E0,-1.855E0,-4.025E0));
#5764=LINE('',#5763,#5762);
#5765=DIRECTION('',(0.E0,1.E0,0.E0));
#5766=VECTOR('',#5765,4.E-1);
#5767=CARTESIAN_POINT('',(1.625E0,-2.255E0,-4.025E0));
#5768=LINE('',#5767,#5766);
#5769=DIRECTION('',(0.E0,0.E0,-1.E0));
#5770=VECTOR('',#5769,1.E-1);
#5771=CARTESIAN_POINT('',(1.625E0,-2.255E0,-3.925E0));
#5772=LINE('',#5771,#5770);
#5773=DIRECTION('',(0.E0,1.E0,0.E0));
#5774=VECTOR('',#5773,1.52E0);
#5775=CARTESIAN_POINT('',(1.625E0,-3.775E0,-3.925E0));
#5776=LINE('',#5775,#5774);
#5777=DIRECTION('',(0.E0,7.071067811865E-1,7.071067811865E-1));
#5778=VECTOR('',#5777,3.535533905933E-1);
#5779=CARTESIAN_POINT('',(1.625E0,-4.025E0,-4.175E0));
#5780=LINE('',#5779,#5778);
#5781=DIRECTION('',(0.E0,0.E0,1.E0));
#5782=VECTOR('',#5781,1.E0);
#5783=CARTESIAN_POINT('',(1.625E0,-4.025E0,-5.175E0));
#5784=LINE('',#5783,#5782);
#5785=DIRECTION('',(0.E0,1.E0,0.E0));
#5786=VECTOR('',#5785,5.5E-1);
#5787=CARTESIAN_POINT('',(1.625E0,-4.575E0,-5.175E0));
#5788=LINE('',#5787,#5786);
#5789=DIRECTION('',(0.E0,7.071067811866E-1,-7.071067811865E-1));
#5790=VECTOR('',#5789,7.071067811866E-2);
#5791=CARTESIAN_POINT('',(1.625E0,-4.625E0,-5.125E0));
#5792=LINE('',#5791,#5790);
#5793=DIRECTION('',(0.E0,0.E0,-1.E0));
#5794=VECTOR('',#5793,1.65E0);
#5795=CARTESIAN_POINT('',(1.625E0,-4.625E0,-3.475E0));
#5796=LINE('',#5795,#5794);
#5797=DIRECTION('',(0.E0,-7.071067811865E-1,-7.071067811865E-1));
#5798=VECTOR('',#5797,7.778174593052E-1);
#5799=CARTESIAN_POINT('',(1.625E0,-4.075E0,-2.925E0));
#5800=LINE('',#5799,#5798);
#5801=DIRECTION('',(0.E0,-1.E0,0.E0));
#5802=VECTOR('',#5801,2.6E-1);
#5803=CARTESIAN_POINT('',(1.625E0,-3.815E0,-2.925E0));
#5804=LINE('',#5803,#5802);
#5805=CARTESIAN_POINT('',(1.625E0,-3.815E0,-2.825E0));
#5806=DIRECTION('',(-1.E0,0.E0,0.E0));
#5807=DIRECTION('',(0.E0,8.660254037844E-1,-5.E-1));
#5808=AXIS2_PLACEMENT_3D('',#5805,#5806,#5807);
#5810=DIRECTION('',(0.E0,0.E0,-1.E0));
#5811=VECTOR('',#5810,1.219329762024E0);
#5812=CARTESIAN_POINT('',(1.625E0,4.65E-1,4.776630953573E-1));
#5813=LINE('',#5812,#5811);
#5814=CARTESIAN_POINT('',(1.625E0,6.5E-2,4.776630953573E-1));
#5815=DIRECTION('',(-1.E0,0.E0,0.E0));
#5816=DIRECTION('',(0.E0,7.610656224225E-1,6.486748942010E-1));
#5817=AXIS2_PLACEMENT_3D('',#5814,#5815,#5816);
#5819=DIRECTION('',(0.E0,6.486748942010E-1,-7.610656224225E-1));
#5820=VECTOR('',#5819,2.042310119823E-1);
#5821=CARTESIAN_POINT('',(1.625E0,2.369467188789E-1,8.925662552900E-1));
#5822=LINE('',#5821,#5820);
#5823=CARTESIAN_POINT('',(1.625E0,2.75E-1,9.25E-1));
#5824=DIRECTION('',(1.E0,0.E0,0.E0));
#5825=DIRECTION('',(0.E0,-8.996712436539E-1,4.365680397627E-1));
#5826=AXIS2_PLACEMENT_3D('',#5823,#5824,#5825);
#5828=DIRECTION('',(0.E0,-4.365680397628E-1,-8.996712436539E-1));
#5829=VECTOR('',#5828,5.611578032964E-1);
#5830=CARTESIAN_POINT('',(1.625E0,4.75E-1,1.451685940766E0));
#5831=LINE('',#5830,#5829);
#5832=DIRECTION('',(0.E0,-1.E0,0.E0));
#5833=VECTOR('',#5832,1.E-1);
#5834=CARTESIAN_POINT('',(1.625E0,-6.65E-1,-3.925E0));
#5835=LINE('',#5834,#5833);
#5836=DIRECTION('',(0.E0,0.E0,-1.E0));
#5837=VECTOR('',#5836,5.E-2);
#5838=CARTESIAN_POINT('',(1.625E0,-7.15E-1,-2.875E0));
#5839=LINE('',#5838,#5837);
#5840=DIRECTION('',(1.E0,0.E0,0.E0));
#5841=VECTOR('',#5840,2.5E-1);
#5842=CARTESIAN_POINT('',(1.375E0,-3.530185625014E0,1.507976615556E0));
#5843=LINE('',#5842,#5841);
#5844=DIRECTION('',(1.E0,0.E0,0.E0));
#5845=VECTOR('',#5844,2.5E-1);
#5846=CARTESIAN_POINT('',(1.375E0,-3.182592812507E0,9.514883077779E-1));
#5847=LINE('',#5846,#5845);
#5848=DIRECTION('',(1.E0,0.E0,0.E0));
#5849=VECTOR('',#5848,2.5E-1);
#5850=CARTESIAN_POINT('',(1.375E0,-3.180016437817E0,9.031715980119E-1));
#5851=LINE('',#5850,#5849);
#5852=DIRECTION('',(1.E0,0.E0,0.E0));
#5853=VECTOR('',#5852,2.5E-1);
#5854=CARTESIAN_POINT('',(1.375E0,-3.315E0,6.25E-1));
#5855=LINE('',#5854,#5853);
#5856=DIRECTION('',(1.E0,0.E0,0.E0));
#5857=VECTOR('',#5856,2.5E-1);
#5858=CARTESIAN_POINT('',(1.375E0,-3.315E0,-6.15E-1));
#5859=LINE('',#5858,#5857);
#5860=DIRECTION('',(1.E0,0.E0,0.E0));
#5861=VECTOR('',#5860,2.5E-1);
#5862=CARTESIAN_POINT('',(1.375E0,-3.145E0,-8.65E-1));
#5863=LINE('',#5862,#5861);
#5864=DIRECTION('',(1.E0,0.E0,0.E0));
#5865=VECTOR('',#5864,2.5E-1);
#5866=CARTESIAN_POINT('',(1.375E0,-2.235E0,4.776630953573E-1));
#5867=LINE('',#5866,#5865);
#5868=DIRECTION('',(1.E0,0.E0,0.E0));
#5869=VECTOR('',#5868,2.5E-1);
#5870=CARTESIAN_POINT('',(1.375E0,-2.330573751031E0,7.371330530377E-1));
#5871=LINE('',#5870,#5869);
#5872=DIRECTION('',(1.E0,0.E0,0.E0));
#5873=VECTOR('',#5872,2.5E-1);
#5874=CARTESIAN_POINT('',(1.375E0,-2.463053281121E0,8.925662552900E-1));
#5875=LINE('',#5874,#5873);
#5876=DIRECTION('',(1.E0,0.E0,0.E0));
#5877=VECTOR('',#5876,2.5E-1);
#5878=CARTESIAN_POINT('',(1.375E0,-2.469983562183E0,9.468284019881E-1));
#5879=LINE('',#5878,#5877);
#5880=DIRECTION('',(1.E0,0.E0,0.E0));
#5881=VECTOR('',#5880,2.5E-1);
#5882=CARTESIAN_POINT('',(1.375E0,-8.301856250140E-1,1.507976615556E0));
#5883=LINE('',#5882,#5881);
#5884=DIRECTION('',(1.E0,0.E0,0.E0));
#5885=VECTOR('',#5884,2.5E-1);
#5886=CARTESIAN_POINT('',(1.375E0,-4.825928125070E-1,9.514883077779E-1));
#5887=LINE('',#5886,#5885);
#5888=DIRECTION('',(1.E0,0.E0,0.E0));
#5889=VECTOR('',#5888,2.5E-1);
#5890=CARTESIAN_POINT('',(1.375E0,-4.800164378173E-1,9.031715980119E-1));
#5891=LINE('',#5890,#5889);
#5892=DIRECTION('',(1.E0,0.E0,0.E0));
#5893=VECTOR('',#5892,2.5E-1);
#5894=CARTESIAN_POINT('',(1.375E0,-6.15E-1,6.25E-1));
#5895=LINE('',#5894,#5893);
#5896=DIRECTION('',(1.E0,0.E0,0.E0));
#5897=VECTOR('',#5896,2.5E-1);
#5898=CARTESIAN_POINT('',(1.375E0,-6.15E-1,-6.149999999999E-1));
#5899=LINE('',#5898,#5897);
#5900=DIRECTION('',(1.E0,0.E0,0.E0));
#5901=VECTOR('',#5900,2.5E-1);
#5902=CARTESIAN_POINT('',(1.375E0,-4.45E-1,-8.649999999999E-1));
#5903=LINE('',#5902,#5901);
#5904=DIRECTION('',(1.E0,0.E0,0.E0));
#5905=VECTOR('',#5904,2.5E-1);
#5906=CARTESIAN_POINT('',(1.375E0,-1.855E0,-4.025E0));
#5907=LINE('',#5906,#5905);
#5908=DIRECTION('',(1.E0,0.E0,0.E0));
#5909=VECTOR('',#5908,2.5E-1);
#5910=CARTESIAN_POINT('',(1.375E0,-2.255E0,-4.025E0));
#5911=LINE('',#5910,#5909);
#5912=DIRECTION('',(1.E0,0.E0,0.E0));
#5913=VECTOR('',#5912,2.5E-1);
#5914=CARTESIAN_POINT('',(1.375E0,-2.255E0,-3.925E0));
#5915=LINE('',#5914,#5913);
#5916=DIRECTION('',(1.E0,0.E0,0.E0));
#5917=VECTOR('',#5916,2.5E-1);
#5918=CARTESIAN_POINT('',(1.375E0,-3.775E0,-3.925E0));
#5919=LINE('',#5918,#5917);
#5920=DIRECTION('',(1.E0,0.E0,0.E0));
#5921=VECTOR('',#5920,2.5E-1);
#5922=CARTESIAN_POINT('',(1.375E0,-4.025E0,-4.175E0));
#5923=LINE('',#5922,#5921);
#5924=DIRECTION('',(1.E0,0.E0,0.E0));
#5925=VECTOR('',#5924,2.5E-1);
#5926=CARTESIAN_POINT('',(1.375E0,-4.025E0,-5.175E0));
#5927=LINE('',#5926,#5925);
#5928=DIRECTION('',(1.E0,0.E0,0.E0));
#5929=VECTOR('',#5928,2.5E-1);
#5930=CARTESIAN_POINT('',(1.375E0,-4.575E0,-5.175E0));
#5931=LINE('',#5930,#5929);
#5932=DIRECTION('',(1.E0,0.E0,0.E0));
#5933=VECTOR('',#5932,2.5E-1);
#5934=CARTESIAN_POINT('',(1.375E0,-4.625E0,-5.125E0));
#5935=LINE('',#5934,#5933);
#5936=DIRECTION('',(1.E0,0.E0,0.E0));
#5937=VECTOR('',#5936,2.5E-1);
#5938=CARTESIAN_POINT('',(1.375E0,-4.625E0,-3.475E0));
#5939=LINE('',#5938,#5937);
#5940=DIRECTION('',(1.E0,0.E0,0.E0));
#5941=VECTOR('',#5940,2.5E-1);
#5942=CARTESIAN_POINT('',(1.375E0,-4.075E0,-2.925E0));
#5943=LINE('',#5942,#5941);
#5944=DIRECTION('',(1.E0,0.E0,0.E0));
#5945=VECTOR('',#5944,2.5E-1);
#5946=CARTESIAN_POINT('',(1.375E0,-3.815E0,-2.925E0));
#5947=LINE('',#5946,#5945);
#5948=DIRECTION('',(1.E0,0.E0,0.E0));
#5949=VECTOR('',#5948,2.5E-1);
#5950=CARTESIAN_POINT('',(1.375E0,4.65E-1,4.776630953573E-1));
#5951=LINE('',#5950,#5949);
#5952=DIRECTION('',(1.E0,0.E0,0.E0));
#5953=VECTOR('',#5952,2.5E-1);
#5954=CARTESIAN_POINT('',(1.375E0,3.694262489690E-1,7.371330530377E-1));
#5955=LINE('',#5954,#5953);
#5956=DIRECTION('',(1.E0,0.E0,0.E0));
#5957=VECTOR('',#5956,2.5E-1);
#5958=CARTESIAN_POINT('',(1.375E0,2.369467188789E-1,8.925662552900E-1));
#5959=LINE('',#5958,#5957);
#5960=DIRECTION('',(1.E0,0.E0,0.E0));
#5961=VECTOR('',#5960,2.5E-1);
#5962=CARTESIAN_POINT('',(1.375E0,2.300164378173E-1,9.468284019881E-1));
#5963=LINE('',#5962,#5961);
#5964=DIRECTION('',(0.E0,-1.E0,0.E0));
#5965=VECTOR('',#5964,2.281887424464E0);
#5966=CARTESIAN_POINT('',(6.25E-1,-1.493112575536E0,-3.925E0));
#5967=LINE('',#5966,#5965);
#5968=DIRECTION('',(-1.E0,0.E0,0.E0));
#5969=VECTOR('',#5968,2.5E-1);
#5970=CARTESIAN_POINT('',(8.75E-1,-3.775E0,-3.925E0));
#5971=LINE('',#5970,#5969);
#5972=DIRECTION('',(0.E0,1.E0,0.E0));
#5973=VECTOR('',#5972,2.281887424464E0);
#5974=CARTESIAN_POINT('',(8.75E-1,-3.775E0,-3.925E0));
#5975=LINE('',#5974,#5973);
#5976=CARTESIAN_POINT('',(1.075E0,-1.493112575536E0,-3.925E0));
#5977=DIRECTION('',(0.E0,0.E0,1.E0));
#5978=DIRECTION('',(-3.420201433257E-1,9.396926207859E-1,0.E0));
#5979=AXIS2_PLACEMENT_3D('',#5976,#5977,#5978);
#5981=DIRECTION('',(-9.396926207859E-1,-3.420201433257E-1,0.E0));
#5982=VECTOR('',#5981,3.429984295206E-1);
#5983=CARTESIAN_POINT('',(1.328909064497E0,-1.187861679354E0,-3.925E0));
#5984=LINE('',#5983,#5982);
#5985=CARTESIAN_POINT('',(1.175E0,-7.65E-1,-3.925E0));
#5986=DIRECTION('',(0.E0,0.E0,-1.E0));
#5987=DIRECTION('',(1.E0,0.E0,0.E0));
#5988=AXIS2_PLACEMENT_3D('',#5985,#5986,#5987);
#5990=CARTESIAN_POINT('',(1.175E0,-7.65E-1,-3.925E0));
#5991=DIRECTION('',(0.E0,0.E0,1.E0));
#5992=DIRECTION('',(3.420201433257E-1,-9.396926207859E-1,0.E0));
#5993=AXIS2_PLACEMENT_3D('',#5990,#5991,#5992);
#5995=DIRECTION('',(9.396926207859E-1,3.420201433257E-1,0.E0));
#5996=VECTOR('',#5995,3.429984295206E-1);
#5997=CARTESIAN_POINT('',(9.210909355034E-1,-1.070250896182E0,-3.925E0));
#5998=LINE('',#5997,#5996);
#5999=CARTESIAN_POINT('',(1.075E0,-1.493112575536E0,-3.925E0));
#6000=DIRECTION('',(0.E0,0.E0,-1.E0));
#6001=DIRECTION('',(-1.E0,0.E0,0.E0));
#6002=AXIS2_PLACEMENT_3D('',#5999,#6000,#6001);
#6004=DIRECTION('',(0.E0,-7.071067811865E-1,-7.071067811865E-1));
#6005=VECTOR('',#6004,7.778174593052E-1);
#6006=CARTESIAN_POINT('',(6.25E-1,-4.075E0,-2.925E0));
#6007=LINE('',#6006,#6005);
#6008=DIRECTION('',(0.E0,0.E0,-1.E0));
#6009=VECTOR('',#6008,1.65E0);
#6010=CARTESIAN_POINT('',(6.25E-1,-4.625E0,-3.475E0));
#6011=LINE('',#6010,#6009);
#6012=DIRECTION('',(0.E0,7.071067811866E-1,-7.071067811865E-1));
#6013=VECTOR('',#6012,7.071067811866E-2);
#6014=CARTESIAN_POINT('',(6.25E-1,-4.625E0,-5.125E0));
#6015=LINE('',#6014,#6013);
#6016=DIRECTION('',(0.E0,1.E0,0.E0));
#6017=VECTOR('',#6016,5.5E-1);
#6018=CARTESIAN_POINT('',(6.25E-1,-4.575E0,-5.175E0));
#6019=LINE('',#6018,#6017);
#6020=DIRECTION('',(0.E0,0.E0,1.E0));
#6021=VECTOR('',#6020,1.E0);
#6022=CARTESIAN_POINT('',(6.25E-1,-4.025E0,-5.175E0));
#6023=LINE('',#6022,#6021);
#6024=DIRECTION('',(0.E0,7.071067811865E-1,7.071067811865E-1));
#6025=VECTOR('',#6024,3.535533905933E-1);
#6026=CARTESIAN_POINT('',(6.25E-1,-4.025E0,-4.175E0));
#6027=LINE('',#6026,#6025);
#6028=DIRECTION('',(0.E0,-1.E0,0.E0));
#6029=VECTOR('',#6028,2.581887424464E0);
#6030=CARTESIAN_POINT('',(8.75E-1,-1.493112575536E0,-2.925E0));
#6031=LINE('',#6030,#6029);
#6032=DIRECTION('',(0.E0,1.E0,0.E0));
#6033=VECTOR('',#6032,2.581887424464E0);
#6034=CARTESIAN_POINT('',(6.25E-1,-4.075E0,-2.925E0));
#6035=LINE('',#6034,#6033);
#6036=CARTESIAN_POINT('',(1.075E0,-1.493112575536E0,-2.925E0));
#6037=DIRECTION('',(0.E0,0.E0,-1.E0));
#6038=DIRECTION('',(-1.E0,0.E0,0.E0));
#6039=AXIS2_PLACEMENT_3D('',#6036,#6037,#6038);
#6041=DIRECTION('',(9.396926207859E-1,3.420201433257E-1,0.E0));
#6042=VECTOR('',#6041,3.429984295206E-1);
#6043=CARTESIAN_POINT('',(9.210909355034E-1,-1.070250896182E0,-2.925E0));
#6044=LINE('',#6043,#6042);
#6045=CARTESIAN_POINT('',(1.175E0,-7.65E-1,-2.925E0));
#6046=DIRECTION('',(0.E0,0.E0,1.E0));
#6047=DIRECTION('',(3.420201433257E-1,-9.396926207859E-1,0.E0));
#6048=AXIS2_PLACEMENT_3D('',#6045,#6046,#6047);
#6050=DIRECTION('',(0.E0,1.E0,0.E0));
#6051=VECTOR('',#6050,5.E-2);
#6052=CARTESIAN_POINT('',(1.375E0,-7.65E-1,-2.925E0));
#6053=LINE('',#6052,#6051);
#6054=DIRECTION('',(0.E0,-1.E0,0.E0));
#6055=VECTOR('',#6054,5.E-2);
#6056=CARTESIAN_POINT('',(1.625E0,-7.15E-1,-2.925E0));
#6057=LINE('',#6056,#6055);
#6058=CARTESIAN_POINT('',(1.175E0,-7.65E-1,-2.925E0));
#6059=DIRECTION('',(0.E0,0.E0,-1.E0));
#6060=DIRECTION('',(1.E0,0.E0,0.E0));
#6061=AXIS2_PLACEMENT_3D('',#6058,#6059,#6060);
#6063=DIRECTION('',(-9.396926207859E-1,-3.420201433257E-1,0.E0));
#6064=VECTOR('',#6063,3.429984295206E-1);
#6065=CARTESIAN_POINT('',(1.328909064497E0,-1.187861679354E0,-2.925E0));
#6066=LINE('',#6065,#6064);
#6067=CARTESIAN_POINT('',(1.075E0,-1.493112575536E0,-2.925E0));
#6068=DIRECTION('',(0.E0,0.E0,1.E0));
#6069=DIRECTION('',(-3.420201433257E-1,9.396926207859E-1,0.E0));
#6070=AXIS2_PLACEMENT_3D('',#6067,#6068,#6069);
#6072=DIRECTION('',(0.E0,7.071067811865E-1,7.071067811865E-1));
#6073=VECTOR('',#6072,3.535533905933E-1);
#6074=CARTESIAN_POINT('',(8.75E-1,-4.025E0,-4.175E0));
#6075=LINE('',#6074,#6073);
#6076=DIRECTION('',(0.E0,0.E0,1.E0));
#6077=VECTOR('',#6076,1.E0);
#6078=CARTESIAN_POINT('',(8.75E-1,-4.025E0,-5.175E0));
#6079=LINE('',#6078,#6077);
#6080=DIRECTION('',(0.E0,1.E0,0.E0));
#6081=VECTOR('',#6080,5.5E-1);
#6082=CARTESIAN_POINT('',(8.75E-1,-4.575E0,-5.175E0));
#6083=LINE('',#6082,#6081);
#6084=DIRECTION('',(0.E0,7.071067811866E-1,-7.071067811865E-1));
#6085=VECTOR('',#6084,7.071067811866E-2);
#6086=CARTESIAN_POINT('',(8.75E-1,-4.625E0,-5.125E0));
#6087=LINE('',#6086,#6085);
#6088=DIRECTION('',(0.E0,0.E0,-1.E0));
#6089=VECTOR('',#6088,1.65E0);
#6090=CARTESIAN_POINT('',(8.75E-1,-4.625E0,-3.475E0));
#6091=LINE('',#6090,#6089);
#6092=DIRECTION('',(0.E0,-7.071067811865E-1,-7.071067811865E-1));
#6093=VECTOR('',#6092,7.778174593052E-1);
#6094=CARTESIAN_POINT('',(8.75E-1,-4.075E0,-2.925E0));
#6095=LINE('',#6094,#6093);
#6096=DIRECTION('',(0.E0,0.E0,-1.E0));
#6097=VECTOR('',#6096,1.E0);
#6098=CARTESIAN_POINT('',(8.75E-1,-1.493112575536E0,-2.925E0));
#6099=LINE('',#6098,#6097);
#6100=DIRECTION('',(-1.E0,0.E0,0.E0));
#6101=VECTOR('',#6100,2.5E-1);
#6102=CARTESIAN_POINT('',(8.75E-1,-4.025E0,-4.175E0));
#6103=LINE('',#6102,#6101);
#6104=DIRECTION('',(-1.E0,0.E0,0.E0));
#6105=VECTOR('',#6104,2.5E-1);
#6106=CARTESIAN_POINT('',(8.75E-1,-4.025E0,-5.175E0));
#6107=LINE('',#6106,#6105);
#6108=DIRECTION('',(-1.E0,0.E0,0.E0));
#6109=VECTOR('',#6108,2.5E-1);
#6110=CARTESIAN_POINT('',(8.75E-1,-4.575E0,-5.175E0));
#6111=LINE('',#6110,#6109);
#6112=DIRECTION('',(-1.E0,0.E0,0.E0));
#6113=VECTOR('',#6112,2.5E-1);
#6114=CARTESIAN_POINT('',(8.75E-1,-4.625E0,-5.125E0));
#6115=LINE('',#6114,#6113);
#6116=DIRECTION('',(-1.E0,0.E0,0.E0));
#6117=VECTOR('',#6116,2.5E-1);
#6118=CARTESIAN_POINT('',(8.75E-1,-4.625E0,-3.475E0));
#6119=LINE('',#6118,#6117);
#6120=DIRECTION('',(-1.E0,0.E0,0.E0));
#6121=VECTOR('',#6120,2.5E-1);
#6122=CARTESIAN_POINT('',(8.75E-1,-4.075E0,-2.925E0));
#6123=LINE('',#6122,#6121);
#6124=DIRECTION('',(0.E0,0.E0,-1.E0));
#6125=VECTOR('',#6124,1.E0);
#6126=CARTESIAN_POINT('',(1.006595971335E0,-1.305174051379E0,-2.925E0));
#6127=LINE('',#6126,#6125);
#6128=DIRECTION('',(0.E0,0.E0,-1.E0));
#6129=VECTOR('',#6128,1.E0);
#6130=CARTESIAN_POINT('',(1.328909064497E0,-1.187861679354E0,-2.925E0));
#6131=LINE('',#6130,#6129);
#6132=DIRECTION('',(0.E0,0.E0,-1.E0));
#6133=VECTOR('',#6132,1.E0);
#6134=CARTESIAN_POINT('',(1.625E0,-7.65E-1,-2.925E0));
#6135=LINE('',#6134,#6133);
#6136=DIRECTION('',(0.E0,0.E0,-1.E0));
#6137=VECTOR('',#6136,1.E0);
#6138=CARTESIAN_POINT('',(6.25E-1,-1.493112575536E0,-2.925E0));
#6139=LINE('',#6138,#6137);
#6140=DIRECTION('',(0.E0,0.E0,-1.E0));
#6141=VECTOR('',#6140,1.E0);
#6142=CARTESIAN_POINT('',(9.210909355034E-1,-1.070250896182E0,-2.925E0));
#6143=LINE('',#6142,#6141);
#6144=DIRECTION('',(0.E0,0.E0,-1.E0));
#6145=VECTOR('',#6144,1.E0);
#6146=CARTESIAN_POINT('',(1.243404028665E0,-9.529385241572E-1,-2.925E0));
#6147=LINE('',#6146,#6145);
#6148=DIRECTION('',(1.E0,0.E0,0.E0));
#6149=VECTOR('',#6148,2.5E-1);
#6150=CARTESIAN_POINT('',(1.375E0,-7.15E-1,-2.925E0));
#6151=LINE('',#6150,#6149);
#6152=DIRECTION('',(1.E0,0.E0,0.E0));
#6153=VECTOR('',#6152,2.5E-1);
#6154=CARTESIAN_POINT('',(2.875E0,-1.855E0,-4.025E0));
#6155=LINE('',#6154,#6153);
#6156=DIRECTION('',(1.E0,0.E0,0.E0));
#6157=VECTOR('',#6156,2.5E-1);
#6158=CARTESIAN_POINT('',(2.875E0,-2.255E0,-4.025E0));
#6159=LINE('',#6158,#6157);
#6160=DIRECTION('',(1.E0,0.E0,0.E0));
#6161=VECTOR('',#6160,2.5E-1);
#6162=CARTESIAN_POINT('',(2.875E0,-2.255E0,-3.925E0));
#6163=LINE('',#6162,#6161);
#6164=DIRECTION('',(1.E0,0.E0,0.E0));
#6165=VECTOR('',#6164,2.5E-1);
#6166=CARTESIAN_POINT('',(2.875E0,-3.775E0,-3.925E0));
#6167=LINE('',#6166,#6165);
#6168=DIRECTION('',(1.E0,0.E0,0.E0));
#6169=VECTOR('',#6168,2.5E-1);
#6170=CARTESIAN_POINT('',(2.875E0,-4.025E0,-4.175E0));
#6171=LINE('',#6170,#6169);
#6172=DIRECTION('',(1.E0,0.E0,0.E0));
#6173=VECTOR('',#6172,2.5E-1);
#6174=CARTESIAN_POINT('',(2.875E0,-4.025E0,-5.175E0));
#6175=LINE('',#6174,#6173);
#6176=DIRECTION('',(1.E0,0.E0,0.E0));
#6177=VECTOR('',#6176,2.5E-1);
#6178=CARTESIAN_POINT('',(2.875E0,-4.575E0,-5.175E0));
#6179=LINE('',#6178,#6177);
#6180=DIRECTION('',(1.E0,0.E0,0.E0));
#6181=VECTOR('',#6180,2.5E-1);
#6182=CARTESIAN_POINT('',(2.875E0,-4.625E0,-5.125E0));
#6183=LINE('',#6182,#6181);
#6184=DIRECTION('',(1.E0,0.E0,0.E0));
#6185=VECTOR('',#6184,2.5E-1);
#6186=CARTESIAN_POINT('',(2.875E0,-4.625E0,-3.475E0));
#6187=LINE('',#6186,#6185);
#6188=DIRECTION('',(1.E0,0.E0,0.E0));
#6189=VECTOR('',#6188,2.5E-1);
#6190=CARTESIAN_POINT('',(2.875E0,-4.075E0,-2.925E0));
#6191=LINE('',#6190,#6189);
#6192=DIRECTION('',(1.E0,0.E0,0.E0));
#6193=VECTOR('',#6192,2.5E-1);
#6194=CARTESIAN_POINT('',(2.875E0,-3.815E0,-2.925E0));
#6195=LINE('',#6194,#6193);
#6196=CARTESIAN_POINT('',(3.125E0,-3.615E0,1.455E0));
#6197=DIRECTION('',(1.E0,0.E0,0.E0));
#6198=DIRECTION('',(0.E0,8.481437498597E-1,5.297661555572E-1));
#6199=AXIS2_PLACEMENT_3D('',#6196,#6197,#6198);
#6201=DIRECTION('',(0.E0,-5.297661555572E-1,8.481437498598E-1));
#6202=VECTOR('',#6201,6.561249880930E-1);
#6203=CARTESIAN_POINT('',(3.125E0,-3.182592812507E0,9.514883077779E-1));
#6204=LINE('',#6203,#6202);
#6205=CARTESIAN_POINT('',(3.125E0,-3.225E0,9.25E-1));
#6206=DIRECTION('',(1.E0,0.E0,0.E0));
#6207=DIRECTION('',(0.E0,8.996712436539E-1,-4.365680397628E-1));
#6208=AXIS2_PLACEMENT_3D('',#6205,#6206,#6207);
#6210=DIRECTION('',(0.E0,4.365680397628E-1,8.996712436539E-1));
#6211=VECTOR('',#6210,3.091924966748E-1);
#6212=CARTESIAN_POINT('',(3.125E0,-3.315E0,6.25E-1));
#6213=LINE('',#6212,#6211);
#6214=DIRECTION('',(0.E0,0.E0,1.E0));
#6215=VECTOR('',#6214,1.24E0);
#6216=CARTESIAN_POINT('',(3.125E0,-3.315E0,-6.15E-1));
#6217=LINE('',#6216,#6215);
#6218=DIRECTION('',(0.E0,-5.623100214073E-1,8.269265020695E-1));
#6219=VECTOR('',#6218,3.023243291566E-1);
#6220=CARTESIAN_POINT('',(3.125E0,-3.145E0,-8.65E-1));
#6221=LINE('',#6220,#6219);
#6222=DIRECTION('',(0.E0,0.E0,1.E0));
#6223=VECTOR('',#6222,1.1E-1);
#6224=CARTESIAN_POINT('',(3.125E0,-3.145E0,-9.75E-1));
#6225=LINE('',#6224,#6223);
#6226=DIRECTION('',(0.E0,0.E0,-1.E0));
#6227=VECTOR('',#6226,1.219329762024E0);
#6228=CARTESIAN_POINT('',(3.125E0,-2.235E0,4.776630953573E-1));
#6229=LINE('',#6228,#6227);
#6230=CARTESIAN_POINT('',(3.125E0,-2.635E0,4.776630953573E-1));
#6231=DIRECTION('',(-1.E0,0.E0,0.E0));
#6232=DIRECTION('',(0.E0,7.610656224226E-1,6.486748942009E-1));
#6233=AXIS2_PLACEMENT_3D('',#6230,#6231,#6232);
#6235=DIRECTION('',(0.E0,6.486748942009E-1,-7.610656224226E-1));
#6236=VECTOR('',#6235,2.042310119823E-1);
#6237=CARTESIAN_POINT('',(3.125E0,-2.463053281121E0,8.925662552900E-1));
#6238=LINE('',#6237,#6236);
#6239=CARTESIAN_POINT('',(3.125E0,-2.425E0,9.25E-1));
#6240=DIRECTION('',(1.E0,0.E0,0.E0));
#6241=DIRECTION('',(0.E0,-8.996712436539E-1,4.365680397628E-1));
#6242=AXIS2_PLACEMENT_3D('',#6239,#6240,#6241);
#6244=DIRECTION('',(0.E0,-4.365680397628E-1,-8.996712436539E-1));
#6245=VECTOR('',#6244,5.611578032964E-1);
#6246=CARTESIAN_POINT('',(3.125E0,-2.225E0,1.451685940766E0));
#6247=LINE('',#6246,#6245);
#6248=CARTESIAN_POINT('',(3.125E0,-9.15E-1,1.455E0));
#6249=DIRECTION('',(1.E0,0.E0,0.E0));
#6250=DIRECTION('',(0.E0,8.481437498598E-1,5.297661555572E-1));
#6251=AXIS2_PLACEMENT_3D('',#6248,#6249,#6250);
#6253=DIRECTION('',(0.E0,-5.297661555572E-1,8.481437498598E-1));
#6254=VECTOR('',#6253,6.561249880930E-1);
#6255=CARTESIAN_POINT('',(3.125E0,-4.825928125070E-1,9.514883077779E-1));
#6256=LINE('',#6255,#6254);
#6257=CARTESIAN_POINT('',(3.125E0,-5.25E-1,9.25E-1));
#6258=DIRECTION('',(1.E0,0.E0,0.E0));
#6259=DIRECTION('',(0.E0,8.996712436539E-1,-4.365680397627E-1));
#6260=AXIS2_PLACEMENT_3D('',#6257,#6258,#6259);
#6262=DIRECTION('',(0.E0,4.365680397627E-1,8.996712436539E-1));
#6263=VECTOR('',#6262,3.091924966748E-1);
#6264=CARTESIAN_POINT('',(3.125E0,-6.15E-1,6.25E-1));
#6265=LINE('',#6264,#6263);
#6266=DIRECTION('',(0.E0,0.E0,1.E0));
#6267=VECTOR('',#6266,1.24E0);
#6268=CARTESIAN_POINT('',(3.125E0,-6.15E-1,-6.149999999999E-1));
#6269=LINE('',#6268,#6267);
#6270=DIRECTION('',(0.E0,-5.623100214072E-1,8.269265020696E-1));
#6271=VECTOR('',#6270,3.023243291566E-1);
#6272=CARTESIAN_POINT('',(3.125E0,-4.45E-1,-8.649999999999E-1));
#6273=LINE('',#6272,#6271);
#6274=DIRECTION('',(0.E0,0.E0,1.E0));
#6275=VECTOR('',#6274,1.100000000001E-1);
#6276=CARTESIAN_POINT('',(3.125E0,-4.45E-1,-9.75E-1));
#6277=LINE('',#6276,#6275);
#6278=DIRECTION('',(0.E0,0.E0,1.E0));
#6279=VECTOR('',#6278,1.15E0);
#6280=CARTESIAN_POINT('',(3.125E0,-1.855E0,-4.025E0));
#6281=LINE('',#6280,#6279);
#6282=DIRECTION('',(0.E0,1.E0,0.E0));
#6283=VECTOR('',#6282,4.E-1);
#6284=CARTESIAN_POINT('',(3.125E0,-2.255E0,-4.025E0));
#6285=LINE('',#6284,#6283);
#6286=DIRECTION('',(0.E0,0.E0,-1.E0));
#6287=VECTOR('',#6286,1.E-1);
#6288=CARTESIAN_POINT('',(3.125E0,-2.255E0,-3.925E0));
#6289=LINE('',#6288,#6287);
#6290=DIRECTION('',(0.E0,1.E0,0.E0));
#6291=VECTOR('',#6290,1.52E0);
#6292=CARTESIAN_POINT('',(3.125E0,-3.775E0,-3.925E0));
#6293=LINE('',#6292,#6291);
#6294=DIRECTION('',(0.E0,7.071067811865E-1,7.071067811865E-1));
#6295=VECTOR('',#6294,3.535533905933E-1);
#6296=CARTESIAN_POINT('',(3.125E0,-4.025E0,-4.175E0));
#6297=LINE('',#6296,#6295);
#6298=DIRECTION('',(0.E0,0.E0,1.E0));
#6299=VECTOR('',#6298,1.E0);
#6300=CARTESIAN_POINT('',(3.125E0,-4.025E0,-5.175E0));
#6301=LINE('',#6300,#6299);
#6302=DIRECTION('',(0.E0,1.E0,0.E0));
#6303=VECTOR('',#6302,5.5E-1);
#6304=CARTESIAN_POINT('',(3.125E0,-4.575E0,-5.175E0));
#6305=LINE('',#6304,#6303);
#6306=DIRECTION('',(0.E0,7.071067811866E-1,-7.071067811865E-1));
#6307=VECTOR('',#6306,7.071067811866E-2);
#6308=CARTESIAN_POINT('',(3.125E0,-4.625E0,-5.125E0));
#6309=LINE('',#6308,#6307);
#6310=DIRECTION('',(0.E0,0.E0,-1.E0));
#6311=VECTOR('',#6310,1.65E0);
#6312=CARTESIAN_POINT('',(3.125E0,-4.625E0,-3.475E0));
#6313=LINE('',#6312,#6311);
#6314=DIRECTION('',(0.E0,-7.071067811865E-1,-7.071067811865E-1));
#6315=VECTOR('',#6314,7.778174593052E-1);
#6316=CARTESIAN_POINT('',(3.125E0,-4.075E0,-2.925E0));
#6317=LINE('',#6316,#6315);
#6318=DIRECTION('',(0.E0,-1.E0,0.E0));
#6319=VECTOR('',#6318,2.6E-1);
#6320=CARTESIAN_POINT('',(3.125E0,-3.815E0,-2.925E0));
#6321=LINE('',#6320,#6319);
#6322=CARTESIAN_POINT('',(3.125E0,-3.815E0,-2.825E0));
#6323=DIRECTION('',(-1.E0,0.E0,0.E0));
#6324=DIRECTION('',(0.E0,8.660254037844E-1,-5.E-1));
#6325=AXIS2_PLACEMENT_3D('',#6322,#6323,#6324);
#6327=DIRECTION('',(0.E0,0.E0,-1.E0));
#6328=VECTOR('',#6327,1.219329762024E0);
#6329=CARTESIAN_POINT('',(3.125E0,4.65E-1,4.776630953573E-1));
#6330=LINE('',#6329,#6328);
#6331=CARTESIAN_POINT('',(3.125E0,6.5E-2,4.776630953573E-1));
#6332=DIRECTION('',(-1.E0,0.E0,0.E0));
#6333=DIRECTION('',(0.E0,7.610656224225E-1,6.486748942010E-1));
#6334=AXIS2_PLACEMENT_3D('',#6331,#6332,#6333);
#6336=DIRECTION('',(0.E0,6.486748942010E-1,-7.610656224225E-1));
#6337=VECTOR('',#6336,2.042310119823E-1);
#6338=CARTESIAN_POINT('',(3.125E0,2.369467188789E-1,8.925662552900E-1));
#6339=LINE('',#6338,#6337);
#6340=CARTESIAN_POINT('',(3.125E0,2.75E-1,9.25E-1));
#6341=DIRECTION('',(1.E0,0.E0,0.E0));
#6342=DIRECTION('',(0.E0,-8.996712436539E-1,4.365680397627E-1));
#6343=AXIS2_PLACEMENT_3D('',#6340,#6341,#6342);
#6345=DIRECTION('',(0.E0,-4.365680397628E-1,-8.996712436539E-1));
#6346=VECTOR('',#6345,5.611578032964E-1);
#6347=CARTESIAN_POINT('',(3.125E0,4.75E-1,1.451685940766E0));
#6348=LINE('',#6347,#6346);
#6349=DIRECTION('',(0.E0,-1.E0,0.E0));
#6350=VECTOR('',#6349,1.E-1);
#6351=CARTESIAN_POINT('',(3.125E0,-6.65E-1,-3.925E0));
#6352=LINE('',#6351,#6350);
#6353=DIRECTION('',(0.E0,0.E0,-1.E0));
#6354=VECTOR('',#6353,5.E-2);
#6355=CARTESIAN_POINT('',(3.125E0,-7.15E-1,-2.875E0));
#6356=LINE('',#6355,#6354);
#6357=DIRECTION('',(1.E0,0.E0,0.E0));
#6358=VECTOR('',#6357,2.5E-1);
#6359=CARTESIAN_POINT('',(2.875E0,-3.530185625014E0,1.507976615556E0));
#6360=LINE('',#6359,#6358);
#6361=DIRECTION('',(1.E0,0.E0,0.E0));
#6362=VECTOR('',#6361,2.5E-1);
#6363=CARTESIAN_POINT('',(2.875E0,-3.182592812507E0,9.514883077779E-1));
#6364=LINE('',#6363,#6362);
#6365=DIRECTION('',(1.E0,0.E0,0.E0));
#6366=VECTOR('',#6365,2.5E-1);
#6367=CARTESIAN_POINT('',(2.875E0,-3.180016437817E0,9.031715980119E-1));
#6368=LINE('',#6367,#6366);
#6369=DIRECTION('',(1.E0,0.E0,0.E0));
#6370=VECTOR('',#6369,2.5E-1);
#6371=CARTESIAN_POINT('',(2.875E0,-3.315E0,6.25E-1));
#6372=LINE('',#6371,#6370);
#6373=DIRECTION('',(1.E0,0.E0,0.E0));
#6374=VECTOR('',#6373,2.5E-1);
#6375=CARTESIAN_POINT('',(2.875E0,-3.315E0,-6.15E-1));
#6376=LINE('',#6375,#6374);
#6377=DIRECTION('',(1.E0,0.E0,0.E0));
#6378=VECTOR('',#6377,2.5E-1);
#6379=CARTESIAN_POINT('',(2.875E0,-3.145E0,-8.65E-1));
#6380=LINE('',#6379,#6378);
#6381=DIRECTION('',(1.E0,0.E0,0.E0));
#6382=VECTOR('',#6381,2.5E-1);
#6383=CARTESIAN_POINT('',(2.875E0,-2.235E0,4.776630953573E-1));
#6384=LINE('',#6383,#6382);
#6385=DIRECTION('',(1.E0,0.E0,0.E0));
#6386=VECTOR('',#6385,2.5E-1);
#6387=CARTESIAN_POINT('',(2.875E0,-2.330573751031E0,7.371330530377E-1));
#6388=LINE('',#6387,#6386);
#6389=DIRECTION('',(1.E0,0.E0,0.E0));
#6390=VECTOR('',#6389,2.5E-1);
#6391=CARTESIAN_POINT('',(2.875E0,-2.463053281121E0,8.925662552900E-1));
#6392=LINE('',#6391,#6390);
#6393=DIRECTION('',(1.E0,0.E0,0.E0));
#6394=VECTOR('',#6393,2.5E-1);
#6395=CARTESIAN_POINT('',(2.875E0,-2.469983562183E0,9.468284019881E-1));
#6396=LINE('',#6395,#6394);
#6397=DIRECTION('',(1.E0,0.E0,0.E0));
#6398=VECTOR('',#6397,2.5E-1);
#6399=CARTESIAN_POINT('',(2.875E0,-8.301856250140E-1,1.507976615556E0));
#6400=LINE('',#6399,#6398);
#6401=DIRECTION('',(1.E0,0.E0,0.E0));
#6402=VECTOR('',#6401,2.5E-1);
#6403=CARTESIAN_POINT('',(2.875E0,-4.825928125070E-1,9.514883077779E-1));
#6404=LINE('',#6403,#6402);
#6405=DIRECTION('',(1.E0,0.E0,0.E0));
#6406=VECTOR('',#6405,2.5E-1);
#6407=CARTESIAN_POINT('',(2.875E0,-4.800164378173E-1,9.031715980119E-1));
#6408=LINE('',#6407,#6406);
#6409=DIRECTION('',(1.E0,0.E0,0.E0));
#6410=VECTOR('',#6409,2.5E-1);
#6411=CARTESIAN_POINT('',(2.875E0,-6.15E-1,6.25E-1));
#6412=LINE('',#6411,#6410);
#6413=DIRECTION('',(1.E0,0.E0,0.E0));
#6414=VECTOR('',#6413,2.5E-1);
#6415=CARTESIAN_POINT('',(2.875E0,-6.15E-1,-6.149999999999E-1));
#6416=LINE('',#6415,#6414);
#6417=DIRECTION('',(1.E0,0.E0,0.E0));
#6418=VECTOR('',#6417,2.5E-1);
#6419=CARTESIAN_POINT('',(2.875E0,-4.45E-1,-8.649999999999E-1));
#6420=LINE('',#6419,#6418);
#6421=DIRECTION('',(1.E0,0.E0,0.E0));
#6422=VECTOR('',#6421,2.5E-1);
#6423=CARTESIAN_POINT('',(2.875E0,4.65E-1,4.776630953573E-1));
#6424=LINE('',#6423,#6422);
#6425=DIRECTION('',(1.E0,0.E0,0.E0));
#6426=VECTOR('',#6425,2.5E-1);
#6427=CARTESIAN_POINT('',(2.875E0,3.694262489690E-1,7.371330530377E-1));
#6428=LINE('',#6427,#6426);
#6429=DIRECTION('',(1.E0,0.E0,0.E0));
#6430=VECTOR('',#6429,2.5E-1);
#6431=CARTESIAN_POINT('',(2.875E0,2.369467188789E-1,8.925662552900E-1));
#6432=LINE('',#6431,#6430);
#6433=DIRECTION('',(1.E0,0.E0,0.E0));
#6434=VECTOR('',#6433,2.5E-1);
#6435=CARTESIAN_POINT('',(2.875E0,2.300164378173E-1,9.468284019881E-1));
#6436=LINE('',#6435,#6434);
#6437=DIRECTION('',(0.E0,-1.E0,0.E0));
#6438=VECTOR('',#6437,2.281887424464E0);
#6439=CARTESIAN_POINT('',(2.125E0,-1.493112575536E0,-3.925E0));
#6440=LINE('',#6439,#6438);
#6441=DIRECTION('',(-1.E0,0.E0,0.E0));
#6442=VECTOR('',#6441,2.5E-1);
#6443=CARTESIAN_POINT('',(2.375E0,-3.775E0,-3.925E0));
#6444=LINE('',#6443,#6442);
#6445=DIRECTION('',(0.E0,1.E0,0.E0));
#6446=VECTOR('',#6445,2.281887424464E0);
#6447=CARTESIAN_POINT('',(2.375E0,-3.775E0,-3.925E0));
#6448=LINE('',#6447,#6446);
#6449=CARTESIAN_POINT('',(2.575E0,-1.493112575536E0,-3.925E0));
#6450=DIRECTION('',(0.E0,0.E0,1.E0));
#6451=DIRECTION('',(-3.420201433257E-1,9.396926207859E-1,0.E0));
#6452=AXIS2_PLACEMENT_3D('',#6449,#6450,#6451);
#6454=DIRECTION('',(-9.396926207859E-1,-3.420201433257E-1,0.E0));
#6455=VECTOR('',#6454,3.429984295206E-1);
#6456=CARTESIAN_POINT('',(2.828909064497E0,-1.187861679354E0,-3.925E0));
#6457=LINE('',#6456,#6455);
#6458=CARTESIAN_POINT('',(2.675E0,-7.65E-1,-3.925E0));
#6459=DIRECTION('',(0.E0,0.E0,-1.E0));
#6460=DIRECTION('',(1.E0,0.E0,0.E0));
#6461=AXIS2_PLACEMENT_3D('',#6458,#6459,#6460);
#6463=CARTESIAN_POINT('',(2.675E0,-7.65E-1,-3.925E0));
#6464=DIRECTION('',(0.E0,0.E0,1.E0));
#6465=DIRECTION('',(3.420201433257E-1,-9.396926207859E-1,0.E0));
#6466=AXIS2_PLACEMENT_3D('',#6463,#6464,#6465);
#6468=DIRECTION('',(9.396926207859E-1,3.420201433257E-1,0.E0));
#6469=VECTOR('',#6468,3.429984295206E-1);
#6470=CARTESIAN_POINT('',(2.421090935503E0,-1.070250896182E0,-3.925E0));
#6471=LINE('',#6470,#6469);
#6472=CARTESIAN_POINT('',(2.575E0,-1.493112575536E0,-3.925E0));
#6473=DIRECTION('',(0.E0,0.E0,-1.E0));
#6474=DIRECTION('',(-1.E0,0.E0,0.E0));
#6475=AXIS2_PLACEMENT_3D('',#6472,#6473,#6474);
#6477=DIRECTION('',(0.E0,-7.071067811865E-1,-7.071067811865E-1));
#6478=VECTOR('',#6477,7.778174593052E-1);
#6479=CARTESIAN_POINT('',(2.125E0,-4.075E0,-2.925E0));
#6480=LINE('',#6479,#6478);
#6481=DIRECTION('',(0.E0,0.E0,-1.E0));
#6482=VECTOR('',#6481,1.65E0);
#6483=CARTESIAN_POINT('',(2.125E0,-4.625E0,-3.475E0));
#6484=LINE('',#6483,#6482);
#6485=DIRECTION('',(0.E0,7.071067811866E-1,-7.071067811865E-1));
#6486=VECTOR('',#6485,7.071067811866E-2);
#6487=CARTESIAN_POINT('',(2.125E0,-4.625E0,-5.125E0));
#6488=LINE('',#6487,#6486);
#6489=DIRECTION('',(0.E0,1.E0,0.E0));
#6490=VECTOR('',#6489,5.5E-1);
#6491=CARTESIAN_POINT('',(2.125E0,-4.575E0,-5.175E0));
#6492=LINE('',#6491,#6490);
#6493=DIRECTION('',(0.E0,0.E0,1.E0));
#6494=VECTOR('',#6493,1.E0);
#6495=CARTESIAN_POINT('',(2.125E0,-4.025E0,-5.175E0));
#6496=LINE('',#6495,#6494);
#6497=DIRECTION('',(0.E0,7.071067811865E-1,7.071067811865E-1));
#6498=VECTOR('',#6497,3.535533905933E-1);
#6499=CARTESIAN_POINT('',(2.125E0,-4.025E0,-4.175E0));
#6500=LINE('',#6499,#6498);
#6501=DIRECTION('',(0.E0,-1.E0,0.E0));
#6502=VECTOR('',#6501,2.581887424464E0);
#6503=CARTESIAN_POINT('',(2.375E0,-1.493112575536E0,-2.925E0));
#6504=LINE('',#6503,#6502);
#6505=DIRECTION('',(0.E0,1.E0,0.E0));
#6506=VECTOR('',#6505,2.581887424464E0);
#6507=CARTESIAN_POINT('',(2.125E0,-4.075E0,-2.925E0));
#6508=LINE('',#6507,#6506);
#6509=CARTESIAN_POINT('',(2.575E0,-1.493112575536E0,-2.925E0));
#6510=DIRECTION('',(0.E0,0.E0,-1.E0));
#6511=DIRECTION('',(-1.E0,0.E0,0.E0));
#6512=AXIS2_PLACEMENT_3D('',#6509,#6510,#6511);
#6514=DIRECTION('',(9.396926207859E-1,3.420201433257E-1,0.E0));
#6515=VECTOR('',#6514,3.429984295206E-1);
#6516=CARTESIAN_POINT('',(2.421090935503E0,-1.070250896182E0,-2.925E0));
#6517=LINE('',#6516,#6515);
#6518=CARTESIAN_POINT('',(2.675E0,-7.65E-1,-2.925E0));
#6519=DIRECTION('',(0.E0,0.E0,1.E0));
#6520=DIRECTION('',(3.420201433257E-1,-9.396926207859E-1,0.E0));
#6521=AXIS2_PLACEMENT_3D('',#6518,#6519,#6520);
#6523=DIRECTION('',(0.E0,1.E0,0.E0));
#6524=VECTOR('',#6523,5.E-2);
#6525=CARTESIAN_POINT('',(2.875E0,-7.65E-1,-2.925E0));
#6526=LINE('',#6525,#6524);
#6527=DIRECTION('',(0.E0,-1.E0,0.E0));
#6528=VECTOR('',#6527,5.E-2);
#6529=CARTESIAN_POINT('',(3.125E0,-7.15E-1,-2.925E0));
#6530=LINE('',#6529,#6528);
#6531=CARTESIAN_POINT('',(2.675E0,-7.65E-1,-2.925E0));
#6532=DIRECTION('',(0.E0,0.E0,-1.E0));
#6533=DIRECTION('',(1.E0,0.E0,0.E0));
#6534=AXIS2_PLACEMENT_3D('',#6531,#6532,#6533);
#6536=DIRECTION('',(-9.396926207859E-1,-3.420201433257E-1,0.E0));
#6537=VECTOR('',#6536,3.429984295206E-1);
#6538=CARTESIAN_POINT('',(2.828909064497E0,-1.187861679354E0,-2.925E0));
#6539=LINE('',#6538,#6537);
#6540=CARTESIAN_POINT('',(2.575E0,-1.493112575536E0,-2.925E0));
#6541=DIRECTION('',(0.E0,0.E0,1.E0));
#6542=DIRECTION('',(-3.420201433257E-1,9.396926207859E-1,0.E0));
#6543=AXIS2_PLACEMENT_3D('',#6540,#6541,#6542);
#6545=DIRECTION('',(0.E0,7.071067811865E-1,7.071067811865E-1));
#6546=VECTOR('',#6545,3.535533905933E-1);
#6547=CARTESIAN_POINT('',(2.375E0,-4.025E0,-4.175E0));
#6548=LINE('',#6547,#6546);
#6549=DIRECTION('',(0.E0,0.E0,1.E0));
#6550=VECTOR('',#6549,1.E0);
#6551=CARTESIAN_POINT('',(2.375E0,-4.025E0,-5.175E0));
#6552=LINE('',#6551,#6550);
#6553=DIRECTION('',(0.E0,1.E0,0.E0));
#6554=VECTOR('',#6553,5.5E-1);
#6555=CARTESIAN_POINT('',(2.375E0,-4.575E0,-5.175E0));
#6556=LINE('',#6555,#6554);
#6557=DIRECTION('',(0.E0,7.071067811866E-1,-7.071067811865E-1));
#6558=VECTOR('',#6557,7.071067811866E-2);
#6559=CARTESIAN_POINT('',(2.375E0,-4.625E0,-5.125E0));
#6560=LINE('',#6559,#6558);
#6561=DIRECTION('',(0.E0,0.E0,-1.E0));
#6562=VECTOR('',#6561,1.65E0);
#6563=CARTESIAN_POINT('',(2.375E0,-4.625E0,-3.475E0));
#6564=LINE('',#6563,#6562);
#6565=DIRECTION('',(0.E0,-7.071067811865E-1,-7.071067811865E-1));
#6566=VECTOR('',#6565,7.778174593052E-1);
#6567=CARTESIAN_POINT('',(2.375E0,-4.075E0,-2.925E0));
#6568=LINE('',#6567,#6566);
#6569=DIRECTION('',(0.E0,0.E0,-1.E0));
#6570=VECTOR('',#6569,1.E0);
#6571=CARTESIAN_POINT('',(2.375E0,-1.493112575536E0,-2.925E0));
#6572=LINE('',#6571,#6570);
#6573=DIRECTION('',(-1.E0,0.E0,0.E0));
#6574=VECTOR('',#6573,2.5E-1);
#6575=CARTESIAN_POINT('',(2.375E0,-4.025E0,-4.175E0));
#6576=LINE('',#6575,#6574);
#6577=DIRECTION('',(-1.E0,0.E0,0.E0));
#6578=VECTOR('',#6577,2.5E-1);
#6579=CARTESIAN_POINT('',(2.375E0,-4.025E0,-5.175E0));
#6580=LINE('',#6579,#6578);
#6581=DIRECTION('',(-1.E0,0.E0,0.E0));
#6582=VECTOR('',#6581,2.5E-1);
#6583=CARTESIAN_POINT('',(2.375E0,-4.575E0,-5.175E0));
#6584=LINE('',#6583,#6582);
#6585=DIRECTION('',(-1.E0,0.E0,0.E0));
#6586=VECTOR('',#6585,2.5E-1);
#6587=CARTESIAN_POINT('',(2.375E0,-4.625E0,-5.125E0));
#6588=LINE('',#6587,#6586);
#6589=DIRECTION('',(-1.E0,0.E0,0.E0));
#6590=VECTOR('',#6589,2.5E-1);
#6591=CARTESIAN_POINT('',(2.375E0,-4.625E0,-3.475E0));
#6592=LINE('',#6591,#6590);
#6593=DIRECTION('',(-1.E0,0.E0,0.E0));
#6594=VECTOR('',#6593,2.5E-1);
#6595=CARTESIAN_POINT('',(2.375E0,-4.075E0,-2.925E0));
#6596=LINE('',#6595,#6594);
#6597=DIRECTION('',(0.E0,0.E0,-1.E0));
#6598=VECTOR('',#6597,1.E0);
#6599=CARTESIAN_POINT('',(2.506595971335E0,-1.305174051379E0,-2.925E0));
#6600=LINE('',#6599,#6598);
#6601=DIRECTION('',(0.E0,0.E0,-1.E0));
#6602=VECTOR('',#6601,1.E0);
#6603=CARTESIAN_POINT('',(2.828909064497E0,-1.187861679354E0,-2.925E0));
#6604=LINE('',#6603,#6602);
#6605=DIRECTION('',(0.E0,0.E0,-1.E0));
#6606=VECTOR('',#6605,1.E0);
#6607=CARTESIAN_POINT('',(3.125E0,-7.65E-1,-2.925E0));
#6608=LINE('',#6607,#6606);
#6609=DIRECTION('',(0.E0,0.E0,-1.E0));
#6610=VECTOR('',#6609,1.E0);
#6611=CARTESIAN_POINT('',(2.125E0,-1.493112575536E0,-2.925E0));
#6612=LINE('',#6611,#6610);
#6613=DIRECTION('',(0.E0,0.E0,-1.E0));
#6614=VECTOR('',#6613,1.E0);
#6615=CARTESIAN_POINT('',(2.421090935503E0,-1.070250896182E0,-2.925E0));
#6616=LINE('',#6615,#6614);
#6617=DIRECTION('',(0.E0,0.E0,-1.E0));
#6618=VECTOR('',#6617,1.E0);
#6619=CARTESIAN_POINT('',(2.743404028665E0,-9.529385241572E-1,-2.925E0));
#6620=LINE('',#6619,#6618);
#6621=DIRECTION('',(1.E0,0.E0,0.E0));
#6622=VECTOR('',#6621,2.5E-1);
#6623=CARTESIAN_POINT('',(2.875E0,-7.15E-1,-2.925E0));
#6624=LINE('',#6623,#6622);
#6625=DIRECTION('',(1.E0,0.E0,0.E0));
#6626=VECTOR('',#6625,2.5E-1);
#6627=CARTESIAN_POINT('',(-1.25E-1,-7.15E-1,-2.925E0));
#6628=LINE('',#6627,#6626);
#6629=DIRECTION('',(0.E0,-1.E0,0.E0));
#6630=VECTOR('',#6629,2.581887424464E0);
#6631=CARTESIAN_POINT('',(-6.25E-1,-1.493112575536E0,-2.925E0));
#6632=LINE('',#6631,#6630);
#6633=DIRECTION('',(0.E0,1.E0,0.E0));
#6634=VECTOR('',#6633,2.581887424464E0);
#6635=CARTESIAN_POINT('',(-8.75E-1,-4.075E0,-2.925E0));
#6636=LINE('',#6635,#6634);
#6637=CARTESIAN_POINT('',(-4.25E-1,-1.493112575536E0,-2.925E0));
#6638=DIRECTION('',(0.E0,0.E0,-1.E0));
#6639=DIRECTION('',(-1.E0,0.E0,0.E0));
#6640=AXIS2_PLACEMENT_3D('',#6637,#6638,#6639);
#6642=DIRECTION('',(9.396926207859E-1,3.420201433257E-1,0.E0));
#6643=VECTOR('',#6642,3.429984295206E-1);
#6644=CARTESIAN_POINT('',(-5.789090644966E-1,-1.070250896182E0,-2.925E0));
#6645=LINE('',#6644,#6643);
#6646=CARTESIAN_POINT('',(-3.25E-1,-7.65E-1,-2.925E0));
#6647=DIRECTION('',(0.E0,0.E0,1.E0));
#6648=DIRECTION('',(3.420201433257E-1,-9.396926207859E-1,0.E0));
#6649=AXIS2_PLACEMENT_3D('',#6646,#6647,#6648);
#6651=DIRECTION('',(0.E0,1.E0,0.E0));
#6652=VECTOR('',#6651,5.E-2);
#6653=CARTESIAN_POINT('',(-1.25E-1,-7.65E-1,-2.925E0));
#6654=LINE('',#6653,#6652);
#6655=DIRECTION('',(0.E0,-1.E0,0.E0));
#6656=VECTOR('',#6655,5.E-2);
#6657=CARTESIAN_POINT('',(1.25E-1,-7.15E-1,-2.925E0));
#6658=LINE('',#6657,#6656);
#6659=CARTESIAN_POINT('',(-3.25E-1,-7.65E-1,-2.925E0));
#6660=DIRECTION('',(0.E0,0.E0,-1.E0));
#6661=DIRECTION('',(1.E0,0.E0,0.E0));
#6662=AXIS2_PLACEMENT_3D('',#6659,#6660,#6661);
#6664=DIRECTION('',(-9.396926207859E-1,-3.420201433257E-1,0.E0));
#6665=VECTOR('',#6664,3.429984295206E-1);
#6666=CARTESIAN_POINT('',(-1.710909355034E-1,-1.187861679354E0,-2.925E0));
#6667=LINE('',#6666,#6665);
#6668=CARTESIAN_POINT('',(-4.25E-1,-1.493112575536E0,-2.925E0));
#6669=DIRECTION('',(0.E0,0.E0,1.E0));
#6670=DIRECTION('',(-3.420201433257E-1,9.396926207859E-1,0.E0));
#6671=AXIS2_PLACEMENT_3D('',#6668,#6669,#6670);
#6673=DIRECTION('',(0.E0,7.071067811865E-1,7.071067811865E-1));
#6674=VECTOR('',#6673,3.535533905933E-1);
#6675=CARTESIAN_POINT('',(-6.25E-1,-4.025E0,-4.175E0));
#6676=LINE('',#6675,#6674);
#6677=DIRECTION('',(0.E0,0.E0,1.E0));
#6678=VECTOR('',#6677,1.E0);
#6679=CARTESIAN_POINT('',(-6.25E-1,-4.025E0,-5.175E0));
#6680=LINE('',#6679,#6678);
#6681=DIRECTION('',(0.E0,1.E0,0.E0));
#6682=VECTOR('',#6681,5.5E-1);
#6683=CARTESIAN_POINT('',(-6.25E-1,-4.575E0,-5.175E0));
#6684=LINE('',#6683,#6682);
#6685=DIRECTION('',(0.E0,7.071067811866E-1,-7.071067811865E-1));
#6686=VECTOR('',#6685,7.071067811866E-2);
#6687=CARTESIAN_POINT('',(-6.25E-1,-4.625E0,-5.125E0));
#6688=LINE('',#6687,#6686);
#6689=DIRECTION('',(0.E0,0.E0,-1.E0));
#6690=VECTOR('',#6689,1.65E0);
#6691=CARTESIAN_POINT('',(-6.25E-1,-4.625E0,-3.475E0));
#6692=LINE('',#6691,#6690);
#6693=DIRECTION('',(0.E0,-7.071067811865E-1,-7.071067811865E-1));
#6694=VECTOR('',#6693,7.778174593052E-1);
#6695=CARTESIAN_POINT('',(-6.25E-1,-4.075E0,-2.925E0));
#6696=LINE('',#6695,#6694);
#6697=DIRECTION('',(0.E0,0.E0,-1.E0));
#6698=VECTOR('',#6697,1.E0);
#6699=CARTESIAN_POINT('',(-6.25E-1,-1.493112575536E0,-2.925E0));
#6700=LINE('',#6699,#6698);
#6701=DIRECTION('',(0.E0,-1.E0,0.E0));
#6702=VECTOR('',#6701,2.281887424464E0);
#6703=CARTESIAN_POINT('',(-8.75E-1,-1.493112575536E0,-3.925E0));
#6704=LINE('',#6703,#6702);
#6705=DIRECTION('',(-1.E0,0.E0,0.E0));
#6706=VECTOR('',#6705,2.5E-1);
#6707=CARTESIAN_POINT('',(-6.25E-1,-3.775E0,-3.925E0));
#6708=LINE('',#6707,#6706);
#6709=DIRECTION('',(0.E0,1.E0,0.E0));
#6710=VECTOR('',#6709,2.281887424464E0);
#6711=CARTESIAN_POINT('',(-6.25E-1,-3.775E0,-3.925E0));
#6712=LINE('',#6711,#6710);
#6713=CARTESIAN_POINT('',(-4.25E-1,-1.493112575536E0,-3.925E0));
#6714=DIRECTION('',(0.E0,0.E0,1.E0));
#6715=DIRECTION('',(-3.420201433257E-1,9.396926207859E-1,0.E0));
#6716=AXIS2_PLACEMENT_3D('',#6713,#6714,#6715);
#6718=DIRECTION('',(-9.396926207859E-1,-3.420201433257E-1,0.E0));
#6719=VECTOR('',#6718,3.429984295206E-1);
#6720=CARTESIAN_POINT('',(-1.710909355034E-1,-1.187861679354E0,-3.925E0));
#6721=LINE('',#6720,#6719);
#6722=CARTESIAN_POINT('',(-3.25E-1,-7.65E-1,-3.925E0));
#6723=DIRECTION('',(0.E0,0.E0,-1.E0));
#6724=DIRECTION('',(1.E0,0.E0,0.E0));
#6725=AXIS2_PLACEMENT_3D('',#6722,#6723,#6724);
#6727=CARTESIAN_POINT('',(-3.25E-1,-7.65E-1,-3.925E0));
#6728=DIRECTION('',(0.E0,0.E0,1.E0));
#6729=DIRECTION('',(3.420201433257E-1,-9.396926207859E-1,0.E0));
#6730=AXIS2_PLACEMENT_3D('',#6727,#6728,#6729);
#6732=DIRECTION('',(9.396926207859E-1,3.420201433257E-1,0.E0));
#6733=VECTOR('',#6732,3.429984295206E-1);
#6734=CARTESIAN_POINT('',(-5.789090644966E-1,-1.070250896182E0,-3.925E0));
#6735=LINE('',#6734,#6733);
#6736=CARTESIAN_POINT('',(-4.25E-1,-1.493112575536E0,-3.925E0));
#6737=DIRECTION('',(0.E0,0.E0,-1.E0));
#6738=DIRECTION('',(-1.E0,0.E0,0.E0));
#6739=AXIS2_PLACEMENT_3D('',#6736,#6737,#6738);
#6741=DIRECTION('',(0.E0,-7.071067811865E-1,-7.071067811865E-1));
#6742=VECTOR('',#6741,7.778174593052E-1);
#6743=CARTESIAN_POINT('',(-8.75E-1,-4.075E0,-2.925E0));
#6744=LINE('',#6743,#6742);
#6745=DIRECTION('',(0.E0,0.E0,-1.E0));
#6746=VECTOR('',#6745,1.65E0);
#6747=CARTESIAN_POINT('',(-8.75E-1,-4.625E0,-3.475E0));
#6748=LINE('',#6747,#6746);
#6749=DIRECTION('',(0.E0,7.071067811866E-1,-7.071067811865E-1));
#6750=VECTOR('',#6749,7.071067811866E-2);
#6751=CARTESIAN_POINT('',(-8.75E-1,-4.625E0,-5.125E0));
#6752=LINE('',#6751,#6750);
#6753=DIRECTION('',(0.E0,1.E0,0.E0));
#6754=VECTOR('',#6753,5.5E-1);
#6755=CARTESIAN_POINT('',(-8.75E-1,-4.575E0,-5.175E0));
#6756=LINE('',#6755,#6754);
#6757=DIRECTION('',(0.E0,0.E0,1.E0));
#6758=VECTOR('',#6757,1.E0);
#6759=CARTESIAN_POINT('',(-8.75E-1,-4.025E0,-5.175E0));
#6760=LINE('',#6759,#6758);
#6761=DIRECTION('',(0.E0,7.071067811865E-1,7.071067811865E-1));
#6762=VECTOR('',#6761,3.535533905933E-1);
#6763=CARTESIAN_POINT('',(-8.75E-1,-4.025E0,-4.175E0));
#6764=LINE('',#6763,#6762);
#6765=DIRECTION('',(-1.E0,0.E0,0.E0));
#6766=VECTOR('',#6765,2.5E-1);
#6767=CARTESIAN_POINT('',(-6.25E-1,-4.075E0,-2.925E0));
#6768=LINE('',#6767,#6766);
#6769=DIRECTION('',(-1.E0,0.E0,0.E0));
#6770=VECTOR('',#6769,2.5E-1);
#6771=CARTESIAN_POINT('',(-6.25E-1,-4.625E0,-3.475E0));
#6772=LINE('',#6771,#6770);
#6773=DIRECTION('',(-1.E0,0.E0,0.E0));
#6774=VECTOR('',#6773,2.5E-1);
#6775=CARTESIAN_POINT('',(-6.25E-1,-4.625E0,-5.125E0));
#6776=LINE('',#6775,#6774);
#6777=DIRECTION('',(-1.E0,0.E0,0.E0));
#6778=VECTOR('',#6777,2.5E-1);
#6779=CARTESIAN_POINT('',(-6.25E-1,-4.575E0,-5.175E0));
#6780=LINE('',#6779,#6778);
#6781=DIRECTION('',(-1.E0,0.E0,0.E0));
#6782=VECTOR('',#6781,2.5E-1);
#6783=CARTESIAN_POINT('',(-6.25E-1,-4.025E0,-5.175E0));
#6784=LINE('',#6783,#6782);
#6785=DIRECTION('',(-1.E0,0.E0,0.E0));
#6786=VECTOR('',#6785,2.5E-1);
#6787=CARTESIAN_POINT('',(-6.25E-1,-4.025E0,-4.175E0));
#6788=LINE('',#6787,#6786);
#6789=DIRECTION('',(0.E0,0.E0,-1.E0));
#6790=VECTOR('',#6789,1.E0);
#6791=CARTESIAN_POINT('',(-8.75E-1,-1.493112575536E0,-2.925E0));
#6792=LINE('',#6791,#6790);
#6793=DIRECTION('',(0.E0,0.E0,-1.E0));
#6794=VECTOR('',#6793,1.E0);
#6795=CARTESIAN_POINT('',(-5.789090644966E-1,-1.070250896182E0,-2.925E0));
#6796=LINE('',#6795,#6794);
#6797=DIRECTION('',(0.E0,0.E0,-1.E0));
#6798=VECTOR('',#6797,1.E0);
#6799=CARTESIAN_POINT('',(-2.565959713349E-1,-9.529385241572E-1,-2.925E0));
#6800=LINE('',#6799,#6798);
#6801=DIRECTION('',(0.E0,0.E0,-1.E0));
#6802=VECTOR('',#6801,1.E0);
#6803=CARTESIAN_POINT('',(-4.934040286651E-1,-1.305174051379E0,-2.925E0));
#6804=LINE('',#6803,#6802);
#6805=DIRECTION('',(0.E0,0.E0,-1.E0));
#6806=VECTOR('',#6805,1.E0);
#6807=CARTESIAN_POINT('',(-1.710909355034E-1,-1.187861679354E0,-2.925E0));
#6808=LINE('',#6807,#6806);
#6809=DIRECTION('',(0.E0,0.E0,-1.E0));
#6810=VECTOR('',#6809,1.E0);
#6811=CARTESIAN_POINT('',(1.25E-1,-7.65E-1,-2.925E0));
#6812=LINE('',#6811,#6810);
#6813=DIRECTION('',(1.E0,0.E0,0.E0));
#6814=VECTOR('',#6813,2.5E-1);
#6815=CARTESIAN_POINT('',(-1.625E0,-7.15E-1,-2.925E0));
#6816=LINE('',#6815,#6814);
#6817=DIRECTION('',(0.E0,-1.E0,0.E0));
#6818=VECTOR('',#6817,2.581887424464E0);
#6819=CARTESIAN_POINT('',(-2.125E0,-1.493112575536E0,-2.925E0));
#6820=LINE('',#6819,#6818);
#6821=DIRECTION('',(0.E0,1.E0,0.E0));
#6822=VECTOR('',#6821,2.581887424464E0);
#6823=CARTESIAN_POINT('',(-2.375E0,-4.075E0,-2.925E0));
#6824=LINE('',#6823,#6822);
#6825=CARTESIAN_POINT('',(-1.925E0,-1.493112575536E0,-2.925E0));
#6826=DIRECTION('',(0.E0,0.E0,-1.E0));
#6827=DIRECTION('',(-1.E0,0.E0,0.E0));
#6828=AXIS2_PLACEMENT_3D('',#6825,#6826,#6827);
#6830=DIRECTION('',(9.396926207859E-1,3.420201433257E-1,0.E0));
#6831=VECTOR('',#6830,3.429984295206E-1);
#6832=CARTESIAN_POINT('',(-2.078909064497E0,-1.070250896182E0,-2.925E0));
#6833=LINE('',#6832,#6831);
#6834=CARTESIAN_POINT('',(-1.825E0,-7.65E-1,-2.925E0));
#6835=DIRECTION('',(0.E0,0.E0,1.E0));
#6836=DIRECTION('',(3.420201433257E-1,-9.396926207859E-1,0.E0));
#6837=AXIS2_PLACEMENT_3D('',#6834,#6835,#6836);
#6839=DIRECTION('',(0.E0,1.E0,0.E0));
#6840=VECTOR('',#6839,5.E-2);
#6841=CARTESIAN_POINT('',(-1.625E0,-7.65E-1,-2.925E0));
#6842=LINE('',#6841,#6840);
#6843=DIRECTION('',(0.E0,-1.E0,0.E0));
#6844=VECTOR('',#6843,5.E-2);
#6845=CARTESIAN_POINT('',(-1.375E0,-7.15E-1,-2.925E0));
#6846=LINE('',#6845,#6844);
#6847=CARTESIAN_POINT('',(-1.825E0,-7.65E-1,-2.925E0));
#6848=DIRECTION('',(0.E0,0.E0,-1.E0));
#6849=DIRECTION('',(1.E0,0.E0,0.E0));
#6850=AXIS2_PLACEMENT_3D('',#6847,#6848,#6849);
#6852=DIRECTION('',(-9.396926207859E-1,-3.420201433257E-1,0.E0));
#6853=VECTOR('',#6852,3.429984295206E-1);
#6854=CARTESIAN_POINT('',(-1.671090935503E0,-1.187861679354E0,-2.925E0));
#6855=LINE('',#6854,#6853);
#6856=CARTESIAN_POINT('',(-1.925E0,-1.493112575536E0,-2.925E0));
#6857=DIRECTION('',(0.E0,0.E0,1.E0));
#6858=DIRECTION('',(-3.420201433257E-1,9.396926207859E-1,0.E0));
#6859=AXIS2_PLACEMENT_3D('',#6856,#6857,#6858);
#6861=DIRECTION('',(0.E0,7.071067811865E-1,7.071067811865E-1));
#6862=VECTOR('',#6861,3.535533905933E-1);
#6863=CARTESIAN_POINT('',(-2.125E0,-4.025E0,-4.175E0));
#6864=LINE('',#6863,#6862);
#6865=DIRECTION('',(0.E0,0.E0,1.E0));
#6866=VECTOR('',#6865,1.E0);
#6867=CARTESIAN_POINT('',(-2.125E0,-4.025E0,-5.175E0));
#6868=LINE('',#6867,#6866);
#6869=DIRECTION('',(0.E0,1.E0,0.E0));
#6870=VECTOR('',#6869,5.5E-1);
#6871=CARTESIAN_POINT('',(-2.125E0,-4.575E0,-5.175E0));
#6872=LINE('',#6871,#6870);
#6873=DIRECTION('',(0.E0,7.071067811866E-1,-7.071067811865E-1));
#6874=VECTOR('',#6873,7.071067811866E-2);
#6875=CARTESIAN_POINT('',(-2.125E0,-4.625E0,-5.125E0));
#6876=LINE('',#6875,#6874);
#6877=DIRECTION('',(0.E0,0.E0,-1.E0));
#6878=VECTOR('',#6877,1.65E0);
#6879=CARTESIAN_POINT('',(-2.125E0,-4.625E0,-3.475E0));
#6880=LINE('',#6879,#6878);
#6881=DIRECTION('',(0.E0,-7.071067811865E-1,-7.071067811865E-1));
#6882=VECTOR('',#6881,7.778174593052E-1);
#6883=CARTESIAN_POINT('',(-2.125E0,-4.075E0,-2.925E0));
#6884=LINE('',#6883,#6882);
#6885=DIRECTION('',(0.E0,0.E0,-1.E0));
#6886=VECTOR('',#6885,1.E0);
#6887=CARTESIAN_POINT('',(-2.125E0,-1.493112575536E0,-2.925E0));
#6888=LINE('',#6887,#6886);
#6889=DIRECTION('',(0.E0,-1.E0,0.E0));
#6890=VECTOR('',#6889,2.281887424464E0);
#6891=CARTESIAN_POINT('',(-2.375E0,-1.493112575536E0,-3.925E0));
#6892=LINE('',#6891,#6890);
#6893=DIRECTION('',(-1.E0,0.E0,0.E0));
#6894=VECTOR('',#6893,2.5E-1);
#6895=CARTESIAN_POINT('',(-2.125E0,-3.775E0,-3.925E0));
#6896=LINE('',#6895,#6894);
#6897=DIRECTION('',(0.E0,1.E0,0.E0));
#6898=VECTOR('',#6897,2.281887424464E0);
#6899=CARTESIAN_POINT('',(-2.125E0,-3.775E0,-3.925E0));
#6900=LINE('',#6899,#6898);
#6901=CARTESIAN_POINT('',(-1.925E0,-1.493112575536E0,-3.925E0));
#6902=DIRECTION('',(0.E0,0.E0,1.E0));
#6903=DIRECTION('',(-3.420201433257E-1,9.396926207859E-1,0.E0));
#6904=AXIS2_PLACEMENT_3D('',#6901,#6902,#6903);
#6906=DIRECTION('',(-9.396926207859E-1,-3.420201433257E-1,0.E0));
#6907=VECTOR('',#6906,3.429984295206E-1);
#6908=CARTESIAN_POINT('',(-1.671090935503E0,-1.187861679354E0,-3.925E0));
#6909=LINE('',#6908,#6907);
#6910=CARTESIAN_POINT('',(-1.825E0,-7.65E-1,-3.925E0));
#6911=DIRECTION('',(0.E0,0.E0,-1.E0));
#6912=DIRECTION('',(1.E0,0.E0,0.E0));
#6913=AXIS2_PLACEMENT_3D('',#6910,#6911,#6912);
#6915=CARTESIAN_POINT('',(-1.825E0,-7.65E-1,-3.925E0));
#6916=DIRECTION('',(0.E0,0.E0,1.E0));
#6917=DIRECTION('',(3.420201433257E-1,-9.396926207859E-1,0.E0));
#6918=AXIS2_PLACEMENT_3D('',#6915,#6916,#6917);
#6920=DIRECTION('',(9.396926207859E-1,3.420201433257E-1,0.E0));
#6921=VECTOR('',#6920,3.429984295206E-1);
#6922=CARTESIAN_POINT('',(-2.078909064497E0,-1.070250896182E0,-3.925E0));
#6923=LINE('',#6922,#6921);
#6924=CARTESIAN_POINT('',(-1.925E0,-1.493112575536E0,-3.925E0));
#6925=DIRECTION('',(0.E0,0.E0,-1.E0));
#6926=DIRECTION('',(-1.E0,0.E0,0.E0));
#6927=AXIS2_PLACEMENT_3D('',#6924,#6925,#6926);
#6929=DIRECTION('',(0.E0,-7.071067811865E-1,-7.071067811865E-1));
#6930=VECTOR('',#6929,7.778174593052E-1);
#6931=CARTESIAN_POINT('',(-2.375E0,-4.075E0,-2.925E0));
#6932=LINE('',#6931,#6930);
#6933=DIRECTION('',(0.E0,0.E0,-1.E0));
#6934=VECTOR('',#6933,1.65E0);
#6935=CARTESIAN_POINT('',(-2.375E0,-4.625E0,-3.475E0));
#6936=LINE('',#6935,#6934);
#6937=DIRECTION('',(0.E0,7.071067811866E-1,-7.071067811865E-1));
#6938=VECTOR('',#6937,7.071067811866E-2);
#6939=CARTESIAN_POINT('',(-2.375E0,-4.625E0,-5.125E0));
#6940=LINE('',#6939,#6938);
#6941=DIRECTION('',(0.E0,1.E0,0.E0));
#6942=VECTOR('',#6941,5.5E-1);
#6943=CARTESIAN_POINT('',(-2.375E0,-4.575E0,-5.175E0));
#6944=LINE('',#6943,#6942);
#6945=DIRECTION('',(0.E0,0.E0,1.E0));
#6946=VECTOR('',#6945,1.E0);
#6947=CARTESIAN_POINT('',(-2.375E0,-4.025E0,-5.175E0));
#6948=LINE('',#6947,#6946);
#6949=DIRECTION('',(0.E0,7.071067811865E-1,7.071067811865E-1));
#6950=VECTOR('',#6949,3.535533905933E-1);
#6951=CARTESIAN_POINT('',(-2.375E0,-4.025E0,-4.175E0));
#6952=LINE('',#6951,#6950);
#6953=DIRECTION('',(-1.E0,0.E0,0.E0));
#6954=VECTOR('',#6953,2.5E-1);
#6955=CARTESIAN_POINT('',(-2.125E0,-4.075E0,-2.925E0));
#6956=LINE('',#6955,#6954);
#6957=DIRECTION('',(-1.E0,0.E0,0.E0));
#6958=VECTOR('',#6957,2.5E-1);
#6959=CARTESIAN_POINT('',(-2.125E0,-4.625E0,-3.475E0));
#6960=LINE('',#6959,#6958);
#6961=DIRECTION('',(-1.E0,0.E0,0.E0));
#6962=VECTOR('',#6961,2.5E-1);
#6963=CARTESIAN_POINT('',(-2.125E0,-4.625E0,-5.125E0));
#6964=LINE('',#6963,#6962);
#6965=DIRECTION('',(-1.E0,0.E0,0.E0));
#6966=VECTOR('',#6965,2.5E-1);
#6967=CARTESIAN_POINT('',(-2.125E0,-4.575E0,-5.175E0));
#6968=LINE('',#6967,#6966);
#6969=DIRECTION('',(-1.E0,0.E0,0.E0));
#6970=VECTOR('',#6969,2.5E-1);
#6971=CARTESIAN_POINT('',(-2.125E0,-4.025E0,-5.175E0));
#6972=LINE('',#6971,#6970);
#6973=DIRECTION('',(-1.E0,0.E0,0.E0));
#6974=VECTOR('',#6973,2.5E-1);
#6975=CARTESIAN_POINT('',(-2.125E0,-4.025E0,-4.175E0));
#6976=LINE('',#6975,#6974);
#6977=DIRECTION('',(0.E0,0.E0,-1.E0));
#6978=VECTOR('',#6977,1.E0);
#6979=CARTESIAN_POINT('',(-2.375E0,-1.493112575536E0,-2.925E0));
#6980=LINE('',#6979,#6978);
#6981=DIRECTION('',(0.E0,0.E0,-1.E0));
#6982=VECTOR('',#6981,1.E0);
#6983=CARTESIAN_POINT('',(-2.078909064497E0,-1.070250896182E0,-2.925E0));
#6984=LINE('',#6983,#6982);
#6985=DIRECTION('',(0.E0,0.E0,-1.E0));
#6986=VECTOR('',#6985,1.E0);
#6987=CARTESIAN_POINT('',(-1.756595971335E0,-9.529385241572E-1,-2.925E0));
#6988=LINE('',#6987,#6986);
#6989=DIRECTION('',(0.E0,0.E0,-1.E0));
#6990=VECTOR('',#6989,1.E0);
#6991=CARTESIAN_POINT('',(-1.993404028665E0,-1.305174051379E0,-2.925E0));
#6992=LINE('',#6991,#6990);
#6993=DIRECTION('',(0.E0,0.E0,-1.E0));
#6994=VECTOR('',#6993,1.E0);
#6995=CARTESIAN_POINT('',(-1.671090935503E0,-1.187861679354E0,-2.925E0));
#6996=LINE('',#6995,#6994);
#6997=DIRECTION('',(0.E0,0.E0,-1.E0));
#6998=VECTOR('',#6997,1.E0);
#6999=CARTESIAN_POINT('',(-1.375E0,-7.65E-1,-2.925E0));
#7000=LINE('',#6999,#6998);
#7001=DIRECTION('',(1.E0,0.E0,0.E0));
#7002=VECTOR('',#7001,2.5E-1);
#7003=CARTESIAN_POINT('',(-3.125E0,-7.15E-1,-2.925E0));
#7004=LINE('',#7003,#7002);
#7005=DIRECTION('',(0.E0,-1.E0,0.E0));
#7006=VECTOR('',#7005,2.581887424464E0);
#7007=CARTESIAN_POINT('',(-3.625E0,-1.493112575536E0,-2.925E0));
#7008=LINE('',#7007,#7006);
#7009=DIRECTION('',(0.E0,1.E0,0.E0));
#7010=VECTOR('',#7009,2.581887424464E0);
#7011=CARTESIAN_POINT('',(-3.875E0,-4.075E0,-2.925E0));
#7012=LINE('',#7011,#7010);
#7013=CARTESIAN_POINT('',(-3.425E0,-1.493112575536E0,-2.925E0));
#7014=DIRECTION('',(0.E0,0.E0,-1.E0));
#7015=DIRECTION('',(-1.E0,0.E0,0.E0));
#7016=AXIS2_PLACEMENT_3D('',#7013,#7014,#7015);
#7018=DIRECTION('',(9.396926207859E-1,3.420201433257E-1,0.E0));
#7019=VECTOR('',#7018,3.429984295206E-1);
#7020=CARTESIAN_POINT('',(-3.578909064497E0,-1.070250896182E0,-2.925E0));
#7021=LINE('',#7020,#7019);
#7022=CARTESIAN_POINT('',(-3.325E0,-7.65E-1,-2.925E0));
#7023=DIRECTION('',(0.E0,0.E0,1.E0));
#7024=DIRECTION('',(3.420201433257E-1,-9.396926207859E-1,0.E0));
#7025=AXIS2_PLACEMENT_3D('',#7022,#7023,#7024);
#7027=DIRECTION('',(0.E0,1.E0,0.E0));
#7028=VECTOR('',#7027,5.E-2);
#7029=CARTESIAN_POINT('',(-3.125E0,-7.65E-1,-2.925E0));
#7030=LINE('',#7029,#7028);
#7031=DIRECTION('',(0.E0,-1.E0,0.E0));
#7032=VECTOR('',#7031,5.E-2);
#7033=CARTESIAN_POINT('',(-2.875E0,-7.15E-1,-2.925E0));
#7034=LINE('',#7033,#7032);
#7035=CARTESIAN_POINT('',(-3.325E0,-7.65E-1,-2.925E0));
#7036=DIRECTION('',(0.E0,0.E0,-1.E0));
#7037=DIRECTION('',(1.E0,0.E0,0.E0));
#7038=AXIS2_PLACEMENT_3D('',#7035,#7036,#7037);
#7040=DIRECTION('',(-9.396926207859E-1,-3.420201433257E-1,0.E0));
#7041=VECTOR('',#7040,3.429984295206E-1);
#7042=CARTESIAN_POINT('',(-3.171090935503E0,-1.187861679354E0,-2.925E0));
#7043=LINE('',#7042,#7041);
#7044=CARTESIAN_POINT('',(-3.425E0,-1.493112575536E0,-2.925E0));
#7045=DIRECTION('',(0.E0,0.E0,1.E0));
#7046=DIRECTION('',(-3.420201433257E-1,9.396926207859E-1,0.E0));
#7047=AXIS2_PLACEMENT_3D('',#7044,#7045,#7046);
#7049=DIRECTION('',(0.E0,7.071067811865E-1,7.071067811865E-1));
#7050=VECTOR('',#7049,3.535533905933E-1);
#7051=CARTESIAN_POINT('',(-3.625E0,-4.025E0,-4.175E0));
#7052=LINE('',#7051,#7050);
#7053=DIRECTION('',(0.E0,0.E0,1.E0));
#7054=VECTOR('',#7053,1.E0);
#7055=CARTESIAN_POINT('',(-3.625E0,-4.025E0,-5.175E0));
#7056=LINE('',#7055,#7054);
#7057=DIRECTION('',(0.E0,1.E0,0.E0));
#7058=VECTOR('',#7057,5.5E-1);
#7059=CARTESIAN_POINT('',(-3.625E0,-4.575E0,-5.175E0));
#7060=LINE('',#7059,#7058);
#7061=DIRECTION('',(0.E0,7.071067811866E-1,-7.071067811865E-1));
#7062=VECTOR('',#7061,7.071067811866E-2);
#7063=CARTESIAN_POINT('',(-3.625E0,-4.625E0,-5.125E0));
#7064=LINE('',#7063,#7062);
#7065=DIRECTION('',(0.E0,0.E0,-1.E0));
#7066=VECTOR('',#7065,1.65E0);
#7067=CARTESIAN_POINT('',(-3.625E0,-4.625E0,-3.475E0));
#7068=LINE('',#7067,#7066);
#7069=DIRECTION('',(0.E0,-7.071067811865E-1,-7.071067811865E-1));
#7070=VECTOR('',#7069,7.778174593052E-1);
#7071=CARTESIAN_POINT('',(-3.625E0,-4.075E0,-2.925E0));
#7072=LINE('',#7071,#7070);
#7073=DIRECTION('',(0.E0,0.E0,-1.E0));
#7074=VECTOR('',#7073,1.E0);
#7075=CARTESIAN_POINT('',(-3.625E0,-1.493112575536E0,-2.925E0));
#7076=LINE('',#7075,#7074);
#7077=DIRECTION('',(0.E0,-1.E0,0.E0));
#7078=VECTOR('',#7077,2.281887424464E0);
#7079=CARTESIAN_POINT('',(-3.875E0,-1.493112575536E0,-3.925E0));
#7080=LINE('',#7079,#7078);
#7081=DIRECTION('',(-1.E0,0.E0,0.E0));
#7082=VECTOR('',#7081,2.5E-1);
#7083=CARTESIAN_POINT('',(-3.625E0,-3.775E0,-3.925E0));
#7084=LINE('',#7083,#7082);
#7085=DIRECTION('',(0.E0,1.E0,0.E0));
#7086=VECTOR('',#7085,2.281887424464E0);
#7087=CARTESIAN_POINT('',(-3.625E0,-3.775E0,-3.925E0));
#7088=LINE('',#7087,#7086);
#7089=CARTESIAN_POINT('',(-3.425E0,-1.493112575536E0,-3.925E0));
#7090=DIRECTION('',(0.E0,0.E0,1.E0));
#7091=DIRECTION('',(-3.420201433257E-1,9.396926207859E-1,0.E0));
#7092=AXIS2_PLACEMENT_3D('',#7089,#7090,#7091);
#7094=DIRECTION('',(-9.396926207859E-1,-3.420201433257E-1,0.E0));
#7095=VECTOR('',#7094,3.429984295206E-1);
#7096=CARTESIAN_POINT('',(-3.171090935503E0,-1.187861679354E0,-3.925E0));
#7097=LINE('',#7096,#7095);
#7098=CARTESIAN_POINT('',(-3.325E0,-7.65E-1,-3.925E0));
#7099=DIRECTION('',(0.E0,0.E0,-1.E0));
#7100=DIRECTION('',(1.E0,0.E0,0.E0));
#7101=AXIS2_PLACEMENT_3D('',#7098,#7099,#7100);
#7103=CARTESIAN_POINT('',(-3.325E0,-7.65E-1,-3.925E0));
#7104=DIRECTION('',(0.E0,0.E0,1.E0));
#7105=DIRECTION('',(3.420201433257E-1,-9.396926207859E-1,0.E0));
#7106=AXIS2_PLACEMENT_3D('',#7103,#7104,#7105);
#7108=DIRECTION('',(9.396926207859E-1,3.420201433257E-1,0.E0));
#7109=VECTOR('',#7108,3.429984295206E-1);
#7110=CARTESIAN_POINT('',(-3.578909064497E0,-1.070250896182E0,-3.925E0));
#7111=LINE('',#7110,#7109);
#7112=CARTESIAN_POINT('',(-3.425E0,-1.493112575536E0,-3.925E0));
#7113=DIRECTION('',(0.E0,0.E0,-1.E0));
#7114=DIRECTION('',(-1.E0,0.E0,0.E0));
#7115=AXIS2_PLACEMENT_3D('',#7112,#7113,#7114);
#7117=DIRECTION('',(0.E0,-7.071067811865E-1,-7.071067811865E-1));
#7118=VECTOR('',#7117,7.778174593052E-1);
#7119=CARTESIAN_POINT('',(-3.875E0,-4.075E0,-2.925E0));
#7120=LINE('',#7119,#7118);
#7121=DIRECTION('',(0.E0,0.E0,-1.E0));
#7122=VECTOR('',#7121,1.65E0);
#7123=CARTESIAN_POINT('',(-3.875E0,-4.625E0,-3.475E0));
#7124=LINE('',#7123,#7122);
#7125=DIRECTION('',(0.E0,7.071067811866E-1,-7.071067811865E-1));
#7126=VECTOR('',#7125,7.071067811866E-2);
#7127=CARTESIAN_POINT('',(-3.875E0,-4.625E0,-5.125E0));
#7128=LINE('',#7127,#7126);
#7129=DIRECTION('',(0.E0,1.E0,0.E0));
#7130=VECTOR('',#7129,5.5E-1);
#7131=CARTESIAN_POINT('',(-3.875E0,-4.575E0,-5.175E0));
#7132=LINE('',#7131,#7130);
#7133=DIRECTION('',(0.E0,0.E0,1.E0));
#7134=VECTOR('',#7133,1.E0);
#7135=CARTESIAN_POINT('',(-3.875E0,-4.025E0,-5.175E0));
#7136=LINE('',#7135,#7134);
#7137=DIRECTION('',(0.E0,7.071067811865E-1,7.071067811865E-1));
#7138=VECTOR('',#7137,3.535533905933E-1);
#7139=CARTESIAN_POINT('',(-3.875E0,-4.025E0,-4.175E0));
#7140=LINE('',#7139,#7138);
#7141=DIRECTION('',(-1.E0,0.E0,0.E0));
#7142=VECTOR('',#7141,2.5E-1);
#7143=CARTESIAN_POINT('',(-3.625E0,-4.075E0,-2.925E0));
#7144=LINE('',#7143,#7142);
#7145=DIRECTION('',(-1.E0,0.E0,0.E0));
#7146=VECTOR('',#7145,2.5E-1);
#7147=CARTESIAN_POINT('',(-3.625E0,-4.625E0,-3.475E0));
#7148=LINE('',#7147,#7146);
#7149=DIRECTION('',(-1.E0,0.E0,0.E0));
#7150=VECTOR('',#7149,2.5E-1);
#7151=CARTESIAN_POINT('',(-3.625E0,-4.625E0,-5.125E0));
#7152=LINE('',#7151,#7150);
#7153=DIRECTION('',(-1.E0,0.E0,0.E0));
#7154=VECTOR('',#7153,2.5E-1);
#7155=CARTESIAN_POINT('',(-3.625E0,-4.575E0,-5.175E0));
#7156=LINE('',#7155,#7154);
#7157=DIRECTION('',(-1.E0,0.E0,0.E0));
#7158=VECTOR('',#7157,2.5E-1);
#7159=CARTESIAN_POINT('',(-3.625E0,-4.025E0,-5.175E0));
#7160=LINE('',#7159,#7158);
#7161=DIRECTION('',(-1.E0,0.E0,0.E0));
#7162=VECTOR('',#7161,2.5E-1);
#7163=CARTESIAN_POINT('',(-3.625E0,-4.025E0,-4.175E0));
#7164=LINE('',#7163,#7162);
#7165=DIRECTION('',(0.E0,0.E0,-1.E0));
#7166=VECTOR('',#7165,1.E0);
#7167=CARTESIAN_POINT('',(-3.875E0,-1.493112575536E0,-2.925E0));
#7168=LINE('',#7167,#7166);
#7169=DIRECTION('',(0.E0,0.E0,-1.E0));
#7170=VECTOR('',#7169,1.E0);
#7171=CARTESIAN_POINT('',(-3.578909064497E0,-1.070250896182E0,-2.925E0));
#7172=LINE('',#7171,#7170);
#7173=DIRECTION('',(0.E0,0.E0,-1.E0));
#7174=VECTOR('',#7173,1.E0);
#7175=CARTESIAN_POINT('',(-3.256595971335E0,-9.529385241572E-1,-2.925E0));
#7176=LINE('',#7175,#7174);
#7177=DIRECTION('',(0.E0,0.E0,-1.E0));
#7178=VECTOR('',#7177,1.E0);
#7179=CARTESIAN_POINT('',(-3.493404028665E0,-1.305174051379E0,-2.925E0));
#7180=LINE('',#7179,#7178);
#7181=DIRECTION('',(0.E0,0.E0,-1.E0));
#7182=VECTOR('',#7181,1.E0);
#7183=CARTESIAN_POINT('',(-3.171090935503E0,-1.187861679354E0,-2.925E0));
#7184=LINE('',#7183,#7182);
#7185=DIRECTION('',(0.E0,0.E0,-1.E0));
#7186=VECTOR('',#7185,1.E0);
#7187=CARTESIAN_POINT('',(-2.875E0,-7.65E-1,-2.925E0));
#7188=LINE('',#7187,#7186);
#7189=DIRECTION('',(0.E0,0.E0,-1.E0));
#7190=VECTOR('',#7189,1.25E0);
#7191=CARTESIAN_POINT('',(-4.075E0,-4.275E0,-2.875E0));
#7192=LINE('',#7191,#7190);
#7193=DIRECTION('',(1.E0,0.E0,0.E0));
#7194=VECTOR('',#7193,2.5E-1);
#7195=CARTESIAN_POINT('',(-1.25E-1,4.65E-1,4.776630953573E-1));
#7196=LINE('',#7195,#7194);
#7197=DIRECTION('',(1.E0,0.E0,0.E0));
#7198=VECTOR('',#7197,2.5E-1);
#7199=CARTESIAN_POINT('',(-1.25E-1,3.694262489690E-1,7.371330530377E-1));
#7200=LINE('',#7199,#7198);
#7201=DIRECTION('',(1.E0,0.E0,0.E0));
#7202=VECTOR('',#7201,2.5E-1);
#7203=CARTESIAN_POINT('',(-1.25E-1,2.369467188789E-1,8.925662552900E-1));
#7204=LINE('',#7203,#7202);
#7205=DIRECTION('',(1.E0,0.E0,0.E0));
#7206=VECTOR('',#7205,2.5E-1);
#7207=CARTESIAN_POINT('',(-1.25E-1,2.300164378173E-1,9.468284019881E-1));
#7208=LINE('',#7207,#7206);
#7209=DIRECTION('',(1.E0,0.E0,0.E0));
#7210=VECTOR('',#7209,2.5E-1);
#7211=CARTESIAN_POINT('',(-3.125E0,-8.301856250140E-1,1.507976615556E0));
#7212=LINE('',#7211,#7210);
#7213=DIRECTION('',(1.E0,0.E0,0.E0));
#7214=VECTOR('',#7213,2.5E-1);
#7215=CARTESIAN_POINT('',(-3.125E0,-4.825928125070E-1,9.514883077779E-1));
#7216=LINE('',#7215,#7214);
#7217=DIRECTION('',(1.E0,0.E0,0.E0));
#7218=VECTOR('',#7217,2.5E-1);
#7219=CARTESIAN_POINT('',(-3.125E0,-4.800164378173E-1,9.031715980119E-1));
#7220=LINE('',#7219,#7218);
#7221=DIRECTION('',(1.E0,0.E0,0.E0));
#7222=VECTOR('',#7221,2.5E-1);
#7223=CARTESIAN_POINT('',(-3.125E0,-6.15E-1,6.25E-1));
#7224=LINE('',#7223,#7222);
#7225=DIRECTION('',(1.E0,0.E0,0.E0));
#7226=VECTOR('',#7225,2.5E-1);
#7227=CARTESIAN_POINT('',(-3.125E0,-6.15E-1,-6.149999999999E-1));
#7228=LINE('',#7227,#7226);
#7229=DIRECTION('',(1.E0,0.E0,0.E0));
#7230=VECTOR('',#7229,2.5E-1);
#7231=CARTESIAN_POINT('',(-3.125E0,-4.45E-1,-8.649999999999E-1));
#7232=LINE('',#7231,#7230);
#7233=DIRECTION('',(1.E0,0.E0,0.E0));
#7234=VECTOR('',#7233,2.5E-1);
#7235=CARTESIAN_POINT('',(-3.125E0,4.65E-1,4.776630953573E-1));
#7236=LINE('',#7235,#7234);
#7237=DIRECTION('',(1.E0,0.E0,0.E0));
#7238=VECTOR('',#7237,2.5E-1);
#7239=CARTESIAN_POINT('',(-3.125E0,3.694262489690E-1,7.371330530377E-1));
#7240=LINE('',#7239,#7238);
#7241=DIRECTION('',(1.E0,0.E0,0.E0));
#7242=VECTOR('',#7241,2.5E-1);
#7243=CARTESIAN_POINT('',(-3.125E0,2.369467188789E-1,8.925662552900E-1));
#7244=LINE('',#7243,#7242);
#7245=DIRECTION('',(1.E0,0.E0,0.E0));
#7246=VECTOR('',#7245,2.5E-1);
#7247=CARTESIAN_POINT('',(-3.125E0,2.300164378173E-1,9.468284019881E-1));
#7248=LINE('',#7247,#7246);
#7249=DIRECTION('',(1.E0,0.E0,0.E0));
#7250=VECTOR('',#7249,2.5E-1);
#7251=CARTESIAN_POINT('',(-1.625E0,-8.301856250140E-1,1.507976615556E0));
#7252=LINE('',#7251,#7250);
#7253=DIRECTION('',(1.E0,0.E0,0.E0));
#7254=VECTOR('',#7253,2.5E-1);
#7255=CARTESIAN_POINT('',(-1.625E0,-4.825928125070E-1,9.514883077779E-1));
#7256=LINE('',#7255,#7254);
#7257=DIRECTION('',(1.E0,0.E0,0.E0));
#7258=VECTOR('',#7257,2.5E-1);
#7259=CARTESIAN_POINT('',(-1.625E0,-4.800164378173E-1,9.031715980119E-1));
#7260=LINE('',#7259,#7258);
#7261=DIRECTION('',(1.E0,0.E0,0.E0));
#7262=VECTOR('',#7261,2.5E-1);
#7263=CARTESIAN_POINT('',(-1.625E0,-6.15E-1,6.25E-1));
#7264=LINE('',#7263,#7262);
#7265=DIRECTION('',(1.E0,0.E0,0.E0));
#7266=VECTOR('',#7265,2.5E-1);
#7267=CARTESIAN_POINT('',(-1.625E0,-6.15E-1,-6.149999999999E-1));
#7268=LINE('',#7267,#7266);
#7269=DIRECTION('',(1.E0,0.E0,0.E0));
#7270=VECTOR('',#7269,2.5E-1);
#7271=CARTESIAN_POINT('',(-1.625E0,-4.45E-1,-8.649999999999E-1));
#7272=LINE('',#7271,#7270);
#7273=DIRECTION('',(1.E0,0.E0,0.E0));
#7274=VECTOR('',#7273,2.5E-1);
#7275=CARTESIAN_POINT('',(-1.625E0,4.65E-1,4.776630953573E-1));
#7276=LINE('',#7275,#7274);
#7277=DIRECTION('',(1.E0,0.E0,0.E0));
#7278=VECTOR('',#7277,2.5E-1);
#7279=CARTESIAN_POINT('',(-1.625E0,3.694262489690E-1,7.371330530377E-1));
#7280=LINE('',#7279,#7278);
#7281=DIRECTION('',(1.E0,0.E0,0.E0));
#7282=VECTOR('',#7281,2.5E-1);
#7283=CARTESIAN_POINT('',(-1.625E0,2.369467188789E-1,8.925662552900E-1));
#7284=LINE('',#7283,#7282);
#7285=DIRECTION('',(1.E0,0.E0,0.E0));
#7286=VECTOR('',#7285,2.5E-1);
#7287=CARTESIAN_POINT('',(-1.625E0,2.300164378173E-1,9.468284019881E-1));
#7288=LINE('',#7287,#7286);
#7289=DIRECTION('',(0.E0,0.E0,-1.E0));
#7290=VECTOR('',#7289,4.54E0);
#7291=CARTESIAN_POINT('',(-3.6E0,-3.525E0,3.655E0));
#7292=LINE('',#7291,#7290);
#7293=DIRECTION('',(-1.E0,0.E0,0.E0));
#7294=VECTOR('',#7293,3.E-1);
#7295=CARTESIAN_POINT('',(-3.6E0,-3.525E0,3.655E0));
#7296=LINE('',#7295,#7294);
#7297=DIRECTION('',(0.E0,0.E0,-1.E0));
#7298=VECTOR('',#7297,5.48E0);
#7299=CARTESIAN_POINT('',(-3.9E0,-3.525E0,3.655E0));
#7300=LINE('',#7299,#7298);
#7301=DIRECTION('',(0.E0,5.626240433067E-1,-8.267128799609E-1));
#7302=VECTOR('',#7301,1.066431495664E-1);
#7303=CARTESIAN_POINT('',(-3.9E0,-3.585E0,3.743163265306E0));
#7304=LINE('',#7303,#7302);
#7305=DIRECTION('',(0.E0,5.626240433067E-1,-8.267128799609E-1));
#7306=VECTOR('',#7305,1.066431495664E-1);
#7307=CARTESIAN_POINT('',(-3.6E0,-3.585E0,3.743163265306E0));
#7308=LINE('',#7307,#7306);
#7309=DIRECTION('',(0.E0,0.E0,-1.E0));
#7310=VECTOR('',#7309,4.54E0);
#7311=CARTESIAN_POINT('',(3.6E0,-3.525E0,3.655E0));
#7312=LINE('',#7311,#7310);
#7313=DIRECTION('',(0.E0,5.626240433067E-1,-8.267128799609E-1));
#7314=VECTOR('',#7313,1.066431495664E-1);
#7315=CARTESIAN_POINT('',(3.6E0,-3.585E0,3.743163265306E0));
#7316=LINE('',#7315,#7314);
#7317=DIRECTION('',(0.E0,-1.E0,0.E0));
#7318=VECTOR('',#7317,2.5E-1);
#7319=CARTESIAN_POINT('',(3.5E0,4.575E0,-2.425E0));
#7320=LINE('',#7319,#7318);
#7321=DIRECTION('',(0.E0,-1.E0,0.E0));
#7322=VECTOR('',#7321,2.5E-1);
#7323=CARTESIAN_POINT('',(-3.5E0,4.575E0,-2.425E0));
#7324=LINE('',#7323,#7322);
#7325=DIRECTION('',(0.E0,0.E0,1.E0));
#7326=VECTOR('',#7325,1.7E0);
#7327=CARTESIAN_POINT('',(-3.5E0,4.325E0,-4.125E0));
#7328=LINE('',#7327,#7326);
#7329=DIRECTION('',(0.E0,0.E0,-1.E0));
#7330=VECTOR('',#7329,1.7E0);
#7331=CARTESIAN_POINT('',(3.5E0,4.325E0,-2.425E0));
#7332=LINE('',#7331,#7330);
#7333=DIRECTION('',(1.E0,0.E0,0.E0));
#7334=VECTOR('',#7333,7.E0);
#7335=CARTESIAN_POINT('',(-3.5E0,4.325E0,-2.425E0));
#7336=LINE('',#7335,#7334);
#7337=DIRECTION('',(0.E0,0.E0,1.E0));
#7338=VECTOR('',#7337,2.5E-1);
#7339=CARTESIAN_POINT('',(-3.95E0,3.875E0,-4.375E0));
#7340=LINE('',#7339,#7338);
#7341=CARTESIAN_POINT('',(-2.342893218813E0,-3.585E0,3.575E0));
#7342=CARTESIAN_POINT('',(2.342893218813E0,-3.585E0,3.575E0));
#7343=VERTEX_POINT('',#7341);
#7344=VERTEX_POINT('',#7342);
#7345=CARTESIAN_POINT('',(-3.6E0,-1.925E0,1.975E0));
#7346=CARTESIAN_POINT('',(-3.6E0,-1.185E0,1.975E0));
#7347=VERTEX_POINT('',#7345);
#7348=VERTEX_POINT('',#7346);
#7349=CARTESIAN_POINT('',(3.6E0,-1.925E0,1.975E0));
#7350=CARTESIAN_POINT('',(3.6E0,-1.185E0,1.975E0));
#7351=VERTEX_POINT('',#7349);
#7352=VERTEX_POINT('',#7350);
#7353=CARTESIAN_POINT('',(-2.6E0,3.665E0,-1.825E0));
#7354=CARTESIAN_POINT('',(-2.6E0,2.665E0,-1.825E0));
#7355=VERTEX_POINT('',#7353);
#7356=VERTEX_POINT('',#7354);
#7357=CARTESIAN_POINT('',(-1.8E0,2.665E0,-1.825E0));
#7358=VERTEX_POINT('',#7357);
#7359=CARTESIAN_POINT('',(-1.8E0,3.665E0,-1.825E0));
#7360=VERTEX_POINT('',#7359);
#7361=CARTESIAN_POINT('',(1.8E0,3.665E0,-1.825E0));
#7362=CARTESIAN_POINT('',(1.8E0,2.665E0,-1.825E0));
#7363=VERTEX_POINT('',#7361);
#7364=VERTEX_POINT('',#7362);
#7365=CARTESIAN_POINT('',(2.6E0,2.665E0,-1.825E0));
#7366=VERTEX_POINT('',#7365);
#7367=CARTESIAN_POINT('',(2.6E0,3.665E0,-1.825E0));
#7368=VERTEX_POINT('',#7367);
#7369=CARTESIAN_POINT('',(-1.8E0,3.665E0,4.25E-1));
#7370=VERTEX_POINT('',#7369);
#7371=CARTESIAN_POINT('',(1.8E0,3.665E0,4.25E-1));
#7372=VERTEX_POINT('',#7371);
#7373=CARTESIAN_POINT('',(4.45E0,3.665E0,-1.825E0));
#7374=VERTEX_POINT('',#7373);
#7375=CARTESIAN_POINT('',(-4.45E0,3.665E0,-1.825E0));
#7376=VERTEX_POINT('',#7375);
#7377=CARTESIAN_POINT('',(-3.6E0,-3.465E0,-9.75E-1));
#7378=CARTESIAN_POINT('',(-3.6E0,-2.375E0,-9.75E-1));
#7379=VERTEX_POINT('',#7377);
#7380=VERTEX_POINT('',#7378);
#7381=CARTESIAN_POINT('',(3.6E0,-3.465E0,-9.75E-1));
#7382=CARTESIAN_POINT('',(3.6E0,-2.375E0,-9.75E-1));
#7383=VERTEX_POINT('',#7381);
#7384=VERTEX_POINT('',#7382);
#7385=CARTESIAN_POINT('',(1.8E0,3.665E0,2.575E0));
#7386=CARTESIAN_POINT('',(-1.8E0,3.665E0,2.575E0));
#7387=VERTEX_POINT('',#7385);
#7388=VERTEX_POINT('',#7386);
#7389=CARTESIAN_POINT('',(-1.8E0,4.575E0,4.25E-1));
#7390=CARTESIAN_POINT('',(-1.8E0,4.575E0,1.795E0));
#7391=VERTEX_POINT('',#7389);
#7392=VERTEX_POINT('',#7390);
#7393=CARTESIAN_POINT('',(-1.55E0,4.575E0,2.045E0));
#7394=VERTEX_POINT('',#7393);
#7395=CARTESIAN_POINT('',(1.55E0,4.575E0,2.045E0));
#7396=VERTEX_POINT('',#7395);
#7397=CARTESIAN_POINT('',(1.8E0,4.575E0,1.795E0));
#7398=VERTEX_POINT('',#7397);
#7399=CARTESIAN_POINT('',(1.8E0,4.575E0,4.25E-1));
#7400=VERTEX_POINT('',#7399);
#7401=CARTESIAN_POINT('',(-1.55E0,3.665E0,2.045E0));
#7402=CARTESIAN_POINT('',(1.55E0,3.665E0,2.045E0));
#7403=VERTEX_POINT('',#7401);
#7404=VERTEX_POINT('',#7402);
#7405=CARTESIAN_POINT('',(-2.696446609407E0,-3.585E0,3.721446609407E0));
#7406=VERTEX_POINT('',#7405);
#7407=CARTESIAN_POINT('',(2.696446609407E0,-3.585E0,3.721446609407E0));
#7408=VERTEX_POINT('',#7407);
#7409=CARTESIAN_POINT('',(-2.342893218813E0,-4.425E0,3.575E0));
#7410=VERTEX_POINT('',#7409);
#7411=CARTESIAN_POINT('',(2.342893218813E0,-4.425E0,3.575E0));
#7412=VERTEX_POINT('',#7411);
#7413=CARTESIAN_POINT('',(-1.625E0,-3.585E0,-7.95E-1));
#7414=CARTESIAN_POINT('',(-1.625E0,-3.585E0,1.550393920142E0));
#7415=VERTEX_POINT('',#7413);
#7416=VERTEX_POINT('',#7414);
#7417=CARTESIAN_POINT('',(-1.375E0,-3.585E0,-7.95E-1));
#7418=CARTESIAN_POINT('',(-1.375E0,-3.585E0,1.550393920142E0));
#7419=VERTEX_POINT('',#7417);
#7420=VERTEX_POINT('',#7418);
#7421=CARTESIAN_POINT('',(-1.625E0,-3.465E0,-9.75E-1));
#7422=VERTEX_POINT('',#7421);
#7423=CARTESIAN_POINT('',(-1.375E0,-3.465E0,-9.75E-1));
#7424=VERTEX_POINT('',#7423);
#7425=CARTESIAN_POINT('',(-1.625E0,-3.145E0,-9.75E-1));
#7426=VERTEX_POINT('',#7425);
#7427=CARTESIAN_POINT('',(-1.375E0,-3.145E0,-9.75E-1));
#7428=VERTEX_POINT('',#7427);
#7429=CARTESIAN_POINT('',(-1.625E0,-2.225E0,-7.25E-1));
#7430=CARTESIAN_POINT('',(-1.625E0,-2.225E0,1.451685940766E0));
#7431=VERTEX_POINT('',#7429);
#7432=VERTEX_POINT('',#7430);
#7433=CARTESIAN_POINT('',(-1.375E0,-2.225E0,-7.25E-1));
#7434=CARTESIAN_POINT('',(-1.375E0,-2.225E0,1.451685940766E0));
#7435=VERTEX_POINT('',#7433);
#7436=VERTEX_POINT('',#7434);
#7437=CARTESIAN_POINT('',(-1.25E-1,-3.585E0,-7.95E-1));
#7438=CARTESIAN_POINT('',(-1.25E-1,-3.585E0,1.550393920142E0));
#7439=VERTEX_POINT('',#7437);
#7440=VERTEX_POINT('',#7438);
#7441=CARTESIAN_POINT('',(1.25E-1,-3.585E0,-7.95E-1));
#7442=CARTESIAN_POINT('',(1.25E-1,-3.585E0,1.550393920142E0));
#7443=VERTEX_POINT('',#7441);
#7444=VERTEX_POINT('',#7442);
#7445=CARTESIAN_POINT('',(-1.25E-1,-3.465E0,-9.75E-1));
#7446=VERTEX_POINT('',#7445);
#7447=CARTESIAN_POINT('',(1.25E-1,-3.465E0,-9.75E-1));
#7448=VERTEX_POINT('',#7447);
#7449=CARTESIAN_POINT('',(-1.25E-1,-3.145E0,-9.75E-1));
#7450=VERTEX_POINT('',#7449);
#7451=CARTESIAN_POINT('',(1.25E-1,-3.145E0,-9.75E-1));
#7452=VERTEX_POINT('',#7451);
#7453=CARTESIAN_POINT('',(-1.25E-1,-2.225E0,-7.25E-1));
#7454=CARTESIAN_POINT('',(-1.25E-1,-2.225E0,1.451685940766E0));
#7455=VERTEX_POINT('',#7453);
#7456=VERTEX_POINT('',#7454);
#7457=CARTESIAN_POINT('',(1.25E-1,-2.225E0,-7.25E-1));
#7458=CARTESIAN_POINT('',(1.25E-1,-2.225E0,1.451685940766E0));
#7459=VERTEX_POINT('',#7457);
#7460=VERTEX_POINT('',#7458);
#7461=CARTESIAN_POINT('',(4.45E0,-6.15E-1,-1.825E0));
#7462=CARTESIAN_POINT('',(4.39E0,-6.15E-1,-1.825E0));
#7463=VERTEX_POINT('',#7461);
#7464=VERTEX_POINT('',#7462);
#7465=CARTESIAN_POINT('',(4.39E0,-9.15E-1,-1.825E0));
#7466=VERTEX_POINT('',#7465);
#7467=CARTESIAN_POINT('',(4.45E0,-9.15E-1,-1.825E0));
#7468=VERTEX_POINT('',#7467);
#7469=CARTESIAN_POINT('',(-4.45E0,-9.15E-1,-1.825E0));
#7470=CARTESIAN_POINT('',(-4.39E0,-9.15E-1,-1.825E0));
#7471=VERTEX_POINT('',#7469);
#7472=VERTEX_POINT('',#7470);
#7473=CARTESIAN_POINT('',(-4.39E0,-6.15E-1,-1.825E0));
#7474=VERTEX_POINT('',#7473);
#7475=CARTESIAN_POINT('',(-4.45E0,-6.15E-1,-1.825E0));
#7476=VERTEX_POINT('',#7475);
#7477=CARTESIAN_POINT('',(1.8E0,3.665E0,1.795E0));
#7478=VERTEX_POINT('',#7477);
#7479=CARTESIAN_POINT('',(-4.45E0,-3.585E0,3.743163265306E0));
#7480=CARTESIAN_POINT('',(-3.9E0,-3.585E0,3.743163265306E0));
#7481=VERTEX_POINT('',#7479);
#7482=VERTEX_POINT('',#7480);
#7483=CARTESIAN_POINT('',(-3.6E0,-3.585E0,3.743163265306E0));
#7484=CARTESIAN_POINT('',(-2.718163265306E0,-3.585E0,3.743163265306E0));
#7485=VERTEX_POINT('',#7483);
#7486=VERTEX_POINT('',#7484);
#7487=CARTESIAN_POINT('',(2.718163265306E0,-3.585E0,3.743163265306E0));
#7488=CARTESIAN_POINT('',(3.6E0,-3.585E0,3.743163265306E0));
#7489=VERTEX_POINT('',#7487);
#7490=VERTEX_POINT('',#7488);
#7491=CARTESIAN_POINT('',(3.9E0,-3.585E0,3.743163265306E0));
#7492=CARTESIAN_POINT('',(4.45E0,-3.585E0,3.743163265306E0));
#7493=VERTEX_POINT('',#7491);
#7494=VERTEX_POINT('',#7492);
#7495=CARTESIAN_POINT('',(-3.9E0,-3.525E0,-1.825E0));
#7496=CARTESIAN_POINT('',(-3.9E0,-3.585E0,-1.825E0));
#7497=VERTEX_POINT('',#7495);
#7498=VERTEX_POINT('',#7496);
#7499=CARTESIAN_POINT('',(-3.6E0,-3.525E0,-1.825E0));
#7500=VERTEX_POINT('',#7499);
#7501=CARTESIAN_POINT('',(3.9E0,-3.525E0,-1.825E0));
#7502=CARTESIAN_POINT('',(3.6E0,-3.525E0,-1.825E0));
#7503=VERTEX_POINT('',#7501);
#7504=VERTEX_POINT('',#7502);
#7505=CARTESIAN_POINT('',(3.9E0,-3.585E0,-1.825E0));
#7506=VERTEX_POINT('',#7505);
#7507=CARTESIAN_POINT('',(-4.45E0,-3.585E0,-1.825E0));
#7508=VERTEX_POINT('',#7507);
#7509=CARTESIAN_POINT('',(4.45E0,-3.585E0,-1.825E0));
#7510=VERTEX_POINT('',#7509);
#7511=CARTESIAN_POINT('',(-3.6E0,-3.585E0,-7.95E-1));
#7512=VERTEX_POINT('',#7511);
#7513=CARTESIAN_POINT('',(3.6E0,-3.585E0,-7.95E-1));
#7514=VERTEX_POINT('',#7513);
#7515=CARTESIAN_POINT('',(-3.9E0,-3.525E0,3.655E0));
#7516=VERTEX_POINT('',#7515);
#7517=CARTESIAN_POINT('',(-3.6E0,-3.525E0,3.655E0));
#7518=CARTESIAN_POINT('',(-3.6E0,-3.525E0,-8.85E-1));
#7519=VERTEX_POINT('',#7517);
#7520=VERTEX_POINT('',#7518);
#7521=CARTESIAN_POINT('',(3.9E0,-3.525E0,3.655E0));
#7522=VERTEX_POINT('',#7521);
#7523=CARTESIAN_POINT('',(3.6E0,-3.525E0,3.655E0));
#7524=CARTESIAN_POINT('',(3.6E0,-3.525E0,-8.85E-1));
#7525=VERTEX_POINT('',#7523);
#7526=VERTEX_POINT('',#7524);
#7527=CARTESIAN_POINT('',(-3.125E0,-2.469983562183E0,9.468284019881E-1));
#7528=CARTESIAN_POINT('',(-3.125E0,-2.463053281121E0,8.925662552900E-1));
#7529=VERTEX_POINT('',#7527);
#7530=VERTEX_POINT('',#7528);
#7531=CARTESIAN_POINT('',(-3.125E0,-2.330573751031E0,7.371330530377E-1));
#7532=VERTEX_POINT('',#7531);
#7533=CARTESIAN_POINT('',(-3.125E0,-3.145E0,-8.65E-1));
#7534=CARTESIAN_POINT('',(-3.125E0,-3.315E0,-6.15E-1));
#7535=VERTEX_POINT('',#7533);
#7536=VERTEX_POINT('',#7534);
#7537=CARTESIAN_POINT('',(-3.125E0,-3.315E0,6.25E-1));
#7538=VERTEX_POINT('',#7537);
#7539=CARTESIAN_POINT('',(-3.125E0,-3.180016437817E0,9.031715980119E-1));
#7540=VERTEX_POINT('',#7539);
#7541=CARTESIAN_POINT('',(-3.125E0,-3.182592812507E0,9.514883077779E-1));
#7542=VERTEX_POINT('',#7541);
#7543=CARTESIAN_POINT('',(-3.125E0,-3.530185625014E0,1.507976615556E0));
#7544=VERTEX_POINT('',#7543);
#7545=CARTESIAN_POINT('',(-2.875E0,-2.469983562183E0,9.468284019881E-1));
#7546=CARTESIAN_POINT('',(-2.875E0,-2.463053281121E0,8.925662552900E-1));
#7547=VERTEX_POINT('',#7545);
#7548=VERTEX_POINT('',#7546);
#7549=CARTESIAN_POINT('',(-2.875E0,-2.330573751031E0,7.371330530377E-1));
#7550=VERTEX_POINT('',#7549);
#7551=CARTESIAN_POINT('',(-2.875E0,-3.145E0,-8.65E-1));
#7552=CARTESIAN_POINT('',(-2.875E0,-3.315E0,-6.15E-1));
#7553=VERTEX_POINT('',#7551);
#7554=VERTEX_POINT('',#7552);
#7555=CARTESIAN_POINT('',(-2.875E0,-3.315E0,6.25E-1));
#7556=VERTEX_POINT('',#7555);
#7557=CARTESIAN_POINT('',(-2.875E0,-3.180016437817E0,9.031715980119E-1));
#7558=VERTEX_POINT('',#7557);
#7559=CARTESIAN_POINT('',(-2.875E0,-3.182592812507E0,9.514883077779E-1));
#7560=VERTEX_POINT('',#7559);
#7561=CARTESIAN_POINT('',(-2.875E0,-3.530185625014E0,1.507976615556E0));
#7562=VERTEX_POINT('',#7561);
#7563=CARTESIAN_POINT('',(-3.125E0,-3.465E0,-9.75E-1));
#7564=CARTESIAN_POINT('',(-3.125E0,-3.145E0,-9.75E-1));
#7565=VERTEX_POINT('',#7563);
#7566=VERTEX_POINT('',#7564);
#7567=CARTESIAN_POINT('',(-2.875E0,-3.465E0,-9.75E-1));
#7568=CARTESIAN_POINT('',(-2.875E0,-3.145E0,-9.75E-1));
#7569=VERTEX_POINT('',#7567);
#7570=VERTEX_POINT('',#7568);
#7571=CARTESIAN_POINT('',(-1.625E0,-2.469983562183E0,9.468284019881E-1));
#7572=CARTESIAN_POINT('',(-1.625E0,-2.463053281121E0,8.925662552900E-1));
#7573=VERTEX_POINT('',#7571);
#7574=VERTEX_POINT('',#7572);
#7575=CARTESIAN_POINT('',(-1.625E0,-2.330573751031E0,7.371330530377E-1));
#7576=VERTEX_POINT('',#7575);
#7577=CARTESIAN_POINT('',(-1.625E0,-3.145E0,-8.65E-1));
#7578=CARTESIAN_POINT('',(-1.625E0,-3.315E0,-6.15E-1));
#7579=VERTEX_POINT('',#7577);
#7580=VERTEX_POINT('',#7578);
#7581=CARTESIAN_POINT('',(-1.625E0,-3.315E0,6.25E-1));
#7582=VERTEX_POINT('',#7581);
#7583=CARTESIAN_POINT('',(-1.625E0,-3.180016437817E0,9.031715980119E-1));
#7584=VERTEX_POINT('',#7583);
#7585=CARTESIAN_POINT('',(-1.625E0,-3.182592812507E0,9.514883077779E-1));
#7586=VERTEX_POINT('',#7585);
#7587=CARTESIAN_POINT('',(-1.625E0,-3.530185625014E0,1.507976615556E0));
#7588=VERTEX_POINT('',#7587);
#7589=CARTESIAN_POINT('',(-1.375E0,-2.469983562183E0,9.468284019881E-1));
#7590=CARTESIAN_POINT('',(-1.375E0,-2.463053281121E0,8.925662552900E-1));
#7591=VERTEX_POINT('',#7589);
#7592=VERTEX_POINT('',#7590);
#7593=CARTESIAN_POINT('',(-1.375E0,-2.330573751031E0,7.371330530377E-1));
#7594=VERTEX_POINT('',#7593);
#7595=CARTESIAN_POINT('',(-1.375E0,-3.145E0,-8.65E-1));
#7596=CARTESIAN_POINT('',(-1.375E0,-3.315E0,-6.15E-1));
#7597=VERTEX_POINT('',#7595);
#7598=VERTEX_POINT('',#7596);
#7599=CARTESIAN_POINT('',(-1.375E0,-3.315E0,6.25E-1));
#7600=VERTEX_POINT('',#7599);
#7601=CARTESIAN_POINT('',(-1.375E0,-3.180016437817E0,9.031715980119E-1));
#7602=VERTEX_POINT('',#7601);
#7603=CARTESIAN_POINT('',(-1.375E0,-3.182592812507E0,9.514883077779E-1));
#7604=VERTEX_POINT('',#7603);
#7605=CARTESIAN_POINT('',(-1.375E0,-3.530185625014E0,1.507976615556E0));
#7606=VERTEX_POINT('',#7605);
#7607=CARTESIAN_POINT('',(-1.25E-1,-2.469983562183E0,9.468284019881E-1));
#7608=CARTESIAN_POINT('',(-1.25E-1,-2.463053281121E0,8.925662552900E-1));
#7609=VERTEX_POINT('',#7607);
#7610=VERTEX_POINT('',#7608);
#7611=CARTESIAN_POINT('',(-1.25E-1,-2.330573751031E0,7.371330530377E-1));
#7612=VERTEX_POINT('',#7611);
#7613=CARTESIAN_POINT('',(-1.25E-1,-3.145E0,-8.65E-1));
#7614=CARTESIAN_POINT('',(-1.25E-1,-3.315E0,-6.15E-1));
#7615=VERTEX_POINT('',#7613);
#7616=VERTEX_POINT('',#7614);
#7617=CARTESIAN_POINT('',(-1.25E-1,-3.315E0,6.25E-1));
#7618=VERTEX_POINT('',#7617);
#7619=CARTESIAN_POINT('',(-1.25E-1,-3.180016437817E0,9.031715980119E-1));
#7620=VERTEX_POINT('',#7619);
#7621=CARTESIAN_POINT('',(-1.25E-1,-3.182592812507E0,9.514883077779E-1));
#7622=VERTEX_POINT('',#7621);
#7623=CARTESIAN_POINT('',(-1.25E-1,-3.530185625014E0,1.507976615556E0));
#7624=VERTEX_POINT('',#7623);
#7625=CARTESIAN_POINT('',(1.25E-1,-2.469983562183E0,9.468284019881E-1));
#7626=CARTESIAN_POINT('',(1.25E-1,-2.463053281121E0,8.925662552900E-1));
#7627=VERTEX_POINT('',#7625);
#7628=VERTEX_POINT('',#7626);
#7629=CARTESIAN_POINT('',(1.25E-1,-2.330573751031E0,7.371330530377E-1));
#7630=VERTEX_POINT('',#7629);
#7631=CARTESIAN_POINT('',(1.25E-1,-3.145E0,-8.65E-1));
#7632=CARTESIAN_POINT('',(1.25E-1,-3.315E0,-6.15E-1));
#7633=VERTEX_POINT('',#7631);
#7634=VERTEX_POINT('',#7632);
#7635=CARTESIAN_POINT('',(1.25E-1,-3.315E0,6.25E-1));
#7636=VERTEX_POINT('',#7635);
#7637=CARTESIAN_POINT('',(1.25E-1,-3.180016437817E0,9.031715980119E-1));
#7638=VERTEX_POINT('',#7637);
#7639=CARTESIAN_POINT('',(1.25E-1,-3.182592812507E0,9.514883077779E-1));
#7640=VERTEX_POINT('',#7639);
#7641=CARTESIAN_POINT('',(1.25E-1,-3.530185625014E0,1.507976615556E0));
#7642=VERTEX_POINT('',#7641);
#7643=CARTESIAN_POINT('',(1.375E0,-2.469983562183E0,9.468284019881E-1));
#7644=CARTESIAN_POINT('',(1.375E0,-2.463053281121E0,8.925662552900E-1));
#7645=VERTEX_POINT('',#7643);
#7646=VERTEX_POINT('',#7644);
#7647=CARTESIAN_POINT('',(1.375E0,-2.330573751031E0,7.371330530377E-1));
#7648=VERTEX_POINT('',#7647);
#7649=CARTESIAN_POINT('',(1.375E0,-3.145E0,-8.65E-1));
#7650=CARTESIAN_POINT('',(1.375E0,-3.315E0,-6.15E-1));
#7651=VERTEX_POINT('',#7649);
#7652=VERTEX_POINT('',#7650);
#7653=CARTESIAN_POINT('',(1.375E0,-3.315E0,6.25E-1));
#7654=VERTEX_POINT('',#7653);
#7655=CARTESIAN_POINT('',(1.375E0,-3.180016437817E0,9.031715980119E-1));
#7656=VERTEX_POINT('',#7655);
#7657=CARTESIAN_POINT('',(1.375E0,-3.182592812507E0,9.514883077779E-1));
#7658=VERTEX_POINT('',#7657);
#7659=CARTESIAN_POINT('',(1.375E0,-3.530185625014E0,1.507976615556E0));
#7660=VERTEX_POINT('',#7659);
#7661=CARTESIAN_POINT('',(1.625E0,-2.469983562183E0,9.468284019881E-1));
#7662=CARTESIAN_POINT('',(1.625E0,-2.463053281121E0,8.925662552900E-1));
#7663=VERTEX_POINT('',#7661);
#7664=VERTEX_POINT('',#7662);
#7665=CARTESIAN_POINT('',(1.625E0,-2.330573751031E0,7.371330530377E-1));
#7666=VERTEX_POINT('',#7665);
#7667=CARTESIAN_POINT('',(1.625E0,-3.145E0,-8.65E-1));
#7668=CARTESIAN_POINT('',(1.625E0,-3.315E0,-6.15E-1));
#7669=VERTEX_POINT('',#7667);
#7670=VERTEX_POINT('',#7668);
#7671=CARTESIAN_POINT('',(1.625E0,-3.315E0,6.25E-1));
#7672=VERTEX_POINT('',#7671);
#7673=CARTESIAN_POINT('',(1.625E0,-3.180016437817E0,9.031715980119E-1));
#7674=VERTEX_POINT('',#7673);
#7675=CARTESIAN_POINT('',(1.625E0,-3.182592812507E0,9.514883077779E-1));
#7676=VERTEX_POINT('',#7675);
#7677=CARTESIAN_POINT('',(1.625E0,-3.530185625014E0,1.507976615556E0));
#7678=VERTEX_POINT('',#7677);
#7679=CARTESIAN_POINT('',(1.375E0,-3.465E0,-9.75E-1));
#7680=CARTESIAN_POINT('',(1.375E0,-3.145E0,-9.75E-1));
#7681=VERTEX_POINT('',#7679);
#7682=VERTEX_POINT('',#7680);
#7683=CARTESIAN_POINT('',(1.625E0,-3.465E0,-9.75E-1));
#7684=CARTESIAN_POINT('',(1.625E0,-3.145E0,-9.75E-1));
#7685=VERTEX_POINT('',#7683);
#7686=VERTEX_POINT('',#7684);
#7687=CARTESIAN_POINT('',(2.875E0,-2.469983562183E0,9.468284019881E-1));
#7688=CARTESIAN_POINT('',(2.875E0,-2.463053281121E0,8.925662552900E-1));
#7689=VERTEX_POINT('',#7687);
#7690=VERTEX_POINT('',#7688);
#7691=CARTESIAN_POINT('',(2.875E0,-2.330573751031E0,7.371330530377E-1));
#7692=VERTEX_POINT('',#7691);
#7693=CARTESIAN_POINT('',(2.875E0,-3.145E0,-8.65E-1));
#7694=CARTESIAN_POINT('',(2.875E0,-3.315E0,-6.15E-1));
#7695=VERTEX_POINT('',#7693);
#7696=VERTEX_POINT('',#7694);
#7697=CARTESIAN_POINT('',(2.875E0,-3.315E0,6.25E-1));
#7698=VERTEX_POINT('',#7697);
#7699=CARTESIAN_POINT('',(2.875E0,-3.180016437817E0,9.031715980119E-1));
#7700=VERTEX_POINT('',#7699);
#7701=CARTESIAN_POINT('',(2.875E0,-3.182592812507E0,9.514883077779E-1));
#7702=VERTEX_POINT('',#7701);
#7703=CARTESIAN_POINT('',(2.875E0,-3.530185625014E0,1.507976615556E0));
#7704=VERTEX_POINT('',#7703);
#7705=CARTESIAN_POINT('',(3.125E0,-2.469983562183E0,9.468284019881E-1));
#7706=CARTESIAN_POINT('',(3.125E0,-2.463053281121E0,8.925662552900E-1));
#7707=VERTEX_POINT('',#7705);
#7708=VERTEX_POINT('',#7706);
#7709=CARTESIAN_POINT('',(3.125E0,-2.330573751031E0,7.371330530377E-1));
#7710=VERTEX_POINT('',#7709);
#7711=CARTESIAN_POINT('',(3.125E0,-3.145E0,-8.65E-1));
#7712=CARTESIAN_POINT('',(3.125E0,-3.315E0,-6.15E-1));
#7713=VERTEX_POINT('',#7711);
#7714=VERTEX_POINT('',#7712);
#7715=CARTESIAN_POINT('',(3.125E0,-3.315E0,6.25E-1));
#7716=VERTEX_POINT('',#7715);
#7717=CARTESIAN_POINT('',(3.125E0,-3.180016437817E0,9.031715980119E-1));
#7718=VERTEX_POINT('',#7717);
#7719=CARTESIAN_POINT('',(3.125E0,-3.182592812507E0,9.514883077779E-1));
#7720=VERTEX_POINT('',#7719);
#7721=CARTESIAN_POINT('',(3.125E0,-3.530185625014E0,1.507976615556E0));
#7722=VERTEX_POINT('',#7721);
#7723=CARTESIAN_POINT('',(2.875E0,-3.465E0,-9.75E-1));
#7724=CARTESIAN_POINT('',(2.875E0,-3.145E0,-9.75E-1));
#7725=VERTEX_POINT('',#7723);
#7726=VERTEX_POINT('',#7724);
#7727=CARTESIAN_POINT('',(3.125E0,-3.465E0,-9.75E-1));
#7728=CARTESIAN_POINT('',(3.125E0,-3.145E0,-9.75E-1));
#7729=VERTEX_POINT('',#7727);
#7730=VERTEX_POINT('',#7728);
#7731=CARTESIAN_POINT('',(-3.6E0,-7.65E-1,-9.75E-1));
#7732=CARTESIAN_POINT('',(-3.6E0,3.25E-1,-9.75E-1));
#7733=VERTEX_POINT('',#7731);
#7734=VERTEX_POINT('',#7732);
#7735=CARTESIAN_POINT('',(3.6E0,-7.65E-1,-9.75E-1));
#7736=CARTESIAN_POINT('',(3.6E0,3.25E-1,-9.75E-1));
#7737=VERTEX_POINT('',#7735);
#7738=VERTEX_POINT('',#7736);
#7739=CARTESIAN_POINT('',(-3.6E0,7.75E-1,1.975E0));
#7740=CARTESIAN_POINT('',(-3.6E0,1.225E0,1.975E0));
#7741=VERTEX_POINT('',#7739);
#7742=VERTEX_POINT('',#7740);
#7743=CARTESIAN_POINT('',(3.6E0,7.75E-1,1.975E0));
#7744=CARTESIAN_POINT('',(3.6E0,1.225E0,1.975E0));
#7745=VERTEX_POINT('',#7743);
#7746=VERTEX_POINT('',#7744);
#7747=CARTESIAN_POINT('',(5.9E0,-4.575E0,-2.875E0));
#7748=CARTESIAN_POINT('',(5.9E0,-4.255E0,-2.875E0));
#7749=VERTEX_POINT('',#7747);
#7750=VERTEX_POINT('',#7748);
#7751=CARTESIAN_POINT('',(5.9E0,-4.055E0,-2.675E0));
#7752=VERTEX_POINT('',#7751);
#7753=CARTESIAN_POINT('',(5.9E0,-4.055E0,-1.525E0));
#7754=VERTEX_POINT('',#7753);
#7755=CARTESIAN_POINT('',(5.9E0,-3.755E0,-1.225E0));
#7756=VERTEX_POINT('',#7755);
#7757=CARTESIAN_POINT('',(5.9E0,-3.755E0,5.25E-1));
#7758=VERTEX_POINT('',#7757);
#7759=CARTESIAN_POINT('',(5.9E0,-3.455E0,8.25E-1));
#7760=VERTEX_POINT('',#7759);
#7761=CARTESIAN_POINT('',(5.9E0,4.575E0,8.25E-1));
#7762=VERTEX_POINT('',#7761);
#7763=CARTESIAN_POINT('',(5.E0,4.575E0,-3.125E0));
#7764=CARTESIAN_POINT('',(5.E0,4.575E0,-4.375E0));
#7765=VERTEX_POINT('',#7763);
#7766=VERTEX_POINT('',#7764);
#7767=CARTESIAN_POINT('',(5.E0,4.575E0,8.25E-1));
#7768=VERTEX_POINT('',#7767);
#7769=CARTESIAN_POINT('',(5.E0,-2.985E0,4.375E0));
#7770=CARTESIAN_POINT('',(5.E0,-2.785E0,4.175E0));
#7771=VERTEX_POINT('',#7769);
#7772=VERTEX_POINT('',#7770);
#7773=CARTESIAN_POINT('',(5.E0,-2.785E0,3.775E0));
#7774=VERTEX_POINT('',#7773);
#7775=CARTESIAN_POINT('',(5.E0,-2.585E0,3.575E0));
#7776=VERTEX_POINT('',#7775);
#7777=CARTESIAN_POINT('',(5.E0,4.575E0,3.575E0));
#7778=VERTEX_POINT('',#7777);
#7779=CARTESIAN_POINT('',(5.9E0,-4.575E0,-4.375E0));
#7780=VERTEX_POINT('',#7779);
#7781=CARTESIAN_POINT('',(5.9E0,4.575E0,-3.125E0));
#7782=VERTEX_POINT('',#7781);
#7783=CARTESIAN_POINT('',(-5.9E0,-4.575E0,-2.875E0));
#7784=CARTESIAN_POINT('',(-5.9E0,-4.255E0,-2.875E0));
#7785=VERTEX_POINT('',#7783);
#7786=VERTEX_POINT('',#7784);
#7787=CARTESIAN_POINT('',(-5.9E0,-4.055E0,-2.675E0));
#7788=VERTEX_POINT('',#7787);
#7789=CARTESIAN_POINT('',(-5.9E0,-4.055E0,-1.525E0));
#7790=VERTEX_POINT('',#7789);
#7791=CARTESIAN_POINT('',(-5.9E0,-3.755E0,-1.225E0));
#7792=VERTEX_POINT('',#7791);
#7793=CARTESIAN_POINT('',(-5.9E0,-3.755E0,5.25E-1));
#7794=VERTEX_POINT('',#7793);
#7795=CARTESIAN_POINT('',(-5.9E0,-3.455E0,8.25E-1));
#7796=VERTEX_POINT('',#7795);
#7797=CARTESIAN_POINT('',(-5.9E0,4.575E0,8.25E-1));
#7798=VERTEX_POINT('',#7797);
#7799=CARTESIAN_POINT('',(-5.E0,4.575E0,-3.125E0));
#7800=CARTESIAN_POINT('',(-5.E0,4.575E0,-4.375E0));
#7801=VERTEX_POINT('',#7799);
#7802=VERTEX_POINT('',#7800);
#7803=CARTESIAN_POINT('',(-5.E0,4.575E0,8.25E-1));
#7804=VERTEX_POINT('',#7803);
#7805=CARTESIAN_POINT('',(-5.E0,-2.985E0,4.375E0));
#7806=CARTESIAN_POINT('',(-5.E0,-2.785E0,4.175E0));
#7807=VERTEX_POINT('',#7805);
#7808=VERTEX_POINT('',#7806);
#7809=CARTESIAN_POINT('',(-5.E0,-2.785E0,3.775E0));
#7810=VERTEX_POINT('',#7809);
#7811=CARTESIAN_POINT('',(-5.E0,-2.585E0,3.575E0));
#7812=VERTEX_POINT('',#7811);
#7813=CARTESIAN_POINT('',(-5.E0,4.575E0,3.575E0));
#7814=VERTEX_POINT('',#7813);
#7815=CARTESIAN_POINT('',(-5.9E0,-4.575E0,-4.375E0));
#7816=VERTEX_POINT('',#7815);
#7817=CARTESIAN_POINT('',(-5.9E0,4.575E0,-3.125E0));
#7818=VERTEX_POINT('',#7817);
#7819=CARTESIAN_POINT('',(3.75E0,-4.575E0,4.375E0));
#7820=CARTESIAN_POINT('',(3.75E0,-4.425E0,4.375E0));
#7821=VERTEX_POINT('',#7819);
#7822=VERTEX_POINT('',#7820);
#7823=CARTESIAN_POINT('',(-3.75E0,-4.575E0,4.375E0));
#7824=CARTESIAN_POINT('',(-3.75E0,-4.425E0,4.375E0));
#7825=VERTEX_POINT('',#7823);
#7826=VERTEX_POINT('',#7824);
#7827=CARTESIAN_POINT('',(3.35E0,-4.015E0,4.375E0));
#7828=VERTEX_POINT('',#7827);
#7829=CARTESIAN_POINT('',(-3.35E0,-4.015E0,4.375E0));
#7830=VERTEX_POINT('',#7829);
#7831=CARTESIAN_POINT('',(5.E0,-3.175E0,-2.875E0));
#7832=CARTESIAN_POINT('',(5.E0,-3.175E0,2.25E-1));
#7833=VERTEX_POINT('',#7831);
#7834=VERTEX_POINT('',#7832);
#7835=CARTESIAN_POINT('',(5.E0,3.205E0,-3.95E-1));
#7836=CARTESIAN_POINT('',(5.E0,3.355E0,-2.45E-1));
#7837=VERTEX_POINT('',#7835);
#7838=VERTEX_POINT('',#7836);
#7839=CARTESIAN_POINT('',(5.E0,3.355E0,6.25E-1));
#7840=VERTEX_POINT('',#7839);
#7841=CARTESIAN_POINT('',(5.45E0,-3.175E0,2.25E-1));
#7842=CARTESIAN_POINT('',(5.45E0,-3.175E0,-2.875E0));
#7843=VERTEX_POINT('',#7841);
#7844=VERTEX_POINT('',#7842);
#7845=CARTESIAN_POINT('',(5.45E0,3.355E0,-2.45E-1));
#7846=CARTESIAN_POINT('',(5.45E0,3.205E0,-3.95E-1));
#7847=VERTEX_POINT('',#7845);
#7848=VERTEX_POINT('',#7846);
#7849=CARTESIAN_POINT('',(5.45E0,3.355E0,6.25E-1));
#7850=VERTEX_POINT('',#7849);
#7851=CARTESIAN_POINT('',(5.45E0,-4.255E0,-2.875E0));
#7852=CARTESIAN_POINT('',(5.45E0,-4.055E0,-2.675E0));
#7853=VERTEX_POINT('',#7851);
#7854=VERTEX_POINT('',#7852);
#7855=CARTESIAN_POINT('',(5.45E0,-4.055E0,-1.525E0));
#7856=VERTEX_POINT('',#7855);
#7857=CARTESIAN_POINT('',(5.45E0,-3.755E0,-1.225E0));
#7858=VERTEX_POINT('',#7857);
#7859=CARTESIAN_POINT('',(5.45E0,-3.755E0,5.25E-1));
#7860=VERTEX_POINT('',#7859);
#7861=CARTESIAN_POINT('',(5.45E0,-3.455E0,8.25E-1));
#7862=VERTEX_POINT('',#7861);
#7863=CARTESIAN_POINT('',(5.45E0,-2.575E0,8.25E-1));
#7864=VERTEX_POINT('',#7863);
#7865=CARTESIAN_POINT('',(5.45E0,-1.475E0,8.25E-1));
#7866=CARTESIAN_POINT('',(5.45E0,3.555E0,8.25E-1));
#7867=VERTEX_POINT('',#7865);
#7868=VERTEX_POINT('',#7866);
#7869=CARTESIAN_POINT('',(5.E0,-2.575E0,8.25E-1));
#7870=VERTEX_POINT('',#7869);
#7871=CARTESIAN_POINT('',(5.E0,-1.475E0,8.25E-1));
#7872=VERTEX_POINT('',#7871);
#7873=CARTESIAN_POINT('',(5.E0,3.555E0,8.25E-1));
#7874=VERTEX_POINT('',#7873);
#7875=CARTESIAN_POINT('',(5.45E0,-1.125E0,4.75E-1));
#7876=VERTEX_POINT('',#7875);
#7877=CARTESIAN_POINT('',(5.E0,-2.255E0,-3.125E0));
#7878=CARTESIAN_POINT('',(5.E0,-2.655E0,-3.525E0));
#7879=VERTEX_POINT('',#7877);
#7880=VERTEX_POINT('',#7878);
#7881=CARTESIAN_POINT('',(-5.E0,-2.255E0,-3.125E0));
#7882=CARTESIAN_POINT('',(-5.E0,-2.655E0,-3.525E0));
#7883=VERTEX_POINT('',#7881);
#7884=VERTEX_POINT('',#7882);
#7885=CARTESIAN_POINT('',(4.9E0,-1.175E0,-1.805E0));
#7886=CARTESIAN_POINT('',(4.9E0,3.255E0,-1.805E0));
#7887=VERTEX_POINT('',#7885);
#7888=VERTEX_POINT('',#7886);
#7889=CARTESIAN_POINT('',(5.56E0,-1.175E0,-1.805E0));
#7890=CARTESIAN_POINT('',(5.56E0,3.255E0,-1.805E0));
#7891=VERTEX_POINT('',#7889);
#7892=VERTEX_POINT('',#7890);
#7893=CARTESIAN_POINT('',(5.E0,3.205E0,-1.805E0));
#7894=CARTESIAN_POINT('',(5.45E0,3.205E0,-1.805E0));
#7895=VERTEX_POINT('',#7893);
#7896=VERTEX_POINT('',#7894);
#7897=CARTESIAN_POINT('',(5.56E0,-1.175E0,-3.125E0));
#7898=CARTESIAN_POINT('',(5.56E0,3.255E0,-3.125E0));
#7899=VERTEX_POINT('',#7897);
#7900=VERTEX_POINT('',#7898);
#7901=CARTESIAN_POINT('',(5.E0,-1.175E0,-3.125E0));
#7902=VERTEX_POINT('',#7901);
#7903=CARTESIAN_POINT('',(5.E0,3.255E0,-3.125E0));
#7904=VERTEX_POINT('',#7903);
#7905=CARTESIAN_POINT('',(5.45E0,-1.125E0,-1.805E0));
#7906=VERTEX_POINT('',#7905);
#7907=CARTESIAN_POINT('',(5.E0,-2.655E0,-4.075E0));
#7908=CARTESIAN_POINT('',(5.9E0,-2.655E0,-4.075E0));
#7909=VERTEX_POINT('',#7907);
#7910=VERTEX_POINT('',#7908);
#7911=CARTESIAN_POINT('',(-5.E0,-2.655E0,-4.075E0));
#7912=CARTESIAN_POINT('',(-5.9E0,-2.655E0,-4.075E0));
#7913=VERTEX_POINT('',#7911);
#7914=VERTEX_POINT('',#7912);
#7915=CARTESIAN_POINT('',(5.9E0,-3.325E0,-4.375E0));
#7916=VERTEX_POINT('',#7915);
#7917=CARTESIAN_POINT('',(-5.9E0,-3.325E0,-4.375E0));
#7918=VERTEX_POINT('',#7917);
#7919=CARTESIAN_POINT('',(-5.E0,-3.325E0,-4.075E0));
#7920=CARTESIAN_POINT('',(-5.9E0,-3.325E0,-4.075E0));
#7921=VERTEX_POINT('',#7919);
#7922=VERTEX_POINT('',#7920);
#7923=CARTESIAN_POINT('',(2.696446609407E0,-4.425E0,3.721446609407E0));
#7924=VERTEX_POINT('',#7923);
#7925=CARTESIAN_POINT('',(3.35E0,-4.425E0,4.375E0));
#7926=VERTEX_POINT('',#7925);
#7927=CARTESIAN_POINT('',(-3.35E0,-4.425E0,4.375E0));
#7928=CARTESIAN_POINT('',(-2.696446609407E0,-4.425E0,3.721446609407E0));
#7929=VERTEX_POINT('',#7927);
#7930=VERTEX_POINT('',#7928);
#7931=CARTESIAN_POINT('',(-4.9E0,3.255E0,-1.805E0));
#7932=CARTESIAN_POINT('',(-4.9E0,-1.175E0,-1.805E0));
#7933=VERTEX_POINT('',#7931);
#7934=VERTEX_POINT('',#7932);
#7935=CARTESIAN_POINT('',(-5.56E0,3.255E0,-1.805E0));
#7936=CARTESIAN_POINT('',(-5.56E0,-1.175E0,-1.805E0));
#7937=VERTEX_POINT('',#7935);
#7938=VERTEX_POINT('',#7936);
#7939=CARTESIAN_POINT('',(-5.56E0,-1.175E0,-3.125E0));
#7940=CARTESIAN_POINT('',(-5.56E0,3.255E0,-3.125E0));
#7941=VERTEX_POINT('',#7939);
#7942=VERTEX_POINT('',#7940);
#7943=CARTESIAN_POINT('',(-5.E0,-1.175E0,-3.125E0));
#7944=VERTEX_POINT('',#7943);
#7945=CARTESIAN_POINT('',(-5.E0,3.255E0,-3.125E0));
#7946=VERTEX_POINT('',#7945);
#7947=CARTESIAN_POINT('',(5.E0,-1.125E0,-4.025E0));
#7948=CARTESIAN_POINT('',(5.E0,-9.75E-1,-4.425E0));
#7949=VERTEX_POINT('',#7947);
#7950=VERTEX_POINT('',#7948);
#7951=CARTESIAN_POINT('',(5.E0,3.025E0,-4.425E0));
#7952=VERTEX_POINT('',#7951);
#7953=CARTESIAN_POINT('',(5.E0,3.175E0,-4.025E0));
#7954=VERTEX_POINT('',#7953);
#7955=CARTESIAN_POINT('',(5.4E0,-3.275E0,3.375E0));
#7956=CARTESIAN_POINT('',(5.4E0,-3.375E0,3.475E0));
#7957=VERTEX_POINT('',#7955);
#7958=VERTEX_POINT('',#7956);
#7959=CARTESIAN_POINT('',(5.4E0,-3.375E0,3.725E0));
#7960=VERTEX_POINT('',#7959);
#7961=CARTESIAN_POINT('',(5.4E0,-4.225E0,3.725E0));
#7962=VERTEX_POINT('',#7961);
#7963=CARTESIAN_POINT('',(5.4E0,-4.225E0,-2.175E0));
#7964=CARTESIAN_POINT('',(5.4E0,-4.115E0,-2.275E0));
#7965=VERTEX_POINT('',#7963);
#7966=VERTEX_POINT('',#7964);
#7967=CARTESIAN_POINT('',(5.4E0,-3.565E0,-2.275E0));
#7968=VERTEX_POINT('',#7967);
#7969=CARTESIAN_POINT('',(5.4E0,-3.465E0,-2.175E0));
#7970=VERTEX_POINT('',#7969);
#7971=CARTESIAN_POINT('',(5.4E0,-3.465E0,-1.875E0));
#7972=VERTEX_POINT('',#7971);
#7973=CARTESIAN_POINT('',(5.4E0,-3.275E0,-1.515E0));
#7974=VERTEX_POINT('',#7973);
#7975=CARTESIAN_POINT('',(5.4E0,-3.275E0,8.75E-1));
#7976=VERTEX_POINT('',#7975);
#7977=CARTESIAN_POINT('',(5.4E0,-1.125E0,8.75E-1));
#7978=VERTEX_POINT('',#7977);
#7979=CARTESIAN_POINT('',(5.4E0,-1.125E0,-4.025E0));
#7980=CARTESIAN_POINT('',(5.4E0,-9.75E-1,-4.425E0));
#7981=VERTEX_POINT('',#7979);
#7982=VERTEX_POINT('',#7980);
#7983=CARTESIAN_POINT('',(5.4E0,3.025E0,-4.425E0));
#7984=VERTEX_POINT('',#7983);
#7985=CARTESIAN_POINT('',(5.4E0,3.175E0,-4.025E0));
#7986=VERTEX_POINT('',#7985);
#7987=CARTESIAN_POINT('',(5.4E0,3.175E0,1.35E-1));
#7988=VERTEX_POINT('',#7987);
#7989=CARTESIAN_POINT('',(5.4E0,3.315E0,2.75E-1));
#7990=VERTEX_POINT('',#7989);
#7991=CARTESIAN_POINT('',(5.4E0,3.315E0,8.75E-1));
#7992=VERTEX_POINT('',#7991);
#7993=CARTESIAN_POINT('',(5.4E0,3.775E0,8.75E-1));
#7994=VERTEX_POINT('',#7993);
#7995=CARTESIAN_POINT('',(5.4E0,3.775E0,2.385E0));
#7996=VERTEX_POINT('',#7995);
#7997=CARTESIAN_POINT('',(5.4E0,3.555E0,2.825E0));
#7998=VERTEX_POINT('',#7997);
#7999=CARTESIAN_POINT('',(5.4E0,3.555E0,3.225E0));
#8000=VERTEX_POINT('',#7999);
#8001=CARTESIAN_POINT('',(5.4E0,3.405E0,3.375E0));
#8002=VERTEX_POINT('',#8001);
#8003=CARTESIAN_POINT('',(5.E0,-1.125E0,4.75E-1));
#8004=CARTESIAN_POINT('',(5.4E0,-1.125E0,4.75E-1));
#8005=VERTEX_POINT('',#8003);
#8006=VERTEX_POINT('',#8004);
#8007=CARTESIAN_POINT('',(5.E0,3.175E0,-1.805E0));
#8008=CARTESIAN_POINT('',(5.E0,-1.125E0,-1.805E0));
#8009=VERTEX_POINT('',#8007);
#8010=VERTEX_POINT('',#8008);
#8011=CARTESIAN_POINT('',(5.4E0,-1.125E0,-1.805E0));
#8012=VERTEX_POINT('',#8011);
#8013=CARTESIAN_POINT('',(5.E0,-3.275E0,3.375E0));
#8014=VERTEX_POINT('',#8013);
#8015=CARTESIAN_POINT('',(5.E0,-3.375E0,3.475E0));
#8016=VERTEX_POINT('',#8015);
#8017=CARTESIAN_POINT('',(5.E0,-3.375E0,3.725E0));
#8018=VERTEX_POINT('',#8017);
#8019=CARTESIAN_POINT('',(5.E0,-4.225E0,3.725E0));
#8020=VERTEX_POINT('',#8019);
#8021=CARTESIAN_POINT('',(5.E0,-4.225E0,-2.175E0));
#8022=VERTEX_POINT('',#8021);
#8023=CARTESIAN_POINT('',(5.E0,-4.115E0,-2.275E0));
#8024=VERTEX_POINT('',#8023);
#8025=CARTESIAN_POINT('',(5.E0,-3.565E0,-2.275E0));
#8026=VERTEX_POINT('',#8025);
#8027=CARTESIAN_POINT('',(5.E0,-3.275E0,8.75E-1));
#8028=VERTEX_POINT('',#8027);
#8029=CARTESIAN_POINT('',(5.E0,-1.125E0,8.75E-1));
#8030=VERTEX_POINT('',#8029);
#8031=CARTESIAN_POINT('',(5.E0,3.175E0,1.35E-1));
#8032=VERTEX_POINT('',#8031);
#8033=CARTESIAN_POINT('',(5.E0,3.315E0,2.75E-1));
#8034=VERTEX_POINT('',#8033);
#8035=CARTESIAN_POINT('',(5.E0,3.315E0,8.75E-1));
#8036=VERTEX_POINT('',#8035);
#8037=CARTESIAN_POINT('',(5.E0,3.775E0,8.75E-1));
#8038=VERTEX_POINT('',#8037);
#8039=CARTESIAN_POINT('',(5.E0,3.775E0,2.385E0));
#8040=VERTEX_POINT('',#8039);
#8041=CARTESIAN_POINT('',(5.E0,3.555E0,2.825E0));
#8042=VERTEX_POINT('',#8041);
#8043=CARTESIAN_POINT('',(5.E0,3.555E0,3.225E0));
#8044=VERTEX_POINT('',#8043);
#8045=CARTESIAN_POINT('',(5.E0,3.405E0,3.375E0));
#8046=VERTEX_POINT('',#8045);
#8047=CARTESIAN_POINT('',(-5.E0,-1.125E0,-4.025E0));
#8048=CARTESIAN_POINT('',(-5.E0,-9.75E-1,-4.425E0));
#8049=VERTEX_POINT('',#8047);
#8050=VERTEX_POINT('',#8048);
#8051=CARTESIAN_POINT('',(-5.E0,3.025E0,-4.425E0));
#8052=VERTEX_POINT('',#8051);
#8053=CARTESIAN_POINT('',(-5.E0,3.175E0,-4.025E0));
#8054=VERTEX_POINT('',#8053);
#8055=CARTESIAN_POINT('',(-5.4E0,-3.275E0,3.375E0));
#8056=CARTESIAN_POINT('',(-5.4E0,-3.375E0,3.475E0));
#8057=VERTEX_POINT('',#8055);
#8058=VERTEX_POINT('',#8056);
#8059=CARTESIAN_POINT('',(-5.4E0,-3.375E0,3.725E0));
#8060=VERTEX_POINT('',#8059);
#8061=CARTESIAN_POINT('',(-5.4E0,-4.225E0,3.725E0));
#8062=VERTEX_POINT('',#8061);
#8063=CARTESIAN_POINT('',(-5.4E0,-4.225E0,-2.175E0));
#8064=CARTESIAN_POINT('',(-5.4E0,-4.115E0,-2.275E0));
#8065=VERTEX_POINT('',#8063);
#8066=VERTEX_POINT('',#8064);
#8067=CARTESIAN_POINT('',(-5.4E0,-3.565E0,-2.275E0));
#8068=VERTEX_POINT('',#8067);
#8069=CARTESIAN_POINT('',(-5.4E0,-3.465E0,-2.175E0));
#8070=VERTEX_POINT('',#8069);
#8071=CARTESIAN_POINT('',(-5.4E0,-3.465E0,-1.875E0));
#8072=VERTEX_POINT('',#8071);
#8073=CARTESIAN_POINT('',(-5.4E0,-3.275E0,-1.515E0));
#8074=VERTEX_POINT('',#8073);
#8075=CARTESIAN_POINT('',(-5.4E0,-3.275E0,8.75E-1));
#8076=VERTEX_POINT('',#8075);
#8077=CARTESIAN_POINT('',(-5.4E0,-1.125E0,8.75E-1));
#8078=VERTEX_POINT('',#8077);
#8079=CARTESIAN_POINT('',(-5.4E0,-1.125E0,-4.025E0));
#8080=CARTESIAN_POINT('',(-5.4E0,-9.75E-1,-4.425E0));
#8081=VERTEX_POINT('',#8079);
#8082=VERTEX_POINT('',#8080);
#8083=CARTESIAN_POINT('',(-5.4E0,3.025E0,-4.425E0));
#8084=VERTEX_POINT('',#8083);
#8085=CARTESIAN_POINT('',(-5.4E0,3.175E0,-4.025E0));
#8086=VERTEX_POINT('',#8085);
#8087=CARTESIAN_POINT('',(-5.4E0,3.175E0,1.35E-1));
#8088=VERTEX_POINT('',#8087);
#8089=CARTESIAN_POINT('',(-5.4E0,3.315E0,2.75E-1));
#8090=VERTEX_POINT('',#8089);
#8091=CARTESIAN_POINT('',(-5.4E0,3.315E0,8.75E-1));
#8092=VERTEX_POINT('',#8091);
#8093=CARTESIAN_POINT('',(-5.4E0,3.775E0,8.75E-1));
#8094=VERTEX_POINT('',#8093);
#8095=CARTESIAN_POINT('',(-5.4E0,3.775E0,2.385E0));
#8096=VERTEX_POINT('',#8095);
#8097=CARTESIAN_POINT('',(-5.4E0,3.555E0,2.825E0));
#8098=VERTEX_POINT('',#8097);
#8099=CARTESIAN_POINT('',(-5.4E0,3.555E0,3.225E0));
#8100=VERTEX_POINT('',#8099);
#8101=CARTESIAN_POINT('',(-5.4E0,3.405E0,3.375E0));
#8102=VERTEX_POINT('',#8101);
#8103=CARTESIAN_POINT('',(-5.E0,3.175E0,-1.805E0));
#8104=CARTESIAN_POINT('',(-5.E0,-1.125E0,-1.805E0));
#8105=VERTEX_POINT('',#8103);
#8106=VERTEX_POINT('',#8104);
#8107=CARTESIAN_POINT('',(-5.4E0,-1.125E0,-1.805E0));
#8108=VERTEX_POINT('',#8107);
#8109=CARTESIAN_POINT('',(-5.4E0,-1.125E0,4.75E-1));
#8110=VERTEX_POINT('',#8109);
#8111=CARTESIAN_POINT('',(-5.E0,-3.275E0,3.375E0));
#8112=VERTEX_POINT('',#8111);
#8113=CARTESIAN_POINT('',(-5.E0,-3.375E0,3.475E0));
#8114=VERTEX_POINT('',#8113);
#8115=CARTESIAN_POINT('',(-5.E0,-3.375E0,3.725E0));
#8116=VERTEX_POINT('',#8115);
#8117=CARTESIAN_POINT('',(-5.E0,-4.225E0,3.725E0));
#8118=VERTEX_POINT('',#8117);
#8119=CARTESIAN_POINT('',(-5.E0,-4.225E0,-2.175E0));
#8120=VERTEX_POINT('',#8119);
#8121=CARTESIAN_POINT('',(-5.E0,-4.115E0,-2.275E0));
#8122=VERTEX_POINT('',#8121);
#8123=CARTESIAN_POINT('',(-5.E0,-3.565E0,-2.275E0));
#8124=VERTEX_POINT('',#8123);
#8125=CARTESIAN_POINT('',(-5.E0,-3.275E0,8.75E-1));
#8126=VERTEX_POINT('',#8125);
#8127=CARTESIAN_POINT('',(-5.E0,-1.125E0,8.75E-1));
#8128=VERTEX_POINT('',#8127);
#8129=CARTESIAN_POINT('',(-5.E0,3.175E0,1.35E-1));
#8130=VERTEX_POINT('',#8129);
#8131=CARTESIAN_POINT('',(-5.E0,3.315E0,2.75E-1));
#8132=VERTEX_POINT('',#8131);
#8133=CARTESIAN_POINT('',(-5.E0,3.315E0,8.75E-1));
#8134=VERTEX_POINT('',#8133);
#8135=CARTESIAN_POINT('',(-5.E0,3.775E0,8.75E-1));
#8136=VERTEX_POINT('',#8135);
#8137=CARTESIAN_POINT('',(-5.E0,3.775E0,2.385E0));
#8138=VERTEX_POINT('',#8137);
#8139=CARTESIAN_POINT('',(-5.E0,3.555E0,2.825E0));
#8140=VERTEX_POINT('',#8139);
#8141=CARTESIAN_POINT('',(-5.E0,3.555E0,3.225E0));
#8142=VERTEX_POINT('',#8141);
#8143=CARTESIAN_POINT('',(-5.E0,3.405E0,3.375E0));
#8144=VERTEX_POINT('',#8143);
#8145=CARTESIAN_POINT('',(5.E0,-4.625E0,-9.75E-1));
#8146=CARTESIAN_POINT('',(5.4E0,-4.625E0,-9.75E-1));
#8147=VERTEX_POINT('',#8145);
#8148=VERTEX_POINT('',#8146);
#8149=CARTESIAN_POINT('',(5.E0,-4.625E0,2.675E0));
#8150=VERTEX_POINT('',#8149);
#8151=CARTESIAN_POINT('',(5.4E0,-4.625E0,2.675E0));
#8152=VERTEX_POINT('',#8151);
#8153=CARTESIAN_POINT('',(5.E0,-4.225E0,-1.175E0));
#8154=CARTESIAN_POINT('',(5.4E0,-4.225E0,-1.175E0));
#8155=VERTEX_POINT('',#8153);
#8156=VERTEX_POINT('',#8154);
#8157=CARTESIAN_POINT('',(5.4E0,-4.225E0,2.875E0));
#8158=CARTESIAN_POINT('',(5.E0,-4.225E0,2.875E0));
#8159=VERTEX_POINT('',#8157);
#8160=VERTEX_POINT('',#8158);
#8161=CARTESIAN_POINT('',(-5.4E0,-4.225E0,-1.175E0));
#8162=CARTESIAN_POINT('',(-5.E0,-4.225E0,-1.175E0));
#8163=VERTEX_POINT('',#8161);
#8164=VERTEX_POINT('',#8162);
#8165=CARTESIAN_POINT('',(-5.4E0,-4.625E0,-9.75E-1));
#8166=CARTESIAN_POINT('',(-5.E0,-4.625E0,-9.75E-1));
#8167=VERTEX_POINT('',#8165);
#8168=VERTEX_POINT('',#8166);
#8169=CARTESIAN_POINT('',(-5.E0,-4.225E0,2.875E0));
#8170=CARTESIAN_POINT('',(-5.4E0,-4.225E0,2.875E0));
#8171=VERTEX_POINT('',#8169);
#8172=VERTEX_POINT('',#8170);
#8173=CARTESIAN_POINT('',(-5.E0,-4.625E0,2.675E0));
#8174=CARTESIAN_POINT('',(-5.4E0,-4.625E0,2.675E0));
#8175=VERTEX_POINT('',#8173);
#8176=VERTEX_POINT('',#8174);
#8177=CARTESIAN_POINT('',(-3.5E0,4.325E0,-2.425E0));
#8178=CARTESIAN_POINT('',(3.5E0,4.325E0,-2.425E0));
#8179=VERTEX_POINT('',#8177);
#8180=VERTEX_POINT('',#8178);
#8181=CARTESIAN_POINT('',(-3.5E0,4.575E0,-4.125E0));
#8182=CARTESIAN_POINT('',(-3.5E0,4.575E0,-2.425E0));
#8183=VERTEX_POINT('',#8181);
#8184=VERTEX_POINT('',#8182);
#8185=CARTESIAN_POINT('',(3.5E0,4.575E0,-2.425E0));
#8186=VERTEX_POINT('',#8185);
#8187=CARTESIAN_POINT('',(3.5E0,4.575E0,-4.125E0));
#8188=VERTEX_POINT('',#8187);
#8189=CARTESIAN_POINT('',(-3.5E0,4.325E0,-4.125E0));
#8190=VERTEX_POINT('',#8189);
#8191=CARTESIAN_POINT('',(3.5E0,4.325E0,-4.125E0));
#8192=VERTEX_POINT('',#8191);
#8193=CARTESIAN_POINT('',(-3.125E0,-2.235E0,4.776630953573E-1));
#8194=VERTEX_POINT('',#8193);
#8195=CARTESIAN_POINT('',(-3.125E0,-3.815E0,-2.925E0));
#8196=CARTESIAN_POINT('',(-3.125E0,-4.075E0,-2.925E0));
#8197=VERTEX_POINT('',#8195);
#8198=VERTEX_POINT('',#8196);
#8199=CARTESIAN_POINT('',(-3.125E0,-4.625E0,-3.475E0));
#8200=VERTEX_POINT('',#8199);
#8201=CARTESIAN_POINT('',(-3.125E0,-4.025E0,-4.175E0));
#8202=CARTESIAN_POINT('',(-3.125E0,-3.775E0,-3.925E0));
#8203=VERTEX_POINT('',#8201);
#8204=VERTEX_POINT('',#8202);
#8205=CARTESIAN_POINT('',(-3.125E0,-2.255E0,-3.925E0));
#8206=VERTEX_POINT('',#8205);
#8207=CARTESIAN_POINT('',(-3.125E0,-2.255E0,-4.025E0));
#8208=VERTEX_POINT('',#8207);
#8209=CARTESIAN_POINT('',(-3.125E0,-1.855E0,-4.025E0));
#8210=VERTEX_POINT('',#8209);
#8211=CARTESIAN_POINT('',(-2.875E0,-2.235E0,4.776630953573E-1));
#8212=VERTEX_POINT('',#8211);
#8213=CARTESIAN_POINT('',(-2.875E0,-3.815E0,-2.925E0));
#8214=CARTESIAN_POINT('',(-2.875E0,-4.075E0,-2.925E0));
#8215=VERTEX_POINT('',#8213);
#8216=VERTEX_POINT('',#8214);
#8217=CARTESIAN_POINT('',(-2.875E0,-4.625E0,-3.475E0));
#8218=VERTEX_POINT('',#8217);
#8219=CARTESIAN_POINT('',(-2.875E0,-4.025E0,-4.175E0));
#8220=CARTESIAN_POINT('',(-2.875E0,-3.775E0,-3.925E0));
#8221=VERTEX_POINT('',#8219);
#8222=VERTEX_POINT('',#8220);
#8223=CARTESIAN_POINT('',(-2.875E0,-2.255E0,-3.925E0));
#8224=VERTEX_POINT('',#8223);
#8225=CARTESIAN_POINT('',(-2.875E0,-2.255E0,-4.025E0));
#8226=VERTEX_POINT('',#8225);
#8227=CARTESIAN_POINT('',(-2.875E0,-1.855E0,-4.025E0));
#8228=VERTEX_POINT('',#8227);
#8229=CARTESIAN_POINT('',(-3.125E0,-2.235E0,-7.416666666667E-1));
#8230=VERTEX_POINT('',#8229);
#8231=CARTESIAN_POINT('',(-2.875E0,-2.235E0,-7.416666666667E-1));
#8232=VERTEX_POINT('',#8231);
#8233=CARTESIAN_POINT('',(-1.625E0,-2.235E0,4.776630953573E-1));
#8234=VERTEX_POINT('',#8233);
#8235=CARTESIAN_POINT('',(-1.625E0,-3.815E0,-2.925E0));
#8236=CARTESIAN_POINT('',(-1.625E0,-4.075E0,-2.925E0));
#8237=VERTEX_POINT('',#8235);
#8238=VERTEX_POINT('',#8236);
#8239=CARTESIAN_POINT('',(-1.625E0,-4.625E0,-3.475E0));
#8240=VERTEX_POINT('',#8239);
#8241=CARTESIAN_POINT('',(-1.625E0,-4.025E0,-4.175E0));
#8242=CARTESIAN_POINT('',(-1.625E0,-3.775E0,-3.925E0));
#8243=VERTEX_POINT('',#8241);
#8244=VERTEX_POINT('',#8242);
#8245=CARTESIAN_POINT('',(-1.625E0,-2.255E0,-3.925E0));
#8246=VERTEX_POINT('',#8245);
#8247=CARTESIAN_POINT('',(-1.625E0,-2.255E0,-4.025E0));
#8248=VERTEX_POINT('',#8247);
#8249=CARTESIAN_POINT('',(-1.625E0,-1.855E0,-4.025E0));
#8250=VERTEX_POINT('',#8249);
#8251=CARTESIAN_POINT('',(-1.375E0,-2.235E0,4.776630953573E-1));
#8252=VERTEX_POINT('',#8251);
#8253=CARTESIAN_POINT('',(-1.375E0,-3.815E0,-2.925E0));
#8254=CARTESIAN_POINT('',(-1.375E0,-4.075E0,-2.925E0));
#8255=VERTEX_POINT('',#8253);
#8256=VERTEX_POINT('',#8254);
#8257=CARTESIAN_POINT('',(-1.375E0,-4.625E0,-3.475E0));
#8258=VERTEX_POINT('',#8257);
#8259=CARTESIAN_POINT('',(-1.375E0,-4.025E0,-4.175E0));
#8260=CARTESIAN_POINT('',(-1.375E0,-3.775E0,-3.925E0));
#8261=VERTEX_POINT('',#8259);
#8262=VERTEX_POINT('',#8260);
#8263=CARTESIAN_POINT('',(-1.375E0,-2.255E0,-3.925E0));
#8264=VERTEX_POINT('',#8263);
#8265=CARTESIAN_POINT('',(-1.375E0,-2.255E0,-4.025E0));
#8266=VERTEX_POINT('',#8265);
#8267=CARTESIAN_POINT('',(-1.375E0,-1.855E0,-4.025E0));
#8268=VERTEX_POINT('',#8267);
#8269=CARTESIAN_POINT('',(-1.625E0,-2.235E0,-7.416666666667E-1));
#8270=VERTEX_POINT('',#8269);
#8271=CARTESIAN_POINT('',(-1.375E0,-2.235E0,-7.416666666667E-1));
#8272=VERTEX_POINT('',#8271);
#8273=CARTESIAN_POINT('',(-1.25E-1,-2.235E0,4.776630953573E-1));
#8274=VERTEX_POINT('',#8273);
#8275=CARTESIAN_POINT('',(-1.25E-1,-3.815E0,-2.925E0));
#8276=CARTESIAN_POINT('',(-1.25E-1,-4.075E0,-2.925E0));
#8277=VERTEX_POINT('',#8275);
#8278=VERTEX_POINT('',#8276);
#8279=CARTESIAN_POINT('',(-1.25E-1,-4.625E0,-3.475E0));
#8280=VERTEX_POINT('',#8279);
#8281=CARTESIAN_POINT('',(-1.25E-1,-4.025E0,-4.175E0));
#8282=CARTESIAN_POINT('',(-1.25E-1,-3.775E0,-3.925E0));
#8283=VERTEX_POINT('',#8281);
#8284=VERTEX_POINT('',#8282);
#8285=CARTESIAN_POINT('',(-1.25E-1,-2.255E0,-3.925E0));
#8286=VERTEX_POINT('',#8285);
#8287=CARTESIAN_POINT('',(-1.25E-1,-2.255E0,-4.025E0));
#8288=VERTEX_POINT('',#8287);
#8289=CARTESIAN_POINT('',(-1.25E-1,-1.855E0,-4.025E0));
#8290=VERTEX_POINT('',#8289);
#8291=CARTESIAN_POINT('',(1.25E-1,-2.235E0,4.776630953573E-1));
#8292=VERTEX_POINT('',#8291);
#8293=CARTESIAN_POINT('',(1.25E-1,-3.815E0,-2.925E0));
#8294=CARTESIAN_POINT('',(1.25E-1,-4.075E0,-2.925E0));
#8295=VERTEX_POINT('',#8293);
#8296=VERTEX_POINT('',#8294);
#8297=CARTESIAN_POINT('',(1.25E-1,-4.625E0,-3.475E0));
#8298=VERTEX_POINT('',#8297);
#8299=CARTESIAN_POINT('',(1.25E-1,-4.025E0,-4.175E0));
#8300=CARTESIAN_POINT('',(1.25E-1,-3.775E0,-3.925E0));
#8301=VERTEX_POINT('',#8299);
#8302=VERTEX_POINT('',#8300);
#8303=CARTESIAN_POINT('',(1.25E-1,-2.255E0,-3.925E0));
#8304=VERTEX_POINT('',#8303);
#8305=CARTESIAN_POINT('',(1.25E-1,-2.255E0,-4.025E0));
#8306=VERTEX_POINT('',#8305);
#8307=CARTESIAN_POINT('',(1.25E-1,-1.855E0,-4.025E0));
#8308=VERTEX_POINT('',#8307);
#8309=CARTESIAN_POINT('',(-1.25E-1,-2.235E0,-7.416666666667E-1));
#8310=VERTEX_POINT('',#8309);
#8311=CARTESIAN_POINT('',(1.25E-1,-2.235E0,-7.416666666667E-1));
#8312=VERTEX_POINT('',#8311);
#8313=CARTESIAN_POINT('',(1.375E0,-2.235E0,4.776630953573E-1));
#8314=VERTEX_POINT('',#8313);
#8315=CARTESIAN_POINT('',(1.375E0,-3.815E0,-2.925E0));
#8316=CARTESIAN_POINT('',(1.375E0,-4.075E0,-2.925E0));
#8317=VERTEX_POINT('',#8315);
#8318=VERTEX_POINT('',#8316);
#8319=CARTESIAN_POINT('',(1.375E0,-4.625E0,-3.475E0));
#8320=VERTEX_POINT('',#8319);
#8321=CARTESIAN_POINT('',(1.375E0,-4.025E0,-4.175E0));
#8322=CARTESIAN_POINT('',(1.375E0,-3.775E0,-3.925E0));
#8323=VERTEX_POINT('',#8321);
#8324=VERTEX_POINT('',#8322);
#8325=CARTESIAN_POINT('',(1.375E0,-2.255E0,-3.925E0));
#8326=VERTEX_POINT('',#8325);
#8327=CARTESIAN_POINT('',(1.375E0,-2.255E0,-4.025E0));
#8328=VERTEX_POINT('',#8327);
#8329=CARTESIAN_POINT('',(1.375E0,-1.855E0,-4.025E0));
#8330=VERTEX_POINT('',#8329);
#8331=CARTESIAN_POINT('',(1.625E0,-2.235E0,4.776630953573E-1));
#8332=VERTEX_POINT('',#8331);
#8333=CARTESIAN_POINT('',(1.625E0,-3.815E0,-2.925E0));
#8334=CARTESIAN_POINT('',(1.625E0,-4.075E0,-2.925E0));
#8335=VERTEX_POINT('',#8333);
#8336=VERTEX_POINT('',#8334);
#8337=CARTESIAN_POINT('',(1.625E0,-4.625E0,-3.475E0));
#8338=VERTEX_POINT('',#8337);
#8339=CARTESIAN_POINT('',(1.625E0,-4.025E0,-4.175E0));
#8340=CARTESIAN_POINT('',(1.625E0,-3.775E0,-3.925E0));
#8341=VERTEX_POINT('',#8339);
#8342=VERTEX_POINT('',#8340);
#8343=CARTESIAN_POINT('',(1.625E0,-2.255E0,-3.925E0));
#8344=VERTEX_POINT('',#8343);
#8345=CARTESIAN_POINT('',(1.625E0,-2.255E0,-4.025E0));
#8346=VERTEX_POINT('',#8345);
#8347=CARTESIAN_POINT('',(1.625E0,-1.855E0,-4.025E0));
#8348=VERTEX_POINT('',#8347);
#8349=CARTESIAN_POINT('',(1.375E0,-2.235E0,-7.416666666667E-1));
#8350=VERTEX_POINT('',#8349);
#8351=CARTESIAN_POINT('',(1.625E0,-2.235E0,-7.416666666667E-1));
#8352=VERTEX_POINT('',#8351);
#8353=CARTESIAN_POINT('',(2.875E0,-2.235E0,4.776630953573E-1));
#8354=VERTEX_POINT('',#8353);
#8355=CARTESIAN_POINT('',(2.875E0,-3.815E0,-2.925E0));
#8356=CARTESIAN_POINT('',(2.875E0,-4.075E0,-2.925E0));
#8357=VERTEX_POINT('',#8355);
#8358=VERTEX_POINT('',#8356);
#8359=CARTESIAN_POINT('',(2.875E0,-4.625E0,-3.475E0));
#8360=VERTEX_POINT('',#8359);
#8361=CARTESIAN_POINT('',(2.875E0,-4.025E0,-4.175E0));
#8362=CARTESIAN_POINT('',(2.875E0,-3.775E0,-3.925E0));
#8363=VERTEX_POINT('',#8361);
#8364=VERTEX_POINT('',#8362);
#8365=CARTESIAN_POINT('',(2.875E0,-2.255E0,-3.925E0));
#8366=VERTEX_POINT('',#8365);
#8367=CARTESIAN_POINT('',(2.875E0,-2.255E0,-4.025E0));
#8368=VERTEX_POINT('',#8367);
#8369=CARTESIAN_POINT('',(2.875E0,-1.855E0,-4.025E0));
#8370=VERTEX_POINT('',#8369);
#8371=CARTESIAN_POINT('',(3.125E0,-2.235E0,4.776630953573E-1));
#8372=VERTEX_POINT('',#8371);
#8373=CARTESIAN_POINT('',(3.125E0,-3.815E0,-2.925E0));
#8374=CARTESIAN_POINT('',(3.125E0,-4.075E0,-2.925E0));
#8375=VERTEX_POINT('',#8373);
#8376=VERTEX_POINT('',#8374);
#8377=CARTESIAN_POINT('',(3.125E0,-4.625E0,-3.475E0));
#8378=VERTEX_POINT('',#8377);
#8379=CARTESIAN_POINT('',(3.125E0,-4.025E0,-4.175E0));
#8380=CARTESIAN_POINT('',(3.125E0,-3.775E0,-3.925E0));
#8381=VERTEX_POINT('',#8379);
#8382=VERTEX_POINT('',#8380);
#8383=CARTESIAN_POINT('',(3.125E0,-2.255E0,-3.925E0));
#8384=VERTEX_POINT('',#8383);
#8385=CARTESIAN_POINT('',(3.125E0,-2.255E0,-4.025E0));
#8386=VERTEX_POINT('',#8385);
#8387=CARTESIAN_POINT('',(3.125E0,-1.855E0,-4.025E0));
#8388=VERTEX_POINT('',#8387);
#8389=CARTESIAN_POINT('',(2.875E0,-2.235E0,-7.416666666667E-1));
#8390=VERTEX_POINT('',#8389);
#8391=CARTESIAN_POINT('',(3.125E0,-2.235E0,-7.416666666667E-1));
#8392=VERTEX_POINT('',#8391);
#8393=CARTESIAN_POINT('',(-3.125E0,2.300164378173E-1,9.468284019881E-1));
#8394=CARTESIAN_POINT('',(-3.125E0,2.369467188789E-1,8.925662552900E-1));
#8395=VERTEX_POINT('',#8393);
#8396=VERTEX_POINT('',#8394);
#8397=CARTESIAN_POINT('',(-3.125E0,3.694262489690E-1,7.371330530377E-1));
#8398=VERTEX_POINT('',#8397);
#8399=CARTESIAN_POINT('',(-3.125E0,4.65E-1,4.776630953573E-1));
#8400=VERTEX_POINT('',#8399);
#8401=CARTESIAN_POINT('',(-3.125E0,-4.45E-1,-8.649999999999E-1));
#8402=CARTESIAN_POINT('',(-3.125E0,-6.15E-1,-6.149999999999E-1));
#8403=VERTEX_POINT('',#8401);
#8404=VERTEX_POINT('',#8402);
#8405=CARTESIAN_POINT('',(-3.125E0,-6.15E-1,6.25E-1));
#8406=VERTEX_POINT('',#8405);
#8407=CARTESIAN_POINT('',(-3.125E0,-4.800164378173E-1,9.031715980119E-1));
#8408=VERTEX_POINT('',#8407);
#8409=CARTESIAN_POINT('',(-3.125E0,-4.825928125070E-1,9.514883077779E-1));
#8410=VERTEX_POINT('',#8409);
#8411=CARTESIAN_POINT('',(-3.125E0,-8.301856250140E-1,1.507976615556E0));
#8412=VERTEX_POINT('',#8411);
#8413=CARTESIAN_POINT('',(-2.875E0,2.300164378173E-1,9.468284019881E-1));
#8414=CARTESIAN_POINT('',(-2.875E0,2.369467188789E-1,8.925662552900E-1));
#8415=VERTEX_POINT('',#8413);
#8416=VERTEX_POINT('',#8414);
#8417=CARTESIAN_POINT('',(-2.875E0,3.694262489690E-1,7.371330530377E-1));
#8418=VERTEX_POINT('',#8417);
#8419=CARTESIAN_POINT('',(-2.875E0,4.65E-1,4.776630953573E-1));
#8420=VERTEX_POINT('',#8419);
#8421=CARTESIAN_POINT('',(-2.875E0,-4.45E-1,-8.649999999999E-1));
#8422=CARTESIAN_POINT('',(-2.875E0,-6.15E-1,-6.149999999999E-1));
#8423=VERTEX_POINT('',#8421);
#8424=VERTEX_POINT('',#8422);
#8425=CARTESIAN_POINT('',(-2.875E0,-6.15E-1,6.25E-1));
#8426=VERTEX_POINT('',#8425);
#8427=CARTESIAN_POINT('',(-2.875E0,-4.800164378173E-1,9.031715980119E-1));
#8428=VERTEX_POINT('',#8427);
#8429=CARTESIAN_POINT('',(-2.875E0,-4.825928125070E-1,9.514883077779E-1));
#8430=VERTEX_POINT('',#8429);
#8431=CARTESIAN_POINT('',(-2.875E0,-8.301856250140E-1,1.507976615556E0));
#8432=VERTEX_POINT('',#8431);
#8433=CARTESIAN_POINT('',(-1.625E0,2.300164378173E-1,9.468284019881E-1));
#8434=CARTESIAN_POINT('',(-1.625E0,2.369467188789E-1,8.925662552900E-1));
#8435=VERTEX_POINT('',#8433);
#8436=VERTEX_POINT('',#8434);
#8437=CARTESIAN_POINT('',(-1.625E0,3.694262489690E-1,7.371330530377E-1));
#8438=VERTEX_POINT('',#8437);
#8439=CARTESIAN_POINT('',(-1.625E0,4.65E-1,4.776630953573E-1));
#8440=VERTEX_POINT('',#8439);
#8441=CARTESIAN_POINT('',(-1.625E0,-4.45E-1,-8.649999999999E-1));
#8442=CARTESIAN_POINT('',(-1.625E0,-6.15E-1,-6.149999999999E-1));
#8443=VERTEX_POINT('',#8441);
#8444=VERTEX_POINT('',#8442);
#8445=CARTESIAN_POINT('',(-1.625E0,-6.15E-1,6.25E-1));
#8446=VERTEX_POINT('',#8445);
#8447=CARTESIAN_POINT('',(-1.625E0,-4.800164378173E-1,9.031715980119E-1));
#8448=VERTEX_POINT('',#8447);
#8449=CARTESIAN_POINT('',(-1.625E0,-4.825928125070E-1,9.514883077779E-1));
#8450=VERTEX_POINT('',#8449);
#8451=CARTESIAN_POINT('',(-1.625E0,-8.301856250140E-1,1.507976615556E0));
#8452=VERTEX_POINT('',#8451);
#8453=CARTESIAN_POINT('',(-1.375E0,2.300164378173E-1,9.468284019881E-1));
#8454=CARTESIAN_POINT('',(-1.375E0,2.369467188789E-1,8.925662552900E-1));
#8455=VERTEX_POINT('',#8453);
#8456=VERTEX_POINT('',#8454);
#8457=CARTESIAN_POINT('',(-1.375E0,3.694262489690E-1,7.371330530377E-1));
#8458=VERTEX_POINT('',#8457);
#8459=CARTESIAN_POINT('',(-1.375E0,4.65E-1,4.776630953573E-1));
#8460=VERTEX_POINT('',#8459);
#8461=CARTESIAN_POINT('',(-1.375E0,-4.45E-1,-8.649999999999E-1));
#8462=CARTESIAN_POINT('',(-1.375E0,-6.15E-1,-6.149999999999E-1));
#8463=VERTEX_POINT('',#8461);
#8464=VERTEX_POINT('',#8462);
#8465=CARTESIAN_POINT('',(-1.375E0,-6.15E-1,6.25E-1));
#8466=VERTEX_POINT('',#8465);
#8467=CARTESIAN_POINT('',(-1.375E0,-4.800164378173E-1,9.031715980119E-1));
#8468=VERTEX_POINT('',#8467);
#8469=CARTESIAN_POINT('',(-1.375E0,-4.825928125070E-1,9.514883077779E-1));
#8470=VERTEX_POINT('',#8469);
#8471=CARTESIAN_POINT('',(-1.375E0,-8.301856250140E-1,1.507976615556E0));
#8472=VERTEX_POINT('',#8471);
#8473=CARTESIAN_POINT('',(-1.25E-1,2.300164378173E-1,9.468284019881E-1));
#8474=CARTESIAN_POINT('',(-1.25E-1,2.369467188789E-1,8.925662552900E-1));
#8475=VERTEX_POINT('',#8473);
#8476=VERTEX_POINT('',#8474);
#8477=CARTESIAN_POINT('',(-1.25E-1,3.694262489690E-1,7.371330530377E-1));
#8478=VERTEX_POINT('',#8477);
#8479=CARTESIAN_POINT('',(-1.25E-1,4.65E-1,4.776630953573E-1));
#8480=VERTEX_POINT('',#8479);
#8481=CARTESIAN_POINT('',(-1.25E-1,-4.45E-1,-8.649999999999E-1));
#8482=CARTESIAN_POINT('',(-1.25E-1,-6.15E-1,-6.149999999999E-1));
#8483=VERTEX_POINT('',#8481);
#8484=VERTEX_POINT('',#8482);
#8485=CARTESIAN_POINT('',(-1.25E-1,-6.15E-1,6.25E-1));
#8486=VERTEX_POINT('',#8485);
#8487=CARTESIAN_POINT('',(-1.25E-1,-4.800164378173E-1,9.031715980119E-1));
#8488=VERTEX_POINT('',#8487);
#8489=CARTESIAN_POINT('',(-1.25E-1,-4.825928125070E-1,9.514883077779E-1));
#8490=VERTEX_POINT('',#8489);
#8491=CARTESIAN_POINT('',(-1.25E-1,-8.301856250140E-1,1.507976615556E0));
#8492=VERTEX_POINT('',#8491);
#8493=CARTESIAN_POINT('',(1.25E-1,2.300164378173E-1,9.468284019881E-1));
#8494=CARTESIAN_POINT('',(1.25E-1,2.369467188789E-1,8.925662552900E-1));
#8495=VERTEX_POINT('',#8493);
#8496=VERTEX_POINT('',#8494);
#8497=CARTESIAN_POINT('',(1.25E-1,3.694262489690E-1,7.371330530377E-1));
#8498=VERTEX_POINT('',#8497);
#8499=CARTESIAN_POINT('',(1.25E-1,4.65E-1,4.776630953573E-1));
#8500=VERTEX_POINT('',#8499);
#8501=CARTESIAN_POINT('',(1.25E-1,-4.45E-1,-8.649999999999E-1));
#8502=CARTESIAN_POINT('',(1.25E-1,-6.15E-1,-6.149999999999E-1));
#8503=VERTEX_POINT('',#8501);
#8504=VERTEX_POINT('',#8502);
#8505=CARTESIAN_POINT('',(1.25E-1,-6.15E-1,6.25E-1));
#8506=VERTEX_POINT('',#8505);
#8507=CARTESIAN_POINT('',(1.25E-1,-4.800164378173E-1,9.031715980119E-1));
#8508=VERTEX_POINT('',#8507);
#8509=CARTESIAN_POINT('',(1.25E-1,-4.825928125070E-1,9.514883077779E-1));
#8510=VERTEX_POINT('',#8509);
#8511=CARTESIAN_POINT('',(1.25E-1,-8.301856250140E-1,1.507976615556E0));
#8512=VERTEX_POINT('',#8511);
#8513=CARTESIAN_POINT('',(1.375E0,2.300164378173E-1,9.468284019881E-1));
#8514=CARTESIAN_POINT('',(1.375E0,2.369467188789E-1,8.925662552900E-1));
#8515=VERTEX_POINT('',#8513);
#8516=VERTEX_POINT('',#8514);
#8517=CARTESIAN_POINT('',(1.375E0,3.694262489690E-1,7.371330530377E-1));
#8518=VERTEX_POINT('',#8517);
#8519=CARTESIAN_POINT('',(1.375E0,4.65E-1,4.776630953573E-1));
#8520=VERTEX_POINT('',#8519);
#8521=CARTESIAN_POINT('',(1.375E0,-4.45E-1,-8.649999999999E-1));
#8522=CARTESIAN_POINT('',(1.375E0,-6.15E-1,-6.149999999999E-1));
#8523=VERTEX_POINT('',#8521);
#8524=VERTEX_POINT('',#8522);
#8525=CARTESIAN_POINT('',(1.375E0,-6.15E-1,6.25E-1));
#8526=VERTEX_POINT('',#8525);
#8527=CARTESIAN_POINT('',(1.375E0,-4.800164378173E-1,9.031715980119E-1));
#8528=VERTEX_POINT('',#8527);
#8529=CARTESIAN_POINT('',(1.375E0,-4.825928125070E-1,9.514883077779E-1));
#8530=VERTEX_POINT('',#8529);
#8531=CARTESIAN_POINT('',(1.375E0,-8.301856250140E-1,1.507976615556E0));
#8532=VERTEX_POINT('',#8531);
#8533=CARTESIAN_POINT('',(1.625E0,2.300164378173E-1,9.468284019881E-1));
#8534=CARTESIAN_POINT('',(1.625E0,2.369467188789E-1,8.925662552900E-1));
#8535=VERTEX_POINT('',#8533);
#8536=VERTEX_POINT('',#8534);
#8537=CARTESIAN_POINT('',(1.625E0,3.694262489690E-1,7.371330530377E-1));
#8538=VERTEX_POINT('',#8537);
#8539=CARTESIAN_POINT('',(1.625E0,4.65E-1,4.776630953573E-1));
#8540=VERTEX_POINT('',#8539);
#8541=CARTESIAN_POINT('',(1.625E0,-4.45E-1,-8.649999999999E-1));
#8542=CARTESIAN_POINT('',(1.625E0,-6.15E-1,-6.149999999999E-1));
#8543=VERTEX_POINT('',#8541);
#8544=VERTEX_POINT('',#8542);
#8545=CARTESIAN_POINT('',(1.625E0,-6.15E-1,6.25E-1));
#8546=VERTEX_POINT('',#8545);
#8547=CARTESIAN_POINT('',(1.625E0,-4.800164378173E-1,9.031715980119E-1));
#8548=VERTEX_POINT('',#8547);
#8549=CARTESIAN_POINT('',(1.625E0,-4.825928125070E-1,9.514883077779E-1));
#8550=VERTEX_POINT('',#8549);
#8551=CARTESIAN_POINT('',(1.625E0,-8.301856250140E-1,1.507976615556E0));
#8552=VERTEX_POINT('',#8551);
#8553=CARTESIAN_POINT('',(2.875E0,2.300164378173E-1,9.468284019881E-1));
#8554=CARTESIAN_POINT('',(2.875E0,2.369467188789E-1,8.925662552900E-1));
#8555=VERTEX_POINT('',#8553);
#8556=VERTEX_POINT('',#8554);
#8557=CARTESIAN_POINT('',(2.875E0,3.694262489690E-1,7.371330530377E-1));
#8558=VERTEX_POINT('',#8557);
#8559=CARTESIAN_POINT('',(2.875E0,4.65E-1,4.776630953573E-1));
#8560=VERTEX_POINT('',#8559);
#8561=CARTESIAN_POINT('',(2.875E0,-4.45E-1,-8.649999999999E-1));
#8562=CARTESIAN_POINT('',(2.875E0,-6.15E-1,-6.149999999999E-1));
#8563=VERTEX_POINT('',#8561);
#8564=VERTEX_POINT('',#8562);
#8565=CARTESIAN_POINT('',(2.875E0,-6.15E-1,6.25E-1));
#8566=VERTEX_POINT('',#8565);
#8567=CARTESIAN_POINT('',(2.875E0,-4.800164378173E-1,9.031715980119E-1));
#8568=VERTEX_POINT('',#8567);
#8569=CARTESIAN_POINT('',(2.875E0,-4.825928125070E-1,9.514883077779E-1));
#8570=VERTEX_POINT('',#8569);
#8571=CARTESIAN_POINT('',(2.875E0,-8.301856250140E-1,1.507976615556E0));
#8572=VERTEX_POINT('',#8571);
#8573=CARTESIAN_POINT('',(3.125E0,2.300164378173E-1,9.468284019881E-1));
#8574=CARTESIAN_POINT('',(3.125E0,2.369467188789E-1,8.925662552900E-1));
#8575=VERTEX_POINT('',#8573);
#8576=VERTEX_POINT('',#8574);
#8577=CARTESIAN_POINT('',(3.125E0,3.694262489690E-1,7.371330530377E-1));
#8578=VERTEX_POINT('',#8577);
#8579=CARTESIAN_POINT('',(3.125E0,4.65E-1,4.776630953573E-1));
#8580=VERTEX_POINT('',#8579);
#8581=CARTESIAN_POINT('',(3.125E0,-4.45E-1,-8.649999999999E-1));
#8582=CARTESIAN_POINT('',(3.125E0,-6.15E-1,-6.149999999999E-1));
#8583=VERTEX_POINT('',#8581);
#8584=VERTEX_POINT('',#8582);
#8585=CARTESIAN_POINT('',(3.125E0,-6.15E-1,6.25E-1));
#8586=VERTEX_POINT('',#8585);
#8587=CARTESIAN_POINT('',(3.125E0,-4.800164378173E-1,9.031715980119E-1));
#8588=VERTEX_POINT('',#8587);
#8589=CARTESIAN_POINT('',(3.125E0,-4.825928125070E-1,9.514883077779E-1));
#8590=VERTEX_POINT('',#8589);
#8591=CARTESIAN_POINT('',(3.125E0,-8.301856250140E-1,1.507976615556E0));
#8592=VERTEX_POINT('',#8591);
#8593=CARTESIAN_POINT('',(5.4E0,-2.055E0,-8.75E-1));
#8594=CARTESIAN_POINT('',(5.4E0,-2.655E0,-8.75E-1));
#8595=VERTEX_POINT('',#8593);
#8596=VERTEX_POINT('',#8594);
#8597=CARTESIAN_POINT('',(5.9E0,-2.055E0,-3.125E0));
#8598=CARTESIAN_POINT('',(5.9E0,-2.055E0,-8.75E-1));
#8599=VERTEX_POINT('',#8597);
#8600=VERTEX_POINT('',#8598);
#8601=CARTESIAN_POINT('',(5.9E0,-2.655E0,-8.75E-1));
#8602=VERTEX_POINT('',#8601);
#8603=CARTESIAN_POINT('',(5.4E0,-2.255E0,-3.125E0));
#8604=VERTEX_POINT('',#8603);
#8605=CARTESIAN_POINT('',(5.4E0,-2.655E0,-3.525E0));
#8606=VERTEX_POINT('',#8605);
#8607=CARTESIAN_POINT('',(5.4E0,-2.055E0,-3.125E0));
#8608=VERTEX_POINT('',#8607);
#8609=CARTESIAN_POINT('',(-5.4E0,-2.055E0,-8.75E-1));
#8610=CARTESIAN_POINT('',(-5.4E0,-2.655E0,-8.75E-1));
#8611=VERTEX_POINT('',#8609);
#8612=VERTEX_POINT('',#8610);
#8613=CARTESIAN_POINT('',(-5.9E0,-2.055E0,-3.125E0));
#8614=CARTESIAN_POINT('',(-5.9E0,-2.055E0,-8.75E-1));
#8615=VERTEX_POINT('',#8613);
#8616=VERTEX_POINT('',#8614);
#8617=CARTESIAN_POINT('',(-5.9E0,-2.655E0,-8.75E-1));
#8618=VERTEX_POINT('',#8617);
#8619=CARTESIAN_POINT('',(-5.4E0,-2.255E0,-3.125E0));
#8620=CARTESIAN_POINT('',(-5.4E0,-2.055E0,-3.125E0));
#8621=VERTEX_POINT('',#8619);
#8622=VERTEX_POINT('',#8620);
#8623=CARTESIAN_POINT('',(-5.4E0,-2.655E0,-3.525E0));
#8624=VERTEX_POINT('',#8623);
#8625=CARTESIAN_POINT('',(4.075E0,-6.65E-1,-4.125E0));
#8626=CARTESIAN_POINT('',(4.075E0,-6.65E-1,-2.875E0));
#8627=VERTEX_POINT('',#8625);
#8628=VERTEX_POINT('',#8626);
#8629=CARTESIAN_POINT('',(-4.075E0,-6.65E-1,-4.125E0));
#8630=CARTESIAN_POINT('',(-4.075E0,-6.65E-1,-2.875E0));
#8631=VERTEX_POINT('',#8629);
#8632=VERTEX_POINT('',#8630);
#8633=CARTESIAN_POINT('',(3.95E0,4.575E0,-4.375E0));
#8634=VERTEX_POINT('',#8633);
#8635=CARTESIAN_POINT('',(-3.95E0,4.575E0,-4.375E0));
#8636=VERTEX_POINT('',#8635);
#8637=CARTESIAN_POINT('',(-5.E0,3.875E0,-4.375E0));
#8638=CARTESIAN_POINT('',(-3.95E0,3.875E0,-4.375E0));
#8639=VERTEX_POINT('',#8637);
#8640=VERTEX_POINT('',#8638);
#8641=CARTESIAN_POINT('',(3.95E0,3.875E0,-4.375E0));
#8642=VERTEX_POINT('',#8641);
#8643=CARTESIAN_POINT('',(5.E0,3.875E0,-4.375E0));
#8644=VERTEX_POINT('',#8643);
#8645=CARTESIAN_POINT('',(-3.95E0,4.575E0,-4.125E0));
#8646=VERTEX_POINT('',#8645);
#8647=CARTESIAN_POINT('',(3.95E0,4.575E0,-4.125E0));
#8648=VERTEX_POINT('',#8647);
#8649=CARTESIAN_POINT('',(-3.95E0,3.875E0,-4.125E0));
#8650=VERTEX_POINT('',#8649);
#8651=CARTESIAN_POINT('',(3.95E0,3.875E0,-4.125E0));
#8652=VERTEX_POINT('',#8651);
#8653=CARTESIAN_POINT('',(5.9E0,-3.325E0,-4.075E0));
#8654=VERTEX_POINT('',#8653);
#8655=CARTESIAN_POINT('',(5.E0,-3.325E0,-4.075E0));
#8656=VERTEX_POINT('',#8655);
#8657=CARTESIAN_POINT('',(5.E0,-3.325E0,-4.125E0));
#8658=VERTEX_POINT('',#8657);
#8659=CARTESIAN_POINT('',(-5.E0,-3.325E0,-4.125E0));
#8660=VERTEX_POINT('',#8659);
#8661=CARTESIAN_POINT('',(5.E0,3.255E0,-4.125E0));
#8662=CARTESIAN_POINT('',(5.E0,3.875E0,-4.125E0));
#8663=VERTEX_POINT('',#8661);
#8664=VERTEX_POINT('',#8662);
#8665=CARTESIAN_POINT('',(-5.E0,3.255E0,-4.125E0));
#8666=CARTESIAN_POINT('',(-5.E0,3.875E0,-4.125E0));
#8667=VERTEX_POINT('',#8665);
#8668=VERTEX_POINT('',#8666);
#8669=CARTESIAN_POINT('',(4.9E0,-1.175E0,-4.125E0));
#8670=CARTESIAN_POINT('',(4.9E0,3.255E0,-4.125E0));
#8671=VERTEX_POINT('',#8669);
#8672=VERTEX_POINT('',#8670);
#8673=CARTESIAN_POINT('',(5.E0,-1.175E0,-4.125E0));
#8674=VERTEX_POINT('',#8673);
#8675=CARTESIAN_POINT('',(-4.9E0,-1.175E0,-4.125E0));
#8676=CARTESIAN_POINT('',(-4.9E0,3.255E0,-4.125E0));
#8677=VERTEX_POINT('',#8675);
#8678=VERTEX_POINT('',#8676);
#8679=CARTESIAN_POINT('',(-5.E0,-1.175E0,-4.125E0));
#8680=VERTEX_POINT('',#8679);
#8681=CARTESIAN_POINT('',(4.39E0,-6.15E-1,3.325E0));
#8682=CARTESIAN_POINT('',(4.39E0,-9.15E-1,3.325E0));
#8683=VERTEX_POINT('',#8681);
#8684=VERTEX_POINT('',#8682);
#8685=CARTESIAN_POINT('',(-4.39E0,-9.15E-1,3.325E0));
#8686=CARTESIAN_POINT('',(-4.39E0,-6.15E-1,3.325E0));
#8687=VERTEX_POINT('',#8685);
#8688=VERTEX_POINT('',#8686);
#8689=CARTESIAN_POINT('',(3.6E0,1.325E0,1.858333333333E0));
#8690=CARTESIAN_POINT('',(3.6E0,1.325E0,-1.825E0));
#8691=VERTEX_POINT('',#8689);
#8692=VERTEX_POINT('',#8690);
#8693=VERTEX_POINT('',#3823);
#8694=CARTESIAN_POINT('',(3.4E0,1.525E0,-1.825E0));
#8695=VERTEX_POINT('',#8694);
#8696=VERTEX_POINT('',#3837);
#8697=VERTEX_POINT('',#3844);
#8698=CARTESIAN_POINT('',(-3.6E0,1.325E0,-1.825E0));
#8699=VERTEX_POINT('',#8698);
#8700=CARTESIAN_POINT('',(-3.4E0,1.525E0,-1.825E0));
#8701=VERTEX_POINT('',#8700);
#8702=VERTEX_POINT('',#4313);
#8703=VERTEX_POINT('',#4319);
#8704=CARTESIAN_POINT('',(-3.6E0,-1.085E0,-4.95E-1));
#8705=VERTEX_POINT('',#8704);
#8706=CARTESIAN_POINT('',(-3.4E0,-8.85E-1,-7.95E-1));
#8707=VERTEX_POINT('',#8706);
#8708=CARTESIAN_POINT('',(-3.6E0,6.75E-1,1.875E0));
#8709=CARTESIAN_POINT('',(-3.6E0,6.75E-1,-3.916666666667E-1));
#8710=VERTEX_POINT('',#8708);
#8711=VERTEX_POINT('',#8709);
#8712=VERTEX_POINT('',#3864);
#8713=CARTESIAN_POINT('',(-3.4E0,4.75E-1,-7.25E-1));
#8714=VERTEX_POINT('',#8713);
#8715=VERTEX_POINT('',#3874);
#8716=VERTEX_POINT('',#3880);
#8717=CARTESIAN_POINT('',(3.6E0,6.75E-1,-3.916666666667E-1));
#8718=VERTEX_POINT('',#8717);
#8719=CARTESIAN_POINT('',(3.4E0,4.75E-1,-7.25E-1));
#8720=VERTEX_POINT('',#8719);
#8721=CARTESIAN_POINT('',(3.6E0,-1.085E0,1.875E0));
#8722=CARTESIAN_POINT('',(3.6E0,-1.085E0,-4.95E-1));
#8723=VERTEX_POINT('',#8721);
#8724=VERTEX_POINT('',#8722);
#8725=VERTEX_POINT('',#4327);
#8726=CARTESIAN_POINT('',(3.4E0,-8.85E-1,-7.95E-1));
#8727=VERTEX_POINT('',#8726);
#8728=VERTEX_POINT('',#3754);
#8729=VERTEX_POINT('',#3760);
#8730=CARTESIAN_POINT('',(3.6E0,-2.025E0,-3.916666666667E-1));
#8731=VERTEX_POINT('',#8730);
#8732=CARTESIAN_POINT('',(3.4E0,-2.225E0,-7.25E-1));
#8733=VERTEX_POINT('',#8732);
#8734=CARTESIAN_POINT('',(-3.6E0,-2.025E0,1.875E0));
#8735=CARTESIAN_POINT('',(-3.6E0,-2.025E0,-3.916666666667E-1));
#8736=VERTEX_POINT('',#8734);
#8737=VERTEX_POINT('',#8735);
#8738=VERTEX_POINT('',#3772);
#8739=CARTESIAN_POINT('',(-3.4E0,-2.225E0,-7.25E-1));
#8740=VERTEX_POINT('',#8739);
#8741=CARTESIAN_POINT('',(-1.8E0,3.665E0,1.795E0));
#8742=VERTEX_POINT('',#8741);
#8743=CARTESIAN_POINT('',(4.65E0,-4.015E0,4.375E0));
#8744=CARTESIAN_POINT('',(4.45E0,-3.878888888889E0,4.175E0));
#8745=VERTEX_POINT('',#8743);
#8746=VERTEX_POINT('',#8744);
#8747=CARTESIAN_POINT('',(4.45E0,-9.15E-1,3.375E0));
#8748=CARTESIAN_POINT('',(4.65E0,-9.15E-1,3.575E0));
#8749=VERTEX_POINT('',#8747);
#8750=VERTEX_POINT('',#8748);
#8751=CARTESIAN_POINT('',(-4.45E0,-2.667842712475E0,3.375E0));
#8752=CARTESIAN_POINT('',(-4.45E0,-9.15E-1,3.375E0));
#8753=VERTEX_POINT('',#8751);
#8754=VERTEX_POINT('',#8752);
#8755=CARTESIAN_POINT('',(-4.65E0,-2.585E0,3.575E0));
#8756=CARTESIAN_POINT('',(-4.65E0,-9.15E-1,3.575E0));
#8757=VERTEX_POINT('',#8755);
#8758=VERTEX_POINT('',#8756);
#8759=CARTESIAN_POINT('',(-4.45E0,-2.985E0,3.692157287525E0));
#8760=VERTEX_POINT('',#8759);
#8761=CARTESIAN_POINT('',(-4.65E0,-2.785E0,3.775E0));
#8762=VERTEX_POINT('',#8761);
#8763=CARTESIAN_POINT('',(-4.45E0,-2.985E0,4.092157287525E0));
#8764=VERTEX_POINT('',#8763);
#8765=CARTESIAN_POINT('',(-4.65E0,-2.785E0,4.175E0));
#8766=VERTEX_POINT('',#8765);
#8767=CARTESIAN_POINT('',(-4.45E0,-3.067842712475E0,4.175E0));
#8768=VERTEX_POINT('',#8767);
#8769=CARTESIAN_POINT('',(-4.65E0,-2.985E0,4.375E0));
#8770=VERTEX_POINT('',#8769);
#8771=CARTESIAN_POINT('',(-4.65E0,-4.015E0,4.375E0));
#8772=VERTEX_POINT('',#8771);
#8773=CARTESIAN_POINT('',(-4.45E0,-3.878888888889E0,4.175E0));
#8774=VERTEX_POINT('',#8773);
#8775=CARTESIAN_POINT('',(-1.8E0,4.105E0,3.375E0));
#8776=CARTESIAN_POINT('',(-1.8E0,2.665E0,3.375E0));
#8777=VERTEX_POINT('',#8775);
#8778=VERTEX_POINT('',#8776);
#8779=CARTESIAN_POINT('',(-2.E0,4.215E0,3.575E0));
#8780=CARTESIAN_POINT('',(-2.E0,2.865E0,3.575E0));
#8781=VERTEX_POINT('',#8779);
#8782=VERTEX_POINT('',#8780);
#8783=CARTESIAN_POINT('',(-2.6E0,2.665E0,3.375E0));
#8784=VERTEX_POINT('',#8783);
#8785=CARTESIAN_POINT('',(-2.4E0,2.865E0,3.575E0));
#8786=VERTEX_POINT('',#8785);
#8787=CARTESIAN_POINT('',(-2.6E0,3.665E0,3.375E0));
#8788=VERTEX_POINT('',#8787);
#8789=CARTESIAN_POINT('',(-2.4E0,3.865E0,3.575E0));
#8790=VERTEX_POINT('',#8789);
#8791=CARTESIAN_POINT('',(-4.65E0,3.865E0,3.575E0));
#8792=VERTEX_POINT('',#8791);
#8793=CARTESIAN_POINT('',(-4.45E0,3.665E0,3.375E0));
#8794=VERTEX_POINT('',#8793);
#8795=CARTESIAN_POINT('',(-4.65E0,-6.15E-1,3.575E0));
#8796=VERTEX_POINT('',#8795);
#8797=CARTESIAN_POINT('',(-4.45E0,-6.15E-1,3.375E0));
#8798=VERTEX_POINT('',#8797);
#8799=CARTESIAN_POINT('',(4.45E0,-2.667842712475E0,3.375E0));
#8800=VERTEX_POINT('',#8799);
#8801=CARTESIAN_POINT('',(4.65E0,-2.585E0,3.575E0));
#8802=VERTEX_POINT('',#8801);
#8803=CARTESIAN_POINT('',(2.6E0,3.665E0,3.375E0));
#8804=CARTESIAN_POINT('',(4.45E0,3.665E0,3.375E0));
#8805=VERTEX_POINT('',#8803);
#8806=VERTEX_POINT('',#8804);
#8807=CARTESIAN_POINT('',(2.4E0,3.865E0,3.575E0));
#8808=CARTESIAN_POINT('',(4.65E0,3.865E0,3.575E0));
#8809=VERTEX_POINT('',#8807);
#8810=VERTEX_POINT('',#8808);
#8811=CARTESIAN_POINT('',(2.6E0,2.665E0,3.375E0));
#8812=VERTEX_POINT('',#8811);
#8813=CARTESIAN_POINT('',(2.4E0,2.865E0,3.575E0));
#8814=VERTEX_POINT('',#8813);
#8815=CARTESIAN_POINT('',(1.8E0,2.665E0,3.375E0));
#8816=VERTEX_POINT('',#8815);
#8817=CARTESIAN_POINT('',(2.E0,2.865E0,3.575E0));
#8818=VERTEX_POINT('',#8817);
#8819=CARTESIAN_POINT('',(2.E0,4.215E0,3.575E0));
#8820=VERTEX_POINT('',#8819);
#8821=CARTESIAN_POINT('',(1.8E0,4.105E0,3.375E0));
#8822=VERTEX_POINT('',#8821);
#8823=CARTESIAN_POINT('',(4.65E0,-2.785E0,3.775E0));
#8824=VERTEX_POINT('',#8823);
#8825=CARTESIAN_POINT('',(4.45E0,-2.985E0,3.692157287525E0));
#8826=VERTEX_POINT('',#8825);
#8827=CARTESIAN_POINT('',(4.65E0,-2.785E0,4.175E0));
#8828=VERTEX_POINT('',#8827);
#8829=CARTESIAN_POINT('',(4.45E0,-2.985E0,4.092157287525E0));
#8830=VERTEX_POINT('',#8829);
#8831=CARTESIAN_POINT('',(4.65E0,-2.985E0,4.375E0));
#8832=VERTEX_POINT('',#8831);
#8833=CARTESIAN_POINT('',(4.45E0,-3.067842712475E0,4.175E0));
#8834=VERTEX_POINT('',#8833);
#8835=CARTESIAN_POINT('',(4.45E0,-6.15E-1,3.375E0));
#8836=VERTEX_POINT('',#8835);
#8837=CARTESIAN_POINT('',(4.65E0,-6.15E-1,3.575E0));
#8838=VERTEX_POINT('',#8837);
#8839=CARTESIAN_POINT('',(-4.64E0,-9.15E-1,3.575E0));
#8840=VERTEX_POINT('',#8839);
#8841=CARTESIAN_POINT('',(-4.64E0,-6.15E-1,3.575E0));
#8842=VERTEX_POINT('',#8841);
#8843=CARTESIAN_POINT('',(4.64E0,-6.15E-1,3.575E0));
#8844=VERTEX_POINT('',#8843);
#8845=CARTESIAN_POINT('',(4.64E0,-9.15E-1,3.575E0));
#8846=VERTEX_POINT('',#8845);
#8847=CARTESIAN_POINT('',(-2.875E0,-7.65E-1,-2.925E0));
#8848=CARTESIAN_POINT('',(-3.171090935503E0,-1.187861679354E0,-2.925E0));
#8849=VERTEX_POINT('',#8847);
#8850=VERTEX_POINT('',#8848);
#8851=CARTESIAN_POINT('',(-3.493404028665E0,-1.305174051379E0,-2.925E0));
#8852=VERTEX_POINT('',#8851);
#8853=CARTESIAN_POINT('',(-3.625E0,-1.493112575536E0,-2.925E0));
#8854=VERTEX_POINT('',#8853);
#8855=CARTESIAN_POINT('',(-3.875E0,-1.493112575536E0,-2.925E0));
#8856=CARTESIAN_POINT('',(-3.578909064497E0,-1.070250896182E0,-2.925E0));
#8857=VERTEX_POINT('',#8855);
#8858=VERTEX_POINT('',#8856);
#8859=CARTESIAN_POINT('',(-3.256595971335E0,-9.529385241572E-1,-2.925E0));
#8860=VERTEX_POINT('',#8859);
#8861=CARTESIAN_POINT('',(-3.125E0,-7.65E-1,-2.925E0));
#8862=VERTEX_POINT('',#8861);
#8863=CARTESIAN_POINT('',(-2.875E0,-7.65E-1,-3.925E0));
#8864=CARTESIAN_POINT('',(-3.171090935503E0,-1.187861679354E0,-3.925E0));
#8865=VERTEX_POINT('',#8863);
#8866=VERTEX_POINT('',#8864);
#8867=CARTESIAN_POINT('',(-3.493404028665E0,-1.305174051379E0,-3.925E0));
#8868=VERTEX_POINT('',#8867);
#8869=CARTESIAN_POINT('',(-3.625E0,-1.493112575536E0,-3.925E0));
#8870=VERTEX_POINT('',#8869);
#8871=CARTESIAN_POINT('',(-3.875E0,-1.493112575536E0,-3.925E0));
#8872=CARTESIAN_POINT('',(-3.578909064497E0,-1.070250896182E0,-3.925E0));
#8873=VERTEX_POINT('',#8871);
#8874=VERTEX_POINT('',#8872);
#8875=CARTESIAN_POINT('',(-3.256595971335E0,-9.529385241572E-1,-3.925E0));
#8876=VERTEX_POINT('',#8875);
#8877=CARTESIAN_POINT('',(-3.125E0,-7.65E-1,-3.925E0));
#8878=VERTEX_POINT('',#8877);
#8879=CARTESIAN_POINT('',(-3.125E0,-7.15E-1,-2.925E0));
#8880=CARTESIAN_POINT('',(-2.875E0,-7.15E-1,-2.925E0));
#8881=VERTEX_POINT('',#8879);
#8882=VERTEX_POINT('',#8880);
#8883=CARTESIAN_POINT('',(-1.375E0,-7.65E-1,-2.925E0));
#8884=CARTESIAN_POINT('',(-1.671090935503E0,-1.187861679354E0,-2.925E0));
#8885=VERTEX_POINT('',#8883);
#8886=VERTEX_POINT('',#8884);
#8887=CARTESIAN_POINT('',(-1.993404028665E0,-1.305174051379E0,-2.925E0));
#8888=VERTEX_POINT('',#8887);
#8889=CARTESIAN_POINT('',(-2.125E0,-1.493112575536E0,-2.925E0));
#8890=VERTEX_POINT('',#8889);
#8891=CARTESIAN_POINT('',(-2.375E0,-1.493112575536E0,-2.925E0));
#8892=CARTESIAN_POINT('',(-2.078909064497E0,-1.070250896182E0,-2.925E0));
#8893=VERTEX_POINT('',#8891);
#8894=VERTEX_POINT('',#8892);
#8895=CARTESIAN_POINT('',(-1.756595971335E0,-9.529385241572E-1,-2.925E0));
#8896=VERTEX_POINT('',#8895);
#8897=CARTESIAN_POINT('',(-1.625E0,-7.65E-1,-2.925E0));
#8898=VERTEX_POINT('',#8897);
#8899=CARTESIAN_POINT('',(-1.375E0,-7.65E-1,-3.925E0));
#8900=CARTESIAN_POINT('',(-1.671090935503E0,-1.187861679354E0,-3.925E0));
#8901=VERTEX_POINT('',#8899);
#8902=VERTEX_POINT('',#8900);
#8903=CARTESIAN_POINT('',(-1.993404028665E0,-1.305174051379E0,-3.925E0));
#8904=VERTEX_POINT('',#8903);
#8905=CARTESIAN_POINT('',(-2.125E0,-1.493112575536E0,-3.925E0));
#8906=VERTEX_POINT('',#8905);
#8907=CARTESIAN_POINT('',(-2.375E0,-1.493112575536E0,-3.925E0));
#8908=CARTESIAN_POINT('',(-2.078909064497E0,-1.070250896182E0,-3.925E0));
#8909=VERTEX_POINT('',#8907);
#8910=VERTEX_POINT('',#8908);
#8911=CARTESIAN_POINT('',(-1.756595971335E0,-9.529385241572E-1,-3.925E0));
#8912=VERTEX_POINT('',#8911);
#8913=CARTESIAN_POINT('',(-1.625E0,-7.65E-1,-3.925E0));
#8914=VERTEX_POINT('',#8913);
#8915=CARTESIAN_POINT('',(-1.625E0,-7.15E-1,-2.925E0));
#8916=CARTESIAN_POINT('',(-1.375E0,-7.15E-1,-2.925E0));
#8917=VERTEX_POINT('',#8915);
#8918=VERTEX_POINT('',#8916);
#8919=CARTESIAN_POINT('',(1.25E-1,-7.65E-1,-2.925E0));
#8920=CARTESIAN_POINT('',(-1.710909355035E-1,-1.187861679354E0,-2.925E0));
#8921=VERTEX_POINT('',#8919);
#8922=VERTEX_POINT('',#8920);
#8923=CARTESIAN_POINT('',(-4.934040286651E-1,-1.305174051379E0,-2.925E0));
#8924=VERTEX_POINT('',#8923);
#8925=CARTESIAN_POINT('',(-6.25E-1,-1.493112575536E0,-2.925E0));
#8926=VERTEX_POINT('',#8925);
#8927=CARTESIAN_POINT('',(-8.75E-1,-1.493112575536E0,-2.925E0));
#8928=CARTESIAN_POINT('',(-5.789090644966E-1,-1.070250896182E0,-2.925E0));
#8929=VERTEX_POINT('',#8927);
#8930=VERTEX_POINT('',#8928);
#8931=CARTESIAN_POINT('',(-2.565959713349E-1,-9.529385241572E-1,-2.925E0));
#8932=VERTEX_POINT('',#8931);
#8933=CARTESIAN_POINT('',(-1.25E-1,-7.65E-1,-2.925E0));
#8934=VERTEX_POINT('',#8933);
#8935=CARTESIAN_POINT('',(1.25E-1,-7.65E-1,-3.925E0));
#8936=CARTESIAN_POINT('',(-1.710909355035E-1,-1.187861679354E0,-3.925E0));
#8937=VERTEX_POINT('',#8935);
#8938=VERTEX_POINT('',#8936);
#8939=CARTESIAN_POINT('',(-4.934040286651E-1,-1.305174051379E0,-3.925E0));
#8940=VERTEX_POINT('',#8939);
#8941=CARTESIAN_POINT('',(-6.25E-1,-1.493112575536E0,-3.925E0));
#8942=VERTEX_POINT('',#8941);
#8943=CARTESIAN_POINT('',(-8.75E-1,-1.493112575536E0,-3.925E0));
#8944=CARTESIAN_POINT('',(-5.789090644966E-1,-1.070250896182E0,-3.925E0));
#8945=VERTEX_POINT('',#8943);
#8946=VERTEX_POINT('',#8944);
#8947=CARTESIAN_POINT('',(-2.565959713349E-1,-9.529385241572E-1,-3.925E0));
#8948=VERTEX_POINT('',#8947);
#8949=CARTESIAN_POINT('',(-1.25E-1,-7.65E-1,-3.925E0));
#8950=VERTEX_POINT('',#8949);
#8951=CARTESIAN_POINT('',(-1.25E-1,-7.15E-1,-2.925E0));
#8952=CARTESIAN_POINT('',(1.25E-1,-7.15E-1,-2.925E0));
#8953=VERTEX_POINT('',#8951);
#8954=VERTEX_POINT('',#8952);
#8955=CARTESIAN_POINT('',(1.625E0,-7.65E-1,-2.925E0));
#8956=CARTESIAN_POINT('',(1.328909064497E0,-1.187861679354E0,-2.925E0));
#8957=VERTEX_POINT('',#8955);
#8958=VERTEX_POINT('',#8956);
#8959=CARTESIAN_POINT('',(1.006595971335E0,-1.305174051379E0,-2.925E0));
#8960=VERTEX_POINT('',#8959);
#8961=CARTESIAN_POINT('',(8.75E-1,-1.493112575536E0,-2.925E0));
#8962=VERTEX_POINT('',#8961);
#8963=CARTESIAN_POINT('',(6.25E-1,-1.493112575536E0,-2.925E0));
#8964=CARTESIAN_POINT('',(9.210909355034E-1,-1.070250896182E0,-2.925E0));
#8965=VERTEX_POINT('',#8963);
#8966=VERTEX_POINT('',#8964);
#8967=CARTESIAN_POINT('',(1.243404028665E0,-9.529385241572E-1,-2.925E0));
#8968=VERTEX_POINT('',#8967);
#8969=CARTESIAN_POINT('',(1.375E0,-7.65E-1,-2.925E0));
#8970=VERTEX_POINT('',#8969);
#8971=CARTESIAN_POINT('',(1.625E0,-7.65E-1,-3.925E0));
#8972=CARTESIAN_POINT('',(1.328909064497E0,-1.187861679354E0,-3.925E0));
#8973=VERTEX_POINT('',#8971);
#8974=VERTEX_POINT('',#8972);
#8975=CARTESIAN_POINT('',(1.006595971335E0,-1.305174051379E0,-3.925E0));
#8976=VERTEX_POINT('',#8975);
#8977=CARTESIAN_POINT('',(8.75E-1,-1.493112575536E0,-3.925E0));
#8978=VERTEX_POINT('',#8977);
#8979=CARTESIAN_POINT('',(6.25E-1,-1.493112575536E0,-3.925E0));
#8980=CARTESIAN_POINT('',(9.210909355034E-1,-1.070250896182E0,-3.925E0));
#8981=VERTEX_POINT('',#8979);
#8982=VERTEX_POINT('',#8980);
#8983=CARTESIAN_POINT('',(1.243404028665E0,-9.529385241572E-1,-3.925E0));
#8984=VERTEX_POINT('',#8983);
#8985=CARTESIAN_POINT('',(1.375E0,-7.65E-1,-3.925E0));
#8986=VERTEX_POINT('',#8985);
#8987=CARTESIAN_POINT('',(1.375E0,-7.15E-1,-2.925E0));
#8988=CARTESIAN_POINT('',(1.625E0,-7.15E-1,-2.925E0));
#8989=VERTEX_POINT('',#8987);
#8990=VERTEX_POINT('',#8988);
#8991=CARTESIAN_POINT('',(3.125E0,-7.65E-1,-2.925E0));
#8992=CARTESIAN_POINT('',(2.828909064497E0,-1.187861679354E0,-2.925E0));
#8993=VERTEX_POINT('',#8991);
#8994=VERTEX_POINT('',#8992);
#8995=CARTESIAN_POINT('',(2.506595971335E0,-1.305174051379E0,-2.925E0));
#8996=VERTEX_POINT('',#8995);
#8997=CARTESIAN_POINT('',(2.375E0,-1.493112575536E0,-2.925E0));
#8998=VERTEX_POINT('',#8997);
#8999=CARTESIAN_POINT('',(2.125E0,-1.493112575536E0,-2.925E0));
#9000=CARTESIAN_POINT('',(2.421090935503E0,-1.070250896182E0,-2.925E0));
#9001=VERTEX_POINT('',#8999);
#9002=VERTEX_POINT('',#9000);
#9003=CARTESIAN_POINT('',(2.743404028665E0,-9.529385241572E-1,-2.925E0));
#9004=VERTEX_POINT('',#9003);
#9005=CARTESIAN_POINT('',(2.875E0,-7.65E-1,-2.925E0));
#9006=VERTEX_POINT('',#9005);
#9007=CARTESIAN_POINT('',(3.125E0,-7.65E-1,-3.925E0));
#9008=CARTESIAN_POINT('',(2.828909064497E0,-1.187861679354E0,-3.925E0));
#9009=VERTEX_POINT('',#9007);
#9010=VERTEX_POINT('',#9008);
#9011=CARTESIAN_POINT('',(2.506595971335E0,-1.305174051379E0,-3.925E0));
#9012=VERTEX_POINT('',#9011);
#9013=CARTESIAN_POINT('',(2.375E0,-1.493112575536E0,-3.925E0));
#9014=VERTEX_POINT('',#9013);
#9015=CARTESIAN_POINT('',(2.125E0,-1.493112575536E0,-3.925E0));
#9016=CARTESIAN_POINT('',(2.421090935503E0,-1.070250896182E0,-3.925E0));
#9017=VERTEX_POINT('',#9015);
#9018=VERTEX_POINT('',#9016);
#9019=CARTESIAN_POINT('',(2.743404028665E0,-9.529385241572E-1,-3.925E0));
#9020=VERTEX_POINT('',#9019);
#9021=CARTESIAN_POINT('',(2.875E0,-7.65E-1,-3.925E0));
#9022=VERTEX_POINT('',#9021);
#9023=CARTESIAN_POINT('',(2.875E0,-7.15E-1,-2.925E0));
#9024=CARTESIAN_POINT('',(3.125E0,-7.15E-1,-2.925E0));
#9025=VERTEX_POINT('',#9023);
#9026=VERTEX_POINT('',#9024);
#9027=CARTESIAN_POINT('',(-3.625E0,-4.075E0,-2.925E0));
#9028=CARTESIAN_POINT('',(-3.625E0,-4.625E0,-3.475E0));
#9029=VERTEX_POINT('',#9027);
#9030=VERTEX_POINT('',#9028);
#9031=CARTESIAN_POINT('',(-3.625E0,-4.625E0,-5.125E0));
#9032=VERTEX_POINT('',#9031);
#9033=CARTESIAN_POINT('',(-3.625E0,-4.575E0,-5.175E0));
#9034=VERTEX_POINT('',#9033);
#9035=CARTESIAN_POINT('',(-3.625E0,-4.025E0,-5.175E0));
#9036=VERTEX_POINT('',#9035);
#9037=CARTESIAN_POINT('',(-3.625E0,-4.025E0,-4.175E0));
#9038=VERTEX_POINT('',#9037);
#9039=CARTESIAN_POINT('',(-3.625E0,-3.775E0,-3.925E0));
#9040=VERTEX_POINT('',#9039);
#9041=CARTESIAN_POINT('',(-3.875E0,-4.075E0,-2.925E0));
#9042=CARTESIAN_POINT('',(-3.875E0,-4.625E0,-3.475E0));
#9043=VERTEX_POINT('',#9041);
#9044=VERTEX_POINT('',#9042);
#9045=CARTESIAN_POINT('',(-3.875E0,-4.625E0,-5.125E0));
#9046=VERTEX_POINT('',#9045);
#9047=CARTESIAN_POINT('',(-3.875E0,-4.575E0,-5.175E0));
#9048=VERTEX_POINT('',#9047);
#9049=CARTESIAN_POINT('',(-3.875E0,-4.025E0,-5.175E0));
#9050=VERTEX_POINT('',#9049);
#9051=CARTESIAN_POINT('',(-3.875E0,-4.025E0,-4.175E0));
#9052=VERTEX_POINT('',#9051);
#9053=CARTESIAN_POINT('',(-3.875E0,-3.775E0,-3.925E0));
#9054=VERTEX_POINT('',#9053);
#9055=CARTESIAN_POINT('',(-2.125E0,-4.075E0,-2.925E0));
#9056=CARTESIAN_POINT('',(-2.125E0,-4.625E0,-3.475E0));
#9057=VERTEX_POINT('',#9055);
#9058=VERTEX_POINT('',#9056);
#9059=CARTESIAN_POINT('',(-2.125E0,-4.625E0,-5.125E0));
#9060=VERTEX_POINT('',#9059);
#9061=CARTESIAN_POINT('',(-2.125E0,-4.575E0,-5.175E0));
#9062=VERTEX_POINT('',#9061);
#9063=CARTESIAN_POINT('',(-2.125E0,-4.025E0,-5.175E0));
#9064=VERTEX_POINT('',#9063);
#9065=CARTESIAN_POINT('',(-2.125E0,-4.025E0,-4.175E0));
#9066=VERTEX_POINT('',#9065);
#9067=CARTESIAN_POINT('',(-2.125E0,-3.775E0,-3.925E0));
#9068=VERTEX_POINT('',#9067);
#9069=CARTESIAN_POINT('',(-2.375E0,-4.075E0,-2.925E0));
#9070=CARTESIAN_POINT('',(-2.375E0,-4.625E0,-3.475E0));
#9071=VERTEX_POINT('',#9069);
#9072=VERTEX_POINT('',#9070);
#9073=CARTESIAN_POINT('',(-2.375E0,-4.625E0,-5.125E0));
#9074=VERTEX_POINT('',#9073);
#9075=CARTESIAN_POINT('',(-2.375E0,-4.575E0,-5.175E0));
#9076=VERTEX_POINT('',#9075);
#9077=CARTESIAN_POINT('',(-2.375E0,-4.025E0,-5.175E0));
#9078=VERTEX_POINT('',#9077);
#9079=CARTESIAN_POINT('',(-2.375E0,-4.025E0,-4.175E0));
#9080=VERTEX_POINT('',#9079);
#9081=CARTESIAN_POINT('',(-2.375E0,-3.775E0,-3.925E0));
#9082=VERTEX_POINT('',#9081);
#9083=CARTESIAN_POINT('',(-6.25E-1,-4.075E0,-2.925E0));
#9084=CARTESIAN_POINT('',(-6.25E-1,-4.625E0,-3.475E0));
#9085=VERTEX_POINT('',#9083);
#9086=VERTEX_POINT('',#9084);
#9087=CARTESIAN_POINT('',(-6.25E-1,-4.625E0,-5.125E0));
#9088=VERTEX_POINT('',#9087);
#9089=CARTESIAN_POINT('',(-6.25E-1,-4.575E0,-5.175E0));
#9090=VERTEX_POINT('',#9089);
#9091=CARTESIAN_POINT('',(-6.25E-1,-4.025E0,-5.175E0));
#9092=VERTEX_POINT('',#9091);
#9093=CARTESIAN_POINT('',(-6.25E-1,-4.025E0,-4.175E0));
#9094=VERTEX_POINT('',#9093);
#9095=CARTESIAN_POINT('',(-6.25E-1,-3.775E0,-3.925E0));
#9096=VERTEX_POINT('',#9095);
#9097=CARTESIAN_POINT('',(-8.75E-1,-4.075E0,-2.925E0));
#9098=CARTESIAN_POINT('',(-8.75E-1,-4.625E0,-3.475E0));
#9099=VERTEX_POINT('',#9097);
#9100=VERTEX_POINT('',#9098);
#9101=CARTESIAN_POINT('',(-8.75E-1,-4.625E0,-5.125E0));
#9102=VERTEX_POINT('',#9101);
#9103=CARTESIAN_POINT('',(-8.75E-1,-4.575E0,-5.175E0));
#9104=VERTEX_POINT('',#9103);
#9105=CARTESIAN_POINT('',(-8.75E-1,-4.025E0,-5.175E0));
#9106=VERTEX_POINT('',#9105);
#9107=CARTESIAN_POINT('',(-8.75E-1,-4.025E0,-4.175E0));
#9108=VERTEX_POINT('',#9107);
#9109=CARTESIAN_POINT('',(-8.75E-1,-3.775E0,-3.925E0));
#9110=VERTEX_POINT('',#9109);
#9111=CARTESIAN_POINT('',(8.75E-1,-4.075E0,-2.925E0));
#9112=CARTESIAN_POINT('',(8.75E-1,-4.625E0,-3.475E0));
#9113=VERTEX_POINT('',#9111);
#9114=VERTEX_POINT('',#9112);
#9115=CARTESIAN_POINT('',(8.75E-1,-4.625E0,-5.125E0));
#9116=VERTEX_POINT('',#9115);
#9117=CARTESIAN_POINT('',(8.75E-1,-4.575E0,-5.175E0));
#9118=VERTEX_POINT('',#9117);
#9119=CARTESIAN_POINT('',(8.75E-1,-4.025E0,-5.175E0));
#9120=VERTEX_POINT('',#9119);
#9121=CARTESIAN_POINT('',(8.75E-1,-4.025E0,-4.175E0));
#9122=VERTEX_POINT('',#9121);
#9123=CARTESIAN_POINT('',(8.75E-1,-3.775E0,-3.925E0));
#9124=VERTEX_POINT('',#9123);
#9125=CARTESIAN_POINT('',(6.25E-1,-4.075E0,-2.925E0));
#9126=CARTESIAN_POINT('',(6.25E-1,-4.625E0,-3.475E0));
#9127=VERTEX_POINT('',#9125);
#9128=VERTEX_POINT('',#9126);
#9129=CARTESIAN_POINT('',(6.25E-1,-4.625E0,-5.125E0));
#9130=VERTEX_POINT('',#9129);
#9131=CARTESIAN_POINT('',(6.25E-1,-4.575E0,-5.175E0));
#9132=VERTEX_POINT('',#9131);
#9133=CARTESIAN_POINT('',(6.25E-1,-4.025E0,-5.175E0));
#9134=VERTEX_POINT('',#9133);
#9135=CARTESIAN_POINT('',(6.25E-1,-4.025E0,-4.175E0));
#9136=VERTEX_POINT('',#9135);
#9137=CARTESIAN_POINT('',(6.25E-1,-3.775E0,-3.925E0));
#9138=VERTEX_POINT('',#9137);
#9139=CARTESIAN_POINT('',(2.375E0,-4.075E0,-2.925E0));
#9140=CARTESIAN_POINT('',(2.375E0,-4.625E0,-3.475E0));
#9141=VERTEX_POINT('',#9139);
#9142=VERTEX_POINT('',#9140);
#9143=CARTESIAN_POINT('',(2.375E0,-4.625E0,-5.125E0));
#9144=VERTEX_POINT('',#9143);
#9145=CARTESIAN_POINT('',(2.375E0,-4.575E0,-5.175E0));
#9146=VERTEX_POINT('',#9145);
#9147=CARTESIAN_POINT('',(2.375E0,-4.025E0,-5.175E0));
#9148=VERTEX_POINT('',#9147);
#9149=CARTESIAN_POINT('',(2.375E0,-4.025E0,-4.175E0));
#9150=VERTEX_POINT('',#9149);
#9151=CARTESIAN_POINT('',(2.375E0,-3.775E0,-3.925E0));
#9152=VERTEX_POINT('',#9151);
#9153=CARTESIAN_POINT('',(2.125E0,-4.075E0,-2.925E0));
#9154=CARTESIAN_POINT('',(2.125E0,-4.625E0,-3.475E0));
#9155=VERTEX_POINT('',#9153);
#9156=VERTEX_POINT('',#9154);
#9157=CARTESIAN_POINT('',(2.125E0,-4.625E0,-5.125E0));
#9158=VERTEX_POINT('',#9157);
#9159=CARTESIAN_POINT('',(2.125E0,-4.575E0,-5.175E0));
#9160=VERTEX_POINT('',#9159);
#9161=CARTESIAN_POINT('',(2.125E0,-4.025E0,-5.175E0));
#9162=VERTEX_POINT('',#9161);
#9163=CARTESIAN_POINT('',(2.125E0,-4.025E0,-4.175E0));
#9164=VERTEX_POINT('',#9163);
#9165=CARTESIAN_POINT('',(2.125E0,-3.775E0,-3.925E0));
#9166=VERTEX_POINT('',#9165);
#9167=CARTESIAN_POINT('',(-3.125E0,-4.625E0,-5.125E0));
#9168=VERTEX_POINT('',#9167);
#9169=CARTESIAN_POINT('',(-3.125E0,-4.575E0,-5.175E0));
#9170=VERTEX_POINT('',#9169);
#9171=CARTESIAN_POINT('',(-3.125E0,-4.025E0,-5.175E0));
#9172=VERTEX_POINT('',#9171);
#9173=CARTESIAN_POINT('',(-2.875E0,-4.625E0,-5.125E0));
#9174=VERTEX_POINT('',#9173);
#9175=CARTESIAN_POINT('',(-2.875E0,-4.575E0,-5.175E0));
#9176=VERTEX_POINT('',#9175);
#9177=CARTESIAN_POINT('',(-2.875E0,-4.025E0,-5.175E0));
#9178=VERTEX_POINT('',#9177);
#9179=CARTESIAN_POINT('',(-3.125E0,-7.65E-1,-9.75E-1));
#9180=CARTESIAN_POINT('',(-3.125E0,-4.45E-1,-9.75E-1));
#9181=VERTEX_POINT('',#9179);
#9182=VERTEX_POINT('',#9180);
#9183=CARTESIAN_POINT('',(-2.875E0,-7.65E-1,-9.75E-1));
#9184=CARTESIAN_POINT('',(-2.875E0,-4.45E-1,-9.75E-1));
#9185=VERTEX_POINT('',#9183);
#9186=VERTEX_POINT('',#9184);
#9187=CARTESIAN_POINT('',(-3.125E0,-3.728397459622E0,-2.875E0));
#9188=CARTESIAN_POINT('',(-3.125E0,-1.855E0,-2.875E0));
#9189=VERTEX_POINT('',#9187);
#9190=VERTEX_POINT('',#9188);
#9191=CARTESIAN_POINT('',(-2.875E0,-3.728397459622E0,-2.875E0));
#9192=CARTESIAN_POINT('',(-2.875E0,-1.855E0,-2.875E0));
#9193=VERTEX_POINT('',#9191);
#9194=VERTEX_POINT('',#9192);
#9195=CARTESIAN_POINT('',(-1.625E0,-4.625E0,-5.125E0));
#9196=VERTEX_POINT('',#9195);
#9197=CARTESIAN_POINT('',(-1.625E0,-4.575E0,-5.175E0));
#9198=VERTEX_POINT('',#9197);
#9199=CARTESIAN_POINT('',(-1.625E0,-4.025E0,-5.175E0));
#9200=VERTEX_POINT('',#9199);
#9201=CARTESIAN_POINT('',(-1.375E0,-4.625E0,-5.125E0));
#9202=VERTEX_POINT('',#9201);
#9203=CARTESIAN_POINT('',(-1.375E0,-4.575E0,-5.175E0));
#9204=VERTEX_POINT('',#9203);
#9205=CARTESIAN_POINT('',(-1.375E0,-4.025E0,-5.175E0));
#9206=VERTEX_POINT('',#9205);
#9207=CARTESIAN_POINT('',(-1.625E0,-7.65E-1,-9.75E-1));
#9208=CARTESIAN_POINT('',(-1.625E0,-4.45E-1,-9.75E-1));
#9209=VERTEX_POINT('',#9207);
#9210=VERTEX_POINT('',#9208);
#9211=CARTESIAN_POINT('',(-1.375E0,-7.65E-1,-9.75E-1));
#9212=CARTESIAN_POINT('',(-1.375E0,-4.45E-1,-9.75E-1));
#9213=VERTEX_POINT('',#9211);
#9214=VERTEX_POINT('',#9212);
#9215=CARTESIAN_POINT('',(-1.625E0,-3.728397459622E0,-2.875E0));
#9216=CARTESIAN_POINT('',(-1.625E0,-1.855E0,-2.875E0));
#9217=VERTEX_POINT('',#9215);
#9218=VERTEX_POINT('',#9216);
#9219=CARTESIAN_POINT('',(-1.375E0,-3.728397459622E0,-2.875E0));
#9220=CARTESIAN_POINT('',(-1.375E0,-1.855E0,-2.875E0));
#9221=VERTEX_POINT('',#9219);
#9222=VERTEX_POINT('',#9220);
#9223=CARTESIAN_POINT('',(-1.25E-1,-4.625E0,-5.125E0));
#9224=VERTEX_POINT('',#9223);
#9225=CARTESIAN_POINT('',(-1.25E-1,-4.575E0,-5.175E0));
#9226=VERTEX_POINT('',#9225);
#9227=CARTESIAN_POINT('',(-1.25E-1,-4.025E0,-5.175E0));
#9228=VERTEX_POINT('',#9227);
#9229=CARTESIAN_POINT('',(1.25E-1,-4.625E0,-5.125E0));
#9230=VERTEX_POINT('',#9229);
#9231=CARTESIAN_POINT('',(1.25E-1,-4.575E0,-5.175E0));
#9232=VERTEX_POINT('',#9231);
#9233=CARTESIAN_POINT('',(1.25E-1,-4.025E0,-5.175E0));
#9234=VERTEX_POINT('',#9233);
#9235=CARTESIAN_POINT('',(-1.25E-1,-7.65E-1,-9.75E-1));
#9236=CARTESIAN_POINT('',(-1.25E-1,-4.45E-1,-9.75E-1));
#9237=VERTEX_POINT('',#9235);
#9238=VERTEX_POINT('',#9236);
#9239=CARTESIAN_POINT('',(1.25E-1,-7.65E-1,-9.75E-1));
#9240=CARTESIAN_POINT('',(1.25E-1,-4.45E-1,-9.75E-1));
#9241=VERTEX_POINT('',#9239);
#9242=VERTEX_POINT('',#9240);
#9243=CARTESIAN_POINT('',(-1.25E-1,-3.728397459622E0,-2.875E0));
#9244=CARTESIAN_POINT('',(-1.25E-1,-1.855E0,-2.875E0));
#9245=VERTEX_POINT('',#9243);
#9246=VERTEX_POINT('',#9244);
#9247=CARTESIAN_POINT('',(1.25E-1,-3.728397459622E0,-2.875E0));
#9248=CARTESIAN_POINT('',(1.25E-1,-1.855E0,-2.875E0));
#9249=VERTEX_POINT('',#9247);
#9250=VERTEX_POINT('',#9248);
#9251=CARTESIAN_POINT('',(1.375E0,-4.625E0,-5.125E0));
#9252=VERTEX_POINT('',#9251);
#9253=CARTESIAN_POINT('',(1.375E0,-4.575E0,-5.175E0));
#9254=VERTEX_POINT('',#9253);
#9255=CARTESIAN_POINT('',(1.375E0,-4.025E0,-5.175E0));
#9256=VERTEX_POINT('',#9255);
#9257=CARTESIAN_POINT('',(1.625E0,-4.625E0,-5.125E0));
#9258=VERTEX_POINT('',#9257);
#9259=CARTESIAN_POINT('',(1.625E0,-4.575E0,-5.175E0));
#9260=VERTEX_POINT('',#9259);
#9261=CARTESIAN_POINT('',(1.625E0,-4.025E0,-5.175E0));
#9262=VERTEX_POINT('',#9261);
#9263=CARTESIAN_POINT('',(1.375E0,-7.65E-1,-9.75E-1));
#9264=CARTESIAN_POINT('',(1.375E0,-4.45E-1,-9.75E-1));
#9265=VERTEX_POINT('',#9263);
#9266=VERTEX_POINT('',#9264);
#9267=CARTESIAN_POINT('',(1.625E0,-7.65E-1,-9.75E-1));
#9268=CARTESIAN_POINT('',(1.625E0,-4.45E-1,-9.75E-1));
#9269=VERTEX_POINT('',#9267);
#9270=VERTEX_POINT('',#9268);
#9271=CARTESIAN_POINT('',(1.375E0,-3.728397459622E0,-2.875E0));
#9272=CARTESIAN_POINT('',(1.375E0,-1.855E0,-2.875E0));
#9273=VERTEX_POINT('',#9271);
#9274=VERTEX_POINT('',#9272);
#9275=CARTESIAN_POINT('',(1.625E0,-3.728397459622E0,-2.875E0));
#9276=CARTESIAN_POINT('',(1.625E0,-1.855E0,-2.875E0));
#9277=VERTEX_POINT('',#9275);
#9278=VERTEX_POINT('',#9276);
#9279=CARTESIAN_POINT('',(2.875E0,-4.625E0,-5.125E0));
#9280=VERTEX_POINT('',#9279);
#9281=CARTESIAN_POINT('',(2.875E0,-4.575E0,-5.175E0));
#9282=VERTEX_POINT('',#9281);
#9283=CARTESIAN_POINT('',(2.875E0,-4.025E0,-5.175E0));
#9284=VERTEX_POINT('',#9283);
#9285=CARTESIAN_POINT('',(3.125E0,-4.625E0,-5.125E0));
#9286=VERTEX_POINT('',#9285);
#9287=CARTESIAN_POINT('',(3.125E0,-4.575E0,-5.175E0));
#9288=VERTEX_POINT('',#9287);
#9289=CARTESIAN_POINT('',(3.125E0,-4.025E0,-5.175E0));
#9290=VERTEX_POINT('',#9289);
#9291=CARTESIAN_POINT('',(2.875E0,-7.65E-1,-9.75E-1));
#9292=CARTESIAN_POINT('',(2.875E0,-4.45E-1,-9.75E-1));
#9293=VERTEX_POINT('',#9291);
#9294=VERTEX_POINT('',#9292);
#9295=CARTESIAN_POINT('',(3.125E0,-7.65E-1,-9.75E-1));
#9296=CARTESIAN_POINT('',(3.125E0,-4.45E-1,-9.75E-1));
#9297=VERTEX_POINT('',#9295);
#9298=VERTEX_POINT('',#9296);
#9299=CARTESIAN_POINT('',(2.875E0,-3.728397459622E0,-2.875E0));
#9300=CARTESIAN_POINT('',(2.875E0,-1.855E0,-2.875E0));
#9301=VERTEX_POINT('',#9299);
#9302=VERTEX_POINT('',#9300);
#9303=CARTESIAN_POINT('',(3.125E0,-3.728397459622E0,-2.875E0));
#9304=CARTESIAN_POINT('',(3.125E0,-1.855E0,-2.875E0));
#9305=VERTEX_POINT('',#9303);
#9306=VERTEX_POINT('',#9304);
#9307=CARTESIAN_POINT('',(-3.125E0,-3.585E0,-7.95E-1));
#9308=CARTESIAN_POINT('',(-3.125E0,-3.585E0,1.550393920142E0));
#9309=VERTEX_POINT('',#9307);
#9310=VERTEX_POINT('',#9308);
#9311=CARTESIAN_POINT('',(-2.875E0,-3.585E0,-7.95E-1));
#9312=CARTESIAN_POINT('',(-2.875E0,-3.585E0,1.550393920142E0));
#9313=VERTEX_POINT('',#9311);
#9314=VERTEX_POINT('',#9312);
#9315=CARTESIAN_POINT('',(-3.125E0,-2.225E0,-7.25E-1));
#9316=VERTEX_POINT('',#9315);
#9317=CARTESIAN_POINT('',(-2.875E0,-2.225E0,-7.25E-1));
#9318=VERTEX_POINT('',#9317);
#9319=CARTESIAN_POINT('',(-3.125E0,-2.225E0,1.451685940766E0));
#9320=VERTEX_POINT('',#9319);
#9321=CARTESIAN_POINT('',(-2.875E0,-2.225E0,1.451685940766E0));
#9322=VERTEX_POINT('',#9321);
#9323=CARTESIAN_POINT('',(-3.125E0,-8.85E-1,-7.95E-1));
#9324=CARTESIAN_POINT('',(-3.125E0,-8.85E-1,1.550393920142E0));
#9325=VERTEX_POINT('',#9323);
#9326=VERTEX_POINT('',#9324);
#9327=CARTESIAN_POINT('',(-2.875E0,-8.85E-1,-7.95E-1));
#9328=CARTESIAN_POINT('',(-2.875E0,-8.85E-1,1.550393920142E0));
#9329=VERTEX_POINT('',#9327);
#9330=VERTEX_POINT('',#9328);
#9331=CARTESIAN_POINT('',(-3.125E0,4.65E-1,-7.416666666667E-1));
#9332=CARTESIAN_POINT('',(-3.125E0,4.75E-1,-7.25E-1));
#9333=VERTEX_POINT('',#9331);
#9334=VERTEX_POINT('',#9332);
#9335=CARTESIAN_POINT('',(-2.875E0,4.65E-1,-7.416666666667E-1));
#9336=CARTESIAN_POINT('',(-2.875E0,4.75E-1,-7.25E-1));
#9337=VERTEX_POINT('',#9335);
#9338=VERTEX_POINT('',#9336);
#9339=CARTESIAN_POINT('',(-3.125E0,4.75E-1,1.451685940766E0));
#9340=VERTEX_POINT('',#9339);
#9341=CARTESIAN_POINT('',(-2.875E0,4.75E-1,1.451685940766E0));
#9342=VERTEX_POINT('',#9341);
#9343=CARTESIAN_POINT('',(-3.125E0,-7.15E-1,-2.875E0));
#9344=CARTESIAN_POINT('',(-2.875E0,-7.15E-1,-2.875E0));
#9345=VERTEX_POINT('',#9343);
#9346=VERTEX_POINT('',#9344);
#9347=CARTESIAN_POINT('',(-3.125E0,-6.65E-1,-2.875E0));
#9348=CARTESIAN_POINT('',(-3.125E0,-6.65E-1,-3.925E0));
#9349=VERTEX_POINT('',#9347);
#9350=VERTEX_POINT('',#9348);
#9351=CARTESIAN_POINT('',(-2.875E0,-6.65E-1,-2.875E0));
#9352=CARTESIAN_POINT('',(-2.875E0,-6.65E-1,-3.925E0));
#9353=VERTEX_POINT('',#9351);
#9354=VERTEX_POINT('',#9352);
#9355=CARTESIAN_POINT('',(-1.625E0,-8.85E-1,-7.95E-1));
#9356=CARTESIAN_POINT('',(-1.625E0,-8.85E-1,1.550393920142E0));
#9357=VERTEX_POINT('',#9355);
#9358=VERTEX_POINT('',#9356);
#9359=CARTESIAN_POINT('',(-1.375E0,-8.85E-1,-7.95E-1));
#9360=CARTESIAN_POINT('',(-1.375E0,-8.85E-1,1.550393920142E0));
#9361=VERTEX_POINT('',#9359);
#9362=VERTEX_POINT('',#9360);
#9363=CARTESIAN_POINT('',(-1.625E0,4.65E-1,-7.416666666667E-1));
#9364=CARTESIAN_POINT('',(-1.625E0,4.75E-1,-7.25E-1));
#9365=VERTEX_POINT('',#9363);
#9366=VERTEX_POINT('',#9364);
#9367=CARTESIAN_POINT('',(-1.375E0,4.65E-1,-7.416666666667E-1));
#9368=CARTESIAN_POINT('',(-1.375E0,4.75E-1,-7.25E-1));
#9369=VERTEX_POINT('',#9367);
#9370=VERTEX_POINT('',#9368);
#9371=CARTESIAN_POINT('',(-1.625E0,4.75E-1,1.451685940766E0));
#9372=VERTEX_POINT('',#9371);
#9373=CARTESIAN_POINT('',(-1.375E0,4.75E-1,1.451685940766E0));
#9374=VERTEX_POINT('',#9373);
#9375=CARTESIAN_POINT('',(-1.625E0,-7.15E-1,-2.875E0));
#9376=CARTESIAN_POINT('',(-1.375E0,-7.15E-1,-2.875E0));
#9377=VERTEX_POINT('',#9375);
#9378=VERTEX_POINT('',#9376);
#9379=CARTESIAN_POINT('',(-1.625E0,-6.65E-1,-2.875E0));
#9380=CARTESIAN_POINT('',(-1.625E0,-6.65E-1,-3.925E0));
#9381=VERTEX_POINT('',#9379);
#9382=VERTEX_POINT('',#9380);
#9383=CARTESIAN_POINT('',(-1.375E0,-6.65E-1,-2.875E0));
#9384=CARTESIAN_POINT('',(-1.375E0,-6.65E-1,-3.925E0));
#9385=VERTEX_POINT('',#9383);
#9386=VERTEX_POINT('',#9384);
#9387=CARTESIAN_POINT('',(-1.25E-1,-8.85E-1,-7.95E-1));
#9388=CARTESIAN_POINT('',(-1.25E-1,-8.85E-1,1.550393920142E0));
#9389=VERTEX_POINT('',#9387);
#9390=VERTEX_POINT('',#9388);
#9391=CARTESIAN_POINT('',(1.25E-1,-8.85E-1,-7.95E-1));
#9392=CARTESIAN_POINT('',(1.25E-1,-8.85E-1,1.550393920142E0));
#9393=VERTEX_POINT('',#9391);
#9394=VERTEX_POINT('',#9392);
#9395=CARTESIAN_POINT('',(-1.25E-1,4.65E-1,-7.416666666667E-1));
#9396=CARTESIAN_POINT('',(-1.25E-1,4.75E-1,-7.25E-1));
#9397=VERTEX_POINT('',#9395);
#9398=VERTEX_POINT('',#9396);
#9399=CARTESIAN_POINT('',(1.25E-1,4.65E-1,-7.416666666667E-1));
#9400=CARTESIAN_POINT('',(1.25E-1,4.75E-1,-7.25E-1));
#9401=VERTEX_POINT('',#9399);
#9402=VERTEX_POINT('',#9400);
#9403=CARTESIAN_POINT('',(-1.25E-1,4.75E-1,1.451685940766E0));
#9404=VERTEX_POINT('',#9403);
#9405=CARTESIAN_POINT('',(1.25E-1,4.75E-1,1.451685940766E0));
#9406=VERTEX_POINT('',#9405);
#9407=CARTESIAN_POINT('',(-1.25E-1,-7.15E-1,-2.875E0));
#9408=CARTESIAN_POINT('',(1.25E-1,-7.15E-1,-2.875E0));
#9409=VERTEX_POINT('',#9407);
#9410=VERTEX_POINT('',#9408);
#9411=CARTESIAN_POINT('',(-1.25E-1,-6.65E-1,-2.875E0));
#9412=CARTESIAN_POINT('',(-1.25E-1,-6.65E-1,-3.925E0));
#9413=VERTEX_POINT('',#9411);
#9414=VERTEX_POINT('',#9412);
#9415=CARTESIAN_POINT('',(1.25E-1,-6.65E-1,-2.875E0));
#9416=CARTESIAN_POINT('',(1.25E-1,-6.65E-1,-3.925E0));
#9417=VERTEX_POINT('',#9415);
#9418=VERTEX_POINT('',#9416);
#9419=CARTESIAN_POINT('',(1.375E0,-3.585E0,-7.95E-1));
#9420=CARTESIAN_POINT('',(1.375E0,-3.585E0,1.550393920142E0));
#9421=VERTEX_POINT('',#9419);
#9422=VERTEX_POINT('',#9420);
#9423=CARTESIAN_POINT('',(1.625E0,-3.585E0,-7.95E-1));
#9424=CARTESIAN_POINT('',(1.625E0,-3.585E0,1.550393920142E0));
#9425=VERTEX_POINT('',#9423);
#9426=VERTEX_POINT('',#9424);
#9427=CARTESIAN_POINT('',(1.375E0,-2.225E0,-7.25E-1));
#9428=VERTEX_POINT('',#9427);
#9429=CARTESIAN_POINT('',(1.625E0,-2.225E0,-7.25E-1));
#9430=VERTEX_POINT('',#9429);
#9431=CARTESIAN_POINT('',(1.375E0,-2.225E0,1.451685940766E0));
#9432=VERTEX_POINT('',#9431);
#9433=CARTESIAN_POINT('',(1.625E0,-2.225E0,1.451685940766E0));
#9434=VERTEX_POINT('',#9433);
#9435=CARTESIAN_POINT('',(1.375E0,-8.85E-1,-7.95E-1));
#9436=CARTESIAN_POINT('',(1.375E0,-8.85E-1,1.550393920142E0));
#9437=VERTEX_POINT('',#9435);
#9438=VERTEX_POINT('',#9436);
#9439=CARTESIAN_POINT('',(1.625E0,-8.85E-1,-7.95E-1));
#9440=CARTESIAN_POINT('',(1.625E0,-8.85E-1,1.550393920142E0));
#9441=VERTEX_POINT('',#9439);
#9442=VERTEX_POINT('',#9440);
#9443=CARTESIAN_POINT('',(1.375E0,4.65E-1,-7.416666666667E-1));
#9444=CARTESIAN_POINT('',(1.375E0,4.75E-1,-7.25E-1));
#9445=VERTEX_POINT('',#9443);
#9446=VERTEX_POINT('',#9444);
#9447=CARTESIAN_POINT('',(1.625E0,4.65E-1,-7.416666666667E-1));
#9448=CARTESIAN_POINT('',(1.625E0,4.75E-1,-7.25E-1));
#9449=VERTEX_POINT('',#9447);
#9450=VERTEX_POINT('',#9448);
#9451=CARTESIAN_POINT('',(1.375E0,4.75E-1,1.451685940766E0));
#9452=VERTEX_POINT('',#9451);
#9453=CARTESIAN_POINT('',(1.625E0,4.75E-1,1.451685940766E0));
#9454=VERTEX_POINT('',#9453);
#9455=CARTESIAN_POINT('',(1.375E0,-7.15E-1,-2.875E0));
#9456=CARTESIAN_POINT('',(1.625E0,-7.15E-1,-2.875E0));
#9457=VERTEX_POINT('',#9455);
#9458=VERTEX_POINT('',#9456);
#9459=CARTESIAN_POINT('',(1.375E0,-6.65E-1,-2.875E0));
#9460=CARTESIAN_POINT('',(1.375E0,-6.65E-1,-3.925E0));
#9461=VERTEX_POINT('',#9459);
#9462=VERTEX_POINT('',#9460);
#9463=CARTESIAN_POINT('',(1.625E0,-6.65E-1,-2.875E0));
#9464=CARTESIAN_POINT('',(1.625E0,-6.65E-1,-3.925E0));
#9465=VERTEX_POINT('',#9463);
#9466=VERTEX_POINT('',#9464);
#9467=CARTESIAN_POINT('',(2.875E0,-3.585E0,-7.95E-1));
#9468=CARTESIAN_POINT('',(2.875E0,-3.585E0,1.550393920142E0));
#9469=VERTEX_POINT('',#9467);
#9470=VERTEX_POINT('',#9468);
#9471=CARTESIAN_POINT('',(3.125E0,-3.585E0,-7.95E-1));
#9472=CARTESIAN_POINT('',(3.125E0,-3.585E0,1.550393920142E0));
#9473=VERTEX_POINT('',#9471);
#9474=VERTEX_POINT('',#9472);
#9475=CARTESIAN_POINT('',(2.875E0,-2.225E0,-7.25E-1));
#9476=VERTEX_POINT('',#9475);
#9477=CARTESIAN_POINT('',(3.125E0,-2.225E0,-7.25E-1));
#9478=VERTEX_POINT('',#9477);
#9479=CARTESIAN_POINT('',(2.875E0,-2.225E0,1.451685940766E0));
#9480=VERTEX_POINT('',#9479);
#9481=CARTESIAN_POINT('',(3.125E0,-2.225E0,1.451685940766E0));
#9482=VERTEX_POINT('',#9481);
#9483=CARTESIAN_POINT('',(2.875E0,-8.85E-1,-7.95E-1));
#9484=CARTESIAN_POINT('',(2.875E0,-8.85E-1,1.550393920142E0));
#9485=VERTEX_POINT('',#9483);
#9486=VERTEX_POINT('',#9484);
#9487=CARTESIAN_POINT('',(3.125E0,-8.85E-1,-7.95E-1));
#9488=CARTESIAN_POINT('',(3.125E0,-8.85E-1,1.550393920142E0));
#9489=VERTEX_POINT('',#9487);
#9490=VERTEX_POINT('',#9488);
#9491=CARTESIAN_POINT('',(2.875E0,4.65E-1,-7.416666666667E-1));
#9492=CARTESIAN_POINT('',(2.875E0,4.75E-1,-7.25E-1));
#9493=VERTEX_POINT('',#9491);
#9494=VERTEX_POINT('',#9492);
#9495=CARTESIAN_POINT('',(3.125E0,4.65E-1,-7.416666666667E-1));
#9496=CARTESIAN_POINT('',(3.125E0,4.75E-1,-7.25E-1));
#9497=VERTEX_POINT('',#9495);
#9498=VERTEX_POINT('',#9496);
#9499=CARTESIAN_POINT('',(2.875E0,4.75E-1,1.451685940766E0));
#9500=VERTEX_POINT('',#9499);
#9501=CARTESIAN_POINT('',(3.125E0,4.75E-1,1.451685940766E0));
#9502=VERTEX_POINT('',#9501);
#9503=CARTESIAN_POINT('',(2.875E0,-7.15E-1,-2.875E0));
#9504=CARTESIAN_POINT('',(3.125E0,-7.15E-1,-2.875E0));
#9505=VERTEX_POINT('',#9503);
#9506=VERTEX_POINT('',#9504);
#9507=CARTESIAN_POINT('',(2.875E0,-6.65E-1,-2.875E0));
#9508=CARTESIAN_POINT('',(2.875E0,-6.65E-1,-3.925E0));
#9509=VERTEX_POINT('',#9507);
#9510=VERTEX_POINT('',#9508);
#9511=CARTESIAN_POINT('',(3.125E0,-6.65E-1,-2.875E0));
#9512=CARTESIAN_POINT('',(3.125E0,-6.65E-1,-3.925E0));
#9513=VERTEX_POINT('',#9511);
#9514=VERTEX_POINT('',#9512);
#9515=CARTESIAN_POINT('',(4.42E0,-3.325E0,-4.375E0));
#9516=CARTESIAN_POINT('',(4.42E0,-3.325E0,-4.125E0));
#9517=VERTEX_POINT('',#9515);
#9518=VERTEX_POINT('',#9516);
#9519=CARTESIAN_POINT('',(-4.42E0,-3.325E0,-4.375E0));
#9520=CARTESIAN_POINT('',(-4.42E0,-3.325E0,-4.125E0));
#9521=VERTEX_POINT('',#9519);
#9522=VERTEX_POINT('',#9520);
#9523=CARTESIAN_POINT('',(-5.E0,-3.175E0,-2.875E0));
#9524=CARTESIAN_POINT('',(-5.E0,-3.175E0,2.25E-1));
#9525=VERTEX_POINT('',#9523);
#9526=VERTEX_POINT('',#9524);
#9527=CARTESIAN_POINT('',(-5.E0,3.205E0,-3.95E-1));
#9528=CARTESIAN_POINT('',(-5.E0,3.355E0,-2.45E-1));
#9529=VERTEX_POINT('',#9527);
#9530=VERTEX_POINT('',#9528);
#9531=CARTESIAN_POINT('',(-5.E0,3.355E0,6.25E-1));
#9532=VERTEX_POINT('',#9531);
#9533=CARTESIAN_POINT('',(-5.45E0,-3.175E0,-2.875E0));
#9534=CARTESIAN_POINT('',(-5.45E0,-3.175E0,2.25E-1));
#9535=VERTEX_POINT('',#9533);
#9536=VERTEX_POINT('',#9534);
#9537=CARTESIAN_POINT('',(-5.45E0,3.205E0,-3.95E-1));
#9538=CARTESIAN_POINT('',(-5.45E0,3.355E0,-2.45E-1));
#9539=VERTEX_POINT('',#9537);
#9540=VERTEX_POINT('',#9538);
#9541=CARTESIAN_POINT('',(-5.45E0,3.355E0,6.25E-1));
#9542=VERTEX_POINT('',#9541);
#9543=CARTESIAN_POINT('',(-5.E0,-2.575E0,8.25E-1));
#9544=VERTEX_POINT('',#9543);
#9545=CARTESIAN_POINT('',(-5.E0,3.555E0,8.25E-1));
#9546=VERTEX_POINT('',#9545);
#9547=CARTESIAN_POINT('',(-5.45E0,-4.255E0,-2.875E0));
#9548=VERTEX_POINT('',#9547);
#9549=CARTESIAN_POINT('',(-5.45E0,-2.575E0,8.25E-1));
#9550=VERTEX_POINT('',#9549);
#9551=CARTESIAN_POINT('',(-5.45E0,-1.475E0,8.25E-1));
#9552=CARTESIAN_POINT('',(-5.45E0,-1.125E0,4.75E-1));
#9553=VERTEX_POINT('',#9551);
#9554=VERTEX_POINT('',#9552);
#9555=CARTESIAN_POINT('',(-5.45E0,3.555E0,8.25E-1));
#9556=VERTEX_POINT('',#9555);
#9557=CARTESIAN_POINT('',(-5.E0,3.205E0,-1.805E0));
#9558=VERTEX_POINT('',#9557);
#9559=CARTESIAN_POINT('',(-5.45E0,3.205E0,-1.805E0));
#9560=VERTEX_POINT('',#9559);
#9561=CARTESIAN_POINT('',(-5.45E0,-1.125E0,-1.805E0));
#9562=VERTEX_POINT('',#9561);
#9563=CARTESIAN_POINT('',(-5.45E0,-4.055E0,-2.675E0));
#9564=VERTEX_POINT('',#9563);
#9565=CARTESIAN_POINT('',(-5.45E0,-4.055E0,-1.525E0));
#9566=VERTEX_POINT('',#9565);
#9567=CARTESIAN_POINT('',(-5.45E0,-3.755E0,-1.225E0));
#9568=VERTEX_POINT('',#9567);
#9569=CARTESIAN_POINT('',(-5.45E0,-3.755E0,5.25E-1));
#9570=VERTEX_POINT('',#9569);
#9571=CARTESIAN_POINT('',(-5.45E0,-3.455E0,8.25E-1));
#9572=VERTEX_POINT('',#9571);
#9573=CARTESIAN_POINT('',(-5.E0,-1.475E0,8.25E-1));
#9574=VERTEX_POINT('',#9573);
#9575=CARTESIAN_POINT('',(5.E0,-3.465E0,-2.175E0));
#9576=VERTEX_POINT('',#9575);
#9577=CARTESIAN_POINT('',(5.E0,-3.465E0,-1.875E0));
#9578=VERTEX_POINT('',#9577);
#9579=CARTESIAN_POINT('',(5.E0,-3.275E0,-1.515E0));
#9580=VERTEX_POINT('',#9579);
#9581=CARTESIAN_POINT('',(-5.E0,-3.465E0,-2.175E0));
#9582=VERTEX_POINT('',#9581);
#9583=CARTESIAN_POINT('',(-5.E0,-3.465E0,-1.875E0));
#9584=VERTEX_POINT('',#9583);
#9585=CARTESIAN_POINT('',(-5.E0,-3.275E0,-1.515E0));
#9586=VERTEX_POINT('',#9585);
#9587=CARTESIAN_POINT('',(-5.E0,-1.125E0,4.75E-1));
#9588=VERTEX_POINT('',#9587);
#9589=CARTESIAN_POINT('',(-1.5E0,-4.425E0,3.575E0));
#9590=CARTESIAN_POINT('',(-1.5E0,-4.325E0,3.575E0));
#9591=VERTEX_POINT('',#9589);
#9592=VERTEX_POINT('',#9590);
#9593=CARTESIAN_POINT('',(1.5E0,-4.425E0,3.575E0));
#9594=CARTESIAN_POINT('',(1.5E0,-4.325E0,3.575E0));
#9595=VERTEX_POINT('',#9593);
#9596=VERTEX_POINT('',#9594);
#9597=CARTESIAN_POINT('',(4.9E0,-4.275E0,3.575E0));
#9598=CARTESIAN_POINT('',(3.75E0,-4.275E0,3.575E0));
#9599=VERTEX_POINT('',#9597);
#9600=VERTEX_POINT('',#9598);
#9601=CARTESIAN_POINT('',(3.75E0,-4.275E0,-2.425E0));
#9602=VERTEX_POINT('',#9601);
#9603=CARTESIAN_POINT('',(-3.75E0,-4.275E0,-2.425E0));
#9604=VERTEX_POINT('',#9603);
#9605=CARTESIAN_POINT('',(-3.75E0,-4.275E0,3.575E0));
#9606=VERTEX_POINT('',#9605);
#9607=CARTESIAN_POINT('',(-4.9E0,-4.275E0,3.575E0));
#9608=VERTEX_POINT('',#9607);
#9609=CARTESIAN_POINT('',(-5.E0,-4.275E0,-4.375E0));
#9610=CARTESIAN_POINT('',(-4.42E0,-4.275E0,-4.375E0));
#9611=VERTEX_POINT('',#9609);
#9612=VERTEX_POINT('',#9610);
#9613=CARTESIAN_POINT('',(4.42E0,-4.275E0,-4.375E0));
#9614=CARTESIAN_POINT('',(5.E0,-4.275E0,-4.375E0));
#9615=VERTEX_POINT('',#9613);
#9616=VERTEX_POINT('',#9614);
#9617=CARTESIAN_POINT('',(-5.E0,-4.575E0,-4.375E0));
#9618=VERTEX_POINT('',#9617);
#9619=CARTESIAN_POINT('',(5.E0,-4.575E0,-4.375E0));
#9620=VERTEX_POINT('',#9619);
#9621=CARTESIAN_POINT('',(-5.E0,-4.275E0,4.375E0));
#9622=CARTESIAN_POINT('',(-4.9E0,-4.275E0,4.375E0));
#9623=VERTEX_POINT('',#9621);
#9624=VERTEX_POINT('',#9622);
#9625=CARTESIAN_POINT('',(4.9E0,-4.275E0,4.375E0));
#9626=CARTESIAN_POINT('',(5.E0,-4.275E0,4.375E0));
#9627=VERTEX_POINT('',#9625);
#9628=VERTEX_POINT('',#9626);
#9629=CARTESIAN_POINT('',(4.9E0,-4.575E0,4.375E0));
#9630=VERTEX_POINT('',#9629);
#9631=CARTESIAN_POINT('',(-4.9E0,-4.575E0,4.375E0));
#9632=VERTEX_POINT('',#9631);
#9633=CARTESIAN_POINT('',(-5.E0,-4.575E0,-2.875E0));
#9634=VERTEX_POINT('',#9633);
#9635=CARTESIAN_POINT('',(5.E0,-4.575E0,-2.875E0));
#9636=VERTEX_POINT('',#9635);
#9637=CARTESIAN_POINT('',(4.9E0,-4.575E0,3.575E0));
#9638=VERTEX_POINT('',#9637);
#9639=CARTESIAN_POINT('',(3.75E0,-4.575E0,3.575E0));
#9640=VERTEX_POINT('',#9639);
#9641=CARTESIAN_POINT('',(-3.75E0,-4.575E0,3.575E0));
#9642=CARTESIAN_POINT('',(-4.9E0,-4.575E0,3.575E0));
#9643=VERTEX_POINT('',#9641);
#9644=VERTEX_POINT('',#9642);
#9645=CARTESIAN_POINT('',(3.75E0,-4.425E0,-2.425E0));
#9646=CARTESIAN_POINT('',(3.75E0,-4.425E0,3.575E0));
#9647=VERTEX_POINT('',#9645);
#9648=VERTEX_POINT('',#9646);
#9649=CARTESIAN_POINT('',(-3.75E0,-4.425E0,-2.425E0));
#9650=CARTESIAN_POINT('',(-1.5E0,-4.425E0,-2.425E0));
#9651=VERTEX_POINT('',#9649);
#9652=VERTEX_POINT('',#9650);
#9653=CARTESIAN_POINT('',(1.5E0,-4.425E0,-2.425E0));
#9654=VERTEX_POINT('',#9653);
#9655=CARTESIAN_POINT('',(-3.75E0,-4.425E0,3.575E0));
#9656=VERTEX_POINT('',#9655);
#9657=CARTESIAN_POINT('',(5.E0,-4.275E0,-2.875E0));
#9658=VERTEX_POINT('',#9657);
#9659=CARTESIAN_POINT('',(-5.E0,-4.275E0,-2.875E0));
#9660=VERTEX_POINT('',#9659);
#9661=CARTESIAN_POINT('',(4.075E0,-4.275E0,-2.875E0));
#9662=CARTESIAN_POINT('',(-4.075E0,-4.275E0,-2.875E0));
#9663=VERTEX_POINT('',#9661);
#9664=VERTEX_POINT('',#9662);
#9665=CARTESIAN_POINT('',(4.075E0,-4.275E0,-4.125E0));
#9666=VERTEX_POINT('',#9665);
#9667=CARTESIAN_POINT('',(-4.075E0,-4.275E0,-4.125E0));
#9668=VERTEX_POINT('',#9667);
#9669=CARTESIAN_POINT('',(4.42E0,-4.275E0,-4.125E0));
#9670=VERTEX_POINT('',#9669);
#9671=CARTESIAN_POINT('',(-4.42E0,-4.275E0,-4.125E0));
#9672=VERTEX_POINT('',#9671);
#9673=CARTESIAN_POINT('',(5.E0,-4.275E0,2.85E0));
#9674=VERTEX_POINT('',#9673);
#9675=CARTESIAN_POINT('',(5.E0,-4.275E0,-1.15E0));
#9676=VERTEX_POINT('',#9675);
#9677=CARTESIAN_POINT('',(-5.E0,-4.275E0,2.85E0));
#9678=VERTEX_POINT('',#9677);
#9679=CARTESIAN_POINT('',(-5.E0,-4.275E0,-1.15E0));
#9680=VERTEX_POINT('',#9679);
#9681=CARTESIAN_POINT('',(-1.5E0,-4.325E0,-2.425E0));
#9682=VERTEX_POINT('',#9681);
#9683=CARTESIAN_POINT('',(1.5E0,-4.325E0,-2.425E0));
#9684=VERTEX_POINT('',#9683);
#9685=CARTESIAN_POINT('',(0.E0,0.E0,-4.375E0));
#9686=DIRECTION('',(0.E0,0.E0,1.E0));
#9687=DIRECTION('',(1.E0,0.E0,0.E0));
#9688=AXIS2_PLACEMENT_3D('',#9685,#9686,#9687);
#9689=PLANE('',#9688);
#9691=ORIENTED_EDGE('',*,*,#9690,.T.);
#9693=ORIENTED_EDGE('',*,*,#9692,.T.);
#9695=ORIENTED_EDGE('',*,*,#9694,.T.);
#9697=ORIENTED_EDGE('',*,*,#9696,.T.);
#9698=EDGE_LOOP('',(#9691,#9693,#9695,#9697));
#9699=FACE_OUTER_BOUND('',#9698,.F.);
#9700=ADVANCED_FACE('',(#9699),#9689,.F.);
#9701=CARTESIAN_POINT('',(0.E0,0.E0,-4.375E0));
#9702=DIRECTION('',(0.E0,0.E0,1.E0));
#9703=DIRECTION('',(1.E0,0.E0,0.E0));
#9704=AXIS2_PLACEMENT_3D('',#9701,#9702,#9703);
#9705=PLANE('',#9704);
#9707=ORIENTED_EDGE('',*,*,#9706,.T.);
#9709=ORIENTED_EDGE('',*,*,#9708,.F.);
#9711=ORIENTED_EDGE('',*,*,#9710,.T.);
#9713=ORIENTED_EDGE('',*,*,#9712,.F.);
#9714=EDGE_LOOP('',(#9707,#9709,#9711,#9713));
#9715=FACE_OUTER_BOUND('',#9714,.F.);
#9716=ADVANCED_FACE('',(#9715),#9705,.F.);
#9717=CARTESIAN_POINT('',(0.E0,0.E0,-4.375E0));
#9718=DIRECTION('',(0.E0,0.E0,1.E0));
#9719=DIRECTION('',(1.E0,0.E0,0.E0));
#9720=AXIS2_PLACEMENT_3D('',#9717,#9718,#9719);
#9721=PLANE('',#9720);
#9723=ORIENTED_EDGE('',*,*,#9722,.T.);
#9725=ORIENTED_EDGE('',*,*,#9724,.T.);
#9727=ORIENTED_EDGE('',*,*,#9726,.F.);
#9729=ORIENTED_EDGE('',*,*,#9728,.T.);
#9731=ORIENTED_EDGE('',*,*,#9730,.T.);
#9733=ORIENTED_EDGE('',*,*,#9732,.T.);
#9734=EDGE_LOOP('',(#9723,#9725,#9727,#9729,#9731,#9733));
#9735=FACE_OUTER_BOUND('',#9734,.F.);
#9736=ADVANCED_FACE('',(#9735),#9721,.F.);
#9737=CARTESIAN_POINT('',(0.E0,0.E0,-4.375E0));
#9738=DIRECTION('',(0.E0,0.E0,1.E0));
#9739=DIRECTION('',(1.E0,0.E0,0.E0));
#9740=AXIS2_PLACEMENT_3D('',#9737,#9738,#9739);
#9741=PLANE('',#9740);
#9743=ORIENTED_EDGE('',*,*,#9742,.T.);
#9745=ORIENTED_EDGE('',*,*,#9744,.F.);
#9747=ORIENTED_EDGE('',*,*,#9746,.T.);
#9749=ORIENTED_EDGE('',*,*,#9748,.T.);
#9751=ORIENTED_EDGE('',*,*,#9750,.F.);
#9753=ORIENTED_EDGE('',*,*,#9752,.F.);
#9754=EDGE_LOOP('',(#9743,#9745,#9747,#9749,#9751,#9753));
#9755=FACE_OUTER_BOUND('',#9754,.F.);
#9756=ADVANCED_FACE('',(#9755),#9741,.F.);
#9757=CARTESIAN_POINT('',(5.9E0,4.575E0,-4.375E0));
#9758=DIRECTION('',(0.E0,1.E0,0.E0));
#9759=DIRECTION('',(-1.E0,0.E0,0.E0));
#9760=AXIS2_PLACEMENT_3D('',#9757,#9758,#9759);
#9761=PLANE('',#9760);
#9763=ORIENTED_EDGE('',*,*,#9762,.T.);
#9765=ORIENTED_EDGE('',*,*,#9764,.T.);
#9767=ORIENTED_EDGE('',*,*,#9766,.F.);
#9769=ORIENTED_EDGE('',*,*,#9768,.F.);
#9771=ORIENTED_EDGE('',*,*,#9770,.F.);
#9772=ORIENTED_EDGE('',*,*,#9690,.F.);
#9774=ORIENTED_EDGE('',*,*,#9773,.F.);
#9776=ORIENTED_EDGE('',*,*,#9775,.F.);
#9778=ORIENTED_EDGE('',*,*,#9777,.T.);
#9780=ORIENTED_EDGE('',*,*,#9779,.T.);
#9782=ORIENTED_EDGE('',*,*,#9781,.T.);
#9784=ORIENTED_EDGE('',*,*,#9783,.T.);
#9786=ORIENTED_EDGE('',*,*,#9785,.F.);
#9788=ORIENTED_EDGE('',*,*,#9787,.F.);
#9790=ORIENTED_EDGE('',*,*,#9789,.F.);
#9792=ORIENTED_EDGE('',*,*,#9791,.T.);
#9794=ORIENTED_EDGE('',*,*,#9793,.T.);
#9795=ORIENTED_EDGE('',*,*,#9706,.F.);
#9797=ORIENTED_EDGE('',*,*,#9796,.T.);
#9799=ORIENTED_EDGE('',*,*,#9798,.F.);
#9800=EDGE_LOOP('',(#9763,#9765,#9767,#9769,#9771,#9772,#9774,#9776,#9778,#9780,
#9782,#9784,#9786,#9788,#9790,#9792,#9794,#9795,#9797,#9799));
#9801=FACE_OUTER_BOUND('',#9800,.F.);
#9803=ORIENTED_EDGE('',*,*,#9802,.T.);
#9805=ORIENTED_EDGE('',*,*,#9804,.T.);
#9807=ORIENTED_EDGE('',*,*,#9806,.T.);
#9809=ORIENTED_EDGE('',*,*,#9808,.T.);
#9811=ORIENTED_EDGE('',*,*,#9810,.T.);
#9813=ORIENTED_EDGE('',*,*,#9812,.T.);
#9814=EDGE_LOOP('',(#9803,#9805,#9807,#9809,#9811,#9813));
#9815=FACE_BOUND('',#9814,.F.);
#9816=ADVANCED_FACE('',(#9801,#9815),#9761,.T.);
#9817=CARTESIAN_POINT('',(-1.8E0,2.665E0,-1.825E0));
#9818=DIRECTION('',(1.E0,0.E0,0.E0));
#9819=DIRECTION('',(0.E0,1.E0,0.E0));
#9820=AXIS2_PLACEMENT_3D('',#9817,#9818,#9819);
#9821=PLANE('',#9820);
#9823=ORIENTED_EDGE('',*,*,#9822,.F.);
#9825=ORIENTED_EDGE('',*,*,#9824,.F.);
#9827=ORIENTED_EDGE('',*,*,#9826,.F.);
#9829=ORIENTED_EDGE('',*,*,#9828,.F.);
#9830=ORIENTED_EDGE('',*,*,#9802,.F.);
#9832=ORIENTED_EDGE('',*,*,#9831,.T.);
#9834=ORIENTED_EDGE('',*,*,#9833,.F.);
#9836=ORIENTED_EDGE('',*,*,#9835,.T.);
#9838=ORIENTED_EDGE('',*,*,#9837,.T.);
#9839=EDGE_LOOP('',(#9823,#9825,#9827,#9829,#9830,#9832,#9834,#9836,#9838));
#9840=FACE_OUTER_BOUND('',#9839,.F.);
#9841=ADVANCED_FACE('',(#9840),#9821,.T.);
#9842=CARTESIAN_POINT('',(-1.9E0,3.385E0,3.475E0));
#9843=DIRECTION('',(7.071067811865E-1,0.E0,7.071067811865E-1));
#9844=DIRECTION('',(0.E0,-1.E0,0.E0));
#9845=AXIS2_PLACEMENT_3D('',#9842,#9843,#9844);
#9846=PLANE('',#9845);
#9847=ORIENTED_EDGE('',*,*,#9822,.T.);
#9849=ORIENTED_EDGE('',*,*,#9848,.F.);
#9851=ORIENTED_EDGE('',*,*,#9850,.F.);
#9853=ORIENTED_EDGE('',*,*,#9852,.T.);
#9854=EDGE_LOOP('',(#9847,#9849,#9851,#9853));
#9855=FACE_OUTER_BOUND('',#9854,.F.);
#9856=ADVANCED_FACE('',(#9855),#9846,.T.);
#9857=CARTESIAN_POINT('',(-2.2E0,2.765E0,3.475E0));
#9858=DIRECTION('',(0.E0,-7.071067811865E-1,7.071067811865E-1));
#9859=DIRECTION('',(-1.E0,0.E0,0.E0));
#9860=AXIS2_PLACEMENT_3D('',#9857,#9858,#9859);
#9861=PLANE('',#9860);
#9863=ORIENTED_EDGE('',*,*,#9862,.F.);
#9865=ORIENTED_EDGE('',*,*,#9864,.F.);
#9867=ORIENTED_EDGE('',*,*,#9866,.T.);
#9868=ORIENTED_EDGE('',*,*,#9848,.T.);
#9869=EDGE_LOOP('',(#9863,#9865,#9867,#9868));
#9870=FACE_OUTER_BOUND('',#9869,.F.);
#9871=ADVANCED_FACE('',(#9870),#9861,.T.);
#9872=CARTESIAN_POINT('',(-2.6E0,2.665E0,-1.825E0));
#9873=DIRECTION('',(0.E0,-1.E0,0.E0));
#9874=DIRECTION('',(1.E0,0.E0,0.E0));
#9875=AXIS2_PLACEMENT_3D('',#9872,#9873,#9874);
#9876=PLANE('',#9875);
#9877=ORIENTED_EDGE('',*,*,#9862,.T.);
#9878=ORIENTED_EDGE('',*,*,#9837,.F.);
#9880=ORIENTED_EDGE('',*,*,#9879,.F.);
#9882=ORIENTED_EDGE('',*,*,#9881,.T.);
#9883=EDGE_LOOP('',(#9877,#9878,#9880,#9882));
#9884=FACE_OUTER_BOUND('',#9883,.F.);
#9885=ADVANCED_FACE('',(#9884),#9876,.T.);
#9886=CARTESIAN_POINT('',(-4.45E0,1.525E0,-1.825E0));
#9887=DIRECTION('',(0.E0,0.E0,-1.E0));
#9888=DIRECTION('',(0.E0,1.E0,0.E0));
#9889=AXIS2_PLACEMENT_3D('',#9886,#9887,#9888);
#9890=PLANE('',#9889);
#9892=ORIENTED_EDGE('',*,*,#9891,.F.);
#9894=ORIENTED_EDGE('',*,*,#9893,.F.);
#9896=ORIENTED_EDGE('',*,*,#9895,.F.);
#9898=ORIENTED_EDGE('',*,*,#9897,.T.);
#9900=ORIENTED_EDGE('',*,*,#9899,.T.);
#9902=ORIENTED_EDGE('',*,*,#9901,.F.);
#9904=ORIENTED_EDGE('',*,*,#9903,.T.);
#9906=ORIENTED_EDGE('',*,*,#9905,.T.);
#9908=ORIENTED_EDGE('',*,*,#9907,.T.);
#9910=ORIENTED_EDGE('',*,*,#9909,.F.);
#9912=ORIENTED_EDGE('',*,*,#9911,.T.);
#9914=ORIENTED_EDGE('',*,*,#9913,.F.);
#9916=ORIENTED_EDGE('',*,*,#9915,.T.);
#9917=ORIENTED_EDGE('',*,*,#9879,.T.);
#9918=ORIENTED_EDGE('',*,*,#9835,.F.);
#9920=ORIENTED_EDGE('',*,*,#9919,.F.);
#9922=ORIENTED_EDGE('',*,*,#9921,.T.);
#9924=ORIENTED_EDGE('',*,*,#9923,.T.);
#9926=ORIENTED_EDGE('',*,*,#9925,.F.);
#9928=ORIENTED_EDGE('',*,*,#9927,.F.);
#9930=ORIENTED_EDGE('',*,*,#9929,.T.);
#9932=ORIENTED_EDGE('',*,*,#9931,.T.);
#9934=ORIENTED_EDGE('',*,*,#9933,.T.);
#9936=ORIENTED_EDGE('',*,*,#9935,.F.);
#9938=ORIENTED_EDGE('',*,*,#9937,.T.);
#9940=ORIENTED_EDGE('',*,*,#9939,.F.);
#9942=ORIENTED_EDGE('',*,*,#9941,.T.);
#9944=ORIENTED_EDGE('',*,*,#9943,.T.);
#9946=ORIENTED_EDGE('',*,*,#9945,.F.);
#9948=ORIENTED_EDGE('',*,*,#9947,.F.);
#9949=EDGE_LOOP('',(#9892,#9894,#9896,#9898,#9900,#9902,#9904,#9906,#9908,#9910,
#9912,#9914,#9916,#9917,#9918,#9920,#9922,#9924,#9926,#9928,#9930,#9932,#9934,
#9936,#9938,#9940,#9942,#9944,#9946,#9948));
#9950=FACE_OUTER_BOUND('',#9949,.F.);
#9951=ADVANCED_FACE('',(#9950),#9890,.F.);
#9952=CARTESIAN_POINT('',(-4.45E0,1.525E0,1.625E0));
#9953=DIRECTION('',(0.E0,-1.E0,0.E0));
#9954=DIRECTION('',(0.E0,0.E0,-1.E0));
#9955=AXIS2_PLACEMENT_3D('',#9952,#9953,#9954);
#9956=PLANE('',#9955);
#9958=ORIENTED_EDGE('',*,*,#9957,.F.);
#9960=ORIENTED_EDGE('',*,*,#9959,.F.);
#9962=ORIENTED_EDGE('',*,*,#9961,.F.);
#9963=ORIENTED_EDGE('',*,*,#9891,.T.);
#9964=EDGE_LOOP('',(#9958,#9960,#9962,#9963));
#9965=FACE_OUTER_BOUND('',#9964,.F.);
#9966=ADVANCED_FACE('',(#9965),#9956,.F.);
#9967=CARTESIAN_POINT('',(3.4E0,1.325E0,2.019763217257E0));
#9968=DIRECTION('',(0.E0,0.E0,-1.E0));
#9969=DIRECTION('',(0.E0,1.E0,0.E0));
#9970=AXIS2_PLACEMENT_3D('',#9967,#9968,#9969);
#9971=CYLINDRICAL_SURFACE('',#9970,2.E-1);
#9973=ORIENTED_EDGE('',*,*,#9972,.F.);
#9975=ORIENTED_EDGE('',*,*,#9974,.T.);
#9976=ORIENTED_EDGE('',*,*,#9957,.T.);
#9977=ORIENTED_EDGE('',*,*,#9947,.T.);
#9978=EDGE_LOOP('',(#9973,#9975,#9976,#9977));
#9979=FACE_OUTER_BOUND('',#9978,.F.);
#9980=ADVANCED_FACE('',(#9979),#9971,.T.);
#9981=CARTESIAN_POINT('',(3.6E0,1.525E0,1.975E0));
#9982=DIRECTION('',(-1.E0,0.E0,0.E0));
#9983=DIRECTION('',(0.E0,-1.E0,0.E0));
#9984=AXIS2_PLACEMENT_3D('',#9981,#9982,#9983);
#9985=PLANE('',#9984);
#9986=ORIENTED_EDGE('',*,*,#9972,.T.);
#9987=ORIENTED_EDGE('',*,*,#9945,.T.);
#9989=ORIENTED_EDGE('',*,*,#9988,.T.);
#9991=ORIENTED_EDGE('',*,*,#9990,.T.);
#9993=ORIENTED_EDGE('',*,*,#9992,.T.);
#9995=ORIENTED_EDGE('',*,*,#9994,.F.);
#9997=ORIENTED_EDGE('',*,*,#9996,.T.);
#9999=ORIENTED_EDGE('',*,*,#9998,.T.);
#10001=ORIENTED_EDGE('',*,*,#10000,.T.);
#10003=ORIENTED_EDGE('',*,*,#10002,.T.);
#10005=ORIENTED_EDGE('',*,*,#10004,.T.);
#10007=ORIENTED_EDGE('',*,*,#10006,.F.);
#10009=ORIENTED_EDGE('',*,*,#10008,.T.);
#10011=ORIENTED_EDGE('',*,*,#10010,.F.);
#10013=ORIENTED_EDGE('',*,*,#10012,.T.);
#10015=ORIENTED_EDGE('',*,*,#10014,.T.);
#10017=ORIENTED_EDGE('',*,*,#10016,.T.);
#10019=ORIENTED_EDGE('',*,*,#10018,.T.);
#10020=EDGE_LOOP('',(#9986,#9987,#9989,#9991,#9993,#9995,#9997,#9999,#10001,
#10003,#10005,#10007,#10009,#10011,#10013,#10015,#10017,#10019));
#10021=FACE_OUTER_BOUND('',#10020,.F.);
#10022=ADVANCED_FACE('',(#10021),#9985,.F.);
#10023=CARTESIAN_POINT('',(3.9E0,-3.525E0,4.375E0));
#10024=DIRECTION('',(0.E0,1.E0,0.E0));
#10025=DIRECTION('',(-1.E0,0.E0,0.E0));
#10026=AXIS2_PLACEMENT_3D('',#10023,#10024,#10025);
#10027=PLANE('',#10026);
#10029=ORIENTED_EDGE('',*,*,#10028,.F.);
#10031=ORIENTED_EDGE('',*,*,#10030,.T.);
#10033=ORIENTED_EDGE('',*,*,#10032,.T.);
#10034=ORIENTED_EDGE('',*,*,#9988,.F.);
#10035=ORIENTED_EDGE('',*,*,#9943,.F.);
#10036=EDGE_LOOP('',(#10029,#10031,#10033,#10034,#10035));
#10037=FACE_OUTER_BOUND('',#10036,.F.);
#10038=ADVANCED_FACE('',(#10037),#10027,.T.);
#10039=CARTESIAN_POINT('',(3.9E0,-3.585E0,4.375E0));
#10040=DIRECTION('',(1.E0,0.E0,0.E0));
#10041=DIRECTION('',(0.E0,1.E0,0.E0));
#10042=AXIS2_PLACEMENT_3D('',#10039,#10040,#10041);
#10043=PLANE('',#10042);
#10045=ORIENTED_EDGE('',*,*,#10044,.F.);
#10047=ORIENTED_EDGE('',*,*,#10046,.T.);
#10048=ORIENTED_EDGE('',*,*,#10028,.T.);
#10049=ORIENTED_EDGE('',*,*,#9941,.F.);
#10050=EDGE_LOOP('',(#10045,#10047,#10048,#10049));
#10051=FACE_OUTER_BOUND('',#10050,.F.);
#10052=ADVANCED_FACE('',(#10051),#10043,.T.);
#10053=CARTESIAN_POINT('',(-4.45E0,-3.585E0,4.375E0));
#10054=DIRECTION('',(0.E0,-1.E0,0.E0));
#10055=DIRECTION('',(0.E0,0.E0,-1.E0));
#10056=AXIS2_PLACEMENT_3D('',#10053,#10054,#10055);
#10057=PLANE('',#10056);
#10059=ORIENTED_EDGE('',*,*,#10058,.F.);
#10061=ORIENTED_EDGE('',*,*,#10060,.T.);
#10062=ORIENTED_EDGE('',*,*,#9901,.T.);
#10064=ORIENTED_EDGE('',*,*,#10063,.F.);
#10065=EDGE_LOOP('',(#10059,#10061,#10062,#10064));
#10066=FACE_OUTER_BOUND('',#10065,.F.);
#10067=ADVANCED_FACE('',(#10066),#10057,.F.);
#10068=CARTESIAN_POINT('',(-4.45E0,-3.585E0,4.375E0));
#10069=DIRECTION('',(0.E0,-1.E0,0.E0));
#10070=DIRECTION('',(0.E0,0.E0,-1.E0));
#10071=AXIS2_PLACEMENT_3D('',#10068,#10069,#10070);
#10072=PLANE('',#10071);
#10074=ORIENTED_EDGE('',*,*,#10073,.F.);
#10076=ORIENTED_EDGE('',*,*,#10075,.T.);
#10078=ORIENTED_EDGE('',*,*,#10077,.F.);
#10080=ORIENTED_EDGE('',*,*,#10079,.T.);
#10082=ORIENTED_EDGE('',*,*,#10081,.T.);
#10084=ORIENTED_EDGE('',*,*,#10083,.F.);
#10086=ORIENTED_EDGE('',*,*,#10085,.F.);
#10088=ORIENTED_EDGE('',*,*,#10087,.T.);
#10090=ORIENTED_EDGE('',*,*,#10089,.T.);
#10092=ORIENTED_EDGE('',*,*,#10091,.F.);
#10094=ORIENTED_EDGE('',*,*,#10093,.F.);
#10096=ORIENTED_EDGE('',*,*,#10095,.T.);
#10098=ORIENTED_EDGE('',*,*,#10097,.T.);
#10100=ORIENTED_EDGE('',*,*,#10099,.F.);
#10102=ORIENTED_EDGE('',*,*,#10101,.F.);
#10104=ORIENTED_EDGE('',*,*,#10103,.T.);
#10106=ORIENTED_EDGE('',*,*,#10105,.T.);
#10108=ORIENTED_EDGE('',*,*,#10107,.F.);
#10110=ORIENTED_EDGE('',*,*,#10109,.F.);
#10112=ORIENTED_EDGE('',*,*,#10111,.T.);
#10114=ORIENTED_EDGE('',*,*,#10113,.T.);
#10116=ORIENTED_EDGE('',*,*,#10115,.F.);
#10118=ORIENTED_EDGE('',*,*,#10117,.F.);
#10120=ORIENTED_EDGE('',*,*,#10119,.F.);
#10122=ORIENTED_EDGE('',*,*,#10121,.F.);
#10124=ORIENTED_EDGE('',*,*,#10123,.F.);
#10126=ORIENTED_EDGE('',*,*,#10125,.F.);
#10128=ORIENTED_EDGE('',*,*,#10127,.F.);
#10130=ORIENTED_EDGE('',*,*,#10129,.F.);
#10132=ORIENTED_EDGE('',*,*,#10131,.F.);
#10133=EDGE_LOOP('',(#10074,#10076,#10078,#10080,#10082,#10084,#10086,#10088,
#10090,#10092,#10094,#10096,#10098,#10100,#10102,#10104,#10106,#10108,#10110,
#10112,#10114,#10116,#10118,#10120,#10122,#10124,#10126,#10128,#10130,#10132));
#10134=FACE_OUTER_BOUND('',#10133,.F.);
#10135=ADVANCED_FACE('',(#10134),#10072,.F.);
#10136=CARTESIAN_POINT('',(-4.45E0,-3.585E0,4.375E0));
#10137=DIRECTION('',(0.E0,-1.E0,0.E0));
#10138=DIRECTION('',(0.E0,0.E0,-1.E0));
#10139=AXIS2_PLACEMENT_3D('',#10136,#10137,#10138);
#10140=PLANE('',#10139);
#10142=ORIENTED_EDGE('',*,*,#10141,.F.);
#10143=ORIENTED_EDGE('',*,*,#10044,.T.);
#10144=ORIENTED_EDGE('',*,*,#9939,.T.);
#10146=ORIENTED_EDGE('',*,*,#10145,.F.);
#10147=EDGE_LOOP('',(#10142,#10143,#10144,#10146));
#10148=FACE_OUTER_BOUND('',#10147,.F.);
#10149=ADVANCED_FACE('',(#10148),#10140,.F.);
#10150=CARTESIAN_POINT('',(-4.45E0,-4.015E0,4.375E0));
#10151=DIRECTION('',(0.E0,-8.267128799609E-1,-5.626240433067E-1));
#10152=DIRECTION('',(0.E0,5.626240433067E-1,-8.267128799609E-1));
#10153=AXIS2_PLACEMENT_3D('',#10150,#10151,#10152);
#10154=PLANE('',#10153);
#10156=ORIENTED_EDGE('',*,*,#10155,.T.);
#10158=ORIENTED_EDGE('',*,*,#10157,.F.);
#10160=ORIENTED_EDGE('',*,*,#10159,.T.);
#10161=ORIENTED_EDGE('',*,*,#10058,.T.);
#10163=ORIENTED_EDGE('',*,*,#10162,.T.);
#10165=ORIENTED_EDGE('',*,*,#10164,.F.);
#10167=ORIENTED_EDGE('',*,*,#10166,.F.);
#10168=ORIENTED_EDGE('',*,*,#10073,.T.);
#10170=ORIENTED_EDGE('',*,*,#10169,.F.);
#10171=EDGE_LOOP('',(#10156,#10158,#10160,#10161,#10163,#10165,#10167,#10168,
#10170));
#10172=FACE_OUTER_BOUND('',#10171,.F.);
#10173=ADVANCED_FACE('',(#10172),#10154,.F.);
#10174=CARTESIAN_POINT('',(-4.45E0,-4.015E0,4.375E0));
#10175=DIRECTION('',(0.E0,-8.267128799609E-1,-5.626240433067E-1));
#10176=DIRECTION('',(0.E0,5.626240433067E-1,-8.267128799609E-1));
#10177=AXIS2_PLACEMENT_3D('',#10174,#10175,#10176);
#10178=PLANE('',#10177);
#10180=ORIENTED_EDGE('',*,*,#10179,.F.);
#10182=ORIENTED_EDGE('',*,*,#10181,.F.);
#10184=ORIENTED_EDGE('',*,*,#10183,.T.);
#10186=ORIENTED_EDGE('',*,*,#10185,.F.);
#10187=ORIENTED_EDGE('',*,*,#10121,.T.);
#10189=ORIENTED_EDGE('',*,*,#10188,.T.);
#10190=ORIENTED_EDGE('',*,*,#10030,.F.);
#10191=ORIENTED_EDGE('',*,*,#10046,.F.);
#10192=ORIENTED_EDGE('',*,*,#10141,.T.);
#10193=EDGE_LOOP('',(#10180,#10182,#10184,#10186,#10187,#10189,#10190,#10191,
#10192));
#10194=FACE_OUTER_BOUND('',#10193,.F.);
#10195=ADVANCED_FACE('',(#10194),#10178,.F.);
#10196=CARTESIAN_POINT('',(0.E0,0.E0,4.375E0));
#10197=DIRECTION('',(0.E0,0.E0,1.E0));
#10198=DIRECTION('',(1.E0,0.E0,0.E0));
#10199=AXIS2_PLACEMENT_3D('',#10196,#10197,#10198);
#10200=PLANE('',#10199);
#10202=ORIENTED_EDGE('',*,*,#10201,.T.);
#10203=ORIENTED_EDGE('',*,*,#10155,.F.);
#10205=ORIENTED_EDGE('',*,*,#10204,.F.);
#10207=ORIENTED_EDGE('',*,*,#10206,.F.);
#10209=ORIENTED_EDGE('',*,*,#10208,.F.);
#10211=ORIENTED_EDGE('',*,*,#10210,.F.);
#10213=ORIENTED_EDGE('',*,*,#10212,.T.);
#10215=ORIENTED_EDGE('',*,*,#10214,.F.);
#10217=ORIENTED_EDGE('',*,*,#10216,.T.);
#10219=ORIENTED_EDGE('',*,*,#10218,.T.);
#10220=EDGE_LOOP('',(#10202,#10203,#10205,#10207,#10209,#10211,#10213,#10215,
#10217,#10219));
#10221=FACE_OUTER_BOUND('',#10220,.F.);
#10222=ADVANCED_FACE('',(#10221),#10200,.T.);
#10223=CARTESIAN_POINT('',(0.E0,0.E0,4.375E0));
#10224=DIRECTION('',(0.E0,0.E0,1.E0));
#10225=DIRECTION('',(1.E0,0.E0,0.E0));
#10226=AXIS2_PLACEMENT_3D('',#10223,#10224,#10225);
#10227=PLANE('',#10226);
#10229=ORIENTED_EDGE('',*,*,#10228,.T.);
#10231=ORIENTED_EDGE('',*,*,#10230,.T.);
#10233=ORIENTED_EDGE('',*,*,#10232,.F.);
#10235=ORIENTED_EDGE('',*,*,#10234,.F.);
#10237=ORIENTED_EDGE('',*,*,#10236,.F.);
#10239=ORIENTED_EDGE('',*,*,#10238,.F.);
#10241=ORIENTED_EDGE('',*,*,#10240,.T.);
#10243=ORIENTED_EDGE('',*,*,#10242,.F.);
#10245=ORIENTED_EDGE('',*,*,#10244,.T.);
#10246=ORIENTED_EDGE('',*,*,#10183,.F.);
#10247=EDGE_LOOP('',(#10229,#10231,#10233,#10235,#10237,#10239,#10241,#10243,
#10245,#10246));
#10248=FACE_OUTER_BOUND('',#10247,.F.);
#10249=ADVANCED_FACE('',(#10248),#10227,.T.);
#10250=CARTESIAN_POINT('',(-4.55E0,-3.431944444444E0,4.275E0));
#10251=DIRECTION('',(7.071067811865E-1,0.E0,7.071067811865E-1));
#10252=DIRECTION('',(0.E0,-1.E0,0.E0));
#10253=AXIS2_PLACEMENT_3D('',#10250,#10251,#10252);
#10254=PLANE('',#10253);
#10255=ORIENTED_EDGE('',*,*,#10201,.F.);
#10257=ORIENTED_EDGE('',*,*,#10256,.T.);
#10259=ORIENTED_EDGE('',*,*,#10258,.T.);
#10260=ORIENTED_EDGE('',*,*,#10157,.T.);
#10261=EDGE_LOOP('',(#10255,#10257,#10259,#10260));
#10262=FACE_OUTER_BOUND('',#10261,.F.);
#10263=ADVANCED_FACE('',(#10262),#10254,.T.);
#10264=CARTESIAN_POINT('',(-4.55E0,-2.955710678119E0,4.204289321881E0));
#10265=DIRECTION('',(7.071067811865E-1,5.E-1,5.E-1));
#10266=DIRECTION('',(4.082482904639E-1,2.886751345948E-1,-8.660254037844E-1));
#10267=AXIS2_PLACEMENT_3D('',#10264,#10265,#10266);
#10268=PLANE('',#10267);
#10270=ORIENTED_EDGE('',*,*,#10269,.F.);
#10271=ORIENTED_EDGE('',*,*,#10256,.F.);
#10273=ORIENTED_EDGE('',*,*,#10272,.T.);
#10275=ORIENTED_EDGE('',*,*,#10274,.T.);
#10276=EDGE_LOOP('',(#10270,#10271,#10273,#10275));
#10277=FACE_OUTER_BOUND('',#10276,.F.);
#10278=ADVANCED_FACE('',(#10277),#10268,.T.);
#10279=CARTESIAN_POINT('',(-4.45E0,0.E0,0.E0));
#10280=DIRECTION('',(1.E0,0.E0,0.E0));
#10281=DIRECTION('',(0.E0,0.E0,-1.E0));
#10282=AXIS2_PLACEMENT_3D('',#10279,#10280,#10281);
#10283=PLANE('',#10282);
#10285=ORIENTED_EDGE('',*,*,#10284,.T.);
#10287=ORIENTED_EDGE('',*,*,#10286,.F.);
#10288=ORIENTED_EDGE('',*,*,#9903,.F.);
#10289=ORIENTED_EDGE('',*,*,#10060,.F.);
#10290=ORIENTED_EDGE('',*,*,#10159,.F.);
#10291=ORIENTED_EDGE('',*,*,#10258,.F.);
#10292=ORIENTED_EDGE('',*,*,#10269,.T.);
#10294=ORIENTED_EDGE('',*,*,#10293,.T.);
#10296=ORIENTED_EDGE('',*,*,#10295,.T.);
#10297=EDGE_LOOP('',(#10285,#10287,#10288,#10289,#10290,#10291,#10292,#10294,
#10296));
#10298=FACE_OUTER_BOUND('',#10297,.F.);
#10299=ADVANCED_FACE('',(#10298),#10283,.T.);
#10300=CARTESIAN_POINT('',(-4.45E0,0.E0,0.E0));
#10301=DIRECTION('',(1.E0,0.E0,0.E0));
#10302=DIRECTION('',(0.E0,0.E0,-1.E0));
#10303=AXIS2_PLACEMENT_3D('',#10300,#10301,#10302);
#10304=PLANE('',#10303);
#10306=ORIENTED_EDGE('',*,*,#10305,.T.);
#10308=ORIENTED_EDGE('',*,*,#10307,.F.);
#10309=ORIENTED_EDGE('',*,*,#9911,.F.);
#10311=ORIENTED_EDGE('',*,*,#10310,.T.);
#10312=EDGE_LOOP('',(#10306,#10308,#10309,#10311));
#10313=FACE_OUTER_BOUND('',#10312,.F.);
#10314=ADVANCED_FACE('',(#10313),#10304,.T.);
#10315=CARTESIAN_POINT('',(-4.55E0,-1.75E0,3.475E0));
#10316=DIRECTION('',(7.071067811865E-1,0.E0,7.071067811865E-1));
#10317=DIRECTION('',(0.E0,-1.E0,0.E0));
#10318=AXIS2_PLACEMENT_3D('',#10315,#10316,#10317);
#10319=PLANE('',#10318);
#10320=ORIENTED_EDGE('',*,*,#10284,.F.);
#10322=ORIENTED_EDGE('',*,*,#10321,.F.);
#10324=ORIENTED_EDGE('',*,*,#10323,.T.);
#10326=ORIENTED_EDGE('',*,*,#10325,.T.);
#10327=EDGE_LOOP('',(#10320,#10322,#10324,#10326));
#10328=FACE_OUTER_BOUND('',#10327,.F.);
#10329=ADVANCED_FACE('',(#10328),#10319,.T.);
#10330=CARTESIAN_POINT('',(-4.55E0,-2.755710678119E0,3.604289321881E0));
#10331=DIRECTION('',(7.071067811865E-1,5.E-1,5.E-1));
#10332=DIRECTION('',(4.082482904639E-1,2.886751345948E-1,-8.660254037844E-1));
#10333=AXIS2_PLACEMENT_3D('',#10330,#10331,#10332);
#10334=PLANE('',#10333);
#10335=ORIENTED_EDGE('',*,*,#10295,.F.);
#10337=ORIENTED_EDGE('',*,*,#10336,.F.);
#10339=ORIENTED_EDGE('',*,*,#10338,.T.);
#10340=ORIENTED_EDGE('',*,*,#10321,.T.);
#10341=EDGE_LOOP('',(#10335,#10337,#10339,#10340));
#10342=FACE_OUTER_BOUND('',#10341,.F.);
#10343=ADVANCED_FACE('',(#10342),#10334,.T.);
#10344=CARTESIAN_POINT('',(-4.55E0,-2.885E0,3.975E0));
#10345=DIRECTION('',(7.071067811865E-1,7.071067811865E-1,0.E0));
#10346=DIRECTION('',(0.E0,0.E0,-1.E0));
#10347=AXIS2_PLACEMENT_3D('',#10344,#10345,#10346);
#10348=PLANE('',#10347);
#10349=ORIENTED_EDGE('',*,*,#10293,.F.);
#10350=ORIENTED_EDGE('',*,*,#10274,.F.);
#10352=ORIENTED_EDGE('',*,*,#10351,.T.);
#10353=ORIENTED_EDGE('',*,*,#10336,.T.);
#10354=EDGE_LOOP('',(#10349,#10350,#10352,#10353));
#10355=FACE_OUTER_BOUND('',#10354,.F.);
#10356=ADVANCED_FACE('',(#10355),#10348,.T.);
#10357=CARTESIAN_POINT('',(5.9E0,-2.785E0,4.175E0));
#10358=DIRECTION('',(0.E0,-1.E0,0.E0));
#10359=DIRECTION('',(0.E0,0.E0,-1.E0));
#10360=AXIS2_PLACEMENT_3D('',#10357,#10358,#10359);
#10361=PLANE('',#10360);
#10362=ORIENTED_EDGE('',*,*,#10351,.F.);
#10364=ORIENTED_EDGE('',*,*,#10363,.T.);
#10366=ORIENTED_EDGE('',*,*,#10365,.T.);
#10368=ORIENTED_EDGE('',*,*,#10367,.F.);
#10369=EDGE_LOOP('',(#10362,#10364,#10366,#10368));
#10370=FACE_OUTER_BOUND('',#10369,.F.);
#10371=ADVANCED_FACE('',(#10370),#10361,.F.);
#10372=CARTESIAN_POINT('',(5.9E0,-2.785E0,4.175E0));
#10373=DIRECTION('',(0.E0,-1.E0,0.E0));
#10374=DIRECTION('',(0.E0,0.E0,-1.E0));
#10375=AXIS2_PLACEMENT_3D('',#10372,#10373,#10374);
#10376=PLANE('',#10375);
#10378=ORIENTED_EDGE('',*,*,#10377,.F.);
#10380=ORIENTED_EDGE('',*,*,#10379,.F.);
#10382=ORIENTED_EDGE('',*,*,#10381,.F.);
#10384=ORIENTED_EDGE('',*,*,#10383,.T.);
#10385=EDGE_LOOP('',(#10378,#10380,#10382,#10384));
#10386=FACE_OUTER_BOUND('',#10385,.F.);
#10387=ADVANCED_FACE('',(#10386),#10376,.F.);
#10388=CARTESIAN_POINT('',(5.9E0,-2.985E0,4.375E0));
#10389=DIRECTION('',(0.E0,-7.071067811865E-1,-7.071067811865E-1));
#10390=DIRECTION('',(0.E0,7.071067811865E-1,-7.071067811865E-1));
#10391=AXIS2_PLACEMENT_3D('',#10388,#10389,#10390);
#10392=PLANE('',#10391);
#10393=ORIENTED_EDGE('',*,*,#10272,.F.);
#10394=ORIENTED_EDGE('',*,*,#10218,.F.);
#10396=ORIENTED_EDGE('',*,*,#10395,.T.);
#10397=ORIENTED_EDGE('',*,*,#10363,.F.);
#10398=EDGE_LOOP('',(#10393,#10394,#10396,#10397));
#10399=FACE_OUTER_BOUND('',#10398,.F.);
#10400=ADVANCED_FACE('',(#10399),#10392,.F.);
#10401=CARTESIAN_POINT('',(5.9E0,-2.985E0,4.375E0));
#10402=DIRECTION('',(0.E0,-7.071067811865E-1,-7.071067811865E-1));
#10403=DIRECTION('',(0.E0,7.071067811865E-1,-7.071067811865E-1));
#10404=AXIS2_PLACEMENT_3D('',#10401,#10402,#10403);
#10405=PLANE('',#10404);
#10407=ORIENTED_EDGE('',*,*,#10406,.F.);
#10408=ORIENTED_EDGE('',*,*,#10383,.F.);
#10410=ORIENTED_EDGE('',*,*,#10409,.F.);
#10411=ORIENTED_EDGE('',*,*,#10230,.F.);
#10412=EDGE_LOOP('',(#10407,#10408,#10410,#10411));
#10413=FACE_OUTER_BOUND('',#10412,.F.);
#10414=ADVANCED_FACE('',(#10413),#10405,.F.);
#10415=CARTESIAN_POINT('',(-5.E0,3.875E0,-4.375E0));
#10416=DIRECTION('',(1.E0,0.E0,0.E0));
#10417=DIRECTION('',(0.E0,-1.E0,0.E0));
#10418=AXIS2_PLACEMENT_3D('',#10415,#10416,#10417);
#10419=PLANE('',#10418);
#10421=ORIENTED_EDGE('',*,*,#10420,.T.);
#10423=ORIENTED_EDGE('',*,*,#10422,.F.);
#10424=ORIENTED_EDGE('',*,*,#9708,.T.);
#10425=ORIENTED_EDGE('',*,*,#9793,.F.);
#10427=ORIENTED_EDGE('',*,*,#10426,.T.);
#10429=ORIENTED_EDGE('',*,*,#10428,.F.);
#10430=EDGE_LOOP('',(#10421,#10423,#10424,#10425,#10427,#10429));
#10431=FACE_OUTER_BOUND('',#10430,.F.);
#10432=ADVANCED_FACE('',(#10431),#10419,.F.);
#10433=CARTESIAN_POINT('',(-5.E0,3.875E0,-4.375E0));
#10434=DIRECTION('',(1.E0,0.E0,0.E0));
#10435=DIRECTION('',(0.E0,-1.E0,0.E0));
#10436=AXIS2_PLACEMENT_3D('',#10433,#10434,#10435);
#10437=PLANE('',#10436);
#10439=ORIENTED_EDGE('',*,*,#10438,.T.);
#10441=ORIENTED_EDGE('',*,*,#10440,.T.);
#10443=ORIENTED_EDGE('',*,*,#10442,.T.);
#10445=ORIENTED_EDGE('',*,*,#10444,.T.);
#10447=ORIENTED_EDGE('',*,*,#10446,.T.);
#10449=ORIENTED_EDGE('',*,*,#10448,.T.);
#10451=ORIENTED_EDGE('',*,*,#10450,.F.);
#10452=EDGE_LOOP('',(#10439,#10441,#10443,#10445,#10447,#10449,#10451));
#10453=FACE_OUTER_BOUND('',#10452,.F.);
#10454=ADVANCED_FACE('',(#10453),#10437,.F.);
#10455=CARTESIAN_POINT('',(-5.E0,3.875E0,-4.375E0));
#10456=DIRECTION('',(1.E0,0.E0,0.E0));
#10457=DIRECTION('',(0.E0,-1.E0,0.E0));
#10458=AXIS2_PLACEMENT_3D('',#10455,#10456,#10457);
#10459=PLANE('',#10458);
#10461=ORIENTED_EDGE('',*,*,#10460,.T.);
#10463=ORIENTED_EDGE('',*,*,#10462,.F.);
#10465=ORIENTED_EDGE('',*,*,#10464,.F.);
#10467=ORIENTED_EDGE('',*,*,#10466,.F.);
#10469=ORIENTED_EDGE('',*,*,#10468,.F.);
#10471=ORIENTED_EDGE('',*,*,#10470,.T.);
#10473=ORIENTED_EDGE('',*,*,#10472,.F.);
#10475=ORIENTED_EDGE('',*,*,#10474,.F.);
#10477=ORIENTED_EDGE('',*,*,#10476,.F.);
#10479=ORIENTED_EDGE('',*,*,#10478,.F.);
#10481=ORIENTED_EDGE('',*,*,#10480,.F.);
#10483=ORIENTED_EDGE('',*,*,#10482,.F.);
#10485=ORIENTED_EDGE('',*,*,#10484,.F.);
#10487=ORIENTED_EDGE('',*,*,#10486,.F.);
#10489=ORIENTED_EDGE('',*,*,#10488,.F.);
#10491=ORIENTED_EDGE('',*,*,#10490,.F.);
#10493=ORIENTED_EDGE('',*,*,#10492,.T.);
#10495=ORIENTED_EDGE('',*,*,#10494,.T.);
#10497=ORIENTED_EDGE('',*,*,#10496,.T.);
#10499=ORIENTED_EDGE('',*,*,#10498,.T.);
#10501=ORIENTED_EDGE('',*,*,#10500,.T.);
#10502=ORIENTED_EDGE('',*,*,#9785,.T.);
#10504=ORIENTED_EDGE('',*,*,#10503,.F.);
#10506=ORIENTED_EDGE('',*,*,#10505,.F.);
#10507=ORIENTED_EDGE('',*,*,#10365,.F.);
#10508=ORIENTED_EDGE('',*,*,#10395,.F.);
#10509=ORIENTED_EDGE('',*,*,#10216,.F.);
#10510=EDGE_LOOP('',(#10461,#10463,#10465,#10467,#10469,#10471,#10473,#10475,
#10477,#10479,#10481,#10483,#10485,#10487,#10489,#10491,#10493,#10495,#10497,
#10499,#10501,#10502,#10504,#10506,#10507,#10508,#10509));
#10511=FACE_OUTER_BOUND('',#10510,.F.);
#10512=ADVANCED_FACE('',(#10511),#10459,.F.);
#10513=CARTESIAN_POINT('',(-5.E0,3.875E0,-4.375E0));
#10514=DIRECTION('',(1.E0,0.E0,0.E0));
#10515=DIRECTION('',(0.E0,-1.E0,0.E0));
#10516=AXIS2_PLACEMENT_3D('',#10513,#10514,#10515);
#10517=PLANE('',#10516);
#10519=ORIENTED_EDGE('',*,*,#10518,.T.);
#10521=ORIENTED_EDGE('',*,*,#10520,.F.);
#10523=ORIENTED_EDGE('',*,*,#10522,.T.);
#10525=ORIENTED_EDGE('',*,*,#10524,.T.);
#10527=ORIENTED_EDGE('',*,*,#10526,.T.);
#10529=ORIENTED_EDGE('',*,*,#10528,.T.);
#10531=ORIENTED_EDGE('',*,*,#10530,.F.);
#10533=ORIENTED_EDGE('',*,*,#10532,.F.);
#10535=ORIENTED_EDGE('',*,*,#10534,.F.);
#10537=ORIENTED_EDGE('',*,*,#10536,.F.);
#10539=ORIENTED_EDGE('',*,*,#10538,.F.);
#10541=ORIENTED_EDGE('',*,*,#10540,.F.);
#10543=ORIENTED_EDGE('',*,*,#10542,.F.);
#10545=ORIENTED_EDGE('',*,*,#10544,.F.);
#10547=ORIENTED_EDGE('',*,*,#10546,.F.);
#10549=ORIENTED_EDGE('',*,*,#10548,.F.);
#10550=EDGE_LOOP('',(#10519,#10521,#10523,#10525,#10527,#10529,#10531,#10533,
#10535,#10537,#10539,#10541,#10543,#10545,#10547,#10549));
#10551=FACE_OUTER_BOUND('',#10550,.F.);
#10552=ADVANCED_FACE('',(#10551),#10517,.F.);
#10553=CARTESIAN_POINT('',(0.E0,0.E0,-4.125E0));
#10554=DIRECTION('',(0.E0,0.E0,-1.E0));
#10555=DIRECTION('',(-1.E0,0.E0,0.E0));
#10556=AXIS2_PLACEMENT_3D('',#10553,#10554,#10555);
#10557=PLANE('',#10556);
#10559=ORIENTED_EDGE('',*,*,#10558,.F.);
#10561=ORIENTED_EDGE('',*,*,#10560,.F.);
#10563=ORIENTED_EDGE('',*,*,#10562,.F.);
#10565=ORIENTED_EDGE('',*,*,#10564,.F.);
#10567=ORIENTED_EDGE('',*,*,#10566,.F.);
#10569=ORIENTED_EDGE('',*,*,#10568,.T.);
#10571=ORIENTED_EDGE('',*,*,#10570,.T.);
#10573=ORIENTED_EDGE('',*,*,#10572,.T.);
#10575=ORIENTED_EDGE('',*,*,#10574,.F.);
#10577=ORIENTED_EDGE('',*,*,#10576,.F.);
#10578=ORIENTED_EDGE('',*,*,#9768,.T.);
#10580=ORIENTED_EDGE('',*,*,#10579,.T.);
#10582=ORIENTED_EDGE('',*,*,#10581,.T.);
#10584=ORIENTED_EDGE('',*,*,#10583,.F.);
#10585=ORIENTED_EDGE('',*,*,#9798,.T.);
#10587=ORIENTED_EDGE('',*,*,#10586,.F.);
#10589=ORIENTED_EDGE('',*,*,#10588,.F.);
#10590=ORIENTED_EDGE('',*,*,#10420,.F.);
#10592=ORIENTED_EDGE('',*,*,#10591,.F.);
#10594=ORIENTED_EDGE('',*,*,#10593,.F.);
#10596=ORIENTED_EDGE('',*,*,#10595,.T.);
#10597=ORIENTED_EDGE('',*,*,#10438,.F.);
#10599=ORIENTED_EDGE('',*,*,#10598,.F.);
#10601=ORIENTED_EDGE('',*,*,#10600,.F.);
#10603=ORIENTED_EDGE('',*,*,#10602,.F.);
#10605=ORIENTED_EDGE('',*,*,#10604,.T.);
#10607=ORIENTED_EDGE('',*,*,#10606,.T.);
#10609=ORIENTED_EDGE('',*,*,#10608,.F.);
#10610=EDGE_LOOP('',(#10559,#10561,#10563,#10565,#10567,#10569,#10571,#10573,
#10575,#10577,#10578,#10580,#10582,#10584,#10585,#10587,#10589,#10590,#10592,
#10594,#10596,#10597,#10599,#10601,#10603,#10605,#10607,#10609));
#10611=FACE_OUTER_BOUND('',#10610,.F.);
#10612=ADVANCED_FACE('',(#10611),#10557,.T.);
#10613=CARTESIAN_POINT('',(0.E0,-4.275E0,-4.375E0));
#10614=DIRECTION('',(0.E0,-1.E0,0.E0));
#10615=DIRECTION('',(1.E0,0.E0,0.E0));
#10616=AXIS2_PLACEMENT_3D('',#10613,#10614,#10615);
#10617=PLANE('',#10616);
#10618=ORIENTED_EDGE('',*,*,#9722,.F.);
#10620=ORIENTED_EDGE('',*,*,#10619,.F.);
#10621=ORIENTED_EDGE('',*,*,#10518,.F.);
#10623=ORIENTED_EDGE('',*,*,#10622,.F.);
#10624=ORIENTED_EDGE('',*,*,#10460,.F.);
#10625=ORIENTED_EDGE('',*,*,#10214,.T.);
#10627=ORIENTED_EDGE('',*,*,#10626,.F.);
#10629=ORIENTED_EDGE('',*,*,#10628,.F.);
#10631=ORIENTED_EDGE('',*,*,#10630,.F.);
#10633=ORIENTED_EDGE('',*,*,#10632,.F.);
#10635=ORIENTED_EDGE('',*,*,#10634,.F.);
#10637=ORIENTED_EDGE('',*,*,#10636,.F.);
#10639=ORIENTED_EDGE('',*,*,#10638,.F.);
#10640=ORIENTED_EDGE('',*,*,#10234,.T.);
#10642=ORIENTED_EDGE('',*,*,#10641,.T.);
#10644=ORIENTED_EDGE('',*,*,#10643,.F.);
#10646=ORIENTED_EDGE('',*,*,#10645,.T.);
#10648=ORIENTED_EDGE('',*,*,#10647,.F.);
#10649=ORIENTED_EDGE('',*,*,#9742,.F.);
#10651=ORIENTED_EDGE('',*,*,#10650,.F.);
#10652=ORIENTED_EDGE('',*,*,#10558,.T.);
#10654=ORIENTED_EDGE('',*,*,#10653,.F.);
#10656=ORIENTED_EDGE('',*,*,#10655,.T.);
#10658=ORIENTED_EDGE('',*,*,#10657,.T.);
#10659=ORIENTED_EDGE('',*,*,#10602,.T.);
#10661=ORIENTED_EDGE('',*,*,#10660,.T.);
#10662=EDGE_LOOP('',(#10618,#10620,#10621,#10623,#10624,#10625,#10627,#10629,
#10631,#10633,#10635,#10637,#10639,#10640,#10642,#10644,#10646,#10648,#10649,
#10651,#10652,#10654,#10656,#10658,#10659,#10661));
#10663=FACE_OUTER_BOUND('',#10662,.F.);
#10664=ADVANCED_FACE('',(#10663),#10617,.T.);
#10665=CARTESIAN_POINT('',(-5.E0,-4.225E0,-1.175E0));
#10666=DIRECTION('',(1.E0,0.E0,0.E0));
#10667=DIRECTION('',(0.E0,0.E0,1.E0));
#10668=AXIS2_PLACEMENT_3D('',#10665,#10666,#10667);
#10669=PLANE('',#10668);
#10670=ORIENTED_EDGE('',*,*,#9732,.F.);
#10672=ORIENTED_EDGE('',*,*,#10671,.T.);
#10674=ORIENTED_EDGE('',*,*,#10673,.T.);
#10675=ORIENTED_EDGE('',*,*,#10619,.T.);
#10676=EDGE_LOOP('',(#10670,#10672,#10674,#10675));
#10677=FACE_OUTER_BOUND('',#10676,.F.);
#10678=ADVANCED_FACE('',(#10677),#10669,.T.);
#10679=CARTESIAN_POINT('',(-5.E0,-4.225E0,-1.175E0));
#10680=DIRECTION('',(1.E0,0.E0,0.E0));
#10681=DIRECTION('',(0.E0,0.E0,1.E0));
#10682=AXIS2_PLACEMENT_3D('',#10679,#10680,#10681);
#10683=PLANE('',#10682);
#10685=ORIENTED_EDGE('',*,*,#10684,.T.);
#10686=ORIENTED_EDGE('',*,*,#10622,.T.);
#10688=ORIENTED_EDGE('',*,*,#10687,.T.);
#10690=ORIENTED_EDGE('',*,*,#10689,.T.);
#10691=EDGE_LOOP('',(#10685,#10686,#10688,#10690));
#10692=FACE_OUTER_BOUND('',#10691,.F.);
#10693=ADVANCED_FACE('',(#10692),#10683,.T.);
#10694=CARTESIAN_POINT('',(-5.9E0,-4.575E0,-4.375E0));
#10695=DIRECTION('',(0.E0,-1.E0,0.E0));
#10696=DIRECTION('',(1.E0,0.E0,0.E0));
#10697=AXIS2_PLACEMENT_3D('',#10694,#10695,#10696);
#10698=PLANE('',#10697);
#10699=ORIENTED_EDGE('',*,*,#10671,.F.);
#10700=ORIENTED_EDGE('',*,*,#9730,.F.);
#10702=ORIENTED_EDGE('',*,*,#10701,.T.);
#10704=ORIENTED_EDGE('',*,*,#10703,.T.);
#10705=EDGE_LOOP('',(#10699,#10700,#10702,#10704));
#10706=FACE_OUTER_BOUND('',#10705,.F.);
#10707=ADVANCED_FACE('',(#10706),#10698,.T.);
#10708=CARTESIAN_POINT('',(-5.9E0,-4.575E0,-4.375E0));
#10709=DIRECTION('',(0.E0,-1.E0,0.E0));
#10710=DIRECTION('',(1.E0,0.E0,0.E0));
#10711=AXIS2_PLACEMENT_3D('',#10708,#10709,#10710);
#10712=PLANE('',#10711);
#10714=ORIENTED_EDGE('',*,*,#10713,.T.);
#10716=ORIENTED_EDGE('',*,*,#10715,.F.);
#10718=ORIENTED_EDGE('',*,*,#10717,.F.);
#10719=ORIENTED_EDGE('',*,*,#9746,.F.);
#10720=EDGE_LOOP('',(#10714,#10716,#10718,#10719));
#10721=FACE_OUTER_BOUND('',#10720,.F.);
#10722=ADVANCED_FACE('',(#10721),#10712,.T.);
#10723=CARTESIAN_POINT('',(-5.9E0,-4.575E0,-4.375E0));
#10724=DIRECTION('',(0.E0,-1.E0,0.E0));
#10725=DIRECTION('',(1.E0,0.E0,0.E0));
#10726=AXIS2_PLACEMENT_3D('',#10723,#10724,#10725);
#10727=PLANE('',#10726);
#10729=ORIENTED_EDGE('',*,*,#10728,.T.);
#10731=ORIENTED_EDGE('',*,*,#10730,.T.);
#10733=ORIENTED_EDGE('',*,*,#10732,.T.);
#10734=ORIENTED_EDGE('',*,*,#10238,.T.);
#10735=EDGE_LOOP('',(#10729,#10731,#10733,#10734));
#10736=FACE_OUTER_BOUND('',#10735,.F.);
#10737=ADVANCED_FACE('',(#10736),#10727,.T.);
#10738=CARTESIAN_POINT('',(-5.9E0,-4.575E0,-4.375E0));
#10739=DIRECTION('',(0.E0,-1.E0,0.E0));
#10740=DIRECTION('',(1.E0,0.E0,0.E0));
#10741=AXIS2_PLACEMENT_3D('',#10738,#10739,#10740);
#10742=PLANE('',#10741);
#10744=ORIENTED_EDGE('',*,*,#10743,.T.);
#10746=ORIENTED_EDGE('',*,*,#10745,.F.);
#10747=ORIENTED_EDGE('',*,*,#10210,.T.);
#10749=ORIENTED_EDGE('',*,*,#10748,.T.);
#10750=EDGE_LOOP('',(#10744,#10746,#10747,#10749));
#10751=FACE_OUTER_BOUND('',#10750,.F.);
#10752=ADVANCED_FACE('',(#10751),#10742,.T.);
#10753=CARTESIAN_POINT('',(-5.9E0,4.575E0,-4.375E0));
#10754=DIRECTION('',(-1.E0,0.E0,0.E0));
#10755=DIRECTION('',(0.E0,-1.E0,0.E0));
#10756=AXIS2_PLACEMENT_3D('',#10753,#10754,#10755);
#10757=PLANE('',#10756);
#10759=ORIENTED_EDGE('',*,*,#10758,.F.);
#10761=ORIENTED_EDGE('',*,*,#10760,.F.);
#10762=ORIENTED_EDGE('',*,*,#9789,.T.);
#10764=ORIENTED_EDGE('',*,*,#10763,.T.);
#10766=ORIENTED_EDGE('',*,*,#10765,.F.);
#10768=ORIENTED_EDGE('',*,*,#10767,.F.);
#10770=ORIENTED_EDGE('',*,*,#10769,.F.);
#10772=ORIENTED_EDGE('',*,*,#10771,.F.);
#10774=ORIENTED_EDGE('',*,*,#10773,.F.);
#10776=ORIENTED_EDGE('',*,*,#10775,.F.);
#10777=ORIENTED_EDGE('',*,*,#10701,.F.);
#10778=ORIENTED_EDGE('',*,*,#9728,.F.);
#10780=ORIENTED_EDGE('',*,*,#10779,.T.);
#10782=ORIENTED_EDGE('',*,*,#10781,.T.);
#10784=ORIENTED_EDGE('',*,*,#10783,.F.);
#10786=ORIENTED_EDGE('',*,*,#10785,.F.);
#10787=EDGE_LOOP('',(#10759,#10761,#10762,#10764,#10766,#10768,#10770,#10772,
#10774,#10776,#10777,#10778,#10780,#10782,#10784,#10786));
#10788=FACE_OUTER_BOUND('',#10787,.F.);
#10789=ADVANCED_FACE('',(#10788),#10757,.T.);
#10790=CARTESIAN_POINT('',(-5.9E0,-2.055E0,-4.375E0));
#10791=DIRECTION('',(0.E0,-1.E0,0.E0));
#10792=DIRECTION('',(0.E0,0.E0,1.E0));
#10793=AXIS2_PLACEMENT_3D('',#10790,#10791,#10792);
#10794=PLANE('',#10793);
#10795=ORIENTED_EDGE('',*,*,#10758,.T.);
#10797=ORIENTED_EDGE('',*,*,#10796,.T.);
#10799=ORIENTED_EDGE('',*,*,#10798,.F.);
#10801=ORIENTED_EDGE('',*,*,#10800,.F.);
#10802=EDGE_LOOP('',(#10795,#10797,#10799,#10801));
#10803=FACE_OUTER_BOUND('',#10802,.F.);
#10804=ADVANCED_FACE('',(#10803),#10794,.T.);
#10805=CARTESIAN_POINT('',(-5.9E0,-2.055E0,-8.75E-1));
#10806=DIRECTION('',(0.E0,0.E0,-1.E0));
#10807=DIRECTION('',(0.E0,-1.E0,0.E0));
#10808=AXIS2_PLACEMENT_3D('',#10805,#10806,#10807);
#10809=PLANE('',#10808);
#10810=ORIENTED_EDGE('',*,*,#10785,.T.);
#10812=ORIENTED_EDGE('',*,*,#10811,.T.);
#10814=ORIENTED_EDGE('',*,*,#10813,.F.);
#10815=ORIENTED_EDGE('',*,*,#10796,.F.);
#10816=EDGE_LOOP('',(#10810,#10812,#10814,#10815));
#10817=FACE_OUTER_BOUND('',#10816,.F.);
#10818=ADVANCED_FACE('',(#10817),#10809,.T.);
#10819=CARTESIAN_POINT('',(-5.9E0,-2.655E0,-3.525E0));
#10820=DIRECTION('',(0.E0,1.E0,0.E0));
#10821=DIRECTION('',(0.E0,0.E0,-1.E0));
#10822=AXIS2_PLACEMENT_3D('',#10819,#10820,#10821);
#10823=PLANE('',#10822);
#10825=ORIENTED_EDGE('',*,*,#10824,.F.);
#10827=ORIENTED_EDGE('',*,*,#10826,.F.);
#10828=ORIENTED_EDGE('',*,*,#10811,.F.);
#10829=ORIENTED_EDGE('',*,*,#10783,.T.);
#10831=ORIENTED_EDGE('',*,*,#10830,.F.);
#10832=ORIENTED_EDGE('',*,*,#10446,.F.);
#10833=EDGE_LOOP('',(#10825,#10827,#10828,#10829,#10831,#10832));
#10834=FACE_OUTER_BOUND('',#10833,.F.);
#10835=ADVANCED_FACE('',(#10834),#10823,.T.);
#10836=CARTESIAN_POINT('',(-5.9E0,-2.255E0,-3.125E0));
#10837=DIRECTION('',(0.E0,7.071067811865E-1,-7.071067811865E-1));
#10838=DIRECTION('',(0.E0,-7.071067811865E-1,-7.071067811865E-1));
#10839=AXIS2_PLACEMENT_3D('',#10836,#10837,#10838);
#10840=PLANE('',#10839);
#10842=ORIENTED_EDGE('',*,*,#10841,.T.);
#10843=ORIENTED_EDGE('',*,*,#10824,.T.);
#10844=ORIENTED_EDGE('',*,*,#10444,.F.);
#10846=ORIENTED_EDGE('',*,*,#10845,.F.);
#10847=EDGE_LOOP('',(#10842,#10843,#10844,#10846));
#10848=FACE_OUTER_BOUND('',#10847,.F.);
#10849=ADVANCED_FACE('',(#10848),#10840,.T.);
#10850=CARTESIAN_POINT('',(-5.4E0,0.E0,-4.375E0));
#10851=DIRECTION('',(1.E0,0.E0,0.E0));
#10852=DIRECTION('',(0.E0,0.E0,-1.E0));
#10853=AXIS2_PLACEMENT_3D('',#10850,#10851,#10852);
#10854=PLANE('',#10853);
#10856=ORIENTED_EDGE('',*,*,#10855,.T.);
#10857=ORIENTED_EDGE('',*,*,#10798,.T.);
#10858=ORIENTED_EDGE('',*,*,#10813,.T.);
#10859=ORIENTED_EDGE('',*,*,#10826,.T.);
#10860=ORIENTED_EDGE('',*,*,#10841,.F.);
#10861=EDGE_LOOP('',(#10856,#10857,#10858,#10859,#10860));
#10862=FACE_OUTER_BOUND('',#10861,.F.);
#10863=ADVANCED_FACE('',(#10862),#10854,.F.);
#10864=CARTESIAN_POINT('',(-5.9E0,4.575E0,-3.125E0));
#10865=DIRECTION('',(0.E0,0.E0,-1.E0));
#10866=DIRECTION('',(0.E0,-1.E0,0.E0));
#10867=AXIS2_PLACEMENT_3D('',#10864,#10865,#10866);
#10868=PLANE('',#10867);
#10869=ORIENTED_EDGE('',*,*,#10855,.F.);
#10870=ORIENTED_EDGE('',*,*,#10845,.T.);
#10871=ORIENTED_EDGE('',*,*,#10442,.F.);
#10873=ORIENTED_EDGE('',*,*,#10872,.T.);
#10875=ORIENTED_EDGE('',*,*,#10874,.T.);
#10877=ORIENTED_EDGE('',*,*,#10876,.F.);
#10878=ORIENTED_EDGE('',*,*,#10426,.F.);
#10879=ORIENTED_EDGE('',*,*,#9791,.F.);
#10880=ORIENTED_EDGE('',*,*,#10760,.T.);
#10881=ORIENTED_EDGE('',*,*,#10800,.T.);
#10882=EDGE_LOOP('',(#10869,#10870,#10871,#10873,#10875,#10877,#10878,#10879,
#10880,#10881));
#10883=FACE_OUTER_BOUND('',#10882,.F.);
#10884=ADVANCED_FACE('',(#10883),#10868,.T.);
#10885=CARTESIAN_POINT('',(-4.9E0,-1.175E0,-1.805E0));
#10886=DIRECTION('',(0.E0,1.E0,0.E0));
#10887=DIRECTION('',(0.E0,0.E0,-1.E0));
#10888=AXIS2_PLACEMENT_3D('',#10885,#10886,#10887);
#10889=PLANE('',#10888);
#10890=ORIENTED_EDGE('',*,*,#10595,.F.);
#10892=ORIENTED_EDGE('',*,*,#10891,.F.);
#10894=ORIENTED_EDGE('',*,*,#10893,.T.);
#10896=ORIENTED_EDGE('',*,*,#10895,.T.);
#10897=ORIENTED_EDGE('',*,*,#10872,.F.);
#10898=ORIENTED_EDGE('',*,*,#10440,.F.);
#10899=EDGE_LOOP('',(#10890,#10892,#10894,#10896,#10897,#10898));
#10900=FACE_OUTER_BOUND('',#10899,.F.);
#10901=ADVANCED_FACE('',(#10900),#10889,.T.);
#10902=CARTESIAN_POINT('',(-4.9E0,0.E0,-4.375E0));
#10903=DIRECTION('',(1.E0,0.E0,0.E0));
#10904=DIRECTION('',(0.E0,0.E0,-1.E0));
#10905=AXIS2_PLACEMENT_3D('',#10902,#10903,#10904);
#10906=PLANE('',#10905);
#10907=ORIENTED_EDGE('',*,*,#10593,.T.);
#10909=ORIENTED_EDGE('',*,*,#10908,.T.);
#10911=ORIENTED_EDGE('',*,*,#10910,.T.);
#10912=ORIENTED_EDGE('',*,*,#10891,.T.);
#10913=EDGE_LOOP('',(#10907,#10909,#10911,#10912));
#10914=FACE_OUTER_BOUND('',#10913,.F.);
#10915=ADVANCED_FACE('',(#10914),#10906,.F.);
#10916=CARTESIAN_POINT('',(-4.9E0,3.255E0,-4.375E0));
#10917=DIRECTION('',(0.E0,-1.E0,0.E0));
#10918=DIRECTION('',(0.E0,0.E0,1.E0));
#10919=AXIS2_PLACEMENT_3D('',#10916,#10917,#10918);
#10920=PLANE('',#10919);
#10921=ORIENTED_EDGE('',*,*,#10591,.T.);
#10922=ORIENTED_EDGE('',*,*,#10428,.T.);
#10923=ORIENTED_EDGE('',*,*,#10876,.T.);
#10925=ORIENTED_EDGE('',*,*,#10924,.T.);
#10927=ORIENTED_EDGE('',*,*,#10926,.F.);
#10928=ORIENTED_EDGE('',*,*,#10908,.F.);
#10929=EDGE_LOOP('',(#10921,#10922,#10923,#10925,#10927,#10928));
#10930=FACE_OUTER_BOUND('',#10929,.F.);
#10931=ADVANCED_FACE('',(#10930),#10920,.T.);
#10932=CARTESIAN_POINT('',(-5.56E0,0.E0,-4.375E0));
#10933=DIRECTION('',(1.E0,0.E0,0.E0));
#10934=DIRECTION('',(0.E0,0.E0,-1.E0));
#10935=AXIS2_PLACEMENT_3D('',#10932,#10933,#10934);
#10936=PLANE('',#10935);
#10937=ORIENTED_EDGE('',*,*,#10874,.F.);
#10938=ORIENTED_EDGE('',*,*,#10895,.F.);
#10940=ORIENTED_EDGE('',*,*,#10939,.F.);
#10941=ORIENTED_EDGE('',*,*,#10924,.F.);
#10942=EDGE_LOOP('',(#10937,#10938,#10940,#10941));
#10943=FACE_OUTER_BOUND('',#10942,.F.);
#10944=ADVANCED_FACE('',(#10943),#10936,.T.);
#10945=CARTESIAN_POINT('',(-4.9E0,3.255E0,-1.805E0));
#10946=DIRECTION('',(0.E0,0.E0,-1.E0));
#10947=DIRECTION('',(0.E0,-1.E0,0.E0));
#10948=AXIS2_PLACEMENT_3D('',#10945,#10946,#10947);
#10949=PLANE('',#10948);
#10950=ORIENTED_EDGE('',*,*,#10910,.F.);
#10951=ORIENTED_EDGE('',*,*,#10926,.T.);
#10952=ORIENTED_EDGE('',*,*,#10939,.T.);
#10953=ORIENTED_EDGE('',*,*,#10893,.F.);
#10954=EDGE_LOOP('',(#10950,#10951,#10952,#10953));
#10955=FACE_OUTER_BOUND('',#10954,.F.);
#10957=ORIENTED_EDGE('',*,*,#10956,.T.);
#10959=ORIENTED_EDGE('',*,*,#10958,.F.);
#10961=ORIENTED_EDGE('',*,*,#10960,.F.);
#10962=ORIENTED_EDGE('',*,*,#10490,.T.);
#10964=ORIENTED_EDGE('',*,*,#10963,.T.);
#10966=ORIENTED_EDGE('',*,*,#10965,.T.);
#10967=EDGE_LOOP('',(#10957,#10959,#10961,#10962,#10964,#10966));
#10968=FACE_BOUND('',#10967,.F.);
#10969=ADVANCED_FACE('',(#10955,#10968),#10949,.T.);
#10970=CARTESIAN_POINT('',(-5.E0,-1.125E0,4.75E-1));
#10971=DIRECTION('',(0.E0,1.E0,0.E0));
#10972=DIRECTION('',(0.E0,0.E0,-1.E0));
#10973=AXIS2_PLACEMENT_3D('',#10970,#10971,#10972);
#10974=PLANE('',#10973);
#10976=ORIENTED_EDGE('',*,*,#10975,.F.);
#10978=ORIENTED_EDGE('',*,*,#10977,.T.);
#10980=ORIENTED_EDGE('',*,*,#10979,.T.);
#10981=ORIENTED_EDGE('',*,*,#10956,.F.);
#10982=EDGE_LOOP('',(#10976,#10978,#10980,#10981));
#10983=FACE_OUTER_BOUND('',#10982,.F.);
#10984=ADVANCED_FACE('',(#10983),#10974,.T.);
#10985=CARTESIAN_POINT('',(-5.4E0,0.E0,-4.375E0));
#10986=DIRECTION('',(1.E0,0.E0,0.E0));
#10987=DIRECTION('',(0.E0,0.E0,-1.E0));
#10988=AXIS2_PLACEMENT_3D('',#10985,#10986,#10987);
#10989=PLANE('',#10988);
#10991=ORIENTED_EDGE('',*,*,#10990,.T.);
#10993=ORIENTED_EDGE('',*,*,#10992,.F.);
#10995=ORIENTED_EDGE('',*,*,#10994,.T.);
#10997=ORIENTED_EDGE('',*,*,#10996,.T.);
#10999=ORIENTED_EDGE('',*,*,#10998,.T.);
#11001=ORIENTED_EDGE('',*,*,#11000,.T.);
#11003=ORIENTED_EDGE('',*,*,#11002,.T.);
#11005=ORIENTED_EDGE('',*,*,#11004,.T.);
#11007=ORIENTED_EDGE('',*,*,#11006,.T.);
#11009=ORIENTED_EDGE('',*,*,#11008,.T.);
#11011=ORIENTED_EDGE('',*,*,#11010,.T.);
#11012=ORIENTED_EDGE('',*,*,#10975,.T.);
#11014=ORIENTED_EDGE('',*,*,#11013,.T.);
#11016=ORIENTED_EDGE('',*,*,#11015,.T.);
#11018=ORIENTED_EDGE('',*,*,#11017,.T.);
#11020=ORIENTED_EDGE('',*,*,#11019,.T.);
#11022=ORIENTED_EDGE('',*,*,#11021,.T.);
#11024=ORIENTED_EDGE('',*,*,#11023,.T.);
#11026=ORIENTED_EDGE('',*,*,#11025,.T.);
#11028=ORIENTED_EDGE('',*,*,#11027,.T.);
#11030=ORIENTED_EDGE('',*,*,#11029,.T.);
#11032=ORIENTED_EDGE('',*,*,#11031,.T.);
#11034=ORIENTED_EDGE('',*,*,#11033,.T.);
#11036=ORIENTED_EDGE('',*,*,#11035,.T.);
#11038=ORIENTED_EDGE('',*,*,#11037,.T.);
#11040=ORIENTED_EDGE('',*,*,#11039,.T.);
#11042=ORIENTED_EDGE('',*,*,#11041,.T.);
#11044=ORIENTED_EDGE('',*,*,#11043,.T.);
#11046=ORIENTED_EDGE('',*,*,#11045,.T.);
#11048=ORIENTED_EDGE('',*,*,#11047,.F.);
#11049=EDGE_LOOP('',(#10991,#10993,#10995,#10997,#10999,#11001,#11003,#11005,
#11007,#11009,#11011,#11012,#11014,#11016,#11018,#11020,#11022,#11024,#11026,
#11028,#11030,#11032,#11034,#11036,#11038,#11040,#11042,#11044,#11046,#11048));
#11050=FACE_OUTER_BOUND('',#11049,.F.);
#11051=ADVANCED_FACE('',(#11050),#10989,.F.);
#11052=CARTESIAN_POINT('',(5.E0,-4.625E0,-4.375E0));
#11053=DIRECTION('',(0.E0,-1.E0,0.E0));
#11054=DIRECTION('',(0.E0,0.E0,-1.E0));
#11055=AXIS2_PLACEMENT_3D('',#11052,#11053,#11054);
#11056=PLANE('',#11055);
#11058=ORIENTED_EDGE('',*,*,#11057,.F.);
#11060=ORIENTED_EDGE('',*,*,#11059,.F.);
#11062=ORIENTED_EDGE('',*,*,#11061,.F.);
#11064=ORIENTED_EDGE('',*,*,#11063,.F.);
#11065=EDGE_LOOP('',(#11058,#11060,#11062,#11064));
#11066=FACE_OUTER_BOUND('',#11065,.F.);
#11067=ADVANCED_FACE('',(#11066),#11056,.T.);
#11068=CARTESIAN_POINT('',(5.E0,-4.625E0,-4.375E0));
#11069=DIRECTION('',(0.E0,-1.E0,0.E0));
#11070=DIRECTION('',(0.E0,0.E0,-1.E0));
#11071=AXIS2_PLACEMENT_3D('',#11068,#11069,#11070);
#11072=PLANE('',#11071);
#11074=ORIENTED_EDGE('',*,*,#11073,.F.);
#11075=ORIENTED_EDGE('',*,*,#10990,.F.);
#11077=ORIENTED_EDGE('',*,*,#11076,.F.);
#11078=ORIENTED_EDGE('',*,*,#10689,.F.);
#11079=EDGE_LOOP('',(#11074,#11075,#11077,#11078));
#11080=FACE_OUTER_BOUND('',#11079,.F.);
#11081=ADVANCED_FACE('',(#11080),#11072,.T.);
#11082=CARTESIAN_POINT('',(5.2E0,-4.425E0,-1.075E0));
#11083=DIRECTION('',(0.E0,-4.472135955E-1,-8.944271909999E-1));
#11084=DIRECTION('',(-1.E0,0.E0,0.E0));
#11085=AXIS2_PLACEMENT_3D('',#11082,#11083,#11084);
#11086=PLANE('',#11085);
#11088=ORIENTED_EDGE('',*,*,#11087,.F.);
#11089=ORIENTED_EDGE('',*,*,#11057,.T.);
#11091=ORIENTED_EDGE('',*,*,#11090,.T.);
#11093=ORIENTED_EDGE('',*,*,#11092,.F.);
#11095=ORIENTED_EDGE('',*,*,#11094,.T.);
#11096=EDGE_LOOP('',(#11088,#11089,#11091,#11093,#11095));
#11097=FACE_OUTER_BOUND('',#11096,.F.);
#11098=ADVANCED_FACE('',(#11097),#11086,.T.);
#11099=CARTESIAN_POINT('',(5.E0,-4.225E0,2.875E0));
#11100=DIRECTION('',(-1.E0,0.E0,0.E0));
#11101=DIRECTION('',(0.E0,0.E0,-1.E0));
#11102=AXIS2_PLACEMENT_3D('',#11099,#11100,#11101);
#11103=PLANE('',#11102);
#11104=ORIENTED_EDGE('',*,*,#9744,.T.);
#11105=ORIENTED_EDGE('',*,*,#10647,.T.);
#11107=ORIENTED_EDGE('',*,*,#11106,.F.);
#11108=ORIENTED_EDGE('',*,*,#10713,.F.);
#11109=EDGE_LOOP('',(#11104,#11105,#11107,#11108));
#11110=FACE_OUTER_BOUND('',#11109,.F.);
#11111=ADVANCED_FACE('',(#11110),#11103,.T.);
#11112=CARTESIAN_POINT('',(5.E0,-4.225E0,2.875E0));
#11113=DIRECTION('',(-1.E0,0.E0,0.E0));
#11114=DIRECTION('',(0.E0,0.E0,-1.E0));
#11115=AXIS2_PLACEMENT_3D('',#11112,#11113,#11114);
#11116=PLANE('',#11115);
#11117=ORIENTED_EDGE('',*,*,#11087,.T.);
#11118=ORIENTED_EDGE('',*,*,#10643,.T.);
#11120=ORIENTED_EDGE('',*,*,#11119,.T.);
#11121=ORIENTED_EDGE('',*,*,#11059,.T.);
#11122=EDGE_LOOP('',(#11117,#11118,#11120,#11121));
#11123=FACE_OUTER_BOUND('',#11122,.F.);
#11124=ADVANCED_FACE('',(#11123),#11116,.T.);
#11125=CARTESIAN_POINT('',(5.9E0,-4.575E0,-2.875E0));
#11126=DIRECTION('',(0.E0,0.E0,-1.E0));
#11127=DIRECTION('',(0.E0,1.E0,0.E0));
#11128=AXIS2_PLACEMENT_3D('',#11125,#11126,#11127);
#11129=PLANE('',#11128);
#11130=ORIENTED_EDGE('',*,*,#11106,.T.);
#11132=ORIENTED_EDGE('',*,*,#11131,.T.);
#11134=ORIENTED_EDGE('',*,*,#11133,.F.);
#11136=ORIENTED_EDGE('',*,*,#11135,.F.);
#11138=ORIENTED_EDGE('',*,*,#11137,.F.);
#11140=ORIENTED_EDGE('',*,*,#11139,.F.);
#11141=ORIENTED_EDGE('',*,*,#10715,.T.);
#11142=EDGE_LOOP('',(#11130,#11132,#11134,#11136,#11138,#11140,#11141));
#11143=FACE_OUTER_BOUND('',#11142,.F.);
#11144=ADVANCED_FACE('',(#11143),#11129,.F.);
#11145=CARTESIAN_POINT('',(5.E0,-3.325E0,-4.375E0));
#11146=DIRECTION('',(-1.E0,0.E0,0.E0));
#11147=DIRECTION('',(0.E0,1.E0,0.E0));
#11148=AXIS2_PLACEMENT_3D('',#11145,#11146,#11147);
#11149=PLANE('',#11148);
#11150=ORIENTED_EDGE('',*,*,#10572,.F.);
#11152=ORIENTED_EDGE('',*,*,#11151,.T.);
#11154=ORIENTED_EDGE('',*,*,#11153,.F.);
#11155=ORIENTED_EDGE('',*,*,#9773,.T.);
#11156=ORIENTED_EDGE('',*,*,#9696,.F.);
#11158=ORIENTED_EDGE('',*,*,#11157,.T.);
#11159=EDGE_LOOP('',(#11150,#11152,#11154,#11155,#11156,#11158));
#11160=FACE_OUTER_BOUND('',#11159,.F.);
#11161=ADVANCED_FACE('',(#11160),#11149,.F.);
#11162=CARTESIAN_POINT('',(5.E0,-3.325E0,-4.375E0));
#11163=DIRECTION('',(-1.E0,0.E0,0.E0));
#11164=DIRECTION('',(0.E0,1.E0,0.E0));
#11165=AXIS2_PLACEMENT_3D('',#11162,#11163,#11164);
#11166=PLANE('',#11165);
#11168=ORIENTED_EDGE('',*,*,#11167,.T.);
#11170=ORIENTED_EDGE('',*,*,#11169,.F.);
#11172=ORIENTED_EDGE('',*,*,#11171,.F.);
#11174=ORIENTED_EDGE('',*,*,#11173,.F.);
#11176=ORIENTED_EDGE('',*,*,#11175,.F.);
#11177=ORIENTED_EDGE('',*,*,#10564,.T.);
#11179=ORIENTED_EDGE('',*,*,#11178,.T.);
#11180=EDGE_LOOP('',(#11168,#11170,#11172,#11174,#11176,#11177,#11179));
#11181=FACE_OUTER_BOUND('',#11180,.F.);
#11182=ADVANCED_FACE('',(#11181),#11166,.F.);
#11183=CARTESIAN_POINT('',(5.E0,-3.325E0,-4.375E0));
#11184=DIRECTION('',(-1.E0,0.E0,0.E0));
#11185=DIRECTION('',(0.E0,1.E0,0.E0));
#11186=AXIS2_PLACEMENT_3D('',#11183,#11184,#11185);
#11187=PLANE('',#11186);
#11188=ORIENTED_EDGE('',*,*,#10641,.F.);
#11189=ORIENTED_EDGE('',*,*,#10232,.T.);
#11190=ORIENTED_EDGE('',*,*,#10409,.T.);
#11191=ORIENTED_EDGE('',*,*,#10381,.T.);
#11193=ORIENTED_EDGE('',*,*,#11192,.T.);
#11195=ORIENTED_EDGE('',*,*,#11194,.T.);
#11196=ORIENTED_EDGE('',*,*,#9781,.F.);
#11198=ORIENTED_EDGE('',*,*,#11197,.F.);
#11200=ORIENTED_EDGE('',*,*,#11199,.F.);
#11202=ORIENTED_EDGE('',*,*,#11201,.F.);
#11204=ORIENTED_EDGE('',*,*,#11203,.F.);
#11206=ORIENTED_EDGE('',*,*,#11205,.F.);
#11208=ORIENTED_EDGE('',*,*,#11207,.T.);
#11210=ORIENTED_EDGE('',*,*,#11209,.T.);
#11212=ORIENTED_EDGE('',*,*,#11211,.T.);
#11214=ORIENTED_EDGE('',*,*,#11213,.T.);
#11216=ORIENTED_EDGE('',*,*,#11215,.T.);
#11218=ORIENTED_EDGE('',*,*,#11217,.T.);
#11220=ORIENTED_EDGE('',*,*,#11219,.T.);
#11222=ORIENTED_EDGE('',*,*,#11221,.T.);
#11224=ORIENTED_EDGE('',*,*,#11223,.T.);
#11226=ORIENTED_EDGE('',*,*,#11225,.T.);
#11228=ORIENTED_EDGE('',*,*,#11227,.F.);
#11230=ORIENTED_EDGE('',*,*,#11229,.T.);
#11232=ORIENTED_EDGE('',*,*,#11231,.T.);
#11234=ORIENTED_EDGE('',*,*,#11233,.T.);
#11236=ORIENTED_EDGE('',*,*,#11235,.F.);
#11237=EDGE_LOOP('',(#11188,#11189,#11190,#11191,#11193,#11195,#11196,#11198,
#11200,#11202,#11204,#11206,#11208,#11210,#11212,#11214,#11216,#11218,#11220,
#11222,#11224,#11226,#11228,#11230,#11232,#11234,#11236));
#11238=FACE_OUTER_BOUND('',#11237,.F.);
#11239=ADVANCED_FACE('',(#11238),#11187,.F.);
#11240=CARTESIAN_POINT('',(5.E0,-3.325E0,-4.375E0));
#11241=DIRECTION('',(-1.E0,0.E0,0.E0));
#11242=DIRECTION('',(0.E0,1.E0,0.E0));
#11243=AXIS2_PLACEMENT_3D('',#11240,#11241,#11242);
#11244=PLANE('',#11243);
#11245=ORIENTED_EDGE('',*,*,#10645,.F.);
#11246=ORIENTED_EDGE('',*,*,#11094,.F.);
#11248=ORIENTED_EDGE('',*,*,#11247,.T.);
#11250=ORIENTED_EDGE('',*,*,#11249,.T.);
#11252=ORIENTED_EDGE('',*,*,#11251,.T.);
#11254=ORIENTED_EDGE('',*,*,#11253,.T.);
#11256=ORIENTED_EDGE('',*,*,#11255,.T.);
#11258=ORIENTED_EDGE('',*,*,#11257,.T.);
#11260=ORIENTED_EDGE('',*,*,#11259,.T.);
#11262=ORIENTED_EDGE('',*,*,#11261,.T.);
#11264=ORIENTED_EDGE('',*,*,#11263,.T.);
#11266=ORIENTED_EDGE('',*,*,#11265,.F.);
#11268=ORIENTED_EDGE('',*,*,#11267,.F.);
#11270=ORIENTED_EDGE('',*,*,#11269,.F.);
#11272=ORIENTED_EDGE('',*,*,#11271,.F.);
#11273=ORIENTED_EDGE('',*,*,#11131,.F.);
#11274=EDGE_LOOP('',(#11245,#11246,#11248,#11250,#11252,#11254,#11256,#11258,
#11260,#11262,#11264,#11266,#11268,#11270,#11272,#11273));
#11275=FACE_OUTER_BOUND('',#11274,.F.);
#11276=ADVANCED_FACE('',(#11275),#11244,.F.);
#11277=CARTESIAN_POINT('',(4.9E0,3.255E0,-4.375E0));
#11278=DIRECTION('',(0.E0,1.E0,0.E0));
#11279=DIRECTION('',(0.E0,0.E0,1.E0));
#11280=AXIS2_PLACEMENT_3D('',#11277,#11278,#11279);
#11281=PLANE('',#11280);
#11282=ORIENTED_EDGE('',*,*,#10570,.F.);
#11284=ORIENTED_EDGE('',*,*,#11283,.T.);
#11286=ORIENTED_EDGE('',*,*,#11285,.F.);
#11288=ORIENTED_EDGE('',*,*,#11287,.T.);
#11290=ORIENTED_EDGE('',*,*,#11289,.F.);
#11291=ORIENTED_EDGE('',*,*,#11151,.F.);
#11292=EDGE_LOOP('',(#11282,#11284,#11286,#11288,#11290,#11291));
#11293=FACE_OUTER_BOUND('',#11292,.F.);
#11294=ADVANCED_FACE('',(#11293),#11281,.F.);
#11295=CARTESIAN_POINT('',(4.9E0,0.E0,-4.375E0));
#11296=DIRECTION('',(1.E0,0.E0,0.E0));
#11297=DIRECTION('',(0.E0,0.E0,-1.E0));
#11298=AXIS2_PLACEMENT_3D('',#11295,#11296,#11297);
#11299=PLANE('',#11298);
#11300=ORIENTED_EDGE('',*,*,#10568,.F.);
#11302=ORIENTED_EDGE('',*,*,#11301,.F.);
#11304=ORIENTED_EDGE('',*,*,#11303,.T.);
#11305=ORIENTED_EDGE('',*,*,#11283,.F.);
#11306=EDGE_LOOP('',(#11300,#11302,#11304,#11305));
#11307=FACE_OUTER_BOUND('',#11306,.F.);
#11308=ADVANCED_FACE('',(#11307),#11299,.T.);
#11309=CARTESIAN_POINT('',(4.9E0,-1.175E0,-1.805E0));
#11310=DIRECTION('',(0.E0,-1.E0,0.E0));
#11311=DIRECTION('',(0.E0,0.E0,-1.E0));
#11312=AXIS2_PLACEMENT_3D('',#11309,#11310,#11311);
#11313=PLANE('',#11312);
#11314=ORIENTED_EDGE('',*,*,#10566,.T.);
#11315=ORIENTED_EDGE('',*,*,#11175,.T.);
#11317=ORIENTED_EDGE('',*,*,#11316,.T.);
#11319=ORIENTED_EDGE('',*,*,#11318,.T.);
#11321=ORIENTED_EDGE('',*,*,#11320,.T.);
#11322=ORIENTED_EDGE('',*,*,#11301,.T.);
#11323=EDGE_LOOP('',(#11314,#11315,#11317,#11319,#11321,#11322));
#11324=FACE_OUTER_BOUND('',#11323,.F.);
#11325=ADVANCED_FACE('',(#11324),#11313,.F.);
#11326=CARTESIAN_POINT('',(5.9E0,4.575E0,-3.125E0));
#11327=DIRECTION('',(0.E0,0.E0,1.E0));
#11328=DIRECTION('',(0.E0,-1.E0,0.E0));
#11329=AXIS2_PLACEMENT_3D('',#11326,#11327,#11328);
#11330=PLANE('',#11329);
#11332=ORIENTED_EDGE('',*,*,#11331,.F.);
#11333=ORIENTED_EDGE('',*,*,#9775,.T.);
#11334=ORIENTED_EDGE('',*,*,#11153,.T.);
#11335=ORIENTED_EDGE('',*,*,#11289,.T.);
#11337=ORIENTED_EDGE('',*,*,#11336,.F.);
#11338=ORIENTED_EDGE('',*,*,#11316,.F.);
#11339=ORIENTED_EDGE('',*,*,#11173,.T.);
#11341=ORIENTED_EDGE('',*,*,#11340,.F.);
#11343=ORIENTED_EDGE('',*,*,#11342,.T.);
#11345=ORIENTED_EDGE('',*,*,#11344,.F.);
#11346=EDGE_LOOP('',(#11332,#11333,#11334,#11335,#11337,#11338,#11339,#11341,
#11343,#11345));
#11347=FACE_OUTER_BOUND('',#11346,.F.);
#11348=ADVANCED_FACE('',(#11347),#11330,.F.);
#11349=CARTESIAN_POINT('',(5.9E0,-4.575E0,-4.375E0));
#11350=DIRECTION('',(1.E0,0.E0,0.E0));
#11351=DIRECTION('',(0.E0,1.E0,0.E0));
#11352=AXIS2_PLACEMENT_3D('',#11349,#11350,#11351);
#11353=PLANE('',#11352);
#11355=ORIENTED_EDGE('',*,*,#11354,.T.);
#11357=ORIENTED_EDGE('',*,*,#11356,.T.);
#11359=ORIENTED_EDGE('',*,*,#11358,.F.);
#11361=ORIENTED_EDGE('',*,*,#11360,.F.);
#11363=ORIENTED_EDGE('',*,*,#11362,.F.);
#11364=ORIENTED_EDGE('',*,*,#9748,.F.);
#11365=ORIENTED_EDGE('',*,*,#10717,.T.);
#11366=ORIENTED_EDGE('',*,*,#11139,.T.);
#11368=ORIENTED_EDGE('',*,*,#11367,.T.);
#11370=ORIENTED_EDGE('',*,*,#11369,.T.);
#11372=ORIENTED_EDGE('',*,*,#11371,.T.);
#11374=ORIENTED_EDGE('',*,*,#11373,.T.);
#11376=ORIENTED_EDGE('',*,*,#11375,.T.);
#11378=ORIENTED_EDGE('',*,*,#11377,.F.);
#11379=ORIENTED_EDGE('',*,*,#9777,.F.);
#11380=ORIENTED_EDGE('',*,*,#11331,.T.);
#11381=EDGE_LOOP('',(#11355,#11357,#11359,#11361,#11363,#11364,#11365,#11366,
#11368,#11370,#11372,#11374,#11376,#11378,#11379,#11380));
#11382=FACE_OUTER_BOUND('',#11381,.F.);
#11383=ADVANCED_FACE('',(#11382),#11353,.T.);
#11384=CARTESIAN_POINT('',(5.9E0,-2.055E0,-4.375E0));
#11385=DIRECTION('',(0.E0,1.E0,0.E0));
#11386=DIRECTION('',(0.E0,0.E0,1.E0));
#11387=AXIS2_PLACEMENT_3D('',#11384,#11385,#11386);
#11388=PLANE('',#11387);
#11389=ORIENTED_EDGE('',*,*,#11354,.F.);
#11390=ORIENTED_EDGE('',*,*,#11344,.T.);
#11392=ORIENTED_EDGE('',*,*,#11391,.T.);
#11394=ORIENTED_EDGE('',*,*,#11393,.F.);
#11395=EDGE_LOOP('',(#11389,#11390,#11392,#11394));
#11396=FACE_OUTER_BOUND('',#11395,.F.);
#11397=ADVANCED_FACE('',(#11396),#11388,.F.);
#11398=CARTESIAN_POINT('',(5.4E0,0.E0,-4.375E0));
#11399=DIRECTION('',(1.E0,0.E0,0.E0));
#11400=DIRECTION('',(0.E0,0.E0,-1.E0));
#11401=AXIS2_PLACEMENT_3D('',#11398,#11399,#11400);
#11402=PLANE('',#11401);
#11404=ORIENTED_EDGE('',*,*,#11403,.T.);
#11406=ORIENTED_EDGE('',*,*,#11405,.F.);
#11408=ORIENTED_EDGE('',*,*,#11407,.F.);
#11409=ORIENTED_EDGE('',*,*,#11391,.F.);
#11410=ORIENTED_EDGE('',*,*,#11342,.F.);
#11411=EDGE_LOOP('',(#11404,#11406,#11408,#11409,#11410));
#11412=FACE_OUTER_BOUND('',#11411,.F.);
#11413=ADVANCED_FACE('',(#11412),#11402,.T.);
#11414=CARTESIAN_POINT('',(5.9E0,-2.255E0,-3.125E0));
#11415=DIRECTION('',(0.E0,-7.071067811865E-1,7.071067811865E-1));
#11416=DIRECTION('',(0.E0,-7.071067811865E-1,-7.071067811865E-1));
#11417=AXIS2_PLACEMENT_3D('',#11414,#11415,#11416);
#11418=PLANE('',#11417);
#11419=ORIENTED_EDGE('',*,*,#11340,.T.);
#11420=ORIENTED_EDGE('',*,*,#11171,.T.);
#11422=ORIENTED_EDGE('',*,*,#11421,.F.);
#11423=ORIENTED_EDGE('',*,*,#11403,.F.);
#11424=EDGE_LOOP('',(#11419,#11420,#11422,#11423));
#11425=FACE_OUTER_BOUND('',#11424,.F.);
#11426=ADVANCED_FACE('',(#11425),#11418,.F.);
#11427=CARTESIAN_POINT('',(5.9E0,-2.655E0,-3.525E0));
#11428=DIRECTION('',(0.E0,-1.E0,0.E0));
#11429=DIRECTION('',(0.E0,0.E0,-1.E0));
#11430=AXIS2_PLACEMENT_3D('',#11427,#11428,#11429);
#11431=PLANE('',#11430);
#11432=ORIENTED_EDGE('',*,*,#11358,.T.);
#11434=ORIENTED_EDGE('',*,*,#11433,.T.);
#11435=ORIENTED_EDGE('',*,*,#11405,.T.);
#11436=ORIENTED_EDGE('',*,*,#11421,.T.);
#11437=ORIENTED_EDGE('',*,*,#11169,.T.);
#11439=ORIENTED_EDGE('',*,*,#11438,.T.);
#11440=EDGE_LOOP('',(#11432,#11434,#11435,#11436,#11437,#11439));
#11441=FACE_OUTER_BOUND('',#11440,.F.);
#11442=ADVANCED_FACE('',(#11441),#11431,.F.);
#11443=CARTESIAN_POINT('',(5.9E0,-2.055E0,-8.75E-1));
#11444=DIRECTION('',(0.E0,0.E0,1.E0));
#11445=DIRECTION('',(0.E0,-1.E0,0.E0));
#11446=AXIS2_PLACEMENT_3D('',#11443,#11444,#11445);
#11447=PLANE('',#11446);
#11448=ORIENTED_EDGE('',*,*,#11356,.F.);
#11449=ORIENTED_EDGE('',*,*,#11393,.T.);
#11450=ORIENTED_EDGE('',*,*,#11407,.T.);
#11451=ORIENTED_EDGE('',*,*,#11433,.F.);
#11452=EDGE_LOOP('',(#11448,#11449,#11450,#11451));
#11453=FACE_OUTER_BOUND('',#11452,.F.);
#11454=ADVANCED_FACE('',(#11453),#11447,.F.);
#11455=CARTESIAN_POINT('',(0.E0,0.E0,-4.075E0));
#11456=DIRECTION('',(0.E0,0.E0,-1.E0));
#11457=DIRECTION('',(-1.E0,0.E0,0.E0));
#11458=AXIS2_PLACEMENT_3D('',#11455,#11456,#11457);
#11459=PLANE('',#11458);
#11460=ORIENTED_EDGE('',*,*,#11438,.F.);
#11461=ORIENTED_EDGE('',*,*,#11167,.F.);
#11463=ORIENTED_EDGE('',*,*,#11462,.F.);
#11464=ORIENTED_EDGE('',*,*,#11360,.T.);
#11465=EDGE_LOOP('',(#11460,#11461,#11463,#11464));
#11466=FACE_OUTER_BOUND('',#11465,.F.);
#11467=ADVANCED_FACE('',(#11466),#11459,.T.);
#11468=CARTESIAN_POINT('',(0.E0,0.E0,-4.075E0));
#11469=DIRECTION('',(0.E0,0.E0,-1.E0));
#11470=DIRECTION('',(-1.E0,0.E0,0.E0));
#11471=AXIS2_PLACEMENT_3D('',#11468,#11469,#11470);
#11472=PLANE('',#11471);
#11473=ORIENTED_EDGE('',*,*,#10830,.T.);
#11474=ORIENTED_EDGE('',*,*,#10781,.F.);
#11476=ORIENTED_EDGE('',*,*,#11475,.F.);
#11477=ORIENTED_EDGE('',*,*,#10448,.F.);
#11478=EDGE_LOOP('',(#11473,#11474,#11476,#11477));
#11479=FACE_OUTER_BOUND('',#11478,.F.);
#11480=ADVANCED_FACE('',(#11479),#11472,.T.);
#11481=CARTESIAN_POINT('',(5.9E0,-3.325E0,-4.375E0));
#11482=DIRECTION('',(0.E0,-1.E0,0.E0));
#11483=DIRECTION('',(-1.E0,0.E0,0.E0));
#11484=AXIS2_PLACEMENT_3D('',#11481,#11482,#11483);
#11485=PLANE('',#11484);
#11486=ORIENTED_EDGE('',*,*,#11178,.F.);
#11487=ORIENTED_EDGE('',*,*,#10562,.T.);
#11489=ORIENTED_EDGE('',*,*,#11488,.F.);
#11490=ORIENTED_EDGE('',*,*,#9750,.T.);
#11491=ORIENTED_EDGE('',*,*,#11362,.T.);
#11492=ORIENTED_EDGE('',*,*,#11462,.T.);
#11493=EDGE_LOOP('',(#11486,#11487,#11489,#11490,#11491,#11492));
#11494=FACE_OUTER_BOUND('',#11493,.F.);
#11495=ADVANCED_FACE('',(#11494),#11485,.F.);
#11496=CARTESIAN_POINT('',(4.42E0,-3.325E0,-4.375E0));
#11497=DIRECTION('',(1.E0,0.E0,0.E0));
#11498=DIRECTION('',(0.E0,-1.E0,0.E0));
#11499=AXIS2_PLACEMENT_3D('',#11496,#11497,#11498);
#11500=PLANE('',#11499);
#11501=ORIENTED_EDGE('',*,*,#10650,.T.);
#11502=ORIENTED_EDGE('',*,*,#9752,.T.);
#11503=ORIENTED_EDGE('',*,*,#11488,.T.);
#11504=ORIENTED_EDGE('',*,*,#10560,.T.);
#11505=EDGE_LOOP('',(#11501,#11502,#11503,#11504));
#11506=FACE_OUTER_BOUND('',#11505,.F.);
#11507=ADVANCED_FACE('',(#11506),#11500,.F.);
#11508=CARTESIAN_POINT('',(-5.E0,-3.325E0,-4.375E0));
#11509=DIRECTION('',(0.E0,-1.E0,0.E0));
#11510=DIRECTION('',(-1.E0,0.E0,0.E0));
#11511=AXIS2_PLACEMENT_3D('',#11508,#11509,#11510);
#11512=PLANE('',#11511);
#11513=ORIENTED_EDGE('',*,*,#9726,.T.);
#11515=ORIENTED_EDGE('',*,*,#11514,.T.);
#11516=ORIENTED_EDGE('',*,*,#10598,.T.);
#11517=ORIENTED_EDGE('',*,*,#10450,.T.);
#11518=ORIENTED_EDGE('',*,*,#11475,.T.);
#11519=ORIENTED_EDGE('',*,*,#10779,.F.);
#11520=EDGE_LOOP('',(#11513,#11515,#11516,#11517,#11518,#11519));
#11521=FACE_OUTER_BOUND('',#11520,.F.);
#11522=ADVANCED_FACE('',(#11521),#11512,.F.);
#11523=CARTESIAN_POINT('',(-4.42E0,-4.575E0,-4.375E0));
#11524=DIRECTION('',(-1.E0,0.E0,0.E0));
#11525=DIRECTION('',(0.E0,1.E0,0.E0));
#11526=AXIS2_PLACEMENT_3D('',#11523,#11524,#11525);
#11527=PLANE('',#11526);
#11528=ORIENTED_EDGE('',*,*,#10660,.F.);
#11529=ORIENTED_EDGE('',*,*,#10600,.T.);
#11530=ORIENTED_EDGE('',*,*,#11514,.F.);
#11531=ORIENTED_EDGE('',*,*,#9724,.F.);
#11532=EDGE_LOOP('',(#11528,#11529,#11530,#11531));
#11533=FACE_OUTER_BOUND('',#11532,.F.);
#11534=ADVANCED_FACE('',(#11533),#11527,.F.);
#11535=CARTESIAN_POINT('',(5.9E0,-4.255E0,-2.875E0));
#11536=DIRECTION('',(0.E0,7.071067811865E-1,-7.071067811865E-1));
#11537=DIRECTION('',(0.E0,7.071067811865E-1,7.071067811865E-1));
#11538=AXIS2_PLACEMENT_3D('',#11535,#11536,#11537);
#11539=PLANE('',#11538);
#11541=ORIENTED_EDGE('',*,*,#11540,.T.);
#11543=ORIENTED_EDGE('',*,*,#11542,.F.);
#11544=ORIENTED_EDGE('',*,*,#11367,.F.);
#11545=ORIENTED_EDGE('',*,*,#11137,.T.);
#11546=EDGE_LOOP('',(#11541,#11543,#11544,#11545));
#11547=FACE_OUTER_BOUND('',#11546,.F.);
#11548=ADVANCED_FACE('',(#11547),#11539,.F.);
#11549=CARTESIAN_POINT('',(5.45E0,0.E0,-4.375E0));
#11550=DIRECTION('',(1.E0,0.E0,0.E0));
#11551=DIRECTION('',(0.E0,0.E0,-1.E0));
#11552=AXIS2_PLACEMENT_3D('',#11549,#11550,#11551);
#11553=PLANE('',#11552);
#11554=ORIENTED_EDGE('',*,*,#11540,.F.);
#11555=ORIENTED_EDGE('',*,*,#11135,.T.);
#11557=ORIENTED_EDGE('',*,*,#11556,.F.);
#11559=ORIENTED_EDGE('',*,*,#11558,.T.);
#11561=ORIENTED_EDGE('',*,*,#11560,.F.);
#11563=ORIENTED_EDGE('',*,*,#11562,.F.);
#11565=ORIENTED_EDGE('',*,*,#11564,.F.);
#11567=ORIENTED_EDGE('',*,*,#11566,.F.);
#11569=ORIENTED_EDGE('',*,*,#11568,.F.);
#11570=EDGE_LOOP('',(#11554,#11555,#11557,#11559,#11561,#11563,#11565,#11567,
#11569));
#11571=FACE_OUTER_BOUND('',#11570,.F.);
#11572=ADVANCED_FACE('',(#11571),#11553,.F.);
#11573=CARTESIAN_POINT('',(5.45E0,0.E0,-4.375E0));
#11574=DIRECTION('',(1.E0,0.E0,0.E0));
#11575=DIRECTION('',(0.E0,0.E0,-1.E0));
#11576=AXIS2_PLACEMENT_3D('',#11573,#11574,#11575);
#11577=PLANE('',#11576);
#11579=ORIENTED_EDGE('',*,*,#11578,.F.);
#11581=ORIENTED_EDGE('',*,*,#11580,.T.);
#11583=ORIENTED_EDGE('',*,*,#11582,.F.);
#11585=ORIENTED_EDGE('',*,*,#11584,.F.);
#11587=ORIENTED_EDGE('',*,*,#11586,.T.);
#11589=ORIENTED_EDGE('',*,*,#11588,.F.);
#11591=ORIENTED_EDGE('',*,*,#11590,.T.);
#11593=ORIENTED_EDGE('',*,*,#11592,.T.);
#11594=EDGE_LOOP('',(#11579,#11581,#11583,#11585,#11587,#11589,#11591,#11593));
#11595=FACE_OUTER_BOUND('',#11594,.F.);
#11596=ADVANCED_FACE('',(#11595),#11577,.F.);
#11597=CARTESIAN_POINT('',(5.E0,-3.175E0,-2.875E0));
#11598=DIRECTION('',(0.E0,1.E0,0.E0));
#11599=DIRECTION('',(0.E0,0.E0,1.E0));
#11600=AXIS2_PLACEMENT_3D('',#11597,#11598,#11599);
#11601=PLANE('',#11600);
#11602=ORIENTED_EDGE('',*,*,#11271,.T.);
#11604=ORIENTED_EDGE('',*,*,#11603,.F.);
#11605=ORIENTED_EDGE('',*,*,#11556,.T.);
#11606=ORIENTED_EDGE('',*,*,#11133,.T.);
#11607=EDGE_LOOP('',(#11602,#11604,#11605,#11606));
#11608=FACE_OUTER_BOUND('',#11607,.F.);
#11609=ADVANCED_FACE('',(#11608),#11601,.F.);
#11610=CARTESIAN_POINT('',(5.E0,-3.175E0,2.25E-1));
#11611=DIRECTION('',(0.E0,7.071067811865E-1,-7.071067811865E-1));
#11612=DIRECTION('',(0.E0,7.071067811865E-1,7.071067811865E-1));
#11613=AXIS2_PLACEMENT_3D('',#11610,#11611,#11612);
#11614=PLANE('',#11613);
#11616=ORIENTED_EDGE('',*,*,#11615,.T.);
#11617=ORIENTED_EDGE('',*,*,#11558,.F.);
#11618=ORIENTED_EDGE('',*,*,#11603,.T.);
#11619=ORIENTED_EDGE('',*,*,#11269,.T.);
#11620=EDGE_LOOP('',(#11616,#11617,#11618,#11619));
#11621=FACE_OUTER_BOUND('',#11620,.F.);
#11622=ADVANCED_FACE('',(#11621),#11614,.F.);
#11623=CARTESIAN_POINT('',(5.9E0,-3.455E0,8.25E-1));
#11624=DIRECTION('',(0.E0,0.E0,-1.E0));
#11625=DIRECTION('',(0.E0,1.E0,0.E0));
#11626=AXIS2_PLACEMENT_3D('',#11623,#11624,#11625);
#11627=PLANE('',#11626);
#11628=ORIENTED_EDGE('',*,*,#11560,.T.);
#11629=ORIENTED_EDGE('',*,*,#11615,.F.);
#11630=ORIENTED_EDGE('',*,*,#11267,.T.);
#11632=ORIENTED_EDGE('',*,*,#11631,.T.);
#11633=ORIENTED_EDGE('',*,*,#11588,.T.);
#11635=ORIENTED_EDGE('',*,*,#11634,.F.);
#11636=ORIENTED_EDGE('',*,*,#11197,.T.);
#11637=ORIENTED_EDGE('',*,*,#9779,.F.);
#11638=ORIENTED_EDGE('',*,*,#11377,.T.);
#11640=ORIENTED_EDGE('',*,*,#11639,.T.);
#11641=EDGE_LOOP('',(#11628,#11629,#11630,#11632,#11633,#11635,#11636,#11637,
#11638,#11640));
#11642=FACE_OUTER_BOUND('',#11641,.F.);
#11643=ADVANCED_FACE('',(#11642),#11627,.F.);
#11644=CARTESIAN_POINT('',(5.E0,-1.475E0,8.25E-1));
#11645=DIRECTION('',(0.E0,-7.071067811865E-1,-7.071067811865E-1));
#11646=DIRECTION('',(0.E0,7.071067811865E-1,-7.071067811865E-1));
#11647=AXIS2_PLACEMENT_3D('',#11644,#11645,#11646);
#11648=PLANE('',#11647);
#11650=ORIENTED_EDGE('',*,*,#11649,.T.);
#11652=ORIENTED_EDGE('',*,*,#11651,.F.);
#11653=ORIENTED_EDGE('',*,*,#11590,.F.);
#11654=ORIENTED_EDGE('',*,*,#11631,.F.);
#11655=ORIENTED_EDGE('',*,*,#11265,.T.);
#11656=EDGE_LOOP('',(#11650,#11652,#11653,#11654,#11655));
#11657=FACE_OUTER_BOUND('',#11656,.F.);
#11658=ADVANCED_FACE('',(#11657),#11648,.F.);
#11659=CARTESIAN_POINT('',(5.E0,-1.125E0,8.75E-1));
#11660=DIRECTION('',(0.E0,-1.E0,0.E0));
#11661=DIRECTION('',(0.E0,0.E0,-1.E0));
#11662=AXIS2_PLACEMENT_3D('',#11659,#11660,#11661);
#11663=PLANE('',#11662);
#11664=ORIENTED_EDGE('',*,*,#11649,.F.);
#11665=ORIENTED_EDGE('',*,*,#11263,.F.);
#11667=ORIENTED_EDGE('',*,*,#11666,.T.);
#11669=ORIENTED_EDGE('',*,*,#11668,.T.);
#11670=EDGE_LOOP('',(#11664,#11665,#11667,#11669));
#11671=FACE_OUTER_BOUND('',#11670,.F.);
#11672=ADVANCED_FACE('',(#11671),#11663,.T.);
#11673=CARTESIAN_POINT('',(5.E0,-1.125E0,8.75E-1));
#11674=DIRECTION('',(0.E0,-1.E0,0.E0));
#11675=DIRECTION('',(0.E0,0.E0,-1.E0));
#11676=AXIS2_PLACEMENT_3D('',#11673,#11674,#11675);
#11677=PLANE('',#11676);
#11679=ORIENTED_EDGE('',*,*,#11678,.F.);
#11681=ORIENTED_EDGE('',*,*,#11680,.T.);
#11683=ORIENTED_EDGE('',*,*,#11682,.F.);
#11685=ORIENTED_EDGE('',*,*,#11684,.F.);
#11686=EDGE_LOOP('',(#11679,#11681,#11683,#11685));
#11687=FACE_OUTER_BOUND('',#11686,.F.);
#11688=ADVANCED_FACE('',(#11687),#11677,.T.);
#11689=CARTESIAN_POINT('',(5.E0,-3.275E0,8.75E-1));
#11690=DIRECTION('',(0.E0,0.E0,-1.E0));
#11691=DIRECTION('',(0.E0,1.E0,0.E0));
#11692=AXIS2_PLACEMENT_3D('',#11689,#11690,#11691);
#11693=PLANE('',#11692);
#11695=ORIENTED_EDGE('',*,*,#11694,.T.);
#11697=ORIENTED_EDGE('',*,*,#11696,.T.);
#11698=ORIENTED_EDGE('',*,*,#11666,.F.);
#11699=ORIENTED_EDGE('',*,*,#11261,.F.);
#11700=EDGE_LOOP('',(#11695,#11697,#11698,#11699));
#11701=FACE_OUTER_BOUND('',#11700,.F.);
#11702=ADVANCED_FACE('',(#11701),#11693,.T.);
#11703=CARTESIAN_POINT('',(5.E0,-3.275E0,-1.515E0));
#11704=DIRECTION('',(0.E0,1.E0,0.E0));
#11705=DIRECTION('',(0.E0,0.E0,1.E0));
#11706=AXIS2_PLACEMENT_3D('',#11703,#11704,#11705);
#11707=PLANE('',#11706);
#11708=ORIENTED_EDGE('',*,*,#11694,.F.);
#11709=ORIENTED_EDGE('',*,*,#11259,.F.);
#11711=ORIENTED_EDGE('',*,*,#11710,.T.);
#11713=ORIENTED_EDGE('',*,*,#11712,.T.);
#11714=EDGE_LOOP('',(#11708,#11709,#11711,#11713));
#11715=FACE_OUTER_BOUND('',#11714,.F.);
#11716=ADVANCED_FACE('',(#11715),#11707,.T.);
#11717=CARTESIAN_POINT('',(5.E0,-3.465E0,-1.875E0));
#11718=DIRECTION('',(0.E0,8.843847528470E-1,-4.667586195581E-1));
#11719=DIRECTION('',(0.E0,4.667586195581E-1,8.843847528470E-1));
#11720=AXIS2_PLACEMENT_3D('',#11717,#11718,#11719);
#11721=PLANE('',#11720);
#11722=ORIENTED_EDGE('',*,*,#11257,.F.);
#11724=ORIENTED_EDGE('',*,*,#11723,.T.);
#11726=ORIENTED_EDGE('',*,*,#11725,.T.);
#11727=ORIENTED_EDGE('',*,*,#11710,.F.);
#11728=EDGE_LOOP('',(#11722,#11724,#11726,#11727));
#11729=FACE_OUTER_BOUND('',#11728,.F.);
#11730=ADVANCED_FACE('',(#11729),#11721,.T.);
#11731=CARTESIAN_POINT('',(5.E0,-3.465E0,-2.175E0));
#11732=DIRECTION('',(0.E0,1.E0,0.E0));
#11733=DIRECTION('',(0.E0,0.E0,1.E0));
#11734=AXIS2_PLACEMENT_3D('',#11731,#11732,#11733);
#11735=PLANE('',#11734);
#11736=ORIENTED_EDGE('',*,*,#11255,.F.);
#11738=ORIENTED_EDGE('',*,*,#11737,.T.);
#11740=ORIENTED_EDGE('',*,*,#11739,.T.);
#11741=ORIENTED_EDGE('',*,*,#11723,.F.);
#11742=EDGE_LOOP('',(#11736,#11738,#11740,#11741));
#11743=FACE_OUTER_BOUND('',#11742,.F.);
#11744=ADVANCED_FACE('',(#11743),#11735,.T.);
#11745=CARTESIAN_POINT('',(5.E0,-3.565E0,-2.275E0));
#11746=DIRECTION('',(0.E0,7.071067811865E-1,-7.071067811865E-1));
#11747=DIRECTION('',(0.E0,7.071067811865E-1,7.071067811865E-1));
#11748=AXIS2_PLACEMENT_3D('',#11745,#11746,#11747);
#11749=PLANE('',#11748);
#11751=ORIENTED_EDGE('',*,*,#11750,.T.);
#11753=ORIENTED_EDGE('',*,*,#11752,.T.);
#11754=ORIENTED_EDGE('',*,*,#11737,.F.);
#11755=ORIENTED_EDGE('',*,*,#11253,.F.);
#11756=EDGE_LOOP('',(#11751,#11753,#11754,#11755));
#11757=FACE_OUTER_BOUND('',#11756,.F.);
#11758=ADVANCED_FACE('',(#11757),#11749,.T.);
#11759=CARTESIAN_POINT('',(5.E0,-4.115E0,-2.275E0));
#11760=DIRECTION('',(0.E0,0.E0,-1.E0));
#11761=DIRECTION('',(0.E0,1.E0,0.E0));
#11762=AXIS2_PLACEMENT_3D('',#11759,#11760,#11761);
#11763=PLANE('',#11762);
#11765=ORIENTED_EDGE('',*,*,#11764,.T.);
#11767=ORIENTED_EDGE('',*,*,#11766,.T.);
#11768=ORIENTED_EDGE('',*,*,#11750,.F.);
#11769=ORIENTED_EDGE('',*,*,#11251,.F.);
#11770=EDGE_LOOP('',(#11765,#11767,#11768,#11769));
#11771=FACE_OUTER_BOUND('',#11770,.F.);
#11772=ADVANCED_FACE('',(#11771),#11763,.T.);
#11773=CARTESIAN_POINT('',(5.E0,-4.225E0,-2.175E0));
#11774=DIRECTION('',(0.E0,-6.726727939963E-1,-7.399400733959E-1));
#11775=DIRECTION('',(0.E0,7.399400733959E-1,-6.726727939963E-1));
#11776=AXIS2_PLACEMENT_3D('',#11773,#11774,#11775);
#11777=PLANE('',#11776);
#11779=ORIENTED_EDGE('',*,*,#11778,.T.);
#11781=ORIENTED_EDGE('',*,*,#11780,.T.);
#11782=ORIENTED_EDGE('',*,*,#11764,.F.);
#11783=ORIENTED_EDGE('',*,*,#11249,.F.);
#11784=EDGE_LOOP('',(#11779,#11781,#11782,#11783));
#11785=FACE_OUTER_BOUND('',#11784,.F.);
#11786=ADVANCED_FACE('',(#11785),#11777,.T.);
#11787=CARTESIAN_POINT('',(5.E0,-4.225E0,3.725E0));
#11788=DIRECTION('',(0.E0,-1.E0,0.E0));
#11789=DIRECTION('',(0.E0,0.E0,-1.E0));
#11790=AXIS2_PLACEMENT_3D('',#11787,#11788,#11789);
#11791=PLANE('',#11790);
#11792=ORIENTED_EDGE('',*,*,#11092,.T.);
#11794=ORIENTED_EDGE('',*,*,#11793,.T.);
#11795=ORIENTED_EDGE('',*,*,#11778,.F.);
#11796=ORIENTED_EDGE('',*,*,#11247,.F.);
#11797=EDGE_LOOP('',(#11792,#11794,#11795,#11796));
#11798=FACE_OUTER_BOUND('',#11797,.F.);
#11799=ADVANCED_FACE('',(#11798),#11791,.T.);
#11800=CARTESIAN_POINT('',(5.E0,-4.225E0,3.725E0));
#11801=DIRECTION('',(0.E0,-1.E0,0.E0));
#11802=DIRECTION('',(0.E0,0.E0,-1.E0));
#11803=AXIS2_PLACEMENT_3D('',#11800,#11801,#11802);
#11804=PLANE('',#11803);
#11806=ORIENTED_EDGE('',*,*,#11805,.T.);
#11807=ORIENTED_EDGE('',*,*,#11233,.F.);
#11809=ORIENTED_EDGE('',*,*,#11808,.T.);
#11811=ORIENTED_EDGE('',*,*,#11810,.T.);
#11812=EDGE_LOOP('',(#11806,#11807,#11809,#11811));
#11813=FACE_OUTER_BOUND('',#11812,.F.);
#11814=ADVANCED_FACE('',(#11813),#11804,.T.);
#11815=CARTESIAN_POINT('',(5.4E0,0.E0,-4.375E0));
#11816=DIRECTION('',(1.E0,0.E0,0.E0));
#11817=DIRECTION('',(0.E0,0.E0,-1.E0));
#11818=AXIS2_PLACEMENT_3D('',#11815,#11816,#11817);
#11819=PLANE('',#11818);
#11820=ORIENTED_EDGE('',*,*,#11063,.T.);
#11822=ORIENTED_EDGE('',*,*,#11821,.F.);
#11823=ORIENTED_EDGE('',*,*,#11810,.F.);
#11825=ORIENTED_EDGE('',*,*,#11824,.F.);
#11827=ORIENTED_EDGE('',*,*,#11826,.F.);
#11829=ORIENTED_EDGE('',*,*,#11828,.F.);
#11831=ORIENTED_EDGE('',*,*,#11830,.F.);
#11833=ORIENTED_EDGE('',*,*,#11832,.F.);
#11835=ORIENTED_EDGE('',*,*,#11834,.F.);
#11837=ORIENTED_EDGE('',*,*,#11836,.F.);
#11839=ORIENTED_EDGE('',*,*,#11838,.F.);
#11841=ORIENTED_EDGE('',*,*,#11840,.F.);
#11843=ORIENTED_EDGE('',*,*,#11842,.F.);
#11845=ORIENTED_EDGE('',*,*,#11844,.F.);
#11847=ORIENTED_EDGE('',*,*,#11846,.F.);
#11849=ORIENTED_EDGE('',*,*,#11848,.F.);
#11851=ORIENTED_EDGE('',*,*,#11850,.F.);
#11853=ORIENTED_EDGE('',*,*,#11852,.F.);
#11854=ORIENTED_EDGE('',*,*,#11680,.F.);
#11856=ORIENTED_EDGE('',*,*,#11855,.F.);
#11857=ORIENTED_EDGE('',*,*,#11668,.F.);
#11858=ORIENTED_EDGE('',*,*,#11696,.F.);
#11859=ORIENTED_EDGE('',*,*,#11712,.F.);
#11860=ORIENTED_EDGE('',*,*,#11725,.F.);
#11861=ORIENTED_EDGE('',*,*,#11739,.F.);
#11862=ORIENTED_EDGE('',*,*,#11752,.F.);
#11863=ORIENTED_EDGE('',*,*,#11766,.F.);
#11864=ORIENTED_EDGE('',*,*,#11780,.F.);
#11865=ORIENTED_EDGE('',*,*,#11793,.F.);
#11866=ORIENTED_EDGE('',*,*,#11090,.F.);
#11867=EDGE_LOOP('',(#11820,#11822,#11823,#11825,#11827,#11829,#11831,#11833,
#11835,#11837,#11839,#11841,#11843,#11845,#11847,#11849,#11851,#11853,#11854,
#11856,#11857,#11858,#11859,#11860,#11861,#11862,#11863,#11864,#11865,#11866));
#11868=FACE_OUTER_BOUND('',#11867,.F.);
#11869=ADVANCED_FACE('',(#11868),#11819,.T.);
#11870=CARTESIAN_POINT('',(5.2E0,-4.425E0,2.775E0));
#11871=DIRECTION('',(0.E0,-4.472135955E-1,8.944271909999E-1));
#11872=DIRECTION('',(-1.E0,0.E0,0.E0));
#11873=AXIS2_PLACEMENT_3D('',#11870,#11871,#11872);
#11874=PLANE('',#11873);
#11875=ORIENTED_EDGE('',*,*,#11119,.F.);
#11876=ORIENTED_EDGE('',*,*,#11235,.T.);
#11877=ORIENTED_EDGE('',*,*,#11805,.F.);
#11878=ORIENTED_EDGE('',*,*,#11821,.T.);
#11879=ORIENTED_EDGE('',*,*,#11061,.T.);
#11880=EDGE_LOOP('',(#11875,#11876,#11877,#11878,#11879));
#11881=FACE_OUTER_BOUND('',#11880,.F.);
#11882=ADVANCED_FACE('',(#11881),#11874,.T.);
#11883=CARTESIAN_POINT('',(5.E0,-3.375E0,3.725E0));
#11884=DIRECTION('',(0.E0,0.E0,1.E0));
#11885=DIRECTION('',(0.E0,-1.E0,0.E0));
#11886=AXIS2_PLACEMENT_3D('',#11883,#11884,#11885);
#11887=PLANE('',#11886);
#11889=ORIENTED_EDGE('',*,*,#11888,.T.);
#11890=ORIENTED_EDGE('',*,*,#11824,.T.);
#11891=ORIENTED_EDGE('',*,*,#11808,.F.);
#11892=ORIENTED_EDGE('',*,*,#11231,.F.);
#11893=EDGE_LOOP('',(#11889,#11890,#11891,#11892));
#11894=FACE_OUTER_BOUND('',#11893,.F.);
#11895=ADVANCED_FACE('',(#11894),#11887,.T.);
#11896=CARTESIAN_POINT('',(5.E0,-3.375E0,3.475E0));
#11897=DIRECTION('',(0.E0,1.E0,0.E0));
#11898=DIRECTION('',(0.E0,0.E0,1.E0));
#11899=AXIS2_PLACEMENT_3D('',#11896,#11897,#11898);
#11900=PLANE('',#11899);
#11902=ORIENTED_EDGE('',*,*,#11901,.T.);
#11903=ORIENTED_EDGE('',*,*,#11826,.T.);
#11904=ORIENTED_EDGE('',*,*,#11888,.F.);
#11905=ORIENTED_EDGE('',*,*,#11229,.F.);
#11906=EDGE_LOOP('',(#11902,#11903,#11904,#11905));
#11907=FACE_OUTER_BOUND('',#11906,.F.);
#11908=ADVANCED_FACE('',(#11907),#11900,.T.);
#11909=CARTESIAN_POINT('',(5.E0,-3.275E0,3.475E0));
#11910=DIRECTION('',(1.E0,0.E0,0.E0));
#11911=DIRECTION('',(0.E0,0.E0,-1.E0));
#11912=AXIS2_PLACEMENT_3D('',#11909,#11910,#11911);
#11913=CYLINDRICAL_SURFACE('',#11912,1.E-1);
#11915=ORIENTED_EDGE('',*,*,#11914,.T.);
#11916=ORIENTED_EDGE('',*,*,#11828,.T.);
#11917=ORIENTED_EDGE('',*,*,#11901,.F.);
#11918=ORIENTED_EDGE('',*,*,#11227,.T.);
#11919=EDGE_LOOP('',(#11915,#11916,#11917,#11918));
#11920=FACE_OUTER_BOUND('',#11919,.F.);
#11921=ADVANCED_FACE('',(#11920),#11913,.F.);
#11922=CARTESIAN_POINT('',(5.E0,3.405E0,3.375E0));
#11923=DIRECTION('',(0.E0,0.E0,1.E0));
#11924=DIRECTION('',(0.E0,-1.E0,0.E0));
#11925=AXIS2_PLACEMENT_3D('',#11922,#11923,#11924);
#11926=PLANE('',#11925);
#11927=ORIENTED_EDGE('',*,*,#11914,.F.);
#11928=ORIENTED_EDGE('',*,*,#11225,.F.);
#11930=ORIENTED_EDGE('',*,*,#11929,.T.);
#11931=ORIENTED_EDGE('',*,*,#11830,.T.);
#11932=EDGE_LOOP('',(#11927,#11928,#11930,#11931));
#11933=FACE_OUTER_BOUND('',#11932,.F.);
#11934=ADVANCED_FACE('',(#11933),#11926,.T.);
#11935=CARTESIAN_POINT('',(5.E0,3.555E0,3.225E0));
#11936=DIRECTION('',(0.E0,7.071067811865E-1,7.071067811865E-1));
#11937=DIRECTION('',(0.E0,-7.071067811865E-1,7.071067811865E-1));
#11938=AXIS2_PLACEMENT_3D('',#11935,#11936,#11937);
#11939=PLANE('',#11938);
#11941=ORIENTED_EDGE('',*,*,#11940,.T.);
#11942=ORIENTED_EDGE('',*,*,#11832,.T.);
#11943=ORIENTED_EDGE('',*,*,#11929,.F.);
#11944=ORIENTED_EDGE('',*,*,#11223,.F.);
#11945=EDGE_LOOP('',(#11941,#11942,#11943,#11944));
#11946=FACE_OUTER_BOUND('',#11945,.F.);
#11947=ADVANCED_FACE('',(#11946),#11939,.T.);
#11948=CARTESIAN_POINT('',(5.E0,3.555E0,2.825E0));
#11949=DIRECTION('',(0.E0,1.E0,0.E0));
#11950=DIRECTION('',(0.E0,0.E0,1.E0));
#11951=AXIS2_PLACEMENT_3D('',#11948,#11949,#11950);
#11952=PLANE('',#11951);
#11954=ORIENTED_EDGE('',*,*,#11953,.T.);
#11955=ORIENTED_EDGE('',*,*,#11834,.T.);
#11956=ORIENTED_EDGE('',*,*,#11940,.F.);
#11957=ORIENTED_EDGE('',*,*,#11221,.F.);
#11958=EDGE_LOOP('',(#11954,#11955,#11956,#11957));
#11959=FACE_OUTER_BOUND('',#11958,.F.);
#11960=ADVANCED_FACE('',(#11959),#11952,.T.);
#11961=CARTESIAN_POINT('',(5.E0,3.775E0,2.385E0));
#11962=DIRECTION('',(0.E0,8.944271909999E-1,4.472135955E-1));
#11963=DIRECTION('',(0.E0,-4.472135955E-1,8.944271909999E-1));
#11964=AXIS2_PLACEMENT_3D('',#11961,#11962,#11963);
#11965=PLANE('',#11964);
#11967=ORIENTED_EDGE('',*,*,#11966,.T.);
#11968=ORIENTED_EDGE('',*,*,#11836,.T.);
#11969=ORIENTED_EDGE('',*,*,#11953,.F.);
#11970=ORIENTED_EDGE('',*,*,#11219,.F.);
#11971=EDGE_LOOP('',(#11967,#11968,#11969,#11970));
#11972=FACE_OUTER_BOUND('',#11971,.F.);
#11973=ADVANCED_FACE('',(#11972),#11965,.T.);
#11974=CARTESIAN_POINT('',(5.E0,3.775E0,8.75E-1));
#11975=DIRECTION('',(0.E0,1.E0,0.E0));
#11976=DIRECTION('',(0.E0,0.E0,1.E0));
#11977=AXIS2_PLACEMENT_3D('',#11974,#11975,#11976);
#11978=PLANE('',#11977);
#11980=ORIENTED_EDGE('',*,*,#11979,.T.);
#11981=ORIENTED_EDGE('',*,*,#11838,.T.);
#11982=ORIENTED_EDGE('',*,*,#11966,.F.);
#11983=ORIENTED_EDGE('',*,*,#11217,.F.);
#11984=EDGE_LOOP('',(#11980,#11981,#11982,#11983));
#11985=FACE_OUTER_BOUND('',#11984,.F.);
#11986=ADVANCED_FACE('',(#11985),#11978,.T.);
#11987=CARTESIAN_POINT('',(5.E0,3.315E0,8.75E-1));
#11988=DIRECTION('',(0.E0,0.E0,-1.E0));
#11989=DIRECTION('',(0.E0,1.E0,0.E0));
#11990=AXIS2_PLACEMENT_3D('',#11987,#11988,#11989);
#11991=PLANE('',#11990);
#11993=ORIENTED_EDGE('',*,*,#11992,.T.);
#11994=ORIENTED_EDGE('',*,*,#11840,.T.);
#11995=ORIENTED_EDGE('',*,*,#11979,.F.);
#11996=ORIENTED_EDGE('',*,*,#11215,.F.);
#11997=EDGE_LOOP('',(#11993,#11994,#11995,#11996));
#11998=FACE_OUTER_BOUND('',#11997,.F.);
#11999=ADVANCED_FACE('',(#11998),#11991,.T.);
#12000=CARTESIAN_POINT('',(5.E0,3.315E0,2.75E-1));
#12001=DIRECTION('',(0.E0,1.E0,0.E0));
#12002=DIRECTION('',(0.E0,0.E0,1.E0));
#12003=AXIS2_PLACEMENT_3D('',#12000,#12001,#12002);
#12004=PLANE('',#12003);
#12006=ORIENTED_EDGE('',*,*,#12005,.T.);
#12007=ORIENTED_EDGE('',*,*,#11842,.T.);
#12008=ORIENTED_EDGE('',*,*,#11992,.F.);
#12009=ORIENTED_EDGE('',*,*,#11213,.F.);
#12010=EDGE_LOOP('',(#12006,#12007,#12008,#12009));
#12011=FACE_OUTER_BOUND('',#12010,.F.);
#12012=ADVANCED_FACE('',(#12011),#12004,.T.);
#12013=CARTESIAN_POINT('',(5.E0,3.175E0,1.35E-1));
#12014=DIRECTION('',(0.E0,7.071067811865E-1,-7.071067811865E-1));
#12015=DIRECTION('',(0.E0,7.071067811865E-1,7.071067811865E-1));
#12016=AXIS2_PLACEMENT_3D('',#12013,#12014,#12015);
#12017=PLANE('',#12016);
#12019=ORIENTED_EDGE('',*,*,#12018,.T.);
#12020=ORIENTED_EDGE('',*,*,#11844,.T.);
#12021=ORIENTED_EDGE('',*,*,#12005,.F.);
#12022=ORIENTED_EDGE('',*,*,#11211,.F.);
#12023=EDGE_LOOP('',(#12019,#12020,#12021,#12022));
#12024=FACE_OUTER_BOUND('',#12023,.F.);
#12025=ADVANCED_FACE('',(#12024),#12017,.T.);
#12026=CARTESIAN_POINT('',(5.E0,3.175E0,-4.025E0));
#12027=DIRECTION('',(0.E0,1.E0,0.E0));
#12028=DIRECTION('',(0.E0,0.E0,1.E0));
#12029=AXIS2_PLACEMENT_3D('',#12026,#12027,#12028);
#12030=PLANE('',#12029);
#12032=ORIENTED_EDGE('',*,*,#12031,.F.);
#12034=ORIENTED_EDGE('',*,*,#12033,.T.);
#12035=ORIENTED_EDGE('',*,*,#11846,.T.);
#12036=ORIENTED_EDGE('',*,*,#12018,.F.);
#12037=ORIENTED_EDGE('',*,*,#11209,.F.);
#12038=EDGE_LOOP('',(#12032,#12034,#12035,#12036,#12037));
#12039=FACE_OUTER_BOUND('',#12038,.F.);
#12040=ADVANCED_FACE('',(#12039),#12030,.T.);
#12041=CARTESIAN_POINT('',(5.E0,0.E0,-4.375E0));
#12042=DIRECTION('',(1.E0,0.E0,0.E0));
#12043=DIRECTION('',(0.E0,0.E0,-1.E0));
#12044=AXIS2_PLACEMENT_3D('',#12041,#12042,#12043);
#12045=PLANE('',#12044);
#12047=ORIENTED_EDGE('',*,*,#12046,.T.);
#12048=ORIENTED_EDGE('',*,*,#11684,.T.);
#12050=ORIENTED_EDGE('',*,*,#12049,.T.);
#12052=ORIENTED_EDGE('',*,*,#12051,.T.);
#12054=ORIENTED_EDGE('',*,*,#12053,.T.);
#12055=ORIENTED_EDGE('',*,*,#12031,.T.);
#12056=EDGE_LOOP('',(#12047,#12048,#12050,#12052,#12054,#12055));
#12057=FACE_OUTER_BOUND('',#12056,.F.);
#12058=ADVANCED_FACE('',(#12057),#12045,.F.);
#12059=CARTESIAN_POINT('',(4.9E0,3.255E0,-1.805E0));
#12060=DIRECTION('',(0.E0,0.E0,1.E0));
#12061=DIRECTION('',(0.E0,-1.E0,0.E0));
#12062=AXIS2_PLACEMENT_3D('',#12059,#12060,#12061);
#12063=PLANE('',#12062);
#12064=ORIENTED_EDGE('',*,*,#11303,.F.);
#12065=ORIENTED_EDGE('',*,*,#11320,.F.);
#12067=ORIENTED_EDGE('',*,*,#12066,.T.);
#12068=ORIENTED_EDGE('',*,*,#11285,.T.);
#12069=EDGE_LOOP('',(#12064,#12065,#12067,#12068));
#12070=FACE_OUTER_BOUND('',#12069,.F.);
#12071=ORIENTED_EDGE('',*,*,#11207,.F.);
#12073=ORIENTED_EDGE('',*,*,#12072,.T.);
#12074=ORIENTED_EDGE('',*,*,#11578,.T.);
#12076=ORIENTED_EDGE('',*,*,#12075,.F.);
#12077=ORIENTED_EDGE('',*,*,#11678,.T.);
#12078=ORIENTED_EDGE('',*,*,#12046,.F.);
#12079=EDGE_LOOP('',(#12071,#12073,#12074,#12076,#12077,#12078));
#12080=FACE_BOUND('',#12079,.F.);
#12081=ADVANCED_FACE('',(#12070,#12080),#12063,.F.);
#12082=CARTESIAN_POINT('',(5.56E0,0.E0,-4.375E0));
#12083=DIRECTION('',(1.E0,0.E0,0.E0));
#12084=DIRECTION('',(0.E0,0.E0,-1.E0));
#12085=AXIS2_PLACEMENT_3D('',#12082,#12083,#12084);
#12086=PLANE('',#12085);
#12087=ORIENTED_EDGE('',*,*,#11336,.T.);
#12088=ORIENTED_EDGE('',*,*,#11287,.F.);
#12089=ORIENTED_EDGE('',*,*,#12066,.F.);
#12090=ORIENTED_EDGE('',*,*,#11318,.F.);
#12091=EDGE_LOOP('',(#12087,#12088,#12089,#12090));
#12092=FACE_OUTER_BOUND('',#12091,.F.);
#12093=ADVANCED_FACE('',(#12092),#12086,.F.);
#12094=CARTESIAN_POINT('',(5.E0,3.205E0,-3.125E0));
#12095=DIRECTION('',(0.E0,1.E0,0.E0));
#12096=DIRECTION('',(0.E0,0.E0,1.E0));
#12097=AXIS2_PLACEMENT_3D('',#12094,#12095,#12096);
#12098=PLANE('',#12097);
#12099=ORIENTED_EDGE('',*,*,#12072,.F.);
#12100=ORIENTED_EDGE('',*,*,#11205,.T.);
#12102=ORIENTED_EDGE('',*,*,#12101,.F.);
#12103=ORIENTED_EDGE('',*,*,#11580,.F.);
#12104=EDGE_LOOP('',(#12099,#12100,#12102,#12103));
#12105=FACE_OUTER_BOUND('',#12104,.F.);
#12106=ADVANCED_FACE('',(#12105),#12098,.F.);
#12107=CARTESIAN_POINT('',(5.E0,3.205E0,-3.95E-1));
#12108=DIRECTION('',(0.E0,7.071067811865E-1,-7.071067811865E-1));
#12109=DIRECTION('',(0.E0,7.071067811865E-1,7.071067811865E-1));
#12110=AXIS2_PLACEMENT_3D('',#12107,#12108,#12109);
#12111=PLANE('',#12110);
#12112=ORIENTED_EDGE('',*,*,#11203,.T.);
#12114=ORIENTED_EDGE('',*,*,#12113,.F.);
#12115=ORIENTED_EDGE('',*,*,#11582,.T.);
#12116=ORIENTED_EDGE('',*,*,#12101,.T.);
#12117=EDGE_LOOP('',(#12112,#12114,#12115,#12116));
#12118=FACE_OUTER_BOUND('',#12117,.F.);
#12119=ADVANCED_FACE('',(#12118),#12111,.F.);
#12120=CARTESIAN_POINT('',(5.E0,3.355E0,-2.45E-1));
#12121=DIRECTION('',(0.E0,1.E0,0.E0));
#12122=DIRECTION('',(0.E0,0.E0,1.E0));
#12123=AXIS2_PLACEMENT_3D('',#12120,#12121,#12122);
#12124=PLANE('',#12123);
#12125=ORIENTED_EDGE('',*,*,#11201,.T.);
#12127=ORIENTED_EDGE('',*,*,#12126,.F.);
#12128=ORIENTED_EDGE('',*,*,#11584,.T.);
#12129=ORIENTED_EDGE('',*,*,#12113,.T.);
#12130=EDGE_LOOP('',(#12125,#12127,#12128,#12129));
#12131=FACE_OUTER_BOUND('',#12130,.F.);
#12132=ADVANCED_FACE('',(#12131),#12124,.F.);
#12133=CARTESIAN_POINT('',(5.E0,3.355E0,6.25E-1));
#12134=DIRECTION('',(0.E0,7.071067811865E-1,-7.071067811865E-1));
#12135=DIRECTION('',(0.E0,7.071067811865E-1,7.071067811865E-1));
#12136=AXIS2_PLACEMENT_3D('',#12133,#12134,#12135);
#12137=PLANE('',#12136);
#12138=ORIENTED_EDGE('',*,*,#11634,.T.);
#12139=ORIENTED_EDGE('',*,*,#11586,.F.);
#12140=ORIENTED_EDGE('',*,*,#12126,.T.);
#12141=ORIENTED_EDGE('',*,*,#11199,.T.);
#12142=EDGE_LOOP('',(#12138,#12139,#12140,#12141));
#12143=FACE_OUTER_BOUND('',#12142,.F.);
#12144=ADVANCED_FACE('',(#12143),#12137,.F.);
#12145=CARTESIAN_POINT('',(5.E0,-1.125E0,4.75E-1));
#12146=DIRECTION('',(0.E0,-1.E0,0.E0));
#12147=DIRECTION('',(0.E0,0.E0,-1.E0));
#12148=AXIS2_PLACEMENT_3D('',#12145,#12146,#12147);
#12149=PLANE('',#12148);
#12150=ORIENTED_EDGE('',*,*,#11855,.T.);
#12151=ORIENTED_EDGE('',*,*,#12075,.T.);
#12152=ORIENTED_EDGE('',*,*,#11592,.F.);
#12153=ORIENTED_EDGE('',*,*,#11651,.T.);
#12154=EDGE_LOOP('',(#12150,#12151,#12152,#12153));
#12155=FACE_OUTER_BOUND('',#12154,.F.);
#12156=ADVANCED_FACE('',(#12155),#12149,.F.);
#12157=CARTESIAN_POINT('',(5.E0,-1.125E0,-4.025E0));
#12158=DIRECTION('',(0.E0,-9.363291775690E-1,-3.511234415884E-1));
#12159=DIRECTION('',(0.E0,3.511234415884E-1,-9.363291775690E-1));
#12160=AXIS2_PLACEMENT_3D('',#12157,#12158,#12159);
#12161=PLANE('',#12160);
#12162=ORIENTED_EDGE('',*,*,#12049,.F.);
#12163=ORIENTED_EDGE('',*,*,#11682,.T.);
#12164=ORIENTED_EDGE('',*,*,#11852,.T.);
#12166=ORIENTED_EDGE('',*,*,#12165,.F.);
#12167=EDGE_LOOP('',(#12162,#12163,#12164,#12166));
#12168=FACE_OUTER_BOUND('',#12167,.F.);
#12169=ADVANCED_FACE('',(#12168),#12161,.T.);
#12170=CARTESIAN_POINT('',(5.E0,-9.75E-1,-4.425E0));
#12171=DIRECTION('',(0.E0,0.E0,-1.E0));
#12172=DIRECTION('',(0.E0,1.E0,0.E0));
#12173=AXIS2_PLACEMENT_3D('',#12170,#12171,#12172);
#12174=PLANE('',#12173);
#12175=ORIENTED_EDGE('',*,*,#12051,.F.);
#12176=ORIENTED_EDGE('',*,*,#12165,.T.);
#12177=ORIENTED_EDGE('',*,*,#11850,.T.);
#12179=ORIENTED_EDGE('',*,*,#12178,.F.);
#12180=EDGE_LOOP('',(#12175,#12176,#12177,#12179));
#12181=FACE_OUTER_BOUND('',#12180,.F.);
#12182=ADVANCED_FACE('',(#12181),#12174,.T.);
#12183=CARTESIAN_POINT('',(5.E0,3.025E0,-4.425E0));
#12184=DIRECTION('',(0.E0,9.363291775690E-1,-3.511234415884E-1));
#12185=DIRECTION('',(0.E0,3.511234415884E-1,9.363291775690E-1));
#12186=AXIS2_PLACEMENT_3D('',#12183,#12184,#12185);
#12187=PLANE('',#12186);
#12188=ORIENTED_EDGE('',*,*,#12053,.F.);
#12189=ORIENTED_EDGE('',*,*,#12178,.T.);
#12190=ORIENTED_EDGE('',*,*,#11848,.T.);
#12191=ORIENTED_EDGE('',*,*,#12033,.F.);
#12192=EDGE_LOOP('',(#12188,#12189,#12190,#12191));
#12193=FACE_OUTER_BOUND('',#12192,.F.);
#12194=ADVANCED_FACE('',(#12193),#12187,.T.);
#12195=CARTESIAN_POINT('',(5.9E0,-3.755E0,5.25E-1));
#12196=DIRECTION('',(0.E0,7.071067811865E-1,-7.071067811865E-1));
#12197=DIRECTION('',(0.E0,7.071067811865E-1,7.071067811865E-1));
#12198=AXIS2_PLACEMENT_3D('',#12195,#12196,#12197);
#12199=PLANE('',#12198);
#12200=ORIENTED_EDGE('',*,*,#11562,.T.);
#12201=ORIENTED_EDGE('',*,*,#11639,.F.);
#12202=ORIENTED_EDGE('',*,*,#11375,.F.);
#12204=ORIENTED_EDGE('',*,*,#12203,.T.);
#12205=EDGE_LOOP('',(#12200,#12201,#12202,#12204));
#12206=FACE_OUTER_BOUND('',#12205,.F.);
#12207=ADVANCED_FACE('',(#12206),#12199,.F.);
#12208=CARTESIAN_POINT('',(5.9E0,-3.755E0,-1.225E0));
#12209=DIRECTION('',(0.E0,1.E0,0.E0));
#12210=DIRECTION('',(0.E0,0.E0,1.E0));
#12211=AXIS2_PLACEMENT_3D('',#12208,#12209,#12210);
#12212=PLANE('',#12211);
#12213=ORIENTED_EDGE('',*,*,#11564,.T.);
#12214=ORIENTED_EDGE('',*,*,#12203,.F.);
#12215=ORIENTED_EDGE('',*,*,#11373,.F.);
#12217=ORIENTED_EDGE('',*,*,#12216,.T.);
#12218=EDGE_LOOP('',(#12213,#12214,#12215,#12217));
#12219=FACE_OUTER_BOUND('',#12218,.F.);
#12220=ADVANCED_FACE('',(#12219),#12212,.F.);
#12221=CARTESIAN_POINT('',(5.9E0,-4.055E0,-1.525E0));
#12222=DIRECTION('',(0.E0,7.071067811865E-1,-7.071067811865E-1));
#12223=DIRECTION('',(0.E0,7.071067811865E-1,7.071067811865E-1));
#12224=AXIS2_PLACEMENT_3D('',#12221,#12222,#12223);
#12225=PLANE('',#12224);
#12226=ORIENTED_EDGE('',*,*,#11566,.T.);
#12227=ORIENTED_EDGE('',*,*,#12216,.F.);
#12228=ORIENTED_EDGE('',*,*,#11371,.F.);
#12230=ORIENTED_EDGE('',*,*,#12229,.T.);
#12231=EDGE_LOOP('',(#12226,#12227,#12228,#12230));
#12232=FACE_OUTER_BOUND('',#12231,.F.);
#12233=ADVANCED_FACE('',(#12232),#12225,.F.);
#12234=CARTESIAN_POINT('',(5.9E0,-4.055E0,-2.675E0));
#12235=DIRECTION('',(0.E0,1.E0,0.E0));
#12236=DIRECTION('',(0.E0,0.E0,1.E0));
#12237=AXIS2_PLACEMENT_3D('',#12234,#12235,#12236);
#12238=PLANE('',#12237);
#12239=ORIENTED_EDGE('',*,*,#11568,.T.);
#12240=ORIENTED_EDGE('',*,*,#12229,.F.);
#12241=ORIENTED_EDGE('',*,*,#11369,.F.);
#12242=ORIENTED_EDGE('',*,*,#11542,.T.);
#12243=EDGE_LOOP('',(#12239,#12240,#12241,#12242));
#12244=FACE_OUTER_BOUND('',#12243,.F.);
#12245=ADVANCED_FACE('',(#12244),#12238,.F.);
#12246=CARTESIAN_POINT('',(3.95E0,3.875E0,-4.375E0));
#12247=DIRECTION('',(0.E0,1.E0,0.E0));
#12248=DIRECTION('',(1.E0,0.E0,0.E0));
#12249=AXIS2_PLACEMENT_3D('',#12246,#12247,#12248);
#12250=PLANE('',#12249);
#12251=ORIENTED_EDGE('',*,*,#9694,.F.);
#12253=ORIENTED_EDGE('',*,*,#12252,.T.);
#12254=ORIENTED_EDGE('',*,*,#10574,.T.);
#12255=ORIENTED_EDGE('',*,*,#11157,.F.);
#12256=EDGE_LOOP('',(#12251,#12253,#12254,#12255));
#12257=FACE_OUTER_BOUND('',#12256,.F.);
#12258=ADVANCED_FACE('',(#12257),#12250,.F.);
#12259=CARTESIAN_POINT('',(3.95E0,4.575E0,-4.375E0));
#12260=DIRECTION('',(1.E0,0.E0,0.E0));
#12261=DIRECTION('',(0.E0,-1.E0,0.E0));
#12262=AXIS2_PLACEMENT_3D('',#12259,#12260,#12261);
#12263=PLANE('',#12262);
#12264=ORIENTED_EDGE('',*,*,#9692,.F.);
#12265=ORIENTED_EDGE('',*,*,#9770,.T.);
#12266=ORIENTED_EDGE('',*,*,#10576,.T.);
#12267=ORIENTED_EDGE('',*,*,#12252,.F.);
#12268=EDGE_LOOP('',(#12264,#12265,#12266,#12267));
#12269=FACE_OUTER_BOUND('',#12268,.F.);
#12270=ADVANCED_FACE('',(#12269),#12263,.F.);
#12271=CARTESIAN_POINT('',(5.9E0,-2.785E0,3.775E0));
#12272=DIRECTION('',(0.E0,-7.071067811865E-1,-7.071067811865E-1));
#12273=DIRECTION('',(0.E0,7.071067811865E-1,-7.071067811865E-1));
#12274=AXIS2_PLACEMENT_3D('',#12271,#12272,#12273);
#12275=PLANE('',#12274);
#12276=ORIENTED_EDGE('',*,*,#10338,.F.);
#12277=ORIENTED_EDGE('',*,*,#10367,.T.);
#12278=ORIENTED_EDGE('',*,*,#10505,.T.);
#12280=ORIENTED_EDGE('',*,*,#12279,.F.);
#12281=EDGE_LOOP('',(#12276,#12277,#12278,#12280));
#12282=FACE_OUTER_BOUND('',#12281,.F.);
#12283=ADVANCED_FACE('',(#12282),#12275,.F.);
#12284=CARTESIAN_POINT('',(5.9E0,-2.785E0,3.775E0));
#12285=DIRECTION('',(0.E0,-7.071067811865E-1,-7.071067811865E-1));
#12286=DIRECTION('',(0.E0,7.071067811865E-1,-7.071067811865E-1));
#12287=AXIS2_PLACEMENT_3D('',#12284,#12285,#12286);
#12288=PLANE('',#12287);
#12290=ORIENTED_EDGE('',*,*,#12289,.F.);
#12292=ORIENTED_EDGE('',*,*,#12291,.F.);
#12293=ORIENTED_EDGE('',*,*,#11192,.F.);
#12294=ORIENTED_EDGE('',*,*,#10379,.T.);
#12295=EDGE_LOOP('',(#12290,#12292,#12293,#12294));
#12296=FACE_OUTER_BOUND('',#12295,.F.);
#12297=ADVANCED_FACE('',(#12296),#12288,.F.);
#12298=CARTESIAN_POINT('',(5.9E0,-2.585E0,3.575E0));
#12299=DIRECTION('',(0.E0,0.E0,-1.E0));
#12300=DIRECTION('',(0.E0,1.E0,0.E0));
#12301=AXIS2_PLACEMENT_3D('',#12298,#12299,#12300);
#12302=PLANE('',#12301);
#12304=ORIENTED_EDGE('',*,*,#12303,.F.);
#12306=ORIENTED_EDGE('',*,*,#12305,.F.);
#12308=ORIENTED_EDGE('',*,*,#12307,.T.);
#12309=ORIENTED_EDGE('',*,*,#10127,.T.);
#12311=ORIENTED_EDGE('',*,*,#12310,.F.);
#12313=ORIENTED_EDGE('',*,*,#12312,.F.);
#12315=ORIENTED_EDGE('',*,*,#12314,.T.);
#12317=ORIENTED_EDGE('',*,*,#12316,.T.);
#12318=EDGE_LOOP('',(#12304,#12306,#12308,#12309,#12311,#12313,#12315,#12317));
#12319=FACE_OUTER_BOUND('',#12318,.F.);
#12320=ADVANCED_FACE('',(#12319),#12302,.F.);
#12321=CARTESIAN_POINT('',(5.9E0,-2.585E0,3.575E0));
#12322=DIRECTION('',(0.E0,0.E0,-1.E0));
#12323=DIRECTION('',(0.E0,1.E0,0.E0));
#12324=AXIS2_PLACEMENT_3D('',#12321,#12322,#12323);
#12325=PLANE('',#12324);
#12326=ORIENTED_EDGE('',*,*,#10323,.F.);
#12327=ORIENTED_EDGE('',*,*,#12279,.T.);
#12328=ORIENTED_EDGE('',*,*,#10503,.T.);
#12329=ORIENTED_EDGE('',*,*,#9783,.F.);
#12330=ORIENTED_EDGE('',*,*,#11194,.F.);
#12331=ORIENTED_EDGE('',*,*,#12291,.T.);
#12333=ORIENTED_EDGE('',*,*,#12332,.F.);
#12335=ORIENTED_EDGE('',*,*,#12334,.F.);
#12337=ORIENTED_EDGE('',*,*,#12336,.F.);
#12339=ORIENTED_EDGE('',*,*,#12338,.T.);
#12341=ORIENTED_EDGE('',*,*,#12340,.F.);
#12343=ORIENTED_EDGE('',*,*,#12342,.F.);
#12345=ORIENTED_EDGE('',*,*,#12344,.F.);
#12347=ORIENTED_EDGE('',*,*,#12346,.F.);
#12349=ORIENTED_EDGE('',*,*,#12348,.T.);
#12351=ORIENTED_EDGE('',*,*,#12350,.F.);
#12352=ORIENTED_EDGE('',*,*,#9850,.T.);
#12353=ORIENTED_EDGE('',*,*,#9866,.F.);
#12355=ORIENTED_EDGE('',*,*,#12354,.F.);
#12357=ORIENTED_EDGE('',*,*,#12356,.F.);
#12359=ORIENTED_EDGE('',*,*,#12358,.F.);
#12361=ORIENTED_EDGE('',*,*,#12360,.T.);
#12363=ORIENTED_EDGE('',*,*,#12362,.F.);
#12365=ORIENTED_EDGE('',*,*,#12364,.F.);
#12366=EDGE_LOOP('',(#12326,#12327,#12328,#12329,#12330,#12331,#12333,#12335,
#12337,#12339,#12341,#12343,#12345,#12347,#12349,#12351,#12352,#12353,#12355,
#12357,#12359,#12361,#12363,#12365));
#12367=FACE_OUTER_BOUND('',#12366,.F.);
#12368=ADVANCED_FACE('',(#12367),#12325,.F.);
#12369=CARTESIAN_POINT('',(-1.5E0,-4.325E0,3.575E0));
#12370=DIRECTION('',(-1.E0,0.E0,0.E0));
#12371=DIRECTION('',(0.E0,-1.E0,0.E0));
#12372=AXIS2_PLACEMENT_3D('',#12369,#12370,#12371);
#12373=PLANE('',#12372);
#12375=ORIENTED_EDGE('',*,*,#12374,.T.);
#12377=ORIENTED_EDGE('',*,*,#12376,.T.);
#12378=ORIENTED_EDGE('',*,*,#12303,.T.);
#12380=ORIENTED_EDGE('',*,*,#12379,.T.);
#12381=EDGE_LOOP('',(#12375,#12377,#12378,#12380));
#12382=FACE_OUTER_BOUND('',#12381,.F.);
#12383=ADVANCED_FACE('',(#12382),#12373,.F.);
#12384=CARTESIAN_POINT('',(3.75E0,-4.575E0,-2.425E0));
#12385=DIRECTION('',(0.E0,0.E0,1.E0));
#12386=DIRECTION('',(-1.E0,0.E0,0.E0));
#12387=AXIS2_PLACEMENT_3D('',#12384,#12385,#12386);
#12388=PLANE('',#12387);
#12390=ORIENTED_EDGE('',*,*,#12389,.T.);
#12391=ORIENTED_EDGE('',*,*,#12374,.F.);
#12393=ORIENTED_EDGE('',*,*,#12392,.F.);
#12395=ORIENTED_EDGE('',*,*,#12394,.F.);
#12397=ORIENTED_EDGE('',*,*,#12396,.T.);
#12399=ORIENTED_EDGE('',*,*,#12398,.T.);
#12400=ORIENTED_EDGE('',*,*,#10632,.T.);
#12402=ORIENTED_EDGE('',*,*,#12401,.F.);
#12403=EDGE_LOOP('',(#12390,#12391,#12393,#12395,#12397,#12399,#12400,#12402));
#12404=FACE_OUTER_BOUND('',#12403,.F.);
#12405=ADVANCED_FACE('',(#12404),#12388,.F.);
#12406=CARTESIAN_POINT('',(0.E0,-4.425E0,-4.375E0));
#12407=DIRECTION('',(0.E0,-1.E0,0.E0));
#12408=DIRECTION('',(1.E0,0.E0,0.E0));
#12409=AXIS2_PLACEMENT_3D('',#12406,#12407,#12408);
#12410=PLANE('',#12409);
#12412=ORIENTED_EDGE('',*,*,#12411,.F.);
#12413=ORIENTED_EDGE('',*,*,#12396,.F.);
#12415=ORIENTED_EDGE('',*,*,#12414,.T.);
#12416=ORIENTED_EDGE('',*,*,#12312,.T.);
#12418=ORIENTED_EDGE('',*,*,#12417,.T.);
#12420=ORIENTED_EDGE('',*,*,#12419,.T.);
#12421=ORIENTED_EDGE('',*,*,#10242,.T.);
#12423=ORIENTED_EDGE('',*,*,#12422,.F.);
#12424=EDGE_LOOP('',(#12412,#12413,#12415,#12416,#12418,#12420,#12421,#12423));
#12425=FACE_OUTER_BOUND('',#12424,.F.);
#12426=ADVANCED_FACE('',(#12425),#12410,.T.);
#12427=CARTESIAN_POINT('',(0.E0,-4.425E0,-4.375E0));
#12428=DIRECTION('',(0.E0,-1.E0,0.E0));
#12429=DIRECTION('',(1.E0,0.E0,0.E0));
#12430=AXIS2_PLACEMENT_3D('',#12427,#12428,#12429);
#12431=PLANE('',#12430);
#12432=ORIENTED_EDGE('',*,*,#12389,.F.);
#12434=ORIENTED_EDGE('',*,*,#12433,.T.);
#12436=ORIENTED_EDGE('',*,*,#12435,.F.);
#12437=ORIENTED_EDGE('',*,*,#10206,.T.);
#12439=ORIENTED_EDGE('',*,*,#12438,.T.);
#12441=ORIENTED_EDGE('',*,*,#12440,.T.);
#12442=ORIENTED_EDGE('',*,*,#12305,.T.);
#12443=ORIENTED_EDGE('',*,*,#12376,.F.);
#12444=EDGE_LOOP('',(#12432,#12434,#12436,#12437,#12439,#12441,#12442,#12443));
#12445=FACE_OUTER_BOUND('',#12444,.F.);
#12446=ADVANCED_FACE('',(#12445),#12431,.T.);
#12447=CARTESIAN_POINT('',(3.75E0,-4.575E0,3.575E0));
#12448=DIRECTION('',(-1.E0,0.E0,0.E0));
#12449=DIRECTION('',(0.E0,0.E0,-1.E0));
#12450=AXIS2_PLACEMENT_3D('',#12447,#12448,#12449);
#12451=PLANE('',#12450);
#12452=ORIENTED_EDGE('',*,*,#12411,.T.);
#12454=ORIENTED_EDGE('',*,*,#12453,.T.);
#12455=ORIENTED_EDGE('',*,*,#10634,.T.);
#12456=ORIENTED_EDGE('',*,*,#12398,.F.);
#12457=EDGE_LOOP('',(#12452,#12454,#12455,#12456));
#12458=FACE_OUTER_BOUND('',#12457,.F.);
#12459=ADVANCED_FACE('',(#12458),#12451,.F.);
#12460=CARTESIAN_POINT('',(4.9E0,-4.575E0,3.575E0));
#12461=DIRECTION('',(0.E0,0.E0,1.E0));
#12462=DIRECTION('',(-1.E0,0.E0,0.E0));
#12463=AXIS2_PLACEMENT_3D('',#12460,#12461,#12462);
#12464=PLANE('',#12463);
#12465=ORIENTED_EDGE('',*,*,#10730,.F.);
#12467=ORIENTED_EDGE('',*,*,#12466,.T.);
#12468=ORIENTED_EDGE('',*,*,#10636,.T.);
#12469=ORIENTED_EDGE('',*,*,#12453,.F.);
#12471=ORIENTED_EDGE('',*,*,#12470,.T.);
#12472=EDGE_LOOP('',(#12465,#12467,#12468,#12469,#12471));
#12473=FACE_OUTER_BOUND('',#12472,.F.);
#12474=ADVANCED_FACE('',(#12473),#12464,.F.);
#12475=CARTESIAN_POINT('',(4.9E0,-4.575E0,4.375E0));
#12476=DIRECTION('',(-1.E0,0.E0,0.E0));
#12477=DIRECTION('',(0.E0,0.E0,-1.E0));
#12478=AXIS2_PLACEMENT_3D('',#12475,#12476,#12477);
#12479=PLANE('',#12478);
#12480=ORIENTED_EDGE('',*,*,#10236,.T.);
#12481=ORIENTED_EDGE('',*,*,#10638,.T.);
#12482=ORIENTED_EDGE('',*,*,#12466,.F.);
#12483=ORIENTED_EDGE('',*,*,#10728,.F.);
#12484=EDGE_LOOP('',(#12480,#12481,#12482,#12483));
#12485=FACE_OUTER_BOUND('',#12484,.F.);
#12486=ADVANCED_FACE('',(#12485),#12479,.F.);
#12487=CARTESIAN_POINT('',(3.75E0,-4.575E0,-2.425E0));
#12488=DIRECTION('',(1.E0,0.E0,0.E0));
#12489=DIRECTION('',(0.E0,0.E0,1.E0));
#12490=AXIS2_PLACEMENT_3D('',#12487,#12488,#12489);
#12491=PLANE('',#12490);
#12492=ORIENTED_EDGE('',*,*,#12470,.F.);
#12493=ORIENTED_EDGE('',*,*,#12422,.T.);
#12494=ORIENTED_EDGE('',*,*,#10240,.F.);
#12495=ORIENTED_EDGE('',*,*,#10732,.F.);
#12496=EDGE_LOOP('',(#12492,#12493,#12494,#12495));
#12497=FACE_OUTER_BOUND('',#12496,.F.);
#12498=ADVANCED_FACE('',(#12497),#12491,.F.);
#12499=CARTESIAN_POINT('',(1.5E0,-4.425E0,3.575E0));
#12500=DIRECTION('',(1.E0,0.E0,0.E0));
#12501=DIRECTION('',(0.E0,1.E0,0.E0));
#12502=AXIS2_PLACEMENT_3D('',#12499,#12500,#12501);
#12503=PLANE('',#12502);
#12504=ORIENTED_EDGE('',*,*,#12394,.T.);
#12506=ORIENTED_EDGE('',*,*,#12505,.F.);
#12507=ORIENTED_EDGE('',*,*,#12314,.F.);
#12508=ORIENTED_EDGE('',*,*,#12414,.F.);
#12509=EDGE_LOOP('',(#12504,#12506,#12507,#12508));
#12510=FACE_OUTER_BOUND('',#12509,.F.);
#12511=ADVANCED_FACE('',(#12510),#12503,.F.);
#12512=CARTESIAN_POINT('',(1.5E0,-4.325E0,3.575E0));
#12513=DIRECTION('',(0.E0,1.E0,0.E0));
#12514=DIRECTION('',(-1.E0,0.E0,0.E0));
#12515=AXIS2_PLACEMENT_3D('',#12512,#12513,#12514);
#12516=PLANE('',#12515);
#12517=ORIENTED_EDGE('',*,*,#12392,.T.);
#12518=ORIENTED_EDGE('',*,*,#12379,.F.);
#12519=ORIENTED_EDGE('',*,*,#12316,.F.);
#12520=ORIENTED_EDGE('',*,*,#12505,.T.);
#12521=EDGE_LOOP('',(#12517,#12518,#12519,#12520));
#12522=FACE_OUTER_BOUND('',#12521,.F.);
#12523=ADVANCED_FACE('',(#12522),#12516,.F.);
#12524=CARTESIAN_POINT('',(2.342893218813E0,-4.575E0,4.075E0));
#12525=DIRECTION('',(0.E0,-1.E0,0.E0));
#12526=DIRECTION('',(1.E0,0.E0,0.E0));
#12527=AXIS2_PLACEMENT_3D('',#12524,#12525,#12526);
#12528=CYLINDRICAL_SURFACE('',#12527,5.E-1);
#12529=ORIENTED_EDGE('',*,*,#10125,.T.);
#12531=ORIENTED_EDGE('',*,*,#12530,.F.);
#12532=ORIENTED_EDGE('',*,*,#12417,.F.);
#12533=ORIENTED_EDGE('',*,*,#12310,.T.);
#12534=EDGE_LOOP('',(#12529,#12531,#12532,#12533));
#12535=FACE_OUTER_BOUND('',#12534,.F.);
#12536=ADVANCED_FACE('',(#12535),#12528,.F.);
#12537=CARTESIAN_POINT('',(2.696446609407E0,-4.575E0,3.721446609407E0));
#12538=DIRECTION('',(7.071067811865E-1,0.E0,-7.071067811865E-1));
#12539=DIRECTION('',(7.071067811865E-1,0.E0,7.071067811865E-1));
#12540=AXIS2_PLACEMENT_3D('',#12537,#12538,#12539);
#12541=PLANE('',#12540);
#12542=ORIENTED_EDGE('',*,*,#10185,.T.);
#12543=ORIENTED_EDGE('',*,*,#10244,.F.);
#12544=ORIENTED_EDGE('',*,*,#12419,.F.);
#12545=ORIENTED_EDGE('',*,*,#12530,.T.);
#12546=ORIENTED_EDGE('',*,*,#10123,.T.);
#12547=EDGE_LOOP('',(#12542,#12543,#12544,#12545,#12546));
#12548=FACE_OUTER_BOUND('',#12547,.F.);
#12549=ADVANCED_FACE('',(#12548),#12541,.F.);
#12550=CARTESIAN_POINT('',(-3.75E0,-4.575E0,-2.425E0));
#12551=DIRECTION('',(1.E0,0.E0,0.E0));
#12552=DIRECTION('',(0.E0,0.E0,1.E0));
#12553=AXIS2_PLACEMENT_3D('',#12550,#12551,#12552);
#12554=PLANE('',#12553);
#12555=ORIENTED_EDGE('',*,*,#12433,.F.);
#12556=ORIENTED_EDGE('',*,*,#12401,.T.);
#12557=ORIENTED_EDGE('',*,*,#10630,.T.);
#12559=ORIENTED_EDGE('',*,*,#12558,.F.);
#12560=EDGE_LOOP('',(#12555,#12556,#12557,#12559));
#12561=FACE_OUTER_BOUND('',#12560,.F.);
#12562=ADVANCED_FACE('',(#12561),#12554,.F.);
#12563=CARTESIAN_POINT('',(-3.75E0,-4.575E0,3.575E0));
#12564=DIRECTION('',(0.E0,0.E0,1.E0));
#12565=DIRECTION('',(-1.E0,0.E0,0.E0));
#12566=AXIS2_PLACEMENT_3D('',#12563,#12564,#12565);
#12567=PLANE('',#12566);
#12568=ORIENTED_EDGE('',*,*,#10743,.F.);
#12570=ORIENTED_EDGE('',*,*,#12569,.F.);
#12571=ORIENTED_EDGE('',*,*,#12558,.T.);
#12572=ORIENTED_EDGE('',*,*,#10628,.T.);
#12574=ORIENTED_EDGE('',*,*,#12573,.F.);
#12575=EDGE_LOOP('',(#12568,#12570,#12571,#12572,#12574));
#12576=FACE_OUTER_BOUND('',#12575,.F.);
#12577=ADVANCED_FACE('',(#12576),#12567,.F.);
#12578=CARTESIAN_POINT('',(-3.75E0,-4.575E0,4.375E0));
#12579=DIRECTION('',(-1.E0,0.E0,0.E0));
#12580=DIRECTION('',(0.E0,0.E0,-1.E0));
#12581=AXIS2_PLACEMENT_3D('',#12578,#12579,#12580);
#12582=PLANE('',#12581);
#12583=ORIENTED_EDGE('',*,*,#12569,.T.);
#12584=ORIENTED_EDGE('',*,*,#10748,.F.);
#12585=ORIENTED_EDGE('',*,*,#10208,.T.);
#12586=ORIENTED_EDGE('',*,*,#12435,.T.);
#12587=EDGE_LOOP('',(#12583,#12584,#12585,#12586));
#12588=FACE_OUTER_BOUND('',#12587,.F.);
#12589=ADVANCED_FACE('',(#12588),#12582,.F.);
#12590=CARTESIAN_POINT('',(-4.9E0,-4.575E0,3.575E0));
#12591=DIRECTION('',(1.E0,0.E0,0.E0));
#12592=DIRECTION('',(0.E0,0.E0,1.E0));
#12593=AXIS2_PLACEMENT_3D('',#12590,#12591,#12592);
#12594=PLANE('',#12593);
#12595=ORIENTED_EDGE('',*,*,#10212,.F.);
#12596=ORIENTED_EDGE('',*,*,#10745,.T.);
#12597=ORIENTED_EDGE('',*,*,#12573,.T.);
#12598=ORIENTED_EDGE('',*,*,#10626,.T.);
#12599=EDGE_LOOP('',(#12595,#12596,#12597,#12598));
#12600=FACE_OUTER_BOUND('',#12599,.F.);
#12601=ADVANCED_FACE('',(#12600),#12594,.F.);
#12602=CARTESIAN_POINT('',(-3.35E0,-4.575E0,4.375E0));
#12603=DIRECTION('',(-7.071067811865E-1,0.E0,-7.071067811865E-1));
#12604=DIRECTION('',(7.071067811865E-1,0.E0,-7.071067811865E-1));
#12605=AXIS2_PLACEMENT_3D('',#12602,#12603,#12604);
#12606=PLANE('',#12605);
#12607=ORIENTED_EDGE('',*,*,#10169,.T.);
#12608=ORIENTED_EDGE('',*,*,#10131,.T.);
#12610=ORIENTED_EDGE('',*,*,#12609,.F.);
#12611=ORIENTED_EDGE('',*,*,#12438,.F.);
#12612=ORIENTED_EDGE('',*,*,#10204,.T.);
#12613=EDGE_LOOP('',(#12607,#12608,#12610,#12611,#12612));
#12614=FACE_OUTER_BOUND('',#12613,.F.);
#12615=ADVANCED_FACE('',(#12614),#12606,.F.);
#12616=CARTESIAN_POINT('',(-2.342893218813E0,-4.575E0,4.075E0));
#12617=DIRECTION('',(0.E0,-1.E0,0.E0));
#12618=DIRECTION('',(1.E0,0.E0,0.E0));
#12619=AXIS2_PLACEMENT_3D('',#12616,#12617,#12618);
#12620=CYLINDRICAL_SURFACE('',#12619,5.E-1);
#12621=ORIENTED_EDGE('',*,*,#10129,.T.);
#12622=ORIENTED_EDGE('',*,*,#12307,.F.);
#12623=ORIENTED_EDGE('',*,*,#12440,.F.);
#12624=ORIENTED_EDGE('',*,*,#12609,.T.);
#12625=EDGE_LOOP('',(#12621,#12622,#12623,#12624));
#12626=FACE_OUTER_BOUND('',#12625,.F.);
#12627=ADVANCED_FACE('',(#12626),#12620,.F.);
#12628=CARTESIAN_POINT('',(4.55E0,-1.75E0,3.475E0));
#12629=DIRECTION('',(-7.071067811865E-1,0.E0,7.071067811865E-1));
#12630=DIRECTION('',(0.E0,-1.E0,0.E0));
#12631=AXIS2_PLACEMENT_3D('',#12628,#12629,#12630);
#12632=PLANE('',#12631);
#12634=ORIENTED_EDGE('',*,*,#12633,.T.);
#12635=ORIENTED_EDGE('',*,*,#12332,.T.);
#12637=ORIENTED_EDGE('',*,*,#12636,.F.);
#12639=ORIENTED_EDGE('',*,*,#12638,.F.);
#12640=EDGE_LOOP('',(#12634,#12635,#12637,#12639));
#12641=FACE_OUTER_BOUND('',#12640,.F.);
#12642=ADVANCED_FACE('',(#12641),#12632,.T.);
#12643=CARTESIAN_POINT('',(4.39E0,-9.15E-1,3.575E0));
#12644=DIRECTION('',(0.E0,-1.E0,0.E0));
#12645=DIRECTION('',(1.E0,0.E0,0.E0));
#12646=AXIS2_PLACEMENT_3D('',#12643,#12644,#12645);
#12647=PLANE('',#12646);
#12649=ORIENTED_EDGE('',*,*,#12648,.T.);
#12650=ORIENTED_EDGE('',*,*,#12334,.T.);
#12651=ORIENTED_EDGE('',*,*,#12633,.F.);
#12653=ORIENTED_EDGE('',*,*,#12652,.F.);
#12654=ORIENTED_EDGE('',*,*,#9935,.T.);
#12656=ORIENTED_EDGE('',*,*,#12655,.F.);
#12657=EDGE_LOOP('',(#12649,#12650,#12651,#12653,#12654,#12656));
#12658=FACE_OUTER_BOUND('',#12657,.F.);
#12659=ADVANCED_FACE('',(#12658),#12647,.T.);
#12660=CARTESIAN_POINT('',(4.515E0,-7.65E-1,3.45E0));
#12661=DIRECTION('',(-7.071067811865E-1,0.E0,7.071067811865E-1));
#12662=DIRECTION('',(0.E0,-1.E0,0.E0));
#12663=AXIS2_PLACEMENT_3D('',#12660,#12661,#12662);
#12664=PLANE('',#12663);
#12666=ORIENTED_EDGE('',*,*,#12665,.F.);
#12667=ORIENTED_EDGE('',*,*,#12336,.T.);
#12668=ORIENTED_EDGE('',*,*,#12648,.F.);
#12670=ORIENTED_EDGE('',*,*,#12669,.F.);
#12671=EDGE_LOOP('',(#12666,#12667,#12668,#12670));
#12672=FACE_OUTER_BOUND('',#12671,.F.);
#12673=ADVANCED_FACE('',(#12672),#12664,.T.);
#12674=CARTESIAN_POINT('',(4.45E0,-6.15E-1,3.575E0));
#12675=DIRECTION('',(0.E0,1.E0,0.E0));
#12676=DIRECTION('',(-1.E0,0.E0,0.E0));
#12677=AXIS2_PLACEMENT_3D('',#12674,#12675,#12676);
#12678=PLANE('',#12677);
#12680=ORIENTED_EDGE('',*,*,#12679,.T.);
#12682=ORIENTED_EDGE('',*,*,#12681,.F.);
#12683=ORIENTED_EDGE('',*,*,#12338,.F.);
#12684=ORIENTED_EDGE('',*,*,#12665,.T.);
#12686=ORIENTED_EDGE('',*,*,#12685,.T.);
#12687=ORIENTED_EDGE('',*,*,#9931,.F.);
#12688=EDGE_LOOP('',(#12680,#12682,#12683,#12684,#12686,#12687));
#12689=FACE_OUTER_BOUND('',#12688,.F.);
#12690=ADVANCED_FACE('',(#12689),#12678,.T.);
#12691=CARTESIAN_POINT('',(4.45E0,0.E0,0.E0));
#12692=DIRECTION('',(1.E0,0.E0,0.E0));
#12693=DIRECTION('',(0.E0,0.E0,-1.E0));
#12694=AXIS2_PLACEMENT_3D('',#12691,#12692,#12693);
#12695=PLANE('',#12694);
#12696=ORIENTED_EDGE('',*,*,#12638,.T.);
#12698=ORIENTED_EDGE('',*,*,#12697,.T.);
#12700=ORIENTED_EDGE('',*,*,#12699,.T.);
#12702=ORIENTED_EDGE('',*,*,#12701,.T.);
#12704=ORIENTED_EDGE('',*,*,#12703,.F.);
#12705=ORIENTED_EDGE('',*,*,#10179,.T.);
#12706=ORIENTED_EDGE('',*,*,#10145,.T.);
#12707=ORIENTED_EDGE('',*,*,#9937,.F.);
#12708=ORIENTED_EDGE('',*,*,#12652,.T.);
#12709=EDGE_LOOP('',(#12696,#12698,#12700,#12702,#12704,#12705,#12706,#12707,
#12708));
#12710=FACE_OUTER_BOUND('',#12709,.F.);
#12711=ADVANCED_FACE('',(#12710),#12695,.F.);
#12712=CARTESIAN_POINT('',(4.45E0,0.E0,0.E0));
#12713=DIRECTION('',(1.E0,0.E0,0.E0));
#12714=DIRECTION('',(0.E0,0.E0,-1.E0));
#12715=AXIS2_PLACEMENT_3D('',#12712,#12713,#12714);
#12716=PLANE('',#12715);
#12718=ORIENTED_EDGE('',*,*,#12717,.T.);
#12719=ORIENTED_EDGE('',*,*,#12679,.F.);
#12720=ORIENTED_EDGE('',*,*,#9929,.F.);
#12722=ORIENTED_EDGE('',*,*,#12721,.T.);
#12723=EDGE_LOOP('',(#12718,#12719,#12720,#12722));
#12724=FACE_OUTER_BOUND('',#12723,.F.);
#12725=ADVANCED_FACE('',(#12724),#12716,.F.);
#12726=CARTESIAN_POINT('',(4.55E0,-2.755710678119E0,3.604289321881E0));
#12727=DIRECTION('',(-7.071067811865E-1,5.E-1,5.E-1));
#12728=DIRECTION('',(-4.082482904639E-1,2.886751345948E-1,-8.660254037844E-1));
#12729=AXIS2_PLACEMENT_3D('',#12726,#12727,#12728);
#12730=PLANE('',#12729);
#12731=ORIENTED_EDGE('',*,*,#12289,.T.);
#12733=ORIENTED_EDGE('',*,*,#12732,.F.);
#12734=ORIENTED_EDGE('',*,*,#12697,.F.);
#12735=ORIENTED_EDGE('',*,*,#12636,.T.);
#12736=EDGE_LOOP('',(#12731,#12733,#12734,#12735));
#12737=FACE_OUTER_BOUND('',#12736,.F.);
#12738=ADVANCED_FACE('',(#12737),#12730,.T.);
#12739=CARTESIAN_POINT('',(4.55E0,-2.885E0,3.975E0));
#12740=DIRECTION('',(-7.071067811865E-1,7.071067811865E-1,0.E0));
#12741=DIRECTION('',(0.E0,0.E0,-1.E0));
#12742=AXIS2_PLACEMENT_3D('',#12739,#12740,#12741);
#12743=PLANE('',#12742);
#12744=ORIENTED_EDGE('',*,*,#10377,.T.);
#12746=ORIENTED_EDGE('',*,*,#12745,.F.);
#12747=ORIENTED_EDGE('',*,*,#12699,.F.);
#12748=ORIENTED_EDGE('',*,*,#12732,.T.);
#12749=EDGE_LOOP('',(#12744,#12746,#12747,#12748));
#12750=FACE_OUTER_BOUND('',#12749,.F.);
#12751=ADVANCED_FACE('',(#12750),#12743,.T.);
#12752=CARTESIAN_POINT('',(4.55E0,-2.955710678119E0,4.204289321881E0));
#12753=DIRECTION('',(-7.071067811865E-1,5.E-1,5.E-1));
#12754=DIRECTION('',(-4.082482904639E-1,2.886751345948E-1,-8.660254037844E-1));
#12755=AXIS2_PLACEMENT_3D('',#12752,#12753,#12754);
#12756=PLANE('',#12755);
#12757=ORIENTED_EDGE('',*,*,#10406,.T.);
#12759=ORIENTED_EDGE('',*,*,#12758,.T.);
#12760=ORIENTED_EDGE('',*,*,#12701,.F.);
#12761=ORIENTED_EDGE('',*,*,#12745,.T.);
#12762=EDGE_LOOP('',(#12757,#12759,#12760,#12761));
#12763=FACE_OUTER_BOUND('',#12762,.F.);
#12764=ADVANCED_FACE('',(#12763),#12756,.T.);
#12765=CARTESIAN_POINT('',(4.55E0,-3.431944444444E0,4.275E0));
#12766=DIRECTION('',(-7.071067811865E-1,0.E0,7.071067811865E-1));
#12767=DIRECTION('',(0.E0,-1.E0,0.E0));
#12768=AXIS2_PLACEMENT_3D('',#12765,#12766,#12767);
#12769=PLANE('',#12768);
#12770=ORIENTED_EDGE('',*,*,#10181,.T.);
#12771=ORIENTED_EDGE('',*,*,#12703,.T.);
#12772=ORIENTED_EDGE('',*,*,#12758,.F.);
#12773=ORIENTED_EDGE('',*,*,#10228,.F.);
#12774=EDGE_LOOP('',(#12770,#12771,#12772,#12773));
#12775=FACE_OUTER_BOUND('',#12774,.F.);
#12776=ADVANCED_FACE('',(#12775),#12769,.T.);
#12777=CARTESIAN_POINT('',(4.55E0,1.525E0,3.475E0));
#12778=DIRECTION('',(-7.071067811865E-1,0.E0,7.071067811865E-1));
#12779=DIRECTION('',(0.E0,-1.E0,0.E0));
#12780=AXIS2_PLACEMENT_3D('',#12777,#12778,#12779);
#12781=PLANE('',#12780);
#12782=ORIENTED_EDGE('',*,*,#12717,.F.);
#12784=ORIENTED_EDGE('',*,*,#12783,.F.);
#12785=ORIENTED_EDGE('',*,*,#12340,.T.);
#12786=ORIENTED_EDGE('',*,*,#12681,.T.);
#12787=EDGE_LOOP('',(#12782,#12784,#12785,#12786));
#12788=FACE_OUTER_BOUND('',#12787,.F.);
#12789=ADVANCED_FACE('',(#12788),#12781,.T.);
#12790=CARTESIAN_POINT('',(3.525E0,3.765E0,3.475E0));
#12791=DIRECTION('',(0.E0,-7.071067811865E-1,7.071067811865E-1));
#12792=DIRECTION('',(-1.E0,0.E0,0.E0));
#12793=AXIS2_PLACEMENT_3D('',#12790,#12791,#12792);
#12794=PLANE('',#12793);
#12796=ORIENTED_EDGE('',*,*,#12795,.F.);
#12798=ORIENTED_EDGE('',*,*,#12797,.F.);
#12799=ORIENTED_EDGE('',*,*,#12342,.T.);
#12800=ORIENTED_EDGE('',*,*,#12783,.T.);
#12801=EDGE_LOOP('',(#12796,#12798,#12799,#12800));
#12802=FACE_OUTER_BOUND('',#12801,.F.);
#12803=ADVANCED_FACE('',(#12802),#12794,.T.);
#12804=CARTESIAN_POINT('',(-4.45E0,3.665E0,-1.825E0));
#12805=DIRECTION('',(0.E0,1.E0,0.E0));
#12806=DIRECTION('',(0.E0,0.E0,1.E0));
#12807=AXIS2_PLACEMENT_3D('',#12804,#12805,#12806);
#12808=PLANE('',#12807);
#12809=ORIENTED_EDGE('',*,*,#9833,.T.);
#12811=ORIENTED_EDGE('',*,*,#12810,.F.);
#12813=ORIENTED_EDGE('',*,*,#12812,.F.);
#12814=ORIENTED_EDGE('',*,*,#9919,.T.);
#12815=EDGE_LOOP('',(#12809,#12811,#12813,#12814));
#12816=FACE_OUTER_BOUND('',#12815,.F.);
#12817=ADVANCED_FACE('',(#12816),#12808,.F.);
#12818=CARTESIAN_POINT('',(-4.45E0,3.665E0,-1.825E0));
#12819=DIRECTION('',(0.E0,1.E0,0.E0));
#12820=DIRECTION('',(0.E0,0.E0,1.E0));
#12821=AXIS2_PLACEMENT_3D('',#12818,#12819,#12820);
#12822=PLANE('',#12821);
#12824=ORIENTED_EDGE('',*,*,#12823,.F.);
#12826=ORIENTED_EDGE('',*,*,#12825,.F.);
#12828=ORIENTED_EDGE('',*,*,#12827,.F.);
#12830=ORIENTED_EDGE('',*,*,#12829,.F.);
#12832=ORIENTED_EDGE('',*,*,#12831,.F.);
#12833=ORIENTED_EDGE('',*,*,#9826,.T.);
#12834=EDGE_LOOP('',(#12824,#12826,#12828,#12830,#12832,#12833));
#12835=FACE_OUTER_BOUND('',#12834,.F.);
#12836=ADVANCED_FACE('',(#12835),#12822,.F.);
#12837=CARTESIAN_POINT('',(-4.45E0,3.665E0,-1.825E0));
#12838=DIRECTION('',(0.E0,1.E0,0.E0));
#12839=DIRECTION('',(0.E0,0.E0,1.E0));
#12840=AXIS2_PLACEMENT_3D('',#12837,#12838,#12839);
#12841=PLANE('',#12840);
#12843=ORIENTED_EDGE('',*,*,#12842,.T.);
#12845=ORIENTED_EDGE('',*,*,#12844,.F.);
#12846=ORIENTED_EDGE('',*,*,#9913,.T.);
#12847=ORIENTED_EDGE('',*,*,#10307,.T.);
#12848=EDGE_LOOP('',(#12843,#12845,#12846,#12847));
#12849=FACE_OUTER_BOUND('',#12848,.F.);
#12850=ADVANCED_FACE('',(#12849),#12841,.F.);
#12851=CARTESIAN_POINT('',(-4.45E0,3.665E0,-1.825E0));
#12852=DIRECTION('',(0.E0,1.E0,0.E0));
#12853=DIRECTION('',(0.E0,0.E0,1.E0));
#12854=AXIS2_PLACEMENT_3D('',#12851,#12852,#12853);
#12855=PLANE('',#12854);
#12856=ORIENTED_EDGE('',*,*,#12795,.T.);
#12857=ORIENTED_EDGE('',*,*,#12721,.F.);
#12858=ORIENTED_EDGE('',*,*,#9927,.T.);
#12860=ORIENTED_EDGE('',*,*,#12859,.T.);
#12861=EDGE_LOOP('',(#12856,#12857,#12858,#12860));
#12862=FACE_OUTER_BOUND('',#12861,.F.);
#12863=ADVANCED_FACE('',(#12862),#12855,.F.);
#12864=CARTESIAN_POINT('',(1.8E0,4.575E0,4.25E-1));
#12865=DIRECTION('',(0.E0,0.E0,-1.E0));
#12866=DIRECTION('',(-1.E0,0.E0,0.E0));
#12867=AXIS2_PLACEMENT_3D('',#12864,#12865,#12866);
#12868=PLANE('',#12867);
#12869=ORIENTED_EDGE('',*,*,#12810,.T.);
#12870=ORIENTED_EDGE('',*,*,#9831,.F.);
#12871=ORIENTED_EDGE('',*,*,#9812,.F.);
#12873=ORIENTED_EDGE('',*,*,#12872,.T.);
#12874=EDGE_LOOP('',(#12869,#12870,#12871,#12873));
#12875=FACE_OUTER_BOUND('',#12874,.F.);
#12876=ADVANCED_FACE('',(#12875),#12868,.F.);
#12877=CARTESIAN_POINT('',(1.8E0,3.665E0,-1.825E0));
#12878=DIRECTION('',(-1.E0,0.E0,0.E0));
#12879=DIRECTION('',(0.E0,-1.E0,0.E0));
#12880=AXIS2_PLACEMENT_3D('',#12877,#12878,#12879);
#12881=PLANE('',#12880);
#12883=ORIENTED_EDGE('',*,*,#12882,.F.);
#12885=ORIENTED_EDGE('',*,*,#12884,.F.);
#12886=ORIENTED_EDGE('',*,*,#9921,.F.);
#12887=ORIENTED_EDGE('',*,*,#12812,.T.);
#12888=ORIENTED_EDGE('',*,*,#12872,.F.);
#12889=ORIENTED_EDGE('',*,*,#9810,.F.);
#12891=ORIENTED_EDGE('',*,*,#12890,.T.);
#12892=ORIENTED_EDGE('',*,*,#12825,.T.);
#12894=ORIENTED_EDGE('',*,*,#12893,.T.);
#12895=EDGE_LOOP('',(#12883,#12885,#12886,#12887,#12888,#12889,#12891,#12892,
#12894));
#12896=FACE_OUTER_BOUND('',#12895,.F.);
#12897=ADVANCED_FACE('',(#12896),#12881,.T.);
#12898=CARTESIAN_POINT('',(1.9E0,3.385E0,3.475E0));
#12899=DIRECTION('',(-7.071067811865E-1,0.E0,7.071067811865E-1));
#12900=DIRECTION('',(0.E0,-1.E0,0.E0));
#12901=AXIS2_PLACEMENT_3D('',#12898,#12899,#12900);
#12902=PLANE('',#12901);
#12903=ORIENTED_EDGE('',*,*,#12348,.F.);
#12905=ORIENTED_EDGE('',*,*,#12904,.T.);
#12906=ORIENTED_EDGE('',*,*,#12882,.T.);
#12908=ORIENTED_EDGE('',*,*,#12907,.T.);
#12909=EDGE_LOOP('',(#12903,#12905,#12906,#12908));
#12910=FACE_OUTER_BOUND('',#12909,.F.);
#12911=ADVANCED_FACE('',(#12910),#12902,.T.);
#12912=CARTESIAN_POINT('',(2.2E0,2.765E0,3.475E0));
#12913=DIRECTION('',(0.E0,-7.071067811865E-1,7.071067811865E-1));
#12914=DIRECTION('',(-1.E0,0.E0,0.E0));
#12915=AXIS2_PLACEMENT_3D('',#12912,#12913,#12914);
#12916=PLANE('',#12915);
#12918=ORIENTED_EDGE('',*,*,#12917,.F.);
#12919=ORIENTED_EDGE('',*,*,#12904,.F.);
#12920=ORIENTED_EDGE('',*,*,#12346,.T.);
#12922=ORIENTED_EDGE('',*,*,#12921,.T.);
#12923=EDGE_LOOP('',(#12918,#12919,#12920,#12922));
#12924=FACE_OUTER_BOUND('',#12923,.F.);
#12925=ADVANCED_FACE('',(#12924),#12916,.T.);
#12926=CARTESIAN_POINT('',(1.8E0,2.665E0,-1.825E0));
#12927=DIRECTION('',(0.E0,-1.E0,0.E0));
#12928=DIRECTION('',(1.E0,0.E0,0.E0));
#12929=AXIS2_PLACEMENT_3D('',#12926,#12927,#12928);
#12930=PLANE('',#12929);
#12931=ORIENTED_EDGE('',*,*,#12917,.T.);
#12933=ORIENTED_EDGE('',*,*,#12932,.F.);
#12934=ORIENTED_EDGE('',*,*,#9923,.F.);
#12935=ORIENTED_EDGE('',*,*,#12884,.T.);
#12936=EDGE_LOOP('',(#12931,#12933,#12934,#12935));
#12937=FACE_OUTER_BOUND('',#12936,.F.);
#12938=ADVANCED_FACE('',(#12937),#12930,.T.);
#12939=CARTESIAN_POINT('',(2.6E0,2.665E0,-1.825E0));
#12940=DIRECTION('',(1.E0,0.E0,0.E0));
#12941=DIRECTION('',(0.E0,1.E0,0.E0));
#12942=AXIS2_PLACEMENT_3D('',#12939,#12940,#12941);
#12943=PLANE('',#12942);
#12945=ORIENTED_EDGE('',*,*,#12944,.T.);
#12946=ORIENTED_EDGE('',*,*,#12859,.F.);
#12947=ORIENTED_EDGE('',*,*,#9925,.T.);
#12948=ORIENTED_EDGE('',*,*,#12932,.T.);
#12949=EDGE_LOOP('',(#12945,#12946,#12947,#12948));
#12950=FACE_OUTER_BOUND('',#12949,.F.);
#12951=ADVANCED_FACE('',(#12950),#12943,.T.);
#12952=CARTESIAN_POINT('',(2.5E0,3.165E0,3.475E0));
#12953=DIRECTION('',(7.071067811865E-1,0.E0,7.071067811865E-1));
#12954=DIRECTION('',(0.E0,-1.E0,0.E0));
#12955=AXIS2_PLACEMENT_3D('',#12952,#12953,#12954);
#12956=PLANE('',#12955);
#12957=ORIENTED_EDGE('',*,*,#12944,.F.);
#12958=ORIENTED_EDGE('',*,*,#12921,.F.);
#12959=ORIENTED_EDGE('',*,*,#12344,.T.);
#12960=ORIENTED_EDGE('',*,*,#12797,.T.);
#12961=EDGE_LOOP('',(#12957,#12958,#12959,#12960));
#12962=FACE_OUTER_BOUND('',#12961,.F.);
#12963=ADVANCED_FACE('',(#12962),#12956,.T.);
#12964=CARTESIAN_POINT('',(-1.8E0,3.665E0,2.575E0));
#12965=DIRECTION('',(0.E0,8.762159086766E-1,-4.819187497722E-1));
#12966=DIRECTION('',(0.E0,4.819187497722E-1,8.762159086766E-1));
#12967=AXIS2_PLACEMENT_3D('',#12964,#12965,#12966);
#12968=PLANE('',#12967);
#12969=ORIENTED_EDGE('',*,*,#12350,.T.);
#12970=ORIENTED_EDGE('',*,*,#12907,.F.);
#12971=ORIENTED_EDGE('',*,*,#12893,.F.);
#12972=ORIENTED_EDGE('',*,*,#12823,.T.);
#12973=ORIENTED_EDGE('',*,*,#9824,.T.);
#12974=ORIENTED_EDGE('',*,*,#9852,.F.);
#12975=EDGE_LOOP('',(#12969,#12970,#12971,#12972,#12973,#12974));
#12976=FACE_OUTER_BOUND('',#12975,.F.);
#12977=ADVANCED_FACE('',(#12976),#12968,.F.);
#12978=CARTESIAN_POINT('',(1.55E0,4.575E0,1.795E0));
#12979=DIRECTION('',(0.E0,1.E0,0.E0));
#12980=DIRECTION('',(1.E0,0.E0,0.E0));
#12981=AXIS2_PLACEMENT_3D('',#12978,#12979,#12980);
#12982=CYLINDRICAL_SURFACE('',#12981,2.5E-1);
#12983=ORIENTED_EDGE('',*,*,#12827,.T.);
#12984=ORIENTED_EDGE('',*,*,#12890,.F.);
#12985=ORIENTED_EDGE('',*,*,#9808,.F.);
#12987=ORIENTED_EDGE('',*,*,#12986,.T.);
#12988=EDGE_LOOP('',(#12983,#12984,#12985,#12987));
#12989=FACE_OUTER_BOUND('',#12988,.F.);
#12990=ADVANCED_FACE('',(#12989),#12982,.F.);
#12991=CARTESIAN_POINT('',(-1.55E0,4.575E0,2.045E0));
#12992=DIRECTION('',(0.E0,0.E0,1.E0));
#12993=DIRECTION('',(1.E0,0.E0,0.E0));
#12994=AXIS2_PLACEMENT_3D('',#12991,#12992,#12993);
#12995=PLANE('',#12994);
#12996=ORIENTED_EDGE('',*,*,#9806,.F.);
#12998=ORIENTED_EDGE('',*,*,#12997,.T.);
#12999=ORIENTED_EDGE('',*,*,#12829,.T.);
#13000=ORIENTED_EDGE('',*,*,#12986,.F.);
#13001=EDGE_LOOP('',(#12996,#12998,#12999,#13000));
#13002=FACE_OUTER_BOUND('',#13001,.F.);
#13003=ADVANCED_FACE('',(#13002),#12995,.F.);
#13004=CARTESIAN_POINT('',(-1.55E0,4.575E0,1.795E0));
#13005=DIRECTION('',(0.E0,1.E0,0.E0));
#13006=DIRECTION('',(1.E0,0.E0,0.E0));
#13007=AXIS2_PLACEMENT_3D('',#13004,#13005,#13006);
#13008=CYLINDRICAL_SURFACE('',#13007,2.5E-1);
#13009=ORIENTED_EDGE('',*,*,#12831,.T.);
#13010=ORIENTED_EDGE('',*,*,#12997,.F.);
#13011=ORIENTED_EDGE('',*,*,#9804,.F.);
#13012=ORIENTED_EDGE('',*,*,#9828,.T.);
#13013=EDGE_LOOP('',(#13009,#13010,#13011,#13012));
#13014=FACE_OUTER_BOUND('',#13013,.F.);
#13015=ADVANCED_FACE('',(#13014),#13008,.F.);
#13016=CARTESIAN_POINT('',(-3.525E0,3.765E0,3.475E0));
#13017=DIRECTION('',(0.E0,-7.071067811865E-1,7.071067811865E-1));
#13018=DIRECTION('',(-1.E0,0.E0,0.E0));
#13019=AXIS2_PLACEMENT_3D('',#13016,#13017,#13018);
#13020=PLANE('',#13019);
#13021=ORIENTED_EDGE('',*,*,#12356,.T.);
#13023=ORIENTED_EDGE('',*,*,#13022,.T.);
#13024=ORIENTED_EDGE('',*,*,#12842,.F.);
#13026=ORIENTED_EDGE('',*,*,#13025,.F.);
#13027=EDGE_LOOP('',(#13021,#13023,#13024,#13026));
#13028=FACE_OUTER_BOUND('',#13027,.F.);
#13029=ADVANCED_FACE('',(#13028),#13020,.T.);
#13030=CARTESIAN_POINT('',(-2.5E0,3.165E0,3.475E0));
#13031=DIRECTION('',(-7.071067811865E-1,0.E0,7.071067811865E-1));
#13032=DIRECTION('',(0.E0,-1.E0,0.E0));
#13033=AXIS2_PLACEMENT_3D('',#13030,#13031,#13032);
#13034=PLANE('',#13033);
#13036=ORIENTED_EDGE('',*,*,#13035,.F.);
#13037=ORIENTED_EDGE('',*,*,#13022,.F.);
#13038=ORIENTED_EDGE('',*,*,#12354,.T.);
#13039=ORIENTED_EDGE('',*,*,#9864,.T.);
#13040=EDGE_LOOP('',(#13036,#13037,#13038,#13039));
#13041=FACE_OUTER_BOUND('',#13040,.F.);
#13042=ADVANCED_FACE('',(#13041),#13034,.T.);
#13043=CARTESIAN_POINT('',(-2.6E0,3.665E0,-1.825E0));
#13044=DIRECTION('',(-1.E0,0.E0,0.E0));
#13045=DIRECTION('',(0.E0,-1.E0,0.E0));
#13046=AXIS2_PLACEMENT_3D('',#13043,#13044,#13045);
#13047=PLANE('',#13046);
#13048=ORIENTED_EDGE('',*,*,#13035,.T.);
#13049=ORIENTED_EDGE('',*,*,#9881,.F.);
#13050=ORIENTED_EDGE('',*,*,#9915,.F.);
#13051=ORIENTED_EDGE('',*,*,#12844,.T.);
#13052=EDGE_LOOP('',(#13048,#13049,#13050,#13051));
#13053=FACE_OUTER_BOUND('',#13052,.F.);
#13054=ADVANCED_FACE('',(#13053),#13047,.T.);
#13055=CARTESIAN_POINT('',(-4.55E0,1.525E0,3.475E0));
#13056=DIRECTION('',(7.071067811865E-1,0.E0,7.071067811865E-1));
#13057=DIRECTION('',(0.E0,-1.E0,0.E0));
#13058=AXIS2_PLACEMENT_3D('',#13055,#13056,#13057);
#13059=PLANE('',#13058);
#13060=ORIENTED_EDGE('',*,*,#12358,.T.);
#13061=ORIENTED_EDGE('',*,*,#13025,.T.);
#13062=ORIENTED_EDGE('',*,*,#10305,.F.);
#13064=ORIENTED_EDGE('',*,*,#13063,.T.);
#13065=EDGE_LOOP('',(#13060,#13061,#13062,#13064));
#13066=FACE_OUTER_BOUND('',#13065,.F.);
#13067=ADVANCED_FACE('',(#13066),#13059,.T.);
#13068=CARTESIAN_POINT('',(-4.39E0,-6.15E-1,3.575E0));
#13069=DIRECTION('',(0.E0,1.E0,0.E0));
#13070=DIRECTION('',(-1.E0,0.E0,0.E0));
#13071=AXIS2_PLACEMENT_3D('',#13068,#13069,#13070);
#13072=PLANE('',#13071);
#13074=ORIENTED_EDGE('',*,*,#13073,.T.);
#13075=ORIENTED_EDGE('',*,*,#12360,.F.);
#13076=ORIENTED_EDGE('',*,*,#13063,.F.);
#13077=ORIENTED_EDGE('',*,*,#10310,.F.);
#13078=ORIENTED_EDGE('',*,*,#9909,.T.);
#13080=ORIENTED_EDGE('',*,*,#13079,.F.);
#13081=EDGE_LOOP('',(#13074,#13075,#13076,#13077,#13078,#13080));
#13082=FACE_OUTER_BOUND('',#13081,.F.);
#13083=ADVANCED_FACE('',(#13082),#13072,.T.);
#13084=CARTESIAN_POINT('',(-4.515E0,-7.65E-1,3.45E0));
#13085=DIRECTION('',(7.071067811865E-1,0.E0,7.071067811865E-1));
#13086=DIRECTION('',(0.E0,-1.E0,0.E0));
#13087=AXIS2_PLACEMENT_3D('',#13084,#13085,#13086);
#13088=PLANE('',#13087);
#13090=ORIENTED_EDGE('',*,*,#13089,.F.);
#13091=ORIENTED_EDGE('',*,*,#12362,.T.);
#13092=ORIENTED_EDGE('',*,*,#13073,.F.);
#13094=ORIENTED_EDGE('',*,*,#13093,.F.);
#13095=EDGE_LOOP('',(#13090,#13091,#13092,#13094));
#13096=FACE_OUTER_BOUND('',#13095,.F.);
#13097=ADVANCED_FACE('',(#13096),#13088,.T.);
#13098=CARTESIAN_POINT('',(-4.45E0,-9.15E-1,3.575E0));
#13099=DIRECTION('',(0.E0,-1.E0,0.E0));
#13100=DIRECTION('',(1.E0,0.E0,0.E0));
#13101=AXIS2_PLACEMENT_3D('',#13098,#13099,#13100);
#13102=PLANE('',#13101);
#13103=ORIENTED_EDGE('',*,*,#10286,.T.);
#13104=ORIENTED_EDGE('',*,*,#10325,.F.);
#13105=ORIENTED_EDGE('',*,*,#12364,.T.);
#13106=ORIENTED_EDGE('',*,*,#13089,.T.);
#13108=ORIENTED_EDGE('',*,*,#13107,.T.);
#13109=ORIENTED_EDGE('',*,*,#9905,.F.);
#13110=EDGE_LOOP('',(#13103,#13104,#13105,#13106,#13108,#13109));
#13111=FACE_OUTER_BOUND('',#13110,.F.);
#13112=ADVANCED_FACE('',(#13111),#13102,.T.);
#13113=CARTESIAN_POINT('',(-4.39E0,-9.15E-1,3.575E0));
#13114=DIRECTION('',(1.E0,0.E0,0.E0));
#13115=DIRECTION('',(0.E0,1.E0,0.E0));
#13116=AXIS2_PLACEMENT_3D('',#13113,#13114,#13115);
#13117=PLANE('',#13116);
#13118=ORIENTED_EDGE('',*,*,#13093,.T.);
#13119=ORIENTED_EDGE('',*,*,#13079,.T.);
#13120=ORIENTED_EDGE('',*,*,#9907,.F.);
#13121=ORIENTED_EDGE('',*,*,#13107,.F.);
#13122=EDGE_LOOP('',(#13118,#13119,#13120,#13121));
#13123=FACE_OUTER_BOUND('',#13122,.F.);
#13124=ADVANCED_FACE('',(#13123),#13117,.T.);
#13125=CARTESIAN_POINT('',(4.39E0,-6.15E-1,3.575E0));
#13126=DIRECTION('',(-1.E0,0.E0,0.E0));
#13127=DIRECTION('',(0.E0,-1.E0,0.E0));
#13128=AXIS2_PLACEMENT_3D('',#13125,#13126,#13127);
#13129=PLANE('',#13128);
#13130=ORIENTED_EDGE('',*,*,#12669,.T.);
#13131=ORIENTED_EDGE('',*,*,#12655,.T.);
#13132=ORIENTED_EDGE('',*,*,#9933,.F.);
#13133=ORIENTED_EDGE('',*,*,#12685,.F.);
#13134=EDGE_LOOP('',(#13130,#13131,#13132,#13133));
#13135=FACE_OUTER_BOUND('',#13134,.F.);
#13136=ADVANCED_FACE('',(#13135),#13129,.T.);
#13137=CARTESIAN_POINT('',(-5.2E0,-4.425E0,-1.075E0));
#13138=DIRECTION('',(0.E0,-4.472135955E-1,-8.944271909999E-1));
#13139=DIRECTION('',(-1.E0,0.E0,0.E0));
#13140=AXIS2_PLACEMENT_3D('',#13137,#13138,#13139);
#13141=PLANE('',#13140);
#13142=ORIENTED_EDGE('',*,*,#10687,.F.);
#13143=ORIENTED_EDGE('',*,*,#10548,.T.);
#13145=ORIENTED_EDGE('',*,*,#13144,.F.);
#13146=ORIENTED_EDGE('',*,*,#10992,.T.);
#13147=ORIENTED_EDGE('',*,*,#11073,.T.);
#13148=EDGE_LOOP('',(#13142,#13143,#13145,#13146,#13147));
#13149=FACE_OUTER_BOUND('',#13148,.F.);
#13150=ADVANCED_FACE('',(#13149),#13141,.T.);
#13151=CARTESIAN_POINT('',(-5.E0,-4.225E0,3.725E0));
#13152=DIRECTION('',(0.E0,1.E0,0.E0));
#13153=DIRECTION('',(0.E0,0.E0,-1.E0));
#13154=AXIS2_PLACEMENT_3D('',#13151,#13152,#13153);
#13155=PLANE('',#13154);
#13156=ORIENTED_EDGE('',*,*,#13144,.T.);
#13157=ORIENTED_EDGE('',*,*,#10546,.T.);
#13159=ORIENTED_EDGE('',*,*,#13158,.T.);
#13160=ORIENTED_EDGE('',*,*,#10994,.F.);
#13161=EDGE_LOOP('',(#13156,#13157,#13159,#13160));
#13162=FACE_OUTER_BOUND('',#13161,.F.);
#13163=ADVANCED_FACE('',(#13162),#13155,.F.);
#13164=CARTESIAN_POINT('',(-5.E0,-4.225E0,3.725E0));
#13165=DIRECTION('',(0.E0,1.E0,0.E0));
#13166=DIRECTION('',(0.E0,0.E0,-1.E0));
#13167=AXIS2_PLACEMENT_3D('',#13164,#13165,#13166);
#13168=PLANE('',#13167);
#13170=ORIENTED_EDGE('',*,*,#13169,.T.);
#13171=ORIENTED_EDGE('',*,*,#11045,.F.);
#13173=ORIENTED_EDGE('',*,*,#13172,.F.);
#13174=ORIENTED_EDGE('',*,*,#10464,.T.);
#13175=EDGE_LOOP('',(#13170,#13171,#13173,#13174));
#13176=FACE_OUTER_BOUND('',#13175,.F.);
#13177=ADVANCED_FACE('',(#13176),#13168,.F.);
#13178=CARTESIAN_POINT('',(-5.E0,-4.225E0,-2.175E0));
#13179=DIRECTION('',(0.E0,6.726727939963E-1,7.399400733959E-1));
#13180=DIRECTION('',(0.E0,7.399400733959E-1,-6.726727939963E-1));
#13181=AXIS2_PLACEMENT_3D('',#13178,#13179,#13180);
#13182=PLANE('',#13181);
#13183=ORIENTED_EDGE('',*,*,#13158,.F.);
#13184=ORIENTED_EDGE('',*,*,#10544,.T.);
#13186=ORIENTED_EDGE('',*,*,#13185,.T.);
#13187=ORIENTED_EDGE('',*,*,#10996,.F.);
#13188=EDGE_LOOP('',(#13183,#13184,#13186,#13187));
#13189=FACE_OUTER_BOUND('',#13188,.F.);
#13190=ADVANCED_FACE('',(#13189),#13182,.F.);
#13191=CARTESIAN_POINT('',(-5.E0,-4.115E0,-2.275E0));
#13192=DIRECTION('',(0.E0,0.E0,1.E0));
#13193=DIRECTION('',(0.E0,1.E0,0.E0));
#13194=AXIS2_PLACEMENT_3D('',#13191,#13192,#13193);
#13195=PLANE('',#13194);
#13196=ORIENTED_EDGE('',*,*,#13185,.F.);
#13197=ORIENTED_EDGE('',*,*,#10542,.T.);
#13199=ORIENTED_EDGE('',*,*,#13198,.T.);
#13200=ORIENTED_EDGE('',*,*,#10998,.F.);
#13201=EDGE_LOOP('',(#13196,#13197,#13199,#13200));
#13202=FACE_OUTER_BOUND('',#13201,.F.);
#13203=ADVANCED_FACE('',(#13202),#13195,.F.);
#13204=CARTESIAN_POINT('',(-5.E0,-3.565E0,-2.275E0));
#13205=DIRECTION('',(0.E0,-7.071067811865E-1,7.071067811865E-1));
#13206=DIRECTION('',(0.E0,7.071067811865E-1,7.071067811865E-1));
#13207=AXIS2_PLACEMENT_3D('',#13204,#13205,#13206);
#13208=PLANE('',#13207);
#13209=ORIENTED_EDGE('',*,*,#13198,.F.);
#13210=ORIENTED_EDGE('',*,*,#10540,.T.);
#13212=ORIENTED_EDGE('',*,*,#13211,.T.);
#13213=ORIENTED_EDGE('',*,*,#11000,.F.);
#13214=EDGE_LOOP('',(#13209,#13210,#13212,#13213));
#13215=FACE_OUTER_BOUND('',#13214,.F.);
#13216=ADVANCED_FACE('',(#13215),#13208,.F.);
#13217=CARTESIAN_POINT('',(-5.E0,-3.465E0,-2.175E0));
#13218=DIRECTION('',(0.E0,-1.E0,0.E0));
#13219=DIRECTION('',(0.E0,0.E0,1.E0));
#13220=AXIS2_PLACEMENT_3D('',#13217,#13218,#13219);
#13221=PLANE('',#13220);
#13222=ORIENTED_EDGE('',*,*,#10538,.T.);
#13224=ORIENTED_EDGE('',*,*,#13223,.T.);
#13225=ORIENTED_EDGE('',*,*,#11002,.F.);
#13226=ORIENTED_EDGE('',*,*,#13211,.F.);
#13227=EDGE_LOOP('',(#13222,#13224,#13225,#13226));
#13228=FACE_OUTER_BOUND('',#13227,.F.);
#13229=ADVANCED_FACE('',(#13228),#13221,.F.);
#13230=CARTESIAN_POINT('',(-5.E0,-3.465E0,-1.875E0));
#13231=DIRECTION('',(0.E0,-8.843847528470E-1,4.667586195581E-1));
#13232=DIRECTION('',(0.E0,4.667586195581E-1,8.843847528470E-1));
#13233=AXIS2_PLACEMENT_3D('',#13230,#13231,#13232);
#13234=PLANE('',#13233);
#13235=ORIENTED_EDGE('',*,*,#10536,.T.);
#13237=ORIENTED_EDGE('',*,*,#13236,.T.);
#13238=ORIENTED_EDGE('',*,*,#11004,.F.);
#13239=ORIENTED_EDGE('',*,*,#13223,.F.);
#13240=EDGE_LOOP('',(#13235,#13237,#13238,#13239));
#13241=FACE_OUTER_BOUND('',#13240,.F.);
#13242=ADVANCED_FACE('',(#13241),#13234,.F.);
#13243=CARTESIAN_POINT('',(-5.E0,-3.275E0,-1.515E0));
#13244=DIRECTION('',(0.E0,-1.E0,0.E0));
#13245=DIRECTION('',(0.E0,0.E0,1.E0));
#13246=AXIS2_PLACEMENT_3D('',#13243,#13244,#13245);
#13247=PLANE('',#13246);
#13249=ORIENTED_EDGE('',*,*,#13248,.T.);
#13250=ORIENTED_EDGE('',*,*,#11006,.F.);
#13251=ORIENTED_EDGE('',*,*,#13236,.F.);
#13252=ORIENTED_EDGE('',*,*,#10534,.T.);
#13253=EDGE_LOOP('',(#13249,#13250,#13251,#13252));
#13254=FACE_OUTER_BOUND('',#13253,.F.);
#13255=ADVANCED_FACE('',(#13254),#13247,.F.);
#13256=CARTESIAN_POINT('',(-5.E0,-3.275E0,8.75E-1));
#13257=DIRECTION('',(0.E0,0.E0,1.E0));
#13258=DIRECTION('',(0.E0,1.E0,0.E0));
#13259=AXIS2_PLACEMENT_3D('',#13256,#13257,#13258);
#13260=PLANE('',#13259);
#13261=ORIENTED_EDGE('',*,*,#13248,.F.);
#13262=ORIENTED_EDGE('',*,*,#10532,.T.);
#13264=ORIENTED_EDGE('',*,*,#13263,.T.);
#13265=ORIENTED_EDGE('',*,*,#11008,.F.);
#13266=EDGE_LOOP('',(#13261,#13262,#13264,#13265));
#13267=FACE_OUTER_BOUND('',#13266,.F.);
#13268=ADVANCED_FACE('',(#13267),#13260,.F.);
#13269=CARTESIAN_POINT('',(-5.E0,-1.125E0,8.75E-1));
#13270=DIRECTION('',(0.E0,1.E0,0.E0));
#13271=DIRECTION('',(0.E0,0.E0,-1.E0));
#13272=AXIS2_PLACEMENT_3D('',#13269,#13270,#13271);
#13273=PLANE('',#13272);
#13274=ORIENTED_EDGE('',*,*,#10965,.F.);
#13276=ORIENTED_EDGE('',*,*,#13275,.T.);
#13278=ORIENTED_EDGE('',*,*,#13277,.T.);
#13279=ORIENTED_EDGE('',*,*,#11013,.F.);
#13280=EDGE_LOOP('',(#13274,#13276,#13278,#13279));
#13281=FACE_OUTER_BOUND('',#13280,.F.);
#13282=ADVANCED_FACE('',(#13281),#13273,.F.);
#13283=CARTESIAN_POINT('',(-5.E0,-1.125E0,8.75E-1));
#13284=DIRECTION('',(0.E0,1.E0,0.E0));
#13285=DIRECTION('',(0.E0,0.E0,-1.E0));
#13286=AXIS2_PLACEMENT_3D('',#13283,#13284,#13285);
#13287=PLANE('',#13286);
#13288=ORIENTED_EDGE('',*,*,#11010,.F.);
#13289=ORIENTED_EDGE('',*,*,#13263,.F.);
#13290=ORIENTED_EDGE('',*,*,#10530,.T.);
#13292=ORIENTED_EDGE('',*,*,#13291,.T.);
#13293=EDGE_LOOP('',(#13288,#13289,#13290,#13292));
#13294=FACE_OUTER_BOUND('',#13293,.F.);
#13295=ADVANCED_FACE('',(#13294),#13287,.F.);
#13296=CARTESIAN_POINT('',(-5.E0,0.E0,-4.375E0));
#13297=DIRECTION('',(1.E0,0.E0,0.E0));
#13298=DIRECTION('',(0.E0,0.E0,-1.E0));
#13299=AXIS2_PLACEMENT_3D('',#13296,#13297,#13298);
#13300=PLANE('',#13299);
#13301=ORIENTED_EDGE('',*,*,#10963,.F.);
#13303=ORIENTED_EDGE('',*,*,#13302,.F.);
#13305=ORIENTED_EDGE('',*,*,#13304,.F.);
#13307=ORIENTED_EDGE('',*,*,#13306,.F.);
#13309=ORIENTED_EDGE('',*,*,#13308,.F.);
#13310=ORIENTED_EDGE('',*,*,#13275,.F.);
#13311=EDGE_LOOP('',(#13301,#13303,#13305,#13307,#13309,#13310));
#13312=FACE_OUTER_BOUND('',#13311,.F.);
#13313=ADVANCED_FACE('',(#13312),#13300,.T.);
#13314=CARTESIAN_POINT('',(-5.E0,3.175E0,-4.025E0));
#13315=DIRECTION('',(0.E0,-1.E0,0.E0));
#13316=DIRECTION('',(0.E0,0.E0,1.E0));
#13317=AXIS2_PLACEMENT_3D('',#13314,#13315,#13316);
#13318=PLANE('',#13317);
#13319=ORIENTED_EDGE('',*,*,#13302,.T.);
#13320=ORIENTED_EDGE('',*,*,#10488,.T.);
#13322=ORIENTED_EDGE('',*,*,#13321,.T.);
#13323=ORIENTED_EDGE('',*,*,#11021,.F.);
#13325=ORIENTED_EDGE('',*,*,#13324,.F.);
#13326=EDGE_LOOP('',(#13319,#13320,#13322,#13323,#13325));
#13327=FACE_OUTER_BOUND('',#13326,.F.);
#13328=ADVANCED_FACE('',(#13327),#13318,.F.);
#13329=CARTESIAN_POINT('',(-5.E0,3.175E0,1.35E-1));
#13330=DIRECTION('',(0.E0,-7.071067811865E-1,7.071067811865E-1));
#13331=DIRECTION('',(0.E0,7.071067811865E-1,7.071067811865E-1));
#13332=AXIS2_PLACEMENT_3D('',#13329,#13330,#13331);
#13333=PLANE('',#13332);
#13334=ORIENTED_EDGE('',*,*,#13321,.F.);
#13335=ORIENTED_EDGE('',*,*,#10486,.T.);
#13337=ORIENTED_EDGE('',*,*,#13336,.T.);
#13338=ORIENTED_EDGE('',*,*,#11023,.F.);
#13339=EDGE_LOOP('',(#13334,#13335,#13337,#13338));
#13340=FACE_OUTER_BOUND('',#13339,.F.);
#13341=ADVANCED_FACE('',(#13340),#13333,.F.);
#13342=CARTESIAN_POINT('',(-5.E0,3.315E0,2.75E-1));
#13343=DIRECTION('',(0.E0,-1.E0,0.E0));
#13344=DIRECTION('',(0.E0,0.E0,1.E0));
#13345=AXIS2_PLACEMENT_3D('',#13342,#13343,#13344);
#13346=PLANE('',#13345);
#13347=ORIENTED_EDGE('',*,*,#13336,.F.);
#13348=ORIENTED_EDGE('',*,*,#10484,.T.);
#13350=ORIENTED_EDGE('',*,*,#13349,.T.);
#13351=ORIENTED_EDGE('',*,*,#11025,.F.);
#13352=EDGE_LOOP('',(#13347,#13348,#13350,#13351));
#13353=FACE_OUTER_BOUND('',#13352,.F.);
#13354=ADVANCED_FACE('',(#13353),#13346,.F.);
#13355=CARTESIAN_POINT('',(-5.E0,3.315E0,8.75E-1));
#13356=DIRECTION('',(0.E0,0.E0,1.E0));
#13357=DIRECTION('',(0.E0,1.E0,0.E0));
#13358=AXIS2_PLACEMENT_3D('',#13355,#13356,#13357);
#13359=PLANE('',#13358);
#13360=ORIENTED_EDGE('',*,*,#13349,.F.);
#13361=ORIENTED_EDGE('',*,*,#10482,.T.);
#13363=ORIENTED_EDGE('',*,*,#13362,.T.);
#13364=ORIENTED_EDGE('',*,*,#11027,.F.);
#13365=EDGE_LOOP('',(#13360,#13361,#13363,#13364));
#13366=FACE_OUTER_BOUND('',#13365,.F.);
#13367=ADVANCED_FACE('',(#13366),#13359,.F.);
#13368=CARTESIAN_POINT('',(-5.E0,3.775E0,8.75E-1));
#13369=DIRECTION('',(0.E0,-1.E0,0.E0));
#13370=DIRECTION('',(0.E0,0.E0,1.E0));
#13371=AXIS2_PLACEMENT_3D('',#13368,#13369,#13370);
#13372=PLANE('',#13371);
#13373=ORIENTED_EDGE('',*,*,#13362,.F.);
#13374=ORIENTED_EDGE('',*,*,#10480,.T.);
#13376=ORIENTED_EDGE('',*,*,#13375,.T.);
#13377=ORIENTED_EDGE('',*,*,#11029,.F.);
#13378=EDGE_LOOP('',(#13373,#13374,#13376,#13377));
#13379=FACE_OUTER_BOUND('',#13378,.F.);
#13380=ADVANCED_FACE('',(#13379),#13372,.F.);
#13381=CARTESIAN_POINT('',(-5.E0,3.775E0,2.385E0));
#13382=DIRECTION('',(0.E0,-8.944271909999E-1,-4.472135955E-1));
#13383=DIRECTION('',(0.E0,-4.472135955E-1,8.944271909999E-1));
#13384=AXIS2_PLACEMENT_3D('',#13381,#13382,#13383);
#13385=PLANE('',#13384);
#13386=ORIENTED_EDGE('',*,*,#13375,.F.);
#13387=ORIENTED_EDGE('',*,*,#10478,.T.);
#13389=ORIENTED_EDGE('',*,*,#13388,.T.);
#13390=ORIENTED_EDGE('',*,*,#11031,.F.);
#13391=EDGE_LOOP('',(#13386,#13387,#13389,#13390));
#13392=FACE_OUTER_BOUND('',#13391,.F.);
#13393=ADVANCED_FACE('',(#13392),#13385,.F.);
#13394=CARTESIAN_POINT('',(-5.E0,3.555E0,2.825E0));
#13395=DIRECTION('',(0.E0,-1.E0,0.E0));
#13396=DIRECTION('',(0.E0,0.E0,1.E0));
#13397=AXIS2_PLACEMENT_3D('',#13394,#13395,#13396);
#13398=PLANE('',#13397);
#13399=ORIENTED_EDGE('',*,*,#13388,.F.);
#13400=ORIENTED_EDGE('',*,*,#10476,.T.);
#13402=ORIENTED_EDGE('',*,*,#13401,.T.);
#13403=ORIENTED_EDGE('',*,*,#11033,.F.);
#13404=EDGE_LOOP('',(#13399,#13400,#13402,#13403));
#13405=FACE_OUTER_BOUND('',#13404,.F.);
#13406=ADVANCED_FACE('',(#13405),#13398,.F.);
#13407=CARTESIAN_POINT('',(-5.E0,3.555E0,3.225E0));
#13408=DIRECTION('',(0.E0,-7.071067811865E-1,-7.071067811865E-1));
#13409=DIRECTION('',(0.E0,-7.071067811865E-1,7.071067811865E-1));
#13410=AXIS2_PLACEMENT_3D('',#13407,#13408,#13409);
#13411=PLANE('',#13410);
#13412=ORIENTED_EDGE('',*,*,#13401,.F.);
#13413=ORIENTED_EDGE('',*,*,#10474,.T.);
#13415=ORIENTED_EDGE('',*,*,#13414,.T.);
#13416=ORIENTED_EDGE('',*,*,#11035,.F.);
#13417=EDGE_LOOP('',(#13412,#13413,#13415,#13416));
#13418=FACE_OUTER_BOUND('',#13417,.F.);
#13419=ADVANCED_FACE('',(#13418),#13411,.F.);
#13420=CARTESIAN_POINT('',(-5.E0,3.405E0,3.375E0));
#13421=DIRECTION('',(0.E0,0.E0,-1.E0));
#13422=DIRECTION('',(0.E0,-1.E0,0.E0));
#13423=AXIS2_PLACEMENT_3D('',#13420,#13421,#13422);
#13424=PLANE('',#13423);
#13426=ORIENTED_EDGE('',*,*,#13425,.T.);
#13427=ORIENTED_EDGE('',*,*,#11037,.F.);
#13428=ORIENTED_EDGE('',*,*,#13414,.F.);
#13429=ORIENTED_EDGE('',*,*,#10472,.T.);
#13430=EDGE_LOOP('',(#13426,#13427,#13428,#13429));
#13431=FACE_OUTER_BOUND('',#13430,.F.);
#13432=ADVANCED_FACE('',(#13431),#13424,.F.);
#13433=CARTESIAN_POINT('',(-5.E0,-3.275E0,3.475E0));
#13434=DIRECTION('',(1.E0,0.E0,0.E0));
#13435=DIRECTION('',(0.E0,0.E0,-1.E0));
#13436=AXIS2_PLACEMENT_3D('',#13433,#13434,#13435);
#13437=CYLINDRICAL_SURFACE('',#13436,1.E-1);
#13438=ORIENTED_EDGE('',*,*,#13425,.F.);
#13439=ORIENTED_EDGE('',*,*,#10470,.F.);
#13441=ORIENTED_EDGE('',*,*,#13440,.T.);
#13442=ORIENTED_EDGE('',*,*,#11039,.F.);
#13443=EDGE_LOOP('',(#13438,#13439,#13441,#13442));
#13444=FACE_OUTER_BOUND('',#13443,.F.);
#13445=ADVANCED_FACE('',(#13444),#13437,.F.);
#13446=CARTESIAN_POINT('',(-5.E0,-3.375E0,3.475E0));
#13447=DIRECTION('',(0.E0,-1.E0,0.E0));
#13448=DIRECTION('',(0.E0,0.E0,1.E0));
#13449=AXIS2_PLACEMENT_3D('',#13446,#13447,#13448);
#13450=PLANE('',#13449);
#13451=ORIENTED_EDGE('',*,*,#13440,.F.);
#13452=ORIENTED_EDGE('',*,*,#10468,.T.);
#13454=ORIENTED_EDGE('',*,*,#13453,.T.);
#13455=ORIENTED_EDGE('',*,*,#11041,.F.);
#13456=EDGE_LOOP('',(#13451,#13452,#13454,#13455));
#13457=FACE_OUTER_BOUND('',#13456,.F.);
#13458=ADVANCED_FACE('',(#13457),#13450,.F.);
#13459=CARTESIAN_POINT('',(-5.E0,-3.375E0,3.725E0));
#13460=DIRECTION('',(0.E0,0.E0,-1.E0));
#13461=DIRECTION('',(0.E0,-1.E0,0.E0));
#13462=AXIS2_PLACEMENT_3D('',#13459,#13460,#13461);
#13463=PLANE('',#13462);
#13464=ORIENTED_EDGE('',*,*,#13453,.F.);
#13465=ORIENTED_EDGE('',*,*,#10466,.T.);
#13466=ORIENTED_EDGE('',*,*,#13172,.T.);
#13467=ORIENTED_EDGE('',*,*,#11043,.F.);
#13468=EDGE_LOOP('',(#13464,#13465,#13466,#13467));
#13469=FACE_OUTER_BOUND('',#13468,.F.);
#13470=ADVANCED_FACE('',(#13469),#13463,.F.);
#13471=CARTESIAN_POINT('',(-5.E0,3.025E0,-4.425E0));
#13472=DIRECTION('',(0.E0,-9.363291775690E-1,3.511234415884E-1));
#13473=DIRECTION('',(0.E0,3.511234415884E-1,9.363291775690E-1));
#13474=AXIS2_PLACEMENT_3D('',#13471,#13472,#13473);
#13475=PLANE('',#13474);
#13476=ORIENTED_EDGE('',*,*,#13304,.T.);
#13477=ORIENTED_EDGE('',*,*,#13324,.T.);
#13478=ORIENTED_EDGE('',*,*,#11019,.F.);
#13480=ORIENTED_EDGE('',*,*,#13479,.F.);
#13481=EDGE_LOOP('',(#13476,#13477,#13478,#13480));
#13482=FACE_OUTER_BOUND('',#13481,.F.);
#13483=ADVANCED_FACE('',(#13482),#13475,.F.);
#13484=CARTESIAN_POINT('',(-5.E0,-9.75E-1,-4.425E0));
#13485=DIRECTION('',(0.E0,0.E0,1.E0));
#13486=DIRECTION('',(0.E0,1.E0,0.E0));
#13487=AXIS2_PLACEMENT_3D('',#13484,#13485,#13486);
#13488=PLANE('',#13487);
#13489=ORIENTED_EDGE('',*,*,#13306,.T.);
#13490=ORIENTED_EDGE('',*,*,#13479,.T.);
#13491=ORIENTED_EDGE('',*,*,#11017,.F.);
#13493=ORIENTED_EDGE('',*,*,#13492,.F.);
#13494=EDGE_LOOP('',(#13489,#13490,#13491,#13493));
#13495=FACE_OUTER_BOUND('',#13494,.F.);
#13496=ADVANCED_FACE('',(#13495),#13488,.F.);
#13497=CARTESIAN_POINT('',(-5.E0,-1.125E0,-4.025E0));
#13498=DIRECTION('',(0.E0,9.363291775690E-1,3.511234415884E-1));
#13499=DIRECTION('',(0.E0,3.511234415884E-1,-9.363291775690E-1));
#13500=AXIS2_PLACEMENT_3D('',#13497,#13498,#13499);
#13501=PLANE('',#13500);
#13502=ORIENTED_EDGE('',*,*,#13308,.T.);
#13503=ORIENTED_EDGE('',*,*,#13492,.T.);
#13504=ORIENTED_EDGE('',*,*,#11015,.F.);
#13505=ORIENTED_EDGE('',*,*,#13277,.F.);
#13506=EDGE_LOOP('',(#13502,#13503,#13504,#13505));
#13507=FACE_OUTER_BOUND('',#13506,.F.);
#13508=ADVANCED_FACE('',(#13507),#13501,.F.);
#13509=CARTESIAN_POINT('',(-5.E0,-1.475E0,8.25E-1));
#13510=DIRECTION('',(0.E0,7.071067811865E-1,7.071067811865E-1));
#13511=DIRECTION('',(0.E0,7.071067811865E-1,-7.071067811865E-1));
#13512=AXIS2_PLACEMENT_3D('',#13509,#13510,#13511);
#13513=PLANE('',#13512);
#13514=ORIENTED_EDGE('',*,*,#13291,.F.);
#13515=ORIENTED_EDGE('',*,*,#10528,.F.);
#13517=ORIENTED_EDGE('',*,*,#13516,.T.);
#13519=ORIENTED_EDGE('',*,*,#13518,.T.);
#13520=ORIENTED_EDGE('',*,*,#10977,.F.);
#13521=EDGE_LOOP('',(#13514,#13515,#13517,#13519,#13520));
#13522=FACE_OUTER_BOUND('',#13521,.F.);
#13523=ADVANCED_FACE('',(#13522),#13513,.T.);
#13524=CARTESIAN_POINT('',(-5.9E0,-3.455E0,8.25E-1));
#13525=DIRECTION('',(0.E0,0.E0,1.E0));
#13526=DIRECTION('',(0.E0,1.E0,0.E0));
#13527=AXIS2_PLACEMENT_3D('',#13524,#13525,#13526);
#13528=PLANE('',#13527);
#13530=ORIENTED_EDGE('',*,*,#13529,.F.);
#13532=ORIENTED_EDGE('',*,*,#13531,.F.);
#13533=ORIENTED_EDGE('',*,*,#10763,.F.);
#13534=ORIENTED_EDGE('',*,*,#9787,.T.);
#13535=ORIENTED_EDGE('',*,*,#10500,.F.);
#13537=ORIENTED_EDGE('',*,*,#13536,.T.);
#13539=ORIENTED_EDGE('',*,*,#13538,.F.);
#13540=ORIENTED_EDGE('',*,*,#13516,.F.);
#13541=ORIENTED_EDGE('',*,*,#10526,.F.);
#13543=ORIENTED_EDGE('',*,*,#13542,.T.);
#13544=EDGE_LOOP('',(#13530,#13532,#13533,#13534,#13535,#13537,#13539,#13540,
#13541,#13543));
#13545=FACE_OUTER_BOUND('',#13544,.F.);
#13546=ADVANCED_FACE('',(#13545),#13528,.T.);
#13547=CARTESIAN_POINT('',(-5.45E0,0.E0,-4.375E0));
#13548=DIRECTION('',(1.E0,0.E0,0.E0));
#13549=DIRECTION('',(0.E0,0.E0,-1.E0));
#13550=AXIS2_PLACEMENT_3D('',#13547,#13548,#13549);
#13551=PLANE('',#13550);
#13553=ORIENTED_EDGE('',*,*,#13552,.F.);
#13555=ORIENTED_EDGE('',*,*,#13554,.T.);
#13557=ORIENTED_EDGE('',*,*,#13556,.T.);
#13559=ORIENTED_EDGE('',*,*,#13558,.T.);
#13561=ORIENTED_EDGE('',*,*,#13560,.T.);
#13563=ORIENTED_EDGE('',*,*,#13562,.T.);
#13564=ORIENTED_EDGE('',*,*,#13529,.T.);
#13566=ORIENTED_EDGE('',*,*,#13565,.F.);
#13568=ORIENTED_EDGE('',*,*,#13567,.F.);
#13569=EDGE_LOOP('',(#13553,#13555,#13557,#13559,#13561,#13563,#13564,#13566,
#13568));
#13570=FACE_OUTER_BOUND('',#13569,.F.);
#13571=ADVANCED_FACE('',(#13570),#13551,.T.);
#13572=CARTESIAN_POINT('',(-5.45E0,0.E0,-4.375E0));
#13573=DIRECTION('',(1.E0,0.E0,0.E0));
#13574=DIRECTION('',(0.E0,0.E0,-1.E0));
#13575=AXIS2_PLACEMENT_3D('',#13572,#13573,#13574);
#13576=PLANE('',#13575);
#13577=ORIENTED_EDGE('',*,*,#13518,.F.);
#13578=ORIENTED_EDGE('',*,*,#13538,.T.);
#13580=ORIENTED_EDGE('',*,*,#13579,.F.);
#13582=ORIENTED_EDGE('',*,*,#13581,.F.);
#13584=ORIENTED_EDGE('',*,*,#13583,.F.);
#13586=ORIENTED_EDGE('',*,*,#13585,.F.);
#13587=ORIENTED_EDGE('',*,*,#10958,.T.);
#13588=ORIENTED_EDGE('',*,*,#10979,.F.);
#13589=EDGE_LOOP('',(#13577,#13578,#13580,#13582,#13584,#13586,#13587,#13588));
#13590=FACE_OUTER_BOUND('',#13589,.F.);
#13591=ADVANCED_FACE('',(#13590),#13576,.T.);
#13592=CARTESIAN_POINT('',(-5.9E0,-4.575E0,-2.875E0));
#13593=DIRECTION('',(0.E0,0.E0,1.E0));
#13594=DIRECTION('',(0.E0,1.E0,0.E0));
#13595=AXIS2_PLACEMENT_3D('',#13592,#13593,#13594);
#13596=PLANE('',#13595);
#13597=ORIENTED_EDGE('',*,*,#10673,.F.);
#13598=ORIENTED_EDGE('',*,*,#10703,.F.);
#13599=ORIENTED_EDGE('',*,*,#10775,.T.);
#13601=ORIENTED_EDGE('',*,*,#13600,.T.);
#13602=ORIENTED_EDGE('',*,*,#13552,.T.);
#13604=ORIENTED_EDGE('',*,*,#13603,.F.);
#13605=ORIENTED_EDGE('',*,*,#10520,.T.);
#13606=EDGE_LOOP('',(#13597,#13598,#13599,#13601,#13602,#13604,#13605));
#13607=FACE_OUTER_BOUND('',#13606,.F.);
#13608=ADVANCED_FACE('',(#13607),#13596,.T.);
#13609=CARTESIAN_POINT('',(-5.9E0,-4.255E0,-2.875E0));
#13610=DIRECTION('',(0.E0,-7.071067811865E-1,7.071067811865E-1));
#13611=DIRECTION('',(0.E0,7.071067811865E-1,7.071067811865E-1));
#13612=AXIS2_PLACEMENT_3D('',#13609,#13610,#13611);
#13613=PLANE('',#13612);
#13614=ORIENTED_EDGE('',*,*,#13554,.F.);
#13615=ORIENTED_EDGE('',*,*,#13600,.F.);
#13616=ORIENTED_EDGE('',*,*,#10773,.T.);
#13618=ORIENTED_EDGE('',*,*,#13617,.T.);
#13619=EDGE_LOOP('',(#13614,#13615,#13616,#13618));
#13620=FACE_OUTER_BOUND('',#13619,.F.);
#13621=ADVANCED_FACE('',(#13620),#13613,.T.);
#13622=CARTESIAN_POINT('',(-5.9E0,-4.055E0,-2.675E0));
#13623=DIRECTION('',(0.E0,-1.E0,0.E0));
#13624=DIRECTION('',(0.E0,0.E0,1.E0));
#13625=AXIS2_PLACEMENT_3D('',#13622,#13623,#13624);
#13626=PLANE('',#13625);
#13627=ORIENTED_EDGE('',*,*,#13556,.F.);
#13628=ORIENTED_EDGE('',*,*,#13617,.F.);
#13629=ORIENTED_EDGE('',*,*,#10771,.T.);
#13631=ORIENTED_EDGE('',*,*,#13630,.T.);
#13632=EDGE_LOOP('',(#13627,#13628,#13629,#13631));
#13633=FACE_OUTER_BOUND('',#13632,.F.);
#13634=ADVANCED_FACE('',(#13633),#13626,.T.);
#13635=CARTESIAN_POINT('',(-5.9E0,-4.055E0,-1.525E0));
#13636=DIRECTION('',(0.E0,-7.071067811865E-1,7.071067811865E-1));
#13637=DIRECTION('',(0.E0,7.071067811865E-1,7.071067811865E-1));
#13638=AXIS2_PLACEMENT_3D('',#13635,#13636,#13637);
#13639=PLANE('',#13638);
#13640=ORIENTED_EDGE('',*,*,#13558,.F.);
#13641=ORIENTED_EDGE('',*,*,#13630,.F.);
#13642=ORIENTED_EDGE('',*,*,#10769,.T.);
#13644=ORIENTED_EDGE('',*,*,#13643,.T.);
#13645=EDGE_LOOP('',(#13640,#13641,#13642,#13644));
#13646=FACE_OUTER_BOUND('',#13645,.F.);
#13647=ADVANCED_FACE('',(#13646),#13639,.T.);
#13648=CARTESIAN_POINT('',(-5.9E0,-3.755E0,-1.225E0));
#13649=DIRECTION('',(0.E0,-1.E0,0.E0));
#13650=DIRECTION('',(0.E0,0.E0,1.E0));
#13651=AXIS2_PLACEMENT_3D('',#13648,#13649,#13650);
#13652=PLANE('',#13651);
#13653=ORIENTED_EDGE('',*,*,#13560,.F.);
#13654=ORIENTED_EDGE('',*,*,#13643,.F.);
#13655=ORIENTED_EDGE('',*,*,#10767,.T.);
#13657=ORIENTED_EDGE('',*,*,#13656,.T.);
#13658=EDGE_LOOP('',(#13653,#13654,#13655,#13657));
#13659=FACE_OUTER_BOUND('',#13658,.F.);
#13660=ADVANCED_FACE('',(#13659),#13652,.T.);
#13661=CARTESIAN_POINT('',(-5.9E0,-3.755E0,5.25E-1));
#13662=DIRECTION('',(0.E0,-7.071067811865E-1,7.071067811865E-1));
#13663=DIRECTION('',(0.E0,7.071067811865E-1,7.071067811865E-1));
#13664=AXIS2_PLACEMENT_3D('',#13661,#13662,#13663);
#13665=PLANE('',#13664);
#13666=ORIENTED_EDGE('',*,*,#13562,.F.);
#13667=ORIENTED_EDGE('',*,*,#13656,.F.);
#13668=ORIENTED_EDGE('',*,*,#10765,.T.);
#13669=ORIENTED_EDGE('',*,*,#13531,.T.);
#13670=EDGE_LOOP('',(#13666,#13667,#13668,#13669));
#13671=FACE_OUTER_BOUND('',#13670,.F.);
#13672=ADVANCED_FACE('',(#13671),#13665,.T.);
#13673=CARTESIAN_POINT('',(-5.E0,-3.175E0,-2.875E0));
#13674=DIRECTION('',(0.E0,-1.E0,0.E0));
#13675=DIRECTION('',(0.E0,0.E0,1.E0));
#13676=AXIS2_PLACEMENT_3D('',#13673,#13674,#13675);
#13677=PLANE('',#13676);
#13678=ORIENTED_EDGE('',*,*,#10522,.F.);
#13679=ORIENTED_EDGE('',*,*,#13603,.T.);
#13680=ORIENTED_EDGE('',*,*,#13567,.T.);
#13682=ORIENTED_EDGE('',*,*,#13681,.F.);
#13683=EDGE_LOOP('',(#13678,#13679,#13680,#13682));
#13684=FACE_OUTER_BOUND('',#13683,.F.);
#13685=ADVANCED_FACE('',(#13684),#13677,.T.);
#13686=CARTESIAN_POINT('',(-5.E0,-3.175E0,2.25E-1));
#13687=DIRECTION('',(0.E0,-7.071067811865E-1,7.071067811865E-1));
#13688=DIRECTION('',(0.E0,7.071067811865E-1,7.071067811865E-1));
#13689=AXIS2_PLACEMENT_3D('',#13686,#13687,#13688);
#13690=PLANE('',#13689);
#13691=ORIENTED_EDGE('',*,*,#10524,.F.);
#13692=ORIENTED_EDGE('',*,*,#13681,.T.);
#13693=ORIENTED_EDGE('',*,*,#13565,.T.);
#13694=ORIENTED_EDGE('',*,*,#13542,.F.);
#13695=EDGE_LOOP('',(#13691,#13692,#13693,#13694));
#13696=FACE_OUTER_BOUND('',#13695,.F.);
#13697=ADVANCED_FACE('',(#13696),#13690,.T.);
#13698=CARTESIAN_POINT('',(-5.E0,3.355E0,6.25E-1));
#13699=DIRECTION('',(0.E0,-7.071067811865E-1,7.071067811865E-1));
#13700=DIRECTION('',(0.E0,7.071067811865E-1,7.071067811865E-1));
#13701=AXIS2_PLACEMENT_3D('',#13698,#13699,#13700);
#13702=PLANE('',#13701);
#13703=ORIENTED_EDGE('',*,*,#10498,.F.);
#13705=ORIENTED_EDGE('',*,*,#13704,.T.);
#13706=ORIENTED_EDGE('',*,*,#13579,.T.);
#13707=ORIENTED_EDGE('',*,*,#13536,.F.);
#13708=EDGE_LOOP('',(#13703,#13705,#13706,#13707));
#13709=FACE_OUTER_BOUND('',#13708,.F.);
#13710=ADVANCED_FACE('',(#13709),#13702,.T.);
#13711=CARTESIAN_POINT('',(-5.E0,3.355E0,-2.45E-1));
#13712=DIRECTION('',(0.E0,-1.E0,0.E0));
#13713=DIRECTION('',(0.E0,0.E0,1.E0));
#13714=AXIS2_PLACEMENT_3D('',#13711,#13712,#13713);
#13715=PLANE('',#13714);
#13716=ORIENTED_EDGE('',*,*,#10496,.F.);
#13718=ORIENTED_EDGE('',*,*,#13717,.T.);
#13719=ORIENTED_EDGE('',*,*,#13581,.T.);
#13720=ORIENTED_EDGE('',*,*,#13704,.F.);
#13721=EDGE_LOOP('',(#13716,#13718,#13719,#13720));
#13722=FACE_OUTER_BOUND('',#13721,.F.);
#13723=ADVANCED_FACE('',(#13722),#13715,.T.);
#13724=CARTESIAN_POINT('',(-5.E0,3.205E0,-3.95E-1));
#13725=DIRECTION('',(0.E0,-7.071067811865E-1,7.071067811865E-1));
#13726=DIRECTION('',(0.E0,7.071067811865E-1,7.071067811865E-1));
#13727=AXIS2_PLACEMENT_3D('',#13724,#13725,#13726);
#13728=PLANE('',#13727);
#13729=ORIENTED_EDGE('',*,*,#10494,.F.);
#13731=ORIENTED_EDGE('',*,*,#13730,.T.);
#13732=ORIENTED_EDGE('',*,*,#13583,.T.);
#13733=ORIENTED_EDGE('',*,*,#13717,.F.);
#13734=EDGE_LOOP('',(#13729,#13731,#13732,#13733));
#13735=FACE_OUTER_BOUND('',#13734,.F.);
#13736=ADVANCED_FACE('',(#13735),#13728,.T.);
#13737=CARTESIAN_POINT('',(-5.E0,3.205E0,-3.125E0));
#13738=DIRECTION('',(0.E0,-1.E0,0.E0));
#13739=DIRECTION('',(0.E0,0.E0,1.E0));
#13740=AXIS2_PLACEMENT_3D('',#13737,#13738,#13739);
#13741=PLANE('',#13740);
#13742=ORIENTED_EDGE('',*,*,#10492,.F.);
#13743=ORIENTED_EDGE('',*,*,#10960,.T.);
#13744=ORIENTED_EDGE('',*,*,#13585,.T.);
#13745=ORIENTED_EDGE('',*,*,#13730,.F.);
#13746=EDGE_LOOP('',(#13742,#13743,#13744,#13745));
#13747=FACE_OUTER_BOUND('',#13746,.F.);
#13748=ADVANCED_FACE('',(#13747),#13741,.T.);
#13749=CARTESIAN_POINT('',(-5.2E0,-4.425E0,2.775E0));
#13750=DIRECTION('',(0.E0,-4.472135955E-1,8.944271909999E-1));
#13751=DIRECTION('',(-1.E0,0.E0,0.E0));
#13752=AXIS2_PLACEMENT_3D('',#13749,#13750,#13751);
#13753=PLANE('',#13752);
#13754=ORIENTED_EDGE('',*,*,#10684,.F.);
#13755=ORIENTED_EDGE('',*,*,#11076,.T.);
#13756=ORIENTED_EDGE('',*,*,#11047,.T.);
#13757=ORIENTED_EDGE('',*,*,#13169,.F.);
#13758=ORIENTED_EDGE('',*,*,#10462,.T.);
#13759=EDGE_LOOP('',(#13754,#13755,#13756,#13757,#13758));
#13760=FACE_OUTER_BOUND('',#13759,.F.);
#13761=ADVANCED_FACE('',(#13760),#13753,.T.);
#13762=CARTESIAN_POINT('',(4.075E0,-6.65E-1,-4.125E0));
#13763=DIRECTION('',(1.E0,0.E0,0.E0));
#13764=DIRECTION('',(0.E0,-1.E0,0.E0));
#13765=AXIS2_PLACEMENT_3D('',#13762,#13763,#13764);
#13766=PLANE('',#13765);
#13767=ORIENTED_EDGE('',*,*,#10653,.T.);
#13768=ORIENTED_EDGE('',*,*,#10608,.T.);
#13770=ORIENTED_EDGE('',*,*,#13769,.T.);
#13772=ORIENTED_EDGE('',*,*,#13771,.T.);
#13773=EDGE_LOOP('',(#13767,#13768,#13770,#13772));
#13774=FACE_OUTER_BOUND('',#13773,.F.);
#13775=ADVANCED_FACE('',(#13774),#13766,.F.);
#13776=CARTESIAN_POINT('',(-4.075E0,-6.65E-1,-4.125E0));
#13777=DIRECTION('',(0.E0,1.E0,0.E0));
#13778=DIRECTION('',(1.E0,0.E0,0.E0));
#13779=AXIS2_PLACEMENT_3D('',#13776,#13777,#13778);
#13780=PLANE('',#13779);
#13782=ORIENTED_EDGE('',*,*,#13781,.T.);
#13784=ORIENTED_EDGE('',*,*,#13783,.T.);
#13786=ORIENTED_EDGE('',*,*,#13785,.F.);
#13788=ORIENTED_EDGE('',*,*,#13787,.T.);
#13789=ORIENTED_EDGE('',*,*,#13769,.F.);
#13790=ORIENTED_EDGE('',*,*,#10606,.F.);
#13792=ORIENTED_EDGE('',*,*,#13791,.T.);
#13794=ORIENTED_EDGE('',*,*,#13793,.T.);
#13796=ORIENTED_EDGE('',*,*,#13795,.T.);
#13798=ORIENTED_EDGE('',*,*,#13797,.T.);
#13800=ORIENTED_EDGE('',*,*,#13799,.F.);
#13802=ORIENTED_EDGE('',*,*,#13801,.T.);
#13804=ORIENTED_EDGE('',*,*,#13803,.T.);
#13806=ORIENTED_EDGE('',*,*,#13805,.T.);
#13808=ORIENTED_EDGE('',*,*,#13807,.F.);
#13810=ORIENTED_EDGE('',*,*,#13809,.T.);
#13812=ORIENTED_EDGE('',*,*,#13811,.T.);
#13814=ORIENTED_EDGE('',*,*,#13813,.T.);
#13816=ORIENTED_EDGE('',*,*,#13815,.F.);
#13818=ORIENTED_EDGE('',*,*,#13817,.T.);
#13820=ORIENTED_EDGE('',*,*,#13819,.T.);
#13822=ORIENTED_EDGE('',*,*,#13821,.T.);
#13824=ORIENTED_EDGE('',*,*,#13823,.F.);
#13826=ORIENTED_EDGE('',*,*,#13825,.T.);
#13827=EDGE_LOOP('',(#13782,#13784,#13786,#13788,#13789,#13790,#13792,#13794,
#13796,#13798,#13800,#13802,#13804,#13806,#13808,#13810,#13812,#13814,#13816,
#13818,#13820,#13822,#13824,#13826));
#13828=FACE_OUTER_BOUND('',#13827,.F.);
#13829=ADVANCED_FACE('',(#13828),#13780,.F.);
#13830=CARTESIAN_POINT('',(2.875E0,0.E0,0.E0));
#13831=DIRECTION('',(1.E0,0.E0,0.E0));
#13832=DIRECTION('',(0.E0,0.E0,-1.E0));
#13833=AXIS2_PLACEMENT_3D('',#13830,#13831,#13832);
#13834=PLANE('',#13833);
#13836=ORIENTED_EDGE('',*,*,#13835,.T.);
#13838=ORIENTED_EDGE('',*,*,#13837,.T.);
#13840=ORIENTED_EDGE('',*,*,#13839,.T.);
#13842=ORIENTED_EDGE('',*,*,#13841,.T.);
#13844=ORIENTED_EDGE('',*,*,#13843,.T.);
#13846=ORIENTED_EDGE('',*,*,#13845,.T.);
#13848=ORIENTED_EDGE('',*,*,#13847,.T.);
#13850=ORIENTED_EDGE('',*,*,#13849,.T.);
#13851=ORIENTED_EDGE('',*,*,#10111,.F.);
#13853=ORIENTED_EDGE('',*,*,#13852,.T.);
#13854=EDGE_LOOP('',(#13836,#13838,#13840,#13842,#13844,#13846,#13848,#13850,
#13851,#13853));
#13855=FACE_OUTER_BOUND('',#13854,.F.);
#13856=ADVANCED_FACE('',(#13855),#13834,.F.);
#13857=CARTESIAN_POINT('',(2.875E0,0.E0,0.E0));
#13858=DIRECTION('',(1.E0,0.E0,0.E0));
#13859=DIRECTION('',(0.E0,0.E0,-1.E0));
#13860=AXIS2_PLACEMENT_3D('',#13857,#13858,#13859);
#13861=PLANE('',#13860);
#13863=ORIENTED_EDGE('',*,*,#13862,.T.);
#13865=ORIENTED_EDGE('',*,*,#13864,.T.);
#13867=ORIENTED_EDGE('',*,*,#13866,.T.);
#13869=ORIENTED_EDGE('',*,*,#13868,.T.);
#13871=ORIENTED_EDGE('',*,*,#13870,.T.);
#13873=ORIENTED_EDGE('',*,*,#13872,.T.);
#13875=ORIENTED_EDGE('',*,*,#13874,.T.);
#13876=EDGE_LOOP('',(#13863,#13865,#13867,#13869,#13871,#13873,#13875));
#13877=FACE_OUTER_BOUND('',#13876,.F.);
#13878=ADVANCED_FACE('',(#13877),#13861,.F.);
#13879=CARTESIAN_POINT('',(2.875E0,0.E0,0.E0));
#13880=DIRECTION('',(1.E0,0.E0,0.E0));
#13881=DIRECTION('',(0.E0,0.E0,-1.E0));
#13882=AXIS2_PLACEMENT_3D('',#13879,#13880,#13881);
#13883=PLANE('',#13882);
#13885=ORIENTED_EDGE('',*,*,#13884,.T.);
#13887=ORIENTED_EDGE('',*,*,#13886,.T.);
#13889=ORIENTED_EDGE('',*,*,#13888,.T.);
#13891=ORIENTED_EDGE('',*,*,#13890,.T.);
#13893=ORIENTED_EDGE('',*,*,#13892,.T.);
#13895=ORIENTED_EDGE('',*,*,#13894,.T.);
#13897=ORIENTED_EDGE('',*,*,#13896,.T.);
#13899=ORIENTED_EDGE('',*,*,#13898,.T.);
#13901=ORIENTED_EDGE('',*,*,#13900,.F.);
#13903=ORIENTED_EDGE('',*,*,#13902,.T.);
#13904=EDGE_LOOP('',(#13885,#13887,#13889,#13891,#13893,#13895,#13897,#13899,
#13901,#13903));
#13905=FACE_OUTER_BOUND('',#13904,.F.);
#13906=ADVANCED_FACE('',(#13905),#13883,.F.);
#13907=CARTESIAN_POINT('',(2.875E0,0.E0,0.E0));
#13908=DIRECTION('',(1.E0,0.E0,0.E0));
#13909=DIRECTION('',(0.E0,0.E0,-1.E0));
#13910=AXIS2_PLACEMENT_3D('',#13907,#13908,#13909);
#13911=PLANE('',#13910);
#13913=ORIENTED_EDGE('',*,*,#13912,.F.);
#13915=ORIENTED_EDGE('',*,*,#13914,.T.);
#13917=ORIENTED_EDGE('',*,*,#13916,.T.);
#13919=ORIENTED_EDGE('',*,*,#13918,.T.);
#13921=ORIENTED_EDGE('',*,*,#13920,.T.);
#13923=ORIENTED_EDGE('',*,*,#13922,.T.);
#13925=ORIENTED_EDGE('',*,*,#13924,.T.);
#13927=ORIENTED_EDGE('',*,*,#13926,.T.);
#13929=ORIENTED_EDGE('',*,*,#13928,.T.);
#13931=ORIENTED_EDGE('',*,*,#13930,.T.);
#13933=ORIENTED_EDGE('',*,*,#13932,.T.);
#13935=ORIENTED_EDGE('',*,*,#13934,.T.);
#13937=ORIENTED_EDGE('',*,*,#13936,.T.);
#13938=EDGE_LOOP('',(#13913,#13915,#13917,#13919,#13921,#13923,#13925,#13927,
#13929,#13931,#13933,#13935,#13937));
#13939=FACE_OUTER_BOUND('',#13938,.F.);
#13940=ADVANCED_FACE('',(#13939),#13911,.F.);
#13941=CARTESIAN_POINT('',(2.875E0,0.E0,0.E0));
#13942=DIRECTION('',(1.E0,0.E0,0.E0));
#13943=DIRECTION('',(0.E0,0.E0,-1.E0));
#13944=AXIS2_PLACEMENT_3D('',#13941,#13942,#13943);
#13945=PLANE('',#13944);
#13947=ORIENTED_EDGE('',*,*,#13946,.T.);
#13949=ORIENTED_EDGE('',*,*,#13948,.T.);
#13951=ORIENTED_EDGE('',*,*,#13950,.T.);
#13953=ORIENTED_EDGE('',*,*,#13952,.T.);
#13955=ORIENTED_EDGE('',*,*,#13954,.T.);
#13957=ORIENTED_EDGE('',*,*,#13956,.T.);
#13959=ORIENTED_EDGE('',*,*,#13958,.T.);
#13960=EDGE_LOOP('',(#13947,#13949,#13951,#13953,#13955,#13957,#13959));
#13961=FACE_OUTER_BOUND('',#13960,.F.);
#13962=ADVANCED_FACE('',(#13961),#13945,.F.);
#13963=CARTESIAN_POINT('',(2.875E0,0.E0,0.E0));
#13964=DIRECTION('',(1.E0,0.E0,0.E0));
#13965=DIRECTION('',(0.E0,0.E0,-1.E0));
#13966=AXIS2_PLACEMENT_3D('',#13963,#13964,#13965);
#13967=PLANE('',#13966);
#13969=ORIENTED_EDGE('',*,*,#13968,.T.);
#13971=ORIENTED_EDGE('',*,*,#13970,.F.);
#13973=ORIENTED_EDGE('',*,*,#13972,.T.);
#13975=ORIENTED_EDGE('',*,*,#13974,.T.);
#13976=ORIENTED_EDGE('',*,*,#13781,.F.);
#13978=ORIENTED_EDGE('',*,*,#13977,.F.);
#13979=EDGE_LOOP('',(#13969,#13971,#13973,#13975,#13976,#13978));
#13980=FACE_OUTER_BOUND('',#13979,.F.);
#13981=ADVANCED_FACE('',(#13980),#13967,.F.);
#13982=CARTESIAN_POINT('',(-4.45E0,-3.465E0,-9.75E-1));
#13983=DIRECTION('',(0.E0,0.E0,-1.E0));
#13984=DIRECTION('',(0.E0,1.E0,0.E0));
#13985=AXIS2_PLACEMENT_3D('',#13982,#13983,#13984);
#13986=PLANE('',#13985);
#13987=ORIENTED_EDGE('',*,*,#13835,.F.);
#13989=ORIENTED_EDGE('',*,*,#13988,.T.);
#13991=ORIENTED_EDGE('',*,*,#13990,.T.);
#13993=ORIENTED_EDGE('',*,*,#13992,.F.);
#13995=ORIENTED_EDGE('',*,*,#13994,.F.);
#13997=ORIENTED_EDGE('',*,*,#13996,.T.);
#13999=ORIENTED_EDGE('',*,*,#13998,.T.);
#14001=ORIENTED_EDGE('',*,*,#14000,.F.);
#14003=ORIENTED_EDGE('',*,*,#14002,.F.);
#14005=ORIENTED_EDGE('',*,*,#14004,.T.);
#14007=ORIENTED_EDGE('',*,*,#14006,.T.);
#14009=ORIENTED_EDGE('',*,*,#14008,.F.);
#14011=ORIENTED_EDGE('',*,*,#14010,.F.);
#14013=ORIENTED_EDGE('',*,*,#14012,.T.);
#14015=ORIENTED_EDGE('',*,*,#14014,.T.);
#14017=ORIENTED_EDGE('',*,*,#14016,.F.);
#14019=ORIENTED_EDGE('',*,*,#14018,.F.);
#14021=ORIENTED_EDGE('',*,*,#14020,.T.);
#14023=ORIENTED_EDGE('',*,*,#14022,.T.);
#14025=ORIENTED_EDGE('',*,*,#14024,.F.);
#14026=ORIENTED_EDGE('',*,*,#9992,.F.);
#14028=ORIENTED_EDGE('',*,*,#14027,.T.);
#14030=ORIENTED_EDGE('',*,*,#14029,.T.);
#14032=ORIENTED_EDGE('',*,*,#14031,.F.);
#14033=EDGE_LOOP('',(#13987,#13989,#13991,#13993,#13995,#13997,#13999,#14001,
#14003,#14005,#14007,#14009,#14011,#14013,#14015,#14017,#14019,#14021,#14023,
#14025,#14026,#14028,#14030,#14032));
#14034=FACE_OUTER_BOUND('',#14033,.F.);
#14035=ADVANCED_FACE('',(#14034),#13986,.F.);
#14036=CARTESIAN_POINT('',(-4.45E0,-3.585E0,-7.95E-1));
#14037=DIRECTION('',(0.E0,-8.320502943378E-1,-5.547001962252E-1));
#14038=DIRECTION('',(0.E0,5.547001962252E-1,-8.320502943378E-1));
#14039=AXIS2_PLACEMENT_3D('',#14036,#14037,#14038);
#14040=PLANE('',#14039);
#14042=ORIENTED_EDGE('',*,*,#14041,.F.);
#14043=ORIENTED_EDGE('',*,*,#10085,.T.);
#14045=ORIENTED_EDGE('',*,*,#14044,.T.);
#14046=ORIENTED_EDGE('',*,*,#14012,.F.);
#14047=EDGE_LOOP('',(#14042,#14043,#14045,#14046));
#14048=FACE_OUTER_BOUND('',#14047,.F.);
#14049=ADVANCED_FACE('',(#14048),#14040,.F.);
#14050=CARTESIAN_POINT('',(-4.45E0,-3.585E0,-7.95E-1));
#14051=DIRECTION('',(0.E0,-8.320502943378E-1,-5.547001962252E-1));
#14052=DIRECTION('',(0.E0,5.547001962252E-1,-8.320502943378E-1));
#14053=AXIS2_PLACEMENT_3D('',#14050,#14051,#14052);
#14054=PLANE('',#14053);
#14056=ORIENTED_EDGE('',*,*,#14055,.F.);
#14057=ORIENTED_EDGE('',*,*,#10093,.T.);
#14059=ORIENTED_EDGE('',*,*,#14058,.T.);
#14060=ORIENTED_EDGE('',*,*,#14004,.F.);
#14061=EDGE_LOOP('',(#14056,#14057,#14059,#14060));
#14062=FACE_OUTER_BOUND('',#14061,.F.);
#14063=ADVANCED_FACE('',(#14062),#14054,.F.);
#14064=CARTESIAN_POINT('',(-4.45E0,-3.585E0,-7.95E-1));
#14065=DIRECTION('',(0.E0,-8.320502943378E-1,-5.547001962252E-1));
#14066=DIRECTION('',(0.E0,5.547001962252E-1,-8.320502943378E-1));
#14067=AXIS2_PLACEMENT_3D('',#14064,#14065,#14066);
#14068=PLANE('',#14067);
#14070=ORIENTED_EDGE('',*,*,#14069,.F.);
#14071=ORIENTED_EDGE('',*,*,#10101,.T.);
#14073=ORIENTED_EDGE('',*,*,#14072,.T.);
#14074=ORIENTED_EDGE('',*,*,#13996,.F.);
#14075=EDGE_LOOP('',(#14070,#14071,#14073,#14074));
#14076=FACE_OUTER_BOUND('',#14075,.F.);
#14077=ADVANCED_FACE('',(#14076),#14068,.F.);
#14078=CARTESIAN_POINT('',(-4.45E0,-3.585E0,-7.95E-1));
#14079=DIRECTION('',(0.E0,-8.320502943378E-1,-5.547001962252E-1));
#14080=DIRECTION('',(0.E0,5.547001962252E-1,-8.320502943378E-1));
#14081=AXIS2_PLACEMENT_3D('',#14078,#14079,#14080);
#14082=PLANE('',#14081);
#14083=ORIENTED_EDGE('',*,*,#13852,.F.);
#14084=ORIENTED_EDGE('',*,*,#10109,.T.);
#14086=ORIENTED_EDGE('',*,*,#14085,.T.);
#14087=ORIENTED_EDGE('',*,*,#13988,.F.);
#14088=EDGE_LOOP('',(#14083,#14084,#14086,#14087));
#14089=FACE_OUTER_BOUND('',#14088,.F.);
#14090=ADVANCED_FACE('',(#14089),#14082,.F.);
#14091=CARTESIAN_POINT('',(-4.45E0,-3.585E0,-7.95E-1));
#14092=DIRECTION('',(0.E0,-8.320502943378E-1,-5.547001962252E-1));
#14093=DIRECTION('',(0.E0,5.547001962252E-1,-8.320502943378E-1));
#14094=AXIS2_PLACEMENT_3D('',#14091,#14092,#14093);
#14095=PLANE('',#14094);
#14097=ORIENTED_EDGE('',*,*,#14096,.T.);
#14098=ORIENTED_EDGE('',*,*,#14020,.F.);
#14100=ORIENTED_EDGE('',*,*,#14099,.F.);
#14101=ORIENTED_EDGE('',*,*,#10077,.T.);
#14103=ORIENTED_EDGE('',*,*,#14102,.T.);
#14104=EDGE_LOOP('',(#14097,#14098,#14100,#14101,#14103));
#14105=FACE_OUTER_BOUND('',#14104,.F.);
#14106=ADVANCED_FACE('',(#14105),#14095,.F.);
#14107=CARTESIAN_POINT('',(-4.45E0,-3.585E0,-7.95E-1));
#14108=DIRECTION('',(0.E0,-8.320502943378E-1,-5.547001962252E-1));
#14109=DIRECTION('',(0.E0,5.547001962252E-1,-8.320502943378E-1));
#14110=AXIS2_PLACEMENT_3D('',#14107,#14108,#14109);
#14111=PLANE('',#14110);
#14112=ORIENTED_EDGE('',*,*,#10117,.T.);
#14114=ORIENTED_EDGE('',*,*,#14113,.T.);
#14115=ORIENTED_EDGE('',*,*,#14027,.F.);
#14116=ORIENTED_EDGE('',*,*,#9990,.F.);
#14118=ORIENTED_EDGE('',*,*,#14117,.F.);
#14119=EDGE_LOOP('',(#14112,#14114,#14115,#14116,#14118));
#14120=FACE_OUTER_BOUND('',#14119,.F.);
#14121=ADVANCED_FACE('',(#14120),#14111,.F.);
#14122=CARTESIAN_POINT('',(-1.625E0,0.E0,0.E0));
#14123=DIRECTION('',(1.E0,0.E0,0.E0));
#14124=DIRECTION('',(0.E0,0.E0,-1.E0));
#14125=AXIS2_PLACEMENT_3D('',#14122,#14123,#14124);
#14126=PLANE('',#14125);
#14127=ORIENTED_EDGE('',*,*,#10087,.F.);
#14128=ORIENTED_EDGE('',*,*,#14041,.T.);
#14129=ORIENTED_EDGE('',*,*,#14010,.T.);
#14131=ORIENTED_EDGE('',*,*,#14130,.T.);
#14133=ORIENTED_EDGE('',*,*,#14132,.T.);
#14135=ORIENTED_EDGE('',*,*,#14134,.T.);
#14137=ORIENTED_EDGE('',*,*,#14136,.T.);
#14139=ORIENTED_EDGE('',*,*,#14138,.T.);
#14141=ORIENTED_EDGE('',*,*,#14140,.T.);
#14143=ORIENTED_EDGE('',*,*,#14142,.T.);
#14144=EDGE_LOOP('',(#14127,#14128,#14129,#14131,#14133,#14135,#14137,#14139,
#14141,#14143));
#14145=FACE_OUTER_BOUND('',#14144,.F.);
#14146=ADVANCED_FACE('',(#14145),#14126,.F.);
#14147=CARTESIAN_POINT('',(-1.625E0,0.E0,0.E0));
#14148=DIRECTION('',(1.E0,0.E0,0.E0));
#14149=DIRECTION('',(0.E0,0.E0,-1.E0));
#14150=AXIS2_PLACEMENT_3D('',#14147,#14148,#14149);
#14151=PLANE('',#14150);
#14153=ORIENTED_EDGE('',*,*,#14152,.T.);
#14155=ORIENTED_EDGE('',*,*,#14154,.T.);
#14157=ORIENTED_EDGE('',*,*,#14156,.T.);
#14159=ORIENTED_EDGE('',*,*,#14158,.T.);
#14161=ORIENTED_EDGE('',*,*,#14160,.T.);
#14163=ORIENTED_EDGE('',*,*,#14162,.T.);
#14165=ORIENTED_EDGE('',*,*,#14164,.T.);
#14166=EDGE_LOOP('',(#14153,#14155,#14157,#14159,#14161,#14163,#14165));
#14167=FACE_OUTER_BOUND('',#14166,.F.);
#14168=ADVANCED_FACE('',(#14167),#14151,.F.);
#14169=CARTESIAN_POINT('',(-1.625E0,0.E0,0.E0));
#14170=DIRECTION('',(1.E0,0.E0,0.E0));
#14171=DIRECTION('',(0.E0,0.E0,-1.E0));
#14172=AXIS2_PLACEMENT_3D('',#14169,#14170,#14171);
#14173=PLANE('',#14172);
#14175=ORIENTED_EDGE('',*,*,#14174,.T.);
#14177=ORIENTED_EDGE('',*,*,#14176,.T.);
#14179=ORIENTED_EDGE('',*,*,#14178,.T.);
#14181=ORIENTED_EDGE('',*,*,#14180,.T.);
#14183=ORIENTED_EDGE('',*,*,#14182,.T.);
#14185=ORIENTED_EDGE('',*,*,#14184,.T.);
#14187=ORIENTED_EDGE('',*,*,#14186,.T.);
#14189=ORIENTED_EDGE('',*,*,#14188,.T.);
#14191=ORIENTED_EDGE('',*,*,#14190,.F.);
#14193=ORIENTED_EDGE('',*,*,#14192,.T.);
#14194=EDGE_LOOP('',(#14175,#14177,#14179,#14181,#14183,#14185,#14187,#14189,
#14191,#14193));
#14195=FACE_OUTER_BOUND('',#14194,.F.);
#14196=ADVANCED_FACE('',(#14195),#14173,.F.);
#14197=CARTESIAN_POINT('',(-1.625E0,0.E0,0.E0));
#14198=DIRECTION('',(1.E0,0.E0,0.E0));
#14199=DIRECTION('',(0.E0,0.E0,-1.E0));
#14200=AXIS2_PLACEMENT_3D('',#14197,#14198,#14199);
#14201=PLANE('',#14200);
#14203=ORIENTED_EDGE('',*,*,#14202,.F.);
#14205=ORIENTED_EDGE('',*,*,#14204,.T.);
#14207=ORIENTED_EDGE('',*,*,#14206,.T.);
#14209=ORIENTED_EDGE('',*,*,#14208,.T.);
#14211=ORIENTED_EDGE('',*,*,#14210,.T.);
#14213=ORIENTED_EDGE('',*,*,#14212,.T.);
#14215=ORIENTED_EDGE('',*,*,#14214,.T.);
#14217=ORIENTED_EDGE('',*,*,#14216,.T.);
#14219=ORIENTED_EDGE('',*,*,#14218,.T.);
#14221=ORIENTED_EDGE('',*,*,#14220,.T.);
#14223=ORIENTED_EDGE('',*,*,#14222,.T.);
#14225=ORIENTED_EDGE('',*,*,#14224,.T.);
#14227=ORIENTED_EDGE('',*,*,#14226,.T.);
#14228=EDGE_LOOP('',(#14203,#14205,#14207,#14209,#14211,#14213,#14215,#14217,
#14219,#14221,#14223,#14225,#14227));
#14229=FACE_OUTER_BOUND('',#14228,.F.);
#14230=ADVANCED_FACE('',(#14229),#14201,.F.);
#14231=CARTESIAN_POINT('',(-1.625E0,0.E0,0.E0));
#14232=DIRECTION('',(1.E0,0.E0,0.E0));
#14233=DIRECTION('',(0.E0,0.E0,-1.E0));
#14234=AXIS2_PLACEMENT_3D('',#14231,#14232,#14233);
#14235=PLANE('',#14234);
#14237=ORIENTED_EDGE('',*,*,#14236,.T.);
#14239=ORIENTED_EDGE('',*,*,#14238,.T.);
#14241=ORIENTED_EDGE('',*,*,#14240,.T.);
#14243=ORIENTED_EDGE('',*,*,#14242,.T.);
#14245=ORIENTED_EDGE('',*,*,#14244,.T.);
#14247=ORIENTED_EDGE('',*,*,#14246,.T.);
#14249=ORIENTED_EDGE('',*,*,#14248,.T.);
#14250=EDGE_LOOP('',(#14237,#14239,#14241,#14243,#14245,#14247,#14249));
#14251=FACE_OUTER_BOUND('',#14250,.F.);
#14252=ADVANCED_FACE('',(#14251),#14235,.F.);
#14253=CARTESIAN_POINT('',(-1.625E0,0.E0,0.E0));
#14254=DIRECTION('',(1.E0,0.E0,0.E0));
#14255=DIRECTION('',(0.E0,0.E0,-1.E0));
#14256=AXIS2_PLACEMENT_3D('',#14253,#14254,#14255);
#14257=PLANE('',#14256);
#14259=ORIENTED_EDGE('',*,*,#14258,.T.);
#14261=ORIENTED_EDGE('',*,*,#14260,.F.);
#14263=ORIENTED_EDGE('',*,*,#14262,.T.);
#14265=ORIENTED_EDGE('',*,*,#14264,.T.);
#14266=ORIENTED_EDGE('',*,*,#13803,.F.);
#14268=ORIENTED_EDGE('',*,*,#14267,.F.);
#14269=EDGE_LOOP('',(#14259,#14261,#14263,#14265,#14266,#14268));
#14270=FACE_OUTER_BOUND('',#14269,.F.);
#14271=ADVANCED_FACE('',(#14270),#14257,.F.);
#14272=CARTESIAN_POINT('',(-1.625E0,-3.145E0,-1.625E0));
#14273=DIRECTION('',(0.E0,1.E0,0.E0));
#14274=DIRECTION('',(0.E0,0.E0,1.E0));
#14275=AXIS2_PLACEMENT_3D('',#14272,#14273,#14274);
#14276=PLANE('',#14275);
#14277=ORIENTED_EDGE('',*,*,#14008,.T.);
#14279=ORIENTED_EDGE('',*,*,#14278,.T.);
#14281=ORIENTED_EDGE('',*,*,#14280,.F.);
#14282=ORIENTED_EDGE('',*,*,#14130,.F.);
#14283=EDGE_LOOP('',(#14277,#14279,#14281,#14282));
#14284=FACE_OUTER_BOUND('',#14283,.F.);
#14285=ADVANCED_FACE('',(#14284),#14276,.T.);
#14286=CARTESIAN_POINT('',(-1.375E0,0.E0,0.E0));
#14287=DIRECTION('',(1.E0,0.E0,0.E0));
#14288=DIRECTION('',(0.E0,0.E0,-1.E0));
#14289=AXIS2_PLACEMENT_3D('',#14286,#14287,#14288);
#14290=PLANE('',#14289);
#14291=ORIENTED_EDGE('',*,*,#10091,.T.);
#14293=ORIENTED_EDGE('',*,*,#14292,.F.);
#14295=ORIENTED_EDGE('',*,*,#14294,.F.);
#14297=ORIENTED_EDGE('',*,*,#14296,.F.);
#14299=ORIENTED_EDGE('',*,*,#14298,.F.);
#14301=ORIENTED_EDGE('',*,*,#14300,.F.);
#14303=ORIENTED_EDGE('',*,*,#14302,.F.);
#14304=ORIENTED_EDGE('',*,*,#14278,.F.);
#14305=ORIENTED_EDGE('',*,*,#14006,.F.);
#14306=ORIENTED_EDGE('',*,*,#14058,.F.);
#14307=EDGE_LOOP('',(#14291,#14293,#14295,#14297,#14299,#14301,#14303,#14304,
#14305,#14306));
#14308=FACE_OUTER_BOUND('',#14307,.F.);
#14309=ADVANCED_FACE('',(#14308),#14290,.T.);
#14310=CARTESIAN_POINT('',(-1.375E0,0.E0,0.E0));
#14311=DIRECTION('',(1.E0,0.E0,0.E0));
#14312=DIRECTION('',(0.E0,0.E0,-1.E0));
#14313=AXIS2_PLACEMENT_3D('',#14310,#14311,#14312);
#14314=PLANE('',#14313);
#14316=ORIENTED_EDGE('',*,*,#14315,.F.);
#14318=ORIENTED_EDGE('',*,*,#14317,.F.);
#14320=ORIENTED_EDGE('',*,*,#14319,.F.);
#14322=ORIENTED_EDGE('',*,*,#14321,.F.);
#14324=ORIENTED_EDGE('',*,*,#14323,.F.);
#14326=ORIENTED_EDGE('',*,*,#14325,.F.);
#14328=ORIENTED_EDGE('',*,*,#14327,.F.);
#14329=EDGE_LOOP('',(#14316,#14318,#14320,#14322,#14324,#14326,#14328));
#14330=FACE_OUTER_BOUND('',#14329,.F.);
#14331=ADVANCED_FACE('',(#14330),#14314,.T.);
#14332=CARTESIAN_POINT('',(-1.375E0,0.E0,0.E0));
#14333=DIRECTION('',(1.E0,0.E0,0.E0));
#14334=DIRECTION('',(0.E0,0.E0,-1.E0));
#14335=AXIS2_PLACEMENT_3D('',#14332,#14333,#14334);
#14336=PLANE('',#14335);
#14338=ORIENTED_EDGE('',*,*,#14337,.F.);
#14340=ORIENTED_EDGE('',*,*,#14339,.F.);
#14342=ORIENTED_EDGE('',*,*,#14341,.T.);
#14344=ORIENTED_EDGE('',*,*,#14343,.F.);
#14346=ORIENTED_EDGE('',*,*,#14345,.F.);
#14348=ORIENTED_EDGE('',*,*,#14347,.F.);
#14350=ORIENTED_EDGE('',*,*,#14349,.F.);
#14352=ORIENTED_EDGE('',*,*,#14351,.F.);
#14354=ORIENTED_EDGE('',*,*,#14353,.F.);
#14356=ORIENTED_EDGE('',*,*,#14355,.F.);
#14357=EDGE_LOOP('',(#14338,#14340,#14342,#14344,#14346,#14348,#14350,#14352,
#14354,#14356));
#14358=FACE_OUTER_BOUND('',#14357,.F.);
#14359=ADVANCED_FACE('',(#14358),#14336,.T.);
#14360=CARTESIAN_POINT('',(-1.375E0,0.E0,0.E0));
#14361=DIRECTION('',(1.E0,0.E0,0.E0));
#14362=DIRECTION('',(0.E0,0.E0,-1.E0));
#14363=AXIS2_PLACEMENT_3D('',#14360,#14361,#14362);
#14364=PLANE('',#14363);
#14366=ORIENTED_EDGE('',*,*,#14365,.T.);
#14368=ORIENTED_EDGE('',*,*,#14367,.F.);
#14370=ORIENTED_EDGE('',*,*,#14369,.F.);
#14372=ORIENTED_EDGE('',*,*,#14371,.F.);
#14374=ORIENTED_EDGE('',*,*,#14373,.F.);
#14376=ORIENTED_EDGE('',*,*,#14375,.F.);
#14378=ORIENTED_EDGE('',*,*,#14377,.F.);
#14380=ORIENTED_EDGE('',*,*,#14379,.F.);
#14382=ORIENTED_EDGE('',*,*,#14381,.F.);
#14384=ORIENTED_EDGE('',*,*,#14383,.F.);
#14386=ORIENTED_EDGE('',*,*,#14385,.F.);
#14388=ORIENTED_EDGE('',*,*,#14387,.F.);
#14390=ORIENTED_EDGE('',*,*,#14389,.F.);
#14391=EDGE_LOOP('',(#14366,#14368,#14370,#14372,#14374,#14376,#14378,#14380,
#14382,#14384,#14386,#14388,#14390));
#14392=FACE_OUTER_BOUND('',#14391,.F.);
#14393=ADVANCED_FACE('',(#14392),#14364,.T.);
#14394=CARTESIAN_POINT('',(-1.375E0,0.E0,0.E0));
#14395=DIRECTION('',(1.E0,0.E0,0.E0));
#14396=DIRECTION('',(0.E0,0.E0,-1.E0));
#14397=AXIS2_PLACEMENT_3D('',#14394,#14395,#14396);
#14398=PLANE('',#14397);
#14400=ORIENTED_EDGE('',*,*,#14399,.F.);
#14402=ORIENTED_EDGE('',*,*,#14401,.F.);
#14404=ORIENTED_EDGE('',*,*,#14403,.F.);
#14406=ORIENTED_EDGE('',*,*,#14405,.F.);
#14408=ORIENTED_EDGE('',*,*,#14407,.F.);
#14410=ORIENTED_EDGE('',*,*,#14409,.F.);
#14412=ORIENTED_EDGE('',*,*,#14411,.F.);
#14413=EDGE_LOOP('',(#14400,#14402,#14404,#14406,#14408,#14410,#14412));
#14414=FACE_OUTER_BOUND('',#14413,.F.);
#14415=ADVANCED_FACE('',(#14414),#14398,.T.);
#14416=CARTESIAN_POINT('',(-1.375E0,0.E0,0.E0));
#14417=DIRECTION('',(1.E0,0.E0,0.E0));
#14418=DIRECTION('',(0.E0,0.E0,-1.E0));
#14419=AXIS2_PLACEMENT_3D('',#14416,#14417,#14418);
#14420=PLANE('',#14419);
#14422=ORIENTED_EDGE('',*,*,#14421,.T.);
#14424=ORIENTED_EDGE('',*,*,#14423,.F.);
#14426=ORIENTED_EDGE('',*,*,#14425,.F.);
#14428=ORIENTED_EDGE('',*,*,#14427,.F.);
#14430=ORIENTED_EDGE('',*,*,#14429,.T.);
#14431=ORIENTED_EDGE('',*,*,#13807,.T.);
#14432=EDGE_LOOP('',(#14422,#14424,#14426,#14428,#14430,#14431));
#14433=FACE_OUTER_BOUND('',#14432,.F.);
#14434=ADVANCED_FACE('',(#14433),#14420,.T.);
#14435=CARTESIAN_POINT('',(-1.625E0,-3.615E0,1.455E0));
#14436=DIRECTION('',(1.E0,0.E0,0.E0));
#14437=DIRECTION('',(0.E0,0.E0,-1.E0));
#14438=AXIS2_PLACEMENT_3D('',#14435,#14436,#14437);
#14439=CYLINDRICAL_SURFACE('',#14438,1.E-1);
#14440=ORIENTED_EDGE('',*,*,#10089,.F.);
#14441=ORIENTED_EDGE('',*,*,#14142,.F.);
#14443=ORIENTED_EDGE('',*,*,#14442,.T.);
#14444=ORIENTED_EDGE('',*,*,#14292,.T.);
#14445=EDGE_LOOP('',(#14440,#14441,#14443,#14444));
#14446=FACE_OUTER_BOUND('',#14445,.F.);
#14447=ADVANCED_FACE('',(#14446),#14439,.T.);
#14448=CARTESIAN_POINT('',(-1.625E0,-3.182592812507E0,9.514883077779E-1));
#14449=DIRECTION('',(0.E0,8.481437498598E-1,5.297661555572E-1));
#14450=DIRECTION('',(0.E0,-5.297661555572E-1,8.481437498598E-1));
#14451=AXIS2_PLACEMENT_3D('',#14448,#14449,#14450);
#14452=PLANE('',#14451);
#14453=ORIENTED_EDGE('',*,*,#14140,.F.);
#14455=ORIENTED_EDGE('',*,*,#14454,.T.);
#14456=ORIENTED_EDGE('',*,*,#14294,.T.);
#14457=ORIENTED_EDGE('',*,*,#14442,.F.);
#14458=EDGE_LOOP('',(#14453,#14455,#14456,#14457));
#14459=FACE_OUTER_BOUND('',#14458,.F.);
#14460=ADVANCED_FACE('',(#14459),#14452,.T.);
#14461=CARTESIAN_POINT('',(-1.625E0,-3.225E0,9.25E-1));
#14462=DIRECTION('',(1.E0,0.E0,0.E0));
#14463=DIRECTION('',(0.E0,0.E0,-1.E0));
#14464=AXIS2_PLACEMENT_3D('',#14461,#14462,#14463);
#14465=CYLINDRICAL_SURFACE('',#14464,5.E-2);
#14466=ORIENTED_EDGE('',*,*,#14138,.F.);
#14468=ORIENTED_EDGE('',*,*,#14467,.T.);
#14469=ORIENTED_EDGE('',*,*,#14296,.T.);
#14470=ORIENTED_EDGE('',*,*,#14454,.F.);
#14471=EDGE_LOOP('',(#14466,#14468,#14469,#14470));
#14472=FACE_OUTER_BOUND('',#14471,.F.);
#14473=ADVANCED_FACE('',(#14472),#14465,.T.);
#14474=CARTESIAN_POINT('',(-1.625E0,-3.315E0,6.25E-1));
#14475=DIRECTION('',(0.E0,8.996712436539E-1,-4.365680397628E-1));
#14476=DIRECTION('',(0.E0,4.365680397628E-1,8.996712436539E-1));
#14477=AXIS2_PLACEMENT_3D('',#14474,#14475,#14476);
#14478=PLANE('',#14477);
#14479=ORIENTED_EDGE('',*,*,#14136,.F.);
#14481=ORIENTED_EDGE('',*,*,#14480,.T.);
#14482=ORIENTED_EDGE('',*,*,#14298,.T.);
#14483=ORIENTED_EDGE('',*,*,#14467,.F.);
#14484=EDGE_LOOP('',(#14479,#14481,#14482,#14483));
#14485=FACE_OUTER_BOUND('',#14484,.F.);
#14486=ADVANCED_FACE('',(#14485),#14478,.T.);
#14487=CARTESIAN_POINT('',(-1.625E0,-3.315E0,-6.15E-1));
#14488=DIRECTION('',(0.E0,1.E0,0.E0));
#14489=DIRECTION('',(0.E0,0.E0,1.E0));
#14490=AXIS2_PLACEMENT_3D('',#14487,#14488,#14489);
#14491=PLANE('',#14490);
#14492=ORIENTED_EDGE('',*,*,#14134,.F.);
#14494=ORIENTED_EDGE('',*,*,#14493,.T.);
#14495=ORIENTED_EDGE('',*,*,#14300,.T.);
#14496=ORIENTED_EDGE('',*,*,#14480,.F.);
#14497=EDGE_LOOP('',(#14492,#14494,#14495,#14496));
#14498=FACE_OUTER_BOUND('',#14497,.F.);
#14499=ADVANCED_FACE('',(#14498),#14491,.T.);
#14500=CARTESIAN_POINT('',(-1.625E0,-3.145E0,-8.65E-1));
#14501=DIRECTION('',(0.E0,8.269265020695E-1,5.623100214073E-1));
#14502=DIRECTION('',(0.E0,-5.623100214073E-1,8.269265020695E-1));
#14503=AXIS2_PLACEMENT_3D('',#14500,#14501,#14502);
#14504=PLANE('',#14503);
#14505=ORIENTED_EDGE('',*,*,#14132,.F.);
#14506=ORIENTED_EDGE('',*,*,#14280,.T.);
#14507=ORIENTED_EDGE('',*,*,#14302,.T.);
#14508=ORIENTED_EDGE('',*,*,#14493,.F.);
#14509=EDGE_LOOP('',(#14505,#14506,#14507,#14508));
#14510=FACE_OUTER_BOUND('',#14509,.F.);
#14511=ADVANCED_FACE('',(#14510),#14504,.T.);
#14512=CARTESIAN_POINT('',(-4.45E0,-2.225E0,-7.25E-1));
#14513=DIRECTION('',(0.E0,1.E0,0.E0));
#14514=DIRECTION('',(0.E0,0.E0,1.E0));
#14515=AXIS2_PLACEMENT_3D('',#14512,#14513,#14514);
#14516=PLANE('',#14515);
#14518=ORIENTED_EDGE('',*,*,#14517,.F.);
#14520=ORIENTED_EDGE('',*,*,#14519,.T.);
#14522=ORIENTED_EDGE('',*,*,#14521,.T.);
#14524=ORIENTED_EDGE('',*,*,#14523,.F.);
#14525=ORIENTED_EDGE('',*,*,#13866,.F.);
#14527=ORIENTED_EDGE('',*,*,#14526,.T.);
#14529=ORIENTED_EDGE('',*,*,#14528,.T.);
#14531=ORIENTED_EDGE('',*,*,#14530,.F.);
#14533=ORIENTED_EDGE('',*,*,#14532,.F.);
#14535=ORIENTED_EDGE('',*,*,#14534,.T.);
#14537=ORIENTED_EDGE('',*,*,#14536,.T.);
#14539=ORIENTED_EDGE('',*,*,#14538,.F.);
#14541=ORIENTED_EDGE('',*,*,#14540,.F.);
#14543=ORIENTED_EDGE('',*,*,#14542,.T.);
#14544=ORIENTED_EDGE('',*,*,#14315,.T.);
#14546=ORIENTED_EDGE('',*,*,#14545,.F.);
#14547=ORIENTED_EDGE('',*,*,#14152,.F.);
#14549=ORIENTED_EDGE('',*,*,#14548,.T.);
#14551=ORIENTED_EDGE('',*,*,#14550,.T.);
#14553=ORIENTED_EDGE('',*,*,#14552,.F.);
#14555=ORIENTED_EDGE('',*,*,#14554,.F.);
#14557=ORIENTED_EDGE('',*,*,#14556,.T.);
#14559=ORIENTED_EDGE('',*,*,#14558,.F.);
#14561=ORIENTED_EDGE('',*,*,#14560,.F.);
#14562=EDGE_LOOP('',(#14518,#14520,#14522,#14524,#14525,#14527,#14529,#14531,
#14533,#14535,#14537,#14539,#14541,#14543,#14544,#14546,#14547,#14549,#14551,
#14553,#14555,#14557,#14559,#14561));
#14563=FACE_OUTER_BOUND('',#14562,.F.);
#14564=ADVANCED_FACE('',(#14563),#14516,.F.);
#14565=CARTESIAN_POINT('',(3.4E0,-2.025E0,-1.854019173994E0));
#14566=DIRECTION('',(0.E0,0.E0,1.E0));
#14567=DIRECTION('',(0.E0,-1.E0,0.E0));
#14568=AXIS2_PLACEMENT_3D('',#14565,#14566,#14567);
#14569=CYLINDRICAL_SURFACE('',#14568,2.E-1);
#14571=ORIENTED_EDGE('',*,*,#14570,.T.);
#14572=ORIENTED_EDGE('',*,*,#9996,.F.);
#14574=ORIENTED_EDGE('',*,*,#14573,.T.);
#14575=ORIENTED_EDGE('',*,*,#14517,.T.);
#14576=EDGE_LOOP('',(#14571,#14572,#14574,#14575));
#14577=FACE_OUTER_BOUND('',#14576,.F.);
#14578=ADVANCED_FACE('',(#14577),#14569,.T.);
#14579=CARTESIAN_POINT('',(-4.45E0,-2.225E0,1.675E0));
#14580=DIRECTION('',(0.E0,7.071067811865E-1,-7.071067811865E-1));
#14581=DIRECTION('',(0.E0,7.071067811865E-1,7.071067811865E-1));
#14582=AXIS2_PLACEMENT_3D('',#14579,#14580,#14581);
#14583=PLANE('',#14582);
#14584=ORIENTED_EDGE('',*,*,#14570,.F.);
#14585=ORIENTED_EDGE('',*,*,#14560,.T.);
#14587=ORIENTED_EDGE('',*,*,#14586,.F.);
#14589=ORIENTED_EDGE('',*,*,#14588,.T.);
#14591=ORIENTED_EDGE('',*,*,#14590,.F.);
#14592=ORIENTED_EDGE('',*,*,#9998,.F.);
#14593=EDGE_LOOP('',(#14584,#14585,#14587,#14589,#14591,#14592));
#14594=FACE_OUTER_BOUND('',#14593,.F.);
#14595=ADVANCED_FACE('',(#14594),#14583,.F.);
#14596=CARTESIAN_POINT('',(-3.4E0,-2.025E0,2.019763217257E0));
#14597=DIRECTION('',(0.E0,0.E0,-1.E0));
#14598=DIRECTION('',(0.E0,-1.E0,0.E0));
#14599=AXIS2_PLACEMENT_3D('',#14596,#14597,#14598);
#14600=CYLINDRICAL_SURFACE('',#14599,2.E-1);
#14602=ORIENTED_EDGE('',*,*,#14601,.F.);
#14603=ORIENTED_EDGE('',*,*,#14586,.T.);
#14604=ORIENTED_EDGE('',*,*,#14558,.T.);
#14606=ORIENTED_EDGE('',*,*,#14605,.T.);
#14607=EDGE_LOOP('',(#14602,#14603,#14604,#14606));
#14608=FACE_OUTER_BOUND('',#14607,.F.);
#14609=ADVANCED_FACE('',(#14608),#14600,.T.);
#14610=CARTESIAN_POINT('',(-3.6E0,-3.585E0,1.975E0));
#14611=DIRECTION('',(1.E0,0.E0,0.E0));
#14612=DIRECTION('',(0.E0,1.E0,0.E0));
#14613=AXIS2_PLACEMENT_3D('',#14610,#14611,#14612);
#14614=PLANE('',#14613);
#14616=ORIENTED_EDGE('',*,*,#14615,.T.);
#14618=ORIENTED_EDGE('',*,*,#14617,.F.);
#14620=ORIENTED_EDGE('',*,*,#14619,.F.);
#14622=ORIENTED_EDGE('',*,*,#14621,.F.);
#14624=ORIENTED_EDGE('',*,*,#14623,.T.);
#14626=ORIENTED_EDGE('',*,*,#14625,.F.);
#14628=ORIENTED_EDGE('',*,*,#14627,.F.);
#14630=ORIENTED_EDGE('',*,*,#14629,.F.);
#14632=ORIENTED_EDGE('',*,*,#14631,.T.);
#14634=ORIENTED_EDGE('',*,*,#14633,.F.);
#14636=ORIENTED_EDGE('',*,*,#14635,.F.);
#14637=ORIENTED_EDGE('',*,*,#14588,.F.);
#14638=ORIENTED_EDGE('',*,*,#14601,.T.);
#14640=ORIENTED_EDGE('',*,*,#14639,.F.);
#14641=ORIENTED_EDGE('',*,*,#14022,.F.);
#14642=ORIENTED_EDGE('',*,*,#14096,.F.);
#14644=ORIENTED_EDGE('',*,*,#14643,.F.);
#14645=ORIENTED_EDGE('',*,*,#9895,.T.);
#14646=EDGE_LOOP('',(#14616,#14618,#14620,#14622,#14624,#14626,#14628,#14630,
#14632,#14634,#14636,#14637,#14638,#14640,#14641,#14642,#14644,#14645));
#14647=FACE_OUTER_BOUND('',#14646,.F.);
#14648=ADVANCED_FACE('',(#14647),#14614,.F.);
#14649=CARTESIAN_POINT('',(-3.4E0,1.325E0,-1.854019173994E0));
#14650=DIRECTION('',(0.E0,0.E0,1.E0));
#14651=DIRECTION('',(0.E0,1.E0,0.E0));
#14652=AXIS2_PLACEMENT_3D('',#14649,#14650,#14651);
#14653=CYLINDRICAL_SURFACE('',#14652,2.E-1);
#14655=ORIENTED_EDGE('',*,*,#14654,.T.);
#14656=ORIENTED_EDGE('',*,*,#14615,.F.);
#14657=ORIENTED_EDGE('',*,*,#9893,.T.);
#14658=ORIENTED_EDGE('',*,*,#9961,.T.);
#14659=EDGE_LOOP('',(#14655,#14656,#14657,#14658));
#14660=FACE_OUTER_BOUND('',#14659,.F.);
#14661=ADVANCED_FACE('',(#14660),#14653,.T.);
#14662=CARTESIAN_POINT('',(-4.45E0,1.225E0,1.975E0));
#14663=DIRECTION('',(0.E0,-7.592566023653E-1,-6.507913734560E-1));
#14664=DIRECTION('',(0.E0,6.507913734560E-1,-7.592566023653E-1));
#14665=AXIS2_PLACEMENT_3D('',#14662,#14663,#14664);
#14666=PLANE('',#14665);
#14667=ORIENTED_EDGE('',*,*,#9974,.F.);
#14668=ORIENTED_EDGE('',*,*,#10018,.F.);
#14670=ORIENTED_EDGE('',*,*,#14669,.F.);
#14671=ORIENTED_EDGE('',*,*,#14617,.T.);
#14672=ORIENTED_EDGE('',*,*,#14654,.F.);
#14673=ORIENTED_EDGE('',*,*,#9959,.T.);
#14674=EDGE_LOOP('',(#14667,#14668,#14670,#14671,#14672,#14673));
#14675=FACE_OUTER_BOUND('',#14674,.F.);
#14676=ADVANCED_FACE('',(#14675),#14666,.F.);
#14677=CARTESIAN_POINT('',(-4.45E0,7.75E-1,1.975E0));
#14678=DIRECTION('',(0.E0,0.E0,-1.E0));
#14679=DIRECTION('',(0.E0,1.E0,0.E0));
#14680=AXIS2_PLACEMENT_3D('',#14677,#14678,#14679);
#14681=PLANE('',#14680);
#14682=ORIENTED_EDGE('',*,*,#14619,.T.);
#14683=ORIENTED_EDGE('',*,*,#14669,.T.);
#14684=ORIENTED_EDGE('',*,*,#10016,.F.);
#14686=ORIENTED_EDGE('',*,*,#14685,.F.);
#14687=EDGE_LOOP('',(#14682,#14683,#14684,#14686));
#14688=FACE_OUTER_BOUND('',#14687,.F.);
#14689=ADVANCED_FACE('',(#14688),#14681,.F.);
#14690=CARTESIAN_POINT('',(-4.45E0,4.75E-1,1.675E0));
#14691=DIRECTION('',(0.E0,7.071067811865E-1,-7.071067811865E-1));
#14692=DIRECTION('',(0.E0,7.071067811865E-1,7.071067811865E-1));
#14693=AXIS2_PLACEMENT_3D('',#14690,#14691,#14692);
#14694=PLANE('',#14693);
#14696=ORIENTED_EDGE('',*,*,#14695,.F.);
#14697=ORIENTED_EDGE('',*,*,#14621,.T.);
#14698=ORIENTED_EDGE('',*,*,#14685,.T.);
#14699=ORIENTED_EDGE('',*,*,#10014,.F.);
#14701=ORIENTED_EDGE('',*,*,#14700,.F.);
#14703=ORIENTED_EDGE('',*,*,#14702,.F.);
#14704=EDGE_LOOP('',(#14696,#14697,#14698,#14699,#14701,#14703));
#14705=FACE_OUTER_BOUND('',#14704,.F.);
#14706=ADVANCED_FACE('',(#14705),#14694,.F.);
#14707=CARTESIAN_POINT('',(-3.4E0,6.75E-1,2.019763217257E0));
#14708=DIRECTION('',(0.E0,0.E0,-1.E0));
#14709=DIRECTION('',(0.E0,-1.E0,0.E0));
#14710=AXIS2_PLACEMENT_3D('',#14707,#14708,#14709);
#14711=CYLINDRICAL_SURFACE('',#14710,2.E-1);
#14712=ORIENTED_EDGE('',*,*,#14623,.F.);
#14713=ORIENTED_EDGE('',*,*,#14695,.T.);
#14715=ORIENTED_EDGE('',*,*,#14714,.T.);
#14717=ORIENTED_EDGE('',*,*,#14716,.T.);
#14718=EDGE_LOOP('',(#14712,#14713,#14715,#14717));
#14719=FACE_OUTER_BOUND('',#14718,.F.);
#14720=ADVANCED_FACE('',(#14719),#14711,.T.);
#14721=CARTESIAN_POINT('',(-4.45E0,4.75E-1,-7.25E-1));
#14722=DIRECTION('',(0.E0,1.E0,0.E0));
#14723=DIRECTION('',(0.E0,0.E0,1.E0));
#14724=AXIS2_PLACEMENT_3D('',#14721,#14722,#14723);
#14725=PLANE('',#14724);
#14726=ORIENTED_EDGE('',*,*,#14714,.F.);
#14727=ORIENTED_EDGE('',*,*,#14702,.T.);
#14729=ORIENTED_EDGE('',*,*,#14728,.F.);
#14731=ORIENTED_EDGE('',*,*,#14730,.F.);
#14733=ORIENTED_EDGE('',*,*,#14732,.T.);
#14735=ORIENTED_EDGE('',*,*,#14734,.F.);
#14736=ORIENTED_EDGE('',*,*,#13948,.F.);
#14738=ORIENTED_EDGE('',*,*,#14737,.F.);
#14740=ORIENTED_EDGE('',*,*,#14739,.T.);
#14742=ORIENTED_EDGE('',*,*,#14741,.F.);
#14744=ORIENTED_EDGE('',*,*,#14743,.F.);
#14746=ORIENTED_EDGE('',*,*,#14745,.F.);
#14748=ORIENTED_EDGE('',*,*,#14747,.T.);
#14750=ORIENTED_EDGE('',*,*,#14749,.F.);
#14752=ORIENTED_EDGE('',*,*,#14751,.F.);
#14754=ORIENTED_EDGE('',*,*,#14753,.F.);
#14755=ORIENTED_EDGE('',*,*,#14411,.T.);
#14757=ORIENTED_EDGE('',*,*,#14756,.F.);
#14758=ORIENTED_EDGE('',*,*,#14238,.F.);
#14760=ORIENTED_EDGE('',*,*,#14759,.F.);
#14762=ORIENTED_EDGE('',*,*,#14761,.T.);
#14764=ORIENTED_EDGE('',*,*,#14763,.F.);
#14766=ORIENTED_EDGE('',*,*,#14765,.F.);
#14768=ORIENTED_EDGE('',*,*,#14767,.F.);
#14769=EDGE_LOOP('',(#14726,#14727,#14729,#14731,#14733,#14735,#14736,#14738,
#14740,#14742,#14744,#14746,#14748,#14750,#14752,#14754,#14755,#14757,#14758,
#14760,#14762,#14764,#14766,#14768));
#14770=FACE_OUTER_BOUND('',#14769,.F.);
#14771=ADVANCED_FACE('',(#14770),#14725,.F.);
#14772=CARTESIAN_POINT('',(3.4E0,6.75E-1,-1.854019173994E0));
#14773=DIRECTION('',(0.E0,0.E0,1.E0));
#14774=DIRECTION('',(0.E0,-1.E0,0.E0));
#14775=AXIS2_PLACEMENT_3D('',#14772,#14773,#14774);
#14776=CYLINDRICAL_SURFACE('',#14775,2.E-1);
#14777=ORIENTED_EDGE('',*,*,#14700,.T.);
#14778=ORIENTED_EDGE('',*,*,#10012,.F.);
#14780=ORIENTED_EDGE('',*,*,#14779,.T.);
#14781=ORIENTED_EDGE('',*,*,#14728,.T.);
#14782=EDGE_LOOP('',(#14777,#14778,#14780,#14781));
#14783=FACE_OUTER_BOUND('',#14782,.F.);
#14784=ADVANCED_FACE('',(#14783),#14776,.T.);
#14785=CARTESIAN_POINT('',(-4.45E0,3.25E-1,-9.75E-1));
#14786=DIRECTION('',(0.E0,8.574929257125E-1,-5.144957554275E-1));
#14787=DIRECTION('',(0.E0,5.144957554275E-1,8.574929257125E-1));
#14788=AXIS2_PLACEMENT_3D('',#14785,#14786,#14787);
#14789=PLANE('',#14788);
#14790=ORIENTED_EDGE('',*,*,#14730,.T.);
#14791=ORIENTED_EDGE('',*,*,#14779,.F.);
#14792=ORIENTED_EDGE('',*,*,#10010,.T.);
#14794=ORIENTED_EDGE('',*,*,#14793,.F.);
#14795=ORIENTED_EDGE('',*,*,#14625,.T.);
#14796=ORIENTED_EDGE('',*,*,#14716,.F.);
#14797=ORIENTED_EDGE('',*,*,#14767,.T.);
#14799=ORIENTED_EDGE('',*,*,#14798,.F.);
#14801=ORIENTED_EDGE('',*,*,#14800,.T.);
#14803=ORIENTED_EDGE('',*,*,#14802,.T.);
#14804=ORIENTED_EDGE('',*,*,#14759,.T.);
#14805=ORIENTED_EDGE('',*,*,#14236,.F.);
#14807=ORIENTED_EDGE('',*,*,#14806,.T.);
#14808=ORIENTED_EDGE('',*,*,#14399,.T.);
#14809=ORIENTED_EDGE('',*,*,#14753,.T.);
#14811=ORIENTED_EDGE('',*,*,#14810,.F.);
#14813=ORIENTED_EDGE('',*,*,#14812,.T.);
#14815=ORIENTED_EDGE('',*,*,#14814,.T.);
#14816=ORIENTED_EDGE('',*,*,#14745,.T.);
#14818=ORIENTED_EDGE('',*,*,#14817,.F.);
#14820=ORIENTED_EDGE('',*,*,#14819,.T.);
#14822=ORIENTED_EDGE('',*,*,#14821,.T.);
#14823=ORIENTED_EDGE('',*,*,#14737,.T.);
#14824=ORIENTED_EDGE('',*,*,#13946,.F.);
#14826=ORIENTED_EDGE('',*,*,#14825,.T.);
#14828=ORIENTED_EDGE('',*,*,#14827,.T.);
#14829=EDGE_LOOP('',(#14790,#14791,#14792,#14794,#14795,#14796,#14797,#14799,
#14801,#14803,#14804,#14805,#14807,#14808,#14809,#14811,#14813,#14815,#14816,
#14818,#14820,#14822,#14823,#14824,#14826,#14828));
#14830=FACE_OUTER_BOUND('',#14829,.F.);
#14831=ADVANCED_FACE('',(#14830),#14789,.F.);
#14832=CARTESIAN_POINT('',(-4.45E0,-7.65E-1,-9.75E-1));
#14833=DIRECTION('',(0.E0,0.E0,-1.E0));
#14834=DIRECTION('',(0.E0,1.E0,0.E0));
#14835=AXIS2_PLACEMENT_3D('',#14832,#14833,#14834);
#14836=PLANE('',#14835);
#14837=ORIENTED_EDGE('',*,*,#13884,.F.);
#14839=ORIENTED_EDGE('',*,*,#14838,.F.);
#14841=ORIENTED_EDGE('',*,*,#14840,.T.);
#14843=ORIENTED_EDGE('',*,*,#14842,.F.);
#14845=ORIENTED_EDGE('',*,*,#14844,.F.);
#14847=ORIENTED_EDGE('',*,*,#14846,.F.);
#14849=ORIENTED_EDGE('',*,*,#14848,.T.);
#14851=ORIENTED_EDGE('',*,*,#14850,.F.);
#14853=ORIENTED_EDGE('',*,*,#14852,.F.);
#14855=ORIENTED_EDGE('',*,*,#14854,.F.);
#14856=ORIENTED_EDGE('',*,*,#14337,.T.);
#14858=ORIENTED_EDGE('',*,*,#14857,.F.);
#14859=ORIENTED_EDGE('',*,*,#14174,.F.);
#14861=ORIENTED_EDGE('',*,*,#14860,.F.);
#14863=ORIENTED_EDGE('',*,*,#14862,.T.);
#14865=ORIENTED_EDGE('',*,*,#14864,.F.);
#14867=ORIENTED_EDGE('',*,*,#14866,.F.);
#14869=ORIENTED_EDGE('',*,*,#14868,.F.);
#14870=ORIENTED_EDGE('',*,*,#14627,.T.);
#14871=ORIENTED_EDGE('',*,*,#14793,.T.);
#14872=ORIENTED_EDGE('',*,*,#10008,.F.);
#14874=ORIENTED_EDGE('',*,*,#14873,.F.);
#14876=ORIENTED_EDGE('',*,*,#14875,.T.);
#14878=ORIENTED_EDGE('',*,*,#14877,.F.);
#14879=EDGE_LOOP('',(#14837,#14839,#14841,#14843,#14845,#14847,#14849,#14851,
#14853,#14855,#14856,#14858,#14859,#14861,#14863,#14865,#14867,#14869,#14870,
#14871,#14872,#14874,#14876,#14878));
#14880=FACE_OUTER_BOUND('',#14879,.F.);
#14881=ADVANCED_FACE('',(#14880),#14836,.F.);
#14882=CARTESIAN_POINT('',(-4.45E0,-8.85E-1,-7.95E-1));
#14883=DIRECTION('',(0.E0,-8.320502943378E-1,-5.547001962252E-1));
#14884=DIRECTION('',(0.E0,5.547001962252E-1,-8.320502943378E-1));
#14885=AXIS2_PLACEMENT_3D('',#14882,#14883,#14884);
#14886=PLANE('',#14885);
#14887=ORIENTED_EDGE('',*,*,#14192,.F.);
#14889=ORIENTED_EDGE('',*,*,#14888,.F.);
#14891=ORIENTED_EDGE('',*,*,#14890,.T.);
#14892=ORIENTED_EDGE('',*,*,#14860,.T.);
#14893=EDGE_LOOP('',(#14887,#14889,#14891,#14892));
#14894=FACE_OUTER_BOUND('',#14893,.F.);
#14895=ADVANCED_FACE('',(#14894),#14886,.F.);
#14896=CARTESIAN_POINT('',(-4.45E0,-8.85E-1,-7.95E-1));
#14897=DIRECTION('',(0.E0,-8.320502943378E-1,-5.547001962252E-1));
#14898=DIRECTION('',(0.E0,5.547001962252E-1,-8.320502943378E-1));
#14899=AXIS2_PLACEMENT_3D('',#14896,#14897,#14898);
#14900=PLANE('',#14899);
#14902=ORIENTED_EDGE('',*,*,#14901,.F.);
#14904=ORIENTED_EDGE('',*,*,#14903,.F.);
#14905=ORIENTED_EDGE('',*,*,#14339,.T.);
#14906=ORIENTED_EDGE('',*,*,#14854,.T.);
#14907=EDGE_LOOP('',(#14902,#14904,#14905,#14906));
#14908=FACE_OUTER_BOUND('',#14907,.F.);
#14909=ADVANCED_FACE('',(#14908),#14900,.F.);
#14910=CARTESIAN_POINT('',(-4.45E0,-8.85E-1,-7.95E-1));
#14911=DIRECTION('',(0.E0,-8.320502943378E-1,-5.547001962252E-1));
#14912=DIRECTION('',(0.E0,5.547001962252E-1,-8.320502943378E-1));
#14913=AXIS2_PLACEMENT_3D('',#14910,#14911,#14912);
#14914=PLANE('',#14913);
#14916=ORIENTED_EDGE('',*,*,#14915,.F.);
#14918=ORIENTED_EDGE('',*,*,#14917,.F.);
#14920=ORIENTED_EDGE('',*,*,#14919,.T.);
#14921=ORIENTED_EDGE('',*,*,#14846,.T.);
#14922=EDGE_LOOP('',(#14916,#14918,#14920,#14921));
#14923=FACE_OUTER_BOUND('',#14922,.F.);
#14924=ADVANCED_FACE('',(#14923),#14914,.F.);
#14925=CARTESIAN_POINT('',(-4.45E0,-8.85E-1,-7.95E-1));
#14926=DIRECTION('',(0.E0,-8.320502943378E-1,-5.547001962252E-1));
#14927=DIRECTION('',(0.E0,5.547001962252E-1,-8.320502943378E-1));
#14928=AXIS2_PLACEMENT_3D('',#14925,#14926,#14927);
#14929=PLANE('',#14928);
#14930=ORIENTED_EDGE('',*,*,#13902,.F.);
#14932=ORIENTED_EDGE('',*,*,#14931,.F.);
#14934=ORIENTED_EDGE('',*,*,#14933,.T.);
#14935=ORIENTED_EDGE('',*,*,#14838,.T.);
#14936=EDGE_LOOP('',(#14930,#14932,#14934,#14935));
#14937=FACE_OUTER_BOUND('',#14936,.F.);
#14938=ADVANCED_FACE('',(#14937),#14929,.F.);
#14939=CARTESIAN_POINT('',(-4.45E0,-8.85E-1,-7.95E-1));
#14940=DIRECTION('',(0.E0,-8.320502943378E-1,-5.547001962252E-1));
#14941=DIRECTION('',(0.E0,5.547001962252E-1,-8.320502943378E-1));
#14942=AXIS2_PLACEMENT_3D('',#14939,#14940,#14941);
#14943=PLANE('',#14942);
#14945=ORIENTED_EDGE('',*,*,#14944,.F.);
#14947=ORIENTED_EDGE('',*,*,#14946,.F.);
#14948=ORIENTED_EDGE('',*,*,#14629,.T.);
#14949=ORIENTED_EDGE('',*,*,#14868,.T.);
#14951=ORIENTED_EDGE('',*,*,#14950,.F.);
#14952=EDGE_LOOP('',(#14945,#14947,#14948,#14949,#14951));
#14953=FACE_OUTER_BOUND('',#14952,.F.);
#14954=ADVANCED_FACE('',(#14953),#14943,.F.);
#14955=CARTESIAN_POINT('',(-4.45E0,-8.85E-1,-7.95E-1));
#14956=DIRECTION('',(0.E0,-8.320502943378E-1,-5.547001962252E-1));
#14957=DIRECTION('',(0.E0,5.547001962252E-1,-8.320502943378E-1));
#14958=AXIS2_PLACEMENT_3D('',#14955,#14956,#14957);
#14959=PLANE('',#14958);
#14960=ORIENTED_EDGE('',*,*,#10006,.T.);
#14962=ORIENTED_EDGE('',*,*,#14961,.F.);
#14964=ORIENTED_EDGE('',*,*,#14963,.F.);
#14966=ORIENTED_EDGE('',*,*,#14965,.T.);
#14967=ORIENTED_EDGE('',*,*,#14873,.T.);
#14968=EDGE_LOOP('',(#14960,#14962,#14964,#14966,#14967));
#14969=FACE_OUTER_BOUND('',#14968,.F.);
#14970=ADVANCED_FACE('',(#14969),#14959,.F.);
#14971=CARTESIAN_POINT('',(-4.45E0,-8.85E-1,1.675E0));
#14972=DIRECTION('',(0.E0,-1.E0,0.E0));
#14973=DIRECTION('',(0.E0,0.E0,-1.E0));
#14974=AXIS2_PLACEMENT_3D('',#14971,#14972,#14973);
#14975=PLANE('',#14974);
#14977=ORIENTED_EDGE('',*,*,#14976,.F.);
#14978=ORIENTED_EDGE('',*,*,#14944,.T.);
#14980=ORIENTED_EDGE('',*,*,#14979,.T.);
#14982=ORIENTED_EDGE('',*,*,#14981,.T.);
#14984=ORIENTED_EDGE('',*,*,#14983,.F.);
#14985=ORIENTED_EDGE('',*,*,#14888,.T.);
#14986=ORIENTED_EDGE('',*,*,#14190,.T.);
#14988=ORIENTED_EDGE('',*,*,#14987,.T.);
#14989=ORIENTED_EDGE('',*,*,#14341,.F.);
#14990=ORIENTED_EDGE('',*,*,#14903,.T.);
#14992=ORIENTED_EDGE('',*,*,#14991,.T.);
#14994=ORIENTED_EDGE('',*,*,#14993,.T.);
#14996=ORIENTED_EDGE('',*,*,#14995,.F.);
#14997=ORIENTED_EDGE('',*,*,#14917,.T.);
#14999=ORIENTED_EDGE('',*,*,#14998,.T.);
#15001=ORIENTED_EDGE('',*,*,#15000,.T.);
#15003=ORIENTED_EDGE('',*,*,#15002,.F.);
#15004=ORIENTED_EDGE('',*,*,#14931,.T.);
#15005=ORIENTED_EDGE('',*,*,#13900,.T.);
#15007=ORIENTED_EDGE('',*,*,#15006,.T.);
#15009=ORIENTED_EDGE('',*,*,#15008,.F.);
#15010=ORIENTED_EDGE('',*,*,#14963,.T.);
#15012=ORIENTED_EDGE('',*,*,#15011,.F.);
#15014=ORIENTED_EDGE('',*,*,#15013,.T.);
#15015=EDGE_LOOP('',(#14977,#14978,#14980,#14982,#14984,#14985,#14986,#14988,
#14989,#14990,#14992,#14994,#14996,#14997,#14999,#15001,#15003,#15004,#15005,
#15007,#15009,#15010,#15012,#15014));
#15016=FACE_OUTER_BOUND('',#15015,.F.);
#15017=ADVANCED_FACE('',(#15016),#14975,.F.);
#15018=CARTESIAN_POINT('',(-3.4E0,-1.085E0,-1.854019173994E0));
#15019=DIRECTION('',(0.E0,0.E0,1.E0));
#15020=DIRECTION('',(0.E0,1.E0,0.E0));
#15021=AXIS2_PLACEMENT_3D('',#15018,#15019,#15020);
#15022=CYLINDRICAL_SURFACE('',#15021,2.E-1);
#15024=ORIENTED_EDGE('',*,*,#15023,.T.);
#15025=ORIENTED_EDGE('',*,*,#14631,.F.);
#15026=ORIENTED_EDGE('',*,*,#14946,.T.);
#15027=ORIENTED_EDGE('',*,*,#14976,.T.);
#15028=EDGE_LOOP('',(#15024,#15025,#15026,#15027));
#15029=FACE_OUTER_BOUND('',#15028,.F.);
#15030=ADVANCED_FACE('',(#15029),#15022,.T.);
#15031=CARTESIAN_POINT('',(-4.45E0,-1.185E0,1.975E0));
#15032=DIRECTION('',(0.E0,-7.071067811865E-1,-7.071067811865E-1));
#15033=DIRECTION('',(0.E0,7.071067811865E-1,-7.071067811865E-1));
#15034=AXIS2_PLACEMENT_3D('',#15031,#15032,#15033);
#15035=PLANE('',#15034);
#15036=ORIENTED_EDGE('',*,*,#15023,.F.);
#15037=ORIENTED_EDGE('',*,*,#15013,.F.);
#15039=ORIENTED_EDGE('',*,*,#15038,.F.);
#15040=ORIENTED_EDGE('',*,*,#10002,.F.);
#15042=ORIENTED_EDGE('',*,*,#15041,.T.);
#15043=ORIENTED_EDGE('',*,*,#14633,.T.);
#15044=EDGE_LOOP('',(#15036,#15037,#15039,#15040,#15042,#15043));
#15045=FACE_OUTER_BOUND('',#15044,.F.);
#15046=ADVANCED_FACE('',(#15045),#15035,.F.);
#15047=CARTESIAN_POINT('',(3.4E0,-1.085E0,2.019763217257E0));
#15048=DIRECTION('',(0.E0,0.E0,-1.E0));
#15049=DIRECTION('',(0.E0,1.E0,0.E0));
#15050=AXIS2_PLACEMENT_3D('',#15047,#15048,#15049);
#15051=CYLINDRICAL_SURFACE('',#15050,2.E-1);
#15052=ORIENTED_EDGE('',*,*,#10004,.F.);
#15053=ORIENTED_EDGE('',*,*,#15038,.T.);
#15054=ORIENTED_EDGE('',*,*,#15011,.T.);
#15055=ORIENTED_EDGE('',*,*,#14961,.T.);
#15056=EDGE_LOOP('',(#15052,#15053,#15054,#15055));
#15057=FACE_OUTER_BOUND('',#15056,.F.);
#15058=ADVANCED_FACE('',(#15057),#15051,.T.);
#15059=CARTESIAN_POINT('',(-4.45E0,-1.925E0,1.975E0));
#15060=DIRECTION('',(0.E0,0.E0,-1.E0));
#15061=DIRECTION('',(0.E0,1.E0,0.E0));
#15062=AXIS2_PLACEMENT_3D('',#15059,#15060,#15061);
#15063=PLANE('',#15062);
#15064=ORIENTED_EDGE('',*,*,#14635,.T.);
#15065=ORIENTED_EDGE('',*,*,#15041,.F.);
#15066=ORIENTED_EDGE('',*,*,#10000,.F.);
#15067=ORIENTED_EDGE('',*,*,#14590,.T.);
#15068=EDGE_LOOP('',(#15064,#15065,#15066,#15067));
#15069=FACE_OUTER_BOUND('',#15068,.F.);
#15070=ADVANCED_FACE('',(#15069),#15063,.F.);
#15071=CARTESIAN_POINT('',(-3.125E0,0.E0,0.E0));
#15072=DIRECTION('',(1.E0,0.E0,0.E0));
#15073=DIRECTION('',(0.E0,0.E0,-1.E0));
#15074=AXIS2_PLACEMENT_3D('',#15071,#15072,#15073);
#15075=PLANE('',#15074);
#15076=ORIENTED_EDGE('',*,*,#14018,.T.);
#15078=ORIENTED_EDGE('',*,*,#15077,.T.);
#15080=ORIENTED_EDGE('',*,*,#15079,.T.);
#15082=ORIENTED_EDGE('',*,*,#15081,.T.);
#15084=ORIENTED_EDGE('',*,*,#15083,.T.);
#15086=ORIENTED_EDGE('',*,*,#15085,.T.);
#15088=ORIENTED_EDGE('',*,*,#15087,.T.);
#15090=ORIENTED_EDGE('',*,*,#15089,.T.);
#15091=ORIENTED_EDGE('',*,*,#10079,.F.);
#15092=ORIENTED_EDGE('',*,*,#14099,.T.);
#15093=EDGE_LOOP('',(#15076,#15078,#15080,#15082,#15084,#15086,#15088,#15090,
#15091,#15092));
#15094=FACE_OUTER_BOUND('',#15093,.F.);
#15095=ADVANCED_FACE('',(#15094),#15075,.F.);
#15096=CARTESIAN_POINT('',(-3.125E0,0.E0,0.E0));
#15097=DIRECTION('',(1.E0,0.E0,0.E0));
#15098=DIRECTION('',(0.E0,0.E0,-1.E0));
#15099=AXIS2_PLACEMENT_3D('',#15096,#15097,#15098);
#15100=PLANE('',#15099);
#15102=ORIENTED_EDGE('',*,*,#15101,.T.);
#15104=ORIENTED_EDGE('',*,*,#15103,.T.);
#15105=ORIENTED_EDGE('',*,*,#14554,.T.);
#15107=ORIENTED_EDGE('',*,*,#15106,.T.);
#15109=ORIENTED_EDGE('',*,*,#15108,.T.);
#15111=ORIENTED_EDGE('',*,*,#15110,.T.);
#15113=ORIENTED_EDGE('',*,*,#15112,.T.);
#15114=EDGE_LOOP('',(#15102,#15104,#15105,#15107,#15109,#15111,#15113));
#15115=FACE_OUTER_BOUND('',#15114,.F.);
#15116=ADVANCED_FACE('',(#15115),#15100,.F.);
#15117=CARTESIAN_POINT('',(-3.125E0,0.E0,0.E0));
#15118=DIRECTION('',(1.E0,0.E0,0.E0));
#15119=DIRECTION('',(0.E0,0.E0,-1.E0));
#15120=AXIS2_PLACEMENT_3D('',#15117,#15118,#15119);
#15121=PLANE('',#15120);
#15122=ORIENTED_EDGE('',*,*,#14866,.T.);
#15124=ORIENTED_EDGE('',*,*,#15123,.T.);
#15126=ORIENTED_EDGE('',*,*,#15125,.T.);
#15128=ORIENTED_EDGE('',*,*,#15127,.T.);
#15130=ORIENTED_EDGE('',*,*,#15129,.T.);
#15132=ORIENTED_EDGE('',*,*,#15131,.T.);
#15134=ORIENTED_EDGE('',*,*,#15133,.T.);
#15136=ORIENTED_EDGE('',*,*,#15135,.T.);
#15137=ORIENTED_EDGE('',*,*,#14979,.F.);
#15138=ORIENTED_EDGE('',*,*,#14950,.T.);
#15139=EDGE_LOOP('',(#15122,#15124,#15126,#15128,#15130,#15132,#15134,#15136,
#15137,#15138));
#15140=FACE_OUTER_BOUND('',#15139,.F.);
#15141=ADVANCED_FACE('',(#15140),#15121,.F.);
#15142=CARTESIAN_POINT('',(-3.125E0,0.E0,0.E0));
#15143=DIRECTION('',(1.E0,0.E0,0.E0));
#15144=DIRECTION('',(0.E0,0.E0,-1.E0));
#15145=AXIS2_PLACEMENT_3D('',#15142,#15143,#15144);
#15146=PLANE('',#15145);
#15148=ORIENTED_EDGE('',*,*,#15147,.F.);
#15150=ORIENTED_EDGE('',*,*,#15149,.T.);
#15152=ORIENTED_EDGE('',*,*,#15151,.T.);
#15154=ORIENTED_EDGE('',*,*,#15153,.T.);
#15156=ORIENTED_EDGE('',*,*,#15155,.T.);
#15158=ORIENTED_EDGE('',*,*,#15157,.T.);
#15160=ORIENTED_EDGE('',*,*,#15159,.T.);
#15162=ORIENTED_EDGE('',*,*,#15161,.T.);
#15164=ORIENTED_EDGE('',*,*,#15163,.T.);
#15166=ORIENTED_EDGE('',*,*,#15165,.T.);
#15168=ORIENTED_EDGE('',*,*,#15167,.T.);
#15170=ORIENTED_EDGE('',*,*,#15169,.T.);
#15172=ORIENTED_EDGE('',*,*,#15171,.T.);
#15173=EDGE_LOOP('',(#15148,#15150,#15152,#15154,#15156,#15158,#15160,#15162,
#15164,#15166,#15168,#15170,#15172));
#15174=FACE_OUTER_BOUND('',#15173,.F.);
#15175=ADVANCED_FACE('',(#15174),#15146,.F.);
#15176=CARTESIAN_POINT('',(-3.125E0,0.E0,0.E0));
#15177=DIRECTION('',(1.E0,0.E0,0.E0));
#15178=DIRECTION('',(0.E0,0.E0,-1.E0));
#15179=AXIS2_PLACEMENT_3D('',#15176,#15177,#15178);
#15180=PLANE('',#15179);
#15181=ORIENTED_EDGE('',*,*,#14798,.T.);
#15182=ORIENTED_EDGE('',*,*,#14765,.T.);
#15184=ORIENTED_EDGE('',*,*,#15183,.T.);
#15186=ORIENTED_EDGE('',*,*,#15185,.T.);
#15188=ORIENTED_EDGE('',*,*,#15187,.T.);
#15190=ORIENTED_EDGE('',*,*,#15189,.T.);
#15192=ORIENTED_EDGE('',*,*,#15191,.T.);
#15193=EDGE_LOOP('',(#15181,#15182,#15184,#15186,#15188,#15190,#15192));
#15194=FACE_OUTER_BOUND('',#15193,.F.);
#15195=ADVANCED_FACE('',(#15194),#15180,.F.);
#15196=CARTESIAN_POINT('',(-3.125E0,0.E0,0.E0));
#15197=DIRECTION('',(1.E0,0.E0,0.E0));
#15198=DIRECTION('',(0.E0,0.E0,-1.E0));
#15199=AXIS2_PLACEMENT_3D('',#15196,#15197,#15198);
#15200=PLANE('',#15199);
#15202=ORIENTED_EDGE('',*,*,#15201,.T.);
#15204=ORIENTED_EDGE('',*,*,#15203,.F.);
#15206=ORIENTED_EDGE('',*,*,#15205,.T.);
#15208=ORIENTED_EDGE('',*,*,#15207,.T.);
#15209=ORIENTED_EDGE('',*,*,#13795,.F.);
#15211=ORIENTED_EDGE('',*,*,#15210,.F.);
#15212=EDGE_LOOP('',(#15202,#15204,#15206,#15208,#15209,#15211));
#15213=FACE_OUTER_BOUND('',#15212,.F.);
#15214=ADVANCED_FACE('',(#15213),#15200,.F.);
#15215=CARTESIAN_POINT('',(-3.125E0,-3.145E0,-1.625E0));
#15216=DIRECTION('',(0.E0,1.E0,0.E0));
#15217=DIRECTION('',(0.E0,0.E0,1.E0));
#15218=AXIS2_PLACEMENT_3D('',#15215,#15216,#15217);
#15219=PLANE('',#15218);
#15220=ORIENTED_EDGE('',*,*,#14016,.T.);
#15222=ORIENTED_EDGE('',*,*,#15221,.T.);
#15224=ORIENTED_EDGE('',*,*,#15223,.F.);
#15225=ORIENTED_EDGE('',*,*,#15077,.F.);
#15226=EDGE_LOOP('',(#15220,#15222,#15224,#15225));
#15227=FACE_OUTER_BOUND('',#15226,.F.);
#15228=ADVANCED_FACE('',(#15227),#15219,.T.);
#15229=CARTESIAN_POINT('',(-2.875E0,0.E0,0.E0));
#15230=DIRECTION('',(1.E0,0.E0,0.E0));
#15231=DIRECTION('',(0.E0,0.E0,-1.E0));
#15232=AXIS2_PLACEMENT_3D('',#15229,#15230,#15231);
#15233=PLANE('',#15232);
#15234=ORIENTED_EDGE('',*,*,#14014,.F.);
#15235=ORIENTED_EDGE('',*,*,#14044,.F.);
#15236=ORIENTED_EDGE('',*,*,#10083,.T.);
#15238=ORIENTED_EDGE('',*,*,#15237,.F.);
#15240=ORIENTED_EDGE('',*,*,#15239,.F.);
#15242=ORIENTED_EDGE('',*,*,#15241,.F.);
#15244=ORIENTED_EDGE('',*,*,#15243,.F.);
#15246=ORIENTED_EDGE('',*,*,#15245,.F.);
#15248=ORIENTED_EDGE('',*,*,#15247,.F.);
#15249=ORIENTED_EDGE('',*,*,#15221,.F.);
#15250=EDGE_LOOP('',(#15234,#15235,#15236,#15238,#15240,#15242,#15244,#15246,
#15248,#15249));
#15251=FACE_OUTER_BOUND('',#15250,.F.);
#15252=ADVANCED_FACE('',(#15251),#15233,.T.);
#15253=CARTESIAN_POINT('',(-2.875E0,0.E0,0.E0));
#15254=DIRECTION('',(1.E0,0.E0,0.E0));
#15255=DIRECTION('',(0.E0,0.E0,-1.E0));
#15256=AXIS2_PLACEMENT_3D('',#15253,#15254,#15255);
#15257=PLANE('',#15256);
#15259=ORIENTED_EDGE('',*,*,#15258,.F.);
#15261=ORIENTED_EDGE('',*,*,#15260,.F.);
#15263=ORIENTED_EDGE('',*,*,#15262,.F.);
#15265=ORIENTED_EDGE('',*,*,#15264,.F.);
#15267=ORIENTED_EDGE('',*,*,#15266,.F.);
#15268=ORIENTED_EDGE('',*,*,#14550,.F.);
#15270=ORIENTED_EDGE('',*,*,#15269,.F.);
#15271=EDGE_LOOP('',(#15259,#15261,#15263,#15265,#15267,#15268,#15270));
#15272=FACE_OUTER_BOUND('',#15271,.F.);
#15273=ADVANCED_FACE('',(#15272),#15257,.T.);
#15274=CARTESIAN_POINT('',(-2.875E0,0.E0,0.E0));
#15275=DIRECTION('',(1.E0,0.E0,0.E0));
#15276=DIRECTION('',(0.E0,0.E0,-1.E0));
#15277=AXIS2_PLACEMENT_3D('',#15274,#15275,#15276);
#15278=PLANE('',#15277);
#15279=ORIENTED_EDGE('',*,*,#14862,.F.);
#15280=ORIENTED_EDGE('',*,*,#14890,.F.);
#15281=ORIENTED_EDGE('',*,*,#14983,.T.);
#15283=ORIENTED_EDGE('',*,*,#15282,.F.);
#15285=ORIENTED_EDGE('',*,*,#15284,.F.);
#15287=ORIENTED_EDGE('',*,*,#15286,.F.);
#15289=ORIENTED_EDGE('',*,*,#15288,.F.);
#15291=ORIENTED_EDGE('',*,*,#15290,.F.);
#15293=ORIENTED_EDGE('',*,*,#15292,.F.);
#15295=ORIENTED_EDGE('',*,*,#15294,.F.);
#15296=EDGE_LOOP('',(#15279,#15280,#15281,#15283,#15285,#15287,#15289,#15291,
#15293,#15295));
#15297=FACE_OUTER_BOUND('',#15296,.F.);
#15298=ADVANCED_FACE('',(#15297),#15278,.T.);
#15299=CARTESIAN_POINT('',(-2.875E0,0.E0,0.E0));
#15300=DIRECTION('',(1.E0,0.E0,0.E0));
#15301=DIRECTION('',(0.E0,0.E0,-1.E0));
#15302=AXIS2_PLACEMENT_3D('',#15299,#15300,#15301);
#15303=PLANE('',#15302);
#15305=ORIENTED_EDGE('',*,*,#15304,.T.);
#15307=ORIENTED_EDGE('',*,*,#15306,.F.);
#15309=ORIENTED_EDGE('',*,*,#15308,.F.);
#15311=ORIENTED_EDGE('',*,*,#15310,.F.);
#15313=ORIENTED_EDGE('',*,*,#15312,.F.);
#15315=ORIENTED_EDGE('',*,*,#15314,.F.);
#15317=ORIENTED_EDGE('',*,*,#15316,.F.);
#15319=ORIENTED_EDGE('',*,*,#15318,.F.);
#15321=ORIENTED_EDGE('',*,*,#15320,.F.);
#15323=ORIENTED_EDGE('',*,*,#15322,.F.);
#15325=ORIENTED_EDGE('',*,*,#15324,.F.);
#15327=ORIENTED_EDGE('',*,*,#15326,.F.);
#15329=ORIENTED_EDGE('',*,*,#15328,.F.);
#15330=EDGE_LOOP('',(#15305,#15307,#15309,#15311,#15313,#15315,#15317,#15319,
#15321,#15323,#15325,#15327,#15329));
#15331=FACE_OUTER_BOUND('',#15330,.F.);
#15332=ADVANCED_FACE('',(#15331),#15303,.T.);
#15333=CARTESIAN_POINT('',(-2.875E0,0.E0,0.E0));
#15334=DIRECTION('',(1.E0,0.E0,0.E0));
#15335=DIRECTION('',(0.E0,0.E0,-1.E0));
#15336=AXIS2_PLACEMENT_3D('',#15333,#15334,#15335);
#15337=PLANE('',#15336);
#15338=ORIENTED_EDGE('',*,*,#14802,.F.);
#15340=ORIENTED_EDGE('',*,*,#15339,.F.);
#15342=ORIENTED_EDGE('',*,*,#15341,.F.);
#15344=ORIENTED_EDGE('',*,*,#15343,.F.);
#15346=ORIENTED_EDGE('',*,*,#15345,.F.);
#15348=ORIENTED_EDGE('',*,*,#15347,.F.);
#15349=ORIENTED_EDGE('',*,*,#14761,.F.);
#15350=EDGE_LOOP('',(#15338,#15340,#15342,#15344,#15346,#15348,#15349));
#15351=FACE_OUTER_BOUND('',#15350,.F.);
#15352=ADVANCED_FACE('',(#15351),#15337,.T.);
#15353=CARTESIAN_POINT('',(-2.875E0,0.E0,0.E0));
#15354=DIRECTION('',(1.E0,0.E0,0.E0));
#15355=DIRECTION('',(0.E0,0.E0,-1.E0));
#15356=AXIS2_PLACEMENT_3D('',#15353,#15354,#15355);
#15357=PLANE('',#15356);
#15359=ORIENTED_EDGE('',*,*,#15358,.T.);
#15361=ORIENTED_EDGE('',*,*,#15360,.F.);
#15363=ORIENTED_EDGE('',*,*,#15362,.F.);
#15365=ORIENTED_EDGE('',*,*,#15364,.F.);
#15367=ORIENTED_EDGE('',*,*,#15366,.T.);
#15368=ORIENTED_EDGE('',*,*,#13799,.T.);
#15369=EDGE_LOOP('',(#15359,#15361,#15363,#15365,#15367,#15368));
#15370=FACE_OUTER_BOUND('',#15369,.F.);
#15371=ADVANCED_FACE('',(#15370),#15357,.T.);
#15372=CARTESIAN_POINT('',(-3.125E0,-3.615E0,1.455E0));
#15373=DIRECTION('',(1.E0,0.E0,0.E0));
#15374=DIRECTION('',(0.E0,0.E0,-1.E0));
#15375=AXIS2_PLACEMENT_3D('',#15372,#15373,#15374);
#15376=CYLINDRICAL_SURFACE('',#15375,1.E-1);
#15377=ORIENTED_EDGE('',*,*,#10081,.F.);
#15378=ORIENTED_EDGE('',*,*,#15089,.F.);
#15380=ORIENTED_EDGE('',*,*,#15379,.T.);
#15381=ORIENTED_EDGE('',*,*,#15237,.T.);
#15382=EDGE_LOOP('',(#15377,#15378,#15380,#15381));
#15383=FACE_OUTER_BOUND('',#15382,.F.);
#15384=ADVANCED_FACE('',(#15383),#15376,.T.);
#15385=CARTESIAN_POINT('',(-3.125E0,-3.182592812507E0,9.514883077779E-1));
#15386=DIRECTION('',(0.E0,8.481437498598E-1,5.297661555572E-1));
#15387=DIRECTION('',(0.E0,-5.297661555572E-1,8.481437498598E-1));
#15388=AXIS2_PLACEMENT_3D('',#15385,#15386,#15387);
#15389=PLANE('',#15388);
#15390=ORIENTED_EDGE('',*,*,#15087,.F.);
#15392=ORIENTED_EDGE('',*,*,#15391,.T.);
#15393=ORIENTED_EDGE('',*,*,#15239,.T.);
#15394=ORIENTED_EDGE('',*,*,#15379,.F.);
#15395=EDGE_LOOP('',(#15390,#15392,#15393,#15394));
#15396=FACE_OUTER_BOUND('',#15395,.F.);
#15397=ADVANCED_FACE('',(#15396),#15389,.T.);
#15398=CARTESIAN_POINT('',(-3.125E0,-3.225E0,9.25E-1));
#15399=DIRECTION('',(1.E0,0.E0,0.E0));
#15400=DIRECTION('',(0.E0,0.E0,-1.E0));
#15401=AXIS2_PLACEMENT_3D('',#15398,#15399,#15400);
#15402=CYLINDRICAL_SURFACE('',#15401,5.E-2);
#15403=ORIENTED_EDGE('',*,*,#15085,.F.);
#15405=ORIENTED_EDGE('',*,*,#15404,.T.);
#15406=ORIENTED_EDGE('',*,*,#15241,.T.);
#15407=ORIENTED_EDGE('',*,*,#15391,.F.);
#15408=EDGE_LOOP('',(#15403,#15405,#15406,#15407));
#15409=FACE_OUTER_BOUND('',#15408,.F.);
#15410=ADVANCED_FACE('',(#15409),#15402,.T.);
#15411=CARTESIAN_POINT('',(-3.125E0,-3.315E0,6.25E-1));
#15412=DIRECTION('',(0.E0,8.996712436539E-1,-4.365680397628E-1));
#15413=DIRECTION('',(0.E0,4.365680397628E-1,8.996712436539E-1));
#15414=AXIS2_PLACEMENT_3D('',#15411,#15412,#15413);
#15415=PLANE('',#15414);
#15416=ORIENTED_EDGE('',*,*,#15083,.F.);
#15418=ORIENTED_EDGE('',*,*,#15417,.T.);
#15419=ORIENTED_EDGE('',*,*,#15243,.T.);
#15420=ORIENTED_EDGE('',*,*,#15404,.F.);
#15421=EDGE_LOOP('',(#15416,#15418,#15419,#15420));
#15422=FACE_OUTER_BOUND('',#15421,.F.);
#15423=ADVANCED_FACE('',(#15422),#15415,.T.);
#15424=CARTESIAN_POINT('',(-3.125E0,-3.315E0,-6.15E-1));
#15425=DIRECTION('',(0.E0,1.E0,0.E0));
#15426=DIRECTION('',(0.E0,0.E0,1.E0));
#15427=AXIS2_PLACEMENT_3D('',#15424,#15425,#15426);
#15428=PLANE('',#15427);
#15429=ORIENTED_EDGE('',*,*,#15081,.F.);
#15431=ORIENTED_EDGE('',*,*,#15430,.T.);
#15432=ORIENTED_EDGE('',*,*,#15245,.T.);
#15433=ORIENTED_EDGE('',*,*,#15417,.F.);
#15434=EDGE_LOOP('',(#15429,#15431,#15432,#15433));
#15435=FACE_OUTER_BOUND('',#15434,.F.);
#15436=ADVANCED_FACE('',(#15435),#15428,.T.);
#15437=CARTESIAN_POINT('',(-3.125E0,-3.145E0,-8.65E-1));
#15438=DIRECTION('',(0.E0,8.269265020695E-1,5.623100214073E-1));
#15439=DIRECTION('',(0.E0,-5.623100214073E-1,8.269265020695E-1));
#15440=AXIS2_PLACEMENT_3D('',#15437,#15438,#15439);
#15441=PLANE('',#15440);
#15442=ORIENTED_EDGE('',*,*,#15079,.F.);
#15443=ORIENTED_EDGE('',*,*,#15223,.T.);
#15444=ORIENTED_EDGE('',*,*,#15247,.T.);
#15445=ORIENTED_EDGE('',*,*,#15430,.F.);
#15446=EDGE_LOOP('',(#15442,#15443,#15444,#15445));
#15447=FACE_OUTER_BOUND('',#15446,.F.);
#15448=ADVANCED_FACE('',(#15447),#15441,.T.);
#15449=CARTESIAN_POINT('',(-3.125E0,-2.235E0,4.776630953573E-1));
#15450=DIRECTION('',(0.E0,-1.E0,0.E0));
#15451=DIRECTION('',(0.E0,0.E0,-1.E0));
#15452=AXIS2_PLACEMENT_3D('',#15449,#15450,#15451);
#15453=PLANE('',#15452);
#15454=ORIENTED_EDGE('',*,*,#15101,.F.);
#15456=ORIENTED_EDGE('',*,*,#15455,.T.);
#15457=ORIENTED_EDGE('',*,*,#15258,.T.);
#15459=ORIENTED_EDGE('',*,*,#15458,.F.);
#15460=EDGE_LOOP('',(#15454,#15456,#15457,#15459));
#15461=FACE_OUTER_BOUND('',#15460,.F.);
#15462=ADVANCED_FACE('',(#15461),#15453,.T.);
#15463=CARTESIAN_POINT('',(-3.125E0,-2.635E0,4.776630953573E-1));
#15464=DIRECTION('',(1.E0,0.E0,0.E0));
#15465=DIRECTION('',(0.E0,0.E0,-1.E0));
#15466=AXIS2_PLACEMENT_3D('',#15463,#15464,#15465);
#15467=CYLINDRICAL_SURFACE('',#15466,4.E-1);
#15468=ORIENTED_EDGE('',*,*,#15112,.F.);
#15470=ORIENTED_EDGE('',*,*,#15469,.T.);
#15471=ORIENTED_EDGE('',*,*,#15260,.T.);
#15472=ORIENTED_EDGE('',*,*,#15455,.F.);
#15473=EDGE_LOOP('',(#15468,#15470,#15471,#15472));
#15474=FACE_OUTER_BOUND('',#15473,.F.);
#15475=ADVANCED_FACE('',(#15474),#15467,.F.);
#15476=CARTESIAN_POINT('',(-3.125E0,-2.463053281121E0,8.925662552900E-1));
#15477=DIRECTION('',(0.E0,-7.610656224226E-1,-6.486748942009E-1));
#15478=DIRECTION('',(0.E0,6.486748942009E-1,-7.610656224226E-1));
#15479=AXIS2_PLACEMENT_3D('',#15476,#15477,#15478);
#15480=PLANE('',#15479);
#15481=ORIENTED_EDGE('',*,*,#15110,.F.);
#15483=ORIENTED_EDGE('',*,*,#15482,.T.);
#15484=ORIENTED_EDGE('',*,*,#15262,.T.);
#15485=ORIENTED_EDGE('',*,*,#15469,.F.);
#15486=EDGE_LOOP('',(#15481,#15483,#15484,#15485));
#15487=FACE_OUTER_BOUND('',#15486,.F.);
#15488=ADVANCED_FACE('',(#15487),#15480,.T.);
#15489=CARTESIAN_POINT('',(-3.125E0,-2.425E0,9.25E-1));
#15490=DIRECTION('',(1.E0,0.E0,0.E0));
#15491=DIRECTION('',(0.E0,0.E0,-1.E0));
#15492=AXIS2_PLACEMENT_3D('',#15489,#15490,#15491);
#15493=CYLINDRICAL_SURFACE('',#15492,5.E-2);
#15494=ORIENTED_EDGE('',*,*,#15108,.F.);
#15496=ORIENTED_EDGE('',*,*,#15495,.T.);
#15497=ORIENTED_EDGE('',*,*,#15264,.T.);
#15498=ORIENTED_EDGE('',*,*,#15482,.F.);
#15499=EDGE_LOOP('',(#15494,#15496,#15497,#15498));
#15500=FACE_OUTER_BOUND('',#15499,.F.);
#15501=ADVANCED_FACE('',(#15500),#15493,.T.);
#15502=CARTESIAN_POINT('',(-3.125E0,-2.216764840171E0,1.468656803976E0));
#15503=DIRECTION('',(0.E0,-8.996712436539E-1,4.365680397628E-1));
#15504=DIRECTION('',(0.E0,-4.365680397628E-1,-8.996712436539E-1));
#15505=AXIS2_PLACEMENT_3D('',#15502,#15503,#15504);
#15506=PLANE('',#15505);
#15507=ORIENTED_EDGE('',*,*,#14552,.T.);
#15508=ORIENTED_EDGE('',*,*,#15266,.T.);
#15509=ORIENTED_EDGE('',*,*,#15495,.F.);
#15510=ORIENTED_EDGE('',*,*,#15106,.F.);
#15511=EDGE_LOOP('',(#15507,#15508,#15509,#15510));
#15512=FACE_OUTER_BOUND('',#15511,.F.);
#15513=ADVANCED_FACE('',(#15512),#15506,.T.);
#15514=CARTESIAN_POINT('',(-4.45E0,-2.375E0,-9.75E-1));
#15515=DIRECTION('',(0.E0,8.574929257125E-1,-5.144957554275E-1));
#15516=DIRECTION('',(0.E0,5.144957554275E-1,8.574929257125E-1));
#15517=AXIS2_PLACEMENT_3D('',#15514,#15515,#15516);
#15518=PLANE('',#15517);
#15519=ORIENTED_EDGE('',*,*,#14639,.T.);
#15520=ORIENTED_EDGE('',*,*,#14605,.F.);
#15521=ORIENTED_EDGE('',*,*,#14556,.F.);
#15522=ORIENTED_EDGE('',*,*,#15103,.F.);
#15523=ORIENTED_EDGE('',*,*,#15458,.T.);
#15524=ORIENTED_EDGE('',*,*,#15269,.T.);
#15525=ORIENTED_EDGE('',*,*,#14548,.F.);
#15526=ORIENTED_EDGE('',*,*,#14164,.F.);
#15528=ORIENTED_EDGE('',*,*,#15527,.T.);
#15529=ORIENTED_EDGE('',*,*,#14317,.T.);
#15530=ORIENTED_EDGE('',*,*,#14542,.F.);
#15532=ORIENTED_EDGE('',*,*,#15531,.F.);
#15534=ORIENTED_EDGE('',*,*,#15533,.T.);
#15536=ORIENTED_EDGE('',*,*,#15535,.T.);
#15537=ORIENTED_EDGE('',*,*,#14534,.F.);
#15539=ORIENTED_EDGE('',*,*,#15538,.F.);
#15541=ORIENTED_EDGE('',*,*,#15540,.T.);
#15543=ORIENTED_EDGE('',*,*,#15542,.T.);
#15544=ORIENTED_EDGE('',*,*,#14526,.F.);
#15545=ORIENTED_EDGE('',*,*,#13864,.F.);
#15547=ORIENTED_EDGE('',*,*,#15546,.T.);
#15549=ORIENTED_EDGE('',*,*,#15548,.T.);
#15550=ORIENTED_EDGE('',*,*,#14519,.F.);
#15551=ORIENTED_EDGE('',*,*,#14573,.F.);
#15552=ORIENTED_EDGE('',*,*,#9994,.T.);
#15553=ORIENTED_EDGE('',*,*,#14024,.T.);
#15554=EDGE_LOOP('',(#15519,#15520,#15521,#15522,#15523,#15524,#15525,#15526,
#15528,#15529,#15530,#15532,#15534,#15536,#15537,#15539,#15541,#15543,#15544,
#15545,#15547,#15549,#15550,#15551,#15552,#15553));
#15555=FACE_OUTER_BOUND('',#15554,.F.);
#15556=ADVANCED_FACE('',(#15555),#15518,.F.);
#15557=CARTESIAN_POINT('',(-1.625E0,-2.235E0,4.776630953573E-1));
#15558=DIRECTION('',(0.E0,-1.E0,0.E0));
#15559=DIRECTION('',(0.E0,0.E0,-1.E0));
#15560=AXIS2_PLACEMENT_3D('',#15557,#15558,#15559);
#15561=PLANE('',#15560);
#15562=ORIENTED_EDGE('',*,*,#14162,.F.);
#15564=ORIENTED_EDGE('',*,*,#15563,.T.);
#15565=ORIENTED_EDGE('',*,*,#14319,.T.);
#15566=ORIENTED_EDGE('',*,*,#15527,.F.);
#15567=EDGE_LOOP('',(#15562,#15564,#15565,#15566));
#15568=FACE_OUTER_BOUND('',#15567,.F.);
#15569=ADVANCED_FACE('',(#15568),#15561,.T.);
#15570=CARTESIAN_POINT('',(-1.625E0,-2.635E0,4.776630953573E-1));
#15571=DIRECTION('',(1.E0,0.E0,0.E0));
#15572=DIRECTION('',(0.E0,0.E0,-1.E0));
#15573=AXIS2_PLACEMENT_3D('',#15570,#15571,#15572);
#15574=CYLINDRICAL_SURFACE('',#15573,4.E-1);
#15575=ORIENTED_EDGE('',*,*,#14160,.F.);
#15577=ORIENTED_EDGE('',*,*,#15576,.T.);
#15578=ORIENTED_EDGE('',*,*,#14321,.T.);
#15579=ORIENTED_EDGE('',*,*,#15563,.F.);
#15580=EDGE_LOOP('',(#15575,#15577,#15578,#15579));
#15581=FACE_OUTER_BOUND('',#15580,.F.);
#15582=ADVANCED_FACE('',(#15581),#15574,.F.);
#15583=CARTESIAN_POINT('',(-1.625E0,-2.463053281121E0,8.925662552900E-1));
#15584=DIRECTION('',(0.E0,-7.610656224226E-1,-6.486748942009E-1));
#15585=DIRECTION('',(0.E0,6.486748942009E-1,-7.610656224226E-1));
#15586=AXIS2_PLACEMENT_3D('',#15583,#15584,#15585);
#15587=PLANE('',#15586);
#15588=ORIENTED_EDGE('',*,*,#14158,.F.);
#15590=ORIENTED_EDGE('',*,*,#15589,.T.);
#15591=ORIENTED_EDGE('',*,*,#14323,.T.);
#15592=ORIENTED_EDGE('',*,*,#15576,.F.);
#15593=EDGE_LOOP('',(#15588,#15590,#15591,#15592));
#15594=FACE_OUTER_BOUND('',#15593,.F.);
#15595=ADVANCED_FACE('',(#15594),#15587,.T.);
#15596=CARTESIAN_POINT('',(-1.625E0,-2.425E0,9.25E-1));
#15597=DIRECTION('',(1.E0,0.E0,0.E0));
#15598=DIRECTION('',(0.E0,0.E0,-1.E0));
#15599=AXIS2_PLACEMENT_3D('',#15596,#15597,#15598);
#15600=CYLINDRICAL_SURFACE('',#15599,5.E-2);
#15601=ORIENTED_EDGE('',*,*,#14156,.F.);
#15603=ORIENTED_EDGE('',*,*,#15602,.T.);
#15604=ORIENTED_EDGE('',*,*,#14325,.T.);
#15605=ORIENTED_EDGE('',*,*,#15589,.F.);
#15606=EDGE_LOOP('',(#15601,#15603,#15604,#15605));
#15607=FACE_OUTER_BOUND('',#15606,.F.);
#15608=ADVANCED_FACE('',(#15607),#15600,.T.);
#15609=CARTESIAN_POINT('',(-1.625E0,-2.216764840171E0,1.468656803976E0));
#15610=DIRECTION('',(0.E0,-8.996712436539E-1,4.365680397628E-1));
#15611=DIRECTION('',(0.E0,-4.365680397628E-1,-8.996712436539E-1));
#15612=AXIS2_PLACEMENT_3D('',#15609,#15610,#15611);
#15613=PLANE('',#15612);
#15614=ORIENTED_EDGE('',*,*,#14545,.T.);
#15615=ORIENTED_EDGE('',*,*,#14327,.T.);
#15616=ORIENTED_EDGE('',*,*,#15602,.F.);
#15617=ORIENTED_EDGE('',*,*,#14154,.F.);
#15618=EDGE_LOOP('',(#15614,#15615,#15616,#15617));
#15619=FACE_OUTER_BOUND('',#15618,.F.);
#15620=ADVANCED_FACE('',(#15619),#15613,.T.);
#15621=CARTESIAN_POINT('',(-1.25E-1,0.E0,0.E0));
#15622=DIRECTION('',(1.E0,0.E0,0.E0));
#15623=DIRECTION('',(0.E0,0.E0,-1.E0));
#15624=AXIS2_PLACEMENT_3D('',#15621,#15622,#15623);
#15625=PLANE('',#15624);
#15626=ORIENTED_EDGE('',*,*,#10095,.F.);
#15627=ORIENTED_EDGE('',*,*,#14055,.T.);
#15628=ORIENTED_EDGE('',*,*,#14002,.T.);
#15630=ORIENTED_EDGE('',*,*,#15629,.T.);
#15632=ORIENTED_EDGE('',*,*,#15631,.T.);
#15634=ORIENTED_EDGE('',*,*,#15633,.T.);
#15636=ORIENTED_EDGE('',*,*,#15635,.T.);
#15638=ORIENTED_EDGE('',*,*,#15637,.T.);
#15640=ORIENTED_EDGE('',*,*,#15639,.T.);
#15642=ORIENTED_EDGE('',*,*,#15641,.T.);
#15643=EDGE_LOOP('',(#15626,#15627,#15628,#15630,#15632,#15634,#15636,#15638,
#15640,#15642));
#15644=FACE_OUTER_BOUND('',#15643,.F.);
#15645=ADVANCED_FACE('',(#15644),#15625,.F.);
#15646=CARTESIAN_POINT('',(-1.25E-1,0.E0,0.E0));
#15647=DIRECTION('',(1.E0,0.E0,0.E0));
#15648=DIRECTION('',(0.E0,0.E0,-1.E0));
#15649=AXIS2_PLACEMENT_3D('',#15646,#15647,#15648);
#15650=PLANE('',#15649);
#15651=ORIENTED_EDGE('',*,*,#14540,.T.);
#15653=ORIENTED_EDGE('',*,*,#15652,.T.);
#15655=ORIENTED_EDGE('',*,*,#15654,.T.);
#15657=ORIENTED_EDGE('',*,*,#15656,.T.);
#15659=ORIENTED_EDGE('',*,*,#15658,.T.);
#15661=ORIENTED_EDGE('',*,*,#15660,.T.);
#15662=ORIENTED_EDGE('',*,*,#15531,.T.);
#15663=EDGE_LOOP('',(#15651,#15653,#15655,#15657,#15659,#15661,#15662));
#15664=FACE_OUTER_BOUND('',#15663,.F.);
#15665=ADVANCED_FACE('',(#15664),#15650,.F.);
#15666=CARTESIAN_POINT('',(-1.25E-1,0.E0,0.E0));
#15667=DIRECTION('',(1.E0,0.E0,0.E0));
#15668=DIRECTION('',(0.E0,0.E0,-1.E0));
#15669=AXIS2_PLACEMENT_3D('',#15666,#15667,#15668);
#15670=PLANE('',#15669);
#15671=ORIENTED_EDGE('',*,*,#14852,.T.);
#15673=ORIENTED_EDGE('',*,*,#15672,.T.);
#15675=ORIENTED_EDGE('',*,*,#15674,.T.);
#15677=ORIENTED_EDGE('',*,*,#15676,.T.);
#15679=ORIENTED_EDGE('',*,*,#15678,.T.);
#15681=ORIENTED_EDGE('',*,*,#15680,.T.);
#15683=ORIENTED_EDGE('',*,*,#15682,.T.);
#15685=ORIENTED_EDGE('',*,*,#15684,.T.);
#15686=ORIENTED_EDGE('',*,*,#14991,.F.);
#15687=ORIENTED_EDGE('',*,*,#14901,.T.);
#15688=EDGE_LOOP('',(#15671,#15673,#15675,#15677,#15679,#15681,#15683,#15685,
#15686,#15687));
#15689=FACE_OUTER_BOUND('',#15688,.F.);
#15690=ADVANCED_FACE('',(#15689),#15670,.F.);
#15691=CARTESIAN_POINT('',(-1.25E-1,0.E0,0.E0));
#15692=DIRECTION('',(1.E0,0.E0,0.E0));
#15693=DIRECTION('',(0.E0,0.E0,-1.E0));
#15694=AXIS2_PLACEMENT_3D('',#15691,#15692,#15693);
#15695=PLANE('',#15694);
#15697=ORIENTED_EDGE('',*,*,#15696,.F.);
#15699=ORIENTED_EDGE('',*,*,#15698,.T.);
#15701=ORIENTED_EDGE('',*,*,#15700,.T.);
#15703=ORIENTED_EDGE('',*,*,#15702,.T.);
#15705=ORIENTED_EDGE('',*,*,#15704,.T.);
#15707=ORIENTED_EDGE('',*,*,#15706,.T.);
#15709=ORIENTED_EDGE('',*,*,#15708,.T.);
#15711=ORIENTED_EDGE('',*,*,#15710,.T.);
#15713=ORIENTED_EDGE('',*,*,#15712,.T.);
#15715=ORIENTED_EDGE('',*,*,#15714,.T.);
#15717=ORIENTED_EDGE('',*,*,#15716,.T.);
#15719=ORIENTED_EDGE('',*,*,#15718,.T.);
#15721=ORIENTED_EDGE('',*,*,#15720,.T.);
#15722=EDGE_LOOP('',(#15697,#15699,#15701,#15703,#15705,#15707,#15709,#15711,
#15713,#15715,#15717,#15719,#15721));
#15723=FACE_OUTER_BOUND('',#15722,.F.);
#15724=ADVANCED_FACE('',(#15723),#15695,.F.);
#15725=CARTESIAN_POINT('',(-1.25E-1,0.E0,0.E0));
#15726=DIRECTION('',(1.E0,0.E0,0.E0));
#15727=DIRECTION('',(0.E0,0.E0,-1.E0));
#15728=AXIS2_PLACEMENT_3D('',#15725,#15726,#15727);
#15729=PLANE('',#15728);
#15730=ORIENTED_EDGE('',*,*,#14810,.T.);
#15731=ORIENTED_EDGE('',*,*,#14751,.T.);
#15733=ORIENTED_EDGE('',*,*,#15732,.T.);
#15735=ORIENTED_EDGE('',*,*,#15734,.T.);
#15737=ORIENTED_EDGE('',*,*,#15736,.T.);
#15739=ORIENTED_EDGE('',*,*,#15738,.T.);
#15741=ORIENTED_EDGE('',*,*,#15740,.T.);
#15742=EDGE_LOOP('',(#15730,#15731,#15733,#15735,#15737,#15739,#15741));
#15743=FACE_OUTER_BOUND('',#15742,.F.);
#15744=ADVANCED_FACE('',(#15743),#15729,.F.);
#15745=CARTESIAN_POINT('',(-1.25E-1,0.E0,0.E0));
#15746=DIRECTION('',(1.E0,0.E0,0.E0));
#15747=DIRECTION('',(0.E0,0.E0,-1.E0));
#15748=AXIS2_PLACEMENT_3D('',#15745,#15746,#15747);
#15749=PLANE('',#15748);
#15751=ORIENTED_EDGE('',*,*,#15750,.T.);
#15753=ORIENTED_EDGE('',*,*,#15752,.F.);
#15755=ORIENTED_EDGE('',*,*,#15754,.T.);
#15757=ORIENTED_EDGE('',*,*,#15756,.T.);
#15758=ORIENTED_EDGE('',*,*,#13811,.F.);
#15760=ORIENTED_EDGE('',*,*,#15759,.F.);
#15761=EDGE_LOOP('',(#15751,#15753,#15755,#15757,#15758,#15760));
#15762=FACE_OUTER_BOUND('',#15761,.F.);
#15763=ADVANCED_FACE('',(#15762),#15749,.F.);
#15764=CARTESIAN_POINT('',(-1.25E-1,-3.145E0,-1.625E0));
#15765=DIRECTION('',(0.E0,1.E0,0.E0));
#15766=DIRECTION('',(0.E0,0.E0,1.E0));
#15767=AXIS2_PLACEMENT_3D('',#15764,#15765,#15766);
#15768=PLANE('',#15767);
#15769=ORIENTED_EDGE('',*,*,#14000,.T.);
#15771=ORIENTED_EDGE('',*,*,#15770,.T.);
#15773=ORIENTED_EDGE('',*,*,#15772,.F.);
#15774=ORIENTED_EDGE('',*,*,#15629,.F.);
#15775=EDGE_LOOP('',(#15769,#15771,#15773,#15774));
#15776=FACE_OUTER_BOUND('',#15775,.F.);
#15777=ADVANCED_FACE('',(#15776),#15768,.T.);
#15778=CARTESIAN_POINT('',(1.25E-1,0.E0,0.E0));
#15779=DIRECTION('',(1.E0,0.E0,0.E0));
#15780=DIRECTION('',(0.E0,0.E0,-1.E0));
#15781=AXIS2_PLACEMENT_3D('',#15778,#15779,#15780);
#15782=PLANE('',#15781);
#15783=ORIENTED_EDGE('',*,*,#10099,.T.);
#15785=ORIENTED_EDGE('',*,*,#15784,.F.);
#15787=ORIENTED_EDGE('',*,*,#15786,.F.);
#15789=ORIENTED_EDGE('',*,*,#15788,.F.);
#15791=ORIENTED_EDGE('',*,*,#15790,.F.);
#15793=ORIENTED_EDGE('',*,*,#15792,.F.);
#15795=ORIENTED_EDGE('',*,*,#15794,.F.);
#15796=ORIENTED_EDGE('',*,*,#15770,.F.);
#15797=ORIENTED_EDGE('',*,*,#13998,.F.);
#15798=ORIENTED_EDGE('',*,*,#14072,.F.);
#15799=EDGE_LOOP('',(#15783,#15785,#15787,#15789,#15791,#15793,#15795,#15796,
#15797,#15798));
#15800=FACE_OUTER_BOUND('',#15799,.F.);
#15801=ADVANCED_FACE('',(#15800),#15782,.T.);
#15802=CARTESIAN_POINT('',(1.25E-1,0.E0,0.E0));
#15803=DIRECTION('',(1.E0,0.E0,0.E0));
#15804=DIRECTION('',(0.E0,0.E0,-1.E0));
#15805=AXIS2_PLACEMENT_3D('',#15802,#15803,#15804);
#15806=PLANE('',#15805);
#15807=ORIENTED_EDGE('',*,*,#14536,.F.);
#15808=ORIENTED_EDGE('',*,*,#15535,.F.);
#15810=ORIENTED_EDGE('',*,*,#15809,.F.);
#15812=ORIENTED_EDGE('',*,*,#15811,.F.);
#15814=ORIENTED_EDGE('',*,*,#15813,.F.);
#15816=ORIENTED_EDGE('',*,*,#15815,.F.);
#15818=ORIENTED_EDGE('',*,*,#15817,.F.);
#15819=EDGE_LOOP('',(#15807,#15808,#15810,#15812,#15814,#15816,#15818));
#15820=FACE_OUTER_BOUND('',#15819,.F.);
#15821=ADVANCED_FACE('',(#15820),#15806,.T.);
#15822=CARTESIAN_POINT('',(1.25E-1,0.E0,0.E0));
#15823=DIRECTION('',(1.E0,0.E0,0.E0));
#15824=DIRECTION('',(0.E0,0.E0,-1.E0));
#15825=AXIS2_PLACEMENT_3D('',#15822,#15823,#15824);
#15826=PLANE('',#15825);
#15827=ORIENTED_EDGE('',*,*,#14848,.F.);
#15828=ORIENTED_EDGE('',*,*,#14919,.F.);
#15829=ORIENTED_EDGE('',*,*,#14995,.T.);
#15831=ORIENTED_EDGE('',*,*,#15830,.F.);
#15833=ORIENTED_EDGE('',*,*,#15832,.F.);
#15835=ORIENTED_EDGE('',*,*,#15834,.F.);
#15837=ORIENTED_EDGE('',*,*,#15836,.F.);
#15839=ORIENTED_EDGE('',*,*,#15838,.F.);
#15841=ORIENTED_EDGE('',*,*,#15840,.F.);
#15843=ORIENTED_EDGE('',*,*,#15842,.F.);
#15844=EDGE_LOOP('',(#15827,#15828,#15829,#15831,#15833,#15835,#15837,#15839,
#15841,#15843));
#15845=FACE_OUTER_BOUND('',#15844,.F.);
#15846=ADVANCED_FACE('',(#15845),#15826,.T.);
#15847=CARTESIAN_POINT('',(1.25E-1,0.E0,0.E0));
#15848=DIRECTION('',(1.E0,0.E0,0.E0));
#15849=DIRECTION('',(0.E0,0.E0,-1.E0));
#15850=AXIS2_PLACEMENT_3D('',#15847,#15848,#15849);
#15851=PLANE('',#15850);
#15853=ORIENTED_EDGE('',*,*,#15852,.T.);
#15855=ORIENTED_EDGE('',*,*,#15854,.F.);
#15857=ORIENTED_EDGE('',*,*,#15856,.F.);
#15859=ORIENTED_EDGE('',*,*,#15858,.F.);
#15861=ORIENTED_EDGE('',*,*,#15860,.F.);
#15863=ORIENTED_EDGE('',*,*,#15862,.F.);
#15865=ORIENTED_EDGE('',*,*,#15864,.F.);
#15867=ORIENTED_EDGE('',*,*,#15866,.F.);
#15869=ORIENTED_EDGE('',*,*,#15868,.F.);
#15871=ORIENTED_EDGE('',*,*,#15870,.F.);
#15873=ORIENTED_EDGE('',*,*,#15872,.F.);
#15875=ORIENTED_EDGE('',*,*,#15874,.F.);
#15877=ORIENTED_EDGE('',*,*,#15876,.F.);
#15878=EDGE_LOOP('',(#15853,#15855,#15857,#15859,#15861,#15863,#15865,#15867,
#15869,#15871,#15873,#15875,#15877));
#15879=FACE_OUTER_BOUND('',#15878,.F.);
#15880=ADVANCED_FACE('',(#15879),#15851,.T.);
#15881=CARTESIAN_POINT('',(1.25E-1,0.E0,0.E0));
#15882=DIRECTION('',(1.E0,0.E0,0.E0));
#15883=DIRECTION('',(0.E0,0.E0,-1.E0));
#15884=AXIS2_PLACEMENT_3D('',#15881,#15882,#15883);
#15885=PLANE('',#15884);
#15886=ORIENTED_EDGE('',*,*,#14814,.F.);
#15888=ORIENTED_EDGE('',*,*,#15887,.F.);
#15890=ORIENTED_EDGE('',*,*,#15889,.F.);
#15892=ORIENTED_EDGE('',*,*,#15891,.F.);
#15894=ORIENTED_EDGE('',*,*,#15893,.F.);
#15896=ORIENTED_EDGE('',*,*,#15895,.F.);
#15897=ORIENTED_EDGE('',*,*,#14747,.F.);
#15898=EDGE_LOOP('',(#15886,#15888,#15890,#15892,#15894,#15896,#15897));
#15899=FACE_OUTER_BOUND('',#15898,.F.);
#15900=ADVANCED_FACE('',(#15899),#15885,.T.);
#15901=CARTESIAN_POINT('',(1.25E-1,0.E0,0.E0));
#15902=DIRECTION('',(1.E0,0.E0,0.E0));
#15903=DIRECTION('',(0.E0,0.E0,-1.E0));
#15904=AXIS2_PLACEMENT_3D('',#15901,#15902,#15903);
#15905=PLANE('',#15904);
#15907=ORIENTED_EDGE('',*,*,#15906,.T.);
#15909=ORIENTED_EDGE('',*,*,#15908,.F.);
#15911=ORIENTED_EDGE('',*,*,#15910,.F.);
#15913=ORIENTED_EDGE('',*,*,#15912,.F.);
#15915=ORIENTED_EDGE('',*,*,#15914,.T.);
#15916=ORIENTED_EDGE('',*,*,#13815,.T.);
#15917=EDGE_LOOP('',(#15907,#15909,#15911,#15913,#15915,#15916));
#15918=FACE_OUTER_BOUND('',#15917,.F.);
#15919=ADVANCED_FACE('',(#15918),#15905,.T.);
#15920=CARTESIAN_POINT('',(-1.25E-1,-3.615E0,1.455E0));
#15921=DIRECTION('',(1.E0,0.E0,0.E0));
#15922=DIRECTION('',(0.E0,0.E0,-1.E0));
#15923=AXIS2_PLACEMENT_3D('',#15920,#15921,#15922);
#15924=CYLINDRICAL_SURFACE('',#15923,1.E-1);
#15925=ORIENTED_EDGE('',*,*,#10097,.F.);
#15926=ORIENTED_EDGE('',*,*,#15641,.F.);
#15928=ORIENTED_EDGE('',*,*,#15927,.T.);
#15929=ORIENTED_EDGE('',*,*,#15784,.T.);
#15930=EDGE_LOOP('',(#15925,#15926,#15928,#15929));
#15931=FACE_OUTER_BOUND('',#15930,.F.);
#15932=ADVANCED_FACE('',(#15931),#15924,.T.);
#15933=CARTESIAN_POINT('',(-1.25E-1,-3.182592812507E0,9.514883077779E-1));
#15934=DIRECTION('',(0.E0,8.481437498598E-1,5.297661555572E-1));
#15935=DIRECTION('',(0.E0,-5.297661555572E-1,8.481437498598E-1));
#15936=AXIS2_PLACEMENT_3D('',#15933,#15934,#15935);
#15937=PLANE('',#15936);
#15938=ORIENTED_EDGE('',*,*,#15639,.F.);
#15940=ORIENTED_EDGE('',*,*,#15939,.T.);
#15941=ORIENTED_EDGE('',*,*,#15786,.T.);
#15942=ORIENTED_EDGE('',*,*,#15927,.F.);
#15943=EDGE_LOOP('',(#15938,#15940,#15941,#15942));
#15944=FACE_OUTER_BOUND('',#15943,.F.);
#15945=ADVANCED_FACE('',(#15944),#15937,.T.);
#15946=CARTESIAN_POINT('',(-1.25E-1,-3.225E0,9.25E-1));
#15947=DIRECTION('',(1.E0,0.E0,0.E0));
#15948=DIRECTION('',(0.E0,0.E0,-1.E0));
#15949=AXIS2_PLACEMENT_3D('',#15946,#15947,#15948);
#15950=CYLINDRICAL_SURFACE('',#15949,5.E-2);
#15951=ORIENTED_EDGE('',*,*,#15637,.F.);
#15953=ORIENTED_EDGE('',*,*,#15952,.T.);
#15954=ORIENTED_EDGE('',*,*,#15788,.T.);
#15955=ORIENTED_EDGE('',*,*,#15939,.F.);
#15956=EDGE_LOOP('',(#15951,#15953,#15954,#15955));
#15957=FACE_OUTER_BOUND('',#15956,.F.);
#15958=ADVANCED_FACE('',(#15957),#15950,.T.);
#15959=CARTESIAN_POINT('',(-1.25E-1,-3.315E0,6.25E-1));
#15960=DIRECTION('',(0.E0,8.996712436539E-1,-4.365680397628E-1));
#15961=DIRECTION('',(0.E0,4.365680397628E-1,8.996712436539E-1));
#15962=AXIS2_PLACEMENT_3D('',#15959,#15960,#15961);
#15963=PLANE('',#15962);
#15964=ORIENTED_EDGE('',*,*,#15635,.F.);
#15966=ORIENTED_EDGE('',*,*,#15965,.T.);
#15967=ORIENTED_EDGE('',*,*,#15790,.T.);
#15968=ORIENTED_EDGE('',*,*,#15952,.F.);
#15969=EDGE_LOOP('',(#15964,#15966,#15967,#15968));
#15970=FACE_OUTER_BOUND('',#15969,.F.);
#15971=ADVANCED_FACE('',(#15970),#15963,.T.);
#15972=CARTESIAN_POINT('',(-1.25E-1,-3.315E0,-6.15E-1));
#15973=DIRECTION('',(0.E0,1.E0,0.E0));
#15974=DIRECTION('',(0.E0,0.E0,1.E0));
#15975=AXIS2_PLACEMENT_3D('',#15972,#15973,#15974);
#15976=PLANE('',#15975);
#15977=ORIENTED_EDGE('',*,*,#15633,.F.);
#15979=ORIENTED_EDGE('',*,*,#15978,.T.);
#15980=ORIENTED_EDGE('',*,*,#15792,.T.);
#15981=ORIENTED_EDGE('',*,*,#15965,.F.);
#15982=EDGE_LOOP('',(#15977,#15979,#15980,#15981));
#15983=FACE_OUTER_BOUND('',#15982,.F.);
#15984=ADVANCED_FACE('',(#15983),#15976,.T.);
#15985=CARTESIAN_POINT('',(-1.25E-1,-3.145E0,-8.65E-1));
#15986=DIRECTION('',(0.E0,8.269265020695E-1,5.623100214073E-1));
#15987=DIRECTION('',(0.E0,-5.623100214073E-1,8.269265020695E-1));
#15988=AXIS2_PLACEMENT_3D('',#15985,#15986,#15987);
#15989=PLANE('',#15988);
#15990=ORIENTED_EDGE('',*,*,#15631,.F.);
#15991=ORIENTED_EDGE('',*,*,#15772,.T.);
#15992=ORIENTED_EDGE('',*,*,#15794,.T.);
#15993=ORIENTED_EDGE('',*,*,#15978,.F.);
#15994=EDGE_LOOP('',(#15990,#15991,#15992,#15993));
#15995=FACE_OUTER_BOUND('',#15994,.F.);
#15996=ADVANCED_FACE('',(#15995),#15989,.T.);
#15997=CARTESIAN_POINT('',(-1.25E-1,-2.235E0,4.776630953573E-1));
#15998=DIRECTION('',(0.E0,-1.E0,0.E0));
#15999=DIRECTION('',(0.E0,0.E0,-1.E0));
#16000=AXIS2_PLACEMENT_3D('',#15997,#15998,#15999);
#16001=PLANE('',#16000);
#16002=ORIENTED_EDGE('',*,*,#15660,.F.);
#16004=ORIENTED_EDGE('',*,*,#16003,.T.);
#16005=ORIENTED_EDGE('',*,*,#15809,.T.);
#16006=ORIENTED_EDGE('',*,*,#15533,.F.);
#16007=EDGE_LOOP('',(#16002,#16004,#16005,#16006));
#16008=FACE_OUTER_BOUND('',#16007,.F.);
#16009=ADVANCED_FACE('',(#16008),#16001,.T.);
#16010=CARTESIAN_POINT('',(-1.25E-1,-2.635E0,4.776630953573E-1));
#16011=DIRECTION('',(1.E0,0.E0,0.E0));
#16012=DIRECTION('',(0.E0,0.E0,-1.E0));
#16013=AXIS2_PLACEMENT_3D('',#16010,#16011,#16012);
#16014=CYLINDRICAL_SURFACE('',#16013,4.E-1);
#16015=ORIENTED_EDGE('',*,*,#15658,.F.);
#16017=ORIENTED_EDGE('',*,*,#16016,.T.);
#16018=ORIENTED_EDGE('',*,*,#15811,.T.);
#16019=ORIENTED_EDGE('',*,*,#16003,.F.);
#16020=EDGE_LOOP('',(#16015,#16017,#16018,#16019));
#16021=FACE_OUTER_BOUND('',#16020,.F.);
#16022=ADVANCED_FACE('',(#16021),#16014,.F.);
#16023=CARTESIAN_POINT('',(-1.25E-1,-2.463053281121E0,8.925662552900E-1));
#16024=DIRECTION('',(0.E0,-7.610656224226E-1,-6.486748942009E-1));
#16025=DIRECTION('',(0.E0,6.486748942009E-1,-7.610656224226E-1));
#16026=AXIS2_PLACEMENT_3D('',#16023,#16024,#16025);
#16027=PLANE('',#16026);
#16028=ORIENTED_EDGE('',*,*,#15656,.F.);
#16030=ORIENTED_EDGE('',*,*,#16029,.T.);
#16031=ORIENTED_EDGE('',*,*,#15813,.T.);
#16032=ORIENTED_EDGE('',*,*,#16016,.F.);
#16033=EDGE_LOOP('',(#16028,#16030,#16031,#16032));
#16034=FACE_OUTER_BOUND('',#16033,.F.);
#16035=ADVANCED_FACE('',(#16034),#16027,.T.);
#16036=CARTESIAN_POINT('',(-1.25E-1,-2.425E0,9.25E-1));
#16037=DIRECTION('',(1.E0,0.E0,0.E0));
#16038=DIRECTION('',(0.E0,0.E0,-1.E0));
#16039=AXIS2_PLACEMENT_3D('',#16036,#16037,#16038);
#16040=CYLINDRICAL_SURFACE('',#16039,5.E-2);
#16041=ORIENTED_EDGE('',*,*,#15654,.F.);
#16043=ORIENTED_EDGE('',*,*,#16042,.T.);
#16044=ORIENTED_EDGE('',*,*,#15815,.T.);
#16045=ORIENTED_EDGE('',*,*,#16029,.F.);
#16046=EDGE_LOOP('',(#16041,#16043,#16044,#16045));
#16047=FACE_OUTER_BOUND('',#16046,.F.);
#16048=ADVANCED_FACE('',(#16047),#16040,.T.);
#16049=CARTESIAN_POINT('',(-1.25E-1,-2.216764840171E0,1.468656803976E0));
#16050=DIRECTION('',(0.E0,-8.996712436539E-1,4.365680397628E-1));
#16051=DIRECTION('',(0.E0,-4.365680397628E-1,-8.996712436539E-1));
#16052=AXIS2_PLACEMENT_3D('',#16049,#16050,#16051);
#16053=PLANE('',#16052);
#16054=ORIENTED_EDGE('',*,*,#14538,.T.);
#16055=ORIENTED_EDGE('',*,*,#15817,.T.);
#16056=ORIENTED_EDGE('',*,*,#16042,.F.);
#16057=ORIENTED_EDGE('',*,*,#15652,.F.);
#16058=EDGE_LOOP('',(#16054,#16055,#16056,#16057));
#16059=FACE_OUTER_BOUND('',#16058,.F.);
#16060=ADVANCED_FACE('',(#16059),#16053,.T.);
#16061=CARTESIAN_POINT('',(-1.25E-1,-9.15E-1,1.455E0));
#16062=DIRECTION('',(1.E0,0.E0,0.E0));
#16063=DIRECTION('',(0.E0,0.E0,-1.E0));
#16064=AXIS2_PLACEMENT_3D('',#16061,#16062,#16063);
#16065=CYLINDRICAL_SURFACE('',#16064,1.E-1);
#16066=ORIENTED_EDGE('',*,*,#14993,.F.);
#16067=ORIENTED_EDGE('',*,*,#15684,.F.);
#16069=ORIENTED_EDGE('',*,*,#16068,.T.);
#16070=ORIENTED_EDGE('',*,*,#15830,.T.);
#16071=EDGE_LOOP('',(#16066,#16067,#16069,#16070));
#16072=FACE_OUTER_BOUND('',#16071,.F.);
#16073=ADVANCED_FACE('',(#16072),#16065,.T.);
#16074=CARTESIAN_POINT('',(-1.25E-1,-4.825928125070E-1,9.514883077779E-1));
#16075=DIRECTION('',(0.E0,8.481437498598E-1,5.297661555572E-1));
#16076=DIRECTION('',(0.E0,-5.297661555572E-1,8.481437498598E-1));
#16077=AXIS2_PLACEMENT_3D('',#16074,#16075,#16076);
#16078=PLANE('',#16077);
#16079=ORIENTED_EDGE('',*,*,#15682,.F.);
#16081=ORIENTED_EDGE('',*,*,#16080,.T.);
#16082=ORIENTED_EDGE('',*,*,#15832,.T.);
#16083=ORIENTED_EDGE('',*,*,#16068,.F.);
#16084=EDGE_LOOP('',(#16079,#16081,#16082,#16083));
#16085=FACE_OUTER_BOUND('',#16084,.F.);
#16086=ADVANCED_FACE('',(#16085),#16078,.T.);
#16087=CARTESIAN_POINT('',(-1.25E-1,-5.25E-1,9.25E-1));
#16088=DIRECTION('',(1.E0,0.E0,0.E0));
#16089=DIRECTION('',(0.E0,0.E0,-1.E0));
#16090=AXIS2_PLACEMENT_3D('',#16087,#16088,#16089);
#16091=CYLINDRICAL_SURFACE('',#16090,5.E-2);
#16092=ORIENTED_EDGE('',*,*,#15680,.F.);
#16094=ORIENTED_EDGE('',*,*,#16093,.T.);
#16095=ORIENTED_EDGE('',*,*,#15834,.T.);
#16096=ORIENTED_EDGE('',*,*,#16080,.F.);
#16097=EDGE_LOOP('',(#16092,#16094,#16095,#16096));
#16098=FACE_OUTER_BOUND('',#16097,.F.);
#16099=ADVANCED_FACE('',(#16098),#16091,.T.);
#16100=CARTESIAN_POINT('',(-1.25E-1,-6.15E-1,6.25E-1));
#16101=DIRECTION('',(0.E0,8.996712436539E-1,-4.365680397627E-1));
#16102=DIRECTION('',(0.E0,4.365680397627E-1,8.996712436539E-1));
#16103=AXIS2_PLACEMENT_3D('',#16100,#16101,#16102);
#16104=PLANE('',#16103);
#16105=ORIENTED_EDGE('',*,*,#15678,.F.);
#16107=ORIENTED_EDGE('',*,*,#16106,.T.);
#16108=ORIENTED_EDGE('',*,*,#15836,.T.);
#16109=ORIENTED_EDGE('',*,*,#16093,.F.);
#16110=EDGE_LOOP('',(#16105,#16107,#16108,#16109));
#16111=FACE_OUTER_BOUND('',#16110,.F.);
#16112=ADVANCED_FACE('',(#16111),#16104,.T.);
#16113=CARTESIAN_POINT('',(-1.25E-1,-6.15E-1,-6.149999999999E-1));
#16114=DIRECTION('',(0.E0,1.E0,0.E0));
#16115=DIRECTION('',(0.E0,0.E0,1.E0));
#16116=AXIS2_PLACEMENT_3D('',#16113,#16114,#16115);
#16117=PLANE('',#16116);
#16118=ORIENTED_EDGE('',*,*,#15676,.F.);
#16120=ORIENTED_EDGE('',*,*,#16119,.T.);
#16121=ORIENTED_EDGE('',*,*,#15838,.T.);
#16122=ORIENTED_EDGE('',*,*,#16106,.F.);
#16123=EDGE_LOOP('',(#16118,#16120,#16121,#16122));
#16124=FACE_OUTER_BOUND('',#16123,.F.);
#16125=ADVANCED_FACE('',(#16124),#16117,.T.);
#16126=CARTESIAN_POINT('',(-1.25E-1,-4.45E-1,-8.649999999999E-1));
#16127=DIRECTION('',(0.E0,8.269265020696E-1,5.623100214072E-1));
#16128=DIRECTION('',(0.E0,-5.623100214072E-1,8.269265020696E-1));
#16129=AXIS2_PLACEMENT_3D('',#16126,#16127,#16128);
#16130=PLANE('',#16129);
#16131=ORIENTED_EDGE('',*,*,#15674,.F.);
#16133=ORIENTED_EDGE('',*,*,#16132,.T.);
#16134=ORIENTED_EDGE('',*,*,#15840,.T.);
#16135=ORIENTED_EDGE('',*,*,#16119,.F.);
#16136=EDGE_LOOP('',(#16131,#16133,#16134,#16135));
#16137=FACE_OUTER_BOUND('',#16136,.F.);
#16138=ADVANCED_FACE('',(#16137),#16130,.T.);
#16139=CARTESIAN_POINT('',(-1.25E-1,-4.45E-1,-1.625E0));
#16140=DIRECTION('',(0.E0,1.E0,0.E0));
#16141=DIRECTION('',(0.E0,0.E0,1.E0));
#16142=AXIS2_PLACEMENT_3D('',#16139,#16140,#16141);
#16143=PLANE('',#16142);
#16144=ORIENTED_EDGE('',*,*,#14850,.T.);
#16145=ORIENTED_EDGE('',*,*,#15842,.T.);
#16146=ORIENTED_EDGE('',*,*,#16132,.F.);
#16147=ORIENTED_EDGE('',*,*,#15672,.F.);
#16148=EDGE_LOOP('',(#16144,#16145,#16146,#16147));
#16149=FACE_OUTER_BOUND('',#16148,.F.);
#16150=ADVANCED_FACE('',(#16149),#16143,.T.);
#16151=CARTESIAN_POINT('',(0.E0,0.E0,-2.875E0));
#16152=DIRECTION('',(0.E0,0.E0,-1.E0));
#16153=DIRECTION('',(-1.E0,0.E0,0.E0));
#16154=AXIS2_PLACEMENT_3D('',#16151,#16152,#16153);
#16155=PLANE('',#16154);
#16157=ORIENTED_EDGE('',*,*,#16156,.F.);
#16158=ORIENTED_EDGE('',*,*,#13977,.T.);
#16159=ORIENTED_EDGE('',*,*,#13825,.F.);
#16161=ORIENTED_EDGE('',*,*,#16160,.F.);
#16163=ORIENTED_EDGE('',*,*,#16162,.F.);
#16165=ORIENTED_EDGE('',*,*,#16164,.T.);
#16166=ORIENTED_EDGE('',*,*,#13817,.F.);
#16167=ORIENTED_EDGE('',*,*,#15914,.F.);
#16169=ORIENTED_EDGE('',*,*,#16168,.F.);
#16170=ORIENTED_EDGE('',*,*,#15759,.T.);
#16171=ORIENTED_EDGE('',*,*,#13809,.F.);
#16172=ORIENTED_EDGE('',*,*,#14429,.F.);
#16174=ORIENTED_EDGE('',*,*,#16173,.F.);
#16175=ORIENTED_EDGE('',*,*,#14267,.T.);
#16176=ORIENTED_EDGE('',*,*,#13801,.F.);
#16177=ORIENTED_EDGE('',*,*,#15366,.F.);
#16179=ORIENTED_EDGE('',*,*,#16178,.F.);
#16180=ORIENTED_EDGE('',*,*,#15210,.T.);
#16181=ORIENTED_EDGE('',*,*,#13793,.F.);
#16183=ORIENTED_EDGE('',*,*,#16182,.F.);
#16184=ORIENTED_EDGE('',*,*,#10655,.F.);
#16185=ORIENTED_EDGE('',*,*,#13771,.F.);
#16186=ORIENTED_EDGE('',*,*,#13787,.F.);
#16188=ORIENTED_EDGE('',*,*,#16187,.F.);
#16189=EDGE_LOOP('',(#16157,#16158,#16159,#16161,#16163,#16165,#16166,#16167,
#16169,#16170,#16171,#16172,#16174,#16175,#16176,#16177,#16179,#16180,#16181,
#16183,#16184,#16185,#16186,#16188));
#16190=FACE_OUTER_BOUND('',#16189,.F.);
#16191=ORIENTED_EDGE('',*,*,#14202,.T.);
#16193=ORIENTED_EDGE('',*,*,#16192,.T.);
#16194=ORIENTED_EDGE('',*,*,#14365,.F.);
#16196=ORIENTED_EDGE('',*,*,#16195,.F.);
#16197=EDGE_LOOP('',(#16191,#16193,#16194,#16196));
#16198=FACE_BOUND('',#16197,.F.);
#16199=ORIENTED_EDGE('',*,*,#15696,.T.);
#16201=ORIENTED_EDGE('',*,*,#16200,.T.);
#16202=ORIENTED_EDGE('',*,*,#15852,.F.);
#16204=ORIENTED_EDGE('',*,*,#16203,.F.);
#16205=EDGE_LOOP('',(#16199,#16201,#16202,#16204));
#16206=FACE_BOUND('',#16205,.F.);
#16208=ORIENTED_EDGE('',*,*,#16207,.T.);
#16210=ORIENTED_EDGE('',*,*,#16209,.T.);
#16212=ORIENTED_EDGE('',*,*,#16211,.F.);
#16214=ORIENTED_EDGE('',*,*,#16213,.F.);
#16215=EDGE_LOOP('',(#16208,#16210,#16212,#16214));
#16216=FACE_BOUND('',#16215,.F.);
#16217=ORIENTED_EDGE('',*,*,#13912,.T.);
#16219=ORIENTED_EDGE('',*,*,#16218,.T.);
#16221=ORIENTED_EDGE('',*,*,#16220,.F.);
#16223=ORIENTED_EDGE('',*,*,#16222,.F.);
#16224=EDGE_LOOP('',(#16217,#16219,#16221,#16223));
#16225=FACE_BOUND('',#16224,.F.);
#16226=ORIENTED_EDGE('',*,*,#15147,.T.);
#16228=ORIENTED_EDGE('',*,*,#16227,.T.);
#16229=ORIENTED_EDGE('',*,*,#15304,.F.);
#16231=ORIENTED_EDGE('',*,*,#16230,.F.);
#16232=EDGE_LOOP('',(#16226,#16228,#16229,#16231));
#16233=FACE_BOUND('',#16232,.F.);
#16234=ADVANCED_FACE('',(#16190,#16198,#16206,#16216,#16225,#16233),#16155,.T.);
#16235=CARTESIAN_POINT('',(-3.125E0,-1.855E0,-4.025E0));
#16236=DIRECTION('',(0.E0,1.E0,0.E0));
#16237=DIRECTION('',(0.E0,0.E0,1.E0));
#16238=AXIS2_PLACEMENT_3D('',#16235,#16236,#16237);
#16239=PLANE('',#16238);
#16240=ORIENTED_EDGE('',*,*,#16227,.F.);
#16241=ORIENTED_EDGE('',*,*,#15171,.F.);
#16243=ORIENTED_EDGE('',*,*,#16242,.T.);
#16244=ORIENTED_EDGE('',*,*,#15306,.T.);
#16245=EDGE_LOOP('',(#16240,#16241,#16243,#16244));
#16246=FACE_OUTER_BOUND('',#16245,.F.);
#16247=ADVANCED_FACE('',(#16246),#16239,.T.);
#16248=CARTESIAN_POINT('',(-3.125E0,-2.255E0,-4.025E0));
#16249=DIRECTION('',(0.E0,0.E0,-1.E0));
#16250=DIRECTION('',(0.E0,1.E0,0.E0));
#16251=AXIS2_PLACEMENT_3D('',#16248,#16249,#16250);
#16252=PLANE('',#16251);
#16253=ORIENTED_EDGE('',*,*,#15169,.F.);
#16255=ORIENTED_EDGE('',*,*,#16254,.T.);
#16256=ORIENTED_EDGE('',*,*,#15308,.T.);
#16257=ORIENTED_EDGE('',*,*,#16242,.F.);
#16258=EDGE_LOOP('',(#16253,#16255,#16256,#16257));
#16259=FACE_OUTER_BOUND('',#16258,.F.);
#16260=ADVANCED_FACE('',(#16259),#16252,.T.);
#16261=CARTESIAN_POINT('',(-3.125E0,-2.255E0,-3.925E0));
#16262=DIRECTION('',(0.E0,-1.E0,0.E0));
#16263=DIRECTION('',(0.E0,0.E0,-1.E0));
#16264=AXIS2_PLACEMENT_3D('',#16261,#16262,#16263);
#16265=PLANE('',#16264);
#16266=ORIENTED_EDGE('',*,*,#15167,.F.);
#16268=ORIENTED_EDGE('',*,*,#16267,.T.);
#16269=ORIENTED_EDGE('',*,*,#15310,.T.);
#16270=ORIENTED_EDGE('',*,*,#16254,.F.);
#16271=EDGE_LOOP('',(#16266,#16268,#16269,#16270));
#16272=FACE_OUTER_BOUND('',#16271,.F.);
#16273=ADVANCED_FACE('',(#16272),#16265,.T.);
#16274=CARTESIAN_POINT('',(-3.125E0,-3.775E0,-3.925E0));
#16275=DIRECTION('',(0.E0,0.E0,-1.E0));
#16276=DIRECTION('',(0.E0,1.E0,0.E0));
#16277=AXIS2_PLACEMENT_3D('',#16274,#16275,#16276);
#16278=PLANE('',#16277);
#16279=ORIENTED_EDGE('',*,*,#15165,.F.);
#16281=ORIENTED_EDGE('',*,*,#16280,.T.);
#16282=ORIENTED_EDGE('',*,*,#15312,.T.);
#16283=ORIENTED_EDGE('',*,*,#16267,.F.);
#16284=EDGE_LOOP('',(#16279,#16281,#16282,#16283));
#16285=FACE_OUTER_BOUND('',#16284,.F.);
#16286=ADVANCED_FACE('',(#16285),#16278,.T.);
#16287=CARTESIAN_POINT('',(-3.125E0,-4.025E0,-4.175E0));
#16288=DIRECTION('',(0.E0,7.071067811865E-1,-7.071067811865E-1));
#16289=DIRECTION('',(0.E0,7.071067811865E-1,7.071067811865E-1));
#16290=AXIS2_PLACEMENT_3D('',#16287,#16288,#16289);
#16291=PLANE('',#16290);
#16292=ORIENTED_EDGE('',*,*,#15163,.F.);
#16294=ORIENTED_EDGE('',*,*,#16293,.T.);
#16295=ORIENTED_EDGE('',*,*,#15314,.T.);
#16296=ORIENTED_EDGE('',*,*,#16280,.F.);
#16297=EDGE_LOOP('',(#16292,#16294,#16295,#16296));
#16298=FACE_OUTER_BOUND('',#16297,.F.);
#16299=ADVANCED_FACE('',(#16298),#16291,.T.);
#16300=CARTESIAN_POINT('',(-3.125E0,-4.025E0,-5.175E0));
#16301=DIRECTION('',(0.E0,1.E0,0.E0));
#16302=DIRECTION('',(0.E0,0.E0,1.E0));
#16303=AXIS2_PLACEMENT_3D('',#16300,#16301,#16302);
#16304=PLANE('',#16303);
#16305=ORIENTED_EDGE('',*,*,#15161,.F.);
#16307=ORIENTED_EDGE('',*,*,#16306,.T.);
#16308=ORIENTED_EDGE('',*,*,#15316,.T.);
#16309=ORIENTED_EDGE('',*,*,#16293,.F.);
#16310=EDGE_LOOP('',(#16305,#16307,#16308,#16309));
#16311=FACE_OUTER_BOUND('',#16310,.F.);
#16312=ADVANCED_FACE('',(#16311),#16304,.T.);
#16313=CARTESIAN_POINT('',(-3.125E0,-4.575E0,-5.175E0));
#16314=DIRECTION('',(0.E0,0.E0,-1.E0));
#16315=DIRECTION('',(0.E0,1.E0,0.E0));
#16316=AXIS2_PLACEMENT_3D('',#16313,#16314,#16315);
#16317=PLANE('',#16316);
#16318=ORIENTED_EDGE('',*,*,#15159,.F.);
#16320=ORIENTED_EDGE('',*,*,#16319,.T.);
#16321=ORIENTED_EDGE('',*,*,#15318,.T.);
#16322=ORIENTED_EDGE('',*,*,#16306,.F.);
#16323=EDGE_LOOP('',(#16318,#16320,#16321,#16322));
#16324=FACE_OUTER_BOUND('',#16323,.F.);
#16325=ADVANCED_FACE('',(#16324),#16317,.T.);
#16326=CARTESIAN_POINT('',(-3.125E0,-4.625E0,-5.125E0));
#16327=DIRECTION('',(0.E0,-7.071067811865E-1,-7.071067811865E-1));
#16328=DIRECTION('',(0.E0,7.071067811865E-1,-7.071067811865E-1));
#16329=AXIS2_PLACEMENT_3D('',#16326,#16327,#16328);
#16330=PLANE('',#16329);
#16331=ORIENTED_EDGE('',*,*,#15157,.F.);
#16333=ORIENTED_EDGE('',*,*,#16332,.T.);
#16334=ORIENTED_EDGE('',*,*,#15320,.T.);
#16335=ORIENTED_EDGE('',*,*,#16319,.F.);
#16336=EDGE_LOOP('',(#16331,#16333,#16334,#16335));
#16337=FACE_OUTER_BOUND('',#16336,.F.);
#16338=ADVANCED_FACE('',(#16337),#16330,.T.);
#16339=CARTESIAN_POINT('',(-3.125E0,-4.625E0,-3.475E0));
#16340=DIRECTION('',(0.E0,-1.E0,0.E0));
#16341=DIRECTION('',(0.E0,0.E0,-1.E0));
#16342=AXIS2_PLACEMENT_3D('',#16339,#16340,#16341);
#16343=PLANE('',#16342);
#16344=ORIENTED_EDGE('',*,*,#15155,.F.);
#16346=ORIENTED_EDGE('',*,*,#16345,.T.);
#16347=ORIENTED_EDGE('',*,*,#15322,.T.);
#16348=ORIENTED_EDGE('',*,*,#16332,.F.);
#16349=EDGE_LOOP('',(#16344,#16346,#16347,#16348));
#16350=FACE_OUTER_BOUND('',#16349,.F.);
#16351=ADVANCED_FACE('',(#16350),#16343,.T.);
#16352=CARTESIAN_POINT('',(-3.125E0,-4.075E0,-2.925E0));
#16353=DIRECTION('',(0.E0,-7.071067811865E-1,7.071067811865E-1));
#16354=DIRECTION('',(0.E0,-7.071067811865E-1,-7.071067811865E-1));
#16355=AXIS2_PLACEMENT_3D('',#16352,#16353,#16354);
#16356=PLANE('',#16355);
#16357=ORIENTED_EDGE('',*,*,#15153,.F.);
#16359=ORIENTED_EDGE('',*,*,#16358,.T.);
#16360=ORIENTED_EDGE('',*,*,#15324,.T.);
#16361=ORIENTED_EDGE('',*,*,#16345,.F.);
#16362=EDGE_LOOP('',(#16357,#16359,#16360,#16361));
#16363=FACE_OUTER_BOUND('',#16362,.F.);
#16364=ADVANCED_FACE('',(#16363),#16356,.T.);
#16365=CARTESIAN_POINT('',(-3.125E0,-3.815E0,-2.925E0));
#16366=DIRECTION('',(0.E0,0.E0,1.E0));
#16367=DIRECTION('',(0.E0,-1.E0,0.E0));
#16368=AXIS2_PLACEMENT_3D('',#16365,#16366,#16367);
#16369=PLANE('',#16368);
#16370=ORIENTED_EDGE('',*,*,#15151,.F.);
#16372=ORIENTED_EDGE('',*,*,#16371,.T.);
#16373=ORIENTED_EDGE('',*,*,#15326,.T.);
#16374=ORIENTED_EDGE('',*,*,#16358,.F.);
#16375=EDGE_LOOP('',(#16370,#16372,#16373,#16374));
#16376=FACE_OUTER_BOUND('',#16375,.F.);
#16377=ADVANCED_FACE('',(#16376),#16369,.T.);
#16378=CARTESIAN_POINT('',(-3.125E0,-3.815E0,-2.825E0));
#16379=DIRECTION('',(1.E0,0.E0,0.E0));
#16380=DIRECTION('',(0.E0,0.E0,-1.E0));
#16381=AXIS2_PLACEMENT_3D('',#16378,#16379,#16380);
#16382=CYLINDRICAL_SURFACE('',#16381,1.E-1);
#16383=ORIENTED_EDGE('',*,*,#15149,.F.);
#16384=ORIENTED_EDGE('',*,*,#16230,.T.);
#16385=ORIENTED_EDGE('',*,*,#15328,.T.);
#16386=ORIENTED_EDGE('',*,*,#16371,.F.);
#16387=EDGE_LOOP('',(#16383,#16384,#16385,#16386));
#16388=FACE_OUTER_BOUND('',#16387,.F.);
#16389=ADVANCED_FACE('',(#16388),#16382,.F.);
#16390=CARTESIAN_POINT('',(-1.625E0,-1.855E0,-4.025E0));
#16391=DIRECTION('',(0.E0,1.E0,0.E0));
#16392=DIRECTION('',(0.E0,0.E0,1.E0));
#16393=AXIS2_PLACEMENT_3D('',#16390,#16391,#16392);
#16394=PLANE('',#16393);
#16395=ORIENTED_EDGE('',*,*,#16192,.F.);
#16396=ORIENTED_EDGE('',*,*,#14226,.F.);
#16398=ORIENTED_EDGE('',*,*,#16397,.T.);
#16399=ORIENTED_EDGE('',*,*,#14367,.T.);
#16400=EDGE_LOOP('',(#16395,#16396,#16398,#16399));
#16401=FACE_OUTER_BOUND('',#16400,.F.);
#16402=ADVANCED_FACE('',(#16401),#16394,.T.);
#16403=CARTESIAN_POINT('',(-1.625E0,-2.255E0,-4.025E0));
#16404=DIRECTION('',(0.E0,0.E0,-1.E0));
#16405=DIRECTION('',(0.E0,1.E0,0.E0));
#16406=AXIS2_PLACEMENT_3D('',#16403,#16404,#16405);
#16407=PLANE('',#16406);
#16408=ORIENTED_EDGE('',*,*,#14224,.F.);
#16410=ORIENTED_EDGE('',*,*,#16409,.T.);
#16411=ORIENTED_EDGE('',*,*,#14369,.T.);
#16412=ORIENTED_EDGE('',*,*,#16397,.F.);
#16413=EDGE_LOOP('',(#16408,#16410,#16411,#16412));
#16414=FACE_OUTER_BOUND('',#16413,.F.);
#16415=ADVANCED_FACE('',(#16414),#16407,.T.);
#16416=CARTESIAN_POINT('',(-1.625E0,-2.255E0,-3.925E0));
#16417=DIRECTION('',(0.E0,-1.E0,0.E0));
#16418=DIRECTION('',(0.E0,0.E0,-1.E0));
#16419=AXIS2_PLACEMENT_3D('',#16416,#16417,#16418);
#16420=PLANE('',#16419);
#16421=ORIENTED_EDGE('',*,*,#14222,.F.);
#16423=ORIENTED_EDGE('',*,*,#16422,.T.);
#16424=ORIENTED_EDGE('',*,*,#14371,.T.);
#16425=ORIENTED_EDGE('',*,*,#16409,.F.);
#16426=EDGE_LOOP('',(#16421,#16423,#16424,#16425));
#16427=FACE_OUTER_BOUND('',#16426,.F.);
#16428=ADVANCED_FACE('',(#16427),#16420,.T.);
#16429=CARTESIAN_POINT('',(-1.625E0,-3.775E0,-3.925E0));
#16430=DIRECTION('',(0.E0,0.E0,-1.E0));
#16431=DIRECTION('',(0.E0,1.E0,0.E0));
#16432=AXIS2_PLACEMENT_3D('',#16429,#16430,#16431);
#16433=PLANE('',#16432);
#16434=ORIENTED_EDGE('',*,*,#14220,.F.);
#16436=ORIENTED_EDGE('',*,*,#16435,.T.);
#16437=ORIENTED_EDGE('',*,*,#14373,.T.);
#16438=ORIENTED_EDGE('',*,*,#16422,.F.);
#16439=EDGE_LOOP('',(#16434,#16436,#16437,#16438));
#16440=FACE_OUTER_BOUND('',#16439,.F.);
#16441=ADVANCED_FACE('',(#16440),#16433,.T.);
#16442=CARTESIAN_POINT('',(-1.625E0,-4.025E0,-4.175E0));
#16443=DIRECTION('',(0.E0,7.071067811865E-1,-7.071067811865E-1));
#16444=DIRECTION('',(0.E0,7.071067811865E-1,7.071067811865E-1));
#16445=AXIS2_PLACEMENT_3D('',#16442,#16443,#16444);
#16446=PLANE('',#16445);
#16447=ORIENTED_EDGE('',*,*,#14218,.F.);
#16449=ORIENTED_EDGE('',*,*,#16448,.T.);
#16450=ORIENTED_EDGE('',*,*,#14375,.T.);
#16451=ORIENTED_EDGE('',*,*,#16435,.F.);
#16452=EDGE_LOOP('',(#16447,#16449,#16450,#16451));
#16453=FACE_OUTER_BOUND('',#16452,.F.);
#16454=ADVANCED_FACE('',(#16453),#16446,.T.);
#16455=CARTESIAN_POINT('',(-1.625E0,-4.025E0,-5.175E0));
#16456=DIRECTION('',(0.E0,1.E0,0.E0));
#16457=DIRECTION('',(0.E0,0.E0,1.E0));
#16458=AXIS2_PLACEMENT_3D('',#16455,#16456,#16457);
#16459=PLANE('',#16458);
#16460=ORIENTED_EDGE('',*,*,#14216,.F.);
#16462=ORIENTED_EDGE('',*,*,#16461,.T.);
#16463=ORIENTED_EDGE('',*,*,#14377,.T.);
#16464=ORIENTED_EDGE('',*,*,#16448,.F.);
#16465=EDGE_LOOP('',(#16460,#16462,#16463,#16464));
#16466=FACE_OUTER_BOUND('',#16465,.F.);
#16467=ADVANCED_FACE('',(#16466),#16459,.T.);
#16468=CARTESIAN_POINT('',(-1.625E0,-4.575E0,-5.175E0));
#16469=DIRECTION('',(0.E0,0.E0,-1.E0));
#16470=DIRECTION('',(0.E0,1.E0,0.E0));
#16471=AXIS2_PLACEMENT_3D('',#16468,#16469,#16470);
#16472=PLANE('',#16471);
#16473=ORIENTED_EDGE('',*,*,#14214,.F.);
#16475=ORIENTED_EDGE('',*,*,#16474,.T.);
#16476=ORIENTED_EDGE('',*,*,#14379,.T.);
#16477=ORIENTED_EDGE('',*,*,#16461,.F.);
#16478=EDGE_LOOP('',(#16473,#16475,#16476,#16477));
#16479=FACE_OUTER_BOUND('',#16478,.F.);
#16480=ADVANCED_FACE('',(#16479),#16472,.T.);
#16481=CARTESIAN_POINT('',(-1.625E0,-4.625E0,-5.125E0));
#16482=DIRECTION('',(0.E0,-7.071067811865E-1,-7.071067811865E-1));
#16483=DIRECTION('',(0.E0,7.071067811865E-1,-7.071067811865E-1));
#16484=AXIS2_PLACEMENT_3D('',#16481,#16482,#16483);
#16485=PLANE('',#16484);
#16486=ORIENTED_EDGE('',*,*,#14212,.F.);
#16488=ORIENTED_EDGE('',*,*,#16487,.T.);
#16489=ORIENTED_EDGE('',*,*,#14381,.T.);
#16490=ORIENTED_EDGE('',*,*,#16474,.F.);
#16491=EDGE_LOOP('',(#16486,#16488,#16489,#16490));
#16492=FACE_OUTER_BOUND('',#16491,.F.);
#16493=ADVANCED_FACE('',(#16492),#16485,.T.);
#16494=CARTESIAN_POINT('',(-1.625E0,-4.625E0,-3.475E0));
#16495=DIRECTION('',(0.E0,-1.E0,0.E0));
#16496=DIRECTION('',(0.E0,0.E0,-1.E0));
#16497=AXIS2_PLACEMENT_3D('',#16494,#16495,#16496);
#16498=PLANE('',#16497);
#16499=ORIENTED_EDGE('',*,*,#14210,.F.);
#16501=ORIENTED_EDGE('',*,*,#16500,.T.);
#16502=ORIENTED_EDGE('',*,*,#14383,.T.);
#16503=ORIENTED_EDGE('',*,*,#16487,.F.);
#16504=EDGE_LOOP('',(#16499,#16501,#16502,#16503));
#16505=FACE_OUTER_BOUND('',#16504,.F.);
#16506=ADVANCED_FACE('',(#16505),#16498,.T.);
#16507=CARTESIAN_POINT('',(-1.625E0,-4.075E0,-2.925E0));
#16508=DIRECTION('',(0.E0,-7.071067811865E-1,7.071067811865E-1));
#16509=DIRECTION('',(0.E0,-7.071067811865E-1,-7.071067811865E-1));
#16510=AXIS2_PLACEMENT_3D('',#16507,#16508,#16509);
#16511=PLANE('',#16510);
#16512=ORIENTED_EDGE('',*,*,#14208,.F.);
#16514=ORIENTED_EDGE('',*,*,#16513,.T.);
#16515=ORIENTED_EDGE('',*,*,#14385,.T.);
#16516=ORIENTED_EDGE('',*,*,#16500,.F.);
#16517=EDGE_LOOP('',(#16512,#16514,#16515,#16516));
#16518=FACE_OUTER_BOUND('',#16517,.F.);
#16519=ADVANCED_FACE('',(#16518),#16511,.T.);
#16520=CARTESIAN_POINT('',(-1.625E0,-3.815E0,-2.925E0));
#16521=DIRECTION('',(0.E0,0.E0,1.E0));
#16522=DIRECTION('',(0.E0,-1.E0,0.E0));
#16523=AXIS2_PLACEMENT_3D('',#16520,#16521,#16522);
#16524=PLANE('',#16523);
#16525=ORIENTED_EDGE('',*,*,#14206,.F.);
#16527=ORIENTED_EDGE('',*,*,#16526,.T.);
#16528=ORIENTED_EDGE('',*,*,#14387,.T.);
#16529=ORIENTED_EDGE('',*,*,#16513,.F.);
#16530=EDGE_LOOP('',(#16525,#16527,#16528,#16529));
#16531=FACE_OUTER_BOUND('',#16530,.F.);
#16532=ADVANCED_FACE('',(#16531),#16524,.T.);
#16533=CARTESIAN_POINT('',(-1.625E0,-3.815E0,-2.825E0));
#16534=DIRECTION('',(1.E0,0.E0,0.E0));
#16535=DIRECTION('',(0.E0,0.E0,-1.E0));
#16536=AXIS2_PLACEMENT_3D('',#16533,#16534,#16535);
#16537=CYLINDRICAL_SURFACE('',#16536,1.E-1);
#16538=ORIENTED_EDGE('',*,*,#14204,.F.);
#16539=ORIENTED_EDGE('',*,*,#16195,.T.);
#16540=ORIENTED_EDGE('',*,*,#14389,.T.);
#16541=ORIENTED_EDGE('',*,*,#16526,.F.);
#16542=EDGE_LOOP('',(#16538,#16539,#16540,#16541));
#16543=FACE_OUTER_BOUND('',#16542,.F.);
#16544=ADVANCED_FACE('',(#16543),#16537,.F.);
#16545=CARTESIAN_POINT('',(-1.25E-1,-1.855E0,-4.025E0));
#16546=DIRECTION('',(0.E0,1.E0,0.E0));
#16547=DIRECTION('',(0.E0,0.E0,1.E0));
#16548=AXIS2_PLACEMENT_3D('',#16545,#16546,#16547);
#16549=PLANE('',#16548);
#16550=ORIENTED_EDGE('',*,*,#16200,.F.);
#16551=ORIENTED_EDGE('',*,*,#15720,.F.);
#16553=ORIENTED_EDGE('',*,*,#16552,.T.);
#16554=ORIENTED_EDGE('',*,*,#15854,.T.);
#16555=EDGE_LOOP('',(#16550,#16551,#16553,#16554));
#16556=FACE_OUTER_BOUND('',#16555,.F.);
#16557=ADVANCED_FACE('',(#16556),#16549,.T.);
#16558=CARTESIAN_POINT('',(-1.25E-1,-2.255E0,-4.025E0));
#16559=DIRECTION('',(0.E0,0.E0,-1.E0));
#16560=DIRECTION('',(0.E0,1.E0,0.E0));
#16561=AXIS2_PLACEMENT_3D('',#16558,#16559,#16560);
#16562=PLANE('',#16561);
#16563=ORIENTED_EDGE('',*,*,#15718,.F.);
#16565=ORIENTED_EDGE('',*,*,#16564,.T.);
#16566=ORIENTED_EDGE('',*,*,#15856,.T.);
#16567=ORIENTED_EDGE('',*,*,#16552,.F.);
#16568=EDGE_LOOP('',(#16563,#16565,#16566,#16567));
#16569=FACE_OUTER_BOUND('',#16568,.F.);
#16570=ADVANCED_FACE('',(#16569),#16562,.T.);
#16571=CARTESIAN_POINT('',(-1.25E-1,-2.255E0,-3.925E0));
#16572=DIRECTION('',(0.E0,-1.E0,0.E0));
#16573=DIRECTION('',(0.E0,0.E0,-1.E0));
#16574=AXIS2_PLACEMENT_3D('',#16571,#16572,#16573);
#16575=PLANE('',#16574);
#16576=ORIENTED_EDGE('',*,*,#15716,.F.);
#16578=ORIENTED_EDGE('',*,*,#16577,.T.);
#16579=ORIENTED_EDGE('',*,*,#15858,.T.);
#16580=ORIENTED_EDGE('',*,*,#16564,.F.);
#16581=EDGE_LOOP('',(#16576,#16578,#16579,#16580));
#16582=FACE_OUTER_BOUND('',#16581,.F.);
#16583=ADVANCED_FACE('',(#16582),#16575,.T.);
#16584=CARTESIAN_POINT('',(-1.25E-1,-3.775E0,-3.925E0));
#16585=DIRECTION('',(0.E0,0.E0,-1.E0));
#16586=DIRECTION('',(0.E0,1.E0,0.E0));
#16587=AXIS2_PLACEMENT_3D('',#16584,#16585,#16586);
#16588=PLANE('',#16587);
#16589=ORIENTED_EDGE('',*,*,#15714,.F.);
#16591=ORIENTED_EDGE('',*,*,#16590,.T.);
#16592=ORIENTED_EDGE('',*,*,#15860,.T.);
#16593=ORIENTED_EDGE('',*,*,#16577,.F.);
#16594=EDGE_LOOP('',(#16589,#16591,#16592,#16593));
#16595=FACE_OUTER_BOUND('',#16594,.F.);
#16596=ADVANCED_FACE('',(#16595),#16588,.T.);
#16597=CARTESIAN_POINT('',(-1.25E-1,-4.025E0,-4.175E0));
#16598=DIRECTION('',(0.E0,7.071067811865E-1,-7.071067811865E-1));
#16599=DIRECTION('',(0.E0,7.071067811865E-1,7.071067811865E-1));
#16600=AXIS2_PLACEMENT_3D('',#16597,#16598,#16599);
#16601=PLANE('',#16600);
#16602=ORIENTED_EDGE('',*,*,#15712,.F.);
#16604=ORIENTED_EDGE('',*,*,#16603,.T.);
#16605=ORIENTED_EDGE('',*,*,#15862,.T.);
#16606=ORIENTED_EDGE('',*,*,#16590,.F.);
#16607=EDGE_LOOP('',(#16602,#16604,#16605,#16606));
#16608=FACE_OUTER_BOUND('',#16607,.F.);
#16609=ADVANCED_FACE('',(#16608),#16601,.T.);
#16610=CARTESIAN_POINT('',(-1.25E-1,-4.025E0,-5.175E0));
#16611=DIRECTION('',(0.E0,1.E0,0.E0));
#16612=DIRECTION('',(0.E0,0.E0,1.E0));
#16613=AXIS2_PLACEMENT_3D('',#16610,#16611,#16612);
#16614=PLANE('',#16613);
#16615=ORIENTED_EDGE('',*,*,#15710,.F.);
#16617=ORIENTED_EDGE('',*,*,#16616,.T.);
#16618=ORIENTED_EDGE('',*,*,#15864,.T.);
#16619=ORIENTED_EDGE('',*,*,#16603,.F.);
#16620=EDGE_LOOP('',(#16615,#16617,#16618,#16619));
#16621=FACE_OUTER_BOUND('',#16620,.F.);
#16622=ADVANCED_FACE('',(#16621),#16614,.T.);
#16623=CARTESIAN_POINT('',(-1.25E-1,-4.575E0,-5.175E0));
#16624=DIRECTION('',(0.E0,0.E0,-1.E0));
#16625=DIRECTION('',(0.E0,1.E0,0.E0));
#16626=AXIS2_PLACEMENT_3D('',#16623,#16624,#16625);
#16627=PLANE('',#16626);
#16628=ORIENTED_EDGE('',*,*,#15708,.F.);
#16630=ORIENTED_EDGE('',*,*,#16629,.T.);
#16631=ORIENTED_EDGE('',*,*,#15866,.T.);
#16632=ORIENTED_EDGE('',*,*,#16616,.F.);
#16633=EDGE_LOOP('',(#16628,#16630,#16631,#16632));
#16634=FACE_OUTER_BOUND('',#16633,.F.);
#16635=ADVANCED_FACE('',(#16634),#16627,.T.);
#16636=CARTESIAN_POINT('',(-1.25E-1,-4.625E0,-5.125E0));
#16637=DIRECTION('',(0.E0,-7.071067811865E-1,-7.071067811865E-1));
#16638=DIRECTION('',(0.E0,7.071067811865E-1,-7.071067811865E-1));
#16639=AXIS2_PLACEMENT_3D('',#16636,#16637,#16638);
#16640=PLANE('',#16639);
#16641=ORIENTED_EDGE('',*,*,#15706,.F.);
#16643=ORIENTED_EDGE('',*,*,#16642,.T.);
#16644=ORIENTED_EDGE('',*,*,#15868,.T.);
#16645=ORIENTED_EDGE('',*,*,#16629,.F.);
#16646=EDGE_LOOP('',(#16641,#16643,#16644,#16645));
#16647=FACE_OUTER_BOUND('',#16646,.F.);
#16648=ADVANCED_FACE('',(#16647),#16640,.T.);
#16649=CARTESIAN_POINT('',(-1.25E-1,-4.625E0,-3.475E0));
#16650=DIRECTION('',(0.E0,-1.E0,0.E0));
#16651=DIRECTION('',(0.E0,0.E0,-1.E0));
#16652=AXIS2_PLACEMENT_3D('',#16649,#16650,#16651);
#16653=PLANE('',#16652);
#16654=ORIENTED_EDGE('',*,*,#15704,.F.);
#16656=ORIENTED_EDGE('',*,*,#16655,.T.);
#16657=ORIENTED_EDGE('',*,*,#15870,.T.);
#16658=ORIENTED_EDGE('',*,*,#16642,.F.);
#16659=EDGE_LOOP('',(#16654,#16656,#16657,#16658));
#16660=FACE_OUTER_BOUND('',#16659,.F.);
#16661=ADVANCED_FACE('',(#16660),#16653,.T.);
#16662=CARTESIAN_POINT('',(-1.25E-1,-4.075E0,-2.925E0));
#16663=DIRECTION('',(0.E0,-7.071067811865E-1,7.071067811865E-1));
#16664=DIRECTION('',(0.E0,-7.071067811865E-1,-7.071067811865E-1));
#16665=AXIS2_PLACEMENT_3D('',#16662,#16663,#16664);
#16666=PLANE('',#16665);
#16667=ORIENTED_EDGE('',*,*,#15702,.F.);
#16669=ORIENTED_EDGE('',*,*,#16668,.T.);
#16670=ORIENTED_EDGE('',*,*,#15872,.T.);
#16671=ORIENTED_EDGE('',*,*,#16655,.F.);
#16672=EDGE_LOOP('',(#16667,#16669,#16670,#16671));
#16673=FACE_OUTER_BOUND('',#16672,.F.);
#16674=ADVANCED_FACE('',(#16673),#16666,.T.);
#16675=CARTESIAN_POINT('',(-1.25E-1,-3.815E0,-2.925E0));
#16676=DIRECTION('',(0.E0,0.E0,1.E0));
#16677=DIRECTION('',(0.E0,-1.E0,0.E0));
#16678=AXIS2_PLACEMENT_3D('',#16675,#16676,#16677);
#16679=PLANE('',#16678);
#16680=ORIENTED_EDGE('',*,*,#15700,.F.);
#16682=ORIENTED_EDGE('',*,*,#16681,.T.);
#16683=ORIENTED_EDGE('',*,*,#15874,.T.);
#16684=ORIENTED_EDGE('',*,*,#16668,.F.);
#16685=EDGE_LOOP('',(#16680,#16682,#16683,#16684));
#16686=FACE_OUTER_BOUND('',#16685,.F.);
#16687=ADVANCED_FACE('',(#16686),#16679,.T.);
#16688=CARTESIAN_POINT('',(-1.25E-1,-3.815E0,-2.825E0));
#16689=DIRECTION('',(1.E0,0.E0,0.E0));
#16690=DIRECTION('',(0.E0,0.E0,-1.E0));
#16691=AXIS2_PLACEMENT_3D('',#16688,#16689,#16690);
#16692=CYLINDRICAL_SURFACE('',#16691,1.E-1);
#16693=ORIENTED_EDGE('',*,*,#15698,.F.);
#16694=ORIENTED_EDGE('',*,*,#16203,.T.);
#16695=ORIENTED_EDGE('',*,*,#15876,.T.);
#16696=ORIENTED_EDGE('',*,*,#16681,.F.);
#16697=EDGE_LOOP('',(#16693,#16694,#16695,#16696));
#16698=FACE_OUTER_BOUND('',#16697,.F.);
#16699=ADVANCED_FACE('',(#16698),#16692,.F.);
#16700=CARTESIAN_POINT('',(1.375E0,0.E0,0.E0));
#16701=DIRECTION('',(1.E0,0.E0,0.E0));
#16702=DIRECTION('',(0.E0,0.E0,-1.E0));
#16703=AXIS2_PLACEMENT_3D('',#16700,#16701,#16702);
#16704=PLANE('',#16703);
#16705=ORIENTED_EDGE('',*,*,#13994,.T.);
#16707=ORIENTED_EDGE('',*,*,#16706,.T.);
#16709=ORIENTED_EDGE('',*,*,#16708,.T.);
#16711=ORIENTED_EDGE('',*,*,#16710,.T.);
#16713=ORIENTED_EDGE('',*,*,#16712,.T.);
#16715=ORIENTED_EDGE('',*,*,#16714,.T.);
#16717=ORIENTED_EDGE('',*,*,#16716,.T.);
#16719=ORIENTED_EDGE('',*,*,#16718,.T.);
#16720=ORIENTED_EDGE('',*,*,#10103,.F.);
#16721=ORIENTED_EDGE('',*,*,#14069,.T.);
#16722=EDGE_LOOP('',(#16705,#16707,#16709,#16711,#16713,#16715,#16717,#16719,
#16720,#16721));
#16723=FACE_OUTER_BOUND('',#16722,.F.);
#16724=ADVANCED_FACE('',(#16723),#16704,.F.);
#16725=CARTESIAN_POINT('',(1.375E0,0.E0,0.E0));
#16726=DIRECTION('',(1.E0,0.E0,0.E0));
#16727=DIRECTION('',(0.E0,0.E0,-1.E0));
#16728=AXIS2_PLACEMENT_3D('',#16725,#16726,#16727);
#16729=PLANE('',#16728);
#16731=ORIENTED_EDGE('',*,*,#16730,.T.);
#16732=ORIENTED_EDGE('',*,*,#15538,.T.);
#16733=ORIENTED_EDGE('',*,*,#14532,.T.);
#16735=ORIENTED_EDGE('',*,*,#16734,.T.);
#16737=ORIENTED_EDGE('',*,*,#16736,.T.);
#16739=ORIENTED_EDGE('',*,*,#16738,.T.);
#16741=ORIENTED_EDGE('',*,*,#16740,.T.);
#16742=EDGE_LOOP('',(#16731,#16732,#16733,#16735,#16737,#16739,#16741));
#16743=FACE_OUTER_BOUND('',#16742,.F.);
#16744=ADVANCED_FACE('',(#16743),#16729,.F.);
#16745=CARTESIAN_POINT('',(1.375E0,0.E0,0.E0));
#16746=DIRECTION('',(1.E0,0.E0,0.E0));
#16747=DIRECTION('',(0.E0,0.E0,-1.E0));
#16748=AXIS2_PLACEMENT_3D('',#16745,#16746,#16747);
#16749=PLANE('',#16748);
#16750=ORIENTED_EDGE('',*,*,#14844,.T.);
#16752=ORIENTED_EDGE('',*,*,#16751,.T.);
#16754=ORIENTED_EDGE('',*,*,#16753,.T.);
#16756=ORIENTED_EDGE('',*,*,#16755,.T.);
#16758=ORIENTED_EDGE('',*,*,#16757,.T.);
#16760=ORIENTED_EDGE('',*,*,#16759,.T.);
#16762=ORIENTED_EDGE('',*,*,#16761,.T.);
#16764=ORIENTED_EDGE('',*,*,#16763,.T.);
#16765=ORIENTED_EDGE('',*,*,#14998,.F.);
#16766=ORIENTED_EDGE('',*,*,#14915,.T.);
#16767=EDGE_LOOP('',(#16750,#16752,#16754,#16756,#16758,#16760,#16762,#16764,
#16765,#16766));
#16768=FACE_OUTER_BOUND('',#16767,.F.);
#16769=ADVANCED_FACE('',(#16768),#16749,.F.);
#16770=CARTESIAN_POINT('',(1.375E0,0.E0,0.E0));
#16771=DIRECTION('',(1.E0,0.E0,0.E0));
#16772=DIRECTION('',(0.E0,0.E0,-1.E0));
#16773=AXIS2_PLACEMENT_3D('',#16770,#16771,#16772);
#16774=PLANE('',#16773);
#16775=ORIENTED_EDGE('',*,*,#16207,.F.);
#16777=ORIENTED_EDGE('',*,*,#16776,.T.);
#16779=ORIENTED_EDGE('',*,*,#16778,.T.);
#16781=ORIENTED_EDGE('',*,*,#16780,.T.);
#16783=ORIENTED_EDGE('',*,*,#16782,.T.);
#16785=ORIENTED_EDGE('',*,*,#16784,.T.);
#16787=ORIENTED_EDGE('',*,*,#16786,.T.);
#16789=ORIENTED_EDGE('',*,*,#16788,.T.);
#16791=ORIENTED_EDGE('',*,*,#16790,.T.);
#16793=ORIENTED_EDGE('',*,*,#16792,.T.);
#16795=ORIENTED_EDGE('',*,*,#16794,.T.);
#16797=ORIENTED_EDGE('',*,*,#16796,.T.);
#16799=ORIENTED_EDGE('',*,*,#16798,.T.);
#16800=EDGE_LOOP('',(#16775,#16777,#16779,#16781,#16783,#16785,#16787,#16789,
#16791,#16793,#16795,#16797,#16799));
#16801=FACE_OUTER_BOUND('',#16800,.F.);
#16802=ADVANCED_FACE('',(#16801),#16774,.F.);
#16803=CARTESIAN_POINT('',(1.375E0,0.E0,0.E0));
#16804=DIRECTION('',(1.E0,0.E0,0.E0));
#16805=DIRECTION('',(0.E0,0.E0,-1.E0));
#16806=AXIS2_PLACEMENT_3D('',#16803,#16804,#16805);
#16807=PLANE('',#16806);
#16808=ORIENTED_EDGE('',*,*,#14817,.T.);
#16809=ORIENTED_EDGE('',*,*,#14743,.T.);
#16811=ORIENTED_EDGE('',*,*,#16810,.T.);
#16813=ORIENTED_EDGE('',*,*,#16812,.T.);
#16815=ORIENTED_EDGE('',*,*,#16814,.T.);
#16817=ORIENTED_EDGE('',*,*,#16816,.T.);
#16819=ORIENTED_EDGE('',*,*,#16818,.T.);
#16820=EDGE_LOOP('',(#16808,#16809,#16811,#16813,#16815,#16817,#16819));
#16821=FACE_OUTER_BOUND('',#16820,.F.);
#16822=ADVANCED_FACE('',(#16821),#16807,.F.);
#16823=CARTESIAN_POINT('',(1.375E0,0.E0,0.E0));
#16824=DIRECTION('',(1.E0,0.E0,0.E0));
#16825=DIRECTION('',(0.E0,0.E0,-1.E0));
#16826=AXIS2_PLACEMENT_3D('',#16823,#16824,#16825);
#16827=PLANE('',#16826);
#16829=ORIENTED_EDGE('',*,*,#16828,.T.);
#16831=ORIENTED_EDGE('',*,*,#16830,.F.);
#16833=ORIENTED_EDGE('',*,*,#16832,.T.);
#16835=ORIENTED_EDGE('',*,*,#16834,.T.);
#16836=ORIENTED_EDGE('',*,*,#13819,.F.);
#16837=ORIENTED_EDGE('',*,*,#16164,.F.);
#16838=EDGE_LOOP('',(#16829,#16831,#16833,#16835,#16836,#16837));
#16839=FACE_OUTER_BOUND('',#16838,.F.);
#16840=ADVANCED_FACE('',(#16839),#16827,.F.);
#16841=CARTESIAN_POINT('',(1.375E0,-3.145E0,-1.625E0));
#16842=DIRECTION('',(0.E0,1.E0,0.E0));
#16843=DIRECTION('',(0.E0,0.E0,1.E0));
#16844=AXIS2_PLACEMENT_3D('',#16841,#16842,#16843);
#16845=PLANE('',#16844);
#16846=ORIENTED_EDGE('',*,*,#13992,.T.);
#16848=ORIENTED_EDGE('',*,*,#16847,.T.);
#16850=ORIENTED_EDGE('',*,*,#16849,.F.);
#16851=ORIENTED_EDGE('',*,*,#16706,.F.);
#16852=EDGE_LOOP('',(#16846,#16848,#16850,#16851));
#16853=FACE_OUTER_BOUND('',#16852,.F.);
#16854=ADVANCED_FACE('',(#16853),#16845,.T.);
#16855=CARTESIAN_POINT('',(1.625E0,0.E0,0.E0));
#16856=DIRECTION('',(1.E0,0.E0,0.E0));
#16857=DIRECTION('',(0.E0,0.E0,-1.E0));
#16858=AXIS2_PLACEMENT_3D('',#16855,#16856,#16857);
#16859=PLANE('',#16858);
#16860=ORIENTED_EDGE('',*,*,#13990,.F.);
#16861=ORIENTED_EDGE('',*,*,#14085,.F.);
#16862=ORIENTED_EDGE('',*,*,#10107,.T.);
#16864=ORIENTED_EDGE('',*,*,#16863,.F.);
#16866=ORIENTED_EDGE('',*,*,#16865,.F.);
#16868=ORIENTED_EDGE('',*,*,#16867,.F.);
#16870=ORIENTED_EDGE('',*,*,#16869,.F.);
#16872=ORIENTED_EDGE('',*,*,#16871,.F.);
#16874=ORIENTED_EDGE('',*,*,#16873,.F.);
#16875=ORIENTED_EDGE('',*,*,#16847,.F.);
#16876=EDGE_LOOP('',(#16860,#16861,#16862,#16864,#16866,#16868,#16870,#16872,
#16874,#16875));
#16877=FACE_OUTER_BOUND('',#16876,.F.);
#16878=ADVANCED_FACE('',(#16877),#16859,.T.);
#16879=CARTESIAN_POINT('',(1.625E0,0.E0,0.E0));
#16880=DIRECTION('',(1.E0,0.E0,0.E0));
#16881=DIRECTION('',(0.E0,0.E0,-1.E0));
#16882=AXIS2_PLACEMENT_3D('',#16879,#16880,#16881);
#16883=PLANE('',#16882);
#16885=ORIENTED_EDGE('',*,*,#16884,.F.);
#16887=ORIENTED_EDGE('',*,*,#16886,.F.);
#16889=ORIENTED_EDGE('',*,*,#16888,.F.);
#16891=ORIENTED_EDGE('',*,*,#16890,.F.);
#16893=ORIENTED_EDGE('',*,*,#16892,.F.);
#16894=ORIENTED_EDGE('',*,*,#14528,.F.);
#16895=ORIENTED_EDGE('',*,*,#15542,.F.);
#16896=EDGE_LOOP('',(#16885,#16887,#16889,#16891,#16893,#16894,#16895));
#16897=FACE_OUTER_BOUND('',#16896,.F.);
#16898=ADVANCED_FACE('',(#16897),#16883,.T.);
#16899=CARTESIAN_POINT('',(1.625E0,0.E0,0.E0));
#16900=DIRECTION('',(1.E0,0.E0,0.E0));
#16901=DIRECTION('',(0.E0,0.E0,-1.E0));
#16902=AXIS2_PLACEMENT_3D('',#16899,#16900,#16901);
#16903=PLANE('',#16902);
#16904=ORIENTED_EDGE('',*,*,#14840,.F.);
#16905=ORIENTED_EDGE('',*,*,#14933,.F.);
#16906=ORIENTED_EDGE('',*,*,#15002,.T.);
#16908=ORIENTED_EDGE('',*,*,#16907,.F.);
#16910=ORIENTED_EDGE('',*,*,#16909,.F.);
#16912=ORIENTED_EDGE('',*,*,#16911,.F.);
#16914=ORIENTED_EDGE('',*,*,#16913,.F.);
#16916=ORIENTED_EDGE('',*,*,#16915,.F.);
#16918=ORIENTED_EDGE('',*,*,#16917,.F.);
#16920=ORIENTED_EDGE('',*,*,#16919,.F.);
#16921=EDGE_LOOP('',(#16904,#16905,#16906,#16908,#16910,#16912,#16914,#16916,
#16918,#16920));
#16922=FACE_OUTER_BOUND('',#16921,.F.);
#16923=ADVANCED_FACE('',(#16922),#16903,.T.);
#16924=CARTESIAN_POINT('',(1.625E0,0.E0,0.E0));
#16925=DIRECTION('',(1.E0,0.E0,0.E0));
#16926=DIRECTION('',(0.E0,0.E0,-1.E0));
#16927=AXIS2_PLACEMENT_3D('',#16924,#16925,#16926);
#16928=PLANE('',#16927);
#16929=ORIENTED_EDGE('',*,*,#16211,.T.);
#16931=ORIENTED_EDGE('',*,*,#16930,.F.);
#16933=ORIENTED_EDGE('',*,*,#16932,.F.);
#16935=ORIENTED_EDGE('',*,*,#16934,.F.);
#16937=ORIENTED_EDGE('',*,*,#16936,.F.);
#16939=ORIENTED_EDGE('',*,*,#16938,.F.);
#16941=ORIENTED_EDGE('',*,*,#16940,.F.);
#16943=ORIENTED_EDGE('',*,*,#16942,.F.);
#16945=ORIENTED_EDGE('',*,*,#16944,.F.);
#16947=ORIENTED_EDGE('',*,*,#16946,.F.);
#16949=ORIENTED_EDGE('',*,*,#16948,.F.);
#16951=ORIENTED_EDGE('',*,*,#16950,.F.);
#16953=ORIENTED_EDGE('',*,*,#16952,.F.);
#16954=EDGE_LOOP('',(#16929,#16931,#16933,#16935,#16937,#16939,#16941,#16943,
#16945,#16947,#16949,#16951,#16953));
#16955=FACE_OUTER_BOUND('',#16954,.F.);
#16956=ADVANCED_FACE('',(#16955),#16928,.T.);
#16957=CARTESIAN_POINT('',(1.625E0,0.E0,0.E0));
#16958=DIRECTION('',(1.E0,0.E0,0.E0));
#16959=DIRECTION('',(0.E0,0.E0,-1.E0));
#16960=AXIS2_PLACEMENT_3D('',#16957,#16958,#16959);
#16961=PLANE('',#16960);
#16962=ORIENTED_EDGE('',*,*,#14821,.F.);
#16964=ORIENTED_EDGE('',*,*,#16963,.F.);
#16966=ORIENTED_EDGE('',*,*,#16965,.F.);
#16968=ORIENTED_EDGE('',*,*,#16967,.F.);
#16970=ORIENTED_EDGE('',*,*,#16969,.F.);
#16972=ORIENTED_EDGE('',*,*,#16971,.F.);
#16973=ORIENTED_EDGE('',*,*,#14739,.F.);
#16974=EDGE_LOOP('',(#16962,#16964,#16966,#16968,#16970,#16972,#16973));
#16975=FACE_OUTER_BOUND('',#16974,.F.);
#16976=ADVANCED_FACE('',(#16975),#16961,.T.);
#16977=CARTESIAN_POINT('',(1.625E0,0.E0,0.E0));
#16978=DIRECTION('',(1.E0,0.E0,0.E0));
#16979=DIRECTION('',(0.E0,0.E0,-1.E0));
#16980=AXIS2_PLACEMENT_3D('',#16977,#16978,#16979);
#16981=PLANE('',#16980);
#16983=ORIENTED_EDGE('',*,*,#16982,.T.);
#16985=ORIENTED_EDGE('',*,*,#16984,.F.);
#16987=ORIENTED_EDGE('',*,*,#16986,.F.);
#16989=ORIENTED_EDGE('',*,*,#16988,.F.);
#16990=ORIENTED_EDGE('',*,*,#16160,.T.);
#16991=ORIENTED_EDGE('',*,*,#13823,.T.);
#16992=EDGE_LOOP('',(#16983,#16985,#16987,#16989,#16990,#16991));
#16993=FACE_OUTER_BOUND('',#16992,.F.);
#16994=ADVANCED_FACE('',(#16993),#16981,.T.);
#16995=CARTESIAN_POINT('',(1.375E0,-3.615E0,1.455E0));
#16996=DIRECTION('',(1.E0,0.E0,0.E0));
#16997=DIRECTION('',(0.E0,0.E0,-1.E0));
#16998=AXIS2_PLACEMENT_3D('',#16995,#16996,#16997);
#16999=CYLINDRICAL_SURFACE('',#16998,1.E-1);
#17000=ORIENTED_EDGE('',*,*,#10105,.F.);
#17001=ORIENTED_EDGE('',*,*,#16718,.F.);
#17003=ORIENTED_EDGE('',*,*,#17002,.T.);
#17004=ORIENTED_EDGE('',*,*,#16863,.T.);
#17005=EDGE_LOOP('',(#17000,#17001,#17003,#17004));
#17006=FACE_OUTER_BOUND('',#17005,.F.);
#17007=ADVANCED_FACE('',(#17006),#16999,.T.);
#17008=CARTESIAN_POINT('',(1.375E0,-3.182592812507E0,9.514883077779E-1));
#17009=DIRECTION('',(0.E0,8.481437498598E-1,5.297661555572E-1));
#17010=DIRECTION('',(0.E0,-5.297661555572E-1,8.481437498598E-1));
#17011=AXIS2_PLACEMENT_3D('',#17008,#17009,#17010);
#17012=PLANE('',#17011);
#17013=ORIENTED_EDGE('',*,*,#16716,.F.);
#17015=ORIENTED_EDGE('',*,*,#17014,.T.);
#17016=ORIENTED_EDGE('',*,*,#16865,.T.);
#17017=ORIENTED_EDGE('',*,*,#17002,.F.);
#17018=EDGE_LOOP('',(#17013,#17015,#17016,#17017));
#17019=FACE_OUTER_BOUND('',#17018,.F.);
#17020=ADVANCED_FACE('',(#17019),#17012,.T.);
#17021=CARTESIAN_POINT('',(1.375E0,-3.225E0,9.25E-1));
#17022=DIRECTION('',(1.E0,0.E0,0.E0));
#17023=DIRECTION('',(0.E0,0.E0,-1.E0));
#17024=AXIS2_PLACEMENT_3D('',#17021,#17022,#17023);
#17025=CYLINDRICAL_SURFACE('',#17024,5.E-2);
#17026=ORIENTED_EDGE('',*,*,#16714,.F.);
#17028=ORIENTED_EDGE('',*,*,#17027,.T.);
#17029=ORIENTED_EDGE('',*,*,#16867,.T.);
#17030=ORIENTED_EDGE('',*,*,#17014,.F.);
#17031=EDGE_LOOP('',(#17026,#17028,#17029,#17030));
#17032=FACE_OUTER_BOUND('',#17031,.F.);
#17033=ADVANCED_FACE('',(#17032),#17025,.T.);
#17034=CARTESIAN_POINT('',(1.375E0,-3.315E0,6.25E-1));
#17035=DIRECTION('',(0.E0,8.996712436539E-1,-4.365680397628E-1));
#17036=DIRECTION('',(0.E0,4.365680397628E-1,8.996712436539E-1));
#17037=AXIS2_PLACEMENT_3D('',#17034,#17035,#17036);
#17038=PLANE('',#17037);
#17039=ORIENTED_EDGE('',*,*,#16712,.F.);
#17041=ORIENTED_EDGE('',*,*,#17040,.T.);
#17042=ORIENTED_EDGE('',*,*,#16869,.T.);
#17043=ORIENTED_EDGE('',*,*,#17027,.F.);
#17044=EDGE_LOOP('',(#17039,#17041,#17042,#17043));
#17045=FACE_OUTER_BOUND('',#17044,.F.);
#17046=ADVANCED_FACE('',(#17045),#17038,.T.);
#17047=CARTESIAN_POINT('',(1.375E0,-3.315E0,-6.15E-1));
#17048=DIRECTION('',(0.E0,1.E0,0.E0));
#17049=DIRECTION('',(0.E0,0.E0,1.E0));
#17050=AXIS2_PLACEMENT_3D('',#17047,#17048,#17049);
#17051=PLANE('',#17050);
#17052=ORIENTED_EDGE('',*,*,#16710,.F.);
#17054=ORIENTED_EDGE('',*,*,#17053,.T.);
#17055=ORIENTED_EDGE('',*,*,#16871,.T.);
#17056=ORIENTED_EDGE('',*,*,#17040,.F.);
#17057=EDGE_LOOP('',(#17052,#17054,#17055,#17056));
#17058=FACE_OUTER_BOUND('',#17057,.F.);
#17059=ADVANCED_FACE('',(#17058),#17051,.T.);
#17060=CARTESIAN_POINT('',(1.375E0,-3.145E0,-8.65E-1));
#17061=DIRECTION('',(0.E0,8.269265020695E-1,5.623100214073E-1));
#17062=DIRECTION('',(0.E0,-5.623100214073E-1,8.269265020695E-1));
#17063=AXIS2_PLACEMENT_3D('',#17060,#17061,#17062);
#17064=PLANE('',#17063);
#17065=ORIENTED_EDGE('',*,*,#16708,.F.);
#17066=ORIENTED_EDGE('',*,*,#16849,.T.);
#17067=ORIENTED_EDGE('',*,*,#16873,.T.);
#17068=ORIENTED_EDGE('',*,*,#17053,.F.);
#17069=EDGE_LOOP('',(#17065,#17066,#17067,#17068));
#17070=FACE_OUTER_BOUND('',#17069,.F.);
#17071=ADVANCED_FACE('',(#17070),#17064,.T.);
#17072=CARTESIAN_POINT('',(1.375E0,-2.235E0,4.776630953573E-1));
#17073=DIRECTION('',(0.E0,-1.E0,0.E0));
#17074=DIRECTION('',(0.E0,0.E0,-1.E0));
#17075=AXIS2_PLACEMENT_3D('',#17072,#17073,#17074);
#17076=PLANE('',#17075);
#17077=ORIENTED_EDGE('',*,*,#16730,.F.);
#17079=ORIENTED_EDGE('',*,*,#17078,.T.);
#17080=ORIENTED_EDGE('',*,*,#16884,.T.);
#17081=ORIENTED_EDGE('',*,*,#15540,.F.);
#17082=EDGE_LOOP('',(#17077,#17079,#17080,#17081));
#17083=FACE_OUTER_BOUND('',#17082,.F.);
#17084=ADVANCED_FACE('',(#17083),#17076,.T.);
#17085=CARTESIAN_POINT('',(1.375E0,-2.635E0,4.776630953573E-1));
#17086=DIRECTION('',(1.E0,0.E0,0.E0));
#17087=DIRECTION('',(0.E0,0.E0,-1.E0));
#17088=AXIS2_PLACEMENT_3D('',#17085,#17086,#17087);
#17089=CYLINDRICAL_SURFACE('',#17088,4.E-1);
#17090=ORIENTED_EDGE('',*,*,#16740,.F.);
#17092=ORIENTED_EDGE('',*,*,#17091,.T.);
#17093=ORIENTED_EDGE('',*,*,#16886,.T.);
#17094=ORIENTED_EDGE('',*,*,#17078,.F.);
#17095=EDGE_LOOP('',(#17090,#17092,#17093,#17094));
#17096=FACE_OUTER_BOUND('',#17095,.F.);
#17097=ADVANCED_FACE('',(#17096),#17089,.F.);
#17098=CARTESIAN_POINT('',(1.375E0,-2.463053281121E0,8.925662552900E-1));
#17099=DIRECTION('',(0.E0,-7.610656224226E-1,-6.486748942009E-1));
#17100=DIRECTION('',(0.E0,6.486748942009E-1,-7.610656224226E-1));
#17101=AXIS2_PLACEMENT_3D('',#17098,#17099,#17100);
#17102=PLANE('',#17101);
#17103=ORIENTED_EDGE('',*,*,#16738,.F.);
#17105=ORIENTED_EDGE('',*,*,#17104,.T.);
#17106=ORIENTED_EDGE('',*,*,#16888,.T.);
#17107=ORIENTED_EDGE('',*,*,#17091,.F.);
#17108=EDGE_LOOP('',(#17103,#17105,#17106,#17107));
#17109=FACE_OUTER_BOUND('',#17108,.F.);
#17110=ADVANCED_FACE('',(#17109),#17102,.T.);
#17111=CARTESIAN_POINT('',(1.375E0,-2.425E0,9.25E-1));
#17112=DIRECTION('',(1.E0,0.E0,0.E0));
#17113=DIRECTION('',(0.E0,0.E0,-1.E0));
#17114=AXIS2_PLACEMENT_3D('',#17111,#17112,#17113);
#17115=CYLINDRICAL_SURFACE('',#17114,5.E-2);
#17116=ORIENTED_EDGE('',*,*,#16736,.F.);
#17118=ORIENTED_EDGE('',*,*,#17117,.T.);
#17119=ORIENTED_EDGE('',*,*,#16890,.T.);
#17120=ORIENTED_EDGE('',*,*,#17104,.F.);
#17121=EDGE_LOOP('',(#17116,#17118,#17119,#17120));
#17122=FACE_OUTER_BOUND('',#17121,.F.);
#17123=ADVANCED_FACE('',(#17122),#17115,.T.);
#17124=CARTESIAN_POINT('',(1.375E0,-2.216764840171E0,1.468656803976E0));
#17125=DIRECTION('',(0.E0,-8.996712436539E-1,4.365680397628E-1));
#17126=DIRECTION('',(0.E0,-4.365680397628E-1,-8.996712436539E-1));
#17127=AXIS2_PLACEMENT_3D('',#17124,#17125,#17126);
#17128=PLANE('',#17127);
#17129=ORIENTED_EDGE('',*,*,#14530,.T.);
#17130=ORIENTED_EDGE('',*,*,#16892,.T.);
#17131=ORIENTED_EDGE('',*,*,#17117,.F.);
#17132=ORIENTED_EDGE('',*,*,#16734,.F.);
#17133=EDGE_LOOP('',(#17129,#17130,#17131,#17132));
#17134=FACE_OUTER_BOUND('',#17133,.F.);
#17135=ADVANCED_FACE('',(#17134),#17128,.T.);
#17136=CARTESIAN_POINT('',(1.375E0,-9.15E-1,1.455E0));
#17137=DIRECTION('',(1.E0,0.E0,0.E0));
#17138=DIRECTION('',(0.E0,0.E0,-1.E0));
#17139=AXIS2_PLACEMENT_3D('',#17136,#17137,#17138);
#17140=CYLINDRICAL_SURFACE('',#17139,1.E-1);
#17141=ORIENTED_EDGE('',*,*,#15000,.F.);
#17142=ORIENTED_EDGE('',*,*,#16763,.F.);
#17144=ORIENTED_EDGE('',*,*,#17143,.T.);
#17145=ORIENTED_EDGE('',*,*,#16907,.T.);
#17146=EDGE_LOOP('',(#17141,#17142,#17144,#17145));
#17147=FACE_OUTER_BOUND('',#17146,.F.);
#17148=ADVANCED_FACE('',(#17147),#17140,.T.);
#17149=CARTESIAN_POINT('',(1.375E0,-4.825928125070E-1,9.514883077779E-1));
#17150=DIRECTION('',(0.E0,8.481437498598E-1,5.297661555572E-1));
#17151=DIRECTION('',(0.E0,-5.297661555572E-1,8.481437498598E-1));
#17152=AXIS2_PLACEMENT_3D('',#17149,#17150,#17151);
#17153=PLANE('',#17152);
#17154=ORIENTED_EDGE('',*,*,#16761,.F.);
#17156=ORIENTED_EDGE('',*,*,#17155,.T.);
#17157=ORIENTED_EDGE('',*,*,#16909,.T.);
#17158=ORIENTED_EDGE('',*,*,#17143,.F.);
#17159=EDGE_LOOP('',(#17154,#17156,#17157,#17158));
#17160=FACE_OUTER_BOUND('',#17159,.F.);
#17161=ADVANCED_FACE('',(#17160),#17153,.T.);
#17162=CARTESIAN_POINT('',(1.375E0,-5.25E-1,9.25E-1));
#17163=DIRECTION('',(1.E0,0.E0,0.E0));
#17164=DIRECTION('',(0.E0,0.E0,-1.E0));
#17165=AXIS2_PLACEMENT_3D('',#17162,#17163,#17164);
#17166=CYLINDRICAL_SURFACE('',#17165,5.E-2);
#17167=ORIENTED_EDGE('',*,*,#16759,.F.);
#17169=ORIENTED_EDGE('',*,*,#17168,.T.);
#17170=ORIENTED_EDGE('',*,*,#16911,.T.);
#17171=ORIENTED_EDGE('',*,*,#17155,.F.);
#17172=EDGE_LOOP('',(#17167,#17169,#17170,#17171));
#17173=FACE_OUTER_BOUND('',#17172,.F.);
#17174=ADVANCED_FACE('',(#17173),#17166,.T.);
#17175=CARTESIAN_POINT('',(1.375E0,-6.15E-1,6.25E-1));
#17176=DIRECTION('',(0.E0,8.996712436539E-1,-4.365680397627E-1));
#17177=DIRECTION('',(0.E0,4.365680397627E-1,8.996712436539E-1));
#17178=AXIS2_PLACEMENT_3D('',#17175,#17176,#17177);
#17179=PLANE('',#17178);
#17180=ORIENTED_EDGE('',*,*,#16757,.F.);
#17182=ORIENTED_EDGE('',*,*,#17181,.T.);
#17183=ORIENTED_EDGE('',*,*,#16913,.T.);
#17184=ORIENTED_EDGE('',*,*,#17168,.F.);
#17185=EDGE_LOOP('',(#17180,#17182,#17183,#17184));
#17186=FACE_OUTER_BOUND('',#17185,.F.);
#17187=ADVANCED_FACE('',(#17186),#17179,.T.);
#17188=CARTESIAN_POINT('',(1.375E0,-6.15E-1,-6.149999999999E-1));
#17189=DIRECTION('',(0.E0,1.E0,0.E0));
#17190=DIRECTION('',(0.E0,0.E0,1.E0));
#17191=AXIS2_PLACEMENT_3D('',#17188,#17189,#17190);
#17192=PLANE('',#17191);
#17193=ORIENTED_EDGE('',*,*,#16755,.F.);
#17195=ORIENTED_EDGE('',*,*,#17194,.T.);
#17196=ORIENTED_EDGE('',*,*,#16915,.T.);
#17197=ORIENTED_EDGE('',*,*,#17181,.F.);
#17198=EDGE_LOOP('',(#17193,#17195,#17196,#17197));
#17199=FACE_OUTER_BOUND('',#17198,.F.);
#17200=ADVANCED_FACE('',(#17199),#17192,.T.);
#17201=CARTESIAN_POINT('',(1.375E0,-4.45E-1,-8.649999999999E-1));
#17202=DIRECTION('',(0.E0,8.269265020696E-1,5.623100214072E-1));
#17203=DIRECTION('',(0.E0,-5.623100214072E-1,8.269265020696E-1));
#17204=AXIS2_PLACEMENT_3D('',#17201,#17202,#17203);
#17205=PLANE('',#17204);
#17206=ORIENTED_EDGE('',*,*,#16753,.F.);
#17208=ORIENTED_EDGE('',*,*,#17207,.T.);
#17209=ORIENTED_EDGE('',*,*,#16917,.T.);
#17210=ORIENTED_EDGE('',*,*,#17194,.F.);
#17211=EDGE_LOOP('',(#17206,#17208,#17209,#17210));
#17212=FACE_OUTER_BOUND('',#17211,.F.);
#17213=ADVANCED_FACE('',(#17212),#17205,.T.);
#17214=CARTESIAN_POINT('',(1.375E0,-4.45E-1,-1.625E0));
#17215=DIRECTION('',(0.E0,1.E0,0.E0));
#17216=DIRECTION('',(0.E0,0.E0,1.E0));
#17217=AXIS2_PLACEMENT_3D('',#17214,#17215,#17216);
#17218=PLANE('',#17217);
#17219=ORIENTED_EDGE('',*,*,#14842,.T.);
#17220=ORIENTED_EDGE('',*,*,#16919,.T.);
#17221=ORIENTED_EDGE('',*,*,#17207,.F.);
#17222=ORIENTED_EDGE('',*,*,#16751,.F.);
#17223=EDGE_LOOP('',(#17219,#17220,#17221,#17222));
#17224=FACE_OUTER_BOUND('',#17223,.F.);
#17225=ADVANCED_FACE('',(#17224),#17218,.T.);
#17226=CARTESIAN_POINT('',(1.375E0,-1.855E0,-4.025E0));
#17227=DIRECTION('',(0.E0,1.E0,0.E0));
#17228=DIRECTION('',(0.E0,0.E0,1.E0));
#17229=AXIS2_PLACEMENT_3D('',#17226,#17227,#17228);
#17230=PLANE('',#17229);
#17231=ORIENTED_EDGE('',*,*,#16209,.F.);
#17232=ORIENTED_EDGE('',*,*,#16798,.F.);
#17234=ORIENTED_EDGE('',*,*,#17233,.T.);
#17235=ORIENTED_EDGE('',*,*,#16930,.T.);
#17236=EDGE_LOOP('',(#17231,#17232,#17234,#17235));
#17237=FACE_OUTER_BOUND('',#17236,.F.);
#17238=ADVANCED_FACE('',(#17237),#17230,.T.);
#17239=CARTESIAN_POINT('',(1.375E0,-2.255E0,-4.025E0));
#17240=DIRECTION('',(0.E0,0.E0,-1.E0));
#17241=DIRECTION('',(0.E0,1.E0,0.E0));
#17242=AXIS2_PLACEMENT_3D('',#17239,#17240,#17241);
#17243=PLANE('',#17242);
#17244=ORIENTED_EDGE('',*,*,#16796,.F.);
#17246=ORIENTED_EDGE('',*,*,#17245,.T.);
#17247=ORIENTED_EDGE('',*,*,#16932,.T.);
#17248=ORIENTED_EDGE('',*,*,#17233,.F.);
#17249=EDGE_LOOP('',(#17244,#17246,#17247,#17248));
#17250=FACE_OUTER_BOUND('',#17249,.F.);
#17251=ADVANCED_FACE('',(#17250),#17243,.T.);
#17252=CARTESIAN_POINT('',(1.375E0,-2.255E0,-3.925E0));
#17253=DIRECTION('',(0.E0,-1.E0,0.E0));
#17254=DIRECTION('',(0.E0,0.E0,-1.E0));
#17255=AXIS2_PLACEMENT_3D('',#17252,#17253,#17254);
#17256=PLANE('',#17255);
#17257=ORIENTED_EDGE('',*,*,#16794,.F.);
#17259=ORIENTED_EDGE('',*,*,#17258,.T.);
#17260=ORIENTED_EDGE('',*,*,#16934,.T.);
#17261=ORIENTED_EDGE('',*,*,#17245,.F.);
#17262=EDGE_LOOP('',(#17257,#17259,#17260,#17261));
#17263=FACE_OUTER_BOUND('',#17262,.F.);
#17264=ADVANCED_FACE('',(#17263),#17256,.T.);
#17265=CARTESIAN_POINT('',(1.375E0,-3.775E0,-3.925E0));
#17266=DIRECTION('',(0.E0,0.E0,-1.E0));
#17267=DIRECTION('',(0.E0,1.E0,0.E0));
#17268=AXIS2_PLACEMENT_3D('',#17265,#17266,#17267);
#17269=PLANE('',#17268);
#17270=ORIENTED_EDGE('',*,*,#16792,.F.);
#17272=ORIENTED_EDGE('',*,*,#17271,.T.);
#17273=ORIENTED_EDGE('',*,*,#16936,.T.);
#17274=ORIENTED_EDGE('',*,*,#17258,.F.);
#17275=EDGE_LOOP('',(#17270,#17272,#17273,#17274));
#17276=FACE_OUTER_BOUND('',#17275,.F.);
#17277=ADVANCED_FACE('',(#17276),#17269,.T.);
#17278=CARTESIAN_POINT('',(1.375E0,-4.025E0,-4.175E0));
#17279=DIRECTION('',(0.E0,7.071067811865E-1,-7.071067811865E-1));
#17280=DIRECTION('',(0.E0,7.071067811865E-1,7.071067811865E-1));
#17281=AXIS2_PLACEMENT_3D('',#17278,#17279,#17280);
#17282=PLANE('',#17281);
#17283=ORIENTED_EDGE('',*,*,#16790,.F.);
#17285=ORIENTED_EDGE('',*,*,#17284,.T.);
#17286=ORIENTED_EDGE('',*,*,#16938,.T.);
#17287=ORIENTED_EDGE('',*,*,#17271,.F.);
#17288=EDGE_LOOP('',(#17283,#17285,#17286,#17287));
#17289=FACE_OUTER_BOUND('',#17288,.F.);
#17290=ADVANCED_FACE('',(#17289),#17282,.T.);
#17291=CARTESIAN_POINT('',(1.375E0,-4.025E0,-5.175E0));
#17292=DIRECTION('',(0.E0,1.E0,0.E0));
#17293=DIRECTION('',(0.E0,0.E0,1.E0));
#17294=AXIS2_PLACEMENT_3D('',#17291,#17292,#17293);
#17295=PLANE('',#17294);
#17296=ORIENTED_EDGE('',*,*,#16788,.F.);
#17298=ORIENTED_EDGE('',*,*,#17297,.T.);
#17299=ORIENTED_EDGE('',*,*,#16940,.T.);
#17300=ORIENTED_EDGE('',*,*,#17284,.F.);
#17301=EDGE_LOOP('',(#17296,#17298,#17299,#17300));
#17302=FACE_OUTER_BOUND('',#17301,.F.);
#17303=ADVANCED_FACE('',(#17302),#17295,.T.);
#17304=CARTESIAN_POINT('',(1.375E0,-4.575E0,-5.175E0));
#17305=DIRECTION('',(0.E0,0.E0,-1.E0));
#17306=DIRECTION('',(0.E0,1.E0,0.E0));
#17307=AXIS2_PLACEMENT_3D('',#17304,#17305,#17306);
#17308=PLANE('',#17307);
#17309=ORIENTED_EDGE('',*,*,#16786,.F.);
#17311=ORIENTED_EDGE('',*,*,#17310,.T.);
#17312=ORIENTED_EDGE('',*,*,#16942,.T.);
#17313=ORIENTED_EDGE('',*,*,#17297,.F.);
#17314=EDGE_LOOP('',(#17309,#17311,#17312,#17313));
#17315=FACE_OUTER_BOUND('',#17314,.F.);
#17316=ADVANCED_FACE('',(#17315),#17308,.T.);
#17317=CARTESIAN_POINT('',(1.375E0,-4.625E0,-5.125E0));
#17318=DIRECTION('',(0.E0,-7.071067811865E-1,-7.071067811865E-1));
#17319=DIRECTION('',(0.E0,7.071067811865E-1,-7.071067811865E-1));
#17320=AXIS2_PLACEMENT_3D('',#17317,#17318,#17319);
#17321=PLANE('',#17320);
#17322=ORIENTED_EDGE('',*,*,#16784,.F.);
#17324=ORIENTED_EDGE('',*,*,#17323,.T.);
#17325=ORIENTED_EDGE('',*,*,#16944,.T.);
#17326=ORIENTED_EDGE('',*,*,#17310,.F.);
#17327=EDGE_LOOP('',(#17322,#17324,#17325,#17326));
#17328=FACE_OUTER_BOUND('',#17327,.F.);
#17329=ADVANCED_FACE('',(#17328),#17321,.T.);
#17330=CARTESIAN_POINT('',(1.375E0,-4.625E0,-3.475E0));
#17331=DIRECTION('',(0.E0,-1.E0,0.E0));
#17332=DIRECTION('',(0.E0,0.E0,-1.E0));
#17333=AXIS2_PLACEMENT_3D('',#17330,#17331,#17332);
#17334=PLANE('',#17333);
#17335=ORIENTED_EDGE('',*,*,#16782,.F.);
#17337=ORIENTED_EDGE('',*,*,#17336,.T.);
#17338=ORIENTED_EDGE('',*,*,#16946,.T.);
#17339=ORIENTED_EDGE('',*,*,#17323,.F.);
#17340=EDGE_LOOP('',(#17335,#17337,#17338,#17339));
#17341=FACE_OUTER_BOUND('',#17340,.F.);
#17342=ADVANCED_FACE('',(#17341),#17334,.T.);
#17343=CARTESIAN_POINT('',(1.375E0,-4.075E0,-2.925E0));
#17344=DIRECTION('',(0.E0,-7.071067811865E-1,7.071067811865E-1));
#17345=DIRECTION('',(0.E0,-7.071067811865E-1,-7.071067811865E-1));
#17346=AXIS2_PLACEMENT_3D('',#17343,#17344,#17345);
#17347=PLANE('',#17346);
#17348=ORIENTED_EDGE('',*,*,#16780,.F.);
#17350=ORIENTED_EDGE('',*,*,#17349,.T.);
#17351=ORIENTED_EDGE('',*,*,#16948,.T.);
#17352=ORIENTED_EDGE('',*,*,#17336,.F.);
#17353=EDGE_LOOP('',(#17348,#17350,#17351,#17352));
#17354=FACE_OUTER_BOUND('',#17353,.F.);
#17355=ADVANCED_FACE('',(#17354),#17347,.T.);
#17356=CARTESIAN_POINT('',(1.375E0,-3.815E0,-2.925E0));
#17357=DIRECTION('',(0.E0,0.E0,1.E0));
#17358=DIRECTION('',(0.E0,-1.E0,0.E0));
#17359=AXIS2_PLACEMENT_3D('',#17356,#17357,#17358);
#17360=PLANE('',#17359);
#17361=ORIENTED_EDGE('',*,*,#16778,.F.);
#17363=ORIENTED_EDGE('',*,*,#17362,.T.);
#17364=ORIENTED_EDGE('',*,*,#16950,.T.);
#17365=ORIENTED_EDGE('',*,*,#17349,.F.);
#17366=EDGE_LOOP('',(#17361,#17363,#17364,#17365));
#17367=FACE_OUTER_BOUND('',#17366,.F.);
#17368=ADVANCED_FACE('',(#17367),#17360,.T.);
#17369=CARTESIAN_POINT('',(1.375E0,-3.815E0,-2.825E0));
#17370=DIRECTION('',(1.E0,0.E0,0.E0));
#17371=DIRECTION('',(0.E0,0.E0,-1.E0));
#17372=AXIS2_PLACEMENT_3D('',#17369,#17370,#17371);
#17373=CYLINDRICAL_SURFACE('',#17372,1.E-1);
#17374=ORIENTED_EDGE('',*,*,#16776,.F.);
#17375=ORIENTED_EDGE('',*,*,#16213,.T.);
#17376=ORIENTED_EDGE('',*,*,#16952,.T.);
#17377=ORIENTED_EDGE('',*,*,#17362,.F.);
#17378=EDGE_LOOP('',(#17374,#17375,#17376,#17377));
#17379=FACE_OUTER_BOUND('',#17378,.F.);
#17380=ADVANCED_FACE('',(#17379),#17373,.F.);
#17381=CARTESIAN_POINT('',(1.375E0,4.65E-1,4.776630953573E-1));
#17382=DIRECTION('',(0.E0,-1.E0,0.E0));
#17383=DIRECTION('',(0.E0,0.E0,-1.E0));
#17384=AXIS2_PLACEMENT_3D('',#17381,#17382,#17383);
#17385=PLANE('',#17384);
#17386=ORIENTED_EDGE('',*,*,#14819,.F.);
#17387=ORIENTED_EDGE('',*,*,#16818,.F.);
#17389=ORIENTED_EDGE('',*,*,#17388,.T.);
#17390=ORIENTED_EDGE('',*,*,#16963,.T.);
#17391=EDGE_LOOP('',(#17386,#17387,#17389,#17390));
#17392=FACE_OUTER_BOUND('',#17391,.F.);
#17393=ADVANCED_FACE('',(#17392),#17385,.T.);
#17394=CARTESIAN_POINT('',(1.375E0,6.5E-2,4.776630953573E-1));
#17395=DIRECTION('',(1.E0,0.E0,0.E0));
#17396=DIRECTION('',(0.E0,0.E0,-1.E0));
#17397=AXIS2_PLACEMENT_3D('',#17394,#17395,#17396);
#17398=CYLINDRICAL_SURFACE('',#17397,4.E-1);
#17399=ORIENTED_EDGE('',*,*,#16816,.F.);
#17401=ORIENTED_EDGE('',*,*,#17400,.T.);
#17402=ORIENTED_EDGE('',*,*,#16965,.T.);
#17403=ORIENTED_EDGE('',*,*,#17388,.F.);
#17404=EDGE_LOOP('',(#17399,#17401,#17402,#17403));
#17405=FACE_OUTER_BOUND('',#17404,.F.);
#17406=ADVANCED_FACE('',(#17405),#17398,.F.);
#17407=CARTESIAN_POINT('',(1.375E0,2.369467188789E-1,8.925662552900E-1));
#17408=DIRECTION('',(0.E0,-7.610656224225E-1,-6.486748942010E-1));
#17409=DIRECTION('',(0.E0,6.486748942010E-1,-7.610656224225E-1));
#17410=AXIS2_PLACEMENT_3D('',#17407,#17408,#17409);
#17411=PLANE('',#17410);
#17412=ORIENTED_EDGE('',*,*,#16814,.F.);
#17414=ORIENTED_EDGE('',*,*,#17413,.T.);
#17415=ORIENTED_EDGE('',*,*,#16967,.T.);
#17416=ORIENTED_EDGE('',*,*,#17400,.F.);
#17417=EDGE_LOOP('',(#17412,#17414,#17415,#17416));
#17418=FACE_OUTER_BOUND('',#17417,.F.);
#17419=ADVANCED_FACE('',(#17418),#17411,.T.);
#17420=CARTESIAN_POINT('',(1.375E0,2.75E-1,9.25E-1));
#17421=DIRECTION('',(1.E0,0.E0,0.E0));
#17422=DIRECTION('',(0.E0,0.E0,-1.E0));
#17423=AXIS2_PLACEMENT_3D('',#17420,#17421,#17422);
#17424=CYLINDRICAL_SURFACE('',#17423,5.E-2);
#17425=ORIENTED_EDGE('',*,*,#16812,.F.);
#17427=ORIENTED_EDGE('',*,*,#17426,.T.);
#17428=ORIENTED_EDGE('',*,*,#16969,.T.);
#17429=ORIENTED_EDGE('',*,*,#17413,.F.);
#17430=EDGE_LOOP('',(#17425,#17427,#17428,#17429));
#17431=FACE_OUTER_BOUND('',#17430,.F.);
#17432=ADVANCED_FACE('',(#17431),#17424,.T.);
#17433=CARTESIAN_POINT('',(1.375E0,4.832351598288E-1,1.468656803976E0));
#17434=DIRECTION('',(0.E0,-8.996712436539E-1,4.365680397628E-1));
#17435=DIRECTION('',(0.E0,-4.365680397628E-1,-8.996712436539E-1));
#17436=AXIS2_PLACEMENT_3D('',#17433,#17434,#17435);
#17437=PLANE('',#17436);
#17438=ORIENTED_EDGE('',*,*,#14741,.T.);
#17439=ORIENTED_EDGE('',*,*,#16971,.T.);
#17440=ORIENTED_EDGE('',*,*,#17426,.F.);
#17441=ORIENTED_EDGE('',*,*,#16810,.F.);
#17442=EDGE_LOOP('',(#17438,#17439,#17440,#17441));
#17443=FACE_OUTER_BOUND('',#17442,.F.);
#17444=ADVANCED_FACE('',(#17443),#17437,.T.);
#17445=CARTESIAN_POINT('',(1.375E0,-7.15E-1,-3.925E0));
#17446=DIRECTION('',(0.E0,0.E0,-1.E0));
#17447=DIRECTION('',(0.E0,1.E0,0.E0));
#17448=AXIS2_PLACEMENT_3D('',#17445,#17446,#17447);
#17449=PLANE('',#17448);
#17451=ORIENTED_EDGE('',*,*,#17450,.T.);
#17453=ORIENTED_EDGE('',*,*,#17452,.F.);
#17455=ORIENTED_EDGE('',*,*,#17454,.T.);
#17457=ORIENTED_EDGE('',*,*,#17456,.F.);
#17459=ORIENTED_EDGE('',*,*,#17458,.F.);
#17461=ORIENTED_EDGE('',*,*,#17460,.F.);
#17462=ORIENTED_EDGE('',*,*,#16982,.F.);
#17463=ORIENTED_EDGE('',*,*,#13821,.F.);
#17464=ORIENTED_EDGE('',*,*,#16834,.F.);
#17466=ORIENTED_EDGE('',*,*,#17465,.F.);
#17468=ORIENTED_EDGE('',*,*,#17467,.F.);
#17470=ORIENTED_EDGE('',*,*,#17469,.F.);
#17471=EDGE_LOOP('',(#17451,#17453,#17455,#17457,#17459,#17461,#17462,#17463,
#17464,#17466,#17468,#17470));
#17472=FACE_OUTER_BOUND('',#17471,.F.);
#17473=ADVANCED_FACE('',(#17472),#17449,.T.);
#17474=CARTESIAN_POINT('',(6.25E-1,-1.715E0,-2.925E0));
#17475=DIRECTION('',(-1.E0,0.E0,0.E0));
#17476=DIRECTION('',(0.E0,1.E0,0.E0));
#17477=AXIS2_PLACEMENT_3D('',#17474,#17475,#17476);
#17478=PLANE('',#17477);
#17480=ORIENTED_EDGE('',*,*,#17479,.F.);
#17482=ORIENTED_EDGE('',*,*,#17481,.T.);
#17484=ORIENTED_EDGE('',*,*,#17483,.T.);
#17486=ORIENTED_EDGE('',*,*,#17485,.T.);
#17488=ORIENTED_EDGE('',*,*,#17487,.T.);
#17490=ORIENTED_EDGE('',*,*,#17489,.T.);
#17492=ORIENTED_EDGE('',*,*,#17491,.T.);
#17493=ORIENTED_EDGE('',*,*,#17450,.F.);
#17495=ORIENTED_EDGE('',*,*,#17494,.F.);
#17496=EDGE_LOOP('',(#17480,#17482,#17484,#17486,#17488,#17490,#17492,#17493,
#17495));
#17497=FACE_OUTER_BOUND('',#17496,.F.);
#17498=ADVANCED_FACE('',(#17497),#17478,.T.);
#17499=CARTESIAN_POINT('',(1.5E0,0.E0,-2.925E0));
#17500=DIRECTION('',(0.E0,0.E0,-1.E0));
#17501=DIRECTION('',(-1.E0,0.E0,0.E0));
#17502=AXIS2_PLACEMENT_3D('',#17499,#17500,#17501);
#17503=PLANE('',#17502);
#17505=ORIENTED_EDGE('',*,*,#17504,.T.);
#17507=ORIENTED_EDGE('',*,*,#17506,.T.);
#17508=ORIENTED_EDGE('',*,*,#17479,.T.);
#17510=ORIENTED_EDGE('',*,*,#17509,.T.);
#17512=ORIENTED_EDGE('',*,*,#17511,.T.);
#17514=ORIENTED_EDGE('',*,*,#17513,.T.);
#17515=ORIENTED_EDGE('',*,*,#16830,.T.);
#17517=ORIENTED_EDGE('',*,*,#17516,.T.);
#17518=ORIENTED_EDGE('',*,*,#16986,.T.);
#17520=ORIENTED_EDGE('',*,*,#17519,.T.);
#17522=ORIENTED_EDGE('',*,*,#17521,.T.);
#17524=ORIENTED_EDGE('',*,*,#17523,.T.);
#17525=EDGE_LOOP('',(#17505,#17507,#17508,#17510,#17512,#17514,#17515,#17517,
#17518,#17520,#17522,#17524));
#17526=FACE_OUTER_BOUND('',#17525,.F.);
#17527=ADVANCED_FACE('',(#17526),#17503,.F.);
#17528=CARTESIAN_POINT('',(8.75E-1,-1.493112575536E0,-2.925E0));
#17529=DIRECTION('',(1.E0,0.E0,0.E0));
#17530=DIRECTION('',(0.E0,-1.E0,0.E0));
#17531=AXIS2_PLACEMENT_3D('',#17528,#17529,#17530);
#17532=PLANE('',#17531);
#17533=ORIENTED_EDGE('',*,*,#17454,.F.);
#17535=ORIENTED_EDGE('',*,*,#17534,.F.);
#17537=ORIENTED_EDGE('',*,*,#17536,.F.);
#17539=ORIENTED_EDGE('',*,*,#17538,.F.);
#17541=ORIENTED_EDGE('',*,*,#17540,.F.);
#17543=ORIENTED_EDGE('',*,*,#17542,.F.);
#17545=ORIENTED_EDGE('',*,*,#17544,.F.);
#17546=ORIENTED_EDGE('',*,*,#17504,.F.);
#17548=ORIENTED_EDGE('',*,*,#17547,.T.);
#17549=EDGE_LOOP('',(#17533,#17535,#17537,#17539,#17541,#17543,#17545,#17546,
#17548));
#17550=FACE_OUTER_BOUND('',#17549,.F.);
#17551=ADVANCED_FACE('',(#17550),#17532,.T.);
#17552=CARTESIAN_POINT('',(8.75E-1,-4.025E0,-4.175E0));
#17553=DIRECTION('',(0.E0,7.071067811865E-1,-7.071067811865E-1));
#17554=DIRECTION('',(0.E0,7.071067811865E-1,7.071067811865E-1));
#17555=AXIS2_PLACEMENT_3D('',#17552,#17553,#17554);
#17556=PLANE('',#17555);
#17557=ORIENTED_EDGE('',*,*,#17534,.T.);
#17558=ORIENTED_EDGE('',*,*,#17452,.T.);
#17559=ORIENTED_EDGE('',*,*,#17491,.F.);
#17561=ORIENTED_EDGE('',*,*,#17560,.F.);
#17562=EDGE_LOOP('',(#17557,#17558,#17559,#17561));
#17563=FACE_OUTER_BOUND('',#17562,.F.);
#17564=ADVANCED_FACE('',(#17563),#17556,.T.);
#17565=CARTESIAN_POINT('',(8.75E-1,-4.025E0,-5.175E0));
#17566=DIRECTION('',(0.E0,1.E0,0.E0));
#17567=DIRECTION('',(0.E0,0.E0,1.E0));
#17568=AXIS2_PLACEMENT_3D('',#17565,#17566,#17567);
#17569=PLANE('',#17568);
#17570=ORIENTED_EDGE('',*,*,#17536,.T.);
#17571=ORIENTED_EDGE('',*,*,#17560,.T.);
#17572=ORIENTED_EDGE('',*,*,#17489,.F.);
#17574=ORIENTED_EDGE('',*,*,#17573,.F.);
#17575=EDGE_LOOP('',(#17570,#17571,#17572,#17574));
#17576=FACE_OUTER_BOUND('',#17575,.F.);
#17577=ADVANCED_FACE('',(#17576),#17569,.T.);
#17578=CARTESIAN_POINT('',(8.75E-1,-4.575E0,-5.175E0));
#17579=DIRECTION('',(0.E0,0.E0,-1.E0));
#17580=DIRECTION('',(0.E0,1.E0,0.E0));
#17581=AXIS2_PLACEMENT_3D('',#17578,#17579,#17580);
#17582=PLANE('',#17581);
#17583=ORIENTED_EDGE('',*,*,#17538,.T.);
#17584=ORIENTED_EDGE('',*,*,#17573,.T.);
#17585=ORIENTED_EDGE('',*,*,#17487,.F.);
#17587=ORIENTED_EDGE('',*,*,#17586,.F.);
#17588=EDGE_LOOP('',(#17583,#17584,#17585,#17587));
#17589=FACE_OUTER_BOUND('',#17588,.F.);
#17590=ADVANCED_FACE('',(#17589),#17582,.T.);
#17591=CARTESIAN_POINT('',(8.75E-1,-4.625E0,-5.125E0));
#17592=DIRECTION('',(0.E0,-7.071067811865E-1,-7.071067811865E-1));
#17593=DIRECTION('',(0.E0,7.071067811865E-1,-7.071067811865E-1));
#17594=AXIS2_PLACEMENT_3D('',#17591,#17592,#17593);
#17595=PLANE('',#17594);
#17596=ORIENTED_EDGE('',*,*,#17540,.T.);
#17597=ORIENTED_EDGE('',*,*,#17586,.T.);
#17598=ORIENTED_EDGE('',*,*,#17485,.F.);
#17600=ORIENTED_EDGE('',*,*,#17599,.F.);
#17601=EDGE_LOOP('',(#17596,#17597,#17598,#17600));
#17602=FACE_OUTER_BOUND('',#17601,.F.);
#17603=ADVANCED_FACE('',(#17602),#17595,.T.);
#17604=CARTESIAN_POINT('',(8.75E-1,-4.625E0,-3.475E0));
#17605=DIRECTION('',(0.E0,-1.E0,0.E0));
#17606=DIRECTION('',(0.E0,0.E0,-1.E0));
#17607=AXIS2_PLACEMENT_3D('',#17604,#17605,#17606);
#17608=PLANE('',#17607);
#17609=ORIENTED_EDGE('',*,*,#17542,.T.);
#17610=ORIENTED_EDGE('',*,*,#17599,.T.);
#17611=ORIENTED_EDGE('',*,*,#17483,.F.);
#17613=ORIENTED_EDGE('',*,*,#17612,.F.);
#17614=EDGE_LOOP('',(#17609,#17610,#17611,#17613));
#17615=FACE_OUTER_BOUND('',#17614,.F.);
#17616=ADVANCED_FACE('',(#17615),#17608,.T.);
#17617=CARTESIAN_POINT('',(8.75E-1,-4.075E0,-2.925E0));
#17618=DIRECTION('',(0.E0,-7.071067811865E-1,7.071067811865E-1));
#17619=DIRECTION('',(0.E0,-7.071067811865E-1,-7.071067811865E-1));
#17620=AXIS2_PLACEMENT_3D('',#17617,#17618,#17619);
#17621=PLANE('',#17620);
#17622=ORIENTED_EDGE('',*,*,#17544,.T.);
#17623=ORIENTED_EDGE('',*,*,#17612,.T.);
#17624=ORIENTED_EDGE('',*,*,#17481,.F.);
#17625=ORIENTED_EDGE('',*,*,#17506,.F.);
#17626=EDGE_LOOP('',(#17622,#17623,#17624,#17625));
#17627=FACE_OUTER_BOUND('',#17626,.F.);
#17628=ADVANCED_FACE('',(#17627),#17621,.T.);
#17629=CARTESIAN_POINT('',(1.075E0,-1.493112575536E0,-2.925E0));
#17630=DIRECTION('',(0.E0,0.E0,-1.E0));
#17631=DIRECTION('',(-1.E0,0.E0,0.E0));
#17632=AXIS2_PLACEMENT_3D('',#17629,#17630,#17631);
#17633=CYLINDRICAL_SURFACE('',#17632,2.E-1);
#17634=ORIENTED_EDGE('',*,*,#17523,.F.);
#17636=ORIENTED_EDGE('',*,*,#17635,.T.);
#17637=ORIENTED_EDGE('',*,*,#17456,.T.);
#17638=ORIENTED_EDGE('',*,*,#17547,.F.);
#17639=EDGE_LOOP('',(#17634,#17636,#17637,#17638));
#17640=FACE_OUTER_BOUND('',#17639,.F.);
#17641=ADVANCED_FACE('',(#17640),#17633,.F.);
#17642=CARTESIAN_POINT('',(1.328909064497E0,-1.187861679354E0,-2.925E0));
#17643=DIRECTION('',(3.420201433257E-1,-9.396926207859E-1,0.E0));
#17644=DIRECTION('',(-9.396926207859E-1,-3.420201433257E-1,0.E0));
#17645=AXIS2_PLACEMENT_3D('',#17642,#17643,#17644);
#17646=PLANE('',#17645);
#17647=ORIENTED_EDGE('',*,*,#17521,.F.);
#17649=ORIENTED_EDGE('',*,*,#17648,.T.);
#17650=ORIENTED_EDGE('',*,*,#17458,.T.);
#17651=ORIENTED_EDGE('',*,*,#17635,.F.);
#17652=EDGE_LOOP('',(#17647,#17649,#17650,#17651));
#17653=FACE_OUTER_BOUND('',#17652,.F.);
#17654=ADVANCED_FACE('',(#17653),#17646,.T.);
#17655=CARTESIAN_POINT('',(1.175E0,-7.65E-1,-2.925E0));
#17656=DIRECTION('',(0.E0,0.E0,-1.E0));
#17657=DIRECTION('',(-1.E0,0.E0,0.E0));
#17658=AXIS2_PLACEMENT_3D('',#17655,#17656,#17657);
#17659=CYLINDRICAL_SURFACE('',#17658,4.5E-1);
#17660=ORIENTED_EDGE('',*,*,#17519,.F.);
#17661=ORIENTED_EDGE('',*,*,#16984,.T.);
#17662=ORIENTED_EDGE('',*,*,#17460,.T.);
#17663=ORIENTED_EDGE('',*,*,#17648,.F.);
#17664=EDGE_LOOP('',(#17660,#17661,#17662,#17663));
#17665=FACE_OUTER_BOUND('',#17664,.F.);
#17666=ADVANCED_FACE('',(#17665),#17659,.T.);
#17667=CARTESIAN_POINT('',(1.075E0,-1.493112575536E0,-2.925E0));
#17668=DIRECTION('',(0.E0,0.E0,-1.E0));
#17669=DIRECTION('',(-1.E0,0.E0,0.E0));
#17670=AXIS2_PLACEMENT_3D('',#17667,#17668,#17669);
#17671=CYLINDRICAL_SURFACE('',#17670,4.5E-1);
#17672=ORIENTED_EDGE('',*,*,#17509,.F.);
#17673=ORIENTED_EDGE('',*,*,#17494,.T.);
#17674=ORIENTED_EDGE('',*,*,#17469,.T.);
#17676=ORIENTED_EDGE('',*,*,#17675,.F.);
#17677=EDGE_LOOP('',(#17672,#17673,#17674,#17676));
#17678=FACE_OUTER_BOUND('',#17677,.F.);
#17679=ADVANCED_FACE('',(#17678),#17671,.T.);
#17680=CARTESIAN_POINT('',(9.210909355034E-1,-1.070250896182E0,-2.925E0));
#17681=DIRECTION('',(-3.420201433257E-1,9.396926207859E-1,0.E0));
#17682=DIRECTION('',(9.396926207859E-1,3.420201433257E-1,0.E0));
#17683=AXIS2_PLACEMENT_3D('',#17680,#17681,#17682);
#17684=PLANE('',#17683);
#17685=ORIENTED_EDGE('',*,*,#17511,.F.);
#17686=ORIENTED_EDGE('',*,*,#17675,.T.);
#17687=ORIENTED_EDGE('',*,*,#17467,.T.);
#17689=ORIENTED_EDGE('',*,*,#17688,.F.);
#17690=EDGE_LOOP('',(#17685,#17686,#17687,#17689));
#17691=FACE_OUTER_BOUND('',#17690,.F.);
#17692=ADVANCED_FACE('',(#17691),#17684,.T.);
#17693=CARTESIAN_POINT('',(1.175E0,-7.65E-1,-2.925E0));
#17694=DIRECTION('',(0.E0,0.E0,-1.E0));
#17695=DIRECTION('',(-1.E0,0.E0,0.E0));
#17696=AXIS2_PLACEMENT_3D('',#17693,#17694,#17695);
#17697=CYLINDRICAL_SURFACE('',#17696,2.E-1);
#17698=ORIENTED_EDGE('',*,*,#17513,.F.);
#17699=ORIENTED_EDGE('',*,*,#17688,.T.);
#17700=ORIENTED_EDGE('',*,*,#17465,.T.);
#17701=ORIENTED_EDGE('',*,*,#16832,.F.);
#17702=EDGE_LOOP('',(#17698,#17699,#17700,#17701));
#17703=FACE_OUTER_BOUND('',#17702,.F.);
#17704=ADVANCED_FACE('',(#17703),#17697,.F.);
#17705=CARTESIAN_POINT('',(1.375E0,-7.15E-1,-2.675E0));
#17706=DIRECTION('',(0.E0,-1.E0,0.E0));
#17707=DIRECTION('',(0.E0,0.E0,-1.E0));
#17708=AXIS2_PLACEMENT_3D('',#17705,#17706,#17707);
#17709=PLANE('',#17708);
#17710=ORIENTED_EDGE('',*,*,#17516,.F.);
#17711=ORIENTED_EDGE('',*,*,#16828,.F.);
#17712=ORIENTED_EDGE('',*,*,#16162,.T.);
#17713=ORIENTED_EDGE('',*,*,#16988,.T.);
#17714=EDGE_LOOP('',(#17710,#17711,#17712,#17713));
#17715=FACE_OUTER_BOUND('',#17714,.F.);
#17716=ADVANCED_FACE('',(#17715),#17709,.T.);
#17717=CARTESIAN_POINT('',(2.875E0,-1.855E0,-4.025E0));
#17718=DIRECTION('',(0.E0,1.E0,0.E0));
#17719=DIRECTION('',(0.E0,0.E0,1.E0));
#17720=AXIS2_PLACEMENT_3D('',#17717,#17718,#17719);
#17721=PLANE('',#17720);
#17722=ORIENTED_EDGE('',*,*,#16218,.F.);
#17723=ORIENTED_EDGE('',*,*,#13936,.F.);
#17725=ORIENTED_EDGE('',*,*,#17724,.T.);
#17727=ORIENTED_EDGE('',*,*,#17726,.T.);
#17728=EDGE_LOOP('',(#17722,#17723,#17725,#17727));
#17729=FACE_OUTER_BOUND('',#17728,.F.);
#17730=ADVANCED_FACE('',(#17729),#17721,.T.);
#17731=CARTESIAN_POINT('',(2.875E0,-2.255E0,-4.025E0));
#17732=DIRECTION('',(0.E0,0.E0,-1.E0));
#17733=DIRECTION('',(0.E0,1.E0,0.E0));
#17734=AXIS2_PLACEMENT_3D('',#17731,#17732,#17733);
#17735=PLANE('',#17734);
#17736=ORIENTED_EDGE('',*,*,#13934,.F.);
#17738=ORIENTED_EDGE('',*,*,#17737,.T.);
#17740=ORIENTED_EDGE('',*,*,#17739,.T.);
#17741=ORIENTED_EDGE('',*,*,#17724,.F.);
#17742=EDGE_LOOP('',(#17736,#17738,#17740,#17741));
#17743=FACE_OUTER_BOUND('',#17742,.F.);
#17744=ADVANCED_FACE('',(#17743),#17735,.T.);
#17745=CARTESIAN_POINT('',(2.875E0,-2.255E0,-3.925E0));
#17746=DIRECTION('',(0.E0,-1.E0,0.E0));
#17747=DIRECTION('',(0.E0,0.E0,-1.E0));
#17748=AXIS2_PLACEMENT_3D('',#17745,#17746,#17747);
#17749=PLANE('',#17748);
#17750=ORIENTED_EDGE('',*,*,#13932,.F.);
#17752=ORIENTED_EDGE('',*,*,#17751,.T.);
#17754=ORIENTED_EDGE('',*,*,#17753,.T.);
#17755=ORIENTED_EDGE('',*,*,#17737,.F.);
#17756=EDGE_LOOP('',(#17750,#17752,#17754,#17755));
#17757=FACE_OUTER_BOUND('',#17756,.F.);
#17758=ADVANCED_FACE('',(#17757),#17749,.T.);
#17759=CARTESIAN_POINT('',(2.875E0,-3.775E0,-3.925E0));
#17760=DIRECTION('',(0.E0,0.E0,-1.E0));
#17761=DIRECTION('',(0.E0,1.E0,0.E0));
#17762=AXIS2_PLACEMENT_3D('',#17759,#17760,#17761);
#17763=PLANE('',#17762);
#17764=ORIENTED_EDGE('',*,*,#13930,.F.);
#17766=ORIENTED_EDGE('',*,*,#17765,.T.);
#17768=ORIENTED_EDGE('',*,*,#17767,.T.);
#17769=ORIENTED_EDGE('',*,*,#17751,.F.);
#17770=EDGE_LOOP('',(#17764,#17766,#17768,#17769));
#17771=FACE_OUTER_BOUND('',#17770,.F.);
#17772=ADVANCED_FACE('',(#17771),#17763,.T.);
#17773=CARTESIAN_POINT('',(2.875E0,-4.025E0,-4.175E0));
#17774=DIRECTION('',(0.E0,7.071067811865E-1,-7.071067811865E-1));
#17775=DIRECTION('',(0.E0,7.071067811865E-1,7.071067811865E-1));
#17776=AXIS2_PLACEMENT_3D('',#17773,#17774,#17775);
#17777=PLANE('',#17776);
#17778=ORIENTED_EDGE('',*,*,#13928,.F.);
#17780=ORIENTED_EDGE('',*,*,#17779,.T.);
#17782=ORIENTED_EDGE('',*,*,#17781,.T.);
#17783=ORIENTED_EDGE('',*,*,#17765,.F.);
#17784=EDGE_LOOP('',(#17778,#17780,#17782,#17783));
#17785=FACE_OUTER_BOUND('',#17784,.F.);
#17786=ADVANCED_FACE('',(#17785),#17777,.T.);
#17787=CARTESIAN_POINT('',(2.875E0,-4.025E0,-5.175E0));
#17788=DIRECTION('',(0.E0,1.E0,0.E0));
#17789=DIRECTION('',(0.E0,0.E0,1.E0));
#17790=AXIS2_PLACEMENT_3D('',#17787,#17788,#17789);
#17791=PLANE('',#17790);
#17792=ORIENTED_EDGE('',*,*,#13926,.F.);
#17794=ORIENTED_EDGE('',*,*,#17793,.T.);
#17796=ORIENTED_EDGE('',*,*,#17795,.T.);
#17797=ORIENTED_EDGE('',*,*,#17779,.F.);
#17798=EDGE_LOOP('',(#17792,#17794,#17796,#17797));
#17799=FACE_OUTER_BOUND('',#17798,.F.);
#17800=ADVANCED_FACE('',(#17799),#17791,.T.);
#17801=CARTESIAN_POINT('',(2.875E0,-4.575E0,-5.175E0));
#17802=DIRECTION('',(0.E0,0.E0,-1.E0));
#17803=DIRECTION('',(0.E0,1.E0,0.E0));
#17804=AXIS2_PLACEMENT_3D('',#17801,#17802,#17803);
#17805=PLANE('',#17804);
#17806=ORIENTED_EDGE('',*,*,#13924,.F.);
#17808=ORIENTED_EDGE('',*,*,#17807,.T.);
#17810=ORIENTED_EDGE('',*,*,#17809,.T.);
#17811=ORIENTED_EDGE('',*,*,#17793,.F.);
#17812=EDGE_LOOP('',(#17806,#17808,#17810,#17811));
#17813=FACE_OUTER_BOUND('',#17812,.F.);
#17814=ADVANCED_FACE('',(#17813),#17805,.T.);
#17815=CARTESIAN_POINT('',(2.875E0,-4.625E0,-5.125E0));
#17816=DIRECTION('',(0.E0,-7.071067811865E-1,-7.071067811865E-1));
#17817=DIRECTION('',(0.E0,7.071067811865E-1,-7.071067811865E-1));
#17818=AXIS2_PLACEMENT_3D('',#17815,#17816,#17817);
#17819=PLANE('',#17818);
#17820=ORIENTED_EDGE('',*,*,#13922,.F.);
#17822=ORIENTED_EDGE('',*,*,#17821,.T.);
#17824=ORIENTED_EDGE('',*,*,#17823,.T.);
#17825=ORIENTED_EDGE('',*,*,#17807,.F.);
#17826=EDGE_LOOP('',(#17820,#17822,#17824,#17825));
#17827=FACE_OUTER_BOUND('',#17826,.F.);
#17828=ADVANCED_FACE('',(#17827),#17819,.T.);
#17829=CARTESIAN_POINT('',(2.875E0,-4.625E0,-3.475E0));
#17830=DIRECTION('',(0.E0,-1.E0,0.E0));
#17831=DIRECTION('',(0.E0,0.E0,-1.E0));
#17832=AXIS2_PLACEMENT_3D('',#17829,#17830,#17831);
#17833=PLANE('',#17832);
#17834=ORIENTED_EDGE('',*,*,#13920,.F.);
#17836=ORIENTED_EDGE('',*,*,#17835,.T.);
#17838=ORIENTED_EDGE('',*,*,#17837,.T.);
#17839=ORIENTED_EDGE('',*,*,#17821,.F.);
#17840=EDGE_LOOP('',(#17834,#17836,#17838,#17839));
#17841=FACE_OUTER_BOUND('',#17840,.F.);
#17842=ADVANCED_FACE('',(#17841),#17833,.T.);
#17843=CARTESIAN_POINT('',(2.875E0,-4.075E0,-2.925E0));
#17844=DIRECTION('',(0.E0,-7.071067811865E-1,7.071067811865E-1));
#17845=DIRECTION('',(0.E0,-7.071067811865E-1,-7.071067811865E-1));
#17846=AXIS2_PLACEMENT_3D('',#17843,#17844,#17845);
#17847=PLANE('',#17846);
#17848=ORIENTED_EDGE('',*,*,#13918,.F.);
#17850=ORIENTED_EDGE('',*,*,#17849,.T.);
#17852=ORIENTED_EDGE('',*,*,#17851,.T.);
#17853=ORIENTED_EDGE('',*,*,#17835,.F.);
#17854=EDGE_LOOP('',(#17848,#17850,#17852,#17853));
#17855=FACE_OUTER_BOUND('',#17854,.F.);
#17856=ADVANCED_FACE('',(#17855),#17847,.T.);
#17857=CARTESIAN_POINT('',(2.875E0,-3.815E0,-2.925E0));
#17858=DIRECTION('',(0.E0,0.E0,1.E0));
#17859=DIRECTION('',(0.E0,-1.E0,0.E0));
#17860=AXIS2_PLACEMENT_3D('',#17857,#17858,#17859);
#17861=PLANE('',#17860);
#17862=ORIENTED_EDGE('',*,*,#13916,.F.);
#17864=ORIENTED_EDGE('',*,*,#17863,.T.);
#17866=ORIENTED_EDGE('',*,*,#17865,.T.);
#17867=ORIENTED_EDGE('',*,*,#17849,.F.);
#17868=EDGE_LOOP('',(#17862,#17864,#17866,#17867));
#17869=FACE_OUTER_BOUND('',#17868,.F.);
#17870=ADVANCED_FACE('',(#17869),#17861,.T.);
#17871=CARTESIAN_POINT('',(2.875E0,-3.815E0,-2.825E0));
#17872=DIRECTION('',(1.E0,0.E0,0.E0));
#17873=DIRECTION('',(0.E0,0.E0,-1.E0));
#17874=AXIS2_PLACEMENT_3D('',#17871,#17872,#17873);
#17875=CYLINDRICAL_SURFACE('',#17874,1.E-1);
#17876=ORIENTED_EDGE('',*,*,#13914,.F.);
#17877=ORIENTED_EDGE('',*,*,#16222,.T.);
#17879=ORIENTED_EDGE('',*,*,#17878,.T.);
#17880=ORIENTED_EDGE('',*,*,#17863,.F.);
#17881=EDGE_LOOP('',(#17876,#17877,#17879,#17880));
#17882=FACE_OUTER_BOUND('',#17881,.F.);
#17883=ADVANCED_FACE('',(#17882),#17875,.F.);
#17884=CARTESIAN_POINT('',(3.125E0,0.E0,0.E0));
#17885=DIRECTION('',(1.E0,0.E0,0.E0));
#17886=DIRECTION('',(0.E0,0.E0,-1.E0));
#17887=AXIS2_PLACEMENT_3D('',#17884,#17885,#17886);
#17888=PLANE('',#17887);
#17889=ORIENTED_EDGE('',*,*,#14029,.F.);
#17890=ORIENTED_EDGE('',*,*,#14113,.F.);
#17891=ORIENTED_EDGE('',*,*,#10115,.T.);
#17893=ORIENTED_EDGE('',*,*,#17892,.F.);
#17895=ORIENTED_EDGE('',*,*,#17894,.F.);
#17897=ORIENTED_EDGE('',*,*,#17896,.F.);
#17899=ORIENTED_EDGE('',*,*,#17898,.F.);
#17901=ORIENTED_EDGE('',*,*,#17900,.F.);
#17903=ORIENTED_EDGE('',*,*,#17902,.F.);
#17905=ORIENTED_EDGE('',*,*,#17904,.F.);
#17906=EDGE_LOOP('',(#17889,#17890,#17891,#17893,#17895,#17897,#17899,#17901,
#17903,#17905));
#17907=FACE_OUTER_BOUND('',#17906,.F.);
#17908=ADVANCED_FACE('',(#17907),#17888,.T.);
#17909=CARTESIAN_POINT('',(3.125E0,0.E0,0.E0));
#17910=DIRECTION('',(1.E0,0.E0,0.E0));
#17911=DIRECTION('',(0.E0,0.E0,-1.E0));
#17912=AXIS2_PLACEMENT_3D('',#17909,#17910,#17911);
#17913=PLANE('',#17912);
#17915=ORIENTED_EDGE('',*,*,#17914,.F.);
#17917=ORIENTED_EDGE('',*,*,#17916,.F.);
#17919=ORIENTED_EDGE('',*,*,#17918,.F.);
#17921=ORIENTED_EDGE('',*,*,#17920,.F.);
#17923=ORIENTED_EDGE('',*,*,#17922,.F.);
#17924=ORIENTED_EDGE('',*,*,#14521,.F.);
#17925=ORIENTED_EDGE('',*,*,#15548,.F.);
#17926=EDGE_LOOP('',(#17915,#17917,#17919,#17921,#17923,#17924,#17925));
#17927=FACE_OUTER_BOUND('',#17926,.F.);
#17928=ADVANCED_FACE('',(#17927),#17913,.T.);
#17929=CARTESIAN_POINT('',(3.125E0,0.E0,0.E0));
#17930=DIRECTION('',(1.E0,0.E0,0.E0));
#17931=DIRECTION('',(0.E0,0.E0,-1.E0));
#17932=AXIS2_PLACEMENT_3D('',#17929,#17930,#17931);
#17933=PLANE('',#17932);
#17934=ORIENTED_EDGE('',*,*,#14875,.F.);
#17935=ORIENTED_EDGE('',*,*,#14965,.F.);
#17936=ORIENTED_EDGE('',*,*,#15008,.T.);
#17938=ORIENTED_EDGE('',*,*,#17937,.F.);
#17940=ORIENTED_EDGE('',*,*,#17939,.F.);
#17942=ORIENTED_EDGE('',*,*,#17941,.F.);
#17944=ORIENTED_EDGE('',*,*,#17943,.F.);
#17946=ORIENTED_EDGE('',*,*,#17945,.F.);
#17948=ORIENTED_EDGE('',*,*,#17947,.F.);
#17950=ORIENTED_EDGE('',*,*,#17949,.F.);
#17951=EDGE_LOOP('',(#17934,#17935,#17936,#17938,#17940,#17942,#17944,#17946,
#17948,#17950));
#17952=FACE_OUTER_BOUND('',#17951,.F.);
#17953=ADVANCED_FACE('',(#17952),#17933,.T.);
#17954=CARTESIAN_POINT('',(3.125E0,0.E0,0.E0));
#17955=DIRECTION('',(1.E0,0.E0,0.E0));
#17956=DIRECTION('',(0.E0,0.E0,-1.E0));
#17957=AXIS2_PLACEMENT_3D('',#17954,#17955,#17956);
#17958=PLANE('',#17957);
#17959=ORIENTED_EDGE('',*,*,#16220,.T.);
#17960=ORIENTED_EDGE('',*,*,#17726,.F.);
#17961=ORIENTED_EDGE('',*,*,#17739,.F.);
#17962=ORIENTED_EDGE('',*,*,#17753,.F.);
#17963=ORIENTED_EDGE('',*,*,#17767,.F.);
#17964=ORIENTED_EDGE('',*,*,#17781,.F.);
#17965=ORIENTED_EDGE('',*,*,#17795,.F.);
#17966=ORIENTED_EDGE('',*,*,#17809,.F.);
#17967=ORIENTED_EDGE('',*,*,#17823,.F.);
#17968=ORIENTED_EDGE('',*,*,#17837,.F.);
#17969=ORIENTED_EDGE('',*,*,#17851,.F.);
#17970=ORIENTED_EDGE('',*,*,#17865,.F.);
#17971=ORIENTED_EDGE('',*,*,#17878,.F.);
#17972=EDGE_LOOP('',(#17959,#17960,#17961,#17962,#17963,#17964,#17965,#17966,
#17967,#17968,#17969,#17970,#17971));
#17973=FACE_OUTER_BOUND('',#17972,.F.);
#17974=ADVANCED_FACE('',(#17973),#17958,.T.);
#17975=CARTESIAN_POINT('',(3.125E0,0.E0,0.E0));
#17976=DIRECTION('',(1.E0,0.E0,0.E0));
#17977=DIRECTION('',(0.E0,0.E0,-1.E0));
#17978=AXIS2_PLACEMENT_3D('',#17975,#17976,#17977);
#17979=PLANE('',#17978);
#17980=ORIENTED_EDGE('',*,*,#14827,.F.);
#17982=ORIENTED_EDGE('',*,*,#17981,.F.);
#17984=ORIENTED_EDGE('',*,*,#17983,.F.);
#17986=ORIENTED_EDGE('',*,*,#17985,.F.);
#17988=ORIENTED_EDGE('',*,*,#17987,.F.);
#17990=ORIENTED_EDGE('',*,*,#17989,.F.);
#17991=ORIENTED_EDGE('',*,*,#14732,.F.);
#17992=EDGE_LOOP('',(#17980,#17982,#17984,#17986,#17988,#17990,#17991));
#17993=FACE_OUTER_BOUND('',#17992,.F.);
#17994=ADVANCED_FACE('',(#17993),#17979,.T.);
#17995=CARTESIAN_POINT('',(3.125E0,0.E0,0.E0));
#17996=DIRECTION('',(1.E0,0.E0,0.E0));
#17997=DIRECTION('',(0.E0,0.E0,-1.E0));
#17998=AXIS2_PLACEMENT_3D('',#17995,#17996,#17997);
#17999=PLANE('',#17998);
#18001=ORIENTED_EDGE('',*,*,#18000,.T.);
#18003=ORIENTED_EDGE('',*,*,#18002,.F.);
#18005=ORIENTED_EDGE('',*,*,#18004,.F.);
#18007=ORIENTED_EDGE('',*,*,#18006,.F.);
#18008=ORIENTED_EDGE('',*,*,#16187,.T.);
#18009=ORIENTED_EDGE('',*,*,#13785,.T.);
#18010=EDGE_LOOP('',(#18001,#18003,#18005,#18007,#18008,#18009));
#18011=FACE_OUTER_BOUND('',#18010,.F.);
#18012=ADVANCED_FACE('',(#18011),#17999,.T.);
#18013=CARTESIAN_POINT('',(2.875E0,-3.615E0,1.455E0));
#18014=DIRECTION('',(1.E0,0.E0,0.E0));
#18015=DIRECTION('',(0.E0,0.E0,-1.E0));
#18016=AXIS2_PLACEMENT_3D('',#18013,#18014,#18015);
#18017=CYLINDRICAL_SURFACE('',#18016,1.E-1);
#18018=ORIENTED_EDGE('',*,*,#10113,.F.);
#18019=ORIENTED_EDGE('',*,*,#13849,.F.);
#18021=ORIENTED_EDGE('',*,*,#18020,.T.);
#18022=ORIENTED_EDGE('',*,*,#17892,.T.);
#18023=EDGE_LOOP('',(#18018,#18019,#18021,#18022));
#18024=FACE_OUTER_BOUND('',#18023,.F.);
#18025=ADVANCED_FACE('',(#18024),#18017,.T.);
#18026=CARTESIAN_POINT('',(2.875E0,-3.182592812507E0,9.514883077779E-1));
#18027=DIRECTION('',(0.E0,8.481437498598E-1,5.297661555572E-1));
#18028=DIRECTION('',(0.E0,-5.297661555572E-1,8.481437498598E-1));
#18029=AXIS2_PLACEMENT_3D('',#18026,#18027,#18028);
#18030=PLANE('',#18029);
#18031=ORIENTED_EDGE('',*,*,#13847,.F.);
#18033=ORIENTED_EDGE('',*,*,#18032,.T.);
#18034=ORIENTED_EDGE('',*,*,#17894,.T.);
#18035=ORIENTED_EDGE('',*,*,#18020,.F.);
#18036=EDGE_LOOP('',(#18031,#18033,#18034,#18035));
#18037=FACE_OUTER_BOUND('',#18036,.F.);
#18038=ADVANCED_FACE('',(#18037),#18030,.T.);
#18039=CARTESIAN_POINT('',(2.875E0,-3.225E0,9.25E-1));
#18040=DIRECTION('',(1.E0,0.E0,0.E0));
#18041=DIRECTION('',(0.E0,0.E0,-1.E0));
#18042=AXIS2_PLACEMENT_3D('',#18039,#18040,#18041);
#18043=CYLINDRICAL_SURFACE('',#18042,5.E-2);
#18044=ORIENTED_EDGE('',*,*,#13845,.F.);
#18046=ORIENTED_EDGE('',*,*,#18045,.T.);
#18047=ORIENTED_EDGE('',*,*,#17896,.T.);
#18048=ORIENTED_EDGE('',*,*,#18032,.F.);
#18049=EDGE_LOOP('',(#18044,#18046,#18047,#18048));
#18050=FACE_OUTER_BOUND('',#18049,.F.);
#18051=ADVANCED_FACE('',(#18050),#18043,.T.);
#18052=CARTESIAN_POINT('',(2.875E0,-3.315E0,6.25E-1));
#18053=DIRECTION('',(0.E0,8.996712436539E-1,-4.365680397628E-1));
#18054=DIRECTION('',(0.E0,4.365680397628E-1,8.996712436539E-1));
#18055=AXIS2_PLACEMENT_3D('',#18052,#18053,#18054);
#18056=PLANE('',#18055);
#18057=ORIENTED_EDGE('',*,*,#13843,.F.);
#18059=ORIENTED_EDGE('',*,*,#18058,.T.);
#18060=ORIENTED_EDGE('',*,*,#17898,.T.);
#18061=ORIENTED_EDGE('',*,*,#18045,.F.);
#18062=EDGE_LOOP('',(#18057,#18059,#18060,#18061));
#18063=FACE_OUTER_BOUND('',#18062,.F.);
#18064=ADVANCED_FACE('',(#18063),#18056,.T.);
#18065=CARTESIAN_POINT('',(2.875E0,-3.315E0,-6.15E-1));
#18066=DIRECTION('',(0.E0,1.E0,0.E0));
#18067=DIRECTION('',(0.E0,0.E0,1.E0));
#18068=AXIS2_PLACEMENT_3D('',#18065,#18066,#18067);
#18069=PLANE('',#18068);
#18070=ORIENTED_EDGE('',*,*,#13841,.F.);
#18072=ORIENTED_EDGE('',*,*,#18071,.T.);
#18073=ORIENTED_EDGE('',*,*,#17900,.T.);
#18074=ORIENTED_EDGE('',*,*,#18058,.F.);
#18075=EDGE_LOOP('',(#18070,#18072,#18073,#18074));
#18076=FACE_OUTER_BOUND('',#18075,.F.);
#18077=ADVANCED_FACE('',(#18076),#18069,.T.);
#18078=CARTESIAN_POINT('',(2.875E0,-3.145E0,-8.65E-1));
#18079=DIRECTION('',(0.E0,8.269265020695E-1,5.623100214073E-1));
#18080=DIRECTION('',(0.E0,-5.623100214073E-1,8.269265020695E-1));
#18081=AXIS2_PLACEMENT_3D('',#18078,#18079,#18080);
#18082=PLANE('',#18081);
#18083=ORIENTED_EDGE('',*,*,#13839,.F.);
#18085=ORIENTED_EDGE('',*,*,#18084,.T.);
#18086=ORIENTED_EDGE('',*,*,#17902,.T.);
#18087=ORIENTED_EDGE('',*,*,#18071,.F.);
#18088=EDGE_LOOP('',(#18083,#18085,#18086,#18087));
#18089=FACE_OUTER_BOUND('',#18088,.F.);
#18090=ADVANCED_FACE('',(#18089),#18082,.T.);
#18091=CARTESIAN_POINT('',(2.875E0,-3.145E0,-1.625E0));
#18092=DIRECTION('',(0.E0,1.E0,0.E0));
#18093=DIRECTION('',(0.E0,0.E0,1.E0));
#18094=AXIS2_PLACEMENT_3D('',#18091,#18092,#18093);
#18095=PLANE('',#18094);
#18096=ORIENTED_EDGE('',*,*,#14031,.T.);
#18097=ORIENTED_EDGE('',*,*,#17904,.T.);
#18098=ORIENTED_EDGE('',*,*,#18084,.F.);
#18099=ORIENTED_EDGE('',*,*,#13837,.F.);
#18100=EDGE_LOOP('',(#18096,#18097,#18098,#18099));
#18101=FACE_OUTER_BOUND('',#18100,.F.);
#18102=ADVANCED_FACE('',(#18101),#18095,.T.);
#18103=CARTESIAN_POINT('',(2.875E0,-2.235E0,4.776630953573E-1));
#18104=DIRECTION('',(0.E0,-1.E0,0.E0));
#18105=DIRECTION('',(0.E0,0.E0,-1.E0));
#18106=AXIS2_PLACEMENT_3D('',#18103,#18104,#18105);
#18107=PLANE('',#18106);
#18108=ORIENTED_EDGE('',*,*,#13862,.F.);
#18110=ORIENTED_EDGE('',*,*,#18109,.T.);
#18111=ORIENTED_EDGE('',*,*,#17914,.T.);
#18112=ORIENTED_EDGE('',*,*,#15546,.F.);
#18113=EDGE_LOOP('',(#18108,#18110,#18111,#18112));
#18114=FACE_OUTER_BOUND('',#18113,.F.);
#18115=ADVANCED_FACE('',(#18114),#18107,.T.);
#18116=CARTESIAN_POINT('',(2.875E0,-2.635E0,4.776630953573E-1));
#18117=DIRECTION('',(1.E0,0.E0,0.E0));
#18118=DIRECTION('',(0.E0,0.E0,-1.E0));
#18119=AXIS2_PLACEMENT_3D('',#18116,#18117,#18118);
#18120=CYLINDRICAL_SURFACE('',#18119,4.E-1);
#18121=ORIENTED_EDGE('',*,*,#13874,.F.);
#18123=ORIENTED_EDGE('',*,*,#18122,.T.);
#18124=ORIENTED_EDGE('',*,*,#17916,.T.);
#18125=ORIENTED_EDGE('',*,*,#18109,.F.);
#18126=EDGE_LOOP('',(#18121,#18123,#18124,#18125));
#18127=FACE_OUTER_BOUND('',#18126,.F.);
#18128=ADVANCED_FACE('',(#18127),#18120,.F.);
#18129=CARTESIAN_POINT('',(2.875E0,-2.463053281121E0,8.925662552900E-1));
#18130=DIRECTION('',(0.E0,-7.610656224226E-1,-6.486748942009E-1));
#18131=DIRECTION('',(0.E0,6.486748942009E-1,-7.610656224226E-1));
#18132=AXIS2_PLACEMENT_3D('',#18129,#18130,#18131);
#18133=PLANE('',#18132);
#18134=ORIENTED_EDGE('',*,*,#13872,.F.);
#18136=ORIENTED_EDGE('',*,*,#18135,.T.);
#18137=ORIENTED_EDGE('',*,*,#17918,.T.);
#18138=ORIENTED_EDGE('',*,*,#18122,.F.);
#18139=EDGE_LOOP('',(#18134,#18136,#18137,#18138));
#18140=FACE_OUTER_BOUND('',#18139,.F.);
#18141=ADVANCED_FACE('',(#18140),#18133,.T.);
#18142=CARTESIAN_POINT('',(2.875E0,-2.425E0,9.25E-1));
#18143=DIRECTION('',(1.E0,0.E0,0.E0));
#18144=DIRECTION('',(0.E0,0.E0,-1.E0));
#18145=AXIS2_PLACEMENT_3D('',#18142,#18143,#18144);
#18146=CYLINDRICAL_SURFACE('',#18145,5.E-2);
#18147=ORIENTED_EDGE('',*,*,#13870,.F.);
#18149=ORIENTED_EDGE('',*,*,#18148,.T.);
#18150=ORIENTED_EDGE('',*,*,#17920,.T.);
#18151=ORIENTED_EDGE('',*,*,#18135,.F.);
#18152=EDGE_LOOP('',(#18147,#18149,#18150,#18151));
#18153=FACE_OUTER_BOUND('',#18152,.F.);
#18154=ADVANCED_FACE('',(#18153),#18146,.T.);
#18155=CARTESIAN_POINT('',(2.875E0,-2.216764840171E0,1.468656803976E0));
#18156=DIRECTION('',(0.E0,-8.996712436539E-1,4.365680397628E-1));
#18157=DIRECTION('',(0.E0,-4.365680397628E-1,-8.996712436539E-1));
#18158=AXIS2_PLACEMENT_3D('',#18155,#18156,#18157);
#18159=PLANE('',#18158);
#18160=ORIENTED_EDGE('',*,*,#14523,.T.);
#18161=ORIENTED_EDGE('',*,*,#17922,.T.);
#18162=ORIENTED_EDGE('',*,*,#18148,.F.);
#18163=ORIENTED_EDGE('',*,*,#13868,.F.);
#18164=EDGE_LOOP('',(#18160,#18161,#18162,#18163));
#18165=FACE_OUTER_BOUND('',#18164,.F.);
#18166=ADVANCED_FACE('',(#18165),#18159,.T.);
#18167=CARTESIAN_POINT('',(2.875E0,-9.15E-1,1.455E0));
#18168=DIRECTION('',(1.E0,0.E0,0.E0));
#18169=DIRECTION('',(0.E0,0.E0,-1.E0));
#18170=AXIS2_PLACEMENT_3D('',#18167,#18168,#18169);
#18171=CYLINDRICAL_SURFACE('',#18170,1.E-1);
#18172=ORIENTED_EDGE('',*,*,#15006,.F.);
#18173=ORIENTED_EDGE('',*,*,#13898,.F.);
#18175=ORIENTED_EDGE('',*,*,#18174,.T.);
#18176=ORIENTED_EDGE('',*,*,#17937,.T.);
#18177=EDGE_LOOP('',(#18172,#18173,#18175,#18176));
#18178=FACE_OUTER_BOUND('',#18177,.F.);
#18179=ADVANCED_FACE('',(#18178),#18171,.T.);
#18180=CARTESIAN_POINT('',(2.875E0,-4.825928125070E-1,9.514883077779E-1));
#18181=DIRECTION('',(0.E0,8.481437498598E-1,5.297661555572E-1));
#18182=DIRECTION('',(0.E0,-5.297661555572E-1,8.481437498598E-1));
#18183=AXIS2_PLACEMENT_3D('',#18180,#18181,#18182);
#18184=PLANE('',#18183);
#18185=ORIENTED_EDGE('',*,*,#13896,.F.);
#18187=ORIENTED_EDGE('',*,*,#18186,.T.);
#18188=ORIENTED_EDGE('',*,*,#17939,.T.);
#18189=ORIENTED_EDGE('',*,*,#18174,.F.);
#18190=EDGE_LOOP('',(#18185,#18187,#18188,#18189));
#18191=FACE_OUTER_BOUND('',#18190,.F.);
#18192=ADVANCED_FACE('',(#18191),#18184,.T.);
#18193=CARTESIAN_POINT('',(2.875E0,-5.25E-1,9.25E-1));
#18194=DIRECTION('',(1.E0,0.E0,0.E0));
#18195=DIRECTION('',(0.E0,0.E0,-1.E0));
#18196=AXIS2_PLACEMENT_3D('',#18193,#18194,#18195);
#18197=CYLINDRICAL_SURFACE('',#18196,5.E-2);
#18198=ORIENTED_EDGE('',*,*,#13894,.F.);
#18200=ORIENTED_EDGE('',*,*,#18199,.T.);
#18201=ORIENTED_EDGE('',*,*,#17941,.T.);
#18202=ORIENTED_EDGE('',*,*,#18186,.F.);
#18203=EDGE_LOOP('',(#18198,#18200,#18201,#18202));
#18204=FACE_OUTER_BOUND('',#18203,.F.);
#18205=ADVANCED_FACE('',(#18204),#18197,.T.);
#18206=CARTESIAN_POINT('',(2.875E0,-6.15E-1,6.25E-1));
#18207=DIRECTION('',(0.E0,8.996712436539E-1,-4.365680397627E-1));
#18208=DIRECTION('',(0.E0,4.365680397627E-1,8.996712436539E-1));
#18209=AXIS2_PLACEMENT_3D('',#18206,#18207,#18208);
#18210=PLANE('',#18209);
#18211=ORIENTED_EDGE('',*,*,#13892,.F.);
#18213=ORIENTED_EDGE('',*,*,#18212,.T.);
#18214=ORIENTED_EDGE('',*,*,#17943,.T.);
#18215=ORIENTED_EDGE('',*,*,#18199,.F.);
#18216=EDGE_LOOP('',(#18211,#18213,#18214,#18215));
#18217=FACE_OUTER_BOUND('',#18216,.F.);
#18218=ADVANCED_FACE('',(#18217),#18210,.T.);
#18219=CARTESIAN_POINT('',(2.875E0,-6.15E-1,-6.149999999999E-1));
#18220=DIRECTION('',(0.E0,1.E0,0.E0));
#18221=DIRECTION('',(0.E0,0.E0,1.E0));
#18222=AXIS2_PLACEMENT_3D('',#18219,#18220,#18221);
#18223=PLANE('',#18222);
#18224=ORIENTED_EDGE('',*,*,#13890,.F.);
#18226=ORIENTED_EDGE('',*,*,#18225,.T.);
#18227=ORIENTED_EDGE('',*,*,#17945,.T.);
#18228=ORIENTED_EDGE('',*,*,#18212,.F.);
#18229=EDGE_LOOP('',(#18224,#18226,#18227,#18228));
#18230=FACE_OUTER_BOUND('',#18229,.F.);
#18231=ADVANCED_FACE('',(#18230),#18223,.T.);
#18232=CARTESIAN_POINT('',(2.875E0,-4.45E-1,-8.649999999999E-1));
#18233=DIRECTION('',(0.E0,8.269265020696E-1,5.623100214072E-1));
#18234=DIRECTION('',(0.E0,-5.623100214072E-1,8.269265020696E-1));
#18235=AXIS2_PLACEMENT_3D('',#18232,#18233,#18234);
#18236=PLANE('',#18235);
#18237=ORIENTED_EDGE('',*,*,#13888,.F.);
#18239=ORIENTED_EDGE('',*,*,#18238,.T.);
#18240=ORIENTED_EDGE('',*,*,#17947,.T.);
#18241=ORIENTED_EDGE('',*,*,#18225,.F.);
#18242=EDGE_LOOP('',(#18237,#18239,#18240,#18241));
#18243=FACE_OUTER_BOUND('',#18242,.F.);
#18244=ADVANCED_FACE('',(#18243),#18236,.T.);
#18245=CARTESIAN_POINT('',(2.875E0,-4.45E-1,-1.625E0));
#18246=DIRECTION('',(0.E0,1.E0,0.E0));
#18247=DIRECTION('',(0.E0,0.E0,1.E0));
#18248=AXIS2_PLACEMENT_3D('',#18245,#18246,#18247);
#18249=PLANE('',#18248);
#18250=ORIENTED_EDGE('',*,*,#14877,.T.);
#18251=ORIENTED_EDGE('',*,*,#17949,.T.);
#18252=ORIENTED_EDGE('',*,*,#18238,.F.);
#18253=ORIENTED_EDGE('',*,*,#13886,.F.);
#18254=EDGE_LOOP('',(#18250,#18251,#18252,#18253));
#18255=FACE_OUTER_BOUND('',#18254,.F.);
#18256=ADVANCED_FACE('',(#18255),#18249,.T.);
#18257=CARTESIAN_POINT('',(2.875E0,4.65E-1,4.776630953573E-1));
#18258=DIRECTION('',(0.E0,-1.E0,0.E0));
#18259=DIRECTION('',(0.E0,0.E0,-1.E0));
#18260=AXIS2_PLACEMENT_3D('',#18257,#18258,#18259);
#18261=PLANE('',#18260);
#18262=ORIENTED_EDGE('',*,*,#14825,.F.);
#18263=ORIENTED_EDGE('',*,*,#13958,.F.);
#18265=ORIENTED_EDGE('',*,*,#18264,.T.);
#18266=ORIENTED_EDGE('',*,*,#17981,.T.);
#18267=EDGE_LOOP('',(#18262,#18263,#18265,#18266));
#18268=FACE_OUTER_BOUND('',#18267,.F.);
#18269=ADVANCED_FACE('',(#18268),#18261,.T.);
#18270=CARTESIAN_POINT('',(2.875E0,6.5E-2,4.776630953573E-1));
#18271=DIRECTION('',(1.E0,0.E0,0.E0));
#18272=DIRECTION('',(0.E0,0.E0,-1.E0));
#18273=AXIS2_PLACEMENT_3D('',#18270,#18271,#18272);
#18274=CYLINDRICAL_SURFACE('',#18273,4.E-1);
#18275=ORIENTED_EDGE('',*,*,#13956,.F.);
#18277=ORIENTED_EDGE('',*,*,#18276,.T.);
#18278=ORIENTED_EDGE('',*,*,#17983,.T.);
#18279=ORIENTED_EDGE('',*,*,#18264,.F.);
#18280=EDGE_LOOP('',(#18275,#18277,#18278,#18279));
#18281=FACE_OUTER_BOUND('',#18280,.F.);
#18282=ADVANCED_FACE('',(#18281),#18274,.F.);
#18283=CARTESIAN_POINT('',(2.875E0,2.369467188789E-1,8.925662552900E-1));
#18284=DIRECTION('',(0.E0,-7.610656224225E-1,-6.486748942010E-1));
#18285=DIRECTION('',(0.E0,6.486748942010E-1,-7.610656224225E-1));
#18286=AXIS2_PLACEMENT_3D('',#18283,#18284,#18285);
#18287=PLANE('',#18286);
#18288=ORIENTED_EDGE('',*,*,#13954,.F.);
#18290=ORIENTED_EDGE('',*,*,#18289,.T.);
#18291=ORIENTED_EDGE('',*,*,#17985,.T.);
#18292=ORIENTED_EDGE('',*,*,#18276,.F.);
#18293=EDGE_LOOP('',(#18288,#18290,#18291,#18292));
#18294=FACE_OUTER_BOUND('',#18293,.F.);
#18295=ADVANCED_FACE('',(#18294),#18287,.T.);
#18296=CARTESIAN_POINT('',(2.875E0,2.75E-1,9.25E-1));
#18297=DIRECTION('',(1.E0,0.E0,0.E0));
#18298=DIRECTION('',(0.E0,0.E0,-1.E0));
#18299=AXIS2_PLACEMENT_3D('',#18296,#18297,#18298);
#18300=CYLINDRICAL_SURFACE('',#18299,5.E-2);
#18301=ORIENTED_EDGE('',*,*,#13952,.F.);
#18303=ORIENTED_EDGE('',*,*,#18302,.T.);
#18304=ORIENTED_EDGE('',*,*,#17987,.T.);
#18305=ORIENTED_EDGE('',*,*,#18289,.F.);
#18306=EDGE_LOOP('',(#18301,#18303,#18304,#18305));
#18307=FACE_OUTER_BOUND('',#18306,.F.);
#18308=ADVANCED_FACE('',(#18307),#18300,.T.);
#18309=CARTESIAN_POINT('',(2.875E0,4.832351598288E-1,1.468656803976E0));
#18310=DIRECTION('',(0.E0,-8.996712436539E-1,4.365680397628E-1));
#18311=DIRECTION('',(0.E0,-4.365680397628E-1,-8.996712436539E-1));
#18312=AXIS2_PLACEMENT_3D('',#18309,#18310,#18311);
#18313=PLANE('',#18312);
#18314=ORIENTED_EDGE('',*,*,#14734,.T.);
#18315=ORIENTED_EDGE('',*,*,#17989,.T.);
#18316=ORIENTED_EDGE('',*,*,#18302,.F.);
#18317=ORIENTED_EDGE('',*,*,#13950,.F.);
#18318=EDGE_LOOP('',(#18314,#18315,#18316,#18317));
#18319=FACE_OUTER_BOUND('',#18318,.F.);
#18320=ADVANCED_FACE('',(#18319),#18313,.T.);
#18321=CARTESIAN_POINT('',(2.875E0,-7.15E-1,-3.925E0));
#18322=DIRECTION('',(0.E0,0.E0,-1.E0));
#18323=DIRECTION('',(0.E0,1.E0,0.E0));
#18324=AXIS2_PLACEMENT_3D('',#18321,#18322,#18323);
#18325=PLANE('',#18324);
#18327=ORIENTED_EDGE('',*,*,#18326,.T.);
#18329=ORIENTED_EDGE('',*,*,#18328,.F.);
#18331=ORIENTED_EDGE('',*,*,#18330,.T.);
#18333=ORIENTED_EDGE('',*,*,#18332,.F.);
#18335=ORIENTED_EDGE('',*,*,#18334,.F.);
#18337=ORIENTED_EDGE('',*,*,#18336,.F.);
#18338=ORIENTED_EDGE('',*,*,#18000,.F.);
#18339=ORIENTED_EDGE('',*,*,#13783,.F.);
#18340=ORIENTED_EDGE('',*,*,#13974,.F.);
#18342=ORIENTED_EDGE('',*,*,#18341,.F.);
#18344=ORIENTED_EDGE('',*,*,#18343,.F.);
#18346=ORIENTED_EDGE('',*,*,#18345,.F.);
#18347=EDGE_LOOP('',(#18327,#18329,#18331,#18333,#18335,#18337,#18338,#18339,
#18340,#18342,#18344,#18346));
#18348=FACE_OUTER_BOUND('',#18347,.F.);
#18349=ADVANCED_FACE('',(#18348),#18325,.T.);
#18350=CARTESIAN_POINT('',(2.125E0,-1.715E0,-2.925E0));
#18351=DIRECTION('',(-1.E0,0.E0,0.E0));
#18352=DIRECTION('',(0.E0,1.E0,0.E0));
#18353=AXIS2_PLACEMENT_3D('',#18350,#18351,#18352);
#18354=PLANE('',#18353);
#18356=ORIENTED_EDGE('',*,*,#18355,.F.);
#18358=ORIENTED_EDGE('',*,*,#18357,.T.);
#18360=ORIENTED_EDGE('',*,*,#18359,.T.);
#18362=ORIENTED_EDGE('',*,*,#18361,.T.);
#18364=ORIENTED_EDGE('',*,*,#18363,.T.);
#18366=ORIENTED_EDGE('',*,*,#18365,.T.);
#18368=ORIENTED_EDGE('',*,*,#18367,.T.);
#18369=ORIENTED_EDGE('',*,*,#18326,.F.);
#18371=ORIENTED_EDGE('',*,*,#18370,.F.);
#18372=EDGE_LOOP('',(#18356,#18358,#18360,#18362,#18364,#18366,#18368,#18369,
#18371));
#18373=FACE_OUTER_BOUND('',#18372,.F.);
#18374=ADVANCED_FACE('',(#18373),#18354,.T.);
#18375=CARTESIAN_POINT('',(3.E0,0.E0,-2.925E0));
#18376=DIRECTION('',(0.E0,0.E0,-1.E0));
#18377=DIRECTION('',(-1.E0,0.E0,0.E0));
#18378=AXIS2_PLACEMENT_3D('',#18375,#18376,#18377);
#18379=PLANE('',#18378);
#18381=ORIENTED_EDGE('',*,*,#18380,.T.);
#18383=ORIENTED_EDGE('',*,*,#18382,.T.);
#18384=ORIENTED_EDGE('',*,*,#18355,.T.);
#18386=ORIENTED_EDGE('',*,*,#18385,.T.);
#18388=ORIENTED_EDGE('',*,*,#18387,.T.);
#18390=ORIENTED_EDGE('',*,*,#18389,.T.);
#18391=ORIENTED_EDGE('',*,*,#13970,.T.);
#18393=ORIENTED_EDGE('',*,*,#18392,.T.);
#18394=ORIENTED_EDGE('',*,*,#18004,.T.);
#18396=ORIENTED_EDGE('',*,*,#18395,.T.);
#18398=ORIENTED_EDGE('',*,*,#18397,.T.);
#18400=ORIENTED_EDGE('',*,*,#18399,.T.);
#18401=EDGE_LOOP('',(#18381,#18383,#18384,#18386,#18388,#18390,#18391,#18393,
#18394,#18396,#18398,#18400));
#18402=FACE_OUTER_BOUND('',#18401,.F.);
#18403=ADVANCED_FACE('',(#18402),#18379,.F.);
#18404=CARTESIAN_POINT('',(2.375E0,-1.493112575536E0,-2.925E0));
#18405=DIRECTION('',(1.E0,0.E0,0.E0));
#18406=DIRECTION('',(0.E0,-1.E0,0.E0));
#18407=AXIS2_PLACEMENT_3D('',#18404,#18405,#18406);
#18408=PLANE('',#18407);
#18409=ORIENTED_EDGE('',*,*,#18330,.F.);
#18411=ORIENTED_EDGE('',*,*,#18410,.F.);
#18413=ORIENTED_EDGE('',*,*,#18412,.F.);
#18415=ORIENTED_EDGE('',*,*,#18414,.F.);
#18417=ORIENTED_EDGE('',*,*,#18416,.F.);
#18419=ORIENTED_EDGE('',*,*,#18418,.F.);
#18421=ORIENTED_EDGE('',*,*,#18420,.F.);
#18422=ORIENTED_EDGE('',*,*,#18380,.F.);
#18424=ORIENTED_EDGE('',*,*,#18423,.T.);
#18425=EDGE_LOOP('',(#18409,#18411,#18413,#18415,#18417,#18419,#18421,#18422,
#18424));
#18426=FACE_OUTER_BOUND('',#18425,.F.);
#18427=ADVANCED_FACE('',(#18426),#18408,.T.);
#18428=CARTESIAN_POINT('',(2.375E0,-4.025E0,-4.175E0));
#18429=DIRECTION('',(0.E0,7.071067811865E-1,-7.071067811865E-1));
#18430=DIRECTION('',(0.E0,7.071067811865E-1,7.071067811865E-1));
#18431=AXIS2_PLACEMENT_3D('',#18428,#18429,#18430);
#18432=PLANE('',#18431);
#18433=ORIENTED_EDGE('',*,*,#18410,.T.);
#18434=ORIENTED_EDGE('',*,*,#18328,.T.);
#18435=ORIENTED_EDGE('',*,*,#18367,.F.);
#18437=ORIENTED_EDGE('',*,*,#18436,.F.);
#18438=EDGE_LOOP('',(#18433,#18434,#18435,#18437));
#18439=FACE_OUTER_BOUND('',#18438,.F.);
#18440=ADVANCED_FACE('',(#18439),#18432,.T.);
#18441=CARTESIAN_POINT('',(2.375E0,-4.025E0,-5.175E0));
#18442=DIRECTION('',(0.E0,1.E0,0.E0));
#18443=DIRECTION('',(0.E0,0.E0,1.E0));
#18444=AXIS2_PLACEMENT_3D('',#18441,#18442,#18443);
#18445=PLANE('',#18444);
#18446=ORIENTED_EDGE('',*,*,#18412,.T.);
#18447=ORIENTED_EDGE('',*,*,#18436,.T.);
#18448=ORIENTED_EDGE('',*,*,#18365,.F.);
#18450=ORIENTED_EDGE('',*,*,#18449,.F.);
#18451=EDGE_LOOP('',(#18446,#18447,#18448,#18450));
#18452=FACE_OUTER_BOUND('',#18451,.F.);
#18453=ADVANCED_FACE('',(#18452),#18445,.T.);
#18454=CARTESIAN_POINT('',(2.375E0,-4.575E0,-5.175E0));
#18455=DIRECTION('',(0.E0,0.E0,-1.E0));
#18456=DIRECTION('',(0.E0,1.E0,0.E0));
#18457=AXIS2_PLACEMENT_3D('',#18454,#18455,#18456);
#18458=PLANE('',#18457);
#18459=ORIENTED_EDGE('',*,*,#18414,.T.);
#18460=ORIENTED_EDGE('',*,*,#18449,.T.);
#18461=ORIENTED_EDGE('',*,*,#18363,.F.);
#18463=ORIENTED_EDGE('',*,*,#18462,.F.);
#18464=EDGE_LOOP('',(#18459,#18460,#18461,#18463));
#18465=FACE_OUTER_BOUND('',#18464,.F.);
#18466=ADVANCED_FACE('',(#18465),#18458,.T.);
#18467=CARTESIAN_POINT('',(2.375E0,-4.625E0,-5.125E0));
#18468=DIRECTION('',(0.E0,-7.071067811865E-1,-7.071067811865E-1));
#18469=DIRECTION('',(0.E0,7.071067811865E-1,-7.071067811865E-1));
#18470=AXIS2_PLACEMENT_3D('',#18467,#18468,#18469);
#18471=PLANE('',#18470);
#18472=ORIENTED_EDGE('',*,*,#18416,.T.);
#18473=ORIENTED_EDGE('',*,*,#18462,.T.);
#18474=ORIENTED_EDGE('',*,*,#18361,.F.);
#18476=ORIENTED_EDGE('',*,*,#18475,.F.);
#18477=EDGE_LOOP('',(#18472,#18473,#18474,#18476));
#18478=FACE_OUTER_BOUND('',#18477,.F.);
#18479=ADVANCED_FACE('',(#18478),#18471,.T.);
#18480=CARTESIAN_POINT('',(2.375E0,-4.625E0,-3.475E0));
#18481=DIRECTION('',(0.E0,-1.E0,0.E0));
#18482=DIRECTION('',(0.E0,0.E0,-1.E0));
#18483=AXIS2_PLACEMENT_3D('',#18480,#18481,#18482);
#18484=PLANE('',#18483);
#18485=ORIENTED_EDGE('',*,*,#18418,.T.);
#18486=ORIENTED_EDGE('',*,*,#18475,.T.);
#18487=ORIENTED_EDGE('',*,*,#18359,.F.);
#18489=ORIENTED_EDGE('',*,*,#18488,.F.);
#18490=EDGE_LOOP('',(#18485,#18486,#18487,#18489));
#18491=FACE_OUTER_BOUND('',#18490,.F.);
#18492=ADVANCED_FACE('',(#18491),#18484,.T.);
#18493=CARTESIAN_POINT('',(2.375E0,-4.075E0,-2.925E0));
#18494=DIRECTION('',(0.E0,-7.071067811865E-1,7.071067811865E-1));
#18495=DIRECTION('',(0.E0,-7.071067811865E-1,-7.071067811865E-1));
#18496=AXIS2_PLACEMENT_3D('',#18493,#18494,#18495);
#18497=PLANE('',#18496);
#18498=ORIENTED_EDGE('',*,*,#18420,.T.);
#18499=ORIENTED_EDGE('',*,*,#18488,.T.);
#18500=ORIENTED_EDGE('',*,*,#18357,.F.);
#18501=ORIENTED_EDGE('',*,*,#18382,.F.);
#18502=EDGE_LOOP('',(#18498,#18499,#18500,#18501));
#18503=FACE_OUTER_BOUND('',#18502,.F.);
#18504=ADVANCED_FACE('',(#18503),#18497,.T.);
#18505=CARTESIAN_POINT('',(2.575E0,-1.493112575536E0,-2.925E0));
#18506=DIRECTION('',(0.E0,0.E0,-1.E0));
#18507=DIRECTION('',(-1.E0,0.E0,0.E0));
#18508=AXIS2_PLACEMENT_3D('',#18505,#18506,#18507);
#18509=CYLINDRICAL_SURFACE('',#18508,2.E-1);
#18510=ORIENTED_EDGE('',*,*,#18399,.F.);
#18512=ORIENTED_EDGE('',*,*,#18511,.T.);
#18513=ORIENTED_EDGE('',*,*,#18332,.T.);
#18514=ORIENTED_EDGE('',*,*,#18423,.F.);
#18515=EDGE_LOOP('',(#18510,#18512,#18513,#18514));
#18516=FACE_OUTER_BOUND('',#18515,.F.);
#18517=ADVANCED_FACE('',(#18516),#18509,.F.);
#18518=CARTESIAN_POINT('',(2.828909064497E0,-1.187861679354E0,-2.925E0));
#18519=DIRECTION('',(3.420201433257E-1,-9.396926207859E-1,0.E0));
#18520=DIRECTION('',(-9.396926207859E-1,-3.420201433257E-1,0.E0));
#18521=AXIS2_PLACEMENT_3D('',#18518,#18519,#18520);
#18522=PLANE('',#18521);
#18523=ORIENTED_EDGE('',*,*,#18397,.F.);
#18525=ORIENTED_EDGE('',*,*,#18524,.T.);
#18526=ORIENTED_EDGE('',*,*,#18334,.T.);
#18527=ORIENTED_EDGE('',*,*,#18511,.F.);
#18528=EDGE_LOOP('',(#18523,#18525,#18526,#18527));
#18529=FACE_OUTER_BOUND('',#18528,.F.);
#18530=ADVANCED_FACE('',(#18529),#18522,.T.);
#18531=CARTESIAN_POINT('',(2.675E0,-7.65E-1,-2.925E0));
#18532=DIRECTION('',(0.E0,0.E0,-1.E0));
#18533=DIRECTION('',(-1.E0,0.E0,0.E0));
#18534=AXIS2_PLACEMENT_3D('',#18531,#18532,#18533);
#18535=CYLINDRICAL_SURFACE('',#18534,4.5E-1);
#18536=ORIENTED_EDGE('',*,*,#18395,.F.);
#18537=ORIENTED_EDGE('',*,*,#18002,.T.);
#18538=ORIENTED_EDGE('',*,*,#18336,.T.);
#18539=ORIENTED_EDGE('',*,*,#18524,.F.);
#18540=EDGE_LOOP('',(#18536,#18537,#18538,#18539));
#18541=FACE_OUTER_BOUND('',#18540,.F.);
#18542=ADVANCED_FACE('',(#18541),#18535,.T.);
#18543=CARTESIAN_POINT('',(2.575E0,-1.493112575536E0,-2.925E0));
#18544=DIRECTION('',(0.E0,0.E0,-1.E0));
#18545=DIRECTION('',(-1.E0,0.E0,0.E0));
#18546=AXIS2_PLACEMENT_3D('',#18543,#18544,#18545);
#18547=CYLINDRICAL_SURFACE('',#18546,4.5E-1);
#18548=ORIENTED_EDGE('',*,*,#18385,.F.);
#18549=ORIENTED_EDGE('',*,*,#18370,.T.);
#18550=ORIENTED_EDGE('',*,*,#18345,.T.);
#18552=ORIENTED_EDGE('',*,*,#18551,.F.);
#18553=EDGE_LOOP('',(#18548,#18549,#18550,#18552));
#18554=FACE_OUTER_BOUND('',#18553,.F.);
#18555=ADVANCED_FACE('',(#18554),#18547,.T.);
#18556=CARTESIAN_POINT('',(2.421090935503E0,-1.070250896182E0,-2.925E0));
#18557=DIRECTION('',(-3.420201433257E-1,9.396926207859E-1,0.E0));
#18558=DIRECTION('',(9.396926207859E-1,3.420201433257E-1,0.E0));
#18559=AXIS2_PLACEMENT_3D('',#18556,#18557,#18558);
#18560=PLANE('',#18559);
#18561=ORIENTED_EDGE('',*,*,#18387,.F.);
#18562=ORIENTED_EDGE('',*,*,#18551,.T.);
#18563=ORIENTED_EDGE('',*,*,#18343,.T.);
#18565=ORIENTED_EDGE('',*,*,#18564,.F.);
#18566=EDGE_LOOP('',(#18561,#18562,#18563,#18565));
#18567=FACE_OUTER_BOUND('',#18566,.F.);
#18568=ADVANCED_FACE('',(#18567),#18560,.T.);
#18569=CARTESIAN_POINT('',(2.675E0,-7.65E-1,-2.925E0));
#18570=DIRECTION('',(0.E0,0.E0,-1.E0));
#18571=DIRECTION('',(-1.E0,0.E0,0.E0));
#18572=AXIS2_PLACEMENT_3D('',#18569,#18570,#18571);
#18573=CYLINDRICAL_SURFACE('',#18572,2.E-1);
#18574=ORIENTED_EDGE('',*,*,#18389,.F.);
#18575=ORIENTED_EDGE('',*,*,#18564,.T.);
#18576=ORIENTED_EDGE('',*,*,#18341,.T.);
#18577=ORIENTED_EDGE('',*,*,#13972,.F.);
#18578=EDGE_LOOP('',(#18574,#18575,#18576,#18577));
#18579=FACE_OUTER_BOUND('',#18578,.F.);
#18580=ADVANCED_FACE('',(#18579),#18573,.F.);
#18581=CARTESIAN_POINT('',(2.875E0,-7.15E-1,-2.675E0));
#18582=DIRECTION('',(0.E0,-1.E0,0.E0));
#18583=DIRECTION('',(0.E0,0.E0,-1.E0));
#18584=AXIS2_PLACEMENT_3D('',#18581,#18582,#18583);
#18585=PLANE('',#18584);
#18586=ORIENTED_EDGE('',*,*,#18392,.F.);
#18587=ORIENTED_EDGE('',*,*,#13968,.F.);
#18588=ORIENTED_EDGE('',*,*,#16156,.T.);
#18589=ORIENTED_EDGE('',*,*,#18006,.T.);
#18590=EDGE_LOOP('',(#18586,#18587,#18588,#18589));
#18591=FACE_OUTER_BOUND('',#18590,.F.);
#18592=ADVANCED_FACE('',(#18591),#18585,.T.);
#18593=CARTESIAN_POINT('',(-1.25E-1,-7.15E-1,-2.675E0));
#18594=DIRECTION('',(0.E0,-1.E0,0.E0));
#18595=DIRECTION('',(0.E0,0.E0,-1.E0));
#18596=AXIS2_PLACEMENT_3D('',#18593,#18594,#18595);
#18597=PLANE('',#18596);
#18599=ORIENTED_EDGE('',*,*,#18598,.F.);
#18600=ORIENTED_EDGE('',*,*,#15750,.F.);
#18601=ORIENTED_EDGE('',*,*,#16168,.T.);
#18602=ORIENTED_EDGE('',*,*,#15912,.T.);
#18603=EDGE_LOOP('',(#18599,#18600,#18601,#18602));
#18604=FACE_OUTER_BOUND('',#18603,.F.);
#18605=ADVANCED_FACE('',(#18604),#18597,.T.);
#18606=CARTESIAN_POINT('',(0.E0,0.E0,-2.925E0));
#18607=DIRECTION('',(0.E0,0.E0,-1.E0));
#18608=DIRECTION('',(-1.E0,0.E0,0.E0));
#18609=AXIS2_PLACEMENT_3D('',#18606,#18607,#18608);
#18610=PLANE('',#18609);
#18612=ORIENTED_EDGE('',*,*,#18611,.T.);
#18614=ORIENTED_EDGE('',*,*,#18613,.T.);
#18616=ORIENTED_EDGE('',*,*,#18615,.T.);
#18618=ORIENTED_EDGE('',*,*,#18617,.T.);
#18620=ORIENTED_EDGE('',*,*,#18619,.T.);
#18622=ORIENTED_EDGE('',*,*,#18621,.T.);
#18623=ORIENTED_EDGE('',*,*,#15752,.T.);
#18624=ORIENTED_EDGE('',*,*,#18598,.T.);
#18625=ORIENTED_EDGE('',*,*,#15910,.T.);
#18627=ORIENTED_EDGE('',*,*,#18626,.T.);
#18629=ORIENTED_EDGE('',*,*,#18628,.T.);
#18631=ORIENTED_EDGE('',*,*,#18630,.T.);
#18632=EDGE_LOOP('',(#18612,#18614,#18616,#18618,#18620,#18622,#18623,#18624,
#18625,#18627,#18629,#18631));
#18633=FACE_OUTER_BOUND('',#18632,.F.);
#18634=ADVANCED_FACE('',(#18633),#18610,.F.);
#18635=CARTESIAN_POINT('',(-6.25E-1,-1.493112575536E0,-2.925E0));
#18636=DIRECTION('',(1.E0,0.E0,0.E0));
#18637=DIRECTION('',(0.E0,-1.E0,0.E0));
#18638=AXIS2_PLACEMENT_3D('',#18635,#18636,#18637);
#18639=PLANE('',#18638);
#18641=ORIENTED_EDGE('',*,*,#18640,.F.);
#18643=ORIENTED_EDGE('',*,*,#18642,.F.);
#18645=ORIENTED_EDGE('',*,*,#18644,.F.);
#18647=ORIENTED_EDGE('',*,*,#18646,.F.);
#18649=ORIENTED_EDGE('',*,*,#18648,.F.);
#18651=ORIENTED_EDGE('',*,*,#18650,.F.);
#18653=ORIENTED_EDGE('',*,*,#18652,.F.);
#18654=ORIENTED_EDGE('',*,*,#18611,.F.);
#18656=ORIENTED_EDGE('',*,*,#18655,.T.);
#18657=EDGE_LOOP('',(#18641,#18643,#18645,#18647,#18649,#18651,#18653,#18654,
#18656));
#18658=FACE_OUTER_BOUND('',#18657,.F.);
#18659=ADVANCED_FACE('',(#18658),#18639,.T.);
#18660=CARTESIAN_POINT('',(-1.25E-1,-7.15E-1,-3.925E0));
#18661=DIRECTION('',(0.E0,0.E0,-1.E0));
#18662=DIRECTION('',(0.E0,1.E0,0.E0));
#18663=AXIS2_PLACEMENT_3D('',#18660,#18661,#18662);
#18664=PLANE('',#18663);
#18666=ORIENTED_EDGE('',*,*,#18665,.T.);
#18668=ORIENTED_EDGE('',*,*,#18667,.F.);
#18669=ORIENTED_EDGE('',*,*,#18640,.T.);
#18671=ORIENTED_EDGE('',*,*,#18670,.F.);
#18673=ORIENTED_EDGE('',*,*,#18672,.F.);
#18675=ORIENTED_EDGE('',*,*,#18674,.F.);
#18676=ORIENTED_EDGE('',*,*,#15906,.F.);
#18677=ORIENTED_EDGE('',*,*,#13813,.F.);
#18678=ORIENTED_EDGE('',*,*,#15756,.F.);
#18680=ORIENTED_EDGE('',*,*,#18679,.F.);
#18682=ORIENTED_EDGE('',*,*,#18681,.F.);
#18684=ORIENTED_EDGE('',*,*,#18683,.F.);
#18685=EDGE_LOOP('',(#18666,#18668,#18669,#18671,#18673,#18675,#18676,#18677,
#18678,#18680,#18682,#18684));
#18686=FACE_OUTER_BOUND('',#18685,.F.);
#18687=ADVANCED_FACE('',(#18686),#18664,.T.);
#18688=CARTESIAN_POINT('',(-8.75E-1,-1.715E0,-2.925E0));
#18689=DIRECTION('',(-1.E0,0.E0,0.E0));
#18690=DIRECTION('',(0.E0,1.E0,0.E0));
#18691=AXIS2_PLACEMENT_3D('',#18688,#18689,#18690);
#18692=PLANE('',#18691);
#18693=ORIENTED_EDGE('',*,*,#18615,.F.);
#18695=ORIENTED_EDGE('',*,*,#18694,.T.);
#18697=ORIENTED_EDGE('',*,*,#18696,.T.);
#18699=ORIENTED_EDGE('',*,*,#18698,.T.);
#18701=ORIENTED_EDGE('',*,*,#18700,.T.);
#18703=ORIENTED_EDGE('',*,*,#18702,.T.);
#18705=ORIENTED_EDGE('',*,*,#18704,.T.);
#18706=ORIENTED_EDGE('',*,*,#18665,.F.);
#18708=ORIENTED_EDGE('',*,*,#18707,.F.);
#18709=EDGE_LOOP('',(#18693,#18695,#18697,#18699,#18701,#18703,#18705,#18706,
#18708));
#18710=FACE_OUTER_BOUND('',#18709,.F.);
#18711=ADVANCED_FACE('',(#18710),#18692,.T.);
#18712=CARTESIAN_POINT('',(-6.25E-1,-4.075E0,-2.925E0));
#18713=DIRECTION('',(0.E0,-7.071067811865E-1,7.071067811865E-1));
#18714=DIRECTION('',(0.E0,-7.071067811865E-1,-7.071067811865E-1));
#18715=AXIS2_PLACEMENT_3D('',#18712,#18713,#18714);
#18716=PLANE('',#18715);
#18717=ORIENTED_EDGE('',*,*,#18652,.T.);
#18719=ORIENTED_EDGE('',*,*,#18718,.T.);
#18720=ORIENTED_EDGE('',*,*,#18694,.F.);
#18721=ORIENTED_EDGE('',*,*,#18613,.F.);
#18722=EDGE_LOOP('',(#18717,#18719,#18720,#18721));
#18723=FACE_OUTER_BOUND('',#18722,.F.);
#18724=ADVANCED_FACE('',(#18723),#18716,.T.);
#18725=CARTESIAN_POINT('',(-6.25E-1,-4.625E0,-3.475E0));
#18726=DIRECTION('',(0.E0,-1.E0,0.E0));
#18727=DIRECTION('',(0.E0,0.E0,-1.E0));
#18728=AXIS2_PLACEMENT_3D('',#18725,#18726,#18727);
#18729=PLANE('',#18728);
#18730=ORIENTED_EDGE('',*,*,#18650,.T.);
#18732=ORIENTED_EDGE('',*,*,#18731,.T.);
#18733=ORIENTED_EDGE('',*,*,#18696,.F.);
#18734=ORIENTED_EDGE('',*,*,#18718,.F.);
#18735=EDGE_LOOP('',(#18730,#18732,#18733,#18734));
#18736=FACE_OUTER_BOUND('',#18735,.F.);
#18737=ADVANCED_FACE('',(#18736),#18729,.T.);
#18738=CARTESIAN_POINT('',(-6.25E-1,-4.625E0,-5.125E0));
#18739=DIRECTION('',(0.E0,-7.071067811865E-1,-7.071067811865E-1));
#18740=DIRECTION('',(0.E0,7.071067811865E-1,-7.071067811865E-1));
#18741=AXIS2_PLACEMENT_3D('',#18738,#18739,#18740);
#18742=PLANE('',#18741);
#18743=ORIENTED_EDGE('',*,*,#18648,.T.);
#18745=ORIENTED_EDGE('',*,*,#18744,.T.);
#18746=ORIENTED_EDGE('',*,*,#18698,.F.);
#18747=ORIENTED_EDGE('',*,*,#18731,.F.);
#18748=EDGE_LOOP('',(#18743,#18745,#18746,#18747));
#18749=FACE_OUTER_BOUND('',#18748,.F.);
#18750=ADVANCED_FACE('',(#18749),#18742,.T.);
#18751=CARTESIAN_POINT('',(-6.25E-1,-4.575E0,-5.175E0));
#18752=DIRECTION('',(0.E0,0.E0,-1.E0));
#18753=DIRECTION('',(0.E0,1.E0,0.E0));
#18754=AXIS2_PLACEMENT_3D('',#18751,#18752,#18753);
#18755=PLANE('',#18754);
#18756=ORIENTED_EDGE('',*,*,#18646,.T.);
#18758=ORIENTED_EDGE('',*,*,#18757,.T.);
#18759=ORIENTED_EDGE('',*,*,#18700,.F.);
#18760=ORIENTED_EDGE('',*,*,#18744,.F.);
#18761=EDGE_LOOP('',(#18756,#18758,#18759,#18760));
#18762=FACE_OUTER_BOUND('',#18761,.F.);
#18763=ADVANCED_FACE('',(#18762),#18755,.T.);
#18764=CARTESIAN_POINT('',(-6.25E-1,-4.025E0,-5.175E0));
#18765=DIRECTION('',(0.E0,1.E0,0.E0));
#18766=DIRECTION('',(0.E0,0.E0,1.E0));
#18767=AXIS2_PLACEMENT_3D('',#18764,#18765,#18766);
#18768=PLANE('',#18767);
#18769=ORIENTED_EDGE('',*,*,#18644,.T.);
#18771=ORIENTED_EDGE('',*,*,#18770,.T.);
#18772=ORIENTED_EDGE('',*,*,#18702,.F.);
#18773=ORIENTED_EDGE('',*,*,#18757,.F.);
#18774=EDGE_LOOP('',(#18769,#18771,#18772,#18773));
#18775=FACE_OUTER_BOUND('',#18774,.F.);
#18776=ADVANCED_FACE('',(#18775),#18768,.T.);
#18777=CARTESIAN_POINT('',(-6.25E-1,-4.025E0,-4.175E0));
#18778=DIRECTION('',(0.E0,7.071067811865E-1,-7.071067811865E-1));
#18779=DIRECTION('',(0.E0,7.071067811865E-1,7.071067811865E-1));
#18780=AXIS2_PLACEMENT_3D('',#18777,#18778,#18779);
#18781=PLANE('',#18780);
#18782=ORIENTED_EDGE('',*,*,#18642,.T.);
#18783=ORIENTED_EDGE('',*,*,#18667,.T.);
#18784=ORIENTED_EDGE('',*,*,#18704,.F.);
#18785=ORIENTED_EDGE('',*,*,#18770,.F.);
#18786=EDGE_LOOP('',(#18782,#18783,#18784,#18785));
#18787=FACE_OUTER_BOUND('',#18786,.F.);
#18788=ADVANCED_FACE('',(#18787),#18781,.T.);
#18789=CARTESIAN_POINT('',(-4.25E-1,-1.493112575536E0,-2.925E0));
#18790=DIRECTION('',(0.E0,0.E0,-1.E0));
#18791=DIRECTION('',(-1.E0,0.E0,0.E0));
#18792=AXIS2_PLACEMENT_3D('',#18789,#18790,#18791);
#18793=CYLINDRICAL_SURFACE('',#18792,4.5E-1);
#18794=ORIENTED_EDGE('',*,*,#18617,.F.);
#18795=ORIENTED_EDGE('',*,*,#18707,.T.);
#18796=ORIENTED_EDGE('',*,*,#18683,.T.);
#18798=ORIENTED_EDGE('',*,*,#18797,.F.);
#18799=EDGE_LOOP('',(#18794,#18795,#18796,#18798));
#18800=FACE_OUTER_BOUND('',#18799,.F.);
#18801=ADVANCED_FACE('',(#18800),#18793,.T.);
#18802=CARTESIAN_POINT('',(-5.789090644966E-1,-1.070250896182E0,-2.925E0));
#18803=DIRECTION('',(-3.420201433257E-1,9.396926207859E-1,0.E0));
#18804=DIRECTION('',(9.396926207859E-1,3.420201433257E-1,0.E0));
#18805=AXIS2_PLACEMENT_3D('',#18802,#18803,#18804);
#18806=PLANE('',#18805);
#18807=ORIENTED_EDGE('',*,*,#18619,.F.);
#18808=ORIENTED_EDGE('',*,*,#18797,.T.);
#18809=ORIENTED_EDGE('',*,*,#18681,.T.);
#18811=ORIENTED_EDGE('',*,*,#18810,.F.);
#18812=EDGE_LOOP('',(#18807,#18808,#18809,#18811));
#18813=FACE_OUTER_BOUND('',#18812,.F.);
#18814=ADVANCED_FACE('',(#18813),#18806,.T.);
#18815=CARTESIAN_POINT('',(-3.25E-1,-7.65E-1,-2.925E0));
#18816=DIRECTION('',(0.E0,0.E0,-1.E0));
#18817=DIRECTION('',(-1.E0,0.E0,0.E0));
#18818=AXIS2_PLACEMENT_3D('',#18815,#18816,#18817);
#18819=CYLINDRICAL_SURFACE('',#18818,2.E-1);
#18820=ORIENTED_EDGE('',*,*,#18621,.F.);
#18821=ORIENTED_EDGE('',*,*,#18810,.T.);
#18822=ORIENTED_EDGE('',*,*,#18679,.T.);
#18823=ORIENTED_EDGE('',*,*,#15754,.F.);
#18824=EDGE_LOOP('',(#18820,#18821,#18822,#18823));
#18825=FACE_OUTER_BOUND('',#18824,.F.);
#18826=ADVANCED_FACE('',(#18825),#18819,.F.);
#18827=CARTESIAN_POINT('',(-4.25E-1,-1.493112575536E0,-2.925E0));
#18828=DIRECTION('',(0.E0,0.E0,-1.E0));
#18829=DIRECTION('',(-1.E0,0.E0,0.E0));
#18830=AXIS2_PLACEMENT_3D('',#18827,#18828,#18829);
#18831=CYLINDRICAL_SURFACE('',#18830,2.E-1);
#18832=ORIENTED_EDGE('',*,*,#18630,.F.);
#18834=ORIENTED_EDGE('',*,*,#18833,.T.);
#18835=ORIENTED_EDGE('',*,*,#18670,.T.);
#18836=ORIENTED_EDGE('',*,*,#18655,.F.);
#18837=EDGE_LOOP('',(#18832,#18834,#18835,#18836));
#18838=FACE_OUTER_BOUND('',#18837,.F.);
#18839=ADVANCED_FACE('',(#18838),#18831,.F.);
#18840=CARTESIAN_POINT('',(-1.710909355034E-1,-1.187861679354E0,-2.925E0));
#18841=DIRECTION('',(3.420201433257E-1,-9.396926207859E-1,0.E0));
#18842=DIRECTION('',(-9.396926207859E-1,-3.420201433257E-1,0.E0));
#18843=AXIS2_PLACEMENT_3D('',#18840,#18841,#18842);
#18844=PLANE('',#18843);
#18845=ORIENTED_EDGE('',*,*,#18628,.F.);
#18847=ORIENTED_EDGE('',*,*,#18846,.T.);
#18848=ORIENTED_EDGE('',*,*,#18672,.T.);
#18849=ORIENTED_EDGE('',*,*,#18833,.F.);
#18850=EDGE_LOOP('',(#18845,#18847,#18848,#18849));
#18851=FACE_OUTER_BOUND('',#18850,.F.);
#18852=ADVANCED_FACE('',(#18851),#18844,.T.);
#18853=CARTESIAN_POINT('',(-3.25E-1,-7.65E-1,-2.925E0));
#18854=DIRECTION('',(0.E0,0.E0,-1.E0));
#18855=DIRECTION('',(-1.E0,0.E0,0.E0));
#18856=AXIS2_PLACEMENT_3D('',#18853,#18854,#18855);
#18857=CYLINDRICAL_SURFACE('',#18856,4.5E-1);
#18858=ORIENTED_EDGE('',*,*,#18626,.F.);
#18859=ORIENTED_EDGE('',*,*,#15908,.T.);
#18860=ORIENTED_EDGE('',*,*,#18674,.T.);
#18861=ORIENTED_EDGE('',*,*,#18846,.F.);
#18862=EDGE_LOOP('',(#18858,#18859,#18860,#18861));
#18863=FACE_OUTER_BOUND('',#18862,.F.);
#18864=ADVANCED_FACE('',(#18863),#18857,.T.);
#18865=CARTESIAN_POINT('',(-1.625E0,-7.15E-1,-2.675E0));
#18866=DIRECTION('',(0.E0,-1.E0,0.E0));
#18867=DIRECTION('',(0.E0,0.E0,-1.E0));
#18868=AXIS2_PLACEMENT_3D('',#18865,#18866,#18867);
#18869=PLANE('',#18868);
#18871=ORIENTED_EDGE('',*,*,#18870,.F.);
#18872=ORIENTED_EDGE('',*,*,#14258,.F.);
#18873=ORIENTED_EDGE('',*,*,#16173,.T.);
#18874=ORIENTED_EDGE('',*,*,#14427,.T.);
#18875=EDGE_LOOP('',(#18871,#18872,#18873,#18874));
#18876=FACE_OUTER_BOUND('',#18875,.F.);
#18877=ADVANCED_FACE('',(#18876),#18869,.T.);
#18878=CARTESIAN_POINT('',(-1.5E0,0.E0,-2.925E0));
#18879=DIRECTION('',(0.E0,0.E0,-1.E0));
#18880=DIRECTION('',(-1.E0,0.E0,0.E0));
#18881=AXIS2_PLACEMENT_3D('',#18878,#18879,#18880);
#18882=PLANE('',#18881);
#18884=ORIENTED_EDGE('',*,*,#18883,.T.);
#18886=ORIENTED_EDGE('',*,*,#18885,.T.);
#18888=ORIENTED_EDGE('',*,*,#18887,.T.);
#18890=ORIENTED_EDGE('',*,*,#18889,.T.);
#18892=ORIENTED_EDGE('',*,*,#18891,.T.);
#18894=ORIENTED_EDGE('',*,*,#18893,.T.);
#18895=ORIENTED_EDGE('',*,*,#14260,.T.);
#18896=ORIENTED_EDGE('',*,*,#18870,.T.);
#18897=ORIENTED_EDGE('',*,*,#14425,.T.);
#18899=ORIENTED_EDGE('',*,*,#18898,.T.);
#18901=ORIENTED_EDGE('',*,*,#18900,.T.);
#18903=ORIENTED_EDGE('',*,*,#18902,.T.);
#18904=EDGE_LOOP('',(#18884,#18886,#18888,#18890,#18892,#18894,#18895,#18896,
#18897,#18899,#18901,#18903));
#18905=FACE_OUTER_BOUND('',#18904,.F.);
#18906=ADVANCED_FACE('',(#18905),#18882,.F.);
#18907=CARTESIAN_POINT('',(-2.125E0,-1.493112575536E0,-2.925E0));
#18908=DIRECTION('',(1.E0,0.E0,0.E0));
#18909=DIRECTION('',(0.E0,-1.E0,0.E0));
#18910=AXIS2_PLACEMENT_3D('',#18907,#18908,#18909);
#18911=PLANE('',#18910);
#18913=ORIENTED_EDGE('',*,*,#18912,.F.);
#18915=ORIENTED_EDGE('',*,*,#18914,.F.);
#18917=ORIENTED_EDGE('',*,*,#18916,.F.);
#18919=ORIENTED_EDGE('',*,*,#18918,.F.);
#18921=ORIENTED_EDGE('',*,*,#18920,.F.);
#18923=ORIENTED_EDGE('',*,*,#18922,.F.);
#18925=ORIENTED_EDGE('',*,*,#18924,.F.);
#18926=ORIENTED_EDGE('',*,*,#18883,.F.);
#18928=ORIENTED_EDGE('',*,*,#18927,.T.);
#18929=EDGE_LOOP('',(#18913,#18915,#18917,#18919,#18921,#18923,#18925,#18926,
#18928));
#18930=FACE_OUTER_BOUND('',#18929,.F.);
#18931=ADVANCED_FACE('',(#18930),#18911,.T.);
#18932=CARTESIAN_POINT('',(-1.625E0,-7.15E-1,-3.925E0));
#18933=DIRECTION('',(0.E0,0.E0,-1.E0));
#18934=DIRECTION('',(0.E0,1.E0,0.E0));
#18935=AXIS2_PLACEMENT_3D('',#18932,#18933,#18934);
#18936=PLANE('',#18935);
#18938=ORIENTED_EDGE('',*,*,#18937,.T.);
#18940=ORIENTED_EDGE('',*,*,#18939,.F.);
#18941=ORIENTED_EDGE('',*,*,#18912,.T.);
#18943=ORIENTED_EDGE('',*,*,#18942,.F.);
#18945=ORIENTED_EDGE('',*,*,#18944,.F.);
#18947=ORIENTED_EDGE('',*,*,#18946,.F.);
#18948=ORIENTED_EDGE('',*,*,#14421,.F.);
#18949=ORIENTED_EDGE('',*,*,#13805,.F.);
#18950=ORIENTED_EDGE('',*,*,#14264,.F.);
#18952=ORIENTED_EDGE('',*,*,#18951,.F.);
#18954=ORIENTED_EDGE('',*,*,#18953,.F.);
#18956=ORIENTED_EDGE('',*,*,#18955,.F.);
#18957=EDGE_LOOP('',(#18938,#18940,#18941,#18943,#18945,#18947,#18948,#18949,
#18950,#18952,#18954,#18956));
#18958=FACE_OUTER_BOUND('',#18957,.F.);
#18959=ADVANCED_FACE('',(#18958),#18936,.T.);
#18960=CARTESIAN_POINT('',(-2.375E0,-1.715E0,-2.925E0));
#18961=DIRECTION('',(-1.E0,0.E0,0.E0));
#18962=DIRECTION('',(0.E0,1.E0,0.E0));
#18963=AXIS2_PLACEMENT_3D('',#18960,#18961,#18962);
#18964=PLANE('',#18963);
#18965=ORIENTED_EDGE('',*,*,#18887,.F.);
#18967=ORIENTED_EDGE('',*,*,#18966,.T.);
#18969=ORIENTED_EDGE('',*,*,#18968,.T.);
#18971=ORIENTED_EDGE('',*,*,#18970,.T.);
#18973=ORIENTED_EDGE('',*,*,#18972,.T.);
#18975=ORIENTED_EDGE('',*,*,#18974,.T.);
#18977=ORIENTED_EDGE('',*,*,#18976,.T.);
#18978=ORIENTED_EDGE('',*,*,#18937,.F.);
#18980=ORIENTED_EDGE('',*,*,#18979,.F.);
#18981=EDGE_LOOP('',(#18965,#18967,#18969,#18971,#18973,#18975,#18977,#18978,
#18980));
#18982=FACE_OUTER_BOUND('',#18981,.F.);
#18983=ADVANCED_FACE('',(#18982),#18964,.T.);
#18984=CARTESIAN_POINT('',(-2.125E0,-4.075E0,-2.925E0));
#18985=DIRECTION('',(0.E0,-7.071067811865E-1,7.071067811865E-1));
#18986=DIRECTION('',(0.E0,-7.071067811865E-1,-7.071067811865E-1));
#18987=AXIS2_PLACEMENT_3D('',#18984,#18985,#18986);
#18988=PLANE('',#18987);
#18989=ORIENTED_EDGE('',*,*,#18924,.T.);
#18991=ORIENTED_EDGE('',*,*,#18990,.T.);
#18992=ORIENTED_EDGE('',*,*,#18966,.F.);
#18993=ORIENTED_EDGE('',*,*,#18885,.F.);
#18994=EDGE_LOOP('',(#18989,#18991,#18992,#18993));
#18995=FACE_OUTER_BOUND('',#18994,.F.);
#18996=ADVANCED_FACE('',(#18995),#18988,.T.);
#18997=CARTESIAN_POINT('',(-2.125E0,-4.625E0,-3.475E0));
#18998=DIRECTION('',(0.E0,-1.E0,0.E0));
#18999=DIRECTION('',(0.E0,0.E0,-1.E0));
#19000=AXIS2_PLACEMENT_3D('',#18997,#18998,#18999);
#19001=PLANE('',#19000);
#19002=ORIENTED_EDGE('',*,*,#18922,.T.);
#19004=ORIENTED_EDGE('',*,*,#19003,.T.);
#19005=ORIENTED_EDGE('',*,*,#18968,.F.);
#19006=ORIENTED_EDGE('',*,*,#18990,.F.);
#19007=EDGE_LOOP('',(#19002,#19004,#19005,#19006));
#19008=FACE_OUTER_BOUND('',#19007,.F.);
#19009=ADVANCED_FACE('',(#19008),#19001,.T.);
#19010=CARTESIAN_POINT('',(-2.125E0,-4.625E0,-5.125E0));
#19011=DIRECTION('',(0.E0,-7.071067811865E-1,-7.071067811865E-1));
#19012=DIRECTION('',(0.E0,7.071067811865E-1,-7.071067811865E-1));
#19013=AXIS2_PLACEMENT_3D('',#19010,#19011,#19012);
#19014=PLANE('',#19013);
#19015=ORIENTED_EDGE('',*,*,#18920,.T.);
#19017=ORIENTED_EDGE('',*,*,#19016,.T.);
#19018=ORIENTED_EDGE('',*,*,#18970,.F.);
#19019=ORIENTED_EDGE('',*,*,#19003,.F.);
#19020=EDGE_LOOP('',(#19015,#19017,#19018,#19019));
#19021=FACE_OUTER_BOUND('',#19020,.F.);
#19022=ADVANCED_FACE('',(#19021),#19014,.T.);
#19023=CARTESIAN_POINT('',(-2.125E0,-4.575E0,-5.175E0));
#19024=DIRECTION('',(0.E0,0.E0,-1.E0));
#19025=DIRECTION('',(0.E0,1.E0,0.E0));
#19026=AXIS2_PLACEMENT_3D('',#19023,#19024,#19025);
#19027=PLANE('',#19026);
#19028=ORIENTED_EDGE('',*,*,#18918,.T.);
#19030=ORIENTED_EDGE('',*,*,#19029,.T.);
#19031=ORIENTED_EDGE('',*,*,#18972,.F.);
#19032=ORIENTED_EDGE('',*,*,#19016,.F.);
#19033=EDGE_LOOP('',(#19028,#19030,#19031,#19032));
#19034=FACE_OUTER_BOUND('',#19033,.F.);
#19035=ADVANCED_FACE('',(#19034),#19027,.T.);
#19036=CARTESIAN_POINT('',(-2.125E0,-4.025E0,-5.175E0));
#19037=DIRECTION('',(0.E0,1.E0,0.E0));
#19038=DIRECTION('',(0.E0,0.E0,1.E0));
#19039=AXIS2_PLACEMENT_3D('',#19036,#19037,#19038);
#19040=PLANE('',#19039);
#19041=ORIENTED_EDGE('',*,*,#18916,.T.);
#19043=ORIENTED_EDGE('',*,*,#19042,.T.);
#19044=ORIENTED_EDGE('',*,*,#18974,.F.);
#19045=ORIENTED_EDGE('',*,*,#19029,.F.);
#19046=EDGE_LOOP('',(#19041,#19043,#19044,#19045));
#19047=FACE_OUTER_BOUND('',#19046,.F.);
#19048=ADVANCED_FACE('',(#19047),#19040,.T.);
#19049=CARTESIAN_POINT('',(-2.125E0,-4.025E0,-4.175E0));
#19050=DIRECTION('',(0.E0,7.071067811865E-1,-7.071067811865E-1));
#19051=DIRECTION('',(0.E0,7.071067811865E-1,7.071067811865E-1));
#19052=AXIS2_PLACEMENT_3D('',#19049,#19050,#19051);
#19053=PLANE('',#19052);
#19054=ORIENTED_EDGE('',*,*,#18914,.T.);
#19055=ORIENTED_EDGE('',*,*,#18939,.T.);
#19056=ORIENTED_EDGE('',*,*,#18976,.F.);
#19057=ORIENTED_EDGE('',*,*,#19042,.F.);
#19058=EDGE_LOOP('',(#19054,#19055,#19056,#19057));
#19059=FACE_OUTER_BOUND('',#19058,.F.);
#19060=ADVANCED_FACE('',(#19059),#19053,.T.);
#19061=CARTESIAN_POINT('',(-1.925E0,-1.493112575536E0,-2.925E0));
#19062=DIRECTION('',(0.E0,0.E0,-1.E0));
#19063=DIRECTION('',(-1.E0,0.E0,0.E0));
#19064=AXIS2_PLACEMENT_3D('',#19061,#19062,#19063);
#19065=CYLINDRICAL_SURFACE('',#19064,4.5E-1);
#19066=ORIENTED_EDGE('',*,*,#18889,.F.);
#19067=ORIENTED_EDGE('',*,*,#18979,.T.);
#19068=ORIENTED_EDGE('',*,*,#18955,.T.);
#19070=ORIENTED_EDGE('',*,*,#19069,.F.);
#19071=EDGE_LOOP('',(#19066,#19067,#19068,#19070));
#19072=FACE_OUTER_BOUND('',#19071,.F.);
#19073=ADVANCED_FACE('',(#19072),#19065,.T.);
#19074=CARTESIAN_POINT('',(-2.078909064497E0,-1.070250896182E0,-2.925E0));
#19075=DIRECTION('',(-3.420201433257E-1,9.396926207859E-1,0.E0));
#19076=DIRECTION('',(9.396926207859E-1,3.420201433257E-1,0.E0));
#19077=AXIS2_PLACEMENT_3D('',#19074,#19075,#19076);
#19078=PLANE('',#19077);
#19079=ORIENTED_EDGE('',*,*,#18891,.F.);
#19080=ORIENTED_EDGE('',*,*,#19069,.T.);
#19081=ORIENTED_EDGE('',*,*,#18953,.T.);
#19083=ORIENTED_EDGE('',*,*,#19082,.F.);
#19084=EDGE_LOOP('',(#19079,#19080,#19081,#19083));
#19085=FACE_OUTER_BOUND('',#19084,.F.);
#19086=ADVANCED_FACE('',(#19085),#19078,.T.);
#19087=CARTESIAN_POINT('',(-1.825E0,-7.65E-1,-2.925E0));
#19088=DIRECTION('',(0.E0,0.E0,-1.E0));
#19089=DIRECTION('',(-1.E0,0.E0,0.E0));
#19090=AXIS2_PLACEMENT_3D('',#19087,#19088,#19089);
#19091=CYLINDRICAL_SURFACE('',#19090,2.E-1);
#19092=ORIENTED_EDGE('',*,*,#18893,.F.);
#19093=ORIENTED_EDGE('',*,*,#19082,.T.);
#19094=ORIENTED_EDGE('',*,*,#18951,.T.);
#19095=ORIENTED_EDGE('',*,*,#14262,.F.);
#19096=EDGE_LOOP('',(#19092,#19093,#19094,#19095));
#19097=FACE_OUTER_BOUND('',#19096,.F.);
#19098=ADVANCED_FACE('',(#19097),#19091,.F.);
#19099=CARTESIAN_POINT('',(-1.925E0,-1.493112575536E0,-2.925E0));
#19100=DIRECTION('',(0.E0,0.E0,-1.E0));
#19101=DIRECTION('',(-1.E0,0.E0,0.E0));
#19102=AXIS2_PLACEMENT_3D('',#19099,#19100,#19101);
#19103=CYLINDRICAL_SURFACE('',#19102,2.E-1);
#19104=ORIENTED_EDGE('',*,*,#18902,.F.);
#19106=ORIENTED_EDGE('',*,*,#19105,.T.);
#19107=ORIENTED_EDGE('',*,*,#18942,.T.);
#19108=ORIENTED_EDGE('',*,*,#18927,.F.);
#19109=EDGE_LOOP('',(#19104,#19106,#19107,#19108));
#19110=FACE_OUTER_BOUND('',#19109,.F.);
#19111=ADVANCED_FACE('',(#19110),#19103,.F.);
#19112=CARTESIAN_POINT('',(-1.671090935503E0,-1.187861679354E0,-2.925E0));
#19113=DIRECTION('',(3.420201433257E-1,-9.396926207859E-1,0.E0));
#19114=DIRECTION('',(-9.396926207859E-1,-3.420201433257E-1,0.E0));
#19115=AXIS2_PLACEMENT_3D('',#19112,#19113,#19114);
#19116=PLANE('',#19115);
#19117=ORIENTED_EDGE('',*,*,#18900,.F.);
#19119=ORIENTED_EDGE('',*,*,#19118,.T.);
#19120=ORIENTED_EDGE('',*,*,#18944,.T.);
#19121=ORIENTED_EDGE('',*,*,#19105,.F.);
#19122=EDGE_LOOP('',(#19117,#19119,#19120,#19121));
#19123=FACE_OUTER_BOUND('',#19122,.F.);
#19124=ADVANCED_FACE('',(#19123),#19116,.T.);
#19125=CARTESIAN_POINT('',(-1.825E0,-7.65E-1,-2.925E0));
#19126=DIRECTION('',(0.E0,0.E0,-1.E0));
#19127=DIRECTION('',(-1.E0,0.E0,0.E0));
#19128=AXIS2_PLACEMENT_3D('',#19125,#19126,#19127);
#19129=CYLINDRICAL_SURFACE('',#19128,4.5E-1);
#19130=ORIENTED_EDGE('',*,*,#18898,.F.);
#19131=ORIENTED_EDGE('',*,*,#14423,.T.);
#19132=ORIENTED_EDGE('',*,*,#18946,.T.);
#19133=ORIENTED_EDGE('',*,*,#19118,.F.);
#19134=EDGE_LOOP('',(#19130,#19131,#19132,#19133));
#19135=FACE_OUTER_BOUND('',#19134,.F.);
#19136=ADVANCED_FACE('',(#19135),#19129,.T.);
#19137=CARTESIAN_POINT('',(-3.125E0,-7.15E-1,-2.675E0));
#19138=DIRECTION('',(0.E0,-1.E0,0.E0));
#19139=DIRECTION('',(0.E0,0.E0,-1.E0));
#19140=AXIS2_PLACEMENT_3D('',#19137,#19138,#19139);
#19141=PLANE('',#19140);
#19143=ORIENTED_EDGE('',*,*,#19142,.F.);
#19144=ORIENTED_EDGE('',*,*,#15201,.F.);
#19145=ORIENTED_EDGE('',*,*,#16178,.T.);
#19146=ORIENTED_EDGE('',*,*,#15364,.T.);
#19147=EDGE_LOOP('',(#19143,#19144,#19145,#19146));
#19148=FACE_OUTER_BOUND('',#19147,.F.);
#19149=ADVANCED_FACE('',(#19148),#19141,.T.);
#19150=CARTESIAN_POINT('',(-3.E0,0.E0,-2.925E0));
#19151=DIRECTION('',(0.E0,0.E0,-1.E0));
#19152=DIRECTION('',(-1.E0,0.E0,0.E0));
#19153=AXIS2_PLACEMENT_3D('',#19150,#19151,#19152);
#19154=PLANE('',#19153);
#19156=ORIENTED_EDGE('',*,*,#19155,.T.);
#19158=ORIENTED_EDGE('',*,*,#19157,.T.);
#19160=ORIENTED_EDGE('',*,*,#19159,.T.);
#19162=ORIENTED_EDGE('',*,*,#19161,.T.);
#19164=ORIENTED_EDGE('',*,*,#19163,.T.);
#19166=ORIENTED_EDGE('',*,*,#19165,.T.);
#19167=ORIENTED_EDGE('',*,*,#15203,.T.);
#19168=ORIENTED_EDGE('',*,*,#19142,.T.);
#19169=ORIENTED_EDGE('',*,*,#15362,.T.);
#19171=ORIENTED_EDGE('',*,*,#19170,.T.);
#19173=ORIENTED_EDGE('',*,*,#19172,.T.);
#19175=ORIENTED_EDGE('',*,*,#19174,.T.);
#19176=EDGE_LOOP('',(#19156,#19158,#19160,#19162,#19164,#19166,#19167,#19168,
#19169,#19171,#19173,#19175));
#19177=FACE_OUTER_BOUND('',#19176,.F.);
#19178=ADVANCED_FACE('',(#19177),#19154,.F.);
#19179=CARTESIAN_POINT('',(-3.625E0,-1.493112575536E0,-2.925E0));
#19180=DIRECTION('',(1.E0,0.E0,0.E0));
#19181=DIRECTION('',(0.E0,-1.E0,0.E0));
#19182=AXIS2_PLACEMENT_3D('',#19179,#19180,#19181);
#19183=PLANE('',#19182);
#19185=ORIENTED_EDGE('',*,*,#19184,.F.);
#19187=ORIENTED_EDGE('',*,*,#19186,.F.);
#19189=ORIENTED_EDGE('',*,*,#19188,.F.);
#19191=ORIENTED_EDGE('',*,*,#19190,.F.);
#19193=ORIENTED_EDGE('',*,*,#19192,.F.);
#19195=ORIENTED_EDGE('',*,*,#19194,.F.);
#19197=ORIENTED_EDGE('',*,*,#19196,.F.);
#19198=ORIENTED_EDGE('',*,*,#19155,.F.);
#19200=ORIENTED_EDGE('',*,*,#19199,.T.);
#19201=EDGE_LOOP('',(#19185,#19187,#19189,#19191,#19193,#19195,#19197,#19198,
#19200));
#19202=FACE_OUTER_BOUND('',#19201,.F.);
#19203=ADVANCED_FACE('',(#19202),#19183,.T.);
#19204=CARTESIAN_POINT('',(-3.125E0,-7.15E-1,-3.925E0));
#19205=DIRECTION('',(0.E0,0.E0,-1.E0));
#19206=DIRECTION('',(0.E0,1.E0,0.E0));
#19207=AXIS2_PLACEMENT_3D('',#19204,#19205,#19206);
#19208=PLANE('',#19207);
#19210=ORIENTED_EDGE('',*,*,#19209,.T.);
#19212=ORIENTED_EDGE('',*,*,#19211,.F.);
#19213=ORIENTED_EDGE('',*,*,#19184,.T.);
#19215=ORIENTED_EDGE('',*,*,#19214,.F.);
#19217=ORIENTED_EDGE('',*,*,#19216,.F.);
#19219=ORIENTED_EDGE('',*,*,#19218,.F.);
#19220=ORIENTED_EDGE('',*,*,#15358,.F.);
#19221=ORIENTED_EDGE('',*,*,#13797,.F.);
#19222=ORIENTED_EDGE('',*,*,#15207,.F.);
#19224=ORIENTED_EDGE('',*,*,#19223,.F.);
#19226=ORIENTED_EDGE('',*,*,#19225,.F.);
#19228=ORIENTED_EDGE('',*,*,#19227,.F.);
#19229=EDGE_LOOP('',(#19210,#19212,#19213,#19215,#19217,#19219,#19220,#19221,
#19222,#19224,#19226,#19228));
#19230=FACE_OUTER_BOUND('',#19229,.F.);
#19231=ADVANCED_FACE('',(#19230),#19208,.T.);
#19232=CARTESIAN_POINT('',(-3.875E0,-1.715E0,-2.925E0));
#19233=DIRECTION('',(-1.E0,0.E0,0.E0));
#19234=DIRECTION('',(0.E0,1.E0,0.E0));
#19235=AXIS2_PLACEMENT_3D('',#19232,#19233,#19234);
#19236=PLANE('',#19235);
#19237=ORIENTED_EDGE('',*,*,#19159,.F.);
#19239=ORIENTED_EDGE('',*,*,#19238,.T.);
#19241=ORIENTED_EDGE('',*,*,#19240,.T.);
#19243=ORIENTED_EDGE('',*,*,#19242,.T.);
#19245=ORIENTED_EDGE('',*,*,#19244,.T.);
#19247=ORIENTED_EDGE('',*,*,#19246,.T.);
#19249=ORIENTED_EDGE('',*,*,#19248,.T.);
#19250=ORIENTED_EDGE('',*,*,#19209,.F.);
#19252=ORIENTED_EDGE('',*,*,#19251,.F.);
#19253=EDGE_LOOP('',(#19237,#19239,#19241,#19243,#19245,#19247,#19249,#19250,
#19252));
#19254=FACE_OUTER_BOUND('',#19253,.F.);
#19255=ADVANCED_FACE('',(#19254),#19236,.T.);
#19256=CARTESIAN_POINT('',(-3.625E0,-4.075E0,-2.925E0));
#19257=DIRECTION('',(0.E0,-7.071067811865E-1,7.071067811865E-1));
#19258=DIRECTION('',(0.E0,-7.071067811865E-1,-7.071067811865E-1));
#19259=AXIS2_PLACEMENT_3D('',#19256,#19257,#19258);
#19260=PLANE('',#19259);
#19261=ORIENTED_EDGE('',*,*,#19196,.T.);
#19263=ORIENTED_EDGE('',*,*,#19262,.T.);
#19264=ORIENTED_EDGE('',*,*,#19238,.F.);
#19265=ORIENTED_EDGE('',*,*,#19157,.F.);
#19266=EDGE_LOOP('',(#19261,#19263,#19264,#19265));
#19267=FACE_OUTER_BOUND('',#19266,.F.);
#19268=ADVANCED_FACE('',(#19267),#19260,.T.);
#19269=CARTESIAN_POINT('',(-3.625E0,-4.625E0,-3.475E0));
#19270=DIRECTION('',(0.E0,-1.E0,0.E0));
#19271=DIRECTION('',(0.E0,0.E0,-1.E0));
#19272=AXIS2_PLACEMENT_3D('',#19269,#19270,#19271);
#19273=PLANE('',#19272);
#19274=ORIENTED_EDGE('',*,*,#19194,.T.);
#19276=ORIENTED_EDGE('',*,*,#19275,.T.);
#19277=ORIENTED_EDGE('',*,*,#19240,.F.);
#19278=ORIENTED_EDGE('',*,*,#19262,.F.);
#19279=EDGE_LOOP('',(#19274,#19276,#19277,#19278));
#19280=FACE_OUTER_BOUND('',#19279,.F.);
#19281=ADVANCED_FACE('',(#19280),#19273,.T.);
#19282=CARTESIAN_POINT('',(-3.625E0,-4.625E0,-5.125E0));
#19283=DIRECTION('',(0.E0,-7.071067811865E-1,-7.071067811865E-1));
#19284=DIRECTION('',(0.E0,7.071067811865E-1,-7.071067811865E-1));
#19285=AXIS2_PLACEMENT_3D('',#19282,#19283,#19284);
#19286=PLANE('',#19285);
#19287=ORIENTED_EDGE('',*,*,#19192,.T.);
#19289=ORIENTED_EDGE('',*,*,#19288,.T.);
#19290=ORIENTED_EDGE('',*,*,#19242,.F.);
#19291=ORIENTED_EDGE('',*,*,#19275,.F.);
#19292=EDGE_LOOP('',(#19287,#19289,#19290,#19291));
#19293=FACE_OUTER_BOUND('',#19292,.F.);
#19294=ADVANCED_FACE('',(#19293),#19286,.T.);
#19295=CARTESIAN_POINT('',(-3.625E0,-4.575E0,-5.175E0));
#19296=DIRECTION('',(0.E0,0.E0,-1.E0));
#19297=DIRECTION('',(0.E0,1.E0,0.E0));
#19298=AXIS2_PLACEMENT_3D('',#19295,#19296,#19297);
#19299=PLANE('',#19298);
#19300=ORIENTED_EDGE('',*,*,#19190,.T.);
#19302=ORIENTED_EDGE('',*,*,#19301,.T.);
#19303=ORIENTED_EDGE('',*,*,#19244,.F.);
#19304=ORIENTED_EDGE('',*,*,#19288,.F.);
#19305=EDGE_LOOP('',(#19300,#19302,#19303,#19304));
#19306=FACE_OUTER_BOUND('',#19305,.F.);
#19307=ADVANCED_FACE('',(#19306),#19299,.T.);
#19308=CARTESIAN_POINT('',(-3.625E0,-4.025E0,-5.175E0));
#19309=DIRECTION('',(0.E0,1.E0,0.E0));
#19310=DIRECTION('',(0.E0,0.E0,1.E0));
#19311=AXIS2_PLACEMENT_3D('',#19308,#19309,#19310);
#19312=PLANE('',#19311);
#19313=ORIENTED_EDGE('',*,*,#19188,.T.);
#19315=ORIENTED_EDGE('',*,*,#19314,.T.);
#19316=ORIENTED_EDGE('',*,*,#19246,.F.);
#19317=ORIENTED_EDGE('',*,*,#19301,.F.);
#19318=EDGE_LOOP('',(#19313,#19315,#19316,#19317));
#19319=FACE_OUTER_BOUND('',#19318,.F.);
#19320=ADVANCED_FACE('',(#19319),#19312,.T.);
#19321=CARTESIAN_POINT('',(-3.625E0,-4.025E0,-4.175E0));
#19322=DIRECTION('',(0.E0,7.071067811865E-1,-7.071067811865E-1));
#19323=DIRECTION('',(0.E0,7.071067811865E-1,7.071067811865E-1));
#19324=AXIS2_PLACEMENT_3D('',#19321,#19322,#19323);
#19325=PLANE('',#19324);
#19326=ORIENTED_EDGE('',*,*,#19186,.T.);
#19327=ORIENTED_EDGE('',*,*,#19211,.T.);
#19328=ORIENTED_EDGE('',*,*,#19248,.F.);
#19329=ORIENTED_EDGE('',*,*,#19314,.F.);
#19330=EDGE_LOOP('',(#19326,#19327,#19328,#19329));
#19331=FACE_OUTER_BOUND('',#19330,.F.);
#19332=ADVANCED_FACE('',(#19331),#19325,.T.);
#19333=CARTESIAN_POINT('',(-3.425E0,-1.493112575536E0,-2.925E0));
#19334=DIRECTION('',(0.E0,0.E0,-1.E0));
#19335=DIRECTION('',(-1.E0,0.E0,0.E0));
#19336=AXIS2_PLACEMENT_3D('',#19333,#19334,#19335);
#19337=CYLINDRICAL_SURFACE('',#19336,4.5E-1);
#19338=ORIENTED_EDGE('',*,*,#19161,.F.);
#19339=ORIENTED_EDGE('',*,*,#19251,.T.);
#19340=ORIENTED_EDGE('',*,*,#19227,.T.);
#19342=ORIENTED_EDGE('',*,*,#19341,.F.);
#19343=EDGE_LOOP('',(#19338,#19339,#19340,#19342));
#19344=FACE_OUTER_BOUND('',#19343,.F.);
#19345=ADVANCED_FACE('',(#19344),#19337,.T.);
#19346=CARTESIAN_POINT('',(-3.578909064497E0,-1.070250896182E0,-2.925E0));
#19347=DIRECTION('',(-3.420201433257E-1,9.396926207859E-1,0.E0));
#19348=DIRECTION('',(9.396926207859E-1,3.420201433257E-1,0.E0));
#19349=AXIS2_PLACEMENT_3D('',#19346,#19347,#19348);
#19350=PLANE('',#19349);
#19351=ORIENTED_EDGE('',*,*,#19163,.F.);
#19352=ORIENTED_EDGE('',*,*,#19341,.T.);
#19353=ORIENTED_EDGE('',*,*,#19225,.T.);
#19355=ORIENTED_EDGE('',*,*,#19354,.F.);
#19356=EDGE_LOOP('',(#19351,#19352,#19353,#19355));
#19357=FACE_OUTER_BOUND('',#19356,.F.);
#19358=ADVANCED_FACE('',(#19357),#19350,.T.);
#19359=CARTESIAN_POINT('',(-3.325E0,-7.65E-1,-2.925E0));
#19360=DIRECTION('',(0.E0,0.E0,-1.E0));
#19361=DIRECTION('',(-1.E0,0.E0,0.E0));
#19362=AXIS2_PLACEMENT_3D('',#19359,#19360,#19361);
#19363=CYLINDRICAL_SURFACE('',#19362,2.E-1);
#19364=ORIENTED_EDGE('',*,*,#19165,.F.);
#19365=ORIENTED_EDGE('',*,*,#19354,.T.);
#19366=ORIENTED_EDGE('',*,*,#19223,.T.);
#19367=ORIENTED_EDGE('',*,*,#15205,.F.);
#19368=EDGE_LOOP('',(#19364,#19365,#19366,#19367));
#19369=FACE_OUTER_BOUND('',#19368,.F.);
#19370=ADVANCED_FACE('',(#19369),#19363,.F.);
#19371=CARTESIAN_POINT('',(-3.425E0,-1.493112575536E0,-2.925E0));
#19372=DIRECTION('',(0.E0,0.E0,-1.E0));
#19373=DIRECTION('',(-1.E0,0.E0,0.E0));
#19374=AXIS2_PLACEMENT_3D('',#19371,#19372,#19373);
#19375=CYLINDRICAL_SURFACE('',#19374,2.E-1);
#19376=ORIENTED_EDGE('',*,*,#19174,.F.);
#19378=ORIENTED_EDGE('',*,*,#19377,.T.);
#19379=ORIENTED_EDGE('',*,*,#19214,.T.);
#19380=ORIENTED_EDGE('',*,*,#19199,.F.);
#19381=EDGE_LOOP('',(#19376,#19378,#19379,#19380));
#19382=FACE_OUTER_BOUND('',#19381,.F.);
#19383=ADVANCED_FACE('',(#19382),#19375,.F.);
#19384=CARTESIAN_POINT('',(-3.171090935503E0,-1.187861679354E0,-2.925E0));
#19385=DIRECTION('',(3.420201433257E-1,-9.396926207859E-1,0.E0));
#19386=DIRECTION('',(-9.396926207859E-1,-3.420201433257E-1,0.E0));
#19387=AXIS2_PLACEMENT_3D('',#19384,#19385,#19386);
#19388=PLANE('',#19387);
#19389=ORIENTED_EDGE('',*,*,#19172,.F.);
#19391=ORIENTED_EDGE('',*,*,#19390,.T.);
#19392=ORIENTED_EDGE('',*,*,#19216,.T.);
#19393=ORIENTED_EDGE('',*,*,#19377,.F.);
#19394=EDGE_LOOP('',(#19389,#19391,#19392,#19393));
#19395=FACE_OUTER_BOUND('',#19394,.F.);
#19396=ADVANCED_FACE('',(#19395),#19388,.T.);
#19397=CARTESIAN_POINT('',(-3.325E0,-7.65E-1,-2.925E0));
#19398=DIRECTION('',(0.E0,0.E0,-1.E0));
#19399=DIRECTION('',(-1.E0,0.E0,0.E0));
#19400=AXIS2_PLACEMENT_3D('',#19397,#19398,#19399);
#19401=CYLINDRICAL_SURFACE('',#19400,4.5E-1);
#19402=ORIENTED_EDGE('',*,*,#19170,.F.);
#19403=ORIENTED_EDGE('',*,*,#15360,.T.);
#19404=ORIENTED_EDGE('',*,*,#19218,.T.);
#19405=ORIENTED_EDGE('',*,*,#19390,.F.);
#19406=EDGE_LOOP('',(#19402,#19403,#19404,#19405));
#19407=FACE_OUTER_BOUND('',#19406,.F.);
#19408=ADVANCED_FACE('',(#19407),#19401,.T.);
#19409=CARTESIAN_POINT('',(-4.075E0,-4.575E0,-4.125E0));
#19410=DIRECTION('',(-1.E0,0.E0,0.E0));
#19411=DIRECTION('',(0.E0,1.E0,0.E0));
#19412=AXIS2_PLACEMENT_3D('',#19409,#19410,#19411);
#19413=PLANE('',#19412);
#19414=ORIENTED_EDGE('',*,*,#10657,.F.);
#19415=ORIENTED_EDGE('',*,*,#16182,.T.);
#19416=ORIENTED_EDGE('',*,*,#13791,.F.);
#19417=ORIENTED_EDGE('',*,*,#10604,.F.);
#19418=EDGE_LOOP('',(#19414,#19415,#19416,#19417));
#19419=FACE_OUTER_BOUND('',#19418,.F.);
#19420=ADVANCED_FACE('',(#19419),#19413,.F.);
#19421=CARTESIAN_POINT('',(-1.25E-1,4.65E-1,4.776630953573E-1));
#19422=DIRECTION('',(0.E0,-1.E0,0.E0));
#19423=DIRECTION('',(0.E0,0.E0,-1.E0));
#19424=AXIS2_PLACEMENT_3D('',#19421,#19422,#19423);
#19425=PLANE('',#19424);
#19426=ORIENTED_EDGE('',*,*,#14812,.F.);
#19427=ORIENTED_EDGE('',*,*,#15740,.F.);
#19429=ORIENTED_EDGE('',*,*,#19428,.T.);
#19430=ORIENTED_EDGE('',*,*,#15887,.T.);
#19431=EDGE_LOOP('',(#19426,#19427,#19429,#19430));
#19432=FACE_OUTER_BOUND('',#19431,.F.);
#19433=ADVANCED_FACE('',(#19432),#19425,.T.);
#19434=CARTESIAN_POINT('',(-1.25E-1,6.5E-2,4.776630953573E-1));
#19435=DIRECTION('',(1.E0,0.E0,0.E0));
#19436=DIRECTION('',(0.E0,0.E0,-1.E0));
#19437=AXIS2_PLACEMENT_3D('',#19434,#19435,#19436);
#19438=CYLINDRICAL_SURFACE('',#19437,4.E-1);
#19439=ORIENTED_EDGE('',*,*,#15738,.F.);
#19441=ORIENTED_EDGE('',*,*,#19440,.T.);
#19442=ORIENTED_EDGE('',*,*,#15889,.T.);
#19443=ORIENTED_EDGE('',*,*,#19428,.F.);
#19444=EDGE_LOOP('',(#19439,#19441,#19442,#19443));
#19445=FACE_OUTER_BOUND('',#19444,.F.);
#19446=ADVANCED_FACE('',(#19445),#19438,.F.);
#19447=CARTESIAN_POINT('',(-1.25E-1,2.369467188789E-1,8.925662552900E-1));
#19448=DIRECTION('',(0.E0,-7.610656224225E-1,-6.486748942010E-1));
#19449=DIRECTION('',(0.E0,6.486748942010E-1,-7.610656224225E-1));
#19450=AXIS2_PLACEMENT_3D('',#19447,#19448,#19449);
#19451=PLANE('',#19450);
#19452=ORIENTED_EDGE('',*,*,#15736,.F.);
#19454=ORIENTED_EDGE('',*,*,#19453,.T.);
#19455=ORIENTED_EDGE('',*,*,#15891,.T.);
#19456=ORIENTED_EDGE('',*,*,#19440,.F.);
#19457=EDGE_LOOP('',(#19452,#19454,#19455,#19456));
#19458=FACE_OUTER_BOUND('',#19457,.F.);
#19459=ADVANCED_FACE('',(#19458),#19451,.T.);
#19460=CARTESIAN_POINT('',(-1.25E-1,2.75E-1,9.25E-1));
#19461=DIRECTION('',(1.E0,0.E0,0.E0));
#19462=DIRECTION('',(0.E0,0.E0,-1.E0));
#19463=AXIS2_PLACEMENT_3D('',#19460,#19461,#19462);
#19464=CYLINDRICAL_SURFACE('',#19463,5.E-2);
#19465=ORIENTED_EDGE('',*,*,#15734,.F.);
#19467=ORIENTED_EDGE('',*,*,#19466,.T.);
#19468=ORIENTED_EDGE('',*,*,#15893,.T.);
#19469=ORIENTED_EDGE('',*,*,#19453,.F.);
#19470=EDGE_LOOP('',(#19465,#19467,#19468,#19469));
#19471=FACE_OUTER_BOUND('',#19470,.F.);
#19472=ADVANCED_FACE('',(#19471),#19464,.T.);
#19473=CARTESIAN_POINT('',(-1.25E-1,4.832351598288E-1,1.468656803976E0));
#19474=DIRECTION('',(0.E0,-8.996712436539E-1,4.365680397628E-1));
#19475=DIRECTION('',(0.E0,-4.365680397628E-1,-8.996712436539E-1));
#19476=AXIS2_PLACEMENT_3D('',#19473,#19474,#19475);
#19477=PLANE('',#19476);
#19478=ORIENTED_EDGE('',*,*,#14749,.T.);
#19479=ORIENTED_EDGE('',*,*,#15895,.T.);
#19480=ORIENTED_EDGE('',*,*,#19466,.F.);
#19481=ORIENTED_EDGE('',*,*,#15732,.F.);
#19482=EDGE_LOOP('',(#19478,#19479,#19480,#19481));
#19483=FACE_OUTER_BOUND('',#19482,.F.);
#19484=ADVANCED_FACE('',(#19483),#19477,.T.);
#19485=CARTESIAN_POINT('',(-3.125E0,-9.15E-1,1.455E0));
#19486=DIRECTION('',(1.E0,0.E0,0.E0));
#19487=DIRECTION('',(0.E0,0.E0,-1.E0));
#19488=AXIS2_PLACEMENT_3D('',#19485,#19486,#19487);
#19489=CYLINDRICAL_SURFACE('',#19488,1.E-1);
#19490=ORIENTED_EDGE('',*,*,#14981,.F.);
#19491=ORIENTED_EDGE('',*,*,#15135,.F.);
#19493=ORIENTED_EDGE('',*,*,#19492,.T.);
#19494=ORIENTED_EDGE('',*,*,#15282,.T.);
#19495=EDGE_LOOP('',(#19490,#19491,#19493,#19494));
#19496=FACE_OUTER_BOUND('',#19495,.F.);
#19497=ADVANCED_FACE('',(#19496),#19489,.T.);
#19498=CARTESIAN_POINT('',(-3.125E0,-4.825928125070E-1,9.514883077779E-1));
#19499=DIRECTION('',(0.E0,8.481437498598E-1,5.297661555572E-1));
#19500=DIRECTION('',(0.E0,-5.297661555572E-1,8.481437498598E-1));
#19501=AXIS2_PLACEMENT_3D('',#19498,#19499,#19500);
#19502=PLANE('',#19501);
#19503=ORIENTED_EDGE('',*,*,#15133,.F.);
#19505=ORIENTED_EDGE('',*,*,#19504,.T.);
#19506=ORIENTED_EDGE('',*,*,#15284,.T.);
#19507=ORIENTED_EDGE('',*,*,#19492,.F.);
#19508=EDGE_LOOP('',(#19503,#19505,#19506,#19507));
#19509=FACE_OUTER_BOUND('',#19508,.F.);
#19510=ADVANCED_FACE('',(#19509),#19502,.T.);
#19511=CARTESIAN_POINT('',(-3.125E0,-5.25E-1,9.25E-1));
#19512=DIRECTION('',(1.E0,0.E0,0.E0));
#19513=DIRECTION('',(0.E0,0.E0,-1.E0));
#19514=AXIS2_PLACEMENT_3D('',#19511,#19512,#19513);
#19515=CYLINDRICAL_SURFACE('',#19514,5.E-2);
#19516=ORIENTED_EDGE('',*,*,#15131,.F.);
#19518=ORIENTED_EDGE('',*,*,#19517,.T.);
#19519=ORIENTED_EDGE('',*,*,#15286,.T.);
#19520=ORIENTED_EDGE('',*,*,#19504,.F.);
#19521=EDGE_LOOP('',(#19516,#19518,#19519,#19520));
#19522=FACE_OUTER_BOUND('',#19521,.F.);
#19523=ADVANCED_FACE('',(#19522),#19515,.T.);
#19524=CARTESIAN_POINT('',(-3.125E0,-6.15E-1,6.25E-1));
#19525=DIRECTION('',(0.E0,8.996712436539E-1,-4.365680397627E-1));
#19526=DIRECTION('',(0.E0,4.365680397627E-1,8.996712436539E-1));
#19527=AXIS2_PLACEMENT_3D('',#19524,#19525,#19526);
#19528=PLANE('',#19527);
#19529=ORIENTED_EDGE('',*,*,#15129,.F.);
#19531=ORIENTED_EDGE('',*,*,#19530,.T.);
#19532=ORIENTED_EDGE('',*,*,#15288,.T.);
#19533=ORIENTED_EDGE('',*,*,#19517,.F.);
#19534=EDGE_LOOP('',(#19529,#19531,#19532,#19533));
#19535=FACE_OUTER_BOUND('',#19534,.F.);
#19536=ADVANCED_FACE('',(#19535),#19528,.T.);
#19537=CARTESIAN_POINT('',(-3.125E0,-6.15E-1,-6.149999999999E-1));
#19538=DIRECTION('',(0.E0,1.E0,0.E0));
#19539=DIRECTION('',(0.E0,0.E0,1.E0));
#19540=AXIS2_PLACEMENT_3D('',#19537,#19538,#19539);
#19541=PLANE('',#19540);
#19542=ORIENTED_EDGE('',*,*,#15127,.F.);
#19544=ORIENTED_EDGE('',*,*,#19543,.T.);
#19545=ORIENTED_EDGE('',*,*,#15290,.T.);
#19546=ORIENTED_EDGE('',*,*,#19530,.F.);
#19547=EDGE_LOOP('',(#19542,#19544,#19545,#19546));
#19548=FACE_OUTER_BOUND('',#19547,.F.);
#19549=ADVANCED_FACE('',(#19548),#19541,.T.);
#19550=CARTESIAN_POINT('',(-3.125E0,-4.45E-1,-8.649999999999E-1));
#19551=DIRECTION('',(0.E0,8.269265020696E-1,5.623100214072E-1));
#19552=DIRECTION('',(0.E0,-5.623100214072E-1,8.269265020696E-1));
#19553=AXIS2_PLACEMENT_3D('',#19550,#19551,#19552);
#19554=PLANE('',#19553);
#19555=ORIENTED_EDGE('',*,*,#15125,.F.);
#19557=ORIENTED_EDGE('',*,*,#19556,.T.);
#19558=ORIENTED_EDGE('',*,*,#15292,.T.);
#19559=ORIENTED_EDGE('',*,*,#19543,.F.);
#19560=EDGE_LOOP('',(#19555,#19557,#19558,#19559));
#19561=FACE_OUTER_BOUND('',#19560,.F.);
#19562=ADVANCED_FACE('',(#19561),#19554,.T.);
#19563=CARTESIAN_POINT('',(-3.125E0,-4.45E-1,-1.625E0));
#19564=DIRECTION('',(0.E0,1.E0,0.E0));
#19565=DIRECTION('',(0.E0,0.E0,1.E0));
#19566=AXIS2_PLACEMENT_3D('',#19563,#19564,#19565);
#19567=PLANE('',#19566);
#19568=ORIENTED_EDGE('',*,*,#14864,.T.);
#19569=ORIENTED_EDGE('',*,*,#15294,.T.);
#19570=ORIENTED_EDGE('',*,*,#19556,.F.);
#19571=ORIENTED_EDGE('',*,*,#15123,.F.);
#19572=EDGE_LOOP('',(#19568,#19569,#19570,#19571));
#19573=FACE_OUTER_BOUND('',#19572,.F.);
#19574=ADVANCED_FACE('',(#19573),#19567,.T.);
#19575=CARTESIAN_POINT('',(-3.125E0,4.65E-1,4.776630953573E-1));
#19576=DIRECTION('',(0.E0,-1.E0,0.E0));
#19577=DIRECTION('',(0.E0,0.E0,-1.E0));
#19578=AXIS2_PLACEMENT_3D('',#19575,#19576,#19577);
#19579=PLANE('',#19578);
#19580=ORIENTED_EDGE('',*,*,#14800,.F.);
#19581=ORIENTED_EDGE('',*,*,#15191,.F.);
#19583=ORIENTED_EDGE('',*,*,#19582,.T.);
#19584=ORIENTED_EDGE('',*,*,#15339,.T.);
#19585=EDGE_LOOP('',(#19580,#19581,#19583,#19584));
#19586=FACE_OUTER_BOUND('',#19585,.F.);
#19587=ADVANCED_FACE('',(#19586),#19579,.T.);
#19588=CARTESIAN_POINT('',(-3.125E0,6.5E-2,4.776630953573E-1));
#19589=DIRECTION('',(1.E0,0.E0,0.E0));
#19590=DIRECTION('',(0.E0,0.E0,-1.E0));
#19591=AXIS2_PLACEMENT_3D('',#19588,#19589,#19590);
#19592=CYLINDRICAL_SURFACE('',#19591,4.E-1);
#19593=ORIENTED_EDGE('',*,*,#15189,.F.);
#19595=ORIENTED_EDGE('',*,*,#19594,.T.);
#19596=ORIENTED_EDGE('',*,*,#15341,.T.);
#19597=ORIENTED_EDGE('',*,*,#19582,.F.);
#19598=EDGE_LOOP('',(#19593,#19595,#19596,#19597));
#19599=FACE_OUTER_BOUND('',#19598,.F.);
#19600=ADVANCED_FACE('',(#19599),#19592,.F.);
#19601=CARTESIAN_POINT('',(-3.125E0,2.369467188789E-1,8.925662552900E-1));
#19602=DIRECTION('',(0.E0,-7.610656224225E-1,-6.486748942010E-1));
#19603=DIRECTION('',(0.E0,6.486748942010E-1,-7.610656224225E-1));
#19604=AXIS2_PLACEMENT_3D('',#19601,#19602,#19603);
#19605=PLANE('',#19604);
#19606=ORIENTED_EDGE('',*,*,#15187,.F.);
#19608=ORIENTED_EDGE('',*,*,#19607,.T.);
#19609=ORIENTED_EDGE('',*,*,#15343,.T.);
#19610=ORIENTED_EDGE('',*,*,#19594,.F.);
#19611=EDGE_LOOP('',(#19606,#19608,#19609,#19610));
#19612=FACE_OUTER_BOUND('',#19611,.F.);
#19613=ADVANCED_FACE('',(#19612),#19605,.T.);
#19614=CARTESIAN_POINT('',(-3.125E0,2.75E-1,9.25E-1));
#19615=DIRECTION('',(1.E0,0.E0,0.E0));
#19616=DIRECTION('',(0.E0,0.E0,-1.E0));
#19617=AXIS2_PLACEMENT_3D('',#19614,#19615,#19616);
#19618=CYLINDRICAL_SURFACE('',#19617,5.E-2);
#19619=ORIENTED_EDGE('',*,*,#15185,.F.);
#19621=ORIENTED_EDGE('',*,*,#19620,.T.);
#19622=ORIENTED_EDGE('',*,*,#15345,.T.);
#19623=ORIENTED_EDGE('',*,*,#19607,.F.);
#19624=EDGE_LOOP('',(#19619,#19621,#19622,#19623));
#19625=FACE_OUTER_BOUND('',#19624,.F.);
#19626=ADVANCED_FACE('',(#19625),#19618,.T.);
#19627=CARTESIAN_POINT('',(-3.125E0,4.832351598288E-1,1.468656803976E0));
#19628=DIRECTION('',(0.E0,-8.996712436539E-1,4.365680397628E-1));
#19629=DIRECTION('',(0.E0,-4.365680397628E-1,-8.996712436539E-1));
#19630=AXIS2_PLACEMENT_3D('',#19627,#19628,#19629);
#19631=PLANE('',#19630);
#19632=ORIENTED_EDGE('',*,*,#14763,.T.);
#19633=ORIENTED_EDGE('',*,*,#15347,.T.);
#19634=ORIENTED_EDGE('',*,*,#19620,.F.);
#19635=ORIENTED_EDGE('',*,*,#15183,.F.);
#19636=EDGE_LOOP('',(#19632,#19633,#19634,#19635));
#19637=FACE_OUTER_BOUND('',#19636,.F.);
#19638=ADVANCED_FACE('',(#19637),#19631,.T.);
#19639=CARTESIAN_POINT('',(-1.625E0,-9.15E-1,1.455E0));
#19640=DIRECTION('',(1.E0,0.E0,0.E0));
#19641=DIRECTION('',(0.E0,0.E0,-1.E0));
#19642=AXIS2_PLACEMENT_3D('',#19639,#19640,#19641);
#19643=CYLINDRICAL_SURFACE('',#19642,1.E-1);
#19644=ORIENTED_EDGE('',*,*,#14987,.F.);
#19645=ORIENTED_EDGE('',*,*,#14188,.F.);
#19647=ORIENTED_EDGE('',*,*,#19646,.T.);
#19648=ORIENTED_EDGE('',*,*,#14343,.T.);
#19649=EDGE_LOOP('',(#19644,#19645,#19647,#19648));
#19650=FACE_OUTER_BOUND('',#19649,.F.);
#19651=ADVANCED_FACE('',(#19650),#19643,.T.);
#19652=CARTESIAN_POINT('',(-1.625E0,-4.825928125070E-1,9.514883077779E-1));
#19653=DIRECTION('',(0.E0,8.481437498598E-1,5.297661555572E-1));
#19654=DIRECTION('',(0.E0,-5.297661555572E-1,8.481437498598E-1));
#19655=AXIS2_PLACEMENT_3D('',#19652,#19653,#19654);
#19656=PLANE('',#19655);
#19657=ORIENTED_EDGE('',*,*,#14186,.F.);
#19659=ORIENTED_EDGE('',*,*,#19658,.T.);
#19660=ORIENTED_EDGE('',*,*,#14345,.T.);
#19661=ORIENTED_EDGE('',*,*,#19646,.F.);
#19662=EDGE_LOOP('',(#19657,#19659,#19660,#19661));
#19663=FACE_OUTER_BOUND('',#19662,.F.);
#19664=ADVANCED_FACE('',(#19663),#19656,.T.);
#19665=CARTESIAN_POINT('',(-1.625E0,-5.25E-1,9.25E-1));
#19666=DIRECTION('',(1.E0,0.E0,0.E0));
#19667=DIRECTION('',(0.E0,0.E0,-1.E0));
#19668=AXIS2_PLACEMENT_3D('',#19665,#19666,#19667);
#19669=CYLINDRICAL_SURFACE('',#19668,5.E-2);
#19670=ORIENTED_EDGE('',*,*,#14184,.F.);
#19672=ORIENTED_EDGE('',*,*,#19671,.T.);
#19673=ORIENTED_EDGE('',*,*,#14347,.T.);
#19674=ORIENTED_EDGE('',*,*,#19658,.F.);
#19675=EDGE_LOOP('',(#19670,#19672,#19673,#19674));
#19676=FACE_OUTER_BOUND('',#19675,.F.);
#19677=ADVANCED_FACE('',(#19676),#19669,.T.);
#19678=CARTESIAN_POINT('',(-1.625E0,-6.15E-1,6.25E-1));
#19679=DIRECTION('',(0.E0,8.996712436539E-1,-4.365680397627E-1));
#19680=DIRECTION('',(0.E0,4.365680397627E-1,8.996712436539E-1));
#19681=AXIS2_PLACEMENT_3D('',#19678,#19679,#19680);
#19682=PLANE('',#19681);
#19683=ORIENTED_EDGE('',*,*,#14182,.F.);
#19685=ORIENTED_EDGE('',*,*,#19684,.T.);
#19686=ORIENTED_EDGE('',*,*,#14349,.T.);
#19687=ORIENTED_EDGE('',*,*,#19671,.F.);
#19688=EDGE_LOOP('',(#19683,#19685,#19686,#19687));
#19689=FACE_OUTER_BOUND('',#19688,.F.);
#19690=ADVANCED_FACE('',(#19689),#19682,.T.);
#19691=CARTESIAN_POINT('',(-1.625E0,-6.15E-1,-6.149999999999E-1));
#19692=DIRECTION('',(0.E0,1.E0,0.E0));
#19693=DIRECTION('',(0.E0,0.E0,1.E0));
#19694=AXIS2_PLACEMENT_3D('',#19691,#19692,#19693);
#19695=PLANE('',#19694);
#19696=ORIENTED_EDGE('',*,*,#14180,.F.);
#19698=ORIENTED_EDGE('',*,*,#19697,.T.);
#19699=ORIENTED_EDGE('',*,*,#14351,.T.);
#19700=ORIENTED_EDGE('',*,*,#19684,.F.);
#19701=EDGE_LOOP('',(#19696,#19698,#19699,#19700));
#19702=FACE_OUTER_BOUND('',#19701,.F.);
#19703=ADVANCED_FACE('',(#19702),#19695,.T.);
#19704=CARTESIAN_POINT('',(-1.625E0,-4.45E-1,-8.649999999999E-1));
#19705=DIRECTION('',(0.E0,8.269265020696E-1,5.623100214072E-1));
#19706=DIRECTION('',(0.E0,-5.623100214072E-1,8.269265020696E-1));
#19707=AXIS2_PLACEMENT_3D('',#19704,#19705,#19706);
#19708=PLANE('',#19707);
#19709=ORIENTED_EDGE('',*,*,#14178,.F.);
#19711=ORIENTED_EDGE('',*,*,#19710,.T.);
#19712=ORIENTED_EDGE('',*,*,#14353,.T.);
#19713=ORIENTED_EDGE('',*,*,#19697,.F.);
#19714=EDGE_LOOP('',(#19709,#19711,#19712,#19713));
#19715=FACE_OUTER_BOUND('',#19714,.F.);
#19716=ADVANCED_FACE('',(#19715),#19708,.T.);
#19717=CARTESIAN_POINT('',(-1.625E0,-4.45E-1,-1.625E0));
#19718=DIRECTION('',(0.E0,1.E0,0.E0));
#19719=DIRECTION('',(0.E0,0.E0,1.E0));
#19720=AXIS2_PLACEMENT_3D('',#19717,#19718,#19719);
#19721=PLANE('',#19720);
#19722=ORIENTED_EDGE('',*,*,#14857,.T.);
#19723=ORIENTED_EDGE('',*,*,#14355,.T.);
#19724=ORIENTED_EDGE('',*,*,#19710,.F.);
#19725=ORIENTED_EDGE('',*,*,#14176,.F.);
#19726=EDGE_LOOP('',(#19722,#19723,#19724,#19725));
#19727=FACE_OUTER_BOUND('',#19726,.F.);
#19728=ADVANCED_FACE('',(#19727),#19721,.T.);
#19729=CARTESIAN_POINT('',(-1.625E0,4.65E-1,4.776630953573E-1));
#19730=DIRECTION('',(0.E0,-1.E0,0.E0));
#19731=DIRECTION('',(0.E0,0.E0,-1.E0));
#19732=AXIS2_PLACEMENT_3D('',#19729,#19730,#19731);
#19733=PLANE('',#19732);
#19734=ORIENTED_EDGE('',*,*,#14806,.F.);
#19735=ORIENTED_EDGE('',*,*,#14248,.F.);
#19737=ORIENTED_EDGE('',*,*,#19736,.T.);
#19738=ORIENTED_EDGE('',*,*,#14401,.T.);
#19739=EDGE_LOOP('',(#19734,#19735,#19737,#19738));
#19740=FACE_OUTER_BOUND('',#19739,.F.);
#19741=ADVANCED_FACE('',(#19740),#19733,.T.);
#19742=CARTESIAN_POINT('',(-1.625E0,6.5E-2,4.776630953573E-1));
#19743=DIRECTION('',(1.E0,0.E0,0.E0));
#19744=DIRECTION('',(0.E0,0.E0,-1.E0));
#19745=AXIS2_PLACEMENT_3D('',#19742,#19743,#19744);
#19746=CYLINDRICAL_SURFACE('',#19745,4.E-1);
#19747=ORIENTED_EDGE('',*,*,#14246,.F.);
#19749=ORIENTED_EDGE('',*,*,#19748,.T.);
#19750=ORIENTED_EDGE('',*,*,#14403,.T.);
#19751=ORIENTED_EDGE('',*,*,#19736,.F.);
#19752=EDGE_LOOP('',(#19747,#19749,#19750,#19751));
#19753=FACE_OUTER_BOUND('',#19752,.F.);
#19754=ADVANCED_FACE('',(#19753),#19746,.F.);
#19755=CARTESIAN_POINT('',(-1.625E0,2.369467188789E-1,8.925662552900E-1));
#19756=DIRECTION('',(0.E0,-7.610656224225E-1,-6.486748942010E-1));
#19757=DIRECTION('',(0.E0,6.486748942010E-1,-7.610656224225E-1));
#19758=AXIS2_PLACEMENT_3D('',#19755,#19756,#19757);
#19759=PLANE('',#19758);
#19760=ORIENTED_EDGE('',*,*,#14244,.F.);
#19762=ORIENTED_EDGE('',*,*,#19761,.T.);
#19763=ORIENTED_EDGE('',*,*,#14405,.T.);
#19764=ORIENTED_EDGE('',*,*,#19748,.F.);
#19765=EDGE_LOOP('',(#19760,#19762,#19763,#19764));
#19766=FACE_OUTER_BOUND('',#19765,.F.);
#19767=ADVANCED_FACE('',(#19766),#19759,.T.);
#19768=CARTESIAN_POINT('',(-1.625E0,2.75E-1,9.25E-1));
#19769=DIRECTION('',(1.E0,0.E0,0.E0));
#19770=DIRECTION('',(0.E0,0.E0,-1.E0));
#19771=AXIS2_PLACEMENT_3D('',#19768,#19769,#19770);
#19772=CYLINDRICAL_SURFACE('',#19771,5.E-2);
#19773=ORIENTED_EDGE('',*,*,#14242,.F.);
#19775=ORIENTED_EDGE('',*,*,#19774,.T.);
#19776=ORIENTED_EDGE('',*,*,#14407,.T.);
#19777=ORIENTED_EDGE('',*,*,#19761,.F.);
#19778=EDGE_LOOP('',(#19773,#19775,#19776,#19777));
#19779=FACE_OUTER_BOUND('',#19778,.F.);
#19780=ADVANCED_FACE('',(#19779),#19772,.T.);
#19781=CARTESIAN_POINT('',(-1.625E0,4.832351598288E-1,1.468656803976E0));
#19782=DIRECTION('',(0.E0,-8.996712436539E-1,4.365680397628E-1));
#19783=DIRECTION('',(0.E0,-4.365680397628E-1,-8.996712436539E-1));
#19784=AXIS2_PLACEMENT_3D('',#19781,#19782,#19783);
#19785=PLANE('',#19784);
#19786=ORIENTED_EDGE('',*,*,#14756,.T.);
#19787=ORIENTED_EDGE('',*,*,#14409,.T.);
#19788=ORIENTED_EDGE('',*,*,#19774,.F.);
#19789=ORIENTED_EDGE('',*,*,#14240,.F.);
#19790=EDGE_LOOP('',(#19786,#19787,#19788,#19789));
#19791=FACE_OUTER_BOUND('',#19790,.F.);
#19792=ADVANCED_FACE('',(#19791),#19785,.T.);
#19793=CARTESIAN_POINT('',(-3.6E0,-3.525E0,4.375E0));
#19794=DIRECTION('',(0.E0,1.E0,0.E0));
#19795=DIRECTION('',(-1.E0,0.E0,0.E0));
#19796=AXIS2_PLACEMENT_3D('',#19793,#19794,#19795);
#19797=PLANE('',#19796);
#19799=ORIENTED_EDGE('',*,*,#19798,.T.);
#19800=ORIENTED_EDGE('',*,*,#9897,.F.);
#19801=ORIENTED_EDGE('',*,*,#14643,.T.);
#19803=ORIENTED_EDGE('',*,*,#19802,.F.);
#19804=ORIENTED_EDGE('',*,*,#10164,.T.);
#19805=EDGE_LOOP('',(#19799,#19800,#19801,#19803,#19804));
#19806=FACE_OUTER_BOUND('',#19805,.F.);
#19807=ADVANCED_FACE('',(#19806),#19797,.T.);
#19808=CARTESIAN_POINT('',(-3.9E0,-3.525E0,4.375E0));
#19809=DIRECTION('',(-1.E0,0.E0,0.E0));
#19810=DIRECTION('',(0.E0,-1.E0,0.E0));
#19811=AXIS2_PLACEMENT_3D('',#19808,#19809,#19810);
#19812=PLANE('',#19811);
#19813=ORIENTED_EDGE('',*,*,#10063,.T.);
#19814=ORIENTED_EDGE('',*,*,#9899,.F.);
#19815=ORIENTED_EDGE('',*,*,#19798,.F.);
#19816=ORIENTED_EDGE('',*,*,#10162,.F.);
#19817=EDGE_LOOP('',(#19813,#19814,#19815,#19816));
#19818=FACE_OUTER_BOUND('',#19817,.F.);
#19819=ADVANCED_FACE('',(#19818),#19812,.T.);
#19820=CARTESIAN_POINT('',(-3.6E0,-3.585E0,4.375E0));
#19821=DIRECTION('',(1.E0,0.E0,0.E0));
#19822=DIRECTION('',(0.E0,1.E0,0.E0));
#19823=AXIS2_PLACEMENT_3D('',#19820,#19821,#19822);
#19824=PLANE('',#19823);
#19825=ORIENTED_EDGE('',*,*,#10075,.F.);
#19826=ORIENTED_EDGE('',*,*,#10166,.T.);
#19827=ORIENTED_EDGE('',*,*,#19802,.T.);
#19828=ORIENTED_EDGE('',*,*,#14102,.F.);
#19829=EDGE_LOOP('',(#19825,#19826,#19827,#19828));
#19830=FACE_OUTER_BOUND('',#19829,.F.);
#19831=ADVANCED_FACE('',(#19830),#19824,.T.);
#19832=CARTESIAN_POINT('',(3.6E0,-3.525E0,4.375E0));
#19833=DIRECTION('',(-1.E0,0.E0,0.E0));
#19834=DIRECTION('',(0.E0,-1.E0,0.E0));
#19835=AXIS2_PLACEMENT_3D('',#19832,#19833,#19834);
#19836=PLANE('',#19835);
#19837=ORIENTED_EDGE('',*,*,#10119,.T.);
#19838=ORIENTED_EDGE('',*,*,#14117,.T.);
#19839=ORIENTED_EDGE('',*,*,#10032,.F.);
#19840=ORIENTED_EDGE('',*,*,#10188,.F.);
#19841=EDGE_LOOP('',(#19837,#19838,#19839,#19840));
#19842=FACE_OUTER_BOUND('',#19841,.F.);
#19843=ADVANCED_FACE('',(#19842),#19836,.T.);
#19844=CARTESIAN_POINT('',(3.5E0,4.575E0,-2.425E0));
#19845=DIRECTION('',(1.E0,0.E0,0.E0));
#19846=DIRECTION('',(0.E0,0.E0,-1.E0));
#19847=AXIS2_PLACEMENT_3D('',#19844,#19845,#19846);
#19848=PLANE('',#19847);
#19849=ORIENTED_EDGE('',*,*,#9766,.T.);
#19851=ORIENTED_EDGE('',*,*,#19850,.T.);
#19853=ORIENTED_EDGE('',*,*,#19852,.T.);
#19854=ORIENTED_EDGE('',*,*,#10579,.F.);
#19855=EDGE_LOOP('',(#19849,#19851,#19853,#19854));
#19856=FACE_OUTER_BOUND('',#19855,.F.);
#19857=ADVANCED_FACE('',(#19856),#19848,.F.);
#19858=CARTESIAN_POINT('',(-3.5E0,4.575E0,-2.425E0));
#19859=DIRECTION('',(0.E0,0.E0,1.E0));
#19860=DIRECTION('',(1.E0,0.E0,0.E0));
#19861=AXIS2_PLACEMENT_3D('',#19858,#19859,#19860);
#19862=PLANE('',#19861);
#19863=ORIENTED_EDGE('',*,*,#9764,.F.);
#19865=ORIENTED_EDGE('',*,*,#19864,.T.);
#19867=ORIENTED_EDGE('',*,*,#19866,.T.);
#19868=ORIENTED_EDGE('',*,*,#19850,.F.);
#19869=EDGE_LOOP('',(#19863,#19865,#19867,#19868));
#19870=FACE_OUTER_BOUND('',#19869,.F.);
#19871=ADVANCED_FACE('',(#19870),#19862,.F.);
#19872=CARTESIAN_POINT('',(-3.5E0,4.575E0,-4.375E0));
#19873=DIRECTION('',(-1.E0,0.E0,0.E0));
#19874=DIRECTION('',(0.E0,0.E0,1.E0));
#19875=AXIS2_PLACEMENT_3D('',#19872,#19873,#19874);
#19876=PLANE('',#19875);
#19877=ORIENTED_EDGE('',*,*,#9762,.F.);
#19878=ORIENTED_EDGE('',*,*,#10583,.T.);
#19880=ORIENTED_EDGE('',*,*,#19879,.T.);
#19881=ORIENTED_EDGE('',*,*,#19864,.F.);
#19882=EDGE_LOOP('',(#19877,#19878,#19880,#19881));
#19883=FACE_OUTER_BOUND('',#19882,.F.);
#19884=ADVANCED_FACE('',(#19883),#19876,.F.);
#19885=CARTESIAN_POINT('',(0.E0,4.325E0,-4.375E0));
#19886=DIRECTION('',(0.E0,1.E0,0.E0));
#19887=DIRECTION('',(0.E0,0.E0,-1.E0));
#19888=AXIS2_PLACEMENT_3D('',#19885,#19886,#19887);
#19889=PLANE('',#19888);
#19890=ORIENTED_EDGE('',*,*,#19879,.F.);
#19891=ORIENTED_EDGE('',*,*,#10581,.F.);
#19892=ORIENTED_EDGE('',*,*,#19852,.F.);
#19893=ORIENTED_EDGE('',*,*,#19866,.F.);
#19894=EDGE_LOOP('',(#19890,#19891,#19892,#19893));
#19895=FACE_OUTER_BOUND('',#19894,.F.);
#19896=ADVANCED_FACE('',(#19895),#19889,.T.);
#19897=CARTESIAN_POINT('',(-3.95E0,3.875E0,-4.375E0));
#19898=DIRECTION('',(-1.E0,0.E0,0.E0));
#19899=DIRECTION('',(0.E0,1.E0,0.E0));
#19900=AXIS2_PLACEMENT_3D('',#19897,#19898,#19899);
#19901=PLANE('',#19900);
#19902=ORIENTED_EDGE('',*,*,#9712,.T.);
#19904=ORIENTED_EDGE('',*,*,#19903,.T.);
#19905=ORIENTED_EDGE('',*,*,#10586,.T.);
#19906=ORIENTED_EDGE('',*,*,#9796,.F.);
#19907=EDGE_LOOP('',(#19902,#19904,#19905,#19906));
#19908=FACE_OUTER_BOUND('',#19907,.F.);
#19909=ADVANCED_FACE('',(#19908),#19901,.F.);
#19910=CARTESIAN_POINT('',(-5.E0,3.875E0,-4.375E0));
#19911=DIRECTION('',(0.E0,1.E0,0.E0));
#19912=DIRECTION('',(1.E0,0.E0,0.E0));
#19913=AXIS2_PLACEMENT_3D('',#19910,#19911,#19912);
#19914=PLANE('',#19913);
#19915=ORIENTED_EDGE('',*,*,#9710,.F.);
#19916=ORIENTED_EDGE('',*,*,#10422,.T.);
#19917=ORIENTED_EDGE('',*,*,#10588,.T.);
#19918=ORIENTED_EDGE('',*,*,#19903,.F.);
#19919=EDGE_LOOP('',(#19915,#19916,#19917,#19918));
#19920=FACE_OUTER_BOUND('',#19919,.F.);
#19921=ADVANCED_FACE('',(#19920),#19914,.F.);
#19922=CLOSED_SHELL('',(#9700,#9716,#9736,#9756,#9816,#9841,#9856,#9871,#9885,
#9951,#9966,#9980,#10022,#10038,#10052,#10067,#10135,#10149,#10173,#10195,
#10222,#10249,#10263,#10278,#10299,#10314,#10329,#10343,#10356,#10371,#10387,
#10400,#10414,#10432,#10454,#10512,#10552,#10612,#10664,#10678,#10693,#10707,
#10722,#10737,#10752,#10789,#10804,#10818,#10835,#10849,#10863,#10884,#10901,
#10915,#10931,#10944,#10969,#10984,#11051,#11067,#11081,#11098,#11111,#11124,
#11144,#11161,#11182,#11239,#11276,#11294,#11308,#11325,#11348,#11383,#11397,
#11413,#11426,#11442,#11454,#11467,#11480,#11495,#11507,#11522,#11534,#11548,
#11572,#11596,#11609,#11622,#11643,#11658,#11672,#11688,#11702,#11716,#11730,
#11744,#11758,#11772,#11786,#11799,#11814,#11869,#11882,#11895,#11908,#11921,
#11934,#11947,#11960,#11973,#11986,#11999,#12012,#12025,#12040,#12058,#12081,
#12093,#12106,#12119,#12132,#12144,#12156,#12169,#12182,#12194,#12207,#12220,
#12233,#12245,#12258,#12270,#12283,#12297,#12320,#12368,#12383,#12405,#12426,
#12446,#12459,#12474,#12486,#12498,#12511,#12523,#12536,#12549,#12562,#12577,
#12589,#12601,#12615,#12627,#12642,#12659,#12673,#12690,#12711,#12725,#12738,
#12751,#12764,#12776,#12789,#12803,#12817,#12836,#12850,#12863,#12876,#12897,
#12911,#12925,#12938,#12951,#12963,#12977,#12990,#13003,#13015,#13029,#13042,
#13054,#13067,#13083,#13097,#13112,#13124,#13136,#13150,#13163,#13177,#13190,
#13203,#13216,#13229,#13242,#13255,#13268,#13282,#13295,#13313,#13328,#13341,
#13354,#13367,#13380,#13393,#13406,#13419,#13432,#13445,#13458,#13470,#13483,
#13496,#13508,#13523,#13546,#13571,#13591,#13608,#13621,#13634,#13647,#13660,
#13672,#13685,#13697,#13710,#13723,#13736,#13748,#13761,#13775,#13829,#13856,
#13878,#13906,#13940,#13962,#13981,#14035,#14049,#14063,#14077,#14090,#14106,
#14121,#14146,#14168,#14196,#14230,#14252,#14271,#14285,#14309,#14331,#14359,
#14393,#14415,#14434,#14447,#14460,#14473,#14486,#14499,#14511,#14564,#14578,
#14595,#14609,#14648,#14661,#14676,#14689,#14706,#14720,#14771,#14784,#14831,
#14881,#14895,#14909,#14924,#14938,#14954,#14970,#15017,#15030,#15046,#15058,
#15070,#15095,#15116,#15141,#15175,#15195,#15214,#15228,#15252,#15273,#15298,
#15332,#15352,#15371,#15384,#15397,#15410,#15423,#15436,#15448,#15462,#15475,
#15488,#15501,#15513,#15556,#15569,#15582,#15595,#15608,#15620,#15645,#15665,
#15690,#15724,#15744,#15763,#15777,#15801,#15821,#15846,#15880,#15900,#15919,
#15932,#15945,#15958,#15971,#15984,#15996,#16009,#16022,#16035,#16048,#16060,
#16073,#16086,#16099,#16112,#16125,#16138,#16150,#16234,#16247,#16260,#16273,
#16286,#16299,#16312,#16325,#16338,#16351,#16364,#16377,#16389,#16402,#16415,
#16428,#16441,#16454,#16467,#16480,#16493,#16506,#16519,#16532,#16544,#16557,
#16570,#16583,#16596,#16609,#16622,#16635,#16648,#16661,#16674,#16687,#16699,
#16724,#16744,#16769,#16802,#16822,#16840,#16854,#16878,#16898,#16923,#16956,
#16976,#16994,#17007,#17020,#17033,#17046,#17059,#17071,#17084,#17097,#17110,
#17123,#17135,#17148,#17161,#17174,#17187,#17200,#17213,#17225,#17238,#17251,
#17264,#17277,#17290,#17303,#17316,#17329,#17342,#17355,#17368,#17380,#17393,
#17406,#17419,#17432,#17444,#17473,#17498,#17527,#17551,#17564,#17577,#17590,
#17603,#17616,#17628,#17641,#17654,#17666,#17679,#17692,#17704,#17716,#17730,
#17744,#17758,#17772,#17786,#17800,#17814,#17828,#17842,#17856,#17870,#17883,
#17908,#17928,#17953,#17974,#17994,#18012,#18025,#18038,#18051,#18064,#18077,
#18090,#18102,#18115,#18128,#18141,#18154,#18166,#18179,#18192,#18205,#18218,
#18231,#18244,#18256,#18269,#18282,#18295,#18308,#18320,#18349,#18374,#18403,
#18427,#18440,#18453,#18466,#18479,#18492,#18504,#18517,#18530,#18542,#18555,
#18568,#18580,#18592,#18605,#18634,#18659,#18687,#18711,#18724,#18737,#18750,
#18763,#18776,#18788,#18801,#18814,#18826,#18839,#18852,#18864,#18877,#18906,
#18931,#18959,#18983,#18996,#19009,#19022,#19035,#19048,#19060,#19073,#19086,
#19098,#19111,#19124,#19136,#19149,#19178,#19203,#19231,#19255,#19268,#19281,
#19294,#19307,#19320,#19332,#19345,#19358,#19370,#19383,#19396,#19408,#19420,
#19433,#19446,#19459,#19472,#19484,#19497,#19510,#19523,#19536,#19549,#19562,
#19574,#19587,#19600,#19613,#19626,#19638,#19651,#19664,#19677,#19690,#19703,
#19716,#19728,#19741,#19754,#19767,#19780,#19792,#19807,#19819,#19831,#19843,
#19857,#19871,#19884,#19896,#19909,#19921));
#19923=MANIFOLD_SOLID_BREP('',#19922);
#19924=CARTESIAN_POINT('',(0.E0,0.E0,0.E0));
#19925=DIRECTION('',(0.E0,0.E0,1.E0));
#19926=DIRECTION('',(1.E0,0.E0,0.E0));
#19927=AXIS2_PLACEMENT_3D('CSYS',#19924,#19925,#19926);
#19928=DIRECTION('',(0.E0,0.E0,1.E0));
#19929=VECTOR('',#19928,4.65E0);
#19930=CARTESIAN_POINT('',(-4.63E0,-4.575E0,-1.475E0));
#19931=LINE('',#19930,#19929);
#19934=DIRECTION('',(-1.E0,0.E0,0.E0));
#19935=VECTOR('',#19934,1.2E0);
#19936=CARTESIAN_POINT('',(-4.63E0,-4.575E0,3.175E0));
#19937=LINE('',#19936,#19935);
#19940=DIRECTION('',(0.E0,0.E0,-1.E0));
#19941=VECTOR('',#19940,4.65E0);
#19942=CARTESIAN_POINT('',(-5.83E0,-4.575E0,3.175E0));
#19943=LINE('',#19942,#19941);
#19946=DIRECTION('',(1.E0,0.E0,0.E0));
#19947=VECTOR('',#19946,1.2E0);
#19948=CARTESIAN_POINT('',(-5.83E0,-4.575E0,-1.475E0));
#19949=LINE('',#19948,#19947);
#19954=DIRECTION('',(1.E0,0.E0,0.E0));
#19955=VECTOR('',#19954,1.2E0);
#19956=CARTESIAN_POINT('',(4.63E0,-4.575E0,-1.475E0));
#19957=LINE('',#19956,#19955);
#19960=DIRECTION('',(0.E0,0.E0,1.E0));
#19961=VECTOR('',#19960,4.65E0);
#19962=CARTESIAN_POINT('',(5.83E0,-4.575E0,-1.475E0));
#19963=LINE('',#19962,#19961);
#19966=DIRECTION('',(-1.E0,0.E0,0.E0));
#19967=VECTOR('',#19966,1.2E0);
#19968=CARTESIAN_POINT('',(5.83E0,-4.575E0,3.175E0));
#19969=LINE('',#19968,#19967);
#19972=DIRECTION('',(0.E0,0.E0,-1.E0));
#19973=VECTOR('',#19972,4.65E0);
#19974=CARTESIAN_POINT('',(4.63E0,-4.575E0,3.175E0));
#19975=LINE('',#19974,#19973);
#19979=DIRECTION('',(0.E0,0.E0,1.E0));
#19980=VECTOR('',#19979,2.7E0);
#19981=CARTESIAN_POINT('',(-2.725E0,-4.575E0,-5.675E0));
#19982=LINE('',#19981,#19980);
#19985=DIRECTION('',(-1.E0,0.E0,0.E0));
#19986=VECTOR('',#19985,5.5E-1);
#19987=CARTESIAN_POINT('',(-2.725E0,-4.575E0,-2.975E0));
#19988=LINE('',#19987,#19986);
#19991=DIRECTION('',(0.E0,0.E0,-1.E0));
#19992=VECTOR('',#19991,2.7E0);
#19993=CARTESIAN_POINT('',(-3.275E0,-4.575E0,-2.975E0));
#19994=LINE('',#19993,#19992);
#19997=DIRECTION('',(1.E0,0.E0,0.E0));
#19998=VECTOR('',#19997,5.5E-1);
#19999=CARTESIAN_POINT('',(-3.275E0,-4.575E0,-5.675E0));
#20000=LINE('',#19999,#19998);
#20004=DIRECTION('',(0.E0,0.E0,1.E0));
#20005=VECTOR('',#20004,2.7E0);
#20006=CARTESIAN_POINT('',(-3.475E0,-4.575E0,-5.675E0));
#20007=LINE('',#20006,#20005);
#20010=DIRECTION('',(-1.E0,0.E0,0.E0));
#20011=VECTOR('',#20010,5.5E-1);
#20012=CARTESIAN_POINT('',(-3.475E0,-4.575E0,-2.975E0));
#20013=LINE('',#20012,#20011);
#20016=DIRECTION('',(0.E0,0.E0,-1.E0));
#20017=VECTOR('',#20016,2.7E0);
#20018=CARTESIAN_POINT('',(-4.025E0,-4.575E0,-2.975E0));
#20019=LINE('',#20018,#20017);
#20022=DIRECTION('',(1.E0,0.E0,0.E0));
#20023=VECTOR('',#20022,5.5E-1);
#20024=CARTESIAN_POINT('',(-4.025E0,-4.575E0,-5.675E0));
#20025=LINE('',#20024,#20023);
#20029=DIRECTION('',(0.E0,0.E0,1.E0));
#20030=VECTOR('',#20029,2.7E0);
#20031=CARTESIAN_POINT('',(-1.225E0,-4.575E0,-5.675E0));
#20032=LINE('',#20031,#20030);
#20035=DIRECTION('',(-1.E0,0.E0,0.E0));
#20036=VECTOR('',#20035,5.5E-1);
#20037=CARTESIAN_POINT('',(-1.225E0,-4.575E0,-2.975E0));
#20038=LINE('',#20037,#20036);
#20041=DIRECTION('',(0.E0,0.E0,-1.E0));
#20042=VECTOR('',#20041,2.7E0);
#20043=CARTESIAN_POINT('',(-1.775E0,-4.575E0,-2.975E0));
#20044=LINE('',#20043,#20042);
#20047=DIRECTION('',(1.E0,0.E0,0.E0));
#20048=VECTOR('',#20047,5.5E-1);
#20049=CARTESIAN_POINT('',(-1.775E0,-4.575E0,-5.675E0));
#20050=LINE('',#20049,#20048);
#20054=DIRECTION('',(0.E0,0.E0,1.E0));
#20055=VECTOR('',#20054,2.7E0);
#20056=CARTESIAN_POINT('',(-1.975E0,-4.575E0,-5.675E0));
#20057=LINE('',#20056,#20055);
#20060=DIRECTION('',(-1.E0,0.E0,0.E0));
#20061=VECTOR('',#20060,5.5E-1);
#20062=CARTESIAN_POINT('',(-1.975E0,-4.575E0,-2.975E0));
#20063=LINE('',#20062,#20061);
#20066=DIRECTION('',(0.E0,0.E0,-1.E0));
#20067=VECTOR('',#20066,2.7E0);
#20068=CARTESIAN_POINT('',(-2.525E0,-4.575E0,-2.975E0));
#20069=LINE('',#20068,#20067);
#20072=DIRECTION('',(1.E0,0.E0,0.E0));
#20073=VECTOR('',#20072,5.5E-1);
#20074=CARTESIAN_POINT('',(-2.525E0,-4.575E0,-5.675E0));
#20075=LINE('',#20074,#20073);
#20079=DIRECTION('',(0.E0,0.E0,1.E0));
#20080=VECTOR('',#20079,2.7E0);
#20081=CARTESIAN_POINT('',(2.75E-1,-4.575E0,-5.675E0));
#20082=LINE('',#20081,#20080);
#20085=DIRECTION('',(-1.E0,0.E0,0.E0));
#20086=VECTOR('',#20085,5.5E-1);
#20087=CARTESIAN_POINT('',(2.75E-1,-4.575E0,-2.975E0));
#20088=LINE('',#20087,#20086);
#20091=DIRECTION('',(0.E0,0.E0,-1.E0));
#20092=VECTOR('',#20091,2.7E0);
#20093=CARTESIAN_POINT('',(-2.75E-1,-4.575E0,-2.975E0));
#20094=LINE('',#20093,#20092);
#20097=DIRECTION('',(1.E0,0.E0,0.E0));
#20098=VECTOR('',#20097,5.5E-1);
#20099=CARTESIAN_POINT('',(-2.75E-1,-4.575E0,-5.675E0));
#20100=LINE('',#20099,#20098);
#20104=DIRECTION('',(0.E0,0.E0,1.E0));
#20105=VECTOR('',#20104,2.7E0);
#20106=CARTESIAN_POINT('',(-4.75E-1,-4.575E0,-5.675E0));
#20107=LINE('',#20106,#20105);
#20110=DIRECTION('',(-1.E0,0.E0,0.E0));
#20111=VECTOR('',#20110,5.5E-1);
#20112=CARTESIAN_POINT('',(-4.75E-1,-4.575E0,-2.975E0));
#20113=LINE('',#20112,#20111);
#20116=DIRECTION('',(0.E0,0.E0,-1.E0));
#20117=VECTOR('',#20116,2.7E0);
#20118=CARTESIAN_POINT('',(-1.025E0,-4.575E0,-2.975E0));
#20119=LINE('',#20118,#20117);
#20122=DIRECTION('',(1.E0,0.E0,0.E0));
#20123=VECTOR('',#20122,5.5E-1);
#20124=CARTESIAN_POINT('',(-1.025E0,-4.575E0,-5.675E0));
#20125=LINE('',#20124,#20123);
#20129=DIRECTION('',(0.E0,0.E0,1.E0));
#20130=VECTOR('',#20129,2.7E0);
#20131=CARTESIAN_POINT('',(1.775E0,-4.575E0,-5.675E0));
#20132=LINE('',#20131,#20130);
#20135=DIRECTION('',(-1.E0,0.E0,0.E0));
#20136=VECTOR('',#20135,5.5E-1);
#20137=CARTESIAN_POINT('',(1.775E0,-4.575E0,-2.975E0));
#20138=LINE('',#20137,#20136);
#20141=DIRECTION('',(0.E0,0.E0,-1.E0));
#20142=VECTOR('',#20141,2.7E0);
#20143=CARTESIAN_POINT('',(1.225E0,-4.575E0,-2.975E0));
#20144=LINE('',#20143,#20142);
#20147=DIRECTION('',(1.E0,0.E0,0.E0));
#20148=VECTOR('',#20147,5.5E-1);
#20149=CARTESIAN_POINT('',(1.225E0,-4.575E0,-5.675E0));
#20150=LINE('',#20149,#20148);
#20154=DIRECTION('',(0.E0,0.E0,1.E0));
#20155=VECTOR('',#20154,2.7E0);
#20156=CARTESIAN_POINT('',(1.025E0,-4.575E0,-5.675E0));
#20157=LINE('',#20156,#20155);
#20160=DIRECTION('',(-1.E0,0.E0,0.E0));
#20161=VECTOR('',#20160,5.5E-1);
#20162=CARTESIAN_POINT('',(1.025E0,-4.575E0,-2.975E0));
#20163=LINE('',#20162,#20161);
#20166=DIRECTION('',(0.E0,0.E0,-1.E0));
#20167=VECTOR('',#20166,2.7E0);
#20168=CARTESIAN_POINT('',(4.75E-1,-4.575E0,-2.975E0));
#20169=LINE('',#20168,#20167);
#20172=DIRECTION('',(1.E0,0.E0,0.E0));
#20173=VECTOR('',#20172,5.5E-1);
#20174=CARTESIAN_POINT('',(4.75E-1,-4.575E0,-5.675E0));
#20175=LINE('',#20174,#20173);
#20179=DIRECTION('',(0.E0,0.E0,1.E0));
#20180=VECTOR('',#20179,2.7E0);
#20181=CARTESIAN_POINT('',(3.275E0,-4.575E0,-5.675E0));
#20182=LINE('',#20181,#20180);
#20185=DIRECTION('',(-1.E0,0.E0,0.E0));
#20186=VECTOR('',#20185,5.5E-1);
#20187=CARTESIAN_POINT('',(3.275E0,-4.575E0,-2.975E0));
#20188=LINE('',#20187,#20186);
#20191=DIRECTION('',(0.E0,0.E0,-1.E0));
#20192=VECTOR('',#20191,2.7E0);
#20193=CARTESIAN_POINT('',(2.725E0,-4.575E0,-2.975E0));
#20194=LINE('',#20193,#20192);
#20197=DIRECTION('',(1.E0,0.E0,0.E0));
#20198=VECTOR('',#20197,5.5E-1);
#20199=CARTESIAN_POINT('',(2.725E0,-4.575E0,-5.675E0));
#20200=LINE('',#20199,#20198);
#20204=DIRECTION('',(0.E0,0.E0,1.E0));
#20205=VECTOR('',#20204,2.7E0);
#20206=CARTESIAN_POINT('',(2.525E0,-4.575E0,-5.675E0));
#20207=LINE('',#20206,#20205);
#20210=DIRECTION('',(-1.E0,0.E0,0.E0));
#20211=VECTOR('',#20210,5.5E-1);
#20212=CARTESIAN_POINT('',(2.525E0,-4.575E0,-2.975E0));
#20213=LINE('',#20212,#20211);
#20216=DIRECTION('',(0.E0,0.E0,-1.E0));
#20217=VECTOR('',#20216,2.7E0);
#20218=CARTESIAN_POINT('',(1.975E0,-4.575E0,-2.975E0));
#20219=LINE('',#20218,#20217);
#20222=DIRECTION('',(1.E0,0.E0,0.E0));
#20223=VECTOR('',#20222,5.5E-1);
#20224=CARTESIAN_POINT('',(1.975E0,-4.575E0,-5.675E0));
#20225=LINE('',#20224,#20223);
#20230=DIMENSIONAL_EXPONENTS(0.E0,0.E0,0.E0,0.E0,0.E0,0.E0,0.E0);
#20232=PLANE_ANGLE_MEASURE_WITH_UNIT(PLANE_ANGLE_MEASURE(1.745329251994E-2),
#20231);
#20233=(CONVERSION_BASED_UNIT('DEGREE',#20232)NAMED_UNIT(*)PLANE_ANGLE_UNIT());
#20235=UNCERTAINTY_MEASURE_WITH_UNIT(LENGTH_MEASURE(1.802377623917E-3),#20229,
'closure',
'Maximum model space distance between geometric entities at asserted connectivities');
#20236=(GEOMETRIC_REPRESENTATION_CONTEXT(3)GLOBAL_UNCERTAINTY_ASSIGNED_CONTEXT((
#20235))GLOBAL_UNIT_ASSIGNED_CONTEXT((#20229,#20233,#20234))REPRESENTATION_CONTEXT('ID1','3'));
#19953=GEOMETRIC_SET('',(#19952,#19978,#20003,#20028,#20053,#20078,#20103,
#20128,#20153,#20178,#20203,#20228));
#20240=SHAPE_REPRESENTATION_RELATIONSHIP('','',#20239,#20237);
#20241=SHAPE_REPRESENTATION_RELATIONSHIP('','',#20239,#20238);
#20242=APPLICATION_CONTEXT(
'CONFIGURATION CONTROLLED 3D DESIGNS OF MECHANICAL PARTS AND ASSEMBLIES');
#20243=APPLICATION_PROTOCOL_DEFINITION('international standard',
'config_control_design',1994,#20242);
#20244=DESIGN_CONTEXT('',#20242,'design');
#20245=MECHANICAL_CONTEXT('',#20242,'mechanical');
#20246=PRODUCT('2132281010','2132281010','NOT SPECIFIED',(#20245));
#20247=PRODUCT_DEFINITION_FORMATION_WITH_SPECIFIED_SOURCE('4','LAST_VERSION',
#20246,.MADE.);
#20251=PRODUCT_CATEGORY('part','');
#20252=PRODUCT_RELATED_PRODUCT_CATEGORY('detail','',(#20246));
#20253=PRODUCT_CATEGORY_RELATIONSHIP('','',#20251,#20252);
#20254=SECURITY_CLASSIFICATION_LEVEL('unclassified');
#20255=SECURITY_CLASSIFICATION('','',#20254);
#20256=CC_DESIGN_SECURITY_CLASSIFICATION(#20255,(#20247));
#20257=APPROVAL_STATUS('approved');
#20258=APPROVAL(#20257,'');
#20259=CC_DESIGN_APPROVAL(#20258,(#20255,#20247,#20248));
#20260=CALENDAR_DATE(120,18,2);
#20261=COORDINATED_UNIVERSAL_TIME_OFFSET(5,30,.AHEAD.);
#20262=LOCAL_TIME(12,48,2.3E1,#20261);
#20263=DATE_AND_TIME(#20260,#20262);
#20264=APPROVAL_DATE_TIME(#20263,#20258);
#20265=DATE_TIME_ROLE('creation_date');
#20266=CC_DESIGN_DATE_AND_TIME_ASSIGNMENT(#20263,#20265,(#20248));
#20267=DATE_TIME_ROLE('classification_date');
#20268=CC_DESIGN_DATE_AND_TIME_ASSIGNMENT(#20263,#20267,(#20255));
#20269=PERSON('UNSPECIFIED','UNSPECIFIED',$,$,$,$);
#20270=ORGANIZATION('UNSPECIFIED','UNSPECIFIED','UNSPECIFIED');
#20271=PERSON_AND_ORGANIZATION(#20269,#20270);
#20272=APPROVAL_ROLE('approver');
#20273=APPROVAL_PERSON_ORGANIZATION(#20271,#20258,#20272);
#20274=PERSON_AND_ORGANIZATION_ROLE('creator');
#20275=CC_DESIGN_PERSON_AND_ORGANIZATION_ASSIGNMENT(#20271,#20274,(#20247,
#20248));
#20276=PERSON_AND_ORGANIZATION_ROLE('design_supplier');
#20277=CC_DESIGN_PERSON_AND_ORGANIZATION_ASSIGNMENT(#20271,#20276,(#20247));
#20278=PERSON_AND_ORGANIZATION_ROLE('classification_officer');
#20279=CC_DESIGN_PERSON_AND_ORGANIZATION_ASSIGNMENT(#20271,#20278,(#20255));
#20280=PERSON_AND_ORGANIZATION_ROLE('design_owner');
#20281=CC_DESIGN_PERSON_AND_ORGANIZATION_ASSIGNMENT(#20271,#20280,(#20246));
#81=CIRCLE('',#80,2.5E-1);
#90=CIRCLE('',#89,2.5E-1);
#315=CIRCLE('',#314,2.E-1);
#684=CIRCLE('',#683,1.E-1);
#1241=CIRCLE('',#1240,1.E-1);
#1418=CIRCLE('',#1417,1.E-1);
#1819=CIRCLE('',#1818,1.E-1);
#2248=CIRCLE('',#2247,5.E-1);
#2277=CIRCLE('',#2276,5.E-1);
#2314=CIRCLE('',#2313,5.E-1);
#2359=CIRCLE('',#2358,5.E-1);
#2480=CIRCLE('',#2479,2.5E-1);
#2489=CIRCLE('',#2488,2.5E-1);
#2986=CIRCLE('',#2985,5.E-2);
#2995=CIRCLE('',#2994,1.E-1);
#3008=CIRCLE('',#3007,5.E-2);
#3017=CIRCLE('',#3016,4.E-1);
#3038=CIRCLE('',#3037,5.E-2);
#3047=CIRCLE('',#3046,1.E-1);
#3052=CIRCLE('',#3051,1.E-1);
#3105=CIRCLE('',#3104,5.E-2);
#3114=CIRCLE('',#3113,4.E-1);
#3323=CIRCLE('',#3322,5.E-2);
#3332=CIRCLE('',#3331,1.E-1);
#3341=CIRCLE('',#3340,5.E-2);
#3350=CIRCLE('',#3349,4.E-1);
#3375=CIRCLE('',#3374,5.E-2);
#3384=CIRCLE('',#3383,1.E-1);
#3389=CIRCLE('',#3388,1.E-1);
#3442=CIRCLE('',#3441,5.E-2);
#3451=CIRCLE('',#3450,4.E-1);
#3472=CIRCLE('',#3471,1.E-1);
#3481=CIRCLE('',#3480,5.E-2);
#3506=CIRCLE('',#3505,4.E-1);
#3515=CIRCLE('',#3514,5.E-2);
#3524=CIRCLE('',#3523,1.E-1);
#3533=CIRCLE('',#3532,5.E-2);
#3598=CIRCLE('',#3597,1.E-1);
#3607=CIRCLE('',#3606,4.E-1);
#3616=CIRCLE('',#3615,5.E-2);
#3753=B_SPLINE_CURVE_WITH_KNOTS('',3,(#3745,#3746,#3747,#3748,#3749,#3750,#3751,
#3752),.UNSPECIFIED.,.F.,.F.,(4,1,1,1,1,4),(0.E0,2.5E-1,5.E-1,7.5E-1,8.75E-1,
1.E0),.UNSPECIFIED.);
#3761=B_SPLINE_CURVE_WITH_KNOTS('',3,(#3754,#3755,#3756,#3757,#3758,#3759,
#3760),.UNSPECIFIED.,.F.,.F.,(4,1,1,1,4),(0.E0,2.5E-1,5.E-1,7.5E-1,1.E0),
.UNSPECIFIED.);
#3773=B_SPLINE_CURVE_WITH_KNOTS('',3,(#3766,#3767,#3768,#3769,#3770,#3771,
#3772),.UNSPECIFIED.,.F.,.F.,(4,1,1,1,4),(0.E0,2.5E-1,5.E-1,7.5E-1,1.E0),
.UNSPECIFIED.);
#3790=B_SPLINE_CURVE_WITH_KNOTS('',3,(#3782,#3783,#3784,#3785,#3786,#3787,#3788,
#3789),.UNSPECIFIED.,.F.,.F.,(4,1,1,1,1,4),(0.E0,1.25E-1,2.5E-1,5.E-1,7.5E-1,
1.E0),.UNSPECIFIED.);
#3815=CIRCLE('',#3814,2.E-1);
#3824=B_SPLINE_CURVE_WITH_KNOTS('',3,(#3816,#3817,#3818,#3819,#3820,#3821,#3822,
#3823),.UNSPECIFIED.,.F.,.F.,(4,1,1,1,1,4),(0.E0,2.5E-1,5.E-1,7.5E-1,8.75E-1,
1.E0),.UNSPECIFIED.);
#3845=B_SPLINE_CURVE_WITH_KNOTS('',3,(#3837,#3838,#3839,#3840,#3841,#3842,#3843,
#3844),.UNSPECIFIED.,.F.,.F.,(4,1,1,1,1,4),(0.E0,1.25E-1,2.5E-1,5.E-1,7.5E-1,
1.E0),.UNSPECIFIED.);
#3865=B_SPLINE_CURVE_WITH_KNOTS('',3,(#3858,#3859,#3860,#3861,#3862,#3863,
#3864),.UNSPECIFIED.,.F.,.F.,(4,1,1,1,4),(0.E0,2.5E-1,5.E-1,7.5E-1,1.E0),
.UNSPECIFIED.);
#3881=B_SPLINE_CURVE_WITH_KNOTS('',3,(#3874,#3875,#3876,#3877,#3878,#3879,
#3880),.UNSPECIFIED.,.F.,.F.,(4,1,1,1,4),(0.E0,2.5E-1,5.E-1,7.5E-1,1.E0),
.UNSPECIFIED.);
#3894=B_SPLINE_CURVE_WITH_KNOTS('',3,(#3886,#3887,#3888,#3889,#3890,#3891,#3892,
#3893),.UNSPECIFIED.,.F.,.F.,(4,1,1,1,1,4),(0.E0,1.25E-1,2.5E-1,5.E-1,7.5E-1,
1.E0),.UNSPECIFIED.);
#3995=B_SPLINE_CURVE_WITH_KNOTS('',3,(#3987,#3988,#3989,#3990,#3991,#3992,#3993,
#3994),.UNSPECIFIED.,.F.,.F.,(4,1,1,1,1,4),(0.E0,2.5E-1,5.E-1,7.5E-1,8.75E-1,
1.E0),.UNSPECIFIED.);
#4312=B_SPLINE_CURVE_WITH_KNOTS('',3,(#4304,#4305,#4306,#4307,#4308,#4309,#4310,
#4311),.UNSPECIFIED.,.F.,.F.,(4,1,1,1,1,4),(0.E0,2.5E-1,5.E-1,7.5E-1,8.75E-1,
1.E0),.UNSPECIFIED.);
#4320=B_SPLINE_CURVE_WITH_KNOTS('',3,(#4313,#4314,#4315,#4316,#4317,#4318,
#4319),.UNSPECIFIED.,.F.,.F.,(4,1,1,1,4),(0.E0,2.5E-1,5.E-1,7.5E-1,1.E0),
.UNSPECIFIED.);
#4328=B_SPLINE_CURVE_WITH_KNOTS('',3,(#4321,#4322,#4323,#4324,#4325,#4326,
#4327),.UNSPECIFIED.,.F.,.F.,(4,1,1,1,4),(0.E0,2.5E-1,5.E-1,7.5E-1,1.E0),
.UNSPECIFIED.);
#4349=B_SPLINE_CURVE_WITH_KNOTS('',3,(#4341,#4342,#4343,#4344,#4345,#4346,#4347,
#4348),.UNSPECIFIED.,.F.,.F.,(4,1,1,1,1,4),(0.E0,1.25E-1,2.5E-1,5.E-1,7.5E-1,
1.E0),.UNSPECIFIED.);
#4382=CIRCLE('',#4381,5.E-2);
#4391=CIRCLE('',#4390,1.E-1);
#4404=CIRCLE('',#4403,5.E-2);
#4413=CIRCLE('',#4412,4.E-1);
#4434=CIRCLE('',#4433,5.E-2);
#4443=CIRCLE('',#4442,1.E-1);
#4448=CIRCLE('',#4447,1.E-1);
#4501=CIRCLE('',#4500,5.E-2);
#4510=CIRCLE('',#4509,4.E-1);
#4531=CIRCLE('',#4530,1.E-1);
#4540=CIRCLE('',#4539,5.E-2);
#4565=CIRCLE('',#4564,4.E-1);
#4574=CIRCLE('',#4573,5.E-2);
#4583=CIRCLE('',#4582,1.E-1);
#4592=CIRCLE('',#4591,5.E-2);
#4657=CIRCLE('',#4656,1.E-1);
#4666=CIRCLE('',#4665,4.E-1);
#4675=CIRCLE('',#4674,5.E-2);
#4836=CIRCLE('',#4835,5.E-2);
#4845=CIRCLE('',#4844,1.E-1);
#4854=CIRCLE('',#4853,5.E-2);
#4863=CIRCLE('',#4862,4.E-1);
#4888=CIRCLE('',#4887,5.E-2);
#4897=CIRCLE('',#4896,1.E-1);
#4902=CIRCLE('',#4901,1.E-1);
#4955=CIRCLE('',#4954,5.E-2);
#4964=CIRCLE('',#4963,4.E-1);
#4985=CIRCLE('',#4984,1.E-1);
#4994=CIRCLE('',#4993,5.E-2);
#5019=CIRCLE('',#5018,4.E-1);
#5028=CIRCLE('',#5027,5.E-2);
#5037=CIRCLE('',#5036,1.E-1);
#5046=CIRCLE('',#5045,5.E-2);
#5111=CIRCLE('',#5110,1.E-1);
#5120=CIRCLE('',#5119,4.E-1);
#5129=CIRCLE('',#5128,5.E-2);
#5534=CIRCLE('',#5533,5.E-2);
#5543=CIRCLE('',#5542,1.E-1);
#5556=CIRCLE('',#5555,5.E-2);
#5565=CIRCLE('',#5564,4.E-1);
#5586=CIRCLE('',#5585,5.E-2);
#5595=CIRCLE('',#5594,1.E-1);
#5600=CIRCLE('',#5599,1.E-1);
#5653=CIRCLE('',#5652,5.E-2);
#5662=CIRCLE('',#5661,4.E-1);
#5683=CIRCLE('',#5682,1.E-1);
#5692=CIRCLE('',#5691,5.E-2);
#5717=CIRCLE('',#5716,4.E-1);
#5726=CIRCLE('',#5725,5.E-2);
#5735=CIRCLE('',#5734,1.E-1);
#5744=CIRCLE('',#5743,5.E-2);
#5809=CIRCLE('',#5808,1.E-1);
#5818=CIRCLE('',#5817,4.E-1);
#5827=CIRCLE('',#5826,5.E-2);
#5980=CIRCLE('',#5979,2.E-1);
#5989=CIRCLE('',#5988,4.5E-1);
#5994=CIRCLE('',#5993,2.E-1);
#6003=CIRCLE('',#6002,4.5E-1);
#6040=CIRCLE('',#6039,4.5E-1);
#6049=CIRCLE('',#6048,2.E-1);
#6062=CIRCLE('',#6061,4.5E-1);
#6071=CIRCLE('',#6070,2.E-1);
#6200=CIRCLE('',#6199,1.E-1);
#6209=CIRCLE('',#6208,5.E-2);
#6234=CIRCLE('',#6233,4.E-1);
#6243=CIRCLE('',#6242,5.E-2);
#6252=CIRCLE('',#6251,1.E-1);
#6261=CIRCLE('',#6260,5.E-2);
#6326=CIRCLE('',#6325,1.E-1);
#6335=CIRCLE('',#6334,4.E-1);
#6344=CIRCLE('',#6343,5.E-2);
#6453=CIRCLE('',#6452,2.E-1);
#6462=CIRCLE('',#6461,4.5E-1);
#6467=CIRCLE('',#6466,2.E-1);
#6476=CIRCLE('',#6475,4.5E-1);
#6513=CIRCLE('',#6512,4.5E-1);
#6522=CIRCLE('',#6521,2.E-1);
#6535=CIRCLE('',#6534,4.5E-1);
#6544=CIRCLE('',#6543,2.E-1);
#6641=CIRCLE('',#6640,4.5E-1);
#6650=CIRCLE('',#6649,2.E-1);
#6663=CIRCLE('',#6662,4.5E-1);
#6672=CIRCLE('',#6671,2.E-1);
#6717=CIRCLE('',#6716,2.E-1);
#6726=CIRCLE('',#6725,4.5E-1);
#6731=CIRCLE('',#6730,2.E-1);
#6740=CIRCLE('',#6739,4.5E-1);
#6829=CIRCLE('',#6828,4.5E-1);
#6838=CIRCLE('',#6837,2.E-1);
#6851=CIRCLE('',#6850,4.5E-1);
#6860=CIRCLE('',#6859,2.E-1);
#6905=CIRCLE('',#6904,2.E-1);
#6914=CIRCLE('',#6913,4.5E-1);
#6919=CIRCLE('',#6918,2.E-1);
#6928=CIRCLE('',#6927,4.5E-1);
#7017=CIRCLE('',#7016,4.5E-1);
#7026=CIRCLE('',#7025,2.E-1);
#7039=CIRCLE('',#7038,4.5E-1);
#7048=CIRCLE('',#7047,2.E-1);
#7093=CIRCLE('',#7092,2.E-1);
#7102=CIRCLE('',#7101,4.5E-1);
#7107=CIRCLE('',#7106,2.E-1);
#7116=CIRCLE('',#7115,4.5E-1);
#9690=EDGE_CURVE('',#7766,#8634,#4,.T.);
#9692=EDGE_CURVE('',#8634,#8642,#8,.T.);
#9694=EDGE_CURVE('',#8642,#8644,#12,.T.);
#9696=EDGE_CURVE('',#8644,#7766,#16,.T.);
#9706=EDGE_CURVE('',#8636,#7802,#20,.T.);
#9708=EDGE_CURVE('',#8639,#7802,#24,.T.);
#9710=EDGE_CURVE('',#8639,#8640,#28,.T.);
#9712=EDGE_CURVE('',#8636,#8640,#32,.T.);
#9722=EDGE_CURVE('',#9611,#9612,#36,.T.);
#9724=EDGE_CURVE('',#9612,#9521,#40,.T.);
#9726=EDGE_CURVE('',#7918,#9521,#1658,.T.);
#9728=EDGE_CURVE('',#7918,#7816,#44,.T.);
#9730=EDGE_CURVE('',#7816,#9618,#48,.T.);
#9732=EDGE_CURVE('',#9618,#9611,#52,.T.);
#9742=EDGE_CURVE('',#9615,#9616,#56,.T.);
#9744=EDGE_CURVE('',#9620,#9616,#60,.T.);
#9746=EDGE_CURVE('',#9620,#7780,#64,.T.);
#9748=EDGE_CURVE('',#7780,#7916,#68,.T.);
#9750=EDGE_CURVE('',#9517,#7916,#1646,.T.);
#9752=EDGE_CURVE('',#9615,#9517,#72,.T.);
#9762=EDGE_CURVE('',#8183,#8184,#102,.T.);
#9764=EDGE_CURVE('',#8184,#8186,#106,.T.);
#9766=EDGE_CURVE('',#8188,#8186,#110,.T.);
#9768=EDGE_CURVE('',#8648,#8188,#114,.T.);
#9770=EDGE_CURVE('',#8634,#8648,#118,.T.);
#9773=EDGE_CURVE('',#7765,#7766,#122,.T.);
#9775=EDGE_CURVE('',#7782,#7765,#126,.T.);
#9777=EDGE_CURVE('',#7782,#7762,#130,.T.);
#9779=EDGE_CURVE('',#7762,#7768,#134,.T.);
#9781=EDGE_CURVE('',#7768,#7778,#138,.T.);
#9783=EDGE_CURVE('',#7778,#7814,#142,.T.);
#9785=EDGE_CURVE('',#7804,#7814,#146,.T.);
#9787=EDGE_CURVE('',#7798,#7804,#150,.T.);
#9789=EDGE_CURVE('',#7818,#7798,#968,.T.);
#9791=EDGE_CURVE('',#7818,#7801,#154,.T.);
#9793=EDGE_CURVE('',#7801,#7802,#158,.T.);
#9796=EDGE_CURVE('',#8636,#8646,#162,.T.);
#9798=EDGE_CURVE('',#8183,#8646,#166,.T.);
#9802=EDGE_CURVE('',#7391,#7392,#76,.T.);
#9804=EDGE_CURVE('',#7392,#7394,#81,.T.);
#9806=EDGE_CURVE('',#7394,#7396,#85,.T.);
#9808=EDGE_CURVE('',#7396,#7398,#90,.T.);
#9810=EDGE_CURVE('',#7398,#7400,#94,.T.);
#9812=EDGE_CURVE('',#7400,#7391,#98,.T.);
#9822=EDGE_CURVE('',#8777,#8778,#170,.T.);
#9824=EDGE_CURVE('',#7388,#8777,#174,.T.);
#9826=EDGE_CURVE('',#8742,#7388,#2493,.T.);
#9828=EDGE_CURVE('',#7392,#8742,#2581,.T.);
#9831=EDGE_CURVE('',#7391,#7370,#178,.T.);
#9833=EDGE_CURVE('',#7360,#7370,#2455,.T.);
#9835=EDGE_CURVE('',#7360,#7358,#250,.T.);
#9837=EDGE_CURVE('',#7358,#8778,#182,.T.);
#9848=EDGE_CURVE('',#8782,#8778,#190,.T.);
#9850=EDGE_CURVE('',#8781,#8782,#2187,.T.);
#9852=EDGE_CURVE('',#8781,#8777,#186,.T.);
#9862=EDGE_CURVE('',#8784,#8778,#194,.T.);
#9864=EDGE_CURVE('',#8786,#8784,#2589,.T.);
#9866=EDGE_CURVE('',#8786,#8782,#2191,.T.);
#9879=EDGE_CURVE('',#7356,#7358,#246,.T.);
#9881=EDGE_CURVE('',#7356,#8784,#198,.T.);
#9891=EDGE_CURVE('',#8701,#8695,#202,.T.);
#9893=EDGE_CURVE('',#8699,#8701,#3815,.T.);
#9895=EDGE_CURVE('',#7500,#8699,#206,.T.);
#9897=EDGE_CURVE('',#7500,#7497,#210,.T.);
#9899=EDGE_CURVE('',#7497,#7498,#214,.T.);
#9901=EDGE_CURVE('',#7508,#7498,#218,.T.);
#9903=EDGE_CURVE('',#7508,#7471,#222,.T.);
#9905=EDGE_CURVE('',#7471,#7472,#226,.T.);
#9907=EDGE_CURVE('',#7472,#7474,#230,.T.);
#9909=EDGE_CURVE('',#7476,#7474,#234,.T.);
#9911=EDGE_CURVE('',#7476,#7376,#238,.T.);
#9913=EDGE_CURVE('',#7355,#7376,#2505,.T.);
#9915=EDGE_CURVE('',#7355,#7356,#242,.T.);
#9919=EDGE_CURVE('',#7363,#7360,#2467,.T.);
#9921=EDGE_CURVE('',#7363,#7364,#254,.T.);
#9923=EDGE_CURVE('',#7364,#7366,#258,.T.);
#9925=EDGE_CURVE('',#7368,#7366,#262,.T.);
#9927=EDGE_CURVE('',#7374,#7368,#2513,.T.);
#9929=EDGE_CURVE('',#7374,#7463,#266,.T.);
#9931=EDGE_CURVE('',#7463,#7464,#270,.T.);
#9933=EDGE_CURVE('',#7464,#7466,#274,.T.);
#9935=EDGE_CURVE('',#7468,#7466,#278,.T.);
#9937=EDGE_CURVE('',#7468,#7510,#282,.T.);
#9939=EDGE_CURVE('',#7506,#7510,#286,.T.);
#9941=EDGE_CURVE('',#7506,#7503,#290,.T.);
#9943=EDGE_CURVE('',#7503,#7504,#294,.T.);
#9945=EDGE_CURVE('',#8692,#7504,#298,.T.);
#9947=EDGE_CURVE('',#8695,#8692,#315,.T.);
#9957=EDGE_CURVE('',#8693,#8695,#302,.T.);
#9959=EDGE_CURVE('',#8696,#8693,#306,.T.);
#9961=EDGE_CURVE('',#8701,#8696,#310,.T.);
#9972=EDGE_CURVE('',#8691,#8692,#319,.T.);
#9974=EDGE_CURVE('',#8691,#8693,#3824,.T.);
#9988=EDGE_CURVE('',#7504,#7526,#323,.T.);
#9990=EDGE_CURVE('',#7526,#7383,#3298,.T.);
#9992=EDGE_CURVE('',#7383,#7384,#3210,.T.);
#9994=EDGE_CURVE('',#8731,#7384,#4795,.T.);
#9996=EDGE_CURVE('',#8731,#8729,#327,.T.);
#9998=EDGE_CURVE('',#8729,#7351,#3781,.T.);
#10000=EDGE_CURVE('',#7351,#7352,#4357,.T.);
#10002=EDGE_CURVE('',#7352,#8723,#4332,.T.);
#10004=EDGE_CURVE('',#8723,#8724,#331,.T.);
#10006=EDGE_CURVE('',#7737,#8724,#4223,.T.);
#10008=EDGE_CURVE('',#7737,#7738,#4147,.T.);
#10010=EDGE_CURVE('',#8718,#7738,#3999,.T.);
#10012=EDGE_CURVE('',#8718,#8716,#335,.T.);
#10014=EDGE_CURVE('',#8716,#7745,#3873,.T.);
#10016=EDGE_CURVE('',#7745,#7746,#3853,.T.);
#10018=EDGE_CURVE('',#7746,#8691,#3828,.T.);
#10028=EDGE_CURVE('',#7522,#7503,#339,.T.);
#10030=EDGE_CURVE('',#7522,#7525,#343,.T.);
#10032=EDGE_CURVE('',#7525,#7526,#7312,.T.);
#10044=EDGE_CURVE('',#7493,#7506,#443,.T.);
#10046=EDGE_CURVE('',#7493,#7522,#347,.T.);
#10058=EDGE_CURVE('',#7481,#7482,#351,.T.);
#10060=EDGE_CURVE('',#7481,#7508,#355,.T.);
#10063=EDGE_CURVE('',#7482,#7498,#359,.T.);
#10073=EDGE_CURVE('',#7485,#7486,#363,.T.);
#10075=EDGE_CURVE('',#7485,#7512,#367,.T.);
#10077=EDGE_CURVE('',#9309,#7512,#3282,.T.);
#10079=EDGE_CURVE('',#9309,#9310,#371,.T.);
#10081=EDGE_CURVE('',#9310,#9314,#375,.T.);
#10083=EDGE_CURVE('',#9313,#9314,#379,.T.);
#10085=EDGE_CURVE('',#7415,#9313,#3230,.T.);
#10087=EDGE_CURVE('',#7415,#7416,#383,.T.);
#10089=EDGE_CURVE('',#7416,#7420,#387,.T.);
#10091=EDGE_CURVE('',#7419,#7420,#391,.T.);
#10093=EDGE_CURVE('',#7439,#7419,#3242,.T.);
#10095=EDGE_CURVE('',#7439,#7440,#395,.T.);
#10097=EDGE_CURVE('',#7440,#7444,#399,.T.);
#10099=EDGE_CURVE('',#7443,#7444,#403,.T.);
#10101=EDGE_CURVE('',#9421,#7443,#3254,.T.);
#10103=EDGE_CURVE('',#9421,#9422,#407,.T.);
#10105=EDGE_CURVE('',#9422,#9426,#411,.T.);
#10107=EDGE_CURVE('',#9425,#9426,#415,.T.);
#10109=EDGE_CURVE('',#9469,#9425,#3266,.T.);
#10111=EDGE_CURVE('',#9469,#9470,#419,.T.);
#10113=EDGE_CURVE('',#9470,#9474,#423,.T.);
#10115=EDGE_CURVE('',#9473,#9474,#427,.T.);
#10117=EDGE_CURVE('',#7514,#9473,#3290,.T.);
#10119=EDGE_CURVE('',#7490,#7514,#431,.T.);
#10121=EDGE_CURVE('',#7489,#7490,#435,.T.);
#10123=EDGE_CURVE('',#7408,#7489,#2330,.T.);
#10125=EDGE_CURVE('',#7344,#7408,#2314,.T.);
#10127=EDGE_CURVE('',#7343,#7344,#2119,.T.);
#10129=EDGE_CURVE('',#7406,#7343,#2359,.T.);
#10131=EDGE_CURVE('',#7486,#7406,#2354,.T.);
#10141=EDGE_CURVE('',#7493,#7494,#439,.T.);
#10145=EDGE_CURVE('',#7494,#7510,#2411,.T.);
#10155=EDGE_CURVE('',#7830,#8772,#447,.T.);
#10157=EDGE_CURVE('',#8774,#8772,#531,.T.);
#10159=EDGE_CURVE('',#8774,#7481,#547,.T.);
#10162=EDGE_CURVE('',#7482,#7516,#7304,.T.);
#10164=EDGE_CURVE('',#7519,#7516,#7296,.T.);
#10166=EDGE_CURVE('',#7485,#7519,#7308,.T.);
#10169=EDGE_CURVE('',#7830,#7486,#2350,.T.);
#10179=EDGE_CURVE('',#8746,#7494,#2407,.T.);
#10181=EDGE_CURVE('',#8745,#8746,#2443,.T.);
#10183=EDGE_CURVE('',#8745,#7828,#451,.T.);
#10185=EDGE_CURVE('',#7489,#7828,#2322,.T.);
#10188=EDGE_CURVE('',#7490,#7525,#7316,.T.);
#10201=EDGE_CURVE('',#8770,#8772,#455,.T.);
#10204=EDGE_CURVE('',#7929,#7830,#459,.T.);
#10206=EDGE_CURVE('',#7826,#7929,#463,.T.);
#10208=EDGE_CURVE('',#7825,#7826,#467,.T.);
#10210=EDGE_CURVE('',#9632,#7825,#471,.T.);
#10212=EDGE_CURVE('',#9632,#9624,#475,.T.);
#10214=EDGE_CURVE('',#9623,#9624,#479,.T.);
#10216=EDGE_CURVE('',#9623,#7807,#483,.T.);
#10218=EDGE_CURVE('',#7807,#8770,#487,.T.);
#10228=EDGE_CURVE('',#8745,#8832,#491,.T.);
#10230=EDGE_CURVE('',#8832,#7771,#495,.T.);
#10232=EDGE_CURVE('',#9628,#7771,#499,.T.);
#10234=EDGE_CURVE('',#9627,#9628,#503,.T.);
#10236=EDGE_CURVE('',#9630,#9627,#507,.T.);
#10238=EDGE_CURVE('',#7821,#9630,#511,.T.);
#10240=EDGE_CURVE('',#7821,#7822,#515,.T.);
#10242=EDGE_CURVE('',#7926,#7822,#519,.T.);
#10244=EDGE_CURVE('',#7926,#7828,#523,.T.);
#10256=EDGE_CURVE('',#8770,#8768,#527,.T.);
#10258=EDGE_CURVE('',#8768,#8774,#551,.T.);
#10269=EDGE_CURVE('',#8768,#8764,#555,.T.);
#10272=EDGE_CURVE('',#8770,#8766,#615,.T.);
#10274=EDGE_CURVE('',#8766,#8764,#535,.T.);
#10284=EDGE_CURVE('',#8753,#8754,#539,.T.);
#10286=EDGE_CURVE('',#7471,#8754,#543,.T.);
#10293=EDGE_CURVE('',#8764,#8760,#559,.T.);
#10295=EDGE_CURVE('',#8760,#8753,#563,.T.);
#10305=EDGE_CURVE('',#8798,#8794,#567,.T.);
#10307=EDGE_CURVE('',#7376,#8794,#571,.T.);
#10310=EDGE_CURVE('',#7476,#8798,#575,.T.);
#10321=EDGE_CURVE('',#8757,#8753,#583,.T.);
#10323=EDGE_CURVE('',#8757,#8758,#2131,.T.);
#10325=EDGE_CURVE('',#8758,#8754,#579,.T.);
#10336=EDGE_CURVE('',#8762,#8760,#587,.T.);
#10338=EDGE_CURVE('',#8762,#8757,#2087,.T.);
#10351=EDGE_CURVE('',#8766,#8762,#591,.T.);
#10363=EDGE_CURVE('',#8766,#7808,#595,.T.);
#10365=EDGE_CURVE('',#7808,#7810,#599,.T.);
#10367=EDGE_CURVE('',#8762,#7810,#2091,.T.);
#10377=EDGE_CURVE('',#8824,#8828,#603,.T.);
#10379=EDGE_CURVE('',#7774,#8824,#2107,.T.);
#10381=EDGE_CURVE('',#7772,#7774,#607,.T.);
#10383=EDGE_CURVE('',#7772,#8828,#611,.T.);
#10395=EDGE_CURVE('',#7807,#7808,#619,.T.);
#10406=EDGE_CURVE('',#8828,#8832,#623,.T.);
#10409=EDGE_CURVE('',#7771,#7772,#627,.T.);
#10420=EDGE_CURVE('',#8667,#8668,#631,.T.);
#10422=EDGE_CURVE('',#8639,#8668,#635,.T.);
#10426=EDGE_CURVE('',#7801,#7946,#639,.T.);
#10428=EDGE_CURVE('',#8667,#7946,#643,.T.);
#10438=EDGE_CURVE('',#8660,#8680,#647,.T.);
#10440=EDGE_CURVE('',#8680,#7944,#651,.T.);
#10442=EDGE_CURVE('',#7944,#7883,#655,.T.);
#10444=EDGE_CURVE('',#7883,#7884,#659,.T.);
#10446=EDGE_CURVE('',#7884,#7913,#663,.T.);
#10448=EDGE_CURVE('',#7913,#7921,#1642,.T.);
#10450=EDGE_CURVE('',#8660,#7921,#1666,.T.);
#10460=EDGE_CURVE('',#9623,#9678,#667,.T.);
#10462=EDGE_CURVE('',#8171,#9678,#2893,.T.);
#10464=EDGE_CURVE('',#8118,#8171,#671,.T.);
#10466=EDGE_CURVE('',#8116,#8118,#675,.T.);
#10468=EDGE_CURVE('',#8114,#8116,#679,.T.);
#10470=EDGE_CURVE('',#8114,#8112,#684,.T.);
#10472=EDGE_CURVE('',#8144,#8112,#688,.T.);
#10474=EDGE_CURVE('',#8142,#8144,#692,.T.);
#10476=EDGE_CURVE('',#8140,#8142,#696,.T.);
#10478=EDGE_CURVE('',#8138,#8140,#700,.T.);
#10480=EDGE_CURVE('',#8136,#8138,#704,.T.);
#10482=EDGE_CURVE('',#8134,#8136,#708,.T.);
#10484=EDGE_CURVE('',#8132,#8134,#712,.T.);
#10486=EDGE_CURVE('',#8130,#8132,#716,.T.);
#10488=EDGE_CURVE('',#8105,#8130,#720,.T.);
#10490=EDGE_CURVE('',#9558,#8105,#1128,.T.);
#10492=EDGE_CURVE('',#9558,#9529,#724,.T.);
#10494=EDGE_CURVE('',#9529,#9530,#728,.T.);
#10496=EDGE_CURVE('',#9530,#9532,#732,.T.);
#10498=EDGE_CURVE('',#9532,#9546,#736,.T.);
#10500=EDGE_CURVE('',#9546,#7804,#740,.T.);
#10503=EDGE_CURVE('',#7812,#7814,#2139,.T.);
#10505=EDGE_CURVE('',#7810,#7812,#2095,.T.);
#10518=EDGE_CURVE('',#9680,#9660,#744,.T.);
#10520=EDGE_CURVE('',#9525,#9660,#2829,.T.);
#10522=EDGE_CURVE('',#9525,#9526,#748,.T.);
#10524=EDGE_CURVE('',#9526,#9544,#752,.T.);
#10526=EDGE_CURVE('',#9544,#9574,#756,.T.);
#10528=EDGE_CURVE('',#9574,#9588,#760,.T.);
#10530=EDGE_CURVE('',#8128,#9588,#764,.T.);
#10532=EDGE_CURVE('',#8126,#8128,#768,.T.);
#10534=EDGE_CURVE('',#9586,#8126,#772,.T.);
#10536=EDGE_CURVE('',#9584,#9586,#776,.T.);
#10538=EDGE_CURVE('',#9582,#9584,#780,.T.);
#10540=EDGE_CURVE('',#8124,#9582,#784,.T.);
#10542=EDGE_CURVE('',#8122,#8124,#788,.T.);
#10544=EDGE_CURVE('',#8120,#8122,#792,.T.);
#10546=EDGE_CURVE('',#8164,#8120,#796,.T.);
#10548=EDGE_CURVE('',#9680,#8164,#2633,.T.);
#10558=EDGE_CURVE('',#9670,#9666,#800,.T.);
#10560=EDGE_CURVE('',#9518,#9670,#804,.T.);
#10562=EDGE_CURVE('',#8658,#9518,#808,.T.);
#10564=EDGE_CURVE('',#8674,#8658,#1345,.T.);
#10566=EDGE_CURVE('',#8671,#8674,#1510,.T.);
#10568=EDGE_CURVE('',#8671,#8672,#1494,.T.);
#10570=EDGE_CURVE('',#8672,#8663,#1490,.T.);
#10572=EDGE_CURVE('',#8663,#8664,#1313,.T.);
#10574=EDGE_CURVE('',#8652,#8664,#812,.T.);
#10576=EDGE_CURVE('',#8648,#8652,#816,.T.);
#10579=EDGE_CURVE('',#8188,#8192,#820,.T.);
#10581=EDGE_CURVE('',#8192,#8190,#824,.T.);
#10583=EDGE_CURVE('',#8183,#8190,#828,.T.);
#10586=EDGE_CURVE('',#8650,#8646,#832,.T.);
#10588=EDGE_CURVE('',#8668,#8650,#836,.T.);
#10591=EDGE_CURVE('',#8678,#8667,#1096,.T.);
#10593=EDGE_CURVE('',#8677,#8678,#1080,.T.);
#10595=EDGE_CURVE('',#8677,#8680,#1072,.T.);
#10598=EDGE_CURVE('',#9522,#8660,#840,.T.);
#10600=EDGE_CURVE('',#9672,#9522,#844,.T.);
#10602=EDGE_CURVE('',#9668,#9672,#848,.T.);
#10604=EDGE_CURVE('',#9668,#8631,#852,.T.);
#10606=EDGE_CURVE('',#8631,#8627,#856,.T.);
#10608=EDGE_CURVE('',#9666,#8627,#860,.T.);
#10619=EDGE_CURVE('',#9660,#9611,#864,.T.);
#10622=EDGE_CURVE('',#9678,#9680,#868,.T.);
#10626=EDGE_CURVE('',#9608,#9624,#872,.T.);
#10628=EDGE_CURVE('',#9606,#9608,#876,.T.);
#10630=EDGE_CURVE('',#9604,#9606,#880,.T.);
#10632=EDGE_CURVE('',#9602,#9604,#884,.T.);
#10634=EDGE_CURVE('',#9600,#9602,#888,.T.);
#10636=EDGE_CURVE('',#9599,#9600,#892,.T.);
#10638=EDGE_CURVE('',#9627,#9599,#896,.T.);
#10641=EDGE_CURVE('',#9628,#9674,#1353,.T.);
#10643=EDGE_CURVE('',#9676,#9674,#900,.T.);
#10645=EDGE_CURVE('',#9676,#9658,#1434,.T.);
#10647=EDGE_CURVE('',#9616,#9658,#904,.T.);
#10650=EDGE_CURVE('',#9670,#9615,#1650,.T.);
#10653=EDGE_CURVE('',#9663,#9666,#2897,.T.);
#10655=EDGE_CURVE('',#9663,#9664,#5369,.T.);
#10657=EDGE_CURVE('',#9664,#9668,#7192,.T.);
#10660=EDGE_CURVE('',#9672,#9612,#1670,.T.);
#10671=EDGE_CURVE('',#9618,#9634,#916,.T.);
#10673=EDGE_CURVE('',#9634,#9660,#2825,.T.);
#10684=EDGE_CURVE('',#8175,#9678,#908,.T.);
#10687=EDGE_CURVE('',#9680,#8168,#912,.T.);
#10689=EDGE_CURVE('',#8168,#8175,#1289,.T.);
#10701=EDGE_CURVE('',#7816,#7785,#920,.T.);
#10703=EDGE_CURVE('',#7785,#9634,#924,.T.);
#10713=EDGE_CURVE('',#9620,#9636,#928,.T.);
#10715=EDGE_CURVE('',#7749,#9636,#932,.T.);
#10717=EDGE_CURVE('',#7780,#7749,#1554,.T.);
#10728=EDGE_CURVE('',#9630,#9638,#936,.T.);
#10730=EDGE_CURVE('',#9638,#9640,#940,.T.);
#10732=EDGE_CURVE('',#9640,#7821,#944,.T.);
#10743=EDGE_CURVE('',#9643,#9644,#948,.T.);
#10745=EDGE_CURVE('',#9632,#9644,#952,.T.);
#10748=EDGE_CURVE('',#7825,#9643,#956,.T.);
#10758=EDGE_CURVE('',#8615,#8616,#960,.T.);
#10760=EDGE_CURVE('',#7818,#8615,#964,.T.);
#10763=EDGE_CURVE('',#7798,#7796,#972,.T.);
#10765=EDGE_CURVE('',#7794,#7796,#976,.T.);
#10767=EDGE_CURVE('',#7792,#7794,#980,.T.);
#10769=EDGE_CURVE('',#7790,#7792,#984,.T.);
#10771=EDGE_CURVE('',#7788,#7790,#988,.T.);
#10773=EDGE_CURVE('',#7786,#7788,#992,.T.);
#10775=EDGE_CURVE('',#7785,#7786,#996,.T.);
#10779=EDGE_CURVE('',#7918,#7922,#1000,.T.);
#10781=EDGE_CURVE('',#7922,#7914,#1004,.T.);
#10783=EDGE_CURVE('',#8618,#7914,#1024,.T.);
#10785=EDGE_CURVE('',#8616,#8618,#1008,.T.);
#10796=EDGE_CURVE('',#8616,#8611,#1012,.T.);
#10798=EDGE_CURVE('',#8622,#8611,#1040,.T.);
#10800=EDGE_CURVE('',#8615,#8622,#1068,.T.);
#10811=EDGE_CURVE('',#8618,#8612,#1020,.T.);
#10813=EDGE_CURVE('',#8611,#8612,#1044,.T.);
#10824=EDGE_CURVE('',#8624,#7884,#1016,.T.);
#10826=EDGE_CURVE('',#8612,#8624,#1048,.T.);
#10830=EDGE_CURVE('',#7913,#7914,#1028,.T.);
#10841=EDGE_CURVE('',#8621,#8624,#1032,.T.);
#10845=EDGE_CURVE('',#8621,#7883,#1036,.T.);
#10855=EDGE_CURVE('',#8621,#8622,#1052,.T.);
#10872=EDGE_CURVE('',#7944,#7941,#1056,.T.);
#10874=EDGE_CURVE('',#7941,#7942,#1060,.T.);
#10876=EDGE_CURVE('',#7946,#7942,#1064,.T.);
#10891=EDGE_CURVE('',#7934,#8677,#1092,.T.);
#10893=EDGE_CURVE('',#7934,#7938,#1076,.T.);
#10895=EDGE_CURVE('',#7938,#7941,#1100,.T.);
#10908=EDGE_CURVE('',#8678,#7933,#1084,.T.);
#10910=EDGE_CURVE('',#7933,#7934,#1088,.T.);
#10924=EDGE_CURVE('',#7942,#7937,#1108,.T.);
#10926=EDGE_CURVE('',#7933,#7937,#1112,.T.);
#10939=EDGE_CURVE('',#7937,#7938,#1104,.T.);
#10956=EDGE_CURVE('',#8108,#9562,#1116,.T.);
#10958=EDGE_CURVE('',#9560,#9562,#1120,.T.);
#10960=EDGE_CURVE('',#9558,#9560,#1124,.T.);
#10963=EDGE_CURVE('',#8105,#8106,#1132,.T.);
#10965=EDGE_CURVE('',#8106,#8108,#1136,.T.);
#10975=EDGE_CURVE('',#8110,#8108,#1140,.T.);
#10977=EDGE_CURVE('',#8110,#9554,#1144,.T.);
#10979=EDGE_CURVE('',#9554,#9562,#2821,.T.);
#10990=EDGE_CURVE('',#8176,#8167,#1281,.T.);
#10992=EDGE_CURVE('',#8163,#8167,#1148,.T.);
#10994=EDGE_CURVE('',#8163,#8065,#1152,.T.);
#10996=EDGE_CURVE('',#8065,#8066,#1156,.T.);
#10998=EDGE_CURVE('',#8066,#8068,#1160,.T.);
#11000=EDGE_CURVE('',#8068,#8070,#1164,.T.);
#11002=EDGE_CURVE('',#8070,#8072,#1168,.T.);
#11004=EDGE_CURVE('',#8072,#8074,#1172,.T.);
#11006=EDGE_CURVE('',#8074,#8076,#1176,.T.);
#11008=EDGE_CURVE('',#8076,#8078,#1180,.T.);
#11010=EDGE_CURVE('',#8078,#8110,#1184,.T.);
#11013=EDGE_CURVE('',#8108,#8081,#1188,.T.);
#11015=EDGE_CURVE('',#8081,#8082,#1192,.T.);
#11017=EDGE_CURVE('',#8082,#8084,#1196,.T.);
#11019=EDGE_CURVE('',#8084,#8086,#1200,.T.);
#11021=EDGE_CURVE('',#8086,#8088,#1204,.T.);
#11023=EDGE_CURVE('',#8088,#8090,#1208,.T.);
#11025=EDGE_CURVE('',#8090,#8092,#1212,.T.);
#11027=EDGE_CURVE('',#8092,#8094,#1216,.T.);
#11029=EDGE_CURVE('',#8094,#8096,#1220,.T.);
#11031=EDGE_CURVE('',#8096,#8098,#1224,.T.);
#11033=EDGE_CURVE('',#8098,#8100,#1228,.T.);
#11035=EDGE_CURVE('',#8100,#8102,#1232,.T.);
#11037=EDGE_CURVE('',#8102,#8057,#1236,.T.);
#11039=EDGE_CURVE('',#8057,#8058,#1241,.T.);
#11041=EDGE_CURVE('',#8058,#8060,#1245,.T.);
#11043=EDGE_CURVE('',#8060,#8062,#1249,.T.);
#11045=EDGE_CURVE('',#8062,#8172,#1253,.T.);
#11047=EDGE_CURVE('',#8176,#8172,#1257,.T.);
#11057=EDGE_CURVE('',#8147,#8148,#1261,.T.);
#11059=EDGE_CURVE('',#8150,#8147,#1265,.T.);
#11061=EDGE_CURVE('',#8152,#8150,#1269,.T.);
#11063=EDGE_CURVE('',#8148,#8152,#1273,.T.);
#11073=EDGE_CURVE('',#8167,#8168,#1277,.T.);
#11076=EDGE_CURVE('',#8175,#8176,#1285,.T.);
#11087=EDGE_CURVE('',#8147,#9676,#1297,.T.);
#11090=EDGE_CURVE('',#8148,#8156,#1911,.T.);
#11092=EDGE_CURVE('',#8155,#8156,#1790,.T.);
#11094=EDGE_CURVE('',#8155,#9676,#1293,.T.);
#11106=EDGE_CURVE('',#9636,#9658,#1305,.T.);
#11119=EDGE_CURVE('',#9674,#8150,#1301,.T.);
#11131=EDGE_CURVE('',#9658,#7833,#1309,.T.);
#11133=EDGE_CURVE('',#7844,#7833,#1722,.T.);
#11135=EDGE_CURVE('',#7853,#7844,#1682,.T.);
#11137=EDGE_CURVE('',#7750,#7853,#1678,.T.);
#11139=EDGE_CURVE('',#7749,#7750,#1558,.T.);
#11151=EDGE_CURVE('',#8663,#7904,#1317,.T.);
#11153=EDGE_CURVE('',#7765,#7904,#1321,.T.);
#11157=EDGE_CURVE('',#8644,#8664,#1325,.T.);
#11167=EDGE_CURVE('',#8656,#7909,#1630,.T.);
#11169=EDGE_CURVE('',#7880,#7909,#1329,.T.);
#11171=EDGE_CURVE('',#7879,#7880,#1333,.T.);
#11173=EDGE_CURVE('',#7902,#7879,#1337,.T.);
#11175=EDGE_CURVE('',#8674,#7902,#1341,.T.);
#11178=EDGE_CURVE('',#8658,#8656,#1349,.T.);
#11192=EDGE_CURVE('',#7774,#7776,#2103,.T.);
#11194=EDGE_CURVE('',#7776,#7778,#2143,.T.);
#11197=EDGE_CURVE('',#7874,#7768,#1357,.T.);
#11199=EDGE_CURVE('',#7840,#7874,#1361,.T.);
#11201=EDGE_CURVE('',#7838,#7840,#1365,.T.);
#11203=EDGE_CURVE('',#7837,#7838,#1369,.T.);
#11205=EDGE_CURVE('',#7895,#7837,#1373,.T.);
#11207=EDGE_CURVE('',#7895,#8009,#1377,.T.);
#11209=EDGE_CURVE('',#8009,#8032,#1381,.T.);
#11211=EDGE_CURVE('',#8032,#8034,#1385,.T.);
#11213=EDGE_CURVE('',#8034,#8036,#1389,.T.);
#11215=EDGE_CURVE('',#8036,#8038,#1393,.T.);
#11217=EDGE_CURVE('',#8038,#8040,#1397,.T.);
#11219=EDGE_CURVE('',#8040,#8042,#1401,.T.);
#11221=EDGE_CURVE('',#8042,#8044,#1405,.T.);
#11223=EDGE_CURVE('',#8044,#8046,#1409,.T.);
#11225=EDGE_CURVE('',#8046,#8014,#1413,.T.);
#11227=EDGE_CURVE('',#8016,#8014,#1418,.T.);
#11229=EDGE_CURVE('',#8016,#8018,#1422,.T.);
#11231=EDGE_CURVE('',#8018,#8020,#1426,.T.);
#11233=EDGE_CURVE('',#8020,#8160,#1430,.T.);
#11235=EDGE_CURVE('',#9674,#8160,#1915,.T.);
#11247=EDGE_CURVE('',#8155,#8022,#1438,.T.);
#11249=EDGE_CURVE('',#8022,#8024,#1442,.T.);
#11251=EDGE_CURVE('',#8024,#8026,#1446,.T.);
#11253=EDGE_CURVE('',#8026,#9576,#1450,.T.);
#11255=EDGE_CURVE('',#9576,#9578,#1454,.T.);
#11257=EDGE_CURVE('',#9578,#9580,#1458,.T.);
#11259=EDGE_CURVE('',#9580,#8028,#1462,.T.);
#11261=EDGE_CURVE('',#8028,#8030,#1466,.T.);
#11263=EDGE_CURVE('',#8030,#8005,#1470,.T.);
#11265=EDGE_CURVE('',#7872,#8005,#1474,.T.);
#11267=EDGE_CURVE('',#7870,#7872,#1478,.T.);
#11269=EDGE_CURVE('',#7834,#7870,#1482,.T.);
#11271=EDGE_CURVE('',#7833,#7834,#1486,.T.);
#11283=EDGE_CURVE('',#8672,#7888,#1506,.T.);
#11285=EDGE_CURVE('',#7892,#7888,#1987,.T.);
#11287=EDGE_CURVE('',#7892,#7900,#1999,.T.);
#11289=EDGE_CURVE('',#7904,#7900,#1518,.T.);
#11301=EDGE_CURVE('',#7887,#8671,#1498,.T.);
#11303=EDGE_CURVE('',#7887,#7888,#1502,.T.);
#11316=EDGE_CURVE('',#7902,#7899,#1526,.T.);
#11318=EDGE_CURVE('',#7899,#7891,#2007,.T.);
#11320=EDGE_CURVE('',#7891,#7887,#1514,.T.);
#11331=EDGE_CURVE('',#7782,#8599,#1586,.T.);
#11336=EDGE_CURVE('',#7899,#7900,#1522,.T.);
#11340=EDGE_CURVE('',#8604,#7879,#1602,.T.);
#11342=EDGE_CURVE('',#8604,#8608,#1530,.T.);
#11344=EDGE_CURVE('',#8599,#8608,#1534,.T.);
#11354=EDGE_CURVE('',#8599,#8600,#1538,.T.);
#11356=EDGE_CURVE('',#8600,#8602,#1542,.T.);
#11358=EDGE_CURVE('',#7910,#8602,#1610,.T.);
#11360=EDGE_CURVE('',#8654,#7910,#1546,.T.);
#11362=EDGE_CURVE('',#7916,#8654,#1550,.T.);
#11367=EDGE_CURVE('',#7750,#7752,#1562,.T.);
#11369=EDGE_CURVE('',#7752,#7754,#1566,.T.);
#11371=EDGE_CURVE('',#7754,#7756,#1570,.T.);
#11373=EDGE_CURVE('',#7756,#7758,#1574,.T.);
#11375=EDGE_CURVE('',#7758,#7760,#1578,.T.);
#11377=EDGE_CURVE('',#7762,#7760,#1582,.T.);
#11391=EDGE_CURVE('',#8608,#8595,#1598,.T.);
#11393=EDGE_CURVE('',#8600,#8595,#1626,.T.);
#11403=EDGE_CURVE('',#8604,#8606,#1606,.T.);
#11405=EDGE_CURVE('',#8596,#8606,#1590,.T.);
#11407=EDGE_CURVE('',#8595,#8596,#1594,.T.);
#11421=EDGE_CURVE('',#8606,#7880,#1618,.T.);
#11433=EDGE_CURVE('',#8602,#8596,#1614,.T.);
#11438=EDGE_CURVE('',#7909,#7910,#1622,.T.);
#11462=EDGE_CURVE('',#8654,#8656,#1634,.T.);
#11475=EDGE_CURVE('',#7921,#7922,#1638,.T.);
#11488=EDGE_CURVE('',#9517,#9518,#1654,.T.);
#11514=EDGE_CURVE('',#9521,#9522,#1662,.T.);
#11540=EDGE_CURVE('',#7853,#7854,#1674,.T.);
#11542=EDGE_CURVE('',#7752,#7854,#2079,.T.);
#11556=EDGE_CURVE('',#7843,#7844,#1686,.T.);
#11558=EDGE_CURVE('',#7843,#7864,#1690,.T.);
#11560=EDGE_CURVE('',#7862,#7864,#1730,.T.);
#11562=EDGE_CURVE('',#7860,#7862,#2051,.T.);
#11564=EDGE_CURVE('',#7858,#7860,#2059,.T.);
#11566=EDGE_CURVE('',#7856,#7858,#2067,.T.);
#11568=EDGE_CURVE('',#7854,#7856,#2075,.T.);
#11578=EDGE_CURVE('',#7896,#7906,#1694,.T.);
#11580=EDGE_CURVE('',#7896,#7848,#1698,.T.);
#11582=EDGE_CURVE('',#7847,#7848,#1702,.T.);
#11584=EDGE_CURVE('',#7850,#7847,#1706,.T.);
#11586=EDGE_CURVE('',#7850,#7868,#1710,.T.);
#11588=EDGE_CURVE('',#7867,#7868,#1742,.T.);
#11590=EDGE_CURVE('',#7867,#7876,#1714,.T.);
#11592=EDGE_CURVE('',#7876,#7906,#1718,.T.);
#11603=EDGE_CURVE('',#7843,#7834,#1726,.T.);
#11615=EDGE_CURVE('',#7870,#7864,#1734,.T.);
#11631=EDGE_CURVE('',#7872,#7867,#1738,.T.);
#11634=EDGE_CURVE('',#7874,#7868,#1746,.T.);
#11639=EDGE_CURVE('',#7760,#7862,#1750,.T.);
#11649=EDGE_CURVE('',#8005,#8006,#1754,.T.);
#11651=EDGE_CURVE('',#7876,#8006,#2035,.T.);
#11666=EDGE_CURVE('',#8030,#7978,#1758,.T.);
#11668=EDGE_CURVE('',#7978,#8006,#1875,.T.);
#11678=EDGE_CURVE('',#8012,#8010,#1991,.T.);
#11680=EDGE_CURVE('',#8012,#7981,#1871,.T.);
#11682=EDGE_CURVE('',#7949,#7981,#2039,.T.);
#11684=EDGE_CURVE('',#8010,#7949,#1967,.T.);
#11694=EDGE_CURVE('',#8028,#7976,#1762,.T.);
#11696=EDGE_CURVE('',#7976,#7978,#1879,.T.);
#11710=EDGE_CURVE('',#9580,#7974,#1766,.T.);
#11712=EDGE_CURVE('',#7974,#7976,#1883,.T.);
#11723=EDGE_CURVE('',#9578,#7972,#1770,.T.);
#11725=EDGE_CURVE('',#7972,#7974,#1887,.T.);
#11737=EDGE_CURVE('',#9576,#7970,#1774,.T.);
#11739=EDGE_CURVE('',#7970,#7972,#1891,.T.);
#11750=EDGE_CURVE('',#8026,#7968,#1778,.T.);
#11752=EDGE_CURVE('',#7968,#7970,#1895,.T.);
#11764=EDGE_CURVE('',#8024,#7966,#1782,.T.);
#11766=EDGE_CURVE('',#7966,#7968,#1899,.T.);
#11778=EDGE_CURVE('',#8022,#7965,#1786,.T.);
#11780=EDGE_CURVE('',#7965,#7966,#1903,.T.);
#11793=EDGE_CURVE('',#8156,#7965,#1907,.T.);
#11805=EDGE_CURVE('',#8159,#8160,#1794,.T.);
#11808=EDGE_CURVE('',#8020,#7962,#1798,.T.);
#11810=EDGE_CURVE('',#7962,#8159,#1806,.T.);
#11821=EDGE_CURVE('',#8159,#8152,#1802,.T.);
#11824=EDGE_CURVE('',#7960,#7962,#1810,.T.);
#11826=EDGE_CURVE('',#7958,#7960,#1814,.T.);
#11828=EDGE_CURVE('',#7957,#7958,#1819,.T.);
#11830=EDGE_CURVE('',#8002,#7957,#1823,.T.);
#11832=EDGE_CURVE('',#8000,#8002,#1827,.T.);
#11834=EDGE_CURVE('',#7998,#8000,#1831,.T.);
#11836=EDGE_CURVE('',#7996,#7998,#1835,.T.);
#11838=EDGE_CURVE('',#7994,#7996,#1839,.T.);
#11840=EDGE_CURVE('',#7992,#7994,#1843,.T.);
#11842=EDGE_CURVE('',#7990,#7992,#1847,.T.);
#11844=EDGE_CURVE('',#7988,#7990,#1851,.T.);
#11846=EDGE_CURVE('',#7986,#7988,#1855,.T.);
#11848=EDGE_CURVE('',#7984,#7986,#1859,.T.);
#11850=EDGE_CURVE('',#7982,#7984,#1863,.T.);
#11852=EDGE_CURVE('',#7981,#7982,#1867,.T.);
#11855=EDGE_CURVE('',#8006,#8012,#2027,.T.);
#11888=EDGE_CURVE('',#8018,#7960,#1919,.T.);
#11901=EDGE_CURVE('',#8016,#7958,#1923,.T.);
#11914=EDGE_CURVE('',#8014,#7957,#1927,.T.);
#11929=EDGE_CURVE('',#8046,#8002,#1931,.T.);
#11940=EDGE_CURVE('',#8044,#8000,#1935,.T.);
#11953=EDGE_CURVE('',#8042,#7998,#1939,.T.);
#11966=EDGE_CURVE('',#8040,#7996,#1943,.T.);
#11979=EDGE_CURVE('',#8038,#7994,#1947,.T.);
#11992=EDGE_CURVE('',#8036,#7992,#1951,.T.);
#12005=EDGE_CURVE('',#8034,#7990,#1955,.T.);
#12018=EDGE_CURVE('',#8032,#7988,#1959,.T.);
#12031=EDGE_CURVE('',#7954,#8009,#1983,.T.);
#12033=EDGE_CURVE('',#7954,#7986,#1963,.T.);
#12046=EDGE_CURVE('',#8009,#8010,#1995,.T.);
#12049=EDGE_CURVE('',#7949,#7950,#1971,.T.);
#12051=EDGE_CURVE('',#7950,#7952,#1975,.T.);
#12053=EDGE_CURVE('',#7952,#7954,#1979,.T.);
#12066=EDGE_CURVE('',#7891,#7892,#2003,.T.);
#12072=EDGE_CURVE('',#7895,#7896,#2011,.T.);
#12075=EDGE_CURVE('',#8012,#7906,#2031,.T.);
#12101=EDGE_CURVE('',#7848,#7837,#2015,.T.);
#12113=EDGE_CURVE('',#7847,#7838,#2019,.T.);
#12126=EDGE_CURVE('',#7850,#7840,#2023,.T.);
#12165=EDGE_CURVE('',#7950,#7982,#2043,.T.);
#12178=EDGE_CURVE('',#7952,#7984,#2047,.T.);
#12203=EDGE_CURVE('',#7758,#7860,#2055,.T.);
#12216=EDGE_CURVE('',#7756,#7858,#2063,.T.);
#12229=EDGE_CURVE('',#7754,#7856,#2071,.T.);
#12252=EDGE_CURVE('',#8642,#8652,#2083,.T.);
#12279=EDGE_CURVE('',#8757,#7812,#2135,.T.);
#12289=EDGE_CURVE('',#8802,#8824,#2099,.T.);
#12291=EDGE_CURVE('',#7776,#8802,#2147,.T.);
#12303=EDGE_CURVE('',#9591,#9592,#2111,.T.);
#12305=EDGE_CURVE('',#7410,#9591,#2281,.T.);
#12307=EDGE_CURVE('',#7410,#7343,#2115,.T.);
#12310=EDGE_CURVE('',#7412,#7344,#2318,.T.);
#12312=EDGE_CURVE('',#9595,#7412,#2243,.T.);
#12314=EDGE_CURVE('',#9595,#9596,#2123,.T.);
#12316=EDGE_CURVE('',#9596,#9592,#2127,.T.);
#12332=EDGE_CURVE('',#8750,#8802,#2151,.T.);
#12334=EDGE_CURVE('',#8846,#8750,#2155,.T.);
#12336=EDGE_CURVE('',#8844,#8846,#2159,.T.);
#12338=EDGE_CURVE('',#8844,#8838,#2163,.T.);
#12340=EDGE_CURVE('',#8810,#8838,#2167,.T.);
#12342=EDGE_CURVE('',#8809,#8810,#2171,.T.);
#12344=EDGE_CURVE('',#8814,#8809,#2175,.T.);
#12346=EDGE_CURVE('',#8818,#8814,#2179,.T.);
#12348=EDGE_CURVE('',#8818,#8820,#2183,.T.);
#12350=EDGE_CURVE('',#8781,#8820,#2569,.T.);
#12354=EDGE_CURVE('',#8790,#8786,#2195,.T.);
#12356=EDGE_CURVE('',#8792,#8790,#2199,.T.);
#12358=EDGE_CURVE('',#8796,#8792,#2203,.T.);
#12360=EDGE_CURVE('',#8796,#8842,#2207,.T.);
#12362=EDGE_CURVE('',#8840,#8842,#2211,.T.);
#12364=EDGE_CURVE('',#8758,#8840,#2215,.T.);
#12374=EDGE_CURVE('',#9682,#9652,#2219,.T.);
#12376=EDGE_CURVE('',#9652,#9591,#2285,.T.);
#12379=EDGE_CURVE('',#9592,#9682,#2223,.T.);
#12389=EDGE_CURVE('',#9651,#9652,#2260,.T.);
#12392=EDGE_CURVE('',#9684,#9682,#2305,.T.);
#12394=EDGE_CURVE('',#9654,#9684,#2301,.T.);
#12396=EDGE_CURVE('',#9654,#9647,#2235,.T.);
#12398=EDGE_CURVE('',#9647,#9602,#2227,.T.);
#12401=EDGE_CURVE('',#9651,#9604,#2334,.T.);
#12411=EDGE_CURVE('',#9647,#9648,#2231,.T.);
#12414=EDGE_CURVE('',#9654,#9595,#2239,.T.);
#12417=EDGE_CURVE('',#7412,#7924,#2248,.T.);
#12419=EDGE_CURVE('',#7924,#7926,#2252,.T.);
#12422=EDGE_CURVE('',#9648,#7822,#2256,.T.);
#12433=EDGE_CURVE('',#9651,#9656,#2264,.T.);
#12435=EDGE_CURVE('',#7826,#9656,#2268,.T.);
#12438=EDGE_CURVE('',#7929,#7930,#2272,.T.);
#12440=EDGE_CURVE('',#7930,#7410,#2277,.T.);
#12453=EDGE_CURVE('',#9648,#9600,#2289,.T.);
#12466=EDGE_CURVE('',#9638,#9599,#2293,.T.);
#12470=EDGE_CURVE('',#9648,#9640,#2297,.T.);
#12505=EDGE_CURVE('',#9596,#9684,#2309,.T.);
#12530=EDGE_CURVE('',#7924,#7408,#2326,.T.);
#12558=EDGE_CURVE('',#9656,#9606,#2338,.T.);
#12569=EDGE_CURVE('',#9656,#9643,#2342,.T.);
#12573=EDGE_CURVE('',#9644,#9608,#2346,.T.);
#12609=EDGE_CURVE('',#7930,#7406,#2363,.T.);
#12633=EDGE_CURVE('',#8749,#8750,#2367,.T.);
#12636=EDGE_CURVE('',#8800,#8802,#2371,.T.);
#12638=EDGE_CURVE('',#8749,#8800,#2387,.T.);
#12648=EDGE_CURVE('',#8684,#8846,#2375,.T.);
#12652=EDGE_CURVE('',#7468,#8749,#2415,.T.);
#12655=EDGE_CURVE('',#8684,#7466,#2379,.T.);
#12665=EDGE_CURVE('',#8844,#8683,#2383,.T.);
#12669=EDGE_CURVE('',#8683,#8684,#2625,.T.);
#12679=EDGE_CURVE('',#7463,#8836,#2423,.T.);
#12681=EDGE_CURVE('',#8838,#8836,#2447,.T.);
#12685=EDGE_CURVE('',#8683,#7464,#2629,.T.);
#12697=EDGE_CURVE('',#8800,#8826,#2391,.T.);
#12699=EDGE_CURVE('',#8826,#8830,#2395,.T.);
#12701=EDGE_CURVE('',#8830,#8834,#2399,.T.);
#12703=EDGE_CURVE('',#8746,#8834,#2403,.T.);
#12717=EDGE_CURVE('',#8806,#8836,#2419,.T.);
#12721=EDGE_CURVE('',#7374,#8806,#2427,.T.);
#12732=EDGE_CURVE('',#8826,#8824,#2431,.T.);
#12745=EDGE_CURVE('',#8830,#8828,#2435,.T.);
#12758=EDGE_CURVE('',#8832,#8834,#2439,.T.);
#12783=EDGE_CURVE('',#8810,#8806,#2451,.T.);
#12795=EDGE_CURVE('',#8805,#8806,#2509,.T.);
#12797=EDGE_CURVE('',#8809,#8805,#2565,.T.);
#12810=EDGE_CURVE('',#7372,#7370,#2459,.T.);
#12812=EDGE_CURVE('',#7363,#7372,#2463,.T.);
#12823=EDGE_CURVE('',#7387,#7388,#2471,.T.);
#12825=EDGE_CURVE('',#7478,#7387,#2475,.T.);
#12827=EDGE_CURVE('',#7404,#7478,#2480,.T.);
#12829=EDGE_CURVE('',#7403,#7404,#2484,.T.);
#12831=EDGE_CURVE('',#8742,#7403,#2489,.T.);
#12842=EDGE_CURVE('',#8794,#8788,#2497,.T.);
#12844=EDGE_CURVE('',#7355,#8788,#2501,.T.);
#12859=EDGE_CURVE('',#7368,#8805,#2517,.T.);
#12872=EDGE_CURVE('',#7400,#7372,#2521,.T.);
#12882=EDGE_CURVE('',#8816,#8822,#2525,.T.);
#12884=EDGE_CURVE('',#7364,#8816,#2553,.T.);
#12890=EDGE_CURVE('',#7398,#7478,#2529,.T.);
#12893=EDGE_CURVE('',#7387,#8822,#2533,.T.);
#12904=EDGE_CURVE('',#8818,#8816,#2537,.T.);
#12907=EDGE_CURVE('',#8822,#8820,#2541,.T.);
#12917=EDGE_CURVE('',#8816,#8812,#2549,.T.);
#12921=EDGE_CURVE('',#8814,#8812,#2545,.T.);
#12932=EDGE_CURVE('',#7366,#8812,#2561,.T.);
#12944=EDGE_CURVE('',#8812,#8805,#2557,.T.);
#12986=EDGE_CURVE('',#7396,#7404,#2573,.T.);
#12997=EDGE_CURVE('',#7394,#7403,#2577,.T.);
#13022=EDGE_CURVE('',#8790,#8788,#2585,.T.);
#13025=EDGE_CURVE('',#8792,#8794,#2597,.T.);
#13035=EDGE_CURVE('',#8788,#8784,#2593,.T.);
#13063=EDGE_CURVE('',#8798,#8796,#2601,.T.);
#13073=EDGE_CURVE('',#8688,#8842,#2605,.T.);
#13079=EDGE_CURVE('',#8688,#7474,#2609,.T.);
#13089=EDGE_CURVE('',#8840,#8687,#2613,.T.);
#13093=EDGE_CURVE('',#8687,#8688,#2617,.T.);
#13107=EDGE_CURVE('',#8687,#7472,#2621,.T.);
#13144=EDGE_CURVE('',#8163,#8164,#2637,.T.);
#13158=EDGE_CURVE('',#8120,#8065,#2649,.T.);
#13169=EDGE_CURVE('',#8171,#8172,#2641,.T.);
#13172=EDGE_CURVE('',#8118,#8062,#2645,.T.);
#13185=EDGE_CURVE('',#8122,#8066,#2653,.T.);
#13198=EDGE_CURVE('',#8124,#8068,#2657,.T.);
#13211=EDGE_CURVE('',#9582,#8070,#2661,.T.);
#13223=EDGE_CURVE('',#9584,#8072,#2665,.T.);
#13236=EDGE_CURVE('',#9586,#8074,#2669,.T.);
#13248=EDGE_CURVE('',#8126,#8076,#2673,.T.);
#13263=EDGE_CURVE('',#8128,#8078,#2677,.T.);
#13275=EDGE_CURVE('',#8106,#8049,#2697,.T.);
#13277=EDGE_CURVE('',#8049,#8081,#2757,.T.);
#13291=EDGE_CURVE('',#9588,#8110,#2761,.T.);
#13302=EDGE_CURVE('',#8054,#8105,#2681,.T.);
#13304=EDGE_CURVE('',#8052,#8054,#2685,.T.);
#13306=EDGE_CURVE('',#8050,#8052,#2689,.T.);
#13308=EDGE_CURVE('',#8049,#8050,#2693,.T.);
#13321=EDGE_CURVE('',#8130,#8088,#2705,.T.);
#13324=EDGE_CURVE('',#8054,#8086,#2701,.T.);
#13336=EDGE_CURVE('',#8132,#8090,#2709,.T.);
#13349=EDGE_CURVE('',#8134,#8092,#2713,.T.);
#13362=EDGE_CURVE('',#8136,#8094,#2717,.T.);
#13375=EDGE_CURVE('',#8138,#8096,#2721,.T.);
#13388=EDGE_CURVE('',#8140,#8098,#2725,.T.);
#13401=EDGE_CURVE('',#8142,#8100,#2729,.T.);
#13414=EDGE_CURVE('',#8144,#8102,#2733,.T.);
#13425=EDGE_CURVE('',#8112,#8057,#2737,.T.);
#13440=EDGE_CURVE('',#8114,#8058,#2741,.T.);
#13453=EDGE_CURVE('',#8116,#8060,#2745,.T.);
#13479=EDGE_CURVE('',#8052,#8084,#2749,.T.);
#13492=EDGE_CURVE('',#8050,#8082,#2753,.T.);
#13516=EDGE_CURVE('',#9574,#9553,#2781,.T.);
#13518=EDGE_CURVE('',#9553,#9554,#2801,.T.);
#13529=EDGE_CURVE('',#9572,#9550,#2765,.T.);
#13531=EDGE_CURVE('',#7796,#9572,#2769,.T.);
#13536=EDGE_CURVE('',#9546,#9556,#2773,.T.);
#13538=EDGE_CURVE('',#9553,#9556,#2777,.T.);
#13542=EDGE_CURVE('',#9544,#9550,#2785,.T.);
#13552=EDGE_CURVE('',#9548,#9535,#2789,.T.);
#13554=EDGE_CURVE('',#9548,#9564,#2833,.T.);
#13556=EDGE_CURVE('',#9564,#9566,#2841,.T.);
#13558=EDGE_CURVE('',#9566,#9568,#2849,.T.);
#13560=EDGE_CURVE('',#9568,#9570,#2857,.T.);
#13562=EDGE_CURVE('',#9570,#9572,#2865,.T.);
#13565=EDGE_CURVE('',#9536,#9550,#2793,.T.);
#13567=EDGE_CURVE('',#9535,#9536,#2797,.T.);
#13579=EDGE_CURVE('',#9542,#9556,#2805,.T.);
#13581=EDGE_CURVE('',#9540,#9542,#2809,.T.);
#13583=EDGE_CURVE('',#9539,#9540,#2813,.T.);
#13585=EDGE_CURVE('',#9560,#9539,#2817,.T.);
#13600=EDGE_CURVE('',#7786,#9548,#2837,.T.);
#13603=EDGE_CURVE('',#9525,#9535,#2873,.T.);
#13617=EDGE_CURVE('',#7788,#9564,#2845,.T.);
#13630=EDGE_CURVE('',#7790,#9566,#2853,.T.);
#13643=EDGE_CURVE('',#7792,#9568,#2861,.T.);
#13656=EDGE_CURVE('',#7794,#9570,#2869,.T.);
#13681=EDGE_CURVE('',#9526,#9536,#2877,.T.);
#13704=EDGE_CURVE('',#9532,#9542,#2881,.T.);
#13717=EDGE_CURVE('',#9530,#9540,#2885,.T.);
#13730=EDGE_CURVE('',#9529,#9539,#2889,.T.);
#13769=EDGE_CURVE('',#8627,#8628,#2901,.T.);
#13771=EDGE_CURVE('',#8628,#9663,#5373,.T.);
#13781=EDGE_CURVE('',#9509,#9510,#2905,.T.);
#13783=EDGE_CURVE('',#9510,#9514,#2909,.T.);
#13785=EDGE_CURVE('',#9513,#9514,#2913,.T.);
#13787=EDGE_CURVE('',#9513,#8628,#5377,.T.);
#13791=EDGE_CURVE('',#8631,#8632,#2917,.T.);
#13793=EDGE_CURVE('',#8632,#9349,#5361,.T.);
#13795=EDGE_CURVE('',#9349,#9350,#2921,.T.);
#13797=EDGE_CURVE('',#9350,#9354,#2925,.T.);
#13799=EDGE_CURVE('',#9353,#9354,#2929,.T.);
#13801=EDGE_CURVE('',#9353,#9381,#5345,.T.);
#13803=EDGE_CURVE('',#9381,#9382,#2933,.T.);
#13805=EDGE_CURVE('',#9382,#9386,#2937,.T.);
#13807=EDGE_CURVE('',#9385,#9386,#2941,.T.);
#13809=EDGE_CURVE('',#9385,#9413,#5329,.T.);
#13811=EDGE_CURVE('',#9413,#9414,#2945,.T.);
#13813=EDGE_CURVE('',#9414,#9418,#2949,.T.);
#13815=EDGE_CURVE('',#9417,#9418,#2953,.T.);
#13817=EDGE_CURVE('',#9417,#9461,#5313,.T.);
#13819=EDGE_CURVE('',#9461,#9462,#2957,.T.);
#13821=EDGE_CURVE('',#9462,#9466,#2961,.T.);
#13823=EDGE_CURVE('',#9465,#9466,#2965,.T.);
#13825=EDGE_CURVE('',#9465,#9509,#5297,.T.);
#13835=EDGE_CURVE('',#7725,#7726,#3134,.T.);
#13837=EDGE_CURVE('',#7726,#7695,#2969,.T.);
#13839=EDGE_CURVE('',#7695,#7696,#2973,.T.);
#13841=EDGE_CURVE('',#7696,#7698,#2977,.T.);
#13843=EDGE_CURVE('',#7698,#7700,#2981,.T.);
#13845=EDGE_CURVE('',#7700,#7702,#2986,.T.);
#13847=EDGE_CURVE('',#7702,#7704,#2990,.T.);
#13849=EDGE_CURVE('',#7704,#9470,#2995,.T.);
#13852=EDGE_CURVE('',#9469,#7725,#3262,.T.);
#13862=EDGE_CURVE('',#8354,#8390,#2999,.T.);
#13864=EDGE_CURVE('',#8390,#9476,#4783,.T.);
#13866=EDGE_CURVE('',#9476,#9480,#3672,.T.);
#13868=EDGE_CURVE('',#9480,#7689,#3003,.T.);
#13870=EDGE_CURVE('',#7689,#7690,#3008,.T.);
#13872=EDGE_CURVE('',#7690,#7692,#3012,.T.);
#13874=EDGE_CURVE('',#7692,#8354,#3017,.T.);
#13884=EDGE_CURVE('',#9293,#9294,#4071,.T.);
#13886=EDGE_CURVE('',#9294,#8563,#3021,.T.);
#13888=EDGE_CURVE('',#8563,#8564,#3025,.T.);
#13890=EDGE_CURVE('',#8564,#8566,#3029,.T.);
#13892=EDGE_CURVE('',#8566,#8568,#3033,.T.);
#13894=EDGE_CURVE('',#8568,#8570,#3038,.T.);
#13896=EDGE_CURVE('',#8570,#8572,#3042,.T.);
#13898=EDGE_CURVE('',#8572,#9486,#3047,.T.);
#13900=EDGE_CURVE('',#9485,#9486,#4287,.T.);
#13902=EDGE_CURVE('',#9485,#9293,#4199,.T.);
#13912=EDGE_CURVE('',#9301,#9302,#5273,.T.);
#13914=EDGE_CURVE('',#9301,#8357,#3052,.T.);
#13916=EDGE_CURVE('',#8357,#8358,#3056,.T.);
#13918=EDGE_CURVE('',#8358,#8360,#3060,.T.);
#13920=EDGE_CURVE('',#8360,#9280,#3064,.T.);
#13922=EDGE_CURVE('',#9280,#9282,#3068,.T.);
#13924=EDGE_CURVE('',#9282,#9284,#3072,.T.);
#13926=EDGE_CURVE('',#9284,#8363,#3076,.T.);
#13928=EDGE_CURVE('',#8363,#8364,#3080,.T.);
#13930=EDGE_CURVE('',#8364,#8366,#3084,.T.);
#13932=EDGE_CURVE('',#8366,#8368,#3088,.T.);
#13934=EDGE_CURVE('',#8368,#8370,#3092,.T.);
#13936=EDGE_CURVE('',#8370,#9302,#3096,.T.);
#13946=EDGE_CURVE('',#9493,#9494,#4059,.T.);
#13948=EDGE_CURVE('',#9494,#9500,#3918,.T.);
#13950=EDGE_CURVE('',#9500,#8555,#3100,.T.);
#13952=EDGE_CURVE('',#8555,#8556,#3105,.T.);
#13954=EDGE_CURVE('',#8556,#8558,#3109,.T.);
#13956=EDGE_CURVE('',#8558,#8560,#3114,.T.);
#13958=EDGE_CURVE('',#8560,#9493,#3118,.T.);
#13968=EDGE_CURVE('',#9505,#9025,#3122,.T.);
#13970=EDGE_CURVE('',#9006,#9025,#6526,.T.);
#13972=EDGE_CURVE('',#9006,#9022,#3126,.T.);
#13974=EDGE_CURVE('',#9022,#9510,#3130,.T.);
#13977=EDGE_CURVE('',#9505,#9509,#5293,.T.);
#13988=EDGE_CURVE('',#7725,#7685,#3138,.T.);
#13990=EDGE_CURVE('',#7685,#7686,#3142,.T.);
#13992=EDGE_CURVE('',#7682,#7686,#3146,.T.);
#13994=EDGE_CURVE('',#7681,#7682,#3150,.T.);
#13996=EDGE_CURVE('',#7681,#7448,#3154,.T.);
#13998=EDGE_CURVE('',#7448,#7452,#3158,.T.);
#14000=EDGE_CURVE('',#7450,#7452,#3162,.T.);
#14002=EDGE_CURVE('',#7446,#7450,#3166,.T.);
#14004=EDGE_CURVE('',#7446,#7424,#3170,.T.);
#14006=EDGE_CURVE('',#7424,#7428,#3174,.T.);
#14008=EDGE_CURVE('',#7426,#7428,#3178,.T.);
#14010=EDGE_CURVE('',#7422,#7426,#3182,.T.);
#14012=EDGE_CURVE('',#7422,#7569,#3186,.T.);
#14014=EDGE_CURVE('',#7569,#7570,#3190,.T.);
#14016=EDGE_CURVE('',#7566,#7570,#3194,.T.);
#14018=EDGE_CURVE('',#7565,#7566,#3198,.T.);
#14020=EDGE_CURVE('',#7565,#7379,#3202,.T.);
#14022=EDGE_CURVE('',#7379,#7380,#3206,.T.);
#14024=EDGE_CURVE('',#7384,#7380,#4799,.T.);
#14027=EDGE_CURVE('',#7383,#7729,#3214,.T.);
#14029=EDGE_CURVE('',#7729,#7730,#3218,.T.);
#14031=EDGE_CURVE('',#7726,#7730,#3222,.T.);
#14041=EDGE_CURVE('',#7415,#7422,#3226,.T.);
#14044=EDGE_CURVE('',#9313,#7569,#3234,.T.);
#14055=EDGE_CURVE('',#7439,#7446,#3238,.T.);
#14058=EDGE_CURVE('',#7419,#7424,#3246,.T.);
#14069=EDGE_CURVE('',#9421,#7681,#3250,.T.);
#14072=EDGE_CURVE('',#7443,#7448,#3258,.T.);
#14085=EDGE_CURVE('',#9425,#7685,#3270,.T.);
#14096=EDGE_CURVE('',#7520,#7379,#3274,.T.);
#14099=EDGE_CURVE('',#9309,#7565,#3278,.T.);
#14102=EDGE_CURVE('',#7512,#7520,#3286,.T.);
#14113=EDGE_CURVE('',#9473,#7729,#3294,.T.);
#14117=EDGE_CURVE('',#7514,#7526,#3302,.T.);
#14130=EDGE_CURVE('',#7426,#7579,#3306,.T.);
#14132=EDGE_CURVE('',#7579,#7580,#3310,.T.);
#14134=EDGE_CURVE('',#7580,#7582,#3314,.T.);
#14136=EDGE_CURVE('',#7582,#7584,#3318,.T.);
#14138=EDGE_CURVE('',#7584,#7586,#3323,.T.);
#14140=EDGE_CURVE('',#7586,#7588,#3327,.T.);
#14142=EDGE_CURVE('',#7588,#7416,#3332,.T.);
#14152=EDGE_CURVE('',#7431,#7432,#3720,.T.);
#14154=EDGE_CURVE('',#7432,#7573,#3336,.T.);
#14156=EDGE_CURVE('',#7573,#7574,#3341,.T.);
#14158=EDGE_CURVE('',#7574,#7576,#3345,.T.);
#14160=EDGE_CURVE('',#7576,#8234,#3350,.T.);
#14162=EDGE_CURVE('',#8234,#8270,#3354,.T.);
#14164=EDGE_CURVE('',#8270,#7431,#4747,.T.);
#14174=EDGE_CURVE('',#9209,#9210,#4119,.T.);
#14176=EDGE_CURVE('',#9210,#8443,#3358,.T.);
#14178=EDGE_CURVE('',#8443,#8444,#3362,.T.);
#14180=EDGE_CURVE('',#8444,#8446,#3366,.T.);
#14182=EDGE_CURVE('',#8446,#8448,#3370,.T.);
#14184=EDGE_CURVE('',#8448,#8450,#3375,.T.);
#14186=EDGE_CURVE('',#8450,#8452,#3379,.T.);
#14188=EDGE_CURVE('',#8452,#9358,#3384,.T.);
#14190=EDGE_CURVE('',#9357,#9358,#4251,.T.);
#14192=EDGE_CURVE('',#9357,#9209,#4163,.T.);
#14202=EDGE_CURVE('',#9217,#9218,#5225,.T.);
#14204=EDGE_CURVE('',#9217,#8237,#3389,.T.);
#14206=EDGE_CURVE('',#8237,#8238,#3393,.T.);
#14208=EDGE_CURVE('',#8238,#8240,#3397,.T.);
#14210=EDGE_CURVE('',#8240,#9196,#3401,.T.);
#14212=EDGE_CURVE('',#9196,#9198,#3405,.T.);
#14214=EDGE_CURVE('',#9198,#9200,#3409,.T.);
#14216=EDGE_CURVE('',#9200,#8243,#3413,.T.);
#14218=EDGE_CURVE('',#8243,#8244,#3417,.T.);
#14220=EDGE_CURVE('',#8244,#8246,#3421,.T.);
#14222=EDGE_CURVE('',#8246,#8248,#3425,.T.);
#14224=EDGE_CURVE('',#8248,#8250,#3429,.T.);
#14226=EDGE_CURVE('',#8250,#9218,#3433,.T.);
#14236=EDGE_CURVE('',#9365,#9366,#4023,.T.);
#14238=EDGE_CURVE('',#9366,#9372,#3966,.T.);
#14240=EDGE_CURVE('',#9372,#8435,#3437,.T.);
#14242=EDGE_CURVE('',#8435,#8436,#3442,.T.);
#14244=EDGE_CURVE('',#8436,#8438,#3446,.T.);
#14246=EDGE_CURVE('',#8438,#8440,#3451,.T.);
#14248=EDGE_CURVE('',#8440,#9365,#3455,.T.);
#14258=EDGE_CURVE('',#9377,#8917,#3459,.T.);
#14260=EDGE_CURVE('',#8898,#8917,#6842,.T.);
#14262=EDGE_CURVE('',#8898,#8914,#3463,.T.);
#14264=EDGE_CURVE('',#8914,#9382,#3467,.T.);
#14267=EDGE_CURVE('',#9377,#9381,#5341,.T.);
#14278=EDGE_CURVE('',#7428,#7597,#3497,.T.);
#14280=EDGE_CURVE('',#7579,#7597,#3652,.T.);
#14292=EDGE_CURVE('',#7606,#7420,#3472,.T.);
#14294=EDGE_CURVE('',#7604,#7606,#3476,.T.);
#14296=EDGE_CURVE('',#7602,#7604,#3481,.T.);
#14298=EDGE_CURVE('',#7600,#7602,#3485,.T.);
#14300=EDGE_CURVE('',#7598,#7600,#3489,.T.);
#14302=EDGE_CURVE('',#7597,#7598,#3493,.T.);
#14315=EDGE_CURVE('',#7435,#7436,#3712,.T.);
#14317=EDGE_CURVE('',#8272,#7435,#4755,.T.);
#14319=EDGE_CURVE('',#8252,#8272,#3501,.T.);
#14321=EDGE_CURVE('',#7594,#8252,#3506,.T.);
#14323=EDGE_CURVE('',#7592,#7594,#3510,.T.);
#14325=EDGE_CURVE('',#7591,#7592,#3515,.T.);
#14327=EDGE_CURVE('',#7436,#7591,#3519,.T.);
#14337=EDGE_CURVE('',#9213,#9214,#4111,.T.);
#14339=EDGE_CURVE('',#9361,#9213,#4183,.T.);
#14341=EDGE_CURVE('',#9361,#9362,#4259,.T.);
#14343=EDGE_CURVE('',#8472,#9362,#3524,.T.);
#14345=EDGE_CURVE('',#8470,#8472,#3528,.T.);
#14347=EDGE_CURVE('',#8468,#8470,#3533,.T.);
#14349=EDGE_CURVE('',#8466,#8468,#3537,.T.);
#14351=EDGE_CURVE('',#8464,#8466,#3541,.T.);
#14353=EDGE_CURVE('',#8463,#8464,#3545,.T.);
#14355=EDGE_CURVE('',#9214,#8463,#3549,.T.);
#14365=EDGE_CURVE('',#9221,#9222,#5233,.T.);
#14367=EDGE_CURVE('',#8268,#9222,#3553,.T.);
#14369=EDGE_CURVE('',#8266,#8268,#3557,.T.);
#14371=EDGE_CURVE('',#8264,#8266,#3561,.T.);
#14373=EDGE_CURVE('',#8262,#8264,#3565,.T.);
#14375=EDGE_CURVE('',#8261,#8262,#3569,.T.);
#14377=EDGE_CURVE('',#9206,#8261,#3573,.T.);
#14379=EDGE_CURVE('',#9204,#9206,#3577,.T.);
#14381=EDGE_CURVE('',#9202,#9204,#3581,.T.);
#14383=EDGE_CURVE('',#8258,#9202,#3585,.T.);
#14385=EDGE_CURVE('',#8256,#8258,#3589,.T.);
#14387=EDGE_CURVE('',#8255,#8256,#3593,.T.);
#14389=EDGE_CURVE('',#9221,#8255,#3598,.T.);
#14399=EDGE_CURVE('',#9369,#9370,#4031,.T.);
#14401=EDGE_CURVE('',#8460,#9369,#3602,.T.);
#14403=EDGE_CURVE('',#8458,#8460,#3607,.T.);
#14405=EDGE_CURVE('',#8456,#8458,#3611,.T.);
#14407=EDGE_CURVE('',#8455,#8456,#3616,.T.);
#14409=EDGE_CURVE('',#9374,#8455,#3620,.T.);
#14411=EDGE_CURVE('',#9370,#9374,#3958,.T.);
#14421=EDGE_CURVE('',#9386,#8901,#3624,.T.);
#14423=EDGE_CURVE('',#8885,#8901,#7000,.T.);
#14425=EDGE_CURVE('',#8918,#8885,#6846,.T.);
#14427=EDGE_CURVE('',#9378,#8918,#3628,.T.);
#14429=EDGE_CURVE('',#9378,#9385,#5333,.T.);
#14442=EDGE_CURVE('',#7588,#7606,#3632,.T.);
#14454=EDGE_CURVE('',#7586,#7604,#3636,.T.);
#14467=EDGE_CURVE('',#7584,#7602,#3640,.T.);
#14480=EDGE_CURVE('',#7582,#7600,#3644,.T.);
#14493=EDGE_CURVE('',#7580,#7598,#3648,.T.);
#14517=EDGE_CURVE('',#8733,#8728,#3656,.T.);
#14519=EDGE_CURVE('',#8733,#9478,#3660,.T.);
#14521=EDGE_CURVE('',#9478,#9482,#3664,.T.);
#14523=EDGE_CURVE('',#9480,#9482,#3668,.T.);
#14526=EDGE_CURVE('',#9476,#9430,#3676,.T.);
#14528=EDGE_CURVE('',#9430,#9434,#3680,.T.);
#14530=EDGE_CURVE('',#9432,#9434,#3684,.T.);
#14532=EDGE_CURVE('',#9428,#9432,#3688,.T.);
#14534=EDGE_CURVE('',#9428,#7459,#3692,.T.);
#14536=EDGE_CURVE('',#7459,#7460,#3696,.T.);
#14538=EDGE_CURVE('',#7456,#7460,#3700,.T.);
#14540=EDGE_CURVE('',#7455,#7456,#3704,.T.);
#14542=EDGE_CURVE('',#7455,#7435,#3708,.T.);
#14545=EDGE_CURVE('',#7432,#7436,#3716,.T.);
#14548=EDGE_CURVE('',#7431,#9318,#3724,.T.);
#14550=EDGE_CURVE('',#9318,#9322,#3728,.T.);
#14552=EDGE_CURVE('',#9320,#9322,#3732,.T.);
#14554=EDGE_CURVE('',#9316,#9320,#3736,.T.);
#14556=EDGE_CURVE('',#9316,#8740,#3740,.T.);
#14558=EDGE_CURVE('',#8738,#8740,#3744,.T.);
#14560=EDGE_CURVE('',#8728,#8738,#3765,.T.);
#14570=EDGE_CURVE('',#8728,#8729,#3761,.T.);
#14573=EDGE_CURVE('',#8731,#8733,#3753,.T.);
#14586=EDGE_CURVE('',#8736,#8738,#3773,.T.);
#14588=EDGE_CURVE('',#8736,#7347,#3777,.T.);
#14590=EDGE_CURVE('',#7351,#7347,#4361,.T.);
#14601=EDGE_CURVE('',#8736,#8737,#3806,.T.);
#14605=EDGE_CURVE('',#8740,#8737,#3790,.T.);
#14615=EDGE_CURVE('',#8699,#8697,#3794,.T.);
#14617=EDGE_CURVE('',#7742,#8697,#3836,.T.);
#14619=EDGE_CURVE('',#7741,#7742,#3849,.T.);
#14621=EDGE_CURVE('',#8710,#7741,#3869,.T.);
#14623=EDGE_CURVE('',#8710,#8711,#3798,.T.);
#14625=EDGE_CURVE('',#7734,#8711,#4007,.T.);
#14627=EDGE_CURVE('',#7733,#7734,#4143,.T.);
#14629=EDGE_CURVE('',#8705,#7733,#4215,.T.);
#14631=EDGE_CURVE('',#8705,#8703,#3802,.T.);
#14633=EDGE_CURVE('',#7348,#8703,#4340,.T.);
#14635=EDGE_CURVE('',#7347,#7348,#4353,.T.);
#14639=EDGE_CURVE('',#7380,#8737,#4731,.T.);
#14643=EDGE_CURVE('',#7500,#7520,#3810,.T.);
#14654=EDGE_CURVE('',#8696,#8697,#3845,.T.);
#14669=EDGE_CURVE('',#7742,#7746,#3832,.T.);
#14685=EDGE_CURVE('',#7741,#7745,#3857,.T.);
#14695=EDGE_CURVE('',#8710,#8712,#3865,.T.);
#14700=EDGE_CURVE('',#8715,#8716,#3881,.T.);
#14702=EDGE_CURVE('',#8712,#8715,#3885,.T.);
#14714=EDGE_CURVE('',#8712,#8714,#3898,.T.);
#14716=EDGE_CURVE('',#8714,#8711,#3894,.T.);
#14728=EDGE_CURVE('',#8720,#8715,#3902,.T.);
#14730=EDGE_CURVE('',#9498,#8720,#3906,.T.);
#14732=EDGE_CURVE('',#9498,#9502,#3910,.T.);
#14734=EDGE_CURVE('',#9500,#9502,#3914,.T.);
#14737=EDGE_CURVE('',#9450,#9494,#3922,.T.);
#14739=EDGE_CURVE('',#9450,#9454,#3926,.T.);
#14741=EDGE_CURVE('',#9452,#9454,#3930,.T.);
#14743=EDGE_CURVE('',#9446,#9452,#3934,.T.);
#14745=EDGE_CURVE('',#9402,#9446,#3938,.T.);
#14747=EDGE_CURVE('',#9402,#9406,#3942,.T.);
#14749=EDGE_CURVE('',#9404,#9406,#3946,.T.);
#14751=EDGE_CURVE('',#9398,#9404,#3950,.T.);
#14753=EDGE_CURVE('',#9370,#9398,#3954,.T.);
#14756=EDGE_CURVE('',#9372,#9374,#3962,.T.);
#14759=EDGE_CURVE('',#9338,#9366,#3970,.T.);
#14761=EDGE_CURVE('',#9338,#9342,#3974,.T.);
#14763=EDGE_CURVE('',#9340,#9342,#3978,.T.);
#14765=EDGE_CURVE('',#9334,#9340,#3982,.T.);
#14767=EDGE_CURVE('',#8714,#9334,#3986,.T.);
#14779=EDGE_CURVE('',#8718,#8720,#3995,.T.);
#14793=EDGE_CURVE('',#7734,#7738,#4003,.T.);
#14798=EDGE_CURVE('',#9333,#9334,#4011,.T.);
#14800=EDGE_CURVE('',#9333,#9337,#4015,.T.);
#14802=EDGE_CURVE('',#9337,#9338,#4019,.T.);
#14806=EDGE_CURVE('',#9365,#9369,#4027,.T.);
#14810=EDGE_CURVE('',#9397,#9398,#4035,.T.);
#14812=EDGE_CURVE('',#9397,#9401,#4039,.T.);
#14814=EDGE_CURVE('',#9401,#9402,#4043,.T.);
#14817=EDGE_CURVE('',#9445,#9446,#4047,.T.);
#14819=EDGE_CURVE('',#9445,#9449,#4051,.T.);
#14821=EDGE_CURVE('',#9449,#9450,#4055,.T.);
#14825=EDGE_CURVE('',#9493,#9497,#4063,.T.);
#14827=EDGE_CURVE('',#9497,#9498,#4067,.T.);
#14838=EDGE_CURVE('',#9269,#9293,#4075,.T.);
#14840=EDGE_CURVE('',#9269,#9270,#4079,.T.);
#14842=EDGE_CURVE('',#9266,#9270,#4083,.T.);
#14844=EDGE_CURVE('',#9265,#9266,#4087,.T.);
#14846=EDGE_CURVE('',#9241,#9265,#4091,.T.);
#14848=EDGE_CURVE('',#9241,#9242,#4095,.T.);
#14850=EDGE_CURVE('',#9238,#9242,#4099,.T.);
#14852=EDGE_CURVE('',#9237,#9238,#4103,.T.);
#14854=EDGE_CURVE('',#9213,#9237,#4107,.T.);
#14857=EDGE_CURVE('',#9210,#9214,#4115,.T.);
#14860=EDGE_CURVE('',#9185,#9209,#4123,.T.);
#14862=EDGE_CURVE('',#9185,#9186,#4127,.T.);
#14864=EDGE_CURVE('',#9182,#9186,#4131,.T.);
#14866=EDGE_CURVE('',#9181,#9182,#4135,.T.);
#14868=EDGE_CURVE('',#7733,#9181,#4139,.T.);
#14873=EDGE_CURVE('',#9297,#7737,#4151,.T.);
#14875=EDGE_CURVE('',#9297,#9298,#4155,.T.);
#14877=EDGE_CURVE('',#9294,#9298,#4159,.T.);
#14888=EDGE_CURVE('',#9329,#9357,#4167,.T.);
#14890=EDGE_CURVE('',#9329,#9185,#4171,.T.);
#14901=EDGE_CURVE('',#9389,#9237,#4175,.T.);
#14903=EDGE_CURVE('',#9361,#9389,#4179,.T.);
#14915=EDGE_CURVE('',#9437,#9265,#4187,.T.);
#14917=EDGE_CURVE('',#9393,#9437,#4191,.T.);
#14919=EDGE_CURVE('',#9393,#9241,#4195,.T.);
#14931=EDGE_CURVE('',#9441,#9485,#4203,.T.);
#14933=EDGE_CURVE('',#9441,#9269,#4207,.T.);
#14944=EDGE_CURVE('',#8707,#9325,#4211,.T.);
#14946=EDGE_CURVE('',#8705,#8707,#4312,.T.);
#14950=EDGE_CURVE('',#9325,#9181,#4219,.T.);
#14961=EDGE_CURVE('',#8727,#8724,#4349,.T.);
#14963=EDGE_CURVE('',#9489,#8727,#4227,.T.);
#14965=EDGE_CURVE('',#9489,#9297,#4231,.T.);
#14976=EDGE_CURVE('',#8707,#8702,#4235,.T.);
#14979=EDGE_CURVE('',#9325,#9326,#4239,.T.);
#14981=EDGE_CURVE('',#9326,#9330,#4243,.T.);
#14983=EDGE_CURVE('',#9329,#9330,#4247,.T.);
#14987=EDGE_CURVE('',#9358,#9362,#4255,.T.);
#14991=EDGE_CURVE('',#9389,#9390,#4263,.T.);
#14993=EDGE_CURVE('',#9390,#9394,#4267,.T.);
#14995=EDGE_CURVE('',#9393,#9394,#4271,.T.);
#14998=EDGE_CURVE('',#9437,#9438,#4275,.T.);
#15000=EDGE_CURVE('',#9438,#9442,#4279,.T.);
#15002=EDGE_CURVE('',#9441,#9442,#4283,.T.);
#15006=EDGE_CURVE('',#9486,#9490,#4291,.T.);
#15008=EDGE_CURVE('',#9489,#9490,#4295,.T.);
#15011=EDGE_CURVE('',#8725,#8727,#4299,.T.);
#15013=EDGE_CURVE('',#8725,#8702,#4303,.T.);
#15023=EDGE_CURVE('',#8702,#8703,#4320,.T.);
#15038=EDGE_CURVE('',#8723,#8725,#4328,.T.);
#15041=EDGE_CURVE('',#7352,#7348,#4336,.T.);
#15077=EDGE_CURVE('',#7566,#7535,#4365,.T.);
#15079=EDGE_CURVE('',#7535,#7536,#4369,.T.);
#15081=EDGE_CURVE('',#7536,#7538,#4373,.T.);
#15083=EDGE_CURVE('',#7538,#7540,#4377,.T.);
#15085=EDGE_CURVE('',#7540,#7542,#4382,.T.);
#15087=EDGE_CURVE('',#7542,#7544,#4386,.T.);
#15089=EDGE_CURVE('',#7544,#9310,#4391,.T.);
#15101=EDGE_CURVE('',#8194,#8230,#4395,.T.);
#15103=EDGE_CURVE('',#8230,#9316,#4735,.T.);
#15106=EDGE_CURVE('',#9320,#7529,#4399,.T.);
#15108=EDGE_CURVE('',#7529,#7530,#4404,.T.);
#15110=EDGE_CURVE('',#7530,#7532,#4408,.T.);
#15112=EDGE_CURVE('',#7532,#8194,#4413,.T.);
#15123=EDGE_CURVE('',#9182,#8403,#4417,.T.);
#15125=EDGE_CURVE('',#8403,#8404,#4421,.T.);
#15127=EDGE_CURVE('',#8404,#8406,#4425,.T.);
#15129=EDGE_CURVE('',#8406,#8408,#4429,.T.);
#15131=EDGE_CURVE('',#8408,#8410,#4434,.T.);
#15133=EDGE_CURVE('',#8410,#8412,#4438,.T.);
#15135=EDGE_CURVE('',#8412,#9326,#4443,.T.);
#15147=EDGE_CURVE('',#9189,#9190,#5209,.T.);
#15149=EDGE_CURVE('',#9189,#8197,#4448,.T.);
#15151=EDGE_CURVE('',#8197,#8198,#4452,.T.);
#15153=EDGE_CURVE('',#8198,#8200,#4456,.T.);
#15155=EDGE_CURVE('',#8200,#9168,#4460,.T.);
#15157=EDGE_CURVE('',#9168,#9170,#4464,.T.);
#15159=EDGE_CURVE('',#9170,#9172,#4468,.T.);
#15161=EDGE_CURVE('',#9172,#8203,#4472,.T.);
#15163=EDGE_CURVE('',#8203,#8204,#4476,.T.);
#15165=EDGE_CURVE('',#8204,#8206,#4480,.T.);
#15167=EDGE_CURVE('',#8206,#8208,#4484,.T.);
#15169=EDGE_CURVE('',#8208,#8210,#4488,.T.);
#15171=EDGE_CURVE('',#8210,#9190,#4492,.T.);
#15183=EDGE_CURVE('',#9340,#8395,#4496,.T.);
#15185=EDGE_CURVE('',#8395,#8396,#4501,.T.);
#15187=EDGE_CURVE('',#8396,#8398,#4505,.T.);
#15189=EDGE_CURVE('',#8398,#8400,#4510,.T.);
#15191=EDGE_CURVE('',#8400,#9333,#4514,.T.);
#15201=EDGE_CURVE('',#9345,#8881,#4518,.T.);
#15203=EDGE_CURVE('',#8862,#8881,#7030,.T.);
#15205=EDGE_CURVE('',#8862,#8878,#4522,.T.);
#15207=EDGE_CURVE('',#8878,#9350,#4526,.T.);
#15210=EDGE_CURVE('',#9345,#9349,#5357,.T.);
#15221=EDGE_CURVE('',#7570,#7553,#4556,.T.);
#15223=EDGE_CURVE('',#7535,#7553,#4711,.T.);
#15237=EDGE_CURVE('',#7562,#9314,#4531,.T.);
#15239=EDGE_CURVE('',#7560,#7562,#4535,.T.);
#15241=EDGE_CURVE('',#7558,#7560,#4540,.T.);
#15243=EDGE_CURVE('',#7556,#7558,#4544,.T.);
#15245=EDGE_CURVE('',#7554,#7556,#4548,.T.);
#15247=EDGE_CURVE('',#7553,#7554,#4552,.T.);
#15258=EDGE_CURVE('',#8212,#8232,#4560,.T.);
#15260=EDGE_CURVE('',#7550,#8212,#4565,.T.);
#15262=EDGE_CURVE('',#7548,#7550,#4569,.T.);
#15264=EDGE_CURVE('',#7547,#7548,#4574,.T.);
#15266=EDGE_CURVE('',#9322,#7547,#4578,.T.);
#15269=EDGE_CURVE('',#8232,#9318,#4743,.T.);
#15282=EDGE_CURVE('',#8432,#9330,#4583,.T.);
#15284=EDGE_CURVE('',#8430,#8432,#4587,.T.);
#15286=EDGE_CURVE('',#8428,#8430,#4592,.T.);
#15288=EDGE_CURVE('',#8426,#8428,#4596,.T.);
#15290=EDGE_CURVE('',#8424,#8426,#4600,.T.);
#15292=EDGE_CURVE('',#8423,#8424,#4604,.T.);
#15294=EDGE_CURVE('',#9186,#8423,#4608,.T.);
#15304=EDGE_CURVE('',#9193,#9194,#5217,.T.);
#15306=EDGE_CURVE('',#8228,#9194,#4612,.T.);
#15308=EDGE_CURVE('',#8226,#8228,#4616,.T.);
#15310=EDGE_CURVE('',#8224,#8226,#4620,.T.);
#15312=EDGE_CURVE('',#8222,#8224,#4624,.T.);
#15314=EDGE_CURVE('',#8221,#8222,#4628,.T.);
#15316=EDGE_CURVE('',#9178,#8221,#4632,.T.);
#15318=EDGE_CURVE('',#9176,#9178,#4636,.T.);
#15320=EDGE_CURVE('',#9174,#9176,#4640,.T.);
#15322=EDGE_CURVE('',#8218,#9174,#4644,.T.);
#15324=EDGE_CURVE('',#8216,#8218,#4648,.T.);
#15326=EDGE_CURVE('',#8215,#8216,#4652,.T.);
#15328=EDGE_CURVE('',#9193,#8215,#4657,.T.);
#15339=EDGE_CURVE('',#8420,#9337,#4661,.T.);
#15341=EDGE_CURVE('',#8418,#8420,#4666,.T.);
#15343=EDGE_CURVE('',#8416,#8418,#4670,.T.);
#15345=EDGE_CURVE('',#8415,#8416,#4675,.T.);
#15347=EDGE_CURVE('',#9342,#8415,#4679,.T.);
#15358=EDGE_CURVE('',#9354,#8865,#4683,.T.);
#15360=EDGE_CURVE('',#8849,#8865,#7188,.T.);
#15362=EDGE_CURVE('',#8882,#8849,#7034,.T.);
#15364=EDGE_CURVE('',#9346,#8882,#4687,.T.);
#15366=EDGE_CURVE('',#9346,#9353,#5349,.T.);
#15379=EDGE_CURVE('',#7544,#7562,#4691,.T.);
#15391=EDGE_CURVE('',#7542,#7560,#4695,.T.);
#15404=EDGE_CURVE('',#7540,#7558,#4699,.T.);
#15417=EDGE_CURVE('',#7538,#7556,#4703,.T.);
#15430=EDGE_CURVE('',#7536,#7554,#4707,.T.);
#15455=EDGE_CURVE('',#8194,#8212,#4715,.T.);
#15458=EDGE_CURVE('',#8230,#8232,#4739,.T.);
#15469=EDGE_CURVE('',#7532,#7550,#4719,.T.);
#15482=EDGE_CURVE('',#7530,#7548,#4723,.T.);
#15495=EDGE_CURVE('',#7529,#7547,#4727,.T.);
#15527=EDGE_CURVE('',#8270,#8272,#4751,.T.);
#15531=EDGE_CURVE('',#8310,#7455,#4759,.T.);
#15533=EDGE_CURVE('',#8310,#8312,#4763,.T.);
#15535=EDGE_CURVE('',#8312,#7459,#4767,.T.);
#15538=EDGE_CURVE('',#8350,#9428,#4771,.T.);
#15540=EDGE_CURVE('',#8350,#8352,#4775,.T.);
#15542=EDGE_CURVE('',#8352,#9430,#4779,.T.);
#15546=EDGE_CURVE('',#8390,#8392,#4787,.T.);
#15548=EDGE_CURVE('',#8392,#9478,#4791,.T.);
#15563=EDGE_CURVE('',#8234,#8252,#4803,.T.);
#15576=EDGE_CURVE('',#7576,#7594,#4807,.T.);
#15589=EDGE_CURVE('',#7574,#7592,#4811,.T.);
#15602=EDGE_CURVE('',#7573,#7591,#4815,.T.);
#15629=EDGE_CURVE('',#7450,#7615,#4819,.T.);
#15631=EDGE_CURVE('',#7615,#7616,#4823,.T.);
#15633=EDGE_CURVE('',#7616,#7618,#4827,.T.);
#15635=EDGE_CURVE('',#7618,#7620,#4831,.T.);
#15637=EDGE_CURVE('',#7620,#7622,#4836,.T.);
#15639=EDGE_CURVE('',#7622,#7624,#4840,.T.);
#15641=EDGE_CURVE('',#7624,#7440,#4845,.T.);
#15652=EDGE_CURVE('',#7456,#7609,#4849,.T.);
#15654=EDGE_CURVE('',#7609,#7610,#4854,.T.);
#15656=EDGE_CURVE('',#7610,#7612,#4858,.T.);
#15658=EDGE_CURVE('',#7612,#8274,#4863,.T.);
#15660=EDGE_CURVE('',#8274,#8310,#4867,.T.);
#15672=EDGE_CURVE('',#9238,#8483,#4871,.T.);
#15674=EDGE_CURVE('',#8483,#8484,#4875,.T.);
#15676=EDGE_CURVE('',#8484,#8486,#4879,.T.);
#15678=EDGE_CURVE('',#8486,#8488,#4883,.T.);
#15680=EDGE_CURVE('',#8488,#8490,#4888,.T.);
#15682=EDGE_CURVE('',#8490,#8492,#4892,.T.);
#15684=EDGE_CURVE('',#8492,#9390,#4897,.T.);
#15696=EDGE_CURVE('',#9245,#9246,#5241,.T.);
#15698=EDGE_CURVE('',#9245,#8277,#4902,.T.);
#15700=EDGE_CURVE('',#8277,#8278,#4906,.T.);
#15702=EDGE_CURVE('',#8278,#8280,#4910,.T.);
#15704=EDGE_CURVE('',#8280,#9224,#4914,.T.);
#15706=EDGE_CURVE('',#9224,#9226,#4918,.T.);
#15708=EDGE_CURVE('',#9226,#9228,#4922,.T.);
#15710=EDGE_CURVE('',#9228,#8283,#4926,.T.);
#15712=EDGE_CURVE('',#8283,#8284,#4930,.T.);
#15714=EDGE_CURVE('',#8284,#8286,#4934,.T.);
#15716=EDGE_CURVE('',#8286,#8288,#4938,.T.);
#15718=EDGE_CURVE('',#8288,#8290,#4942,.T.);
#15720=EDGE_CURVE('',#8290,#9246,#4946,.T.);
#15732=EDGE_CURVE('',#9404,#8475,#4950,.T.);
#15734=EDGE_CURVE('',#8475,#8476,#4955,.T.);
#15736=EDGE_CURVE('',#8476,#8478,#4959,.T.);
#15738=EDGE_CURVE('',#8478,#8480,#4964,.T.);
#15740=EDGE_CURVE('',#8480,#9397,#4968,.T.);
#15750=EDGE_CURVE('',#9409,#8953,#4972,.T.);
#15752=EDGE_CURVE('',#8934,#8953,#6654,.T.);
#15754=EDGE_CURVE('',#8934,#8950,#4976,.T.);
#15756=EDGE_CURVE('',#8950,#9414,#4980,.T.);
#15759=EDGE_CURVE('',#9409,#9413,#5325,.T.);
#15770=EDGE_CURVE('',#7452,#7633,#5010,.T.);
#15772=EDGE_CURVE('',#7615,#7633,#5165,.T.);
#15784=EDGE_CURVE('',#7642,#7444,#4985,.T.);
#15786=EDGE_CURVE('',#7640,#7642,#4989,.T.);
#15788=EDGE_CURVE('',#7638,#7640,#4994,.T.);
#15790=EDGE_CURVE('',#7636,#7638,#4998,.T.);
#15792=EDGE_CURVE('',#7634,#7636,#5002,.T.);
#15794=EDGE_CURVE('',#7633,#7634,#5006,.T.);
#15809=EDGE_CURVE('',#8292,#8312,#5014,.T.);
#15811=EDGE_CURVE('',#7630,#8292,#5019,.T.);
#15813=EDGE_CURVE('',#7628,#7630,#5023,.T.);
#15815=EDGE_CURVE('',#7627,#7628,#5028,.T.);
#15817=EDGE_CURVE('',#7460,#7627,#5032,.T.);
#15830=EDGE_CURVE('',#8512,#9394,#5037,.T.);
#15832=EDGE_CURVE('',#8510,#8512,#5041,.T.);
#15834=EDGE_CURVE('',#8508,#8510,#5046,.T.);
#15836=EDGE_CURVE('',#8506,#8508,#5050,.T.);
#15838=EDGE_CURVE('',#8504,#8506,#5054,.T.);
#15840=EDGE_CURVE('',#8503,#8504,#5058,.T.);
#15842=EDGE_CURVE('',#9242,#8503,#5062,.T.);
#15852=EDGE_CURVE('',#9249,#9250,#5249,.T.);
#15854=EDGE_CURVE('',#8308,#9250,#5066,.T.);
#15856=EDGE_CURVE('',#8306,#8308,#5070,.T.);
#15858=EDGE_CURVE('',#8304,#8306,#5074,.T.);
#15860=EDGE_CURVE('',#8302,#8304,#5078,.T.);
#15862=EDGE_CURVE('',#8301,#8302,#5082,.T.);
#15864=EDGE_CURVE('',#9234,#8301,#5086,.T.);
#15866=EDGE_CURVE('',#9232,#9234,#5090,.T.);
#15868=EDGE_CURVE('',#9230,#9232,#5094,.T.);
#15870=EDGE_CURVE('',#8298,#9230,#5098,.T.);
#15872=EDGE_CURVE('',#8296,#8298,#5102,.T.);
#15874=EDGE_CURVE('',#8295,#8296,#5106,.T.);
#15876=EDGE_CURVE('',#9249,#8295,#5111,.T.);
#15887=EDGE_CURVE('',#8500,#9401,#5115,.T.);
#15889=EDGE_CURVE('',#8498,#8500,#5120,.T.);
#15891=EDGE_CURVE('',#8496,#8498,#5124,.T.);
#15893=EDGE_CURVE('',#8495,#8496,#5129,.T.);
#15895=EDGE_CURVE('',#9406,#8495,#5133,.T.);
#15906=EDGE_CURVE('',#9418,#8937,#5137,.T.);
#15908=EDGE_CURVE('',#8921,#8937,#6812,.T.);
#15910=EDGE_CURVE('',#8954,#8921,#6658,.T.);
#15912=EDGE_CURVE('',#9410,#8954,#5141,.T.);
#15914=EDGE_CURVE('',#9410,#9417,#5317,.T.);
#15927=EDGE_CURVE('',#7624,#7642,#5145,.T.);
#15939=EDGE_CURVE('',#7622,#7640,#5149,.T.);
#15952=EDGE_CURVE('',#7620,#7638,#5153,.T.);
#15965=EDGE_CURVE('',#7618,#7636,#5157,.T.);
#15978=EDGE_CURVE('',#7616,#7634,#5161,.T.);
#16003=EDGE_CURVE('',#8274,#8292,#5169,.T.);
#16016=EDGE_CURVE('',#7612,#7630,#5173,.T.);
#16029=EDGE_CURVE('',#7610,#7628,#5177,.T.);
#16042=EDGE_CURVE('',#7609,#7627,#5181,.T.);
#16068=EDGE_CURVE('',#8492,#8512,#5185,.T.);
#16080=EDGE_CURVE('',#8490,#8510,#5189,.T.);
#16093=EDGE_CURVE('',#8488,#8508,#5193,.T.);
#16106=EDGE_CURVE('',#8486,#8506,#5197,.T.);
#16119=EDGE_CURVE('',#8484,#8504,#5201,.T.);
#16132=EDGE_CURVE('',#8483,#8503,#5205,.T.);
#16156=EDGE_CURVE('',#9505,#9506,#5289,.T.);
#16160=EDGE_CURVE('',#9458,#9465,#5301,.T.);
#16162=EDGE_CURVE('',#9457,#9458,#5305,.T.);
#16164=EDGE_CURVE('',#9457,#9461,#5309,.T.);
#16168=EDGE_CURVE('',#9409,#9410,#5321,.T.);
#16173=EDGE_CURVE('',#9377,#9378,#5337,.T.);
#16178=EDGE_CURVE('',#9345,#9346,#5353,.T.);
#16182=EDGE_CURVE('',#9664,#8632,#5365,.T.);
#16187=EDGE_CURVE('',#9506,#9513,#5381,.T.);
#16192=EDGE_CURVE('',#9218,#9222,#5229,.T.);
#16195=EDGE_CURVE('',#9217,#9221,#5237,.T.);
#16200=EDGE_CURVE('',#9246,#9250,#5245,.T.);
#16203=EDGE_CURVE('',#9245,#9249,#5253,.T.);
#16207=EDGE_CURVE('',#9273,#9274,#5257,.T.);
#16209=EDGE_CURVE('',#9274,#9278,#5261,.T.);
#16211=EDGE_CURVE('',#9277,#9278,#5265,.T.);
#16213=EDGE_CURVE('',#9273,#9277,#5269,.T.);
#16218=EDGE_CURVE('',#9302,#9306,#5277,.T.);
#16220=EDGE_CURVE('',#9305,#9306,#5281,.T.);
#16222=EDGE_CURVE('',#9301,#9305,#5285,.T.);
#16227=EDGE_CURVE('',#9190,#9194,#5213,.T.);
#16230=EDGE_CURVE('',#9189,#9193,#5221,.T.);
#16242=EDGE_CURVE('',#8210,#8228,#5385,.T.);
#16254=EDGE_CURVE('',#8208,#8226,#5389,.T.);
#16267=EDGE_CURVE('',#8206,#8224,#5393,.T.);
#16280=EDGE_CURVE('',#8204,#8222,#5397,.T.);
#16293=EDGE_CURVE('',#8203,#8221,#5401,.T.);
#16306=EDGE_CURVE('',#9172,#9178,#5405,.T.);
#16319=EDGE_CURVE('',#9170,#9176,#5409,.T.);
#16332=EDGE_CURVE('',#9168,#9174,#5413,.T.);
#16345=EDGE_CURVE('',#8200,#8218,#5417,.T.);
#16358=EDGE_CURVE('',#8198,#8216,#5421,.T.);
#16371=EDGE_CURVE('',#8197,#8215,#5425,.T.);
#16397=EDGE_CURVE('',#8250,#8268,#5429,.T.);
#16409=EDGE_CURVE('',#8248,#8266,#5433,.T.);
#16422=EDGE_CURVE('',#8246,#8264,#5437,.T.);
#16435=EDGE_CURVE('',#8244,#8262,#5441,.T.);
#16448=EDGE_CURVE('',#8243,#8261,#5445,.T.);
#16461=EDGE_CURVE('',#9200,#9206,#5449,.T.);
#16474=EDGE_CURVE('',#9198,#9204,#5453,.T.);
#16487=EDGE_CURVE('',#9196,#9202,#5457,.T.);
#16500=EDGE_CURVE('',#8240,#8258,#5461,.T.);
#16513=EDGE_CURVE('',#8238,#8256,#5465,.T.);
#16526=EDGE_CURVE('',#8237,#8255,#5469,.T.);
#16552=EDGE_CURVE('',#8290,#8308,#5473,.T.);
#16564=EDGE_CURVE('',#8288,#8306,#5477,.T.);
#16577=EDGE_CURVE('',#8286,#8304,#5481,.T.);
#16590=EDGE_CURVE('',#8284,#8302,#5485,.T.);
#16603=EDGE_CURVE('',#8283,#8301,#5489,.T.);
#16616=EDGE_CURVE('',#9228,#9234,#5493,.T.);
#16629=EDGE_CURVE('',#9226,#9232,#5497,.T.);
#16642=EDGE_CURVE('',#9224,#9230,#5501,.T.);
#16655=EDGE_CURVE('',#8280,#8298,#5505,.T.);
#16668=EDGE_CURVE('',#8278,#8296,#5509,.T.);
#16681=EDGE_CURVE('',#8277,#8295,#5513,.T.);
#16706=EDGE_CURVE('',#7682,#7651,#5517,.T.);
#16708=EDGE_CURVE('',#7651,#7652,#5521,.T.);
#16710=EDGE_CURVE('',#7652,#7654,#5525,.T.);
#16712=EDGE_CURVE('',#7654,#7656,#5529,.T.);
#16714=EDGE_CURVE('',#7656,#7658,#5534,.T.);
#16716=EDGE_CURVE('',#7658,#7660,#5538,.T.);
#16718=EDGE_CURVE('',#7660,#9422,#5543,.T.);
#16730=EDGE_CURVE('',#8314,#8350,#5547,.T.);
#16734=EDGE_CURVE('',#9432,#7645,#5551,.T.);
#16736=EDGE_CURVE('',#7645,#7646,#5556,.T.);
#16738=EDGE_CURVE('',#7646,#7648,#5560,.T.);
#16740=EDGE_CURVE('',#7648,#8314,#5565,.T.);
#16751=EDGE_CURVE('',#9266,#8523,#5569,.T.);
#16753=EDGE_CURVE('',#8523,#8524,#5573,.T.);
#16755=EDGE_CURVE('',#8524,#8526,#5577,.T.);
#16757=EDGE_CURVE('',#8526,#8528,#5581,.T.);
#16759=EDGE_CURVE('',#8528,#8530,#5586,.T.);
#16761=EDGE_CURVE('',#8530,#8532,#5590,.T.);
#16763=EDGE_CURVE('',#8532,#9438,#5595,.T.);
#16776=EDGE_CURVE('',#9273,#8317,#5600,.T.);
#16778=EDGE_CURVE('',#8317,#8318,#5604,.T.);
#16780=EDGE_CURVE('',#8318,#8320,#5608,.T.);
#16782=EDGE_CURVE('',#8320,#9252,#5612,.T.);
#16784=EDGE_CURVE('',#9252,#9254,#5616,.T.);
#16786=EDGE_CURVE('',#9254,#9256,#5620,.T.);
#16788=EDGE_CURVE('',#9256,#8323,#5624,.T.);
#16790=EDGE_CURVE('',#8323,#8324,#5628,.T.);
#16792=EDGE_CURVE('',#8324,#8326,#5632,.T.);
#16794=EDGE_CURVE('',#8326,#8328,#5636,.T.);
#16796=EDGE_CURVE('',#8328,#8330,#5640,.T.);
#16798=EDGE_CURVE('',#8330,#9274,#5644,.T.);
#16810=EDGE_CURVE('',#9452,#8515,#5648,.T.);
#16812=EDGE_CURVE('',#8515,#8516,#5653,.T.);
#16814=EDGE_CURVE('',#8516,#8518,#5657,.T.);
#16816=EDGE_CURVE('',#8518,#8520,#5662,.T.);
#16818=EDGE_CURVE('',#8520,#9445,#5666,.T.);
#16828=EDGE_CURVE('',#9457,#8989,#5670,.T.);
#16830=EDGE_CURVE('',#8970,#8989,#6053,.T.);
#16832=EDGE_CURVE('',#8970,#8986,#5674,.T.);
#16834=EDGE_CURVE('',#8986,#9462,#5678,.T.);
#16847=EDGE_CURVE('',#7686,#7669,#5708,.T.);
#16849=EDGE_CURVE('',#7651,#7669,#5863,.T.);
#16863=EDGE_CURVE('',#7678,#9426,#5683,.T.);
#16865=EDGE_CURVE('',#7676,#7678,#5687,.T.);
#16867=EDGE_CURVE('',#7674,#7676,#5692,.T.);
#16869=EDGE_CURVE('',#7672,#7674,#5696,.T.);
#16871=EDGE_CURVE('',#7670,#7672,#5700,.T.);
#16873=EDGE_CURVE('',#7669,#7670,#5704,.T.);
#16884=EDGE_CURVE('',#8332,#8352,#5712,.T.);
#16886=EDGE_CURVE('',#7666,#8332,#5717,.T.);
#16888=EDGE_CURVE('',#7664,#7666,#5721,.T.);
#16890=EDGE_CURVE('',#7663,#7664,#5726,.T.);
#16892=EDGE_CURVE('',#9434,#7663,#5730,.T.);
#16907=EDGE_CURVE('',#8552,#9442,#5735,.T.);
#16909=EDGE_CURVE('',#8550,#8552,#5739,.T.);
#16911=EDGE_CURVE('',#8548,#8550,#5744,.T.);
#16913=EDGE_CURVE('',#8546,#8548,#5748,.T.);
#16915=EDGE_CURVE('',#8544,#8546,#5752,.T.);
#16917=EDGE_CURVE('',#8543,#8544,#5756,.T.);
#16919=EDGE_CURVE('',#9270,#8543,#5760,.T.);
#16930=EDGE_CURVE('',#8348,#9278,#5764,.T.);
#16932=EDGE_CURVE('',#8346,#8348,#5768,.T.);
#16934=EDGE_CURVE('',#8344,#8346,#5772,.T.);
#16936=EDGE_CURVE('',#8342,#8344,#5776,.T.);
#16938=EDGE_CURVE('',#8341,#8342,#5780,.T.);
#16940=EDGE_CURVE('',#9262,#8341,#5784,.T.);
#16942=EDGE_CURVE('',#9260,#9262,#5788,.T.);
#16944=EDGE_CURVE('',#9258,#9260,#5792,.T.);
#16946=EDGE_CURVE('',#8338,#9258,#5796,.T.);
#16948=EDGE_CURVE('',#8336,#8338,#5800,.T.);
#16950=EDGE_CURVE('',#8335,#8336,#5804,.T.);
#16952=EDGE_CURVE('',#9277,#8335,#5809,.T.);
#16963=EDGE_CURVE('',#8540,#9449,#5813,.T.);
#16965=EDGE_CURVE('',#8538,#8540,#5818,.T.);
#16967=EDGE_CURVE('',#8536,#8538,#5822,.T.);
#16969=EDGE_CURVE('',#8535,#8536,#5827,.T.);
#16971=EDGE_CURVE('',#9454,#8535,#5831,.T.);
#16982=EDGE_CURVE('',#9466,#8973,#5835,.T.);
#16984=EDGE_CURVE('',#8957,#8973,#6135,.T.);
#16986=EDGE_CURVE('',#8990,#8957,#6057,.T.);
#16988=EDGE_CURVE('',#9458,#8990,#5839,.T.);
#17002=EDGE_CURVE('',#7660,#7678,#5843,.T.);
#17014=EDGE_CURVE('',#7658,#7676,#5847,.T.);
#17027=EDGE_CURVE('',#7656,#7674,#5851,.T.);
#17040=EDGE_CURVE('',#7654,#7672,#5855,.T.);
#17053=EDGE_CURVE('',#7652,#7670,#5859,.T.);
#17078=EDGE_CURVE('',#8314,#8332,#5867,.T.);
#17091=EDGE_CURVE('',#7648,#7666,#5871,.T.);
#17104=EDGE_CURVE('',#7646,#7664,#5875,.T.);
#17117=EDGE_CURVE('',#7645,#7663,#5879,.T.);
#17143=EDGE_CURVE('',#8532,#8552,#5883,.T.);
#17155=EDGE_CURVE('',#8530,#8550,#5887,.T.);
#17168=EDGE_CURVE('',#8528,#8548,#5891,.T.);
#17181=EDGE_CURVE('',#8526,#8546,#5895,.T.);
#17194=EDGE_CURVE('',#8524,#8544,#5899,.T.);
#17207=EDGE_CURVE('',#8523,#8543,#5903,.T.);
#17233=EDGE_CURVE('',#8330,#8348,#5907,.T.);
#17245=EDGE_CURVE('',#8328,#8346,#5911,.T.);
#17258=EDGE_CURVE('',#8326,#8344,#5915,.T.);
#17271=EDGE_CURVE('',#8324,#8342,#5919,.T.);
#17284=EDGE_CURVE('',#8323,#8341,#5923,.T.);
#17297=EDGE_CURVE('',#9256,#9262,#5927,.T.);
#17310=EDGE_CURVE('',#9254,#9260,#5931,.T.);
#17323=EDGE_CURVE('',#9252,#9258,#5935,.T.);
#17336=EDGE_CURVE('',#8320,#8338,#5939,.T.);
#17349=EDGE_CURVE('',#8318,#8336,#5943,.T.);
#17362=EDGE_CURVE('',#8317,#8335,#5947,.T.);
#17388=EDGE_CURVE('',#8520,#8540,#5951,.T.);
#17400=EDGE_CURVE('',#8518,#8538,#5955,.T.);
#17413=EDGE_CURVE('',#8516,#8536,#5959,.T.);
#17426=EDGE_CURVE('',#8515,#8535,#5963,.T.);
#17450=EDGE_CURVE('',#8981,#9138,#5967,.T.);
#17452=EDGE_CURVE('',#9124,#9138,#5971,.T.);
#17454=EDGE_CURVE('',#9124,#8978,#5975,.T.);
#17456=EDGE_CURVE('',#8976,#8978,#5980,.T.);
#17458=EDGE_CURVE('',#8974,#8976,#5984,.T.);
#17460=EDGE_CURVE('',#8973,#8974,#5989,.T.);
#17465=EDGE_CURVE('',#8984,#8986,#5994,.T.);
#17467=EDGE_CURVE('',#8982,#8984,#5998,.T.);
#17469=EDGE_CURVE('',#8981,#8982,#6003,.T.);
#17479=EDGE_CURVE('',#9127,#8965,#6035,.T.);
#17481=EDGE_CURVE('',#9127,#9128,#6007,.T.);
#17483=EDGE_CURVE('',#9128,#9130,#6011,.T.);
#17485=EDGE_CURVE('',#9130,#9132,#6015,.T.);
#17487=EDGE_CURVE('',#9132,#9134,#6019,.T.);
#17489=EDGE_CURVE('',#9134,#9136,#6023,.T.);
#17491=EDGE_CURVE('',#9136,#9138,#6027,.T.);
#17494=EDGE_CURVE('',#8965,#8981,#6139,.T.);
#17504=EDGE_CURVE('',#8962,#9113,#6031,.T.);
#17506=EDGE_CURVE('',#9113,#9127,#6123,.T.);
#17509=EDGE_CURVE('',#8965,#8966,#6040,.T.);
#17511=EDGE_CURVE('',#8966,#8968,#6044,.T.);
#17513=EDGE_CURVE('',#8968,#8970,#6049,.T.);
#17516=EDGE_CURVE('',#8989,#8990,#6151,.T.);
#17519=EDGE_CURVE('',#8957,#8958,#6062,.T.);
#17521=EDGE_CURVE('',#8958,#8960,#6066,.T.);
#17523=EDGE_CURVE('',#8960,#8962,#6071,.T.);
#17534=EDGE_CURVE('',#9122,#9124,#6075,.T.);
#17536=EDGE_CURVE('',#9120,#9122,#6079,.T.);
#17538=EDGE_CURVE('',#9118,#9120,#6083,.T.);
#17540=EDGE_CURVE('',#9116,#9118,#6087,.T.);
#17542=EDGE_CURVE('',#9114,#9116,#6091,.T.);
#17544=EDGE_CURVE('',#9113,#9114,#6095,.T.);
#17547=EDGE_CURVE('',#8962,#8978,#6099,.T.);
#17560=EDGE_CURVE('',#9122,#9136,#6103,.T.);
#17573=EDGE_CURVE('',#9120,#9134,#6107,.T.);
#17586=EDGE_CURVE('',#9118,#9132,#6111,.T.);
#17599=EDGE_CURVE('',#9116,#9130,#6115,.T.);
#17612=EDGE_CURVE('',#9114,#9128,#6119,.T.);
#17635=EDGE_CURVE('',#8960,#8976,#6127,.T.);
#17648=EDGE_CURVE('',#8958,#8974,#6131,.T.);
#17675=EDGE_CURVE('',#8966,#8982,#6143,.T.);
#17688=EDGE_CURVE('',#8968,#8984,#6147,.T.);
#17724=EDGE_CURVE('',#8370,#8388,#6155,.T.);
#17726=EDGE_CURVE('',#8388,#9306,#6281,.T.);
#17737=EDGE_CURVE('',#8368,#8386,#6159,.T.);
#17739=EDGE_CURVE('',#8386,#8388,#6285,.T.);
#17751=EDGE_CURVE('',#8366,#8384,#6163,.T.);
#17753=EDGE_CURVE('',#8384,#8386,#6289,.T.);
#17765=EDGE_CURVE('',#8364,#8382,#6167,.T.);
#17767=EDGE_CURVE('',#8382,#8384,#6293,.T.);
#17779=EDGE_CURVE('',#8363,#8381,#6171,.T.);
#17781=EDGE_CURVE('',#8381,#8382,#6297,.T.);
#17793=EDGE_CURVE('',#9284,#9290,#6175,.T.);
#17795=EDGE_CURVE('',#9290,#8381,#6301,.T.);
#17807=EDGE_CURVE('',#9282,#9288,#6179,.T.);
#17809=EDGE_CURVE('',#9288,#9290,#6305,.T.);
#17821=EDGE_CURVE('',#9280,#9286,#6183,.T.);
#17823=EDGE_CURVE('',#9286,#9288,#6309,.T.);
#17835=EDGE_CURVE('',#8360,#8378,#6187,.T.);
#17837=EDGE_CURVE('',#8378,#9286,#6313,.T.);
#17849=EDGE_CURVE('',#8358,#8376,#6191,.T.);
#17851=EDGE_CURVE('',#8376,#8378,#6317,.T.);
#17863=EDGE_CURVE('',#8357,#8375,#6195,.T.);
#17865=EDGE_CURVE('',#8375,#8376,#6321,.T.);
#17878=EDGE_CURVE('',#9305,#8375,#6326,.T.);
#17892=EDGE_CURVE('',#7722,#9474,#6200,.T.);
#17894=EDGE_CURVE('',#7720,#7722,#6204,.T.);
#17896=EDGE_CURVE('',#7718,#7720,#6209,.T.);
#17898=EDGE_CURVE('',#7716,#7718,#6213,.T.);
#17900=EDGE_CURVE('',#7714,#7716,#6217,.T.);
#17902=EDGE_CURVE('',#7713,#7714,#6221,.T.);
#17904=EDGE_CURVE('',#7730,#7713,#6225,.T.);
#17914=EDGE_CURVE('',#8372,#8392,#6229,.T.);
#17916=EDGE_CURVE('',#7710,#8372,#6234,.T.);
#17918=EDGE_CURVE('',#7708,#7710,#6238,.T.);
#17920=EDGE_CURVE('',#7707,#7708,#6243,.T.);
#17922=EDGE_CURVE('',#9482,#7707,#6247,.T.);
#17937=EDGE_CURVE('',#8592,#9490,#6252,.T.);
#17939=EDGE_CURVE('',#8590,#8592,#6256,.T.);
#17941=EDGE_CURVE('',#8588,#8590,#6261,.T.);
#17943=EDGE_CURVE('',#8586,#8588,#6265,.T.);
#17945=EDGE_CURVE('',#8584,#8586,#6269,.T.);
#17947=EDGE_CURVE('',#8583,#8584,#6273,.T.);
#17949=EDGE_CURVE('',#9298,#8583,#6277,.T.);
#17981=EDGE_CURVE('',#8580,#9497,#6330,.T.);
#17983=EDGE_CURVE('',#8578,#8580,#6335,.T.);
#17985=EDGE_CURVE('',#8576,#8578,#6339,.T.);
#17987=EDGE_CURVE('',#8575,#8576,#6344,.T.);
#17989=EDGE_CURVE('',#9502,#8575,#6348,.T.);
#18000=EDGE_CURVE('',#9514,#9009,#6352,.T.);
#18002=EDGE_CURVE('',#8993,#9009,#6608,.T.);
#18004=EDGE_CURVE('',#9026,#8993,#6530,.T.);
#18006=EDGE_CURVE('',#9506,#9026,#6356,.T.);
#18020=EDGE_CURVE('',#7704,#7722,#6360,.T.);
#18032=EDGE_CURVE('',#7702,#7720,#6364,.T.);
#18045=EDGE_CURVE('',#7700,#7718,#6368,.T.);
#18058=EDGE_CURVE('',#7698,#7716,#6372,.T.);
#18071=EDGE_CURVE('',#7696,#7714,#6376,.T.);
#18084=EDGE_CURVE('',#7695,#7713,#6380,.T.);
#18109=EDGE_CURVE('',#8354,#8372,#6384,.T.);
#18122=EDGE_CURVE('',#7692,#7710,#6388,.T.);
#18135=EDGE_CURVE('',#7690,#7708,#6392,.T.);
#18148=EDGE_CURVE('',#7689,#7707,#6396,.T.);
#18174=EDGE_CURVE('',#8572,#8592,#6400,.T.);
#18186=EDGE_CURVE('',#8570,#8590,#6404,.T.);
#18199=EDGE_CURVE('',#8568,#8588,#6408,.T.);
#18212=EDGE_CURVE('',#8566,#8586,#6412,.T.);
#18225=EDGE_CURVE('',#8564,#8584,#6416,.T.);
#18238=EDGE_CURVE('',#8563,#8583,#6420,.T.);
#18264=EDGE_CURVE('',#8560,#8580,#6424,.T.);
#18276=EDGE_CURVE('',#8558,#8578,#6428,.T.);
#18289=EDGE_CURVE('',#8556,#8576,#6432,.T.);
#18302=EDGE_CURVE('',#8555,#8575,#6436,.T.);
#18326=EDGE_CURVE('',#9017,#9166,#6440,.T.);
#18328=EDGE_CURVE('',#9152,#9166,#6444,.T.);
#18330=EDGE_CURVE('',#9152,#9014,#6448,.T.);
#18332=EDGE_CURVE('',#9012,#9014,#6453,.T.);
#18334=EDGE_CURVE('',#9010,#9012,#6457,.T.);
#18336=EDGE_CURVE('',#9009,#9010,#6462,.T.);
#18341=EDGE_CURVE('',#9020,#9022,#6467,.T.);
#18343=EDGE_CURVE('',#9018,#9020,#6471,.T.);
#18345=EDGE_CURVE('',#9017,#9018,#6476,.T.);
#18355=EDGE_CURVE('',#9155,#9001,#6508,.T.);
#18357=EDGE_CURVE('',#9155,#9156,#6480,.T.);
#18359=EDGE_CURVE('',#9156,#9158,#6484,.T.);
#18361=EDGE_CURVE('',#9158,#9160,#6488,.T.);
#18363=EDGE_CURVE('',#9160,#9162,#6492,.T.);
#18365=EDGE_CURVE('',#9162,#9164,#6496,.T.);
#18367=EDGE_CURVE('',#9164,#9166,#6500,.T.);
#18370=EDGE_CURVE('',#9001,#9017,#6612,.T.);
#18380=EDGE_CURVE('',#8998,#9141,#6504,.T.);
#18382=EDGE_CURVE('',#9141,#9155,#6596,.T.);
#18385=EDGE_CURVE('',#9001,#9002,#6513,.T.);
#18387=EDGE_CURVE('',#9002,#9004,#6517,.T.);
#18389=EDGE_CURVE('',#9004,#9006,#6522,.T.);
#18392=EDGE_CURVE('',#9025,#9026,#6624,.T.);
#18395=EDGE_CURVE('',#8993,#8994,#6535,.T.);
#18397=EDGE_CURVE('',#8994,#8996,#6539,.T.);
#18399=EDGE_CURVE('',#8996,#8998,#6544,.T.);
#18410=EDGE_CURVE('',#9150,#9152,#6548,.T.);
#18412=EDGE_CURVE('',#9148,#9150,#6552,.T.);
#18414=EDGE_CURVE('',#9146,#9148,#6556,.T.);
#18416=EDGE_CURVE('',#9144,#9146,#6560,.T.);
#18418=EDGE_CURVE('',#9142,#9144,#6564,.T.);
#18420=EDGE_CURVE('',#9141,#9142,#6568,.T.);
#18423=EDGE_CURVE('',#8998,#9014,#6572,.T.);
#18436=EDGE_CURVE('',#9150,#9164,#6576,.T.);
#18449=EDGE_CURVE('',#9148,#9162,#6580,.T.);
#18462=EDGE_CURVE('',#9146,#9160,#6584,.T.);
#18475=EDGE_CURVE('',#9144,#9158,#6588,.T.);
#18488=EDGE_CURVE('',#9142,#9156,#6592,.T.);
#18511=EDGE_CURVE('',#8996,#9012,#6600,.T.);
#18524=EDGE_CURVE('',#8994,#9010,#6604,.T.);
#18551=EDGE_CURVE('',#9002,#9018,#6616,.T.);
#18564=EDGE_CURVE('',#9004,#9020,#6620,.T.);
#18598=EDGE_CURVE('',#8953,#8954,#6628,.T.);
#18611=EDGE_CURVE('',#8926,#9085,#6632,.T.);
#18613=EDGE_CURVE('',#9085,#9099,#6768,.T.);
#18615=EDGE_CURVE('',#9099,#8929,#6636,.T.);
#18617=EDGE_CURVE('',#8929,#8930,#6641,.T.);
#18619=EDGE_CURVE('',#8930,#8932,#6645,.T.);
#18621=EDGE_CURVE('',#8932,#8934,#6650,.T.);
#18626=EDGE_CURVE('',#8921,#8922,#6663,.T.);
#18628=EDGE_CURVE('',#8922,#8924,#6667,.T.);
#18630=EDGE_CURVE('',#8924,#8926,#6672,.T.);
#18640=EDGE_CURVE('',#9096,#8942,#6712,.T.);
#18642=EDGE_CURVE('',#9094,#9096,#6676,.T.);
#18644=EDGE_CURVE('',#9092,#9094,#6680,.T.);
#18646=EDGE_CURVE('',#9090,#9092,#6684,.T.);
#18648=EDGE_CURVE('',#9088,#9090,#6688,.T.);
#18650=EDGE_CURVE('',#9086,#9088,#6692,.T.);
#18652=EDGE_CURVE('',#9085,#9086,#6696,.T.);
#18655=EDGE_CURVE('',#8926,#8942,#6700,.T.);
#18665=EDGE_CURVE('',#8945,#9110,#6704,.T.);
#18667=EDGE_CURVE('',#9096,#9110,#6708,.T.);
#18670=EDGE_CURVE('',#8940,#8942,#6717,.T.);
#18672=EDGE_CURVE('',#8938,#8940,#6721,.T.);
#18674=EDGE_CURVE('',#8937,#8938,#6726,.T.);
#18679=EDGE_CURVE('',#8948,#8950,#6731,.T.);
#18681=EDGE_CURVE('',#8946,#8948,#6735,.T.);
#18683=EDGE_CURVE('',#8945,#8946,#6740,.T.);
#18694=EDGE_CURVE('',#9099,#9100,#6744,.T.);
#18696=EDGE_CURVE('',#9100,#9102,#6748,.T.);
#18698=EDGE_CURVE('',#9102,#9104,#6752,.T.);
#18700=EDGE_CURVE('',#9104,#9106,#6756,.T.);
#18702=EDGE_CURVE('',#9106,#9108,#6760,.T.);
#18704=EDGE_CURVE('',#9108,#9110,#6764,.T.);
#18707=EDGE_CURVE('',#8929,#8945,#6792,.T.);
#18718=EDGE_CURVE('',#9086,#9100,#6772,.T.);
#18731=EDGE_CURVE('',#9088,#9102,#6776,.T.);
#18744=EDGE_CURVE('',#9090,#9104,#6780,.T.);
#18757=EDGE_CURVE('',#9092,#9106,#6784,.T.);
#18770=EDGE_CURVE('',#9094,#9108,#6788,.T.);
#18797=EDGE_CURVE('',#8930,#8946,#6796,.T.);
#18810=EDGE_CURVE('',#8932,#8948,#6800,.T.);
#18833=EDGE_CURVE('',#8924,#8940,#6804,.T.);
#18846=EDGE_CURVE('',#8922,#8938,#6808,.T.);
#18870=EDGE_CURVE('',#8917,#8918,#6816,.T.);
#18883=EDGE_CURVE('',#8890,#9057,#6820,.T.);
#18885=EDGE_CURVE('',#9057,#9071,#6956,.T.);
#18887=EDGE_CURVE('',#9071,#8893,#6824,.T.);
#18889=EDGE_CURVE('',#8893,#8894,#6829,.T.);
#18891=EDGE_CURVE('',#8894,#8896,#6833,.T.);
#18893=EDGE_CURVE('',#8896,#8898,#6838,.T.);
#18898=EDGE_CURVE('',#8885,#8886,#6851,.T.);
#18900=EDGE_CURVE('',#8886,#8888,#6855,.T.);
#18902=EDGE_CURVE('',#8888,#8890,#6860,.T.);
#18912=EDGE_CURVE('',#9068,#8906,#6900,.T.);
#18914=EDGE_CURVE('',#9066,#9068,#6864,.T.);
#18916=EDGE_CURVE('',#9064,#9066,#6868,.T.);
#18918=EDGE_CURVE('',#9062,#9064,#6872,.T.);
#18920=EDGE_CURVE('',#9060,#9062,#6876,.T.);
#18922=EDGE_CURVE('',#9058,#9060,#6880,.T.);
#18924=EDGE_CURVE('',#9057,#9058,#6884,.T.);
#18927=EDGE_CURVE('',#8890,#8906,#6888,.T.);
#18937=EDGE_CURVE('',#8909,#9082,#6892,.T.);
#18939=EDGE_CURVE('',#9068,#9082,#6896,.T.);
#18942=EDGE_CURVE('',#8904,#8906,#6905,.T.);
#18944=EDGE_CURVE('',#8902,#8904,#6909,.T.);
#18946=EDGE_CURVE('',#8901,#8902,#6914,.T.);
#18951=EDGE_CURVE('',#8912,#8914,#6919,.T.);
#18953=EDGE_CURVE('',#8910,#8912,#6923,.T.);
#18955=EDGE_CURVE('',#8909,#8910,#6928,.T.);
#18966=EDGE_CURVE('',#9071,#9072,#6932,.T.);
#18968=EDGE_CURVE('',#9072,#9074,#6936,.T.);
#18970=EDGE_CURVE('',#9074,#9076,#6940,.T.);
#18972=EDGE_CURVE('',#9076,#9078,#6944,.T.);
#18974=EDGE_CURVE('',#9078,#9080,#6948,.T.);
#18976=EDGE_CURVE('',#9080,#9082,#6952,.T.);
#18979=EDGE_CURVE('',#8893,#8909,#6980,.T.);
#18990=EDGE_CURVE('',#9058,#9072,#6960,.T.);
#19003=EDGE_CURVE('',#9060,#9074,#6964,.T.);
#19016=EDGE_CURVE('',#9062,#9076,#6968,.T.);
#19029=EDGE_CURVE('',#9064,#9078,#6972,.T.);
#19042=EDGE_CURVE('',#9066,#9080,#6976,.T.);
#19069=EDGE_CURVE('',#8894,#8910,#6984,.T.);
#19082=EDGE_CURVE('',#8896,#8912,#6988,.T.);
#19105=EDGE_CURVE('',#8888,#8904,#6992,.T.);
#19118=EDGE_CURVE('',#8886,#8902,#6996,.T.);
#19142=EDGE_CURVE('',#8881,#8882,#7004,.T.);
#19155=EDGE_CURVE('',#8854,#9029,#7008,.T.);
#19157=EDGE_CURVE('',#9029,#9043,#7144,.T.);
#19159=EDGE_CURVE('',#9043,#8857,#7012,.T.);
#19161=EDGE_CURVE('',#8857,#8858,#7017,.T.);
#19163=EDGE_CURVE('',#8858,#8860,#7021,.T.);
#19165=EDGE_CURVE('',#8860,#8862,#7026,.T.);
#19170=EDGE_CURVE('',#8849,#8850,#7039,.T.);
#19172=EDGE_CURVE('',#8850,#8852,#7043,.T.);
#19174=EDGE_CURVE('',#8852,#8854,#7048,.T.);
#19184=EDGE_CURVE('',#9040,#8870,#7088,.T.);
#19186=EDGE_CURVE('',#9038,#9040,#7052,.T.);
#19188=EDGE_CURVE('',#9036,#9038,#7056,.T.);
#19190=EDGE_CURVE('',#9034,#9036,#7060,.T.);
#19192=EDGE_CURVE('',#9032,#9034,#7064,.T.);
#19194=EDGE_CURVE('',#9030,#9032,#7068,.T.);
#19196=EDGE_CURVE('',#9029,#9030,#7072,.T.);
#19199=EDGE_CURVE('',#8854,#8870,#7076,.T.);
#19209=EDGE_CURVE('',#8873,#9054,#7080,.T.);
#19211=EDGE_CURVE('',#9040,#9054,#7084,.T.);
#19214=EDGE_CURVE('',#8868,#8870,#7093,.T.);
#19216=EDGE_CURVE('',#8866,#8868,#7097,.T.);
#19218=EDGE_CURVE('',#8865,#8866,#7102,.T.);
#19223=EDGE_CURVE('',#8876,#8878,#7107,.T.);
#19225=EDGE_CURVE('',#8874,#8876,#7111,.T.);
#19227=EDGE_CURVE('',#8873,#8874,#7116,.T.);
#19238=EDGE_CURVE('',#9043,#9044,#7120,.T.);
#19240=EDGE_CURVE('',#9044,#9046,#7124,.T.);
#19242=EDGE_CURVE('',#9046,#9048,#7128,.T.);
#19244=EDGE_CURVE('',#9048,#9050,#7132,.T.);
#19246=EDGE_CURVE('',#9050,#9052,#7136,.T.);
#19248=EDGE_CURVE('',#9052,#9054,#7140,.T.);
#19251=EDGE_CURVE('',#8857,#8873,#7168,.T.);
#19262=EDGE_CURVE('',#9030,#9044,#7148,.T.);
#19275=EDGE_CURVE('',#9032,#9046,#7152,.T.);
#19288=EDGE_CURVE('',#9034,#9048,#7156,.T.);
#19301=EDGE_CURVE('',#9036,#9050,#7160,.T.);
#19314=EDGE_CURVE('',#9038,#9052,#7164,.T.);
#19341=EDGE_CURVE('',#8858,#8874,#7172,.T.);
#19354=EDGE_CURVE('',#8860,#8876,#7176,.T.);
#19377=EDGE_CURVE('',#8852,#8868,#7180,.T.);
#19390=EDGE_CURVE('',#8850,#8866,#7184,.T.);
#19428=EDGE_CURVE('',#8480,#8500,#7196,.T.);
#19440=EDGE_CURVE('',#8478,#8498,#7200,.T.);
#19453=EDGE_CURVE('',#8476,#8496,#7204,.T.);
#19466=EDGE_CURVE('',#8475,#8495,#7208,.T.);
#19492=EDGE_CURVE('',#8412,#8432,#7212,.T.);
#19504=EDGE_CURVE('',#8410,#8430,#7216,.T.);
#19517=EDGE_CURVE('',#8408,#8428,#7220,.T.);
#19530=EDGE_CURVE('',#8406,#8426,#7224,.T.);
#19543=EDGE_CURVE('',#8404,#8424,#7228,.T.);
#19556=EDGE_CURVE('',#8403,#8423,#7232,.T.);
#19582=EDGE_CURVE('',#8400,#8420,#7236,.T.);
#19594=EDGE_CURVE('',#8398,#8418,#7240,.T.);
#19607=EDGE_CURVE('',#8396,#8416,#7244,.T.);
#19620=EDGE_CURVE('',#8395,#8415,#7248,.T.);
#19646=EDGE_CURVE('',#8452,#8472,#7252,.T.);
#19658=EDGE_CURVE('',#8450,#8470,#7256,.T.);
#19671=EDGE_CURVE('',#8448,#8468,#7260,.T.);
#19684=EDGE_CURVE('',#8446,#8466,#7264,.T.);
#19697=EDGE_CURVE('',#8444,#8464,#7268,.T.);
#19710=EDGE_CURVE('',#8443,#8463,#7272,.T.);
#19736=EDGE_CURVE('',#8440,#8460,#7276,.T.);
#19748=EDGE_CURVE('',#8438,#8458,#7280,.T.);
#19761=EDGE_CURVE('',#8436,#8456,#7284,.T.);
#19774=EDGE_CURVE('',#8435,#8455,#7288,.T.);
#19798=EDGE_CURVE('',#7516,#7497,#7300,.T.);
#19802=EDGE_CURVE('',#7519,#7520,#7292,.T.);
#19850=EDGE_CURVE('',#8186,#8180,#7320,.T.);
#19852=EDGE_CURVE('',#8180,#8192,#7332,.T.);
#19864=EDGE_CURVE('',#8184,#8179,#7324,.T.);
#19866=EDGE_CURVE('',#8179,#8180,#7336,.T.);
#19879=EDGE_CURVE('',#8190,#8179,#7328,.T.);
#19903=EDGE_CURVE('',#8640,#8650,#7340,.T.);
#19932=TRIMMED_CURVE('',#19931,(PARAMETER_VALUE(0.E0)),(PARAMETER_VALUE(1.E0)),
.T.,.UNSPECIFIED.);
#19933=COMPOSITE_CURVE_SEGMENT(.CONTINUOUS.,.T.,#19932);
#19938=TRIMMED_CURVE('',#19937,(PARAMETER_VALUE(0.E0)),(PARAMETER_VALUE(1.E0)),
.T.,.UNSPECIFIED.);
#19939=COMPOSITE_CURVE_SEGMENT(.CONTINUOUS.,.T.,#19938);
#19944=TRIMMED_CURVE('',#19943,(PARAMETER_VALUE(0.E0)),(PARAMETER_VALUE(1.E0)),
.T.,.UNSPECIFIED.);
#19945=COMPOSITE_CURVE_SEGMENT(.CONTINUOUS.,.T.,#19944);
#19950=TRIMMED_CURVE('',#19949,(PARAMETER_VALUE(0.E0)),(PARAMETER_VALUE(1.E0)),
.T.,.UNSPECIFIED.);
#19951=COMPOSITE_CURVE_SEGMENT(.CONTINUOUS.,.T.,#19950);
#19952=COMPOSITE_CURVE('',(#19933,#19939,#19945,#19951),.F.);
#19958=TRIMMED_CURVE('',#19957,(PARAMETER_VALUE(0.E0)),(PARAMETER_VALUE(1.E0)),
.T.,.UNSPECIFIED.);
#19959=COMPOSITE_CURVE_SEGMENT(.CONTINUOUS.,.T.,#19958);
#19964=TRIMMED_CURVE('',#19963,(PARAMETER_VALUE(0.E0)),(PARAMETER_VALUE(1.E0)),
.T.,.UNSPECIFIED.);
#19965=COMPOSITE_CURVE_SEGMENT(.CONTINUOUS.,.T.,#19964);
#19970=TRIMMED_CURVE('',#19969,(PARAMETER_VALUE(0.E0)),(PARAMETER_VALUE(1.E0)),
.T.,.UNSPECIFIED.);
#19971=COMPOSITE_CURVE_SEGMENT(.CONTINUOUS.,.T.,#19970);
#19976=TRIMMED_CURVE('',#19975,(PARAMETER_VALUE(0.E0)),(PARAMETER_VALUE(1.E0)),
.T.,.UNSPECIFIED.);
#19977=COMPOSITE_CURVE_SEGMENT(.CONTINUOUS.,.T.,#19976);
#19978=COMPOSITE_CURVE('',(#19959,#19965,#19971,#19977),.F.);
#19983=TRIMMED_CURVE('',#19982,(PARAMETER_VALUE(0.E0)),(PARAMETER_VALUE(1.E0)),
.T.,.UNSPECIFIED.);
#19984=COMPOSITE_CURVE_SEGMENT(.CONTINUOUS.,.T.,#19983);
#19989=TRIMMED_CURVE('',#19988,(PARAMETER_VALUE(0.E0)),(PARAMETER_VALUE(1.E0)),
.T.,.UNSPECIFIED.);
#19990=COMPOSITE_CURVE_SEGMENT(.CONTINUOUS.,.T.,#19989);
#19995=TRIMMED_CURVE('',#19994,(PARAMETER_VALUE(0.E0)),(PARAMETER_VALUE(1.E0)),
.T.,.UNSPECIFIED.);
#19996=COMPOSITE_CURVE_SEGMENT(.CONTINUOUS.,.T.,#19995);
#20001=TRIMMED_CURVE('',#20000,(PARAMETER_VALUE(0.E0)),(PARAMETER_VALUE(1.E0)),
.T.,.UNSPECIFIED.);
#20002=COMPOSITE_CURVE_SEGMENT(.CONTINUOUS.,.T.,#20001);
#20003=COMPOSITE_CURVE('',(#19984,#19990,#19996,#20002),.F.);
#20008=TRIMMED_CURVE('',#20007,(PARAMETER_VALUE(0.E0)),(PARAMETER_VALUE(1.E0)),
.T.,.UNSPECIFIED.);
#20009=COMPOSITE_CURVE_SEGMENT(.CONTINUOUS.,.T.,#20008);
#20014=TRIMMED_CURVE('',#20013,(PARAMETER_VALUE(0.E0)),(PARAMETER_VALUE(1.E0)),
.T.,.UNSPECIFIED.);
#20015=COMPOSITE_CURVE_SEGMENT(.CONTINUOUS.,.T.,#20014);
#20020=TRIMMED_CURVE('',#20019,(PARAMETER_VALUE(0.E0)),(PARAMETER_VALUE(1.E0)),
.T.,.UNSPECIFIED.);
#20021=COMPOSITE_CURVE_SEGMENT(.CONTINUOUS.,.T.,#20020);
#20026=TRIMMED_CURVE('',#20025,(PARAMETER_VALUE(0.E0)),(PARAMETER_VALUE(1.E0)),
.T.,.UNSPECIFIED.);
#20027=COMPOSITE_CURVE_SEGMENT(.CONTINUOUS.,.T.,#20026);
#20028=COMPOSITE_CURVE('',(#20009,#20015,#20021,#20027),.F.);
#20033=TRIMMED_CURVE('',#20032,(PARAMETER_VALUE(0.E0)),(PARAMETER_VALUE(1.E0)),
.T.,.UNSPECIFIED.);
#20034=COMPOSITE_CURVE_SEGMENT(.CONTINUOUS.,.T.,#20033);
#20039=TRIMMED_CURVE('',#20038,(PARAMETER_VALUE(0.E0)),(PARAMETER_VALUE(1.E0)),
.T.,.UNSPECIFIED.);
#20040=COMPOSITE_CURVE_SEGMENT(.CONTINUOUS.,.T.,#20039);
#20045=TRIMMED_CURVE('',#20044,(PARAMETER_VALUE(0.E0)),(PARAMETER_VALUE(1.E0)),
.T.,.UNSPECIFIED.);
#20046=COMPOSITE_CURVE_SEGMENT(.CONTINUOUS.,.T.,#20045);
#20051=TRIMMED_CURVE('',#20050,(PARAMETER_VALUE(0.E0)),(PARAMETER_VALUE(1.E0)),
.T.,.UNSPECIFIED.);
#20052=COMPOSITE_CURVE_SEGMENT(.CONTINUOUS.,.T.,#20051);
#20053=COMPOSITE_CURVE('',(#20034,#20040,#20046,#20052),.F.);
#20058=TRIMMED_CURVE('',#20057,(PARAMETER_VALUE(0.E0)),(PARAMETER_VALUE(1.E0)),
.T.,.UNSPECIFIED.);
#20059=COMPOSITE_CURVE_SEGMENT(.CONTINUOUS.,.T.,#20058);
#20064=TRIMMED_CURVE('',#20063,(PARAMETER_VALUE(0.E0)),(PARAMETER_VALUE(1.E0)),
.T.,.UNSPECIFIED.);
#20065=COMPOSITE_CURVE_SEGMENT(.CONTINUOUS.,.T.,#20064);
#20070=TRIMMED_CURVE('',#20069,(PARAMETER_VALUE(0.E0)),(PARAMETER_VALUE(1.E0)),
.T.,.UNSPECIFIED.);
#20071=COMPOSITE_CURVE_SEGMENT(.CONTINUOUS.,.T.,#20070);
#20076=TRIMMED_CURVE('',#20075,(PARAMETER_VALUE(0.E0)),(PARAMETER_VALUE(1.E0)),
.T.,.UNSPECIFIED.);
#20077=COMPOSITE_CURVE_SEGMENT(.CONTINUOUS.,.T.,#20076);
#20078=COMPOSITE_CURVE('',(#20059,#20065,#20071,#20077),.F.);
#20083=TRIMMED_CURVE('',#20082,(PARAMETER_VALUE(0.E0)),(PARAMETER_VALUE(1.E0)),
.T.,.UNSPECIFIED.);
#20084=COMPOSITE_CURVE_SEGMENT(.CONTINUOUS.,.T.,#20083);
#20089=TRIMMED_CURVE('',#20088,(PARAMETER_VALUE(0.E0)),(PARAMETER_VALUE(1.E0)),
.T.,.UNSPECIFIED.);
#20090=COMPOSITE_CURVE_SEGMENT(.CONTINUOUS.,.T.,#20089);
#20095=TRIMMED_CURVE('',#20094,(PARAMETER_VALUE(0.E0)),(PARAMETER_VALUE(1.E0)),
.T.,.UNSPECIFIED.);
#20096=COMPOSITE_CURVE_SEGMENT(.CONTINUOUS.,.T.,#20095);
#20101=TRIMMED_CURVE('',#20100,(PARAMETER_VALUE(0.E0)),(PARAMETER_VALUE(1.E0)),
.T.,.UNSPECIFIED.);
#20102=COMPOSITE_CURVE_SEGMENT(.CONTINUOUS.,.T.,#20101);
#20103=COMPOSITE_CURVE('',(#20084,#20090,#20096,#20102),.F.);
#20108=TRIMMED_CURVE('',#20107,(PARAMETER_VALUE(0.E0)),(PARAMETER_VALUE(1.E0)),
.T.,.UNSPECIFIED.);
#20109=COMPOSITE_CURVE_SEGMENT(.CONTINUOUS.,.T.,#20108);
#20114=TRIMMED_CURVE('',#20113,(PARAMETER_VALUE(0.E0)),(PARAMETER_VALUE(1.E0)),
.T.,.UNSPECIFIED.);
#20115=COMPOSITE_CURVE_SEGMENT(.CONTINUOUS.,.T.,#20114);
#20120=TRIMMED_CURVE('',#20119,(PARAMETER_VALUE(0.E0)),(PARAMETER_VALUE(1.E0)),
.T.,.UNSPECIFIED.);
#20121=COMPOSITE_CURVE_SEGMENT(.CONTINUOUS.,.T.,#20120);
#20126=TRIMMED_CURVE('',#20125,(PARAMETER_VALUE(0.E0)),(PARAMETER_VALUE(1.E0)),
.T.,.UNSPECIFIED.);
#20127=COMPOSITE_CURVE_SEGMENT(.CONTINUOUS.,.T.,#20126);
#20128=COMPOSITE_CURVE('',(#20109,#20115,#20121,#20127),.F.);
#20133=TRIMMED_CURVE('',#20132,(PARAMETER_VALUE(0.E0)),(PARAMETER_VALUE(1.E0)),
.T.,.UNSPECIFIED.);
#20134=COMPOSITE_CURVE_SEGMENT(.CONTINUOUS.,.T.,#20133);
#20139=TRIMMED_CURVE('',#20138,(PARAMETER_VALUE(0.E0)),(PARAMETER_VALUE(1.E0)),
.T.,.UNSPECIFIED.);
#20140=COMPOSITE_CURVE_SEGMENT(.CONTINUOUS.,.T.,#20139);
#20145=TRIMMED_CURVE('',#20144,(PARAMETER_VALUE(0.E0)),(PARAMETER_VALUE(1.E0)),
.T.,.UNSPECIFIED.);
#20146=COMPOSITE_CURVE_SEGMENT(.CONTINUOUS.,.T.,#20145);
#20151=TRIMMED_CURVE('',#20150,(PARAMETER_VALUE(0.E0)),(PARAMETER_VALUE(1.E0)),
.T.,.UNSPECIFIED.);
#20152=COMPOSITE_CURVE_SEGMENT(.CONTINUOUS.,.T.,#20151);
#20153=COMPOSITE_CURVE('',(#20134,#20140,#20146,#20152),.F.);
#20158=TRIMMED_CURVE('',#20157,(PARAMETER_VALUE(0.E0)),(PARAMETER_VALUE(1.E0)),
.T.,.UNSPECIFIED.);
#20159=COMPOSITE_CURVE_SEGMENT(.CONTINUOUS.,.T.,#20158);
#20164=TRIMMED_CURVE('',#20163,(PARAMETER_VALUE(0.E0)),(PARAMETER_VALUE(1.E0)),
.T.,.UNSPECIFIED.);
#20165=COMPOSITE_CURVE_SEGMENT(.CONTINUOUS.,.T.,#20164);
#20170=TRIMMED_CURVE('',#20169,(PARAMETER_VALUE(0.E0)),(PARAMETER_VALUE(1.E0)),
.T.,.UNSPECIFIED.);
#20171=COMPOSITE_CURVE_SEGMENT(.CONTINUOUS.,.T.,#20170);
#20176=TRIMMED_CURVE('',#20175,(PARAMETER_VALUE(0.E0)),(PARAMETER_VALUE(1.E0)),
.T.,.UNSPECIFIED.);
#20177=COMPOSITE_CURVE_SEGMENT(.CONTINUOUS.,.T.,#20176);
#20178=COMPOSITE_CURVE('',(#20159,#20165,#20171,#20177),.F.);
#20183=TRIMMED_CURVE('',#20182,(PARAMETER_VALUE(0.E0)),(PARAMETER_VALUE(1.E0)),
.T.,.UNSPECIFIED.);
#20184=COMPOSITE_CURVE_SEGMENT(.CONTINUOUS.,.T.,#20183);
#20189=TRIMMED_CURVE('',#20188,(PARAMETER_VALUE(0.E0)),(PARAMETER_VALUE(1.E0)),
.T.,.UNSPECIFIED.);
#20190=COMPOSITE_CURVE_SEGMENT(.CONTINUOUS.,.T.,#20189);
#20195=TRIMMED_CURVE('',#20194,(PARAMETER_VALUE(0.E0)),(PARAMETER_VALUE(1.E0)),
.T.,.UNSPECIFIED.);
#20196=COMPOSITE_CURVE_SEGMENT(.CONTINUOUS.,.T.,#20195);
#20201=TRIMMED_CURVE('',#20200,(PARAMETER_VALUE(0.E0)),(PARAMETER_VALUE(1.E0)),
.T.,.UNSPECIFIED.);
#20202=COMPOSITE_CURVE_SEGMENT(.CONTINUOUS.,.T.,#20201);
#20203=COMPOSITE_CURVE('',(#20184,#20190,#20196,#20202),.F.);
#20208=TRIMMED_CURVE('',#20207,(PARAMETER_VALUE(0.E0)),(PARAMETER_VALUE(1.E0)),
.T.,.UNSPECIFIED.);
#20209=COMPOSITE_CURVE_SEGMENT(.CONTINUOUS.,.T.,#20208);
#20214=TRIMMED_CURVE('',#20213,(PARAMETER_VALUE(0.E0)),(PARAMETER_VALUE(1.E0)),
.T.,.UNSPECIFIED.);
#20215=COMPOSITE_CURVE_SEGMENT(.CONTINUOUS.,.T.,#20214);
#20220=TRIMMED_CURVE('',#20219,(PARAMETER_VALUE(0.E0)),(PARAMETER_VALUE(1.E0)),
.T.,.UNSPECIFIED.);
#20221=COMPOSITE_CURVE_SEGMENT(.CONTINUOUS.,.T.,#20220);
#20226=TRIMMED_CURVE('',#20225,(PARAMETER_VALUE(0.E0)),(PARAMETER_VALUE(1.E0)),
.T.,.UNSPECIFIED.);
#20227=COMPOSITE_CURVE_SEGMENT(.CONTINUOUS.,.T.,#20226);
#20228=COMPOSITE_CURVE('',(#20209,#20215,#20221,#20227),.F.);
#20229=(LENGTH_UNIT()NAMED_UNIT(*)SI_UNIT(.MILLI.,.METRE.));
#20231=(NAMED_UNIT(*)PLANE_ANGLE_UNIT()SI_UNIT($,.RADIAN.));
#20234=(NAMED_UNIT(*)SI_UNIT($,.STERADIAN.)SOLID_ANGLE_UNIT());
#20237=ADVANCED_BREP_SHAPE_REPRESENTATION('',(#19923),#20236);
#20238=GEOMETRICALLY_BOUNDED_SURFACE_SHAPE_REPRESENTATION('',(#19953),#20236);
#20239=SHAPE_REPRESENTATION('',(#19927),#20236);
#20248=PRODUCT_DEFINITION('design','',#20247,#20244);
#20249=PRODUCT_DEFINITION_SHAPE('','SHAPE FOR 2132281010.',#20248);
#20250=SHAPE_DEFINITION_REPRESENTATION(#20249,#20239);
ENDSEC;
END-ISO-10303-21;
