ISO-10303-21;
HEADER;
FILE_DESCRIPTION (( 'STEP AP214' ),
    '1' );
FILE_NAME ('SP1003-01ETG.STEP',
    '2024-10-15T12:59:46',
    ( '' ),
    ( '' ),
    'SwSTEP 2.0',
    'SolidWorks 2024',
    '' );
FILE_SCHEMA (( 'AUTOMOTIVE_DESIGN' ));
ENDSEC;

DATA;
#1 = ORIENTED_EDGE ( 'NONE', *, *, #1579, .F. ) ;
#2 = PRESENTATION_LAYER_ASSIGNMENT (  '', '', ( #29 ) ) ;
#3 = STYLED_ITEM ( 'NONE', ( #1872 ), #158 ) ;
#4 =( GEOMETRIC_REPRESENTATION_CONTEXT ( 3 ) GLOBAL_UNCERTAINTY_ASSIGNED_CONTEXT ( ( #1783 ) ) GLOBAL_UNIT_ASSIGNED_CONTEXT ( ( #1222, #1513, #1525 ) ) REPRESENTATION_CONTEXT ( 'NONE', 'WORKASPACE' ) );
#5 = CARTESIAN_POINT ( 'NONE',  ( 0.4500000000000000666, 0.5000000000000000000, 0.2500000000000000000 ) ) ;
#6 = EDGE_CURVE ( 'NONE', #767, #191, #363, .T. ) ;
#7 = VECTOR ( 'NONE', #935, 1000.000000000000000 ) ;
#8 = ORIENTED_EDGE ( 'NONE', *, *, #1864, .T. ) ;
#9 = LINE ( 'NONE', #759, #1562 ) ;
#10 = EDGE_CURVE ( 'NONE', #470, #35, #1397, .T. ) ;
#11 = FACE_OUTER_BOUND ( 'NONE', #1816, .T. ) ;
#12 = VERTEX_POINT ( 'NONE', #655 ) ;
#13 = ORIENTED_EDGE ( 'NONE', *, *, #453, .F. ) ;
#14 = SURFACE_SIDE_STYLE ('',( #868 ) ) ;
#15 = ORIENTED_EDGE ( 'NONE', *, *, #161, .T. ) ;
#16 = CARTESIAN_POINT ( 'NONE',  ( 0.1999999999999998723, 0.5000000000000000000, -0.2500000000000000000 ) ) ;
#17 = DIRECTION ( 'NONE',  ( 0.000000000000000000, 0.000000000000000000, 1.000000000000000000 ) ) ;
#18 = ORIENTED_EDGE ( 'NONE', *, *, #1383, .F. ) ;
#19 = CARTESIAN_POINT ( 'NONE',  ( -0.5000000000000001110, 0.4799999999999999822, 0.3000000000000000999 ) ) ;
#20 = DIRECTION ( 'NONE',  ( 0.000000000000000000, 0.000000000000000000, 1.000000000000000000 ) ) ;
#21 = CARTESIAN_POINT ( 'NONE',  ( 0.4699999999999999178, 0.4799999999999999822, 0.2700000000000000733 ) ) ;
#22 = ORIENTED_EDGE ( 'NONE', *, *, #1152, .F. ) ;
#23 = LINE ( 'NONE', #1629, #959 ) ;
#24 = AXIS2_PLACEMENT_3D ( 'NONE', #451, #1335, #17 ) ;
#25 = LINE ( 'NONE', #481, #648 ) ;
#26 = ORIENTED_EDGE ( 'NONE', *, *, #108, .F. ) ;
#27 = VECTOR ( 'NONE', #264, 1000.000000000000000 ) ;
#28 = PLANE ( 'NONE',  #1390 ) ;
#29 = STYLED_ITEM ( 'NONE', ( #1332 ), #480 ) ;
#30 = DIRECTION ( 'NONE',  ( 1.000000000000000000, 0.000000000000000000, -0.000000000000000000 ) ) ;
#31 = DIRECTION ( 'NONE',  ( 0.000000000000000000, 0.000000000000000000, -1.000000000000000000 ) ) ;
#32 = AXIS2_PLACEMENT_3D ( 'NONE', #40, #1821, #1079 ) ;
#33 = LINE ( 'NONE', #629, #565 ) ;
#34 = VECTOR ( 'NONE', #1830, 1000.000000000000000 ) ;
#35 = VERTEX_POINT ( 'NONE', #815 ) ;
#36 = DIRECTION ( 'NONE',  ( 0.000000000000000000, 0.000000000000000000, -1.000000000000000000 ) ) ;
#37 = LINE ( 'NONE', #361, #1836 ) ;
#38 = ORIENTED_EDGE ( 'NONE', *, *, #1285, .F. ) ;
#39 = CARTESIAN_POINT ( 'NONE',  ( 0.4699999999999999178, 0.02999999999999997113, -0.2999999999999998224 ) ) ;
#40 = CARTESIAN_POINT ( 'NONE',  ( 0.000000000000000000, 0.000000000000000000, 0.000000000000000000 ) ) ;
#41 = CARTESIAN_POINT ( 'NONE',  ( -0.5000000000000001110, 0.4399999999999999467, 0.3000000000000000999 ) ) ;
#42 = ORIENTED_EDGE ( 'NONE', *, *, #436, .F. ) ;
#43 = DIRECTION ( 'NONE',  ( 1.000000000000000000, 5.421010862427523156E-16, 0.000000000000000000 ) ) ;
#44 = FACE_OUTER_BOUND ( 'NONE', #1253, .T. ) ;
#45 = EDGE_LOOP ( 'NONE', ( #1330, #1381, #88, #211 ) ) ;
#46 = EDGE_LOOP ( 'NONE', ( #1078, #1482, #545, #1132 ) ) ;
#47 = LINE ( 'NONE', #1819, #927 ) ;
#48 = CARTESIAN_POINT ( 'NONE',  ( -0.2681870759029365003, 0.4599999999999998535, 0.3000000000000000999 ) ) ;
#49 = SURFACE_STYLE_FILL_AREA ( #1221 ) ;
#50 = DIRECTION ( 'NONE',  ( -0.000000000000000000, 1.000000000000000000, -0.000000000000000000 ) ) ;
#51 = CARTESIAN_POINT ( 'NONE',  ( 0.2000000000000000111, 0.5000000000000000000, 0.2500000000000000000 ) ) ;
#52 = EDGE_CURVE ( 'NONE', #1011, #142, #352, .T. ) ;
#53 = ORIENTED_EDGE ( 'NONE', *, *, #1077, .T. ) ;
#54 = CARTESIAN_POINT ( 'NONE',  ( 0.3681870759029363116, 0.4299999999999999378, 0.3020000000000001572 ) ) ;
#55 = DIRECTION ( 'NONE',  ( -1.000000000000000000, 0.000000000000000000, 0.000000000000000000 ) ) ;
#56 = VERTEX_POINT ( 'NONE', #538 ) ;
#57 = ORIENTED_EDGE ( 'NONE', *, *, #1516, .F. ) ;
#58 = UNCERTAINTY_MEASURE_WITH_UNIT (LENGTH_MEASURE( 1.000000000000000082E-05 ), #1048, 'distance_accuracy_value', 'NONE');
#59 = AXIS2_PLACEMENT_3D ( 'NONE', #1610, #303, #1884 ) ;
#60 = DIRECTION ( 'NONE',  ( 1.000000000000000000, -0.000000000000000000, 0.000000000000000000 ) ) ;
#61 = AXIS2_PLACEMENT_3D ( 'NONE', #1542, #1679, #1825 ) ;
#62 = ORIENTED_EDGE ( 'NONE', *, *, #95, .F. ) ;
#63 = VECTOR ( 'NONE', #96, 1000.000000000000000 ) ;
#64 = SURFACE_STYLE_FILL_AREA ( #1120 ) ;
#65 = DIRECTION ( 'NONE',  ( 0.000000000000000000, 0.000000000000000000, -1.000000000000000000 ) ) ;
#66 = DIRECTION ( 'NONE',  ( 0.000000000000000000, 0.000000000000000000, -1.000000000000000000 ) ) ;
#67 = VERTEX_POINT ( 'NONE', #934 ) ;
#68 = DIRECTION ( 'NONE',  ( 1.000000000000000000, -0.000000000000000000, 3.252606517456513795E-16 ) ) ;
#69 = AXIS2_PLACEMENT_3D ( 'NONE', #390, #1254, #525 ) ;
#70 = DIRECTION ( 'NONE',  ( 2.710505431213761085E-16, -0.000000000000000000, 1.000000000000000000 ) ) ;
#71 = PRESENTATION_LAYER_ASSIGNMENT (  '', '', ( #379 ) ) ;
#72 = ORIENTED_EDGE ( 'NONE', *, *, #1369, .T. ) ;
#73 = EDGE_CURVE ( 'NONE', #1339, #470, #313, .T. ) ;
#74 = CARTESIAN_POINT ( 'NONE',  ( -0.5000000000000001110, 0.4799999999999999822, 0.3000000000000000999 ) ) ;
#75 = CARTESIAN_POINT ( 'NONE',  ( 0.4499999999999999001, 0.4799999999999999822, -0.2500000000000000000 ) ) ;
#76 = PRESENTATION_STYLE_ASSIGNMENT (( #1512 ) ) ;
#77 = CARTESIAN_POINT ( 'NONE',  ( -0.5000000000000001110, 0.4799999999999999822, -0.05336783417183964262 ) ) ;
#78 = CARTESIAN_POINT ( 'NONE',  ( -0.2000000000000000944, 0.5000000000000000000, -0.2500000000000000000 ) ) ;
#79 = EDGE_LOOP ( 'NONE', ( #1834, #1445, #475, #1185 ) ) ;
#80 = DIRECTION ( 'NONE',  ( 0.000000000000000000, 0.000000000000000000, -1.000000000000000000 ) ) ;
#81 = ORIENTED_EDGE ( 'NONE', *, *, #272, .T. ) ;
#82 = DIRECTION ( 'NONE',  ( -0.000000000000000000, 1.000000000000000000, -0.000000000000000000 ) ) ;
#83 = LINE ( 'NONE', #204, #34 ) ;
#84 = DIRECTION ( 'NONE',  ( 1.000000000000000000, 0.000000000000000000, 0.000000000000000000 ) ) ;
#85 = FILL_AREA_STYLE_COLOUR ( '', #1302 ) ;
#86 =( NAMED_UNIT ( * ) PLANE_ANGLE_UNIT ( ) SI_UNIT ( $, .RADIAN. ) );
#87 = CARTESIAN_POINT ( 'NONE',  ( 0.4999999999999998890, 0.02999999999999997113, 0.2700000000000000733 ) ) ;
#88 = ORIENTED_EDGE ( 'NONE', *, *, #1612, .F. ) ;
#89 = DIRECTION ( 'NONE',  ( -1.000000000000000000, 0.000000000000000000, 0.000000000000000000 ) ) ;
#90 = EDGE_LOOP ( 'NONE', ( #1443, #1094, #1536, #1714 ) ) ;
#91 = FACE_OUTER_BOUND ( 'NONE', #427, .T. ) ;
#92 = CARTESIAN_POINT ( 'NONE',  ( -0.4700000000000001399, 0.4799999999999999822, -0.2699999999999999067 ) ) ;
#93 = CIRCLE ( 'NONE', #24, 0.02999999999999999889 ) ;
#94 = CARTESIAN_POINT ( 'NONE',  ( -0.4500000000000002331, 0.5000000000000000000, 0.2500000000000000000 ) ) ;
#95 = EDGE_CURVE ( 'NONE', #1517, #1339, #1509, .T. ) ;
#96 = DIRECTION ( 'NONE',  ( 1.000000000000000000, -0.000000000000000000, 0.000000000000000000 ) ) ;
#97 = EDGE_CURVE ( 'NONE', #35, #323, #961, .T. ) ;
#98 = DIRECTION ( 'NONE',  ( -5.421010862427523156E-16, 1.000000000000000000, 0.000000000000000000 ) ) ;
#99 = ORIENTED_EDGE ( 'NONE', *, *, #1676, .T. ) ;
#100 = PLANE ( 'NONE',  #490 ) ;
#101 = ORIENTED_EDGE ( 'NONE', *, *, #73, .F. ) ;
#102 = CARTESIAN_POINT ( 'NONE',  ( 0.3681870759029363116, 0.4299999999999999378, -0.3019999999999998241 ) ) ;
#103 = VECTOR ( 'NONE', #375, 1000.000000000000000 ) ;
#104 = AXIS2_PLACEMENT_3D ( 'NONE', #1569, #1735, #1881 ) ;
#105 = CARTESIAN_POINT ( 'NONE',  ( 0.4500000000000000666, 0.4799999999999999822, 0.2500000000000000000 ) ) ;
#106 = LINE ( 'NONE', #94, #103 ) ;
#107 = LINE ( 'NONE', #405, #63 ) ;
#108 = EDGE_CURVE ( 'NONE', #899, #756, #1704, .T. ) ;
#109 = LINE ( 'NONE', #559, #1697 ) ;
#110 = VERTEX_POINT ( 'NONE', #239 ) ;
#111 = DIRECTION ( 'NONE',  ( 0.000000000000000000, 0.000000000000000000, -1.000000000000000000 ) ) ;
#112 = CARTESIAN_POINT ( 'NONE',  ( 0.3681870759029363116, 0.4599999999999999645, 0.3020000000000001572 ) ) ;
#113 = FACE_OUTER_BOUND ( 'NONE', #1263, .T. ) ;
#114 = CARTESIAN_POINT ( 'NONE',  ( -0.2000000000000002331, 0.4799999999999999822, 0.2500000000000000000 ) ) ;
#115 = CARTESIAN_POINT ( 'NONE',  ( -0.5000000000000001110, 0.02999999999999997113, 0.2700000000000000733 ) ) ;
#116 = CARTESIAN_POINT ( 'NONE',  ( -0.4500000000000002331, 0.4799999999999999822, 0.2500000000000000000 ) ) ;
#117 = ORIENTED_EDGE ( 'NONE', *, *, #137, .T. ) ;
#118 = EDGE_CURVE ( 'NONE', #1721, #1517, #1160, .T. ) ;
#119 = LINE ( 'NONE', #276, #216 ) ;
#120 = DIRECTION ( 'NONE',  ( 0.000000000000000000, 0.000000000000000000, -1.000000000000000000 ) ) ;
#121 = VECTOR ( 'NONE', #877, 1000.000000000000000 ) ;
#122 = AXIS2_PLACEMENT_3D ( 'NONE', #497, #1083, #1669 ) ;
#123 = CARTESIAN_POINT ( 'NONE',  ( -0.3681870759029365336, 0.4599999999999997979, 0.3020000000000001572 ) ) ;
#124 = ORIENTED_EDGE ( 'NONE', *, *, #1174, .F. ) ;
#125 = AXIS2_PLACEMENT_3D ( 'NONE', #1461, #1178, #454 ) ;
#126 = FILL_AREA_STYLE_COLOUR ( '', #1752 ) ;
#127 = AXIS2_PLACEMENT_3D ( 'NONE', #1613, #1198, #762 ) ;
#128 = VERTEX_POINT ( 'NONE', #1817 ) ;
#129 = LINE ( 'NONE', #1322, #230 ) ;
#130 = ORIENTED_EDGE ( 'NONE', *, *, #1050, .T. ) ;
#131 = DIRECTION ( 'NONE',  ( -1.000000000000000000, 0.000000000000000000, 0.000000000000000000 ) ) ;
#132 =( NAMED_UNIT ( * ) PLANE_ANGLE_UNIT ( ) SI_UNIT ( $, .RADIAN. ) );
#133 = ORIENTED_EDGE ( 'NONE', *, *, #926, .F. ) ;
#134 = ADVANCED_FACE ( 'NONE', ( #91 ), #1105, .T. ) ;
#135 = FILL_AREA_STYLE ('',( #1308 ) ) ;
#136 = EDGE_LOOP ( 'NONE', ( #1404, #738, #99, #984 ) ) ;
#137 = EDGE_CURVE ( 'NONE', #1785, #182, #504, .T. ) ;
#138 = EDGE_LOOP ( 'NONE', ( #238, #13, #630, #1828 ) ) ;
#139 = SURFACE_STYLE_FILL_AREA ( #571 ) ;
#140 = DIRECTION ( 'NONE',  ( -2.710505431213761578E-16, 0.000000000000000000, 1.000000000000000000 ) ) ;
#141 = EDGE_CURVE ( 'NONE', #1385, #940, #1521, .T. ) ;
#142 = VERTEX_POINT ( 'NONE', #1695 ) ;
#143 = EDGE_CURVE ( 'NONE', #387, #1721, #382, .T. ) ;
#144 = PLANE ( 'NONE',  #261 ) ;
#145 = MECHANICAL_DESIGN_GEOMETRIC_PRESENTATION_REPRESENTATION (  '', ( #1294 ), #373 ) ;
#146 = VECTOR ( 'NONE', #1347, 1000.000000000000000 ) ;
#147 = ORIENTED_EDGE ( 'NONE', *, *, #1724, .T. ) ;
#148 = DIRECTION ( 'NONE',  ( -0.000000000000000000, -1.000000000000000000, -0.000000000000000000 ) ) ;
#149 = CYLINDRICAL_SURFACE ( 'NONE', #1585, 0.02999999999999997113 ) ;
#150 = ORIENTED_EDGE ( 'NONE', *, *, #1877, .T. ) ;
#151 = PRODUCT_DEFINITION_CONTEXT ( 'detailed design', #1028, 'design' ) ;
#152 = VECTOR ( 'NONE', #1242, 1000.000000000000000 ) ;
#153 = CARTESIAN_POINT ( 'NONE',  ( 0.5020000000000000018, 0.4599999999999999645, -0.05336783417183965650 ) ) ;
#154 = VECTOR ( 'NONE', #1245, 1000.000000000000000 ) ;
#155 = VECTOR ( 'NONE', #335, 1000.000000000000000 ) ;
#156 =( LENGTH_UNIT ( ) NAMED_UNIT ( * ) SI_UNIT ( .MILLI., .METRE. ) );
#157 = VECTOR ( 'NONE', #1113, 1000.000000000000000 ) ;
#158 = ADVANCED_FACE ( 'NONE', ( #822, #668 ), #1267, .F. ) ;
#159 = ORIENTED_EDGE ( 'NONE', *, *, #1800, .F. ) ;
#160 = DIRECTION ( 'NONE',  ( 5.421010862427523156E-16, -1.000000000000000000, 0.000000000000000000 ) ) ;
#161 = EDGE_CURVE ( 'NONE', #1228, #1385, #553, .T. ) ;
#162 = ADVANCED_FACE ( 'NONE', ( #590 ), #1560, .T. ) ;
#163 = ORIENTED_EDGE ( 'NONE', *, *, #1578, .F. ) ;
#164 = CARTESIAN_POINT ( 'NONE',  ( -0.2681870759029365003, 0.4299999999999998268, 0.3020000000000001572 ) ) ;
#165 = ADVANCED_FACE ( 'NONE', ( #1722, #275, #1747 ), #1572, .F. ) ;
#166 = ORIENTED_EDGE ( 'NONE', *, *, #1758, .T. ) ;
#167 = DIRECTION ( 'NONE',  ( -1.000000000000000000, -0.000000000000000000, -0.000000000000000000 ) ) ;
#168 = LINE ( 'NONE', #513, #1618 ) ;
#169 = EDGE_CURVE ( 'NONE', #235, #1614, #1738, .T. ) ;
#170 = ORIENTED_EDGE ( 'NONE', *, *, #1820, .T. ) ;
#171 = FACE_BOUND ( 'NONE', #1203, .T. ) ;
#172 = SURFACE_SIDE_STYLE ('',( #49 ) ) ;
#173 = CARTESIAN_POINT ( 'NONE',  ( 0.4699999999999999178, 0.02999999999999997113, 0.2700000000000000733 ) ) ;
#174 = AXIS2_PLACEMENT_3D ( 'NONE', #834, #412, #1857 ) ;
#175 = ORIENTED_EDGE ( 'NONE', *, *, #181, .F. ) ;
#176 = FACE_OUTER_BOUND ( 'NONE', #1212, .T. ) ;
#177 = MECHANICAL_DESIGN_GEOMETRIC_PRESENTATION_REPRESENTATION (  '', ( #833 ), #883 ) ;
#178 = DIRECTION ( 'NONE',  ( 1.000000000000000000, 5.421010862427523156E-16, 0.000000000000000000 ) ) ;
#179 = ORIENTED_EDGE ( 'NONE', *, *, #181, .T. ) ;
#180 = PRESENTATION_STYLE_ASSIGNMENT (( #474 ) ) ;
#181 = EDGE_CURVE ( 'NONE', #784, #854, #282, .T. ) ;
#182 = VERTEX_POINT ( 'NONE', #1888 ) ;
#183 =( NAMED_UNIT ( * ) SI_UNIT ( $, .STERADIAN. ) SOLID_ANGLE_UNIT ( ) );
#184 = COLOUR_RGB ( '',0.1098039215686274495, 0.1098039215686274495, 0.1098039215686274495 ) ;
#185 = STYLED_ITEM ( 'NONE', ( #826 ), #568 ) ;
#186 = AXIS2_PLACEMENT_3D ( 'NONE', #372, #82, #1086 ) ;
#187 = SPHERICAL_SURFACE ( 'NONE', #498, 0.02999999999999999889 ) ;
#188 = CARTESIAN_POINT ( 'NONE',  ( 0.3681870759029363116, 0.4299999999999999378, -0.3019999999999998241 ) ) ;
#189 = VECTOR ( 'NONE', #1740, 1000.000000000000000 ) ;
#190 = VECTOR ( 'NONE', #1454, 1000.000000000000000 ) ;
#191 = VERTEX_POINT ( 'NONE', #578 ) ;
#192 = CARTESIAN_POINT ( 'NONE',  ( 0.000000000000000000, 0.000000000000000000, 0.3020000000000001572 ) ) ;
#193 = FACE_OUTER_BOUND ( 'NONE', #1317, .T. ) ;
#194 = VERTEX_POINT ( 'NONE', #1154 ) ;
#195 = UNCERTAINTY_MEASURE_WITH_UNIT (LENGTH_MEASURE( 1.000000000000000082E-05 ), #1567, 'distance_accuracy_value', 'NONE');
#196 = CARTESIAN_POINT ( 'NONE',  ( 0.3681870759029363116, 0.4299999999999999378, 0.3020000000000001572 ) ) ;
#197 = LINE ( 'NONE', #1654, #1843 ) ;
#198 = ADVANCED_BREP_SHAPE_REPRESENTATION ( 'SP1003-01ETG', ( #1630, #805 ), #1346 ) ;
#199 = LINE ( 'NONE', #1643, #802 ) ;
#200 = EDGE_LOOP ( 'NONE', ( #1871, #819, #1686, #1520 ) ) ;
#201 = DIRECTION ( 'NONE',  ( 1.000000000000000000, 5.421010862427523156E-16, 0.000000000000000000 ) ) ;
#202 = ORIENTED_EDGE ( 'NONE', *, *, #1758, .F. ) ;
#203 = ORIENTED_EDGE ( 'NONE', *, *, #1773, .F. ) ;
#204 = CARTESIAN_POINT ( 'NONE',  ( -0.5000000000000001110, 0.4599999999999997424, -0.2999999999999998224 ) ) ;
#205 = ORIENTED_EDGE ( 'NONE', *, *, #343, .F. ) ;
#206 = DIRECTION ( 'NONE',  ( -0.000000000000000000, -0.000000000000000000, -1.000000000000000000 ) ) ;
#207 = PLANE ( 'NONE',  #462 ) ;
#208 = CARTESIAN_POINT ( 'NONE',  ( 0.3681870759029363116, 0.4599999999999999645, 0.3020000000000001572 ) ) ;
#209 = DIRECTION ( 'NONE',  ( 0.000000000000000000, -1.000000000000000000, 0.000000000000000000 ) ) ;
#210 = ADVANCED_FACE ( 'NONE', ( #1017 ), #291, .F. ) ;
#211 = ORIENTED_EDGE ( 'NONE', *, *, #520, .T. ) ;
#212 = PLANE ( 'NONE',  #283 ) ;
#213 = CARTESIAN_POINT ( 'NONE',  ( 0.4999999999999998890, 0.4799999999999999822, 0.2700000000000000733 ) ) ;
#214 = ORIENTED_EDGE ( 'NONE', *, *, #924, .T. ) ;
#215 = CARTESIAN_POINT ( 'NONE',  ( -0.3681870759029365336, 0.4299999999999997713, -0.3019999999999998241 ) ) ;
#216 = VECTOR ( 'NONE', #713, 1000.000000000000000 ) ;
#217 = CARTESIAN_POINT ( 'NONE',  ( 0.2681870759029363338, 0.4299999999999999378, -0.2999999999999998224 ) ) ;
#218 = VECTOR ( 'NONE', #543, 1000.000000000000000 ) ;
#219 = VECTOR ( 'NONE', #393, 1000.000000000000000 ) ;
#220 = CARTESIAN_POINT ( 'NONE',  ( 0.3681870759029363116, 0.4599999999999999645, -0.3019999999999998241 ) ) ;
#221 = AXIS2_PLACEMENT_3D ( 'NONE', #1386, #1835, #1674 ) ;
#222 = ORIENTED_EDGE ( 'NONE', *, *, #977, .F. ) ;
#223 = DIRECTION ( 'NONE',  ( -0.000000000000000000, -0.000000000000000000, 1.000000000000000000 ) ) ;
#224 = AXIS2_PLACEMENT_3D ( 'NONE', #1541, #1575, #1866 ) ;
#225 = AXIS2_PLACEMENT_3D ( 'NONE', #1684, #792, #1231 ) ;
#226 = CARTESIAN_POINT ( 'NONE',  ( 0.4500000000000000666, 0.5000000000000000000, 0.2500000000000000000 ) ) ;
#227 = COLOUR_RGB ( '',0.1098039215686274495, 0.1098039215686274495, 0.1098039215686274495 ) ;
#228 = ORIENTED_EDGE ( 'NONE', *, *, #403, .T. ) ;
#229 = CARTESIAN_POINT ( 'NONE',  ( -0.5000000000000001110, 0.4799999999999999822, -0.2999999999999998224 ) ) ;
#230 = VECTOR ( 'NONE', #1049, 1000.000000000000000 ) ;
#231 = DIRECTION ( 'NONE',  ( -1.000000000000000000, 0.000000000000000000, 0.000000000000000000 ) ) ;
#232 = CYLINDRICAL_SURFACE ( 'NONE', #1042, 0.02999999999999997113 ) ;
#233 = CARTESIAN_POINT ( 'NONE',  ( 0.5020000000000000018, 0.4399999999999999467, -0.05336783417183965650 ) ) ;
#234 = CARTESIAN_POINT ( 'NONE',  ( 0.5020000000000000018, 0.4399999999999999467, 0.04663216582816034905 ) ) ;
#235 = VERTEX_POINT ( 'NONE', #1756 ) ;
#236 = DIRECTION ( 'NONE',  ( -0.000000000000000000, -0.000000000000000000, 1.000000000000000000 ) ) ;
#237 = ADVANCED_FACE ( 'NONE', ( #907 ), #1770, .F. ) ;
#238 = ORIENTED_EDGE ( 'NONE', *, *, #1814, .T. ) ;
#239 = CARTESIAN_POINT ( 'NONE',  ( -0.4700000000000001399, 0.000000000000000000, 0.2700000000000000733 ) ) ;
#240 = DIRECTION ( 'NONE',  ( 0.000000000000000000, 0.000000000000000000, -1.000000000000000000 ) ) ;
#241 = EDGE_CURVE ( 'NONE', #1421, #1127, #1334, .T. ) ;
#242 = CARTESIAN_POINT ( 'NONE',  ( -0.5000000000000001110, 0.4799999999999999822, -0.2699999999999999067 ) ) ;
#243 = LINE ( 'NONE', #233, #925 ) ;
#244 = DIRECTION ( 'NONE',  ( 0.000000000000000000, -0.000000000000000000, 1.000000000000000000 ) ) ;
#245 = CARTESIAN_POINT ( 'NONE',  ( 0.2681870759029363338, 0.4299999999999999378, -0.3019999999999998241 ) ) ;
#246 = ORIENTED_EDGE ( 'NONE', *, *, #1163, .T. ) ;
#247 = DIRECTION ( 'NONE',  ( 0.000000000000000000, 0.000000000000000000, -1.000000000000000000 ) ) ;
#248 = CARTESIAN_POINT ( 'NONE',  ( -0.5000000000000001110, 0.4599999999999999645, -0.05336783417183965650 ) ) ;
#249 = VECTOR ( 'NONE', #1329, 1000.000000000000000 ) ;
#250 = FACE_OUTER_BOUND ( 'NONE', #849, .T. ) ;
#251 = CARTESIAN_POINT ( 'NONE',  ( -0.4500000000000002331, 0.5000000000000000000, 0.2500000000000000000 ) ) ;
#252 = EDGE_CURVE ( 'NONE', #667, #482, #1041, .T. ) ;
#253 = VECTOR ( 'NONE', #1589, 1000.000000000000000 ) ;
#254 = DIRECTION ( 'NONE',  ( 0.000000000000000000, -0.000000000000000000, 1.000000000000000000 ) ) ;
#255 = VERTEX_POINT ( 'NONE', #609 ) ;
#256 = CARTESIAN_POINT ( 'NONE',  ( 0.4699999999999999178, 0.02999999999999997113, 0.3000000000000000999 ) ) ;
#257 =( GEOMETRIC_REPRESENTATION_CONTEXT ( 3 ) GLOBAL_UNCERTAINTY_ASSIGNED_CONTEXT ( ( #900 ) ) GLOBAL_UNIT_ASSIGNED_CONTEXT ( ( #1449, #1428, #258 ) ) REPRESENTATION_CONTEXT ( 'NONE', 'WORKASPACE' ) );
#258 =( NAMED_UNIT ( * ) SI_UNIT ( $, .STERADIAN. ) SOLID_ANGLE_UNIT ( ) );
#259 = PRESENTATION_LAYER_ASSIGNMENT (  '', '', ( #991 ) ) ;
#260 = PLANE ( 'NONE',  #1184 ) ;
#261 = AXIS2_PLACEMENT_3D ( 'NONE', #5, #1170, #1762 ) ;
#262 = CARTESIAN_POINT ( 'NONE',  ( 0.000000000000000000, 0.000000000000000000, 0.3020000000000001572 ) ) ;
#263 = DIRECTION ( 'NONE',  ( -0.000000000000000000, -1.000000000000000000, -0.000000000000000000 ) ) ;
#264 = DIRECTION ( 'NONE',  ( -0.000000000000000000, -0.000000000000000000, -1.000000000000000000 ) ) ;
#265 = CARTESIAN_POINT ( 'NONE',  ( 0.4699999999999999178, 0.02999999999999999889, 0.2700000000000000733 ) ) ;
#266 = CARTESIAN_POINT ( 'NONE',  ( -0.5000000000000001110, 0.4799999999999999822, 0.3000000000000000999 ) ) ;
#267 = VERTEX_POINT ( 'NONE', #309 ) ;
#268 = SURFACE_STYLE_USAGE ( .BOTH. , #1133 ) ;
#269 = CARTESIAN_POINT ( 'NONE',  ( -0.4500000000000001221, 0.5000000000000000000, -0.2500000000000000000 ) ) ;
#270 = DIRECTION ( 'NONE',  ( -1.000000000000000000, -0.000000000000000000, 0.000000000000000000 ) ) ;
#271 = CARTESIAN_POINT ( 'NONE',  ( -0.5020000000000001128, 0.4599999999999999645, 0.04663216582816034905 ) ) ;
#272 = EDGE_CURVE ( 'NONE', #235, #128, #1299, .T. ) ;
#273 = EDGE_CURVE ( 'NONE', #1034, #494, #1181, .T. ) ;
#274 = ORIENTED_EDGE ( 'NONE', *, *, #398, .F. ) ;
#275 = FACE_OUTER_BOUND ( 'NONE', #697, .T. ) ;
#276 = CARTESIAN_POINT ( 'NONE',  ( 0.3681870759029363116, 0.4299999999999999378, 0.3020000000000001572 ) ) ;
#277 = SPHERICAL_SURFACE ( 'NONE', #753, 0.02999999999999999889 ) ;
#278 = VECTOR ( 'NONE', #336, 1000.000000000000000 ) ;
#279 = AXIS2_PLACEMENT_3D ( 'NONE', #712, #1883, #1148 ) ;
#280 = EDGE_CURVE ( 'NONE', #128, #1649, #1191, .T. ) ;
#281 = ORIENTED_EDGE ( 'NONE', *, *, #729, .T. ) ;
#282 = LINE ( 'NONE', #1442, #745 ) ;
#283 = AXIS2_PLACEMENT_3D ( 'NONE', #650, #1226, #201 ) ;
#284 = COLOUR_RGB ( '',0.1098039215686274495, 0.1098039215686274495, 0.1098039215686274495 ) ;
#285 = STYLED_ITEM ( 'NONE', ( #1878 ), #576 ) ;
#286 = SURFACE_SIDE_STYLE ('',( #717 ) ) ;
#287 = AXIS2_PLACEMENT_3D ( 'NONE', #1433, #1123, #1710 ) ;
#288 = EDGE_LOOP ( 'NONE', ( #1092, #1363, #473, #1552 ) ) ;
#289 = CARTESIAN_POINT ( 'NONE',  ( -0.5000000000000001110, 0.4799999999999999822, -0.2999999999999998224 ) ) ;
#290 = ORIENTED_EDGE ( 'NONE', *, *, #1837, .F. ) ;
#291 = PLANE ( 'NONE',  #1380 ) ;
#292 = EDGE_CURVE ( 'NONE', #1611, #1721, #9, .T. ) ;
#293 = CARTESIAN_POINT ( 'NONE',  ( 0.4999999999999998890, 0.4399999999999999467, -0.05336783417183965650 ) ) ;
#294 = UNCERTAINTY_MEASURE_WITH_UNIT (LENGTH_MEASURE( 1.000000000000000082E-05 ), #1655, 'distance_accuracy_value', 'NONE');
#295 =( NAMED_UNIT ( * ) PLANE_ANGLE_UNIT ( ) SI_UNIT ( $, .RADIAN. ) );
#296 = EDGE_CURVE ( 'NONE', #1295, #1588, #1474, .T. ) ;
#297 = EDGE_CURVE ( 'NONE', #1073, #1385, #1646, .T. ) ;
#298 = ORIENTED_EDGE ( 'NONE', *, *, #1336, .T. ) ;
#299 =( NAMED_UNIT ( * ) PLANE_ANGLE_UNIT ( ) SI_UNIT ( $, .RADIAN. ) );
#300 = SURFACE_STYLE_USAGE ( .BOTH. , #14 ) ;
#301 = EDGE_LOOP ( 'NONE', ( #1845, #334, #1694, #1664 ) ) ;
#302 = PLANE ( 'NONE',  #860 ) ;
#303 = DIRECTION ( 'NONE',  ( 1.000000000000000000, 0.000000000000000000, -2.710505431213761578E-16 ) ) ;
#304 = EDGE_LOOP ( 'NONE', ( #341, #973, #831, #1842 ) ) ;
#305 = ORIENTED_EDGE ( 'NONE', *, *, #416, .T. ) ;
#306 =( NAMED_UNIT ( * ) SI_UNIT ( $, .STERADIAN. ) SOLID_ANGLE_UNIT ( ) );
#307 = CARTESIAN_POINT ( 'NONE',  ( 0.3681870759029363116, 0.4599999999999999645, 0.3020000000000001572 ) ) ;
#308 = VERTEX_POINT ( 'NONE', #1617 ) ;
#309 = CARTESIAN_POINT ( 'NONE',  ( 0.4500000000000000666, 0.5000000000000000000, 0.2500000000000000000 ) ) ;
#310 = FILL_AREA_STYLE ('',( #1619 ) ) ;
#311 = ORIENTED_EDGE ( 'NONE', *, *, #638, .F. ) ;
#312 = CARTESIAN_POINT ( 'NONE',  ( -0.5000000000000001110, 0.02999999999999997113, -0.2699999999999998512 ) ) ;
#313 = CIRCLE ( 'NONE', #221, 0.02999999999999997113 ) ;
#314 =( GEOMETRIC_REPRESENTATION_CONTEXT ( 3 ) GLOBAL_UNCERTAINTY_ASSIGNED_CONTEXT ( ( #621 ) ) GLOBAL_UNIT_ASSIGNED_CONTEXT ( ( #156, #1357, #1209 ) ) REPRESENTATION_CONTEXT ( 'NONE', 'WORKASPACE' ) );
#315 = ADVANCED_FACE ( 'NONE', ( #176 ), #478, .T. ) ;
#316 = VECTOR ( 'NONE', #679, 1000.000000000000000 ) ;
#317 = PRESENTATION_STYLE_ASSIGNMENT (( #466 ) ) ;
#318 = PLANE ( 'NONE',  #1305 ) ;
#319 = EDGE_CURVE ( 'NONE', #1151, #182, #917, .T. ) ;
#320 = VERTEX_POINT ( 'NONE', #1162 ) ;
#321 = FACE_OUTER_BOUND ( 'NONE', #138, .T. ) ;
#322 = CARTESIAN_POINT ( 'NONE',  ( -0.3681870759029365336, 0.4299999999999997713, 0.3020000000000001572 ) ) ;
#323 = VERTEX_POINT ( 'NONE', #1360 ) ;
#324 = LINE ( 'NONE', #902, #536 ) ;
#325 = FACE_BOUND ( 'NONE', #441, .T. ) ;
#326 = DIRECTION ( 'NONE',  ( -9.035018104045878829E-16, 1.000000000000000000, -1.632631042808734479E-30 ) ) ;
#327 = ORIENTED_EDGE ( 'NONE', *, *, #1315, .T. ) ;
#328 = DIRECTION ( 'NONE',  ( 0.000000000000000000, 0.000000000000000000, -1.000000000000000000 ) ) ;
#329 = ADVANCED_FACE ( 'NONE', ( #773 ), #603, .T. ) ;
#330 = LINE ( 'NONE', #908, #1557 ) ;
#331 = EDGE_LOOP ( 'NONE', ( #1180, #446, #431, #533 ) ) ;
#332 = UNCERTAINTY_MEASURE_WITH_UNIT (LENGTH_MEASURE( 1.000000000000000082E-05 ), #873, 'distance_accuracy_value', 'NONE');
#333 = LINE ( 'NONE', #1246, #7 ) ;
#334 = ORIENTED_EDGE ( 'NONE', *, *, #1716, .T. ) ;
#335 = DIRECTION ( 'NONE',  ( 0.000000000000000000, 1.000000000000000000, 0.000000000000000000 ) ) ;
#336 = DIRECTION ( 'NONE',  ( 0.000000000000000000, 1.000000000000000000, 0.000000000000000000 ) ) ;
#337 = VECTOR ( 'NONE', #1682, 1000.000000000000000 ) ;
#338 = ORIENTED_EDGE ( 'NONE', *, *, #1678, .T. ) ;
#339 = CARTESIAN_POINT ( 'NONE',  ( 0.2681870759029363338, 0.4299999999999999378, 0.3020000000000001572 ) ) ;
#340 = VECTOR ( 'NONE', #1202, 1000.000000000000000 ) ;
#341 = ORIENTED_EDGE ( 'NONE', *, *, #1724, .F. ) ;
#342 = DIRECTION ( 'NONE',  ( 0.000000000000000000, 0.000000000000000000, -1.000000000000000000 ) ) ;
#343 = EDGE_CURVE ( 'NONE', #1803, #511, #23, .T. ) ;
#344 = PRESENTATION_STYLE_ASSIGNMENT (( #1344 ) ) ;
#345 = VECTOR ( 'NONE', #787, 1000.000000000000000 ) ;
#346 = DIRECTION ( 'NONE',  ( 1.000000000000000000, 0.000000000000000000, -0.000000000000000000 ) ) ;
#347 = CIRCLE ( 'NONE', #1080, 0.02999999999999997113 ) ;
#348 = ORIENTED_EDGE ( 'NONE', *, *, #10, .F. ) ;
#349 = DIRECTION ( 'NONE',  ( -1.000000000000000000, 0.000000000000000000, 0.000000000000000000 ) ) ;
#350 = PRESENTATION_STYLE_ASSIGNMENT (( #491 ) ) ;
#351 = EDGE_LOOP ( 'NONE', ( #81, #369, #916 ) ) ;
#352 = LINE ( 'NONE', #1095, #1723 ) ;
#353 = ADVANCED_FACE ( 'NONE', ( #321 ), #1350, .F. ) ;
#354 = DIRECTION ( 'NONE',  ( -1.000000000000000000, 0.000000000000000000, -0.000000000000000000 ) ) ;
#355 = ADVANCED_FACE ( 'NONE', ( #1032 ), #302, .T. ) ;
#356 = EDGE_CURVE ( 'NONE', #1517, #899, #1671, .T. ) ;
#357 = DIRECTION ( 'NONE',  ( -0.000000000000000000, 0.000000000000000000, 1.000000000000000000 ) ) ;
#358 = DIRECTION ( 'NONE',  ( -0.000000000000000000, -0.000000000000000000, -1.000000000000000000 ) ) ;
#359 = VERTEX_POINT ( 'NONE', #54 ) ;
#360 = FACE_OUTER_BOUND ( 'NONE', #1633, .T. ) ;
#361 = CARTESIAN_POINT ( 'NONE',  ( 0.4999999999999998890, 0.02999999999999997113, 0.3000000000000000999 ) ) ;
#362 = ORIENTED_EDGE ( 'NONE', *, *, #635, .F. ) ;
#363 = LINE ( 'NONE', #515, #154 ) ;
#364 = SURFACE_SIDE_STYLE ('',( #816 ) ) ;
#365 = DIRECTION ( 'NONE',  ( 0.000000000000000000, 0.000000000000000000, -1.000000000000000000 ) ) ;
#366 = FACE_OUTER_BOUND ( 'NONE', #1241, .T. ) ;
#367 = DIRECTION ( 'NONE',  ( -1.000000000000000000, 0.000000000000000000, 0.000000000000000000 ) ) ;
#368 = EDGE_CURVE ( 'NONE', #503, #67, #370, .T. ) ;
#369 = ORIENTED_EDGE ( 'NONE', *, *, #280, .T. ) ;
#370 = LINE ( 'NONE', #1213, #1108 ) ;
#371 = VERTEX_POINT ( 'NONE', #1810 ) ;
#372 = CARTESIAN_POINT ( 'NONE',  ( 0.4699999999999999178, 0.4799999999999999822, 0.2700000000000000733 ) ) ;
#373 =( GEOMETRIC_REPRESENTATION_CONTEXT ( 3 ) GLOBAL_UNCERTAINTY_ASSIGNED_CONTEXT ( ( #879 ) ) GLOBAL_UNIT_ASSIGNED_CONTEXT ( ( #1165, #132, #1243 ) ) REPRESENTATION_CONTEXT ( 'NONE', 'WORKASPACE' ) );
#374 = FACE_OUTER_BOUND ( 'NONE', #723, .T. ) ;
#375 = DIRECTION ( 'NONE',  ( -0.000000000000000000, -1.000000000000000000, -0.000000000000000000 ) ) ;
#376 = AXIS2_PLACEMENT_3D ( 'NONE', #1609, #36, #618 ) ;
#377 = CARTESIAN_POINT ( 'NONE',  ( 0.2681870759029363338, 0.4599999999999999645, -0.3019999999999998241 ) ) ;
#378 = ORIENTED_EDGE ( 'NONE', *, *, #1644, .F. ) ;
#379 = STYLED_ITEM ( 'NONE', ( #1824 ), #639 ) ;
#380 = ADVANCED_FACE ( 'NONE', ( #360 ), #212, .T. ) ;
#381 = VERTEX_POINT ( 'NONE', #501 ) ;
#382 = LINE ( 'NONE', #74, #1538 ) ;
#383 = FACE_OUTER_BOUND ( 'NONE', #1153, .T. ) ;
#384 = SURFACE_STYLE_USAGE ( .BOTH. , #688 ) ;
#385 = SURFACE_STYLE_USAGE ( .BOTH. , #1699 ) ;
#386 = LINE ( 'NONE', #1551, #157 ) ;
#387 = VERTEX_POINT ( 'NONE', #931 ) ;
#388 = LINE ( 'NONE', #245, #1297 ) ;
#389 = ORIENTED_EDGE ( 'NONE', *, *, #542, .T. ) ;
#390 = CARTESIAN_POINT ( 'NONE',  ( 0.5020000000000000018, 0.4399999999999999467, -0.05336783417183965650 ) ) ;
#391 = DIRECTION ( 'NONE',  ( 0.000000000000000000, 0.000000000000000000, -1.000000000000000000 ) ) ;
#392 = CARTESIAN_POINT ( 'NONE',  ( 0.5020000000000000018, 0.4399999999999999467, -0.05336783417183965650 ) ) ;
#393 = DIRECTION ( 'NONE',  ( 0.000000000000000000, 1.000000000000000000, 0.000000000000000000 ) ) ;
#394 = CARTESIAN_POINT ( 'NONE',  ( -0.5020000000000001128, 0.4399999999999999467, 0.04663216582816034905 ) ) ;
#395 = VERTEX_POINT ( 'NONE', #790 ) ;
#396 = ORIENTED_EDGE ( 'NONE', *, *, #825, .T. ) ;
#397 = FILL_AREA_STYLE_COLOUR ( '', #284 ) ;
#398 = EDGE_CURVE ( 'NONE', #1614, #12, #1382, .T. ) ;
#399 = DIRECTION ( 'NONE',  ( -0.000000000000000000, -1.000000000000000000, 0.000000000000000000 ) ) ;
#400 = AXIS2_PLACEMENT_3D ( 'NONE', #1143, #1298, #391 ) ;
#401 = CIRCLE ( 'NONE', #61, 0.02999999999999997113 ) ;
#402 = EDGE_CURVE ( 'NONE', #503, #1051, #1681, .T. ) ;
#403 = EDGE_CURVE ( 'NONE', #1218, #570, #1085, .T. ) ;
#404 = PLANE ( 'NONE',  #224 ) ;
#405 = CARTESIAN_POINT ( 'NONE',  ( -0.5000000000000001110, 0.4599999999999999645, 0.3000000000000000999 ) ) ;
#406 = DIRECTION ( 'NONE',  ( 0.000000000000000000, 1.000000000000000000, -0.000000000000000000 ) ) ;
#407 = VECTOR ( 'NONE', #223, 1000.000000000000000 ) ;
#408 = CARTESIAN_POINT ( 'NONE',  ( -0.2681870759029365003, 0.4599999999999998535, -0.2999999999999998224 ) ) ;
#409 = ORIENTED_EDGE ( 'NONE', *, *, #1760, .F. ) ;
#410 = VECTOR ( 'NONE', #806, 1000.000000000000000 ) ;
#411 = PRESENTATION_LAYER_ASSIGNMENT (  '', '', ( #285 ) ) ;
#412 = DIRECTION ( 'NONE',  ( 1.000000000000000000, 0.000000000000000000, 0.000000000000000000 ) ) ;
#413 = VECTOR ( 'NONE', #922, 1000.000000000000000 ) ;
#414 = DIRECTION ( 'NONE',  ( 0.000000000000000000, 0.000000000000000000, 1.000000000000000000 ) ) ;
#415 = DIRECTION ( 'NONE',  ( -1.000000000000000000, 0.000000000000000000, -0.000000000000000000 ) ) ;
#416 = EDGE_CURVE ( 'NONE', #494, #1215, #1371, .T. ) ;
#417 = CARTESIAN_POINT ( 'NONE',  ( -0.2000000000000002331, 0.4799999999999999822, 0.2500000000000000000 ) ) ;
#418 = ADVANCED_FACE ( 'NONE', ( #1394 ), #1071, .F. ) ;
#419 = CARTESIAN_POINT ( 'NONE',  ( 0.5020000000000000018, 0.4399999999999999467, 0.04663216582816034905 ) ) ;
#420 = ORIENTED_EDGE ( 'NONE', *, *, #623, .T. ) ;
#421 = SURFACE_STYLE_FILL_AREA ( #857 ) ;
#422 = ORIENTED_EDGE ( 'NONE', *, *, #416, .F. ) ;
#423 = DIRECTION ( 'NONE',  ( 0.000000000000000000, 0.000000000000000000, 1.000000000000000000 ) ) ;
#424 = FILL_AREA_STYLE_COLOUR ( '', #1037 ) ;
#425 = ADVANCED_FACE ( 'NONE', ( #1093 ), #1531, .F. ) ;
#426 = PLANE ( 'NONE',  #1631 ) ;
#427 = EDGE_LOOP ( 'NONE', ( #362, #875, #589, #1020 ) ) ;
#428 = PRESENTATION_STYLE_ASSIGNMENT (( #268 ) ) ;
#429 = SURFACE_STYLE_USAGE ( .BOTH. , #1739 ) ;
#430 = COLOUR_RGB ( '',0.1098039215686274495, 0.1098039215686274495, 0.1098039215686274495 ) ;
#431 = ORIENTED_EDGE ( 'NONE', *, *, #368, .F. ) ;
#432 = VECTOR ( 'NONE', #949, 1000.000000000000000 ) ;
#433 = VECTOR ( 'NONE', #1130, 1000.000000000000000 ) ;
#434 = ORIENTED_EDGE ( 'NONE', *, *, #467, .F. ) ;
#435 = DIRECTION ( 'NONE',  ( -0.000000000000000000, -1.000000000000000000, -0.000000000000000000 ) ) ;
#436 = EDGE_CURVE ( 'NONE', #1396, #1803, #1200, .T. ) ;
#437 = EDGE_CURVE ( 'NONE', #1663, #1228, #1624, .T. ) ;
#438 = LINE ( 'NONE', #1019, #913 ) ;
#439 = AXIS2_PLACEMENT_3D ( 'NONE', #173, #30, #65 ) ;
#440 = COLOUR_RGB ( '',0.1098039215686274495, 0.1098039215686274495, 0.1098039215686274495 ) ;
#441 = EDGE_LOOP ( 'NONE', ( #1403, #761, #53, #1411 ) ) ;
#442 = DIRECTION ( 'NONE',  ( 1.000000000000000000, 0.000000000000000000, -0.000000000000000000 ) ) ;
#443 = CARTESIAN_POINT ( 'NONE',  ( 0.5020000000000000018, 0.4599999999999999645, -0.05336783417183965650 ) ) ;
#444 = FACE_OUTER_BOUND ( 'NONE', #200, .T. ) ;
#445 = ORIENTED_EDGE ( 'NONE', *, *, #1224, .F. ) ;
#446 = ORIENTED_EDGE ( 'NONE', *, *, #600, .F. ) ;
#447 = SURFACE_STYLE_FILL_AREA ( #757 ) ;
#448 = CARTESIAN_POINT ( 'NONE',  ( 0.2681870759029363338, 0.4599999999999999645, -0.2999999999999998224 ) ) ;
#449 = ORIENTED_EDGE ( 'NONE', *, *, #296, .F. ) ;
#450 = CARTESIAN_POINT ( 'NONE',  ( 0.2681870759029363338, 0.4299999999999999378, 0.3020000000000001572 ) ) ;
#451 = CARTESIAN_POINT ( 'NONE',  ( -0.4700000000000001399, 0.02999999999999997113, -0.2699999999999998512 ) ) ;
#452 = ORIENTED_EDGE ( 'NONE', *, *, #1369, .F. ) ;
#453 = EDGE_CURVE ( 'NONE', #828, #1891, #914, .T. ) ;
#454 = DIRECTION ( 'NONE',  ( 0.000000000000000000, 0.000000000000000000, 1.000000000000000000 ) ) ;
#455 = FACE_OUTER_BOUND ( 'NONE', #1007, .T. ) ;
#456 = MECHANICAL_DESIGN_GEOMETRIC_PRESENTATION_REPRESENTATION (  '', ( #685 ), #1188 ) ;
#457 = ORIENTED_EDGE ( 'NONE', *, *, #1089, .T. ) ;
#458 = DIRECTION ( 'NONE',  ( 0.000000000000000000, 1.000000000000000000, -0.000000000000000000 ) ) ;
#459 = FACE_OUTER_BOUND ( 'NONE', #301, .T. ) ;
#460 = VECTOR ( 'NONE', #1326, 1000.000000000000000 ) ;
#461 = ORIENTED_EDGE ( 'NONE', *, *, #911, .F. ) ;
#462 = AXIS2_PLACEMENT_3D ( 'NONE', #496, #678, #1081 ) ;
#463 = DIRECTION ( 'NONE',  ( 0.000000000000000000, 0.000000000000000000, -1.000000000000000000 ) ) ;
#464 = PRESENTATION_LAYER_ASSIGNMENT (  '', '', ( #1439 ) ) ;
#465 = STYLED_ITEM ( 'NONE', ( #886 ), #999 ) ;
#466 = SURFACE_STYLE_USAGE ( .BOTH. , #172 ) ;
#467 = EDGE_CURVE ( 'NONE', #1505, #1073, #1502, .T. ) ;
#468 =( NAMED_UNIT ( * ) PLANE_ANGLE_UNIT ( ) SI_UNIT ( $, .RADIAN. ) );
#469 = VECTOR ( 'NONE', #1730, 1000.000000000000000 ) ;
#470 = VERTEX_POINT ( 'NONE', #1472 ) ;
#471 = DIRECTION ( 'NONE',  ( 0.000000000000000000, -0.000000000000000000, 1.000000000000000000 ) ) ;
#472 = DIRECTION ( 'NONE',  ( 0.000000000000000000, 0.000000000000000000, -1.000000000000000000 ) ) ;
#473 = ORIENTED_EDGE ( 'NONE', *, *, #161, .F. ) ;
#474 = SURFACE_STYLE_USAGE ( .BOTH. , #364 ) ;
#475 = ORIENTED_EDGE ( 'NONE', *, *, #508, .F. ) ;
#476 = CARTESIAN_POINT ( 'NONE',  ( -0.2000000000000002331, 0.5000000000000000000, 0.2500000000000000000 ) ) ;
#477 = EDGE_CURVE ( 'NONE', #267, #667, #197, .T. ) ;
#478 = PLANE ( 'NONE',  #721 ) ;
#479 = ADVANCED_FACE ( 'NONE', ( #1796 ), #1338, .T. ) ;
#480 = ADVANCED_FACE ( 'NONE', ( #325, #1057 ), #884, .F. ) ;
#481 = CARTESIAN_POINT ( 'NONE',  ( 0.2681870759029363338, 0.4799999999999999822, -0.2999999999999998224 ) ) ;
#482 = VERTEX_POINT ( 'NONE', #1038 ) ;
#483 = DIRECTION ( 'NONE',  ( -1.000000000000000000, -5.421010862427523156E-16, 0.000000000000000000 ) ) ;
#484 = FACE_BOUND ( 'NONE', #966, .T. ) ;
#485 = DIRECTION ( 'NONE',  ( -0.000000000000000000, -1.000000000000000000, -0.000000000000000000 ) ) ;
#486 = CARTESIAN_POINT ( 'NONE',  ( -0.3681870759029365336, 0.4599999999999997979, 0.3020000000000001572 ) ) ;
#487 = VECTOR ( 'NONE', #652, 1000.000000000000000 ) ;
#488 = ORIENTED_EDGE ( 'NONE', *, *, #977, .T. ) ;
#489 = CARTESIAN_POINT ( 'NONE',  ( -0.2000000000000000944, 0.5000000000000000000, -0.2500000000000000000 ) ) ;
#490 = AXIS2_PLACEMENT_3D ( 'NONE', #695, #1277, #1860 ) ;
#491 = SURFACE_STYLE_USAGE ( .BOTH. , #1801 ) ;
#492 = ORIENTED_EDGE ( 'NONE', *, *, #588, .F. ) ;
#493 = EDGE_CURVE ( 'NONE', #1374, #1142, #1256, .T. ) ;
#494 = VERTEX_POINT ( 'NONE', #835 ) ;
#495 =( LENGTH_UNIT ( ) NAMED_UNIT ( * ) SI_UNIT ( .MILLI., .METRE. ) );
#496 = CARTESIAN_POINT ( 'NONE',  ( 0.5020000000000000018, 0.4599999999999999645, -0.05336783417183965650 ) ) ;
#497 = CARTESIAN_POINT ( 'NONE',  ( 0.5020000000000000018, 0.000000000000000000, 0.000000000000000000 ) ) ;
#498 = AXIS2_PLACEMENT_3D ( 'NONE', #636, #326, #1210 ) ;
#499 = AXIS2_PLACEMENT_3D ( 'NONE', #677, #1804, #946 ) ;
#500 = ORIENTED_EDGE ( 'NONE', *, *, #1705, .F. ) ;
#501 = CARTESIAN_POINT ( 'NONE',  ( 0.3681870759029363116, 0.4599999999999999645, 0.3020000000000001572 ) ) ;
#502 = CARTESIAN_POINT ( 'NONE',  ( -0.4700000000000001399, 0.4799999999999999822, 0.3000000000000000999 ) ) ;
#503 = VERTEX_POINT ( 'NONE', #1831 ) ;
#504 = LINE ( 'NONE', #102, #887 ) ;
#505 = UNCERTAINTY_MEASURE_WITH_UNIT (LENGTH_MEASURE( 1.000000000000000082E-05 ), #1372, 'distance_accuracy_value', 'NONE');
#506 = CARTESIAN_POINT ( 'NONE',  ( 0.5020000000000000018, 0.4399999999999999467, 0.04663216582816034905 ) ) ;
#507 = EDGE_CURVE ( 'NONE', #1040, #756, #1351, .T. ) ;
#508 = EDGE_CURVE ( 'NONE', #899, #1611, #1109, .T. ) ;
#509 = FILL_AREA_STYLE_COLOUR ( '', #1627 ) ;
#510 = LINE ( 'NONE', #1789, #340 ) ;
#511 = VERTEX_POINT ( 'NONE', #699 ) ;
#512 = CARTESIAN_POINT ( 'NONE',  ( 0.5020000000000000018, 0.4399999999999999467, -0.05336783417183965650 ) ) ;
#513 = CARTESIAN_POINT ( 'NONE',  ( -0.5000000000000001110, 0.4299999999999999378, 0.3000000000000000999 ) ) ;
#514 = ORIENTED_EDGE ( 'NONE', *, *, #10, .T. ) ;
#515 = CARTESIAN_POINT ( 'NONE',  ( -0.3681870759029365336, 0.4599999999999997979, 0.3020000000000001572 ) ) ;
#516 = PLANE ( 'NONE',  #1199 ) ;
#517 = ADVANCED_FACE ( 'NONE', ( #1097 ), #232, .T. ) ;
#518 = ADVANCED_FACE ( 'NONE', ( #1806 ), #207, .T. ) ;
#519 = DIRECTION ( 'NONE',  ( 1.000000000000000000, -0.000000000000000000, -0.000000000000000000 ) ) ;
#520 = EDGE_CURVE ( 'NONE', #323, #128, #1823, .T. ) ;
#521 = ORIENTED_EDGE ( 'NONE', *, *, #1644, .T. ) ;
#522 = LINE ( 'NONE', #1103, #1587 ) ;
#523 = AXIS2_PLACEMENT_3D ( 'NONE', #1319, #871, #1182 ) ;
#524 = ORIENTED_EDGE ( 'NONE', *, *, #1702, .F. ) ;
#525 = DIRECTION ( 'NONE',  ( -1.000000000000000000, 0.000000000000000000, -0.000000000000000000 ) ) ;
#526 = VECTOR ( 'NONE', #209, 1000.000000000000000 ) ;
#527 = CARTESIAN_POINT ( 'NONE',  ( 0.2681870759029363338, 0.4299999999999999378, 0.3020000000000001572 ) ) ;
#528 = PRESENTATION_LAYER_ASSIGNMENT (  '', '', ( #685 ) ) ;
#529 = CARTESIAN_POINT ( 'NONE',  ( -0.5000000000000001110, 0.4399999999999999467, 0.04663216582816034905 ) ) ;
#530 = AXIS2_PLACEMENT_3D ( 'NONE', #641, #1659, #1506 ) ;
#531 = CARTESIAN_POINT ( 'NONE',  ( 0.4999999999999998890, 0.4399999999999999467, 0.04663216582816034905 ) ) ;
#532 = LINE ( 'NONE', #710, #1848 ) ;
#533 = ORIENTED_EDGE ( 'NONE', *, *, #402, .T. ) ;
#534 = AXIS2_PLACEMENT_3D ( 'NONE', #262, #1438, #583 ) ;
#535 = SURFACE_SIDE_STYLE ('',( #704 ) ) ;
#536 = VECTOR ( 'NONE', #768, 1000.000000000000000 ) ;
#537 = ORIENTED_EDGE ( 'NONE', *, *, #493, .T. ) ;
#538 = CARTESIAN_POINT ( 'NONE',  ( 0.1999999999999998723, 0.4799999999999999822, -0.2500000000000000000 ) ) ;
#539 = PRESENTATION_STYLE_ASSIGNMENT (( #385 ) ) ;
#540 = FACE_OUTER_BOUND ( 'NONE', #800, .T. ) ;
#541 = VERTEX_POINT ( 'NONE', #1668 ) ;
#542 = EDGE_CURVE ( 'NONE', #1040, #1649, #1838, .T. ) ;
#543 = DIRECTION ( 'NONE',  ( -0.000000000000000000, -1.000000000000000000, -0.000000000000000000 ) ) ;
#544 = ORIENTED_EDGE ( 'NONE', *, *, #1837, .T. ) ;
#545 = ORIENTED_EDGE ( 'NONE', *, *, #1463, .F. ) ;
#546 = LINE ( 'NONE', #564, #1523 ) ;
#547 =( NAMED_UNIT ( * ) PLANE_ANGLE_UNIT ( ) SI_UNIT ( $, .RADIAN. ) );
#548 = CARTESIAN_POINT ( 'NONE',  ( 0.2000000000000000111, 0.5000000000000000000, 0.2500000000000000000 ) ) ;
#549 =( NAMED_UNIT ( * ) SI_UNIT ( $, .STERADIAN. ) SOLID_ANGLE_UNIT ( ) );
#550 = LINE ( 'NONE', #693, #469 ) ;
#551 =( NAMED_UNIT ( * ) PLANE_ANGLE_UNIT ( ) SI_UNIT ( $, .RADIAN. ) );
#552 = VERTEX_POINT ( 'NONE', #529 ) ;
#553 = LINE ( 'NONE', #870, #1271 ) ;
#554 = CYLINDRICAL_SURFACE ( 'NONE', #799, 0.03000000000000002318 ) ;
#555 = VECTOR ( 'NONE', #592, 1000.000000000000000 ) ;
#556 = DIRECTION ( 'NONE',  ( -1.000000000000000000, 0.000000000000000000, 0.000000000000000000 ) ) ;
#557 = PLANE ( 'NONE',  #32 ) ;
#558 = AXIS2_PLACEMENT_3D ( 'NONE', #1204, #148, #765 ) ;
#559 = CARTESIAN_POINT ( 'NONE',  ( -0.2681870759029365003, 0.4799999999999999822, -0.2999999999999998224 ) ) ;
#560 = VECTOR ( 'NONE', #1555, 1000.000000000000000 ) ;
#561 = ORIENTED_EDGE ( 'NONE', *, *, #1625, .T. ) ;
#562 = SURFACE_STYLE_FILL_AREA ( #842 ) ;
#563 = AXIS2_PLACEMENT_3D ( 'NONE', #866, #1865, #1725 ) ;
#564 = CARTESIAN_POINT ( 'NONE',  ( 0.2681870759029363338, 0.4799999999999999822, 0.3000000000000000999 ) ) ;
#565 = VECTOR ( 'NONE', #1657, 1000.000000000000000 ) ;
#566 = LINE ( 'NONE', #1144, #1464 ) ;
#567 = CARTESIAN_POINT ( 'NONE',  ( -0.2000000000000002331, 0.4799999999999999822, 0.2500000000000000000 ) ) ;
#568 = ADVANCED_FACE ( 'NONE', ( #1677 ), #277, .T. ) ;
#569 = DIRECTION ( 'NONE',  ( 1.000000000000000000, 0.000000000000000000, -0.000000000000000000 ) ) ;
#570 = VERTEX_POINT ( 'NONE', #1110 ) ;
#571 = FILL_AREA_STYLE ('',( #1829 ) ) ;
#572 = LINE ( 'NONE', #1458, #555 ) ;
#573 = ADVANCED_FACE ( 'NONE', ( #1595 ), #1289, .T. ) ;
#574 = SURFACE_STYLE_FILL_AREA ( #135 ) ;
#575 = ORIENTED_EDGE ( 'NONE', *, *, #1501, .T. ) ;
#576 = ADVANCED_FACE ( 'NONE', ( #113 ), #707, .T. ) ;
#577 = EDGE_LOOP ( 'NONE', ( #537, #500, #1370, #1465 ) ) ;
#578 = CARTESIAN_POINT ( 'NONE',  ( -0.2681870759029365003, 0.4599999999999998535, 0.3020000000000001572 ) ) ;
#579 = LINE ( 'NONE', #1311, #249 ) ;
#580 = UNCERTAINTY_MEASURE_WITH_UNIT (LENGTH_MEASURE( 1.000000000000000082E-05 ), #1549, 'distance_accuracy_value', 'NONE');
#581 =( LENGTH_UNIT ( ) NAMED_UNIT ( * ) SI_UNIT ( .MILLI., .METRE. ) );
#582 =( GEOMETRIC_REPRESENTATION_CONTEXT ( 3 ) GLOBAL_UNCERTAINTY_ASSIGNED_CONTEXT ( ( #1470 ) ) GLOBAL_UNIT_ASSIGNED_CONTEXT ( ( #495, #1074, #1207 ) ) REPRESENTATION_CONTEXT ( 'NONE', 'WORKASPACE' ) );
#583 = DIRECTION ( 'NONE',  ( 1.000000000000000000, 0.000000000000000000, -0.000000000000000000 ) ) ;
#584 = EDGE_LOOP ( 'NONE', ( #457, #910, #452 ) ) ;
#585 = VECTOR ( 'NONE', #1712, 1000.000000000000000 ) ;
#586 = PRODUCT_DEFINITION_FORMATION_WITH_SPECIFIED_SOURCE ( 'ANY', '', #602, .NOT_KNOWN. ) ;
#587 =( LENGTH_UNIT ( ) NAMED_UNIT ( * ) SI_UNIT ( .MILLI., .METRE. ) );
#588 = EDGE_CURVE ( 'NONE', #1310, #901, #566, .T. ) ;
#589 = ORIENTED_EDGE ( 'NONE', *, *, #936, .F. ) ;
#590 = FACE_OUTER_BOUND ( 'NONE', #1846, .T. ) ;
#591 = ADVANCED_FACE ( 'NONE', ( #1574 ), #1890, .T. ) ;
#592 = DIRECTION ( 'NONE',  ( -0.000000000000000000, -1.000000000000000000, -0.000000000000000000 ) ) ;
#593 = PRESENTATION_LAYER_ASSIGNMENT (  '', '', ( #185 ) ) ;
#594 = MECHANICAL_DESIGN_GEOMETRIC_PRESENTATION_REPRESENTATION (  '', ( #3 ), #257 ) ;
#595 = ORIENTED_EDGE ( 'NONE', *, *, #520, .F. ) ;
#596 = AXIS2_PLACEMENT_3D ( 'NONE', #548, #987, #1290 ) ;
#597 = VECTOR ( 'NONE', #722, 1000.000000000000000 ) ;
#598 = ORIENTED_EDGE ( 'NONE', *, *, #1076, .F. ) ;
#599 = DIRECTION ( 'NONE',  ( 0.000000000000000000, 0.000000000000000000, 1.000000000000000000 ) ) ;
#600 = EDGE_CURVE ( 'NONE', #67, #541, #1565, .T. ) ;
#601 = EDGE_LOOP ( 'NONE', ( #561, #1025, #1476, #863 ) ) ;
#602 = PRODUCT ( 'SP1003-01ETG', 'SP1003-01ETG', '', ( #1169 ) ) ;
#603 = PLANE ( 'NONE',  #1623 ) ;
#604 = DIRECTION ( 'NONE',  ( 0.000000000000000000, 0.000000000000000000, 1.000000000000000000 ) ) ;
#605 = EDGE_CURVE ( 'NONE', #1051, #541, #1444, .T. ) ;
#606 = ORIENTED_EDGE ( 'NONE', *, *, #1061, .T. ) ;
#607 = UNCERTAINTY_MEASURE_WITH_UNIT (LENGTH_MEASURE( 1.000000000000000082E-05 ), #581, 'distance_accuracy_value', 'NONE');
#608 = ORIENTED_EDGE ( 'NONE', *, *, #1854, .T. ) ;
#609 = CARTESIAN_POINT ( 'NONE',  ( -0.3681870759029365336, 0.4599999999999997979, -0.3019999999999998241 ) ) ;
#610 = PLANE ( 'NONE',  #1457 ) ;
#611 = ORIENTED_EDGE ( 'NONE', *, *, #1563, .T. ) ;
#612 = ADVANCED_FACE ( 'NONE', ( #1282 ), #187, .T. ) ;
#613 = ADVANCED_FACE ( 'NONE', ( #797 ), #904, .T. ) ;
#614 = FACE_BOUND ( 'NONE', #1359, .T. ) ;
#615 = VECTOR ( 'NONE', #1429, 1000.000000000000000 ) ;
#616 = STYLED_ITEM ( 'NONE', ( #350 ), #1586 ) ;
#617 = ORIENTED_EDGE ( 'NONE', *, *, #273, .F. ) ;
#618 = DIRECTION ( 'NONE',  ( -1.000000000000000000, 0.000000000000000000, -0.000000000000000000 ) ) ;
#619 = LINE ( 'NONE', #1519, #1719 ) ;
#620 = ORIENTED_EDGE ( 'NONE', *, *, #477, .T. ) ;
#621 = UNCERTAINTY_MEASURE_WITH_UNIT (LENGTH_MEASURE( 1.000000000000000082E-05 ), #156, 'distance_accuracy_value', 'NONE');
#622 =( GEOMETRIC_REPRESENTATION_CONTEXT ( 3 ) GLOBAL_UNCERTAINTY_ASSIGNED_CONTEXT ( ( #58 ) ) GLOBAL_UNIT_ASSIGNED_CONTEXT ( ( #1048, #1768, #306 ) ) REPRESENTATION_CONTEXT ( 'NONE', 'WORKASPACE' ) );
#623 = EDGE_CURVE ( 'NONE', #371, #387, #1195, .T. ) ;
#624 =( NAMED_UNIT ( * ) SI_UNIT ( $, .STERADIAN. ) SOLID_ANGLE_UNIT ( ) );
#625 = CIRCLE ( 'NONE', #439, 0.02999999999999999889 ) ;
#626 = CARTESIAN_POINT ( 'NONE',  ( 0.4999999999999998890, 0.4399999999999999467, 0.3000000000000000999 ) ) ;
#627 = FILL_AREA_STYLE_COLOUR ( '', #661 ) ;
#628 = LINE ( 'NONE', #220, #1745 ) ;
#629 = CARTESIAN_POINT ( 'NONE',  ( -0.5000000000000001110, 0.4599999999999999645, 0.3000000000000000999 ) ) ;
#630 = ORIENTED_EDGE ( 'NONE', *, *, #905, .F. ) ;
#631 = DIRECTION ( 'NONE',  ( -0.000000000000000000, 1.000000000000000000, -0.000000000000000000 ) ) ;
#632 = DIRECTION ( 'NONE',  ( 1.000000000000000000, 0.000000000000000000, 0.000000000000000000 ) ) ;
#633 = ORIENTED_EDGE ( 'NONE', *, *, #1773, .T. ) ;
#634 = DIRECTION ( 'NONE',  ( 0.000000000000000000, 0.000000000000000000, -1.000000000000000000 ) ) ;
#635 = EDGE_CURVE ( 'NONE', #1478, #1218, #1788, .T. ) ;
#636 = CARTESIAN_POINT ( 'NONE',  ( -0.4700000000000001399, 0.02999999999999999889, -0.2699999999999998512 ) ) ;
#637 = LINE ( 'NONE', #41, #1805 ) ;
#638 = EDGE_CURVE ( 'NONE', #1611, #12, #625, .T. ) ;
#639 = ADVANCED_FACE ( 'NONE', ( #366 ), #1082, .T. ) ;
#640 = VERTEX_POINT ( 'NONE', #1807 ) ;
#641 = CARTESIAN_POINT ( 'NONE',  ( 0.1999999999999998723, 0.5000000000000000000, -0.2500000000000000000 ) ) ;
#642 = DIRECTION ( 'NONE',  ( 0.000000000000000000, -1.000000000000000000, 0.000000000000000000 ) ) ;
#643 = ORIENTED_EDGE ( 'NONE', *, *, #272, .F. ) ;
#644 = ORIENTED_EDGE ( 'NONE', *, *, #1760, .T. ) ;
#645 = CARTESIAN_POINT ( 'NONE',  ( 0.5020000000000000018, 0.4599999999999999645, -0.05336783417183965650 ) ) ;
#646 = DIRECTION ( 'NONE',  ( 0.000000000000000000, -1.000000000000000000, 0.000000000000000000 ) ) ;
#647 = FACE_OUTER_BOUND ( 'NONE', #1894, .T. ) ;
#648 = VECTOR ( 'NONE', #1062, 1000.000000000000000 ) ;
#649 = ORIENTED_EDGE ( 'NONE', *, *, #1702, .T. ) ;
#650 = CARTESIAN_POINT ( 'NONE',  ( -0.3681870759029365336, 0.4299999999999997713, 0.3020000000000001572 ) ) ;
#651 = VECTOR ( 'NONE', #236, 1000.000000000000000 ) ;
#652 = DIRECTION ( 'NONE',  ( -1.000000000000000000, 0.000000000000000000, 0.000000000000000000 ) ) ;
#653 = ORIENTED_EDGE ( 'NONE', *, *, #670, .F. ) ;
#654 = VECTOR ( 'NONE', #844, 1000.000000000000000 ) ;
#655 = CARTESIAN_POINT ( 'NONE',  ( 0.4699999999999999178, 0.000000000000000000, 0.2700000000000000733 ) ) ;
#656 = CARTESIAN_POINT ( 'NONE',  ( -0.3681870759029364781, 0.4599999999999997979, -0.2999999999999998224 ) ) ;
#657 = EDGE_LOOP ( 'NONE', ( #1683, #781, #1826, #1755 ) ) ;
#658 = CARTESIAN_POINT ( 'NONE',  ( 0.2681870759029363338, 0.4299999999999999378, 0.3020000000000001572 ) ) ;
#659 = VECTOR ( 'NONE', #801, 1000.000000000000000 ) ;
#660 = CARTESIAN_POINT ( 'NONE',  ( 0.3681870759029363116, 0.4299999999999999378, 0.3020000000000001572 ) ) ;
#661 = COLOUR_RGB ( '',0.1098039215686274495, 0.1098039215686274495, 0.1098039215686274495 ) ;
#662 = CIRCLE ( 'NONE', #104, 0.02999999999999997113 ) ;
#663 = EDGE_LOOP ( 'NONE', ( #740, #1436, #15, #673 ) ) ;
#664 = DIRECTION ( 'NONE',  ( 3.252606517456513795E-16, 0.000000000000000000, -1.000000000000000000 ) ) ;
#665 = SURFACE_STYLE_FILL_AREA ( #783 ) ;
#666 = EDGE_CURVE ( 'NONE', #1891, #1051, #970, .T. ) ;
#667 = VERTEX_POINT ( 'NONE', #836 ) ;
#668 = FACE_OUTER_BOUND ( 'NONE', #45, .T. ) ;
#669 = DIRECTION ( 'NONE',  ( 0.000000000000000000, -1.000000000000000000, 0.000000000000000000 ) ) ;
#670 = EDGE_CURVE ( 'NONE', #1478, #1310, #243, .T. ) ;
#671 = DIRECTION ( 'NONE',  ( 0.000000000000000000, -0.000000000000000000, 1.000000000000000000 ) ) ;
#672 = DIRECTION ( 'NONE',  ( 1.000000000000000000, 0.000000000000000000, 0.000000000000000000 ) ) ;
#673 = ORIENTED_EDGE ( 'NONE', *, *, #141, .T. ) ;
#674 = CARTESIAN_POINT ( 'NONE',  ( 0.4699999999999999178, 0.000000000000000000, -0.2699999999999998512 ) ) ;
#675 = EDGE_LOOP ( 'NONE', ( #1530, #839, #378, #1794 ) ) ;
#676 = DIRECTION ( 'NONE',  ( -1.000000000000000000, -0.000000000000000000, -0.000000000000000000 ) ) ;
#677 = CARTESIAN_POINT ( 'NONE',  ( -0.4700000000000001399, 0.02999999999999999889, 0.2700000000000000733 ) ) ;
#678 = DIRECTION ( 'NONE',  ( 0.000000000000000000, 1.000000000000000000, -0.000000000000000000 ) ) ;
#679 = DIRECTION ( 'NONE',  ( -1.000000000000000000, -0.000000000000000000, -0.000000000000000000 ) ) ;
#680 = CARTESIAN_POINT ( 'NONE',  ( -0.3681870759029365336, 0.4299999999999997713, -0.3019999999999998241 ) ) ;
#681 = DIRECTION ( 'NONE',  ( 1.000000000000000000, -0.000000000000000000, -0.000000000000000000 ) ) ;
#682 = ORIENTED_EDGE ( 'NONE', *, *, #1864, .F. ) ;
#683 = ORIENTED_EDGE ( 'NONE', *, *, #1754, .T. ) ;
#684 = CARTESIAN_POINT ( 'NONE',  ( 0.4999999999999998890, 0.02999999999999997113, -0.2999999999999997669 ) ) ;
#685 = STYLED_ITEM ( 'NONE', ( #539 ), #1790 ) ;
#686 = LINE ( 'NONE', #1281, #1687 ) ;
#687 = EDGE_CURVE ( 'NONE', #12, #110, #1858, .T. ) ;
#688 = SURFACE_SIDE_STYLE ('',( #64 ) ) ;
#689 = LINE ( 'NONE', #1708, #316 ) ;
#690 = MECHANICAL_DESIGN_GEOMETRIC_PRESENTATION_REPRESENTATION (  '', ( #1269 ), #622 ) ;
#691 = CYLINDRICAL_SURFACE ( 'NONE', #1529, 0.02999999999999999889 ) ;
#692 = STYLED_ITEM ( 'NONE', ( #76 ), #517 ) ;
#693 = CARTESIAN_POINT ( 'NONE',  ( 0.2681870759029363338, 0.4599999999999999645, 0.3020000000000001572 ) ) ;
#694 =( GEOMETRIC_REPRESENTATION_CONTEXT ( 3 ) GLOBAL_UNCERTAINTY_ASSIGNED_CONTEXT ( ( #294 ) ) GLOBAL_UNIT_ASSIGNED_CONTEXT ( ( #1655, #1067, #1503 ) ) REPRESENTATION_CONTEXT ( 'NONE', 'WORKASPACE' ) );
#695 = CARTESIAN_POINT ( 'NONE',  ( 0.3681870759029363116, 0.4299999999999999378, 0.3020000000000001572 ) ) ;
#696 = ORIENTED_EDGE ( 'NONE', *, *, #778, .T. ) ;
#697 = EDGE_LOOP ( 'NONE', ( #892, #420, #1084, #1063, #1362, #1325, #514, #944 ) ) ;
#698 =( NAMED_UNIT ( * ) SI_UNIT ( $, .STERADIAN. ) SOLID_ANGLE_UNIT ( ) );
#699 = CARTESIAN_POINT ( 'NONE',  ( 0.4999999999999998890, 0.4599999999999999645, 0.04663216582816034905 ) ) ;
#700 = FACE_OUTER_BOUND ( 'NONE', #1779, .T. ) ;
#701 = CARTESIAN_POINT ( 'NONE',  ( 0.2000000000000000111, 0.4799999999999999822, 0.2500000000000000000 ) ) ;
#702 = EDGE_CURVE ( 'NONE', #767, #869, #1431, .T. ) ;
#703 = CARTESIAN_POINT ( 'NONE',  ( 0.5020000000000000018, 0.4399999999999999467, 0.04663216582816034905 ) ) ;
#704 = SURFACE_STYLE_FILL_AREA ( #1395 ) ;
#705 = ORIENTED_EDGE ( 'NONE', *, *, #1089, .F. ) ;
#706 = PLANE ( 'NONE',  #400 ) ;
#707 = CYLINDRICAL_SURFACE ( 'NONE', #563, 0.02999999999999997113 ) ;
#708 = PLANE ( 'NONE',  #1389 ) ;
#709 = LINE ( 'NONE', #1291, #1621 ) ;
#710 = CARTESIAN_POINT ( 'NONE',  ( 0.2000000000000000111, 0.4799999999999999822, 0.2500000000000000000 ) ) ;
#711 = ORIENTED_EDGE ( 'NONE', *, *, #728, .F. ) ;
#712 = CARTESIAN_POINT ( 'NONE',  ( 0.000000000000000000, 0.4799999999999999822, 0.000000000000000000 ) ) ;
#713 = DIRECTION ( 'NONE',  ( 0.000000000000000000, 0.000000000000000000, -1.000000000000000000 ) ) ;
#714 = VECTOR ( 'NONE', #1889, 1000.000000000000000 ) ;
#715 = EDGE_CURVE ( 'NONE', #1142, #56, #689, .T. ) ;
#716 = ADVANCED_FACE ( 'NONE', ( #827 ), #708, .T. ) ;
#717 = SURFACE_STYLE_FILL_AREA ( #1603 ) ;
#718 = FACE_OUTER_BOUND ( 'NONE', #736, .T. ) ;
#719 =( NAMED_UNIT ( * ) PLANE_ANGLE_UNIT ( ) SI_UNIT ( $, .RADIAN. ) );
#720 = AXIS2_PLACEMENT_3D ( 'NONE', #1764, #749, #876 ) ;
#721 = AXIS2_PLACEMENT_3D ( 'NONE', #1466, #160, #43 ) ;
#722 = DIRECTION ( 'NONE',  ( -1.000000000000000000, 0.000000000000000000, 0.000000000000000000 ) ) ;
#723 = EDGE_LOOP ( 'NONE', ( #1441, #1206, #1, #731 ) ) ;
#724 = AXIS2_PLACEMENT_3D ( 'NONE', #1862, #1715, #111 ) ;
#725 = EDGE_CURVE ( 'NONE', #395, #943, #106, .T. ) ;
#726 = MECHANICAL_DESIGN_GEOMETRIC_PRESENTATION_REPRESENTATION (  '', ( #1304 ), #1018 ) ;
#727 = PLANE ( 'NONE',  #523 ) ;
#728 = EDGE_CURVE ( 'NONE', #482, #56, #1718, .T. ) ;
#729 = EDGE_CURVE ( 'NONE', #142, #1455, #979, .T. ) ;
#730 = ORIENTED_EDGE ( 'NONE', *, *, #588, .T. ) ;
#731 = ORIENTED_EDGE ( 'NONE', *, *, #1716, .F. ) ;
#732 = SURFACE_STYLE_USAGE ( .BOTH. , #1296 ) ;
#733 = LINE ( 'NONE', #1765, #714 ) ;
#734 = FACE_OUTER_BOUND ( 'NONE', #1766, .T. ) ;
#735 = CARTESIAN_POINT ( 'NONE',  ( -0.4700000000000001399, 0.02999999999999999889, 0.2700000000000000733 ) ) ;
#736 = EDGE_LOOP ( 'NONE', ( #544, #867, #1571, #1741 ) ) ;
#737 = ADVANCED_FACE ( 'NONE', ( #250 ), #404, .T. ) ;
#738 = ORIENTED_EDGE ( 'NONE', *, *, #1578, .T. ) ;
#739 = DIRECTION ( 'NONE',  ( -1.000000000000000000, 0.000000000000000000, 0.000000000000000000 ) ) ;
#740 = ORIENTED_EDGE ( 'NONE', *, *, #1863, .T. ) ;
#741 = VECTOR ( 'NONE', #70, 1000.000000000000000 ) ;
#742 = ORIENTED_EDGE ( 'NONE', *, *, #1285, .T. ) ;
#743 = VECTOR ( 'NONE', #1250, 1000.000000000000000 ) ;
#744 = DIRECTION ( 'NONE',  ( 0.000000000000000000, -0.000000000000000000, 1.000000000000000000 ) ) ;
#745 = VECTOR ( 'NONE', #131, 1000.000000000000000 ) ;
#746 = ADVANCED_FACE ( 'NONE', ( #700 ), #851, .F. ) ;
#747 = ADVANCED_FACE ( 'NONE', ( #718 ), #557, .T. ) ;
#748 = ORIENTED_EDGE ( 'NONE', *, *, #1006, .T. ) ;
#749 = DIRECTION ( 'NONE',  ( 1.807003620809175766E-15, 0.000000000000000000, -1.000000000000000000 ) ) ;
#750 = VECTOR ( 'NONE', #889, 1000.000000000000000 ) ;
#751 = DIRECTION ( 'NONE',  ( 1.000000000000000000, 0.000000000000000000, 0.000000000000000000 ) ) ;
#752 = ORIENTED_EDGE ( 'NONE', *, *, #1877, .F. ) ;
#753 = AXIS2_PLACEMENT_3D ( 'NONE', #735, #1430, #1137 ) ;
#754 = SURFACE_SIDE_STYLE ('',( #1313 ) ) ;
#755 = VECTOR ( 'NONE', #463, 1000.000000000000000 ) ;
#756 = VERTEX_POINT ( 'NONE', #786 ) ;
#757 = FILL_AREA_STYLE ('',( #1477 ) ) ;
#758 = ORIENTED_EDGE ( 'NONE', *, *, #297, .F. ) ;
#759 = CARTESIAN_POINT ( 'NONE',  ( 0.4699999999999999178, 0.4799999999999999822, 0.3000000000000000999 ) ) ;
#760 = CARTESIAN_POINT ( 'NONE',  ( 0.5020000000000000018, 0.4399999999999999467, -0.05336783417183965650 ) ) ;
#761 = ORIENTED_EDGE ( 'NONE', *, *, #343, .T. ) ;
#762 = DIRECTION ( 'NONE',  ( -1.000000000000000000, 0.000000000000000000, -0.000000000000000000 ) ) ;
#763 = FACE_OUTER_BOUND ( 'NONE', #577, .T. ) ;
#764 = ORIENTED_EDGE ( 'NONE', *, *, #950, .F. ) ;
#765 = DIRECTION ( 'NONE',  ( 0.000000000000000000, 0.000000000000000000, -1.000000000000000000 ) ) ;
#766 = LINE ( 'NONE', #955, #487 ) ;
#767 = VERTEX_POINT ( 'NONE', #795 ) ;
#768 = DIRECTION ( 'NONE',  ( 0.000000000000000000, 0.000000000000000000, -1.000000000000000000 ) ) ;
#769 = MECHANICAL_DESIGN_GEOMETRIC_PRESENTATION_REPRESENTATION (  '', ( #830 ), #1743 ) ;
#770 = DIRECTION ( 'NONE',  ( 0.000000000000000000, 0.000000000000000000, 1.000000000000000000 ) ) ;
#771 = PRESENTATION_LAYER_ASSIGNMENT (  '', '', ( #833 ) ) ;
#772 = ORIENTED_EDGE ( 'NONE', *, *, #1666, .F. ) ;
#773 = FACE_OUTER_BOUND ( 'NONE', #90, .T. ) ;
#774 = CYLINDRICAL_SURFACE ( 'NONE', #1652, 0.02999999999999997113 ) ;
#775 = VECTOR ( 'NONE', #485, 1000.000000000000000 ) ;
#776 = ORIENTED_EDGE ( 'NONE', *, *, #1487, .T. ) ;
#777 = MECHANICAL_DESIGN_GEOMETRIC_PRESENTATION_REPRESENTATION (  '', ( #379 ), #694 ) ;
#778 = EDGE_CURVE ( 'NONE', #1295, #1216, #1208, .T. ) ;
#779 = VECTOR ( 'NONE', #1700, 1000.000000000000000 ) ;
#780 = LINE ( 'NONE', #660, #1869 ) ;
#781 = ORIENTED_EDGE ( 'NONE', *, *, #402, .F. ) ;
#782 = DIRECTION ( 'NONE',  ( 0.000000000000000000, 0.000000000000000000, -1.000000000000000000 ) ) ;
#783 = FILL_AREA_STYLE ('',( #1352 ) ) ;
#784 = VERTEX_POINT ( 'NONE', #1365 ) ;
#785 = DIRECTION ( 'NONE',  ( 0.000000000000000000, -1.000000000000000000, 0.000000000000000000 ) ) ;
#786 = CARTESIAN_POINT ( 'NONE',  ( 0.4999999999999998890, 0.02999999999999997113, -0.2699999999999998512 ) ) ;
#787 = DIRECTION ( 'NONE',  ( 1.000000000000000000, 5.421010862427523156E-16, -0.000000000000000000 ) ) ;
#788 = PLANE ( 'NONE',  #1409 ) ;
#789 = ORIENTED_EDGE ( 'NONE', *, *, #715, .T. ) ;
#790 = CARTESIAN_POINT ( 'NONE',  ( -0.4500000000000002331, 0.5000000000000000000, 0.2500000000000000000 ) ) ;
#791 = VERTEX_POINT ( 'NONE', #48 ) ;
#792 = DIRECTION ( 'NONE',  ( -0.000000000000000000, 1.000000000000000000, -0.000000000000000000 ) ) ;
#793 = UNCERTAINTY_MEASURE_WITH_UNIT (LENGTH_MEASURE( 1.000000000000000082E-05 ), #1581, 'distance_accuracy_value', 'NONE');
#794 = DIRECTION ( 'NONE',  ( 0.000000000000000000, 0.000000000000000000, -1.000000000000000000 ) ) ;
#795 = CARTESIAN_POINT ( 'NONE',  ( -0.3681870759029365336, 0.4599999999999997979, 0.3020000000000001572 ) ) ;
#796 = DIRECTION ( 'NONE',  ( -1.000000000000000000, 0.000000000000000000, 0.000000000000000000 ) ) ;
#797 = FACE_OUTER_BOUND ( 'NONE', #1559, .T. ) ;
#798 = LINE ( 'NONE', #1527, #278 ) ;
#799 = AXIS2_PLACEMENT_3D ( 'NONE', #92, #399, #843 ) ;
#800 = EDGE_LOOP ( 'NONE', ( #163, #179, #888, #409 ) ) ;
#801 = DIRECTION ( 'NONE',  ( 0.000000000000000000, 0.000000000000000000, 1.000000000000000000 ) ) ;
#802 = VECTOR ( 'NONE', #672, 1000.000000000000000 ) ;
#803 = CARTESIAN_POINT ( 'NONE',  ( -0.5000000000000001110, 0.02999999999999997113, 0.2700000000000000733 ) ) ;
#804 = ORIENTED_EDGE ( 'NONE', *, *, #1399, .T. ) ;
#805 = AXIS2_PLACEMENT_3D ( 'NONE', #1606, #20, #1027 ) ;
#806 = DIRECTION ( 'NONE',  ( -1.000000000000000000, -5.421010862427523156E-16, -0.000000000000000000 ) ) ;
#807 = DIRECTION ( 'NONE',  ( 0.000000000000000000, 0.000000000000000000, 1.000000000000000000 ) ) ;
#808 = FILL_AREA_STYLE ('',( #627 ) ) ;
#809 = CARTESIAN_POINT ( 'NONE',  ( 0.2000000000000000111, 0.5000000000000000000, 0.2500000000000000000 ) ) ;
#810 = ORIENTED_EDGE ( 'NONE', *, *, #493, .F. ) ;
#811 = CARTESIAN_POINT ( 'NONE',  ( -0.4500000000000002331, 0.5000000000000000000, 0.2500000000000000000 ) ) ;
#812 = DIRECTION ( 'NONE',  ( -3.252606517456513302E-16, -0.000000000000000000, 1.000000000000000000 ) ) ;
#813 = EDGE_LOOP ( 'NONE', ( #810, #764, #1508, #1104 ) ) ;
#814 = ADVANCED_FACE ( 'NONE', ( #484, #171, #1088 ), #28, .F. ) ;
#815 = CARTESIAN_POINT ( 'NONE',  ( -0.4700000000000001399, 0.4799999999999999822, -0.2999999999999998224 ) ) ;
#816 = SURFACE_STYLE_FILL_AREA ( #1675 ) ;
#817 = LINE ( 'NONE', #680, #433 ) ;
#818 = DIRECTION ( 'NONE',  ( 1.000000000000000000, 0.000000000000000000, -0.000000000000000000 ) ) ;
#819 = ORIENTED_EDGE ( 'NONE', *, *, #1713, .F. ) ;
#820 = PRESENTATION_STYLE_ASSIGNMENT (( #1544 ) ) ;
#821 = ORIENTED_EDGE ( 'NONE', *, *, #1163, .F. ) ;
#822 = FACE_BOUND ( 'NONE', #136, .T. ) ;
#823 = DIRECTION ( 'NONE',  ( 0.000000000000000000, 1.000000000000000000, 0.000000000000000000 ) ) ;
#824 = EDGE_CURVE ( 'NONE', #1279, #1034, #937, .T. ) ;
#825 = EDGE_CURVE ( 'NONE', #1505, #940, #1186, .T. ) ;
#826 = PRESENTATION_STYLE_ASSIGNMENT (( #384 ) ) ;
#827 = FACE_OUTER_BOUND ( 'NONE', #1673, .T. ) ;
#828 = VERTEX_POINT ( 'NONE', #1047 ) ;
#829 = DIRECTION ( 'NONE',  ( 0.000000000000000000, 1.000000000000000000, 0.000000000000000000 ) ) ;
#830 = STYLED_ITEM ( 'NONE', ( #1136 ), #1278 ) ;
#831 = ORIENTED_EDGE ( 'NONE', *, *, #137, .F. ) ;
#832 = ORIENTED_EDGE ( 'NONE', *, *, #1152, .T. ) ;
#833 = STYLED_ITEM ( 'NONE', ( #820 ), #1630 ) ;
#834 = CARTESIAN_POINT ( 'NONE',  ( 0.4699999999999999178, 0.02999999999999999889, 0.2700000000000000733 ) ) ;
#835 = CARTESIAN_POINT ( 'NONE',  ( 0.5020000000000000018, 0.4399999999999999467, -0.05336783417183965650 ) ) ;
#836 = CARTESIAN_POINT ( 'NONE',  ( 0.4499999999999999001, 0.5000000000000000000, -0.2500000000000000000 ) ) ;
#837 = VECTOR ( 'NONE', #328, 1000.000000000000000 ) ;
#838 = DIRECTION ( 'NONE',  ( -3.252606517456513302E-16, -0.000000000000000000, 1.000000000000000000 ) ) ;
#839 = ORIENTED_EDGE ( 'NONE', *, *, #911, .T. ) ;
#840 = AXIS2_PLACEMENT_3D ( 'NONE', #1096, #669, #634 ) ;
#841 = ORIENTED_EDGE ( 'NONE', *, *, #1463, .T. ) ;
#842 = FILL_AREA_STYLE ('',( #397 ) ) ;
#843 = DIRECTION ( 'NONE',  ( 0.000000000000000000, 0.000000000000000000, -1.000000000000000000 ) ) ;
#844 = DIRECTION ( 'NONE',  ( -0.000000000000000000, 1.000000000000000000, -0.000000000000000000 ) ) ;
#845 = EDGE_CURVE ( 'NONE', #320, #1455, #324, .T. ) ;
#846 = DIRECTION ( 'NONE',  ( -0.000000000000000000, -0.000000000000000000, -1.000000000000000000 ) ) ;
#847 = EDGE_CURVE ( 'NONE', #1218, #784, #33, .T. ) ;
#848 = ADVANCED_FACE ( 'NONE', ( #1584 ), #1276, .T. ) ;
#849 = EDGE_LOOP ( 'NONE', ( #1373, #644, #492, #653 ) ) ;
#850 =( NAMED_UNIT ( * ) SI_UNIT ( $, .STERADIAN. ) SOLID_ANGLE_UNIT ( ) );
#851 = PLANE ( 'NONE',  #596 ) ;
#852 = DIRECTION ( 'NONE',  ( 0.000000000000000000, -0.000000000000000000, 1.000000000000000000 ) ) ;
#853 = ADVANCED_FACE ( 'NONE', ( #971 ), #1852, .T. ) ;
#854 = VERTEX_POINT ( 'NONE', #271 ) ;
#855 =( NAMED_UNIT ( * ) PLANE_ANGLE_UNIT ( ) SI_UNIT ( $, .RADIAN. ) );
#856 = EDGE_CURVE ( 'NONE', #1216, #956, #386, .T. ) ;
#857 = FILL_AREA_STYLE ('',( #1732 ) ) ;
#858 = AXIS2_PLACEMENT_3D ( 'NONE', #1043, #1757, #751 ) ;
#859 = PRESENTATION_LAYER_ASSIGNMENT (  '', '', ( #616 ) ) ;
#860 = AXIS2_PLACEMENT_3D ( 'NONE', #1340, #1193, #471 ) ;
#861 = AXIS2_PLACEMENT_3D ( 'NONE', #1238, #1707, #365 ) ;
#862 =( GEOMETRIC_REPRESENTATION_CONTEXT ( 3 ) GLOBAL_UNCERTAINTY_ASSIGNED_CONTEXT ( ( #1451 ) ) GLOBAL_UNIT_ASSIGNED_CONTEXT ( ( #1605, #299, #183 ) ) REPRESENTATION_CONTEXT ( 'NONE', 'WORKASPACE' ) );
#863 = ORIENTED_EDGE ( 'NONE', *, *, #600, .T. ) ;
#864 = PRESENTATION_LAYER_ASSIGNMENT (  '', '', ( #465 ) ) ;
#865 = ORIENTED_EDGE ( 'NONE', *, *, #1800, .T. ) ;
#866 = CARTESIAN_POINT ( 'NONE',  ( 0.4699999999999999178, 0.4799999999999999822, -0.2699999999999998512 ) ) ;
#867 = ORIENTED_EDGE ( 'NONE', *, *, #169, .T. ) ;
#868 = SURFACE_STYLE_FILL_AREA ( #1447 ) ;
#869 = VERTEX_POINT ( 'NONE', #1284 ) ;
#870 = CARTESIAN_POINT ( 'NONE',  ( -0.2681870759029365003, 0.4299999999999998268, -0.3019999999999998241 ) ) ;
#871 = DIRECTION ( 'NONE',  ( -1.000000000000000000, 0.000000000000000000, 0.000000000000000000 ) ) ;
#872 = EDGE_CURVE ( 'NONE', #756, #1614, #662, .T. ) ;
#873 =( LENGTH_UNIT ( ) NAMED_UNIT ( * ) SI_UNIT ( .MILLI., .METRE. ) );
#874 = ORIENTED_EDGE ( 'NONE', *, *, #1547, .T. ) ;
#875 = ORIENTED_EDGE ( 'NONE', *, *, #670, .T. ) ;
#876 = DIRECTION ( 'NONE',  ( -1.000000000000000000, 0.000000000000000000, -1.807003620809175766E-15 ) ) ;
#877 = DIRECTION ( 'NONE',  ( 0.000000000000000000, 1.000000000000000000, 0.000000000000000000 ) ) ;
#878 = ORIENTED_EDGE ( 'NONE', *, *, #905, .T. ) ;
#879 = UNCERTAINTY_MEASURE_WITH_UNIT (LENGTH_MEASURE( 1.000000000000000082E-05 ), #1165, 'distance_accuracy_value', 'NONE');
#880 = FILL_AREA_STYLE ('',( #1749 ) ) ;
#881 = VECTOR ( 'NONE', #1480, 1000.000000000000000 ) ;
#882 = ORIENTED_EDGE ( 'NONE', *, *, #1563, .F. ) ;
#883 =( GEOMETRIC_REPRESENTATION_CONTEXT ( 3 ) GLOBAL_UNCERTAINTY_ASSIGNED_CONTEXT ( ( #1897 ) ) GLOBAL_UNIT_ASSIGNED_CONTEXT ( ( #1855, #1693, #967 ) ) REPRESENTATION_CONTEXT ( 'NONE', 'WORKASPACE' ) );
#884 = PLANE ( 'NONE',  #125 ) ;
#885 = ADVANCED_FACE ( 'NONE', ( #540 ), #1419, .T. ) ;
#886 = PRESENTATION_STYLE_ASSIGNMENT (( #300 ) ) ;
#887 = VECTOR ( 'NONE', #974, 1000.000000000000000 ) ;
#888 = ORIENTED_EDGE ( 'NONE', *, *, #1435, .F. ) ;
#889 = DIRECTION ( 'NONE',  ( 0.000000000000000000, 0.000000000000000000, -1.000000000000000000 ) ) ;
#890 = AXIS2_PLACEMENT_3D ( 'NONE', #811, #68, #664 ) ;
#891 = PRESENTATION_STYLE_ASSIGNMENT (( #429 ) ) ;
#892 = ORIENTED_EDGE ( 'NONE', *, *, #1612, .T. ) ;
#893 = AXIS2_PLACEMENT_3D ( 'NONE', #1249, #50, #1378 ) ;
#894 = VECTOR ( 'NONE', #206, 1000.000000000000000 ) ;
#895 = ORIENTED_EDGE ( 'NONE', *, *, #52, .T. ) ;
#896 = DIRECTION ( 'NONE',  ( 0.000000000000000000, 0.000000000000000000, -1.000000000000000000 ) ) ;
#897 = ADVANCED_FACE ( 'NONE', ( #1841 ), #1720, .T. ) ;
#898 = FACE_OUTER_BOUND ( 'NONE', #1045, .T. ) ;
#899 = VERTEX_POINT ( 'NONE', #87 ) ;
#900 = UNCERTAINTY_MEASURE_WITH_UNIT (LENGTH_MEASURE( 1.000000000000000082E-05 ), #1449, 'distance_accuracy_value', 'NONE');
#901 = VERTEX_POINT ( 'NONE', #394 ) ;
#902 = CARTESIAN_POINT ( 'NONE',  ( -0.3681870759029365336, 0.4299999999999997713, 0.3020000000000001572 ) ) ;
#903 = SURFACE_STYLE_USAGE ( .BOTH. , #1029 ) ;
#904 = PLANE ( 'NONE',  #1324 ) ;
#905 = EDGE_CURVE ( 'NONE', #395, #828, #1870, .T. ) ;
#906 = EDGE_LOOP ( 'NONE', ( #1177, #1393, #1634, #748 ) ) ;
#907 = FACE_OUTER_BOUND ( 'NONE', #1287, .T. ) ;
#908 = CARTESIAN_POINT ( 'NONE',  ( 0.3681870759029363116, 0.4599999999999999645, 0.3020000000000001572 ) ) ;
#909 = EDGE_CURVE ( 'NONE', #1215, #1803, #990, .T. ) ;
#910 = ORIENTED_EDGE ( 'NONE', *, *, #1076, .T. ) ;
#911 = EDGE_CURVE ( 'NONE', #1016, #1751, #550, .T. ) ;
#912 = DIRECTION ( 'NONE',  ( -5.421010862427523156E-16, 1.000000000000000000, 0.000000000000000000 ) ) ;
#913 = VECTOR ( 'NONE', #739, 1000.000000000000000 ) ;
#914 = LINE ( 'NONE', #1776, #775 ) ;
#915 = LINE ( 'NONE', #809, #1526 ) ;
#916 = ORIENTED_EDGE ( 'NONE', *, *, #1399, .F. ) ;
#917 = LINE ( 'NONE', #339, #919 ) ;
#918 = LINE ( 'NONE', #1053, #741 ) ;
#919 = VECTOR ( 'NONE', #782, 1000.000000000000000 ) ;
#920 = EDGE_LOOP ( 'NONE', ( #933, #327, #1102, #222 ) ) ;
#921 = UNCERTAINTY_MEASURE_WITH_UNIT (LENGTH_MEASURE( 1.000000000000000082E-05 ), #1002, 'distance_accuracy_value', 'NONE');
#922 = DIRECTION ( 'NONE',  ( -1.000000000000000000, 0.000000000000000000, 0.000000000000000000 ) ) ;
#923 = PRESENTATION_LAYER_ASSIGNMENT (  '', '', ( #1598 ) ) ;
#924 = EDGE_CURVE ( 'NONE', #1073, #1663, #109, .T. ) ;
#925 = VECTOR ( 'NONE', #1407, 1000.000000000000000 ) ;
#926 = EDGE_CURVE ( 'NONE', #899, #12, #347, .T. ) ;
#927 = VECTOR ( 'NONE', #1522, 1000.000000000000000 ) ;
#928 = DIRECTION ( 'NONE',  ( -3.252606517456513302E-16, 0.000000000000000000, -1.000000000000000000 ) ) ;
#929 = DIRECTION ( 'NONE',  ( 2.710505431213761085E-16, 0.000000000000000000, -1.000000000000000000 ) ) ;
#930 = EDGE_LOOP ( 'NONE', ( #1448, #575, #776, #1126 ) ) ;
#931 = CARTESIAN_POINT ( 'NONE',  ( -0.4700000000000001399, 0.4799999999999999822, 0.3000000000000000999 ) ) ;
#932 = LINE ( 'NONE', #502, #1893 ) ;
#933 = ORIENTED_EDGE ( 'NONE', *, *, #241, .F. ) ;
#934 = CARTESIAN_POINT ( 'NONE',  ( -0.4500000000000001221, 0.5000000000000000000, -0.2500000000000000000 ) ) ;
#935 = DIRECTION ( 'NONE',  ( 0.000000000000000000, 0.000000000000000000, -1.000000000000000000 ) ) ;
#936 = EDGE_CURVE ( 'NONE', #570, #1310, #981, .T. ) ;
#937 = LINE ( 'NONE', #1511, #894 ) ;
#938 = CARTESIAN_POINT ( 'NONE',  ( -0.5000000000000001110, 0.02999999999999997113, -0.2999999999999998224 ) ) ;
#939 = LINE ( 'NONE', #486, #146 ) ;
#940 = VERTEX_POINT ( 'NONE', #1425 ) ;
#941 = DIRECTION ( 'NONE',  ( -0.000000000000000000, -1.000000000000000000, -0.000000000000000000 ) ) ;
#942 = CARTESIAN_POINT ( 'NONE',  ( 0.2000000000000000111, 0.4799999999999999822, 0.2500000000000000000 ) ) ;
#943 = VERTEX_POINT ( 'NONE', #116 ) ;
#944 = ORIENTED_EDGE ( 'NONE', *, *, #97, .T. ) ;
#945 = UNCERTAINTY_MEASURE_WITH_UNIT (LENGTH_MEASURE( 1.000000000000000082E-05 ), #947, 'distance_accuracy_value', 'NONE');
#946 = DIRECTION ( 'NONE',  ( 0.000000000000000000, 0.000000000000000000, 1.000000000000000000 ) ) ;
#947 =( LENGTH_UNIT ( ) NAMED_UNIT ( * ) SI_UNIT ( .MILLI., .METRE. ) );
#948 = CARTESIAN_POINT ( 'NONE',  ( 0.4699999999999999178, 0.02999999999999997113, 0.2700000000000000733 ) ) ;
#949 = DIRECTION ( 'NONE',  ( -0.000000000000000000, 0.000000000000000000, 1.000000000000000000 ) ) ;
#950 = EDGE_CURVE ( 'NONE', #1861, #1374, #532, .T. ) ;
#951 = AXIS2_PLACEMENT_3D ( 'NONE', #322, #1024, #604 ) ;
#952 = ORIENTED_EDGE ( 'NONE', *, *, #1135, .F. ) ;
#953 = CARTESIAN_POINT ( 'NONE',  ( 0.5020000000000000018, 0.4599999999999999645, -0.05336783417183965650 ) ) ;
#954 =( GEOMETRIC_REPRESENTATION_CONTEXT ( 3 ) GLOBAL_UNCERTAINTY_ASSIGNED_CONTEXT ( ( #505 ) ) GLOBAL_UNIT_ASSIGNED_CONTEXT ( ( #1372, #551, #1252 ) ) REPRESENTATION_CONTEXT ( 'NONE', 'WORKASPACE' ) );
#955 = CARTESIAN_POINT ( 'NONE',  ( 0.5020000000000000018, 0.4599999999999999645, 0.04663216582816034905 ) ) ;
#956 = VERTEX_POINT ( 'NONE', #1139 ) ;
#957 = ORIENTED_EDGE ( 'NONE', *, *, #1486, .T. ) ;
#958 = CARTESIAN_POINT ( 'NONE',  ( -0.3681870759029365336, 0.4599999999999997979, 0.3020000000000001572 ) ) ;
#959 = VECTOR ( 'NONE', #1022, 1000.000000000000000 ) ;
#960 = EDGE_LOOP ( 'NONE', ( #1161, #1280, #1616, #1376 ) ) ;
#961 = CIRCLE ( 'NONE', #225, 0.03000000000000002318 ) ;
#962 = FILL_AREA_STYLE ('',( #509 ) ) ;
#963 = DIRECTION ( 'NONE',  ( 0.000000000000000000, 0.000000000000000000, -1.000000000000000000 ) ) ;
#964 = LINE ( 'NONE', #1379, #432 ) ;
#965 =( GEOMETRIC_REPRESENTATION_CONTEXT ( 3 ) GLOBAL_UNCERTAINTY_ASSIGNED_CONTEXT ( ( #1232 ) ) GLOBAL_UNIT_ASSIGNED_CONTEXT ( ( #587, #468, #1039 ) ) REPRESENTATION_CONTEXT ( 'NONE', 'WORKASPACE' ) );
#966 = EDGE_LOOP ( 'NONE', ( #281, #865, #957, #1670 ) ) ;
#967 =( NAMED_UNIT ( * ) SI_UNIT ( $, .STERADIAN. ) SOLID_ANGLE_UNIT ( ) );
#968 = ORIENTED_EDGE ( 'NONE', *, *, #1247, .T. ) ;
#969 = DIRECTION ( 'NONE',  ( 0.000000000000000000, 0.000000000000000000, -1.000000000000000000 ) ) ;
#970 = LINE ( 'NONE', #114, #1566 ) ;
#971 = FACE_OUTER_BOUND ( 'NONE', #906, .T. ) ;
#972 = ORIENTED_EDGE ( 'NONE', *, *, #169, .F. ) ;
#973 = ORIENTED_EDGE ( 'NONE', *, *, #319, .T. ) ;
#974 = DIRECTION ( 'NONE',  ( -1.000000000000000000, 0.000000000000000000, 0.000000000000000000 ) ) ;
#975 = SPHERICAL_SURFACE ( 'NONE', #174, 0.02999999999999999889 ) ;
#976 = ADVANCED_FACE ( 'NONE', ( #1000 ), #426, .F. ) ;
#977 = EDGE_CURVE ( 'NONE', #1127, #194, #129, .T. ) ;
#978 = ORIENTED_EDGE ( 'NONE', *, *, #1705, .T. ) ;
#979 = LINE ( 'NONE', #1401, #1416 ) ;
#980 = LINE ( 'NONE', #251, #1157 ) ;
#981 = LINE ( 'NONE', #1146, #779 ) ;
#982 = VERTEX_POINT ( 'NONE', #1179 ) ;
#983 = VECTOR ( 'NONE', #1268, 1000.000000000000000 ) ;
#984 = ORIENTED_EDGE ( 'NONE', *, *, #635, .T. ) ;
#985 = VECTOR ( 'NONE', #358, 1000.000000000000000 ) ;
#986 = AXIS2_PLACEMENT_3D ( 'NONE', #1492, #1479, #1052 ) ;
#987 = DIRECTION ( 'NONE',  ( 0.000000000000000000, 0.000000000000000000, -1.000000000000000000 ) ) ;
#988 = LINE ( 'NONE', #1550, #654 ) ;
#989 = COLOUR_RGB ( '',0.1098039215686274495, 0.1098039215686274495, 0.1098039215686274495 ) ;
#990 = LINE ( 'NONE', #1577, #597 ) ;
#991 = STYLED_ITEM ( 'NONE', ( #1058 ), #612 ) ;
#992 = CARTESIAN_POINT ( 'NONE',  ( 0.2681870759029363338, 0.4299999999999999378, 0.3000000000000000999 ) ) ;
#993 = MECHANICAL_DESIGN_GEOMETRIC_PRESENTATION_REPRESENTATION (  '', ( #1237 ), #1440 ) ;
#994 = EDGE_LOOP ( 'NONE', ( #62, #1244, #1545, #150 ) ) ;
#995 = CARTESIAN_POINT ( 'NONE',  ( -0.5000000000000001110, 0.4799999999999999822, 0.3000000000000000999 ) ) ;
#996 = CARTESIAN_POINT ( 'NONE',  ( -0.2681870759029365003, 0.4599999999999998535, -0.3019999999999998241 ) ) ;
#997 = ADVANCED_FACE ( 'NONE', ( #455 ), #318, .T. ) ;
#998 = CARTESIAN_POINT ( 'NONE',  ( 0.1999999999999998723, 0.5000000000000000000, -0.2500000000000000000 ) ) ;
#999 = ADVANCED_FACE ( 'NONE', ( #1316, #614, #1892 ), #1599, .F. ) ;
#1000 = FACE_OUTER_BOUND ( 'NONE', #1802, .T. ) ;
#1001 = ORIENTED_EDGE ( 'NONE', *, *, #936, .T. ) ;
#1002 =( LENGTH_UNIT ( ) NAMED_UNIT ( * ) SI_UNIT ( .MILLI., .METRE. ) );
#1003 =( NAMED_UNIT ( * ) SI_UNIT ( $, .STERADIAN. ) SOLID_ANGLE_UNIT ( ) );
#1004 = LINE ( 'NONE', #1122, #219 ) ;
#1005 = DIRECTION ( 'NONE',  ( -1.000000000000000000, -5.421010862427523156E-16, 0.000000000000000000 ) ) ;
#1006 = EDGE_CURVE ( 'NONE', #191, #791, #1753, .T. ) ;
#1007 = EDGE_LOOP ( 'NONE', ( #1266, #488, #524, #461 ) ) ;
#1008 = CARTESIAN_POINT ( 'NONE',  ( 0.4999999999999998890, 0.000000000000000000, -0.2699999999999998512 ) ) ;
#1009 = VECTOR ( 'NONE', #785, 1000.000000000000000 ) ;
#1010 = PLANE ( 'NONE',  #951 ) ;
#1011 = VERTEX_POINT ( 'NONE', #164 ) ;
#1012 = VECTOR ( 'NONE', #941, 1000.000000000000000 ) ;
#1013 = COLOUR_RGB ( '',0.1098039215686274495, 0.1098039215686274495, 0.1098039215686274495 ) ;
#1014 = ADVANCED_FACE ( 'NONE', ( #763 ), #144, .F. ) ;
#1015 =( GEOMETRIC_REPRESENTATION_CONTEXT ( 3 ) GLOBAL_UNCERTAINTY_ASSIGNED_CONTEXT ( ( #332 ) ) GLOBAL_UNIT_ASSIGNED_CONTEXT ( ( #873, #1129, #1424 ) ) REPRESENTATION_CONTEXT ( 'NONE', 'WORKASPACE' ) );
#1016 = VERTEX_POINT ( 'NONE', #448 ) ;
#1017 = FACE_OUTER_BOUND ( 'NONE', #46, .T. ) ;
#1018 =( GEOMETRIC_REPRESENTATION_CONTEXT ( 3 ) GLOBAL_UNCERTAINTY_ASSIGNED_CONTEXT ( ( #945 ) ) GLOBAL_UNIT_ASSIGNED_CONTEXT ( ( #947, #1219, #624 ) ) REPRESENTATION_CONTEXT ( 'NONE', 'WORKASPACE' ) );
#1019 = CARTESIAN_POINT ( 'NONE',  ( -0.5000000000000001110, 0.4599999999999999645, -0.2999999999999998224 ) ) ;
#1020 = ORIENTED_EDGE ( 'NONE', *, *, #403, .F. ) ;
#1021 = ORIENTED_EDGE ( 'NONE', *, *, #1006, .F. ) ;
#1022 = DIRECTION ( 'NONE',  ( 0.000000000000000000, 1.000000000000000000, 0.000000000000000000 ) ) ;
#1023 = ADVANCED_FACE ( 'NONE', ( #1594 ), #1471, .T. ) ;
#1024 = DIRECTION ( 'NONE',  ( -1.000000000000000000, 0.000000000000000000, 0.000000000000000000 ) ) ;
#1025 = ORIENTED_EDGE ( 'NONE', *, *, #725, .F. ) ;
#1026 = ORIENTED_EDGE ( 'NONE', *, *, #241, .T. ) ;
#1027 = DIRECTION ( 'NONE',  ( 1.000000000000000000, 0.000000000000000000, 0.000000000000000000 ) ) ;
#1028 = APPLICATION_CONTEXT ( 'automotive_design' ) ;
#1029 = SURFACE_SIDE_STYLE ('',( #447 ) ) ;
#1030 = CARTESIAN_POINT ( 'NONE',  ( -0.2681870759029365003, 0.4599999999999998535, 0.3020000000000001572 ) ) ;
#1031 = ORIENTED_EDGE ( 'NONE', *, *, #1356, .T. ) ;
#1032 = FACE_OUTER_BOUND ( 'NONE', #1354, .T. ) ;
#1033 = CARTESIAN_POINT ( 'NONE',  ( 0.3681870759029363116, 0.4299999999999999378, -0.2999999999999998224 ) ) ;
#1034 = VERTEX_POINT ( 'NONE', #153 ) ;
#1035 = COLOUR_RGB ( '',0.1098039215686274495, 0.1098039215686274495, 0.1098039215686274495 ) ;
#1036 = ADVANCED_FACE ( 'NONE', ( #734 ), #1167, .T. ) ;
#1037 = COLOUR_RGB ( '',0.1098039215686274495, 0.1098039215686274495, 0.1098039215686274495 ) ;
#1038 = CARTESIAN_POINT ( 'NONE',  ( 0.1999999999999998723, 0.5000000000000000000, -0.2500000000000000000 ) ) ;
#1039 =( NAMED_UNIT ( * ) SI_UNIT ( $, .STERADIAN. ) SOLID_ANGLE_UNIT ( ) );
#1040 = VERTEX_POINT ( 'NONE', #39 ) ;
#1041 = LINE ( 'NONE', #16, #1622 ) ;
#1042 = AXIS2_PLACEMENT_3D ( 'NONE', #1400, #807, #84 ) ;
#1043 = CARTESIAN_POINT ( 'NONE',  ( -0.4700000000000001399, 0.02999999999999997113, 0.2700000000000000733 ) ) ;
#1044 = VECTOR ( 'NONE', #263, 1000.000000000000000 ) ;
#1045 = EDGE_LOOP ( 'NONE', ( #42, #821, #305, #1314 ) ) ;
#1046 = VECTOR ( 'NONE', #270, 1000.000000000000000 ) ;
#1047 = CARTESIAN_POINT ( 'NONE',  ( -0.2000000000000002331, 0.5000000000000000000, 0.2500000000000000000 ) ) ;
#1048 =( LENGTH_UNIT ( ) NAMED_UNIT ( * ) SI_UNIT ( .MILLI., .METRE. ) );
#1049 = DIRECTION ( 'NONE',  ( 0.000000000000000000, 0.000000000000000000, -1.000000000000000000 ) ) ;
#1050 = EDGE_CURVE ( 'NONE', #1663, #1166, #83, .T. ) ;
#1051 = VERTEX_POINT ( 'NONE', #1497 ) ;
#1052 = DIRECTION ( 'NONE',  ( 0.000000000000000000, 0.000000000000000000, -1.000000000000000000 ) ) ;
#1053 = CARTESIAN_POINT ( 'NONE',  ( 0.2000000000000000111, 0.5000000000000000000, 0.2500000000000000000 ) ) ;
#1054 = ORIENTED_EDGE ( 'NONE', *, *, #845, .F. ) ;
#1055 = LINE ( 'NONE', #196, #1729 ) ;
#1056 = FILL_AREA_STYLE_COLOUR ( '', #440 ) ;
#1057 = FACE_OUTER_BOUND ( 'NONE', #994, .T. ) ;
#1058 = PRESENTATION_STYLE_ASSIGNMENT (( #1750 ) ) ;
#1059 = CARTESIAN_POINT ( 'NONE',  ( 0.3681870759029362561, 0.4799999999999999822, 0.3000000000000000999 ) ) ;
#1060 = DIRECTION ( 'NONE',  ( -1.000000000000000000, 0.000000000000000000, -0.000000000000000000 ) ) ;
#1061 = EDGE_CURVE ( 'NONE', #1649, #35, #47, .T. ) ;
#1062 = DIRECTION ( 'NONE',  ( 0.000000000000000000, -1.000000000000000000, 0.000000000000000000 ) ) ;
#1063 = ORIENTED_EDGE ( 'NONE', *, *, #118, .T. ) ;
#1064 = FACE_OUTER_BOUND ( 'NONE', #920, .T. ) ;
#1065 = DIRECTION ( 'NONE',  ( 0.000000000000000000, 1.000000000000000000, 0.000000000000000000 ) ) ;
#1066 = CARTESIAN_POINT ( 'NONE',  ( -0.5000000000000001110, 0.4299999999999997158, -0.2999999999999998224 ) ) ;
#1067 =( NAMED_UNIT ( * ) PLANE_ANGLE_UNIT ( ) SI_UNIT ( $, .RADIAN. ) );
#1068 = VECTOR ( 'NONE', #929, 1000.000000000000000 ) ;
#1069 = CARTESIAN_POINT ( 'NONE',  ( -0.5020000000000001128, 0.4599999999999999645, -0.05336783417183965650 ) ) ;
#1070 = ORIENTED_EDGE ( 'NONE', *, *, #1615, .T. ) ;
#1071 = PLANE ( 'NONE',  #890 ) ;
#1072 = DIRECTION ( 'NONE',  ( -1.000000000000000000, 0.000000000000000000, 0.000000000000000000 ) ) ;
#1073 = VERTEX_POINT ( 'NONE', #1795 ) ;
#1074 =( NAMED_UNIT ( * ) PLANE_ANGLE_UNIT ( ) SI_UNIT ( $, .RADIAN. ) );
#1075 = MECHANICAL_DESIGN_GEOMETRIC_PRESENTATION_REPRESENTATION (  '', ( #1598 ), #1106 ) ;
#1076 = EDGE_CURVE ( 'NONE', #982, #1885, #1418, .T. ) ;
#1077 = EDGE_CURVE ( 'NONE', #511, #308, #333, .T. ) ;
#1078 = ORIENTED_EDGE ( 'NONE', *, *, #1778, .F. ) ;
#1079 = DIRECTION ( 'NONE',  ( 0.000000000000000000, -0.000000000000000000, -1.000000000000000000 ) ) ;
#1080 = AXIS2_PLACEMENT_3D ( 'NONE', #265, #846, #1303 ) ;
#1081 = DIRECTION ( 'NONE',  ( 0.000000000000000000, 0.000000000000000000, 1.000000000000000000 ) ) ;
#1082 = SPHERICAL_SURFACE ( 'NONE', #1140, 0.02999999999999999889 ) ;
#1083 = DIRECTION ( 'NONE',  ( 1.000000000000000000, 0.000000000000000000, 0.000000000000000000 ) ) ;
#1084 = ORIENTED_EDGE ( 'NONE', *, *, #143, .T. ) ;
#1085 = LINE ( 'NONE', #953, #1348 ) ;
#1086 = DIRECTION ( 'NONE',  ( 0.000000000000000000, 0.000000000000000000, -1.000000000000000000 ) ) ;
#1087 = FILL_AREA_STYLE_COLOUR ( '', #430 ) ;
#1088 = FACE_OUTER_BOUND ( 'NONE', #930, .T. ) ;
#1089 = EDGE_CURVE ( 'NONE', #110, #982, #1328, .T. ) ;
#1090 = DIRECTION ( 'NONE',  ( -0.000000000000000000, -1.000000000000000000, 0.000000000000000000 ) ) ;
#1091 = PLANE ( 'NONE',  #1261 ) ;
#1092 = ORIENTED_EDGE ( 'NONE', *, *, #924, .F. ) ;
#1093 = FACE_OUTER_BOUND ( 'NONE', #1422, .T. ) ;
#1094 = ORIENTED_EDGE ( 'NONE', *, *, #1514, .F. ) ;
#1095 = CARTESIAN_POINT ( 'NONE',  ( -0.2681870759029365003, 0.4299999999999998268, 0.3020000000000001572 ) ) ;
#1096 = CARTESIAN_POINT ( 'NONE',  ( -0.4700000000000001399, 0.02999999999999997113, 0.2700000000000000733 ) ) ;
#1097 = FACE_OUTER_BOUND ( 'NONE', #1183, .T. ) ;
#1098 = SURFACE_STYLE_USAGE ( .BOTH. , #1839 ) ;
#1099 = DIRECTION ( 'NONE',  ( 0.000000000000000000, -0.000000000000000000, 1.000000000000000000 ) ) ;
#1100 = CIRCLE ( 'NONE', #858, 0.02999999999999997113 ) ;
#1101 = VECTOR ( 'NONE', #1638, 1000.000000000000000 ) ;
#1102 = ORIENTED_EDGE ( 'NONE', *, *, #1247, .F. ) ;
#1103 = CARTESIAN_POINT ( 'NONE',  ( -0.4500000000000002331, 0.4799999999999999822, 0.2500000000000000000 ) ) ;
#1104 = ORIENTED_EDGE ( 'NONE', *, *, #715, .F. ) ;
#1105 = PLANE ( 'NONE',  #69 ) ;
#1106 =( GEOMETRIC_REPRESENTATION_CONTEXT ( 3 ) GLOBAL_UNCERTAINTY_ASSIGNED_CONTEXT ( ( #793 ) ) GLOBAL_UNIT_ASSIGNED_CONTEXT ( ( #1581, #855, #850 ) ) REPRESENTATION_CONTEXT ( 'NONE', 'WORKASPACE' ) );
#1107 = FACE_OUTER_BOUND ( 'NONE', #657, .T. ) ;
#1108 = VECTOR ( 'NONE', #349, 1000.000000000000000 ) ;
#1109 = CIRCLE ( 'NONE', #1387, 0.02999999999999999889 ) ;
#1110 = CARTESIAN_POINT ( 'NONE',  ( -0.5020000000000001128, 0.4599999999999999645, -0.05336783417183965650 ) ) ;
#1111 = DIRECTION ( 'NONE',  ( 0.000000000000000000, 0.000000000000000000, -1.000000000000000000 ) ) ;
#1112 = DIRECTION ( 'NONE',  ( 0.000000000000000000, 1.000000000000000000, 0.000000000000000000 ) ) ;
#1113 = DIRECTION ( 'NONE',  ( 0.000000000000000000, 0.000000000000000000, -1.000000000000000000 ) ) ;
#1114 = EDGE_LOOP ( 'NONE', ( #1746, #228, #1759, #175 ) ) ;
#1115 = ADVANCED_FACE ( 'NONE', ( #374 ), #1510, .T. ) ;
#1116 = CARTESIAN_POINT ( 'NONE',  ( -0.3681870759029365336, 0.4799999999999999822, -0.2999999999999998224 ) ) ;
#1117 = EDGE_LOOP ( 'NONE', ( #1158, #1364, #1645, #38 ) ) ;
#1118 = CARTESIAN_POINT ( 'NONE',  ( 0.4999999999999998890, 0.4799999999999999822, 0.3000000000000000999 ) ) ;
#1119 = CARTESIAN_POINT ( 'NONE',  ( -0.5020000000000001128, 0.4399999999999999467, -0.05336783417183965650 ) ) ;
#1120 = FILL_AREA_STYLE ('',( #1698 ) ) ;
#1121 = CARTESIAN_POINT ( 'NONE',  ( -0.5000000000000001110, 0.000000000000000000, 0.2700000000000000733 ) ) ;
#1122 = CARTESIAN_POINT ( 'NONE',  ( -0.3681870759029365336, 0.4799999999999999822, 0.3000000000000000999 ) ) ;
#1123 = DIRECTION ( 'NONE',  ( -1.000000000000000000, 0.000000000000000000, 0.000000000000000000 ) ) ;
#1124 = EDGE_LOOP ( 'NONE', ( #1639, #449, #696, #1692 ) ) ;
#1125 = FILL_AREA_STYLE_COLOUR ( '', #1134 ) ;
#1126 = ORIENTED_EDGE ( 'NONE', *, *, #292, .T. ) ;
#1127 = VERTEX_POINT ( 'NONE', #1217 ) ;
#1128 = FACE_OUTER_BOUND ( 'NONE', #1321, .T. ) ;
#1129 =( NAMED_UNIT ( * ) PLANE_ANGLE_UNIT ( ) SI_UNIT ( $, .RADIAN. ) );
#1130 = DIRECTION ( 'NONE',  ( 0.000000000000000000, 1.000000000000000000, 0.000000000000000000 ) ) ;
#1131 = CARTESIAN_POINT ( 'NONE',  ( -0.4700000000000001399, 0.02999999999999997113, -0.2999999999999998224 ) ) ;
#1132 = ORIENTED_EDGE ( 'NONE', *, *, #6, .F. ) ;
#1133 = SURFACE_SIDE_STYLE ('',( #562 ) ) ;
#1134 = COLOUR_RGB ( '',0.7921568627450980005, 0.8196078431372548767, 0.9333333333333333481 ) ;
#1135 = EDGE_CURVE ( 'NONE', #1034, #308, #1484, .T. ) ;
#1136 = PRESENTATION_STYLE_ASSIGNMENT (( #1706 ) ) ;
#1137 = DIRECTION ( 'NONE',  ( 0.000000000000000000, -1.000000000000000000, 0.000000000000000000 ) ) ;
#1138 = DIRECTION ( 'NONE',  ( 1.000000000000000000, -0.000000000000000000, -0.000000000000000000 ) ) ;
#1139 = CARTESIAN_POINT ( 'NONE',  ( 0.2681870759029363338, 0.4599999999999999645, 0.3000000000000000999 ) ) ;
#1140 = AXIS2_PLACEMENT_3D ( 'NONE', #1239, #357, #1850 ) ;
#1141 = AXIS2_PLACEMENT_3D ( 'NONE', #289, #599, #1626 ) ;
#1142 = VERTEX_POINT ( 'NONE', #75 ) ;
#1143 = CARTESIAN_POINT ( 'NONE',  ( 0.000000000000000000, 0.5000000000000000000, 0.000000000000000000 ) ) ;
#1144 = CARTESIAN_POINT ( 'NONE',  ( -0.5020000000000001128, 0.4399999999999999467, -0.05336783417183965650 ) ) ;
#1145 =( NAMED_UNIT ( * ) SI_UNIT ( $, .STERADIAN. ) SOLID_ANGLE_UNIT ( ) );
#1146 = CARTESIAN_POINT ( 'NONE',  ( -0.5020000000000001128, 0.4399999999999999467, -0.05336783417183965650 ) ) ;
#1147 = ORIENTED_EDGE ( 'NONE', *, *, #368, .T. ) ;
#1148 = DIRECTION ( 'NONE',  ( 0.000000000000000000, -0.000000000000000000, -1.000000000000000000 ) ) ;
#1149 = SURFACE_STYLE_FILL_AREA ( #310 ) ;
#1150 = SURFACE_SIDE_STYLE ('',( #574 ) ) ;
#1151 = VERTEX_POINT ( 'NONE', #217 ) ;
#1152 = EDGE_CURVE ( 'NONE', #359, #640, #1055, .T. ) ;
#1153 = EDGE_LOOP ( 'NONE', ( #1553, #22, #1459, #1636 ) ) ;
#1154 = CARTESIAN_POINT ( 'NONE',  ( 0.3681870759029363116, 0.4599999999999999645, -0.3019999999999998241 ) ) ;
#1155 = PRESENTATION_LAYER_ASSIGNMENT (  '', '', ( #1294 ) ) ;
#1156 = DIRECTION ( 'NONE',  ( 0.000000000000000000, -0.000000000000000000, -1.000000000000000000 ) ) ;
#1157 = VECTOR ( 'NONE', #838, 1000.000000000000000 ) ;
#1158 = ORIENTED_EDGE ( 'NONE', *, *, #778, .F. ) ;
#1159 = ADVANCED_FACE ( 'NONE', ( #1064 ), #516, .T. ) ;
#1160 = CIRCLE ( 'NONE', #186, 0.02999999999999999889 ) ;
#1161 = ORIENTED_EDGE ( 'NONE', *, *, #666, .F. ) ;
#1162 = CARTESIAN_POINT ( 'NONE',  ( -0.3681870759029365336, 0.4299999999999997713, 0.3020000000000001572 ) ) ;
#1163 = EDGE_CURVE ( 'NONE', #494, #1396, #1640, .T. ) ;
#1164 = AXIS2_PLACEMENT_3D ( 'NONE', #419, #852, #818 ) ;
#1165 =( LENGTH_UNIT ( ) NAMED_UNIT ( * ) SI_UNIT ( .MILLI., .METRE. ) );
#1166 = VERTEX_POINT ( 'NONE', #656 ) ;
#1167 = CYLINDRICAL_SURFACE ( 'NONE', #1355, 0.02999999999999997113 ) ;
#1168 = EDGE_LOOP ( 'NONE', ( #1543, #1333, #1491, #595 ) ) ;
#1169 = PRODUCT_CONTEXT ( 'NONE', #1822, 'mechanical' ) ;
#1170 = DIRECTION ( 'NONE',  ( -1.000000000000000000, 0.000000000000000000, 3.252606517456513795E-16 ) ) ;
#1171 = ORIENTED_EDGE ( 'NONE', *, *, #467, .T. ) ;
#1172 = DIRECTION ( 'NONE',  ( 0.000000000000000000, 1.000000000000000000, -0.000000000000000000 ) ) ;
#1173 = DIRECTION ( 'NONE',  ( -1.000000000000000000, 0.000000000000000000, -2.710505431213761578E-16 ) ) ;
#1174 = EDGE_CURVE ( 'NONE', #470, #1040, #1398, .T. ) ;
#1175 = ORIENTED_EDGE ( 'NONE', *, *, #702, .T. ) ;
#1176 = PRESENTATION_STYLE_ASSIGNMENT (( #1452 ) ) ;
#1177 = ORIENTED_EDGE ( 'NONE', *, *, #1486, .F. ) ;
#1178 = DIRECTION ( 'NONE',  ( -1.000000000000000000, 0.000000000000000000, 0.000000000000000000 ) ) ;
#1179 = CARTESIAN_POINT ( 'NONE',  ( -0.4700000000000001399, 0.02999999999999997113, 0.3000000000000000999 ) ) ;
#1180 = ORIENTED_EDGE ( 'NONE', *, *, #605, .T. ) ;
#1181 = LINE ( 'NONE', #1456, #460 ) ;
#1182 = DIRECTION ( 'NONE',  ( 0.000000000000000000, 0.000000000000000000, 1.000000000000000000 ) ) ;
#1183 = EDGE_LOOP ( 'NONE', ( #1312, #274, #1833, #26 ) ) ;
#1184 = AXIS2_PLACEMENT_3D ( 'NONE', #1874, #1288, #240 ) ;
#1185 = ORIENTED_EDGE ( 'NONE', *, *, #356, .F. ) ;
#1186 = LINE ( 'NONE', #1774, #755 ) ;
#1187 = APPLICATION_PROTOCOL_DEFINITION ( 'draft international standard', 'automotive_design', 1998, #1822 ) ;
#1188 =( GEOMETRIC_REPRESENTATION_CONTEXT ( 3 ) GLOBAL_UNCERTAINTY_ASSIGNED_CONTEXT ( ( #195 ) ) GLOBAL_UNIT_ASSIGNED_CONTEXT ( ( #1567, #86, #549 ) ) REPRESENTATION_CONTEXT ( 'NONE', 'WORKASPACE' ) );
#1189 = ADVANCED_FACE ( 'NONE', ( #1388 ), #975, .T. ) ;
#1190 = VECTOR ( 'NONE', #1138, 1000.000000000000000 ) ;
#1191 = CIRCLE ( 'NONE', #558, 0.03000000000000002318 ) ;
#1192 = ORIENTED_EDGE ( 'NONE', *, *, #1516, .T. ) ;
#1193 = DIRECTION ( 'NONE',  ( 0.000000000000000000, 1.000000000000000000, 0.000000000000000000 ) ) ;
#1194 = DIRECTION ( 'NONE',  ( 1.000000000000000000, 0.000000000000000000, 0.000000000000000000 ) ) ;
#1195 = CIRCLE ( 'NONE', #893, 0.02999999999999999889 ) ;
#1196 = ORIENTED_EDGE ( 'NONE', *, *, #845, .T. ) ;
#1197 = COLOUR_RGB ( '',0.1098039215686274495, 0.1098039215686274495, 0.1098039215686274495 ) ;
#1198 = DIRECTION ( 'NONE',  ( 0.000000000000000000, 0.000000000000000000, -1.000000000000000000 ) ) ;
#1199 = AXIS2_PLACEMENT_3D ( 'NONE', #1375, #60, #1234 ) ;
#1200 = LINE ( 'NONE', #626, #1414 ) ;
#1201 = SURFACE_STYLE_FILL_AREA ( #808 ) ;
#1202 = DIRECTION ( 'NONE',  ( -0.000000000000000000, -1.000000000000000000, -0.000000000000000000 ) ) ;
#1203 = EDGE_LOOP ( 'NONE', ( #1809, #1405, #608, #633 ) ) ;
#1204 = CARTESIAN_POINT ( 'NONE',  ( -0.4700000000000001399, 0.02999999999999997113, -0.2699999999999999067 ) ) ;
#1205 = CARTESIAN_POINT ( 'NONE',  ( -0.3681870759029365336, 0.4299999999999997713, -0.2999999999999998224 ) ) ;
#1206 = ORIENTED_EDGE ( 'NONE', *, *, #437, .T. ) ;
#1207 =( NAMED_UNIT ( * ) SI_UNIT ( $, .STERADIAN. ) SOLID_ANGLE_UNIT ( ) );
#1208 = LINE ( 'NONE', #658, #1539 ) ;
#1209 =( NAMED_UNIT ( * ) SI_UNIT ( $, .STERADIAN. ) SOLID_ANGLE_UNIT ( ) );
#1210 = DIRECTION ( 'NONE',  ( -1.807003620809174188E-15, 0.000000000000000000, 1.000000000000000000 ) ) ;
#1211 = CARTESIAN_POINT ( 'NONE',  ( -0.2681870759029365003, 0.4799999999999999822, 0.3000000000000000999 ) ) ;
#1212 = EDGE_LOOP ( 'NONE', ( #434, #396, #1580, #758 ) ) ;
#1213 = CARTESIAN_POINT ( 'NONE',  ( -0.2000000000000000944, 0.5000000000000000000, -0.2500000000000000000 ) ) ;
#1214 = CARTESIAN_POINT ( 'NONE',  ( -0.3681870759029365336, 0.4599999999999997979, -0.3019999999999998241 ) ) ;
#1215 = VERTEX_POINT ( 'NONE', #506 ) ;
#1216 = VERTEX_POINT ( 'NONE', #1255 ) ;
#1217 = CARTESIAN_POINT ( 'NONE',  ( 0.3681870759029363116, 0.4599999999999999645, -0.2999999999999998224 ) ) ;
#1218 = VERTEX_POINT ( 'NONE', #248 ) ;
#1219 =( NAMED_UNIT ( * ) PLANE_ANGLE_UNIT ( ) SI_UNIT ( $, .RADIAN. ) );
#1220 = AXIS2_PLACEMENT_3D ( 'NONE', #1647, #1493, #1793 ) ;
#1221 = FILL_AREA_STYLE ('',( #1345 ) ) ;
#1222 =( LENGTH_UNIT ( ) NAMED_UNIT ( * ) SI_UNIT ( .MILLI., .METRE. ) );
#1223 = DIRECTION ( 'NONE',  ( -0.000000000000000000, -1.000000000000000000, -0.000000000000000000 ) ) ;
#1224 = EDGE_CURVE ( 'NONE', #1885, #371, #1573, .T. ) ;
#1225 = EDGE_LOOP ( 'NONE', ( #1791, #445, #598, #1680 ) ) ;
#1226 = DIRECTION ( 'NONE',  ( 5.421010862427523156E-16, -1.000000000000000000, 0.000000000000000000 ) ) ;
#1227 = VECTOR ( 'NONE', #458, 1000.000000000000000 ) ;
#1228 = VERTEX_POINT ( 'NONE', #996 ) ;
#1229 = VECTOR ( 'NONE', #676, 1000.000000000000000 ) ;
#1230 = ADVANCED_FACE ( 'NONE', ( #1128 ), #706, .F. ) ;
#1231 = DIRECTION ( 'NONE',  ( 0.000000000000000000, 0.000000000000000000, -1.000000000000000000 ) ) ;
#1232 = UNCERTAINTY_MEASURE_WITH_UNIT (LENGTH_MEASURE( 1.000000000000000082E-05 ), #587, 'distance_accuracy_value', 'NONE');
#1233 = MECHANICAL_DESIGN_GEOMETRIC_PRESENTATION_REPRESENTATION (  '', ( #29 ), #314 ) ;
#1234 = DIRECTION ( 'NONE',  ( 0.000000000000000000, 0.000000000000000000, -1.000000000000000000 ) ) ;
#1235 = FILL_AREA_STYLE ('',( #1056 ) ) ;
#1236 = MECHANICAL_DESIGN_GEOMETRIC_PRESENTATION_REPRESENTATION (  '', ( #285 ), #1015 ) ;
#1237 = STYLED_ITEM ( 'NONE', ( #1176 ), #1036 ) ;
#1238 = CARTESIAN_POINT ( 'NONE',  ( 0.4699999999999999178, 0.02999999999999997113, -0.2699999999999998512 ) ) ;
#1239 = CARTESIAN_POINT ( 'NONE',  ( 0.4699999999999999178, 0.02999999999999999889, -0.2699999999999998512 ) ) ;
#1240 = CARTESIAN_POINT ( 'NONE',  ( 0.4699999999999999178, 0.4799999999999999822, 0.3000000000000000999 ) ) ;
#1241 = EDGE_LOOP ( 'NONE', ( #1853, #1737, #202 ) ) ;
#1242 = DIRECTION ( 'NONE',  ( 0.000000000000000000, -1.000000000000000000, 0.000000000000000000 ) ) ;
#1243 =( NAMED_UNIT ( * ) SI_UNIT ( $, .STERADIAN. ) SOLID_ANGLE_UNIT ( ) );
#1244 = ORIENTED_EDGE ( 'NONE', *, *, #356, .T. ) ;
#1245 = DIRECTION ( 'NONE',  ( 1.000000000000000000, 5.421010862427523156E-16, 0.000000000000000000 ) ) ;
#1246 = CARTESIAN_POINT ( 'NONE',  ( 0.4999999999999998890, 0.4599999999999999645, 0.3000000000000000999 ) ) ;
#1247 = EDGE_CURVE ( 'NONE', #194, #1785, #686, .T. ) ;
#1248 = DIRECTION ( 'NONE',  ( 0.000000000000000000, 0.000000000000000000, -1.000000000000000000 ) ) ;
#1249 = CARTESIAN_POINT ( 'NONE',  ( -0.4700000000000001399, 0.4799999999999999822, 0.2700000000000000733 ) ) ;
#1250 = DIRECTION ( 'NONE',  ( 0.000000000000000000, -1.000000000000000000, 0.000000000000000000 ) ) ;
#1251 = ORIENTED_EDGE ( 'NONE', *, *, #508, .T. ) ;
#1252 =( NAMED_UNIT ( * ) SI_UNIT ( $, .STERADIAN. ) SOLID_ANGLE_UNIT ( ) );
#1253 = EDGE_LOOP ( 'NONE', ( #772, #1021, #841, #895 ) ) ;
#1254 = DIRECTION ( 'NONE',  ( 0.000000000000000000, 0.000000000000000000, -1.000000000000000000 ) ) ;
#1255 = CARTESIAN_POINT ( 'NONE',  ( 0.2681870759029363338, 0.4599999999999999645, 0.3020000000000001572 ) ) ;
#1256 = LINE ( 'NONE', #105, #560 ) ;
#1257 = SURFACE_STYLE_FILL_AREA ( #1879 ) ;
#1258 = EDGE_CURVE ( 'NONE', #1588, #956, #546, .T. ) ;
#1259 = LINE ( 'NONE', #1840, #1264 ) ;
#1260 = COLOUR_RGB ( '',0.1098039215686274495, 0.1098039215686274495, 0.1098039215686274495 ) ;
#1261 = AXIS2_PLACEMENT_3D ( 'NONE', #78, #1099, #346 ) ;
#1262 = CARTESIAN_POINT ( 'NONE',  ( 0.000000000000000000, 0.000000000000000000, -0.3019999999999998241 ) ) ;
#1263 = EDGE_LOOP ( 'NONE', ( #101, #752, #1494, #124 ) ) ;
#1264 = VECTOR ( 'NONE', #1112, 1000.000000000000000 ) ;
#1265 = LINE ( 'NONE', #226, #218 ) ;
#1266 = ORIENTED_EDGE ( 'NONE', *, *, #1356, .F. ) ;
#1267 = PLANE ( 'NONE',  #1462 ) ;
#1268 = DIRECTION ( 'NONE',  ( 0.000000000000000000, 1.000000000000000000, -0.000000000000000000 ) ) ;
#1269 = STYLED_ITEM ( 'NONE', ( #317 ), #479 ) ;
#1270 = PRESENTATION_LAYER_ASSIGNMENT (  '', '', ( #692 ) ) ;
#1271 = VECTOR ( 'NONE', #435, 1000.000000000000000 ) ;
#1272 = MECHANICAL_DESIGN_GEOMETRIC_PRESENTATION_REPRESENTATION (  '', ( #991 ), #4 ) ;
#1273 = SURFACE_STYLE_FILL_AREA ( #1867 ) ;
#1274 = VECTOR ( 'NONE', #681, 1000.000000000000000 ) ;
#1275 = ADVANCED_FACE ( 'NONE', ( #383 ), #260, .T. ) ;
#1276 = PLANE ( 'NONE',  #1467 ) ;
#1277 = DIRECTION ( 'NONE',  ( 0.000000000000000000, -1.000000000000000000, -0.000000000000000000 ) ) ;
#1278 = ADVANCED_FACE ( 'NONE', ( #1406 ), #554, .T. ) ;
#1279 = VERTEX_POINT ( 'NONE', #1582 ) ;
#1280 = ORIENTED_EDGE ( 'NONE', *, *, #1814, .F. ) ;
#1281 = CARTESIAN_POINT ( 'NONE',  ( 0.3681870759029363116, 0.4299999999999999378, -0.3019999999999998241 ) ) ;
#1282 = FACE_OUTER_BOUND ( 'NONE', #351, .T. ) ;
#1283 = LINE ( 'NONE', #417, #1190 ) ;
#1284 = CARTESIAN_POINT ( 'NONE',  ( -0.3681870759029365336, 0.4599999999999997979, 0.3000000000000000999 ) ) ;
#1285 = EDGE_CURVE ( 'NONE', #1216, #381, #1423, .T. ) ;
#1286 = LINE ( 'NONE', #266, #651 ) ;
#1287 = EDGE_LOOP ( 'NONE', ( #1701, #338, #1001, #730 ) ) ;
#1288 = DIRECTION ( 'NONE',  ( 0.000000000000000000, -1.000000000000000000, -0.000000000000000000 ) ) ;
#1289 = PLANE ( 'NONE',  #1815 ) ;
#1290 = DIRECTION ( 'NONE',  ( -1.000000000000000000, 0.000000000000000000, -0.000000000000000000 ) ) ;
#1291 = CARTESIAN_POINT ( 'NONE',  ( 0.3681870759029363116, 0.4299999999999999378, 0.3020000000000001572 ) ) ;
#1292 = PRODUCT_DEFINITION_SHAPE ( 'NONE', 'NONE',  #1873 ) ;
#1293 = DIRECTION ( 'NONE',  ( 1.000000000000000000, 0.000000000000000000, 0.000000000000000000 ) ) ;
#1294 = STYLED_ITEM ( 'NONE', ( #891 ), #1481 ) ;
#1295 = VERTEX_POINT ( 'NONE', #527 ) ;
#1296 = SURFACE_SIDE_STYLE ('',( #139 ) ) ;
#1297 = VECTOR ( 'NONE', #829, 1000.000000000000000 ) ;
#1298 = DIRECTION ( 'NONE',  ( 0.000000000000000000, -1.000000000000000000, 0.000000000000000000 ) ) ;
#1299 = CIRCLE ( 'NONE', #720, 0.02999999999999997113 ) ;
#1300 = SURFACE_STYLE_USAGE ( .BOTH. , #286 ) ;
#1301 = CARTESIAN_POINT ( 'NONE',  ( -0.3681870759029365336, 0.4599999999999997979, 0.3020000000000001572 ) ) ;
#1302 = COLOUR_RGB ( '',0.1098039215686274495, 0.1098039215686274495, 0.1098039215686274495 ) ;
#1303 = DIRECTION ( 'NONE',  ( 1.000000000000000000, -9.035018104045878829E-16, 0.000000000000000000 ) ) ;
#1304 = STYLED_ITEM ( 'NONE', ( #344 ), #814 ) ;
#1305 = AXIS2_PLACEMENT_3D ( 'NONE', #307, #1742, #744 ) ;
#1306 = ORIENTED_EDGE ( 'NONE', *, *, #638, .T. ) ;
#1307 = CARTESIAN_POINT ( 'NONE',  ( -0.3681870759029365336, 0.4299999999999997713, 0.3000000000000000999 ) ) ;
#1308 = FILL_AREA_STYLE_COLOUR ( '', #227 ) ;
#1309 = EDGE_LOOP ( 'NONE', ( #159, #1054, #1608, #1175 ) ) ;
#1310 = VERTEX_POINT ( 'NONE', #1119 ) ;
#1311 = CARTESIAN_POINT ( 'NONE',  ( 0.4999999999999998890, 0.4799999999999999822, -0.05336783417183964262 ) ) ;
#1312 = ORIENTED_EDGE ( 'NONE', *, *, #926, .T. ) ;
#1313 = SURFACE_STYLE_FILL_AREA ( #880 ) ;
#1314 = ORIENTED_EDGE ( 'NONE', *, *, #909, .T. ) ;
#1315 = EDGE_CURVE ( 'NONE', #1421, #1785, #119, .T. ) ;
#1316 = FACE_BOUND ( 'NONE', #1856, .T. ) ;
#1317 = EDGE_LOOP ( 'NONE', ( #72, #1769, #643, #290 ) ) ;
#1318 = DIRECTION ( 'NONE',  ( 0.000000000000000000, 0.000000000000000000, -1.000000000000000000 ) ) ;
#1319 = CARTESIAN_POINT ( 'NONE',  ( 0.2681870759029363338, 0.4299999999999999378, 0.3020000000000001572 ) ) ;
#1320 =( NAMED_UNIT ( * ) SI_UNIT ( $, .STERADIAN. ) SOLID_ANGLE_UNIT ( ) );
#1321 = EDGE_LOOP ( 'NONE', ( #620, #1882, #1469, #611 ) ) ;
#1322 = CARTESIAN_POINT ( 'NONE',  ( 0.3681870759029363116, 0.4599999999999999645, 0.3020000000000001572 ) ) ;
#1323 = ADVANCED_FACE ( 'NONE', ( #1107 ), #1696, .F. ) ;
#1324 = AXIS2_PLACEMENT_3D ( 'NONE', #208, #1391, #671 ) ;
#1325 = ORIENTED_EDGE ( 'NONE', *, *, #73, .T. ) ;
#1326 = DIRECTION ( 'NONE',  ( -0.000000000000000000, -1.000000000000000000, -0.000000000000000000 ) ) ;
#1327 = ADVANCED_FACE ( 'NONE', ( #459 ), #1010, .T. ) ;
#1328 = CIRCLE ( 'NONE', #499, 0.02999999999999997113 ) ;
#1329 = DIRECTION ( 'NONE',  ( 0.000000000000000000, -1.000000000000000000, 0.000000000000000000 ) ) ;
#1330 = ORIENTED_EDGE ( 'NONE', *, *, #1667, .T. ) ;
#1331 = EDGE_LOOP ( 'NONE', ( #205, #1620, #8, #1427 ) ) ;
#1332 = PRESENTATION_STYLE_ASSIGNMENT (( #903 ) ) ;
#1333 = ORIENTED_EDGE ( 'NONE', *, *, #1061, .F. ) ;
#1334 = LINE ( 'NONE', #1637, #1227 ) ;
#1335 = DIRECTION ( 'NONE',  ( 1.000000000000000000, 0.000000000000000000, 0.000000000000000000 ) ) ;
#1336 = EDGE_CURVE ( 'NONE', #1011, #320, #733, .T. ) ;
#1337 = EDGE_LOOP ( 'NONE', ( #389, #606, #348, #1731 ) ) ;
#1338 = CYLINDRICAL_SURFACE ( 'NONE', #1811, 0.02999999999999999889 ) ;
#1339 = VERTEX_POINT ( 'NONE', #1475 ) ;
#1340 = CARTESIAN_POINT ( 'NONE',  ( 0.000000000000000000, 0.5000000000000000000, 0.000000000000000000 ) ) ;
#1341 = LINE ( 'NONE', #942, #337 ) ;
#1342 = PRESENTATION_LAYER_ASSIGNMENT (  '', '', ( #830 ) ) ;
#1343 = COLOUR_RGB ( '',0.1098039215686274495, 0.1098039215686274495, 0.1098039215686274495 ) ;
#1344 = SURFACE_STYLE_USAGE ( .BOTH. , #1641 ) ;
#1345 = FILL_AREA_STYLE_COLOUR ( '', #184 ) ;
#1346 =( GEOMETRIC_REPRESENTATION_CONTEXT ( 3 ) GLOBAL_UNCERTAINTY_ASSIGNED_CONTEXT ( ( #1592 ) ) GLOBAL_UNIT_ASSIGNED_CONTEXT ( ( #1576, #719, #1145 ) ) REPRESENTATION_CONTEXT ( 'NONE', 'WORKASPACE' ) );
#1347 = DIRECTION ( 'NONE',  ( 0.000000000000000000, 0.000000000000000000, -1.000000000000000000 ) ) ;
#1348 = VECTOR ( 'NONE', #1518, 1000.000000000000000 ) ;
#1349 = ORIENTED_EDGE ( 'NONE', *, *, #1590, .F. ) ;
#1350 = PLANE ( 'NONE',  #376 ) ;
#1351 = CIRCLE ( 'NONE', #861, 0.02999999999999997113 ) ;
#1352 = FILL_AREA_STYLE_COLOUR ( '', #1343 ) ;
#1353 =( GEOMETRIC_REPRESENTATION_CONTEXT ( 3 ) GLOBAL_UNCERTAINTY_ASSIGNED_CONTEXT ( ( #1650 ) ) GLOBAL_UNIT_ASSIGNED_CONTEXT ( ( #1453, #547, #1003 ) ) REPRESENTATION_CONTEXT ( 'NONE', 'WORKASPACE' ) );
#1354 = EDGE_LOOP ( 'NONE', ( #683, #1147, #170, #878 ) ) ;
#1355 = AXIS2_PLACEMENT_3D ( 'NONE', #312, #1685, #342 ) ;
#1356 = EDGE_CURVE ( 'NONE', #1127, #1016, #438, .T. ) ;
#1357 =( NAMED_UNIT ( * ) PLANE_ANGLE_UNIT ( ) SI_UNIT ( $, .RADIAN. ) );
#1358 = DIRECTION ( 'NONE',  ( -1.000000000000000000, 0.000000000000000000, 0.000000000000000000 ) ) ;
#1359 = EDGE_LOOP ( 'NONE', ( #1031, #874, #147, #1026 ) ) ;
#1360 = CARTESIAN_POINT ( 'NONE',  ( -0.5000000000000001110, 0.4799999999999999822, -0.2699999999999999067 ) ) ;
#1361 = LINE ( 'NONE', #1384, #1101 ) ;
#1362 = ORIENTED_EDGE ( 'NONE', *, *, #95, .T. ) ;
#1363 = ORIENTED_EDGE ( 'NONE', *, *, #297, .T. ) ;
#1364 = ORIENTED_EDGE ( 'NONE', *, *, #1786, .F. ) ;
#1365 = CARTESIAN_POINT ( 'NONE',  ( -0.5000000000000001110, 0.4599999999999999645, 0.04663216582816034905 ) ) ;
#1366 = DIRECTION ( 'NONE',  ( 0.000000000000000000, 0.000000000000000000, -1.000000000000000000 ) ) ;
#1367 = LINE ( 'NONE', #234, #1485 ) ;
#1368 = ADVANCED_FACE ( 'NONE', ( #898 ), #610, .T. ) ;
#1369 = EDGE_CURVE ( 'NONE', #110, #1885, #1100, .T. ) ;
#1370 = ORIENTED_EDGE ( 'NONE', *, *, #477, .F. ) ;
#1371 = LINE ( 'NONE', #512, #659 ) ;
#1372 =( LENGTH_UNIT ( ) NAMED_UNIT ( * ) SI_UNIT ( .MILLI., .METRE. ) );
#1373 = ORIENTED_EDGE ( 'NONE', *, *, #1676, .F. ) ;
#1374 = VERTEX_POINT ( 'NONE', #1771 ) ;
#1375 = CARTESIAN_POINT ( 'NONE',  ( 0.3681870759029363116, 0.4299999999999999378, 0.3020000000000001572 ) ) ;
#1376 = ORIENTED_EDGE ( 'NONE', *, *, #605, .F. ) ;
#1377 = SURFACE_STYLE_FILL_AREA ( #962 ) ;
#1378 = DIRECTION ( 'NONE',  ( 0.000000000000000000, 0.000000000000000000, -1.000000000000000000 ) ) ;
#1379 = CARTESIAN_POINT ( 'NONE',  ( -0.5000000000000001110, 0.02999999999999997113, 0.3000000000000000999 ) ) ;
#1380 = AXIS2_PLACEMENT_3D ( 'NONE', #192, #896, #1060 ) ;
#1381 = ORIENTED_EDGE ( 'NONE', *, *, #1224, .T. ) ;
#1382 = LINE ( 'NONE', #1799, #407 ) ;
#1383 = EDGE_CURVE ( 'NONE', #308, #1396, #579, .T. ) ;
#1384 = CARTESIAN_POINT ( 'NONE',  ( -0.5000000000000001110, 0.4599999999999997424, 0.3000000000000000999 ) ) ;
#1385 = VERTEX_POINT ( 'NONE', #1602 ) ;
#1386 = CARTESIAN_POINT ( 'NONE',  ( 0.4699999999999999178, 0.4799999999999999822, -0.2699999999999998512 ) ) ;
#1387 = AXIS2_PLACEMENT_3D ( 'NONE', #948, #1688, #1248 ) ;
#1388 = FACE_OUTER_BOUND ( 'NONE', #1761, .T. ) ;
#1389 = AXIS2_PLACEMENT_3D ( 'NONE', #392, #1111, #415 ) ;
#1390 = AXIS2_PLACEMENT_3D ( 'NONE', #19, #1653, #354 ) ;
#1391 = DIRECTION ( 'NONE',  ( 0.000000000000000000, 1.000000000000000000, 0.000000000000000000 ) ) ;
#1392 = LINE ( 'NONE', #1069, #985 ) ;
#1393 = ORIENTED_EDGE ( 'NONE', *, *, #702, .F. ) ;
#1394 = FACE_OUTER_BOUND ( 'NONE', #601, .T. ) ;
#1395 = FILL_AREA_STYLE ('',( #1125 ) ) ;
#1396 = VERTEX_POINT ( 'NONE', #293 ) ;
#1397 = LINE ( 'NONE', #229, #1229 ) ;
#1398 = LINE ( 'NONE', #1784, #1009 ) ;
#1399 = EDGE_CURVE ( 'NONE', #235, #1649, #93, .T. ) ;
#1400 = CARTESIAN_POINT ( 'NONE',  ( 0.4699999999999999178, 0.02999999999999997113, 0.3000000000000000999 ) ) ;
#1401 = CARTESIAN_POINT ( 'NONE',  ( -0.5000000000000001110, 0.4299999999999997158, 0.3000000000000000999 ) ) ;
#1402 = CARTESIAN_POINT ( 'NONE',  ( 0.3681870759029362561, 0.4599999999999999645, 0.3000000000000000999 ) ) ;
#1403 = ORIENTED_EDGE ( 'NONE', *, *, #436, .T. ) ;
#1404 = ORIENTED_EDGE ( 'NONE', *, *, #847, .T. ) ;
#1405 = ORIENTED_EDGE ( 'NONE', *, *, #1258, .T. ) ;
#1406 = FACE_OUTER_BOUND ( 'NONE', #1168, .T. ) ;
#1407 = DIRECTION ( 'NONE',  ( -1.000000000000000000, 0.000000000000000000, 0.000000000000000000 ) ) ;
#1408 = STYLED_ITEM ( 'NONE', ( #180 ), #1189 ) ;
#1409 = AXIS2_PLACEMENT_3D ( 'NONE', #1797, #1504, #31 ) ;
#1410 = FACE_OUTER_BOUND ( 'NONE', #304, .T. ) ;
#1411 = ORIENTED_EDGE ( 'NONE', *, *, #1383, .T. ) ;
#1412 = DIRECTION ( 'NONE',  ( 0.000000000000000000, 0.000000000000000000, -1.000000000000000000 ) ) ;
#1413 =( NAMED_UNIT ( * ) PLANE_ANGLE_UNIT ( ) SI_UNIT ( $, .RADIAN. ) );
#1414 = VECTOR ( 'NONE', #770, 1000.000000000000000 ) ;
#1415 = PRESENTATION_LAYER_ASSIGNMENT (  '', '', ( #3 ) ) ;
#1416 = VECTOR ( 'NONE', #1556, 1000.000000000000000 ) ;
#1417 = LINE ( 'NONE', #1734, #27 ) ;
#1418 = CIRCLE ( 'NONE', #840, 0.02999999999999999889 ) ;
#1419 = PLANE ( 'NONE',  #1164 ) ;
#1420 = ADVANCED_FACE ( 'NONE', ( #1450 ), #727, .T. ) ;
#1421 = VERTEX_POINT ( 'NONE', #1033 ) ;
#1422 = EDGE_LOOP ( 'NONE', ( #789, #711, #1782, #978 ) ) ;
#1423 = LINE ( 'NONE', #112, #615 ) ;
#1424 =( NAMED_UNIT ( * ) SI_UNIT ( $, .STERADIAN. ) SOLID_ANGLE_UNIT ( ) );
#1425 = CARTESIAN_POINT ( 'NONE',  ( -0.3681870759029365336, 0.4299999999999997713, -0.3019999999999998241 ) ) ;
#1426 = ADVANCED_FACE ( 'NONE', ( #444 ), #1468, .F. ) ;
#1427 = ORIENTED_EDGE ( 'NONE', *, *, #1514, .T. ) ;
#1428 =( NAMED_UNIT ( * ) PLANE_ANGLE_UNIT ( ) SI_UNIT ( $, .RADIAN. ) );
#1429 = DIRECTION ( 'NONE',  ( 1.000000000000000000, -0.000000000000000000, -0.000000000000000000 ) ) ;
#1430 = DIRECTION ( 'NONE',  ( 1.000000000000000000, 0.000000000000000000, 0.000000000000000000 ) ) ;
#1431 = LINE ( 'NONE', #1301, #1726 ) ;
#1432 = DIRECTION ( 'NONE',  ( 0.000000000000000000, -1.000000000000000000, 0.000000000000000000 ) ) ;
#1433 = CARTESIAN_POINT ( 'NONE',  ( 0.2681870759029363338, 0.4299999999999999378, 0.3020000000000001572 ) ) ;
#1434 = MECHANICAL_DESIGN_GEOMETRIC_PRESENTATION_REPRESENTATION (  '', ( #1408 ), #582 ) ;
#1435 = EDGE_CURVE ( 'NONE', #901, #854, #1632, .T. ) ;
#1436 = ORIENTED_EDGE ( 'NONE', *, *, #1579, .T. ) ;
#1437 = DIRECTION ( 'NONE',  ( -0.000000000000000000, -1.000000000000000000, -0.000000000000000000 ) ) ;
#1438 = DIRECTION ( 'NONE',  ( 0.000000000000000000, -0.000000000000000000, 1.000000000000000000 ) ) ;
#1439 = STYLED_ITEM ( 'NONE', ( #1689 ), #747 ) ;
#1440 =( GEOMETRIC_REPRESENTATION_CONTEXT ( 3 ) GLOBAL_UNCERTAINTY_ASSIGNED_CONTEXT ( ( #607 ) ) GLOBAL_UNIT_ASSIGNED_CONTEXT ( ( #581, #295, #1320 ) ) REPRESENTATION_CONTEXT ( 'NONE', 'WORKASPACE' ) );
#1441 = ORIENTED_EDGE ( 'NONE', *, *, #1050, .F. ) ;
#1442 = CARTESIAN_POINT ( 'NONE',  ( 0.5020000000000000018, 0.4599999999999999645, 0.04663216582816034905 ) ) ;
#1443 = ORIENTED_EDGE ( 'NONE', *, *, #1077, .F. ) ;
#1444 = LINE ( 'NONE', #1733, #1847 ) ;
#1445 = ORIENTED_EDGE ( 'NONE', *, *, #292, .F. ) ;
#1446 = APPLICATION_PROTOCOL_DEFINITION ( 'draft international standard', 'automotive_design', 1998, #1028 ) ;
#1447 = FILL_AREA_STYLE ('',( #1607 ) ) ;
#1448 = ORIENTED_EDGE ( 'NONE', *, *, #143, .F. ) ;
#1449 =( LENGTH_UNIT ( ) NAMED_UNIT ( * ) SI_UNIT ( .MILLI., .METRE. ) );
#1450 = FACE_OUTER_BOUND ( 'NONE', #1124, .T. ) ;
#1451 = UNCERTAINTY_MEASURE_WITH_UNIT (LENGTH_MEASURE( 1.000000000000000082E-05 ), #1605, 'distance_accuracy_value', 'NONE');
#1452 = SURFACE_STYLE_USAGE ( .BOTH. , #754 ) ;
#1453 =( LENGTH_UNIT ( ) NAMED_UNIT ( * ) SI_UNIT ( .MILLI., .METRE. ) );
#1454 = DIRECTION ( 'NONE',  ( 0.000000000000000000, 0.000000000000000000, -1.000000000000000000 ) ) ;
#1455 = VERTEX_POINT ( 'NONE', #1307 ) ;
#1456 = CARTESIAN_POINT ( 'NONE',  ( 0.5020000000000000018, 0.4399999999999999467, -0.05336783417183965650 ) ) ;
#1457 = AXIS2_PLACEMENT_3D ( 'NONE', #760, #1748, #1156 ) ;
#1458 = CARTESIAN_POINT ( 'NONE',  ( -0.2681870759029365003, 0.4299999999999998268, 0.3020000000000001572 ) ) ;
#1459 = ORIENTED_EDGE ( 'NONE', *, *, #1786, .T. ) ;
#1460 = PRODUCT_RELATED_PRODUCT_CATEGORY ( 'part', '', ( #602 ) ) ;
#1461 = CARTESIAN_POINT ( 'NONE',  ( 0.4999999999999998890, 0.4799999999999999822, 0.3000000000000000999 ) ) ;
#1462 = AXIS2_PLACEMENT_3D ( 'NONE', #995, #1895, #1318 ) ;
#1463 = EDGE_CURVE ( 'NONE', #191, #1011, #572, .T. ) ;
#1464 = VECTOR ( 'NONE', #414, 1000.000000000000000 ) ;
#1465 = ORIENTED_EDGE ( 'NONE', *, *, #1590, .T. ) ;
#1466 = CARTESIAN_POINT ( 'NONE',  ( -0.3681870759029365336, 0.4299999999999997713, 0.3020000000000001572 ) ) ;
#1467 = AXIS2_PLACEMENT_3D ( 'NONE', #703, #254, #569 ) ;
#1468 = PLANE ( 'NONE',  #59 ) ;
#1469 = ORIENTED_EDGE ( 'NONE', *, *, #1528, .T. ) ;
#1470 = UNCERTAINTY_MEASURE_WITH_UNIT (LENGTH_MEASURE( 1.000000000000000082E-05 ), #495, 'distance_accuracy_value', 'NONE');
#1471 = PLANE ( 'NONE',  #127 ) ;
#1472 = CARTESIAN_POINT ( 'NONE',  ( 0.4699999999999999178, 0.4799999999999999822, -0.2999999999999998224 ) ) ;
#1473 = ORIENTED_EDGE ( 'NONE', *, *, #273, .T. ) ;
#1474 = LINE ( 'NONE', #450, #750 ) ;
#1475 = CARTESIAN_POINT ( 'NONE',  ( 0.4999999999999998890, 0.4799999999999999822, -0.2699999999999999067 ) ) ;
#1476 = ORIENTED_EDGE ( 'NONE', *, *, #1820, .F. ) ;
#1477 = FILL_AREA_STYLE_COLOUR ( '', #989 ) ;
#1478 = VERTEX_POINT ( 'NONE', #1591 ) ;
#1479 = DIRECTION ( 'NONE',  ( 1.000000000000000000, 0.000000000000000000, 0.000000000000000000 ) ) ;
#1480 = DIRECTION ( 'NONE',  ( 0.000000000000000000, -1.000000000000000000, 0.000000000000000000 ) ) ;
#1481 = ADVANCED_FACE ( 'NONE', ( #11 ), #149, .T. ) ;
#1482 = ORIENTED_EDGE ( 'NONE', *, *, #1336, .F. ) ;
#1483 = VECTOR ( 'NONE', #231, 1000.000000000000000 ) ;
#1484 = LINE ( 'NONE', #645, #413 ) ;
#1485 = VECTOR ( 'NONE', #367, 1000.000000000000000 ) ;
#1486 = EDGE_CURVE ( 'NONE', #869, #791, #1361, .T. ) ;
#1487 = EDGE_CURVE ( 'NONE', #982, #1611, #37, .T. ) ;
#1488 = SURFACE_STYLE_USAGE ( .BOTH. , #1642 ) ;
#1489 = PLANE ( 'NONE',  #122 ) ;
#1490 = PRESENTATION_LAYER_ASSIGNMENT (  '', '', ( #1269 ) ) ;
#1491 = ORIENTED_EDGE ( 'NONE', *, *, #280, .F. ) ;
#1492 = CARTESIAN_POINT ( 'NONE',  ( -0.5020000000000001128, 0.000000000000000000, 0.000000000000000000 ) ) ;
#1493 = DIRECTION ( 'NONE',  ( 1.000000000000000000, -0.000000000000000000, 0.000000000000000000 ) ) ;
#1494 = ORIENTED_EDGE ( 'NONE', *, *, #507, .F. ) ;
#1495 = EDGE_CURVE ( 'NONE', #640, #1588, #168, .T. ) ;
#1496 = PRESENTATION_LAYER_ASSIGNMENT (  '', '', ( #1237 ) ) ;
#1497 = CARTESIAN_POINT ( 'NONE',  ( -0.2000000000000000944, 0.4799999999999999822, -0.2500000000000000000 ) ) ;
#1498 = ORIENTED_EDGE ( 'NONE', *, *, #1487, .F. ) ;
#1499 = SURFACE_STYLE_FILL_AREA ( #1235 ) ;
#1500 = EDGE_CURVE ( 'NONE', #56, #1861, #1341, .T. ) ;
#1501 = EDGE_CURVE ( 'NONE', #387, #982, #932, .T. ) ;
#1502 = LINE ( 'NONE', #1066, #345 ) ;
#1503 =( NAMED_UNIT ( * ) SI_UNIT ( $, .STERADIAN. ) SOLID_ANGLE_UNIT ( ) );
#1504 = DIRECTION ( 'NONE',  ( 1.000000000000000000, -0.000000000000000000, 0.000000000000000000 ) ) ;
#1505 = VERTEX_POINT ( 'NONE', #1205 ) ;
#1506 = DIRECTION ( 'NONE',  ( 1.000000000000000000, 0.000000000000000000, -0.000000000000000000 ) ) ;
#1507 = PLANE ( 'NONE',  #1220 ) ;
#1508 = ORIENTED_EDGE ( 'NONE', *, *, #1500, .F. ) ;
#1509 = LINE ( 'NONE', #1118, #1777 ) ;
#1510 = PLANE ( 'NONE',  #1568 ) ;
#1511 = CARTESIAN_POINT ( 'NONE',  ( 0.5020000000000000018, 0.4599999999999999645, -0.05336783417183965650 ) ) ;
#1512 = SURFACE_STYLE_USAGE ( .BOTH. , #1524 ) ;
#1513 =( NAMED_UNIT ( * ) PLANE_ANGLE_UNIT ( ) SI_UNIT ( $, .RADIAN. ) );
#1514 = EDGE_CURVE ( 'NONE', #1279, #511, #766, .T. ) ;
#1515 = LINE ( 'NONE', #1059, #526 ) ;
#1516 = EDGE_CURVE ( 'NONE', #381, #1798, #330, .T. ) ;
#1517 = VERTEX_POINT ( 'NONE', #213 ) ;
#1518 = DIRECTION ( 'NONE',  ( -1.000000000000000000, 0.000000000000000000, 0.000000000000000000 ) ) ;
#1519 = CARTESIAN_POINT ( 'NONE',  ( 0.2000000000000000111, 0.5000000000000000000, 0.2500000000000000000 ) ) ;
#1520 = ORIENTED_EDGE ( 'NONE', *, *, #728, .T. ) ;
#1521 = LINE ( 'NONE', #215, #410 ) ;
#1522 = DIRECTION ( 'NONE',  ( -0.000000000000000000, 1.000000000000000000, -0.000000000000000000 ) ) ;
#1523 = VECTOR ( 'NONE', #823, 1000.000000000000000 ) ;
#1524 = SURFACE_SIDE_STYLE ('',( #1377 ) ) ;
#1525 =( NAMED_UNIT ( * ) SI_UNIT ( $, .STERADIAN. ) SOLID_ANGLE_UNIT ( ) );
#1526 = VECTOR ( 'NONE', #1223, 1000.000000000000000 ) ;
#1527 = CARTESIAN_POINT ( 'NONE',  ( -0.3681870759029365336, 0.4299999999999997713, 0.3020000000000001572 ) ) ;
#1528 = EDGE_CURVE ( 'NONE', #482, #1763, #918, .T. ) ;
#1529 = AXIS2_PLACEMENT_3D ( 'NONE', #1709, #1432, #120 ) ;
#1530 = ORIENTED_EDGE ( 'NONE', *, *, #1547, .F. ) ;
#1531 = PLANE ( 'NONE',  #530 ) ;
#1532 = ADVANCED_FACE ( 'NONE', ( #44 ), #1507, .T. ) ;
#1533 = LINE ( 'NONE', #1116, #585 ) ;
#1534 = VECTOR ( 'NONE', #1090, 1000.000000000000000 ) ;
#1535 = ORIENTED_EDGE ( 'NONE', *, *, #856, .F. ) ;
#1536 = ORIENTED_EDGE ( 'NONE', *, *, #824, .T. ) ;
#1537 = CARTESIAN_POINT ( 'NONE',  ( 0.5020000000000000018, 0.4399999999999999467, -0.05336783417183965650 ) ) ;
#1538 = VECTOR ( 'NONE', #1546, 1000.000000000000000 ) ;
#1539 = VECTOR ( 'NONE', #1065, 1000.000000000000000 ) ;
#1540 =( NAMED_UNIT ( * ) SI_UNIT ( $, .STERADIAN. ) SOLID_ANGLE_UNIT ( ) );
#1541 = CARTESIAN_POINT ( 'NONE',  ( 0.5020000000000000018, 0.4399999999999999467, -0.05336783417183965650 ) ) ;
#1542 = CARTESIAN_POINT ( 'NONE',  ( 0.4699999999999999178, 0.02999999999999999889, -0.2699999999999998512 ) ) ;
#1543 = ORIENTED_EDGE ( 'NONE', *, *, #97, .F. ) ;
#1544 = SURFACE_STYLE_USAGE ( .BOTH. , #535 ) ;
#1545 = ORIENTED_EDGE ( 'NONE', *, *, #108, .T. ) ;
#1546 = DIRECTION ( 'NONE',  ( 1.000000000000000000, 0.000000000000000000, 0.000000000000000000 ) ) ;
#1547 = EDGE_CURVE ( 'NONE', #1016, #1151, #25, .T. ) ;
#1548 = CARTESIAN_POINT ( 'NONE',  ( -0.2000000000000002331, 0.5000000000000000000, 0.2500000000000000000 ) ) ;
#1549 =( LENGTH_UNIT ( ) NAMED_UNIT ( * ) SI_UNIT ( .MILLI., .METRE. ) );
#1550 = CARTESIAN_POINT ( 'NONE',  ( 0.4999999999999998890, 0.4799999999999999822, -0.2699999999999999067 ) ) ;
#1551 = CARTESIAN_POINT ( 'NONE',  ( 0.2681870759029363338, 0.4599999999999999645, 0.3020000000000001572 ) ) ;
#1552 = ORIENTED_EDGE ( 'NONE', *, *, #437, .F. ) ;
#1553 = ORIENTED_EDGE ( 'NONE', *, *, #1495, .F. ) ;
#1554 = CARTESIAN_POINT ( 'NONE',  ( -0.5000000000000001110, 0.4799999999999999822, 0.2700000000000000733 ) ) ;
#1555 = DIRECTION ( 'NONE',  ( -3.252606517456513302E-16, 0.000000000000000000, -1.000000000000000000 ) ) ;
#1556 = DIRECTION ( 'NONE',  ( -1.000000000000000000, -5.421010862427523156E-16, 0.000000000000000000 ) ) ;
#1557 = VECTOR ( 'NONE', #472, 1000.000000000000000 ) ;
#1558 = VECTOR ( 'NONE', #178, 1000.000000000000000 ) ;
#1559 = EDGE_LOOP ( 'NONE', ( #1604, #1535, #742, #1192 ) ) ;
#1560 = PLANE ( 'NONE',  #724 ) ;
#1561 = SURFACE_SIDE_STYLE ('',( #421 ) ) ;
#1562 = VECTOR ( 'NONE', #631, 1000.000000000000000 ) ;
#1563 = EDGE_CURVE ( 'NONE', #1763, #267, #619, .T. ) ;
#1564 = VECTOR ( 'NONE', #247, 1000.000000000000000 ) ;
#1565 = LINE ( 'NONE', #269, #189 ) ;
#1566 = VECTOR ( 'NONE', #1727, 1000.000000000000000 ) ;
#1567 =( LENGTH_UNIT ( ) NAMED_UNIT ( * ) SI_UNIT ( .MILLI., .METRE. ) );
#1568 = AXIS2_PLACEMENT_3D ( 'NONE', #958, #912, #483 ) ;
#1569 = CARTESIAN_POINT ( 'NONE',  ( 0.4699999999999999178, 0.02999999999999997113, -0.2699999999999998512 ) ) ;
#1570 = CARTESIAN_POINT ( 'NONE',  ( -0.4700000000000001399, 0.02999999999999997113, 0.3000000000000000999 ) ) ;
#1571 = ORIENTED_EDGE ( 'NONE', *, *, #398, .T. ) ;
#1572 = PLANE ( 'NONE',  #279 ) ;
#1573 = LINE ( 'NONE', #1554, #983 ) ;
#1574 = FACE_OUTER_BOUND ( 'NONE', #1117, .T. ) ;
#1575 = DIRECTION ( 'NONE',  ( 0.000000000000000000, -1.000000000000000000, 0.000000000000000000 ) ) ;
#1576 =( LENGTH_UNIT ( ) NAMED_UNIT ( * ) SI_UNIT ( .MILLI., .METRE. ) );
#1577 = CARTESIAN_POINT ( 'NONE',  ( 0.5020000000000000018, 0.4399999999999999467, 0.04663216582816034905 ) ) ;
#1578 = EDGE_CURVE ( 'NONE', #784, #552, #1813, .T. ) ;
#1579 = EDGE_CURVE ( 'NONE', #255, #1228, #1672, .T. ) ;
#1580 = ORIENTED_EDGE ( 'NONE', *, *, #141, .F. ) ;
#1581 =( LENGTH_UNIT ( ) NAMED_UNIT ( * ) SI_UNIT ( .MILLI., .METRE. ) );
#1582 = CARTESIAN_POINT ( 'NONE',  ( 0.5020000000000000018, 0.4599999999999999645, 0.04663216582816034905 ) ) ;
#1583 = DIRECTION ( 'NONE',  ( -1.000000000000000000, 0.000000000000000000, 0.000000000000000000 ) ) ;
#1584 = FACE_OUTER_BOUND ( 'NONE', #1331, .T. ) ;
#1585 = AXIS2_PLACEMENT_3D ( 'NONE', #803, #1072, #1661 ) ;
#1586 = ADVANCED_FACE ( 'NONE', ( #193 ), #774, .T. ) ;
#1587 = VECTOR ( 'NONE', #812, 1000.000000000000000 ) ;
#1588 = VERTEX_POINT ( 'NONE', #992 ) ;
#1589 = DIRECTION ( 'NONE',  ( 1.000000000000000000, -0.000000000000000000, -0.000000000000000000 ) ) ;
#1590 = EDGE_CURVE ( 'NONE', #267, #1374, #1265, .T. ) ;
#1591 = CARTESIAN_POINT ( 'NONE',  ( -0.5000000000000001110, 0.4399999999999999467, -0.05336783417183965650 ) ) ;
#1592 = UNCERTAINTY_MEASURE_WITH_UNIT (LENGTH_MEASURE( 1.000000000000000082E-05 ), #1576, 'distance_accuracy_value', 'NONE');
#1593 = VECTOR ( 'NONE', #1366, 1000.000000000000000 ) ;
#1594 = FACE_OUTER_BOUND ( 'NONE', #663, .T. ) ;
#1595 = FACE_OUTER_BOUND ( 'NONE', #1309, .T. ) ;
#1596 = ORIENTED_EDGE ( 'NONE', *, *, #950, .T. ) ;
#1597 = VECTOR ( 'NONE', #796, 1000.000000000000000 ) ;
#1598 = STYLED_ITEM ( 'NONE', ( #428 ), #165 ) ;
#1599 = PLANE ( 'NONE',  #1141 ) ;
#1600 = COLOUR_RGB ( '',0.1098039215686274495, 0.1098039215686274495, 0.1098039215686274495 ) ;
#1601 = ORIENTED_EDGE ( 'NONE', *, *, #687, .F. ) ;
#1602 = CARTESIAN_POINT ( 'NONE',  ( -0.2681870759029365003, 0.4299999999999998268, -0.3019999999999998241 ) ) ;
#1603 = FILL_AREA_STYLE ('',( #126 ) ) ;
#1604 = ORIENTED_EDGE ( 'NONE', *, *, #1854, .F. ) ;
#1605 =( LENGTH_UNIT ( ) NAMED_UNIT ( * ) SI_UNIT ( .MILLI., .METRE. ) );
#1606 = CARTESIAN_POINT ( 'NONE',  ( 0.000000000000000000, 0.000000000000000000, 0.000000000000000000 ) ) ;
#1607 = FILL_AREA_STYLE_COLOUR ( '', #1600 ) ;
#1608 = ORIENTED_EDGE ( 'NONE', *, *, #1778, .T. ) ;
#1609 = CARTESIAN_POINT ( 'NONE',  ( -0.2000000000000002331, 0.5000000000000000000, 0.2500000000000000000 ) ) ;
#1610 = CARTESIAN_POINT ( 'NONE',  ( 0.2000000000000000111, 0.5000000000000000000, 0.2500000000000000000 ) ) ;
#1611 = VERTEX_POINT ( 'NONE', #256 ) ;
#1612 = EDGE_CURVE ( 'NONE', #323, #371, #1286, .T. ) ;
#1613 = CARTESIAN_POINT ( 'NONE',  ( 0.000000000000000000, 0.000000000000000000, -0.3019999999999998241 ) ) ;
#1614 = VERTEX_POINT ( 'NONE', #674 ) ;
#1615 = EDGE_CURVE ( 'NONE', #1166, #1505, #1533, .T. ) ;
#1616 = ORIENTED_EDGE ( 'NONE', *, *, #1625, .F. ) ;
#1617 = CARTESIAN_POINT ( 'NONE',  ( 0.4999999999999998890, 0.4599999999999999645, -0.05336783417183969813 ) ) ;
#1618 = VECTOR ( 'NONE', #55, 1000.000000000000000 ) ;
#1619 = FILL_AREA_STYLE_COLOUR ( '', #1035 ) ;
#1620 = ORIENTED_EDGE ( 'NONE', *, *, #909, .F. ) ;
#1621 = VECTOR ( 'NONE', #1728, 1000.000000000000000 ) ;
#1622 = VECTOR ( 'NONE', #167, 1000.000000000000000 ) ;
#1623 = AXIS2_PLACEMENT_3D ( 'NONE', #443, #1172, #1780 ) ;
#1624 = LINE ( 'NONE', #1787, #1593 ) ;
#1625 = EDGE_CURVE ( 'NONE', #541, #943, #522, .T. ) ;
#1626 = DIRECTION ( 'NONE',  ( 1.000000000000000000, 0.000000000000000000, -0.000000000000000000 ) ) ;
#1627 = COLOUR_RGB ( '',0.1098039215686274495, 0.1098039215686274495, 0.1098039215686274495 ) ;
#1628 = ORIENTED_EDGE ( 'NONE', *, *, #1886, .T. ) ;
#1629 = CARTESIAN_POINT ( 'NONE',  ( 0.4999999999999998890, 0.4799999999999999822, 0.04663216582816034905 ) ) ;
#1630 = MANIFOLD_SOLID_BREP ( 'Boss-Extrude4', #1876 ) ;
#1631 = AXIS2_PLACEMENT_3D ( 'NONE', #1262, #244, #442 ) ;
#1632 = LINE ( 'NONE', #1896, #121 ) ;
#1633 = EDGE_LOOP ( 'NONE', ( #1711, #1658, #298, #1196 ) ) ;
#1634 = ORIENTED_EDGE ( 'NONE', *, *, #6, .T. ) ;
#1635 = DIRECTION ( 'NONE',  ( 0.000000000000000000, 0.000000000000000000, -1.000000000000000000 ) ) ;
#1636 = ORIENTED_EDGE ( 'NONE', *, *, #296, .T. ) ;
#1637 = CARTESIAN_POINT ( 'NONE',  ( 0.3681870759029362561, 0.4799999999999999822, -0.2999999999999998224 ) ) ;
#1638 = DIRECTION ( 'NONE',  ( 1.000000000000000000, 5.421010862427523156E-16, 0.000000000000000000 ) ) ;
#1639 = ORIENTED_EDGE ( 'NONE', *, *, #1258, .F. ) ;
#1640 = LINE ( 'NONE', #1537, #1483 ) ;
#1641 = SURFACE_SIDE_STYLE ('',( #1499 ) ) ;
#1642 = SURFACE_SIDE_STYLE ('',( #1201 ) ) ;
#1643 = CARTESIAN_POINT ( 'NONE',  ( -0.5000000000000001110, 0.4299999999999999378, -0.2999999999999998224 ) ) ;
#1644 = EDGE_CURVE ( 'NONE', #182, #1751, #388, .T. ) ;
#1645 = ORIENTED_EDGE ( 'NONE', *, *, #1886, .F. ) ;
#1646 = LINE ( 'NONE', #1792, #837 ) ;
#1647 = CARTESIAN_POINT ( 'NONE',  ( -0.2681870759029365003, 0.4299999999999998268, 0.3020000000000001572 ) ) ;
#1648 = ADVANCED_FACE ( 'NONE', ( #1410 ), #100, .T. ) ;
#1649 = VERTEX_POINT ( 'NONE', #1131 ) ;
#1650 = UNCERTAINTY_MEASURE_WITH_UNIT (LENGTH_MEASURE( 1.000000000000000082E-05 ), #1453, 'distance_accuracy_value', 'NONE');
#1651 = PRESENTATION_LAYER_ASSIGNMENT (  '', '', ( #1408 ) ) ;
#1652 = AXIS2_PLACEMENT_3D ( 'NONE', #1570, #80, #89 ) ;
#1653 = DIRECTION ( 'NONE',  ( 0.000000000000000000, 0.000000000000000000, -1.000000000000000000 ) ) ;
#1654 = CARTESIAN_POINT ( 'NONE',  ( 0.4500000000000000666, 0.5000000000000000000, 0.2500000000000000000 ) ) ;
#1655 =( LENGTH_UNIT ( ) NAMED_UNIT ( * ) SI_UNIT ( .MILLI., .METRE. ) );
#1656 = LINE ( 'NONE', #1211, #743 ) ;
#1657 = DIRECTION ( 'NONE',  ( 0.000000000000000000, 0.000000000000000000, 1.000000000000000000 ) ) ;
#1658 = ORIENTED_EDGE ( 'NONE', *, *, #52, .F. ) ;
#1659 = DIRECTION ( 'NONE',  ( 0.000000000000000000, 0.000000000000000000, 1.000000000000000000 ) ) ;
#1660 = MECHANICAL_DESIGN_GEOMETRIC_PRESENTATION_REPRESENTATION (  '', ( #185 ), #1353 ) ;
#1661 = DIRECTION ( 'NONE',  ( 0.000000000000000000, 0.000000000000000000, 1.000000000000000000 ) ) ;
#1662 = MECHANICAL_DESIGN_GEOMETRIC_PRESENTATION_REPRESENTATION (  '', ( #1439 ), #862 ) ;
#1663 = VERTEX_POINT ( 'NONE', #408 ) ;
#1664 = ORIENTED_EDGE ( 'NONE', *, *, #825, .F. ) ;
#1665 = AXIS2_PLACEMENT_3D ( 'NONE', #123, #98, #1005 ) ;
#1666 = EDGE_CURVE ( 'NONE', #791, #142, #1656, .T. ) ;
#1667 = EDGE_CURVE ( 'NONE', #128, #1885, #964, .T. ) ;
#1668 = CARTESIAN_POINT ( 'NONE',  ( -0.4500000000000001221, 0.4799999999999999822, -0.2500000000000000000 ) ) ;
#1669 = DIRECTION ( 'NONE',  ( 0.000000000000000000, 0.000000000000000000, -1.000000000000000000 ) ) ;
#1670 = ORIENTED_EDGE ( 'NONE', *, *, #1666, .T. ) ;
#1671 = LINE ( 'NONE', #1827, #152 ) ;
#1672 = LINE ( 'NONE', #1214, #1558 ) ;
#1673 = EDGE_LOOP ( 'NONE', ( #18, #952, #1473, #246 ) ) ;
#1674 = DIRECTION ( 'NONE',  ( 0.000000000000000000, 0.000000000000000000, -1.000000000000000000 ) ) ;
#1675 = FILL_AREA_STYLE ('',( #1087 ) ) ;
#1676 = EDGE_CURVE ( 'NONE', #552, #1478, #637, .T. ) ;
#1677 = FACE_OUTER_BOUND ( 'NONE', #584, .T. ) ;
#1678 = EDGE_CURVE ( 'NONE', #854, #570, #1392, .T. ) ;
#1679 = DIRECTION ( 'NONE',  ( -1.000000000000000000, -0.000000000000000000, -0.000000000000000000 ) ) ;
#1680 = ORIENTED_EDGE ( 'NONE', *, *, #1501, .F. ) ;
#1681 = LINE ( 'NONE', #489, #1012 ) ;
#1682 = DIRECTION ( 'NONE',  ( 2.710505431213761085E-16, -0.000000000000000000, 1.000000000000000000 ) ) ;
#1683 = ORIENTED_EDGE ( 'NONE', *, *, #666, .T. ) ;
#1684 = CARTESIAN_POINT ( 'NONE',  ( -0.4700000000000001399, 0.4799999999999999822, -0.2699999999999999067 ) ) ;
#1685 = DIRECTION ( 'NONE',  ( 1.000000000000000000, 0.000000000000000000, -0.000000000000000000 ) ) ;
#1686 = ORIENTED_EDGE ( 'NONE', *, *, #1528, .F. ) ;
#1687 = VECTOR ( 'NONE', #1437, 1000.000000000000000 ) ;
#1688 = DIRECTION ( 'NONE',  ( 0.000000000000000000, -1.000000000000000000, 0.000000000000000000 ) ) ;
#1689 = PRESENTATION_STYLE_ASSIGNMENT (( #1098 ) ) ;
#1690 = MECHANICAL_DESIGN_GEOMETRIC_PRESENTATION_REPRESENTATION (  '', ( #616 ), #954 ) ;
#1691 = LINE ( 'NONE', #476, #1068 ) ;
#1692 = ORIENTED_EDGE ( 'NONE', *, *, #856, .T. ) ;
#1693 =( NAMED_UNIT ( * ) PLANE_ANGLE_UNIT ( ) SI_UNIT ( $, .RADIAN. ) );
#1694 = ORIENTED_EDGE ( 'NONE', *, *, #1863, .F. ) ;
#1695 = CARTESIAN_POINT ( 'NONE',  ( -0.2681870759029365003, 0.4299999999999998268, 0.3000000000000000999 ) ) ;
#1696 = PLANE ( 'NONE',  #1868 ) ;
#1697 = VECTOR ( 'NONE', #406, 1000.000000000000000 ) ;
#1698 = FILL_AREA_STYLE_COLOUR ( '', #1013 ) ;
#1699 = SURFACE_SIDE_STYLE ('',( #1273 ) ) ;
#1700 = DIRECTION ( 'NONE',  ( -0.000000000000000000, -1.000000000000000000, -0.000000000000000000 ) ) ;
#1701 = ORIENTED_EDGE ( 'NONE', *, *, #1435, .T. ) ;
#1702 = EDGE_CURVE ( 'NONE', #1751, #194, #628, .T. ) ;
#1703 = ORIENTED_EDGE ( 'NONE', *, *, #542, .F. ) ;
#1704 = LINE ( 'NONE', #684, #1564 ) ;
#1705 = EDGE_CURVE ( 'NONE', #667, #1142, #510, .T. ) ;
#1706 = SURFACE_STYLE_USAGE ( .BOTH. , #1561 ) ;
#1707 = DIRECTION ( 'NONE',  ( 0.000000000000000000, -1.000000000000000000, 0.000000000000000000 ) ) ;
#1708 = CARTESIAN_POINT ( 'NONE',  ( 0.1999999999999998723, 0.4799999999999999822, -0.2500000000000000000 ) ) ;
#1709 = CARTESIAN_POINT ( 'NONE',  ( -0.4700000000000001399, 0.4799999999999999822, 0.2700000000000000733 ) ) ;
#1710 = DIRECTION ( 'NONE',  ( 0.000000000000000000, 0.000000000000000000, 1.000000000000000000 ) ) ;
#1711 = ORIENTED_EDGE ( 'NONE', *, *, #729, .F. ) ;
#1712 = DIRECTION ( 'NONE',  ( 0.000000000000000000, -1.000000000000000000, 0.000000000000000000 ) ) ;
#1713 = EDGE_CURVE ( 'NONE', #1763, #1861, #915, .T. ) ;
#1714 = ORIENTED_EDGE ( 'NONE', *, *, #1135, .T. ) ;
#1715 = DIRECTION ( 'NONE',  ( 1.000000000000000000, -0.000000000000000000, 0.000000000000000000 ) ) ;
#1716 = EDGE_CURVE ( 'NONE', #1166, #255, #939, .T. ) ;
#1717 = CARTESIAN_POINT ( 'NONE',  ( -0.3681870759029365336, 0.4299999999999997713, 0.3020000000000001572 ) ) ;
#1718 = LINE ( 'NONE', #998, #1044 ) ;
#1719 = VECTOR ( 'NONE', #1194, 1000.000000000000000 ) ;
#1720 = PLANE ( 'NONE',  #287 ) ;
#1721 = VERTEX_POINT ( 'NONE', #1240 ) ;
#1722 = FACE_BOUND ( 'NONE', #813, .T. ) ;
#1723 = VECTOR ( 'NONE', #969, 1000.000000000000000 ) ;
#1724 = EDGE_CURVE ( 'NONE', #1151, #1421, #199, .T. ) ;
#1725 = DIRECTION ( 'NONE',  ( 0.000000000000000000, 0.000000000000000000, -1.000000000000000000 ) ) ;
#1726 = VECTOR ( 'NONE', #963, 1000.000000000000000 ) ;
#1727 = DIRECTION ( 'NONE',  ( 2.710505431213761085E-16, 0.000000000000000000, -1.000000000000000000 ) ) ;
#1728 = DIRECTION ( 'NONE',  ( -0.000000000000000000, -1.000000000000000000, -0.000000000000000000 ) ) ;
#1729 = VECTOR ( 'NONE', #794, 1000.000000000000000 ) ;
#1730 = DIRECTION ( 'NONE',  ( 0.000000000000000000, 0.000000000000000000, -1.000000000000000000 ) ) ;
#1731 = ORIENTED_EDGE ( 'NONE', *, *, #1174, .T. ) ;
#1732 = FILL_AREA_STYLE_COLOUR ( '', #1260 ) ;
#1733 = CARTESIAN_POINT ( 'NONE',  ( -0.2000000000000000944, 0.4799999999999999822, -0.2500000000000000000 ) ) ;
#1734 = CARTESIAN_POINT ( 'NONE',  ( -0.4700000000000001399, 0.000000000000000000, -0.2999999999999997669 ) ) ;
#1735 = DIRECTION ( 'NONE',  ( 0.000000000000000000, 0.000000000000000000, -1.000000000000000000 ) ) ;
#1736 = ADVANCED_FACE ( 'NONE', ( #1808 ), #788, .T. ) ;
#1737 = ORIENTED_EDGE ( 'NONE', *, *, #872, .T. ) ;
#1738 = LINE ( 'NONE', #1008, #253 ) ;
#1739 = SURFACE_SIDE_STYLE ('',( #1149 ) ) ;
#1740 = DIRECTION ( 'NONE',  ( -0.000000000000000000, -1.000000000000000000, -0.000000000000000000 ) ) ;
#1741 = ORIENTED_EDGE ( 'NONE', *, *, #687, .T. ) ;
#1742 = DIRECTION ( 'NONE',  ( 0.000000000000000000, 1.000000000000000000, 0.000000000000000000 ) ) ;
#1743 =( GEOMETRIC_REPRESENTATION_CONTEXT ( 3 ) GLOBAL_UNCERTAINTY_ASSIGNED_CONTEXT ( ( #921 ) ) GLOBAL_UNIT_ASSIGNED_CONTEXT ( ( #1002, #1413, #698 ) ) REPRESENTATION_CONTEXT ( 'NONE', 'WORKASPACE' ) );
#1744 = ADVANCED_FACE ( 'NONE', ( #1832 ), #1091, .F. ) ;
#1745 = VECTOR ( 'NONE', #519, 1000.000000000000000 ) ;
#1746 = ORIENTED_EDGE ( 'NONE', *, *, #847, .F. ) ;
#1747 = FACE_BOUND ( 'NONE', #960, .T. ) ;
#1748 = DIRECTION ( 'NONE',  ( 0.000000000000000000, -1.000000000000000000, 0.000000000000000000 ) ) ;
#1749 = FILL_AREA_STYLE_COLOUR ( '', #1197 ) ;
#1750 = SURFACE_STYLE_USAGE ( .BOTH. , #1150 ) ;
#1751 = VERTEX_POINT ( 'NONE', #377 ) ;
#1752 = COLOUR_RGB ( '',0.1098039215686274495, 0.1098039215686274495, 0.1098039215686274495 ) ;
#1753 = LINE ( 'NONE', #1030, #190 ) ;
#1754 = EDGE_CURVE ( 'NONE', #828, #503, #1691, .T. ) ;
#1755 = ORIENTED_EDGE ( 'NONE', *, *, #453, .T. ) ;
#1756 = CARTESIAN_POINT ( 'NONE',  ( -0.4700000000000001399, 0.000000000000000000, -0.2699999999999998512 ) ) ;
#1757 = DIRECTION ( 'NONE',  ( -0.000000000000000000, -0.000000000000000000, -1.000000000000000000 ) ) ;
#1758 = EDGE_CURVE ( 'NONE', #1040, #1614, #401, .T. ) ;
#1759 = ORIENTED_EDGE ( 'NONE', *, *, #1678, .F. ) ;
#1760 = EDGE_CURVE ( 'NONE', #552, #901, #1367, .T. ) ;
#1761 = EDGE_LOOP ( 'NONE', ( #1251, #1306, #133 ) ) ;
#1762 = DIRECTION ( 'NONE',  ( 3.252606517456513795E-16, 0.000000000000000000, 1.000000000000000000 ) ) ;
#1763 = VERTEX_POINT ( 'NONE', #51 ) ;
#1764 = CARTESIAN_POINT ( 'NONE',  ( -0.4700000000000001399, 0.02999999999999999889, -0.2699999999999998512 ) ) ;
#1765 = CARTESIAN_POINT ( 'NONE',  ( -0.3681870759029365336, 0.4299999999999997713, 0.3020000000000001572 ) ) ;
#1766 = EDGE_LOOP ( 'NONE', ( #166, #972, #804, #1703 ) ) ;
#1767 = ADVANCED_FACE ( 'NONE', ( #647 ), #1489, .T. ) ;
#1768 =( NAMED_UNIT ( * ) PLANE_ANGLE_UNIT ( ) SI_UNIT ( $, .RADIAN. ) );
#1769 = ORIENTED_EDGE ( 'NONE', *, *, #1667, .F. ) ;
#1770 = PLANE ( 'NONE',  #986 ) ;
#1771 = CARTESIAN_POINT ( 'NONE',  ( 0.4500000000000000666, 0.4799999999999999822, 0.2500000000000000000 ) ) ;
#1772 = ORIENTED_EDGE ( 'NONE', *, *, #824, .F. ) ;
#1773 = EDGE_CURVE ( 'NONE', #1798, #640, #1515, .T. ) ;
#1774 = CARTESIAN_POINT ( 'NONE',  ( -0.3681870759029365336, 0.4299999999999997713, 0.3020000000000001572 ) ) ;
#1775 = SHAPE_DEFINITION_REPRESENTATION ( #1292, #198 ) ;
#1776 = CARTESIAN_POINT ( 'NONE',  ( -0.2000000000000002331, 0.5000000000000000000, 0.2500000000000000000 ) ) ;
#1777 = VECTOR ( 'NONE', #1412, 1000.000000000000000 ) ;
#1778 = EDGE_CURVE ( 'NONE', #320, #767, #798, .T. ) ;
#1779 = EDGE_LOOP ( 'NONE', ( #1596, #1349, #882, #1887 ) ) ;
#1780 = DIRECTION ( 'NONE',  ( 0.000000000000000000, 0.000000000000000000, 1.000000000000000000 ) ) ;
#1781 = CARTESIAN_POINT ( 'NONE',  ( -0.5000000000000001110, 0.4799999999999999822, 0.04663216582816034905 ) ) ;
#1782 = ORIENTED_EDGE ( 'NONE', *, *, #252, .F. ) ;
#1783 = UNCERTAINTY_MEASURE_WITH_UNIT (LENGTH_MEASURE( 1.000000000000000082E-05 ), #1222, 'distance_accuracy_value', 'NONE');
#1784 = CARTESIAN_POINT ( 'NONE',  ( 0.4699999999999999178, 0.4799999999999999822, -0.2999999999999998224 ) ) ;
#1785 = VERTEX_POINT ( 'NONE', #188 ) ;
#1786 = EDGE_CURVE ( 'NONE', #359, #1295, #780, .T. ) ;
#1787 = CARTESIAN_POINT ( 'NONE',  ( -0.2681870759029365003, 0.4599999999999998535, 0.3020000000000001572 ) ) ;
#1788 = LINE ( 'NONE', #77, #155 ) ;
#1789 = CARTESIAN_POINT ( 'NONE',  ( 0.4499999999999999001, 0.5000000000000000000, -0.2500000000000000000 ) ) ;
#1790 = ADVANCED_FACE ( 'NONE', ( #1851 ), #691, .T. ) ;
#1791 = ORIENTED_EDGE ( 'NONE', *, *, #623, .F. ) ;
#1792 = CARTESIAN_POINT ( 'NONE',  ( -0.2681870759029365003, 0.4299999999999998268, 0.3020000000000001572 ) ) ;
#1793 = DIRECTION ( 'NONE',  ( 0.000000000000000000, 0.000000000000000000, -1.000000000000000000 ) ) ;
#1794 = ORIENTED_EDGE ( 'NONE', *, *, #319, .F. ) ;
#1795 = CARTESIAN_POINT ( 'NONE',  ( -0.2681870759029365003, 0.4299999999999998268, -0.2999999999999998224 ) ) ;
#1796 = FACE_OUTER_BOUND ( 'NONE', #79, .T. ) ;
#1797 = CARTESIAN_POINT ( 'NONE',  ( -0.2681870759029365003, 0.4299999999999998268, 0.3020000000000001572 ) ) ;
#1798 = VERTEX_POINT ( 'NONE', #1402 ) ;
#1799 = CARTESIAN_POINT ( 'NONE',  ( 0.4699999999999999178, 0.000000000000000000, 0.3000000000000000999 ) ) ;
#1800 = EDGE_CURVE ( 'NONE', #1455, #869, #1004, .T. ) ;
#1801 = SURFACE_SIDE_STYLE ('',( #665 ) ) ;
#1802 = EDGE_LOOP ( 'NONE', ( #521, #649, #968, #117 ) ) ;
#1803 = VERTEX_POINT ( 'NONE', #531 ) ;
#1804 = DIRECTION ( 'NONE',  ( -1.000000000000000000, 0.000000000000000000, 0.000000000000000000 ) ) ;
#1805 = VECTOR ( 'NONE', #66, 1000.000000000000000 ) ;
#1806 = FACE_OUTER_BOUND ( 'NONE', #1114, .T. ) ;
#1807 = CARTESIAN_POINT ( 'NONE',  ( 0.3681870759029363116, 0.4299999999999999378, 0.3000000000000000999 ) ) ;
#1808 = FACE_OUTER_BOUND ( 'NONE', #288, .T. ) ;
#1809 = ORIENTED_EDGE ( 'NONE', *, *, #1495, .T. ) ;
#1810 = CARTESIAN_POINT ( 'NONE',  ( -0.5000000000000001110, 0.4799999999999999822, 0.2700000000000000733 ) ) ;
#1811 = AXIS2_PLACEMENT_3D ( 'NONE', #21, #646, #1635 ) ;
#1812 = COLOUR_RGB ( '',0.1098039215686274495, 0.1098039215686274495, 0.1098039215686274495 ) ;
#1813 = LINE ( 'NONE', #1781, #881 ) ;
#1814 = EDGE_CURVE ( 'NONE', #943, #1891, #1283, .T. ) ;
#1815 = AXIS2_PLACEMENT_3D ( 'NONE', #1717, #556, #423 ) ;
#1816 = EDGE_LOOP ( 'NONE', ( #311, #1498, #705, #1601 ) ) ;
#1817 = CARTESIAN_POINT ( 'NONE',  ( -0.5000000000000001110, 0.02999999999999997113, -0.2699999999999999067 ) ) ;
#1818 = MECHANICAL_DESIGN_GEOMETRIC_PRESENTATION_REPRESENTATION (  '', ( #465 ), #965 ) ;
#1819 = CARTESIAN_POINT ( 'NONE',  ( -0.4700000000000001399, 0.4799999999999999822, -0.2999999999999998224 ) ) ;
#1820 = EDGE_CURVE ( 'NONE', #67, #395, #980, .T. ) ;
#1821 = DIRECTION ( 'NONE',  ( 0.000000000000000000, -1.000000000000000000, 0.000000000000000000 ) ) ;
#1822 = APPLICATION_CONTEXT ( 'automotive_design' ) ;
#1823 = LINE ( 'NONE', #242, #1534 ) ;
#1824 = PRESENTATION_STYLE_ASSIGNMENT (( #1488 ) ) ;
#1825 = DIRECTION ( 'NONE',  ( 0.000000000000000000, -9.035018104045878829E-16, -1.000000000000000000 ) ) ;
#1826 = ORIENTED_EDGE ( 'NONE', *, *, #1754, .F. ) ;
#1827 = CARTESIAN_POINT ( 'NONE',  ( 0.4999999999999998890, 0.4799999999999999822, 0.2700000000000000733 ) ) ;
#1828 = ORIENTED_EDGE ( 'NONE', *, *, #725, .T. ) ;
#1829 = FILL_AREA_STYLE_COLOUR ( '', #1812 ) ;
#1830 = DIRECTION ( 'NONE',  ( -1.000000000000000000, -5.421010862427523156E-16, 0.000000000000000000 ) ) ;
#1831 = CARTESIAN_POINT ( 'NONE',  ( -0.2000000000000000944, 0.5000000000000000000, -0.2500000000000000000 ) ) ;
#1832 = FACE_OUTER_BOUND ( 'NONE', #331, .T. ) ;
#1833 = ORIENTED_EDGE ( 'NONE', *, *, #872, .F. ) ;
#1834 = ORIENTED_EDGE ( 'NONE', *, *, #118, .F. ) ;
#1835 = DIRECTION ( 'NONE',  ( -0.000000000000000000, 1.000000000000000000, -0.000000000000000000 ) ) ;
#1836 = VECTOR ( 'NONE', #632, 1000.000000000000000 ) ;
#1837 = EDGE_CURVE ( 'NONE', #110, #235, #1417, .T. ) ;
#1838 = LINE ( 'NONE', #938, #1597 ) ;
#1839 = SURFACE_SIDE_STYLE ('',( #1257 ) ) ;
#1840 = CARTESIAN_POINT ( 'NONE',  ( 0.5020000000000000018, 0.4399999999999999467, 0.04663216582816034905 ) ) ;
#1841 = FACE_OUTER_BOUND ( 'NONE', #675, .T. ) ;
#1842 = ORIENTED_EDGE ( 'NONE', *, *, #1315, .F. ) ;
#1843 = VECTOR ( 'NONE', #928, 1000.000000000000000 ) ;
#1844 = MECHANICAL_DESIGN_GEOMETRIC_PRESENTATION_REPRESENTATION (  '', ( #692 ), #1875 ) ;
#1845 = ORIENTED_EDGE ( 'NONE', *, *, #1615, .F. ) ;
#1846 = EDGE_LOOP ( 'NONE', ( #203, #57, #1628, #832 ) ) ;
#1847 = VECTOR ( 'NONE', #1583, 1000.000000000000000 ) ;
#1848 = VECTOR ( 'NONE', #1293, 1000.000000000000000 ) ;
#1849 =( NAMED_UNIT ( * ) PLANE_ANGLE_UNIT ( ) SI_UNIT ( $, .RADIAN. ) );
#1850 = DIRECTION ( 'NONE',  ( 1.807003620809174188E-15, 1.000000000000000000, 0.000000000000000000 ) ) ;
#1851 = FACE_OUTER_BOUND ( 'NONE', #1225, .T. ) ;
#1852 = PLANE ( 'NONE',  #1665 ) ;
#1853 = ORIENTED_EDGE ( 'NONE', *, *, #507, .T. ) ;
#1854 = EDGE_CURVE ( 'NONE', #956, #1798, #107, .T. ) ;
#1855 =( LENGTH_UNIT ( ) NAMED_UNIT ( * ) SI_UNIT ( .MILLI., .METRE. ) );
#1856 = EDGE_LOOP ( 'NONE', ( #130, #1070, #1171, #214 ) ) ;
#1857 = DIRECTION ( 'NONE',  ( 0.000000000000000000, -1.000000000000000000, 0.000000000000000000 ) ) ;
#1858 = LINE ( 'NONE', #1121, #1046 ) ;
#1859 = CARTESIAN_POINT ( 'NONE',  ( -0.2000000000000002331, 0.5000000000000000000, 0.2500000000000000000 ) ) ;
#1860 = DIRECTION ( 'NONE',  ( 0.000000000000000000, 0.000000000000000000, -1.000000000000000000 ) ) ;
#1861 = VERTEX_POINT ( 'NONE', #701 ) ;
#1862 = CARTESIAN_POINT ( 'NONE',  ( 0.3681870759029363116, 0.4299999999999999378, 0.3020000000000001572 ) ) ;
#1863 = EDGE_CURVE ( 'NONE', #940, #255, #817, .T. ) ;
#1864 = EDGE_CURVE ( 'NONE', #1215, #1279, #1259, .T. ) ;
#1865 = DIRECTION ( 'NONE',  ( 0.000000000000000000, -1.000000000000000000, 0.000000000000000000 ) ) ;
#1866 = DIRECTION ( 'NONE',  ( 0.000000000000000000, -0.000000000000000000, -1.000000000000000000 ) ) ;
#1867 = FILL_AREA_STYLE ('',( #424 ) ) ;
#1868 = AXIS2_PLACEMENT_3D ( 'NONE', #1548, #1173, #140 ) ;
#1869 = VECTOR ( 'NONE', #1358, 1000.000000000000000 ) ;
#1870 = LINE ( 'NONE', #1859, #1274 ) ;
#1871 = ORIENTED_EDGE ( 'NONE', *, *, #1500, .T. ) ;
#1872 = PRESENTATION_STYLE_ASSIGNMENT (( #732 ) ) ;
#1873 = PRODUCT_DEFINITION ( 'UNKNOWN', '', #586, #151 ) ;
#1874 = CARTESIAN_POINT ( 'NONE',  ( 0.3681870759029363116, 0.4299999999999999378, 0.3020000000000001572 ) ) ;
#1875 =( GEOMETRIC_REPRESENTATION_CONTEXT ( 3 ) GLOBAL_UNCERTAINTY_ASSIGNED_CONTEXT ( ( #580 ) ) GLOBAL_UNIT_ASSIGNED_CONTEXT ( ( #1549, #1849, #1540 ) ) REPRESENTATION_CONTEXT ( 'NONE', 'WORKASPACE' ) );
#1876 = CLOSED_SHELL ( 'NONE', ( #165, #480, #999, #158, #814, #747, #1014, #425, #1426, #746, #1230, #1323, #1744, #418, #353, #355, #479, #1790, #1481, #1189, #568, #517, #576, #1278, #1586, #639, #612, #1036, #591, #613, #162, #1275, #1420, #897, #1648, #1159, #997, #976, #210, #853, #1532, #380, #573, #1327, #315, #1736, #1115, #1023, #237, #518, #134, #737, #885, #848, #1368, #716, #329, #1767 ) ) ;
#1877 = EDGE_CURVE ( 'NONE', #756, #1339, #988, .T. ) ;
#1878 = PRESENTATION_STYLE_ASSIGNMENT (( #1300 ) ) ;
#1879 = FILL_AREA_STYLE ('',( #85 ) ) ;
#1880 = PRESENTATION_LAYER_ASSIGNMENT (  '', '', ( #1304 ) ) ;
#1881 = DIRECTION ( 'NONE',  ( -1.000000000000000000, 0.000000000000000000, 0.000000000000000000 ) ) ;
#1882 = ORIENTED_EDGE ( 'NONE', *, *, #252, .T. ) ;
#1883 = DIRECTION ( 'NONE',  ( 0.000000000000000000, -1.000000000000000000, 0.000000000000000000 ) ) ;
#1884 = DIRECTION ( 'NONE',  ( -2.710505431213761578E-16, 0.000000000000000000, -1.000000000000000000 ) ) ;
#1885 = VERTEX_POINT ( 'NONE', #115 ) ;
#1886 = EDGE_CURVE ( 'NONE', #381, #359, #709, .T. ) ;
#1887 = ORIENTED_EDGE ( 'NONE', *, *, #1713, .T. ) ;
#1888 = CARTESIAN_POINT ( 'NONE',  ( 0.2681870759029363338, 0.4299999999999999378, -0.3019999999999998241 ) ) ;
#1889 = DIRECTION ( 'NONE',  ( -1.000000000000000000, -5.421010862427523156E-16, -0.000000000000000000 ) ) ;
#1890 = PLANE ( 'NONE',  #534 ) ;
#1891 = VERTEX_POINT ( 'NONE', #567 ) ;
#1892 = FACE_OUTER_BOUND ( 'NONE', #1337, .T. ) ;
#1893 = VECTOR ( 'NONE', #642, 1000.000000000000000 ) ;
#1894 = EDGE_LOOP ( 'NONE', ( #682, #422, #617, #1772 ) ) ;
#1895 = DIRECTION ( 'NONE',  ( 1.000000000000000000, -0.000000000000000000, 0.000000000000000000 ) ) ;
#1896 = CARTESIAN_POINT ( 'NONE',  ( -0.5020000000000001128, 0.4399999999999999467, 0.04663216582816034905 ) ) ;
#1897 = UNCERTAINTY_MEASURE_WITH_UNIT (LENGTH_MEASURE( 1.000000000000000082E-05 ), #1855, 'distance_accuracy_value', 'NONE');
ENDSEC;
END-ISO-10303-21;
