ISO-10303-21;
HEADER;
FILE_DESCRIPTION(('STEP AP242'),'1');
FILE_NAME('epg_0b_307_hln.stp','2024-07-17T12:48:18',('TraceParts'),('TraceParts S.A.'),'Spatial InterOp 3D',' ',' ');
FILE_SCHEMA(('AP242_MANAGED_MODEL_BASED_3D_ENGINEERING_MIM_LF  {1 0 10303 442 1 1 4}'));
ENDSEC;
DATA;
#1=MECHANICAL_DESIGN_GEOMETRIC_PRESENTATION_REPRESENTATION(' ',(#10,#11,#12,#13,#14,#15,#16,#17,#18,#19,#20,#21,#22,#23,#24,#25,#26,#27,#28,#29,#30,#31,#32,#33,#34,#35,#36,#37,#38,#39,#40,#41,#42,#43,#44,#45,#46,#47,#48,#49,#50,#51,#52,#53,#54,#55,#56,#57,#58,#59,#60,#61,#62,#63,#64,#65,#66,#67,#68,#69,#70,#71,#72,#73,#74,#75,#76,#77,#78,#79,#80,#81,#82,#83,#84,#85,#86),#6);
#2=PRODUCT_DEFINITION_CONTEXT('',#87,'design');
#3=APPLICATION_PROTOCOL_DEFINITION('INTERNATIONAL STANDARD','ap242_managed_model_based_3d_engineering',2014,#87);
#4=PRODUCT_CATEGORY_RELATIONSHIP('NONE','NONE',#88,#89);
#5=SHAPE_DEFINITION_REPRESENTATION(#90,#91);
#6= (GEOMETRIC_REPRESENTATION_CONTEXT(3)GLOBAL_UNCERTAINTY_ASSIGNED_CONTEXT((#94))GLOBAL_UNIT_ASSIGNED_CONTEXT((#96,#97,#98))REPRESENTATION_CONTEXT('NONE','WORKSPACE'));
#10=STYLED_ITEM('',(#100),#101);
#11=STYLED_ITEM('',(#102),#103);
#12=STYLED_ITEM('',(#104),#105);
#13=STYLED_ITEM('',(#106),#107);
#14=STYLED_ITEM('',(#108),#109);
#15=STYLED_ITEM('',(#110),#111);
#16=STYLED_ITEM('',(#112),#113);
#17=STYLED_ITEM('',(#114),#115);
#18=STYLED_ITEM('',(#116),#117);
#19=STYLED_ITEM('',(#118),#119);
#20=STYLED_ITEM('',(#120),#121);
#21=STYLED_ITEM('',(#122),#123);
#22=STYLED_ITEM('',(#124),#125);
#23=STYLED_ITEM('',(#126),#127);
#24=STYLED_ITEM('',(#128),#129);
#25=STYLED_ITEM('',(#130),#131);
#26=STYLED_ITEM('',(#132),#133);
#27=STYLED_ITEM('',(#134),#135);
#28=STYLED_ITEM('',(#136),#137);
#29=STYLED_ITEM('',(#138),#139);
#30=STYLED_ITEM('',(#140),#141);
#31=STYLED_ITEM('',(#142),#143);
#32=STYLED_ITEM('',(#144),#145);
#33=STYLED_ITEM('',(#146),#147);
#34=STYLED_ITEM('',(#148),#149);
#35=STYLED_ITEM('',(#150),#151);
#36=STYLED_ITEM('',(#152),#153);
#37=STYLED_ITEM('',(#154),#155);
#38=STYLED_ITEM('',(#156),#157);
#39=STYLED_ITEM('',(#158),#159);
#40=STYLED_ITEM('',(#160),#161);
#41=STYLED_ITEM('',(#162),#163);
#42=STYLED_ITEM('',(#164),#165);
#43=STYLED_ITEM('',(#166),#167);
#44=STYLED_ITEM('',(#168),#169);
#45=STYLED_ITEM('',(#170),#171);
#46=STYLED_ITEM('',(#172),#173);
#47=STYLED_ITEM('',(#174),#175);
#48=STYLED_ITEM('',(#176),#177);
#49=STYLED_ITEM('',(#178),#179);
#50=STYLED_ITEM('',(#180),#181);
#51=STYLED_ITEM('',(#182),#183);
#52=STYLED_ITEM('',(#184),#185);
#53=STYLED_ITEM('',(#186),#187);
#54=STYLED_ITEM('',(#188),#189);
#55=STYLED_ITEM('',(#190),#191);
#56=STYLED_ITEM('',(#192),#193);
#57=STYLED_ITEM('',(#194),#195);
#58=STYLED_ITEM('',(#196),#197);
#59=STYLED_ITEM('',(#198),#199);
#60=STYLED_ITEM('',(#200),#201);
#61=STYLED_ITEM('',(#202),#203);
#62=STYLED_ITEM('',(#204),#205);
#63=STYLED_ITEM('',(#206),#207);
#64=STYLED_ITEM('',(#208),#209);
#65=STYLED_ITEM('',(#210),#211);
#66=STYLED_ITEM('',(#212),#213);
#67=STYLED_ITEM('',(#214),#215);
#68=STYLED_ITEM('',(#216),#217);
#69=STYLED_ITEM('',(#218),#219);
#70=STYLED_ITEM('',(#220),#221);
#71=STYLED_ITEM('',(#222),#223);
#72=STYLED_ITEM('',(#224),#225);
#73=STYLED_ITEM('',(#226),#227);
#74=STYLED_ITEM('',(#228),#229);
#75=STYLED_ITEM('',(#230),#231);
#76=STYLED_ITEM('',(#232),#233);
#77=STYLED_ITEM('',(#234),#235);
#78=STYLED_ITEM('',(#236),#237);
#79=STYLED_ITEM('',(#238),#239);
#80=STYLED_ITEM('',(#240),#241);
#81=STYLED_ITEM('',(#242),#243);
#82=STYLED_ITEM('',(#244),#245);
#83=STYLED_ITEM('',(#246),#247);
#84=STYLED_ITEM('',(#248),#249);
#85=STYLED_ITEM('',(#250),#251);
#86=STYLED_ITEM('',(#252),#253);
#87=APPLICATION_CONTEXT('managed model based 3d engineering');
#88=PRODUCT_CATEGORY('part','NONE');
#89=PRODUCT_RELATED_PRODUCT_CATEGORY('detail',' ',(#254));
#90=PRODUCT_DEFINITION_SHAPE('NONE','NONE',#255);
#91=ADVANCED_BREP_SHAPE_REPRESENTATION('epg_0b_307_hln',(#253,#256),#6);
#94=UNCERTAINTY_MEASURE_WITH_UNIT(LENGTH_MEASURE(1.0E-06),#96,'','');
#96= (CONVERSION_BASED_UNIT('MILLIMETRE',#259)LENGTH_UNIT()NAMED_UNIT(#262));
#97= (NAMED_UNIT(#264)PLANE_ANGLE_UNIT()SI_UNIT($,.RADIAN.));
#98= (NAMED_UNIT(#264)SOLID_ANGLE_UNIT()SI_UNIT($,.STERADIAN.));
#100=PRESENTATION_STYLE_ASSIGNMENT((#270));
#101=ADVANCED_FACE('',(#271),#272,.T.);
#102=PRESENTATION_STYLE_ASSIGNMENT((#273));
#103=ADVANCED_FACE('',(#274),#275,.T.);
#104=PRESENTATION_STYLE_ASSIGNMENT((#276));
#105=ADVANCED_FACE('',(#277),#278,.T.);
#106=PRESENTATION_STYLE_ASSIGNMENT((#279));
#107=ADVANCED_FACE('',(#280),#281,.T.);
#108=PRESENTATION_STYLE_ASSIGNMENT((#282));
#109=ADVANCED_FACE('',(#283),#284,.T.);
#110=PRESENTATION_STYLE_ASSIGNMENT((#285));
#111=ADVANCED_FACE('',(#286),#287,.T.);
#112=PRESENTATION_STYLE_ASSIGNMENT((#288));
#113=ADVANCED_FACE('',(#289),#290,.T.);
#114=PRESENTATION_STYLE_ASSIGNMENT((#291));
#115=ADVANCED_FACE('',(#292),#293,.T.);
#116=PRESENTATION_STYLE_ASSIGNMENT((#294));
#117=ADVANCED_FACE('',(#295),#296,.T.);
#118=PRESENTATION_STYLE_ASSIGNMENT((#297));
#119=ADVANCED_FACE('',(#298),#299,.T.);
#120=PRESENTATION_STYLE_ASSIGNMENT((#300));
#121=ADVANCED_FACE('',(#301),#302,.T.);
#122=PRESENTATION_STYLE_ASSIGNMENT((#303));
#123=ADVANCED_FACE('',(#304),#305,.T.);
#124=PRESENTATION_STYLE_ASSIGNMENT((#306));
#125=ADVANCED_FACE('',(#307),#308,.T.);
#126=PRESENTATION_STYLE_ASSIGNMENT((#309));
#127=ADVANCED_FACE('',(#310),#311,.T.);
#128=PRESENTATION_STYLE_ASSIGNMENT((#312));
#129=ADVANCED_FACE('',(#313),#314,.T.);
#130=PRESENTATION_STYLE_ASSIGNMENT((#315));
#131=ADVANCED_FACE('',(#316),#317,.T.);
#132=PRESENTATION_STYLE_ASSIGNMENT((#318));
#133=ADVANCED_FACE('',(#319),#320,.T.);
#134=PRESENTATION_STYLE_ASSIGNMENT((#321));
#135=ADVANCED_FACE('',(#322),#323,.T.);
#136=PRESENTATION_STYLE_ASSIGNMENT((#324));
#137=ADVANCED_FACE('',(#325),#326,.T.);
#138=PRESENTATION_STYLE_ASSIGNMENT((#327));
#139=ADVANCED_FACE('',(#328),#329,.T.);
#140=PRESENTATION_STYLE_ASSIGNMENT((#330));
#141=ADVANCED_FACE('',(#331),#332,.T.);
#142=PRESENTATION_STYLE_ASSIGNMENT((#333));
#143=ADVANCED_FACE('',(#334),#335,.T.);
#144=PRESENTATION_STYLE_ASSIGNMENT((#336));
#145=ADVANCED_FACE('',(#337),#338,.T.);
#146=PRESENTATION_STYLE_ASSIGNMENT((#339));
#147=ADVANCED_FACE('',(#340),#341,.T.);
#148=PRESENTATION_STYLE_ASSIGNMENT((#342));
#149=ADVANCED_FACE('',(#343),#344,.T.);
#150=PRESENTATION_STYLE_ASSIGNMENT((#345));
#151=ADVANCED_FACE('',(#346),#347,.T.);
#152=PRESENTATION_STYLE_ASSIGNMENT((#348));
#153=ADVANCED_FACE('',(#349),#350,.T.);
#154=PRESENTATION_STYLE_ASSIGNMENT((#351));
#155=ADVANCED_FACE('',(#352),#353,.T.);
#156=PRESENTATION_STYLE_ASSIGNMENT((#354));
#157=ADVANCED_FACE('',(#355),#356,.T.);
#158=PRESENTATION_STYLE_ASSIGNMENT((#357));
#159=ADVANCED_FACE('',(#358,#359),#360,.T.);
#160=PRESENTATION_STYLE_ASSIGNMENT((#361));
#161=ADVANCED_FACE('',(#362),#363,.T.);
#162=PRESENTATION_STYLE_ASSIGNMENT((#364));
#163=ADVANCED_FACE('',(#365),#366,.T.);
#164=PRESENTATION_STYLE_ASSIGNMENT((#367));
#165=ADVANCED_FACE('',(#368),#369,.F.);
#166=PRESENTATION_STYLE_ASSIGNMENT((#370));
#167=ADVANCED_FACE('',(#371),#372,.T.);
#168=PRESENTATION_STYLE_ASSIGNMENT((#373));
#169=ADVANCED_FACE('',(#374,#375,#376,#377,#378,#379,#380,#381,#382,#383,#384,#385),#386,.T.);
#170=PRESENTATION_STYLE_ASSIGNMENT((#387));
#171=ADVANCED_FACE('',(#388),#389,.T.);
#172=PRESENTATION_STYLE_ASSIGNMENT((#390));
#173=ADVANCED_FACE('',(#391),#392,.T.);
#174=PRESENTATION_STYLE_ASSIGNMENT((#393));
#175=ADVANCED_FACE('',(#394),#395,.T.);
#176=PRESENTATION_STYLE_ASSIGNMENT((#396));
#177=ADVANCED_FACE('',(#397),#398,.T.);
#178=PRESENTATION_STYLE_ASSIGNMENT((#399));
#179=ADVANCED_FACE('',(#400),#401,.T.);
#180=PRESENTATION_STYLE_ASSIGNMENT((#402));
#181=ADVANCED_FACE('',(#403),#404,.T.);
#182=PRESENTATION_STYLE_ASSIGNMENT((#405));
#183=ADVANCED_FACE('',(#406),#407,.T.);
#184=PRESENTATION_STYLE_ASSIGNMENT((#408));
#185=ADVANCED_FACE('',(#409),#410,.T.);
#186=PRESENTATION_STYLE_ASSIGNMENT((#411));
#187=ADVANCED_FACE('',(#412),#413,.T.);
#188=PRESENTATION_STYLE_ASSIGNMENT((#414));
#189=ADVANCED_FACE('',(#415),#416,.T.);
#190=PRESENTATION_STYLE_ASSIGNMENT((#417));
#191=ADVANCED_FACE('',(#418),#419,.T.);
#192=PRESENTATION_STYLE_ASSIGNMENT((#420));
#193=ADVANCED_FACE('',(#421),#422,.T.);
#194=PRESENTATION_STYLE_ASSIGNMENT((#423));
#195=ADVANCED_FACE('',(#424),#425,.T.);
#196=PRESENTATION_STYLE_ASSIGNMENT((#426));
#197=ADVANCED_FACE('',(#427),#428,.T.);
#198=PRESENTATION_STYLE_ASSIGNMENT((#429));
#199=ADVANCED_FACE('',(#430),#431,.T.);
#200=PRESENTATION_STYLE_ASSIGNMENT((#432));
#201=ADVANCED_FACE('',(#433),#434,.T.);
#202=PRESENTATION_STYLE_ASSIGNMENT((#435));
#203=ADVANCED_FACE('',(#436),#437,.T.);
#204=PRESENTATION_STYLE_ASSIGNMENT((#438));
#205=ADVANCED_FACE('',(#439),#440,.T.);
#206=PRESENTATION_STYLE_ASSIGNMENT((#441));
#207=ADVANCED_FACE('',(#442),#443,.T.);
#208=PRESENTATION_STYLE_ASSIGNMENT((#444));
#209=ADVANCED_FACE('',(#445),#446,.T.);
#210=PRESENTATION_STYLE_ASSIGNMENT((#447));
#211=ADVANCED_FACE('',(#448),#449,.T.);
#212=PRESENTATION_STYLE_ASSIGNMENT((#450));
#213=ADVANCED_FACE('',(#451),#452,.T.);
#214=PRESENTATION_STYLE_ASSIGNMENT((#453));
#215=ADVANCED_FACE('',(#454),#455,.T.);
#216=PRESENTATION_STYLE_ASSIGNMENT((#456));
#217=ADVANCED_FACE('',(#457),#458,.T.);
#218=PRESENTATION_STYLE_ASSIGNMENT((#459));
#219=ADVANCED_FACE('',(#460),#461,.T.);
#220=PRESENTATION_STYLE_ASSIGNMENT((#462));
#221=ADVANCED_FACE('',(#463),#464,.T.);
#222=PRESENTATION_STYLE_ASSIGNMENT((#465));
#223=ADVANCED_FACE('',(#466),#467,.T.);
#224=PRESENTATION_STYLE_ASSIGNMENT((#468));
#225=ADVANCED_FACE('',(#469),#470,.T.);
#226=PRESENTATION_STYLE_ASSIGNMENT((#471));
#227=ADVANCED_FACE('',(#472),#473,.T.);
#228=PRESENTATION_STYLE_ASSIGNMENT((#474));
#229=ADVANCED_FACE('',(#475),#476,.T.);
#230=PRESENTATION_STYLE_ASSIGNMENT((#477));
#231=ADVANCED_FACE('',(#478),#479,.T.);
#232=PRESENTATION_STYLE_ASSIGNMENT((#480));
#233=ADVANCED_FACE('',(#481),#482,.T.);
#234=PRESENTATION_STYLE_ASSIGNMENT((#483));
#235=ADVANCED_FACE('',(#484),#485,.T.);
#236=PRESENTATION_STYLE_ASSIGNMENT((#486));
#237=ADVANCED_FACE('',(#487),#488,.T.);
#238=PRESENTATION_STYLE_ASSIGNMENT((#489));
#239=ADVANCED_FACE('',(#490),#491,.T.);
#240=PRESENTATION_STYLE_ASSIGNMENT((#492));
#241=ADVANCED_FACE('',(#493),#494,.T.);
#242=PRESENTATION_STYLE_ASSIGNMENT((#495));
#243=ADVANCED_FACE('',(#496),#497,.T.);
#244=PRESENTATION_STYLE_ASSIGNMENT((#498));
#245=ADVANCED_FACE('',(#499),#500,.T.);
#246=PRESENTATION_STYLE_ASSIGNMENT((#501));
#247=ADVANCED_FACE('',(#502),#503,.T.);
#248=PRESENTATION_STYLE_ASSIGNMENT((#504));
#249=ADVANCED_FACE('',(#505),#506,.T.);
#250=PRESENTATION_STYLE_ASSIGNMENT((#507));
#251=ADVANCED_FACE('',(#508),#509,.T.);
#252=PRESENTATION_STYLE_ASSIGNMENT((#510));
#253=MANIFOLD_SOLID_BREP('epg_0b_307_hln',#511);
#254=PRODUCT('epg_0b_307_hln','','PART--DESC',(#512));
#255=PRODUCT_DEFINITION('','NONE',#513,#2);
#256=AXIS2_PLACEMENT_3D('',#514,#515,#516);
#259=LENGTH_MEASURE_WITH_UNIT(LENGTH_MEASURE(1.0),#517);
#262=DIMENSIONAL_EXPONENTS(1.0,0.0,0.0,0.0,0.0,0.0,0.0);
#264=DIMENSIONAL_EXPONENTS(0.0,0.0,0.0,0.0,0.0,0.0,0.0);
#270=SURFACE_STYLE_USAGE(.BOTH.,#518);
#271=FACE_OUTER_BOUND('',#519,.T.);
#272=CYLINDRICAL_SURFACE('',#520,4.49);
#273=SURFACE_STYLE_USAGE(.BOTH.,#521);
#274=FACE_OUTER_BOUND('',#522,.T.);
#275=CONICAL_SURFACE('',#523,4.37452994616208,0.5235987755983);
#276=SURFACE_STYLE_USAGE(.BOTH.,#524);
#277=FACE_OUTER_BOUND('',#525,.T.);
#278=CONICAL_SURFACE('',#526,0.263397459621556,0.523598775598299);
#279=SURFACE_STYLE_USAGE(.BOTH.,#527);
#280=FACE_OUTER_BOUND('',#528,.T.);
#281=CYLINDRICAL_SURFACE('',#529,0.35);
#282=SURFACE_STYLE_USAGE(.BOTH.,#530);
#283=FACE_OUTER_BOUND('',#531,.T.);
#284=CONICAL_SURFACE('',#532,0.425,0.785398163397446);
#285=SURFACE_STYLE_USAGE(.BOTH.,#533);
#286=FACE_OUTER_BOUND('',#534,.T.);
#287=CONICAL_SURFACE('',#535,0.263397459621556,0.523598775598299);
#288=SURFACE_STYLE_USAGE(.BOTH.,#536);
#289=FACE_OUTER_BOUND('',#537,.T.);
#290=CYLINDRICAL_SURFACE('',#538,0.35);
#291=SURFACE_STYLE_USAGE(.BOTH.,#539);
#292=FACE_OUTER_BOUND('',#540,.T.);
#293=CONICAL_SURFACE('',#541,0.425,0.785398163397446);
#294=SURFACE_STYLE_USAGE(.BOTH.,#542);
#295=FACE_OUTER_BOUND('',#543,.T.);
#296=CONICAL_SURFACE('',#544,0.263397459621556,0.523598775598299);
#297=SURFACE_STYLE_USAGE(.BOTH.,#545);
#298=FACE_OUTER_BOUND('',#546,.T.);
#299=CYLINDRICAL_SURFACE('',#547,0.35);
#300=SURFACE_STYLE_USAGE(.BOTH.,#548);
#301=FACE_OUTER_BOUND('',#549,.T.);
#302=CONICAL_SURFACE('',#550,0.425,0.785398163397446);
#303=SURFACE_STYLE_USAGE(.BOTH.,#551);
#304=FACE_OUTER_BOUND('',#552,.T.);
#305=CONICAL_SURFACE('',#553,0.263397459621556,0.523598775598299);
#306=SURFACE_STYLE_USAGE(.BOTH.,#554);
#307=FACE_OUTER_BOUND('',#555,.T.);
#308=CYLINDRICAL_SURFACE('',#556,0.35);
#309=SURFACE_STYLE_USAGE(.BOTH.,#557);
#310=FACE_OUTER_BOUND('',#558,.T.);
#311=CONICAL_SURFACE('',#559,0.425,0.785398163397446);
#312=SURFACE_STYLE_USAGE(.BOTH.,#560);
#313=FACE_OUTER_BOUND('',#561,.T.);
#314=CONICAL_SURFACE('',#562,0.263397459621556,0.523598775598298);
#315=SURFACE_STYLE_USAGE(.BOTH.,#563);
#316=FACE_OUTER_BOUND('',#564,.T.);
#317=CYLINDRICAL_SURFACE('',#565,0.349999999999999);
#318=SURFACE_STYLE_USAGE(.BOTH.,#566);
#319=FACE_OUTER_BOUND('',#567,.T.);
#320=CONICAL_SURFACE('',#568,0.263397459621556,0.523598775598298);
#321=SURFACE_STYLE_USAGE(.BOTH.,#569);
#322=FACE_OUTER_BOUND('',#570,.T.);
#323=CYLINDRICAL_SURFACE('',#571,0.349999999999999);
#324=SURFACE_STYLE_USAGE(.BOTH.,#572);
#325=FACE_OUTER_BOUND('',#573,.T.);
#326=CONICAL_SURFACE('',#574,0.263397459621556,0.523598775598298);
#327=SURFACE_STYLE_USAGE(.BOTH.,#575);
#328=FACE_OUTER_BOUND('',#576,.T.);
#329=CYLINDRICAL_SURFACE('',#577,0.349999999999999);
#330=SURFACE_STYLE_USAGE(.BOTH.,#578);
#331=FACE_OUTER_BOUND('',#579,.T.);
#332=CONICAL_SURFACE('',#580,0.263397459621556,0.523598775598298);
#333=SURFACE_STYLE_USAGE(.BOTH.,#581);
#334=FACE_OUTER_BOUND('',#582,.T.);
#335=CYLINDRICAL_SURFACE('',#583,0.349999999999999);
#336=SURFACE_STYLE_USAGE(.BOTH.,#584);
#337=FACE_OUTER_BOUND('',#585,.T.);
#338=CONICAL_SURFACE('',#586,0.263397459621555,0.523598775598298);
#339=SURFACE_STYLE_USAGE(.BOTH.,#587);
#340=FACE_OUTER_BOUND('',#588,.T.);
#341=CYLINDRICAL_SURFACE('',#589,0.349999999999999);
#342=SURFACE_STYLE_USAGE(.BOTH.,#590);
#343=FACE_OUTER_BOUND('',#591,.T.);
#344=CONICAL_SURFACE('',#592,0.263397459621555,0.523598775598298);
#345=SURFACE_STYLE_USAGE(.BOTH.,#593);
#346=FACE_OUTER_BOUND('',#594,.T.);
#347=CYLINDRICAL_SURFACE('',#595,0.349999999999999);
#348=SURFACE_STYLE_USAGE(.BOTH.,#596);
#349=FACE_OUTER_BOUND('',#597,.T.);
#350=CONICAL_SURFACE('',#598,0.263397459621556,0.523598775598298);
#351=SURFACE_STYLE_USAGE(.BOTH.,#599);
#352=FACE_OUTER_BOUND('',#600,.T.);
#353=CYLINDRICAL_SURFACE('',#601,0.349999999999999);
#354=SURFACE_STYLE_USAGE(.BOTH.,#602);
#355=FACE_OUTER_BOUND('',#603,.T.);
#356=CYLINDRICAL_SURFACE('',#604,10.0);
#357=SURFACE_STYLE_USAGE(.BOTH.,#605);
#358=FACE_OUTER_BOUND('',#606,.T.);
#359=FACE_BOUND('',#607,.T.);
#360=PLANE('',#608);
#361=SURFACE_STYLE_USAGE(.BOTH.,#609);
#362=FACE_OUTER_BOUND('',#610,.T.);
#363=CYLINDRICAL_SURFACE('',#611,10.0);
#364=SURFACE_STYLE_USAGE(.BOTH.,#612);
#365=FACE_OUTER_BOUND('',#613,.T.);
#366=PLANE('',#614);
#367=SURFACE_STYLE_USAGE(.BOTH.,#615);
#368=FACE_OUTER_BOUND('',#616,.T.);
#369=PLANE('',#617);
#370=SURFACE_STYLE_USAGE(.BOTH.,#618);
#371=FACE_OUTER_BOUND('',#619,.T.);
#372=PLANE('',#620);
#373=SURFACE_STYLE_USAGE(.BOTH.,#621);
#374=FACE_OUTER_BOUND('',#622,.T.);
#375=FACE_BOUND('',#623,.T.);
#376=FACE_BOUND('',#624,.T.);
#377=FACE_BOUND('',#625,.T.);
#378=FACE_BOUND('',#626,.T.);
#379=FACE_BOUND('',#627,.T.);
#380=FACE_BOUND('',#628,.T.);
#381=FACE_BOUND('',#629,.T.);
#382=FACE_BOUND('',#630,.T.);
#383=FACE_BOUND('',#631,.T.);
#384=FACE_BOUND('',#632,.T.);
#385=FACE_BOUND('',#633,.T.);
#386=PLANE('',#634);
#387=SURFACE_STYLE_USAGE(.BOTH.,#635);
#388=FACE_OUTER_BOUND('',#636,.T.);
#389=PLANE('',#637);
#390=SURFACE_STYLE_USAGE(.BOTH.,#638);
#391=FACE_OUTER_BOUND('',#639,.T.);
#392=CYLINDRICAL_SURFACE('',#640,0.349999999999999);
#393=SURFACE_STYLE_USAGE(.BOTH.,#641);
#394=FACE_OUTER_BOUND('',#642,.T.);
#395=CONICAL_SURFACE('',#643,0.263397459621556,0.523598775598298);
#396=SURFACE_STYLE_USAGE(.BOTH.,#644);
#397=FACE_OUTER_BOUND('',#645,.T.);
#398=PLANE('',#646);
#399=SURFACE_STYLE_USAGE(.BOTH.,#647);
#400=FACE_OUTER_BOUND('',#648,.T.);
#401=CYLINDRICAL_SURFACE('',#649,0.349999999999999);
#402=SURFACE_STYLE_USAGE(.BOTH.,#650);
#403=FACE_OUTER_BOUND('',#651,.T.);
#404=CONICAL_SURFACE('',#652,0.263397459621555,0.523598775598298);
#405=SURFACE_STYLE_USAGE(.BOTH.,#653);
#406=FACE_OUTER_BOUND('',#654,.T.);
#407=PLANE('',#655);
#408=SURFACE_STYLE_USAGE(.BOTH.,#656);
#409=FACE_OUTER_BOUND('',#657,.T.);
#410=CYLINDRICAL_SURFACE('',#658,0.349999999999999);
#411=SURFACE_STYLE_USAGE(.BOTH.,#659);
#412=FACE_OUTER_BOUND('',#660,.T.);
#413=CONICAL_SURFACE('',#661,0.263397459621555,0.523598775598298);
#414=SURFACE_STYLE_USAGE(.BOTH.,#662);
#415=FACE_OUTER_BOUND('',#663,.T.);
#416=PLANE('',#664);
#417=SURFACE_STYLE_USAGE(.BOTH.,#665);
#418=FACE_OUTER_BOUND('',#666,.T.);
#419=CYLINDRICAL_SURFACE('',#667,0.349999999999999);
#420=SURFACE_STYLE_USAGE(.BOTH.,#668);
#421=FACE_OUTER_BOUND('',#669,.T.);
#422=CONICAL_SURFACE('',#670,0.263397459621556,0.523598775598298);
#423=SURFACE_STYLE_USAGE(.BOTH.,#671);
#424=FACE_OUTER_BOUND('',#672,.T.);
#425=PLANE('',#673);
#426=SURFACE_STYLE_USAGE(.BOTH.,#674);
#427=FACE_OUTER_BOUND('',#675,.T.);
#428=CYLINDRICAL_SURFACE('',#676,0.349999999999999);
#429=SURFACE_STYLE_USAGE(.BOTH.,#677);
#430=FACE_OUTER_BOUND('',#678,.T.);
#431=CONICAL_SURFACE('',#679,0.263397459621556,0.523598775598298);
#432=SURFACE_STYLE_USAGE(.BOTH.,#680);
#433=FACE_OUTER_BOUND('',#681,.T.);
#434=PLANE('',#682);
#435=SURFACE_STYLE_USAGE(.BOTH.,#683);
#436=FACE_OUTER_BOUND('',#684,.T.);
#437=CYLINDRICAL_SURFACE('',#685,0.349999999999999);
#438=SURFACE_STYLE_USAGE(.BOTH.,#686);
#439=FACE_OUTER_BOUND('',#687,.T.);
#440=CONICAL_SURFACE('',#688,0.263397459621556,0.523598775598298);
#441=SURFACE_STYLE_USAGE(.BOTH.,#689);
#442=FACE_OUTER_BOUND('',#690,.T.);
#443=PLANE('',#691);
#444=SURFACE_STYLE_USAGE(.BOTH.,#692);
#445=FACE_OUTER_BOUND('',#693,.T.);
#446=CYLINDRICAL_SURFACE('',#694,0.349999999999999);
#447=SURFACE_STYLE_USAGE(.BOTH.,#695);
#448=FACE_OUTER_BOUND('',#696,.T.);
#449=CONICAL_SURFACE('',#697,0.263397459621556,0.523598775598298);
#450=SURFACE_STYLE_USAGE(.BOTH.,#698);
#451=FACE_OUTER_BOUND('',#699,.T.);
#452=PLANE('',#700);
#453=SURFACE_STYLE_USAGE(.BOTH.,#701);
#454=FACE_OUTER_BOUND('',#702,.T.);
#455=CONICAL_SURFACE('',#703,0.425,0.785398163397446);
#456=SURFACE_STYLE_USAGE(.BOTH.,#704);
#457=FACE_OUTER_BOUND('',#705,.T.);
#458=CYLINDRICAL_SURFACE('',#706,0.35);
#459=SURFACE_STYLE_USAGE(.BOTH.,#707);
#460=FACE_OUTER_BOUND('',#708,.T.);
#461=CONICAL_SURFACE('',#709,0.263397459621556,0.523598775598299);
#462=SURFACE_STYLE_USAGE(.BOTH.,#710);
#463=FACE_OUTER_BOUND('',#711,.T.);
#464=PLANE('',#712);
#465=SURFACE_STYLE_USAGE(.BOTH.,#713);
#466=FACE_OUTER_BOUND('',#714,.T.);
#467=CONICAL_SURFACE('',#715,0.425,0.785398163397446);
#468=SURFACE_STYLE_USAGE(.BOTH.,#716);
#469=FACE_OUTER_BOUND('',#717,.T.);
#470=CYLINDRICAL_SURFACE('',#718,0.35);
#471=SURFACE_STYLE_USAGE(.BOTH.,#719);
#472=FACE_OUTER_BOUND('',#720,.T.);
#473=CONICAL_SURFACE('',#721,0.263397459621556,0.523598775598299);
#474=SURFACE_STYLE_USAGE(.BOTH.,#722);
#475=FACE_OUTER_BOUND('',#723,.T.);
#476=PLANE('',#724);
#477=SURFACE_STYLE_USAGE(.BOTH.,#725);
#478=FACE_OUTER_BOUND('',#726,.T.);
#479=CONICAL_SURFACE('',#727,0.425,0.785398163397446);
#480=SURFACE_STYLE_USAGE(.BOTH.,#728);
#481=FACE_OUTER_BOUND('',#729,.T.);
#482=CYLINDRICAL_SURFACE('',#730,0.35);
#483=SURFACE_STYLE_USAGE(.BOTH.,#731);
#484=FACE_OUTER_BOUND('',#732,.T.);
#485=CONICAL_SURFACE('',#733,0.263397459621556,0.523598775598299);
#486=SURFACE_STYLE_USAGE(.BOTH.,#734);
#487=FACE_OUTER_BOUND('',#735,.T.);
#488=PLANE('',#736);
#489=SURFACE_STYLE_USAGE(.BOTH.,#737);
#490=FACE_OUTER_BOUND('',#738,.T.);
#491=CONICAL_SURFACE('',#739,0.425,0.785398163397446);
#492=SURFACE_STYLE_USAGE(.BOTH.,#740);
#493=FACE_OUTER_BOUND('',#741,.T.);
#494=CYLINDRICAL_SURFACE('',#742,0.35);
#495=SURFACE_STYLE_USAGE(.BOTH.,#743);
#496=FACE_OUTER_BOUND('',#744,.T.);
#497=CONICAL_SURFACE('',#745,0.263397459621556,0.523598775598299);
#498=SURFACE_STYLE_USAGE(.BOTH.,#746);
#499=FACE_OUTER_BOUND('',#747,.T.);
#500=PLANE('',#748);
#501=SURFACE_STYLE_USAGE(.BOTH.,#749);
#502=FACE_OUTER_BOUND('',#750,.T.);
#503=PLANE('',#751);
#504=SURFACE_STYLE_USAGE(.BOTH.,#752);
#505=FACE_OUTER_BOUND('',#753,.T.);
#506=CONICAL_SURFACE('',#754,4.37452994616208,0.5235987755983);
#507=SURFACE_STYLE_USAGE(.BOTH.,#755);
#508=FACE_OUTER_BOUND('',#756,.T.);
#509=CYLINDRICAL_SURFACE('',#757,4.49);
#510=SURFACE_STYLE_USAGE(.BOTH.,#758);
#511=CLOSED_SHELL('',(#101,#103,#105,#107,#109,#111,#113,#115,#117,#119,#121,#123,#125,#127,#129,#131,#133,#135,#137,#139,#141,#143,#145,#147,#149,#151,#153,#155,#157,#159,#161,#163,#165,#167,#169,#171,#173,#175,#177,#179,#181,#183,#185,#187,#189,#191,#193,#195,#197,#199,#201,#203,#205,#207,#209,#211,#213,#215,#217,#219,#221,#223,#225,#227,#229,#231,#233,#235,#237,#239,#241,#243,#245,#247,#249,#251));
#512=PRODUCT_CONTEXT('',#87,'mechanical');
#513=PRODUCT_DEFINITION_FORMATION_WITH_SPECIFIED_SOURCE(' ','NONE',#254,.NOT_KNOWN.);
#514=CARTESIAN_POINT('',(0.0,0.0,0.0));
#515=DIRECTION('',(0.0,0.0,1.0));
#516=DIRECTION('',(1.0,0.0,0.0));
#517= (NAMED_UNIT(#262)LENGTH_UNIT()SI_UNIT(.MILLI.,.METRE.));
#518=SURFACE_SIDE_STYLE('',(#760));
#519=EDGE_LOOP('',(#761,#762,#763,#764));
#520=AXIS2_PLACEMENT_3D('',#765,#766,#767);
#521=SURFACE_SIDE_STYLE('',(#768));
#522=EDGE_LOOP('',(#769,#770,#771,#772));
#523=AXIS2_PLACEMENT_3D('',#773,#774,#775);
#524=SURFACE_SIDE_STYLE('',(#776));
#525=EDGE_LOOP('',(#777,#778,#779,#780));
#526=AXIS2_PLACEMENT_3D('',#781,#782,#783);
#527=SURFACE_SIDE_STYLE('',(#784));
#528=EDGE_LOOP('',(#785,#786,#787,#788));
#529=AXIS2_PLACEMENT_3D('',#789,#790,#791);
#530=SURFACE_SIDE_STYLE('',(#792));
#531=EDGE_LOOP('',(#793,#794,#795,#796));
#532=AXIS2_PLACEMENT_3D('',#797,#798,#799);
#533=SURFACE_SIDE_STYLE('',(#800));
#534=EDGE_LOOP('',(#801,#802,#803,#804));
#535=AXIS2_PLACEMENT_3D('',#805,#806,#807);
#536=SURFACE_SIDE_STYLE('',(#808));
#537=EDGE_LOOP('',(#809,#810,#811,#812));
#538=AXIS2_PLACEMENT_3D('',#813,#814,#815);
#539=SURFACE_SIDE_STYLE('',(#816));
#540=EDGE_LOOP('',(#817,#818,#819,#820));
#541=AXIS2_PLACEMENT_3D('',#821,#822,#823);
#542=SURFACE_SIDE_STYLE('',(#824));
#543=EDGE_LOOP('',(#825,#826,#827,#828));
#544=AXIS2_PLACEMENT_3D('',#829,#830,#831);
#545=SURFACE_SIDE_STYLE('',(#832));
#546=EDGE_LOOP('',(#833,#834,#835,#836));
#547=AXIS2_PLACEMENT_3D('',#837,#838,#839);
#548=SURFACE_SIDE_STYLE('',(#840));
#549=EDGE_LOOP('',(#841,#842,#843,#844));
#550=AXIS2_PLACEMENT_3D('',#845,#846,#847);
#551=SURFACE_SIDE_STYLE('',(#848));
#552=EDGE_LOOP('',(#849,#850,#851,#852));
#553=AXIS2_PLACEMENT_3D('',#853,#854,#855);
#554=SURFACE_SIDE_STYLE('',(#856));
#555=EDGE_LOOP('',(#857,#858,#859,#860));
#556=AXIS2_PLACEMENT_3D('',#861,#862,#863);
#557=SURFACE_SIDE_STYLE('',(#864));
#558=EDGE_LOOP('',(#865,#866,#867,#868));
#559=AXIS2_PLACEMENT_3D('',#869,#870,#871);
#560=SURFACE_SIDE_STYLE('',(#872));
#561=EDGE_LOOP('',(#873,#874,#875,#876));
#562=AXIS2_PLACEMENT_3D('',#877,#878,#879);
#563=SURFACE_SIDE_STYLE('',(#880));
#564=EDGE_LOOP('',(#881,#882,#883,#884));
#565=AXIS2_PLACEMENT_3D('',#885,#886,#887);
#566=SURFACE_SIDE_STYLE('',(#888));
#567=EDGE_LOOP('',(#889,#890,#891,#892));
#568=AXIS2_PLACEMENT_3D('',#893,#894,#895);
#569=SURFACE_SIDE_STYLE('',(#896));
#570=EDGE_LOOP('',(#897,#898,#899,#900));
#571=AXIS2_PLACEMENT_3D('',#901,#902,#903);
#572=SURFACE_SIDE_STYLE('',(#904));
#573=EDGE_LOOP('',(#905,#906,#907,#908));
#574=AXIS2_PLACEMENT_3D('',#909,#910,#911);
#575=SURFACE_SIDE_STYLE('',(#912));
#576=EDGE_LOOP('',(#913,#914,#915,#916));
#577=AXIS2_PLACEMENT_3D('',#917,#918,#919);
#578=SURFACE_SIDE_STYLE('',(#920));
#579=EDGE_LOOP('',(#921,#922,#923,#924));
#580=AXIS2_PLACEMENT_3D('',#925,#926,#927);
#581=SURFACE_SIDE_STYLE('',(#928));
#582=EDGE_LOOP('',(#929,#930,#931,#932));
#583=AXIS2_PLACEMENT_3D('',#933,#934,#935);
#584=SURFACE_SIDE_STYLE('',(#936));
#585=EDGE_LOOP('',(#937,#938,#939,#940));
#586=AXIS2_PLACEMENT_3D('',#941,#942,#943);
#587=SURFACE_SIDE_STYLE('',(#944));
#588=EDGE_LOOP('',(#945,#946,#947,#948));
#589=AXIS2_PLACEMENT_3D('',#949,#950,#951);
#590=SURFACE_SIDE_STYLE('',(#952));
#591=EDGE_LOOP('',(#953,#954,#955,#956));
#592=AXIS2_PLACEMENT_3D('',#957,#958,#959);
#593=SURFACE_SIDE_STYLE('',(#960));
#594=EDGE_LOOP('',(#961,#962,#963,#964));
#595=AXIS2_PLACEMENT_3D('',#965,#966,#967);
#596=SURFACE_SIDE_STYLE('',(#968));
#597=EDGE_LOOP('',(#969,#970,#971,#972));
#598=AXIS2_PLACEMENT_3D('',#973,#974,#975);
#599=SURFACE_SIDE_STYLE('',(#976));
#600=EDGE_LOOP('',(#977,#978,#979,#980));
#601=AXIS2_PLACEMENT_3D('',#981,#982,#983);
#602=SURFACE_SIDE_STYLE('',(#984));
#603=EDGE_LOOP('',(#985,#986,#987,#988));
#604=AXIS2_PLACEMENT_3D('',#989,#990,#991);
#605=SURFACE_SIDE_STYLE('',(#992));
#606=EDGE_LOOP('',(#993,#994,#995,#996,#997));
#607=EDGE_LOOP('',(#998,#999));
#608=AXIS2_PLACEMENT_3D('',#1000,#1001,#1002);
#609=SURFACE_SIDE_STYLE('',(#1003));
#610=EDGE_LOOP('',(#1004,#1005,#1006,#1007));
#611=AXIS2_PLACEMENT_3D('',#1008,#1009,#1010);
#612=SURFACE_SIDE_STYLE('',(#1011));
#613=EDGE_LOOP('',(#1012,#1013,#1014,#1015,#1016));
#614=AXIS2_PLACEMENT_3D('',#1017,#1018,#1019);
#615=SURFACE_SIDE_STYLE('',(#1020));
#616=EDGE_LOOP('',(#1021,#1022,#1023,#1024,#1025));
#617=AXIS2_PLACEMENT_3D('',#1026,#1027,#1028);
#618=SURFACE_SIDE_STYLE('',(#1029));
#619=EDGE_LOOP('',(#1030,#1031,#1032,#1033,#1034));
#620=AXIS2_PLACEMENT_3D('',#1035,#1036,#1037);
#621=SURFACE_SIDE_STYLE('',(#1038));
#622=EDGE_LOOP('',(#1039,#1040,#1041,#1042));
#623=EDGE_LOOP('',(#1043,#1044));
#624=EDGE_LOOP('',(#1045,#1046));
#625=EDGE_LOOP('',(#1047,#1048));
#626=EDGE_LOOP('',(#1049,#1050));
#627=EDGE_LOOP('',(#1051,#1052));
#628=EDGE_LOOP('',(#1053,#1054));
#629=EDGE_LOOP('',(#1055,#1056));
#630=EDGE_LOOP('',(#1057,#1058));
#631=EDGE_LOOP('',(#1059,#1060));
#632=EDGE_LOOP('',(#1061,#1062));
#633=EDGE_LOOP('',(#1063,#1064));
#634=AXIS2_PLACEMENT_3D('',#1065,#1066,#1067);
#635=SURFACE_SIDE_STYLE('',(#1068));
#636=EDGE_LOOP('',(#1069,#1070,#1071,#1072));
#637=AXIS2_PLACEMENT_3D('',#1073,#1074,#1075);
#638=SURFACE_SIDE_STYLE('',(#1076));
#639=EDGE_LOOP('',(#1077,#1078,#1079,#1080));
#640=AXIS2_PLACEMENT_3D('',#1081,#1082,#1083);
#641=SURFACE_SIDE_STYLE('',(#1084));
#642=EDGE_LOOP('',(#1085,#1086,#1087,#1088));
#643=AXIS2_PLACEMENT_3D('',#1089,#1090,#1091);
#644=SURFACE_SIDE_STYLE('',(#1092));
#645=EDGE_LOOP('',(#1093,#1094));
#646=AXIS2_PLACEMENT_3D('',#1095,#1096,#1097);
#647=SURFACE_SIDE_STYLE('',(#1098));
#648=EDGE_LOOP('',(#1099,#1100,#1101,#1102));
#649=AXIS2_PLACEMENT_3D('',#1103,#1104,#1105);
#650=SURFACE_SIDE_STYLE('',(#1106));
#651=EDGE_LOOP('',(#1107,#1108,#1109,#1110));
#652=AXIS2_PLACEMENT_3D('',#1111,#1112,#1113);
#653=SURFACE_SIDE_STYLE('',(#1114));
#654=EDGE_LOOP('',(#1115,#1116));
#655=AXIS2_PLACEMENT_3D('',#1117,#1118,#1119);
#656=SURFACE_SIDE_STYLE('',(#1120));
#657=EDGE_LOOP('',(#1121,#1122,#1123,#1124));
#658=AXIS2_PLACEMENT_3D('',#1125,#1126,#1127);
#659=SURFACE_SIDE_STYLE('',(#1128));
#660=EDGE_LOOP('',(#1129,#1130,#1131,#1132));
#661=AXIS2_PLACEMENT_3D('',#1133,#1134,#1135);
#662=SURFACE_SIDE_STYLE('',(#1136));
#663=EDGE_LOOP('',(#1137,#1138));
#664=AXIS2_PLACEMENT_3D('',#1139,#1140,#1141);
#665=SURFACE_SIDE_STYLE('',(#1142));
#666=EDGE_LOOP('',(#1143,#1144,#1145,#1146));
#667=AXIS2_PLACEMENT_3D('',#1147,#1148,#1149);
#668=SURFACE_SIDE_STYLE('',(#1150));
#669=EDGE_LOOP('',(#1151,#1152,#1153,#1154));
#670=AXIS2_PLACEMENT_3D('',#1155,#1156,#1157);
#671=SURFACE_SIDE_STYLE('',(#1158));
#672=EDGE_LOOP('',(#1159,#1160));
#673=AXIS2_PLACEMENT_3D('',#1161,#1162,#1163);
#674=SURFACE_SIDE_STYLE('',(#1164));
#675=EDGE_LOOP('',(#1165,#1166,#1167,#1168));
#676=AXIS2_PLACEMENT_3D('',#1169,#1170,#1171);
#677=SURFACE_SIDE_STYLE('',(#1172));
#678=EDGE_LOOP('',(#1173,#1174,#1175,#1176));
#679=AXIS2_PLACEMENT_3D('',#1177,#1178,#1179);
#680=SURFACE_SIDE_STYLE('',(#1180));
#681=EDGE_LOOP('',(#1181,#1182));
#682=AXIS2_PLACEMENT_3D('',#1183,#1184,#1185);
#683=SURFACE_SIDE_STYLE('',(#1186));
#684=EDGE_LOOP('',(#1187,#1188,#1189,#1190));
#685=AXIS2_PLACEMENT_3D('',#1191,#1192,#1193);
#686=SURFACE_SIDE_STYLE('',(#1194));
#687=EDGE_LOOP('',(#1195,#1196,#1197,#1198));
#688=AXIS2_PLACEMENT_3D('',#1199,#1200,#1201);
#689=SURFACE_SIDE_STYLE('',(#1202));
#690=EDGE_LOOP('',(#1203,#1204));
#691=AXIS2_PLACEMENT_3D('',#1205,#1206,#1207);
#692=SURFACE_SIDE_STYLE('',(#1208));
#693=EDGE_LOOP('',(#1209,#1210,#1211,#1212));
#694=AXIS2_PLACEMENT_3D('',#1213,#1214,#1215);
#695=SURFACE_SIDE_STYLE('',(#1216));
#696=EDGE_LOOP('',(#1217,#1218,#1219,#1220));
#697=AXIS2_PLACEMENT_3D('',#1221,#1222,#1223);
#698=SURFACE_SIDE_STYLE('',(#1224));
#699=EDGE_LOOP('',(#1225,#1226));
#700=AXIS2_PLACEMENT_3D('',#1227,#1228,#1229);
#701=SURFACE_SIDE_STYLE('',(#1230));
#702=EDGE_LOOP('',(#1231,#1232,#1233,#1234));
#703=AXIS2_PLACEMENT_3D('',#1235,#1236,#1237);
#704=SURFACE_SIDE_STYLE('',(#1238));
#705=EDGE_LOOP('',(#1239,#1240,#1241,#1242));
#706=AXIS2_PLACEMENT_3D('',#1243,#1244,#1245);
#707=SURFACE_SIDE_STYLE('',(#1246));
#708=EDGE_LOOP('',(#1247,#1248,#1249,#1250));
#709=AXIS2_PLACEMENT_3D('',#1251,#1252,#1253);
#710=SURFACE_SIDE_STYLE('',(#1254));
#711=EDGE_LOOP('',(#1255,#1256));
#712=AXIS2_PLACEMENT_3D('',#1257,#1258,#1259);
#713=SURFACE_SIDE_STYLE('',(#1260));
#714=EDGE_LOOP('',(#1261,#1262,#1263,#1264));
#715=AXIS2_PLACEMENT_3D('',#1265,#1266,#1267);
#716=SURFACE_SIDE_STYLE('',(#1268));
#717=EDGE_LOOP('',(#1269,#1270,#1271,#1272));
#718=AXIS2_PLACEMENT_3D('',#1273,#1274,#1275);
#719=SURFACE_SIDE_STYLE('',(#1276));
#720=EDGE_LOOP('',(#1277,#1278,#1279,#1280));
#721=AXIS2_PLACEMENT_3D('',#1281,#1282,#1283);
#722=SURFACE_SIDE_STYLE('',(#1284));
#723=EDGE_LOOP('',(#1285,#1286));
#724=AXIS2_PLACEMENT_3D('',#1287,#1288,#1289);
#725=SURFACE_SIDE_STYLE('',(#1290));
#726=EDGE_LOOP('',(#1291,#1292,#1293,#1294));
#727=AXIS2_PLACEMENT_3D('',#1295,#1296,#1297);
#728=SURFACE_SIDE_STYLE('',(#1298));
#729=EDGE_LOOP('',(#1299,#1300,#1301,#1302));
#730=AXIS2_PLACEMENT_3D('',#1303,#1304,#1305);
#731=SURFACE_SIDE_STYLE('',(#1306));
#732=EDGE_LOOP('',(#1307,#1308,#1309,#1310));
#733=AXIS2_PLACEMENT_3D('',#1311,#1312,#1313);
#734=SURFACE_SIDE_STYLE('',(#1314));
#735=EDGE_LOOP('',(#1315,#1316));
#736=AXIS2_PLACEMENT_3D('',#1317,#1318,#1319);
#737=SURFACE_SIDE_STYLE('',(#1320));
#738=EDGE_LOOP('',(#1321,#1322,#1323,#1324));
#739=AXIS2_PLACEMENT_3D('',#1325,#1326,#1327);
#740=SURFACE_SIDE_STYLE('',(#1328));
#741=EDGE_LOOP('',(#1329,#1330,#1331,#1332));
#742=AXIS2_PLACEMENT_3D('',#1333,#1334,#1335);
#743=SURFACE_SIDE_STYLE('',(#1336));
#744=EDGE_LOOP('',(#1337,#1338,#1339,#1340));
#745=AXIS2_PLACEMENT_3D('',#1341,#1342,#1343);
#746=SURFACE_SIDE_STYLE('',(#1344));
#747=EDGE_LOOP('',(#1345,#1346));
#748=AXIS2_PLACEMENT_3D('',#1347,#1348,#1349);
#749=SURFACE_SIDE_STYLE('',(#1350));
#750=EDGE_LOOP('',(#1351,#1352,#1353));
#751=AXIS2_PLACEMENT_3D('',#1354,#1355,#1356);
#752=SURFACE_SIDE_STYLE('',(#1357));
#753=EDGE_LOOP('',(#1358,#1359,#1360,#1361,#1362));
#754=AXIS2_PLACEMENT_3D('',#1363,#1364,#1365);
#755=SURFACE_SIDE_STYLE('',(#1366));
#756=EDGE_LOOP('',(#1367,#1368,#1369,#1370));
#757=AXIS2_PLACEMENT_3D('',#1371,#1372,#1373);
#758=SURFACE_SIDE_STYLE('',(#1374));
#760=SURFACE_STYLE_FILL_AREA(#1375);
#761=ORIENTED_EDGE('',*,*,#1376,.F.);
#762=ORIENTED_EDGE('',*,*,#1377,.T.);
#763=ORIENTED_EDGE('',*,*,#1378,.F.);
#764=ORIENTED_EDGE('',*,*,#1379,.F.);
#765=CARTESIAN_POINT('',(-6.25,-5.55111512312578E-16,0.0));
#766=DIRECTION('',(-1.0,0.0,0.0));
#767=DIRECTION('',(0.0,1.0,0.0));
#768=SURFACE_STYLE_FILL_AREA(#1380);
#769=ORIENTED_EDGE('',*,*,#1381,.F.);
#770=ORIENTED_EDGE('',*,*,#1382,.T.);
#771=ORIENTED_EDGE('',*,*,#1383,.T.);
#772=ORIENTED_EDGE('',*,*,#1379,.T.);
#773=CARTESIAN_POINT('',(-0.200000000000002,-1.77635683940027E-17,0.0));
#774=DIRECTION('',(-1.0,-4.32367034987546E-17,-0.0));
#775=DIRECTION('',(4.32367034987546E-17,-1.0,0.0));
#776=SURFACE_STYLE_FILL_AREA(#1384);
#777=ORIENTED_EDGE('',*,*,#1385,.F.);
#778=ORIENTED_EDGE('',*,*,#1386,.T.);
#779=ORIENTED_EDGE('',*,*,#1387,.T.);
#780=ORIENTED_EDGE('',*,*,#1388,.T.);
#781=CARTESIAN_POINT('',(-14.58,-9.75000000000001,3.81));
#782=DIRECTION('',(-9.49562978385165E-17,1.0,-2.39008537697428E-16));
#783=DIRECTION('',(-1.0,-9.49562978385165E-17,1.54803105489553E-16));
#784=SURFACE_STYLE_FILL_AREA(#1389);
#785=ORIENTED_EDGE('',*,*,#1390,.F.);
#786=ORIENTED_EDGE('',*,*,#1391,.F.);
#787=ORIENTED_EDGE('',*,*,#1392,.F.);
#788=ORIENTED_EDGE('',*,*,#1388,.F.);
#789=CARTESIAN_POINT('',(-14.58,-8.25000000000001,3.81));
#790=DIRECTION('',(-3.33066907387544E-17,1.0,-2.39008537697428E-16));
#791=DIRECTION('',(1.0,3.33066907387544E-17,-1.54803105489553E-16));
#792=SURFACE_STYLE_FILL_AREA(#1393);
#793=ORIENTED_EDGE('',*,*,#1394,.F.);
#794=ORIENTED_EDGE('',*,*,#1391,.T.);
#795=ORIENTED_EDGE('',*,*,#1395,.T.);
#796=ORIENTED_EDGE('',*,*,#1396,.T.);
#797=CARTESIAN_POINT('',(-14.58,-6.67500000000001,3.81));
#798=DIRECTION('',(-1.41363761251756E-16,1.0,-2.39008537697428E-16));
#799=DIRECTION('',(-1.0,-1.41363761251756E-16,1.54803105489553E-16));
#800=SURFACE_STYLE_FILL_AREA(#1397);
#801=ORIENTED_EDGE('',*,*,#1398,.F.);
#802=ORIENTED_EDGE('',*,*,#1399,.T.);
#803=ORIENTED_EDGE('',*,*,#1400,.T.);
#804=ORIENTED_EDGE('',*,*,#1401,.T.);
#805=CARTESIAN_POINT('',(-14.58,-9.75,-3.81));
#806=DIRECTION('',(-2.71682348702504E-17,1.0,-2.31355798432415E-16));
#807=DIRECTION('',(1.0,2.71682348702504E-17,-6.20007758075128E-17));
#808=SURFACE_STYLE_FILL_AREA(#1402);
#809=ORIENTED_EDGE('',*,*,#1403,.F.);
#810=ORIENTED_EDGE('',*,*,#1404,.F.);
#811=ORIENTED_EDGE('',*,*,#1405,.F.);
#812=ORIENTED_EDGE('',*,*,#1401,.F.);
#813=CARTESIAN_POINT('',(-14.58,-8.25,-3.81));
#814=DIRECTION('',(-8.88178419700124E-17,1.0,-2.31355798432415E-16));
#815=DIRECTION('',(-1.0,-8.88178419700124E-17,6.20007758075128E-17));
#816=SURFACE_STYLE_FILL_AREA(#1406);
#817=ORIENTED_EDGE('',*,*,#1407,.F.);
#818=ORIENTED_EDGE('',*,*,#1404,.T.);
#819=ORIENTED_EDGE('',*,*,#1408,.T.);
#820=ORIENTED_EDGE('',*,*,#1409,.T.);
#821=CARTESIAN_POINT('',(-14.58,-6.675,-3.81));
#822=DIRECTION('',(1.92392285429894E-17,1.0,-2.31355798432415E-16));
#823=DIRECTION('',(1.0,-1.92392285429894E-17,-6.20007758075128E-17));
#824=SURFACE_STYLE_FILL_AREA(#1410);
#825=ORIENTED_EDGE('',*,*,#1411,.F.);
#826=ORIENTED_EDGE('',*,*,#1412,.T.);
#827=ORIENTED_EDGE('',*,*,#1413,.T.);
#828=ORIENTED_EDGE('',*,*,#1414,.T.);
#829=CARTESIAN_POINT('',(-22.2,-9.75,3.81));
#830=DIRECTION('',(-2.71682348702505E-17,1.0,-2.22044604925032E-16));
#831=DIRECTION('',(1.0,2.71682348702505E-17,-2.22044604925032E-16));
#832=SURFACE_STYLE_FILL_AREA(#1415);
#833=ORIENTED_EDGE('',*,*,#1416,.F.);
#834=ORIENTED_EDGE('',*,*,#1417,.F.);
#835=ORIENTED_EDGE('',*,*,#1418,.F.);
#836=ORIENTED_EDGE('',*,*,#1414,.F.);
#837=CARTESIAN_POINT('',(-22.2,-8.25,3.81));
#838=DIRECTION('',(-8.88178419700127E-17,1.0,-2.22044604925032E-16));
#839=DIRECTION('',(-1.0,-8.88178419700126E-17,2.22044604925032E-16));
#840=SURFACE_STYLE_FILL_AREA(#1419);
#841=ORIENTED_EDGE('',*,*,#1420,.F.);
#842=ORIENTED_EDGE('',*,*,#1417,.T.);
#843=ORIENTED_EDGE('',*,*,#1421,.T.);
#844=ORIENTED_EDGE('',*,*,#1422,.T.);
#845=CARTESIAN_POINT('',(-22.2,-6.675,3.81));
#846=DIRECTION('',(1.92392285429891E-17,1.0,-2.22044604925032E-16));
#847=DIRECTION('',(1.0,-1.92392285429892E-17,-2.22044604925032E-16));
#848=SURFACE_STYLE_FILL_AREA(#1423);
#849=ORIENTED_EDGE('',*,*,#1424,.F.);
#850=ORIENTED_EDGE('',*,*,#1425,.T.);
#851=ORIENTED_EDGE('',*,*,#1426,.T.);
#852=ORIENTED_EDGE('',*,*,#1427,.T.);
#853=CARTESIAN_POINT('',(-22.2,-9.75,-3.81));
#854=DIRECTION('',(-1.50467449069775E-16,1.0,-2.22044604925031E-16));
#855=DIRECTION('',(-1.0,-1.50467449069775E-16,2.22044604925032E-16));
#856=SURFACE_STYLE_FILL_AREA(#1428);
#857=ORIENTED_EDGE('',*,*,#1429,.F.);
#858=ORIENTED_EDGE('',*,*,#1430,.F.);
#859=ORIENTED_EDGE('',*,*,#1431,.F.);
#860=ORIENTED_EDGE('',*,*,#1427,.F.);
#861=CARTESIAN_POINT('',(-22.2,-8.25,-3.81));
#862=DIRECTION('',(-8.88178419700127E-17,1.0,-2.22044604925031E-16));
#863=DIRECTION('',(1.0,8.88178419700126E-17,-2.22044604925032E-16));
#864=SURFACE_STYLE_FILL_AREA(#1432);
#865=ORIENTED_EDGE('',*,*,#1433,.F.);
#866=ORIENTED_EDGE('',*,*,#1430,.T.);
#867=ORIENTED_EDGE('',*,*,#1434,.T.);
#868=ORIENTED_EDGE('',*,*,#1435,.T.);
#869=CARTESIAN_POINT('',(-22.2,-6.675,-3.81));
#870=DIRECTION('',(-1.96874912483014E-16,1.0,-2.22044604925031E-16));
#871=DIRECTION('',(-1.0,-1.96874912483014E-16,2.22044604925032E-16));
#872=SURFACE_STYLE_FILL_AREA(#1436);
#873=ORIENTED_EDGE('',*,*,#1437,.F.);
#874=ORIENTED_EDGE('',*,*,#1438,.T.);
#875=ORIENTED_EDGE('',*,*,#1439,.F.);
#876=ORIENTED_EDGE('',*,*,#1440,.T.);
#877=CARTESIAN_POINT('',(-19.65,-9.72134589227763,1.26754909220377));
#878=DIRECTION('',(-9.92298475031947E-16,1.0,-2.55004350968591E-16));
#879=DIRECTION('',(1.0,9.92298475031947E-16,-1.70167591877796E-16));
#880=SURFACE_STYLE_FILL_AREA(#1441);
#881=ORIENTED_EDGE('',*,*,#1442,.F.);
#882=ORIENTED_EDGE('',*,*,#1443,.F.);
#883=ORIENTED_EDGE('',*,*,#1444,.F.);
#884=ORIENTED_EDGE('',*,*,#1445,.T.);
#885=CARTESIAN_POINT('',(-19.65,-2.58196767054254,1.26754909220376));
#886=DIRECTION('',(8.89358706995272E-16,-1.0,2.55004350968591E-16));
#887=DIRECTION('',(-1.0,-8.89358706995272E-16,1.70167591877796E-16));
#888=SURFACE_STYLE_FILL_AREA(#1446);
#889=ORIENTED_EDGE('',*,*,#1447,.F.);
#890=ORIENTED_EDGE('',*,*,#1448,.T.);
#891=ORIENTED_EDGE('',*,*,#1449,.F.);
#892=ORIENTED_EDGE('',*,*,#1450,.T.);
#893=CARTESIAN_POINT('',(-22.2,-9.70526867840626,-1.23175117782213));
#894=DIRECTION('',(-8.23891560470447E-16,1.0,8.67361737988405E-17));
#895=DIRECTION('',(1.0,8.23891560470447E-16,9.45320998871195E-17));
#896=SURFACE_STYLE_FILL_AREA(#1451);
#897=ORIENTED_EDGE('',*,*,#1452,.F.);
#898=ORIENTED_EDGE('',*,*,#1453,.F.);
#899=ORIENTED_EDGE('',*,*,#1454,.F.);
#900=ORIENTED_EDGE('',*,*,#1455,.T.);
#901=CARTESIAN_POINT('',(-22.2,-0.640890456671168,-1.23175117782213));
#902=DIRECTION('',(7.2096662637835E-16,-1.0,-8.67361737988405E-17));
#903=DIRECTION('',(-1.0,-7.2096662637835E-16,-9.45320998871195E-17));
#904=SURFACE_STYLE_FILL_AREA(#1456);
#905=ORIENTED_EDGE('',*,*,#1457,.F.);
#906=ORIENTED_EDGE('',*,*,#1458,.T.);
#907=ORIENTED_EDGE('',*,*,#1459,.F.);
#908=ORIENTED_EDGE('',*,*,#1460,.T.);
#909=CARTESIAN_POINT('',(-22.2,-9.70526867840622,1.23175117782214));
#910=DIRECTION('',(1.84174103135256E-15,1.0,1.38777878078144E-17));
#911=DIRECTION('',(1.0,-1.84174103135256E-15,-1.9680114276129E-16));
#912=SURFACE_STYLE_FILL_AREA(#1461);
#913=ORIENTED_EDGE('',*,*,#1462,.F.);
#914=ORIENTED_EDGE('',*,*,#1463,.F.);
#915=ORIENTED_EDGE('',*,*,#1464,.F.);
#916=ORIENTED_EDGE('',*,*,#1465,.T.);
#917=CARTESIAN_POINT('',(-22.2,-0.640890456671135,1.23175117782214));
#918=DIRECTION('',(-1.94466596544465E-15,-1.0,-1.38777878078143E-17));
#919=DIRECTION('',(-1.0,1.94466596544465E-15,1.9680114276129E-16));
#920=SURFACE_STYLE_FILL_AREA(#1466);
#921=ORIENTED_EDGE('',*,*,#1467,.F.);
#922=ORIENTED_EDGE('',*,*,#1468,.T.);
#923=ORIENTED_EDGE('',*,*,#1469,.F.);
#924=ORIENTED_EDGE('',*,*,#1470,.T.);
#925=CARTESIAN_POINT('',(-19.65,-9.72134589227764,-1.26754909220376));
#926=DIRECTION('',(1.2681645912277E-15,1.0,5.72458747072353E-17));
#927=DIRECTION('',(1.0,-1.2681645912277E-15,6.45969105845648E-17));
#928=SURFACE_STYLE_FILL_AREA(#1471);
#929=ORIENTED_EDGE('',*,*,#1472,.F.);
#930=ORIENTED_EDGE('',*,*,#1473,.F.);
#931=ORIENTED_EDGE('',*,*,#1474,.F.);
#932=ORIENTED_EDGE('',*,*,#1475,.T.);
#933=CARTESIAN_POINT('',(-19.65,-2.58196767054255,-1.26754909220376));
#934=DIRECTION('',(-1.37110435926438E-15,-1.0,-5.72458747072353E-17));
#935=DIRECTION('',(-1.0,1.37110435926438E-15,-6.45969105845648E-17));
#936=SURFACE_STYLE_FILL_AREA(#1476);
#937=ORIENTED_EDGE('',*,*,#1477,.F.);
#938=ORIENTED_EDGE('',*,*,#1478,.T.);
#939=ORIENTED_EDGE('',*,*,#1479,.F.);
#940=ORIENTED_EDGE('',*,*,#1480,.T.);
#941=CARTESIAN_POINT('',(-17.12,-9.65381513869685,1.20851865416644));
#942=DIRECTION('',(-2.06788456999134E-15,1.0,7.9938514353376E-17));
#943=DIRECTION('',(1.0,2.06788456999134E-15,3.80961900367091E-16));
#944=SURFACE_STYLE_FILL_AREA(#1481);
#945=ORIENTED_EDGE('',*,*,#1482,.F.);
#946=ORIENTED_EDGE('',*,*,#1483,.F.);
#947=ORIENTED_EDGE('',*,*,#1484,.F.);
#948=ORIENTED_EDGE('',*,*,#1485,.T.);
#949=CARTESIAN_POINT('',(-17.12,-4.43943691696176,1.20851865416644));
#950=DIRECTION('',(1.96492467998355E-15,-1.0,-7.9938514353376E-17));
#951=DIRECTION('',(-1.0,-1.96492467998355E-15,-3.80961900367092E-16));
#952=SURFACE_STYLE_FILL_AREA(#1486);
#953=ORIENTED_EDGE('',*,*,#1487,.F.);
#954=ORIENTED_EDGE('',*,*,#1488,.T.);
#955=ORIENTED_EDGE('',*,*,#1489,.F.);
#956=ORIENTED_EDGE('',*,*,#1490,.T.);
#957=CARTESIAN_POINT('',(-17.12,-9.65381513869687,-1.20851865416644));
#958=DIRECTION('',(-3.34464104831027E-15,1.0,3.18827719327385E-17));
#959=DIRECTION('',(1.0,3.34464104831027E-15,-6.75466976146829E-17));
#960=SURFACE_STYLE_FILL_AREA(#1491);
#961=ORIENTED_EDGE('',*,*,#1492,.F.);
#962=ORIENTED_EDGE('',*,*,#1493,.F.);
#963=ORIENTED_EDGE('',*,*,#1494,.F.);
#964=ORIENTED_EDGE('',*,*,#1495,.T.);
#965=CARTESIAN_POINT('',(-17.12,-4.43943691696178,-1.20851865416644));
#966=DIRECTION('',(3.24168115830247E-15,-1.0,-3.18827719327385E-17));
#967=DIRECTION('',(-1.0,-3.24168115830247E-15,6.75466976146829E-17));
#968=SURFACE_STYLE_FILL_AREA(#1496);
#969=ORIENTED_EDGE('',*,*,#1497,.F.);
#970=ORIENTED_EDGE('',*,*,#1498,.T.);
#971=ORIENTED_EDGE('',*,*,#1499,.F.);
#972=ORIENTED_EDGE('',*,*,#1500,.T.);
#973=CARTESIAN_POINT('',(-18.4,-9.72942495882687,-1.89664029645834E-15));
#974=DIRECTION('',(2.28973634664574E-15,1.0,2.01217131424713E-16));
#975=DIRECTION('',(1.0,-2.28973634664574E-15,-1.18614920716131E-17));
#976=SURFACE_STYLE_FILL_AREA(#1501);
#977=ORIENTED_EDGE('',*,*,#1502,.F.);
#978=ORIENTED_EDGE('',*,*,#1503,.F.);
#979=ORIENTED_EDGE('',*,*,#1504,.F.);
#980=ORIENTED_EDGE('',*,*,#1505,.T.);
#981=CARTESIAN_POINT('',(-18.4,-3.21504673709178,-5.85835797665187E-16));
#982=DIRECTION('',(-2.3927006916702E-15,-1.0,-2.01217131424713E-16));
#983=DIRECTION('',(-1.0,2.3927006916702E-15,1.18614920716131E-17));
#984=SURFACE_STYLE_FILL_AREA(#1506);
#985=ORIENTED_EDGE('',*,*,#1507,.F.);
#986=ORIENTED_EDGE('',*,*,#1508,.F.);
#987=ORIENTED_EDGE('',*,*,#1509,.F.);
#988=ORIENTED_EDGE('',*,*,#1510,.F.);
#989=CARTESIAN_POINT('',(-18.35,-4.0,0.0));
#990=DIRECTION('',(1.0,2.69144975666705E-16,0.0));
#991=DIRECTION('',(-2.69144975666705E-16,1.0,0.0));
#992=SURFACE_STYLE_FILL_AREA(#1511);
#993=ORIENTED_EDGE('',*,*,#1512,.T.);
#994=ORIENTED_EDGE('',*,*,#1513,.F.);
#995=ORIENTED_EDGE('',*,*,#1514,.T.);
#996=ORIENTED_EDGE('',*,*,#1508,.T.);
#997=ORIENTED_EDGE('',*,*,#1515,.T.);
#998=ORIENTED_EDGE('',*,*,#1516,.F.);
#999=ORIENTED_EDGE('',*,*,#1377,.F.);
#1000=CARTESIAN_POINT('',(-11.7,6.0,0.0));
#1001=DIRECTION('',(1.0,6.1710840470759E-17,0.0));
#1002=DIRECTION('',(-6.1710840470759E-17,1.0,0.0));
#1003=SURFACE_STYLE_FILL_AREA(#1517);
#1004=ORIENTED_EDGE('',*,*,#1507,.T.);
#1005=ORIENTED_EDGE('',*,*,#1518,.F.);
#1006=ORIENTED_EDGE('',*,*,#1519,.F.);
#1007=ORIENTED_EDGE('',*,*,#1515,.F.);
#1008=CARTESIAN_POINT('',(-18.35,-4.0,0.0));
#1009=DIRECTION('',(1.0,2.69144975666705E-16,0.0));
#1010=DIRECTION('',(-2.69144975666705E-16,1.0,0.0));
#1011=SURFACE_STYLE_FILL_AREA(#1520);
#1012=ORIENTED_EDGE('',*,*,#1519,.T.);
#1013=ORIENTED_EDGE('',*,*,#1521,.F.);
#1014=ORIENTED_EDGE('',*,*,#1522,.F.);
#1015=ORIENTED_EDGE('',*,*,#1523,.F.);
#1016=ORIENTED_EDGE('',*,*,#1512,.F.);
#1017=CARTESIAN_POINT('',(-17.7417824736305,-0.937245977831321,5.85));
#1018=DIRECTION('',(0.0,0.0,1.0));
#1019=DIRECTION('',(1.0,0.0,0.0));
#1020=SURFACE_STYLE_FILL_AREA(#1524);
#1021=ORIENTED_EDGE('',*,*,#1509,.T.);
#1022=ORIENTED_EDGE('',*,*,#1514,.F.);
#1023=ORIENTED_EDGE('',*,*,#1525,.F.);
#1024=ORIENTED_EDGE('',*,*,#1526,.F.);
#1025=ORIENTED_EDGE('',*,*,#1527,.F.);
#1026=CARTESIAN_POINT('',(-17.7417824736305,-0.937245977831321,-5.85));
#1027=DIRECTION('',(0.0,0.0,1.0));
#1028=DIRECTION('',(1.0,0.0,0.0));
#1029=SURFACE_STYLE_FILL_AREA(#1528);
#1030=ORIENTED_EDGE('',*,*,#1518,.T.);
#1031=ORIENTED_EDGE('',*,*,#1510,.T.);
#1032=ORIENTED_EDGE('',*,*,#1527,.T.);
#1033=ORIENTED_EDGE('',*,*,#1529,.F.);
#1034=ORIENTED_EDGE('',*,*,#1521,.T.);
#1035=CARTESIAN_POINT('',(-25.0,0.2,0.0));
#1036=DIRECTION('',(-0.707106781186548,0.707106781186547,0.0));
#1037=DIRECTION('',(0.0,0.0,1.0));
#1038=SURFACE_STYLE_FILL_AREA(#1530);
#1039=ORIENTED_EDGE('',*,*,#1523,.T.);
#1040=ORIENTED_EDGE('',*,*,#1531,.F.);
#1041=ORIENTED_EDGE('',*,*,#1525,.T.);
#1042=ORIENTED_EDGE('',*,*,#1513,.T.);
#1043=ORIENTED_EDGE('',*,*,#1445,.F.);
#1044=ORIENTED_EDGE('',*,*,#1532,.F.);
#1045=ORIENTED_EDGE('',*,*,#1455,.F.);
#1046=ORIENTED_EDGE('',*,*,#1533,.F.);
#1047=ORIENTED_EDGE('',*,*,#1465,.F.);
#1048=ORIENTED_EDGE('',*,*,#1534,.F.);
#1049=ORIENTED_EDGE('',*,*,#1475,.F.);
#1050=ORIENTED_EDGE('',*,*,#1535,.F.);
#1051=ORIENTED_EDGE('',*,*,#1485,.F.);
#1052=ORIENTED_EDGE('',*,*,#1536,.F.);
#1053=ORIENTED_EDGE('',*,*,#1495,.F.);
#1054=ORIENTED_EDGE('',*,*,#1537,.F.);
#1055=ORIENTED_EDGE('',*,*,#1505,.F.);
#1056=ORIENTED_EDGE('',*,*,#1538,.F.);
#1057=ORIENTED_EDGE('',*,*,#1409,.F.);
#1058=ORIENTED_EDGE('',*,*,#1539,.F.);
#1059=ORIENTED_EDGE('',*,*,#1396,.F.);
#1060=ORIENTED_EDGE('',*,*,#1540,.F.);
#1061=ORIENTED_EDGE('',*,*,#1435,.F.);
#1062=ORIENTED_EDGE('',*,*,#1541,.F.);
#1063=ORIENTED_EDGE('',*,*,#1422,.F.);
#1064=ORIENTED_EDGE('',*,*,#1542,.F.);
#1065=CARTESIAN_POINT('',(-11.7,-6.7,0.0));
#1066=DIRECTION('',(0.0,-1.0,0.0));
#1067=DIRECTION('',(0.0,0.0,-1.0));
#1068=SURFACE_STYLE_FILL_AREA(#1543);
#1069=ORIENTED_EDGE('',*,*,#1522,.T.);
#1070=ORIENTED_EDGE('',*,*,#1529,.T.);
#1071=ORIENTED_EDGE('',*,*,#1526,.T.);
#1072=ORIENTED_EDGE('',*,*,#1531,.T.);
#1073=CARTESIAN_POINT('',(-25.0,-6.7,0.0));
#1074=DIRECTION('',(-1.0,0.0,0.0));
#1075=DIRECTION('',(0.0,0.0,1.0));
#1076=SURFACE_STYLE_FILL_AREA(#1544);
#1077=ORIENTED_EDGE('',*,*,#1502,.T.);
#1078=ORIENTED_EDGE('',*,*,#1538,.T.);
#1079=ORIENTED_EDGE('',*,*,#1504,.T.);
#1080=ORIENTED_EDGE('',*,*,#1500,.F.);
#1081=CARTESIAN_POINT('',(-18.4,-3.21504673709178,-5.85835797665187E-16));
#1082=DIRECTION('',(-2.3927006916702E-15,-1.0,-2.01217131424713E-16));
#1083=DIRECTION('',(-1.0,2.3927006916702E-15,1.18614920716131E-17));
#1084=SURFACE_STYLE_FILL_AREA(#1545);
#1085=ORIENTED_EDGE('',*,*,#1497,.T.);
#1086=ORIENTED_EDGE('',*,*,#1503,.T.);
#1087=ORIENTED_EDGE('',*,*,#1499,.T.);
#1088=ORIENTED_EDGE('',*,*,#1546,.T.);
#1089=CARTESIAN_POINT('',(-18.4,-9.72942495882687,-1.89664029645834E-15));
#1090=DIRECTION('',(2.28973634664574E-15,1.0,2.01217131424713E-16));
#1091=DIRECTION('',(1.0,-2.28973634664574E-15,-1.18614920716131E-17));
#1092=SURFACE_STYLE_FILL_AREA(#1547);
#1093=ORIENTED_EDGE('',*,*,#1546,.F.);
#1094=ORIENTED_EDGE('',*,*,#1498,.F.);
#1095=CARTESIAN_POINT('',(-18.575,-9.87942495882687,-1.92474710505952E-15));
#1096=DIRECTION('',(-2.0858983579024E-15,-1.0,-2.01217131424713E-16));
#1097=DIRECTION('',(-1.0,2.0858983579024E-15,0.0));
#1098=SURFACE_STYLE_FILL_AREA(#1548);
#1099=ORIENTED_EDGE('',*,*,#1492,.T.);
#1100=ORIENTED_EDGE('',*,*,#1537,.T.);
#1101=ORIENTED_EDGE('',*,*,#1494,.T.);
#1102=ORIENTED_EDGE('',*,*,#1490,.F.);
#1103=CARTESIAN_POINT('',(-17.12,-4.43943691696178,-1.20851865416644));
#1104=DIRECTION('',(3.24168115830247E-15,-1.0,-3.18827719327385E-17));
#1105=DIRECTION('',(-1.0,-3.24168115830247E-15,6.75466976146829E-17));
#1106=SURFACE_STYLE_FILL_AREA(#1549);
#1107=ORIENTED_EDGE('',*,*,#1487,.T.);
#1108=ORIENTED_EDGE('',*,*,#1493,.T.);
#1109=ORIENTED_EDGE('',*,*,#1489,.T.);
#1110=ORIENTED_EDGE('',*,*,#1550,.T.);
#1111=CARTESIAN_POINT('',(-17.12,-9.65381513869687,-1.20851865416644));
#1112=DIRECTION('',(-3.34464104831027E-15,1.0,3.18827719327385E-17));
#1113=DIRECTION('',(1.0,3.34464104831027E-15,-6.75466976146829E-17));
#1114=SURFACE_STYLE_FILL_AREA(#1551);
#1115=ORIENTED_EDGE('',*,*,#1550,.F.);
#1116=ORIENTED_EDGE('',*,*,#1488,.F.);
#1117=CARTESIAN_POINT('',(-17.295,-9.80381513869687,-1.20851865416644));
#1118=DIRECTION('',(3.54847021747985E-15,-1.0,-3.18827719327385E-17));
#1119=DIRECTION('',(0.0,3.18827719327385E-17,-1.0));
#1120=SURFACE_STYLE_FILL_AREA(#1552);
#1121=ORIENTED_EDGE('',*,*,#1482,.T.);
#1122=ORIENTED_EDGE('',*,*,#1536,.T.);
#1123=ORIENTED_EDGE('',*,*,#1484,.T.);
#1124=ORIENTED_EDGE('',*,*,#1480,.F.);
#1125=CARTESIAN_POINT('',(-17.12,-4.43943691696176,1.20851865416644));
#1126=DIRECTION('',(1.96492467998355E-15,-1.0,-7.9938514353376E-17));
#1127=DIRECTION('',(-1.0,-1.96492467998355E-15,-3.80961900367092E-16));
#1128=SURFACE_STYLE_FILL_AREA(#1553);
#1129=ORIENTED_EDGE('',*,*,#1477,.T.);
#1130=ORIENTED_EDGE('',*,*,#1483,.T.);
#1131=ORIENTED_EDGE('',*,*,#1479,.T.);
#1132=ORIENTED_EDGE('',*,*,#1554,.T.);
#1133=CARTESIAN_POINT('',(-17.12,-9.65381513869685,1.20851865416644));
#1134=DIRECTION('',(-2.06788456999134E-15,1.0,7.9938514353376E-17));
#1135=DIRECTION('',(1.0,2.06788456999134E-15,3.80961900367091E-16));
#1136=SURFACE_STYLE_FILL_AREA(#1555);
#1137=ORIENTED_EDGE('',*,*,#1554,.F.);
#1138=ORIENTED_EDGE('',*,*,#1478,.F.);
#1139=CARTESIAN_POINT('',(-17.295,-9.80381513869684,1.20851865416644));
#1140=DIRECTION('',(2.27171373916093E-15,-1.0,-7.99385143533759E-17));
#1141=DIRECTION('',(0.0,7.99385143533759E-17,-1.0));
#1142=SURFACE_STYLE_FILL_AREA(#1556);
#1143=ORIENTED_EDGE('',*,*,#1472,.T.);
#1144=ORIENTED_EDGE('',*,*,#1535,.T.);
#1145=ORIENTED_EDGE('',*,*,#1474,.T.);
#1146=ORIENTED_EDGE('',*,*,#1470,.F.);
#1147=CARTESIAN_POINT('',(-19.65,-2.58196767054255,-1.26754909220376));
#1148=DIRECTION('',(-1.37110435926438E-15,-1.0,-5.72458747072353E-17));
#1149=DIRECTION('',(-1.0,1.37110435926438E-15,-6.45969105845648E-17));
#1150=SURFACE_STYLE_FILL_AREA(#1557);
#1151=ORIENTED_EDGE('',*,*,#1467,.T.);
#1152=ORIENTED_EDGE('',*,*,#1473,.T.);
#1153=ORIENTED_EDGE('',*,*,#1469,.T.);
#1154=ORIENTED_EDGE('',*,*,#1558,.T.);
#1155=CARTESIAN_POINT('',(-19.65,-9.72134589227764,-1.26754909220376));
#1156=DIRECTION('',(1.2681645912277E-15,1.0,5.72458747072353E-17));
#1157=DIRECTION('',(1.0,-1.2681645912277E-15,6.45969105845648E-17));
#1158=SURFACE_STYLE_FILL_AREA(#1559);
#1159=ORIENTED_EDGE('',*,*,#1558,.F.);
#1160=ORIENTED_EDGE('',*,*,#1468,.F.);
#1161=CARTESIAN_POINT('',(-19.825,-9.87134589227764,-1.26754909220376));
#1162=DIRECTION('',(-1.06437525742172E-15,-1.0,-5.72458747072353E-17));
#1163=DIRECTION('',(-1.0,1.06437525742172E-15,0.0));
#1164=SURFACE_STYLE_FILL_AREA(#1560);
#1165=ORIENTED_EDGE('',*,*,#1462,.T.);
#1166=ORIENTED_EDGE('',*,*,#1534,.T.);
#1167=ORIENTED_EDGE('',*,*,#1464,.T.);
#1168=ORIENTED_EDGE('',*,*,#1460,.F.);
#1169=CARTESIAN_POINT('',(-22.2,-0.640890456671135,1.23175117782214));
#1170=DIRECTION('',(-1.94466596544465E-15,-1.0,-1.38777878078143E-17));
#1171=DIRECTION('',(-1.0,1.94466596544465E-15,1.9680114276129E-16));
#1172=SURFACE_STYLE_FILL_AREA(#1561);
#1173=ORIENTED_EDGE('',*,*,#1457,.T.);
#1174=ORIENTED_EDGE('',*,*,#1463,.T.);
#1175=ORIENTED_EDGE('',*,*,#1459,.T.);
#1176=ORIENTED_EDGE('',*,*,#1562,.T.);
#1177=CARTESIAN_POINT('',(-22.2,-9.70526867840622,1.23175117782214));
#1178=DIRECTION('',(1.84174103135256E-15,1.0,1.38777878078144E-17));
#1179=DIRECTION('',(1.0,-1.84174103135256E-15,-1.9680114276129E-16));
#1180=SURFACE_STYLE_FILL_AREA(#1563);
#1181=ORIENTED_EDGE('',*,*,#1562,.F.);
#1182=ORIENTED_EDGE('',*,*,#1458,.F.);
#1183=CARTESIAN_POINT('',(-22.375,-9.85526867840622,1.23175117782214));
#1184=DIRECTION('',(-1.63798106423101E-15,-1.0,-1.38777878078144E-17));
#1185=DIRECTION('',(-1.0,1.63798106423101E-15,0.0));
#1186=SURFACE_STYLE_FILL_AREA(#1564);
#1187=ORIENTED_EDGE('',*,*,#1452,.T.);
#1188=ORIENTED_EDGE('',*,*,#1533,.T.);
#1189=ORIENTED_EDGE('',*,*,#1454,.T.);
#1190=ORIENTED_EDGE('',*,*,#1450,.F.);
#1191=CARTESIAN_POINT('',(-22.2,-0.640890456671168,-1.23175117782213));
#1192=DIRECTION('',(7.2096662637835E-16,-1.0,-8.67361737988405E-17));
#1193=DIRECTION('',(-1.0,-7.2096662637835E-16,-9.45320998871195E-17));
#1194=SURFACE_STYLE_FILL_AREA(#1565);
#1195=ORIENTED_EDGE('',*,*,#1447,.T.);
#1196=ORIENTED_EDGE('',*,*,#1453,.T.);
#1197=ORIENTED_EDGE('',*,*,#1449,.T.);
#1198=ORIENTED_EDGE('',*,*,#1566,.T.);
#1199=CARTESIAN_POINT('',(-22.2,-9.70526867840626,-1.23175117782213));
#1200=DIRECTION('',(-8.23891560470447E-16,1.0,8.67361737988405E-17));
#1201=DIRECTION('',(1.0,8.23891560470447E-16,9.45320998871195E-17));
#1202=SURFACE_STYLE_FILL_AREA(#1567);
#1203=ORIENTED_EDGE('',*,*,#1566,.F.);
#1204=ORIENTED_EDGE('',*,*,#1448,.F.);
#1205=CARTESIAN_POINT('',(-22.375,-9.85526867840626,-1.23175117782213));
#1206=DIRECTION('',(1.027651527592E-15,-1.0,-8.67361737988405E-17));
#1207=DIRECTION('',(0.0,8.67361737988405E-17,-1.0));
#1208=SURFACE_STYLE_FILL_AREA(#1568);
#1209=ORIENTED_EDGE('',*,*,#1442,.T.);
#1210=ORIENTED_EDGE('',*,*,#1532,.T.);
#1211=ORIENTED_EDGE('',*,*,#1444,.T.);
#1212=ORIENTED_EDGE('',*,*,#1440,.F.);
#1213=CARTESIAN_POINT('',(-19.65,-2.58196767054254,1.26754909220376));
#1214=DIRECTION('',(8.89358706995272E-16,-1.0,2.55004350968591E-16));
#1215=DIRECTION('',(-1.0,-8.89358706995272E-16,1.70167591877796E-16));
#1216=SURFACE_STYLE_FILL_AREA(#1569);
#1217=ORIENTED_EDGE('',*,*,#1437,.T.);
#1218=ORIENTED_EDGE('',*,*,#1443,.T.);
#1219=ORIENTED_EDGE('',*,*,#1439,.T.);
#1220=ORIENTED_EDGE('',*,*,#1570,.T.);
#1221=CARTESIAN_POINT('',(-19.65,-9.72134589227763,1.26754909220377));
#1222=DIRECTION('',(-9.92298475031947E-16,1.0,-2.55004350968591E-16));
#1223=DIRECTION('',(1.0,9.92298475031947E-16,-1.70167591877796E-16));
#1224=SURFACE_STYLE_FILL_AREA(#1571);
#1225=ORIENTED_EDGE('',*,*,#1570,.F.);
#1226=ORIENTED_EDGE('',*,*,#1438,.F.);
#1227=CARTESIAN_POINT('',(-19.825,-9.87134589227763,1.26754909220377));
#1228=DIRECTION('',(1.19608780883793E-15,-1.0,2.55004350968591E-16));
#1229=DIRECTION('',(0.0,-2.55004350968591E-16,-1.0));
#1230=SURFACE_STYLE_FILL_AREA(#1572);
#1231=ORIENTED_EDGE('',*,*,#1433,.T.);
#1232=ORIENTED_EDGE('',*,*,#1541,.T.);
#1233=ORIENTED_EDGE('',*,*,#1434,.F.);
#1234=ORIENTED_EDGE('',*,*,#1573,.T.);
#1235=CARTESIAN_POINT('',(-22.2,-6.675,-3.81));
#1236=DIRECTION('',(-1.96874912483014E-16,1.0,-2.22044604925031E-16));
#1237=DIRECTION('',(-1.0,-1.96874912483014E-16,2.22044604925032E-16));
#1238=SURFACE_STYLE_FILL_AREA(#1574);
#1239=ORIENTED_EDGE('',*,*,#1429,.T.);
#1240=ORIENTED_EDGE('',*,*,#1575,.F.);
#1241=ORIENTED_EDGE('',*,*,#1431,.T.);
#1242=ORIENTED_EDGE('',*,*,#1573,.F.);
#1243=CARTESIAN_POINT('',(-22.2,-8.25,-3.81));
#1244=DIRECTION('',(-8.88178419700127E-17,1.0,-2.22044604925031E-16));
#1245=DIRECTION('',(1.0,8.88178419700126E-17,-2.22044604925032E-16));
#1246=SURFACE_STYLE_FILL_AREA(#1576);
#1247=ORIENTED_EDGE('',*,*,#1424,.T.);
#1248=ORIENTED_EDGE('',*,*,#1575,.T.);
#1249=ORIENTED_EDGE('',*,*,#1426,.F.);
#1250=ORIENTED_EDGE('',*,*,#1577,.T.);
#1251=CARTESIAN_POINT('',(-22.2,-9.75,-3.81));
#1252=DIRECTION('',(-1.50467449069775E-16,1.0,-2.22044604925031E-16));
#1253=DIRECTION('',(-1.0,-1.50467449069775E-16,2.22044604925032E-16));
#1254=SURFACE_STYLE_FILL_AREA(#1578);
#1255=ORIENTED_EDGE('',*,*,#1577,.F.);
#1256=ORIENTED_EDGE('',*,*,#1425,.F.);
#1257=CARTESIAN_POINT('',(-22.025,-9.9,-3.81));
#1258=DIRECTION('',(2.72514861842116E-16,-1.0,2.22044604925031E-16));
#1259=DIRECTION('',(0.0,-2.22044604925031E-16,-1.0));
#1260=SURFACE_STYLE_FILL_AREA(#1579);
#1261=ORIENTED_EDGE('',*,*,#1420,.T.);
#1262=ORIENTED_EDGE('',*,*,#1542,.T.);
#1263=ORIENTED_EDGE('',*,*,#1421,.F.);
#1264=ORIENTED_EDGE('',*,*,#1580,.T.);
#1265=CARTESIAN_POINT('',(-22.2,-6.675,3.81));
#1266=DIRECTION('',(1.92392285429891E-17,1.0,-2.22044604925032E-16));
#1267=DIRECTION('',(1.0,-1.92392285429892E-17,-2.22044604925032E-16));
#1268=SURFACE_STYLE_FILL_AREA(#1581);
#1269=ORIENTED_EDGE('',*,*,#1416,.T.);
#1270=ORIENTED_EDGE('',*,*,#1582,.F.);
#1271=ORIENTED_EDGE('',*,*,#1418,.T.);
#1272=ORIENTED_EDGE('',*,*,#1580,.F.);
#1273=CARTESIAN_POINT('',(-22.2,-8.25,3.81));
#1274=DIRECTION('',(-8.88178419700127E-17,1.0,-2.22044604925032E-16));
#1275=DIRECTION('',(-1.0,-8.88178419700126E-17,2.22044604925032E-16));
#1276=SURFACE_STYLE_FILL_AREA(#1583);
#1277=ORIENTED_EDGE('',*,*,#1411,.T.);
#1278=ORIENTED_EDGE('',*,*,#1582,.T.);
#1279=ORIENTED_EDGE('',*,*,#1413,.F.);
#1280=ORIENTED_EDGE('',*,*,#1584,.T.);
#1281=CARTESIAN_POINT('',(-22.2,-9.75,3.81));
#1282=DIRECTION('',(-2.71682348702505E-17,1.0,-2.22044604925032E-16));
#1283=DIRECTION('',(1.0,2.71682348702505E-17,-2.22044604925032E-16));
#1284=SURFACE_STYLE_FILL_AREA(#1585);
#1285=ORIENTED_EDGE('',*,*,#1584,.F.);
#1286=ORIENTED_EDGE('',*,*,#1412,.F.);
#1287=CARTESIAN_POINT('',(-22.375,-9.9,3.81));
#1288=DIRECTION('',(-9.48791779020903E-17,-1.0,2.22044604925032E-16));
#1289=DIRECTION('',(-1.0,9.48791779020903E-17,0.0));
#1290=SURFACE_STYLE_FILL_AREA(#1586);
#1291=ORIENTED_EDGE('',*,*,#1407,.T.);
#1292=ORIENTED_EDGE('',*,*,#1539,.T.);
#1293=ORIENTED_EDGE('',*,*,#1408,.F.);
#1294=ORIENTED_EDGE('',*,*,#1587,.T.);
#1295=CARTESIAN_POINT('',(-14.58,-6.675,-3.81));
#1296=DIRECTION('',(1.92392285429894E-17,1.0,-2.31355798432415E-16));
#1297=DIRECTION('',(1.0,-1.92392285429894E-17,-6.20007758075128E-17));
#1298=SURFACE_STYLE_FILL_AREA(#1588);
#1299=ORIENTED_EDGE('',*,*,#1403,.T.);
#1300=ORIENTED_EDGE('',*,*,#1589,.F.);
#1301=ORIENTED_EDGE('',*,*,#1405,.T.);
#1302=ORIENTED_EDGE('',*,*,#1587,.F.);
#1303=CARTESIAN_POINT('',(-14.58,-8.25,-3.81));
#1304=DIRECTION('',(-8.88178419700124E-17,1.0,-2.31355798432415E-16));
#1305=DIRECTION('',(-1.0,-8.88178419700124E-17,6.20007758075128E-17));
#1306=SURFACE_STYLE_FILL_AREA(#1590);
#1307=ORIENTED_EDGE('',*,*,#1398,.T.);
#1308=ORIENTED_EDGE('',*,*,#1589,.T.);
#1309=ORIENTED_EDGE('',*,*,#1400,.F.);
#1310=ORIENTED_EDGE('',*,*,#1591,.T.);
#1311=CARTESIAN_POINT('',(-14.58,-9.75,-3.81));
#1312=DIRECTION('',(-2.71682348702504E-17,1.0,-2.31355798432415E-16));
#1313=DIRECTION('',(1.0,2.71682348702504E-17,-6.20007758075128E-17));
#1314=SURFACE_STYLE_FILL_AREA(#1592);
#1315=ORIENTED_EDGE('',*,*,#1591,.F.);
#1316=ORIENTED_EDGE('',*,*,#1399,.F.);
#1317=CARTESIAN_POINT('',(-14.755,-9.9,-3.81));
#1318=DIRECTION('',(-9.48791779020905E-17,-1.0,2.31355798432415E-16));
#1319=DIRECTION('',(-1.0,9.48791779020905E-17,0.0));
#1320=SURFACE_STYLE_FILL_AREA(#1593);
#1321=ORIENTED_EDGE('',*,*,#1394,.T.);
#1322=ORIENTED_EDGE('',*,*,#1540,.T.);
#1323=ORIENTED_EDGE('',*,*,#1395,.F.);
#1324=ORIENTED_EDGE('',*,*,#1594,.T.);
#1325=CARTESIAN_POINT('',(-14.58,-6.67500000000001,3.81));
#1326=DIRECTION('',(-1.41363761251756E-16,1.0,-2.39008537697428E-16));
#1327=DIRECTION('',(-1.0,-1.41363761251756E-16,1.54803105489553E-16));
#1328=SURFACE_STYLE_FILL_AREA(#1595);
#1329=ORIENTED_EDGE('',*,*,#1390,.T.);
#1330=ORIENTED_EDGE('',*,*,#1596,.F.);
#1331=ORIENTED_EDGE('',*,*,#1392,.T.);
#1332=ORIENTED_EDGE('',*,*,#1594,.F.);
#1333=CARTESIAN_POINT('',(-14.58,-8.25000000000001,3.81));
#1334=DIRECTION('',(-3.33066907387544E-17,1.0,-2.39008537697428E-16));
#1335=DIRECTION('',(1.0,3.33066907387544E-17,-1.54803105489553E-16));
#1336=SURFACE_STYLE_FILL_AREA(#1597);
#1337=ORIENTED_EDGE('',*,*,#1385,.T.);
#1338=ORIENTED_EDGE('',*,*,#1596,.T.);
#1339=ORIENTED_EDGE('',*,*,#1387,.F.);
#1340=ORIENTED_EDGE('',*,*,#1598,.T.);
#1341=CARTESIAN_POINT('',(-14.58,-9.75000000000001,3.81));
#1342=DIRECTION('',(-9.49562978385165E-17,1.0,-2.39008537697428E-16));
#1343=DIRECTION('',(-1.0,-9.49562978385165E-17,1.54803105489553E-16));
#1344=SURFACE_STYLE_FILL_AREA(#1599);
#1345=ORIENTED_EDGE('',*,*,#1598,.F.);
#1346=ORIENTED_EDGE('',*,*,#1386,.F.);
#1347=CARTESIAN_POINT('',(-14.405,-9.90000000000001,3.81));
#1348=DIRECTION('',(2.17003710610857E-16,-1.0,2.39008537697428E-16));
#1349=DIRECTION('',(-1.0,-2.17003710610857E-16,0.0));
#1350=SURFACE_STYLE_FILL_AREA(#1600);
#1351=ORIENTED_EDGE('',*,*,#1601,.F.);
#1352=ORIENTED_EDGE('',*,*,#1602,.F.);
#1353=ORIENTED_EDGE('',*,*,#1382,.F.);
#1354=CARTESIAN_POINT('',(-6.87333016021452E-16,2.245,0.0));
#1355=DIRECTION('',(1.0,8.88178419700125E-17,0.0));
#1356=DIRECTION('',(-8.88178419700125E-17,1.0,0.0));
#1357=SURFACE_STYLE_FILL_AREA(#1603);
#1358=ORIENTED_EDGE('',*,*,#1381,.T.);
#1359=ORIENTED_EDGE('',*,*,#1604,.T.);
#1360=ORIENTED_EDGE('',*,*,#1383,.F.);
#1361=ORIENTED_EDGE('',*,*,#1602,.T.);
#1362=ORIENTED_EDGE('',*,*,#1601,.T.);
#1363=CARTESIAN_POINT('',(-0.200000000000002,-1.77635683940027E-17,0.0));
#1364=DIRECTION('',(-1.0,-4.32367034987546E-17,-0.0));
#1365=DIRECTION('',(4.32367034987546E-17,-1.0,0.0));
#1366=SURFACE_STYLE_FILL_AREA(#1605);
#1367=ORIENTED_EDGE('',*,*,#1376,.T.);
#1368=ORIENTED_EDGE('',*,*,#1604,.F.);
#1369=ORIENTED_EDGE('',*,*,#1378,.T.);
#1370=ORIENTED_EDGE('',*,*,#1516,.T.);
#1371=CARTESIAN_POINT('',(-6.25,-5.55111512312578E-16,0.0));
#1372=DIRECTION('',(-1.0,0.0,0.0));
#1373=DIRECTION('',(0.0,1.0,0.0));
#1374=SURFACE_STYLE_FILL_AREA(#1606);
#1375=FILL_AREA_STYLE('',(#1607));
#1376=EDGE_CURVE('',#1608,#1609,#1610,.T.);
#1377=EDGE_CURVE('',#1608,#1611,#1612,.T.);
#1378=EDGE_CURVE('',#1613,#1611,#1614,.T.);
#1379=EDGE_CURVE('',#1609,#1613,#1615,.T.);
#1380=FILL_AREA_STYLE('',(#1616));
#1381=EDGE_CURVE('',#1617,#1613,#1618,.T.);
#1382=EDGE_CURVE('',#1617,#1619,#1620,.T.);
#1383=EDGE_CURVE('',#1619,#1609,#1621,.T.);
#1384=FILL_AREA_STYLE('',(#1622));
#1385=EDGE_CURVE('',#1623,#1624,#1625,.T.);
#1386=EDGE_CURVE('',#1623,#1626,#1627,.T.);
#1387=EDGE_CURVE('',#1626,#1628,#1629,.T.);
#1388=EDGE_CURVE('',#1628,#1624,#1630,.T.);
#1389=FILL_AREA_STYLE('',(#1631));
#1390=EDGE_CURVE('',#1632,#1628,#1633,.T.);
#1391=EDGE_CURVE('',#1634,#1632,#1635,.T.);
#1392=EDGE_CURVE('',#1624,#1634,#1636,.T.);
#1393=FILL_AREA_STYLE('',(#1637));
#1394=EDGE_CURVE('',#1634,#1638,#1639,.T.);
#1395=EDGE_CURVE('',#1632,#1640,#1641,.T.);
#1396=EDGE_CURVE('',#1640,#1638,#1642,.T.);
#1397=FILL_AREA_STYLE('',(#1643));
#1398=EDGE_CURVE('',#1644,#1645,#1646,.T.);
#1399=EDGE_CURVE('',#1644,#1647,#1648,.T.);
#1400=EDGE_CURVE('',#1647,#1649,#1650,.T.);
#1401=EDGE_CURVE('',#1649,#1645,#1651,.T.);
#1402=FILL_AREA_STYLE('',(#1652));
#1403=EDGE_CURVE('',#1653,#1649,#1654,.T.);
#1404=EDGE_CURVE('',#1655,#1653,#1656,.T.);
#1405=EDGE_CURVE('',#1645,#1655,#1657,.T.);
#1406=FILL_AREA_STYLE('',(#1658));
#1407=EDGE_CURVE('',#1655,#1659,#1660,.T.);
#1408=EDGE_CURVE('',#1653,#1661,#1662,.T.);
#1409=EDGE_CURVE('',#1661,#1659,#1663,.T.);
#1410=FILL_AREA_STYLE('',(#1664));
#1411=EDGE_CURVE('',#1665,#1666,#1667,.T.);
#1412=EDGE_CURVE('',#1665,#1668,#1669,.T.);
#1413=EDGE_CURVE('',#1668,#1670,#1671,.T.);
#1414=EDGE_CURVE('',#1670,#1666,#1672,.T.);
#1415=FILL_AREA_STYLE('',(#1673));
#1416=EDGE_CURVE('',#1674,#1670,#1675,.T.);
#1417=EDGE_CURVE('',#1676,#1674,#1677,.T.);
#1418=EDGE_CURVE('',#1666,#1676,#1678,.T.);
#1419=FILL_AREA_STYLE('',(#1679));
#1420=EDGE_CURVE('',#1676,#1680,#1681,.T.);
#1421=EDGE_CURVE('',#1674,#1682,#1683,.T.);
#1422=EDGE_CURVE('',#1682,#1680,#1684,.T.);
#1423=FILL_AREA_STYLE('',(#1685));
#1424=EDGE_CURVE('',#1686,#1687,#1688,.T.);
#1425=EDGE_CURVE('',#1686,#1689,#1690,.T.);
#1426=EDGE_CURVE('',#1689,#1691,#1692,.T.);
#1427=EDGE_CURVE('',#1691,#1687,#1693,.T.);
#1428=FILL_AREA_STYLE('',(#1694));
#1429=EDGE_CURVE('',#1695,#1691,#1696,.T.);
#1430=EDGE_CURVE('',#1697,#1695,#1698,.T.);
#1431=EDGE_CURVE('',#1687,#1697,#1699,.T.);
#1432=FILL_AREA_STYLE('',(#1700));
#1433=EDGE_CURVE('',#1697,#1701,#1702,.T.);
#1434=EDGE_CURVE('',#1695,#1703,#1704,.T.);
#1435=EDGE_CURVE('',#1703,#1701,#1705,.T.);
#1436=FILL_AREA_STYLE('',(#1706));
#1437=EDGE_CURVE('',#1707,#1708,#1709,.T.);
#1438=EDGE_CURVE('',#1707,#1710,#1711,.T.);
#1439=EDGE_CURVE('',#1712,#1710,#1713,.T.);
#1440=EDGE_CURVE('',#1712,#1708,#1714,.T.);
#1441=FILL_AREA_STYLE('',(#1715));
#1442=EDGE_CURVE('',#1712,#1716,#1717,.T.);
#1443=EDGE_CURVE('',#1708,#1712,#1718,.T.);
#1444=EDGE_CURVE('',#1719,#1708,#1720,.T.);
#1445=EDGE_CURVE('',#1719,#1716,#1721,.T.);
#1446=FILL_AREA_STYLE('',(#1722));
#1447=EDGE_CURVE('',#1723,#1724,#1725,.T.);
#1448=EDGE_CURVE('',#1723,#1726,#1727,.T.);
#1449=EDGE_CURVE('',#1728,#1726,#1729,.T.);
#1450=EDGE_CURVE('',#1728,#1724,#1730,.T.);
#1451=FILL_AREA_STYLE('',(#1731));
#1452=EDGE_CURVE('',#1728,#1732,#1733,.T.);
#1453=EDGE_CURVE('',#1724,#1728,#1734,.T.);
#1454=EDGE_CURVE('',#1735,#1724,#1736,.T.);
#1455=EDGE_CURVE('',#1735,#1732,#1737,.T.);
#1456=FILL_AREA_STYLE('',(#1738));
#1457=EDGE_CURVE('',#1739,#1740,#1741,.T.);
#1458=EDGE_CURVE('',#1739,#1742,#1743,.T.);
#1459=EDGE_CURVE('',#1744,#1742,#1745,.T.);
#1460=EDGE_CURVE('',#1744,#1740,#1746,.T.);
#1461=FILL_AREA_STYLE('',(#1747));
#1462=EDGE_CURVE('',#1744,#1748,#1749,.T.);
#1463=EDGE_CURVE('',#1740,#1744,#1750,.T.);
#1464=EDGE_CURVE('',#1751,#1740,#1752,.T.);
#1465=EDGE_CURVE('',#1751,#1748,#1753,.T.);
#1466=FILL_AREA_STYLE('',(#1754));
#1467=EDGE_CURVE('',#1755,#1756,#1757,.T.);
#1468=EDGE_CURVE('',#1755,#1758,#1759,.T.);
#1469=EDGE_CURVE('',#1760,#1758,#1761,.T.);
#1470=EDGE_CURVE('',#1760,#1756,#1762,.T.);
#1471=FILL_AREA_STYLE('',(#1763));
#1472=EDGE_CURVE('',#1760,#1764,#1765,.T.);
#1473=EDGE_CURVE('',#1756,#1760,#1766,.T.);
#1474=EDGE_CURVE('',#1767,#1756,#1768,.T.);
#1475=EDGE_CURVE('',#1767,#1764,#1769,.T.);
#1476=FILL_AREA_STYLE('',(#1770));
#1477=EDGE_CURVE('',#1771,#1772,#1773,.T.);
#1478=EDGE_CURVE('',#1771,#1774,#1775,.T.);
#1479=EDGE_CURVE('',#1776,#1774,#1777,.T.);
#1480=EDGE_CURVE('',#1776,#1772,#1778,.T.);
#1481=FILL_AREA_STYLE('',(#1779));
#1482=EDGE_CURVE('',#1776,#1780,#1781,.T.);
#1483=EDGE_CURVE('',#1772,#1776,#1782,.T.);
#1484=EDGE_CURVE('',#1783,#1772,#1784,.T.);
#1485=EDGE_CURVE('',#1783,#1780,#1785,.T.);
#1486=FILL_AREA_STYLE('',(#1786));
#1487=EDGE_CURVE('',#1787,#1788,#1789,.T.);
#1488=EDGE_CURVE('',#1787,#1790,#1791,.T.);
#1489=EDGE_CURVE('',#1792,#1790,#1793,.T.);
#1490=EDGE_CURVE('',#1792,#1788,#1794,.T.);
#1491=FILL_AREA_STYLE('',(#1795));
#1492=EDGE_CURVE('',#1792,#1796,#1797,.T.);
#1493=EDGE_CURVE('',#1788,#1792,#1798,.T.);
#1494=EDGE_CURVE('',#1799,#1788,#1800,.T.);
#1495=EDGE_CURVE('',#1799,#1796,#1801,.T.);
#1496=FILL_AREA_STYLE('',(#1802));
#1497=EDGE_CURVE('',#1803,#1804,#1805,.T.);
#1498=EDGE_CURVE('',#1803,#1806,#1807,.T.);
#1499=EDGE_CURVE('',#1808,#1806,#1809,.T.);
#1500=EDGE_CURVE('',#1808,#1804,#1810,.T.);
#1501=FILL_AREA_STYLE('',(#1811));
#1502=EDGE_CURVE('',#1808,#1812,#1813,.T.);
#1503=EDGE_CURVE('',#1804,#1808,#1814,.T.);
#1504=EDGE_CURVE('',#1815,#1804,#1816,.T.);
#1505=EDGE_CURVE('',#1815,#1812,#1817,.T.);
#1506=FILL_AREA_STYLE('',(#1818));
#1507=EDGE_CURVE('',#1819,#1820,#1821,.T.);
#1508=EDGE_CURVE('',#1822,#1819,#1823,.T.);
#1509=EDGE_CURVE('',#1824,#1822,#1825,.T.);
#1510=EDGE_CURVE('',#1820,#1824,#1826,.T.);
#1511=FILL_AREA_STYLE('',(#1827));
#1512=EDGE_CURVE('',#1828,#1829,#1830,.T.);
#1513=EDGE_CURVE('',#1831,#1829,#1832,.T.);
#1514=EDGE_CURVE('',#1831,#1822,#1833,.T.);
#1515=EDGE_CURVE('',#1819,#1828,#1834,.T.);
#1516=EDGE_CURVE('',#1611,#1608,#1835,.T.);
#1517=FILL_AREA_STYLE('',(#1836));
#1518=EDGE_CURVE('',#1837,#1820,#1838,.T.);
#1519=EDGE_CURVE('',#1828,#1837,#1839,.T.);
#1520=FILL_AREA_STYLE('',(#1840));
#1521=EDGE_CURVE('',#1841,#1837,#1842,.T.);
#1522=EDGE_CURVE('',#1843,#1841,#1844,.T.);
#1523=EDGE_CURVE('',#1829,#1843,#1845,.T.);
#1524=FILL_AREA_STYLE('',(#1846));
#1525=EDGE_CURVE('',#1847,#1831,#1848,.T.);
#1526=EDGE_CURVE('',#1849,#1847,#1850,.T.);
#1527=EDGE_CURVE('',#1824,#1849,#1851,.T.);
#1528=FILL_AREA_STYLE('',(#1852));
#1529=EDGE_CURVE('',#1841,#1849,#1853,.T.);
#1530=FILL_AREA_STYLE('',(#1854));
#1531=EDGE_CURVE('',#1847,#1843,#1855,.T.);
#1532=EDGE_CURVE('',#1716,#1719,#1856,.T.);
#1533=EDGE_CURVE('',#1732,#1735,#1857,.T.);
#1534=EDGE_CURVE('',#1748,#1751,#1858,.T.);
#1535=EDGE_CURVE('',#1764,#1767,#1859,.T.);
#1536=EDGE_CURVE('',#1780,#1783,#1860,.T.);
#1537=EDGE_CURVE('',#1796,#1799,#1861,.T.);
#1538=EDGE_CURVE('',#1812,#1815,#1862,.T.);
#1539=EDGE_CURVE('',#1659,#1661,#1863,.T.);
#1540=EDGE_CURVE('',#1638,#1640,#1864,.T.);
#1541=EDGE_CURVE('',#1701,#1703,#1865,.T.);
#1542=EDGE_CURVE('',#1680,#1682,#1866,.T.);
#1543=FILL_AREA_STYLE('',(#1867));
#1544=FILL_AREA_STYLE('',(#1868));
#1545=FILL_AREA_STYLE('',(#1869));
#1546=EDGE_CURVE('',#1806,#1803,#1870,.T.);
#1547=FILL_AREA_STYLE('',(#1871));
#1548=FILL_AREA_STYLE('',(#1872));
#1549=FILL_AREA_STYLE('',(#1873));
#1550=EDGE_CURVE('',#1790,#1787,#1874,.T.);
#1551=FILL_AREA_STYLE('',(#1875));
#1552=FILL_AREA_STYLE('',(#1876));
#1553=FILL_AREA_STYLE('',(#1877));
#1554=EDGE_CURVE('',#1774,#1771,#1878,.T.);
#1555=FILL_AREA_STYLE('',(#1879));
#1556=FILL_AREA_STYLE('',(#1880));
#1557=FILL_AREA_STYLE('',(#1881));
#1558=EDGE_CURVE('',#1758,#1755,#1882,.T.);
#1559=FILL_AREA_STYLE('',(#1883));
#1560=FILL_AREA_STYLE('',(#1884));
#1561=FILL_AREA_STYLE('',(#1885));
#1562=EDGE_CURVE('',#1742,#1739,#1886,.T.);
#1563=FILL_AREA_STYLE('',(#1887));
#1564=FILL_AREA_STYLE('',(#1888));
#1565=FILL_AREA_STYLE('',(#1889));
#1566=EDGE_CURVE('',#1726,#1723,#1890,.T.);
#1567=FILL_AREA_STYLE('',(#1891));
#1568=FILL_AREA_STYLE('',(#1892));
#1569=FILL_AREA_STYLE('',(#1893));
#1570=EDGE_CURVE('',#1710,#1707,#1894,.T.);
#1571=FILL_AREA_STYLE('',(#1895));
#1572=FILL_AREA_STYLE('',(#1896));
#1573=EDGE_CURVE('',#1695,#1697,#1897,.T.);
#1574=FILL_AREA_STYLE('',(#1898));
#1575=EDGE_CURVE('',#1687,#1691,#1899,.T.);
#1576=FILL_AREA_STYLE('',(#1900));
#1577=EDGE_CURVE('',#1689,#1686,#1901,.T.);
#1578=FILL_AREA_STYLE('',(#1902));
#1579=FILL_AREA_STYLE('',(#1903));
#1580=EDGE_CURVE('',#1674,#1676,#1904,.T.);
#1581=FILL_AREA_STYLE('',(#1905));
#1582=EDGE_CURVE('',#1666,#1670,#1906,.T.);
#1583=FILL_AREA_STYLE('',(#1907));
#1584=EDGE_CURVE('',#1668,#1665,#1908,.T.);
#1585=FILL_AREA_STYLE('',(#1909));
#1586=FILL_AREA_STYLE('',(#1910));
#1587=EDGE_CURVE('',#1653,#1655,#1911,.T.);
#1588=FILL_AREA_STYLE('',(#1912));
#1589=EDGE_CURVE('',#1645,#1649,#1913,.T.);
#1590=FILL_AREA_STYLE('',(#1914));
#1591=EDGE_CURVE('',#1647,#1644,#1915,.T.);
#1592=FILL_AREA_STYLE('',(#1916));
#1593=FILL_AREA_STYLE('',(#1917));
#1594=EDGE_CURVE('',#1632,#1634,#1918,.T.);
#1595=FILL_AREA_STYLE('',(#1919));
#1596=EDGE_CURVE('',#1624,#1628,#1920,.T.);
#1597=FILL_AREA_STYLE('',(#1921));
#1598=EDGE_CURVE('',#1626,#1623,#1922,.T.);
#1599=FILL_AREA_STYLE('',(#1923));
#1600=FILL_AREA_STYLE('',(#1924));
#1601=EDGE_CURVE('',#1925,#1617,#1926,.T.);
#1602=EDGE_CURVE('',#1619,#1925,#1927,.T.);
#1603=FILL_AREA_STYLE('',(#1928));
#1604=EDGE_CURVE('',#1613,#1609,#1929,.T.);
#1605=FILL_AREA_STYLE('',(#1930));
#1606=FILL_AREA_STYLE('',(#1931));
#1607=FILL_AREA_STYLE_COLOUR('',#1932);
#1608=VERTEX_POINT('',#1933);
#1609=VERTEX_POINT('',#1934);
#1610=LINE('',#1935,#1936);
#1611=VERTEX_POINT('',#1937);
#1612=CIRCLE('',#1938,4.49);
#1613=VERTEX_POINT('',#1939);
#1614=LINE('',#1940,#1941);
#1615=CIRCLE('',#1942,4.49);
#1616=FILL_AREA_STYLE_COLOUR('',#1943);
#1617=VERTEX_POINT('',#1944);
#1618=LINE('',#1945,#1946);
#1619=VERTEX_POINT('',#1947);
#1620=CIRCLE('',#1948,4.25905989232415);
#1621=LINE('',#1949,#1950);
#1622=FILL_AREA_STYLE_COLOUR('',#1951);
#1623=VERTEX_POINT('',#1952);
#1624=VERTEX_POINT('',#1953);
#1625=LINE('',#1954,#1955);
#1626=VERTEX_POINT('',#1956);
#1627=CIRCLE('',#1957,0.176794919243112);
#1628=VERTEX_POINT('',#1958);
#1629=LINE('',#1959,#1960);
#1630=CIRCLE('',#1961,0.35);
#1631=FILL_AREA_STYLE_COLOUR('',#1962);
#1632=VERTEX_POINT('',#1963);
#1633=LINE('',#1964,#1965);
#1634=VERTEX_POINT('',#1966);
#1635=CIRCLE('',#1967,0.35);
#1636=LINE('',#1968,#1969);
#1637=FILL_AREA_STYLE_COLOUR('',#1970);
#1638=VERTEX_POINT('',#1971);
#1639=LINE('',#1972,#1973);
#1640=VERTEX_POINT('',#1974);
#1641=LINE('',#1975,#1976);
#1642=CIRCLE('',#1977,0.400000000000006);
#1643=FILL_AREA_STYLE_COLOUR('',#1978);
#1644=VERTEX_POINT('',#1979);
#1645=VERTEX_POINT('',#1980);
#1646=LINE('',#1981,#1982);
#1647=VERTEX_POINT('',#1983);
#1648=CIRCLE('',#1984,0.176794919243112);
#1649=VERTEX_POINT('',#1985);
#1650=LINE('',#1986,#1987);
#1651=CIRCLE('',#1988,0.35);
#1652=FILL_AREA_STYLE_COLOUR('',#1989);
#1653=VERTEX_POINT('',#1990);
#1654=LINE('',#1991,#1992);
#1655=VERTEX_POINT('',#1993);
#1656=CIRCLE('',#1994,0.35);
#1657=LINE('',#1995,#1996);
#1658=FILL_AREA_STYLE_COLOUR('',#1997);
#1659=VERTEX_POINT('',#1998);
#1660=LINE('',#1999,#2000);
#1661=VERTEX_POINT('',#2001);
#1662=LINE('',#2002,#2003);
#1663=CIRCLE('',#2004,0.400000000000001);
#1664=FILL_AREA_STYLE_COLOUR('',#2005);
#1665=VERTEX_POINT('',#2006);
#1666=VERTEX_POINT('',#2007);
#1667=LINE('',#2008,#2009);
#1668=VERTEX_POINT('',#2010);
#1669=CIRCLE('',#2011,0.176794919243112);
#1670=VERTEX_POINT('',#2012);
#1671=LINE('',#2013,#2014);
#1672=CIRCLE('',#2015,0.35);
#1673=FILL_AREA_STYLE_COLOUR('',#2016);
#1674=VERTEX_POINT('',#2017);
#1675=LINE('',#2018,#2019);
#1676=VERTEX_POINT('',#2020);
#1677=CIRCLE('',#2021,0.35);
#1678=LINE('',#2022,#2023);
#1679=FILL_AREA_STYLE_COLOUR('',#2024);
#1680=VERTEX_POINT('',#2025);
#1681=LINE('',#2026,#2027);
#1682=VERTEX_POINT('',#2028);
#1683=LINE('',#2029,#2030);
#1684=CIRCLE('',#2031,0.400000000000003);
#1685=FILL_AREA_STYLE_COLOUR('',#2032);
#1686=VERTEX_POINT('',#2033);
#1687=VERTEX_POINT('',#2034);
#1688=LINE('',#2035,#2036);
#1689=VERTEX_POINT('',#2037);
#1690=CIRCLE('',#2038,0.176794919243112);
#1691=VERTEX_POINT('',#2039);
#1692=LINE('',#2040,#2041);
#1693=CIRCLE('',#2042,0.35);
#1694=FILL_AREA_STYLE_COLOUR('',#2043);
#1695=VERTEX_POINT('',#2044);
#1696=LINE('',#2045,#2046);
#1697=VERTEX_POINT('',#2047);
#1698=CIRCLE('',#2048,0.35);
#1699=LINE('',#2049,#2050);
#1700=FILL_AREA_STYLE_COLOUR('',#2051);
#1701=VERTEX_POINT('',#2052);
#1702=LINE('',#2053,#2054);
#1703=VERTEX_POINT('',#2055);
#1704=LINE('',#2056,#2057);
#1705=CIRCLE('',#2058,0.399999999999997);
#1706=FILL_AREA_STYLE_COLOUR('',#2059);
#1707=VERTEX_POINT('',#2060);
#1708=VERTEX_POINT('',#2061);
#1709=LINE('',#2062,#2063);
#1710=VERTEX_POINT('',#2064);
#1711=CIRCLE('',#2065,0.176794919243112);
#1712=VERTEX_POINT('',#2066);
#1713=LINE('',#2067,#2068);
#1714=CIRCLE('',#2069,0.349999999999999);
#1715=FILL_AREA_STYLE_COLOUR('',#2070);
#1716=VERTEX_POINT('',#2071);
#1717=LINE('',#2072,#2073);
#1718=CIRCLE('',#2074,0.349999999999999);
#1719=VERTEX_POINT('',#2075);
#1720=LINE('',#2076,#2077);
#1721=CIRCLE('',#2078,0.349999999999999);
#1722=FILL_AREA_STYLE_COLOUR('',#2079);
#1723=VERTEX_POINT('',#2080);
#1724=VERTEX_POINT('',#2081);
#1725=LINE('',#2082,#2083);
#1726=VERTEX_POINT('',#2084);
#1727=CIRCLE('',#2085,0.176794919243113);
#1728=VERTEX_POINT('',#2086);
#1729=LINE('',#2087,#2088);
#1730=CIRCLE('',#2089,0.349999999999999);
#1731=FILL_AREA_STYLE_COLOUR('',#2090);
#1732=VERTEX_POINT('',#2091);
#1733=LINE('',#2092,#2093);
#1734=CIRCLE('',#2094,0.349999999999999);
#1735=VERTEX_POINT('',#2095);
#1736=LINE('',#2096,#2097);
#1737=CIRCLE('',#2098,0.349999999999999);
#1738=FILL_AREA_STYLE_COLOUR('',#2099);
#1739=VERTEX_POINT('',#2100);
#1740=VERTEX_POINT('',#2101);
#1741=LINE('',#2102,#2103);
#1742=VERTEX_POINT('',#2104);
#1743=CIRCLE('',#2105,0.176794919243113);
#1744=VERTEX_POINT('',#2106);
#1745=LINE('',#2107,#2108);
#1746=CIRCLE('',#2109,0.349999999999999);
#1747=FILL_AREA_STYLE_COLOUR('',#2110);
#1748=VERTEX_POINT('',#2111);
#1749=LINE('',#2112,#2113);
#1750=CIRCLE('',#2114,0.349999999999999);
#1751=VERTEX_POINT('',#2115);
#1752=LINE('',#2116,#2117);
#1753=CIRCLE('',#2118,0.349999999999999);
#1754=FILL_AREA_STYLE_COLOUR('',#2119);
#1755=VERTEX_POINT('',#2120);
#1756=VERTEX_POINT('',#2121);
#1757=LINE('',#2122,#2123);
#1758=VERTEX_POINT('',#2124);
#1759=CIRCLE('',#2125,0.176794919243112);
#1760=VERTEX_POINT('',#2126);
#1761=LINE('',#2127,#2128);
#1762=CIRCLE('',#2129,0.349999999999999);
#1763=FILL_AREA_STYLE_COLOUR('',#2130);
#1764=VERTEX_POINT('',#2131);
#1765=LINE('',#2132,#2133);
#1766=CIRCLE('',#2134,0.349999999999999);
#1767=VERTEX_POINT('',#2135);
#1768=LINE('',#2136,#2137);
#1769=CIRCLE('',#2138,0.349999999999999);
#1770=FILL_AREA_STYLE_COLOUR('',#2139);
#1771=VERTEX_POINT('',#2140);
#1772=VERTEX_POINT('',#2141);
#1773=LINE('',#2142,#2143);
#1774=VERTEX_POINT('',#2144);
#1775=CIRCLE('',#2145,0.176794919243112);
#1776=VERTEX_POINT('',#2146);
#1777=LINE('',#2147,#2148);
#1778=CIRCLE('',#2149,0.349999999999999);
#1779=FILL_AREA_STYLE_COLOUR('',#2150);
#1780=VERTEX_POINT('',#2151);
#1781=LINE('',#2152,#2153);
#1782=CIRCLE('',#2154,0.349999999999999);
#1783=VERTEX_POINT('',#2155);
#1784=LINE('',#2156,#2157);
#1785=CIRCLE('',#2158,0.349999999999999);
#1786=FILL_AREA_STYLE_COLOUR('',#2159);
#1787=VERTEX_POINT('',#2160);
#1788=VERTEX_POINT('',#2161);
#1789=LINE('',#2162,#2163);
#1790=VERTEX_POINT('',#2164);
#1791=CIRCLE('',#2165,0.176794919243112);
#1792=VERTEX_POINT('',#2166);
#1793=LINE('',#2167,#2168);
#1794=CIRCLE('',#2169,0.349999999999999);
#1795=FILL_AREA_STYLE_COLOUR('',#2170);
#1796=VERTEX_POINT('',#2171);
#1797=LINE('',#2172,#2173);
#1798=CIRCLE('',#2174,0.349999999999999);
#1799=VERTEX_POINT('',#2175);
#1800=LINE('',#2176,#2177);
#1801=CIRCLE('',#2178,0.349999999999999);
#1802=FILL_AREA_STYLE_COLOUR('',#2179);
#1803=VERTEX_POINT('',#2180);
#1804=VERTEX_POINT('',#2181);
#1805=LINE('',#2182,#2183);
#1806=VERTEX_POINT('',#2184);
#1807=CIRCLE('',#2185,0.176794919243112);
#1808=VERTEX_POINT('',#2186);
#1809=LINE('',#2187,#2188);
#1810=CIRCLE('',#2189,0.349999999999999);
#1811=FILL_AREA_STYLE_COLOUR('',#2190);
#1812=VERTEX_POINT('',#2191);
#1813=LINE('',#2192,#2193);
#1814=CIRCLE('',#2194,0.349999999999999);
#1815=VERTEX_POINT('',#2195);
#1816=LINE('',#2196,#2197);
#1817=CIRCLE('',#2198,0.349999999999999);
#1818=FILL_AREA_STYLE_COLOUR('',#2199);
#1819=VERTEX_POINT('',#2200);
#1820=VERTEX_POINT('',#2201);
#1821=LINE('',#2202,#2203);
#1822=VERTEX_POINT('',#2204);
#1823=CIRCLE('',#2205,10.0);
#1824=VERTEX_POINT('',#2206);
#1825=LINE('',#2207,#2208);
#1826=ELLIPSE('',#2209,14.142135623731,10.0);
#1827=FILL_AREA_STYLE_COLOUR('',#2210);
#1828=VERTEX_POINT('',#2211);
#1829=VERTEX_POINT('',#2212);
#1830=LINE('',#2213,#2214);
#1831=VERTEX_POINT('',#2215);
#1832=LINE('',#2216,#2217);
#1833=LINE('',#2218,#2219);
#1834=CIRCLE('',#2220,10.0);
#1835=CIRCLE('',#2221,4.49);
#1836=FILL_AREA_STYLE_COLOUR('',#2222);
#1837=VERTEX_POINT('',#2223);
#1838=ELLIPSE('',#2224,14.142135623731,10.0);
#1839=LINE('',#2225,#2226);
#1840=FILL_AREA_STYLE_COLOUR('',#2227);
#1841=VERTEX_POINT('',#2228);
#1842=LINE('',#2229,#2230);
#1843=VERTEX_POINT('',#2231);
#1844=LINE('',#2232,#2233);
#1845=LINE('',#2234,#2235);
#1846=FILL_AREA_STYLE_COLOUR('',#2236);
#1847=VERTEX_POINT('',#2237);
#1848=LINE('',#2238,#2239);
#1849=VERTEX_POINT('',#2240);
#1850=LINE('',#2241,#2242);
#1851=LINE('',#2243,#2244);
#1852=FILL_AREA_STYLE_COLOUR('',#2245);
#1853=LINE('',#2246,#2247);
#1854=FILL_AREA_STYLE_COLOUR('',#2248);
#1855=LINE('',#2249,#2250);
#1856=CIRCLE('',#2251,0.349999999999999);
#1857=CIRCLE('',#2252,0.349999999999999);
#1858=CIRCLE('',#2253,0.349999999999999);
#1859=CIRCLE('',#2254,0.349999999999999);
#1860=CIRCLE('',#2255,0.349999999999999);
#1861=CIRCLE('',#2256,0.349999999999999);
#1862=CIRCLE('',#2257,0.349999999999999);
#1863=CIRCLE('',#2258,0.400000000000001);
#1864=CIRCLE('',#2259,0.400000000000006);
#1865=CIRCLE('',#2260,0.399999999999997);
#1866=CIRCLE('',#2261,0.400000000000003);
#1867=FILL_AREA_STYLE_COLOUR('',#2262);
#1868=FILL_AREA_STYLE_COLOUR('',#2263);
#1869=FILL_AREA_STYLE_COLOUR('',#2264);
#1870=CIRCLE('',#2265,0.176794919243112);
#1871=FILL_AREA_STYLE_COLOUR('',#2266);
#1872=FILL_AREA_STYLE_COLOUR('',#2267);
#1873=FILL_AREA_STYLE_COLOUR('',#2268);
#1874=CIRCLE('',#2269,0.176794919243112);
#1875=FILL_AREA_STYLE_COLOUR('',#2270);
#1876=FILL_AREA_STYLE_COLOUR('',#2271);
#1877=FILL_AREA_STYLE_COLOUR('',#2272);
#1878=CIRCLE('',#2273,0.176794919243112);
#1879=FILL_AREA_STYLE_COLOUR('',#2274);
#1880=FILL_AREA_STYLE_COLOUR('',#2275);
#1881=FILL_AREA_STYLE_COLOUR('',#2276);
#1882=CIRCLE('',#2277,0.176794919243112);
#1883=FILL_AREA_STYLE_COLOUR('',#2278);
#1884=FILL_AREA_STYLE_COLOUR('',#2279);
#1885=FILL_AREA_STYLE_COLOUR('',#2280);
#1886=CIRCLE('',#2281,0.176794919243113);
#1887=FILL_AREA_STYLE_COLOUR('',#2282);
#1888=FILL_AREA_STYLE_COLOUR('',#2283);
#1889=FILL_AREA_STYLE_COLOUR('',#2284);
#1890=CIRCLE('',#2285,0.176794919243113);
#1891=FILL_AREA_STYLE_COLOUR('',#2286);
#1892=FILL_AREA_STYLE_COLOUR('',#2287);
#1893=FILL_AREA_STYLE_COLOUR('',#2288);
#1894=CIRCLE('',#2289,0.176794919243112);
#1895=FILL_AREA_STYLE_COLOUR('',#2290);
#1896=FILL_AREA_STYLE_COLOUR('',#2291);
#1897=CIRCLE('',#2292,0.35);
#1898=FILL_AREA_STYLE_COLOUR('',#2293);
#1899=CIRCLE('',#2294,0.35);
#1900=FILL_AREA_STYLE_COLOUR('',#2295);
#1901=CIRCLE('',#2296,0.176794919243112);
#1902=FILL_AREA_STYLE_COLOUR('',#2297);
#1903=FILL_AREA_STYLE_COLOUR('',#2298);
#1904=CIRCLE('',#2299,0.35);
#1905=FILL_AREA_STYLE_COLOUR('',#2300);
#1906=CIRCLE('',#2301,0.35);
#1907=FILL_AREA_STYLE_COLOUR('',#2302);
#1908=CIRCLE('',#2303,0.176794919243112);
#1909=FILL_AREA_STYLE_COLOUR('',#2304);
#1910=FILL_AREA_STYLE_COLOUR('',#2305);
#1911=CIRCLE('',#2306,0.35);
#1912=FILL_AREA_STYLE_COLOUR('',#2307);
#1913=CIRCLE('',#2308,0.35);
#1914=FILL_AREA_STYLE_COLOUR('',#2309);
#1915=CIRCLE('',#2310,0.176794919243112);
#1916=FILL_AREA_STYLE_COLOUR('',#2311);
#1917=FILL_AREA_STYLE_COLOUR('',#2312);
#1918=CIRCLE('',#2313,0.35);
#1919=FILL_AREA_STYLE_COLOUR('',#2314);
#1920=CIRCLE('',#2315,0.35);
#1921=FILL_AREA_STYLE_COLOUR('',#2316);
#1922=CIRCLE('',#2317,0.176794919243112);
#1923=FILL_AREA_STYLE_COLOUR('',#2318);
#1924=FILL_AREA_STYLE_COLOUR('',#2319);
#1925=VERTEX_POINT('',#2320);
#1926=CIRCLE('',#2321,4.25905989232415);
#1927=CIRCLE('',#2322,4.25905989232415);
#1928=FILL_AREA_STYLE_COLOUR('',#2323);
#1929=CIRCLE('',#2324,4.49);
#1930=FILL_AREA_STYLE_COLOUR('',#2325);
#1931=FILL_AREA_STYLE_COLOUR('',#2326);
#1932=COLOUR_RGB('',0.968627452850342,0.964705884456635,0.917647063732147);
#1933=CARTESIAN_POINT('',(-11.7,4.49,5.49848252866247E-16));
#1934=CARTESIAN_POINT('',(-0.400000000000003,4.49,5.49866412817162E-16));
#1935=CARTESIAN_POINT('',(-6.25,4.49,5.49848252866247E-16));
#1936=VECTOR('',#2327,1.0);
#1937=CARTESIAN_POINT('',(-11.7,-4.49,-5.49866412817162E-16));
#1938=AXIS2_PLACEMENT_3D('',#2328,#2329,#2330);
#1939=CARTESIAN_POINT('',(-0.400000000000003,-4.49,-5.49866412817162E-16));
#1940=CARTESIAN_POINT('',(-6.25,-4.49,-5.49866412817162E-16));
#1941=VECTOR('',#2331,4.49);
#1942=AXIS2_PLACEMENT_3D('',#2332,#2333,#2334);
#1943=COLOUR_RGB('',0.968627452850342,0.964705884456635,0.917647063732147);
#1944=CARTESIAN_POINT('',(-1.21319852624056E-16,-4.25905989232415,5.2156718054502E-16));
#1945=CARTESIAN_POINT('',(-0.200000000000002,-4.37452994616208,5.35707716705635E-16));
#1946=VECTOR('',#2335,1.0);
#1947=CARTESIAN_POINT('',(-3.81639164714898E-16,4.25905989232415,5.21584406451164E-16));
#1948=AXIS2_PLACEMENT_3D('',#2336,#2337,#2338);
#1949=CARTESIAN_POINT('',(-0.200000000000002,4.37452994616208,5.35725409634163E-16));
#1950=VECTOR('',#2339,4.37452994616208);
#1951=COLOUR_RGB('',0.819607853889465,0.670588254928589,0.0392156876623631);
#1952=CARTESIAN_POINT('',(-14.7567949192431,-9.90000000000001,3.81));
#1953=CARTESIAN_POINT('',(-14.93,-9.60000000000001,3.81));
#1954=CARTESIAN_POINT('',(-14.8433974596216,-9.75000000000001,3.81));
#1955=VECTOR('',#2340,1.0);
#1956=CARTESIAN_POINT('',(-14.4032050807569,-9.90000000000001,3.81));
#1957=AXIS2_PLACEMENT_3D('',#2341,#2342,#2343);
#1958=CARTESIAN_POINT('',(-14.23,-9.60000000000001,3.81));
#1959=CARTESIAN_POINT('',(-14.3166025403784,-9.75000000000001,3.81));
#1960=VECTOR('',#2344,0.263397459621556);
#1961=AXIS2_PLACEMENT_3D('',#2345,#2346,#2347);
#1962=COLOUR_RGB('',0.819607853889465,0.670588254928589,0.0392156876623631);
#1963=CARTESIAN_POINT('',(-14.23,-6.75000000000001,3.81));
#1964=CARTESIAN_POINT('',(-14.23,-8.25000000000001,3.81));
#1965=VECTOR('',#2348,1.0);
#1966=CARTESIAN_POINT('',(-14.93,-6.75000000000001,3.81));
#1967=AXIS2_PLACEMENT_3D('',#2349,#2350,#2351);
#1968=CARTESIAN_POINT('',(-14.93,-8.25000000000001,3.81));
#1969=VECTOR('',#2352,0.35);
#1970=COLOUR_RGB('',0.819607853889465,0.670588254928589,0.0392156876623631);
#1971=CARTESIAN_POINT('',(-14.98,-6.7,3.81));
#1972=CARTESIAN_POINT('',(-15.005,-6.67500000000001,3.81));
#1973=VECTOR('',#2353,1.0);
#1974=CARTESIAN_POINT('',(-14.18,-6.7,3.81));
#1975=CARTESIAN_POINT('',(-14.155,-6.67500000000001,3.81));
#1976=VECTOR('',#2354,0.425);
#1977=AXIS2_PLACEMENT_3D('',#2355,#2356,#2357);
#1978=COLOUR_RGB('',0.819607853889465,0.670588254928589,0.0392156876623631);
#1979=CARTESIAN_POINT('',(-14.4032050807569,-9.9,-3.81));
#1980=CARTESIAN_POINT('',(-14.23,-9.6,-3.81));
#1981=CARTESIAN_POINT('',(-14.3166025403784,-9.75,-3.81));
#1982=VECTOR('',#2358,1.0);
#1983=CARTESIAN_POINT('',(-14.7567949192431,-9.9,-3.81));
#1984=AXIS2_PLACEMENT_3D('',#2359,#2360,#2361);
#1985=CARTESIAN_POINT('',(-14.93,-9.6,-3.81));
#1986=CARTESIAN_POINT('',(-14.8433974596216,-9.75,-3.81));
#1987=VECTOR('',#2362,0.263397459621556);
#1988=AXIS2_PLACEMENT_3D('',#2363,#2364,#2365);
#1989=COLOUR_RGB('',0.819607853889465,0.670588254928589,0.0392156876623631);
#1990=CARTESIAN_POINT('',(-14.93,-6.75,-3.81));
#1991=CARTESIAN_POINT('',(-14.93,-8.25,-3.81));
#1992=VECTOR('',#2366,1.0);
#1993=CARTESIAN_POINT('',(-14.23,-6.75,-3.81));
#1994=AXIS2_PLACEMENT_3D('',#2367,#2368,#2369);
#1995=CARTESIAN_POINT('',(-14.23,-8.25,-3.81));
#1996=VECTOR('',#2370,0.35);
#1997=COLOUR_RGB('',0.819607853889465,0.670588254928589,0.0392156876623631);
#1998=CARTESIAN_POINT('',(-14.18,-6.7,-3.81));
#1999=CARTESIAN_POINT('',(-14.155,-6.675,-3.81));
#2000=VECTOR('',#2371,1.0);
#2001=CARTESIAN_POINT('',(-14.98,-6.7,-3.81));
#2002=CARTESIAN_POINT('',(-15.005,-6.675,-3.81));
#2003=VECTOR('',#2372,0.425);
#2004=AXIS2_PLACEMENT_3D('',#2373,#2374,#2375);
#2005=COLOUR_RGB('',0.819607853889465,0.670588254928589,0.0392156876623631);
#2006=CARTESIAN_POINT('',(-22.0232050807569,-9.9,3.81));
#2007=CARTESIAN_POINT('',(-21.85,-9.6,3.81));
#2008=CARTESIAN_POINT('',(-21.9366025403784,-9.75,3.81));
#2009=VECTOR('',#2376,1.0);
#2010=CARTESIAN_POINT('',(-22.3767949192431,-9.9,3.81));
#2011=AXIS2_PLACEMENT_3D('',#2377,#2378,#2379);
#2012=CARTESIAN_POINT('',(-22.55,-9.6,3.81));
#2013=CARTESIAN_POINT('',(-22.4633974596216,-9.75,3.81));
#2014=VECTOR('',#2380,0.263397459621556);
#2015=AXIS2_PLACEMENT_3D('',#2381,#2382,#2383);
#2016=COLOUR_RGB('',0.819607853889465,0.670588254928589,0.0392156876623631);
#2017=CARTESIAN_POINT('',(-22.55,-6.75,3.81));
#2018=CARTESIAN_POINT('',(-22.55,-8.25,3.81));
#2019=VECTOR('',#2384,1.0);
#2020=CARTESIAN_POINT('',(-21.85,-6.75,3.81));
#2021=AXIS2_PLACEMENT_3D('',#2385,#2386,#2387);
#2022=CARTESIAN_POINT('',(-21.85,-8.25,3.81));
#2023=VECTOR('',#2388,0.35);
#2024=COLOUR_RGB('',0.819607853889465,0.670588254928589,0.0392156876623631);
#2025=CARTESIAN_POINT('',(-21.8,-6.7,3.81));
#2026=CARTESIAN_POINT('',(-21.775,-6.675,3.81));
#2027=VECTOR('',#2389,1.0);
#2028=CARTESIAN_POINT('',(-22.6,-6.7,3.81));
#2029=CARTESIAN_POINT('',(-22.625,-6.675,3.81));
#2030=VECTOR('',#2390,0.425);
#2031=AXIS2_PLACEMENT_3D('',#2391,#2392,#2393);
#2032=COLOUR_RGB('',0.819607853889465,0.670588254928589,0.0392156876623631);
#2033=CARTESIAN_POINT('',(-22.3767949192431,-9.9,-3.81));
#2034=CARTESIAN_POINT('',(-22.55,-9.6,-3.81));
#2035=CARTESIAN_POINT('',(-22.4633974596216,-9.75,-3.81));
#2036=VECTOR('',#2394,1.0);
#2037=CARTESIAN_POINT('',(-22.0232050807569,-9.9,-3.81));
#2038=AXIS2_PLACEMENT_3D('',#2395,#2396,#2397);
#2039=CARTESIAN_POINT('',(-21.85,-9.6,-3.81));
#2040=CARTESIAN_POINT('',(-21.9366025403785,-9.75,-3.81));
#2041=VECTOR('',#2398,0.263397459621556);
#2042=AXIS2_PLACEMENT_3D('',#2399,#2400,#2401);
#2043=COLOUR_RGB('',0.819607853889465,0.670588254928589,0.0392156876623631);
#2044=CARTESIAN_POINT('',(-21.85,-6.75,-3.81));
#2045=CARTESIAN_POINT('',(-21.85,-8.25,-3.81));
#2046=VECTOR('',#2402,1.0);
#2047=CARTESIAN_POINT('',(-22.55,-6.75,-3.81));
#2048=AXIS2_PLACEMENT_3D('',#2403,#2404,#2405);
#2049=CARTESIAN_POINT('',(-22.55,-8.25,-3.81));
#2050=VECTOR('',#2406,0.35);
#2051=COLOUR_RGB('',0.819607853889465,0.670588254928589,0.0392156876623631);
#2052=CARTESIAN_POINT('',(-22.6,-6.70000000000001,-3.81));
#2053=CARTESIAN_POINT('',(-22.625,-6.675,-3.81));
#2054=VECTOR('',#2407,1.0);
#2055=CARTESIAN_POINT('',(-21.8,-6.70000000000001,-3.81));
#2056=CARTESIAN_POINT('',(-21.775,-6.675,-3.81));
#2057=VECTOR('',#2408,0.425);
#2058=AXIS2_PLACEMENT_3D('',#2409,#2410,#2411);
#2059=COLOUR_RGB('',0.819607853889465,0.670588254928589,0.0392156876623631);
#2060=CARTESIAN_POINT('',(-19.4732050807569,-9.87134589227763,1.26754909220377));
#2061=CARTESIAN_POINT('',(-19.3,-9.57134589227763,1.26754909220377));
#2062=CARTESIAN_POINT('',(-19.3866025403784,-9.72134589227763,1.26754909220377));
#2063=VECTOR('',#2412,1.0);
#2064=CARTESIAN_POINT('',(-19.8267949192431,-9.87134589227763,1.26754909220377));
#2065=AXIS2_PLACEMENT_3D('',#2413,#2414,#2415);
#2066=CARTESIAN_POINT('',(-20.0,-9.57134589227763,1.26754909220377));
#2067=CARTESIAN_POINT('',(-19.9133974596216,-9.72134589227763,1.26754909220377));
#2068=VECTOR('',#2416,0.263397459621555);
#2069=AXIS2_PLACEMENT_3D('',#2417,#2418,#2419);
#2070=COLOUR_RGB('',0.819607853889465,0.670588254928589,0.0392156876623631);
#2071=CARTESIAN_POINT('',(-20.0,-6.70000000000001,1.26754909220376));
#2072=CARTESIAN_POINT('',(-20.0,-8.13567294613882,1.26754909220376));
#2073=VECTOR('',#2420,1.0);
#2074=AXIS2_PLACEMENT_3D('',#2421,#2422,#2423);
#2075=CARTESIAN_POINT('',(-19.3,-6.70000000000001,1.26754909220376));
#2076=CARTESIAN_POINT('',(-19.3,-2.58196767054254,1.26754909220376));
#2077=VECTOR('',#2424,0.349999999999999);
#2078=AXIS2_PLACEMENT_3D('',#2425,#2426,#2427);
#2079=COLOUR_RGB('',0.819607853889465,0.670588254928589,0.0392156876623631);
#2080=CARTESIAN_POINT('',(-22.0232050807569,-9.85526867840626,-1.23175117782213));
#2081=CARTESIAN_POINT('',(-21.85,-9.55526867840626,-1.23175117782213));
#2082=CARTESIAN_POINT('',(-21.9366025403784,-9.70526867840626,-1.23175117782213));
#2083=VECTOR('',#2428,1.0);
#2084=CARTESIAN_POINT('',(-22.3767949192431,-9.85526867840626,-1.23175117782213));
#2085=AXIS2_PLACEMENT_3D('',#2429,#2430,#2431);
#2086=CARTESIAN_POINT('',(-22.55,-9.55526867840626,-1.23175117782213));
#2087=CARTESIAN_POINT('',(-22.4633974596216,-9.70526867840626,-1.23175117782213));
#2088=VECTOR('',#2432,0.263397459621556);
#2089=AXIS2_PLACEMENT_3D('',#2433,#2434,#2435);
#2090=COLOUR_RGB('',0.819607853889465,0.670588254928589,0.0392156876623631);
#2091=CARTESIAN_POINT('',(-22.55,-6.70000000000001,-1.23175117782213));
#2092=CARTESIAN_POINT('',(-22.55,-8.12763433920314,-1.23175117782213));
#2093=VECTOR('',#2436,1.0);
#2094=AXIS2_PLACEMENT_3D('',#2437,#2438,#2439);
#2095=CARTESIAN_POINT('',(-21.85,-6.70000000000001,-1.23175117782213));
#2096=CARTESIAN_POINT('',(-21.85,-0.640890456671168,-1.23175117782213));
#2097=VECTOR('',#2440,0.349999999999999);
#2098=AXIS2_PLACEMENT_3D('',#2441,#2442,#2443);
#2099=COLOUR_RGB('',0.819607853889465,0.670588254928589,0.0392156876623631);
#2100=CARTESIAN_POINT('',(-22.0232050807569,-9.85526867840622,1.23175117782214));
#2101=CARTESIAN_POINT('',(-21.85,-9.55526867840623,1.23175117782214));
#2102=CARTESIAN_POINT('',(-21.9366025403784,-9.70526867840622,1.23175117782214));
#2103=VECTOR('',#2444,1.0);
#2104=CARTESIAN_POINT('',(-22.3767949192431,-9.85526867840622,1.23175117782214));
#2105=AXIS2_PLACEMENT_3D('',#2445,#2446,#2447);
#2106=CARTESIAN_POINT('',(-22.55,-9.55526867840623,1.23175117782214));
#2107=CARTESIAN_POINT('',(-22.4633974596216,-9.70526867840622,1.23175117782214));
#2108=VECTOR('',#2448,0.263397459621556);
#2109=AXIS2_PLACEMENT_3D('',#2449,#2450,#2451);
#2110=COLOUR_RGB('',0.819607853889465,0.670588254928589,0.0392156876623631);
#2111=CARTESIAN_POINT('',(-22.55,-6.69999999999998,1.23175117782214));
#2112=CARTESIAN_POINT('',(-22.55,-8.12763433920311,1.23175117782214));
#2113=VECTOR('',#2452,1.0);
#2114=AXIS2_PLACEMENT_3D('',#2453,#2454,#2455);
#2115=CARTESIAN_POINT('',(-21.85,-6.69999999999999,1.23175117782214));
#2116=CARTESIAN_POINT('',(-21.85,-0.640890456671135,1.23175117782214));
#2117=VECTOR('',#2456,0.349999999999999);
#2118=AXIS2_PLACEMENT_3D('',#2457,#2458,#2459);
#2119=COLOUR_RGB('',0.819607853889465,0.670588254928589,0.0392156876623631);
#2120=CARTESIAN_POINT('',(-19.4732050807569,-9.87134589227764,-1.26754909220376));
#2121=CARTESIAN_POINT('',(-19.3,-9.57134589227764,-1.26754909220376));
#2122=CARTESIAN_POINT('',(-19.3866025403784,-9.72134589227764,-1.26754909220376));
#2123=VECTOR('',#2460,1.0);
#2124=CARTESIAN_POINT('',(-19.8267949192431,-9.87134589227764,-1.26754909220376));
#2125=AXIS2_PLACEMENT_3D('',#2461,#2462,#2463);
#2126=CARTESIAN_POINT('',(-20.0,-9.57134589227764,-1.26754909220376));
#2127=CARTESIAN_POINT('',(-19.9133974596216,-9.72134589227764,-1.26754909220376));
#2128=VECTOR('',#2464,0.263397459621555);
#2129=AXIS2_PLACEMENT_3D('',#2465,#2466,#2467);
#2130=COLOUR_RGB('',0.819607853889465,0.670588254928589,0.0392156876623631);
#2131=CARTESIAN_POINT('',(-20.0,-6.69999999999999,-1.26754909220376));
#2132=CARTESIAN_POINT('',(-20.0,-8.13567294613881,-1.26754909220376));
#2133=VECTOR('',#2468,1.0);
#2134=AXIS2_PLACEMENT_3D('',#2469,#2470,#2471);
#2135=CARTESIAN_POINT('',(-19.3,-6.69999999999999,-1.26754909220376));
#2136=CARTESIAN_POINT('',(-19.3,-2.58196767054255,-1.26754909220376));
#2137=VECTOR('',#2472,0.349999999999999);
#2138=AXIS2_PLACEMENT_3D('',#2473,#2474,#2475);
#2139=COLOUR_RGB('',0.819607853889465,0.670588254928589,0.0392156876623631);
#2140=CARTESIAN_POINT('',(-16.9432050807569,-9.80381513869684,1.20851865416644));
#2141=CARTESIAN_POINT('',(-16.77,-9.50381513869685,1.20851865416644));
#2142=CARTESIAN_POINT('',(-16.8566025403784,-9.65381513869685,1.20851865416644));
#2143=VECTOR('',#2476,1.0);
#2144=CARTESIAN_POINT('',(-17.2967949192431,-9.80381513869684,1.20851865416644));
#2145=AXIS2_PLACEMENT_3D('',#2477,#2478,#2479);
#2146=CARTESIAN_POINT('',(-17.47,-9.50381513869685,1.20851865416644));
#2147=CARTESIAN_POINT('',(-17.3833974596215,-9.65381513869685,1.20851865416644));
#2148=VECTOR('',#2480,0.263397459621555);
#2149=AXIS2_PLACEMENT_3D('',#2481,#2482,#2483);
#2150=COLOUR_RGB('',0.819607853889465,0.670588254928589,0.0392156876623631);
#2151=CARTESIAN_POINT('',(-17.47,-6.70000000000001,1.20851865416644));
#2152=CARTESIAN_POINT('',(-17.47,-8.10190756934843,1.20851865416644));
#2153=VECTOR('',#2484,1.0);
#2154=AXIS2_PLACEMENT_3D('',#2485,#2486,#2487);
#2155=CARTESIAN_POINT('',(-16.77,-6.70000000000001,1.20851865416644));
#2156=CARTESIAN_POINT('',(-16.77,-4.43943691696175,1.20851865416644));
#2157=VECTOR('',#2488,0.349999999999999);
#2158=AXIS2_PLACEMENT_3D('',#2489,#2490,#2491);
#2159=COLOUR_RGB('',0.819607853889465,0.670588254928589,0.0392156876623631);
#2160=CARTESIAN_POINT('',(-16.9432050807569,-9.80381513869687,-1.20851865416644));
#2161=CARTESIAN_POINT('',(-16.77,-9.50381513869687,-1.20851865416644));
#2162=CARTESIAN_POINT('',(-16.8566025403784,-9.65381513869687,-1.20851865416644));
#2163=VECTOR('',#2492,1.0);
#2164=CARTESIAN_POINT('',(-17.2967949192431,-9.80381513869687,-1.20851865416644));
#2165=AXIS2_PLACEMENT_3D('',#2493,#2494,#2495);
#2166=CARTESIAN_POINT('',(-17.47,-9.50381513869687,-1.20851865416644));
#2167=CARTESIAN_POINT('',(-17.3833974596216,-9.65381513869687,-1.20851865416644));
#2168=VECTOR('',#2496,0.263397459621555);
#2169=AXIS2_PLACEMENT_3D('',#2497,#2498,#2499);
#2170=COLOUR_RGB('',0.819607853889465,0.670588254928589,0.0392156876623631);
#2171=CARTESIAN_POINT('',(-17.47,-6.70000000000002,-1.20851865416644));
#2172=CARTESIAN_POINT('',(-17.47,-8.10190756934845,-1.20851865416644));
#2173=VECTOR('',#2500,1.0);
#2174=AXIS2_PLACEMENT_3D('',#2501,#2502,#2503);
#2175=CARTESIAN_POINT('',(-16.77,-6.70000000000002,-1.20851865416644));
#2176=CARTESIAN_POINT('',(-16.77,-4.43943691696178,-1.20851865416644));
#2177=VECTOR('',#2504,0.349999999999999);
#2178=AXIS2_PLACEMENT_3D('',#2505,#2506,#2507);
#2179=COLOUR_RGB('',0.819607853889465,0.670588254928589,0.0392156876623631);
#2180=CARTESIAN_POINT('',(-18.2232050807569,-9.87942495882687,-1.95057033584781E-15));
#2181=CARTESIAN_POINT('',(-18.05,-9.57942495882687,-1.91347188693986E-15));
#2182=CARTESIAN_POINT('',(-18.1366025403784,-9.72942495882687,-1.93202040360065E-15));
#2183=VECTOR('',#2508,1.0);
#2184=CARTESIAN_POINT('',(-18.5767949192431,-9.87942495882687,-1.90307539649628E-15));
#2185=AXIS2_PLACEMENT_3D('',#2509,#2510,#2511);
#2186=CARTESIAN_POINT('',(-18.75,-9.57942495882687,-1.90516742690335E-15));
#2187=CARTESIAN_POINT('',(-18.6633974596216,-9.72942495882687,-1.86125912399645E-15));
#2188=VECTOR('',#2512,0.263397459621555);
#2189=AXIS2_PLACEMENT_3D('',#2513,#2514,#2515);
#2190=COLOUR_RGB('',0.819607853889465,0.670588254928589,0.0392156876623631);
#2191=CARTESIAN_POINT('',(-18.75,-6.69999999999999,-1.24005535176792E-15));
#2192=CARTESIAN_POINT('',(-18.75,-8.13971247941343,-1.52975016695186E-15));
#2193=VECTOR('',#2516,1.0);
#2194=AXIS2_PLACEMENT_3D('',#2517,#2518,#2519);
#2195=CARTESIAN_POINT('',(-18.05,-6.69999999999999,-1.24835698063168E-15));
#2196=CARTESIAN_POINT('',(-18.05,-3.21504673709178,-6.32849957860409E-16));
#2197=VECTOR('',#2520,0.349999999999999);
#2198=AXIS2_PLACEMENT_3D('',#2521,#2522,#2523);
#2199=COLOUR_RGB('',0.847058832645416,0.835294127464294,0.737254917621613);
#2200=CARTESIAN_POINT('',(-11.7,6.0,-1.22460635382238E-15));
#2201=CARTESIAN_POINT('',(-19.2,6.00000000000003,-1.22460635382238E-15));
#2202=CARTESIAN_POINT('',(-16.3948335422575,6.0,-1.22460635382238E-15));
#2203=VECTOR('',#2524,1.0);
#2204=CARTESIAN_POINT('',(-11.7,4.11033291548504,-5.85));
#2205=AXIS2_PLACEMENT_3D('',#2525,#2526,#2527);
#2206=CARTESIAN_POINT('',(-21.089667084515,4.11033291548503,-5.85));
#2207=CARTESIAN_POINT('',(-18.35,4.11033291548503,-5.85));
#2208=VECTOR('',#2528,10.0);
#2209=AXIS2_PLACEMENT_3D('',#2529,#2530,#2531);
#2210=COLOUR_RGB('',0.847058832645416,0.835294127464294,0.737254917621613);
#2211=CARTESIAN_POINT('',(-11.7,4.11033291548503,5.85));
#2212=CARTESIAN_POINT('',(-11.7,-6.7,5.85));
#2213=CARTESIAN_POINT('',(-11.7,-6.7,5.85));
#2214=VECTOR('',#2532,10.0);
#2215=CARTESIAN_POINT('',(-11.7,-6.7,-5.85));
#2216=CARTESIAN_POINT('',(-11.7,-6.7,0.0));
#2217=VECTOR('',#2533,10.0);
#2218=CARTESIAN_POINT('',(-11.7,-6.7,-5.85));
#2219=VECTOR('',#2534,10.0);
#2220=AXIS2_PLACEMENT_3D('',#2535,#2536,#2537);
#2221=AXIS2_PLACEMENT_3D('',#2538,#2539,#2540);
#2222=COLOUR_RGB('',0.847058832645416,0.835294127464294,0.737254917621613);
#2223=CARTESIAN_POINT('',(-21.089667084515,4.11033291548503,5.85));
#2224=AXIS2_PLACEMENT_3D('',#2541,#2542,#2543);
#2225=CARTESIAN_POINT('',(-18.35,4.11033291548503,5.85));
#2226=VECTOR('',#2544,10.0);
#2227=COLOUR_RGB('',0.847058832645416,0.835294127464294,0.737254917621613);
#2228=CARTESIAN_POINT('',(-25.0,0.2,5.85));
#2229=CARTESIAN_POINT('',(-19.2,6.0,5.85));
#2230=VECTOR('',#2545,10.0);
#2231=CARTESIAN_POINT('',(-25.0,-6.7,5.85));
#2232=CARTESIAN_POINT('',(-25.0,0.2,5.85));
#2233=VECTOR('',#2546,10.0);
#2234=CARTESIAN_POINT('',(-25.0,-6.7,5.85));
#2235=VECTOR('',#2547,10.0);
#2236=COLOUR_RGB('',0.847058832645416,0.835294127464294,0.737254917621613);
#2237=CARTESIAN_POINT('',(-25.0,-6.7,-5.85));
#2238=CARTESIAN_POINT('',(-25.0,-6.7,-5.85));
#2239=VECTOR('',#2548,10.0);
#2240=CARTESIAN_POINT('',(-25.0,0.2,-5.85));
#2241=CARTESIAN_POINT('',(-25.0,0.2,-5.85));
#2242=VECTOR('',#2549,10.0);
#2243=CARTESIAN_POINT('',(-19.2,6.0,-5.85));
#2244=VECTOR('',#2550,10.0);
#2245=COLOUR_RGB('',0.847058832645416,0.835294127464294,0.737254917621613);
#2246=CARTESIAN_POINT('',(-25.0,0.2,0.0));
#2247=VECTOR('',#2551,10.0);
#2248=COLOUR_RGB('',0.847058832645416,0.835294127464294,0.737254917621613);
#2249=CARTESIAN_POINT('',(-25.0,-6.7,0.0));
#2250=VECTOR('',#2552,10.0);
#2251=AXIS2_PLACEMENT_3D('',#2553,#2554,#2555);
#2252=AXIS2_PLACEMENT_3D('',#2556,#2557,#2558);
#2253=AXIS2_PLACEMENT_3D('',#2559,#2560,#2561);
#2254=AXIS2_PLACEMENT_3D('',#2562,#2563,#2564);
#2255=AXIS2_PLACEMENT_3D('',#2565,#2566,#2567);
#2256=AXIS2_PLACEMENT_3D('',#2568,#2569,#2570);
#2257=AXIS2_PLACEMENT_3D('',#2571,#2572,#2573);
#2258=AXIS2_PLACEMENT_3D('',#2574,#2575,#2576);
#2259=AXIS2_PLACEMENT_3D('',#2577,#2578,#2579);
#2260=AXIS2_PLACEMENT_3D('',#2580,#2581,#2582);
#2261=AXIS2_PLACEMENT_3D('',#2583,#2584,#2585);
#2262=COLOUR_RGB('',0.847058832645416,0.835294127464294,0.737254917621613);
#2263=COLOUR_RGB('',0.819607853889465,0.670588254928589,0.0392156876623631);
#2264=COLOUR_RGB('',0.819607853889465,0.670588254928589,0.0392156876623631);
#2265=AXIS2_PLACEMENT_3D('',#2586,#2587,#2588);
#2266=COLOUR_RGB('',0.819607853889465,0.670588254928589,0.0392156876623631);
#2267=COLOUR_RGB('',0.819607853889465,0.670588254928589,0.0392156876623631);
#2268=COLOUR_RGB('',0.819607853889465,0.670588254928589,0.0392156876623631);
#2269=AXIS2_PLACEMENT_3D('',#2589,#2590,#2591);
#2270=COLOUR_RGB('',0.819607853889465,0.670588254928589,0.0392156876623631);
#2271=COLOUR_RGB('',0.819607853889465,0.670588254928589,0.0392156876623631);
#2272=COLOUR_RGB('',0.819607853889465,0.670588254928589,0.0392156876623631);
#2273=AXIS2_PLACEMENT_3D('',#2592,#2593,#2594);
#2274=COLOUR_RGB('',0.819607853889465,0.670588254928589,0.0392156876623631);
#2275=COLOUR_RGB('',0.819607853889465,0.670588254928589,0.0392156876623631);
#2276=COLOUR_RGB('',0.819607853889465,0.670588254928589,0.0392156876623631);
#2277=AXIS2_PLACEMENT_3D('',#2595,#2596,#2597);
#2278=COLOUR_RGB('',0.819607853889465,0.670588254928589,0.0392156876623631);
#2279=COLOUR_RGB('',0.819607853889465,0.670588254928589,0.0392156876623631);
#2280=COLOUR_RGB('',0.819607853889465,0.670588254928589,0.0392156876623631);
#2281=AXIS2_PLACEMENT_3D('',#2598,#2599,#2600);
#2282=COLOUR_RGB('',0.819607853889465,0.670588254928589,0.0392156876623631);
#2283=COLOUR_RGB('',0.819607853889465,0.670588254928589,0.0392156876623631);
#2284=COLOUR_RGB('',0.819607853889465,0.670588254928589,0.0392156876623631);
#2285=AXIS2_PLACEMENT_3D('',#2601,#2602,#2603);
#2286=COLOUR_RGB('',0.819607853889465,0.670588254928589,0.0392156876623631);
#2287=COLOUR_RGB('',0.819607853889465,0.670588254928589,0.0392156876623631);
#2288=COLOUR_RGB('',0.819607853889465,0.670588254928589,0.0392156876623631);
#2289=AXIS2_PLACEMENT_3D('',#2604,#2605,#2606);
#2290=COLOUR_RGB('',0.819607853889465,0.670588254928589,0.0392156876623631);
#2291=COLOUR_RGB('',0.819607853889465,0.670588254928589,0.0392156876623631);
#2292=AXIS2_PLACEMENT_3D('',#2607,#2608,#2609);
#2293=COLOUR_RGB('',0.819607853889465,0.670588254928589,0.0392156876623631);
#2294=AXIS2_PLACEMENT_3D('',#2610,#2611,#2612);
#2295=COLOUR_RGB('',0.819607853889465,0.670588254928589,0.0392156876623631);
#2296=AXIS2_PLACEMENT_3D('',#2613,#2614,#2615);
#2297=COLOUR_RGB('',0.819607853889465,0.670588254928589,0.0392156876623631);
#2298=COLOUR_RGB('',0.819607853889465,0.670588254928589,0.0392156876623631);
#2299=AXIS2_PLACEMENT_3D('',#2616,#2617,#2618);
#2300=COLOUR_RGB('',0.819607853889465,0.670588254928589,0.0392156876623631);
#2301=AXIS2_PLACEMENT_3D('',#2619,#2620,#2621);
#2302=COLOUR_RGB('',0.819607853889465,0.670588254928589,0.0392156876623631);
#2303=AXIS2_PLACEMENT_3D('',#2622,#2623,#2624);
#2304=COLOUR_RGB('',0.819607853889465,0.670588254928589,0.0392156876623631);
#2305=COLOUR_RGB('',0.819607853889465,0.670588254928589,0.0392156876623631);
#2306=AXIS2_PLACEMENT_3D('',#2625,#2626,#2627);
#2307=COLOUR_RGB('',0.819607853889465,0.670588254928589,0.0392156876623631);
#2308=AXIS2_PLACEMENT_3D('',#2628,#2629,#2630);
#2309=COLOUR_RGB('',0.819607853889465,0.670588254928589,0.0392156876623631);
#2310=AXIS2_PLACEMENT_3D('',#2631,#2632,#2633);
#2311=COLOUR_RGB('',0.819607853889465,0.670588254928589,0.0392156876623631);
#2312=COLOUR_RGB('',0.819607853889465,0.670588254928589,0.0392156876623631);
#2313=AXIS2_PLACEMENT_3D('',#2634,#2635,#2636);
#2314=COLOUR_RGB('',0.819607853889465,0.670588254928589,0.0392156876623631);
#2315=AXIS2_PLACEMENT_3D('',#2637,#2638,#2639);
#2316=COLOUR_RGB('',0.819607853889465,0.670588254928589,0.0392156876623631);
#2317=AXIS2_PLACEMENT_3D('',#2640,#2641,#2642);
#2318=COLOUR_RGB('',0.819607853889465,0.670588254928589,0.0392156876623631);
#2319=COLOUR_RGB('',0.968627452850342,0.964705884456635,0.917647063732147);
#2320=CARTESIAN_POINT('',(-4.87936960798774E-16,-1.00345034229416E-31,-4.25905989232415));
#2321=AXIS2_PLACEMENT_3D('',#2643,#2644,#2645);
#2322=AXIS2_PLACEMENT_3D('',#2646,#2647,#2648);
#2323=COLOUR_RGB('',0.968627452850342,0.964705884456635,0.917647063732147);
#2324=AXIS2_PLACEMENT_3D('',#2649,#2650,#2651);
#2325=COLOUR_RGB('',0.968627452850342,0.964705884456635,0.917647063732147);
#2326=COLOUR_RGB('',0.749019622802734,0.749019622802734,0.749019622802734);
#2327=DIRECTION('',(1.0,-0.0,-0.0));
#2328=CARTESIAN_POINT('',(-11.7,-1.03916875104915E-15,0.0));
#2329=DIRECTION('',(1.0,0.0,0.0));
#2330=DIRECTION('',(0.0,1.0,0.0));
#2331=DIRECTION('',(-1.0,-8.88178419700125E-17,0.0));
#2332=CARTESIAN_POINT('',(-0.400000000000003,-3.55271367880053E-17,0.0));
#2333=DIRECTION('',(1.0,0.0,0.0));
#2334=DIRECTION('',(0.0,-1.0,0.0));
#2335=DIRECTION('',(-0.866025403784438,-0.500000000000001,6.1230317691119E-17));
#2336=CARTESIAN_POINT('',(-4.85722573273506E-16,-1.00148357108136E-31,0.0));
#2337=DIRECTION('',(-1.0,-8.88178419700125E-17,0.0));
#2338=DIRECTION('',(8.88178419700125E-17,-1.0,0.0));
#2339=DIRECTION('',(-0.866025403784438,0.500000000000001,6.12323399573678E-17));
#2340=DIRECTION('',(-0.500000000000001,0.866025403784438,-2.06987465367343E-16));
#2341=CARTESIAN_POINT('',(-14.58,-9.90000000000001,3.81));
#2342=DIRECTION('',(-2.17003710610857E-16,1.0,-2.39008537697428E-16));
#2343=DIRECTION('',(-1.0,-2.17003710610857E-16,1.54803105489553E-16));
#2344=DIRECTION('',(0.5,0.866025403784439,-2.23156678154752E-16));
#2345=CARTESIAN_POINT('',(-14.58,-9.60000000000001,3.81));
#2346=DIRECTION('',(3.33066907387544E-17,-1.0,2.39008537697428E-16));
#2347=DIRECTION('',(-1.0,-3.33066907387544E-17,1.54803105489553E-16));
#2348=DIRECTION('',(3.33066907387544E-17,-1.0,2.39008537697428E-16));
#2349=CARTESIAN_POINT('',(-14.58,-6.75000000000001,3.81));
#2350=DIRECTION('',(-3.33066907387544E-17,1.0,-2.39008537697428E-16));
#2351=DIRECTION('',(-1.0,-3.33066907387544E-17,1.54803105489553E-16));
#2352=DIRECTION('',(-2.17003710610857E-16,1.0,-2.39008537697428E-16));
#2353=DIRECTION('',(-0.707106781186546,0.707106781186549,-1.69004557767332E-16));
#2354=DIRECTION('',(0.707106781186546,0.707106781186549,-1.91871277784182E-16));
#2355=CARTESIAN_POINT('',(-14.58,-6.7,3.81));
#2356=DIRECTION('',(1.41363761251756E-16,-1.0,-2.18835492454556E-32));
#2357=DIRECTION('',(-1.0,-1.41363761251756E-16,1.54803105489553E-16));
#2358=DIRECTION('',(0.500000000000001,0.866025403784438,-2.00359998755303E-16));
#2359=CARTESIAN_POINT('',(-14.58,-9.9,-3.81));
#2360=DIRECTION('',(9.48791779020906E-17,1.0,-2.31355798432415E-16));
#2361=DIRECTION('',(1.0,-9.48791779020906E-17,-6.20007758075128E-17));
#2362=DIRECTION('',(-0.5,0.866025403784439,-2.30591950808915E-16));
#2363=CARTESIAN_POINT('',(-14.58,-9.6,-3.81));
#2364=DIRECTION('',(8.88178419700124E-17,-1.0,2.31355798432415E-16));
#2365=DIRECTION('',(1.0,8.88178419700124E-17,-6.20007758075128E-17));
#2366=DIRECTION('',(8.88178419700124E-17,-1.0,2.31355798432415E-16));
#2367=CARTESIAN_POINT('',(-14.58,-6.75,-3.81));
#2368=DIRECTION('',(-8.88178419700124E-17,1.0,-2.31355798432415E-16));
#2369=DIRECTION('',(1.0,8.88178419700124E-17,-6.20007758075128E-17));
#2370=DIRECTION('',(9.48791779020905E-17,1.0,-2.31355798432415E-16));
#2371=DIRECTION('',(0.707106781186546,0.707106781186549,-1.63593253938389E-16));
#2372=DIRECTION('',(-0.707106781186546,0.707106781186549,-2.06347690549619E-16));
#2373=CARTESIAN_POINT('',(-14.58,-6.7,-3.81));
#2374=DIRECTION('',(-1.92392285429894E-17,-1.0,1.19284709560339E-33));
#2375=DIRECTION('',(1.0,-1.92392285429894E-17,-6.20007758075128E-17));
#2376=DIRECTION('',(0.499999999999998,0.86602540378444,-1.92296268638357E-16));
#2377=CARTESIAN_POINT('',(-22.2,-9.9,3.81));
#2378=DIRECTION('',(9.48791779020904E-17,1.0,-2.22044604925032E-16));
#2379=DIRECTION('',(1.0,-9.48791779020904E-17,-2.22044604925032E-16));
#2380=DIRECTION('',(-0.5,0.866025403784439,-1.42506306133209E-16));
#2381=CARTESIAN_POINT('',(-22.2,-9.6,3.81));
#2382=DIRECTION('',(8.88178419700127E-17,-1.0,2.22044604925032E-16));
#2383=DIRECTION('',(1.0,8.88178419700126E-17,-2.22044604925032E-16));
#2384=DIRECTION('',(8.88178419700127E-17,-1.0,2.22044604925032E-16));
#2385=CARTESIAN_POINT('',(-22.2,-6.75,3.81));
#2386=DIRECTION('',(-8.88178419700127E-17,1.0,-2.22044604925032E-16));
#2387=DIRECTION('',(1.0,8.88178419700126E-17,-2.22044604925032E-16));
#2388=DIRECTION('',(9.48791779020903E-17,1.0,-2.22044604925032E-16));
#2389=DIRECTION('',(0.707106781186546,0.707106781186549,-1.57009245868378E-16));
#2390=DIRECTION('',(-0.707106781186546,0.707106781186549,-8.65956056235499E-17));
#2391=CARTESIAN_POINT('',(-22.2,-6.7,3.81));
#2392=DIRECTION('',(-1.92392285429892E-17,-1.0,4.27196690089044E-33));
#2393=DIRECTION('',(1.0,-1.92392285429892E-17,-2.22044604925032E-16));
#2394=DIRECTION('',(-0.499999999999998,0.86602540378444,-1.92296268638356E-16));
#2395=CARTESIAN_POINT('',(-22.2,-9.9,-3.81));
#2396=DIRECTION('',(-2.72514861842116E-16,1.0,-2.22044604925031E-16));
#2397=DIRECTION('',(-1.0,-2.72514861842116E-16,2.22044604925032E-16));
#2398=DIRECTION('',(0.5,0.866025403784439,-2.42086231143504E-16));
#2399=CARTESIAN_POINT('',(-22.2,-9.6,-3.81));
#2400=DIRECTION('',(8.88178419700127E-17,-1.0,2.22044604925031E-16));
#2401=DIRECTION('',(-1.0,-8.88178419700126E-17,2.22044604925032E-16));
#2402=DIRECTION('',(8.88178419700127E-17,-1.0,2.22044604925031E-16));
#2403=CARTESIAN_POINT('',(-22.2,-6.75,-3.81));
#2404=DIRECTION('',(-8.88178419700127E-17,1.0,-2.22044604925031E-16));
#2405=DIRECTION('',(-1.0,-8.88178419700126E-17,2.22044604925032E-16));
#2406=DIRECTION('',(-2.72514861842116E-16,1.0,-2.22044604925031E-16));
#2407=DIRECTION('',(-0.707106781186546,0.707106781186549,-1.57009245868378E-16));
#2408=DIRECTION('',(0.707106781186546,0.707106781186549,-2.27422886113206E-16));
#2409=CARTESIAN_POINT('',(-22.2,-6.70000000000001,-3.81));
#2410=DIRECTION('',(1.96874912483014E-16,-1.0,-4.37150121619411E-32));
#2411=DIRECTION('',(-1.0,-1.96874912483014E-16,2.22044604925032E-16));
#2412=DIRECTION('',(0.499999999999997,0.866025403784441,2.00660791323014E-16));
#2413=CARTESIAN_POINT('',(-19.65,-9.87134589227763,1.26754909220377));
#2414=DIRECTION('',(-1.19608780883793E-15,1.0,-2.55004350968591E-16));
#2415=DIRECTION('',(1.0,1.19608780883793E-15,-1.70167591877796E-16));
#2416=DIRECTION('',(0.500000000000001,-0.866025403784438,7.45241101180969E-17));
#2417=CARTESIAN_POINT('',(-19.65,-9.57134589227763,1.26754909220377));
#2418=DIRECTION('',(8.89358706995272E-16,-1.0,2.55004350968591E-16));
#2419=DIRECTION('',(1.0,8.89358706995272E-16,-1.70167591877796E-16));
#2420=DIRECTION('',(-8.89358706995272E-16,1.0,-2.55004350968591E-16));
#2421=CARTESIAN_POINT('',(-19.65,-9.57134589227763,1.26754909220377));
#2422=DIRECTION('',(8.89358706995272E-16,-1.0,2.55004350968591E-16));
#2423=DIRECTION('',(1.0,8.89358706995272E-16,-1.70167591877796E-16));
#2424=DIRECTION('',(1.19608780883793E-15,-1.0,2.55004350968591E-16));
#2425=CARTESIAN_POINT('',(-19.65,-6.70000000000001,1.26754909220376));
#2426=DIRECTION('',(8.89358706995272E-16,-1.0,-1.51340029484936E-31));
#2427=DIRECTION('',(-1.0,-8.89358706995272E-16,1.70167591877796E-16));
#2428=DIRECTION('',(0.499999999999997,0.866025403784441,7.51157299368583E-17));
#2429=CARTESIAN_POINT('',(-22.2,-9.85526867840626,-1.23175117782213));
#2430=DIRECTION('',(-1.027651527592E-15,1.0,8.67361737988405E-17));
#2431=DIRECTION('',(1.0,1.027651527592E-15,9.45320998871195E-17));
#2432=DIRECTION('',(0.5,-0.866025403784438,-8.9082019950666E-17));
#2433=CARTESIAN_POINT('',(-22.2,-9.55526867840626,-1.23175117782213));
#2434=DIRECTION('',(7.2096662637835E-16,-1.0,-8.67361737988405E-17));
#2435=DIRECTION('',(1.0,7.2096662637835E-16,9.45320998871195E-17));
#2436=DIRECTION('',(-7.2096662637835E-16,1.0,8.67361737988405E-17));
#2437=CARTESIAN_POINT('',(-22.2,-9.55526867840626,-1.23175117782213));
#2438=DIRECTION('',(7.2096662637835E-16,-1.0,-8.67361737988405E-17));
#2439=DIRECTION('',(1.0,7.2096662637835E-16,9.45320998871195E-17));
#2440=DIRECTION('',(1.027651527592E-15,-1.0,-8.67361737988405E-17));
#2441=CARTESIAN_POINT('',(-22.2,-6.70000000000001,-1.23175117782213));
#2442=DIRECTION('',(7.2096662637835E-16,-1.0,6.81544891400778E-32));
#2443=DIRECTION('',(-1.0,-7.2096662637835E-16,-9.45320998871195E-17));
#2444=DIRECTION('',(0.499999999999998,0.86602540378444,1.20185167898972E-17));
#2445=CARTESIAN_POINT('',(-22.2,-9.85526867840622,1.23175117782214));
#2446=DIRECTION('',(1.63798106423101E-15,1.0,1.38777878078144E-17));
#2447=DIRECTION('',(1.0,-1.63798106423101E-15,-1.9680114276129E-16));
#2448=DIRECTION('',(0.499999999999998,-0.86602540378444,-1.7165142812791E-16));
#2449=CARTESIAN_POINT('',(-22.2,-9.55526867840623,1.23175117782214));
#2450=DIRECTION('',(-1.94466596544465E-15,-1.0,-1.38777878078143E-17));
#2451=DIRECTION('',(1.0,-1.94466596544465E-15,-1.9680114276129E-16));
#2452=DIRECTION('',(1.94466596544465E-15,1.0,1.38777878078143E-17));
#2453=CARTESIAN_POINT('',(-22.2,-9.55526867840623,1.23175117782214));
#2454=DIRECTION('',(-1.94466596544465E-15,-1.0,-1.38777878078143E-17));
#2455=DIRECTION('',(1.0,-1.94466596544465E-15,-1.9680114276129E-16));
#2456=DIRECTION('',(-1.63798106423101E-15,-1.0,-1.38777878078144E-17));
#2457=CARTESIAN_POINT('',(-22.2,-6.69999999999998,1.23175117782214));
#2458=DIRECTION('',(-1.94466596544465E-15,-1.0,3.82712484288494E-31));
#2459=DIRECTION('',(-1.0,1.94466596544465E-15,1.9680114276129E-16));
#2460=DIRECTION('',(0.499999999999998,0.86602540378444,4.95763817583269E-17));
#2461=CARTESIAN_POINT('',(-19.65,-9.87134589227764,-1.26754909220376));
#2462=DIRECTION('',(1.06437525742172E-15,1.0,5.72458747072353E-17));
#2463=DIRECTION('',(1.0,-1.06437525742172E-15,6.45969105845648E-17));
#2464=DIRECTION('',(0.499999999999999,-0.866025403784439,-7.8510266423412E-17));
#2465=CARTESIAN_POINT('',(-19.65,-9.57134589227764,-1.26754909220376));
#2466=DIRECTION('',(-1.37110435926438E-15,-1.0,-5.72458747072353E-17));
#2467=DIRECTION('',(1.0,-1.37110435926438E-15,6.45969105845648E-17));
#2468=DIRECTION('',(1.37110435926438E-15,1.0,5.72458747072353E-17));
#2469=CARTESIAN_POINT('',(-19.65,-9.57134589227764,-1.26754909220376));
#2470=DIRECTION('',(-1.37110435926438E-15,-1.0,-5.72458747072353E-17));
#2471=DIRECTION('',(1.0,-1.37110435926438E-15,6.45969105845648E-17));
#2472=DIRECTION('',(-1.06437525742172E-15,-1.0,-5.72458747072353E-17));
#2473=CARTESIAN_POINT('',(-19.65,-6.69999999999999,-1.26754909220376));
#2474=DIRECTION('',(-1.37110435926438E-15,-1.0,-8.85691056975082E-32));
#2475=DIRECTION('',(-1.0,1.37110435926438E-15,-6.45969105845648E-17));
#2476=DIRECTION('',(0.499999999999997,0.86602540378444,6.92287841708107E-17));
#2477=CARTESIAN_POINT('',(-17.12,-9.80381513869684,1.20851865416644));
#2478=DIRECTION('',(-2.27171373916093E-15,1.0,7.99385143533759E-17));
#2479=DIRECTION('',(1.0,2.27171373916093E-15,3.80961900367092E-16));
#2480=DIRECTION('',(0.500000000000002,-0.866025403784438,6.00198260553674E-17));
#2481=CARTESIAN_POINT('',(-17.12,-9.50381513869685,1.20851865416644));
#2482=DIRECTION('',(1.96492467998355E-15,-1.0,-7.9938514353376E-17));
#2483=DIRECTION('',(1.0,1.96492467998355E-15,3.80961900367092E-16));
#2484=DIRECTION('',(-1.96492467998355E-15,1.0,7.9938514353376E-17));
#2485=CARTESIAN_POINT('',(-17.12,-9.50381513869685,1.20851865416644));
#2486=DIRECTION('',(1.96492467998355E-15,-1.0,-7.9938514353376E-17));
#2487=DIRECTION('',(1.0,1.96492467998355E-15,3.80961900367092E-16));
#2488=DIRECTION('',(2.27171373916093E-15,-1.0,-7.99385143533759E-17));
#2489=CARTESIAN_POINT('',(-17.12,-6.70000000000001,1.20851865416644));
#2490=DIRECTION('',(1.96492467998355E-15,-1.0,7.48561440164733E-31));
#2491=DIRECTION('',(-1.0,-1.96492467998355E-15,-3.80961900367092E-16));
#2492=DIRECTION('',(0.499999999999996,0.866025403784441,2.76112904368171E-17));
#2493=CARTESIAN_POINT('',(-17.12,-9.80381513869687,-1.20851865416644));
#2494=DIRECTION('',(-3.54847021747985E-15,1.0,3.18827719327385E-17));
#2495=DIRECTION('',(1.0,3.54847021747985E-15,-6.75466976146829E-17));
#2496=DIRECTION('',(0.500000000000003,-0.866025403784437,-1.22616979201526E-16));
#2497=CARTESIAN_POINT('',(-17.12,-9.50381513869687,-1.20851865416644));
#2498=DIRECTION('',(3.24168115830247E-15,-1.0,-3.18827719327385E-17));
#2499=DIRECTION('',(1.0,3.24168115830247E-15,-6.75466976146829E-17));
#2500=DIRECTION('',(-3.24168115830247E-15,1.0,3.18827719327385E-17));
#2501=CARTESIAN_POINT('',(-17.12,-9.50381513869687,-1.20851865416644));
#2502=DIRECTION('',(3.24168115830247E-15,-1.0,-3.18827719327385E-17));
#2503=DIRECTION('',(1.0,3.24168115830247E-15,-6.75466976146829E-17));
#2504=DIRECTION('',(3.54847021747985E-15,-1.0,-3.18827719327385E-17));
#2505=CARTESIAN_POINT('',(-17.12,-6.70000000000002,-1.20851865416644));
#2506=DIRECTION('',(3.24168115830247E-15,-1.0,-2.18964856963072E-31));
#2507=DIRECTION('',(-1.0,-3.24168115830247E-15,6.75466976146829E-17));
#2508=DIRECTION('',(0.499999999999997,0.86602540378444,1.07098083763508E-16));
#2509=CARTESIAN_POINT('',(-18.4,-9.87942495882687,-1.92682286617205E-15));
#2510=DIRECTION('',(2.0858983579024E-15,1.0,2.01217131424713E-16));
#2511=DIRECTION('',(1.0,-2.0858983579024E-15,-1.18614920716131E-17));
#2512=DIRECTION('',(0.499999999999998,-0.86602540378444,-2.41422233483607E-16));
#2513=CARTESIAN_POINT('',(-18.4,-9.57942495882687,-1.86645772674463E-15));
#2514=DIRECTION('',(-2.3927006916702E-15,-1.0,-2.01217131424713E-16));
#2515=DIRECTION('',(1.0,-2.3927006916702E-15,-1.18614920716131E-17));
#2516=DIRECTION('',(2.3927006916702E-15,1.0,2.01217131424713E-16));
#2517=CARTESIAN_POINT('',(-18.4,-9.57942495882687,-1.86645772674463E-15));
#2518=DIRECTION('',(-2.3927006916702E-15,-1.0,-2.01217131424713E-16));
#2519=DIRECTION('',(1.0,-2.3927006916702E-15,-1.18614920716131E-17));
#2520=DIRECTION('',(-2.0858983579024E-15,-1.0,-2.01217131424713E-16));
#2521=CARTESIAN_POINT('',(-18.4,-6.69999999999999,-1.28706809637677E-15));
#2522=DIRECTION('',(-2.3927006916702E-15,-1.0,2.83810002839893E-32));
#2523=DIRECTION('',(-1.0,2.3927006916702E-15,1.18614920716131E-17));
#2524=DIRECTION('',(-1.0,-2.69144975666705E-16,-0.0));
#2525=CARTESIAN_POINT('',(-11.7,-4.0,0.0));
#2526=DIRECTION('',(1.0,2.69144975666705E-16,0.0));
#2527=DIRECTION('',(-2.69144975666705E-16,1.0,0.0));
#2528=DIRECTION('',(1.0,2.85585990004824E-16,0.0));
#2529=CARTESIAN_POINT('',(-29.2,-4.00000000000001,0.0));
#2530=DIRECTION('',(-0.707106781186548,0.707106781186547,0.0));
#2531=DIRECTION('',(0.707106781186547,0.707106781186548,0.0));
#2532=DIRECTION('',(6.1710840470759E-17,-1.0,0.0));
#2533=DIRECTION('',(0.0,0.0,1.0));
#2534=DIRECTION('',(-6.1710840470759E-17,1.0,0.0));
#2535=CARTESIAN_POINT('',(-11.7,-4.0,0.0));
#2536=DIRECTION('',(1.0,2.69144975666705E-16,0.0));
#2537=DIRECTION('',(-2.69144975666705E-16,1.0,0.0));
#2538=CARTESIAN_POINT('',(-11.7,-1.03916875104915E-15,0.0));
#2539=DIRECTION('',(1.0,0.0,0.0));
#2540=DIRECTION('',(0.0,1.0,0.0));
#2541=CARTESIAN_POINT('',(-29.2,-4.00000000000001,0.0));
#2542=DIRECTION('',(-0.707106781186548,0.707106781186547,0.0));
#2543=DIRECTION('',(0.707106781186547,0.707106781186548,0.0));
#2544=DIRECTION('',(-1.0,-2.85585990004824E-16,0.0));
#2545=DIRECTION('',(0.707106781186547,0.707106781186548,0.0));
#2546=DIRECTION('',(0.0,1.0,0.0));
#2547=DIRECTION('',(-1.0,0.0,0.0));
#2548=DIRECTION('',(1.0,0.0,0.0));
#2549=DIRECTION('',(0.0,-1.0,0.0));
#2550=DIRECTION('',(-0.707106781186547,-0.707106781186548,0.0));
#2551=DIRECTION('',(0.0,0.0,-1.0));
#2552=DIRECTION('',(0.0,0.0,1.0));
#2553=CARTESIAN_POINT('',(-19.65,-6.70000000000001,1.26754909220376));
#2554=DIRECTION('',(8.89358706995272E-16,-1.0,-1.51340029484936E-31));
#2555=DIRECTION('',(-1.0,-8.89358706995272E-16,1.70167591877796E-16));
#2556=CARTESIAN_POINT('',(-22.2,-6.70000000000001,-1.23175117782213));
#2557=DIRECTION('',(7.2096662637835E-16,-1.0,6.81544891400778E-32));
#2558=DIRECTION('',(-1.0,-7.2096662637835E-16,-9.45320998871195E-17));
#2559=CARTESIAN_POINT('',(-22.2,-6.69999999999998,1.23175117782214));
#2560=DIRECTION('',(-1.94466596544465E-15,-1.0,3.82712484288494E-31));
#2561=DIRECTION('',(-1.0,1.94466596544465E-15,1.9680114276129E-16));
#2562=CARTESIAN_POINT('',(-19.65,-6.69999999999999,-1.26754909220376));
#2563=DIRECTION('',(-1.37110435926438E-15,-1.0,-8.85691056975082E-32));
#2564=DIRECTION('',(-1.0,1.37110435926438E-15,-6.45969105845648E-17));
#2565=CARTESIAN_POINT('',(-17.12,-6.70000000000001,1.20851865416644));
#2566=DIRECTION('',(1.96492467998355E-15,-1.0,7.48561440164733E-31));
#2567=DIRECTION('',(-1.0,-1.96492467998355E-15,-3.80961900367092E-16));
#2568=CARTESIAN_POINT('',(-17.12,-6.70000000000002,-1.20851865416644));
#2569=DIRECTION('',(3.24168115830247E-15,-1.0,-2.18964856963072E-31));
#2570=DIRECTION('',(-1.0,-3.24168115830247E-15,6.75466976146829E-17));
#2571=CARTESIAN_POINT('',(-18.4,-6.69999999999999,-1.28706809637677E-15));
#2572=DIRECTION('',(-2.3927006916702E-15,-1.0,2.83810002839893E-32));
#2573=DIRECTION('',(-1.0,2.3927006916702E-15,1.18614920716131E-17));
#2574=CARTESIAN_POINT('',(-14.58,-6.7,-3.81));
#2575=DIRECTION('',(-1.92392285429894E-17,-1.0,1.19284709560339E-33));
#2576=DIRECTION('',(1.0,-1.92392285429894E-17,-6.20007758075128E-17));
#2577=CARTESIAN_POINT('',(-14.58,-6.7,3.81));
#2578=DIRECTION('',(1.41363761251756E-16,-1.0,-2.18835492454556E-32));
#2579=DIRECTION('',(-1.0,-1.41363761251756E-16,1.54803105489553E-16));
#2580=CARTESIAN_POINT('',(-22.2,-6.70000000000001,-3.81));
#2581=DIRECTION('',(1.96874912483014E-16,-1.0,-4.37150121619411E-32));
#2582=DIRECTION('',(-1.0,-1.96874912483014E-16,2.22044604925032E-16));
#2583=CARTESIAN_POINT('',(-22.2,-6.7,3.81));
#2584=DIRECTION('',(-1.92392285429892E-17,-1.0,4.27196690089044E-33));
#2585=DIRECTION('',(1.0,-1.92392285429892E-17,-2.22044604925032E-16));
#2586=CARTESIAN_POINT('',(-18.4,-9.87942495882687,-1.92682286617205E-15));
#2587=DIRECTION('',(2.0858983579024E-15,1.0,2.01217131424713E-16));
#2588=DIRECTION('',(1.0,-2.0858983579024E-15,-1.18614920716131E-17));
#2589=CARTESIAN_POINT('',(-17.12,-9.80381513869687,-1.20851865416644));
#2590=DIRECTION('',(-3.54847021747985E-15,1.0,3.18827719327385E-17));
#2591=DIRECTION('',(1.0,3.54847021747985E-15,-6.75466976146829E-17));
#2592=CARTESIAN_POINT('',(-17.12,-9.80381513869684,1.20851865416644));
#2593=DIRECTION('',(-2.27171373916093E-15,1.0,7.99385143533759E-17));
#2594=DIRECTION('',(1.0,2.27171373916093E-15,3.80961900367092E-16));
#2595=CARTESIAN_POINT('',(-19.65,-9.87134589227764,-1.26754909220376));
#2596=DIRECTION('',(1.06437525742172E-15,1.0,5.72458747072353E-17));
#2597=DIRECTION('',(1.0,-1.06437525742172E-15,6.45969105845648E-17));
#2598=CARTESIAN_POINT('',(-22.2,-9.85526867840622,1.23175117782214));
#2599=DIRECTION('',(1.63798106423101E-15,1.0,1.38777878078144E-17));
#2600=DIRECTION('',(1.0,-1.63798106423101E-15,-1.9680114276129E-16));
#2601=CARTESIAN_POINT('',(-22.2,-9.85526867840626,-1.23175117782213));
#2602=DIRECTION('',(-1.027651527592E-15,1.0,8.67361737988405E-17));
#2603=DIRECTION('',(1.0,1.027651527592E-15,9.45320998871195E-17));
#2604=CARTESIAN_POINT('',(-19.65,-9.87134589227763,1.26754909220377));
#2605=DIRECTION('',(-1.19608780883793E-15,1.0,-2.55004350968591E-16));
#2606=DIRECTION('',(1.0,1.19608780883793E-15,-1.70167591877796E-16));
#2607=CARTESIAN_POINT('',(-22.2,-6.75,-3.81));
#2608=DIRECTION('',(-8.88178419700127E-17,1.0,-2.22044604925031E-16));
#2609=DIRECTION('',(-1.0,-8.88178419700126E-17,2.22044604925032E-16));
#2610=CARTESIAN_POINT('',(-22.2,-9.6,-3.81));
#2611=DIRECTION('',(8.88178419700127E-17,-1.0,2.22044604925031E-16));
#2612=DIRECTION('',(-1.0,-8.88178419700126E-17,2.22044604925032E-16));
#2613=CARTESIAN_POINT('',(-22.2,-9.9,-3.81));
#2614=DIRECTION('',(-2.72514861842116E-16,1.0,-2.22044604925031E-16));
#2615=DIRECTION('',(-1.0,-2.72514861842116E-16,2.22044604925032E-16));
#2616=CARTESIAN_POINT('',(-22.2,-6.75,3.81));
#2617=DIRECTION('',(-8.88178419700127E-17,1.0,-2.22044604925032E-16));
#2618=DIRECTION('',(1.0,8.88178419700126E-17,-2.22044604925032E-16));
#2619=CARTESIAN_POINT('',(-22.2,-9.6,3.81));
#2620=DIRECTION('',(8.88178419700127E-17,-1.0,2.22044604925032E-16));
#2621=DIRECTION('',(1.0,8.88178419700126E-17,-2.22044604925032E-16));
#2622=CARTESIAN_POINT('',(-22.2,-9.9,3.81));
#2623=DIRECTION('',(9.48791779020904E-17,1.0,-2.22044604925032E-16));
#2624=DIRECTION('',(1.0,-9.48791779020904E-17,-2.22044604925032E-16));
#2625=CARTESIAN_POINT('',(-14.58,-6.75,-3.81));
#2626=DIRECTION('',(-8.88178419700124E-17,1.0,-2.31355798432415E-16));
#2627=DIRECTION('',(1.0,8.88178419700124E-17,-6.20007758075128E-17));
#2628=CARTESIAN_POINT('',(-14.58,-9.6,-3.81));
#2629=DIRECTION('',(8.88178419700124E-17,-1.0,2.31355798432415E-16));
#2630=DIRECTION('',(1.0,8.88178419700124E-17,-6.20007758075128E-17));
#2631=CARTESIAN_POINT('',(-14.58,-9.9,-3.81));
#2632=DIRECTION('',(9.48791779020906E-17,1.0,-2.31355798432415E-16));
#2633=DIRECTION('',(1.0,-9.48791779020906E-17,-6.20007758075128E-17));
#2634=CARTESIAN_POINT('',(-14.58,-6.75000000000001,3.81));
#2635=DIRECTION('',(-3.33066907387544E-17,1.0,-2.39008537697428E-16));
#2636=DIRECTION('',(-1.0,-3.33066907387544E-17,1.54803105489553E-16));
#2637=CARTESIAN_POINT('',(-14.58,-9.60000000000001,3.81));
#2638=DIRECTION('',(3.33066907387544E-17,-1.0,2.39008537697428E-16));
#2639=DIRECTION('',(-1.0,-3.33066907387544E-17,1.54803105489553E-16));
#2640=CARTESIAN_POINT('',(-14.58,-9.90000000000001,3.81));
#2641=DIRECTION('',(-2.17003710610857E-16,1.0,-2.39008537697428E-16));
#2642=DIRECTION('',(-1.0,-2.17003710610857E-16,1.54803105489553E-16));
#2643=CARTESIAN_POINT('',(-4.85722573273506E-16,-1.00148357108136E-31,0.0));
#2644=DIRECTION('',(-1.0,-8.88178419700125E-17,0.0));
#2645=DIRECTION('',(8.88178419700125E-17,-1.0,0.0));
#2646=CARTESIAN_POINT('',(-4.85722573273506E-16,-1.00148357108136E-31,0.0));
#2647=DIRECTION('',(-1.0,-8.88178419700125E-17,0.0));
#2648=DIRECTION('',(8.88178419700125E-17,-1.0,0.0));
#2649=CARTESIAN_POINT('',(-0.400000000000003,-3.55271367880053E-17,0.0));
#2650=DIRECTION('',(1.0,0.0,0.0));
#2651=DIRECTION('',(0.0,-1.0,0.0));
ENDSEC;
END-ISO-10303-21;
