ISO-10303-21;
HEADER;
/* Generated by software containing ST-Developer
 * from STEP Tools, Inc. (www.steptools.com) 
 */
/* OPTION: using custom schema-name function */

FILE_DESCRIPTION(
/* description */ (''),
/* implementation_level */ '2;1');

FILE_NAME(
/* name */ '100072962ugm000_b.stp',
/* time_stamp */ '2022-04-26T17:08:13+02:00',
/* author */ (''),
/* organization */ (''),
/* preprocessor_version */ 'ST-DEVELOPER v16.7',
/* originating_system */ 'SIEMENS PLM Software NX 1911',
/* authorisation */ '');

FILE_SCHEMA (('AUTOMOTIVE_DESIGN { 1 0 10303 214 3 1 1 1 }'));
ENDSEC;

DATA;
#10=SHAPE_REPRESENTATION_RELATIONSHIP('None',
'relationship between 100072962ugm000_b-None and 100072962ugm000_b-Non
e',#22,#11);
#11=ADVANCED_BREP_SHAPE_REPRESENTATION('100072962ugm000_b-None',(#376),
#4345);
#12=SHAPE_DEFINITION_REPRESENTATION(#13,#22);
#13=PRODUCT_DEFINITION_SHAPE('','',#14);
#14=PRODUCT_DEFINITION(' ','',#16,#15);
#15=PRODUCT_DEFINITION_CONTEXT('part definition',#21,'design');
#16=PRODUCT_DEFINITION_FORMATION_WITH_SPECIFIED_SOURCE(' ',' ',#18,
 .NOT_KNOWN.);
#17=PRODUCT_RELATED_PRODUCT_CATEGORY('part','',(#18));
#18=PRODUCT('100072962ugm000_b','100072962ugm000_b',' ',(#19));
#19=PRODUCT_CONTEXT(' ',#21,'mechanical');
#20=APPLICATION_PROTOCOL_DEFINITION('international standard',
'automotive_design',2010,#21);
#21=APPLICATION_CONTEXT(
'core data for automotive mechanical design processes');
#22=SHAPE_REPRESENTATION('100072962ugm000_b-None',(#2668),#4345);
#23=OVER_RIDING_STYLED_ITEM('',(#75),#1001,#73);
#24=OVER_RIDING_STYLED_ITEM('',(#76),#1002,#73);
#25=OVER_RIDING_STYLED_ITEM('',(#77),#1003,#73);
#26=OVER_RIDING_STYLED_ITEM('',(#78),#1012,#73);
#27=OVER_RIDING_STYLED_ITEM('',(#79),#1013,#73);
#28=OVER_RIDING_STYLED_ITEM('',(#80),#1014,#73);
#29=OVER_RIDING_STYLED_ITEM('',(#81),#1015,#73);
#30=OVER_RIDING_STYLED_ITEM('',(#82),#1016,#73);
#31=OVER_RIDING_STYLED_ITEM('',(#83),#1017,#73);
#32=OVER_RIDING_STYLED_ITEM('',(#84),#1018,#73);
#33=OVER_RIDING_STYLED_ITEM('',(#85),#1019,#73);
#34=OVER_RIDING_STYLED_ITEM('',(#86),#1020,#73);
#35=OVER_RIDING_STYLED_ITEM('',(#87),#1021,#73);
#36=OVER_RIDING_STYLED_ITEM('',(#88),#1022,#73);
#37=OVER_RIDING_STYLED_ITEM('',(#89),#1023,#73);
#38=OVER_RIDING_STYLED_ITEM('',(#90),#1024,#73);
#39=OVER_RIDING_STYLED_ITEM('',(#91),#1025,#73);
#40=OVER_RIDING_STYLED_ITEM('',(#92),#1026,#73);
#41=OVER_RIDING_STYLED_ITEM('',(#93),#1027,#73);
#42=OVER_RIDING_STYLED_ITEM('',(#94),#1028,#73);
#43=OVER_RIDING_STYLED_ITEM('',(#95),#1029,#73);
#44=OVER_RIDING_STYLED_ITEM('',(#96),#1030,#73);
#45=OVER_RIDING_STYLED_ITEM('',(#97),#1031,#73);
#46=OVER_RIDING_STYLED_ITEM('',(#98),#1032,#73);
#47=OVER_RIDING_STYLED_ITEM('',(#99),#1033,#73);
#48=OVER_RIDING_STYLED_ITEM('',(#100),#1034,#73);
#49=OVER_RIDING_STYLED_ITEM('',(#101),#1035,#73);
#50=OVER_RIDING_STYLED_ITEM('',(#102),#1036,#73);
#51=OVER_RIDING_STYLED_ITEM('',(#103),#1037,#73);
#52=OVER_RIDING_STYLED_ITEM('',(#104),#1038,#73);
#53=OVER_RIDING_STYLED_ITEM('',(#105),#1039,#73);
#54=OVER_RIDING_STYLED_ITEM('',(#106),#1040,#73);
#55=OVER_RIDING_STYLED_ITEM('',(#107),#1041,#73);
#56=OVER_RIDING_STYLED_ITEM('',(#108),#1042,#73);
#57=OVER_RIDING_STYLED_ITEM('',(#109),#1043,#73);
#58=OVER_RIDING_STYLED_ITEM('',(#110),#1044,#73);
#59=OVER_RIDING_STYLED_ITEM('',(#111),#1045,#73);
#60=OVER_RIDING_STYLED_ITEM('',(#112),#1046,#73);
#61=OVER_RIDING_STYLED_ITEM('',(#113),#1047,#73);
#62=OVER_RIDING_STYLED_ITEM('',(#114),#1048,#73);
#63=OVER_RIDING_STYLED_ITEM('',(#115),#1049,#73);
#64=OVER_RIDING_STYLED_ITEM('',(#116),#1050,#73);
#65=OVER_RIDING_STYLED_ITEM('',(#117),#1051,#73);
#66=OVER_RIDING_STYLED_ITEM('',(#118),#1052,#73);
#67=OVER_RIDING_STYLED_ITEM('',(#119),#1053,#73);
#68=OVER_RIDING_STYLED_ITEM('',(#120),#1054,#73);
#69=OVER_RIDING_STYLED_ITEM('',(#121),#1055,#73);
#70=OVER_RIDING_STYLED_ITEM('',(#122),#1056,#73);
#71=OVER_RIDING_STYLED_ITEM('',(#123),#1057,#73);
#72=PRESENTATION_LAYER_ASSIGNMENT('1','Layer 1',(#376));
#73=STYLED_ITEM('',(#74),#376);
#74=PRESENTATION_STYLE_ASSIGNMENT((#124));
#75=PRESENTATION_STYLE_ASSIGNMENT((#125));
#76=PRESENTATION_STYLE_ASSIGNMENT((#126));
#77=PRESENTATION_STYLE_ASSIGNMENT((#127));
#78=PRESENTATION_STYLE_ASSIGNMENT((#128));
#79=PRESENTATION_STYLE_ASSIGNMENT((#129));
#80=PRESENTATION_STYLE_ASSIGNMENT((#130));
#81=PRESENTATION_STYLE_ASSIGNMENT((#131));
#82=PRESENTATION_STYLE_ASSIGNMENT((#132));
#83=PRESENTATION_STYLE_ASSIGNMENT((#133));
#84=PRESENTATION_STYLE_ASSIGNMENT((#134));
#85=PRESENTATION_STYLE_ASSIGNMENT((#135));
#86=PRESENTATION_STYLE_ASSIGNMENT((#136));
#87=PRESENTATION_STYLE_ASSIGNMENT((#137));
#88=PRESENTATION_STYLE_ASSIGNMENT((#138));
#89=PRESENTATION_STYLE_ASSIGNMENT((#139));
#90=PRESENTATION_STYLE_ASSIGNMENT((#140));
#91=PRESENTATION_STYLE_ASSIGNMENT((#141));
#92=PRESENTATION_STYLE_ASSIGNMENT((#142));
#93=PRESENTATION_STYLE_ASSIGNMENT((#143));
#94=PRESENTATION_STYLE_ASSIGNMENT((#144));
#95=PRESENTATION_STYLE_ASSIGNMENT((#145));
#96=PRESENTATION_STYLE_ASSIGNMENT((#146));
#97=PRESENTATION_STYLE_ASSIGNMENT((#147));
#98=PRESENTATION_STYLE_ASSIGNMENT((#148));
#99=PRESENTATION_STYLE_ASSIGNMENT((#149));
#100=PRESENTATION_STYLE_ASSIGNMENT((#150));
#101=PRESENTATION_STYLE_ASSIGNMENT((#151));
#102=PRESENTATION_STYLE_ASSIGNMENT((#152));
#103=PRESENTATION_STYLE_ASSIGNMENT((#153));
#104=PRESENTATION_STYLE_ASSIGNMENT((#154));
#105=PRESENTATION_STYLE_ASSIGNMENT((#155));
#106=PRESENTATION_STYLE_ASSIGNMENT((#156));
#107=PRESENTATION_STYLE_ASSIGNMENT((#157));
#108=PRESENTATION_STYLE_ASSIGNMENT((#158));
#109=PRESENTATION_STYLE_ASSIGNMENT((#159));
#110=PRESENTATION_STYLE_ASSIGNMENT((#160));
#111=PRESENTATION_STYLE_ASSIGNMENT((#161));
#112=PRESENTATION_STYLE_ASSIGNMENT((#162));
#113=PRESENTATION_STYLE_ASSIGNMENT((#163));
#114=PRESENTATION_STYLE_ASSIGNMENT((#164));
#115=PRESENTATION_STYLE_ASSIGNMENT((#165));
#116=PRESENTATION_STYLE_ASSIGNMENT((#166));
#117=PRESENTATION_STYLE_ASSIGNMENT((#167));
#118=PRESENTATION_STYLE_ASSIGNMENT((#168));
#119=PRESENTATION_STYLE_ASSIGNMENT((#169));
#120=PRESENTATION_STYLE_ASSIGNMENT((#170));
#121=PRESENTATION_STYLE_ASSIGNMENT((#171));
#122=PRESENTATION_STYLE_ASSIGNMENT((#172));
#123=PRESENTATION_STYLE_ASSIGNMENT((#173));
#124=SURFACE_STYLE_USAGE(.BOTH.,#174);
#125=SURFACE_STYLE_USAGE(.BOTH.,#175);
#126=SURFACE_STYLE_USAGE(.BOTH.,#176);
#127=SURFACE_STYLE_USAGE(.BOTH.,#177);
#128=SURFACE_STYLE_USAGE(.BOTH.,#178);
#129=SURFACE_STYLE_USAGE(.BOTH.,#179);
#130=SURFACE_STYLE_USAGE(.BOTH.,#180);
#131=SURFACE_STYLE_USAGE(.BOTH.,#181);
#132=SURFACE_STYLE_USAGE(.BOTH.,#182);
#133=SURFACE_STYLE_USAGE(.BOTH.,#183);
#134=SURFACE_STYLE_USAGE(.BOTH.,#184);
#135=SURFACE_STYLE_USAGE(.BOTH.,#185);
#136=SURFACE_STYLE_USAGE(.BOTH.,#186);
#137=SURFACE_STYLE_USAGE(.BOTH.,#187);
#138=SURFACE_STYLE_USAGE(.BOTH.,#188);
#139=SURFACE_STYLE_USAGE(.BOTH.,#189);
#140=SURFACE_STYLE_USAGE(.BOTH.,#190);
#141=SURFACE_STYLE_USAGE(.BOTH.,#191);
#142=SURFACE_STYLE_USAGE(.BOTH.,#192);
#143=SURFACE_STYLE_USAGE(.BOTH.,#193);
#144=SURFACE_STYLE_USAGE(.BOTH.,#194);
#145=SURFACE_STYLE_USAGE(.BOTH.,#195);
#146=SURFACE_STYLE_USAGE(.BOTH.,#196);
#147=SURFACE_STYLE_USAGE(.BOTH.,#197);
#148=SURFACE_STYLE_USAGE(.BOTH.,#198);
#149=SURFACE_STYLE_USAGE(.BOTH.,#199);
#150=SURFACE_STYLE_USAGE(.BOTH.,#200);
#151=SURFACE_STYLE_USAGE(.BOTH.,#201);
#152=SURFACE_STYLE_USAGE(.BOTH.,#202);
#153=SURFACE_STYLE_USAGE(.BOTH.,#203);
#154=SURFACE_STYLE_USAGE(.BOTH.,#204);
#155=SURFACE_STYLE_USAGE(.BOTH.,#205);
#156=SURFACE_STYLE_USAGE(.BOTH.,#206);
#157=SURFACE_STYLE_USAGE(.BOTH.,#207);
#158=SURFACE_STYLE_USAGE(.BOTH.,#208);
#159=SURFACE_STYLE_USAGE(.BOTH.,#209);
#160=SURFACE_STYLE_USAGE(.BOTH.,#210);
#161=SURFACE_STYLE_USAGE(.BOTH.,#211);
#162=SURFACE_STYLE_USAGE(.BOTH.,#212);
#163=SURFACE_STYLE_USAGE(.BOTH.,#213);
#164=SURFACE_STYLE_USAGE(.BOTH.,#214);
#165=SURFACE_STYLE_USAGE(.BOTH.,#215);
#166=SURFACE_STYLE_USAGE(.BOTH.,#216);
#167=SURFACE_STYLE_USAGE(.BOTH.,#217);
#168=SURFACE_STYLE_USAGE(.BOTH.,#218);
#169=SURFACE_STYLE_USAGE(.BOTH.,#219);
#170=SURFACE_STYLE_USAGE(.BOTH.,#220);
#171=SURFACE_STYLE_USAGE(.BOTH.,#221);
#172=SURFACE_STYLE_USAGE(.BOTH.,#222);
#173=SURFACE_STYLE_USAGE(.BOTH.,#223);
#174=SURFACE_SIDE_STYLE('',(#224));
#175=SURFACE_SIDE_STYLE('',(#225));
#176=SURFACE_SIDE_STYLE('',(#226));
#177=SURFACE_SIDE_STYLE('',(#227));
#178=SURFACE_SIDE_STYLE('',(#228));
#179=SURFACE_SIDE_STYLE('',(#229));
#180=SURFACE_SIDE_STYLE('',(#230));
#181=SURFACE_SIDE_STYLE('',(#231));
#182=SURFACE_SIDE_STYLE('',(#232));
#183=SURFACE_SIDE_STYLE('',(#233));
#184=SURFACE_SIDE_STYLE('',(#234));
#185=SURFACE_SIDE_STYLE('',(#235));
#186=SURFACE_SIDE_STYLE('',(#236));
#187=SURFACE_SIDE_STYLE('',(#237));
#188=SURFACE_SIDE_STYLE('',(#238));
#189=SURFACE_SIDE_STYLE('',(#239));
#190=SURFACE_SIDE_STYLE('',(#240));
#191=SURFACE_SIDE_STYLE('',(#241));
#192=SURFACE_SIDE_STYLE('',(#242));
#193=SURFACE_SIDE_STYLE('',(#243));
#194=SURFACE_SIDE_STYLE('',(#244));
#195=SURFACE_SIDE_STYLE('',(#245));
#196=SURFACE_SIDE_STYLE('',(#246));
#197=SURFACE_SIDE_STYLE('',(#247));
#198=SURFACE_SIDE_STYLE('',(#248));
#199=SURFACE_SIDE_STYLE('',(#249));
#200=SURFACE_SIDE_STYLE('',(#250));
#201=SURFACE_SIDE_STYLE('',(#251));
#202=SURFACE_SIDE_STYLE('',(#252));
#203=SURFACE_SIDE_STYLE('',(#253));
#204=SURFACE_SIDE_STYLE('',(#254));
#205=SURFACE_SIDE_STYLE('',(#255));
#206=SURFACE_SIDE_STYLE('',(#256));
#207=SURFACE_SIDE_STYLE('',(#257));
#208=SURFACE_SIDE_STYLE('',(#258));
#209=SURFACE_SIDE_STYLE('',(#259));
#210=SURFACE_SIDE_STYLE('',(#260));
#211=SURFACE_SIDE_STYLE('',(#261));
#212=SURFACE_SIDE_STYLE('',(#262));
#213=SURFACE_SIDE_STYLE('',(#263));
#214=SURFACE_SIDE_STYLE('',(#264));
#215=SURFACE_SIDE_STYLE('',(#265));
#216=SURFACE_SIDE_STYLE('',(#266));
#217=SURFACE_SIDE_STYLE('',(#267));
#218=SURFACE_SIDE_STYLE('',(#268));
#219=SURFACE_SIDE_STYLE('',(#269));
#220=SURFACE_SIDE_STYLE('',(#270));
#221=SURFACE_SIDE_STYLE('',(#271));
#222=SURFACE_SIDE_STYLE('',(#272));
#223=SURFACE_SIDE_STYLE('',(#273));
#224=SURFACE_STYLE_FILL_AREA(#274);
#225=SURFACE_STYLE_FILL_AREA(#275);
#226=SURFACE_STYLE_FILL_AREA(#276);
#227=SURFACE_STYLE_FILL_AREA(#277);
#228=SURFACE_STYLE_FILL_AREA(#278);
#229=SURFACE_STYLE_FILL_AREA(#279);
#230=SURFACE_STYLE_FILL_AREA(#280);
#231=SURFACE_STYLE_FILL_AREA(#281);
#232=SURFACE_STYLE_FILL_AREA(#282);
#233=SURFACE_STYLE_FILL_AREA(#283);
#234=SURFACE_STYLE_FILL_AREA(#284);
#235=SURFACE_STYLE_FILL_AREA(#285);
#236=SURFACE_STYLE_FILL_AREA(#286);
#237=SURFACE_STYLE_FILL_AREA(#287);
#238=SURFACE_STYLE_FILL_AREA(#288);
#239=SURFACE_STYLE_FILL_AREA(#289);
#240=SURFACE_STYLE_FILL_AREA(#290);
#241=SURFACE_STYLE_FILL_AREA(#291);
#242=SURFACE_STYLE_FILL_AREA(#292);
#243=SURFACE_STYLE_FILL_AREA(#293);
#244=SURFACE_STYLE_FILL_AREA(#294);
#245=SURFACE_STYLE_FILL_AREA(#295);
#246=SURFACE_STYLE_FILL_AREA(#296);
#247=SURFACE_STYLE_FILL_AREA(#297);
#248=SURFACE_STYLE_FILL_AREA(#298);
#249=SURFACE_STYLE_FILL_AREA(#299);
#250=SURFACE_STYLE_FILL_AREA(#300);
#251=SURFACE_STYLE_FILL_AREA(#301);
#252=SURFACE_STYLE_FILL_AREA(#302);
#253=SURFACE_STYLE_FILL_AREA(#303);
#254=SURFACE_STYLE_FILL_AREA(#304);
#255=SURFACE_STYLE_FILL_AREA(#305);
#256=SURFACE_STYLE_FILL_AREA(#306);
#257=SURFACE_STYLE_FILL_AREA(#307);
#258=SURFACE_STYLE_FILL_AREA(#308);
#259=SURFACE_STYLE_FILL_AREA(#309);
#260=SURFACE_STYLE_FILL_AREA(#310);
#261=SURFACE_STYLE_FILL_AREA(#311);
#262=SURFACE_STYLE_FILL_AREA(#312);
#263=SURFACE_STYLE_FILL_AREA(#313);
#264=SURFACE_STYLE_FILL_AREA(#314);
#265=SURFACE_STYLE_FILL_AREA(#315);
#266=SURFACE_STYLE_FILL_AREA(#316);
#267=SURFACE_STYLE_FILL_AREA(#317);
#268=SURFACE_STYLE_FILL_AREA(#318);
#269=SURFACE_STYLE_FILL_AREA(#319);
#270=SURFACE_STYLE_FILL_AREA(#320);
#271=SURFACE_STYLE_FILL_AREA(#321);
#272=SURFACE_STYLE_FILL_AREA(#322);
#273=SURFACE_STYLE_FILL_AREA(#323);
#274=FILL_AREA_STYLE('',(#324));
#275=FILL_AREA_STYLE('',(#325));
#276=FILL_AREA_STYLE('',(#326));
#277=FILL_AREA_STYLE('',(#327));
#278=FILL_AREA_STYLE('',(#328));
#279=FILL_AREA_STYLE('',(#329));
#280=FILL_AREA_STYLE('',(#330));
#281=FILL_AREA_STYLE('',(#331));
#282=FILL_AREA_STYLE('',(#332));
#283=FILL_AREA_STYLE('',(#333));
#284=FILL_AREA_STYLE('',(#334));
#285=FILL_AREA_STYLE('',(#335));
#286=FILL_AREA_STYLE('',(#336));
#287=FILL_AREA_STYLE('',(#337));
#288=FILL_AREA_STYLE('',(#338));
#289=FILL_AREA_STYLE('',(#339));
#290=FILL_AREA_STYLE('',(#340));
#291=FILL_AREA_STYLE('',(#341));
#292=FILL_AREA_STYLE('',(#342));
#293=FILL_AREA_STYLE('',(#343));
#294=FILL_AREA_STYLE('',(#344));
#295=FILL_AREA_STYLE('',(#345));
#296=FILL_AREA_STYLE('',(#346));
#297=FILL_AREA_STYLE('',(#347));
#298=FILL_AREA_STYLE('',(#348));
#299=FILL_AREA_STYLE('',(#349));
#300=FILL_AREA_STYLE('',(#350));
#301=FILL_AREA_STYLE('',(#351));
#302=FILL_AREA_STYLE('',(#352));
#303=FILL_AREA_STYLE('',(#353));
#304=FILL_AREA_STYLE('',(#354));
#305=FILL_AREA_STYLE('',(#355));
#306=FILL_AREA_STYLE('',(#356));
#307=FILL_AREA_STYLE('',(#357));
#308=FILL_AREA_STYLE('',(#358));
#309=FILL_AREA_STYLE('',(#359));
#310=FILL_AREA_STYLE('',(#360));
#311=FILL_AREA_STYLE('',(#361));
#312=FILL_AREA_STYLE('',(#362));
#313=FILL_AREA_STYLE('',(#363));
#314=FILL_AREA_STYLE('',(#364));
#315=FILL_AREA_STYLE('',(#365));
#316=FILL_AREA_STYLE('',(#366));
#317=FILL_AREA_STYLE('',(#367));
#318=FILL_AREA_STYLE('',(#368));
#319=FILL_AREA_STYLE('',(#369));
#320=FILL_AREA_STYLE('',(#370));
#321=FILL_AREA_STYLE('',(#371));
#322=FILL_AREA_STYLE('',(#372));
#323=FILL_AREA_STYLE('',(#373));
#324=FILL_AREA_STYLE_COLOUR('',#374);
#325=FILL_AREA_STYLE_COLOUR('',#375);
#326=FILL_AREA_STYLE_COLOUR('',#375);
#327=FILL_AREA_STYLE_COLOUR('',#375);
#328=FILL_AREA_STYLE_COLOUR('',#375);
#329=FILL_AREA_STYLE_COLOUR('',#375);
#330=FILL_AREA_STYLE_COLOUR('',#375);
#331=FILL_AREA_STYLE_COLOUR('',#375);
#332=FILL_AREA_STYLE_COLOUR('',#375);
#333=FILL_AREA_STYLE_COLOUR('',#375);
#334=FILL_AREA_STYLE_COLOUR('',#375);
#335=FILL_AREA_STYLE_COLOUR('',#375);
#336=FILL_AREA_STYLE_COLOUR('',#375);
#337=FILL_AREA_STYLE_COLOUR('',#375);
#338=FILL_AREA_STYLE_COLOUR('',#375);
#339=FILL_AREA_STYLE_COLOUR('',#375);
#340=FILL_AREA_STYLE_COLOUR('',#375);
#341=FILL_AREA_STYLE_COLOUR('',#375);
#342=FILL_AREA_STYLE_COLOUR('',#375);
#343=FILL_AREA_STYLE_COLOUR('',#375);
#344=FILL_AREA_STYLE_COLOUR('',#375);
#345=FILL_AREA_STYLE_COLOUR('',#375);
#346=FILL_AREA_STYLE_COLOUR('',#375);
#347=FILL_AREA_STYLE_COLOUR('',#375);
#348=FILL_AREA_STYLE_COLOUR('',#375);
#349=FILL_AREA_STYLE_COLOUR('',#375);
#350=FILL_AREA_STYLE_COLOUR('',#375);
#351=FILL_AREA_STYLE_COLOUR('',#375);
#352=FILL_AREA_STYLE_COLOUR('',#375);
#353=FILL_AREA_STYLE_COLOUR('',#375);
#354=FILL_AREA_STYLE_COLOUR('',#375);
#355=FILL_AREA_STYLE_COLOUR('',#375);
#356=FILL_AREA_STYLE_COLOUR('',#375);
#357=FILL_AREA_STYLE_COLOUR('',#375);
#358=FILL_AREA_STYLE_COLOUR('',#375);
#359=FILL_AREA_STYLE_COLOUR('',#375);
#360=FILL_AREA_STYLE_COLOUR('',#375);
#361=FILL_AREA_STYLE_COLOUR('',#375);
#362=FILL_AREA_STYLE_COLOUR('',#375);
#363=FILL_AREA_STYLE_COLOUR('',#375);
#364=FILL_AREA_STYLE_COLOUR('',#375);
#365=FILL_AREA_STYLE_COLOUR('',#375);
#366=FILL_AREA_STYLE_COLOUR('',#375);
#367=FILL_AREA_STYLE_COLOUR('',#375);
#368=FILL_AREA_STYLE_COLOUR('',#375);
#369=FILL_AREA_STYLE_COLOUR('',#375);
#370=FILL_AREA_STYLE_COLOUR('',#375);
#371=FILL_AREA_STYLE_COLOUR('',#375);
#372=FILL_AREA_STYLE_COLOUR('',#375);
#373=FILL_AREA_STYLE_COLOUR('',#375);
#374=COLOUR_RGB('LIGHT_BLUE',0.,0.65999847409781,1.);
#375=COLOUR_RGB('GOLDEN_ORANGE',1.,0.65999847409781,0.);
#376=MANIFOLD_SOLID_BREP('',#377);
#377=CLOSED_SHELL('',(#883,#884,#885,#886,#887,#888,#889,#890,#891,#892,
#893,#894,#895,#896,#897,#898,#899,#900,#901,#902,#903,#904,#905,#906,#907,
#908,#909,#910,#911,#912,#913,#914,#915,#916,#917,#918,#919,#920,#921,#922,
#923,#924,#925,#926,#927,#928,#929,#930,#931,#932,#933,#934,#935,#936,#937,
#938,#939,#940,#941,#942,#943,#944,#945,#946,#947,#948,#949,#950,#951,#952,
#953,#954,#955,#956,#957,#958,#959,#960,#961,#962,#963,#964,#965,#966,#967,
#968,#969,#970,#971,#972,#973,#974,#975,#976,#977,#978,#979,#980,#981,#982,
#983,#984,#985,#986,#987,#988,#989,#990,#991,#992,#993,#994,#995,#996,#997,
#998,#999,#1000,#1001,#1002,#1003,#1004,#1005,#1006,#1007,#1008,#1009,#1010,
#1011,#1012,#1013,#1014,#1015,#1016,#1017,#1018,#1019,#1020,#1021,#1022,
#1023,#1024,#1025,#1026,#1027,#1028,#1029,#1030,#1031,#1032,#1033,#1034,
#1035,#1036,#1037,#1038,#1039,#1040,#1041,#1042,#1043,#1044,#1045,#1046,
#1047,#1048,#1049,#1050,#1051,#1052,#1053,#1054,#1055,#1056,#1057,#1058,
#1059));
#378=LINE('',#4079,#494);
#379=LINE('',#4082,#495);
#380=LINE('',#4084,#496);
#381=LINE('',#4086,#497);
#382=LINE('',#4112,#498);
#383=LINE('',#4115,#499);
#384=LINE('',#4117,#500);
#385=LINE('',#4119,#501);
#386=LINE('',#4121,#502);
#387=LINE('',#4124,#503);
#388=LINE('',#4125,#504);
#389=LINE('',#4127,#505);
#390=LINE('',#4129,#506);
#391=LINE('',#4131,#507);
#392=LINE('',#4133,#508);
#393=LINE('',#4135,#509);
#394=LINE('',#4137,#510);
#395=LINE('',#4139,#511);
#396=LINE('',#4141,#512);
#397=LINE('',#4143,#513);
#398=LINE('',#4145,#514);
#399=LINE('',#4148,#515);
#400=LINE('',#4150,#516);
#401=LINE('',#4152,#517);
#402=LINE('',#4154,#518);
#403=LINE('',#4156,#519);
#404=LINE('',#4158,#520);
#405=LINE('',#4160,#521);
#406=LINE('',#4161,#522);
#407=LINE('',#4163,#523);
#408=LINE('',#4165,#524);
#409=LINE('',#4167,#525);
#410=LINE('',#4169,#526);
#411=LINE('',#4171,#527);
#412=LINE('',#4173,#528);
#413=LINE('',#4175,#529);
#414=LINE('',#4177,#530);
#415=LINE('',#4179,#531);
#416=LINE('',#4181,#532);
#417=LINE('',#4183,#533);
#418=LINE('',#4185,#534);
#419=LINE('',#4187,#535);
#420=LINE('',#4189,#536);
#421=LINE('',#4191,#537);
#422=LINE('',#4193,#538);
#423=LINE('',#4195,#539);
#424=LINE('',#4197,#540);
#425=LINE('',#4199,#541);
#426=LINE('',#4201,#542);
#427=LINE('',#4203,#543);
#428=LINE('',#4205,#544);
#429=LINE('',#4207,#545);
#430=LINE('',#4209,#546);
#431=LINE('',#4211,#547);
#432=LINE('',#4213,#548);
#433=LINE('',#4215,#549);
#434=LINE('',#4217,#550);
#435=LINE('',#4219,#551);
#436=LINE('',#4221,#552);
#437=LINE('',#4223,#553);
#438=LINE('',#4225,#554);
#439=LINE('',#4228,#555);
#440=LINE('',#4230,#556);
#441=LINE('',#4232,#557);
#442=LINE('',#4234,#558);
#443=LINE('',#4237,#559);
#444=LINE('',#4239,#560);
#445=LINE('',#4241,#561);
#446=LINE('',#4243,#562);
#447=LINE('',#4245,#563);
#448=LINE('',#4247,#564);
#449=LINE('',#4249,#565);
#450=LINE('',#4252,#566);
#451=LINE('',#4254,#567);
#452=LINE('',#4255,#568);
#453=LINE('',#4256,#569);
#454=LINE('',#4258,#570);
#455=LINE('',#4260,#571);
#456=LINE('',#4262,#572);
#457=LINE('',#4264,#573);
#458=LINE('',#4266,#574);
#459=LINE('',#4268,#575);
#460=LINE('',#4271,#576);
#461=LINE('',#4272,#577);
#462=LINE('',#4274,#578);
#463=LINE('',#4276,#579);
#464=LINE('',#4277,#580);
#465=LINE('',#4279,#581);
#466=LINE('',#4281,#582);
#467=LINE('',#4283,#583);
#468=LINE('',#4285,#584);
#469=LINE('',#4288,#585);
#470=LINE('',#4290,#586);
#471=LINE('',#4292,#587);
#472=LINE('',#4294,#588);
#473=LINE('',#4295,#589);
#474=LINE('',#4297,#590);
#475=LINE('',#4299,#591);
#476=LINE('',#4301,#592);
#477=LINE('',#4303,#593);
#478=LINE('',#4305,#594);
#479=LINE('',#4307,#595);
#480=LINE('',#4310,#596);
#481=LINE('',#4312,#597);
#482=LINE('',#4313,#598);
#483=LINE('',#4315,#599);
#484=LINE('',#4317,#600);
#485=LINE('',#4319,#601);
#486=LINE('',#4321,#602);
#487=LINE('',#4323,#603);
#488=LINE('',#4325,#604);
#489=LINE('',#4327,#605);
#490=LINE('',#4329,#606);
#491=LINE('',#4331,#607);
#492=LINE('',#4333,#608);
#493=LINE('',#4335,#609);
#494=VECTOR('',#3464,1.);
#495=VECTOR('',#3465,1.);
#496=VECTOR('',#3466,1.);
#497=VECTOR('',#3467,1.);
#498=VECTOR('',#3502,1.);
#499=VECTOR('',#3503,1.);
#500=VECTOR('',#3504,1.);
#501=VECTOR('',#3505,1.);
#502=VECTOR('',#3508,1.);
#503=VECTOR('',#3509,1.);
#504=VECTOR('',#3510,1.);
#505=VECTOR('',#3511,1.);
#506=VECTOR('',#3514,1.);
#507=VECTOR('',#3515,1.);
#508=VECTOR('',#3518,1.);
#509=VECTOR('',#3519,1.);
#510=VECTOR('',#3520,1.);
#511=VECTOR('',#3523,1.);
#512=VECTOR('',#3524,1.);
#513=VECTOR('',#3525,1.);
#514=VECTOR('',#3528,1.);
#515=VECTOR('',#3529,1.);
#516=VECTOR('',#3530,1.);
#517=VECTOR('',#3531,1.);
#518=VECTOR('',#3534,1.);
#519=VECTOR('',#3535,1.);
#520=VECTOR('',#3536,1.);
#521=VECTOR('',#3539,1.);
#522=VECTOR('',#3540,1.);
#523=VECTOR('',#3541,1.);
#524=VECTOR('',#3544,1.);
#525=VECTOR('',#3545,1.);
#526=VECTOR('',#3548,1.);
#527=VECTOR('',#3551,1.);
#528=VECTOR('',#3552,1.);
#529=VECTOR('',#3555,1.);
#530=VECTOR('',#3558,1.);
#531=VECTOR('',#3561,1.);
#532=VECTOR('',#3562,1.);
#533=VECTOR('',#3565,1.);
#534=VECTOR('',#3566,1.);
#535=VECTOR('',#3567,1.);
#536=VECTOR('',#3570,1.);
#537=VECTOR('',#3571,1.);
#538=VECTOR('',#3574,1.);
#539=VECTOR('',#3575,1.);
#540=VECTOR('',#3578,1.);
#541=VECTOR('',#3579,1.);
#542=VECTOR('',#3582,1.);
#543=VECTOR('',#3583,1.);
#544=VECTOR('',#3586,1.);
#545=VECTOR('',#3587,1.);
#546=VECTOR('',#3588,1.);
#547=VECTOR('',#3591,1.);
#548=VECTOR('',#3594,1.);
#549=VECTOR('',#3595,1.);
#550=VECTOR('',#3598,1.);
#551=VECTOR('',#3601,1.);
#552=VECTOR('',#3602,1.);
#553=VECTOR('',#3605,1.);
#554=VECTOR('',#3608,1.);
#555=VECTOR('',#3609,1.);
#556=VECTOR('',#3610,1.);
#557=VECTOR('',#3611,1.);
#558=VECTOR('',#3614,1.);
#559=VECTOR('',#3615,1.);
#560=VECTOR('',#3616,1.);
#561=VECTOR('',#3617,1.);
#562=VECTOR('',#3620,1.);
#563=VECTOR('',#3621,1.);
#564=VECTOR('',#3622,1.);
#565=VECTOR('',#3625,1.);
#566=VECTOR('',#3626,1.);
#567=VECTOR('',#3627,1.);
#568=VECTOR('',#3628,1.);
#569=VECTOR('',#3629,1.);
#570=VECTOR('',#3632,1.);
#571=VECTOR('',#3633,1.);
#572=VECTOR('',#3634,1.);
#573=VECTOR('',#3637,1.);
#574=VECTOR('',#3638,1.);
#575=VECTOR('',#3641,1.);
#576=VECTOR('',#3642,1.);
#577=VECTOR('',#3643,1.);
#578=VECTOR('',#3646,1.);
#579=VECTOR('',#3647,1.);
#580=VECTOR('',#3648,1.);
#581=VECTOR('',#3649,1.);
#582=VECTOR('',#3652,1.);
#583=VECTOR('',#3653,1.);
#584=VECTOR('',#3656,1.);
#585=VECTOR('',#3657,1.);
#586=VECTOR('',#3658,1.);
#587=VECTOR('',#3659,1.);
#588=VECTOR('',#3660,1.);
#589=VECTOR('',#3661,1.);
#590=VECTOR('',#3664,1.);
#591=VECTOR('',#3665,1.);
#592=VECTOR('',#3666,1.);
#593=VECTOR('',#3669,1.);
#594=VECTOR('',#3670,1.);
#595=VECTOR('',#3673,1.);
#596=VECTOR('',#3674,1.);
#597=VECTOR('',#3675,1.);
#598=VECTOR('',#3676,1.);
#599=VECTOR('',#3679,1.);
#600=VECTOR('',#3680,1.);
#601=VECTOR('',#3683,1.);
#602=VECTOR('',#3684,1.);
#603=VECTOR('',#3687,1.);
#604=VECTOR('',#3690,1.);
#605=VECTOR('',#3691,1.);
#606=VECTOR('',#3694,1.);
#607=VECTOR('',#3695,1.);
#608=VECTOR('',#3698,1.);
#609=VECTOR('',#3701,1.);
#610=CYLINDRICAL_SURFACE('',#2672,0.3);
#611=CYLINDRICAL_SURFACE('',#2676,0.3);
#612=CYLINDRICAL_SURFACE('',#2682,0.3);
#613=CYLINDRICAL_SURFACE('',#2684,0.3);
#614=CYLINDRICAL_SURFACE('',#2688,0.3);
#615=CYLINDRICAL_SURFACE('',#2692,0.3);
#616=CYLINDRICAL_SURFACE('',#2698,0.3);
#617=CYLINDRICAL_SURFACE('',#2700,0.3);
#618=CYLINDRICAL_SURFACE('',#2704,0.3);
#619=CYLINDRICAL_SURFACE('',#2708,0.3);
#620=CYLINDRICAL_SURFACE('',#2714,0.3);
#621=CYLINDRICAL_SURFACE('',#2716,0.3);
#622=CYLINDRICAL_SURFACE('',#2720,0.3);
#623=CYLINDRICAL_SURFACE('',#2724,0.3);
#624=CYLINDRICAL_SURFACE('',#2730,0.3);
#625=CYLINDRICAL_SURFACE('',#2732,0.3);
#626=CYLINDRICAL_SURFACE('',#2736,0.3);
#627=CYLINDRICAL_SURFACE('',#2740,0.3);
#628=CYLINDRICAL_SURFACE('',#2746,0.3);
#629=CYLINDRICAL_SURFACE('',#2748,0.3);
#630=CYLINDRICAL_SURFACE('',#2752,0.3);
#631=CYLINDRICAL_SURFACE('',#2756,0.3);
#632=CYLINDRICAL_SURFACE('',#2762,0.3);
#633=CYLINDRICAL_SURFACE('',#2764,0.3);
#634=CYLINDRICAL_SURFACE('',#2768,0.3);
#635=CYLINDRICAL_SURFACE('',#2772,0.3);
#636=CYLINDRICAL_SURFACE('',#2778,0.3);
#637=CYLINDRICAL_SURFACE('',#2780,0.3);
#638=CYLINDRICAL_SURFACE('',#2784,0.3);
#639=CYLINDRICAL_SURFACE('',#2788,0.3);
#640=CYLINDRICAL_SURFACE('',#2794,0.3);
#641=CYLINDRICAL_SURFACE('',#2796,0.3);
#642=CYLINDRICAL_SURFACE('',#2800,0.3);
#643=CYLINDRICAL_SURFACE('',#2804,0.3);
#644=CYLINDRICAL_SURFACE('',#2810,0.3);
#645=CYLINDRICAL_SURFACE('',#2812,0.3);
#646=CYLINDRICAL_SURFACE('',#2816,0.3);
#647=CYLINDRICAL_SURFACE('',#2820,0.3);
#648=CYLINDRICAL_SURFACE('',#2826,0.3);
#649=CYLINDRICAL_SURFACE('',#2828,0.3);
#650=CYLINDRICAL_SURFACE('',#2832,0.3);
#651=CYLINDRICAL_SURFACE('',#2836,0.3);
#652=CYLINDRICAL_SURFACE('',#2842,0.3);
#653=CYLINDRICAL_SURFACE('',#2844,0.3);
#654=CYLINDRICAL_SURFACE('',#2848,0.3);
#655=CYLINDRICAL_SURFACE('',#2852,0.3);
#656=CYLINDRICAL_SURFACE('',#2858,0.3);
#657=CYLINDRICAL_SURFACE('',#2860,0.3);
#658=CYLINDRICAL_SURFACE('',#2864,0.3);
#659=CYLINDRICAL_SURFACE('',#2868,0.3);
#660=CYLINDRICAL_SURFACE('',#2874,0.3);
#661=CYLINDRICAL_SURFACE('',#2876,0.3);
#662=CYLINDRICAL_SURFACE('',#2880,0.3);
#663=CYLINDRICAL_SURFACE('',#2884,0.3);
#664=CYLINDRICAL_SURFACE('',#2890,0.3);
#665=CYLINDRICAL_SURFACE('',#2892,0.3);
#666=CYLINDRICAL_SURFACE('',#2896,0.300000000000005);
#667=CYLINDRICAL_SURFACE('',#2900,0.3);
#668=CYLINDRICAL_SURFACE('',#2904,0.300000000000005);
#669=CYLINDRICAL_SURFACE('',#2907,1.25000000000001);
#670=CYLINDRICAL_SURFACE('',#2910,1.25);
#671=CYLINDRICAL_SURFACE('',#2915,0.3);
#672=CYLINDRICAL_SURFACE('',#2919,0.300000000000005);
#673=CYLINDRICAL_SURFACE('',#2923,0.3);
#674=CYLINDRICAL_SURFACE('',#2927,0.300000000000005);
#675=CYLINDRICAL_SURFACE('',#2976,0.3);
#676=FACE_BOUND('',#1277,.T.);
#677=FACE_BOUND('',#1278,.T.);
#678=FACE_BOUND('',#1280,.T.);
#679=FACE_BOUND('',#1281,.T.);
#680=FACE_BOUND('',#1284,.T.);
#681=FACE_BOUND('',#1285,.T.);
#682=FACE_BOUND('',#1286,.T.);
#683=FACE_BOUND('',#1287,.T.);
#684=FACE_BOUND('',#1289,.T.);
#685=FACE_BOUND('',#1290,.T.);
#686=FACE_BOUND('',#1292,.T.);
#687=FACE_BOUND('',#1293,.T.);
#688=FACE_BOUND('',#1296,.T.);
#689=FACE_BOUND('',#1297,.T.);
#690=FACE_BOUND('',#1298,.T.);
#691=FACE_BOUND('',#1299,.T.);
#692=FACE_BOUND('',#1301,.T.);
#693=FACE_BOUND('',#1302,.T.);
#694=FACE_BOUND('',#1304,.T.);
#695=FACE_BOUND('',#1305,.T.);
#696=FACE_BOUND('',#1308,.T.);
#697=FACE_BOUND('',#1309,.T.);
#698=FACE_BOUND('',#1310,.T.);
#699=FACE_BOUND('',#1311,.T.);
#700=FACE_BOUND('',#1313,.T.);
#701=FACE_BOUND('',#1314,.T.);
#702=FACE_BOUND('',#1316,.T.);
#703=FACE_BOUND('',#1317,.T.);
#704=FACE_BOUND('',#1320,.T.);
#705=FACE_BOUND('',#1321,.T.);
#706=FACE_BOUND('',#1322,.T.);
#707=FACE_BOUND('',#1323,.T.);
#708=FACE_BOUND('',#1325,.T.);
#709=FACE_BOUND('',#1326,.T.);
#710=FACE_BOUND('',#1328,.T.);
#711=FACE_BOUND('',#1329,.T.);
#712=FACE_BOUND('',#1332,.T.);
#713=FACE_BOUND('',#1333,.T.);
#714=FACE_BOUND('',#1334,.T.);
#715=FACE_BOUND('',#1335,.T.);
#716=FACE_BOUND('',#1337,.T.);
#717=FACE_BOUND('',#1338,.T.);
#718=FACE_BOUND('',#1340,.T.);
#719=FACE_BOUND('',#1341,.T.);
#720=FACE_BOUND('',#1344,.T.);
#721=FACE_BOUND('',#1345,.T.);
#722=FACE_BOUND('',#1346,.T.);
#723=FACE_BOUND('',#1347,.T.);
#724=FACE_BOUND('',#1349,.T.);
#725=FACE_BOUND('',#1350,.T.);
#726=FACE_BOUND('',#1352,.T.);
#727=FACE_BOUND('',#1353,.T.);
#728=FACE_BOUND('',#1356,.T.);
#729=FACE_BOUND('',#1357,.T.);
#730=FACE_BOUND('',#1358,.T.);
#731=FACE_BOUND('',#1359,.T.);
#732=FACE_BOUND('',#1361,.T.);
#733=FACE_BOUND('',#1362,.T.);
#734=FACE_BOUND('',#1364,.T.);
#735=FACE_BOUND('',#1365,.T.);
#736=FACE_BOUND('',#1368,.T.);
#737=FACE_BOUND('',#1369,.T.);
#738=FACE_BOUND('',#1370,.T.);
#739=FACE_BOUND('',#1371,.T.);
#740=FACE_BOUND('',#1373,.T.);
#741=FACE_BOUND('',#1374,.T.);
#742=FACE_BOUND('',#1376,.T.);
#743=FACE_BOUND('',#1377,.T.);
#744=FACE_BOUND('',#1380,.T.);
#745=FACE_BOUND('',#1381,.T.);
#746=FACE_BOUND('',#1382,.T.);
#747=FACE_BOUND('',#1383,.T.);
#748=FACE_BOUND('',#1385,.T.);
#749=FACE_BOUND('',#1386,.T.);
#750=FACE_BOUND('',#1388,.T.);
#751=FACE_BOUND('',#1389,.T.);
#752=FACE_BOUND('',#1392,.T.);
#753=FACE_BOUND('',#1393,.T.);
#754=FACE_BOUND('',#1394,.T.);
#755=FACE_BOUND('',#1395,.T.);
#756=FACE_BOUND('',#1397,.T.);
#757=FACE_BOUND('',#1398,.T.);
#758=FACE_BOUND('',#1400,.T.);
#759=FACE_BOUND('',#1401,.T.);
#760=FACE_BOUND('',#1404,.T.);
#761=FACE_BOUND('',#1405,.T.);
#762=FACE_BOUND('',#1406,.T.);
#763=FACE_BOUND('',#1407,.T.);
#764=FACE_BOUND('',#1409,.T.);
#765=FACE_BOUND('',#1410,.T.);
#766=FACE_BOUND('',#1412,.T.);
#767=FACE_BOUND('',#1413,.T.);
#768=FACE_BOUND('',#1416,.T.);
#769=FACE_BOUND('',#1417,.T.);
#770=FACE_BOUND('',#1418,.T.);
#771=FACE_BOUND('',#1419,.T.);
#772=FACE_BOUND('',#1421,.T.);
#773=FACE_BOUND('',#1422,.T.);
#774=FACE_BOUND('',#1424,.T.);
#775=FACE_BOUND('',#1425,.T.);
#776=FACE_BOUND('',#1428,.T.);
#777=FACE_BOUND('',#1429,.T.);
#778=FACE_BOUND('',#1430,.T.);
#779=FACE_BOUND('',#1431,.T.);
#780=FACE_BOUND('',#1433,.T.);
#781=FACE_BOUND('',#1434,.T.);
#782=FACE_BOUND('',#1436,.T.);
#783=FACE_BOUND('',#1437,.T.);
#784=FACE_BOUND('',#1440,.T.);
#785=FACE_BOUND('',#1441,.T.);
#786=FACE_BOUND('',#1442,.T.);
#787=FACE_BOUND('',#1443,.T.);
#788=FACE_BOUND('',#1445,.T.);
#789=FACE_BOUND('',#1446,.T.);
#790=FACE_BOUND('',#1448,.T.);
#791=FACE_BOUND('',#1449,.T.);
#792=FACE_BOUND('',#1451,.T.);
#793=FACE_BOUND('',#1452,.T.);
#794=FACE_BOUND('',#1453,.T.);
#795=FACE_BOUND('',#1454,.T.);
#796=FACE_BOUND('',#1455,.T.);
#797=FACE_BOUND('',#1456,.T.);
#798=FACE_BOUND('',#1459,.T.);
#799=FACE_BOUND('',#1460,.T.);
#800=FACE_BOUND('',#1462,.T.);
#801=FACE_BOUND('',#1463,.T.);
#802=FACE_BOUND('',#1465,.T.);
#803=FACE_BOUND('',#1466,.T.);
#804=FACE_BOUND('',#1468,.T.);
#805=FACE_BOUND('',#1469,.T.);
#806=FACE_BOUND('',#1480,.T.);
#807=FACE_BOUND('',#1481,.T.);
#808=FACE_BOUND('',#1482,.T.);
#809=FACE_BOUND('',#1483,.T.);
#810=FACE_BOUND('',#1484,.T.);
#811=FACE_BOUND('',#1485,.T.);
#812=FACE_BOUND('',#1486,.T.);
#813=FACE_BOUND('',#1487,.T.);
#814=FACE_BOUND('',#1488,.T.);
#815=FACE_BOUND('',#1489,.T.);
#816=FACE_BOUND('',#1490,.T.);
#817=FACE_BOUND('',#1491,.T.);
#818=FACE_BOUND('',#1492,.T.);
#819=FACE_BOUND('',#1493,.T.);
#820=FACE_BOUND('',#1494,.T.);
#821=FACE_BOUND('',#1495,.T.);
#822=FACE_BOUND('',#1496,.T.);
#823=FACE_BOUND('',#1497,.T.);
#824=FACE_BOUND('',#1498,.T.);
#825=FACE_BOUND('',#1499,.T.);
#826=FACE_BOUND('',#1500,.T.);
#827=FACE_BOUND('',#1501,.T.);
#828=FACE_BOUND('',#1502,.T.);
#829=FACE_BOUND('',#1503,.T.);
#830=FACE_BOUND('',#1504,.T.);
#831=FACE_BOUND('',#1505,.T.);
#832=FACE_BOUND('',#1506,.T.);
#833=FACE_BOUND('',#1507,.T.);
#834=FACE_BOUND('',#1508,.T.);
#835=FACE_BOUND('',#1509,.T.);
#836=FACE_BOUND('',#1510,.T.);
#837=FACE_BOUND('',#1511,.T.);
#838=FACE_BOUND('',#1512,.T.);
#839=FACE_BOUND('',#1527,.T.);
#840=FACE_BOUND('',#1528,.T.);
#841=FACE_BOUND('',#1535,.T.);
#842=FACE_BOUND('',#1536,.T.);
#843=FACE_BOUND('',#1538,.T.);
#844=FACE_BOUND('',#1539,.T.);
#845=FACE_BOUND('',#1540,.T.);
#846=FACE_BOUND('',#1550,.T.);
#847=FACE_BOUND('',#1551,.T.);
#848=FACE_BOUND('',#1552,.T.);
#849=FACE_BOUND('',#1553,.T.);
#850=FACE_BOUND('',#1554,.T.);
#851=FACE_BOUND('',#1555,.T.);
#852=FACE_BOUND('',#1556,.T.);
#853=FACE_BOUND('',#1557,.T.);
#854=FACE_BOUND('',#1558,.T.);
#855=FACE_BOUND('',#1559,.T.);
#856=FACE_BOUND('',#1560,.T.);
#857=FACE_BOUND('',#1561,.T.);
#858=FACE_BOUND('',#1562,.T.);
#859=FACE_BOUND('',#1563,.T.);
#860=FACE_BOUND('',#1564,.T.);
#861=FACE_BOUND('',#1565,.T.);
#862=FACE_BOUND('',#1566,.T.);
#863=FACE_BOUND('',#1567,.T.);
#864=FACE_BOUND('',#1568,.T.);
#865=FACE_BOUND('',#1569,.T.);
#866=FACE_BOUND('',#1570,.T.);
#867=FACE_BOUND('',#1571,.T.);
#868=FACE_BOUND('',#1572,.T.);
#869=FACE_BOUND('',#1573,.T.);
#870=FACE_BOUND('',#1574,.T.);
#871=FACE_BOUND('',#1575,.T.);
#872=FACE_BOUND('',#1576,.T.);
#873=FACE_BOUND('',#1577,.T.);
#874=FACE_BOUND('',#1578,.T.);
#875=FACE_BOUND('',#1579,.T.);
#876=FACE_BOUND('',#1580,.T.);
#877=FACE_BOUND('',#1581,.T.);
#878=FACE_BOUND('',#1582,.T.);
#879=FACE_BOUND('',#1583,.T.);
#880=FACE_BOUND('',#1584,.T.);
#881=FACE_BOUND('',#1585,.T.);
#882=FACE_BOUND('',#1586,.T.);
#883=ADVANCED_FACE('',(#1171),#1060,.T.);
#884=ADVANCED_FACE('',(#676,#677),#610,.T.);
#885=ADVANCED_FACE('',(#1172),#1061,.T.);
#886=ADVANCED_FACE('',(#678,#679),#611,.T.);
#887=ADVANCED_FACE('',(#1173),#1062,.T.);
#888=ADVANCED_FACE('',(#1174),#1063,.T.);
#889=ADVANCED_FACE('',(#680,#681),#612,.T.);
#890=ADVANCED_FACE('',(#682,#683),#613,.T.);
#891=ADVANCED_FACE('',(#1175),#1064,.T.);
#892=ADVANCED_FACE('',(#684,#685),#614,.T.);
#893=ADVANCED_FACE('',(#1176),#1065,.T.);
#894=ADVANCED_FACE('',(#686,#687),#615,.T.);
#895=ADVANCED_FACE('',(#1177),#1066,.T.);
#896=ADVANCED_FACE('',(#1178),#1067,.T.);
#897=ADVANCED_FACE('',(#688,#689),#616,.T.);
#898=ADVANCED_FACE('',(#690,#691),#617,.T.);
#899=ADVANCED_FACE('',(#1179),#1068,.T.);
#900=ADVANCED_FACE('',(#692,#693),#618,.T.);
#901=ADVANCED_FACE('',(#1180),#1069,.T.);
#902=ADVANCED_FACE('',(#694,#695),#619,.T.);
#903=ADVANCED_FACE('',(#1181),#1070,.T.);
#904=ADVANCED_FACE('',(#1182),#1071,.T.);
#905=ADVANCED_FACE('',(#696,#697),#620,.T.);
#906=ADVANCED_FACE('',(#698,#699),#621,.T.);
#907=ADVANCED_FACE('',(#1183),#1072,.T.);
#908=ADVANCED_FACE('',(#700,#701),#622,.T.);
#909=ADVANCED_FACE('',(#1184),#1073,.T.);
#910=ADVANCED_FACE('',(#702,#703),#623,.T.);
#911=ADVANCED_FACE('',(#1185),#1074,.T.);
#912=ADVANCED_FACE('',(#1186),#1075,.T.);
#913=ADVANCED_FACE('',(#704,#705),#624,.T.);
#914=ADVANCED_FACE('',(#706,#707),#625,.T.);
#915=ADVANCED_FACE('',(#1187),#1076,.T.);
#916=ADVANCED_FACE('',(#708,#709),#626,.T.);
#917=ADVANCED_FACE('',(#1188),#1077,.T.);
#918=ADVANCED_FACE('',(#710,#711),#627,.T.);
#919=ADVANCED_FACE('',(#1189),#1078,.T.);
#920=ADVANCED_FACE('',(#1190),#1079,.T.);
#921=ADVANCED_FACE('',(#712,#713),#628,.T.);
#922=ADVANCED_FACE('',(#714,#715),#629,.T.);
#923=ADVANCED_FACE('',(#1191),#1080,.T.);
#924=ADVANCED_FACE('',(#716,#717),#630,.T.);
#925=ADVANCED_FACE('',(#1192),#1081,.T.);
#926=ADVANCED_FACE('',(#718,#719),#631,.T.);
#927=ADVANCED_FACE('',(#1193),#1082,.T.);
#928=ADVANCED_FACE('',(#1194),#1083,.T.);
#929=ADVANCED_FACE('',(#720,#721),#632,.T.);
#930=ADVANCED_FACE('',(#722,#723),#633,.T.);
#931=ADVANCED_FACE('',(#1195),#1084,.T.);
#932=ADVANCED_FACE('',(#724,#725),#634,.T.);
#933=ADVANCED_FACE('',(#1196),#1085,.T.);
#934=ADVANCED_FACE('',(#726,#727),#635,.T.);
#935=ADVANCED_FACE('',(#1197),#1086,.T.);
#936=ADVANCED_FACE('',(#1198),#1087,.T.);
#937=ADVANCED_FACE('',(#728,#729),#636,.T.);
#938=ADVANCED_FACE('',(#730,#731),#637,.T.);
#939=ADVANCED_FACE('',(#1199),#1088,.T.);
#940=ADVANCED_FACE('',(#732,#733),#638,.T.);
#941=ADVANCED_FACE('',(#1200),#1089,.T.);
#942=ADVANCED_FACE('',(#734,#735),#639,.T.);
#943=ADVANCED_FACE('',(#1201),#1090,.T.);
#944=ADVANCED_FACE('',(#1202),#1091,.T.);
#945=ADVANCED_FACE('',(#736,#737),#640,.T.);
#946=ADVANCED_FACE('',(#738,#739),#641,.T.);
#947=ADVANCED_FACE('',(#1203),#1092,.T.);
#948=ADVANCED_FACE('',(#740,#741),#642,.T.);
#949=ADVANCED_FACE('',(#1204),#1093,.T.);
#950=ADVANCED_FACE('',(#742,#743),#643,.T.);
#951=ADVANCED_FACE('',(#1205),#1094,.T.);
#952=ADVANCED_FACE('',(#1206),#1095,.T.);
#953=ADVANCED_FACE('',(#744,#745),#644,.T.);
#954=ADVANCED_FACE('',(#746,#747),#645,.T.);
#955=ADVANCED_FACE('',(#1207),#1096,.T.);
#956=ADVANCED_FACE('',(#748,#749),#646,.T.);
#957=ADVANCED_FACE('',(#1208),#1097,.T.);
#958=ADVANCED_FACE('',(#750,#751),#647,.T.);
#959=ADVANCED_FACE('',(#1209),#1098,.T.);
#960=ADVANCED_FACE('',(#1210),#1099,.T.);
#961=ADVANCED_FACE('',(#752,#753),#648,.T.);
#962=ADVANCED_FACE('',(#754,#755),#649,.T.);
#963=ADVANCED_FACE('',(#1211),#1100,.T.);
#964=ADVANCED_FACE('',(#756,#757),#650,.T.);
#965=ADVANCED_FACE('',(#1212),#1101,.T.);
#966=ADVANCED_FACE('',(#758,#759),#651,.T.);
#967=ADVANCED_FACE('',(#1213),#1102,.T.);
#968=ADVANCED_FACE('',(#1214),#1103,.T.);
#969=ADVANCED_FACE('',(#760,#761),#652,.T.);
#970=ADVANCED_FACE('',(#762,#763),#653,.T.);
#971=ADVANCED_FACE('',(#1215),#1104,.T.);
#972=ADVANCED_FACE('',(#764,#765),#654,.T.);
#973=ADVANCED_FACE('',(#1216),#1105,.T.);
#974=ADVANCED_FACE('',(#766,#767),#655,.T.);
#975=ADVANCED_FACE('',(#1217),#1106,.T.);
#976=ADVANCED_FACE('',(#1218),#1107,.T.);
#977=ADVANCED_FACE('',(#768,#769),#656,.T.);
#978=ADVANCED_FACE('',(#770,#771),#657,.T.);
#979=ADVANCED_FACE('',(#1219),#1108,.T.);
#980=ADVANCED_FACE('',(#772,#773),#658,.T.);
#981=ADVANCED_FACE('',(#1220),#1109,.T.);
#982=ADVANCED_FACE('',(#774,#775),#659,.T.);
#983=ADVANCED_FACE('',(#1221),#1110,.T.);
#984=ADVANCED_FACE('',(#1222),#1111,.T.);
#985=ADVANCED_FACE('',(#776,#777),#660,.T.);
#986=ADVANCED_FACE('',(#778,#779),#661,.T.);
#987=ADVANCED_FACE('',(#1223),#1112,.T.);
#988=ADVANCED_FACE('',(#780,#781),#662,.T.);
#989=ADVANCED_FACE('',(#1224),#1113,.T.);
#990=ADVANCED_FACE('',(#782,#783),#663,.T.);
#991=ADVANCED_FACE('',(#1225),#1114,.T.);
#992=ADVANCED_FACE('',(#1226),#1115,.T.);
#993=ADVANCED_FACE('',(#784,#785),#664,.T.);
#994=ADVANCED_FACE('',(#786,#787),#665,.T.);
#995=ADVANCED_FACE('',(#1227),#1116,.T.);
#996=ADVANCED_FACE('',(#788,#789),#666,.T.);
#997=ADVANCED_FACE('',(#1228),#1117,.T.);
#998=ADVANCED_FACE('',(#790,#791),#667,.T.);
#999=ADVANCED_FACE('',(#1229),#1118,.T.);
#1000=ADVANCED_FACE('',(#792,#793),#668,.T.);
#1001=ADVANCED_FACE('',(#794,#795),#669,.F.);
#1002=ADVANCED_FACE('',(#796,#797),#670,.F.);
#1003=ADVANCED_FACE('',(#1230),#1119,.T.);
#1004=ADVANCED_FACE('',(#1231),#1120,.T.);
#1005=ADVANCED_FACE('',(#798,#799),#671,.T.);
#1006=ADVANCED_FACE('',(#1232),#1121,.T.);
#1007=ADVANCED_FACE('',(#800,#801),#672,.T.);
#1008=ADVANCED_FACE('',(#1233),#1122,.T.);
#1009=ADVANCED_FACE('',(#802,#803),#673,.T.);
#1010=ADVANCED_FACE('',(#1234),#1123,.T.);
#1011=ADVANCED_FACE('',(#804,#805),#674,.T.);
#1012=ADVANCED_FACE('',(#1235),#1124,.T.);
#1013=ADVANCED_FACE('',(#1236),#1125,.F.);
#1014=ADVANCED_FACE('',(#1237),#1126,.F.);
#1015=ADVANCED_FACE('',(#1238),#1127,.F.);
#1016=ADVANCED_FACE('',(#1239),#1128,.F.);
#1017=ADVANCED_FACE('',(#1240),#1129,.T.);
#1018=ADVANCED_FACE('',(#1241),#1130,.T.);
#1019=ADVANCED_FACE('',(#1242),#1131,.T.);
#1020=ADVANCED_FACE('',(#1243),#1132,.T.);
#1021=ADVANCED_FACE('',(#1244),#1133,.T.);
#1022=ADVANCED_FACE('',(#806,#807,#808,#809,#810,#811,#812,#813,#814,#815,
#816,#817,#818,#819,#820,#821,#822,#823,#824,#825,#826,#827,#828,#829,#830,
#831,#832,#833,#834,#835,#836,#837,#838),#1134,.F.);
#1023=ADVANCED_FACE('',(#1245),#1135,.T.);
#1024=ADVANCED_FACE('',(#1246),#1136,.T.);
#1025=ADVANCED_FACE('',(#1247),#1137,.F.);
#1026=ADVANCED_FACE('',(#1248),#1138,.T.);
#1027=ADVANCED_FACE('',(#1249),#1139,.T.);
#1028=ADVANCED_FACE('',(#1250),#1140,.T.);
#1029=ADVANCED_FACE('',(#1251),#1141,.T.);
#1030=ADVANCED_FACE('',(#1252),#1142,.T.);
#1031=ADVANCED_FACE('',(#1253),#1143,.T.);
#1032=ADVANCED_FACE('',(#1254),#1144,.F.);
#1033=ADVANCED_FACE('',(#1255),#1145,.F.);
#1034=ADVANCED_FACE('',(#1256),#1146,.F.);
#1035=ADVANCED_FACE('',(#1257),#1147,.T.);
#1036=ADVANCED_FACE('',(#1258),#1148,.T.);
#1037=ADVANCED_FACE('',(#839,#840),#1149,.T.);
#1038=ADVANCED_FACE('',(#1259),#1150,.F.);
#1039=ADVANCED_FACE('',(#1260),#1151,.F.);
#1040=ADVANCED_FACE('',(#1261),#1152,.T.);
#1041=ADVANCED_FACE('',(#1262),#1153,.F.);
#1042=ADVANCED_FACE('',(#1263),#1154,.F.);
#1043=ADVANCED_FACE('',(#1264),#1155,.T.);
#1044=ADVANCED_FACE('',(#841,#842),#1156,.T.);
#1045=ADVANCED_FACE('',(#1265),#1157,.T.);
#1046=ADVANCED_FACE('',(#843,#844,#845),#1158,.T.);
#1047=ADVANCED_FACE('',(#1266),#1159,.T.);
#1048=ADVANCED_FACE('',(#1267),#1160,.T.);
#1049=ADVANCED_FACE('',(#1268),#1161,.T.);
#1050=ADVANCED_FACE('',(#1269),#1162,.T.);
#1051=ADVANCED_FACE('',(#1270),#1163,.T.);
#1052=ADVANCED_FACE('',(#1271),#1164,.T.);
#1053=ADVANCED_FACE('',(#1272),#1165,.T.);
#1054=ADVANCED_FACE('',(#1273),#1166,.T.);
#1055=ADVANCED_FACE('',(#1274),#1167,.T.);
#1056=ADVANCED_FACE('',(#846,#847),#1168,.T.);
#1057=ADVANCED_FACE('',(#848,#849,#850,#851,#852,#853,#854,#855,#856,#857,
#858,#859,#860,#861,#862,#863,#864,#865,#866,#867,#868,#869,#870,#871,#872,
#873,#874,#875,#876,#877,#878,#879,#880),#1169,.T.);
#1058=ADVANCED_FACE('',(#881,#882),#675,.T.);
#1059=ADVANCED_FACE('',(#1275),#1170,.T.);
#1060=PLANE('',#2670);
#1061=PLANE('',#2674);
#1062=PLANE('',#2678);
#1063=PLANE('',#2680);
#1064=PLANE('',#2686);
#1065=PLANE('',#2690);
#1066=PLANE('',#2694);
#1067=PLANE('',#2696);
#1068=PLANE('',#2702);
#1069=PLANE('',#2706);
#1070=PLANE('',#2710);
#1071=PLANE('',#2712);
#1072=PLANE('',#2718);
#1073=PLANE('',#2722);
#1074=PLANE('',#2726);
#1075=PLANE('',#2728);
#1076=PLANE('',#2734);
#1077=PLANE('',#2738);
#1078=PLANE('',#2742);
#1079=PLANE('',#2744);
#1080=PLANE('',#2750);
#1081=PLANE('',#2754);
#1082=PLANE('',#2758);
#1083=PLANE('',#2760);
#1084=PLANE('',#2766);
#1085=PLANE('',#2770);
#1086=PLANE('',#2774);
#1087=PLANE('',#2776);
#1088=PLANE('',#2782);
#1089=PLANE('',#2786);
#1090=PLANE('',#2790);
#1091=PLANE('',#2792);
#1092=PLANE('',#2798);
#1093=PLANE('',#2802);
#1094=PLANE('',#2806);
#1095=PLANE('',#2808);
#1096=PLANE('',#2814);
#1097=PLANE('',#2818);
#1098=PLANE('',#2822);
#1099=PLANE('',#2824);
#1100=PLANE('',#2830);
#1101=PLANE('',#2834);
#1102=PLANE('',#2838);
#1103=PLANE('',#2840);
#1104=PLANE('',#2846);
#1105=PLANE('',#2850);
#1106=PLANE('',#2854);
#1107=PLANE('',#2856);
#1108=PLANE('',#2862);
#1109=PLANE('',#2866);
#1110=PLANE('',#2870);
#1111=PLANE('',#2872);
#1112=PLANE('',#2878);
#1113=PLANE('',#2882);
#1114=PLANE('',#2886);
#1115=PLANE('',#2888);
#1116=PLANE('',#2894);
#1117=PLANE('',#2898);
#1118=PLANE('',#2902);
#1119=PLANE('',#2911);
#1120=PLANE('',#2913);
#1121=PLANE('',#2917);
#1122=PLANE('',#2921);
#1123=PLANE('',#2925);
#1124=PLANE('',#2928);
#1125=PLANE('',#2929);
#1126=PLANE('',#2930);
#1127=PLANE('',#2931);
#1128=PLANE('',#2932);
#1129=PLANE('',#2933);
#1130=PLANE('',#2934);
#1131=PLANE('',#2935);
#1132=PLANE('',#2936);
#1133=PLANE('',#2937);
#1134=PLANE('',#2938);
#1135=PLANE('',#2939);
#1136=PLANE('',#2940);
#1137=PLANE('',#2941);
#1138=PLANE('',#2942);
#1139=PLANE('',#2943);
#1140=PLANE('',#2944);
#1141=PLANE('',#2945);
#1142=PLANE('',#2946);
#1143=PLANE('',#2947);
#1144=PLANE('',#2948);
#1145=PLANE('',#2949);
#1146=PLANE('',#2950);
#1147=PLANE('',#2951);
#1148=PLANE('',#2952);
#1149=PLANE('',#2953);
#1150=PLANE('',#2954);
#1151=PLANE('',#2955);
#1152=PLANE('',#2956);
#1153=PLANE('',#2957);
#1154=PLANE('',#2958);
#1155=PLANE('',#2959);
#1156=PLANE('',#2960);
#1157=PLANE('',#2961);
#1158=PLANE('',#2962);
#1159=PLANE('',#2963);
#1160=PLANE('',#2964);
#1161=PLANE('',#2965);
#1162=PLANE('',#2966);
#1163=PLANE('',#2967);
#1164=PLANE('',#2968);
#1165=PLANE('',#2969);
#1166=PLANE('',#2970);
#1167=PLANE('',#2971);
#1168=PLANE('',#2972);
#1169=PLANE('',#2974);
#1170=PLANE('',#2977);
#1171=FACE_OUTER_BOUND('',#1276,.T.);
#1172=FACE_OUTER_BOUND('',#1279,.T.);
#1173=FACE_OUTER_BOUND('',#1282,.T.);
#1174=FACE_OUTER_BOUND('',#1283,.T.);
#1175=FACE_OUTER_BOUND('',#1288,.T.);
#1176=FACE_OUTER_BOUND('',#1291,.T.);
#1177=FACE_OUTER_BOUND('',#1294,.T.);
#1178=FACE_OUTER_BOUND('',#1295,.T.);
#1179=FACE_OUTER_BOUND('',#1300,.T.);
#1180=FACE_OUTER_BOUND('',#1303,.T.);
#1181=FACE_OUTER_BOUND('',#1306,.T.);
#1182=FACE_OUTER_BOUND('',#1307,.T.);
#1183=FACE_OUTER_BOUND('',#1312,.T.);
#1184=FACE_OUTER_BOUND('',#1315,.T.);
#1185=FACE_OUTER_BOUND('',#1318,.T.);
#1186=FACE_OUTER_BOUND('',#1319,.T.);
#1187=FACE_OUTER_BOUND('',#1324,.T.);
#1188=FACE_OUTER_BOUND('',#1327,.T.);
#1189=FACE_OUTER_BOUND('',#1330,.T.);
#1190=FACE_OUTER_BOUND('',#1331,.T.);
#1191=FACE_OUTER_BOUND('',#1336,.T.);
#1192=FACE_OUTER_BOUND('',#1339,.T.);
#1193=FACE_OUTER_BOUND('',#1342,.T.);
#1194=FACE_OUTER_BOUND('',#1343,.T.);
#1195=FACE_OUTER_BOUND('',#1348,.T.);
#1196=FACE_OUTER_BOUND('',#1351,.T.);
#1197=FACE_OUTER_BOUND('',#1354,.T.);
#1198=FACE_OUTER_BOUND('',#1355,.T.);
#1199=FACE_OUTER_BOUND('',#1360,.T.);
#1200=FACE_OUTER_BOUND('',#1363,.T.);
#1201=FACE_OUTER_BOUND('',#1366,.T.);
#1202=FACE_OUTER_BOUND('',#1367,.T.);
#1203=FACE_OUTER_BOUND('',#1372,.T.);
#1204=FACE_OUTER_BOUND('',#1375,.T.);
#1205=FACE_OUTER_BOUND('',#1378,.T.);
#1206=FACE_OUTER_BOUND('',#1379,.T.);
#1207=FACE_OUTER_BOUND('',#1384,.T.);
#1208=FACE_OUTER_BOUND('',#1387,.T.);
#1209=FACE_OUTER_BOUND('',#1390,.T.);
#1210=FACE_OUTER_BOUND('',#1391,.T.);
#1211=FACE_OUTER_BOUND('',#1396,.T.);
#1212=FACE_OUTER_BOUND('',#1399,.T.);
#1213=FACE_OUTER_BOUND('',#1402,.T.);
#1214=FACE_OUTER_BOUND('',#1403,.T.);
#1215=FACE_OUTER_BOUND('',#1408,.T.);
#1216=FACE_OUTER_BOUND('',#1411,.T.);
#1217=FACE_OUTER_BOUND('',#1414,.T.);
#1218=FACE_OUTER_BOUND('',#1415,.T.);
#1219=FACE_OUTER_BOUND('',#1420,.T.);
#1220=FACE_OUTER_BOUND('',#1423,.T.);
#1221=FACE_OUTER_BOUND('',#1426,.T.);
#1222=FACE_OUTER_BOUND('',#1427,.T.);
#1223=FACE_OUTER_BOUND('',#1432,.T.);
#1224=FACE_OUTER_BOUND('',#1435,.T.);
#1225=FACE_OUTER_BOUND('',#1438,.T.);
#1226=FACE_OUTER_BOUND('',#1439,.T.);
#1227=FACE_OUTER_BOUND('',#1444,.T.);
#1228=FACE_OUTER_BOUND('',#1447,.T.);
#1229=FACE_OUTER_BOUND('',#1450,.T.);
#1230=FACE_OUTER_BOUND('',#1457,.T.);
#1231=FACE_OUTER_BOUND('',#1458,.T.);
#1232=FACE_OUTER_BOUND('',#1461,.T.);
#1233=FACE_OUTER_BOUND('',#1464,.T.);
#1234=FACE_OUTER_BOUND('',#1467,.T.);
#1235=FACE_OUTER_BOUND('',#1470,.T.);
#1236=FACE_OUTER_BOUND('',#1471,.T.);
#1237=FACE_OUTER_BOUND('',#1472,.T.);
#1238=FACE_OUTER_BOUND('',#1473,.T.);
#1239=FACE_OUTER_BOUND('',#1474,.T.);
#1240=FACE_OUTER_BOUND('',#1475,.T.);
#1241=FACE_OUTER_BOUND('',#1476,.T.);
#1242=FACE_OUTER_BOUND('',#1477,.T.);
#1243=FACE_OUTER_BOUND('',#1478,.T.);
#1244=FACE_OUTER_BOUND('',#1479,.T.);
#1245=FACE_OUTER_BOUND('',#1513,.T.);
#1246=FACE_OUTER_BOUND('',#1514,.T.);
#1247=FACE_OUTER_BOUND('',#1515,.T.);
#1248=FACE_OUTER_BOUND('',#1516,.T.);
#1249=FACE_OUTER_BOUND('',#1517,.T.);
#1250=FACE_OUTER_BOUND('',#1518,.T.);
#1251=FACE_OUTER_BOUND('',#1519,.T.);
#1252=FACE_OUTER_BOUND('',#1520,.T.);
#1253=FACE_OUTER_BOUND('',#1521,.T.);
#1254=FACE_OUTER_BOUND('',#1522,.T.);
#1255=FACE_OUTER_BOUND('',#1523,.T.);
#1256=FACE_OUTER_BOUND('',#1524,.T.);
#1257=FACE_OUTER_BOUND('',#1525,.T.);
#1258=FACE_OUTER_BOUND('',#1526,.T.);
#1259=FACE_OUTER_BOUND('',#1529,.T.);
#1260=FACE_OUTER_BOUND('',#1530,.T.);
#1261=FACE_OUTER_BOUND('',#1531,.T.);
#1262=FACE_OUTER_BOUND('',#1532,.T.);
#1263=FACE_OUTER_BOUND('',#1533,.T.);
#1264=FACE_OUTER_BOUND('',#1534,.T.);
#1265=FACE_OUTER_BOUND('',#1537,.T.);
#1266=FACE_OUTER_BOUND('',#1541,.T.);
#1267=FACE_OUTER_BOUND('',#1542,.T.);
#1268=FACE_OUTER_BOUND('',#1543,.T.);
#1269=FACE_OUTER_BOUND('',#1544,.T.);
#1270=FACE_OUTER_BOUND('',#1545,.T.);
#1271=FACE_OUTER_BOUND('',#1546,.T.);
#1272=FACE_OUTER_BOUND('',#1547,.T.);
#1273=FACE_OUTER_BOUND('',#1548,.T.);
#1274=FACE_OUTER_BOUND('',#1549,.T.);
#1275=FACE_OUTER_BOUND('',#1587,.T.);
#1276=EDGE_LOOP('',(#1588));
#1277=EDGE_LOOP('',(#1589));
#1278=EDGE_LOOP('',(#1590));
#1279=EDGE_LOOP('',(#1591));
#1280=EDGE_LOOP('',(#1592));
#1281=EDGE_LOOP('',(#1593));
#1282=EDGE_LOOP('',(#1594));
#1283=EDGE_LOOP('',(#1595));
#1284=EDGE_LOOP('',(#1596));
#1285=EDGE_LOOP('',(#1597));
#1286=EDGE_LOOP('',(#1598));
#1287=EDGE_LOOP('',(#1599));
#1288=EDGE_LOOP('',(#1600));
#1289=EDGE_LOOP('',(#1601));
#1290=EDGE_LOOP('',(#1602));
#1291=EDGE_LOOP('',(#1603));
#1292=EDGE_LOOP('',(#1604));
#1293=EDGE_LOOP('',(#1605));
#1294=EDGE_LOOP('',(#1606));
#1295=EDGE_LOOP('',(#1607));
#1296=EDGE_LOOP('',(#1608));
#1297=EDGE_LOOP('',(#1609));
#1298=EDGE_LOOP('',(#1610));
#1299=EDGE_LOOP('',(#1611));
#1300=EDGE_LOOP('',(#1612));
#1301=EDGE_LOOP('',(#1613));
#1302=EDGE_LOOP('',(#1614));
#1303=EDGE_LOOP('',(#1615));
#1304=EDGE_LOOP('',(#1616));
#1305=EDGE_LOOP('',(#1617));
#1306=EDGE_LOOP('',(#1618));
#1307=EDGE_LOOP('',(#1619));
#1308=EDGE_LOOP('',(#1620));
#1309=EDGE_LOOP('',(#1621));
#1310=EDGE_LOOP('',(#1622));
#1311=EDGE_LOOP('',(#1623));
#1312=EDGE_LOOP('',(#1624));
#1313=EDGE_LOOP('',(#1625));
#1314=EDGE_LOOP('',(#1626));
#1315=EDGE_LOOP('',(#1627));
#1316=EDGE_LOOP('',(#1628));
#1317=EDGE_LOOP('',(#1629));
#1318=EDGE_LOOP('',(#1630));
#1319=EDGE_LOOP('',(#1631));
#1320=EDGE_LOOP('',(#1632));
#1321=EDGE_LOOP('',(#1633));
#1322=EDGE_LOOP('',(#1634));
#1323=EDGE_LOOP('',(#1635));
#1324=EDGE_LOOP('',(#1636));
#1325=EDGE_LOOP('',(#1637));
#1326=EDGE_LOOP('',(#1638));
#1327=EDGE_LOOP('',(#1639));
#1328=EDGE_LOOP('',(#1640));
#1329=EDGE_LOOP('',(#1641));
#1330=EDGE_LOOP('',(#1642));
#1331=EDGE_LOOP('',(#1643));
#1332=EDGE_LOOP('',(#1644));
#1333=EDGE_LOOP('',(#1645));
#1334=EDGE_LOOP('',(#1646));
#1335=EDGE_LOOP('',(#1647));
#1336=EDGE_LOOP('',(#1648));
#1337=EDGE_LOOP('',(#1649));
#1338=EDGE_LOOP('',(#1650));
#1339=EDGE_LOOP('',(#1651));
#1340=EDGE_LOOP('',(#1652));
#1341=EDGE_LOOP('',(#1653));
#1342=EDGE_LOOP('',(#1654));
#1343=EDGE_LOOP('',(#1655));
#1344=EDGE_LOOP('',(#1656));
#1345=EDGE_LOOP('',(#1657));
#1346=EDGE_LOOP('',(#1658));
#1347=EDGE_LOOP('',(#1659));
#1348=EDGE_LOOP('',(#1660));
#1349=EDGE_LOOP('',(#1661));
#1350=EDGE_LOOP('',(#1662));
#1351=EDGE_LOOP('',(#1663));
#1352=EDGE_LOOP('',(#1664));
#1353=EDGE_LOOP('',(#1665));
#1354=EDGE_LOOP('',(#1666));
#1355=EDGE_LOOP('',(#1667));
#1356=EDGE_LOOP('',(#1668));
#1357=EDGE_LOOP('',(#1669));
#1358=EDGE_LOOP('',(#1670));
#1359=EDGE_LOOP('',(#1671));
#1360=EDGE_LOOP('',(#1672));
#1361=EDGE_LOOP('',(#1673));
#1362=EDGE_LOOP('',(#1674));
#1363=EDGE_LOOP('',(#1675));
#1364=EDGE_LOOP('',(#1676));
#1365=EDGE_LOOP('',(#1677));
#1366=EDGE_LOOP('',(#1678));
#1367=EDGE_LOOP('',(#1679));
#1368=EDGE_LOOP('',(#1680));
#1369=EDGE_LOOP('',(#1681));
#1370=EDGE_LOOP('',(#1682));
#1371=EDGE_LOOP('',(#1683));
#1372=EDGE_LOOP('',(#1684));
#1373=EDGE_LOOP('',(#1685));
#1374=EDGE_LOOP('',(#1686));
#1375=EDGE_LOOP('',(#1687));
#1376=EDGE_LOOP('',(#1688));
#1377=EDGE_LOOP('',(#1689));
#1378=EDGE_LOOP('',(#1690));
#1379=EDGE_LOOP('',(#1691));
#1380=EDGE_LOOP('',(#1692));
#1381=EDGE_LOOP('',(#1693));
#1382=EDGE_LOOP('',(#1694));
#1383=EDGE_LOOP('',(#1695));
#1384=EDGE_LOOP('',(#1696));
#1385=EDGE_LOOP('',(#1697));
#1386=EDGE_LOOP('',(#1698));
#1387=EDGE_LOOP('',(#1699));
#1388=EDGE_LOOP('',(#1700));
#1389=EDGE_LOOP('',(#1701));
#1390=EDGE_LOOP('',(#1702));
#1391=EDGE_LOOP('',(#1703));
#1392=EDGE_LOOP('',(#1704));
#1393=EDGE_LOOP('',(#1705));
#1394=EDGE_LOOP('',(#1706));
#1395=EDGE_LOOP('',(#1707));
#1396=EDGE_LOOP('',(#1708));
#1397=EDGE_LOOP('',(#1709));
#1398=EDGE_LOOP('',(#1710));
#1399=EDGE_LOOP('',(#1711));
#1400=EDGE_LOOP('',(#1712));
#1401=EDGE_LOOP('',(#1713));
#1402=EDGE_LOOP('',(#1714));
#1403=EDGE_LOOP('',(#1715));
#1404=EDGE_LOOP('',(#1716));
#1405=EDGE_LOOP('',(#1717));
#1406=EDGE_LOOP('',(#1718));
#1407=EDGE_LOOP('',(#1719));
#1408=EDGE_LOOP('',(#1720));
#1409=EDGE_LOOP('',(#1721));
#1410=EDGE_LOOP('',(#1722));
#1411=EDGE_LOOP('',(#1723));
#1412=EDGE_LOOP('',(#1724));
#1413=EDGE_LOOP('',(#1725));
#1414=EDGE_LOOP('',(#1726));
#1415=EDGE_LOOP('',(#1727));
#1416=EDGE_LOOP('',(#1728));
#1417=EDGE_LOOP('',(#1729));
#1418=EDGE_LOOP('',(#1730));
#1419=EDGE_LOOP('',(#1731));
#1420=EDGE_LOOP('',(#1732));
#1421=EDGE_LOOP('',(#1733));
#1422=EDGE_LOOP('',(#1734));
#1423=EDGE_LOOP('',(#1735));
#1424=EDGE_LOOP('',(#1736));
#1425=EDGE_LOOP('',(#1737));
#1426=EDGE_LOOP('',(#1738));
#1427=EDGE_LOOP('',(#1739));
#1428=EDGE_LOOP('',(#1740));
#1429=EDGE_LOOP('',(#1741));
#1430=EDGE_LOOP('',(#1742));
#1431=EDGE_LOOP('',(#1743));
#1432=EDGE_LOOP('',(#1744));
#1433=EDGE_LOOP('',(#1745));
#1434=EDGE_LOOP('',(#1746));
#1435=EDGE_LOOP('',(#1747));
#1436=EDGE_LOOP('',(#1748));
#1437=EDGE_LOOP('',(#1749));
#1438=EDGE_LOOP('',(#1750));
#1439=EDGE_LOOP('',(#1751));
#1440=EDGE_LOOP('',(#1752));
#1441=EDGE_LOOP('',(#1753));
#1442=EDGE_LOOP('',(#1754));
#1443=EDGE_LOOP('',(#1755));
#1444=EDGE_LOOP('',(#1756));
#1445=EDGE_LOOP('',(#1757));
#1446=EDGE_LOOP('',(#1758));
#1447=EDGE_LOOP('',(#1759));
#1448=EDGE_LOOP('',(#1760));
#1449=EDGE_LOOP('',(#1761));
#1450=EDGE_LOOP('',(#1762));
#1451=EDGE_LOOP('',(#1763));
#1452=EDGE_LOOP('',(#1764));
#1453=EDGE_LOOP('',(#1765));
#1454=EDGE_LOOP('',(#1766));
#1455=EDGE_LOOP('',(#1767));
#1456=EDGE_LOOP('',(#1768));
#1457=EDGE_LOOP('',(#1769,#1770,#1771,#1772));
#1458=EDGE_LOOP('',(#1773));
#1459=EDGE_LOOP('',(#1774));
#1460=EDGE_LOOP('',(#1775));
#1461=EDGE_LOOP('',(#1776));
#1462=EDGE_LOOP('',(#1777));
#1463=EDGE_LOOP('',(#1778));
#1464=EDGE_LOOP('',(#1779));
#1465=EDGE_LOOP('',(#1780));
#1466=EDGE_LOOP('',(#1781));
#1467=EDGE_LOOP('',(#1782));
#1468=EDGE_LOOP('',(#1783));
#1469=EDGE_LOOP('',(#1784));
#1470=EDGE_LOOP('',(#1785,#1786,#1787,#1788));
#1471=EDGE_LOOP('',(#1789,#1790,#1791,#1792));
#1472=EDGE_LOOP('',(#1793,#1794,#1795,#1796));
#1473=EDGE_LOOP('',(#1797,#1798,#1799,#1800));
#1474=EDGE_LOOP('',(#1801,#1802,#1803,#1804));
#1475=EDGE_LOOP('',(#1805,#1806,#1807,#1808));
#1476=EDGE_LOOP('',(#1809,#1810,#1811,#1812));
#1477=EDGE_LOOP('',(#1813,#1814,#1815,#1816));
#1478=EDGE_LOOP('',(#1817,#1818,#1819,#1820));
#1479=EDGE_LOOP('',(#1821,#1822,#1823,#1824));
#1480=EDGE_LOOP('',(#1825));
#1481=EDGE_LOOP('',(#1826));
#1482=EDGE_LOOP('',(#1827));
#1483=EDGE_LOOP('',(#1828));
#1484=EDGE_LOOP('',(#1829));
#1485=EDGE_LOOP('',(#1830));
#1486=EDGE_LOOP('',(#1831));
#1487=EDGE_LOOP('',(#1832));
#1488=EDGE_LOOP('',(#1833));
#1489=EDGE_LOOP('',(#1834));
#1490=EDGE_LOOP('',(#1835));
#1491=EDGE_LOOP('',(#1836));
#1492=EDGE_LOOP('',(#1837));
#1493=EDGE_LOOP('',(#1838));
#1494=EDGE_LOOP('',(#1839));
#1495=EDGE_LOOP('',(#1840));
#1496=EDGE_LOOP('',(#1841));
#1497=EDGE_LOOP('',(#1842));
#1498=EDGE_LOOP('',(#1843));
#1499=EDGE_LOOP('',(#1844));
#1500=EDGE_LOOP('',(#1845));
#1501=EDGE_LOOP('',(#1846));
#1502=EDGE_LOOP('',(#1847));
#1503=EDGE_LOOP('',(#1848));
#1504=EDGE_LOOP('',(#1849));
#1505=EDGE_LOOP('',(#1850));
#1506=EDGE_LOOP('',(#1851));
#1507=EDGE_LOOP('',(#1852));
#1508=EDGE_LOOP('',(#1853));
#1509=EDGE_LOOP('',(#1854));
#1510=EDGE_LOOP('',(#1855));
#1511=EDGE_LOOP('',(#1856));
#1512=EDGE_LOOP('',(#1857,#1858,#1859,#1860,#1861,#1862,#1863,#1864));
#1513=EDGE_LOOP('',(#1865,#1866,#1867,#1868));
#1514=EDGE_LOOP('',(#1869,#1870,#1871,#1872));
#1515=EDGE_LOOP('',(#1873,#1874,#1875,#1876));
#1516=EDGE_LOOP('',(#1877,#1878,#1879,#1880));
#1517=EDGE_LOOP('',(#1881,#1882,#1883,#1884));
#1518=EDGE_LOOP('',(#1885,#1886,#1887,#1888));
#1519=EDGE_LOOP('',(#1889,#1890,#1891,#1892));
#1520=EDGE_LOOP('',(#1893,#1894,#1895,#1896));
#1521=EDGE_LOOP('',(#1897,#1898,#1899,#1900));
#1522=EDGE_LOOP('',(#1901,#1902,#1903,#1904));
#1523=EDGE_LOOP('',(#1905,#1906,#1907,#1908));
#1524=EDGE_LOOP('',(#1909,#1910,#1911,#1912));
#1525=EDGE_LOOP('',(#1913,#1914,#1915,#1916));
#1526=EDGE_LOOP('',(#1917,#1918,#1919,#1920));
#1527=EDGE_LOOP('',(#1921,#1922,#1923,#1924,#1925,#1926,#1927,#1928));
#1528=EDGE_LOOP('',(#1929,#1930,#1931,#1932));
#1529=EDGE_LOOP('',(#1933,#1934,#1935,#1936));
#1530=EDGE_LOOP('',(#1937,#1938,#1939,#1940));
#1531=EDGE_LOOP('',(#1941,#1942,#1943,#1944,#1945,#1946,#1947,#1948));
#1532=EDGE_LOOP('',(#1949,#1950,#1951,#1952));
#1533=EDGE_LOOP('',(#1953,#1954,#1955,#1956));
#1534=EDGE_LOOP('',(#1957,#1958,#1959,#1960,#1961,#1962));
#1535=EDGE_LOOP('',(#1963));
#1536=EDGE_LOOP('',(#1964,#1965,#1966,#1967,#1968,#1969,#1970,#1971));
#1537=EDGE_LOOP('',(#1972,#1973,#1974,#1975));
#1538=EDGE_LOOP('',(#1976));
#1539=EDGE_LOOP('',(#1977));
#1540=EDGE_LOOP('',(#1978,#1979,#1980,#1981,#1982,#1983,#1984,#1985));
#1541=EDGE_LOOP('',(#1986,#1987,#1988,#1989));
#1542=EDGE_LOOP('',(#1990,#1991,#1992,#1993));
#1543=EDGE_LOOP('',(#1994,#1995,#1996,#1997,#1998,#1999));
#1544=EDGE_LOOP('',(#2000,#2001,#2002,#2003));
#1545=EDGE_LOOP('',(#2004,#2005,#2006,#2007,#2008,#2009));
#1546=EDGE_LOOP('',(#2010,#2011,#2012,#2013));
#1547=EDGE_LOOP('',(#2014,#2015,#2016,#2017,#2018,#2019,#2020,#2021));
#1548=EDGE_LOOP('',(#2022,#2023,#2024,#2025));
#1549=EDGE_LOOP('',(#2026,#2027,#2028,#2029,#2030,#2031));
#1550=EDGE_LOOP('',(#2032));
#1551=EDGE_LOOP('',(#2033,#2034,#2035,#2036,#2037,#2038,#2039,#2040));
#1552=EDGE_LOOP('',(#2041));
#1553=EDGE_LOOP('',(#2042));
#1554=EDGE_LOOP('',(#2043));
#1555=EDGE_LOOP('',(#2044));
#1556=EDGE_LOOP('',(#2045));
#1557=EDGE_LOOP('',(#2046));
#1558=EDGE_LOOP('',(#2047));
#1559=EDGE_LOOP('',(#2048));
#1560=EDGE_LOOP('',(#2049));
#1561=EDGE_LOOP('',(#2050));
#1562=EDGE_LOOP('',(#2051));
#1563=EDGE_LOOP('',(#2052));
#1564=EDGE_LOOP('',(#2053));
#1565=EDGE_LOOP('',(#2054));
#1566=EDGE_LOOP('',(#2055));
#1567=EDGE_LOOP('',(#2056));
#1568=EDGE_LOOP('',(#2057));
#1569=EDGE_LOOP('',(#2058));
#1570=EDGE_LOOP('',(#2059));
#1571=EDGE_LOOP('',(#2060));
#1572=EDGE_LOOP('',(#2061));
#1573=EDGE_LOOP('',(#2062));
#1574=EDGE_LOOP('',(#2063));
#1575=EDGE_LOOP('',(#2064));
#1576=EDGE_LOOP('',(#2065));
#1577=EDGE_LOOP('',(#2066));
#1578=EDGE_LOOP('',(#2067));
#1579=EDGE_LOOP('',(#2068));
#1580=EDGE_LOOP('',(#2069));
#1581=EDGE_LOOP('',(#2070));
#1582=EDGE_LOOP('',(#2071));
#1583=EDGE_LOOP('',(#2072));
#1584=EDGE_LOOP('',(#2073,#2074,#2075,#2076,#2077,#2078,#2079,#2080));
#1585=EDGE_LOOP('',(#2081));
#1586=EDGE_LOOP('',(#2082));
#1587=EDGE_LOOP('',(#2083));
#1588=ORIENTED_EDGE('',*,*,#2288,.F.);
#1589=ORIENTED_EDGE('',*,*,#2288,.T.);
#1590=ORIENTED_EDGE('',*,*,#2289,.T.);
#1591=ORIENTED_EDGE('',*,*,#2290,.F.);
#1592=ORIENTED_EDGE('',*,*,#2290,.T.);
#1593=ORIENTED_EDGE('',*,*,#2291,.T.);
#1594=ORIENTED_EDGE('',*,*,#2292,.F.);
#1595=ORIENTED_EDGE('',*,*,#2293,.F.);
#1596=ORIENTED_EDGE('',*,*,#2293,.T.);
#1597=ORIENTED_EDGE('',*,*,#2294,.F.);
#1598=ORIENTED_EDGE('',*,*,#2292,.T.);
#1599=ORIENTED_EDGE('',*,*,#2295,.F.);
#1600=ORIENTED_EDGE('',*,*,#2296,.F.);
#1601=ORIENTED_EDGE('',*,*,#2296,.T.);
#1602=ORIENTED_EDGE('',*,*,#2297,.T.);
#1603=ORIENTED_EDGE('',*,*,#2298,.F.);
#1604=ORIENTED_EDGE('',*,*,#2298,.T.);
#1605=ORIENTED_EDGE('',*,*,#2299,.T.);
#1606=ORIENTED_EDGE('',*,*,#2300,.F.);
#1607=ORIENTED_EDGE('',*,*,#2301,.F.);
#1608=ORIENTED_EDGE('',*,*,#2301,.T.);
#1609=ORIENTED_EDGE('',*,*,#2302,.F.);
#1610=ORIENTED_EDGE('',*,*,#2300,.T.);
#1611=ORIENTED_EDGE('',*,*,#2303,.F.);
#1612=ORIENTED_EDGE('',*,*,#2304,.F.);
#1613=ORIENTED_EDGE('',*,*,#2304,.T.);
#1614=ORIENTED_EDGE('',*,*,#2305,.T.);
#1615=ORIENTED_EDGE('',*,*,#2306,.F.);
#1616=ORIENTED_EDGE('',*,*,#2306,.T.);
#1617=ORIENTED_EDGE('',*,*,#2307,.T.);
#1618=ORIENTED_EDGE('',*,*,#2308,.F.);
#1619=ORIENTED_EDGE('',*,*,#2309,.F.);
#1620=ORIENTED_EDGE('',*,*,#2309,.T.);
#1621=ORIENTED_EDGE('',*,*,#2310,.F.);
#1622=ORIENTED_EDGE('',*,*,#2308,.T.);
#1623=ORIENTED_EDGE('',*,*,#2311,.F.);
#1624=ORIENTED_EDGE('',*,*,#2312,.F.);
#1625=ORIENTED_EDGE('',*,*,#2312,.T.);
#1626=ORIENTED_EDGE('',*,*,#2313,.T.);
#1627=ORIENTED_EDGE('',*,*,#2314,.F.);
#1628=ORIENTED_EDGE('',*,*,#2314,.T.);
#1629=ORIENTED_EDGE('',*,*,#2315,.T.);
#1630=ORIENTED_EDGE('',*,*,#2316,.F.);
#1631=ORIENTED_EDGE('',*,*,#2317,.F.);
#1632=ORIENTED_EDGE('',*,*,#2317,.T.);
#1633=ORIENTED_EDGE('',*,*,#2318,.F.);
#1634=ORIENTED_EDGE('',*,*,#2316,.T.);
#1635=ORIENTED_EDGE('',*,*,#2319,.F.);
#1636=ORIENTED_EDGE('',*,*,#2320,.F.);
#1637=ORIENTED_EDGE('',*,*,#2320,.T.);
#1638=ORIENTED_EDGE('',*,*,#2321,.T.);
#1639=ORIENTED_EDGE('',*,*,#2322,.F.);
#1640=ORIENTED_EDGE('',*,*,#2322,.T.);
#1641=ORIENTED_EDGE('',*,*,#2323,.T.);
#1642=ORIENTED_EDGE('',*,*,#2324,.F.);
#1643=ORIENTED_EDGE('',*,*,#2325,.F.);
#1644=ORIENTED_EDGE('',*,*,#2325,.T.);
#1645=ORIENTED_EDGE('',*,*,#2326,.F.);
#1646=ORIENTED_EDGE('',*,*,#2324,.T.);
#1647=ORIENTED_EDGE('',*,*,#2327,.F.);
#1648=ORIENTED_EDGE('',*,*,#2328,.F.);
#1649=ORIENTED_EDGE('',*,*,#2328,.T.);
#1650=ORIENTED_EDGE('',*,*,#2329,.T.);
#1651=ORIENTED_EDGE('',*,*,#2330,.F.);
#1652=ORIENTED_EDGE('',*,*,#2330,.T.);
#1653=ORIENTED_EDGE('',*,*,#2331,.T.);
#1654=ORIENTED_EDGE('',*,*,#2332,.F.);
#1655=ORIENTED_EDGE('',*,*,#2333,.F.);
#1656=ORIENTED_EDGE('',*,*,#2333,.T.);
#1657=ORIENTED_EDGE('',*,*,#2334,.F.);
#1658=ORIENTED_EDGE('',*,*,#2332,.T.);
#1659=ORIENTED_EDGE('',*,*,#2335,.F.);
#1660=ORIENTED_EDGE('',*,*,#2336,.F.);
#1661=ORIENTED_EDGE('',*,*,#2336,.T.);
#1662=ORIENTED_EDGE('',*,*,#2337,.T.);
#1663=ORIENTED_EDGE('',*,*,#2338,.F.);
#1664=ORIENTED_EDGE('',*,*,#2338,.T.);
#1665=ORIENTED_EDGE('',*,*,#2339,.T.);
#1666=ORIENTED_EDGE('',*,*,#2340,.F.);
#1667=ORIENTED_EDGE('',*,*,#2341,.F.);
#1668=ORIENTED_EDGE('',*,*,#2341,.T.);
#1669=ORIENTED_EDGE('',*,*,#2342,.F.);
#1670=ORIENTED_EDGE('',*,*,#2340,.T.);
#1671=ORIENTED_EDGE('',*,*,#2343,.F.);
#1672=ORIENTED_EDGE('',*,*,#2344,.F.);
#1673=ORIENTED_EDGE('',*,*,#2344,.T.);
#1674=ORIENTED_EDGE('',*,*,#2345,.T.);
#1675=ORIENTED_EDGE('',*,*,#2346,.F.);
#1676=ORIENTED_EDGE('',*,*,#2346,.T.);
#1677=ORIENTED_EDGE('',*,*,#2347,.T.);
#1678=ORIENTED_EDGE('',*,*,#2348,.F.);
#1679=ORIENTED_EDGE('',*,*,#2349,.F.);
#1680=ORIENTED_EDGE('',*,*,#2349,.T.);
#1681=ORIENTED_EDGE('',*,*,#2350,.F.);
#1682=ORIENTED_EDGE('',*,*,#2348,.T.);
#1683=ORIENTED_EDGE('',*,*,#2351,.F.);
#1684=ORIENTED_EDGE('',*,*,#2352,.F.);
#1685=ORIENTED_EDGE('',*,*,#2352,.T.);
#1686=ORIENTED_EDGE('',*,*,#2353,.T.);
#1687=ORIENTED_EDGE('',*,*,#2354,.F.);
#1688=ORIENTED_EDGE('',*,*,#2354,.T.);
#1689=ORIENTED_EDGE('',*,*,#2355,.T.);
#1690=ORIENTED_EDGE('',*,*,#2356,.F.);
#1691=ORIENTED_EDGE('',*,*,#2357,.F.);
#1692=ORIENTED_EDGE('',*,*,#2357,.T.);
#1693=ORIENTED_EDGE('',*,*,#2358,.F.);
#1694=ORIENTED_EDGE('',*,*,#2356,.T.);
#1695=ORIENTED_EDGE('',*,*,#2359,.F.);
#1696=ORIENTED_EDGE('',*,*,#2360,.F.);
#1697=ORIENTED_EDGE('',*,*,#2360,.T.);
#1698=ORIENTED_EDGE('',*,*,#2361,.T.);
#1699=ORIENTED_EDGE('',*,*,#2362,.F.);
#1700=ORIENTED_EDGE('',*,*,#2362,.T.);
#1701=ORIENTED_EDGE('',*,*,#2363,.T.);
#1702=ORIENTED_EDGE('',*,*,#2364,.F.);
#1703=ORIENTED_EDGE('',*,*,#2365,.F.);
#1704=ORIENTED_EDGE('',*,*,#2365,.T.);
#1705=ORIENTED_EDGE('',*,*,#2366,.F.);
#1706=ORIENTED_EDGE('',*,*,#2364,.T.);
#1707=ORIENTED_EDGE('',*,*,#2367,.F.);
#1708=ORIENTED_EDGE('',*,*,#2368,.F.);
#1709=ORIENTED_EDGE('',*,*,#2368,.T.);
#1710=ORIENTED_EDGE('',*,*,#2369,.T.);
#1711=ORIENTED_EDGE('',*,*,#2370,.F.);
#1712=ORIENTED_EDGE('',*,*,#2370,.T.);
#1713=ORIENTED_EDGE('',*,*,#2371,.T.);
#1714=ORIENTED_EDGE('',*,*,#2372,.F.);
#1715=ORIENTED_EDGE('',*,*,#2373,.F.);
#1716=ORIENTED_EDGE('',*,*,#2373,.T.);
#1717=ORIENTED_EDGE('',*,*,#2374,.F.);
#1718=ORIENTED_EDGE('',*,*,#2372,.T.);
#1719=ORIENTED_EDGE('',*,*,#2375,.F.);
#1720=ORIENTED_EDGE('',*,*,#2376,.F.);
#1721=ORIENTED_EDGE('',*,*,#2376,.T.);
#1722=ORIENTED_EDGE('',*,*,#2377,.T.);
#1723=ORIENTED_EDGE('',*,*,#2378,.F.);
#1724=ORIENTED_EDGE('',*,*,#2378,.T.);
#1725=ORIENTED_EDGE('',*,*,#2379,.T.);
#1726=ORIENTED_EDGE('',*,*,#2380,.F.);
#1727=ORIENTED_EDGE('',*,*,#2381,.F.);
#1728=ORIENTED_EDGE('',*,*,#2381,.T.);
#1729=ORIENTED_EDGE('',*,*,#2382,.F.);
#1730=ORIENTED_EDGE('',*,*,#2380,.T.);
#1731=ORIENTED_EDGE('',*,*,#2383,.F.);
#1732=ORIENTED_EDGE('',*,*,#2384,.F.);
#1733=ORIENTED_EDGE('',*,*,#2384,.T.);
#1734=ORIENTED_EDGE('',*,*,#2385,.T.);
#1735=ORIENTED_EDGE('',*,*,#2386,.F.);
#1736=ORIENTED_EDGE('',*,*,#2386,.T.);
#1737=ORIENTED_EDGE('',*,*,#2387,.T.);
#1738=ORIENTED_EDGE('',*,*,#2388,.F.);
#1739=ORIENTED_EDGE('',*,*,#2389,.F.);
#1740=ORIENTED_EDGE('',*,*,#2389,.T.);
#1741=ORIENTED_EDGE('',*,*,#2390,.F.);
#1742=ORIENTED_EDGE('',*,*,#2388,.T.);
#1743=ORIENTED_EDGE('',*,*,#2391,.F.);
#1744=ORIENTED_EDGE('',*,*,#2392,.F.);
#1745=ORIENTED_EDGE('',*,*,#2392,.T.);
#1746=ORIENTED_EDGE('',*,*,#2393,.T.);
#1747=ORIENTED_EDGE('',*,*,#2394,.F.);
#1748=ORIENTED_EDGE('',*,*,#2394,.T.);
#1749=ORIENTED_EDGE('',*,*,#2395,.T.);
#1750=ORIENTED_EDGE('',*,*,#2396,.F.);
#1751=ORIENTED_EDGE('',*,*,#2397,.F.);
#1752=ORIENTED_EDGE('',*,*,#2397,.T.);
#1753=ORIENTED_EDGE('',*,*,#2398,.F.);
#1754=ORIENTED_EDGE('',*,*,#2396,.T.);
#1755=ORIENTED_EDGE('',*,*,#2399,.F.);
#1756=ORIENTED_EDGE('',*,*,#2400,.F.);
#1757=ORIENTED_EDGE('',*,*,#2400,.T.);
#1758=ORIENTED_EDGE('',*,*,#2401,.F.);
#1759=ORIENTED_EDGE('',*,*,#2402,.F.);
#1760=ORIENTED_EDGE('',*,*,#2402,.T.);
#1761=ORIENTED_EDGE('',*,*,#2403,.F.);
#1762=ORIENTED_EDGE('',*,*,#2404,.F.);
#1763=ORIENTED_EDGE('',*,*,#2404,.T.);
#1764=ORIENTED_EDGE('',*,*,#2405,.F.);
#1765=ORIENTED_EDGE('',*,*,#2406,.F.);
#1766=ORIENTED_EDGE('',*,*,#2407,.F.);
#1767=ORIENTED_EDGE('',*,*,#2408,.F.);
#1768=ORIENTED_EDGE('',*,*,#2409,.F.);
#1769=ORIENTED_EDGE('',*,*,#2410,.F.);
#1770=ORIENTED_EDGE('',*,*,#2411,.T.);
#1771=ORIENTED_EDGE('',*,*,#2412,.F.);
#1772=ORIENTED_EDGE('',*,*,#2413,.F.);
#1773=ORIENTED_EDGE('',*,*,#2414,.F.);
#1774=ORIENTED_EDGE('',*,*,#2414,.T.);
#1775=ORIENTED_EDGE('',*,*,#2415,.T.);
#1776=ORIENTED_EDGE('',*,*,#2416,.F.);
#1777=ORIENTED_EDGE('',*,*,#2416,.T.);
#1778=ORIENTED_EDGE('',*,*,#2417,.T.);
#1779=ORIENTED_EDGE('',*,*,#2418,.F.);
#1780=ORIENTED_EDGE('',*,*,#2418,.T.);
#1781=ORIENTED_EDGE('',*,*,#2419,.T.);
#1782=ORIENTED_EDGE('',*,*,#2420,.F.);
#1783=ORIENTED_EDGE('',*,*,#2420,.T.);
#1784=ORIENTED_EDGE('',*,*,#2421,.T.);
#1785=ORIENTED_EDGE('',*,*,#2422,.F.);
#1786=ORIENTED_EDGE('',*,*,#2423,.T.);
#1787=ORIENTED_EDGE('',*,*,#2424,.T.);
#1788=ORIENTED_EDGE('',*,*,#2425,.T.);
#1789=ORIENTED_EDGE('',*,*,#2426,.F.);
#1790=ORIENTED_EDGE('',*,*,#2427,.F.);
#1791=ORIENTED_EDGE('',*,*,#2428,.F.);
#1792=ORIENTED_EDGE('',*,*,#2429,.F.);
#1793=ORIENTED_EDGE('',*,*,#2428,.T.);
#1794=ORIENTED_EDGE('',*,*,#2423,.F.);
#1795=ORIENTED_EDGE('',*,*,#2430,.T.);
#1796=ORIENTED_EDGE('',*,*,#2431,.F.);
#1797=ORIENTED_EDGE('',*,*,#2430,.F.);
#1798=ORIENTED_EDGE('',*,*,#2432,.F.);
#1799=ORIENTED_EDGE('',*,*,#2433,.T.);
#1800=ORIENTED_EDGE('',*,*,#2434,.F.);
#1801=ORIENTED_EDGE('',*,*,#2433,.F.);
#1802=ORIENTED_EDGE('',*,*,#2435,.F.);
#1803=ORIENTED_EDGE('',*,*,#2436,.T.);
#1804=ORIENTED_EDGE('',*,*,#2437,.F.);
#1805=ORIENTED_EDGE('',*,*,#2438,.F.);
#1806=ORIENTED_EDGE('',*,*,#2439,.T.);
#1807=ORIENTED_EDGE('',*,*,#2440,.T.);
#1808=ORIENTED_EDGE('',*,*,#2441,.T.);
#1809=ORIENTED_EDGE('',*,*,#2440,.F.);
#1810=ORIENTED_EDGE('',*,*,#2442,.T.);
#1811=ORIENTED_EDGE('',*,*,#2443,.T.);
#1812=ORIENTED_EDGE('',*,*,#2444,.T.);
#1813=ORIENTED_EDGE('',*,*,#2443,.F.);
#1814=ORIENTED_EDGE('',*,*,#2445,.T.);
#1815=ORIENTED_EDGE('',*,*,#2446,.T.);
#1816=ORIENTED_EDGE('',*,*,#2447,.T.);
#1817=ORIENTED_EDGE('',*,*,#2446,.F.);
#1818=ORIENTED_EDGE('',*,*,#2435,.T.);
#1819=ORIENTED_EDGE('',*,*,#2448,.F.);
#1820=ORIENTED_EDGE('',*,*,#2449,.T.);
#1821=ORIENTED_EDGE('',*,*,#2448,.T.);
#1822=ORIENTED_EDGE('',*,*,#2432,.T.);
#1823=ORIENTED_EDGE('',*,*,#2422,.T.);
#1824=ORIENTED_EDGE('',*,*,#2450,.T.);
#1825=ORIENTED_EDGE('',*,*,#2289,.F.);
#1826=ORIENTED_EDGE('',*,*,#2291,.F.);
#1827=ORIENTED_EDGE('',*,*,#2297,.F.);
#1828=ORIENTED_EDGE('',*,*,#2299,.F.);
#1829=ORIENTED_EDGE('',*,*,#2305,.F.);
#1830=ORIENTED_EDGE('',*,*,#2307,.F.);
#1831=ORIENTED_EDGE('',*,*,#2313,.F.);
#1832=ORIENTED_EDGE('',*,*,#2315,.F.);
#1833=ORIENTED_EDGE('',*,*,#2321,.F.);
#1834=ORIENTED_EDGE('',*,*,#2323,.F.);
#1835=ORIENTED_EDGE('',*,*,#2329,.F.);
#1836=ORIENTED_EDGE('',*,*,#2331,.F.);
#1837=ORIENTED_EDGE('',*,*,#2337,.F.);
#1838=ORIENTED_EDGE('',*,*,#2339,.F.);
#1839=ORIENTED_EDGE('',*,*,#2345,.F.);
#1840=ORIENTED_EDGE('',*,*,#2347,.F.);
#1841=ORIENTED_EDGE('',*,*,#2353,.F.);
#1842=ORIENTED_EDGE('',*,*,#2355,.F.);
#1843=ORIENTED_EDGE('',*,*,#2361,.F.);
#1844=ORIENTED_EDGE('',*,*,#2363,.F.);
#1845=ORIENTED_EDGE('',*,*,#2369,.F.);
#1846=ORIENTED_EDGE('',*,*,#2371,.F.);
#1847=ORIENTED_EDGE('',*,*,#2377,.F.);
#1848=ORIENTED_EDGE('',*,*,#2379,.F.);
#1849=ORIENTED_EDGE('',*,*,#2385,.F.);
#1850=ORIENTED_EDGE('',*,*,#2387,.F.);
#1851=ORIENTED_EDGE('',*,*,#2393,.F.);
#1852=ORIENTED_EDGE('',*,*,#2395,.F.);
#1853=ORIENTED_EDGE('',*,*,#2415,.F.);
#1854=ORIENTED_EDGE('',*,*,#2417,.F.);
#1855=ORIENTED_EDGE('',*,*,#2419,.F.);
#1856=ORIENTED_EDGE('',*,*,#2421,.F.);
#1857=ORIENTED_EDGE('',*,*,#2425,.F.);
#1858=ORIENTED_EDGE('',*,*,#2451,.F.);
#1859=ORIENTED_EDGE('',*,*,#2452,.F.);
#1860=ORIENTED_EDGE('',*,*,#2441,.F.);
#1861=ORIENTED_EDGE('',*,*,#2444,.F.);
#1862=ORIENTED_EDGE('',*,*,#2447,.F.);
#1863=ORIENTED_EDGE('',*,*,#2449,.F.);
#1864=ORIENTED_EDGE('',*,*,#2450,.F.);
#1865=ORIENTED_EDGE('',*,*,#2453,.T.);
#1866=ORIENTED_EDGE('',*,*,#2451,.T.);
#1867=ORIENTED_EDGE('',*,*,#2424,.F.);
#1868=ORIENTED_EDGE('',*,*,#2427,.T.);
#1869=ORIENTED_EDGE('',*,*,#2453,.F.);
#1870=ORIENTED_EDGE('',*,*,#2454,.T.);
#1871=ORIENTED_EDGE('',*,*,#2438,.T.);
#1872=ORIENTED_EDGE('',*,*,#2452,.T.);
#1873=ORIENTED_EDGE('',*,*,#2455,.F.);
#1874=ORIENTED_EDGE('',*,*,#2454,.F.);
#1875=ORIENTED_EDGE('',*,*,#2426,.T.);
#1876=ORIENTED_EDGE('',*,*,#2456,.F.);
#1877=ORIENTED_EDGE('',*,*,#2457,.T.);
#1878=ORIENTED_EDGE('',*,*,#2456,.T.);
#1879=ORIENTED_EDGE('',*,*,#2458,.T.);
#1880=ORIENTED_EDGE('',*,*,#2459,.F.);
#1881=ORIENTED_EDGE('',*,*,#2458,.F.);
#1882=ORIENTED_EDGE('',*,*,#2429,.T.);
#1883=ORIENTED_EDGE('',*,*,#2460,.F.);
#1884=ORIENTED_EDGE('',*,*,#2461,.F.);
#1885=ORIENTED_EDGE('',*,*,#2462,.T.);
#1886=ORIENTED_EDGE('',*,*,#2463,.F.);
#1887=ORIENTED_EDGE('',*,*,#2460,.T.);
#1888=ORIENTED_EDGE('',*,*,#2431,.T.);
#1889=ORIENTED_EDGE('',*,*,#2462,.F.);
#1890=ORIENTED_EDGE('',*,*,#2434,.T.);
#1891=ORIENTED_EDGE('',*,*,#2464,.T.);
#1892=ORIENTED_EDGE('',*,*,#2465,.F.);
#1893=ORIENTED_EDGE('',*,*,#2466,.T.);
#1894=ORIENTED_EDGE('',*,*,#2467,.F.);
#1895=ORIENTED_EDGE('',*,*,#2464,.F.);
#1896=ORIENTED_EDGE('',*,*,#2437,.T.);
#1897=ORIENTED_EDGE('',*,*,#2466,.F.);
#1898=ORIENTED_EDGE('',*,*,#2468,.T.);
#1899=ORIENTED_EDGE('',*,*,#2469,.T.);
#1900=ORIENTED_EDGE('',*,*,#2470,.F.);
#1901=ORIENTED_EDGE('',*,*,#2436,.F.);
#1902=ORIENTED_EDGE('',*,*,#2445,.F.);
#1903=ORIENTED_EDGE('',*,*,#2471,.T.);
#1904=ORIENTED_EDGE('',*,*,#2468,.F.);
#1905=ORIENTED_EDGE('',*,*,#2471,.F.);
#1906=ORIENTED_EDGE('',*,*,#2442,.F.);
#1907=ORIENTED_EDGE('',*,*,#2472,.T.);
#1908=ORIENTED_EDGE('',*,*,#2473,.F.);
#1909=ORIENTED_EDGE('',*,*,#2472,.F.);
#1910=ORIENTED_EDGE('',*,*,#2439,.F.);
#1911=ORIENTED_EDGE('',*,*,#2455,.T.);
#1912=ORIENTED_EDGE('',*,*,#2474,.F.);
#1913=ORIENTED_EDGE('',*,*,#2475,.F.);
#1914=ORIENTED_EDGE('',*,*,#2474,.T.);
#1915=ORIENTED_EDGE('',*,*,#2457,.F.);
#1916=ORIENTED_EDGE('',*,*,#2476,.F.);
#1917=ORIENTED_EDGE('',*,*,#2475,.T.);
#1918=ORIENTED_EDGE('',*,*,#2477,.F.);
#1919=ORIENTED_EDGE('',*,*,#2469,.F.);
#1920=ORIENTED_EDGE('',*,*,#2473,.T.);
#1921=ORIENTED_EDGE('',*,*,#2477,.T.);
#1922=ORIENTED_EDGE('',*,*,#2476,.T.);
#1923=ORIENTED_EDGE('',*,*,#2459,.T.);
#1924=ORIENTED_EDGE('',*,*,#2461,.T.);
#1925=ORIENTED_EDGE('',*,*,#2463,.T.);
#1926=ORIENTED_EDGE('',*,*,#2465,.T.);
#1927=ORIENTED_EDGE('',*,*,#2467,.T.);
#1928=ORIENTED_EDGE('',*,*,#2470,.T.);
#1929=ORIENTED_EDGE('',*,*,#2478,.T.);
#1930=ORIENTED_EDGE('',*,*,#2479,.T.);
#1931=ORIENTED_EDGE('',*,*,#2480,.T.);
#1932=ORIENTED_EDGE('',*,*,#2481,.F.);
#1933=ORIENTED_EDGE('',*,*,#2482,.F.);
#1934=ORIENTED_EDGE('',*,*,#2483,.F.);
#1935=ORIENTED_EDGE('',*,*,#2484,.F.);
#1936=ORIENTED_EDGE('',*,*,#2485,.F.);
#1937=ORIENTED_EDGE('',*,*,#2484,.T.);
#1938=ORIENTED_EDGE('',*,*,#2486,.F.);
#1939=ORIENTED_EDGE('',*,*,#2487,.F.);
#1940=ORIENTED_EDGE('',*,*,#2488,.F.);
#1941=ORIENTED_EDGE('',*,*,#2489,.T.);
#1942=ORIENTED_EDGE('',*,*,#2490,.T.);
#1943=ORIENTED_EDGE('',*,*,#2491,.F.);
#1944=ORIENTED_EDGE('',*,*,#2486,.T.);
#1945=ORIENTED_EDGE('',*,*,#2483,.T.);
#1946=ORIENTED_EDGE('',*,*,#2492,.T.);
#1947=ORIENTED_EDGE('',*,*,#2479,.F.);
#1948=ORIENTED_EDGE('',*,*,#2493,.T.);
#1949=ORIENTED_EDGE('',*,*,#2494,.F.);
#1950=ORIENTED_EDGE('',*,*,#2490,.F.);
#1951=ORIENTED_EDGE('',*,*,#2495,.F.);
#1952=ORIENTED_EDGE('',*,*,#2496,.F.);
#1953=ORIENTED_EDGE('',*,*,#2495,.T.);
#1954=ORIENTED_EDGE('',*,*,#2489,.F.);
#1955=ORIENTED_EDGE('',*,*,#2497,.F.);
#1956=ORIENTED_EDGE('',*,*,#2498,.F.);
#1957=ORIENTED_EDGE('',*,*,#2499,.T.);
#1958=ORIENTED_EDGE('',*,*,#2500,.T.);
#1959=ORIENTED_EDGE('',*,*,#2497,.T.);
#1960=ORIENTED_EDGE('',*,*,#2493,.F.);
#1961=ORIENTED_EDGE('',*,*,#2478,.F.);
#1962=ORIENTED_EDGE('',*,*,#2501,.F.);
#1963=ORIENTED_EDGE('',*,*,#2409,.T.);
#1964=ORIENTED_EDGE('',*,*,#2500,.F.);
#1965=ORIENTED_EDGE('',*,*,#2502,.T.);
#1966=ORIENTED_EDGE('',*,*,#2503,.T.);
#1967=ORIENTED_EDGE('',*,*,#2410,.T.);
#1968=ORIENTED_EDGE('',*,*,#2504,.F.);
#1969=ORIENTED_EDGE('',*,*,#2505,.F.);
#1970=ORIENTED_EDGE('',*,*,#2496,.T.);
#1971=ORIENTED_EDGE('',*,*,#2498,.T.);
#1972=ORIENTED_EDGE('',*,*,#2506,.F.);
#1973=ORIENTED_EDGE('',*,*,#2504,.T.);
#1974=ORIENTED_EDGE('',*,*,#2413,.T.);
#1975=ORIENTED_EDGE('',*,*,#2507,.F.);
#1976=ORIENTED_EDGE('',*,*,#2406,.T.);
#1977=ORIENTED_EDGE('',*,*,#2408,.T.);
#1978=ORIENTED_EDGE('',*,*,#2508,.T.);
#1979=ORIENTED_EDGE('',*,*,#2509,.T.);
#1980=ORIENTED_EDGE('',*,*,#2510,.T.);
#1981=ORIENTED_EDGE('',*,*,#2511,.T.);
#1982=ORIENTED_EDGE('',*,*,#2512,.F.);
#1983=ORIENTED_EDGE('',*,*,#2507,.T.);
#1984=ORIENTED_EDGE('',*,*,#2412,.T.);
#1985=ORIENTED_EDGE('',*,*,#2513,.T.);
#1986=ORIENTED_EDGE('',*,*,#2514,.F.);
#1987=ORIENTED_EDGE('',*,*,#2511,.F.);
#1988=ORIENTED_EDGE('',*,*,#2515,.T.);
#1989=ORIENTED_EDGE('',*,*,#2516,.T.);
#1990=ORIENTED_EDGE('',*,*,#2517,.F.);
#1991=ORIENTED_EDGE('',*,*,#2515,.F.);
#1992=ORIENTED_EDGE('',*,*,#2510,.F.);
#1993=ORIENTED_EDGE('',*,*,#2518,.F.);
#1994=ORIENTED_EDGE('',*,*,#2519,.F.);
#1995=ORIENTED_EDGE('',*,*,#2520,.F.);
#1996=ORIENTED_EDGE('',*,*,#2521,.F.);
#1997=ORIENTED_EDGE('',*,*,#2518,.T.);
#1998=ORIENTED_EDGE('',*,*,#2509,.F.);
#1999=ORIENTED_EDGE('',*,*,#2522,.F.);
#2000=ORIENTED_EDGE('',*,*,#2523,.T.);
#2001=ORIENTED_EDGE('',*,*,#2522,.T.);
#2002=ORIENTED_EDGE('',*,*,#2508,.F.);
#2003=ORIENTED_EDGE('',*,*,#2524,.T.);
#2004=ORIENTED_EDGE('',*,*,#2525,.F.);
#2005=ORIENTED_EDGE('',*,*,#2524,.F.);
#2006=ORIENTED_EDGE('',*,*,#2513,.F.);
#2007=ORIENTED_EDGE('',*,*,#2411,.F.);
#2008=ORIENTED_EDGE('',*,*,#2503,.F.);
#2009=ORIENTED_EDGE('',*,*,#2526,.T.);
#2010=ORIENTED_EDGE('',*,*,#2527,.F.);
#2011=ORIENTED_EDGE('',*,*,#2526,.F.);
#2012=ORIENTED_EDGE('',*,*,#2502,.F.);
#2013=ORIENTED_EDGE('',*,*,#2499,.F.);
#2014=ORIENTED_EDGE('',*,*,#2527,.T.);
#2015=ORIENTED_EDGE('',*,*,#2501,.T.);
#2016=ORIENTED_EDGE('',*,*,#2481,.T.);
#2017=ORIENTED_EDGE('',*,*,#2528,.T.);
#2018=ORIENTED_EDGE('',*,*,#2529,.T.);
#2019=ORIENTED_EDGE('',*,*,#2519,.T.);
#2020=ORIENTED_EDGE('',*,*,#2523,.F.);
#2021=ORIENTED_EDGE('',*,*,#2525,.T.);
#2022=ORIENTED_EDGE('',*,*,#2529,.F.);
#2023=ORIENTED_EDGE('',*,*,#2530,.F.);
#2024=ORIENTED_EDGE('',*,*,#2531,.F.);
#2025=ORIENTED_EDGE('',*,*,#2520,.T.);
#2026=ORIENTED_EDGE('',*,*,#2530,.T.);
#2027=ORIENTED_EDGE('',*,*,#2528,.F.);
#2028=ORIENTED_EDGE('',*,*,#2480,.F.);
#2029=ORIENTED_EDGE('',*,*,#2492,.F.);
#2030=ORIENTED_EDGE('',*,*,#2482,.T.);
#2031=ORIENTED_EDGE('',*,*,#2532,.T.);
#2032=ORIENTED_EDGE('',*,*,#2407,.T.);
#2033=ORIENTED_EDGE('',*,*,#2532,.F.);
#2034=ORIENTED_EDGE('',*,*,#2485,.T.);
#2035=ORIENTED_EDGE('',*,*,#2488,.T.);
#2036=ORIENTED_EDGE('',*,*,#2533,.F.);
#2037=ORIENTED_EDGE('',*,*,#2516,.F.);
#2038=ORIENTED_EDGE('',*,*,#2517,.T.);
#2039=ORIENTED_EDGE('',*,*,#2521,.T.);
#2040=ORIENTED_EDGE('',*,*,#2531,.T.);
#2041=ORIENTED_EDGE('',*,*,#2294,.T.);
#2042=ORIENTED_EDGE('',*,*,#2295,.T.);
#2043=ORIENTED_EDGE('',*,*,#2302,.T.);
#2044=ORIENTED_EDGE('',*,*,#2303,.T.);
#2045=ORIENTED_EDGE('',*,*,#2310,.T.);
#2046=ORIENTED_EDGE('',*,*,#2311,.T.);
#2047=ORIENTED_EDGE('',*,*,#2318,.T.);
#2048=ORIENTED_EDGE('',*,*,#2319,.T.);
#2049=ORIENTED_EDGE('',*,*,#2326,.T.);
#2050=ORIENTED_EDGE('',*,*,#2327,.T.);
#2051=ORIENTED_EDGE('',*,*,#2334,.T.);
#2052=ORIENTED_EDGE('',*,*,#2335,.T.);
#2053=ORIENTED_EDGE('',*,*,#2342,.T.);
#2054=ORIENTED_EDGE('',*,*,#2343,.T.);
#2055=ORIENTED_EDGE('',*,*,#2350,.T.);
#2056=ORIENTED_EDGE('',*,*,#2351,.T.);
#2057=ORIENTED_EDGE('',*,*,#2358,.T.);
#2058=ORIENTED_EDGE('',*,*,#2359,.T.);
#2059=ORIENTED_EDGE('',*,*,#2366,.T.);
#2060=ORIENTED_EDGE('',*,*,#2367,.T.);
#2061=ORIENTED_EDGE('',*,*,#2374,.T.);
#2062=ORIENTED_EDGE('',*,*,#2375,.T.);
#2063=ORIENTED_EDGE('',*,*,#2382,.T.);
#2064=ORIENTED_EDGE('',*,*,#2383,.T.);
#2065=ORIENTED_EDGE('',*,*,#2390,.T.);
#2066=ORIENTED_EDGE('',*,*,#2391,.T.);
#2067=ORIENTED_EDGE('',*,*,#2398,.T.);
#2068=ORIENTED_EDGE('',*,*,#2399,.T.);
#2069=ORIENTED_EDGE('',*,*,#2534,.T.);
#2070=ORIENTED_EDGE('',*,*,#2401,.T.);
#2071=ORIENTED_EDGE('',*,*,#2403,.T.);
#2072=ORIENTED_EDGE('',*,*,#2405,.T.);
#2073=ORIENTED_EDGE('',*,*,#2533,.T.);
#2074=ORIENTED_EDGE('',*,*,#2487,.T.);
#2075=ORIENTED_EDGE('',*,*,#2491,.T.);
#2076=ORIENTED_EDGE('',*,*,#2494,.T.);
#2077=ORIENTED_EDGE('',*,*,#2505,.T.);
#2078=ORIENTED_EDGE('',*,*,#2506,.T.);
#2079=ORIENTED_EDGE('',*,*,#2512,.T.);
#2080=ORIENTED_EDGE('',*,*,#2514,.T.);
#2081=ORIENTED_EDGE('',*,*,#2535,.T.);
#2082=ORIENTED_EDGE('',*,*,#2534,.F.);
#2083=ORIENTED_EDGE('',*,*,#2535,.F.);
#2084=VERTEX_POINT('',#3716);
#2085=VERTEX_POINT('',#3719);
#2086=VERTEX_POINT('',#3722);
#2087=VERTEX_POINT('',#3725);
#2088=VERTEX_POINT('',#3728);
#2089=VERTEX_POINT('',#3731);
#2090=VERTEX_POINT('',#3734);
#2091=VERTEX_POINT('',#3737);
#2092=VERTEX_POINT('',#3740);
#2093=VERTEX_POINT('',#3743);
#2094=VERTEX_POINT('',#3746);
#2095=VERTEX_POINT('',#3749);
#2096=VERTEX_POINT('',#3752);
#2097=VERTEX_POINT('',#3755);
#2098=VERTEX_POINT('',#3758);
#2099=VERTEX_POINT('',#3761);
#2100=VERTEX_POINT('',#3764);
#2101=VERTEX_POINT('',#3767);
#2102=VERTEX_POINT('',#3770);
#2103=VERTEX_POINT('',#3773);
#2104=VERTEX_POINT('',#3776);
#2105=VERTEX_POINT('',#3779);
#2106=VERTEX_POINT('',#3782);
#2107=VERTEX_POINT('',#3785);
#2108=VERTEX_POINT('',#3788);
#2109=VERTEX_POINT('',#3791);
#2110=VERTEX_POINT('',#3794);
#2111=VERTEX_POINT('',#3797);
#2112=VERTEX_POINT('',#3800);
#2113=VERTEX_POINT('',#3803);
#2114=VERTEX_POINT('',#3806);
#2115=VERTEX_POINT('',#3809);
#2116=VERTEX_POINT('',#3812);
#2117=VERTEX_POINT('',#3815);
#2118=VERTEX_POINT('',#3818);
#2119=VERTEX_POINT('',#3821);
#2120=VERTEX_POINT('',#3824);
#2121=VERTEX_POINT('',#3827);
#2122=VERTEX_POINT('',#3830);
#2123=VERTEX_POINT('',#3833);
#2124=VERTEX_POINT('',#3836);
#2125=VERTEX_POINT('',#3839);
#2126=VERTEX_POINT('',#3842);
#2127=VERTEX_POINT('',#3845);
#2128=VERTEX_POINT('',#3848);
#2129=VERTEX_POINT('',#3851);
#2130=VERTEX_POINT('',#3854);
#2131=VERTEX_POINT('',#3857);
#2132=VERTEX_POINT('',#3860);
#2133=VERTEX_POINT('',#3863);
#2134=VERTEX_POINT('',#3866);
#2135=VERTEX_POINT('',#3869);
#2136=VERTEX_POINT('',#3872);
#2137=VERTEX_POINT('',#3875);
#2138=VERTEX_POINT('',#3878);
#2139=VERTEX_POINT('',#3881);
#2140=VERTEX_POINT('',#3884);
#2141=VERTEX_POINT('',#3887);
#2142=VERTEX_POINT('',#3890);
#2143=VERTEX_POINT('',#3893);
#2144=VERTEX_POINT('',#3896);
#2145=VERTEX_POINT('',#3899);
#2146=VERTEX_POINT('',#3902);
#2147=VERTEX_POINT('',#3905);
#2148=VERTEX_POINT('',#3908);
#2149=VERTEX_POINT('',#3911);
#2150=VERTEX_POINT('',#3914);
#2151=VERTEX_POINT('',#3917);
#2152=VERTEX_POINT('',#3920);
#2153=VERTEX_POINT('',#3923);
#2154=VERTEX_POINT('',#3926);
#2155=VERTEX_POINT('',#3929);
#2156=VERTEX_POINT('',#3932);
#2157=VERTEX_POINT('',#3935);
#2158=VERTEX_POINT('',#3938);
#2159=VERTEX_POINT('',#3941);
#2160=VERTEX_POINT('',#3944);
#2161=VERTEX_POINT('',#3947);
#2162=VERTEX_POINT('',#3950);
#2163=VERTEX_POINT('',#3953);
#2164=VERTEX_POINT('',#3956);
#2165=VERTEX_POINT('',#3959);
#2166=VERTEX_POINT('',#3962);
#2167=VERTEX_POINT('',#3965);
#2168=VERTEX_POINT('',#3968);
#2169=VERTEX_POINT('',#3971);
#2170=VERTEX_POINT('',#3974);
#2171=VERTEX_POINT('',#3977);
#2172=VERTEX_POINT('',#3980);
#2173=VERTEX_POINT('',#3983);
#2174=VERTEX_POINT('',#3986);
#2175=VERTEX_POINT('',#3989);
#2176=VERTEX_POINT('',#3992);
#2177=VERTEX_POINT('',#3995);
#2178=VERTEX_POINT('',#3998);
#2179=VERTEX_POINT('',#4001);
#2180=VERTEX_POINT('',#4004);
#2181=VERTEX_POINT('',#4007);
#2182=VERTEX_POINT('',#4010);
#2183=VERTEX_POINT('',#4013);
#2184=VERTEX_POINT('',#4016);
#2185=VERTEX_POINT('',#4019);
#2186=VERTEX_POINT('',#4022);
#2187=VERTEX_POINT('',#4025);
#2188=VERTEX_POINT('',#4028);
#2189=VERTEX_POINT('',#4031);
#2190=VERTEX_POINT('',#4034);
#2191=VERTEX_POINT('',#4037);
#2192=VERTEX_POINT('',#4040);
#2193=VERTEX_POINT('',#4043);
#2194=VERTEX_POINT('',#4046);
#2195=VERTEX_POINT('',#4049);
#2196=VERTEX_POINT('',#4052);
#2197=VERTEX_POINT('',#4055);
#2198=VERTEX_POINT('',#4058);
#2199=VERTEX_POINT('',#4061);
#2200=VERTEX_POINT('',#4064);
#2201=VERTEX_POINT('',#4067);
#2202=VERTEX_POINT('',#4070);
#2203=VERTEX_POINT('',#4072);
#2204=VERTEX_POINT('',#4075);
#2205=VERTEX_POINT('',#4077);
#2206=VERTEX_POINT('',#4080);
#2207=VERTEX_POINT('',#4081);
#2208=VERTEX_POINT('',#4083);
#2209=VERTEX_POINT('',#4085);
#2210=VERTEX_POINT('',#4089);
#2211=VERTEX_POINT('',#4092);
#2212=VERTEX_POINT('',#4095);
#2213=VERTEX_POINT('',#4098);
#2214=VERTEX_POINT('',#4101);
#2215=VERTEX_POINT('',#4104);
#2216=VERTEX_POINT('',#4107);
#2217=VERTEX_POINT('',#4110);
#2218=VERTEX_POINT('',#4113);
#2219=VERTEX_POINT('',#4114);
#2220=VERTEX_POINT('',#4116);
#2221=VERTEX_POINT('',#4118);
#2222=VERTEX_POINT('',#4122);
#2223=VERTEX_POINT('',#4123);
#2224=VERTEX_POINT('',#4126);
#2225=VERTEX_POINT('',#4130);
#2226=VERTEX_POINT('',#4134);
#2227=VERTEX_POINT('',#4136);
#2228=VERTEX_POINT('',#4140);
#2229=VERTEX_POINT('',#4142);
#2230=VERTEX_POINT('',#4146);
#2231=VERTEX_POINT('',#4147);
#2232=VERTEX_POINT('',#4149);
#2233=VERTEX_POINT('',#4151);
#2234=VERTEX_POINT('',#4155);
#2235=VERTEX_POINT('',#4157);
#2236=VERTEX_POINT('',#4162);
#2237=VERTEX_POINT('',#4166);
#2238=VERTEX_POINT('',#4172);
#2239=VERTEX_POINT('',#4180);
#2240=VERTEX_POINT('',#4184);
#2241=VERTEX_POINT('',#4186);
#2242=VERTEX_POINT('',#4190);
#2243=VERTEX_POINT('',#4194);
#2244=VERTEX_POINT('',#4198);
#2245=VERTEX_POINT('',#4202);
#2246=VERTEX_POINT('',#4206);
#2247=VERTEX_POINT('',#4208);
#2248=VERTEX_POINT('',#4214);
#2249=VERTEX_POINT('',#4220);
#2250=VERTEX_POINT('',#4226);
#2251=VERTEX_POINT('',#4227);
#2252=VERTEX_POINT('',#4229);
#2253=VERTEX_POINT('',#4231);
#2254=VERTEX_POINT('',#4235);
#2255=VERTEX_POINT('',#4236);
#2256=VERTEX_POINT('',#4238);
#2257=VERTEX_POINT('',#4240);
#2258=VERTEX_POINT('',#4244);
#2259=VERTEX_POINT('',#4246);
#2260=VERTEX_POINT('',#4250);
#2261=VERTEX_POINT('',#4251);
#2262=VERTEX_POINT('',#4253);
#2263=VERTEX_POINT('',#4259);
#2264=VERTEX_POINT('',#4261);
#2265=VERTEX_POINT('',#4265);
#2266=VERTEX_POINT('',#4269);
#2267=VERTEX_POINT('',#4270);
#2268=VERTEX_POINT('',#4275);
#2269=VERTEX_POINT('',#4278);
#2270=VERTEX_POINT('',#4282);
#2271=VERTEX_POINT('',#4286);
#2272=VERTEX_POINT('',#4287);
#2273=VERTEX_POINT('',#4289);
#2274=VERTEX_POINT('',#4291);
#2275=VERTEX_POINT('',#4293);
#2276=VERTEX_POINT('',#4298);
#2277=VERTEX_POINT('',#4300);
#2278=VERTEX_POINT('',#4304);
#2279=VERTEX_POINT('',#4308);
#2280=VERTEX_POINT('',#4309);
#2281=VERTEX_POINT('',#4311);
#2282=VERTEX_POINT('',#4316);
#2283=VERTEX_POINT('',#4320);
#2284=VERTEX_POINT('',#4326);
#2285=VERTEX_POINT('',#4330);
#2286=VERTEX_POINT('',#4338);
#2287=VERTEX_POINT('',#4341);
#2288=EDGE_CURVE('',#2084,#2084,#2536,.T.);
#2289=EDGE_CURVE('',#2085,#2085,#2537,.T.);
#2290=EDGE_CURVE('',#2086,#2086,#2538,.T.);
#2291=EDGE_CURVE('',#2087,#2087,#2539,.T.);
#2292=EDGE_CURVE('',#2088,#2088,#2540,.T.);
#2293=EDGE_CURVE('',#2089,#2089,#2541,.T.);
#2294=EDGE_CURVE('',#2090,#2090,#2542,.T.);
#2295=EDGE_CURVE('',#2091,#2091,#2543,.T.);
#2296=EDGE_CURVE('',#2092,#2092,#2544,.T.);
#2297=EDGE_CURVE('',#2093,#2093,#2545,.T.);
#2298=EDGE_CURVE('',#2094,#2094,#2546,.T.);
#2299=EDGE_CURVE('',#2095,#2095,#2547,.T.);
#2300=EDGE_CURVE('',#2096,#2096,#2548,.T.);
#2301=EDGE_CURVE('',#2097,#2097,#2549,.T.);
#2302=EDGE_CURVE('',#2098,#2098,#2550,.T.);
#2303=EDGE_CURVE('',#2099,#2099,#2551,.T.);
#2304=EDGE_CURVE('',#2100,#2100,#2552,.T.);
#2305=EDGE_CURVE('',#2101,#2101,#2553,.T.);
#2306=EDGE_CURVE('',#2102,#2102,#2554,.T.);
#2307=EDGE_CURVE('',#2103,#2103,#2555,.T.);
#2308=EDGE_CURVE('',#2104,#2104,#2556,.T.);
#2309=EDGE_CURVE('',#2105,#2105,#2557,.T.);
#2310=EDGE_CURVE('',#2106,#2106,#2558,.T.);
#2311=EDGE_CURVE('',#2107,#2107,#2559,.T.);
#2312=EDGE_CURVE('',#2108,#2108,#2560,.T.);
#2313=EDGE_CURVE('',#2109,#2109,#2561,.T.);
#2314=EDGE_CURVE('',#2110,#2110,#2562,.T.);
#2315=EDGE_CURVE('',#2111,#2111,#2563,.T.);
#2316=EDGE_CURVE('',#2112,#2112,#2564,.T.);
#2317=EDGE_CURVE('',#2113,#2113,#2565,.T.);
#2318=EDGE_CURVE('',#2114,#2114,#2566,.T.);
#2319=EDGE_CURVE('',#2115,#2115,#2567,.T.);
#2320=EDGE_CURVE('',#2116,#2116,#2568,.T.);
#2321=EDGE_CURVE('',#2117,#2117,#2569,.T.);
#2322=EDGE_CURVE('',#2118,#2118,#2570,.T.);
#2323=EDGE_CURVE('',#2119,#2119,#2571,.T.);
#2324=EDGE_CURVE('',#2120,#2120,#2572,.T.);
#2325=EDGE_CURVE('',#2121,#2121,#2573,.T.);
#2326=EDGE_CURVE('',#2122,#2122,#2574,.T.);
#2327=EDGE_CURVE('',#2123,#2123,#2575,.T.);
#2328=EDGE_CURVE('',#2124,#2124,#2576,.T.);
#2329=EDGE_CURVE('',#2125,#2125,#2577,.T.);
#2330=EDGE_CURVE('',#2126,#2126,#2578,.T.);
#2331=EDGE_CURVE('',#2127,#2127,#2579,.T.);
#2332=EDGE_CURVE('',#2128,#2128,#2580,.T.);
#2333=EDGE_CURVE('',#2129,#2129,#2581,.T.);
#2334=EDGE_CURVE('',#2130,#2130,#2582,.T.);
#2335=EDGE_CURVE('',#2131,#2131,#2583,.T.);
#2336=EDGE_CURVE('',#2132,#2132,#2584,.T.);
#2337=EDGE_CURVE('',#2133,#2133,#2585,.T.);
#2338=EDGE_CURVE('',#2134,#2134,#2586,.T.);
#2339=EDGE_CURVE('',#2135,#2135,#2587,.T.);
#2340=EDGE_CURVE('',#2136,#2136,#2588,.T.);
#2341=EDGE_CURVE('',#2137,#2137,#2589,.T.);
#2342=EDGE_CURVE('',#2138,#2138,#2590,.T.);
#2343=EDGE_CURVE('',#2139,#2139,#2591,.T.);
#2344=EDGE_CURVE('',#2140,#2140,#2592,.T.);
#2345=EDGE_CURVE('',#2141,#2141,#2593,.T.);
#2346=EDGE_CURVE('',#2142,#2142,#2594,.T.);
#2347=EDGE_CURVE('',#2143,#2143,#2595,.T.);
#2348=EDGE_CURVE('',#2144,#2144,#2596,.T.);
#2349=EDGE_CURVE('',#2145,#2145,#2597,.T.);
#2350=EDGE_CURVE('',#2146,#2146,#2598,.T.);
#2351=EDGE_CURVE('',#2147,#2147,#2599,.T.);
#2352=EDGE_CURVE('',#2148,#2148,#2600,.T.);
#2353=EDGE_CURVE('',#2149,#2149,#2601,.T.);
#2354=EDGE_CURVE('',#2150,#2150,#2602,.T.);
#2355=EDGE_CURVE('',#2151,#2151,#2603,.T.);
#2356=EDGE_CURVE('',#2152,#2152,#2604,.T.);
#2357=EDGE_CURVE('',#2153,#2153,#2605,.T.);
#2358=EDGE_CURVE('',#2154,#2154,#2606,.T.);
#2359=EDGE_CURVE('',#2155,#2155,#2607,.T.);
#2360=EDGE_CURVE('',#2156,#2156,#2608,.T.);
#2361=EDGE_CURVE('',#2157,#2157,#2609,.T.);
#2362=EDGE_CURVE('',#2158,#2158,#2610,.T.);
#2363=EDGE_CURVE('',#2159,#2159,#2611,.T.);
#2364=EDGE_CURVE('',#2160,#2160,#2612,.T.);
#2365=EDGE_CURVE('',#2161,#2161,#2613,.T.);
#2366=EDGE_CURVE('',#2162,#2162,#2614,.T.);
#2367=EDGE_CURVE('',#2163,#2163,#2615,.T.);
#2368=EDGE_CURVE('',#2164,#2164,#2616,.T.);
#2369=EDGE_CURVE('',#2165,#2165,#2617,.T.);
#2370=EDGE_CURVE('',#2166,#2166,#2618,.T.);
#2371=EDGE_CURVE('',#2167,#2167,#2619,.T.);
#2372=EDGE_CURVE('',#2168,#2168,#2620,.T.);
#2373=EDGE_CURVE('',#2169,#2169,#2621,.T.);
#2374=EDGE_CURVE('',#2170,#2170,#2622,.T.);
#2375=EDGE_CURVE('',#2171,#2171,#2623,.T.);
#2376=EDGE_CURVE('',#2172,#2172,#2624,.T.);
#2377=EDGE_CURVE('',#2173,#2173,#2625,.T.);
#2378=EDGE_CURVE('',#2174,#2174,#2626,.T.);
#2379=EDGE_CURVE('',#2175,#2175,#2627,.T.);
#2380=EDGE_CURVE('',#2176,#2176,#2628,.T.);
#2381=EDGE_CURVE('',#2177,#2177,#2629,.T.);
#2382=EDGE_CURVE('',#2178,#2178,#2630,.T.);
#2383=EDGE_CURVE('',#2179,#2179,#2631,.T.);
#2384=EDGE_CURVE('',#2180,#2180,#2632,.T.);
#2385=EDGE_CURVE('',#2181,#2181,#2633,.T.);
#2386=EDGE_CURVE('',#2182,#2182,#2634,.T.);
#2387=EDGE_CURVE('',#2183,#2183,#2635,.T.);
#2388=EDGE_CURVE('',#2184,#2184,#2636,.T.);
#2389=EDGE_CURVE('',#2185,#2185,#2637,.T.);
#2390=EDGE_CURVE('',#2186,#2186,#2638,.T.);
#2391=EDGE_CURVE('',#2187,#2187,#2639,.T.);
#2392=EDGE_CURVE('',#2188,#2188,#2640,.T.);
#2393=EDGE_CURVE('',#2189,#2189,#2641,.T.);
#2394=EDGE_CURVE('',#2190,#2190,#2642,.T.);
#2395=EDGE_CURVE('',#2191,#2191,#2643,.T.);
#2396=EDGE_CURVE('',#2192,#2192,#2644,.T.);
#2397=EDGE_CURVE('',#2193,#2193,#2645,.T.);
#2398=EDGE_CURVE('',#2194,#2194,#2646,.T.);
#2399=EDGE_CURVE('',#2195,#2195,#2647,.T.);
#2400=EDGE_CURVE('',#2196,#2196,#2648,.T.);
#2401=EDGE_CURVE('',#2197,#2197,#2649,.T.);
#2402=EDGE_CURVE('',#2198,#2198,#2650,.T.);
#2403=EDGE_CURVE('',#2199,#2199,#2651,.T.);
#2404=EDGE_CURVE('',#2200,#2200,#2652,.T.);
#2405=EDGE_CURVE('',#2201,#2201,#2653,.T.);
#2406=EDGE_CURVE('',#2202,#2202,#2654,.T.);
#2407=EDGE_CURVE('',#2203,#2203,#2655,.T.);
#2408=EDGE_CURVE('',#2204,#2204,#2656,.T.);
#2409=EDGE_CURVE('',#2205,#2205,#2657,.T.);
#2410=EDGE_CURVE('',#2206,#2207,#378,.T.);
#2411=EDGE_CURVE('',#2206,#2208,#379,.T.);
#2412=EDGE_CURVE('',#2209,#2208,#380,.T.);
#2413=EDGE_CURVE('',#2207,#2209,#381,.T.);
#2414=EDGE_CURVE('',#2210,#2210,#2658,.T.);
#2415=EDGE_CURVE('',#2211,#2211,#2659,.T.);
#2416=EDGE_CURVE('',#2212,#2212,#2660,.T.);
#2417=EDGE_CURVE('',#2213,#2213,#2661,.T.);
#2418=EDGE_CURVE('',#2214,#2214,#2662,.T.);
#2419=EDGE_CURVE('',#2215,#2215,#2663,.T.);
#2420=EDGE_CURVE('',#2216,#2216,#2664,.T.);
#2421=EDGE_CURVE('',#2217,#2217,#2665,.T.);
#2422=EDGE_CURVE('',#2218,#2219,#382,.T.);
#2423=EDGE_CURVE('',#2218,#2220,#383,.T.);
#2424=EDGE_CURVE('',#2220,#2221,#384,.T.);
#2425=EDGE_CURVE('',#2221,#2219,#385,.T.);
#2426=EDGE_CURVE('',#2222,#2223,#386,.T.);
#2427=EDGE_CURVE('',#2220,#2222,#387,.T.);
#2428=EDGE_CURVE('',#2224,#2220,#388,.T.);
#2429=EDGE_CURVE('',#2223,#2224,#389,.T.);
#2430=EDGE_CURVE('',#2218,#2225,#390,.T.);
#2431=EDGE_CURVE('',#2224,#2225,#391,.T.);
#2432=EDGE_CURVE('',#2226,#2218,#392,.T.);
#2433=EDGE_CURVE('',#2226,#2227,#393,.T.);
#2434=EDGE_CURVE('',#2225,#2227,#394,.T.);
#2435=EDGE_CURVE('',#2228,#2226,#395,.T.);
#2436=EDGE_CURVE('',#2228,#2229,#396,.T.);
#2437=EDGE_CURVE('',#2227,#2229,#397,.T.);
#2438=EDGE_CURVE('',#2230,#2231,#398,.T.);
#2439=EDGE_CURVE('',#2230,#2232,#399,.T.);
#2440=EDGE_CURVE('',#2232,#2233,#400,.T.);
#2441=EDGE_CURVE('',#2233,#2231,#401,.T.);
#2442=EDGE_CURVE('',#2232,#2234,#402,.T.);
#2443=EDGE_CURVE('',#2234,#2235,#403,.T.);
#2444=EDGE_CURVE('',#2235,#2233,#404,.T.);
#2445=EDGE_CURVE('',#2234,#2228,#405,.T.);
#2446=EDGE_CURVE('',#2228,#2236,#406,.T.);
#2447=EDGE_CURVE('',#2236,#2235,#407,.T.);
#2448=EDGE_CURVE('',#2237,#2226,#408,.T.);
#2449=EDGE_CURVE('',#2237,#2236,#409,.T.);
#2450=EDGE_CURVE('',#2219,#2237,#410,.T.);
#2451=EDGE_CURVE('',#2238,#2221,#411,.T.);
#2452=EDGE_CURVE('',#2231,#2238,#412,.T.);
#2453=EDGE_CURVE('',#2222,#2238,#413,.T.);
#2454=EDGE_CURVE('',#2222,#2230,#414,.T.);
#2455=EDGE_CURVE('',#2230,#2239,#415,.T.);
#2456=EDGE_CURVE('',#2239,#2223,#416,.T.);
#2457=EDGE_CURVE('',#2240,#2239,#417,.T.);
#2458=EDGE_CURVE('',#2223,#2241,#418,.T.);
#2459=EDGE_CURVE('',#2240,#2241,#419,.T.);
#2460=EDGE_CURVE('',#2242,#2224,#420,.T.);
#2461=EDGE_CURVE('',#2241,#2242,#421,.T.);
#2462=EDGE_CURVE('',#2225,#2243,#422,.T.);
#2463=EDGE_CURVE('',#2242,#2243,#423,.T.);
#2464=EDGE_CURVE('',#2227,#2244,#424,.T.);
#2465=EDGE_CURVE('',#2243,#2244,#425,.T.);
#2466=EDGE_CURVE('',#2229,#2245,#426,.T.);
#2467=EDGE_CURVE('',#2244,#2245,#427,.T.);
#2468=EDGE_CURVE('',#2229,#2246,#428,.T.);
#2469=EDGE_CURVE('',#2246,#2247,#429,.T.);
#2470=EDGE_CURVE('',#2245,#2247,#430,.T.);
#2471=EDGE_CURVE('',#2234,#2246,#431,.T.);
#2472=EDGE_CURVE('',#2232,#2248,#432,.T.);
#2473=EDGE_CURVE('',#2246,#2248,#433,.T.);
#2474=EDGE_CURVE('',#2248,#2239,#434,.T.);
#2475=EDGE_CURVE('',#2248,#2249,#435,.T.);
#2476=EDGE_CURVE('',#2249,#2240,#436,.T.);
#2477=EDGE_CURVE('',#2247,#2249,#437,.T.);
#2478=EDGE_CURVE('',#2250,#2251,#438,.T.);
#2479=EDGE_CURVE('',#2251,#2252,#439,.T.);
#2480=EDGE_CURVE('',#2252,#2253,#440,.T.);
#2481=EDGE_CURVE('',#2250,#2253,#441,.T.);
#2482=EDGE_CURVE('',#2254,#2255,#442,.T.);
#2483=EDGE_CURVE('',#2256,#2254,#443,.T.);
#2484=EDGE_CURVE('',#2257,#2256,#444,.T.);
#2485=EDGE_CURVE('',#2255,#2257,#445,.T.);
#2486=EDGE_CURVE('',#2258,#2256,#446,.T.);
#2487=EDGE_CURVE('',#2259,#2258,#447,.T.);
#2488=EDGE_CURVE('',#2257,#2259,#448,.T.);
#2489=EDGE_CURVE('',#2260,#2261,#449,.T.);
#2490=EDGE_CURVE('',#2261,#2262,#450,.T.);
#2491=EDGE_CURVE('',#2258,#2262,#451,.T.);
#2492=EDGE_CURVE('',#2254,#2252,#452,.T.);
#2493=EDGE_CURVE('',#2251,#2260,#453,.T.);
#2494=EDGE_CURVE('',#2262,#2263,#454,.T.);
#2495=EDGE_CURVE('',#2264,#2261,#455,.T.);
#2496=EDGE_CURVE('',#2263,#2264,#456,.T.);
#2497=EDGE_CURVE('',#2265,#2260,#457,.T.);
#2498=EDGE_CURVE('',#2264,#2265,#458,.T.);
#2499=EDGE_CURVE('',#2266,#2267,#459,.T.);
#2500=EDGE_CURVE('',#2267,#2265,#460,.T.);
#2501=EDGE_CURVE('',#2266,#2250,#461,.T.);
#2502=EDGE_CURVE('',#2267,#2268,#462,.T.);
#2503=EDGE_CURVE('',#2268,#2206,#463,.T.);
#2504=EDGE_CURVE('',#2269,#2207,#464,.T.);
#2505=EDGE_CURVE('',#2263,#2269,#465,.T.);
#2506=EDGE_CURVE('',#2269,#2270,#466,.T.);
#2507=EDGE_CURVE('',#2270,#2209,#467,.T.);
#2508=EDGE_CURVE('',#2271,#2272,#468,.T.);
#2509=EDGE_CURVE('',#2272,#2273,#469,.T.);
#2510=EDGE_CURVE('',#2273,#2274,#470,.T.);
#2511=EDGE_CURVE('',#2274,#2275,#471,.T.);
#2512=EDGE_CURVE('',#2270,#2275,#472,.T.);
#2513=EDGE_CURVE('',#2208,#2271,#473,.T.);
#2514=EDGE_CURVE('',#2275,#2276,#474,.T.);
#2515=EDGE_CURVE('',#2274,#2277,#475,.T.);
#2516=EDGE_CURVE('',#2277,#2276,#476,.T.);
#2517=EDGE_CURVE('',#2277,#2278,#477,.T.);
#2518=EDGE_CURVE('',#2278,#2273,#478,.T.);
#2519=EDGE_CURVE('',#2279,#2280,#479,.T.);
#2520=EDGE_CURVE('',#2281,#2279,#480,.T.);
#2521=EDGE_CURVE('',#2278,#2281,#481,.T.);
#2522=EDGE_CURVE('',#2280,#2272,#482,.T.);
#2523=EDGE_CURVE('',#2282,#2280,#483,.T.);
#2524=EDGE_CURVE('',#2271,#2282,#484,.T.);
#2525=EDGE_CURVE('',#2282,#2283,#485,.T.);
#2526=EDGE_CURVE('',#2268,#2283,#486,.T.);
#2527=EDGE_CURVE('',#2283,#2266,#487,.T.);
#2528=EDGE_CURVE('',#2253,#2284,#488,.T.);
#2529=EDGE_CURVE('',#2284,#2279,#489,.T.);
#2530=EDGE_CURVE('',#2285,#2284,#490,.T.);
#2531=EDGE_CURVE('',#2281,#2285,#491,.T.);
#2532=EDGE_CURVE('',#2255,#2285,#492,.T.);
#2533=EDGE_CURVE('',#2276,#2259,#493,.T.);
#2534=EDGE_CURVE('',#2286,#2286,#2666,.T.);
#2535=EDGE_CURVE('',#2287,#2287,#2667,.T.);
#2536=CIRCLE('',#2669,0.3);
#2537=CIRCLE('',#2671,0.3);
#2538=CIRCLE('',#2673,0.3);
#2539=CIRCLE('',#2675,0.3);
#2540=CIRCLE('',#2677,0.299999999999998);
#2541=CIRCLE('',#2679,0.299999999999999);
#2542=CIRCLE('',#2681,0.3);
#2543=CIRCLE('',#2683,0.3);
#2544=CIRCLE('',#2685,0.3);
#2545=CIRCLE('',#2687,0.3);
#2546=CIRCLE('',#2689,0.3);
#2547=CIRCLE('',#2691,0.3);
#2548=CIRCLE('',#2693,0.299999999999998);
#2549=CIRCLE('',#2695,0.299999999999999);
#2550=CIRCLE('',#2697,0.3);
#2551=CIRCLE('',#2699,0.3);
#2552=CIRCLE('',#2701,0.3);
#2553=CIRCLE('',#2703,0.3);
#2554=CIRCLE('',#2705,0.3);
#2555=CIRCLE('',#2707,0.3);
#2556=CIRCLE('',#2709,0.299999999999998);
#2557=CIRCLE('',#2711,0.299999999999999);
#2558=CIRCLE('',#2713,0.3);
#2559=CIRCLE('',#2715,0.3);
#2560=CIRCLE('',#2717,0.3);
#2561=CIRCLE('',#2719,0.3);
#2562=CIRCLE('',#2721,0.3);
#2563=CIRCLE('',#2723,0.3);
#2564=CIRCLE('',#2725,0.299999999999998);
#2565=CIRCLE('',#2727,0.299999999999999);
#2566=CIRCLE('',#2729,0.3);
#2567=CIRCLE('',#2731,0.3);
#2568=CIRCLE('',#2733,0.3);
#2569=CIRCLE('',#2735,0.3);
#2570=CIRCLE('',#2737,0.3);
#2571=CIRCLE('',#2739,0.3);
#2572=CIRCLE('',#2741,0.299999999999998);
#2573=CIRCLE('',#2743,0.299999999999999);
#2574=CIRCLE('',#2745,0.3);
#2575=CIRCLE('',#2747,0.3);
#2576=CIRCLE('',#2749,0.3);
#2577=CIRCLE('',#2751,0.3);
#2578=CIRCLE('',#2753,0.3);
#2579=CIRCLE('',#2755,0.3);
#2580=CIRCLE('',#2757,0.299999999999998);
#2581=CIRCLE('',#2759,0.299999999999999);
#2582=CIRCLE('',#2761,0.3);
#2583=CIRCLE('',#2763,0.3);
#2584=CIRCLE('',#2765,0.3);
#2585=CIRCLE('',#2767,0.3);
#2586=CIRCLE('',#2769,0.3);
#2587=CIRCLE('',#2771,0.3);
#2588=CIRCLE('',#2773,0.299999999999998);
#2589=CIRCLE('',#2775,0.299999999999999);
#2590=CIRCLE('',#2777,0.3);
#2591=CIRCLE('',#2779,0.3);
#2592=CIRCLE('',#2781,0.3);
#2593=CIRCLE('',#2783,0.3);
#2594=CIRCLE('',#2785,0.3);
#2595=CIRCLE('',#2787,0.3);
#2596=CIRCLE('',#2789,0.299999999999998);
#2597=CIRCLE('',#2791,0.299999999999999);
#2598=CIRCLE('',#2793,0.3);
#2599=CIRCLE('',#2795,0.3);
#2600=CIRCLE('',#2797,0.3);
#2601=CIRCLE('',#2799,0.3);
#2602=CIRCLE('',#2801,0.3);
#2603=CIRCLE('',#2803,0.3);
#2604=CIRCLE('',#2805,0.299999999999998);
#2605=CIRCLE('',#2807,0.299999999999999);
#2606=CIRCLE('',#2809,0.3);
#2607=CIRCLE('',#2811,0.3);
#2608=CIRCLE('',#2813,0.3);
#2609=CIRCLE('',#2815,0.3);
#2610=CIRCLE('',#2817,0.3);
#2611=CIRCLE('',#2819,0.3);
#2612=CIRCLE('',#2821,0.299999999999998);
#2613=CIRCLE('',#2823,0.299999999999999);
#2614=CIRCLE('',#2825,0.3);
#2615=CIRCLE('',#2827,0.3);
#2616=CIRCLE('',#2829,0.3);
#2617=CIRCLE('',#2831,0.3);
#2618=CIRCLE('',#2833,0.3);
#2619=CIRCLE('',#2835,0.3);
#2620=CIRCLE('',#2837,0.299999999999998);
#2621=CIRCLE('',#2839,0.299999999999999);
#2622=CIRCLE('',#2841,0.3);
#2623=CIRCLE('',#2843,0.3);
#2624=CIRCLE('',#2845,0.3);
#2625=CIRCLE('',#2847,0.3);
#2626=CIRCLE('',#2849,0.3);
#2627=CIRCLE('',#2851,0.3);
#2628=CIRCLE('',#2853,0.299999999999998);
#2629=CIRCLE('',#2855,0.299999999999999);
#2630=CIRCLE('',#2857,0.3);
#2631=CIRCLE('',#2859,0.3);
#2632=CIRCLE('',#2861,0.3);
#2633=CIRCLE('',#2863,0.3);
#2634=CIRCLE('',#2865,0.3);
#2635=CIRCLE('',#2867,0.3);
#2636=CIRCLE('',#2869,0.299999999999998);
#2637=CIRCLE('',#2871,0.299999999999999);
#2638=CIRCLE('',#2873,0.3);
#2639=CIRCLE('',#2875,0.3);
#2640=CIRCLE('',#2877,0.3);
#2641=CIRCLE('',#2879,0.3);
#2642=CIRCLE('',#2881,0.3);
#2643=CIRCLE('',#2883,0.3);
#2644=CIRCLE('',#2885,0.299999999999998);
#2645=CIRCLE('',#2887,0.299999999999999);
#2646=CIRCLE('',#2889,0.3);
#2647=CIRCLE('',#2891,0.3);
#2648=CIRCLE('',#2893,0.300000000000006);
#2649=CIRCLE('',#2895,0.300000000000002);
#2650=CIRCLE('',#2897,0.299999999999999);
#2651=CIRCLE('',#2899,0.3);
#2652=CIRCLE('',#2901,0.300000000000007);
#2653=CIRCLE('',#2903,0.300000000000008);
#2654=CIRCLE('',#2905,1.25000000000001);
#2655=CIRCLE('',#2906,1.25000000000001);
#2656=CIRCLE('',#2908,1.25);
#2657=CIRCLE('',#2909,1.25);
#2658=CIRCLE('',#2912,0.3);
#2659=CIRCLE('',#2914,0.3);
#2660=CIRCLE('',#2916,0.299999999999998);
#2661=CIRCLE('',#2918,0.300000000000002);
#2662=CIRCLE('',#2920,0.3);
#2663=CIRCLE('',#2922,0.3);
#2664=CIRCLE('',#2924,0.299999999999998);
#2665=CIRCLE('',#2926,0.300000000000008);
#2666=CIRCLE('',#2973,0.3);
#2667=CIRCLE('',#2975,0.299999999999998);
#2668=AXIS2_PLACEMENT_3D('',#3714,#2978,#2979);
#2669=AXIS2_PLACEMENT_3D('',#3715,#2980,#2981);
#2670=AXIS2_PLACEMENT_3D('',#3717,#2982,#2983);
#2671=AXIS2_PLACEMENT_3D('',#3718,#2984,#2985);
#2672=AXIS2_PLACEMENT_3D('',#3720,#2986,#2987);
#2673=AXIS2_PLACEMENT_3D('',#3721,#2988,#2989);
#2674=AXIS2_PLACEMENT_3D('',#3723,#2990,#2991);
#2675=AXIS2_PLACEMENT_3D('',#3724,#2992,#2993);
#2676=AXIS2_PLACEMENT_3D('',#3726,#2994,#2995);
#2677=AXIS2_PLACEMENT_3D('',#3727,#2996,#2997);
#2678=AXIS2_PLACEMENT_3D('',#3729,#2998,#2999);
#2679=AXIS2_PLACEMENT_3D('',#3730,#3000,#3001);
#2680=AXIS2_PLACEMENT_3D('',#3732,#3002,#3003);
#2681=AXIS2_PLACEMENT_3D('',#3733,#3004,#3005);
#2682=AXIS2_PLACEMENT_3D('',#3735,#3006,#3007);
#2683=AXIS2_PLACEMENT_3D('',#3736,#3008,#3009);
#2684=AXIS2_PLACEMENT_3D('',#3738,#3010,#3011);
#2685=AXIS2_PLACEMENT_3D('',#3739,#3012,#3013);
#2686=AXIS2_PLACEMENT_3D('',#3741,#3014,#3015);
#2687=AXIS2_PLACEMENT_3D('',#3742,#3016,#3017);
#2688=AXIS2_PLACEMENT_3D('',#3744,#3018,#3019);
#2689=AXIS2_PLACEMENT_3D('',#3745,#3020,#3021);
#2690=AXIS2_PLACEMENT_3D('',#3747,#3022,#3023);
#2691=AXIS2_PLACEMENT_3D('',#3748,#3024,#3025);
#2692=AXIS2_PLACEMENT_3D('',#3750,#3026,#3027);
#2693=AXIS2_PLACEMENT_3D('',#3751,#3028,#3029);
#2694=AXIS2_PLACEMENT_3D('',#3753,#3030,#3031);
#2695=AXIS2_PLACEMENT_3D('',#3754,#3032,#3033);
#2696=AXIS2_PLACEMENT_3D('',#3756,#3034,#3035);
#2697=AXIS2_PLACEMENT_3D('',#3757,#3036,#3037);
#2698=AXIS2_PLACEMENT_3D('',#3759,#3038,#3039);
#2699=AXIS2_PLACEMENT_3D('',#3760,#3040,#3041);
#2700=AXIS2_PLACEMENT_3D('',#3762,#3042,#3043);
#2701=AXIS2_PLACEMENT_3D('',#3763,#3044,#3045);
#2702=AXIS2_PLACEMENT_3D('',#3765,#3046,#3047);
#2703=AXIS2_PLACEMENT_3D('',#3766,#3048,#3049);
#2704=AXIS2_PLACEMENT_3D('',#3768,#3050,#3051);
#2705=AXIS2_PLACEMENT_3D('',#3769,#3052,#3053);
#2706=AXIS2_PLACEMENT_3D('',#3771,#3054,#3055);
#2707=AXIS2_PLACEMENT_3D('',#3772,#3056,#3057);
#2708=AXIS2_PLACEMENT_3D('',#3774,#3058,#3059);
#2709=AXIS2_PLACEMENT_3D('',#3775,#3060,#3061);
#2710=AXIS2_PLACEMENT_3D('',#3777,#3062,#3063);
#2711=AXIS2_PLACEMENT_3D('',#3778,#3064,#3065);
#2712=AXIS2_PLACEMENT_3D('',#3780,#3066,#3067);
#2713=AXIS2_PLACEMENT_3D('',#3781,#3068,#3069);
#2714=AXIS2_PLACEMENT_3D('',#3783,#3070,#3071);
#2715=AXIS2_PLACEMENT_3D('',#3784,#3072,#3073);
#2716=AXIS2_PLACEMENT_3D('',#3786,#3074,#3075);
#2717=AXIS2_PLACEMENT_3D('',#3787,#3076,#3077);
#2718=AXIS2_PLACEMENT_3D('',#3789,#3078,#3079);
#2719=AXIS2_PLACEMENT_3D('',#3790,#3080,#3081);
#2720=AXIS2_PLACEMENT_3D('',#3792,#3082,#3083);
#2721=AXIS2_PLACEMENT_3D('',#3793,#3084,#3085);
#2722=AXIS2_PLACEMENT_3D('',#3795,#3086,#3087);
#2723=AXIS2_PLACEMENT_3D('',#3796,#3088,#3089);
#2724=AXIS2_PLACEMENT_3D('',#3798,#3090,#3091);
#2725=AXIS2_PLACEMENT_3D('',#3799,#3092,#3093);
#2726=AXIS2_PLACEMENT_3D('',#3801,#3094,#3095);
#2727=AXIS2_PLACEMENT_3D('',#3802,#3096,#3097);
#2728=AXIS2_PLACEMENT_3D('',#3804,#3098,#3099);
#2729=AXIS2_PLACEMENT_3D('',#3805,#3100,#3101);
#2730=AXIS2_PLACEMENT_3D('',#3807,#3102,#3103);
#2731=AXIS2_PLACEMENT_3D('',#3808,#3104,#3105);
#2732=AXIS2_PLACEMENT_3D('',#3810,#3106,#3107);
#2733=AXIS2_PLACEMENT_3D('',#3811,#3108,#3109);
#2734=AXIS2_PLACEMENT_3D('',#3813,#3110,#3111);
#2735=AXIS2_PLACEMENT_3D('',#3814,#3112,#3113);
#2736=AXIS2_PLACEMENT_3D('',#3816,#3114,#3115);
#2737=AXIS2_PLACEMENT_3D('',#3817,#3116,#3117);
#2738=AXIS2_PLACEMENT_3D('',#3819,#3118,#3119);
#2739=AXIS2_PLACEMENT_3D('',#3820,#3120,#3121);
#2740=AXIS2_PLACEMENT_3D('',#3822,#3122,#3123);
#2741=AXIS2_PLACEMENT_3D('',#3823,#3124,#3125);
#2742=AXIS2_PLACEMENT_3D('',#3825,#3126,#3127);
#2743=AXIS2_PLACEMENT_3D('',#3826,#3128,#3129);
#2744=AXIS2_PLACEMENT_3D('',#3828,#3130,#3131);
#2745=AXIS2_PLACEMENT_3D('',#3829,#3132,#3133);
#2746=AXIS2_PLACEMENT_3D('',#3831,#3134,#3135);
#2747=AXIS2_PLACEMENT_3D('',#3832,#3136,#3137);
#2748=AXIS2_PLACEMENT_3D('',#3834,#3138,#3139);
#2749=AXIS2_PLACEMENT_3D('',#3835,#3140,#3141);
#2750=AXIS2_PLACEMENT_3D('',#3837,#3142,#3143);
#2751=AXIS2_PLACEMENT_3D('',#3838,#3144,#3145);
#2752=AXIS2_PLACEMENT_3D('',#3840,#3146,#3147);
#2753=AXIS2_PLACEMENT_3D('',#3841,#3148,#3149);
#2754=AXIS2_PLACEMENT_3D('',#3843,#3150,#3151);
#2755=AXIS2_PLACEMENT_3D('',#3844,#3152,#3153);
#2756=AXIS2_PLACEMENT_3D('',#3846,#3154,#3155);
#2757=AXIS2_PLACEMENT_3D('',#3847,#3156,#3157);
#2758=AXIS2_PLACEMENT_3D('',#3849,#3158,#3159);
#2759=AXIS2_PLACEMENT_3D('',#3850,#3160,#3161);
#2760=AXIS2_PLACEMENT_3D('',#3852,#3162,#3163);
#2761=AXIS2_PLACEMENT_3D('',#3853,#3164,#3165);
#2762=AXIS2_PLACEMENT_3D('',#3855,#3166,#3167);
#2763=AXIS2_PLACEMENT_3D('',#3856,#3168,#3169);
#2764=AXIS2_PLACEMENT_3D('',#3858,#3170,#3171);
#2765=AXIS2_PLACEMENT_3D('',#3859,#3172,#3173);
#2766=AXIS2_PLACEMENT_3D('',#3861,#3174,#3175);
#2767=AXIS2_PLACEMENT_3D('',#3862,#3176,#3177);
#2768=AXIS2_PLACEMENT_3D('',#3864,#3178,#3179);
#2769=AXIS2_PLACEMENT_3D('',#3865,#3180,#3181);
#2770=AXIS2_PLACEMENT_3D('',#3867,#3182,#3183);
#2771=AXIS2_PLACEMENT_3D('',#3868,#3184,#3185);
#2772=AXIS2_PLACEMENT_3D('',#3870,#3186,#3187);
#2773=AXIS2_PLACEMENT_3D('',#3871,#3188,#3189);
#2774=AXIS2_PLACEMENT_3D('',#3873,#3190,#3191);
#2775=AXIS2_PLACEMENT_3D('',#3874,#3192,#3193);
#2776=AXIS2_PLACEMENT_3D('',#3876,#3194,#3195);
#2777=AXIS2_PLACEMENT_3D('',#3877,#3196,#3197);
#2778=AXIS2_PLACEMENT_3D('',#3879,#3198,#3199);
#2779=AXIS2_PLACEMENT_3D('',#3880,#3200,#3201);
#2780=AXIS2_PLACEMENT_3D('',#3882,#3202,#3203);
#2781=AXIS2_PLACEMENT_3D('',#3883,#3204,#3205);
#2782=AXIS2_PLACEMENT_3D('',#3885,#3206,#3207);
#2783=AXIS2_PLACEMENT_3D('',#3886,#3208,#3209);
#2784=AXIS2_PLACEMENT_3D('',#3888,#3210,#3211);
#2785=AXIS2_PLACEMENT_3D('',#3889,#3212,#3213);
#2786=AXIS2_PLACEMENT_3D('',#3891,#3214,#3215);
#2787=AXIS2_PLACEMENT_3D('',#3892,#3216,#3217);
#2788=AXIS2_PLACEMENT_3D('',#3894,#3218,#3219);
#2789=AXIS2_PLACEMENT_3D('',#3895,#3220,#3221);
#2790=AXIS2_PLACEMENT_3D('',#3897,#3222,#3223);
#2791=AXIS2_PLACEMENT_3D('',#3898,#3224,#3225);
#2792=AXIS2_PLACEMENT_3D('',#3900,#3226,#3227);
#2793=AXIS2_PLACEMENT_3D('',#3901,#3228,#3229);
#2794=AXIS2_PLACEMENT_3D('',#3903,#3230,#3231);
#2795=AXIS2_PLACEMENT_3D('',#3904,#3232,#3233);
#2796=AXIS2_PLACEMENT_3D('',#3906,#3234,#3235);
#2797=AXIS2_PLACEMENT_3D('',#3907,#3236,#3237);
#2798=AXIS2_PLACEMENT_3D('',#3909,#3238,#3239);
#2799=AXIS2_PLACEMENT_3D('',#3910,#3240,#3241);
#2800=AXIS2_PLACEMENT_3D('',#3912,#3242,#3243);
#2801=AXIS2_PLACEMENT_3D('',#3913,#3244,#3245);
#2802=AXIS2_PLACEMENT_3D('',#3915,#3246,#3247);
#2803=AXIS2_PLACEMENT_3D('',#3916,#3248,#3249);
#2804=AXIS2_PLACEMENT_3D('',#3918,#3250,#3251);
#2805=AXIS2_PLACEMENT_3D('',#3919,#3252,#3253);
#2806=AXIS2_PLACEMENT_3D('',#3921,#3254,#3255);
#2807=AXIS2_PLACEMENT_3D('',#3922,#3256,#3257);
#2808=AXIS2_PLACEMENT_3D('',#3924,#3258,#3259);
#2809=AXIS2_PLACEMENT_3D('',#3925,#3260,#3261);
#2810=AXIS2_PLACEMENT_3D('',#3927,#3262,#3263);
#2811=AXIS2_PLACEMENT_3D('',#3928,#3264,#3265);
#2812=AXIS2_PLACEMENT_3D('',#3930,#3266,#3267);
#2813=AXIS2_PLACEMENT_3D('',#3931,#3268,#3269);
#2814=AXIS2_PLACEMENT_3D('',#3933,#3270,#3271);
#2815=AXIS2_PLACEMENT_3D('',#3934,#3272,#3273);
#2816=AXIS2_PLACEMENT_3D('',#3936,#3274,#3275);
#2817=AXIS2_PLACEMENT_3D('',#3937,#3276,#3277);
#2818=AXIS2_PLACEMENT_3D('',#3939,#3278,#3279);
#2819=AXIS2_PLACEMENT_3D('',#3940,#3280,#3281);
#2820=AXIS2_PLACEMENT_3D('',#3942,#3282,#3283);
#2821=AXIS2_PLACEMENT_3D('',#3943,#3284,#3285);
#2822=AXIS2_PLACEMENT_3D('',#3945,#3286,#3287);
#2823=AXIS2_PLACEMENT_3D('',#3946,#3288,#3289);
#2824=AXIS2_PLACEMENT_3D('',#3948,#3290,#3291);
#2825=AXIS2_PLACEMENT_3D('',#3949,#3292,#3293);
#2826=AXIS2_PLACEMENT_3D('',#3951,#3294,#3295);
#2827=AXIS2_PLACEMENT_3D('',#3952,#3296,#3297);
#2828=AXIS2_PLACEMENT_3D('',#3954,#3298,#3299);
#2829=AXIS2_PLACEMENT_3D('',#3955,#3300,#3301);
#2830=AXIS2_PLACEMENT_3D('',#3957,#3302,#3303);
#2831=AXIS2_PLACEMENT_3D('',#3958,#3304,#3305);
#2832=AXIS2_PLACEMENT_3D('',#3960,#3306,#3307);
#2833=AXIS2_PLACEMENT_3D('',#3961,#3308,#3309);
#2834=AXIS2_PLACEMENT_3D('',#3963,#3310,#3311);
#2835=AXIS2_PLACEMENT_3D('',#3964,#3312,#3313);
#2836=AXIS2_PLACEMENT_3D('',#3966,#3314,#3315);
#2837=AXIS2_PLACEMENT_3D('',#3967,#3316,#3317);
#2838=AXIS2_PLACEMENT_3D('',#3969,#3318,#3319);
#2839=AXIS2_PLACEMENT_3D('',#3970,#3320,#3321);
#2840=AXIS2_PLACEMENT_3D('',#3972,#3322,#3323);
#2841=AXIS2_PLACEMENT_3D('',#3973,#3324,#3325);
#2842=AXIS2_PLACEMENT_3D('',#3975,#3326,#3327);
#2843=AXIS2_PLACEMENT_3D('',#3976,#3328,#3329);
#2844=AXIS2_PLACEMENT_3D('',#3978,#3330,#3331);
#2845=AXIS2_PLACEMENT_3D('',#3979,#3332,#3333);
#2846=AXIS2_PLACEMENT_3D('',#3981,#3334,#3335);
#2847=AXIS2_PLACEMENT_3D('',#3982,#3336,#3337);
#2848=AXIS2_PLACEMENT_3D('',#3984,#3338,#3339);
#2849=AXIS2_PLACEMENT_3D('',#3985,#3340,#3341);
#2850=AXIS2_PLACEMENT_3D('',#3987,#3342,#3343);
#2851=AXIS2_PLACEMENT_3D('',#3988,#3344,#3345);
#2852=AXIS2_PLACEMENT_3D('',#3990,#3346,#3347);
#2853=AXIS2_PLACEMENT_3D('',#3991,#3348,#3349);
#2854=AXIS2_PLACEMENT_3D('',#3993,#3350,#3351);
#2855=AXIS2_PLACEMENT_3D('',#3994,#3352,#3353);
#2856=AXIS2_PLACEMENT_3D('',#3996,#3354,#3355);
#2857=AXIS2_PLACEMENT_3D('',#3997,#3356,#3357);
#2858=AXIS2_PLACEMENT_3D('',#3999,#3358,#3359);
#2859=AXIS2_PLACEMENT_3D('',#4000,#3360,#3361);
#2860=AXIS2_PLACEMENT_3D('',#4002,#3362,#3363);
#2861=AXIS2_PLACEMENT_3D('',#4003,#3364,#3365);
#2862=AXIS2_PLACEMENT_3D('',#4005,#3366,#3367);
#2863=AXIS2_PLACEMENT_3D('',#4006,#3368,#3369);
#2864=AXIS2_PLACEMENT_3D('',#4008,#3370,#3371);
#2865=AXIS2_PLACEMENT_3D('',#4009,#3372,#3373);
#2866=AXIS2_PLACEMENT_3D('',#4011,#3374,#3375);
#2867=AXIS2_PLACEMENT_3D('',#4012,#3376,#3377);
#2868=AXIS2_PLACEMENT_3D('',#4014,#3378,#3379);
#2869=AXIS2_PLACEMENT_3D('',#4015,#3380,#3381);
#2870=AXIS2_PLACEMENT_3D('',#4017,#3382,#3383);
#2871=AXIS2_PLACEMENT_3D('',#4018,#3384,#3385);
#2872=AXIS2_PLACEMENT_3D('',#4020,#3386,#3387);
#2873=AXIS2_PLACEMENT_3D('',#4021,#3388,#3389);
#2874=AXIS2_PLACEMENT_3D('',#4023,#3390,#3391);
#2875=AXIS2_PLACEMENT_3D('',#4024,#3392,#3393);
#2876=AXIS2_PLACEMENT_3D('',#4026,#3394,#3395);
#2877=AXIS2_PLACEMENT_3D('',#4027,#3396,#3397);
#2878=AXIS2_PLACEMENT_3D('',#4029,#3398,#3399);
#2879=AXIS2_PLACEMENT_3D('',#4030,#3400,#3401);
#2880=AXIS2_PLACEMENT_3D('',#4032,#3402,#3403);
#2881=AXIS2_PLACEMENT_3D('',#4033,#3404,#3405);
#2882=AXIS2_PLACEMENT_3D('',#4035,#3406,#3407);
#2883=AXIS2_PLACEMENT_3D('',#4036,#3408,#3409);
#2884=AXIS2_PLACEMENT_3D('',#4038,#3410,#3411);
#2885=AXIS2_PLACEMENT_3D('',#4039,#3412,#3413);
#2886=AXIS2_PLACEMENT_3D('',#4041,#3414,#3415);
#2887=AXIS2_PLACEMENT_3D('',#4042,#3416,#3417);
#2888=AXIS2_PLACEMENT_3D('',#4044,#3418,#3419);
#2889=AXIS2_PLACEMENT_3D('',#4045,#3420,#3421);
#2890=AXIS2_PLACEMENT_3D('',#4047,#3422,#3423);
#2891=AXIS2_PLACEMENT_3D('',#4048,#3424,#3425);
#2892=AXIS2_PLACEMENT_3D('',#4050,#3426,#3427);
#2893=AXIS2_PLACEMENT_3D('',#4051,#3428,#3429);
#2894=AXIS2_PLACEMENT_3D('',#4053,#3430,#3431);
#2895=AXIS2_PLACEMENT_3D('',#4054,#3432,#3433);
#2896=AXIS2_PLACEMENT_3D('',#4056,#3434,#3435);
#2897=AXIS2_PLACEMENT_3D('',#4057,#3436,#3437);
#2898=AXIS2_PLACEMENT_3D('',#4059,#3438,#3439);
#2899=AXIS2_PLACEMENT_3D('',#4060,#3440,#3441);
#2900=AXIS2_PLACEMENT_3D('',#4062,#3442,#3443);
#2901=AXIS2_PLACEMENT_3D('',#4063,#3444,#3445);
#2902=AXIS2_PLACEMENT_3D('',#4065,#3446,#3447);
#2903=AXIS2_PLACEMENT_3D('',#4066,#3448,#3449);
#2904=AXIS2_PLACEMENT_3D('',#4068,#3450,#3451);
#2905=AXIS2_PLACEMENT_3D('',#4069,#3452,#3453);
#2906=AXIS2_PLACEMENT_3D('',#4071,#3454,#3455);
#2907=AXIS2_PLACEMENT_3D('',#4073,#3456,#3457);
#2908=AXIS2_PLACEMENT_3D('',#4074,#3458,#3459);
#2909=AXIS2_PLACEMENT_3D('',#4076,#3460,#3461);
#2910=AXIS2_PLACEMENT_3D('',#4078,#3462,#3463);
#2911=AXIS2_PLACEMENT_3D('',#4087,#3468,#3469);
#2912=AXIS2_PLACEMENT_3D('',#4088,#3470,#3471);
#2913=AXIS2_PLACEMENT_3D('',#4090,#3472,#3473);
#2914=AXIS2_PLACEMENT_3D('',#4091,#3474,#3475);
#2915=AXIS2_PLACEMENT_3D('',#4093,#3476,#3477);
#2916=AXIS2_PLACEMENT_3D('',#4094,#3478,#3479);
#2917=AXIS2_PLACEMENT_3D('',#4096,#3480,#3481);
#2918=AXIS2_PLACEMENT_3D('',#4097,#3482,#3483);
#2919=AXIS2_PLACEMENT_3D('',#4099,#3484,#3485);
#2920=AXIS2_PLACEMENT_3D('',#4100,#3486,#3487);
#2921=AXIS2_PLACEMENT_3D('',#4102,#3488,#3489);
#2922=AXIS2_PLACEMENT_3D('',#4103,#3490,#3491);
#2923=AXIS2_PLACEMENT_3D('',#4105,#3492,#3493);
#2924=AXIS2_PLACEMENT_3D('',#4106,#3494,#3495);
#2925=AXIS2_PLACEMENT_3D('',#4108,#3496,#3497);
#2926=AXIS2_PLACEMENT_3D('',#4109,#3498,#3499);
#2927=AXIS2_PLACEMENT_3D('',#4111,#3500,#3501);
#2928=AXIS2_PLACEMENT_3D('',#4120,#3506,#3507);
#2929=AXIS2_PLACEMENT_3D('',#4128,#3512,#3513);
#2930=AXIS2_PLACEMENT_3D('',#4132,#3516,#3517);
#2931=AXIS2_PLACEMENT_3D('',#4138,#3521,#3522);
#2932=AXIS2_PLACEMENT_3D('',#4144,#3526,#3527);
#2933=AXIS2_PLACEMENT_3D('',#4153,#3532,#3533);
#2934=AXIS2_PLACEMENT_3D('',#4159,#3537,#3538);
#2935=AXIS2_PLACEMENT_3D('',#4164,#3542,#3543);
#2936=AXIS2_PLACEMENT_3D('',#4168,#3546,#3547);
#2937=AXIS2_PLACEMENT_3D('',#4170,#3549,#3550);
#2938=AXIS2_PLACEMENT_3D('',#4174,#3553,#3554);
#2939=AXIS2_PLACEMENT_3D('',#4176,#3556,#3557);
#2940=AXIS2_PLACEMENT_3D('',#4178,#3559,#3560);
#2941=AXIS2_PLACEMENT_3D('',#4182,#3563,#3564);
#2942=AXIS2_PLACEMENT_3D('',#4188,#3568,#3569);
#2943=AXIS2_PLACEMENT_3D('',#4192,#3572,#3573);
#2944=AXIS2_PLACEMENT_3D('',#4196,#3576,#3577);
#2945=AXIS2_PLACEMENT_3D('',#4200,#3580,#3581);
#2946=AXIS2_PLACEMENT_3D('',#4204,#3584,#3585);
#2947=AXIS2_PLACEMENT_3D('',#4210,#3589,#3590);
#2948=AXIS2_PLACEMENT_3D('',#4212,#3592,#3593);
#2949=AXIS2_PLACEMENT_3D('',#4216,#3596,#3597);
#2950=AXIS2_PLACEMENT_3D('',#4218,#3599,#3600);
#2951=AXIS2_PLACEMENT_3D('',#4222,#3603,#3604);
#2952=AXIS2_PLACEMENT_3D('',#4224,#3606,#3607);
#2953=AXIS2_PLACEMENT_3D('',#4233,#3612,#3613);
#2954=AXIS2_PLACEMENT_3D('',#4242,#3618,#3619);
#2955=AXIS2_PLACEMENT_3D('',#4248,#3623,#3624);
#2956=AXIS2_PLACEMENT_3D('',#4257,#3630,#3631);
#2957=AXIS2_PLACEMENT_3D('',#4263,#3635,#3636);
#2958=AXIS2_PLACEMENT_3D('',#4267,#3639,#3640);
#2959=AXIS2_PLACEMENT_3D('',#4273,#3644,#3645);
#2960=AXIS2_PLACEMENT_3D('',#4280,#3650,#3651);
#2961=AXIS2_PLACEMENT_3D('',#4284,#3654,#3655);
#2962=AXIS2_PLACEMENT_3D('',#4296,#3662,#3663);
#2963=AXIS2_PLACEMENT_3D('',#4302,#3667,#3668);
#2964=AXIS2_PLACEMENT_3D('',#4306,#3671,#3672);
#2965=AXIS2_PLACEMENT_3D('',#4314,#3677,#3678);
#2966=AXIS2_PLACEMENT_3D('',#4318,#3681,#3682);
#2967=AXIS2_PLACEMENT_3D('',#4322,#3685,#3686);
#2968=AXIS2_PLACEMENT_3D('',#4324,#3688,#3689);
#2969=AXIS2_PLACEMENT_3D('',#4328,#3692,#3693);
#2970=AXIS2_PLACEMENT_3D('',#4332,#3696,#3697);
#2971=AXIS2_PLACEMENT_3D('',#4334,#3699,#3700);
#2972=AXIS2_PLACEMENT_3D('',#4336,#3702,#3703);
#2973=AXIS2_PLACEMENT_3D('',#4337,#3704,#3705);
#2974=AXIS2_PLACEMENT_3D('',#4339,#3706,#3707);
#2975=AXIS2_PLACEMENT_3D('',#4340,#3708,#3709);
#2976=AXIS2_PLACEMENT_3D('',#4342,#3710,#3711);
#2977=AXIS2_PLACEMENT_3D('',#4343,#3712,#3713);
#2978=DIRECTION('',(0.,0.,1.));
#2979=DIRECTION('',(1.,0.,0.));
#2980=DIRECTION('',(-5.56412814347094E-16,1.,-3.21245088143866E-16));
#2981=DIRECTION('',(1.44560289664734E-14,0.,-1.00000000000001));
#2982=DIRECTION('',(-2.65560661392933E-15,-1.,0.));
#2983=DIRECTION('',(0.,0.,-1.));
#2984=DIRECTION('',(0.,-1.,0.));
#2985=DIRECTION('',(2.02384405530627E-14,0.,-1.));
#2986=DIRECTION('',(0.,-1.,0.));
#2987=DIRECTION('',(2.02384405530628E-14,0.,-1.00000000000001));
#2988=DIRECTION('',(-5.56412814347094E-16,1.,-3.21245088143866E-16));
#2989=DIRECTION('',(1.44560289664734E-14,0.,-1.));
#2990=DIRECTION('',(-2.65560661392933E-15,-1.,0.));
#2991=DIRECTION('',(0.,0.,-1.));
#2992=DIRECTION('',(0.,-1.,0.));
#2993=DIRECTION('',(2.02384405530627E-14,0.,-1.));
#2994=DIRECTION('',(0.,-1.,0.));
#2995=DIRECTION('',(2.02384405530628E-14,0.,-1.00000000000001));
#2996=DIRECTION('',(-1.67781864062493E-28,-1.,6.85322854706889E-15));
#2997=DIRECTION('',(2.45752492430049E-14,-1.15648231731788E-14,-1.00000000000001));
#2998=DIRECTION('',(0.,1.,0.));
#2999=DIRECTION('',(0.,0.,-1.));
#3000=DIRECTION('',(-1.67781864062493E-28,-1.,6.85322854706889E-15));
#3001=DIRECTION('',(2.45752492430049E-14,-1.15648231731788E-14,-1.00000000000001));
#3002=DIRECTION('',(0.,1.,0.));
#3003=DIRECTION('',(0.,0.,-1.));
#3004=DIRECTION('',(-6.86380352982922E-29,-1.,3.42661427353444E-15));
#3005=DIRECTION('',(2.02384405530627E-14,-5.78241158658935E-15,-1.));
#3006=DIRECTION('',(0.,-1.,0.));
#3007=DIRECTION('',(2.02384405530628E-14,0.,-1.00000000000001));
#3008=DIRECTION('',(-6.86380352982922E-29,-1.,3.42661427353444E-15));
#3009=DIRECTION('',(2.02384405530627E-14,-5.78241158658935E-15,-1.));
#3010=DIRECTION('',(0.,-1.,0.));
#3011=DIRECTION('',(2.02384405530628E-14,0.,-1.00000000000001));
#3012=DIRECTION('',(-5.56412814347094E-16,1.,-3.21245088143866E-16));
#3013=DIRECTION('',(1.44560289664734E-14,0.,-1.00000000000001));
#3014=DIRECTION('',(-2.65560661392933E-15,-1.,0.));
#3015=DIRECTION('',(0.,0.,-1.));
#3016=DIRECTION('',(0.,-1.,0.));
#3017=DIRECTION('',(2.02384405530627E-14,0.,-1.));
#3018=DIRECTION('',(0.,-1.,0.));
#3019=DIRECTION('',(2.02384405530628E-14,0.,-1.00000000000001));
#3020=DIRECTION('',(-5.56412814347094E-16,1.,-3.21245088143866E-16));
#3021=DIRECTION('',(1.44560289664734E-14,0.,-1.));
#3022=DIRECTION('',(-2.65560661392933E-15,-1.,0.));
#3023=DIRECTION('',(0.,0.,-1.));
#3024=DIRECTION('',(0.,-1.,0.));
#3025=DIRECTION('',(2.02384405530627E-14,0.,-1.));
#3026=DIRECTION('',(0.,-1.,0.));
#3027=DIRECTION('',(2.02384405530628E-14,0.,-1.00000000000001));
#3028=DIRECTION('',(-1.67781864062493E-28,-1.,6.85322854706889E-15));
#3029=DIRECTION('',(2.45752492430049E-14,-1.15648231731788E-14,-1.00000000000001));
#3030=DIRECTION('',(0.,1.,0.));
#3031=DIRECTION('',(0.,0.,-1.));
#3032=DIRECTION('',(-1.67781864062493E-28,-1.,6.85322854706889E-15));
#3033=DIRECTION('',(2.45752492430049E-14,-1.15648231731788E-14,-1.00000000000001));
#3034=DIRECTION('',(0.,1.,0.));
#3035=DIRECTION('',(0.,0.,-1.));
#3036=DIRECTION('',(-6.86380352982922E-29,-1.,3.42661427353444E-15));
#3037=DIRECTION('',(2.02384405530627E-14,-5.78241158658935E-15,-1.));
#3038=DIRECTION('',(0.,-1.,0.));
#3039=DIRECTION('',(2.02384405530628E-14,0.,-1.00000000000001));
#3040=DIRECTION('',(-6.86380352982922E-29,-1.,3.42661427353444E-15));
#3041=DIRECTION('',(2.02384405530627E-14,-5.78241158658935E-15,-1.));
#3042=DIRECTION('',(0.,-1.,0.));
#3043=DIRECTION('',(2.02384405530628E-14,0.,-1.00000000000001));
#3044=DIRECTION('',(-5.56412814347094E-16,1.,-3.21245088143866E-16));
#3045=DIRECTION('',(1.44560289664734E-14,0.,-1.00000000000001));
#3046=DIRECTION('',(-2.65560661392933E-15,-1.,0.));
#3047=DIRECTION('',(0.,0.,-1.));
#3048=DIRECTION('',(0.,-1.,0.));
#3049=DIRECTION('',(2.02384405530627E-14,0.,-1.));
#3050=DIRECTION('',(0.,-1.,0.));
#3051=DIRECTION('',(2.02384405530628E-14,0.,-1.00000000000001));
#3052=DIRECTION('',(-5.56412814347094E-16,1.,-3.21245088143866E-16));
#3053=DIRECTION('',(1.44560289664734E-14,0.,-1.));
#3054=DIRECTION('',(-2.65560661392933E-15,-1.,0.));
#3055=DIRECTION('',(0.,0.,-1.));
#3056=DIRECTION('',(0.,-1.,0.));
#3057=DIRECTION('',(2.02384405530627E-14,0.,-1.));
#3058=DIRECTION('',(0.,-1.,0.));
#3059=DIRECTION('',(2.02384405530628E-14,0.,-1.00000000000001));
#3060=DIRECTION('',(-1.67781864062493E-28,-1.,6.85322854706889E-15));
#3061=DIRECTION('',(2.45752492430049E-14,-1.15648231731788E-14,-1.00000000000001));
#3062=DIRECTION('',(0.,1.,0.));
#3063=DIRECTION('',(0.,0.,-1.));
#3064=DIRECTION('',(-1.67781864062493E-28,-1.,6.85322854706889E-15));
#3065=DIRECTION('',(2.45752492430049E-14,-1.15648231731788E-14,-1.00000000000001));
#3066=DIRECTION('',(0.,1.,0.));
#3067=DIRECTION('',(0.,0.,-1.));
#3068=DIRECTION('',(-6.86380352982922E-29,-1.,3.42661427353444E-15));
#3069=DIRECTION('',(2.02384405530627E-14,-5.78241158658935E-15,-1.));
#3070=DIRECTION('',(0.,-1.,0.));
#3071=DIRECTION('',(2.02384405530628E-14,0.,-1.00000000000001));
#3072=DIRECTION('',(-6.86380352982922E-29,-1.,3.42661427353444E-15));
#3073=DIRECTION('',(2.02384405530627E-14,-5.78241158658935E-15,-1.));
#3074=DIRECTION('',(0.,-1.,0.));
#3075=DIRECTION('',(2.02384405530628E-14,0.,-1.00000000000001));
#3076=DIRECTION('',(-5.56412814347094E-16,1.,-3.21245088143866E-16));
#3077=DIRECTION('',(1.44560289664734E-14,0.,-1.00000000000001));
#3078=DIRECTION('',(-2.65560661392933E-15,-1.,0.));
#3079=DIRECTION('',(0.,0.,-1.));
#3080=DIRECTION('',(0.,-1.,0.));
#3081=DIRECTION('',(2.02384405530627E-14,0.,-1.));
#3082=DIRECTION('',(0.,-1.,0.));
#3083=DIRECTION('',(2.02384405530628E-14,0.,-1.00000000000001));
#3084=DIRECTION('',(-5.56412814347094E-16,1.,-3.21245088143866E-16));
#3085=DIRECTION('',(1.44560289664734E-14,0.,-1.));
#3086=DIRECTION('',(-2.65560661392933E-15,-1.,0.));
#3087=DIRECTION('',(0.,0.,-1.));
#3088=DIRECTION('',(0.,-1.,0.));
#3089=DIRECTION('',(2.02384405530627E-14,0.,-1.));
#3090=DIRECTION('',(0.,-1.,0.));
#3091=DIRECTION('',(2.02384405530628E-14,0.,-1.00000000000001));
#3092=DIRECTION('',(-1.67781864062493E-28,-1.,6.85322854706889E-15));
#3093=DIRECTION('',(2.45752492430049E-14,-1.15648231731788E-14,-1.00000000000001));
#3094=DIRECTION('',(0.,1.,0.));
#3095=DIRECTION('',(0.,0.,-1.));
#3096=DIRECTION('',(-1.67781864062493E-28,-1.,6.85322854706889E-15));
#3097=DIRECTION('',(2.45752492430049E-14,-1.15648231731788E-14,-1.00000000000001));
#3098=DIRECTION('',(0.,1.,0.));
#3099=DIRECTION('',(0.,0.,-1.));
#3100=DIRECTION('',(-6.86380352982922E-29,-1.,3.42661427353444E-15));
#3101=DIRECTION('',(2.02384405530627E-14,-5.78241158658935E-15,-1.));
#3102=DIRECTION('',(0.,-1.,0.));
#3103=DIRECTION('',(2.02384405530628E-14,0.,-1.00000000000001));
#3104=DIRECTION('',(-6.86380352982922E-29,-1.,3.42661427353444E-15));
#3105=DIRECTION('',(2.02384405530627E-14,-5.78241158658935E-15,-1.));
#3106=DIRECTION('',(0.,-1.,0.));
#3107=DIRECTION('',(2.02384405530628E-14,0.,-1.00000000000001));
#3108=DIRECTION('',(-5.56412814347094E-16,1.,-3.21245088143866E-16));
#3109=DIRECTION('',(1.44560289664734E-14,0.,-1.00000000000001));
#3110=DIRECTION('',(-2.65560661392933E-15,-1.,0.));
#3111=DIRECTION('',(0.,0.,-1.));
#3112=DIRECTION('',(0.,-1.,0.));
#3113=DIRECTION('',(2.02384405530627E-14,0.,-1.));
#3114=DIRECTION('',(0.,-1.,0.));
#3115=DIRECTION('',(2.02384405530628E-14,0.,-0.999999999999995));
#3116=DIRECTION('',(-5.56412814347094E-16,1.,-3.21245088143866E-16));
#3117=DIRECTION('',(1.44560289664734E-14,0.,-1.));
#3118=DIRECTION('',(-2.65560661392933E-15,-1.,0.));
#3119=DIRECTION('',(0.,0.,-1.));
#3120=DIRECTION('',(0.,-1.,0.));
#3121=DIRECTION('',(2.02384405530627E-14,0.,-1.));
#3122=DIRECTION('',(0.,-1.,0.));
#3123=DIRECTION('',(2.02384405530628E-14,0.,-0.999999999999995));
#3124=DIRECTION('',(-1.67781864062493E-28,-1.,6.85322854706889E-15));
#3125=DIRECTION('',(2.45752492430049E-14,-1.15648231731788E-14,-1.));
#3126=DIRECTION('',(0.,1.,0.));
#3127=DIRECTION('',(0.,0.,-1.));
#3128=DIRECTION('',(-1.67781864062493E-28,-1.,6.85322854706889E-15));
#3129=DIRECTION('',(2.45752492430049E-14,-1.15648231731788E-14,-0.999999999999997));
#3130=DIRECTION('',(0.,1.,0.));
#3131=DIRECTION('',(0.,0.,-1.));
#3132=DIRECTION('',(-6.86380352982922E-29,-1.,3.42661427353444E-15));
#3133=DIRECTION('',(2.02384405530627E-14,-5.78241158658935E-15,-1.));
#3134=DIRECTION('',(0.,-1.,0.));
#3135=DIRECTION('',(2.02384405530628E-14,0.,-0.999999999999995));
#3136=DIRECTION('',(-6.86380352982922E-29,-1.,3.42661427353444E-15));
#3137=DIRECTION('',(2.02384405530627E-14,-5.78241158658935E-15,-1.));
#3138=DIRECTION('',(0.,-1.,0.));
#3139=DIRECTION('',(2.02384405530628E-14,0.,-0.999999999999995));
#3140=DIRECTION('',(-5.56412814347094E-16,1.,-3.21245088143866E-16));
#3141=DIRECTION('',(1.44560289664734E-14,0.,-1.00000000000001));
#3142=DIRECTION('',(-2.65560661392933E-15,-1.,0.));
#3143=DIRECTION('',(0.,0.,-1.));
#3144=DIRECTION('',(0.,-1.,0.));
#3145=DIRECTION('',(2.02384405530627E-14,0.,-1.));
#3146=DIRECTION('',(0.,-1.,0.));
#3147=DIRECTION('',(2.02384405530628E-14,0.,-0.999999999999995));
#3148=DIRECTION('',(-5.56412814347094E-16,1.,-3.21245088143866E-16));
#3149=DIRECTION('',(1.44560289664734E-14,0.,-1.));
#3150=DIRECTION('',(-2.65560661392933E-15,-1.,0.));
#3151=DIRECTION('',(0.,0.,-1.));
#3152=DIRECTION('',(0.,-1.,0.));
#3153=DIRECTION('',(2.02384405530627E-14,0.,-1.));
#3154=DIRECTION('',(0.,-1.,0.));
#3155=DIRECTION('',(2.02384405530628E-14,0.,-0.999999999999995));
#3156=DIRECTION('',(-1.67781864062493E-28,-1.,6.85322854706889E-15));
#3157=DIRECTION('',(2.45752492430049E-14,-1.15648231731788E-14,-1.));
#3158=DIRECTION('',(0.,1.,0.));
#3159=DIRECTION('',(0.,0.,-1.));
#3160=DIRECTION('',(-1.67781864062493E-28,-1.,6.85322854706889E-15));
#3161=DIRECTION('',(2.45752492430049E-14,-1.15648231731788E-14,-0.999999999999997));
#3162=DIRECTION('',(0.,1.,0.));
#3163=DIRECTION('',(0.,0.,-1.));
#3164=DIRECTION('',(-6.86380352982922E-29,-1.,3.42661427353444E-15));
#3165=DIRECTION('',(2.02384405530627E-14,-5.78241158658935E-15,-1.));
#3166=DIRECTION('',(0.,-1.,0.));
#3167=DIRECTION('',(2.02384405530628E-14,0.,-0.999999999999995));
#3168=DIRECTION('',(-6.86380352982922E-29,-1.,3.42661427353444E-15));
#3169=DIRECTION('',(2.02384405530627E-14,-5.78241158658935E-15,-1.));
#3170=DIRECTION('',(0.,-1.,0.));
#3171=DIRECTION('',(2.02384405530628E-14,0.,-0.999999999999995));
#3172=DIRECTION('',(-5.56412814347094E-16,1.,-3.21245088143866E-16));
#3173=DIRECTION('',(1.44560289664734E-14,0.,-1.00000000000001));
#3174=DIRECTION('',(-2.65560661392933E-15,-1.,0.));
#3175=DIRECTION('',(0.,0.,-1.));
#3176=DIRECTION('',(0.,-1.,0.));
#3177=DIRECTION('',(2.02384405530627E-14,0.,-1.));
#3178=DIRECTION('',(0.,-1.,0.));
#3179=DIRECTION('',(2.02384405530628E-14,0.,-0.999999999999995));
#3180=DIRECTION('',(-5.56412814347094E-16,1.,-3.21245088143866E-16));
#3181=DIRECTION('',(1.44560289664734E-14,0.,-1.));
#3182=DIRECTION('',(-2.65560661392933E-15,-1.,0.));
#3183=DIRECTION('',(0.,0.,-1.));
#3184=DIRECTION('',(0.,-1.,0.));
#3185=DIRECTION('',(2.02384405530627E-14,0.,-1.));
#3186=DIRECTION('',(0.,-1.,0.));
#3187=DIRECTION('',(2.02384405530628E-14,0.,-0.999999999999995));
#3188=DIRECTION('',(-1.67781864062493E-28,-1.,6.85322854706889E-15));
#3189=DIRECTION('',(2.45752492430049E-14,-1.15648231731788E-14,-1.));
#3190=DIRECTION('',(0.,1.,0.));
#3191=DIRECTION('',(0.,0.,-1.));
#3192=DIRECTION('',(-1.67781864062493E-28,-1.,6.85322854706889E-15));
#3193=DIRECTION('',(2.45752492430049E-14,-1.15648231731788E-14,-0.999999999999997));
#3194=DIRECTION('',(0.,1.,0.));
#3195=DIRECTION('',(0.,0.,-1.));
#3196=DIRECTION('',(-6.86380352982922E-29,-1.,3.42661427353444E-15));
#3197=DIRECTION('',(2.02384405530627E-14,-5.78241158658935E-15,-1.));
#3198=DIRECTION('',(0.,-1.,0.));
#3199=DIRECTION('',(2.02384405530628E-14,0.,-0.999999999999995));
#3200=DIRECTION('',(-6.86380352982922E-29,-1.,3.42661427353444E-15));
#3201=DIRECTION('',(2.02384405530627E-14,-5.78241158658935E-15,-1.));
#3202=DIRECTION('',(0.,-1.,0.));
#3203=DIRECTION('',(2.02384405530628E-14,0.,-0.999999999999995));
#3204=DIRECTION('',(-5.56412814347094E-16,1.,-3.21245088143866E-16));
#3205=DIRECTION('',(1.44560289664734E-14,0.,-1.00000000000001));
#3206=DIRECTION('',(-2.65560661392933E-15,-1.,0.));
#3207=DIRECTION('',(0.,0.,-1.));
#3208=DIRECTION('',(0.,-1.,0.));
#3209=DIRECTION('',(2.02384405530627E-14,0.,-1.));
#3210=DIRECTION('',(0.,-1.,0.));
#3211=DIRECTION('',(2.02384405530628E-14,0.,-0.999999999999995));
#3212=DIRECTION('',(-5.56412814347094E-16,1.,-3.21245088143866E-16));
#3213=DIRECTION('',(1.44560289664734E-14,0.,-1.));
#3214=DIRECTION('',(-2.65560661392933E-15,-1.,0.));
#3215=DIRECTION('',(0.,0.,-1.));
#3216=DIRECTION('',(0.,-1.,0.));
#3217=DIRECTION('',(2.02384405530627E-14,0.,-1.));
#3218=DIRECTION('',(0.,-1.,0.));
#3219=DIRECTION('',(2.02384405530628E-14,0.,-0.999999999999995));
#3220=DIRECTION('',(-1.67781864062493E-28,-1.,6.85322854706889E-15));
#3221=DIRECTION('',(2.45752492430049E-14,-1.15648231731788E-14,-1.));
#3222=DIRECTION('',(0.,1.,0.));
#3223=DIRECTION('',(0.,0.,-1.));
#3224=DIRECTION('',(-1.67781864062493E-28,-1.,6.85322854706889E-15));
#3225=DIRECTION('',(2.45752492430049E-14,-1.15648231731788E-14,-0.999999999999997));
#3226=DIRECTION('',(0.,1.,0.));
#3227=DIRECTION('',(0.,0.,-1.));
#3228=DIRECTION('',(-6.86380352982922E-29,-1.,3.42661427353444E-15));
#3229=DIRECTION('',(2.02384405530627E-14,-5.78241158658935E-15,-1.));
#3230=DIRECTION('',(0.,-1.,0.));
#3231=DIRECTION('',(2.02384405530628E-14,0.,-0.999999999999995));
#3232=DIRECTION('',(-6.86380352982922E-29,-1.,3.42661427353444E-15));
#3233=DIRECTION('',(2.02384405530627E-14,-5.78241158658935E-15,-1.));
#3234=DIRECTION('',(0.,-1.,0.));
#3235=DIRECTION('',(2.02384405530628E-14,0.,-0.999999999999995));
#3236=DIRECTION('',(-5.56412814347094E-16,1.,-3.21245088143866E-16));
#3237=DIRECTION('',(1.44560289664734E-14,0.,-0.999999999999994));
#3238=DIRECTION('',(-2.65560661392933E-15,-1.,0.));
#3239=DIRECTION('',(0.,0.,-1.));
#3240=DIRECTION('',(0.,-1.,0.));
#3241=DIRECTION('',(2.02384405530627E-14,0.,-1.));
#3242=DIRECTION('',(0.,-1.,0.));
#3243=DIRECTION('',(2.02384405530628E-14,0.,-0.999999999999995));
#3244=DIRECTION('',(-5.56412814347094E-16,1.,-3.21245088143866E-16));
#3245=DIRECTION('',(1.44560289664734E-14,0.,-1.));
#3246=DIRECTION('',(-2.65560661392933E-15,-1.,0.));
#3247=DIRECTION('',(0.,0.,-1.));
#3248=DIRECTION('',(0.,-1.,0.));
#3249=DIRECTION('',(2.02384405530627E-14,0.,-1.));
#3250=DIRECTION('',(0.,-1.,0.));
#3251=DIRECTION('',(2.02384405530628E-14,0.,-0.999999999999995));
#3252=DIRECTION('',(-1.67781864062493E-28,-1.,6.85322854706889E-15));
#3253=DIRECTION('',(2.45752492430049E-14,-1.15648231731788E-14,-1.));
#3254=DIRECTION('',(0.,1.,0.));
#3255=DIRECTION('',(0.,0.,-1.));
#3256=DIRECTION('',(-1.67781864062493E-28,-1.,6.85322854706889E-15));
#3257=DIRECTION('',(2.45752492430049E-14,-1.15648231731788E-14,-0.999999999999997));
#3258=DIRECTION('',(0.,1.,0.));
#3259=DIRECTION('',(0.,0.,-1.));
#3260=DIRECTION('',(-6.86380352982922E-29,-1.,3.42661427353444E-15));
#3261=DIRECTION('',(2.02384405530627E-14,-5.78241158658935E-15,-1.));
#3262=DIRECTION('',(0.,-1.,0.));
#3263=DIRECTION('',(2.02384405530628E-14,0.,-0.999999999999995));
#3264=DIRECTION('',(-6.86380352982922E-29,-1.,3.42661427353444E-15));
#3265=DIRECTION('',(2.02384405530627E-14,-5.78241158658935E-15,-1.));
#3266=DIRECTION('',(0.,-1.,0.));
#3267=DIRECTION('',(2.02384405530628E-14,0.,-0.999999999999995));
#3268=DIRECTION('',(-5.56412814347094E-16,1.,-3.21245088143866E-16));
#3269=DIRECTION('',(1.44560289664734E-14,0.,-0.999999999999994));
#3270=DIRECTION('',(-2.65560661392933E-15,-1.,0.));
#3271=DIRECTION('',(0.,0.,-1.));
#3272=DIRECTION('',(0.,-1.,0.));
#3273=DIRECTION('',(2.02384405530627E-14,0.,-1.));
#3274=DIRECTION('',(0.,-1.,0.));
#3275=DIRECTION('',(2.02384405530628E-14,0.,-0.999999999999995));
#3276=DIRECTION('',(-5.56412814347094E-16,1.,-3.21245088143866E-16));
#3277=DIRECTION('',(1.44560289664734E-14,0.,-1.));
#3278=DIRECTION('',(-2.65560661392933E-15,-1.,0.));
#3279=DIRECTION('',(0.,0.,-1.));
#3280=DIRECTION('',(0.,-1.,0.));
#3281=DIRECTION('',(2.02384405530627E-14,0.,-1.));
#3282=DIRECTION('',(0.,-1.,0.));
#3283=DIRECTION('',(2.02384405530628E-14,0.,-0.999999999999995));
#3284=DIRECTION('',(-1.67781864062493E-28,-1.,6.85322854706889E-15));
#3285=DIRECTION('',(2.45752492430049E-14,-1.15648231731788E-14,-1.));
#3286=DIRECTION('',(0.,1.,0.));
#3287=DIRECTION('',(0.,0.,-1.));
#3288=DIRECTION('',(-1.67781864062493E-28,-1.,6.85322854706889E-15));
#3289=DIRECTION('',(2.45752492430049E-14,-1.15648231731788E-14,-0.999999999999997));
#3290=DIRECTION('',(0.,1.,0.));
#3291=DIRECTION('',(0.,0.,-1.));
#3292=DIRECTION('',(-6.86380352982922E-29,-1.,3.42661427353444E-15));
#3293=DIRECTION('',(2.02384405530627E-14,-5.78241158658935E-15,-1.));
#3294=DIRECTION('',(0.,-1.,0.));
#3295=DIRECTION('',(2.02384405530628E-14,0.,-0.999999999999995));
#3296=DIRECTION('',(-6.86380352982922E-29,-1.,3.42661427353444E-15));
#3297=DIRECTION('',(2.02384405530627E-14,-5.78241158658935E-15,-1.));
#3298=DIRECTION('',(0.,-1.,0.));
#3299=DIRECTION('',(2.02384405530628E-14,0.,-0.999999999999995));
#3300=DIRECTION('',(-5.56412814347094E-16,1.,-3.21245088143866E-16));
#3301=DIRECTION('',(1.44560289664734E-14,0.,-1.));
#3302=DIRECTION('',(-2.65560661392933E-15,-1.,0.));
#3303=DIRECTION('',(0.,0.,-1.));
#3304=DIRECTION('',(0.,-1.,0.));
#3305=DIRECTION('',(2.02384405530627E-14,0.,-0.999999999999999));
#3306=DIRECTION('',(0.,-1.,0.));
#3307=DIRECTION('',(2.02384405530628E-14,0.,-1.));
#3308=DIRECTION('',(-5.56412814347094E-16,1.,-3.21245088143866E-16));
#3309=DIRECTION('',(1.44560289664734E-14,0.,-0.999999999999999));
#3310=DIRECTION('',(-2.65560661392933E-15,-1.,0.));
#3311=DIRECTION('',(0.,0.,-1.));
#3312=DIRECTION('',(0.,-1.,0.));
#3313=DIRECTION('',(2.02384405530627E-14,0.,-0.999999999999999));
#3314=DIRECTION('',(0.,-1.,0.));
#3315=DIRECTION('',(2.02384405530628E-14,0.,-1.));
#3316=DIRECTION('',(-1.67781864062493E-28,-1.,6.85322854706889E-15));
#3317=DIRECTION('',(2.45752492430049E-14,-1.15648231731788E-14,-1.));
#3318=DIRECTION('',(0.,1.,0.));
#3319=DIRECTION('',(0.,0.,-1.));
#3320=DIRECTION('',(-1.67781864062493E-28,-1.,6.85322854706889E-15));
#3321=DIRECTION('',(2.45752492430049E-14,-1.15648231731788E-14,-0.999999999999997));
#3322=DIRECTION('',(0.,1.,0.));
#3323=DIRECTION('',(0.,0.,-1.));
#3324=DIRECTION('',(-6.86380352982922E-29,-1.,3.42661427353444E-15));
#3325=DIRECTION('',(2.02384405530627E-14,-5.78241158658935E-15,-0.999999999999999));
#3326=DIRECTION('',(0.,-1.,0.));
#3327=DIRECTION('',(2.02384405530628E-14,0.,-1.));
#3328=DIRECTION('',(-6.86380352982922E-29,-1.,3.42661427353444E-15));
#3329=DIRECTION('',(2.02384405530627E-14,-5.78241158658935E-15,-0.999999999999999));
#3330=DIRECTION('',(0.,-1.,0.));
#3331=DIRECTION('',(2.02384405530628E-14,0.,-1.));
#3332=DIRECTION('',(-5.56412814347094E-16,1.,-3.21245088143866E-16));
#3333=DIRECTION('',(1.44560289664734E-14,0.,-1.));
#3334=DIRECTION('',(-2.65560661392933E-15,-1.,0.));
#3335=DIRECTION('',(0.,0.,-1.));
#3336=DIRECTION('',(0.,-1.,0.));
#3337=DIRECTION('',(2.02384405530627E-14,0.,-0.999999999999999));
#3338=DIRECTION('',(0.,-1.,0.));
#3339=DIRECTION('',(2.02384405530628E-14,0.,-1.));
#3340=DIRECTION('',(-5.56412814347094E-16,1.,-3.21245088143866E-16));
#3341=DIRECTION('',(1.44560289664734E-14,0.,-0.999999999999999));
#3342=DIRECTION('',(-2.65560661392933E-15,-1.,0.));
#3343=DIRECTION('',(0.,0.,-1.));
#3344=DIRECTION('',(0.,-1.,0.));
#3345=DIRECTION('',(2.02384405530627E-14,0.,-0.999999999999999));
#3346=DIRECTION('',(0.,-1.,0.));
#3347=DIRECTION('',(2.02384405530628E-14,0.,-1.));
#3348=DIRECTION('',(-1.67781864062493E-28,-1.,6.85322854706889E-15));
#3349=DIRECTION('',(2.45752492430049E-14,-1.15648231731788E-14,-1.));
#3350=DIRECTION('',(0.,1.,0.));
#3351=DIRECTION('',(0.,0.,-1.));
#3352=DIRECTION('',(-1.67781864062493E-28,-1.,6.85322854706889E-15));
#3353=DIRECTION('',(2.45752492430049E-14,-1.15648231731788E-14,-0.999999999999997));
#3354=DIRECTION('',(0.,1.,0.));
#3355=DIRECTION('',(0.,0.,-1.));
#3356=DIRECTION('',(-6.86380352982922E-29,-1.,3.42661427353444E-15));
#3357=DIRECTION('',(2.02384405530627E-14,-5.78241158658935E-15,-0.999999999999999));
#3358=DIRECTION('',(0.,-1.,0.));
#3359=DIRECTION('',(2.02384405530628E-14,0.,-1.));
#3360=DIRECTION('',(-6.86380352982922E-29,-1.,3.42661427353444E-15));
#3361=DIRECTION('',(2.02384405530627E-14,-5.78241158658935E-15,-0.999999999999999));
#3362=DIRECTION('',(0.,-1.,0.));
#3363=DIRECTION('',(2.02384405530628E-14,0.,-1.));
#3364=DIRECTION('',(-5.56412814347094E-16,1.,-3.21245088143866E-16));
#3365=DIRECTION('',(1.44560289664734E-14,0.,-1.));
#3366=DIRECTION('',(-2.65560661392933E-15,-1.,0.));
#3367=DIRECTION('',(0.,0.,-1.));
#3368=DIRECTION('',(0.,-1.,0.));
#3369=DIRECTION('',(2.02384405530627E-14,0.,-0.999999999999999));
#3370=DIRECTION('',(0.,-1.,0.));
#3371=DIRECTION('',(2.02384405530628E-14,0.,-1.));
#3372=DIRECTION('',(-5.56412814347094E-16,1.,-3.21245088143866E-16));
#3373=DIRECTION('',(1.44560289664734E-14,0.,-0.999999999999999));
#3374=DIRECTION('',(-2.65560661392933E-15,-1.,0.));
#3375=DIRECTION('',(0.,0.,-1.));
#3376=DIRECTION('',(0.,-1.,0.));
#3377=DIRECTION('',(2.02384405530627E-14,0.,-0.999999999999999));
#3378=DIRECTION('',(0.,-1.,0.));
#3379=DIRECTION('',(2.02384405530628E-14,0.,-1.));
#3380=DIRECTION('',(-1.67781864062493E-28,-1.,6.85322854706889E-15));
#3381=DIRECTION('',(2.45752492430049E-14,-1.15648231731788E-14,-1.));
#3382=DIRECTION('',(0.,1.,0.));
#3383=DIRECTION('',(0.,0.,-1.));
#3384=DIRECTION('',(-1.67781864062493E-28,-1.,6.85322854706889E-15));
#3385=DIRECTION('',(2.45752492430049E-14,-1.15648231731788E-14,-0.999999999999997));
#3386=DIRECTION('',(0.,1.,0.));
#3387=DIRECTION('',(0.,0.,-1.));
#3388=DIRECTION('',(-6.86380352982922E-29,-1.,3.42661427353444E-15));
#3389=DIRECTION('',(2.02384405530627E-14,-5.78241158658935E-15,-0.999999999999999));
#3390=DIRECTION('',(0.,-1.,0.));
#3391=DIRECTION('',(2.02384405530628E-14,0.,-1.));
#3392=DIRECTION('',(-6.86380352982922E-29,-1.,3.42661427353444E-15));
#3393=DIRECTION('',(2.02384405530627E-14,-5.78241158658935E-15,-0.999999999999999));
#3394=DIRECTION('',(0.,-1.,0.));
#3395=DIRECTION('',(2.02384405530628E-14,0.,-1.));
#3396=DIRECTION('',(-5.56412814347094E-16,1.,-3.21245088143866E-16));
#3397=DIRECTION('',(1.44560289664734E-14,0.,-1.));
#3398=DIRECTION('',(-2.65560661392933E-15,-1.,0.));
#3399=DIRECTION('',(0.,0.,-1.));
#3400=DIRECTION('',(0.,-1.,0.));
#3401=DIRECTION('',(2.02384405530627E-14,0.,-0.999999999999999));
#3402=DIRECTION('',(0.,-1.,0.));
#3403=DIRECTION('',(2.02384405530628E-14,0.,-1.));
#3404=DIRECTION('',(-5.56412814347094E-16,1.,-3.21245088143866E-16));
#3405=DIRECTION('',(1.44560289664734E-14,0.,-0.999999999999999));
#3406=DIRECTION('',(-2.65560661392933E-15,-1.,0.));
#3407=DIRECTION('',(0.,0.,-1.));
#3408=DIRECTION('',(0.,-1.,0.));
#3409=DIRECTION('',(2.02384405530627E-14,0.,-0.999999999999999));
#3410=DIRECTION('',(0.,-1.,0.));
#3411=DIRECTION('',(2.02384405530628E-14,0.,-1.));
#3412=DIRECTION('',(-1.67781864062493E-28,-1.,6.85322854706889E-15));
#3413=DIRECTION('',(2.45752492430049E-14,-1.15648231731788E-14,-1.));
#3414=DIRECTION('',(0.,1.,0.));
#3415=DIRECTION('',(0.,0.,-1.));
#3416=DIRECTION('',(-1.67781864062493E-28,-1.,6.85322854706889E-15));
#3417=DIRECTION('',(2.45752492430049E-14,-1.15648231731788E-14,-1.));
#3418=DIRECTION('',(0.,1.,0.));
#3419=DIRECTION('',(0.,0.,-1.));
#3420=DIRECTION('',(-6.86380352982922E-29,-1.,3.42661427353444E-15));
#3421=DIRECTION('',(2.02384405530627E-14,-5.78241158658935E-15,-0.999999999999999));
#3422=DIRECTION('',(0.,-1.,0.));
#3423=DIRECTION('',(2.02384405530628E-14,0.,-1.));
#3424=DIRECTION('',(-6.86380352982922E-29,-1.,3.42661427353444E-15));
#3425=DIRECTION('',(2.02384405530627E-14,-5.78241158658935E-15,-0.999999999999999));
#3426=DIRECTION('',(0.,-1.,0.));
#3427=DIRECTION('',(2.02384405530628E-14,0.,-1.));
#3428=DIRECTION('',(0.,-1.,6.85322854706906E-15));
#3429=DIRECTION('',(0.,-1.15648231731785E-14,-1.00000000000001));
#3430=DIRECTION('',(0.,1.,0.));
#3431=DIRECTION('',(0.,0.,-1.));
#3432=DIRECTION('',(6.10115869318141E-29,-1.,3.4266142735344E-15));
#3433=DIRECTION('',(-1.80700362080916E-14,-5.78241158658932E-15,-0.999999999999999));
#3434=DIRECTION('',(0.,-1.,0.));
#3435=DIRECTION('',(-1.80700362080914E-14,0.,-0.999999999999989));
#3436=DIRECTION('',(-1.67781864062493E-28,-1.,6.85322854706889E-15));
#3437=DIRECTION('',(2.45752492430049E-14,-1.15648231731788E-14,-1.));
#3438=DIRECTION('',(0.,1.,0.));
#3439=DIRECTION('',(0.,0.,-1.));
#3440=DIRECTION('',(-6.86380352982922E-29,-1.,3.42661427353444E-15));
#3441=DIRECTION('',(2.02384405530627E-14,-5.78241158658935E-15,-0.999999999999999));
#3442=DIRECTION('',(0.,-1.,0.));
#3443=DIRECTION('',(2.02384405530628E-14,0.,-1.));
#3444=DIRECTION('',(0.,-1.,6.85322854706906E-15));
#3445=DIRECTION('',(0.,-1.15648231731785E-14,-1.00000000000001));
#3446=DIRECTION('',(0.,1.,0.));
#3447=DIRECTION('',(0.,0.,-1.));
#3448=DIRECTION('',(1.22023173863625E-28,-1.,3.42661427353436E-15));
#3449=DIRECTION('',(-3.54172709678589E-14,-5.7824115865892E-15,-1.));
#3450=DIRECTION('',(0.,-1.,0.));
#3451=DIRECTION('',(-1.80700362080914E-14,0.,-1.00000000000001));
#3452=DIRECTION('',(1.,-7.22801448323668E-16,1.76375794652431E-16));
#3453=DIRECTION('',(-3.4694469519536E-16,4.16333634234432E-15,1.));
#3454=DIRECTION('',(-1.,2.89120579329467E-16,1.66923844304129E-16));
#3455=DIRECTION('',(0.,0.,1.));
#3456=DIRECTION('',(1.,-4.33680868994201E-16,5.07815036786695E-17));
#3457=DIRECTION('',(0.,0.,1.));
#3458=DIRECTION('',(1.,-7.2280144832367E-16,4.17309610760322E-16));
#3459=DIRECTION('',(-3.46944695195362E-16,0.,1.));
#3460=DIRECTION('',(-1.,5.78241158658935E-16,-1.48019943607521E-16));
#3461=DIRECTION('',(0.,0.,1.));
#3462=DIRECTION('',(1.,-4.33680868994202E-16,5.07815036786691E-17));
#3463=DIRECTION('',(0.,0.,1.));
#3464=DIRECTION('',(0.,0.,1.));
#3465=DIRECTION('',(-1.,5.78241158658936E-16,0.));
#3466=DIRECTION('',(0.,0.,-1.));
#3467=DIRECTION('',(-1.,5.78241158658936E-16,0.));
#3468=DIRECTION('',(5.78241158658936E-16,1.,0.));
#3469=DIRECTION('',(0.,0.,-1.));
#3470=DIRECTION('',(-5.56412814347094E-16,1.,-3.21245088143866E-16));
#3471=DIRECTION('',(1.44560289664734E-14,0.,-0.999999999999999));
#3472=DIRECTION('',(-2.65560661392933E-15,-1.,0.));
#3473=DIRECTION('',(0.,0.,-1.));
#3474=DIRECTION('',(0.,-1.,0.));
#3475=DIRECTION('',(2.02384405530627E-14,0.,-0.999999999999999));
#3476=DIRECTION('',(0.,-1.,0.));
#3477=DIRECTION('',(2.02384405530628E-14,0.,-1.));
#3478=DIRECTION('',(-5.56412814347093E-16,1.,-3.21245088143864E-16));
#3479=DIRECTION('',(1.80700362080918E-14,0.,-1.00000000000001));
#3480=DIRECTION('',(-2.65560661392933E-15,-1.,0.));
#3481=DIRECTION('',(0.,0.,-1.));
#3482=DIRECTION('',(0.,-1.,0.));
#3483=DIRECTION('',(-1.80700362080916E-14,0.,-0.999999999999999));
#3484=DIRECTION('',(0.,-1.,0.));
#3485=DIRECTION('',(-1.80700362080914E-14,0.,-0.999999999999989));
#3486=DIRECTION('',(-5.56412814347094E-16,1.,-3.21245088143866E-16));
#3487=DIRECTION('',(1.44560289664734E-14,0.,-1.));
#3488=DIRECTION('',(-2.65560661392933E-15,-1.,0.));
#3489=DIRECTION('',(0.,0.,-1.));
#3490=DIRECTION('',(0.,-1.,0.));
#3491=DIRECTION('',(2.02384405530627E-14,0.,-0.999999999999999));
#3492=DIRECTION('',(0.,-1.,0.));
#3493=DIRECTION('',(2.02384405530628E-14,0.,-1.));
#3494=DIRECTION('',(-5.56412814347093E-16,1.,-3.21245088143864E-16));
#3495=DIRECTION('',(1.80700362080918E-14,0.,-1.00000000000001));
#3496=DIRECTION('',(-2.65560661392933E-15,-1.,0.));
#3497=DIRECTION('',(0.,0.,-1.));
#3498=DIRECTION('',(0.,-1.,0.));
#3499=DIRECTION('',(-3.54172709678589E-14,0.,-1.));
#3500=DIRECTION('',(0.,-1.,0.));
#3501=DIRECTION('',(-1.80700362080914E-14,0.,-1.00000000000001));
#3502=DIRECTION('',(-0.577350269189625,0.577350269189625,0.577350269189627));
#3503=DIRECTION('',(-4.06258425287308E-17,0.,1.));
#3504=DIRECTION('',(-0.57735026918962,0.577350269189621,-0.577350269189637));
#3505=DIRECTION('',(2.0800041678379E-17,0.,-1.));
#3506=DIRECTION('',(-0.707106781186548,-0.707106781186547,-2.87268087434824E-17));
#3507=DIRECTION('',(-4.0766001685455E-17,0.,1.));
#3508=DIRECTION('',(2.06514699521049E-17,-1.,1.32169407693471E-15));
#3509=DIRECTION('',(-1.,0.,-5.78241158661938E-15));
#3510=DIRECTION('',(0.,1.,1.32169407693471E-15));
#3511=DIRECTION('',(1.,4.51750905204639E-17,2.89120579330969E-15));
#3512=DIRECTION('',(-2.40933816109141E-15,0.,1.));
#3513=DIRECTION('',(-1.,0.,-2.40779618465581E-15));
#3514=DIRECTION('',(0.,-1.,8.26058798084194E-17));
#3515=DIRECTION('',(4.06258425287308E-17,2.53911515804568E-18,-1.));
#3516=DIRECTION('',(1.,0.,3.68488367607536E-17));
#3517=DIRECTION('',(-3.68628738645072E-17,0.,1.));
#3518=DIRECTION('',(1.,-7.22801448327422E-16,-5.96311194870123E-15));
#3519=DIRECTION('',(2.06514699521048E-17,-1.,8.26058798084194E-17));
#3520=DIRECTION('',(-1.,4.96925995725103E-16,5.96311194870123E-15));
#3521=DIRECTION('',(-5.72217813259209E-15,-6.91124913807877E-17,-1.));
#3522=DIRECTION('',(1.,0.,-5.7219853855095E-15));
#3523=DIRECTION('',(-2.2825308894432E-16,0.,1.));
#3524=DIRECTION('',(-2.06514699521049E-17,-1.,0.));
#3525=DIRECTION('',(1.1412654447216E-16,2.28253088944319E-16,-1.));
#3526=DIRECTION('',(1.,-1.72781228533135E-17,-1.31459497080941E-32));
#3527=DIRECTION('',(0.,-7.6067624421583E-16,1.));
#3528=DIRECTION('',(-0.577350269189622,0.577350269189623,-0.577350269189631));
#3529=DIRECTION('',(-1.,-2.28253088943568E-16,-1.82602471154855E-15));
#3530=DIRECTION('',(0.577350269189626,0.577350269189626,-0.577350269189626));
#3531=DIRECTION('',(1.,-3.09772049280194E-16,-2.47817639424155E-15));
#3532=DIRECTION('',(1.45259376316896E-15,-0.707106781186548,-0.707106781186547));
#3533=DIRECTION('',(-1.,-2.2811613709095E-16,-1.8249290967276E-15));
#3534=DIRECTION('',(1.45856794504776E-16,0.,-1.));
#3535=DIRECTION('',(0.577350269189626,0.577350269189627,0.577350269189626));
#3536=DIRECTION('',(-1.2930851598451E-16,0.,1.));
#3537=DIRECTION('',(0.707106781186548,-0.707106781186547,1.0313632847646E-16));
#3538=DIRECTION('',(1.45716771982052E-16,0.,-1.));
#3539=DIRECTION('',(1.,0.,5.70632722358921E-17));
#3540=DIRECTION('',(-0.577350269189626,0.577350269189626,0.577350269189626));
#3541=DIRECTION('',(-1.,3.09772049280194E-16,-7.74430123200486E-17));
#3542=DIRECTION('',(-4.03498267546934E-17,-0.707106781186547,0.707106781186548));
#3543=DIRECTION('',(1.,0.,5.70290342727375E-17));
#3544=DIRECTION('',(0.577350269189624,-0.577350269189625,-0.577350269189628));
#3545=DIRECTION('',(4.56506177888637E-16,0.,-1.));
#3546=DIRECTION('',(-0.707106781186548,-0.707106781186547,-5.28721867821857E-17));
#3547=DIRECTION('',(-7.48099499014998E-17,0.,1.));
#3548=DIRECTION('',(-1.,0.,5.96311194870123E-15));
#3549=DIRECTION('',(4.12403056902817E-15,-0.707106781186547,0.707106781186547));
#3550=DIRECTION('',(1.,0.,-5.83214032623403E-15));
#3551=DIRECTION('',(1.,-3.61400724163711E-16,2.89120579330969E-15));
#3552=DIRECTION('',(4.56506177888637E-16,0.,-1.));
#3553=DIRECTION('',(1.27179140467508E-16,1.,1.79878223092978E-32));
#3554=DIRECTION('',(-1.4137996329211E-16,0.,1.));
#3555=DIRECTION('',(-0.577350269189627,0.577350269189629,-0.577350269189621));
#3556=DIRECTION('',(1.48042122990755E-15,-0.707106781186547,-0.707106781186547));
#3557=DIRECTION('',(-1.,2.99239799605999E-16,-2.39391839684799E-15));
#3558=DIRECTION('',(1.14126544472156E-16,0.,1.));
#3559=DIRECTION('',(-0.707106781186548,-0.707106781186546,5.28721867821849E-17));
#3560=DIRECTION('',(7.48099499014998E-17,0.,1.));
#3561=DIRECTION('',(2.06514699521049E-17,-1.,1.32169407693471E-15));
#3562=DIRECTION('',(2.28253088944317E-16,0.,-1.));
#3563=DIRECTION('',(1.,0.,0.));
#3564=DIRECTION('',(0.,1.52135248843166E-15,1.));
#3565=DIRECTION('',(-0.577350269189632,0.57735026918963,-0.577350269189615));
#3566=DIRECTION('',(0.577350269189624,-0.577350269189625,0.577350269189629));
#3567=DIRECTION('',(4.56506177888637E-16,0.,-1.));
#3568=DIRECTION('',(-0.707106781186548,-0.707106781186547,4.79154192713553E-17));
#3569=DIRECTION('',(0.,-6.7762635780344E-17,-1.));
#3570=DIRECTION('',(-0.577350269189625,0.577350269189624,-0.577350269189628));
#3571=DIRECTION('',(1.,0.,-2.89120579330969E-15));
#3572=DIRECTION('',(0.,-0.707106781186546,-0.707106781186549));
#3573=DIRECTION('',(1.,0.,0.));
#3574=DIRECTION('',(0.577350269189625,-0.577350269189624,-0.577350269189628));
#3575=DIRECTION('',(2.95691501586956E-17,0.,-1.));
#3576=DIRECTION('',(-0.707106781186547,-0.707106781186548,-2.61356832389211E-17));
#3577=DIRECTION('',(3.94649590784724E-17,-2.49366499671666E-18,-1.));
#3578=DIRECTION('',(0.577350269189625,-0.577350269189625,-0.577350269189628));
#3579=DIRECTION('',(-1.,0.,5.96311194870123E-15));
#3580=DIRECTION('',(3.94634535115201E-15,-0.707106781186548,0.707106781186547));
#3581=DIRECTION('',(-1.,3.91071723615521E-16,5.97178556605016E-15));
#3582=DIRECTION('',(0.577350269189626,-0.577350269189626,-0.577350269189626));
#3583=DIRECTION('',(-2.2825308894432E-16,0.,-1.));
#3584=DIRECTION('',(-0.707106781186547,-0.707106781186548,-1.43746257814067E-16));
#3585=DIRECTION('',(6.7762635780344E-17,1.35525271560688E-16,-1.));
#3586=DIRECTION('',(-1.,-5.70632722358921E-17,-1.71189816707676E-16));
#3587=DIRECTION('',(-0.577350269189626,-0.577350269189626,-0.577350269189626));
#3588=DIRECTION('',(-1.,0.,-8.50354645084593E-17));
#3589=DIRECTION('',(-1.35290595589379E-16,-0.707106781186548,0.707106781186547));
#3590=DIRECTION('',(-1.,6.37510877421477E-17,-1.27502175484295E-16));
#3591=DIRECTION('',(8.26058798084194E-17,-1.,-4.13029399042097E-17));
#3592=DIRECTION('',(4.75527268632434E-17,0.,-1.));
#3593=DIRECTION('',(1.,-1.8995222061946E-16,4.74880551548651E-17));
#3594=DIRECTION('',(8.26058798084194E-17,-1.,0.));
#3595=DIRECTION('',(-1.55580580805095E-16,-2.43094657507961E-18,1.));
#3596=DIRECTION('',(-1.,0.,-1.49935933882461E-16));
#3597=DIRECTION('',(1.50053580671994E-16,0.,-1.));
#3598=DIRECTION('',(1.,1.99721452825622E-16,1.82602471154855E-15));
#3599=DIRECTION('',(-1.52168725962379E-15,0.,1.));
#3600=DIRECTION('',(-1.,0.,-1.51961776495568E-15));
#3601=DIRECTION('',(-0.577350269189631,-0.577350269189631,0.577350269189616));
#3602=DIRECTION('',(1.,0.,0.));
#3603=DIRECTION('',(-1.02219561111976E-15,-0.707106781186542,-0.707106781186553));
#3604=DIRECTION('',(1.,-8.50014503228635E-17,-1.36002320516582E-15));
#3605=DIRECTION('',(-1.41725774181112E-16,0.,1.));
#3606=DIRECTION('',(0.707106781186548,-0.707106781186547,8.85234761266001E-17));
#3607=DIRECTION('',(-1.41813644161104E-16,-1.65882932390282E-17,1.));
#3608=DIRECTION('',(1.,0.,0.));
#3609=DIRECTION('',(0.,0.,1.));
#3610=DIRECTION('',(-1.,0.,0.));
#3611=DIRECTION('',(0.,0.,1.));
#3612=DIRECTION('',(0.,-1.,0.));
#3613=DIRECTION('',(1.,0.,0.));
#3614=DIRECTION('',(-1.,0.,0.));
#3615=DIRECTION('',(0.,-0.500000000000003,0.866025403784437));
#3616=DIRECTION('',(1.,0.,0.));
#3617=DIRECTION('',(1.73077718748518E-16,0.500000000000001,-0.866025403784438));
#3618=DIRECTION('',(0.,-0.866025403784437,-0.500000000000003));
#3619=DIRECTION('',(0.,0.500000000000003,-0.866025403784437));
#3620=DIRECTION('',(0.,-1.,0.));
#3621=DIRECTION('',(1.,0.,0.));
#3622=DIRECTION('',(4.80061233112507E-16,1.,0.));
#3623=DIRECTION('',(0.,0.,-1.));
#3624=DIRECTION('',(0.,1.,0.));
#3625=DIRECTION('',(0.,0.499999999999998,0.86602540378444));
#3626=DIRECTION('',(0.,1.,0.));
#3627=DIRECTION('',(2.0379740084314E-17,0.,-1.));
#3628=DIRECTION('',(0.,-1.,9.20231720954485E-16));
#3629=DIRECTION('',(0.,1.,0.));
#3630=DIRECTION('',(1.,0.,0.));
#3631=DIRECTION('',(0.,1.,0.));
#3632=DIRECTION('',(-1.,-2.09002828430946E-15,0.));
#3633=DIRECTION('',(1.,0.,0.));
#3634=DIRECTION('',(-4.80061233112501E-16,-1.,0.));
#3635=DIRECTION('',(0.,0.,1.));
#3636=DIRECTION('',(0.,-1.,0.));
#3637=DIRECTION('',(1.,0.,0.));
#3638=DIRECTION('',(-3.46155437497045E-16,-0.499999999999998,-0.86602540378444));
#3639=DIRECTION('',(0.,-0.86602540378444,0.499999999999998));
#3640=DIRECTION('',(0.,-0.499999999999998,-0.86602540378444));
#3641=DIRECTION('',(1.,1.2145665286191E-11,0.));
#3642=DIRECTION('',(5.02259986033301E-16,1.,0.));
#3643=DIRECTION('',(-1.75224593536308E-16,-1.,0.));
#3644=DIRECTION('',(0.,0.,-1.));
#3645=DIRECTION('',(1.,0.,0.));
#3646=DIRECTION('',(0.,2.44327250137578E-16,-1.));
#3647=DIRECTION('',(4.30987199000449E-16,1.,0.));
#3648=DIRECTION('',(1.80700362080917E-16,1.,0.));
#3649=DIRECTION('',(0.,0.,1.));
#3650=DIRECTION('',(1.,-4.40782362614095E-16,0.));
#3651=DIRECTION('',(0.,0.,1.));
#3652=DIRECTION('',(-1.,-2.89120579329468E-16,0.));
#3653=DIRECTION('',(3.61400724161833E-16,1.,0.));
#3654=DIRECTION('',(0.,0.,1.));
#3655=DIRECTION('',(3.36536354339501E-16,1.,0.));
#3656=DIRECTION('',(0.,1.91744768211303E-12,1.));
#3657=DIRECTION('',(4.37325246045072E-16,1.,0.));
#3658=DIRECTION('',(0.,-2.95523590456015E-16,-1.));
#3659=DIRECTION('',(-3.61400724161835E-16,-1.,0.));
#3660=DIRECTION('',(1.02622070277852E-17,-4.10488281111407E-17,1.));
#3661=DIRECTION('',(-4.37325246037461E-16,-1.,0.));
#3662=DIRECTION('',(-1.,1.93816633565338E-16,0.));
#3663=DIRECTION('',(-1.93855348440408E-16,-1.,0.));
#3664=DIRECTION('',(1.,0.,0.));
#3665=DIRECTION('',(1.,-2.89120579329468E-16,0.));
#3666=DIRECTION('',(-3.61400724161835E-16,-1.,0.));
#3667=DIRECTION('',(0.,0.,-1.));
#3668=DIRECTION('',(-5.04804531509251E-16,-1.,0.));
#3669=DIRECTION('',(0.,2.95523590456015E-16,1.));
#3670=DIRECTION('',(-1.,2.89120579329468E-16,0.));
#3671=DIRECTION('',(2.89120579329468E-16,1.,-2.95523590456015E-16));
#3672=DIRECTION('',(0.,-2.94902990916057E-16,-1.));
#3673=DIRECTION('',(-1.91728247035343E-12,1.,-1.91645641155534E-12));
#3674=DIRECTION('',(-1.,4.70433485010236E-13,0.));
#3675=DIRECTION('',(-4.30987199000448E-16,-1.,0.));
#3676=DIRECTION('',(1.,1.91754463272646E-12,0.));
#3677=DIRECTION('',(-2.79495472367921E-13,8.41078048958568E-16,1.));
#3678=DIRECTION('',(4.20670442924376E-16,1.,-8.39606162372775E-16));
#3679=DIRECTION('',(0.,1.91744768211303E-12,1.));
#3680=DIRECTION('',(-1.,-1.91754463272646E-12,0.));
#3681=DIRECTION('',(0.,1.,-1.48971778947123E-12));
#3682=DIRECTION('',(-1.,0.,0.));
#3683=DIRECTION('',(1.91728247035342E-12,-1.,1.91976064674767E-12));
#3684=DIRECTION('',(-1.,-1.30322514694795E-11,1.80935955773168E-15));
#3685=DIRECTION('',(2.78338255309615E-13,-1.31418445148177E-15,-1.));
#3686=DIRECTION('',(-4.20670442924376E-16,-1.,1.31405303305243E-15));
#3687=DIRECTION('',(0.,1.91552564107862E-12,1.));
#3688=DIRECTION('',(1.3241098003437E-11,-1.,9.57567358739197E-13));
#3689=DIRECTION('',(0.,9.57567358739198E-13,1.));
#3690=DIRECTION('',(3.50449187066249E-16,1.,0.));
#3691=DIRECTION('',(0.,1.91748025907972E-12,1.));
#3692=DIRECTION('',(-1.,-1.2783414330101E-12,0.));
#3693=DIRECTION('',(1.27834114821423E-12,-1.,0.));
#3694=DIRECTION('',(-1.,-4.17057378057152E-13,0.));
#3695=DIRECTION('',(0.,0.,-1.));
#3696=DIRECTION('',(-1.86036418516282E-13,-1.,9.58723841056515E-13));
#3697=DIRECTION('',(0.,9.58723551935936E-13,1.));
#3698=DIRECTION('',(-5.02259986033303E-16,-1.,0.));
#3699=DIRECTION('',(0.,0.,1.));
#3700=DIRECTION('',(1.,0.,0.));
#3701=DIRECTION('',(-2.891205793295E-15,0.,1.));
#3702=DIRECTION('',(1.,-4.40782362614095E-16,1.18419624008548E-31));
#3703=DIRECTION('',(0.,2.68882138776405E-16,1.));
#3704=DIRECTION('',(-6.86380352982922E-29,-1.,3.42661427353444E-15));
#3705=DIRECTION('',(2.02384405530627E-14,-5.78241158658935E-15,-0.999999999999999));
#3706=DIRECTION('',(0.,1.,0.));
#3707=DIRECTION('',(-1.,0.,0.));
#3708=DIRECTION('',(-1.67781864062493E-28,-1.,6.85322854706889E-15));
#3709=DIRECTION('',(2.45752492430049E-14,-1.15648231731788E-14,-1.));
#3710=DIRECTION('',(0.,-1.,0.));
#3711=DIRECTION('',(2.02384405530628E-14,0.,-1.));
#3712=DIRECTION('',(0.,1.,0.));
#3713=DIRECTION('',(0.,0.,-1.));
#3714=CARTESIAN_POINT('',(0.,0.,0.));
#3715=CARTESIAN_POINT('',(-1.27000000001093,1.6,39.96));
#3716=CARTESIAN_POINT('',(-1.27000000001092,1.6,39.66));
#3717=CARTESIAN_POINT('',(-1.59661529515249,1.60000000000001,40.29));
#3718=CARTESIAN_POINT('',(-1.27000000001093,6.4,39.96));
#3719=CARTESIAN_POINT('',(-1.27000000001092,6.4,39.66));
#3720=CARTESIAN_POINT('',(-1.27000000001093,16.,39.96));
#3721=CARTESIAN_POINT('',(1.26999999998907,1.6,39.96));
#3722=CARTESIAN_POINT('',(1.26999999998908,1.6,39.66));
#3723=CARTESIAN_POINT('',(0.943384704847512,1.60000000000001,40.29));
#3724=CARTESIAN_POINT('',(1.26999999998907,6.4,39.96));
#3725=CARTESIAN_POINT('',(1.26999999998908,6.4,39.66));
#3726=CARTESIAN_POINT('',(1.26999999998907,16.,39.96));
#3727=CARTESIAN_POINT('',(1.26999999998907,16.,39.96));
#3728=CARTESIAN_POINT('',(1.26999999998908,16.,39.66));
#3729=CARTESIAN_POINT('',(1.59661529513063,16.,40.29));
#3730=CARTESIAN_POINT('',(-1.27000000001093,16.,39.96));
#3731=CARTESIAN_POINT('',(-1.27000000001092,16.,39.66));
#3732=CARTESIAN_POINT('',(-0.943384704869367,16.,40.29));
#3733=CARTESIAN_POINT('',(-1.27000000001093,10.6,39.96));
#3734=CARTESIAN_POINT('',(-1.27000000001092,10.6,39.66));
#3735=CARTESIAN_POINT('',(-1.27000000001093,16.,39.96));
#3736=CARTESIAN_POINT('',(1.26999999998907,10.6,39.96));
#3737=CARTESIAN_POINT('',(1.26999999998908,10.6,39.66));
#3738=CARTESIAN_POINT('',(1.26999999998907,16.,39.96));
#3739=CARTESIAN_POINT('',(-1.27000000001093,1.6,37.42));
#3740=CARTESIAN_POINT('',(-1.27000000001092,1.6,37.12));
#3741=CARTESIAN_POINT('',(-1.59661529515249,1.60000000000001,37.75));
#3742=CARTESIAN_POINT('',(-1.27000000001093,6.4,37.42));
#3743=CARTESIAN_POINT('',(-1.27000000001092,6.4,37.12));
#3744=CARTESIAN_POINT('',(-1.27000000001093,16.,37.42));
#3745=CARTESIAN_POINT('',(1.26999999998907,1.6,37.42));
#3746=CARTESIAN_POINT('',(1.26999999998908,1.6,37.12));
#3747=CARTESIAN_POINT('',(0.943384704847512,1.60000000000001,37.75));
#3748=CARTESIAN_POINT('',(1.26999999998907,6.4,37.42));
#3749=CARTESIAN_POINT('',(1.26999999998908,6.4,37.12));
#3750=CARTESIAN_POINT('',(1.26999999998907,16.,37.42));
#3751=CARTESIAN_POINT('',(1.26999999998907,16.,37.42));
#3752=CARTESIAN_POINT('',(1.26999999998908,16.,37.12));
#3753=CARTESIAN_POINT('',(1.59661529513063,16.,37.75));
#3754=CARTESIAN_POINT('',(-1.27000000001093,16.,37.42));
#3755=CARTESIAN_POINT('',(-1.27000000001092,16.,37.12));
#3756=CARTESIAN_POINT('',(-0.943384704869367,16.,37.75));
#3757=CARTESIAN_POINT('',(-1.27000000001093,10.6,37.42));
#3758=CARTESIAN_POINT('',(-1.27000000001092,10.6,37.12));
#3759=CARTESIAN_POINT('',(-1.27000000001093,16.,37.42));
#3760=CARTESIAN_POINT('',(1.26999999998907,10.6,37.42));
#3761=CARTESIAN_POINT('',(1.26999999998908,10.6,37.12));
#3762=CARTESIAN_POINT('',(1.26999999998907,16.,37.42));
#3763=CARTESIAN_POINT('',(-1.27000000001093,1.6,34.88));
#3764=CARTESIAN_POINT('',(-1.27000000001092,1.6,34.58));
#3765=CARTESIAN_POINT('',(-1.59661529515249,1.60000000000001,35.21));
#3766=CARTESIAN_POINT('',(-1.27000000001093,6.4,34.88));
#3767=CARTESIAN_POINT('',(-1.27000000001092,6.4,34.58));
#3768=CARTESIAN_POINT('',(-1.27000000001093,16.,34.88));
#3769=CARTESIAN_POINT('',(1.26999999998907,1.6,34.88));
#3770=CARTESIAN_POINT('',(1.26999999998908,1.6,34.58));
#3771=CARTESIAN_POINT('',(0.943384704847512,1.60000000000001,35.21));
#3772=CARTESIAN_POINT('',(1.26999999998907,6.4,34.88));
#3773=CARTESIAN_POINT('',(1.26999999998908,6.4,34.58));
#3774=CARTESIAN_POINT('',(1.26999999998907,16.,34.88));
#3775=CARTESIAN_POINT('',(1.26999999998907,16.,34.88));
#3776=CARTESIAN_POINT('',(1.26999999998908,16.,34.58));
#3777=CARTESIAN_POINT('',(1.59661529513063,16.,35.21));
#3778=CARTESIAN_POINT('',(-1.27000000001093,16.,34.88));
#3779=CARTESIAN_POINT('',(-1.27000000001092,16.,34.58));
#3780=CARTESIAN_POINT('',(-0.943384704869367,16.,35.21));
#3781=CARTESIAN_POINT('',(-1.27000000001093,10.6,34.88));
#3782=CARTESIAN_POINT('',(-1.27000000001092,10.6,34.58));
#3783=CARTESIAN_POINT('',(-1.27000000001093,16.,34.88));
#3784=CARTESIAN_POINT('',(1.26999999998907,10.6,34.88));
#3785=CARTESIAN_POINT('',(1.26999999998908,10.6,34.58));
#3786=CARTESIAN_POINT('',(1.26999999998907,16.,34.88));
#3787=CARTESIAN_POINT('',(-1.27000000001093,1.6,32.34));
#3788=CARTESIAN_POINT('',(-1.27000000001092,1.6,32.04));
#3789=CARTESIAN_POINT('',(-1.59661529515249,1.60000000000001,32.67));
#3790=CARTESIAN_POINT('',(-1.27000000001093,6.4,32.34));
#3791=CARTESIAN_POINT('',(-1.27000000001092,6.4,32.04));
#3792=CARTESIAN_POINT('',(-1.27000000001093,16.,32.34));
#3793=CARTESIAN_POINT('',(1.26999999998907,1.6,32.34));
#3794=CARTESIAN_POINT('',(1.26999999998908,1.6,32.04));
#3795=CARTESIAN_POINT('',(0.943384704847512,1.60000000000001,32.67));
#3796=CARTESIAN_POINT('',(1.26999999998907,6.4,32.34));
#3797=CARTESIAN_POINT('',(1.26999999998908,6.4,32.04));
#3798=CARTESIAN_POINT('',(1.26999999998907,16.,32.34));
#3799=CARTESIAN_POINT('',(1.26999999998907,16.,32.34));
#3800=CARTESIAN_POINT('',(1.26999999998908,16.,32.04));
#3801=CARTESIAN_POINT('',(1.59661529513063,16.,32.67));
#3802=CARTESIAN_POINT('',(-1.27000000001093,16.,32.34));
#3803=CARTESIAN_POINT('',(-1.27000000001092,16.,32.04));
#3804=CARTESIAN_POINT('',(-0.943384704869367,16.,32.67));
#3805=CARTESIAN_POINT('',(-1.27000000001093,10.6,32.34));
#3806=CARTESIAN_POINT('',(-1.27000000001092,10.6,32.04));
#3807=CARTESIAN_POINT('',(-1.27000000001093,16.,32.34));
#3808=CARTESIAN_POINT('',(1.26999999998907,10.6,32.34));
#3809=CARTESIAN_POINT('',(1.26999999998908,10.6,32.04));
#3810=CARTESIAN_POINT('',(1.26999999998907,16.,32.34));
#3811=CARTESIAN_POINT('',(-1.27000000001093,1.6,29.8));
#3812=CARTESIAN_POINT('',(-1.27000000001092,1.6,29.5));
#3813=CARTESIAN_POINT('',(-1.59661529515249,1.60000000000001,30.13));
#3814=CARTESIAN_POINT('',(-1.27000000001093,6.4,29.8));
#3815=CARTESIAN_POINT('',(-1.27000000001092,6.4,29.5));
#3816=CARTESIAN_POINT('',(-1.27000000001093,16.,29.8));
#3817=CARTESIAN_POINT('',(1.26999999998907,1.6,29.8));
#3818=CARTESIAN_POINT('',(1.26999999998908,1.6,29.5));
#3819=CARTESIAN_POINT('',(0.943384704847512,1.60000000000001,30.13));
#3820=CARTESIAN_POINT('',(1.26999999998907,6.4,29.8));
#3821=CARTESIAN_POINT('',(1.26999999998908,6.4,29.5));
#3822=CARTESIAN_POINT('',(1.26999999998907,16.,29.8));
#3823=CARTESIAN_POINT('',(1.26999999998907,16.,29.8));
#3824=CARTESIAN_POINT('',(1.26999999998908,16.,29.5));
#3825=CARTESIAN_POINT('',(1.59661529513063,16.,30.13));
#3826=CARTESIAN_POINT('',(-1.27000000001093,16.,29.8));
#3827=CARTESIAN_POINT('',(-1.27000000001092,16.,29.5));
#3828=CARTESIAN_POINT('',(-0.943384704869367,16.,30.13));
#3829=CARTESIAN_POINT('',(-1.27000000001093,10.6,29.8));
#3830=CARTESIAN_POINT('',(-1.27000000001092,10.6,29.5));
#3831=CARTESIAN_POINT('',(-1.27000000001093,16.,29.8));
#3832=CARTESIAN_POINT('',(1.26999999998907,10.6,29.8));
#3833=CARTESIAN_POINT('',(1.26999999998908,10.6,29.5));
#3834=CARTESIAN_POINT('',(1.26999999998907,16.,29.8));
#3835=CARTESIAN_POINT('',(-1.27000000001093,1.6,27.26));
#3836=CARTESIAN_POINT('',(-1.27000000001092,1.6,26.96));
#3837=CARTESIAN_POINT('',(-1.59661529515249,1.60000000000001,27.59));
#3838=CARTESIAN_POINT('',(-1.27000000001093,6.4,27.26));
#3839=CARTESIAN_POINT('',(-1.27000000001092,6.4,26.96));
#3840=CARTESIAN_POINT('',(-1.27000000001093,16.,27.26));
#3841=CARTESIAN_POINT('',(1.26999999998907,1.6,27.26));
#3842=CARTESIAN_POINT('',(1.26999999998908,1.6,26.96));
#3843=CARTESIAN_POINT('',(0.943384704847512,1.60000000000001,27.59));
#3844=CARTESIAN_POINT('',(1.26999999998907,6.4,27.26));
#3845=CARTESIAN_POINT('',(1.26999999998908,6.4,26.96));
#3846=CARTESIAN_POINT('',(1.26999999998907,16.,27.26));
#3847=CARTESIAN_POINT('',(1.26999999998907,16.,27.26));
#3848=CARTESIAN_POINT('',(1.26999999998908,16.,26.96));
#3849=CARTESIAN_POINT('',(1.59661529513063,16.,27.59));
#3850=CARTESIAN_POINT('',(-1.27000000001093,16.,27.26));
#3851=CARTESIAN_POINT('',(-1.27000000001092,16.,26.96));
#3852=CARTESIAN_POINT('',(-0.943384704869367,16.,27.59));
#3853=CARTESIAN_POINT('',(-1.27000000001093,10.6,27.26));
#3854=CARTESIAN_POINT('',(-1.27000000001092,10.6,26.96));
#3855=CARTESIAN_POINT('',(-1.27000000001093,16.,27.26));
#3856=CARTESIAN_POINT('',(1.26999999998907,10.6,27.26));
#3857=CARTESIAN_POINT('',(1.26999999998908,10.6,26.96));
#3858=CARTESIAN_POINT('',(1.26999999998907,16.,27.26));
#3859=CARTESIAN_POINT('',(-1.27000000001093,1.6,24.72));
#3860=CARTESIAN_POINT('',(-1.27000000001092,1.6,24.42));
#3861=CARTESIAN_POINT('',(-1.59661529515249,1.60000000000001,25.05));
#3862=CARTESIAN_POINT('',(-1.27000000001093,6.4,24.72));
#3863=CARTESIAN_POINT('',(-1.27000000001092,6.4,24.42));
#3864=CARTESIAN_POINT('',(-1.27000000001093,16.,24.72));
#3865=CARTESIAN_POINT('',(1.26999999998907,1.6,24.72));
#3866=CARTESIAN_POINT('',(1.26999999998908,1.6,24.42));
#3867=CARTESIAN_POINT('',(0.943384704847512,1.60000000000001,25.05));
#3868=CARTESIAN_POINT('',(1.26999999998907,6.4,24.72));
#3869=CARTESIAN_POINT('',(1.26999999998908,6.4,24.42));
#3870=CARTESIAN_POINT('',(1.26999999998907,16.,24.72));
#3871=CARTESIAN_POINT('',(1.26999999998907,16.,24.72));
#3872=CARTESIAN_POINT('',(1.26999999998908,16.,24.42));
#3873=CARTESIAN_POINT('',(1.59661529513063,16.,25.05));
#3874=CARTESIAN_POINT('',(-1.27000000001093,16.,24.72));
#3875=CARTESIAN_POINT('',(-1.27000000001092,16.,24.42));
#3876=CARTESIAN_POINT('',(-0.943384704869367,16.,25.05));
#3877=CARTESIAN_POINT('',(-1.27000000001093,10.6,24.72));
#3878=CARTESIAN_POINT('',(-1.27000000001092,10.6,24.42));
#3879=CARTESIAN_POINT('',(-1.27000000001093,16.,24.72));
#3880=CARTESIAN_POINT('',(1.26999999998907,10.6,24.72));
#3881=CARTESIAN_POINT('',(1.26999999998908,10.6,24.42));
#3882=CARTESIAN_POINT('',(1.26999999998907,16.,24.72));
#3883=CARTESIAN_POINT('',(-1.27000000001093,1.6,22.18));
#3884=CARTESIAN_POINT('',(-1.27000000001092,1.6,21.88));
#3885=CARTESIAN_POINT('',(-1.59661529515249,1.60000000000001,22.51));
#3886=CARTESIAN_POINT('',(-1.27000000001093,6.4,22.18));
#3887=CARTESIAN_POINT('',(-1.27000000001092,6.4,21.88));
#3888=CARTESIAN_POINT('',(-1.27000000001093,16.,22.18));
#3889=CARTESIAN_POINT('',(1.26999999998907,1.6,22.18));
#3890=CARTESIAN_POINT('',(1.26999999998908,1.6,21.88));
#3891=CARTESIAN_POINT('',(0.943384704847512,1.60000000000001,22.51));
#3892=CARTESIAN_POINT('',(1.26999999998907,6.4,22.18));
#3893=CARTESIAN_POINT('',(1.26999999998908,6.4,21.88));
#3894=CARTESIAN_POINT('',(1.26999999998907,16.,22.18));
#3895=CARTESIAN_POINT('',(1.26999999998907,16.,22.18));
#3896=CARTESIAN_POINT('',(1.26999999998908,16.,21.88));
#3897=CARTESIAN_POINT('',(1.59661529513063,16.,22.51));
#3898=CARTESIAN_POINT('',(-1.27000000001093,16.,22.18));
#3899=CARTESIAN_POINT('',(-1.27000000001092,16.,21.88));
#3900=CARTESIAN_POINT('',(-0.943384704869367,16.,22.51));
#3901=CARTESIAN_POINT('',(-1.27000000001093,10.6,22.18));
#3902=CARTESIAN_POINT('',(-1.27000000001092,10.6,21.88));
#3903=CARTESIAN_POINT('',(-1.27000000001093,16.,22.18));
#3904=CARTESIAN_POINT('',(1.26999999998907,10.6,22.18));
#3905=CARTESIAN_POINT('',(1.26999999998908,10.6,21.88));
#3906=CARTESIAN_POINT('',(1.26999999998907,16.,22.18));
#3907=CARTESIAN_POINT('',(-1.27000000001093,1.6,19.64));
#3908=CARTESIAN_POINT('',(-1.27000000001092,1.6,19.34));
#3909=CARTESIAN_POINT('',(-1.59661529515249,1.60000000000001,19.97));
#3910=CARTESIAN_POINT('',(-1.27000000001093,6.4,19.64));
#3911=CARTESIAN_POINT('',(-1.27000000001092,6.4,19.34));
#3912=CARTESIAN_POINT('',(-1.27000000001093,16.,19.64));
#3913=CARTESIAN_POINT('',(1.26999999998907,1.6,19.64));
#3914=CARTESIAN_POINT('',(1.26999999998908,1.6,19.34));
#3915=CARTESIAN_POINT('',(0.943384704847512,1.60000000000001,19.97));
#3916=CARTESIAN_POINT('',(1.26999999998907,6.4,19.64));
#3917=CARTESIAN_POINT('',(1.26999999998908,6.4,19.34));
#3918=CARTESIAN_POINT('',(1.26999999998907,16.,19.64));
#3919=CARTESIAN_POINT('',(1.26999999998907,16.,19.64));
#3920=CARTESIAN_POINT('',(1.26999999998908,16.,19.34));
#3921=CARTESIAN_POINT('',(1.59661529513063,16.,19.97));
#3922=CARTESIAN_POINT('',(-1.27000000001093,16.,19.64));
#3923=CARTESIAN_POINT('',(-1.27000000001092,16.,19.34));
#3924=CARTESIAN_POINT('',(-0.943384704869367,16.,19.97));
#3925=CARTESIAN_POINT('',(-1.27000000001093,10.6,19.64));
#3926=CARTESIAN_POINT('',(-1.27000000001092,10.6,19.34));
#3927=CARTESIAN_POINT('',(-1.27000000001093,16.,19.64));
#3928=CARTESIAN_POINT('',(1.26999999998907,10.6,19.64));
#3929=CARTESIAN_POINT('',(1.26999999998908,10.6,19.34));
#3930=CARTESIAN_POINT('',(1.26999999998907,16.,19.64));
#3931=CARTESIAN_POINT('',(-1.27000000001093,1.6,17.1));
#3932=CARTESIAN_POINT('',(-1.27000000001092,1.6,16.8));
#3933=CARTESIAN_POINT('',(-1.59661529515249,1.60000000000001,17.43));
#3934=CARTESIAN_POINT('',(-1.27000000001093,6.4,17.1));
#3935=CARTESIAN_POINT('',(-1.27000000001092,6.4,16.8));
#3936=CARTESIAN_POINT('',(-1.27000000001093,16.,17.1));
#3937=CARTESIAN_POINT('',(1.26999999998907,1.6,17.1));
#3938=CARTESIAN_POINT('',(1.26999999998908,1.6,16.8));
#3939=CARTESIAN_POINT('',(0.943384704847512,1.60000000000001,17.43));
#3940=CARTESIAN_POINT('',(1.26999999998907,6.4,17.1));
#3941=CARTESIAN_POINT('',(1.26999999998908,6.4,16.8));
#3942=CARTESIAN_POINT('',(1.26999999998907,16.,17.1));
#3943=CARTESIAN_POINT('',(1.26999999998907,16.,17.1));
#3944=CARTESIAN_POINT('',(1.26999999998908,16.,16.8));
#3945=CARTESIAN_POINT('',(1.59661529513063,16.,17.43));
#3946=CARTESIAN_POINT('',(-1.27000000001093,16.,17.1));
#3947=CARTESIAN_POINT('',(-1.27000000001092,16.,16.8));
#3948=CARTESIAN_POINT('',(-0.943384704869367,16.,17.43));
#3949=CARTESIAN_POINT('',(-1.27000000001093,10.6,17.1));
#3950=CARTESIAN_POINT('',(-1.27000000001092,10.6,16.8));
#3951=CARTESIAN_POINT('',(-1.27000000001093,16.,17.1));
#3952=CARTESIAN_POINT('',(1.26999999998907,10.6,17.1));
#3953=CARTESIAN_POINT('',(1.26999999998908,10.6,16.8));
#3954=CARTESIAN_POINT('',(1.26999999998907,16.,17.1));
#3955=CARTESIAN_POINT('',(-1.27000000001093,1.6,14.56));
#3956=CARTESIAN_POINT('',(-1.27000000001092,1.6,14.26));
#3957=CARTESIAN_POINT('',(-1.59661529515249,1.60000000000001,14.89));
#3958=CARTESIAN_POINT('',(-1.27000000001093,6.4,14.56));
#3959=CARTESIAN_POINT('',(-1.27000000001092,6.4,14.26));
#3960=CARTESIAN_POINT('',(-1.27000000001093,16.,14.56));
#3961=CARTESIAN_POINT('',(1.26999999998907,1.6,14.56));
#3962=CARTESIAN_POINT('',(1.26999999998908,1.6,14.26));
#3963=CARTESIAN_POINT('',(0.943384704847512,1.60000000000001,14.89));
#3964=CARTESIAN_POINT('',(1.26999999998907,6.4,14.56));
#3965=CARTESIAN_POINT('',(1.26999999998908,6.4,14.26));
#3966=CARTESIAN_POINT('',(1.26999999998907,16.,14.56));
#3967=CARTESIAN_POINT('',(1.26999999998907,16.,14.56));
#3968=CARTESIAN_POINT('',(1.26999999998908,16.,14.26));
#3969=CARTESIAN_POINT('',(1.59661529513063,16.,14.89));
#3970=CARTESIAN_POINT('',(-1.27000000001093,16.,14.56));
#3971=CARTESIAN_POINT('',(-1.27000000001092,16.,14.26));
#3972=CARTESIAN_POINT('',(-0.943384704869367,16.,14.89));
#3973=CARTESIAN_POINT('',(-1.27000000001093,10.6,14.56));
#3974=CARTESIAN_POINT('',(-1.27000000001092,10.6,14.26));
#3975=CARTESIAN_POINT('',(-1.27000000001093,16.,14.56));
#3976=CARTESIAN_POINT('',(1.26999999998907,10.6,14.56));
#3977=CARTESIAN_POINT('',(1.26999999998908,10.6,14.26));
#3978=CARTESIAN_POINT('',(1.26999999998907,16.,14.56));
#3979=CARTESIAN_POINT('',(-1.27000000001093,1.6,12.02));
#3980=CARTESIAN_POINT('',(-1.27000000001092,1.6,11.72));
#3981=CARTESIAN_POINT('',(-1.59661529515249,1.60000000000001,12.35));
#3982=CARTESIAN_POINT('',(-1.27000000001093,6.4,12.02));
#3983=CARTESIAN_POINT('',(-1.27000000001092,6.4,11.72));
#3984=CARTESIAN_POINT('',(-1.27000000001093,16.,12.02));
#3985=CARTESIAN_POINT('',(1.26999999998907,1.6,12.02));
#3986=CARTESIAN_POINT('',(1.26999999998908,1.6,11.72));
#3987=CARTESIAN_POINT('',(0.943384704847512,1.60000000000001,12.35));
#3988=CARTESIAN_POINT('',(1.26999999998907,6.4,12.02));
#3989=CARTESIAN_POINT('',(1.26999999998908,6.4,11.72));
#3990=CARTESIAN_POINT('',(1.26999999998907,16.,12.02));
#3991=CARTESIAN_POINT('',(1.26999999998907,16.,12.02));
#3992=CARTESIAN_POINT('',(1.26999999998908,16.,11.72));
#3993=CARTESIAN_POINT('',(1.59661529513063,16.,12.35));
#3994=CARTESIAN_POINT('',(-1.27000000001093,16.,12.02));
#3995=CARTESIAN_POINT('',(-1.27000000001092,16.,11.72));
#3996=CARTESIAN_POINT('',(-0.943384704869367,16.,12.35));
#3997=CARTESIAN_POINT('',(-1.27000000001093,10.6,12.02));
#3998=CARTESIAN_POINT('',(-1.27000000001092,10.6,11.72));
#3999=CARTESIAN_POINT('',(-1.27000000001093,16.,12.02));
#4000=CARTESIAN_POINT('',(1.26999999998907,10.6,12.02));
#4001=CARTESIAN_POINT('',(1.26999999998908,10.6,11.72));
#4002=CARTESIAN_POINT('',(1.26999999998907,16.,12.02));
#4003=CARTESIAN_POINT('',(-1.27000000001093,1.6,9.47999999999999));
#4004=CARTESIAN_POINT('',(-1.27000000001092,1.6,9.17999999999999));
#4005=CARTESIAN_POINT('',(-1.59661529515249,1.60000000000001,9.80999999999999));
#4006=CARTESIAN_POINT('',(-1.27000000001093,6.4,9.47999999999999));
#4007=CARTESIAN_POINT('',(-1.27000000001092,6.4,9.17999999999999));
#4008=CARTESIAN_POINT('',(-1.27000000001093,16.,9.47999999999999));
#4009=CARTESIAN_POINT('',(1.26999999998907,1.6,9.47999999999999));
#4010=CARTESIAN_POINT('',(1.26999999998908,1.6,9.17999999999999));
#4011=CARTESIAN_POINT('',(0.943384704847512,1.60000000000001,9.80999999999999));
#4012=CARTESIAN_POINT('',(1.26999999998907,6.4,9.47999999999999));
#4013=CARTESIAN_POINT('',(1.26999999998908,6.4,9.17999999999999));
#4014=CARTESIAN_POINT('',(1.26999999998907,16.,9.47999999999999));
#4015=CARTESIAN_POINT('',(1.26999999998907,16.,9.47999999999999));
#4016=CARTESIAN_POINT('',(1.26999999998908,16.,9.17999999999999));
#4017=CARTESIAN_POINT('',(1.59661529513063,16.,9.80999999999998));
#4018=CARTESIAN_POINT('',(-1.27000000001093,16.,9.47999999999999));
#4019=CARTESIAN_POINT('',(-1.27000000001092,16.,9.17999999999999));
#4020=CARTESIAN_POINT('',(-0.943384704869367,16.,9.80999999999998));
#4021=CARTESIAN_POINT('',(-1.27000000001093,10.6,9.47999999999999));
#4022=CARTESIAN_POINT('',(-1.27000000001092,10.6,9.17999999999999));
#4023=CARTESIAN_POINT('',(-1.27000000001093,16.,9.47999999999999));
#4024=CARTESIAN_POINT('',(1.26999999998907,10.6,9.47999999999999));
#4025=CARTESIAN_POINT('',(1.26999999998908,10.6,9.17999999999999));
#4026=CARTESIAN_POINT('',(1.26999999998907,16.,9.47999999999999));
#4027=CARTESIAN_POINT('',(-1.27000000001093,1.6,6.93999999999999));
#4028=CARTESIAN_POINT('',(-1.27000000001092,1.6,6.63999999999999));
#4029=CARTESIAN_POINT('',(-1.59661529515249,1.60000000000001,7.26999999999999));
#4030=CARTESIAN_POINT('',(-1.27000000001093,6.4,6.93999999999999));
#4031=CARTESIAN_POINT('',(-1.27000000001092,6.4,6.63999999999999));
#4032=CARTESIAN_POINT('',(-1.27000000001093,16.,6.93999999999999));
#4033=CARTESIAN_POINT('',(1.26999999998907,1.6,6.93999999999999));
#4034=CARTESIAN_POINT('',(1.26999999998908,1.6,6.63999999999999));
#4035=CARTESIAN_POINT('',(0.943384704847512,1.60000000000001,7.26999999999999));
#4036=CARTESIAN_POINT('',(1.26999999998907,6.4,6.93999999999999));
#4037=CARTESIAN_POINT('',(1.26999999998908,6.4,6.63999999999999));
#4038=CARTESIAN_POINT('',(1.26999999998907,16.,6.93999999999999));
#4039=CARTESIAN_POINT('',(1.26999999998907,16.,6.93999999999999));
#4040=CARTESIAN_POINT('',(1.26999999998908,16.,6.63999999999999));
#4041=CARTESIAN_POINT('',(1.59661529513063,16.,7.26999999999998));
#4042=CARTESIAN_POINT('',(-1.27000000001093,16.,6.93999999999999));
#4043=CARTESIAN_POINT('',(-1.27000000001092,16.,6.63999999999999));
#4044=CARTESIAN_POINT('',(-0.943384704869367,16.,7.26999999999998));
#4045=CARTESIAN_POINT('',(-1.27000000001093,10.6,6.93999999999999));
#4046=CARTESIAN_POINT('',(-1.27000000001092,10.6,6.63999999999999));
#4047=CARTESIAN_POINT('',(-1.27000000001093,16.,6.93999999999999));
#4048=CARTESIAN_POINT('',(1.26999999998907,10.6,6.93999999999999));
#4049=CARTESIAN_POINT('',(1.26999999998908,10.6,6.63999999999999));
#4050=CARTESIAN_POINT('',(1.26999999998907,16.,6.93999999999999));
#4051=CARTESIAN_POINT('',(1.26999999998908,16.,42.5));
#4052=CARTESIAN_POINT('',(1.26999999998908,16.,42.2));
#4053=CARTESIAN_POINT('',(1.59661529513063,16.,42.83));
#4054=CARTESIAN_POINT('',(1.26999999998908,10.6,42.5));
#4055=CARTESIAN_POINT('',(1.26999999998908,10.6,42.2));
#4056=CARTESIAN_POINT('',(1.26999999998908,16.,42.5));
#4057=CARTESIAN_POINT('',(-1.27000000001093,16.,4.39999999999999));
#4058=CARTESIAN_POINT('',(-1.27000000001092,16.,4.09999999999999));
#4059=CARTESIAN_POINT('',(-0.943384704869367,16.,4.72999999999998));
#4060=CARTESIAN_POINT('',(-1.27000000001093,10.6,4.39999999999999));
#4061=CARTESIAN_POINT('',(-1.27000000001092,10.6,4.09999999999999));
#4062=CARTESIAN_POINT('',(-1.27000000001093,16.,4.39999999999999));
#4063=CARTESIAN_POINT('',(-1.27000000001092,16.,42.5));
#4064=CARTESIAN_POINT('',(-1.27000000001092,16.,42.2));
#4065=CARTESIAN_POINT('',(-0.943384704869367,16.,42.83));
#4066=CARTESIAN_POINT('',(-1.27000000001091,10.6,42.5));
#4067=CARTESIAN_POINT('',(-1.27000000001092,10.6,42.2));
#4068=CARTESIAN_POINT('',(-1.27000000001092,16.,42.5));
#4069=CARTESIAN_POINT('',(-2.58,10.1,47.58));
#4070=CARTESIAN_POINT('',(-2.58,10.1,48.83));
#4071=CARTESIAN_POINT('',(3.42,10.1,47.58));
#4072=CARTESIAN_POINT('',(3.42,10.1,48.83));
#4073=CARTESIAN_POINT('',(-2.58,10.1,47.58));
#4074=CARTESIAN_POINT('',(-2.58,10.1,-0.679999999999998));
#4075=CARTESIAN_POINT('',(-2.58,10.1,0.570000000000001));
#4076=CARTESIAN_POINT('',(3.42,10.1,-0.68));
#4077=CARTESIAN_POINT('',(3.42,10.1,0.570000000000001));
#4078=CARTESIAN_POINT('',(-2.58,10.1,-0.679999999999997));
#4079=CARTESIAN_POINT('',(3.42,13.,-3.55));
#4080=CARTESIAN_POINT('',(3.42,13.,-3.55));
#4081=CARTESIAN_POINT('',(3.42,13.,2.32));
#4082=CARTESIAN_POINT('',(3.42,13.,-3.55));
#4083=CARTESIAN_POINT('',(-2.58,13.,-3.55));
#4084=CARTESIAN_POINT('',(-2.58,13.,2.32));
#4085=CARTESIAN_POINT('',(-2.58,13.,2.32));
#4086=CARTESIAN_POINT('',(3.42,13.,2.32));
#4087=CARTESIAN_POINT('',(3.42,13.,2.32));
#4088=CARTESIAN_POINT('',(1.26999999998907,1.6,4.39999999999999));
#4089=CARTESIAN_POINT('',(1.26999999998908,1.6,4.09999999999999));
#4090=CARTESIAN_POINT('',(0.943384704847512,1.60000000000001,4.72999999999999));
#4091=CARTESIAN_POINT('',(1.26999999998907,6.4,4.39999999999999));
#4092=CARTESIAN_POINT('',(1.26999999998908,6.4,4.09999999999999));
#4093=CARTESIAN_POINT('',(1.26999999998907,16.,4.39999999999999));
#4094=CARTESIAN_POINT('',(1.26999999998907,1.6,42.5));
#4095=CARTESIAN_POINT('',(1.26999999998908,1.6,42.2));
#4096=CARTESIAN_POINT('',(0.943384704847512,1.60000000000001,42.83));
#4097=CARTESIAN_POINT('',(1.26999999998908,6.4,42.5));
#4098=CARTESIAN_POINT('',(1.26999999998908,6.4,42.2));
#4099=CARTESIAN_POINT('',(1.26999999998908,16.,42.5));
#4100=CARTESIAN_POINT('',(-1.27000000001093,1.6,4.39999999999999));
#4101=CARTESIAN_POINT('',(-1.27000000001092,1.6,4.09999999999999));
#4102=CARTESIAN_POINT('',(-1.59661529515249,1.60000000000001,4.72999999999999));
#4103=CARTESIAN_POINT('',(-1.27000000001093,6.4,4.39999999999999));
#4104=CARTESIAN_POINT('',(-1.27000000001092,6.4,4.09999999999999));
#4105=CARTESIAN_POINT('',(-1.27000000001093,16.,4.39999999999999));
#4106=CARTESIAN_POINT('',(-1.27000000001093,1.6,42.5));
#4107=CARTESIAN_POINT('',(-1.27000000001092,1.6,42.2));
#4108=CARTESIAN_POINT('',(-1.59661529515249,1.60000000000001,42.83));
#4109=CARTESIAN_POINT('',(-1.27000000001091,6.4,42.5));
#4110=CARTESIAN_POINT('',(-1.27000000001092,6.4,42.2));
#4111=CARTESIAN_POINT('',(-1.27000000001092,16.,42.5));
#4112=CARTESIAN_POINT('',(3.09999999999998,5.9,2.09999999999997));
#4113=CARTESIAN_POINT('',(3.09999999999998,5.9,2.09999999999997));
#4114=CARTESIAN_POINT('',(2.59999999999998,6.4,2.59999999999998));
#4115=CARTESIAN_POINT('',(3.09999999999998,5.9,2.09999999999997));
#4116=CARTESIAN_POINT('',(3.09999999999998,5.9,44.8));
#4117=CARTESIAN_POINT('',(3.09999999999998,5.9,44.8));
#4118=CARTESIAN_POINT('',(2.59999999999998,6.4,44.3));
#4119=CARTESIAN_POINT('',(2.59999999999998,6.4,44.3));
#4120=CARTESIAN_POINT('',(3.09999999999998,5.9,2.09999999999997));
#4121=CARTESIAN_POINT('',(0.700000000012441,5.9,44.8));
#4122=CARTESIAN_POINT('',(0.700000000012441,5.9,44.8));
#4123=CARTESIAN_POINT('',(0.700000000012441,0.65,44.8));
#4124=CARTESIAN_POINT('',(3.09999999999998,5.9,44.8));
#4125=CARTESIAN_POINT('',(3.09999999999998,0.65,44.8));
#4126=CARTESIAN_POINT('',(3.09999999999998,0.65,44.8));
#4127=CARTESIAN_POINT('',(0.700000000012441,0.65,44.8));
#4128=CARTESIAN_POINT('',(3.33999999999874,6.4,44.8));
#4129=CARTESIAN_POINT('',(3.09999999999998,5.9,2.09999999999997));
#4130=CARTESIAN_POINT('',(3.09999999999998,0.65,2.09999999999997));
#4131=CARTESIAN_POINT('',(3.09999999999998,0.65,44.8));
#4132=CARTESIAN_POINT('',(3.09999999999998,6.4,-0.141750000000028));
#4133=CARTESIAN_POINT('',(0.700000000012442,5.9,2.09999999999999));
#4134=CARTESIAN_POINT('',(0.700000000012442,5.9,2.09999999999999));
#4135=CARTESIAN_POINT('',(0.700000000012442,5.9,2.09999999999999));
#4136=CARTESIAN_POINT('',(0.700000000012442,0.650000000000001,2.09999999999999));
#4137=CARTESIAN_POINT('',(3.09999999999998,0.65,2.09999999999997));
#4138=CARTESIAN_POINT('',(0.460000000013688,6.4,2.09999999999999));
#4139=CARTESIAN_POINT('',(0.700000000012443,5.9,1.15));
#4140=CARTESIAN_POINT('',(0.700000000012443,5.9,1.15));
#4141=CARTESIAN_POINT('',(0.700000000012443,5.9,1.15));
#4142=CARTESIAN_POINT('',(0.700000000012443,0.65,1.15));
#4143=CARTESIAN_POINT('',(0.700000000012443,0.65,2.09999999999999));
#4144=CARTESIAN_POINT('',(0.700000000012442,6.4,1.055));
#4145=CARTESIAN_POINT('',(0.700000000012441,5.9,45.75));
#4146=CARTESIAN_POINT('',(0.700000000012441,5.9,45.75));
#4147=CARTESIAN_POINT('',(0.200000000012441,6.4,45.25));
#4148=CARTESIAN_POINT('',(0.700000000012441,5.9,45.75));
#4149=CARTESIAN_POINT('',(-3.10000000000002,5.9,45.75));
#4150=CARTESIAN_POINT('',(-3.10000000000002,5.9,45.75));
#4151=CARTESIAN_POINT('',(-2.60000000000002,6.4,45.25));
#4152=CARTESIAN_POINT('',(-2.60000000000002,6.4,45.25));
#4153=CARTESIAN_POINT('',(0.700000000012441,5.9,45.75));
#4154=CARTESIAN_POINT('',(-3.10000000000002,5.9,45.75));
#4155=CARTESIAN_POINT('',(-3.10000000000002,5.9,1.15));
#4156=CARTESIAN_POINT('',(-3.10000000000001,5.9,1.15));
#4157=CARTESIAN_POINT('',(-2.60000000000002,6.4,1.65));
#4158=CARTESIAN_POINT('',(-2.60000000000002,6.4,1.65));
#4159=CARTESIAN_POINT('',(-3.10000000000002,5.9,45.75));
#4160=CARTESIAN_POINT('',(-3.10000000000001,5.9,1.15));
#4161=CARTESIAN_POINT('',(0.700000000012443,5.9,1.15));
#4162=CARTESIAN_POINT('',(0.200000000012443,6.4,1.65));
#4163=CARTESIAN_POINT('',(0.200000000012443,6.4,1.65));
#4164=CARTESIAN_POINT('',(-3.10000000000001,5.9,1.15));
#4165=CARTESIAN_POINT('',(0.200000000012442,6.4,2.59999999999999));
#4166=CARTESIAN_POINT('',(0.200000000012442,6.4,2.59999999999999));
#4167=CARTESIAN_POINT('',(0.200000000012442,6.4,2.59999999999999));
#4168=CARTESIAN_POINT('',(0.700000000012443,5.9,1.15));
#4169=CARTESIAN_POINT('',(2.59999999999998,6.4,2.59999999999998));
#4170=CARTESIAN_POINT('',(0.200000000012439,5.9,2.09999999999999));
#4171=CARTESIAN_POINT('',(0.200000000012442,6.4,44.3));
#4172=CARTESIAN_POINT('',(0.200000000012442,6.4,44.3));
#4173=CARTESIAN_POINT('',(0.200000000012441,6.4,45.25));
#4174=CARTESIAN_POINT('',(-3.41000000000002,6.4,-1.08));
#4175=CARTESIAN_POINT('',(0.70000000001244,5.9,44.8));
#4176=CARTESIAN_POINT('',(3.09999999999998,5.9,44.8));
#4177=CARTESIAN_POINT('',(0.700000000012441,5.9,44.8));
#4178=CARTESIAN_POINT('',(0.700000000012441,5.9,44.3));
#4179=CARTESIAN_POINT('',(0.700000000012441,5.9,45.75));
#4180=CARTESIAN_POINT('',(0.700000000012441,0.65,45.75));
#4181=CARTESIAN_POINT('',(0.700000000012441,0.65,45.75));
#4182=CARTESIAN_POINT('',(0.700000000012441,6.4,44.705));
#4183=CARTESIAN_POINT('',(1.35000000001244,0.,46.4));
#4184=CARTESIAN_POINT('',(1.35000000001244,0.,46.4));
#4185=CARTESIAN_POINT('',(0.700000000012441,0.65,44.8));
#4186=CARTESIAN_POINT('',(1.35000000001244,0.,45.45));
#4187=CARTESIAN_POINT('',(1.35000000001244,0.,46.4));
#4188=CARTESIAN_POINT('',(0.700000000012441,0.65,46.4));
#4189=CARTESIAN_POINT('',(3.74999999999998,0.,45.45));
#4190=CARTESIAN_POINT('',(3.74999999999998,0.,45.45));
#4191=CARTESIAN_POINT('',(1.35000000001244,0.,45.45));
#4192=CARTESIAN_POINT('',(0.700000000012441,0.65,44.8));
#4193=CARTESIAN_POINT('',(3.09999999999998,0.65,2.09999999999997));
#4194=CARTESIAN_POINT('',(3.74999999999998,0.,1.44999999999997));
#4195=CARTESIAN_POINT('',(3.74999999999998,0.,45.45));
#4196=CARTESIAN_POINT('',(3.09999999999998,0.65,45.45));
#4197=CARTESIAN_POINT('',(0.700000000012442,0.650000000000001,2.09999999999999));
#4198=CARTESIAN_POINT('',(1.35000000001244,0.,1.44999999999998));
#4199=CARTESIAN_POINT('',(3.74999999999998,0.,1.44999999999997));
#4200=CARTESIAN_POINT('',(3.74999999999999,0.65,2.09999999999997));
#4201=CARTESIAN_POINT('',(0.700000000012442,0.65,1.15));
#4202=CARTESIAN_POINT('',(1.35000000001244,0.,0.499999999999998));
#4203=CARTESIAN_POINT('',(1.35000000001244,0.,1.44999999999998));
#4204=CARTESIAN_POINT('',(0.700000000012443,0.65,2.09999999999999));
#4205=CARTESIAN_POINT('',(0.700000000012443,0.65,1.15));
#4206=CARTESIAN_POINT('',(-3.10000000000001,0.65,1.15));
#4207=CARTESIAN_POINT('',(-3.10000000000001,0.65,1.15));
#4208=CARTESIAN_POINT('',(-3.75000000000002,0.,0.499999999999998));
#4209=CARTESIAN_POINT('',(1.35000000001244,0.,0.499999999999998));
#4210=CARTESIAN_POINT('',(1.35000000001244,0.65,1.15));
#4211=CARTESIAN_POINT('',(-3.10000000000001,5.9,1.15));
#4212=CARTESIAN_POINT('',(-3.48000000000126,6.4,1.15));
#4213=CARTESIAN_POINT('',(-3.10000000000002,5.9,45.75));
#4214=CARTESIAN_POINT('',(-3.10000000000002,0.65,45.75));
#4215=CARTESIAN_POINT('',(-3.10000000000001,0.65,1.15));
#4216=CARTESIAN_POINT('',(-3.10000000000002,6.4,48.0915));
#4217=CARTESIAN_POINT('',(-3.10000000000002,0.65,45.75));
#4218=CARTESIAN_POINT('',(1.08000000001369,6.4,45.75));
#4219=CARTESIAN_POINT('',(-3.10000000000002,0.65,45.75));
#4220=CARTESIAN_POINT('',(-3.75000000000002,0.,46.4));
#4221=CARTESIAN_POINT('',(-3.75000000000002,0.,46.4));
#4222=CARTESIAN_POINT('',(-3.75000000000002,0.65,45.75));
#4223=CARTESIAN_POINT('',(-3.75000000000002,0.,0.499999999999998));
#4224=CARTESIAN_POINT('',(-3.10000000000002,0.65,0.499999999999999));
#4225=CARTESIAN_POINT('',(-4.25000000000002,0.,0.));
#4226=CARTESIAN_POINT('',(-4.25000000000002,0.,0.));
#4227=CARTESIAN_POINT('',(4.24999999999998,0.,0.));
#4228=CARTESIAN_POINT('',(4.24999999999998,0.,0.));
#4229=CARTESIAN_POINT('',(4.24999999999998,0.,46.9));
#4230=CARTESIAN_POINT('',(4.24999999999998,0.,46.9));
#4231=CARTESIAN_POINT('',(-4.25000000000002,0.,46.9));
#4232=CARTESIAN_POINT('',(-4.25000000000002,0.,0.));
#4233=CARTESIAN_POINT('',(-4.25000000000002,0.,0.));
#4234=CARTESIAN_POINT('',(4.24999999999998,7.54037678326286,46.9));
#4235=CARTESIAN_POINT('',(4.24999999999998,7.54037678326286,46.9));
#4236=CARTESIAN_POINT('',(3.42,7.54037678326286,46.9));
#4237=CARTESIAN_POINT('',(4.24999999999998,8.79322686740437,44.73));
#4238=CARTESIAN_POINT('',(4.24999999999998,8.79322686740437,44.73));
#4239=CARTESIAN_POINT('',(3.42,8.79322686740437,44.73));
#4240=CARTESIAN_POINT('',(3.42,8.79322686740437,44.73));
#4241=CARTESIAN_POINT('',(3.42,7.54037678326286,46.9));
#4242=CARTESIAN_POINT('',(1.503,7.54037678326286,46.9));
#4243=CARTESIAN_POINT('',(4.24999999999998,10.6,44.73));
#4244=CARTESIAN_POINT('',(4.24999999999998,10.6,44.73));
#4245=CARTESIAN_POINT('',(3.42,10.6,44.73));
#4246=CARTESIAN_POINT('',(3.42,10.6,44.73));
#4247=CARTESIAN_POINT('',(3.42,8.79322686740437,44.73));
#4248=CARTESIAN_POINT('',(1.503,8.79322686740437,44.73));
#4249=CARTESIAN_POINT('',(4.24999999999998,7.54037678326289,0.));
#4250=CARTESIAN_POINT('',(4.24999999999998,7.54037678326289,0.));
#4251=CARTESIAN_POINT('',(4.24999999999998,8.79322686740436,2.16999999999998));
#4252=CARTESIAN_POINT('',(4.24999999999998,8.79322686740436,2.16999999999998));
#4253=CARTESIAN_POINT('',(4.24999999999998,10.6,2.16999999999998));
#4254=CARTESIAN_POINT('',(4.24999999999998,10.6,44.73));
#4255=CARTESIAN_POINT('',(4.24999999999998,7.54037678326286,46.9));
#4256=CARTESIAN_POINT('',(4.24999999999998,0.,0.));
#4257=CARTESIAN_POINT('',(4.24999999999998,0.,0.));
#4258=CARTESIAN_POINT('',(4.24999999999998,10.6,2.16999999999998));
#4259=CARTESIAN_POINT('',(3.42,10.6,2.16999999999998));
#4260=CARTESIAN_POINT('',(3.42,8.79322686740436,2.16999999999998));
#4261=CARTESIAN_POINT('',(3.42,8.79322686740436,2.16999999999998));
#4262=CARTESIAN_POINT('',(3.42,10.6,2.16999999999998));
#4263=CARTESIAN_POINT('',(1.503,10.6,2.16999999999998));
#4264=CARTESIAN_POINT('',(3.42,7.54037678326289,0.));
#4265=CARTESIAN_POINT('',(3.42,7.54037678326289,0.));
#4266=CARTESIAN_POINT('',(3.42,8.79322686740436,2.16999999999998));
#4267=CARTESIAN_POINT('',(1.503,8.79322686740436,2.16999999999998));
#4268=CARTESIAN_POINT('',(-4.2500000000069,4.94999999990684,0.));
#4269=CARTESIAN_POINT('',(-4.2500000000069,4.94999999990684,0.));
#4270=CARTESIAN_POINT('',(3.42,4.95,0.));
#4271=CARTESIAN_POINT('',(3.42,4.95,0.));
#4272=CARTESIAN_POINT('',(-4.25000000000002,4.94999999990684,0.));
#4273=CARTESIAN_POINT('',(-4.67500000000002,7.8993391049366,0.));
#4274=CARTESIAN_POINT('',(3.42,4.95,0.));
#4275=CARTESIAN_POINT('',(3.42,4.95,-3.55));
#4276=CARTESIAN_POINT('',(3.42,4.95,-3.55));
#4277=CARTESIAN_POINT('',(3.42,10.6,2.32));
#4278=CARTESIAN_POINT('',(3.42,10.6,2.32));
#4279=CARTESIAN_POINT('',(3.42,10.6,2.16999999999998));
#4280=CARTESIAN_POINT('',(3.42,13.4025,-3.84350000000001));
#4281=CARTESIAN_POINT('',(3.42,10.6,2.32));
#4282=CARTESIAN_POINT('',(-2.58,10.6,2.32));
#4283=CARTESIAN_POINT('',(-2.58,10.6,2.32));
#4284=CARTESIAN_POINT('',(3.42,10.4229829407783,2.32));
#4285=CARTESIAN_POINT('',(-2.58000000001093,7.04999999990324,-3.55000000000402));
#4286=CARTESIAN_POINT('',(-2.58,7.04999999990324,-3.55000000000201));
#4287=CARTESIAN_POINT('',(-2.58,7.05000000000678,50.449999999996));
#4288=CARTESIAN_POINT('',(-2.58,7.05000000000679,50.45));
#4289=CARTESIAN_POINT('',(-2.58,13.,50.45));
#4290=CARTESIAN_POINT('',(-2.58,13.,50.45));
#4291=CARTESIAN_POINT('',(-2.58,13.,44.58));
#4292=CARTESIAN_POINT('',(-2.58,13.,44.58));
#4293=CARTESIAN_POINT('',(-2.58,10.6,44.58));
#4294=CARTESIAN_POINT('',(-2.58,10.6,2.32));
#4295=CARTESIAN_POINT('',(-2.58,13.,-3.55));
#4296=CARTESIAN_POINT('',(-2.58,13.5025,-3.94350000000001));
#4297=CARTESIAN_POINT('',(-2.58,10.6,44.58));
#4298=CARTESIAN_POINT('',(3.42,10.6,44.58));
#4299=CARTESIAN_POINT('',(-2.58,13.,44.58));
#4300=CARTESIAN_POINT('',(3.42,13.,44.58));
#4301=CARTESIAN_POINT('',(3.42,13.,44.58));
#4302=CARTESIAN_POINT('',(3.42,13.,44.58));
#4303=CARTESIAN_POINT('',(3.42,13.,44.58));
#4304=CARTESIAN_POINT('',(3.42,13.,50.45));
#4305=CARTESIAN_POINT('',(3.42,13.,50.45));
#4306=CARTESIAN_POINT('',(3.42,13.,50.45));
#4307=CARTESIAN_POINT('',(-4.2500000000069,4.95000000000359,50.45));
#4308=CARTESIAN_POINT('',(-4.2500000000069,4.95000000000359,50.45));
#4309=CARTESIAN_POINT('',(-4.25000000001093,7.05000000000358,50.449999999996));
#4310=CARTESIAN_POINT('',(3.42,4.94999999999999,50.45));
#4311=CARTESIAN_POINT('',(3.42,4.94999999999999,50.45));
#4312=CARTESIAN_POINT('',(3.42,13.,50.45));
#4313=CARTESIAN_POINT('',(-4.25000000001093,7.05000000000358,50.449999999996));
#4314=CARTESIAN_POINT('',(3.52,4.84999999999999,50.4500000000004));
#4315=CARTESIAN_POINT('',(-4.25000000001093,7.04999999990004,-3.55000000000402));
#4316=CARTESIAN_POINT('',(-4.25000000001093,7.04999999990004,-3.55000000000402));
#4317=CARTESIAN_POINT('',(-2.58000000001093,7.04999999990324,-3.55000000000402));
#4318=CARTESIAN_POINT('',(-2.48,7.04999999992857,-3.65000000000402));
#4319=CARTESIAN_POINT('',(-4.25000000001093,7.04999999990004,-3.55000000000402));
#4320=CARTESIAN_POINT('',(-4.2500000000069,4.94999999990004,-3.54999999999999));
#4321=CARTESIAN_POINT('',(3.42,4.95,-3.55));
#4322=CARTESIAN_POINT('',(3.52,13.1,-3.54999999999962));
#4323=CARTESIAN_POINT('',(-4.2500000000069,4.94999999990004,-3.54999999999999));
#4324=CARTESIAN_POINT('',(3.52,4.95000000001717,-3.65));
#4325=CARTESIAN_POINT('',(-4.25000000000002,0.,46.9));
#4326=CARTESIAN_POINT('',(-4.2500000000069,4.94999999999678,46.9));
#4327=CARTESIAN_POINT('',(-4.2500000000069,4.94999999999679,46.9));
#4328=CARTESIAN_POINT('',(-4.25000000000861,7.25500000000392,-3.82750000000422));
#4329=CARTESIAN_POINT('',(3.42,4.94999999999999,46.9));
#4330=CARTESIAN_POINT('',(3.42,4.94999999999999,46.9));
#4331=CARTESIAN_POINT('',(3.42,4.94999999999999,50.45));
#4332=CARTESIAN_POINT('',(3.52,4.94999999999816,46.8));
#4333=CARTESIAN_POINT('',(3.42,7.54037678326286,46.9));
#4334=CARTESIAN_POINT('',(-4.67500000000002,-0.53,46.9));
#4335=CARTESIAN_POINT('',(3.42,10.6,44.58));
#4336=CARTESIAN_POINT('',(3.42,13.4025,44.2865));
#4337=CARTESIAN_POINT('',(1.26999999998907,10.6,4.39999999999999));
#4338=CARTESIAN_POINT('',(1.26999999998908,10.6,4.09999999999999));
#4339=CARTESIAN_POINT('',(4.24999999999998,10.6,0.));
#4340=CARTESIAN_POINT('',(1.26999999998907,16.,4.39999999999999));
#4341=CARTESIAN_POINT('',(1.26999999998908,16.,4.09999999999999));
#4342=CARTESIAN_POINT('',(1.26999999998907,16.,4.39999999999999));
#4343=CARTESIAN_POINT('',(1.59661529513063,16.,4.72999999999998));
#4344=MECHANICAL_DESIGN_GEOMETRIC_PRESENTATION_REPRESENTATION('',(#73,#23,
#24,#25,#26,#27,#28,#29,#30,#31,#32,#33,#34,#35,#36,#37,#38,#39,#40,#41,
#42,#43,#44,#45,#46,#47,#48,#49,#50,#51,#52,#53,#54,#55,#56,#57,#58,#59,
#60,#61,#62,#63,#64,#65,#66,#67,#68,#69,#70,#71),#4345);
#4345=(
GEOMETRIC_REPRESENTATION_CONTEXT(3)
GLOBAL_UNCERTAINTY_ASSIGNED_CONTEXT((#4346))
GLOBAL_UNIT_ASSIGNED_CONTEXT((#4352,#4348,#4347))
REPRESENTATION_CONTEXT('100072962ugm000_b','TOP_LEVEL_ASSEMBLY_PART')
);
#4346=UNCERTAINTY_MEASURE_WITH_UNIT(LENGTH_MEASURE(2.E-5),#4352,
'DISTANCE_ACCURACY_VALUE','Maximum Tolerance applied to model');
#4347=(
NAMED_UNIT(*)
SI_UNIT($,.STERADIAN.)
SOLID_ANGLE_UNIT()
);
#4348=(
CONVERSION_BASED_UNIT('DEGREE',#4350)
NAMED_UNIT(#4349)
PLANE_ANGLE_UNIT()
);
#4349=DIMENSIONAL_EXPONENTS(0.,0.,0.,0.,0.,0.,0.);
#4350=PLANE_ANGLE_MEASURE_WITH_UNIT(PLANE_ANGLE_MEASURE(0.0174532925),#4351);
#4351=(
NAMED_UNIT(*)
PLANE_ANGLE_UNIT()
SI_UNIT($,.RADIAN.)
);
#4352=(
LENGTH_UNIT()
NAMED_UNIT(*)
SI_UNIT(.MILLI.,.METRE.)
);
ENDSEC;
END-ISO-10303-21;
