ISO-10303-21;
HEADER;
FILE_DESCRIPTION (( 'STEP AP214' ),
    '1' );
FILE_NAME ('MPX1D1040(4_7)(KEMET).STEP',
    '2019-07-10T06:37:27',
    ( '' ),
    ( '' ),
    'SwSTEP 2.0',
    'SolidWorks 2018',
    '' );
FILE_SCHEMA (( 'AUTOMOTIVE_DESIGN' ));
ENDSEC;

DATA;
#1 = ADVANCED_FACE ( 'NONE', ( #8 ), #5367, .T. ) ;
#2 = LINE ( 'NONE', #4525, #4770 ) ;
#3 = ORIENTED_EDGE ( 'NONE', *, *, #4493, .F. ) ;
#5 =( LENGTH_UNIT ( ) NAMED_UNIT ( * ) SI_UNIT ( .MILLI., .METRE. ) );
#4 = PLANE ( 'NONE',  #5874 ) ;
#6 = COLOUR_RGB ( '',0.0000000000000000000, 0.0000000000000000000, 0.0000000000000000000 ) ;
#7 = CARTESIAN_POINT ( 'NONE',  ( -5.550000000000002487, 3.009999999999999787, 0.1500000000001489586 ) ) ;
#8 = FACE_OUTER_BOUND ( 'NONE', #2025, .T. ) ;
#9 = VERTEX_POINT ( 'NONE', #4860 ) ;
#10 = PRESENTATION_LAYER_ASSIGNMENT (  '', '', ( #6188 ) ) ;
#11 = VERTEX_POINT ( 'NONE', #617 ) ;
#12 = STYLED_ITEM ( 'NONE', ( #4174 ), #587 ) ;
#13 = UNCERTAINTY_MEASURE_WITH_UNIT (LENGTH_MEASURE( 1.000000000000000082E-05 ), #1622, 'distance_accuracy_value', 'NONE');
#14 = VERTEX_POINT ( 'NONE', #5947 ) ;
#15 = VECTOR ( 'NONE', #2501, 1000.000000000000000 ) ;
#16 = SURFACE_STYLE_FILL_AREA ( #1764 ) ;
#17 = DIRECTION ( 'NONE',  ( -1.000000000000000000, 0.0000000000000000000, 1.249060889481360385E-14 ) ) ;
#18 = ORIENTED_EDGE ( 'NONE', *, *, #6002, .T. ) ;
#20 = SURFACE_SIDE_STYLE ('',( #5466 ) ) ;
#19 = DIRECTION ( 'NONE',  ( 0.0000000000000000000, -2.319149032054553916E-16, 1.000000000000000000 ) ) ;
#21 = LINE ( 'NONE', #6117, #5545 ) ;
#22 = COLOUR_RGB ( '',0.0000000000000000000, 0.0000000000000000000, 0.0000000000000000000 ) ;
#23 = EDGE_CURVE ( 'NONE', #4573, #1582, #857, .T. ) ;
#24 = EDGE_LOOP ( 'NONE', ( #6090, #999, #3567, #4038 ) ) ;
#25 = VERTEX_POINT ( 'NONE', #4799 ) ;
#26 = CARTESIAN_POINT ( 'NONE',  ( -4.452221387082077264, 4.000000000000000000, 5.052504782352353452 ) ) ;
#27 = CARTESIAN_POINT ( 'NONE',  ( 5.550000000000002487, 3.100000000000000533, 2.050000000000439915 ) ) ;
#28 = ORIENTED_EDGE ( 'NONE', *, *, #1496, .T. ) ;
#29 = COLOUR_RGB ( '',0.0000000000000000000, 0.0000000000000000000, 0.0000000000000000000 ) ;
#30 = AXIS2_PLACEMENT_3D ( 'NONE', #3475, #3027, #4063 ) ;
#31 = SURFACE_STYLE_FILL_AREA ( #3998 ) ;
#32 = VERTEX_POINT ( 'NONE', #4499 ) ;
#33 = MECHANICAL_DESIGN_GEOMETRIC_PRESENTATION_REPRESENTATION (  '', ( #1023 ), #5111 ) ;
#34 = CARTESIAN_POINT ( 'NONE',  ( -3.037706955692804467, 4.000000000000000000, -0.6703702798221505832 ) ) ;
#35 = SURFACE_STYLE_FILL_AREA ( #3557 ) ;
#36 = DIRECTION ( 'NONE',  ( 1.000000000000000000, 0.0000000000000000000, 0.0000000000000000000 ) ) ;
#37 = COLOUR_RGB ( '',1.000000000000000000, 1.000000000000000000, 1.000000000000000000 ) ;
#38 =( GEOMETRIC_REPRESENTATION_CONTEXT ( 3 ) GLOBAL_UNCERTAINTY_ASSIGNED_CONTEXT ( ( #3829 ) ) GLOBAL_UNIT_ASSIGNED_CONTEXT ( ( #6051, #5065, #5149 ) ) REPRESENTATION_CONTEXT ( 'NONE', 'WORKASPACE' ) );
#39 = EDGE_CURVE ( 'NONE', #741, #4640, #2741, .T. ) ;
#40 = FILL_AREA_STYLE_COLOUR ( '', #3505 ) ;
#41 = ADVANCED_FACE ( 'NONE', ( #3411 ), #2757, .T. ) ;
#42 = EDGE_LOOP ( 'NONE', ( #2039, #4054, #4113, #5257 ) ) ;
#43 = VECTOR ( 'NONE', #3051, 1000.000000000000000 ) ;
#44 = FILL_AREA_STYLE_COLOUR ( '', #2134 ) ;
#45 = CARTESIAN_POINT ( 'NONE',  ( 2.599690068830199596, 4.000499999999999723, -0.4114982032762767861 ) ) ;
#46 =( NAMED_UNIT ( * ) SI_UNIT ( $, .STERADIAN. ) SOLID_ANGLE_UNIT ( ) );
#47 = EDGE_CURVE ( 'NONE', #4647, #3270, #5036, .T. ) ;
#48 =( GEOMETRIC_REPRESENTATION_CONTEXT ( 3 ) GLOBAL_UNCERTAINTY_ASSIGNED_CONTEXT ( ( #5664 ) ) GLOBAL_UNIT_ASSIGNED_CONTEXT ( ( #4167, #1820, #4208 ) ) REPRESENTATION_CONTEXT ( 'NONE', 'WORKASPACE' ) );
#49 = DIRECTION ( 'NONE',  ( 1.000000000000000000, 0.0000000000000000000, 0.0000000000000000000 ) ) ;
#50 = LINE ( 'NONE', #4540, #1685 ) ;
#51 = STYLED_ITEM ( 'NONE', ( #2405 ), #4889 ) ;
#52 =( NAMED_UNIT ( * ) PLANE_ANGLE_UNIT ( ) SI_UNIT ( $, .RADIAN. ) );
#53 = FILL_AREA_STYLE_COLOUR ( '', #5262 ) ;
#54 = APPLICATION_PROTOCOL_DEFINITION ( 'draft international standard', 'automotive_design', 1998, #4419 ) ;
#55 = LINE ( 'NONE', #1191, #1697 ) ;
#56 =( NAMED_UNIT ( * ) PLANE_ANGLE_UNIT ( ) SI_UNIT ( $, .RADIAN. ) );
#57 = PLANE ( 'NONE',  #3586 ) ;
#58 = ORIENTED_EDGE ( 'NONE', *, *, #3775, .T. ) ;
#59 = PRESENTATION_LAYER_ASSIGNMENT (  '', '', ( #1843 ) ) ;
#60 = EDGE_CURVE ( 'NONE', #3022, #5069, #4568, .T. ) ;
#61 = CIRCLE ( 'NONE', #1798, 0.1500000000001500133 ) ;
#62 = LINE ( 'NONE', #4160, #1537 ) ;
#63 = EDGE_LOOP ( 'NONE', ( #5619, #2427, #5486, #866 ) ) ;
#64 = DIRECTION ( 'NONE',  ( -2.620428211445328459E-16, -1.000000000000000000, -2.258754526011465763E-16 ) ) ;
#65 = FACE_OUTER_BOUND ( 'NONE', #4307, .T. ) ;
#66 = CIRCLE ( 'NONE', #4366, 0.1500000000001500133 ) ;
#67 =( GEOMETRIC_REPRESENTATION_CONTEXT ( 3 ) GLOBAL_UNCERTAINTY_ASSIGNED_CONTEXT ( ( #3099 ) ) GLOBAL_UNIT_ASSIGNED_CONTEXT ( ( #2989, #5886, #500 ) ) REPRESENTATION_CONTEXT ( 'NONE', 'WORKASPACE' ) );
#68 = VECTOR ( 'NONE', #3366, 1000.000000000000000 ) ;
#69 = VECTOR ( 'NONE', #4514, 1000.000000000000000 ) ;
#70 = ORIENTED_EDGE ( 'NONE', *, *, #4732, .T. ) ;
#71 = CARTESIAN_POINT ( 'NONE',  ( 0.04607485088685460417, 4.000499999999999723, 0.2874720023903819532 ) ) ;
#72 = VECTOR ( 'NONE', #3707, 1000.000000000000000 ) ;
#73 = CARTESIAN_POINT ( 'NONE',  ( -3.630496878785442583, 2.950000000000000178, -5.079999999999999183 ) ) ;
#74 = VERTEX_POINT ( 'NONE', #672 ) ;
#75 = EDGE_CURVE ( 'NONE', #2067, #3504, #3115, .T. ) ;
#76 = ORIENTED_EDGE ( 'NONE', *, *, #2562, .F. ) ;
#77 = DIRECTION ( 'NONE',  ( -0.0000000000000000000, -1.000000000000000000, 0.0000000000000000000 ) ) ;
#78 = CARTESIAN_POINT ( 'NONE',  ( -5.550000000000002487, 3.010000000000000231, -1.750000000000196954 ) ) ;
#79 = PRESENTATION_LAYER_ASSIGNMENT (  '', '', ( #6183 ) ) ;
#80 = ORIENTED_EDGE ( 'NONE', *, *, #3437, .T. ) ;
#81 = FILL_AREA_STYLE_COLOUR ( '', #6293 ) ;
#82 = PRESENTATION_STYLE_ASSIGNMENT (( #2121 ) ) ;
#83 = STYLED_ITEM ( 'NONE', ( #6064 ), #1627 ) ;
#84 = ORIENTED_EDGE ( 'NONE', *, *, #2167, .F. ) ;
#85 = DIRECTION ( 'NONE',  ( 0.0000000000000000000, -0.0000000000000000000, 1.000000000000000000 ) ) ;
#86 = UNCERTAINTY_MEASURE_WITH_UNIT (LENGTH_MEASURE( 1.000000000000000082E-05 ), #3339, 'distance_accuracy_value', 'NONE');
#88 = FILL_AREA_STYLE ('',( #2034 ) ) ;
#87 = CARTESIAN_POINT ( 'NONE',  ( 2.599690068830199596, 4.000000000000000000, -0.4114982032762767861 ) ) ;
#89 = VERTEX_POINT ( 'NONE', #4474 ) ;
#91 =( LENGTH_UNIT ( ) NAMED_UNIT ( * ) SI_UNIT ( .MILLI., .METRE. ) );
#90 = SURFACE_STYLE_USAGE ( .BOTH. , #115 ) ;
#92 = STYLED_ITEM ( 'NONE', ( #2341 ), #4631 ) ;
#93 = SURFACE_STYLE_FILL_AREA ( #4465 ) ;
#94 = ORIENTED_EDGE ( 'NONE', *, *, #3431, .T. ) ;
#95 = ORIENTED_EDGE ( 'NONE', *, *, #5145, .F. ) ;
#96 = VECTOR ( 'NONE', #3484, 1000.000000000000000 ) ;
#97 =( LENGTH_UNIT ( ) NAMED_UNIT ( * ) SI_UNIT ( .MILLI., .METRE. ) );
#98 = VECTOR ( 'NONE', #5940, 1000.000000000000000 ) ;
#99 = VECTOR ( 'NONE', #1670, 1000.000000000000000 ) ;
#100 = CARTESIAN_POINT ( 'NONE',  ( 5.290000000000003588, 3.010000000000000231, 2.050000000001217515 ) ) ;
#101 = LINE ( 'NONE', #572, #183 ) ;
#102 = VERTEX_POINT ( 'NONE', #2053 ) ;
#103 = AXIS2_PLACEMENT_3D ( 'NONE', #4923, #1619, #5393 ) ;
#104 = MECHANICAL_DESIGN_GEOMETRIC_PRESENTATION_REPRESENTATION (  '', ( #2498 ), #5613 ) ;
#105 = PLANE ( 'NONE',  #3912 ) ;
#106 = VERTEX_POINT ( 'NONE', #1549 ) ;
#107 = EDGE_CURVE ( 'NONE', #2490, #3195, #3196, .T. ) ;
#108 = VECTOR ( 'NONE', #3852, 1000.000000000000000 ) ;
#109 = CARTESIAN_POINT ( 'NONE',  ( -1.433685354663999600, 4.000499999999999723, 0.08206727095333087030 ) ) ;
#110 = DIRECTION ( 'NONE',  ( -0.0000000000000000000, -1.000000000000000000, 0.0000000000000000000 ) ) ;
#111 = SURFACE_STYLE_USAGE ( .BOTH. , #148 ) ;
#112 = PRESENTATION_LAYER_ASSIGNMENT (  '', '', ( #2903 ) ) ;
#114 = FILL_AREA_STYLE_COLOUR ( '', #5313 ) ;
#113 = DIRECTION ( 'NONE',  ( 0.0000000000000000000, 1.000000000000000000, 0.0000000000000000000 ) ) ;
#116 = CARTESIAN_POINT ( 'NONE',  ( 2.192089153865903306, 4.000499999999999723, -0.4133938508345784135 ) ) ;
#115 = SURFACE_SIDE_STYLE ('',( #175 ) ) ;
#117 = LINE ( 'NONE', #2045, #2117 ) ;
#118 = CARTESIAN_POINT ( 'NONE',  ( 5.290000000000001812, 3.250000000000001332, -2.500000000000001332 ) ) ;
#120 =( NAMED_UNIT ( * ) SI_UNIT ( $, .STERADIAN. ) SOLID_ANGLE_UNIT ( ) );
#119 =( LENGTH_UNIT ( ) NAMED_UNIT ( * ) SI_UNIT ( .MILLI., .METRE. ) );
#121 = LINE ( 'NONE', #5514, #1826 ) ;
#122 = PRESENTATION_STYLE_ASSIGNMENT (( #991 ) ) ;
#123 = CARTESIAN_POINT ( 'NONE',  ( 0.3829972708428661665, 4.000000000000000000, 0.6703702798221505832 ) ) ;
#124 = CARTESIAN_POINT ( 'NONE',  ( -3.037706955692804467, 4.000499999999999723, -0.6703702798221505832 ) ) ;
#125 = DIRECTION ( 'NONE',  ( -0.0000000000000000000, -1.000000000000000000, 0.0000000000000000000 ) ) ;
#126 = UNCERTAINTY_MEASURE_WITH_UNIT (LENGTH_MEASURE( 1.000000000000000082E-05 ), #2228, 'distance_accuracy_value', 'NONE');
#127 = SURFACE_SIDE_STYLE ('',( #4555 ) ) ;
#128 = CARTESIAN_POINT ( 'NONE',  ( -5.100000000000000533, 2.950000000000000178, 5.099999999999998757 ) ) ;
#129 = PRODUCT_RELATED_PRODUCT_CATEGORY ( 'part', '', ( #3319 ) ) ;
#130 = ADVANCED_FACE ( 'NONE', ( #2461 ), #5707, .T. ) ;
#131 = MECHANICAL_DESIGN_GEOMETRIC_PRESENTATION_REPRESENTATION (  '', ( #5128 ), #1124 ) ;
#132 = CARTESIAN_POINT ( 'NONE',  ( 5.550000000000002487, 2.360000000000001208, -3.300000000000001599 ) ) ;
#134 = CARTESIAN_POINT ( 'NONE',  ( 5.550000000000002487, 3.010000000000000231, -1.750000000000196954 ) ) ;
#133 = CARTESIAN_POINT ( 'NONE',  ( -5.290000000000001812, 3.009999999999999787, 1.900000000000345857 ) ) ;
#136 = DIRECTION ( 'NONE',  ( -0.9619530280415583556, 0.0000000000000000000, -0.2732148821745934431 ) ) ;
#135 = DIRECTION ( 'NONE',  ( -0.2762033010289102752, 0.0000000000000000000, 0.9610992334305200613 ) ) ;
#137 = VECTOR ( 'NONE', #2528, 1000.000000000000000 ) ;
#138 = PRESENTATION_LAYER_ASSIGNMENT (  '', '', ( #5452 ) ) ;
#139 = COLOUR_RGB ( '',0.0000000000000000000, 0.0000000000000000000, 0.0000000000000000000 ) ;
#140 = VECTOR ( 'NONE', #5759, 1000.000000000000000 ) ;
#141 = CARTESIAN_POINT ( 'NONE',  ( 0.5211332780687230048, 4.000499999999999723, -0.6703702798222013204 ) ) ;
#142 =( NAMED_UNIT ( * ) PLANE_ANGLE_UNIT ( ) SI_UNIT ( $, .RADIAN. ) );
#143 = PRESENTATION_STYLE_ASSIGNMENT (( #3772 ) ) ;
#144 = CARTESIAN_POINT ( 'NONE',  ( 2.192089153865903306, 4.000499999999999723, -0.4133938508345784135 ) ) ;
#145 = DIRECTION ( 'NONE',  ( 0.0000000000000000000, -0.0000000000000000000, 1.000000000000000000 ) ) ;
#146 = CARTESIAN_POINT ( 'NONE',  ( -5.290000000000002700, 0.1999999999999996503, 2.499999999999998668 ) ) ;
#147 = STYLED_ITEM ( 'NONE', ( #3336 ), #3461 ) ;
#148 = SURFACE_SIDE_STYLE ('',( #3383 ) ) ;
#149 = EDGE_LOOP ( 'NONE', ( #6167, #4851, #2448, #2083 ) ) ;
#150 = PRESENTATION_STYLE_ASSIGNMENT (( #5206 ) ) ;
#151 = VECTOR ( 'NONE', #5977, 1000.000000000000000 ) ;
#153 = FILL_AREA_STYLE ('',( #5046 ) ) ;
#152 = CARTESIAN_POINT ( 'NONE',  ( 5.290000000000002700, 0.1999999999999996503, -2.500000000000002220 ) ) ;
#154 = CYLINDRICAL_SURFACE ( 'NONE', #3379, 0.2599999999999997868 ) ;
#156 = DIRECTION ( 'NONE',  ( -0.0000000000000000000, -1.000000000000000000, 0.0000000000000000000 ) ) ;
#155 = CARTESIAN_POINT ( 'NONE',  ( -5.290000000000001812, 3.099999999999975664, 0.1500000000001491529 ) ) ;
#157 = ORIENTED_EDGE ( 'NONE', *, *, #3057, .T. ) ;
#158 = EDGE_CURVE ( 'NONE', #2015, #3089, #101, .T. ) ;
#159 = PRESENTATION_STYLE_ASSIGNMENT (( #1057 ) ) ;
#160 = EDGE_LOOP ( 'NONE', ( #3874, #1862, #4200, #1416 ) ) ;
#161 = VECTOR ( 'NONE', #2937, 1000.000000000000000 ) ;
#162 = LINE ( 'NONE', #1158, #4776 ) ;
#163 = ORIENTED_EDGE ( 'NONE', *, *, #1777, .F. ) ;
#164 = ORIENTED_EDGE ( 'NONE', *, *, #5158, .T. ) ;
#165 = ADVANCED_FACE ( 'NONE', ( #5109 ), #1599, .F. ) ;
#166 = SURFACE_SIDE_STYLE ('',( #256 ) ) ;
#167 = ORIENTED_EDGE ( 'NONE', *, *, #1527, .F. ) ;
#168 = PRESENTATION_STYLE_ASSIGNMENT (( #5794 ) ) ;
#169 = CARTESIAN_POINT ( 'NONE',  ( -1.433685354663999600, 4.000499999999999723, 0.08206727095333087030 ) ) ;
#170 = ORIENTED_EDGE ( 'NONE', *, *, #2392, .T. ) ;
#171 = ORIENTED_EDGE ( 'NONE', *, *, #566, .T. ) ;
#172 = VERTEX_POINT ( 'NONE', #100 ) ;
#173 = UNCERTAINTY_MEASURE_WITH_UNIT (LENGTH_MEASURE( 1.000000000000000082E-05 ), #2120, 'distance_accuracy_value', 'NONE');
#174 = CARTESIAN_POINT ( 'NONE',  ( 5.290000000000003588, 2.990000000000000213, -2.050000000001217515 ) ) ;
#175 = SURFACE_STYLE_FILL_AREA ( #2993 ) ;
#176 = ORIENTED_EDGE ( 'NONE', *, *, #1514, .F. ) ;
#177 = ORIENTED_EDGE ( 'NONE', *, *, #6203, .T. ) ;
#178 = CARTESIAN_POINT ( 'NONE',  ( -5.100000000000000533, 0.0000000000000000000, -5.048507558461756695 ) ) ;
#179 = ORIENTED_EDGE ( 'NONE', *, *, #5100, .F. ) ;
#180 = CARTESIAN_POINT ( 'NONE',  ( -0.4733380716925774112, 4.000000000000000000, -0.6703702798221874426 ) ) ;
#181 = DIRECTION ( 'NONE',  ( -2.620428211445328459E-16, 1.000000000000000000, 0.0000000000000000000 ) ) ;
#182 = ORIENTED_EDGE ( 'NONE', *, *, #3969, .T. ) ;
#183 = VECTOR ( 'NONE', #2561, 1000.000000000000000 ) ;
#184 = FILL_AREA_STYLE_COLOUR ( '', #5844 ) ;
#185 = DIRECTION ( 'NONE',  ( -0.4668459304955212552, 0.0000000000000000000, 0.8843386665637610333 ) ) ;
#186 = VECTOR ( 'NONE', #5261, 1000.000000000000000 ) ;
#187 = STYLED_ITEM ( 'NONE', ( #6176 ), #130 ) ;
#188 = CARTESIAN_POINT ( 'NONE',  ( 1.505122785420938358, 4.000000000000000000, -0.1657448231678102513 ) ) ;
#189 = EDGE_CURVE ( 'NONE', #1620, #2760, #3040, .T. ) ;
#190 = ORIENTED_EDGE ( 'NONE', *, *, #4610, .T. ) ;
#191 = CARTESIAN_POINT ( 'NONE',  ( -2.540900536710965607, 4.000000000000000000, 0.6703702798221691239 ) ) ;
#192 = SURFACE_SIDE_STYLE ('',( #3613 ) ) ;
#193 =( GEOMETRIC_REPRESENTATION_CONTEXT ( 3 ) GLOBAL_UNCERTAINTY_ASSIGNED_CONTEXT ( ( #5565 ) ) GLOBAL_UNIT_ASSIGNED_CONTEXT ( ( #3826, #4294, #385 ) ) REPRESENTATION_CONTEXT ( 'NONE', 'WORKASPACE' ) );
#194 = DIRECTION ( 'NONE',  ( -0.7808223912299693259, -0.6246579129839748834, 0.01090344442906046075 ) ) ;
#196 = DIRECTION ( 'NONE',  ( -1.000000000000000000, 0.0000000000000000000, 0.0000000000000000000 ) ) ;
#195 = CARTESIAN_POINT ( 'NONE',  ( -1.528630799032689280, 4.000000000000000000, 0.4152935750536601023 ) ) ;
#197 = EDGE_CURVE ( 'NONE', #3022, #3117, #883, .T. ) ;
#199 = CARTESIAN_POINT ( 'NONE',  ( 5.550000000000002487, 3.009999999999999787, 1.750000000000196065 ) ) ;
#198 =( NAMED_UNIT ( * ) SI_UNIT ( $, .STERADIAN. ) SOLID_ANGLE_UNIT ( ) );
#200 = SURFACE_STYLE_FILL_AREA ( #1920 ) ;
#201 = SURFACE_STYLE_FILL_AREA ( #5709 ) ;
#202 = EDGE_CURVE ( 'NONE', #4635, #4705, #2896, .T. ) ;
#203 = DIRECTION ( 'NONE',  ( -8.182148361827086404E-16, 1.000000000000000000, 0.0000000000000000000 ) ) ;
#204 = LINE ( 'NONE', #5318, #5053 ) ;
#205 = SURFACE_STYLE_USAGE ( .BOTH. , #6060 ) ;
#206 =( BOUNDED_CURVE ( )  B_SPLINE_CURVE ( 3, ( #4831, #3395, #2380, #4389 ),
 .UNSPECIFIED., .F., .F. ) 
 B_SPLINE_CURVE_WITH_KNOTS ( ( 4, 4 ),
 ( 2.356346783439925652, 3.926838523739660136 ),
 .UNSPECIFIED. ) 
 CURVE ( )  GEOMETRIC_REPRESENTATION_ITEM ( )  RATIONAL_B_SPLINE_CURVE ( ( 1.000000000000000000, 0.8048096403827855738, 0.8048096403827855738, 1.000000000000000000 ) ) 
 REPRESENTATION_ITEM ( '' )  );
#207 =( GEOMETRIC_REPRESENTATION_CONTEXT ( 3 ) GLOBAL_UNCERTAINTY_ASSIGNED_CONTEXT ( ( #86 ) ) GLOBAL_UNIT_ASSIGNED_CONTEXT ( ( #3339, #1945, #4394 ) ) REPRESENTATION_CONTEXT ( 'NONE', 'WORKASPACE' ) );
#208 = AXIS2_PLACEMENT_3D ( 'NONE', #5426, #4963, #2047 ) ;
#209 = SURFACE_STYLE_USAGE ( .BOTH. , #2632 ) ;
#210 = CARTESIAN_POINT ( 'NONE',  ( 5.549229627936316689, 3.009999999999999787, 2.050000000000495870 ) ) ;
#211 = DIRECTION ( 'NONE',  ( -0.2762517575166429373, 0.0000000000000000000, 0.9610853065513830229 ) ) ;
#212 = AXIS2_PLACEMENT_3D ( 'NONE', #3140, #2259, #3091 ) ;
#214 = FILL_AREA_STYLE_COLOUR ( '', #4702 ) ;
#213 = FILL_AREA_STYLE_COLOUR ( '', #5567 ) ;
#215 = LINE ( 'NONE', #4873, #1225 ) ;
#216 = FACE_OUTER_BOUND ( 'NONE', #2293, .T. ) ;
#217 = SURFACE_STYLE_FILL_AREA ( #2261 ) ;
#218 = VERTEX_POINT ( 'NONE', #2200 ) ;
#219 =( GEOMETRIC_REPRESENTATION_CONTEXT ( 3 ) GLOBAL_UNCERTAINTY_ASSIGNED_CONTEXT ( ( #597 ) ) GLOBAL_UNIT_ASSIGNED_CONTEXT ( ( #1214, #3098, #1167 ) ) REPRESENTATION_CONTEXT ( 'NONE', 'WORKASPACE' ) );
#220 = MECHANICAL_DESIGN_GEOMETRIC_PRESENTATION_REPRESENTATION (  '', ( #430 ), #1553 ) ;
#221 = ADVANCED_FACE ( 'NONE', ( #5404 ), #4064, .F. ) ;
#222 = EDGE_CURVE ( 'NONE', #1700, #2490, #2728, .T. ) ;
#223 = DIRECTION ( 'NONE',  ( 0.2740217765954298668, 0.0000000000000000000, -0.9617234872620530339 ) ) ;
#224 = VECTOR ( 'NONE', #1125, 1000.000000000000000 ) ;
#225 = LINE ( 'NONE', #4967, #3246 ) ;
#226 = ORIENTED_EDGE ( 'NONE', *, *, #4164, .T. ) ;
#227 =( NAMED_UNIT ( * ) SI_UNIT ( $, .STERADIAN. ) SOLID_ANGLE_UNIT ( ) );
#228 = ORIENTED_EDGE ( 'NONE', *, *, #4610, .F. ) ;
#229 = AXIS2_PLACEMENT_3D ( 'NONE', #615, #1117, #2069 ) ;
#230 = LINE ( 'NONE', #630, #1079 ) ;
#231 = CARTESIAN_POINT ( 'NONE',  ( 5.290000000000001812, 1.810000000000000497, 2.499999999999999112 ) ) ;
#232 = PRESENTATION_LAYER_ASSIGNMENT (  '', '', ( #3049 ) ) ;
#233 = ORIENTED_EDGE ( 'NONE', *, *, #2636, .F. ) ;
#234 = FACE_OUTER_BOUND ( 'NONE', #4048, .T. ) ;
#235 = SURFACE_STYLE_USAGE ( .BOTH. , #5142 ) ;
#236 = EDGE_CURVE ( 'NONE', #5467, #3723, #2873, .T. ) ;
#237 = ORIENTED_EDGE ( 'NONE', *, *, #2207, .T. ) ;
#238 = EDGE_LOOP ( 'NONE', ( #2953, #1666, #479, #3498 ) ) ;
#239 = DIRECTION ( 'NONE',  ( 0.2746918797667244339, 0.0000000000000000000, -0.9615323037684294638 ) ) ;
#241 = FILL_AREA_STYLE ('',( #762 ) ) ;
#240 = CARTESIAN_POINT ( 'NONE',  ( 2.670566904199616509, 4.000499999999999723, 0.6703702798221320425 ) ) ;
#242 = STYLED_ITEM ( 'NONE', ( #1543 ), #2038 ) ;
#243 = LINE ( 'NONE', #5205, #626 ) ;
#244 = EDGE_CURVE ( 'NONE', #218, #2685, #1153, .T. ) ;
#245 = ORIENTED_EDGE ( 'NONE', *, *, #23, .F. ) ;
#246 = ORIENTED_EDGE ( 'NONE', *, *, #2365, .T. ) ;
#247 = UNCERTAINTY_MEASURE_WITH_UNIT (LENGTH_MEASURE( 1.000000000000000082E-05 ), #1522, 'distance_accuracy_value', 'NONE');
#248 = SURFACE_STYLE_FILL_AREA ( #5554 ) ;
#249 = CARTESIAN_POINT ( 'NONE',  ( -5.100000000000000533, 2.950000000000000178, -5.099999999999998757 ) ) ;
#250 = CARTESIAN_POINT ( 'NONE',  ( 4.430828269187582436, 0.2000000000000012601, 5.051998571447399833 ) ) ;
#251 = ORIENTED_EDGE ( 'NONE', *, *, #5221, .F. ) ;
#252 = CARTESIAN_POINT ( 'NONE',  ( 5.550000000000002487, 3.010000000000000231, -2.050000000000496758 ) ) ;
#253 = ORIENTED_EDGE ( 'NONE', *, *, #5315, .F. ) ;
#254 = PRESENTATION_STYLE_ASSIGNMENT (( #1547 ) ) ;
#255 = STYLED_ITEM ( 'NONE', ( #1048 ), #5944 ) ;
#256 = SURFACE_STYLE_FILL_AREA ( #5416 ) ;
#257 = DIRECTION ( 'NONE',  ( 0.0000000000000000000, 1.000000000000000000, 2.319149032054553916E-16 ) ) ;
#258 = ORIENTED_EDGE ( 'NONE', *, *, #5352, .F. ) ;
#259 = DIRECTION ( 'NONE',  ( -1.484548110090179550E-16, 0.5665288228870651865, -0.8240419241993677257 ) ) ;
#260 = ADVANCED_FACE ( 'NONE', ( #5246 ), #712, .F. ) ;
#261 = ORIENTED_EDGE ( 'NONE', *, *, #3346, .T. ) ;
#262 = PRESENTATION_STYLE_ASSIGNMENT (( #1937 ) ) ;
#263 = CARTESIAN_POINT ( 'NONE',  ( 1.577687358616447488, 4.000499999999999723, -0.4151223552751845958 ) ) ;
#264 = CARTESIAN_POINT ( 'NONE',  ( -0.2631657934942407961, 4.000499999999999723, 0.6703702798221505832 ) ) ;
#266 =( LENGTH_UNIT ( ) NAMED_UNIT ( * ) SI_UNIT ( .MILLI., .METRE. ) );
#265 = SURFACE_STYLE_USAGE ( .BOTH. , #2193 ) ;
#267 = PRESENTATION_LAYER_ASSIGNMENT (  '', '', ( #2881 ) ) ;
#268 = CARTESIAN_POINT ( 'NONE',  ( 5.550000000000002487, 1.810000000000001164, -2.500000000000000888 ) ) ;
#269 = CARTESIAN_POINT ( 'NONE',  ( 0.8850544308041219388, 4.000000000000000000, 0.6703702798221414794 ) ) ;
#270 = AXIS2_PLACEMENT_3D ( 'NONE', #2512, #5891, #1059 ) ;
#271 = EDGE_CURVE ( 'NONE', #3965, #5401, #4615, .T. ) ;
#272 = SURFACE_SIDE_STYLE ('',( #1490 ) ) ;
#273 = DIRECTION ( 'NONE',  ( -0.0000000000000000000, -1.000000000000000000, 0.0000000000000000000 ) ) ;
#274 = DIRECTION ( 'NONE',  ( -0.0000000000000000000, -1.000000000000000000, 0.0000000000000000000 ) ) ;
#275 = LINE ( 'NONE', #4874, #3844 ) ;
#276 = COLOUR_RGB ( '',0.0000000000000000000, 0.0000000000000000000, 0.0000000000000000000 ) ;
#277 = AXIS2_PLACEMENT_3D ( 'NONE', #679, #1693, #5003 ) ;
#278 = EDGE_CURVE ( 'NONE', #5783, #4834, #3327, .T. ) ;
#279 = DIRECTION ( 'NONE',  ( 1.000000000000000000, 0.0000000000000000000, 0.0000000000000000000 ) ) ;
#280 = CARTESIAN_POINT ( 'NONE',  ( -4.479716604729727436, 2.950000000000000178, 5.079999999999998295 ) ) ;
#281 = VECTOR ( 'NONE', #6148, 1000.000000000000000 ) ;
#282 = UNCERTAINTY_MEASURE_WITH_UNIT (LENGTH_MEASURE( 1.000000000000000082E-05 ), #91, 'distance_accuracy_value', 'NONE');
#283 = EDGE_CURVE ( 'NONE', #3657, #4926, #1710, .T. ) ;
#284 = PRESENTATION_STYLE_ASSIGNMENT (( #5458 ) ) ;
#285 = SURFACE_STYLE_USAGE ( .BOTH. , #2238 ) ;
#286 = ADVANCED_FACE ( 'NONE', ( #234 ), #1067, .T. ) ;
#287 = DIRECTION ( 'NONE',  ( -0.01744974916068274193, -0.9996954598818874604, -0.01744974916068271764 ) ) ;
#288 = STYLED_ITEM ( 'NONE', ( #159 ), #1669 ) ;
#289 = FILL_AREA_STYLE_COLOUR ( '', #3607 ) ;
#290 = LINE ( 'NONE', #6150, #4910 ) ;
#291 = ADVANCED_FACE ( 'NONE', ( #1388 ), #3261, .F. ) ;
#292 = DIRECTION ( 'NONE',  ( 0.0000000000000000000, -1.057758217058801317E-16, 1.000000000000000000 ) ) ;
#293 = ORIENTED_EDGE ( 'NONE', *, *, #3523, .T. ) ;
#294 = AXIS2_PLACEMENT_3D ( 'NONE', #1080, #1569, #85 ) ;
#295 = AXIS2_PLACEMENT_3D ( 'NONE', #870, #4173, #4257 ) ;
#296 = SURFACE_STYLE_USAGE ( .BOTH. , #1255 ) ;
#297 = LINE ( 'NONE', #3350, #6303 ) ;
#298 = FILL_AREA_STYLE ('',( #3184 ) ) ;
#300 = DIRECTION ( 'NONE',  ( -1.000000000000000000, 0.0000000000000000000, 0.0000000000000000000 ) ) ;
#299 = DIRECTION ( 'NONE',  ( 1.000000000000000000, 0.0000000000000000000, 0.0000000000000000000 ) ) ;
#301 = ORIENTED_EDGE ( 'NONE', *, *, #6296, .T. ) ;
#302 = FILL_AREA_STYLE ('',( #5649 ) ) ;
#303 = EDGE_CURVE ( 'NONE', #389, #1166, #2864, .T. ) ;
#304 = MECHANICAL_DESIGN_GEOMETRIC_PRESENTATION_REPRESENTATION (  '', ( #4972 ), #4316 ) ;
#305 = SURFACE_STYLE_FILL_AREA ( #4298 ) ;
#306 = STYLED_ITEM ( 'NONE', ( #526 ), #2249 ) ;
#307 = CARTESIAN_POINT ( 'NONE',  ( 2.009699322137077360, 4.000499999999999723, 0.08206727095614561873 ) ) ;
#308 = EDGE_CURVE ( 'NONE', #172, #1018, #4754, .T. ) ;
#309 = DIRECTION ( 'NONE',  ( 0.0000000000000000000, 0.01745240643728369206, -0.9998476951563913806 ) ) ;
#310 = LINE ( 'NONE', #5889, #5768 ) ;
#311 = ORIENTED_EDGE ( 'NONE', *, *, #5674, .F. ) ;
#312 = PRESENTATION_STYLE_ASSIGNMENT (( #2428 ) ) ;
#313 = LINE ( 'NONE', #6066, #5095 ) ;
#314 = PLANE ( 'NONE',  #4594 ) ;
#315 = VECTOR ( 'NONE', #1581, 1000.000000000000000 ) ;
#316 = ORIENTED_EDGE ( 'NONE', *, *, #3180, .F. ) ;
#317 = CARTESIAN_POINT ( 'NONE',  ( -5.550000000000002487, 3.009999999999999787, 1.900000000000345857 ) ) ;
#318 = STYLED_ITEM ( 'NONE', ( #3234 ), #3991 ) ;
#319 = EDGE_CURVE ( 'NONE', #5457, #3114, #369, .T. ) ;
#320 = ORIENTED_EDGE ( 'NONE', *, *, #4420, .F. ) ;
#321 = DIRECTION ( 'NONE',  ( 0.0000000000000000000, -0.0000000000000000000, 1.000000000000000000 ) ) ;
#322 = ORIENTED_EDGE ( 'NONE', *, *, #4813, .F. ) ;
#323 = VECTOR ( 'NONE', #1594, 1000.000000000000000 ) ;
#324 = DIRECTION ( 'NONE',  ( -0.2765379750250032687, 0.0000000000000000000, 0.9610029908221257022 ) ) ;
#325 = PLANE ( 'NONE',  #4129 ) ;
#326 = EDGE_CURVE ( 'NONE', #2432, #2441, #5303, .T. ) ;
#327 = VECTOR ( 'NONE', #3460, 1000.000000000000000 ) ;
#328 = COLOUR_RGB ( '',1.000000000000000000, 1.000000000000000000, 1.000000000000000000 ) ;
#329 = LINE ( 'NONE', #4599, #2245 ) ;
#330 = EDGE_LOOP ( 'NONE', ( #4385, #3814, #6224, #5479, #5524 ) ) ;
#331 = ORIENTED_EDGE ( 'NONE', *, *, #3218, .T. ) ;
#332 = ORIENTED_EDGE ( 'NONE', *, *, #1668, .T. ) ;
#333 = CARTESIAN_POINT ( 'NONE',  ( 5.549229627936316689, 3.010000000000000231, -2.050000000000496758 ) ) ;
#334 = CARTESIAN_POINT ( 'NONE',  ( 5.072144223529249984, 3.250000000000000000, 5.079999999999997407 ) ) ;
#335 = SURFACE_STYLE_FILL_AREA ( #989 ) ;
#336 = COLOUR_RGB ( '',0.0000000000000000000, 0.0000000000000000000, 0.0000000000000000000 ) ;
#337 = VERTEX_POINT ( 'NONE', #1267 ) ;
#338 = VECTOR ( 'NONE', #4898, 999.9999999999998863 ) ;
#339 = VERTEX_POINT ( 'NONE', #1767 ) ;
#340 = FACE_OUTER_BOUND ( 'NONE', #5856, .T. ) ;
#341 = CARTESIAN_POINT ( 'NONE',  ( 4.430828269187573554, 0.2000000000000012601, -5.051998571447404274 ) ) ;
#342 = ORIENTED_EDGE ( 'NONE', *, *, #5923, .T. ) ;
#343 = FILL_AREA_STYLE_COLOUR ( '', #5756 ) ;
#345 = PLANE ( 'NONE',  #295 ) ;
#344 = CARTESIAN_POINT ( 'NONE',  ( -5.550000000000002487, 3.100000000000000533, 0.1500000000001489309 ) ) ;
#346 = MECHANICAL_DESIGN_GEOMETRIC_PRESENTATION_REPRESENTATION (  '', ( #5648 ), #1011 ) ;
#347 = EDGE_CURVE ( 'NONE', #1022, #5467, #4531, .T. ) ;
#348 = FACE_OUTER_BOUND ( 'NONE', #1329, .T. ) ;
#349 = FILL_AREA_STYLE_COLOUR ( '', #6 ) ;
#350 =( GEOMETRIC_REPRESENTATION_CONTEXT ( 3 ) GLOBAL_UNCERTAINTY_ASSIGNED_CONTEXT ( ( #4622 ) ) GLOBAL_UNIT_ASSIGNED_CONTEXT ( ( #3365, #4735, #5267 ) ) REPRESENTATION_CONTEXT ( 'NONE', 'WORKASPACE' ) );
#351 = COLOUR_RGB ( '',0.0000000000000000000, 0.0000000000000000000, 0.0000000000000000000 ) ;
#352 = DIRECTION ( 'NONE',  ( 0.0000000000000000000, -1.000000000000000000, -2.319149032054553916E-16 ) ) ;
#353 = FACE_BOUND ( 'NONE', #1883, .T. ) ;
#354 = DIRECTION ( 'NONE',  ( -0.0000000000000000000, -0.0000000000000000000, -1.000000000000000000 ) ) ;
#355 = DIRECTION ( 'NONE',  ( 0.0000000000000000000, -0.9996573249755572599, 0.02617694830787320806 ) ) ;
#356 = EDGE_CURVE ( 'NONE', #2823, #3827, #62, .T. ) ;
#357 = FACE_OUTER_BOUND ( 'NONE', #3565, .T. ) ;
#358 =( BOUNDED_CURVE ( )  B_SPLINE_CURVE ( 3, ( #3482, #4975, #4436, #596 ),
 .UNSPECIFIED., .F., .T. ) 
 B_SPLINE_CURVE_WITH_KNOTS ( ( 4, 4 ),
 ( 5.498129760120306742, 7.068240854238866611 ),
 .UNSPECIFIED. ) 
 CURVE ( )  GEOMETRIC_REPRESENTATION_ITEM ( )  RATIONAL_B_SPLINE_CURVE ( ( 1.000000000000000000, 0.8048993373437799415, 0.8048993373437799415, 1.000000000000000000 ) ) 
 REPRESENTATION_ITEM ( '' )  );
#359 = DIRECTION ( 'NONE',  ( 1.000000000000000000, 0.0000000000000000000, 0.0000000000000000000 ) ) ;
#360 = SURFACE_SIDE_STYLE ('',( #4916 ) ) ;
#361 = COLOUR_RGB ( '',0.0000000000000000000, 0.0000000000000000000, 0.0000000000000000000 ) ;
#362 = VERTEX_POINT ( 'NONE', #5595 ) ;
#363 = CARTESIAN_POINT ( 'NONE',  ( 5.079999999999998295, 2.950000000000000178, -2.050000000000442135 ) ) ;
#364 = EDGE_CURVE ( 'NONE', #655, #3733, #1040, .T. ) ;
#365 =( LENGTH_UNIT ( ) NAMED_UNIT ( * ) SI_UNIT ( .MILLI., .METRE. ) );
#366 = DIRECTION ( 'NONE',  ( 7.386927795987963789E-15, 0.0000000000000000000, 1.000000000000000000 ) ) ;
#367 = VECTOR ( 'NONE', #4571, 999.9999999999998863 ) ;
#368 = PRESENTATION_LAYER_ASSIGNMENT (  '', '', ( #3833 ) ) ;
#369 = LINE ( 'NONE', #6165, #2786 ) ;
#370 = ORIENTED_EDGE ( 'NONE', *, *, #1606, .T. ) ;
#371 = CARTESIAN_POINT ( 'NONE',  ( 3.550000000000003375, -0.05999999999999967859, -2.500000000000002220 ) ) ;
#372 = VERTEX_POINT ( 'NONE', #2720 ) ;
#373 = LINE ( 'NONE', #4318, #4998 ) ;
#374 = DIRECTION ( 'NONE',  ( 0.0000000000000000000, 0.0000000000000000000, -1.000000000000000000 ) ) ;
#375 = SURFACE_STYLE_FILL_AREA ( #298 ) ;
#377 = DIRECTION ( 'NONE',  ( -0.0000000000000000000, -1.000000000000000000, 0.0000000000000000000 ) ) ;
#376 = CARTESIAN_POINT ( 'NONE',  ( 5.550000000000002487, 3.100000000000000533, 2.050000000000439915 ) ) ;
#378 = VECTOR ( 'NONE', #1946, 1000.000000000000000 ) ;
#379 = VECTOR ( 'NONE', #5015, 1000.000000000000114 ) ;
#380 = ORIENTED_EDGE ( 'NONE', *, *, #3634, .T. ) ;
#381 = DIRECTION ( 'NONE',  ( 0.0000000000000000000, 0.0000000000000000000, 1.000000000000000000 ) ) ;
#382 =( LENGTH_UNIT ( ) NAMED_UNIT ( * ) SI_UNIT ( .MILLI., .METRE. ) );
#384 = SURFACE_SIDE_STYLE ('',( #5597 ) ) ;
#383 = CARTESIAN_POINT ( 'NONE',  ( -5.290000000000001812, 3.250000000000000000, 3.299999999999999822 ) ) ;
#385 =( NAMED_UNIT ( * ) SI_UNIT ( $, .STERADIAN. ) SOLID_ANGLE_UNIT ( ) );
#386 = ORIENTED_EDGE ( 'NONE', *, *, #444, .T. ) ;
#387 = ORIENTED_EDGE ( 'NONE', *, *, #907, .F. ) ;
#388 =( GEOMETRIC_REPRESENTATION_CONTEXT ( 3 ) GLOBAL_UNCERTAINTY_ASSIGNED_CONTEXT ( ( #488 ) ) GLOBAL_UNIT_ASSIGNED_CONTEXT ( ( #4939, #5383, #2957 ) ) REPRESENTATION_CONTEXT ( 'NONE', 'WORKASPACE' ) );
#389 = VERTEX_POINT ( 'NONE', #2746 ) ;
#391 = CARTESIAN_POINT ( 'NONE',  ( -5.550000000000002487, 0.1999999999999996780, -2.500000000000001332 ) ) ;
#390 = CARTESIAN_POINT ( 'NONE',  ( 5.417656777446237193, 0.2000000000000017042, 2.499999999999998668 ) ) ;
#392 = EDGE_CURVE ( 'NONE', #5535, #3028, #4911, .T. ) ;
#393 = ORIENTED_EDGE ( 'NONE', *, *, #4653, .T. ) ;
#394 = DIRECTION ( 'NONE',  ( 0.9610992334315878738, 0.0000000000000000000, 0.2762033010251946363 ) ) ;
#395 = ORIENTED_EDGE ( 'NONE', *, *, #2986, .T. ) ;
#396 = EDGE_CURVE ( 'NONE', #3204, #3117, #694, .T. ) ;
#397 = VERTEX_POINT ( 'NONE', #4658 ) ;
#398 = ORIENTED_EDGE ( 'NONE', *, *, #5066, .F. ) ;
#399 = CARTESIAN_POINT ( 'NONE',  ( -5.290000000000003588, 3.100000000000000533, 2.050000000000439915 ) ) ;
#400 = ORIENTED_EDGE ( 'NONE', *, *, #2132, .T. ) ;
#401 = UNCERTAINTY_MEASURE_WITH_UNIT (LENGTH_MEASURE( 1.000000000000000082E-05 ), #119, 'distance_accuracy_value', 'NONE');
#402 = CARTESIAN_POINT ( 'NONE',  ( 5.290000000000002700, 0.1999999999999995948, 3.299999999999999822 ) ) ;
#403 = ORIENTED_EDGE ( 'NONE', *, *, #3318, .T. ) ;
#404 = LINE ( 'NONE', #4388, #3970 ) ;
#405 =( NAMED_UNIT ( * ) SI_UNIT ( $, .STERADIAN. ) SOLID_ANGLE_UNIT ( ) );
#406 = CARTESIAN_POINT ( 'NONE',  ( -4.452221387082079040, 4.000000000000000000, -5.052504782352351675 ) ) ;
#407 = ORIENTED_EDGE ( 'NONE', *, *, #1400, .T. ) ;
#409 = CARTESIAN_POINT ( 'NONE',  ( 3.423012609376344884, 4.000499999999999723, -0.6703702798221505832 ) ) ;
#408 =( NAMED_UNIT ( * ) PLANE_ANGLE_UNIT ( ) SI_UNIT ( $, .RADIAN. ) );
#410 = DIRECTION ( 'NONE',  ( 0.0000000000000000000, 0.0000000000000000000, -1.000000000000000000 ) ) ;
#411 = EDGE_CURVE ( 'NONE', #74, #627, #3623, .T. ) ;
#412 = VERTEX_POINT ( 'NONE', #5730 ) ;
#413 = COLOUR_RGB ( '',0.5019607843137254832, 0.5019607843137254832, 0.5019607843137254832 ) ;
#414 = AXIS2_PLACEMENT_3D ( 'NONE', #2923, #1016, #3841 ) ;
#415 = SURFACE_STYLE_USAGE ( .BOTH. , #2824 ) ;
#416 = DIRECTION ( 'NONE',  ( 0.0000000000000000000, 0.0000000000000000000, 1.000000000000000000 ) ) ;
#417 = SURFACE_STYLE_FILL_AREA ( #4136 ) ;
#418 = DIRECTION ( 'NONE',  ( 0.7059037656364430813, 0.0000000000000000000, -0.7083077534944041131 ) ) ;
#419 = ORIENTED_EDGE ( 'NONE', *, *, #1785, .F. ) ;
#420 = COLOUR_RGB ( '',1.000000000000000000, 1.000000000000000000, 1.000000000000000000 ) ;
#421 = STYLED_ITEM ( 'NONE', ( #284 ), #4572 ) ;
#422 =( GEOMETRIC_REPRESENTATION_CONTEXT ( 3 ) GLOBAL_UNCERTAINTY_ASSIGNED_CONTEXT ( ( #5060 ) ) GLOBAL_UNIT_ASSIGNED_CONTEXT ( ( #5217, #5245, #2311 ) ) REPRESENTATION_CONTEXT ( 'NONE', 'WORKASPACE' ) );
#423 = DIRECTION ( 'NONE',  ( 1.000000000000000000, -3.354250471127030822E-16, -7.779006733382785237E-32 ) ) ;
#424 = CIRCLE ( 'NONE', #3711, 0.2599999999999997868 ) ;
#425 = CARTESIAN_POINT ( 'NONE',  ( -5.100000000000000533, 2.949999999999999734, 4.478829697740173366 ) ) ;
#426 = FILL_AREA_STYLE_COLOUR ( '', #2397 ) ;
#427 = PRESENTATION_LAYER_ASSIGNMENT (  '', '', ( #1509 ) ) ;
#429 = FILL_AREA_STYLE ('',( #3799 ) ) ;
#428 = CARTESIAN_POINT ( 'NONE',  ( 1.898023259321394152, 4.000499999999999723, 0.6703702798221414794 ) ) ;
#430 = STYLED_ITEM ( 'NONE', ( #732 ), #2617 ) ;
#431 = VECTOR ( 'NONE', #3870, 1000.000000000000000 ) ;
#432 = FILL_AREA_STYLE_COLOUR ( '', #1778 ) ;
#433 = EDGE_CURVE ( 'NONE', #4339, #4640, #4830, .T. ) ;
#434 = CARTESIAN_POINT ( 'NONE',  ( -2.833111550310750015, 4.000499999999999723, -0.05761545578488168340 ) ) ;
#435 = DIRECTION ( 'NONE',  ( 0.2763139702539091358, 0.0000000000000000000, -0.9610674221107079473 ) ) ;
#436 = FILL_AREA_STYLE ('',( #1989 ) ) ;
#437 = PLANE ( 'NONE',  #1807 ) ;
#438 = PRESENTATION_LAYER_ASSIGNMENT (  '', '', ( #6091 ) ) ;
#439 =( GEOMETRIC_REPRESENTATION_CONTEXT ( 3 ) GLOBAL_UNCERTAINTY_ASSIGNED_CONTEXT ( ( #3376 ) ) GLOBAL_UNIT_ASSIGNED_CONTEXT ( ( #4841, #4932, #1512 ) ) REPRESENTATION_CONTEXT ( 'NONE', 'WORKASPACE' ) );
#440 = EDGE_CURVE ( 'NONE', #4852, #4233, #4377, .T. ) ;
#441 = CARTESIAN_POINT ( 'NONE',  ( -3.037706955692804467, 4.000499999999999723, -0.6703702798221505832 ) ) ;
#442 = DIRECTION ( 'NONE',  ( 0.0000000000000000000, 2.409338161079554329E-15, -1.000000000000000000 ) ) ;
#443 = UNCERTAINTY_MEASURE_WITH_UNIT (LENGTH_MEASURE( 1.000000000000000082E-05 ), #3296, 'distance_accuracy_value', 'NONE');
#444 = EDGE_CURVE ( 'NONE', #337, #5398, #1699, .T. ) ;
#445 = VECTOR ( 'NONE', #2912, 1000.000000000000000 ) ;
#446 = SURFACE_SIDE_STYLE ('',( #4057 ) ) ;
#447 = COLOUR_RGB ( '',0.5019607843137254832, 0.5019607843137254832, 0.5019607843137254832 ) ;
#448 = LINE ( 'NONE', #4819, #5441 ) ;
#449 = CARTESIAN_POINT ( 'NONE',  ( -2.819842016330205148, 4.000000000000000000, -0.09862666963029803613 ) ) ;
#450 = EDGE_LOOP ( 'NONE', ( #2827, #4333, #316, #5260 ) ) ;
#451 = CARTESIAN_POINT ( 'NONE',  ( -2.132957182187180667, 4.000499999999999723, 0.6703702798221644610 ) ) ;
#452 = VECTOR ( 'NONE', #3702, 1000.000000000000114 ) ;
#453 = COLOUR_RGB ( '',0.0000000000000000000, 0.0000000000000000000, 0.0000000000000000000 ) ;
#454 = PRESENTATION_STYLE_ASSIGNMENT (( #1320 ) ) ;
#455 = ORIENTED_EDGE ( 'NONE', *, *, #992, .T. ) ;
#457 =( NAMED_UNIT ( * ) PLANE_ANGLE_UNIT ( ) SI_UNIT ( $, .RADIAN. ) );
#456 = DIRECTION ( 'NONE',  ( -0.2793947940814909825, 0.0000000000000000000, 0.9601763114346038019 ) ) ;
#458 = CARTESIAN_POINT ( 'NONE',  ( 3.600228457265417070, 2.950000000000000178, 5.099999999999997868 ) ) ;
#459 = FACE_OUTER_BOUND ( 'NONE', #2901, .T. ) ;
#460 = AXIS2_PLACEMENT_3D ( 'NONE', #1142, #136, #3522 ) ;
#461 = VERTEX_POINT ( 'NONE', #3303 ) ;
#462 = CARTESIAN_POINT ( 'NONE',  ( -0.7875100603410186695, 4.000499999999999723, -0.1657896664456280922 ) ) ;
#463 = SURFACE_STYLE_FILL_AREA ( #2450 ) ;
#464 = PLANE ( 'NONE',  #2819 ) ;
#465 = CARTESIAN_POINT ( 'NONE',  ( 5.290000000000003588, 3.100000000000000533, 2.050000000000439915 ) ) ;
#466 = ORIENTED_EDGE ( 'NONE', *, *, #6271, .T. ) ;
#467 = PRESENTATION_LAYER_ASSIGNMENT (  '', '', ( #5784 ) ) ;
#468 = COLOUR_RGB ( '',0.0000000000000000000, 0.0000000000000000000, 0.0000000000000000000 ) ;
#469 =( GEOMETRIC_REPRESENTATION_CONTEXT ( 3 ) GLOBAL_UNCERTAINTY_ASSIGNED_CONTEXT ( ( #126 ) ) GLOBAL_UNIT_ASSIGNED_CONTEXT ( ( #2228, #5588, #2694 ) ) REPRESENTATION_CONTEXT ( 'NONE', 'WORKASPACE' ) );
#470 = EDGE_LOOP ( 'NONE', ( #4260, #5754, #2166, #5222 ) ) ;
#471 = ORIENTED_EDGE ( 'NONE', *, *, #1284, .F. ) ;
#472 = SURFACE_STYLE_USAGE ( .BOTH. , #1555 ) ;
#473 = CARTESIAN_POINT ( 'NONE',  ( -5.550000000000002487, 2.989999999999999769, -2.048660687473682795 ) ) ;
#475 = DIRECTION ( 'NONE',  ( 0.0000000000000000000, 0.0000000000000000000, -1.000000000000000000 ) ) ;
#474 = CARTESIAN_POINT ( 'NONE',  ( -3.550000000000002931, 0.1999999999999997335, 2.499999999999998668 ) ) ;
#476 = VERTEX_POINT ( 'NONE', #5800 ) ;
#477 = DIRECTION ( 'NONE',  ( 0.0000000000000000000, 1.000000000000000000, -2.409338161079554329E-15 ) ) ;
#478 = VECTOR ( 'NONE', #2849, 1000.000000000000000 ) ;
#479 = ORIENTED_EDGE ( 'NONE', *, *, #6022, .F. ) ;
#480 = ORIENTED_EDGE ( 'NONE', *, *, #952, .F. ) ;
#481 = ORIENTED_EDGE ( 'NONE', *, *, #308, .T. ) ;
#482 = STYLED_ITEM ( 'NONE', ( #82 ), #3392 ) ;
#484 = CARTESIAN_POINT ( 'NONE',  ( 3.550000000000002487, 3.250000000000000000, 3.299999999999999822 ) ) ;
#483 =( LENGTH_UNIT ( ) NAMED_UNIT ( * ) SI_UNIT ( .MILLI., .METRE. ) );
#485 = SURFACE_STYLE_USAGE ( .BOTH. , #518 ) ;
#486 = ORIENTED_EDGE ( 'NONE', *, *, #4982, .T. ) ;
#487 = ORIENTED_EDGE ( 'NONE', *, *, #6299, .T. ) ;
#488 = UNCERTAINTY_MEASURE_WITH_UNIT (LENGTH_MEASURE( 1.000000000000000082E-05 ), #4939, 'distance_accuracy_value', 'NONE');
#489 = PRESENTATION_LAYER_ASSIGNMENT (  '', '', ( #4251 ) ) ;
#490 = EDGE_CURVE ( 'NONE', #5926, #929, #2930, .T. ) ;
#491 = ORIENTED_EDGE ( 'NONE', *, *, #2214, .F. ) ;
#492 = FACE_OUTER_BOUND ( 'NONE', #3154, .T. ) ;
#493 = LINE ( 'NONE', #3915, #1498 ) ;
#494 = ADVANCED_FACE ( 'NONE', ( #3938 ), #437, .F. ) ;
#495 = CARTESIAN_POINT ( 'NONE',  ( 1.339292352362083438, 4.000499999999999723, 0.4152446551201288694 ) ) ;
#496 = COLOUR_RGB ( '',0.0000000000000000000, 0.0000000000000000000, 0.0000000000000000000 ) ;
#497 = DIRECTION ( 'NONE',  ( -0.9999960426590095430, 0.0000000000000000000, -0.002813301676019472428 ) ) ;
#498 = CARTESIAN_POINT ( 'NONE',  ( -5.550000000000002487, 2.360000000000000764, 3.299999999999999822 ) ) ;
#499 = CARTESIAN_POINT ( 'NONE',  ( -5.550000000000002487, 3.100000000000000977, -0.1500000000001504574 ) ) ;
#500 =( NAMED_UNIT ( * ) SI_UNIT ( $, .STERADIAN. ) SOLID_ANGLE_UNIT ( ) );
#501 = EDGE_CURVE ( 'NONE', #3181, #5372, #297, .T. ) ;
#502 = COLOUR_RGB ( '',1.000000000000000000, 1.000000000000000000, 1.000000000000000000 ) ;
#503 = PRESENTATION_LAYER_ASSIGNMENT (  '', '', ( #5813 ) ) ;
#504 = CARTESIAN_POINT ( 'NONE',  ( -5.290000000000002700, 2.360000000000000764, 3.299999999999999822 ) ) ;
#506 = DIRECTION ( 'NONE',  ( -0.9998476951563912696, -0.01745240643728354982, 0.0000000000000000000 ) ) ;
#505 = CARTESIAN_POINT ( 'NONE',  ( 2.009699322137077360, 4.000000000000000000, 0.08206727095614561873 ) ) ;
#507 = AXIS2_PLACEMENT_3D ( 'NONE', #441, #6263, #3850 ) ;
#508 = CARTESIAN_POINT ( 'NONE',  ( 0.04607485088685460417, 4.000000000000000000, 0.2874720023903819532 ) ) ;
#510 =( NAMED_UNIT ( * ) PLANE_ANGLE_UNIT ( ) SI_UNIT ( $, .RADIAN. ) );
#509 = SURFACE_SIDE_STYLE ('',( #5283 ) ) ;
#511 = FACE_OUTER_BOUND ( 'NONE', #2597, .T. ) ;
#512 = STYLED_ITEM ( 'NONE', ( #3065 ), #3036 ) ;
#513 = CARTESIAN_POINT ( 'NONE',  ( 1.970416612737251105, 4.000499999999999723, 0.4152446551201242064 ) ) ;
#514 = FACE_OUTER_BOUND ( 'NONE', #1026, .T. ) ;
#515 = EDGE_CURVE ( 'NONE', #3028, #3277, #1463, .T. ) ;
#516 = ADVANCED_FACE ( 'NONE', ( #5141 ), #4154, .F. ) ;
#517 = SURFACE_SIDE_STYLE ('',( #619 ) ) ;
#518 = SURFACE_SIDE_STYLE ('',( #4931 ) ) ;
#519 = MECHANICAL_DESIGN_GEOMETRIC_PRESENTATION_REPRESENTATION (  '', ( #2903 ), #1519 ) ;
#520 = ORIENTED_EDGE ( 'NONE', *, *, #5193, .T. ) ;
#521 = ORIENTED_EDGE ( 'NONE', *, *, #824, .T. ) ;
#522 = EDGE_CURVE ( 'NONE', #4453, #1022, #1318, .T. ) ;
#523 = COLOUR_RGB ( '',0.0000000000000000000, 0.0000000000000000000, 0.0000000000000000000 ) ;
#524 = VECTOR ( 'NONE', #600, 1000.000000000000114 ) ;
#525 = FACE_OUTER_BOUND ( 'NONE', #3658, .T. ) ;
#526 = PRESENTATION_STYLE_ASSIGNMENT (( #1602 ) ) ;
#527 = COLOUR_RGB ( '',0.0000000000000000000, 0.0000000000000000000, 0.0000000000000000000 ) ;
#528 = DIRECTION ( 'NONE',  ( 0.0000000000000000000, -0.0000000000000000000, -1.000000000000000000 ) ) ;
#529 = ORIENTED_EDGE ( 'NONE', *, *, #4442, .F. ) ;
#530 = ORIENTED_EDGE ( 'NONE', *, *, #4723, .T. ) ;
#531 = EDGE_CURVE ( 'NONE', #1789, #3641, #3858, .T. ) ;
#532 = DIRECTION ( 'NONE',  ( -0.0000000000000000000, -0.5665288228870649645, -0.8240419241993678368 ) ) ;
#533 = DIRECTION ( 'NONE',  ( 0.3725077383644726514, 0.0000000000000000000, 0.9280290862136734154 ) ) ;
#534 = MECHANICAL_DESIGN_GEOMETRIC_PRESENTATION_REPRESENTATION (  '', ( #749 ), #876 ) ;
#535 = CARTESIAN_POINT ( 'NONE',  ( -3.552227028712814594, 0.1999999999999999001, 5.051998571447399833 ) ) ;
#536 = COLOUR_RGB ( '',1.000000000000000000, 1.000000000000000000, 1.000000000000000000 ) ;
#537 = EDGE_LOOP ( 'NONE', ( #2231, #1533, #3188, #1482 ) ) ;
#538 =( GEOMETRIC_REPRESENTATION_CONTEXT ( 3 ) GLOBAL_UNCERTAINTY_ASSIGNED_CONTEXT ( ( #5719 ) ) GLOBAL_UNIT_ASSIGNED_CONTEXT ( ( #2915, #4428, #3409 ) ) REPRESENTATION_CONTEXT ( 'NONE', 'WORKASPACE' ) );
#539 = COLOUR_RGB ( '',1.000000000000000000, 1.000000000000000000, 1.000000000000000000 ) ;
#540 = DIRECTION ( 'NONE',  ( 1.000000000000000000, 0.0000000000000000000, 0.0000000000000000000 ) ) ;
#541 = VECTOR ( 'NONE', #4789, 1000.000000000000000 ) ;
#542 = FILL_AREA_STYLE_COLOUR ( '', #468 ) ;
#543 = ORIENTED_EDGE ( 'NONE', *, *, #1275, .F. ) ;
#544 = MECHANICAL_DESIGN_GEOMETRIC_PRESENTATION_REPRESENTATION (  '', ( #6188 ), #2995 ) ;
#545 = PRESENTATION_LAYER_ASSIGNMENT (  '', '', ( #5128 ) ) ;
#546 = VECTOR ( 'NONE', #1281, 1000.000000000000000 ) ;
#547 = ORIENTED_EDGE ( 'NONE', *, *, #4102, .T. ) ;
#548 = ORIENTED_EDGE ( 'NONE', *, *, #4953, .T. ) ;
#549 = ADVANCED_FACE ( 'NONE', ( #1618 ), #1893, .F. ) ;
#550 = FILL_AREA_STYLE_COLOUR ( '', #562 ) ;
#551 =( NAMED_UNIT ( * ) SI_UNIT ( $, .STERADIAN. ) SOLID_ANGLE_UNIT ( ) );
#552 = STYLED_ITEM ( 'NONE', ( #736 ), #5432 ) ;
#553 = ORIENTED_EDGE ( 'NONE', *, *, #47, .F. ) ;
#554 = DIRECTION ( 'NONE',  ( 0.0000000000000000000, 1.000000000000000000, 2.409338161079554329E-15 ) ) ;
#555 = EDGE_CURVE ( 'NONE', #1166, #32, #1940, .T. ) ;
#556 = ORIENTED_EDGE ( 'NONE', *, *, #2783, .F. ) ;
#557 = FILL_AREA_STYLE ('',( #3459 ) ) ;
#558 = CARTESIAN_POINT ( 'NONE',  ( 3.630496878785446579, 2.950000000000000178, 5.079999999999997407 ) ) ;
#559 = DIRECTION ( 'NONE',  ( 0.0000000000000000000, -1.057758217058801317E-16, 1.000000000000000000 ) ) ;
#560 = ORIENTED_EDGE ( 'NONE', *, *, #4138, .T. ) ;
#561 = VECTOR ( 'NONE', #2997, 1000.000000000000000 ) ;
#562 = COLOUR_RGB ( '',0.0000000000000000000, 0.0000000000000000000, 0.0000000000000000000 ) ;
#563 = AXIS2_PLACEMENT_3D ( 'NONE', #962, #3771, #4755 ) ;
#564 =( BOUNDED_CURVE ( )  B_SPLINE_CURVE ( 3, ( #1882, #406, #1433, #2334 ),
 .UNSPECIFIED., .F., .F. ) 
 B_SPLINE_CURVE_WITH_KNOTS ( ( 4, 4 ),
 ( 5.498129760120307630, 7.068240854238865722 ),
 .UNSPECIFIED. ) 
 CURVE ( )  GEOMETRIC_REPRESENTATION_ITEM ( )  RATIONAL_B_SPLINE_CURVE ( ( 1.000000000000000000, 0.8048993373437802745, 0.8048993373437802745, 1.000000000000000000 ) ) 
 REPRESENTATION_ITEM ( '' )  );
#565 = PLANE ( 'NONE',  #878 ) ;
#566 = EDGE_CURVE ( 'NONE', #3504, #1268, #3090, .T. ) ;
#567 = STYLED_ITEM ( 'NONE', ( #5837 ), #2009 ) ;
#568 = EDGE_CURVE ( 'NONE', #102, #4633, #5011, .T. ) ;
#569 = SURFACE_STYLE_USAGE ( .BOTH. , #2919 ) ;
#570 = VERTEX_POINT ( 'NONE', #4348 ) ;
#572 = CARTESIAN_POINT ( 'NONE',  ( -5.550000000000002487, 1.810000000000000497, 2.499999999999999112 ) ) ;
#571 =( NAMED_UNIT ( * ) SI_UNIT ( $, .STERADIAN. ) SOLID_ANGLE_UNIT ( ) );
#573 = LINE ( 'NONE', #1276, #5570 ) ;
#574 =( NAMED_UNIT ( * ) PLANE_ANGLE_UNIT ( ) SI_UNIT ( $, .RADIAN. ) );
#575 = DIRECTION ( 'NONE',  ( 0.0000000000000000000, -1.057758217058801317E-16, 1.000000000000000000 ) ) ;
#576 = CARTESIAN_POINT ( 'NONE',  ( 1.434409016508026102, 4.000499999999999723, 0.08206727095614561873 ) ) ;
#577 = LINE ( 'NONE', #1692, #2551 ) ;
#578 = DIRECTION ( 'NONE',  ( 0.2793947940878648284, 0.0000000000000000000, -0.9601763114327491744 ) ) ;
#579 = DIRECTION ( 'NONE',  ( -0.0000000000000000000, -0.0000000000000000000, 1.000000000000000000 ) ) ;
#580 = ADVANCED_FACE ( 'NONE', ( #5463 ), #3446, .T. ) ;
#581 = VECTOR ( 'NONE', #4596, 1000.000000000000000 ) ;
#583 = CARTESIAN_POINT ( 'NONE',  ( 2.650000000000000355, 0.0000000000000000000, 5.048507558461755806 ) ) ;
#582 = SURFACE_STYLE_USAGE ( .BOTH. , #5490 ) ;
#585 =( LENGTH_UNIT ( ) NAMED_UNIT ( * ) SI_UNIT ( .MILLI., .METRE. ) );
#584 =( NAMED_UNIT ( * ) PLANE_ANGLE_UNIT ( ) SI_UNIT ( $, .RADIAN. ) );
#586 = VECTOR ( 'NONE', #3853, 1000.000000000000000 ) ;
#587 = ADVANCED_FACE ( 'NONE', ( #4323 ), #1518, .F. ) ;
#588 = VECTOR ( 'NONE', #752, 1000.000000000000000 ) ;
#589 = MECHANICAL_DESIGN_GEOMETRIC_PRESENTATION_REPRESENTATION (  '', ( #5893 ), #4074 ) ;
#590 = CARTESIAN_POINT ( 'NONE',  ( 2.670566904199616509, 4.000000000000000000, 0.6703702798221320425 ) ) ;
#591 = SURFACE_SIDE_STYLE ('',( #640 ) ) ;
#592 = CARTESIAN_POINT ( 'NONE',  ( 1.339292352362083438, 4.000000000000000000, 0.4152446551201288694 ) ) ;
#594 = FILL_AREA_STYLE_COLOUR ( '', #4848 ) ;
#593 =( NAMED_UNIT ( * ) PLANE_ANGLE_UNIT ( ) SI_UNIT ( $, .RADIAN. ) );
#595 = CARTESIAN_POINT ( 'NONE',  ( 2.981526483648595072, 4.000499999999999723, -0.4114982032729543882 ) ) ;
#596 = CARTESIAN_POINT ( 'NONE',  ( 5.079999999999997407, 2.950000000000000178, -3.630496878785444359 ) ) ;
#597 = UNCERTAINTY_MEASURE_WITH_UNIT (LENGTH_MEASURE( 1.000000000000000082E-05 ), #1214, 'distance_accuracy_value', 'NONE');
#598 =( NAMED_UNIT ( * ) PLANE_ANGLE_UNIT ( ) SI_UNIT ( $, .RADIAN. ) );
#599 = STYLED_ITEM ( 'NONE', ( #5397 ), #2914 ) ;
#600 = DIRECTION ( 'NONE',  ( 0.7808223912299693259, -0.6246579129839748834, -0.01090344442906026126 ) ) ;
#601 = FACE_OUTER_BOUND ( 'NONE', #3805, .T. ) ;
#602 = EDGE_CURVE ( 'NONE', #3387, #5909, #4209, .T. ) ;
#603 = LINE ( 'NONE', #2967, #835 ) ;
#604 = LINE ( 'NONE', #2833, #4153 ) ;
#605 = ORIENTED_EDGE ( 'NONE', *, *, #1438, .T. ) ;
#607 = CARTESIAN_POINT ( 'NONE',  ( -5.550000000000002487, 3.010000000000000231, -2.050000000000496758 ) ) ;
#606 =( NAMED_UNIT ( * ) PLANE_ANGLE_UNIT ( ) SI_UNIT ( $, .RADIAN. ) );
#608 = VERTEX_POINT ( 'NONE', #5384 ) ;
#609 = FILL_AREA_STYLE_COLOUR ( '', #1179 ) ;
#610 = MECHANICAL_DESIGN_GEOMETRIC_PRESENTATION_REPRESENTATION (  '', ( #3388 ), #38 ) ;
#611 = EDGE_CURVE ( 'NONE', #397, #2609, #275, .T. ) ;
#612 = FACE_OUTER_BOUND ( 'NONE', #6070, .T. ) ;
#613 = FACE_OUTER_BOUND ( 'NONE', #4264, .T. ) ;
#614 = ORIENTED_EDGE ( 'NONE', *, *, #5702, .T. ) ;
#615 = CARTESIAN_POINT ( 'NONE',  ( -3.041767311539077312, 4.000499999999999723, 0.6703702798221691239 ) ) ;
#617 = CARTESIAN_POINT ( 'NONE',  ( -2.899999999999999023, 0.1999999999999998723, 5.051998571447401609 ) ) ;
#616 = DIRECTION ( 'NONE',  ( -9.390727478220907155E-16, 0.0000000000000000000, -1.000000000000000000 ) ) ;
#618 = ORIENTED_EDGE ( 'NONE', *, *, #1394, .F. ) ;
#619 = SURFACE_STYLE_FILL_AREA ( #4427 ) ;
#620 = EDGE_CURVE ( 'NONE', #852, #3256, #6194, .T. ) ;
#621 = VERTEX_POINT ( 'NONE', #1973 ) ;
#622 = CARTESIAN_POINT ( 'NONE',  ( 0.04607485088685460417, 4.000499999999999723, 0.2874720023903819532 ) ) ;
#623 = ORIENTED_EDGE ( 'NONE', *, *, #4442, .T. ) ;
#624 = SURFACE_SIDE_STYLE ('',( #6140 ) ) ;
#625 = CARTESIAN_POINT ( 'NONE',  ( -5.290000000000001812, 3.250000000000000000, 3.299999999999999822 ) ) ;
#626 = VECTOR ( 'NONE', #5700, 1000.000000000000000 ) ;
#627 = VERTEX_POINT ( 'NONE', #1991 ) ;
#628 = VERTEX_POINT ( 'NONE', #7 ) ;
#630 = CARTESIAN_POINT ( 'NONE',  ( -0.7875100603410186695, 4.000499999999999723, -0.1657896664456280922 ) ) ;
#629 = FILL_AREA_STYLE ('',( #2620 ) ) ;
#631 = ORIENTED_EDGE ( 'NONE', *, *, #5429, .T. ) ;
#633 = DIRECTION ( 'NONE',  ( -0.9615323037684295748, 0.0000000000000000000, -0.2746918797667244339 ) ) ;
#632 = SURFACE_STYLE_USAGE ( .BOTH. , #4509 ) ;
#634 = LINE ( 'NONE', #3907, #4250 ) ;
#635 =( GEOMETRIC_REPRESENTATION_CONTEXT ( 3 ) GLOBAL_UNCERTAINTY_ASSIGNED_CONTEXT ( ( #4161 ) ) GLOBAL_UNIT_ASSIGNED_CONTEXT ( ( #3715, #2197, #5561 ) ) REPRESENTATION_CONTEXT ( 'NONE', 'WORKASPACE' ) );
#636 = AXIS2_PLACEMENT_3D ( 'NONE', #2771, #3227, #300 ) ;
#637 = ORIENTED_EDGE ( 'NONE', *, *, #2013, .T. ) ;
#638 = FACE_OUTER_BOUND ( 'NONE', #4100, .T. ) ;
#639 = EDGE_LOOP ( 'NONE', ( #4787, #3268, #2418, #1328 ) ) ;
#640 = SURFACE_STYLE_FILL_AREA ( #2905 ) ;
#642 = CARTESIAN_POINT ( 'NONE',  ( 0.8850544308041219388, 4.000499999999999723, 0.6703702798221414794 ) ) ;
#641 = FILL_AREA_STYLE ('',( #6036 ) ) ;
#643 = ORIENTED_EDGE ( 'NONE', *, *, #5802, .T. ) ;
#644 = ORIENTED_EDGE ( 'NONE', *, *, #3305, .T. ) ;
#645 = EDGE_CURVE ( 'NONE', #627, #5918, #4886, .T. ) ;
#646 = MECHANICAL_DESIGN_GEOMETRIC_PRESENTATION_REPRESENTATION (  '', ( #4001 ), #3801 ) ;
#647 =( GEOMETRIC_REPRESENTATION_CONTEXT ( 3 ) GLOBAL_UNCERTAINTY_ASSIGNED_CONTEXT ( ( #1833 ) ) GLOBAL_UNIT_ASSIGNED_CONTEXT ( ( #2907, #1938, #2400 ) ) REPRESENTATION_CONTEXT ( 'NONE', 'WORKASPACE' ) );
#648 = SURFACE_SIDE_STYLE ('',( #1289 ) ) ;
#649 = ORIENTED_EDGE ( 'NONE', *, *, #2054, .T. ) ;
#650 = EDGE_CURVE ( 'NONE', #2015, #5753, #3763, .T. ) ;
#651 = CARTESIAN_POINT ( 'NONE',  ( 0.0000000000000000000, 4.000000000000000000, 0.0000000000000000000 ) ) ;
#652 = LINE ( 'NONE', #4077, #5628 ) ;
#653 = FILL_AREA_STYLE_COLOUR ( '', #1406 ) ;
#654 = ORIENTED_EDGE ( 'NONE', *, *, #2715, .F. ) ;
#655 = VERTEX_POINT ( 'NONE', #3039 ) ;
#656 = DIRECTION ( 'NONE',  ( 1.000000000000000000, 0.0000000000000000000, -1.249060889481360700E-14 ) ) ;
#657 = FACE_OUTER_BOUND ( 'NONE', #846, .T. ) ;
#658 = EDGE_CURVE ( 'NONE', #5414, #5358, #2266, .T. ) ;
#659 = ADVANCED_FACE ( 'NONE', ( #906 ), #2149, .F. ) ;
#660 = PRESENTATION_LAYER_ASSIGNMENT (  '', '', ( #2778 ) ) ;
#661 = SURFACE_STYLE_FILL_AREA ( #665 ) ;
#663 = CARTESIAN_POINT ( 'NONE',  ( -0.7853983497317067464, 4.000499999999999723, 0.4152935750536601023 ) ) ;
#662 = DIRECTION ( 'NONE',  ( 1.000000000000000000, 0.0000000000000000000, -1.585630839319239247E-14 ) ) ;
#664 = EDGE_CURVE ( 'NONE', #1573, #4099, #1366, .T. ) ;
#666 =( LENGTH_UNIT ( ) NAMED_UNIT ( * ) SI_UNIT ( .MILLI., .METRE. ) );
#665 = FILL_AREA_STYLE ('',( #2090 ) ) ;
#667 = LINE ( 'NONE', #178, #3595 ) ;
#668 = DIRECTION ( 'NONE',  ( 0.2762437428917342563, 0.0000000000000000000, -0.9610876102172816182 ) ) ;
#669 = EDGE_CURVE ( 'NONE', #6151, #4952, #1049, .T. ) ;
#670 = DIRECTION ( 'NONE',  ( -0.0000000000000000000, -1.000000000000000000, 0.0000000000000000000 ) ) ;
#672 = CARTESIAN_POINT ( 'NONE',  ( 5.072144223529242879, 3.250000000000000444, -2.050000000000442135 ) ) ;
#671 = CARTESIAN_POINT ( 'NONE',  ( 5.290000000000001812, 3.250000000000000000, 2.499999999999999556 ) ) ;
#673 = FILL_AREA_STYLE_COLOUR ( '', #3761 ) ;
#674 = CARTESIAN_POINT ( 'NONE',  ( -5.080000000000000071, 4.000000000000000000, 5.052504782352352564 ) ) ;
#675 = PLANE ( 'NONE',  #2699 ) ;
#676 = CARTESIAN_POINT ( 'NONE',  ( -0.7875100603410186695, 4.000000000000000000, -0.1657896664456280922 ) ) ;
#677 = COLOUR_RGB ( '',0.0000000000000000000, 0.0000000000000000000, 0.0000000000000000000 ) ;
#678 =( GEOMETRIC_REPRESENTATION_CONTEXT ( 3 ) GLOBAL_UNCERTAINTY_ASSIGNED_CONTEXT ( ( #1988 ) ) GLOBAL_UNIT_ASSIGNED_CONTEXT ( ( #1025, #5859, #2452 ) ) REPRESENTATION_CONTEXT ( 'NONE', 'WORKASPACE' ) );
#679 = CARTESIAN_POINT ( 'NONE',  ( 5.290000000000001812, 2.989999999999999769, 3.299999999999999822 ) ) ;
#681 = CARTESIAN_POINT ( 'NONE',  ( -3.041767311539077312, 4.000499999999999723, 0.6703702798221691239 ) ) ;
#680 = CARTESIAN_POINT ( 'NONE',  ( -5.290000000000001812, 3.010000000000000231, -1.900000000000346745 ) ) ;
#682 = MECHANICAL_DESIGN_GEOMETRIC_PRESENTATION_REPRESENTATION (  '', ( #895 ), #469 ) ;
#683 = AXIS2_PLACEMENT_3D ( 'NONE', #495, #4816, #1998 ) ;
#684 = PLANE ( 'NONE',  #1375 ) ;
#685 = ADVANCED_FACE ( 'NONE', ( #4884 ), #1662, .F. ) ;
#686 = EDGE_CURVE ( 'NONE', #1484, #372, #3217, .T. ) ;
#687 = CARTESIAN_POINT ( 'NONE',  ( -0.6795519127347473542, 4.000000000000000000, -0.4151671985522872865 ) ) ;
#688 = UNCERTAINTY_MEASURE_WITH_UNIT (LENGTH_MEASURE( 1.000000000000000082E-05 ), #3483, 'distance_accuracy_value', 'NONE');
#689 = FACE_OUTER_BOUND ( 'NONE', #2470, .T. ) ;
#690 = VECTOR ( 'NONE', #4309, 1000.000000000000227 ) ;
#691 = VECTOR ( 'NONE', #3992, 1000.000000000000000 ) ;
#692 = STYLED_ITEM ( 'NONE', ( #6157 ), #1132 ) ;
#693 = DIRECTION ( 'NONE',  ( 0.2793947940814909825, 0.0000000000000000000, -0.9601763114346038019 ) ) ;
#694 = LINE ( 'NONE', #3215, #5230 ) ;
#695 = DIRECTION ( 'NONE',  ( 0.02617694830787321153, 0.9996573249755573709, -0.0000000000000000000 ) ) ;
#696 = MECHANICAL_DESIGN_GEOMETRIC_PRESENTATION_REPRESENTATION (  '', ( #482 ), #4439 ) ;
#697 = ORIENTED_EDGE ( 'NONE', *, *, #6055, .F. ) ;
#698 = ORIENTED_EDGE ( 'NONE', *, *, #6130, .F. ) ;
#699 = EDGE_CURVE ( 'NONE', #4244, #4573, #5349, .T. ) ;
#700 = LINE ( 'NONE', #4259, #5670 ) ;
#701 = ORIENTED_EDGE ( 'NONE', *, *, #2598, .F. ) ;
#703 = SURFACE_STYLE_USAGE ( .BOTH. , #4035 ) ;
#702 = CARTESIAN_POINT ( 'NONE',  ( 5.080000000000003624, 2.950000000000000178, 3.299999999999999822 ) ) ;
#705 = SURFACE_SIDE_STYLE ('',( #248 ) ) ;
#704 = DIRECTION ( 'NONE',  ( 0.0000000000000000000, 1.000000000000000000, 0.0000000000000000000 ) ) ;
#706 = ORIENTED_EDGE ( 'NONE', *, *, #611, .T. ) ;
#707 = STYLED_ITEM ( 'NONE', ( #2153 ), #1791 ) ;
#708 = EDGE_CURVE ( 'NONE', #89, #3095, #4738, .T. ) ;
#709 = EDGE_LOOP ( 'NONE', ( #3031, #182, #922, #237 ) ) ;
#710 = DIRECTION ( 'NONE',  ( 0.0000000000000000000, 0.0000000000000000000, -1.000000000000000000 ) ) ;
#711 = ORIENTED_EDGE ( 'NONE', *, *, #5960, .T. ) ;
#712 = PLANE ( 'NONE',  #3372 ) ;
#713 = CYLINDRICAL_SURFACE ( 'NONE', #4709, 0.2599999999999997868 ) ;
#714 = VERTEX_POINT ( 'NONE', #2091 ) ;
#715 = VECTOR ( 'NONE', #2363, 1000.000000000000000 ) ;
#716 = EDGE_LOOP ( 'NONE', ( #5630, #387, #3322, #3032 ) ) ;
#717 = VERTEX_POINT ( 'NONE', #116 ) ;
#718 = CARTESIAN_POINT ( 'NONE',  ( 5.549743976449108551, 3.003333281319973569, 2.050000000000495870 ) ) ;
#719 = DIRECTION ( 'NONE',  ( -0.2793947940878648839, 0.0000000000000000000, 0.9601763114327491744 ) ) ;
#720 = CARTESIAN_POINT ( 'NONE',  ( -3.603001661137796408, 4.000000000000000000, 5.052504782352352564 ) ) ;
#721 = ADVANCED_FACE ( 'NONE', ( #4513 ), #5447, .F. ) ;
#722 = ORIENTED_EDGE ( 'NONE', *, *, #515, .F. ) ;
#723 = EDGE_LOOP ( 'NONE', ( #2236, #4489, #1414, #5853 ) ) ;
#724 = DIRECTION ( 'NONE',  ( 0.2793947940814909825, 0.0000000000000000000, -0.9601763114346038019 ) ) ;
#725 = CARTESIAN_POINT ( 'NONE',  ( -5.290000000000002700, 0.1999999999999996503, 3.299999999999999822 ) ) ;
#727 = PLANE ( 'NONE',  #840 ) ;
#726 =( NAMED_UNIT ( * ) SI_UNIT ( $, .STERADIAN. ) SOLID_ANGLE_UNIT ( ) );
#728 =( GEOMETRIC_REPRESENTATION_CONTEXT ( 3 ) GLOBAL_UNCERTAINTY_ASSIGNED_CONTEXT ( ( #808 ) ) GLOBAL_UNIT_ASSIGNED_CONTEXT ( ( #4224, #1851, #2326 ) ) REPRESENTATION_CONTEXT ( 'NONE', 'WORKASPACE' ) );
#729 = PRESENTATION_STYLE_ASSIGNMENT (( #1504 ) ) ;
#730 = LINE ( 'NONE', #5703, #3352 ) ;
#731 =( BOUNDED_CURVE ( )  B_SPLINE_CURVE ( 3, ( #4230, #2785, #1378, #1361 ),
 .UNSPECIFIED., .F., .T. ) 
 B_SPLINE_CURVE_WITH_KNOTS ( ( 4, 4 ),
 ( 2.356346783439930093, 3.926838523739663689 ),
 .UNSPECIFIED. ) 
 CURVE ( )  GEOMETRIC_REPRESENTATION_ITEM ( )  RATIONAL_B_SPLINE_CURVE ( ( 1.000000000000000000, 0.8048096403827857959, 0.8048096403827857959, 1.000000000000000000 ) ) 
 REPRESENTATION_ITEM ( '' )  );
#732 = PRESENTATION_STYLE_ASSIGNMENT (( #1092 ) ) ;
#733 = ORIENTED_EDGE ( 'NONE', *, *, #5145, .T. ) ;
#734 = ORIENTED_EDGE ( 'NONE', *, *, #4295, .T. ) ;
#735 =( NAMED_UNIT ( * ) SI_UNIT ( $, .STERADIAN. ) SOLID_ANGLE_UNIT ( ) );
#736 = PRESENTATION_STYLE_ASSIGNMENT (( #1292 ) ) ;
#737 = ORIENTED_EDGE ( 'NONE', *, *, #4420, .T. ) ;
#738 = STYLED_ITEM ( 'NONE', ( #5635 ), #2975 ) ;
#739 = CARTESIAN_POINT ( 'NONE',  ( -5.290000000000002700, 1.810000000000001164, -2.500000000000000888 ) ) ;
#740 = EDGE_CURVE ( 'NONE', #4330, #5457, #6016, .T. ) ;
#741 = VERTEX_POINT ( 'NONE', #2600 ) ;
#742 = MECHANICAL_DESIGN_GEOMETRIC_PRESENTATION_REPRESENTATION (  '', ( #4978 ), #439 ) ;
#743 = CARTESIAN_POINT ( 'NONE',  ( 0.04607485088685460417, 4.000000000000000000, 0.2874720023903819532 ) ) ;
#744 = CARTESIAN_POINT ( 'NONE',  ( 5.290000000000002700, 2.360000000000000764, 3.299999999999999822 ) ) ;
#745 = VECTOR ( 'NONE', #4527, 1000.000000000000000 ) ;
#746 = EDGE_CURVE ( 'NONE', #3655, #476, #4480, .T. ) ;
#747 = SURFACE_SIDE_STYLE ('',( #2970 ) ) ;
#748 = ADVANCED_FACE ( 'NONE', ( #3421 ), #727, .F. ) ;
#749 = STYLED_ITEM ( 'NONE', ( #4217 ), #2188 ) ;
#750 = VECTOR ( 'NONE', #3239, 1000.000000000000000 ) ;
#751 = AXIS2_PLACEMENT_3D ( 'NONE', #4722, #851, #6163 ) ;
#752 = DIRECTION ( 'NONE',  ( -0.0000000000000000000, -1.000000000000000000, -2.319149032054553916E-16 ) ) ;
#753 = CARTESIAN_POINT ( 'NONE',  ( 5.550000000000002487, 2.989999999999999769, 2.048660687473681907 ) ) ;
#754 = CARTESIAN_POINT ( 'NONE',  ( 5.550000000000002487, 3.099999999999975220, 1.750000000000195843 ) ) ;
#755 = VECTOR ( 'NONE', #2589, 999.9999999999998863 ) ;
#756 = FACE_OUTER_BOUND ( 'NONE', #2030, .T. ) ;
#757 = AXIS2_PLACEMENT_3D ( 'NONE', #2202, #1208, #2704 ) ;
#758 = FACE_OUTER_BOUND ( 'NONE', #1192, .T. ) ;
#759 = SURFACE_SIDE_STYLE ('',( #890 ) ) ;
#760 = CARTESIAN_POINT ( 'NONE',  ( -5.290000000000002700, 0.1999999999999996503, 2.499999999999998668 ) ) ;
#762 = FILL_AREA_STYLE_COLOUR ( '', #4254 ) ;
#761 = DIRECTION ( 'NONE',  ( 0.9611542233438691296, 0.0000000000000000000, 0.2760118818968555487 ) ) ;
#763 = PRESENTATION_STYLE_ASSIGNMENT (( #4542 ) ) ;
#764 = FACE_BOUND ( 'NONE', #1639, .T. ) ;
#765 = VECTOR ( 'NONE', #377, 1000.000000000000000 ) ;
#766 = VECTOR ( 'NONE', #5721, 1000.000000000000000 ) ;
#767 = AXIS2_PLACEMENT_3D ( 'NONE', #4832, #2476, #2908 ) ;
#768 = ORIENTED_EDGE ( 'NONE', *, *, #658, .F. ) ;
#769 = PRESENTATION_LAYER_ASSIGNMENT (  '', '', ( #1096 ) ) ;
#770 = ORIENTED_EDGE ( 'NONE', *, *, #645, .F. ) ;
#771 =( NAMED_UNIT ( * ) SI_UNIT ( $, .STERADIAN. ) SOLID_ANGLE_UNIT ( ) );
#772 = FACE_OUTER_BOUND ( 'NONE', #3249, .T. ) ;
#773 = ORIENTED_EDGE ( 'NONE', *, *, #1611, .F. ) ;
#774 = DIRECTION ( 'NONE',  ( -6.514088330381704169E-14, 0.0000000000000000000, 1.000000000000000000 ) ) ;
#775 =( GEOMETRIC_REPRESENTATION_CONTEXT ( 3 ) GLOBAL_UNCERTAINTY_ASSIGNED_CONTEXT ( ( #443 ) ) GLOBAL_UNIT_ASSIGNED_CONTEXT ( ( #3296, #6310, #4278 ) ) REPRESENTATION_CONTEXT ( 'NONE', 'WORKASPACE' ) );
#776 = VECTOR ( 'NONE', #5031, 1000.000000000000000 ) ;
#777 = CARTESIAN_POINT ( 'NONE',  ( -5.290000000000002700, -0.05999999999999976186, -2.500000000000001332 ) ) ;
#778 = AXIS2_PLACEMENT_3D ( 'NONE', #4398, #4887, #5422 ) ;
#779 =( LENGTH_UNIT ( ) NAMED_UNIT ( * ) SI_UNIT ( .MILLI., .METRE. ) );
#780 = COLOUR_RGB ( '',1.000000000000000000, 1.000000000000000000, 1.000000000000000000 ) ;
#781 = EDGE_CURVE ( 'NONE', #3733, #782, #21, .T. ) ;
#782 = VERTEX_POINT ( 'NONE', #6053 ) ;
#783 = ADVANCED_FACE ( 'NONE', ( #638 ), #713, .T. ) ;
#784 = ORIENTED_EDGE ( 'NONE', *, *, #5285, .F. ) ;
#785 = CARTESIAN_POINT ( 'NONE',  ( 5.290000000000001812, 3.010000000000000231, -1.900000000000346745 ) ) ;
#786 = VERTEX_POINT ( 'NONE', #1215 ) ;
#787 = CARTESIAN_POINT ( 'NONE',  ( 5.550000000000002487, 1.810000000000001164, -2.500000000000000888 ) ) ;
#788 = LINE ( 'NONE', #390, #1860 ) ;
#789 = EDGE_CURVE ( 'NONE', #1635, #5386, #4033, .T. ) ;
#790 = B_SPLINE_CURVE_WITH_KNOTS ( 'NONE', 3,
 ( #1350, #4675, #1393, #333 ),
 .UNSPECIFIED., .F., .F.,
 ( 4, 4 ),
 ( 0.0000000000000000000, 2.005959199886693246E-05 ),
 .UNSPECIFIED. ) ;
#791 = ORIENTED_EDGE ( 'NONE', *, *, #5427, .F. ) ;
#792 = ORIENTED_EDGE ( 'NONE', *, *, #1029, .T. ) ;
#793 = ORIENTED_EDGE ( 'NONE', *, *, #1438, .F. ) ;
#794 = CIRCLE ( 'NONE', #4570, 0.1500000000001500133 ) ;
#795 = SURFACE_STYLE_USAGE ( .BOTH. , #747 ) ;
#796 = VECTOR ( 'NONE', #4180, 1000.000000000000000 ) ;
#797 = FILL_AREA_STYLE ('',( #4582 ) ) ;
#798 = CARTESIAN_POINT ( 'NONE',  ( 0.5211332780687230048, 4.000000000000000000, -0.6703702798222013204 ) ) ;
#799 = EDGE_LOOP ( 'NONE', ( #6240, #1815, #5780, #5102 ) ) ;
#800 = VECTOR ( 'NONE', #1589, 1000.000000000000000 ) ;
#801 = CARTESIAN_POINT ( 'NONE',  ( -2.819842016330205148, 4.000000000000000000, -0.09862666963029805001 ) ) ;
#802 = VERTEX_POINT ( 'NONE', #744 ) ;
#803 = CARTESIAN_POINT ( 'NONE',  ( 1.970416612737251105, 4.000499999999999723, 0.4152446551201242064 ) ) ;
#804 = ORIENTED_EDGE ( 'NONE', *, *, #5338, .F. ) ;
#805 = DIRECTION ( 'NONE',  ( -0.0000000000000000000, -1.000000000000000000, 0.0000000000000000000 ) ) ;
#806 = VERTEX_POINT ( 'NONE', #2638 ) ;
#807 = DIRECTION ( 'NONE',  ( 0.0000000000000000000, 1.000000000000000000, 0.0000000000000000000 ) ) ;
#808 = UNCERTAINTY_MEASURE_WITH_UNIT (LENGTH_MEASURE( 1.000000000000000082E-05 ), #4224, 'distance_accuracy_value', 'NONE');
#809 = VERTEX_POINT ( 'NONE', #2696 ) ;
#810 = SURFACE_SIDE_STYLE ('',( #4999 ) ) ;
#812 = FILL_AREA_STYLE_COLOUR ( '', #5903 ) ;
#811 = FILL_AREA_STYLE_COLOUR ( '', #832 ) ;
#813 = SURFACE_SIDE_STYLE ('',( #1702 ) ) ;
#814 = VECTOR ( 'NONE', #5715, 1000.000000000000000 ) ;
#815 = PLANE ( 'NONE',  #3202 ) ;
#816 = DIRECTION ( 'NONE',  ( 0.02617694830787321153, 0.9996573249755573709, -0.0000000000000000000 ) ) ;
#817 = EDGE_LOOP ( 'NONE', ( #2003, #6024, #4648, #4695 ) ) ;
#818 = PRESENTATION_LAYER_ASSIGNMENT (  '', '', ( #1689 ) ) ;
#819 = CARTESIAN_POINT ( 'NONE',  ( -5.290000000000001812, 3.249999999999996003, 1.750000000000195399 ) ) ;
#820 = CARTESIAN_POINT ( 'NONE',  ( 4.478829697740172477, 2.950000000000000178, -5.100000000000001421 ) ) ;
#821 = SURFACE_SIDE_STYLE ('',( #1617 ) ) ;
#822 = COLOUR_RGB ( '',0.0000000000000000000, 0.0000000000000000000, 0.0000000000000000000 ) ;
#823 = CARTESIAN_POINT ( 'NONE',  ( 5.550000000000001599, 2.989999999999999769, 3.299999999999999822 ) ) ;
#824 = EDGE_CURVE ( 'NONE', #2608, #2211, #1864, .T. ) ;
#825 =( NAMED_UNIT ( * ) SI_UNIT ( $, .STERADIAN. ) SOLID_ANGLE_UNIT ( ) );
#826 = CARTESIAN_POINT ( 'NONE',  ( -5.550000000000002487, 0.1999999999999996780, -2.500000000000001332 ) ) ;
#827 = FILL_AREA_STYLE_COLOUR ( '', #3703 ) ;
#828 = LINE ( 'NONE', #2464, #5650 ) ;
#829 = EDGE_CURVE ( 'NONE', #1895, #3626, #3096, .T. ) ;
#830 = VECTOR ( 'NONE', #3699, 1000.000000000000227 ) ;
#831 = FILL_AREA_STYLE_COLOUR ( '', #3811 ) ;
#832 = COLOUR_RGB ( '',0.0000000000000000000, 0.0000000000000000000, 0.0000000000000000000 ) ;
#833 = MECHANICAL_DESIGN_GEOMETRIC_PRESENTATION_REPRESENTATION (  '', ( #3779 ), #4744 ) ;
#834 = DIRECTION ( 'NONE',  ( 2.620428211445328459E-16, 1.000000000000000000, -0.0000000000000000000 ) ) ;
#835 = VECTOR ( 'NONE', #2888, 1000.000000000000000 ) ;
#836 = UNCERTAINTY_MEASURE_WITH_UNIT (LENGTH_MEASURE( 1.000000000000000082E-05 ), #2141, 'distance_accuracy_value', 'NONE');
#837 = CARTESIAN_POINT ( 'NONE',  ( -5.100000000000000533, 2.950000000000000178, -5.099999999999998757 ) ) ;
#838 = STYLED_ITEM ( 'NONE', ( #910 ), #4823 ) ;
#839 = LINE ( 'NONE', #4783, #5225 ) ;
#840 = AXIS2_PLACEMENT_3D ( 'NONE', #3160, #2254, #4097 ) ;
#841 = LINE ( 'NONE', #1273, #1377 ) ;
#842 =( LENGTH_UNIT ( ) NAMED_UNIT ( * ) SI_UNIT ( .MILLI., .METRE. ) );
#843 = UNCERTAINTY_MEASURE_WITH_UNIT (LENGTH_MEASURE( 1.000000000000000082E-05 ), #5347, 'distance_accuracy_value', 'NONE');
#845 = SURFACE_SIDE_STYLE ('',( #3544 ) ) ;
#844 =( LENGTH_UNIT ( ) NAMED_UNIT ( * ) SI_UNIT ( .MILLI., .METRE. ) );
#846 = EDGE_LOOP ( 'NONE', ( #548, #3563, #1577, #6020 ) ) ;
#847 = ORIENTED_EDGE ( 'NONE', *, *, #2078, .T. ) ;
#848 = DIRECTION ( 'NONE',  ( 2.620428211445327965E-16, -1.000000000000000000, 0.0000000000000000000 ) ) ;
#849 = PRESENTATION_LAYER_ASSIGNMENT (  '', '', ( #5869 ) ) ;
#850 = ORIENTED_EDGE ( 'NONE', *, *, #1654, .F. ) ;
#851 = DIRECTION ( 'NONE',  ( -0.9612934544747533394, 0.0000000000000000000, -0.2755265765475183870 ) ) ;
#852 = VERTEX_POINT ( 'NONE', #2680 ) ;
#853 = EDGE_CURVE ( 'NONE', #5690, #714, #1715, .T. ) ;
#854 = DIRECTION ( 'NONE',  ( -9.390727478220907155E-16, 0.0000000000000000000, -1.000000000000000000 ) ) ;
#855 = SURFACE_STYLE_FILL_AREA ( #985 ) ;
#856 = COLOUR_RGB ( '',1.000000000000000000, 1.000000000000000000, 1.000000000000000000 ) ;
#857 = LINE ( 'NONE', #4969, #2295 ) ;
#858 = EDGE_LOOP ( 'NONE', ( #4871, #5833, #1323, #2316, #3748, #847 ) ) ;
#859 = ORIENTED_EDGE ( 'NONE', *, *, #3190, .T. ) ;
#860 = MECHANICAL_DESIGN_GEOMETRIC_PRESENTATION_REPRESENTATION (  '', ( #3766 ), #3356 ) ;
#861 = CARTESIAN_POINT ( 'NONE',  ( -3.041767311539077312, 4.000499999999999723, 0.6703702798221691239 ) ) ;
#862 = SURFACE_SIDE_STYLE ('',( #1146 ) ) ;
#863 = ORIENTED_EDGE ( 'NONE', *, *, #3523, .F. ) ;
#864 = EDGE_CURVE ( 'NONE', #2160, #5865, #4107, .T. ) ;
#865 = LINE ( 'NONE', #5351, #2444 ) ;
#866 = ORIENTED_EDGE ( 'NONE', *, *, #5722, .T. ) ;
#867 = ORIENTED_EDGE ( 'NONE', *, *, #490, .F. ) ;
#868 = PLANE ( 'NONE',  #2001 ) ;
#869 = EDGE_LOOP ( 'NONE', ( #6221, #176, #6026, #4930 ) ) ;
#870 = CARTESIAN_POINT ( 'NONE',  ( 2.080494624278306226, 4.000499999999999723, -0.1657448231678102513 ) ) ;
#871 = VERTEX_POINT ( 'NONE', #2233 ) ;
#872 = DIRECTION ( 'NONE',  ( 0.9996573249755573709, 0.02617694830787321153, -9.387509510452777227E-16 ) ) ;
#873 = EDGE_CURVE ( 'NONE', #1176, #6094, #5387, .T. ) ;
#874 = ORIENTED_EDGE ( 'NONE', *, *, #197, .F. ) ;
#875 = ORIENTED_EDGE ( 'NONE', *, *, #5906, .T. ) ;
#876 =( GEOMETRIC_REPRESENTATION_CONTEXT ( 3 ) GLOBAL_UNCERTAINTY_ASSIGNED_CONTEXT ( ( #1605 ) ) GLOBAL_UNIT_ASSIGNED_CONTEXT ( ( #1073, #2056, #1051 ) ) REPRESENTATION_CONTEXT ( 'NONE', 'WORKASPACE' ) );
#877 = CARTESIAN_POINT ( 'NONE',  ( -5.550000000000002487, 3.009999999999999787, -8.673617379884035472E-16 ) ) ;
#878 = AXIS2_PLACEMENT_3D ( 'NONE', #3953, #6030, #2571 ) ;
#879 = CARTESIAN_POINT ( 'NONE',  ( 5.290000000000001812, 2.989999999999999769, -2.050000000000441247 ) ) ;
#880 = ORIENTED_EDGE ( 'NONE', *, *, #1902, .T. ) ;
#881 = DIRECTION ( 'NONE',  ( -1.000000000000000000, 0.0000000000000000000, 0.0000000000000000000 ) ) ;
#882 = LINE ( 'NONE', #1596, #4638 ) ;
#883 = LINE ( 'NONE', #2182, #5866 ) ;
#884 = ORIENTED_EDGE ( 'NONE', *, *, #5515, .T. ) ;
#885 = PLANE ( 'NONE',  #4386 ) ;
#886 = PRESENTATION_LAYER_ASSIGNMENT (  '', '', ( #5209 ) ) ;
#887 = UNCERTAINTY_MEASURE_WITH_UNIT (LENGTH_MEASURE( 1.000000000000000082E-05 ), #1809, 'distance_accuracy_value', 'NONE');
#888 = DIRECTION ( 'NONE',  ( -0.7808688094430306093, 0.6246950475544239545, 0.0000000000000000000 ) ) ;
#889 = CARTESIAN_POINT ( 'NONE',  ( -3.600228457265413073, 2.950000000000000178, 5.099999999999998757 ) ) ;
#890 = SURFACE_STYLE_FILL_AREA ( #3182 ) ;
#891 = DIRECTION ( 'NONE',  ( 0.2745159998572664350, 0.0000000000000000000, -0.9615825319869144572 ) ) ;
#892 = AXIS2_PLACEMENT_3D ( 'NONE', #4044, #2688, #3133 ) ;
#894 = SURFACE_STYLE_USAGE ( .BOTH. , #1295 ) ;
#893 = DIRECTION ( 'NONE',  ( 0.0000000000000000000, 0.02617694830787332255, -0.9996573249755572599 ) ) ;
#895 = STYLED_ITEM ( 'NONE', ( #5277 ), #5364 ) ;
#896 = MECHANICAL_DESIGN_GEOMETRIC_PRESENTATION_REPRESENTATION (  '', ( #3003 ), #5949 ) ;
#897 = EDGE_CURVE ( 'NONE', #2103, #3413, #5154, .T. ) ;
#898 = SURFACE_STYLE_FILL_AREA ( #4281 ) ;
#899 = FILL_AREA_STYLE ('',( #1391 ) ) ;
#901 = DIRECTION ( 'NONE',  ( -0.0000000000000000000, -1.000000000000000000, 0.0000000000000000000 ) ) ;
#900 = DIRECTION ( 'NONE',  ( 0.0000000000000000000, 1.000000000000000000, 0.0000000000000000000 ) ) ;
#902 = DIRECTION ( 'NONE',  ( -0.0000000000000000000, -1.000000000000000000, 0.0000000000000000000 ) ) ;
#903 =( GEOMETRIC_REPRESENTATION_CONTEXT ( 3 ) GLOBAL_UNCERTAINTY_ASSIGNED_CONTEXT ( ( #2180 ) ) GLOBAL_UNIT_ASSIGNED_CONTEXT ( ( #4556, #3080, #4581 ) ) REPRESENTATION_CONTEXT ( 'NONE', 'WORKASPACE' ) );
#904 = PRESENTATION_LAYER_ASSIGNMENT (  '', '', ( #1897 ) ) ;
#905 = LINE ( 'NONE', #953, #5958 ) ;
#906 = FACE_OUTER_BOUND ( 'NONE', #2717, .T. ) ;
#907 = EDGE_CURVE ( 'NONE', #5697, #3092, #5539, .T. ) ;
#908 = FILL_AREA_STYLE_COLOUR ( '', #2541 ) ;
#909 =( NAMED_UNIT ( * ) PLANE_ANGLE_UNIT ( ) SI_UNIT ( $, .RADIAN. ) );
#910 = PRESENTATION_STYLE_ASSIGNMENT (( #5192 ) ) ;
#912 = SURFACE_SIDE_STYLE ('',( #5157 ) ) ;
#911 = DIRECTION ( 'NONE',  ( 1.000000000000000000, 0.0000000000000000000, 0.0000000000000000000 ) ) ;
#913 = CARTESIAN_POINT ( 'NONE',  ( 0.09763589896193636264, 4.000000000000000000, -0.6703702798221968795 ) ) ;
#914 = VERTEX_POINT ( 'NONE', #3735 ) ;
#916 = SURFACE_STYLE_USAGE ( .BOTH. , #4325 ) ;
#915 = FILL_AREA_STYLE ('',( #1912 ) ) ;
#918 = FILL_AREA_STYLE ('',( #1915 ) ) ;
#917 = DIRECTION ( 'NONE',  ( 1.000000000000000000, -1.291918162393750329E-16, -8.729051604931964318E-17 ) ) ;
#919 = STYLED_ITEM ( 'NONE', ( #5520 ), #5974 ) ;
#920 = PRESENTATION_STYLE_ASSIGNMENT (( #1525 ) ) ;
#921 = UNCERTAINTY_MEASURE_WITH_UNIT (LENGTH_MEASURE( 1.000000000000000082E-05 ), #2941, 'distance_accuracy_value', 'NONE');
#922 = ORIENTED_EDGE ( 'NONE', *, *, #3823, .T. ) ;
#923 = ORIENTED_EDGE ( 'NONE', *, *, #4603, .F. ) ;
#924 =( NAMED_UNIT ( * ) SI_UNIT ( $, .STERADIAN. ) SOLID_ANGLE_UNIT ( ) );
#925 = PLANE ( 'NONE',  #4880 ) ;
#926 = CARTESIAN_POINT ( 'NONE',  ( -0.8583053624837979623, 4.000000000000000000, 0.08206727095333087030 ) ) ;
#927 = VECTOR ( 'NONE', #359, 1000.000000000000000 ) ;
#928 = UNCERTAINTY_MEASURE_WITH_UNIT (LENGTH_MEASURE( 1.000000000000000082E-05 ), #3894, 'distance_accuracy_value', 'NONE');
#929 = VERTEX_POINT ( 'NONE', #199 ) ;
#930 = STYLED_ITEM ( 'NONE', ( #4655 ), #5124 ) ;
#931 = CARTESIAN_POINT ( 'NONE',  ( -5.550000000000002487, 3.250000000000000444, -2.050000000000441691 ) ) ;
#932 = LINE ( 'NONE', #1231, #3944 ) ;
#933 = CARTESIAN_POINT ( 'NONE',  ( 1.339292352362083438, 4.000499999999999723, 0.4152446551201288694 ) ) ;
#935 =( LENGTH_UNIT ( ) NAMED_UNIT ( * ) SI_UNIT ( .MILLI., .METRE. ) );
#934 = DIRECTION ( 'NONE',  ( -0.9620200793798766581, 0.0000000000000000000, -0.2729786930695067837 ) ) ;
#936 = PRESENTATION_STYLE_ASSIGNMENT (( #2136 ) ) ;
#937 = FILL_AREA_STYLE ('',( #5820 ) ) ;
#938 = PRESENTATION_LAYER_ASSIGNMENT (  '', '', ( #2854 ) ) ;
#939 = ORIENTED_EDGE ( 'NONE', *, *, #2909, .T. ) ;
#940 = CARTESIAN_POINT ( 'NONE',  ( 5.550000000000002487, 3.099999999999975664, -1.750000000000196732 ) ) ;
#942 =( NAMED_UNIT ( * ) PLANE_ANGLE_UNIT ( ) SI_UNIT ( $, .RADIAN. ) );
#941 = PLANE ( 'NONE',  #2931 ) ;
#943 = VECTOR ( 'NONE', #901, 1000.000000000000000 ) ;
#944 = EDGE_CURVE ( 'NONE', #2736, #5037, #5256, .T. ) ;
#945 = DIRECTION ( 'NONE',  ( 0.0000000000000000000, 0.0000000000000000000, -1.000000000000000000 ) ) ;
#946 = ORIENTED_EDGE ( 'NONE', *, *, #3384, .T. ) ;
#947 = VERTEX_POINT ( 'NONE', #1365 ) ;
#948 = ORIENTED_EDGE ( 'NONE', *, *, #4518, .F. ) ;
#949 = ORIENTED_EDGE ( 'NONE', *, *, #2078, .F. ) ;
#950 = STYLED_ITEM ( 'NONE', ( #3406 ), #1754 ) ;
#951 = VECTOR ( 'NONE', #1303, 1000.000000000000000 ) ;
#952 = EDGE_CURVE ( 'NONE', #1722, #809, #2665, .T. ) ;
#953 = CARTESIAN_POINT ( 'NONE',  ( -5.052504782352354340, 4.000000000000000000, -5.079999999999998295 ) ) ;
#954 = CARTESIAN_POINT ( 'NONE',  ( -5.550000000000002487, 0.1999999999999996780, 2.499999999999998668 ) ) ;
#955 = SURFACE_STYLE_USAGE ( .BOTH. , #5293 ) ;
#956 = VERTEX_POINT ( 'NONE', #4669 ) ;
#957 = FACE_OUTER_BOUND ( 'NONE', #1069, .T. ) ;
#958 = CARTESIAN_POINT ( 'NONE',  ( 3.597579292113397109, 2.824408039743499632, -3.597579292113400662 ) ) ;
#959 = ORIENTED_EDGE ( 'NONE', *, *, #4558, .T. ) ;
#960 = DIRECTION ( 'NONE',  ( -1.000000000000000000, 0.0000000000000000000, 0.0000000000000000000 ) ) ;
#961 = ORIENTED_EDGE ( 'NONE', *, *, #4373, .T. ) ;
#963 = FILL_AREA_STYLE_COLOUR ( '', #3872 ) ;
#962 = CARTESIAN_POINT ( 'NONE',  ( 5.290000000000001812, 3.009999999999999787, 1.900000000000345857 ) ) ;
#964 = SURFACE_STYLE_USAGE ( .BOTH. , #3803 ) ;
#965 = ORIENTED_EDGE ( 'NONE', *, *, #4653, .F. ) ;
#966 = LINE ( 'NONE', #399, #4049 ) ;
#967 = SURFACE_STYLE_FILL_AREA ( #1442 ) ;
#969 = FILL_AREA_STYLE ('',( #6226 ) ) ;
#968 = CARTESIAN_POINT ( 'NONE',  ( -5.290000000000002700, -0.06000000000000037248, 2.499999999999998668 ) ) ;
#970 = CARTESIAN_POINT ( 'NONE',  ( 4.478829697740179583, 2.950000000000000178, 5.099999999999999645 ) ) ;
#971 = SURFACE_STYLE_FILL_AREA ( #3625 ) ;
#972 = UNCERTAINTY_MEASURE_WITH_UNIT (LENGTH_MEASURE( 1.000000000000000082E-05 ), #2539, 'distance_accuracy_value', 'NONE');
#973 = DIRECTION ( 'NONE',  ( 0.2762033010251945808, 0.0000000000000000000, -0.9610992334315877628 ) ) ;
#974 = PRESENTATION_LAYER_ASSIGNMENT (  '', '', ( #3618 ) ) ;
#975 = MECHANICAL_DESIGN_GEOMETRIC_PRESENTATION_REPRESENTATION (  '', ( #3074 ), #422 ) ;
#976 = CARTESIAN_POINT ( 'NONE',  ( 5.550000000000001599, 2.360000000000000764, 3.299999999999999822 ) ) ;
#977 = PLANE ( 'NONE',  #1012 ) ;
#978 = CARTESIAN_POINT ( 'NONE',  ( 5.550000000000002487, 3.099999999999975664, -1.750000000000196732 ) ) ;
#979 = DIRECTION ( 'NONE',  ( 0.0000000000000000000, -0.8240419241993678368, 0.5665288228870649645 ) ) ;
#980 = DIRECTION ( 'NONE',  ( 0.0000000000000000000, 0.0000000000000000000, -1.000000000000000000 ) ) ;
#981 = FILL_AREA_STYLE_COLOUR ( '', #3713 ) ;
#983 =( NAMED_UNIT ( * ) SI_UNIT ( $, .STERADIAN. ) SOLID_ANGLE_UNIT ( ) );
#982 =( NAMED_UNIT ( * ) PLANE_ANGLE_UNIT ( ) SI_UNIT ( $, .RADIAN. ) );
#984 = VECTOR ( 'NONE', #1084, 1000.000000000000000 ) ;
#985 = FILL_AREA_STYLE ('',( #1571 ) ) ;
#986 =( GEOMETRIC_REPRESENTATION_CONTEXT ( 3 ) GLOBAL_UNCERTAINTY_ASSIGNED_CONTEXT ( ( #1152 ) ) GLOBAL_UNIT_ASSIGNED_CONTEXT ( ( #3035, #6000, #3569 ) ) REPRESENTATION_CONTEXT ( 'NONE', 'WORKASPACE' ) );
#987 = EDGE_CURVE ( 'NONE', #3468, #3204, #4763, .T. ) ;
#988 = LINE ( 'NONE', #5237, #281 ) ;
#989 = FILL_AREA_STYLE ('',( #6279 ) ) ;
#990 = FACE_OUTER_BOUND ( 'NONE', #2462, .T. ) ;
#991 = SURFACE_STYLE_USAGE ( .BOTH. , #4859 ) ;
#992 = EDGE_CURVE ( 'NONE', #4045, #1645, #3001, .T. ) ;
#993 = VECTOR ( 'NONE', #4249, 1000.000000000000000 ) ;
#994 = PLANE ( 'NONE',  #4650 ) ;
#995 = UNCERTAINTY_MEASURE_WITH_UNIT (LENGTH_MEASURE( 1.000000000000000082E-05 ), #5546, 'distance_accuracy_value', 'NONE');
#996 = VECTOR ( 'NONE', #2408, 1000.000000000000000 ) ;
#997 =( LENGTH_UNIT ( ) NAMED_UNIT ( * ) SI_UNIT ( .MILLI., .METRE. ) );
#998 = ORIENTED_EDGE ( 'NONE', *, *, #222, .T. ) ;
#999 = ORIENTED_EDGE ( 'NONE', *, *, #566, .F. ) ;
#1000 = MECHANICAL_DESIGN_GEOMETRIC_PRESENTATION_REPRESENTATION (  '', ( #1334 ), #2187 ) ;
#1001 = FACE_BOUND ( 'NONE', #5544, .T. ) ;
#1002 = PRESENTATION_LAYER_ASSIGNMENT (  '', '', ( #2536 ) ) ;
#1003 = CIRCLE ( 'NONE', #3139, 0.1500000000001500133 ) ;
#1004 = ORIENTED_EDGE ( 'NONE', *, *, #3142, .F. ) ;
#1005 = EDGE_LOOP ( 'NONE', ( #3594, #4688, #4176, #6314, #4402, #4782, #1796 ) ) ;
#1006 = DIRECTION ( 'NONE',  ( -0.05375259206908555853, 0.0000000000000000000, 0.9985542843760946141 ) ) ;
#1007 = ADVANCED_FACE ( 'NONE', ( #5294 ), #345, .F. ) ;
#1008 =( NAMED_UNIT ( * ) PLANE_ANGLE_UNIT ( ) SI_UNIT ( $, .RADIAN. ) );
#1009 = COLOUR_RGB ( '',0.5019607843137254832, 0.5019607843137254832, 0.5019607843137254832 ) ;
#1010 = SURFACE_STYLE_FILL_AREA ( #915 ) ;
#1011 =( GEOMETRIC_REPRESENTATION_CONTEXT ( 3 ) GLOBAL_UNCERTAINTY_ASSIGNED_CONTEXT ( ( #5872 ) ) GLOBAL_UNIT_ASSIGNED_CONTEXT ( ( #2813, #5213, #5691 ) ) REPRESENTATION_CONTEXT ( 'NONE', 'WORKASPACE' ) );
#1012 = AXIS2_PLACEMENT_3D ( 'NONE', #3879, #5804, #2460 ) ;
#1013 = ORIENTED_EDGE ( 'NONE', *, *, #4882, .T. ) ;
#1014 = ORIENTED_EDGE ( 'NONE', *, *, #1888, .T. ) ;
#1015 = EDGE_CURVE ( 'NONE', #6089, #2736, #1139, .T. ) ;
#1016 = DIRECTION ( 'NONE',  ( 0.0000000000000000000, -0.8240419241993677257, -0.5665288228870651865 ) ) ;
#1017 = CARTESIAN_POINT ( 'NONE',  ( -5.549229627936316689, 3.009999999999999787, 2.050000000000495870 ) ) ;
#1018 = VERTEX_POINT ( 'NONE', #1824 ) ;
#1019 = DIRECTION ( 'NONE',  ( -0.0000000000000000000, -1.000000000000000000, 0.0000000000000000000 ) ) ;
#1020 = ORIENTED_EDGE ( 'NONE', *, *, #3435, .T. ) ;
#1021 = VERTEX_POINT ( 'NONE', #1382 ) ;
#1022 = VERTEX_POINT ( 'NONE', #4736 ) ;
#1023 = STYLED_ITEM ( 'NONE', ( #3958 ), #3451 ) ;
#1024 = ORIENTED_EDGE ( 'NONE', *, *, #4810, .T. ) ;
#1025 =( LENGTH_UNIT ( ) NAMED_UNIT ( * ) SI_UNIT ( .MILLI., .METRE. ) );
#1026 = EDGE_LOOP ( 'NONE', ( #3037, #1261, #6100, #3648 ) ) ;
#1027 = ORIENTED_EDGE ( 'NONE', *, *, #3132, .T. ) ;
#1028 =( GEOMETRIC_REPRESENTATION_CONTEXT ( 3 ) GLOBAL_UNCERTAINTY_ASSIGNED_CONTEXT ( ( #4861 ) ) GLOBAL_UNIT_ASSIGNED_CONTEXT ( ( #6133, #2653, #3615 ) ) REPRESENTATION_CONTEXT ( 'NONE', 'WORKASPACE' ) );
#1029 = EDGE_CURVE ( 'NONE', #3273, #1461, #4826, .T. ) ;
#1030 = VECTOR ( 'NONE', #4352, 1000.000000000000000 ) ;
#1031 = DIRECTION ( 'NONE',  ( -0.9985542843760946141, 0.0000000000000000000, -0.05375259206908555853 ) ) ;
#1032 = FACE_OUTER_BOUND ( 'NONE', #1637, .T. ) ;
#1033 = ORIENTED_EDGE ( 'NONE', *, *, #3102, .T. ) ;
#1034 = ORIENTED_EDGE ( 'NONE', *, *, #4062, .F. ) ;
#1035 = CARTESIAN_POINT ( 'NONE',  ( 5.550000000000002487, 3.099999999999975220, 1.750000000000195843 ) ) ;
#1036 = PRESENTATION_LAYER_ASSIGNMENT (  '', '', ( #255 ) ) ;
#1037 = ADVANCED_FACE ( 'NONE', ( #2569 ), #5694, .F. ) ;
#1038 = ORIENTED_EDGE ( 'NONE', *, *, #1348, .F. ) ;
#1039 =( NAMED_UNIT ( * ) PLANE_ANGLE_UNIT ( ) SI_UNIT ( $, .RADIAN. ) );
#1040 =( BOUNDED_CURVE ( )  B_SPLINE_CURVE ( 3, ( #3193, #5125, #1286, #4699 ),
 .UNSPECIFIED., .F., .T. ) 
 B_SPLINE_CURVE_WITH_KNOTS ( ( 4, 4 ),
 ( 5.498129760120305853, 7.068240854238866611 ),
 .UNSPECIFIED. ) 
 CURVE ( )  GEOMETRIC_REPRESENTATION_ITEM ( )  RATIONAL_B_SPLINE_CURVE ( ( 1.000000000000000000, 0.8048993373437796084, 0.8048993373437796084, 1.000000000000000000 ) ) 
 REPRESENTATION_ITEM ( '' )  );
#1042 = SURFACE_STYLE_USAGE ( .BOTH. , #3927 ) ;
#1041 = SURFACE_STYLE_USAGE ( .BOTH. , #2977 ) ;
#1043 = CARTESIAN_POINT ( 'NONE',  ( -5.550000000000002487, 2.360000000000000764, 3.299999999999999822 ) ) ;
#1044 = COLOUR_RGB ( '',0.0000000000000000000, 0.0000000000000000000, 0.0000000000000000000 ) ;
#1045 = MECHANICAL_DESIGN_GEOMETRIC_PRESENTATION_REPRESENTATION (  '', ( #5493 ), #2262 ) ;
#1046 = CARTESIAN_POINT ( 'NONE',  ( 1.270698448461881069, 4.000499999999999723, -0.6703702798222154202 ) ) ;
#1047 = PRODUCT_CONTEXT ( 'NONE', #3916, 'mechanical' ) ;
#1048 = PRESENTATION_STYLE_ASSIGNMENT (( #3610 ) ) ;
#1049 = LINE ( 'NONE', #6010, #5732 ) ;
#1050 = FILL_AREA_STYLE_COLOUR ( '', #1297 ) ;
#1051 =( NAMED_UNIT ( * ) SI_UNIT ( $, .STERADIAN. ) SOLID_ANGLE_UNIT ( ) );
#1052 = MECHANICAL_DESIGN_GEOMETRIC_PRESENTATION_REPRESENTATION (  '', ( #738 ), #2972 ) ;
#1053 = CARTESIAN_POINT ( 'NONE',  ( 1.339292352362083438, 4.000499999999999723, 0.4152446551201288694 ) ) ;
#1054 = LINE ( 'NONE', #5566, #2639 ) ;
#1055 = EDGE_CURVE ( 'NONE', #3827, #1863, #1931, .T. ) ;
#1057 = SURFACE_STYLE_USAGE ( .BOTH. , #2511 ) ;
#1056 = FILL_AREA_STYLE_COLOUR ( '', #2154 ) ;
#1058 = LINE ( 'NONE', #5464, #4076 ) ;
#1060 =( NAMED_UNIT ( * ) SI_UNIT ( $, .STERADIAN. ) SOLID_ANGLE_UNIT ( ) );
#1059 = DIRECTION ( 'NONE',  ( 0.0000000000000000000, 0.5665288228870650755, -0.8240419241993676147 ) ) ;
#1061 = LINE ( 'NONE', #4083, #2852 ) ;
#1062 = STYLED_ITEM ( 'NONE', ( #763 ), #4133 ) ;
#1063 = ORIENTED_EDGE ( 'NONE', *, *, #5515, .F. ) ;
#1064 = VECTOR ( 'NONE', #540, 1000.000000000000000 ) ;
#1065 = CARTESIAN_POINT ( 'NONE',  ( 2.288640802829406962, 4.000499999999999723, 0.6703702798221368164 ) ) ;
#1066 = ADVANCED_FACE ( 'NONE', ( #613 ), #3709, .T. ) ;
#1067 = CYLINDRICAL_SURFACE ( 'NONE', #3126, 1.499999999999999778 ) ;
#1068 = DIRECTION ( 'NONE',  ( -1.000000000000000000, 0.0000000000000000000, 0.0000000000000000000 ) ) ;
#1069 = EDGE_LOOP ( 'NONE', ( #2681, #3820, #2241, #1804 ) ) ;
#1070 = ORIENTED_EDGE ( 'NONE', *, *, #864, .T. ) ;
#1071 = SURFACE_STYLE_FILL_AREA ( #5319 ) ;
#1072 = DIRECTION ( 'NONE',  ( -0.01744974916068272111, 0.9996954598818874604, 0.01744974916068271764 ) ) ;
#1073 =( LENGTH_UNIT ( ) NAMED_UNIT ( * ) SI_UNIT ( .MILLI., .METRE. ) );
#1074 = UNCERTAINTY_MEASURE_WITH_UNIT (LENGTH_MEASURE( 1.000000000000000082E-05 ), #2845, 'distance_accuracy_value', 'NONE');
#1075 = CARTESIAN_POINT ( 'NONE',  ( -3.423012609376366200, 4.000499999999999723, 0.6703702798221691239 ) ) ;
#1076 = DIRECTION ( 'NONE',  ( -0.2764273280489710216, 0.0000000000000000000, 0.9610348236706651726 ) ) ;
#1077 = ORIENTED_EDGE ( 'NONE', *, *, #4085, .F. ) ;
#1078 =( GEOMETRIC_REPRESENTATION_CONTEXT ( 3 ) GLOBAL_UNCERTAINTY_ASSIGNED_CONTEXT ( ( #928 ) ) GLOBAL_UNIT_ASSIGNED_CONTEXT ( ( #3894, #457, #983 ) ) REPRESENTATION_CONTEXT ( 'NONE', 'WORKASPACE' ) );
#1079 = VECTOR ( 'NONE', #2210, 1000.000000000000000 ) ;
#1080 = CARTESIAN_POINT ( 'NONE',  ( 3.550000000000002487, 2.989999999999999769, 3.299999999999999822 ) ) ;
#1082 = CARTESIAN_POINT ( 'NONE',  ( 0.0000000000000000000, 0.0000000000000000000, 3.299999999999999822 ) ) ;
#1081 = DIRECTION ( 'NONE',  ( -0.7808223912299693259, 0.6246579129839748834, -0.01090344442905992993 ) ) ;
#1084 = DIRECTION ( 'NONE',  ( -0.0000000000000000000, -1.000000000000000000, 0.0000000000000000000 ) ) ;
#1083 =( NAMED_UNIT ( * ) SI_UNIT ( $, .STERADIAN. ) SOLID_ANGLE_UNIT ( ) );
#1085 = AXIS2_PLACEMENT_3D ( 'NONE', #4563, #3113, #4583 ) ;
#1086 = STYLED_ITEM ( 'NONE', ( #454 ), #1066 ) ;
#1087 = VECTOR ( 'NONE', #2115, 1000.000000000000000 ) ;
#1088 = ORIENTED_EDGE ( 'NONE', *, *, #47, .T. ) ;
#1089 = ORIENTED_EDGE ( 'NONE', *, *, #2330, .T. ) ;
#1090 = CARTESIAN_POINT ( 'NONE',  ( -5.072144223529244655, 3.250000000000000444, -2.050000000000441691 ) ) ;
#1091 = SURFACE_SIDE_STYLE ('',( #3559 ) ) ;
#1092 = SURFACE_STYLE_USAGE ( .BOTH. , #4922 ) ;
#1093 = VECTOR ( 'NONE', #6154, 1000.000000000000000 ) ;
#1094 = MECHANICAL_DESIGN_GEOMETRIC_PRESENTATION_REPRESENTATION (  '', ( #4311 ), #1967 ) ;
#1095 = MECHANICAL_DESIGN_GEOMETRIC_PRESENTATION_REPRESENTATION (  '', ( #4757 ), #1435 ) ;
#1096 = STYLED_ITEM ( 'NONE', ( #6025 ), #2643 ) ;
#1097 = ORIENTED_EDGE ( 'NONE', *, *, #2935, .T. ) ;
#1098 = VECTOR ( 'NONE', #5953, 1000.000000000000114 ) ;
#1099 = SURFACE_SIDE_STYLE ('',( #5288 ) ) ;
#1100 = EDGE_CURVE ( 'NONE', #14, #5611, #448, .T. ) ;
#1101 =( LENGTH_UNIT ( ) NAMED_UNIT ( * ) SI_UNIT ( .MILLI., .METRE. ) );
#1102 = CARTESIAN_POINT ( 'NONE',  ( -5.080000000000000959, 2.949999999999999734, -4.479716604729722995 ) ) ;
#1103 = ORIENTED_EDGE ( 'NONE', *, *, #4982, .F. ) ;
#1104 = MECHANICAL_DESIGN_GEOMETRIC_PRESENTATION_REPRESENTATION (  '', ( #6091 ), #1444 ) ;
#1105 = LINE ( 'NONE', #1204, #99 ) ;
#1106 = ADVANCED_FACE ( 'NONE', ( #5078 ), #154, .T. ) ;
#1107 = ORIENTED_EDGE ( 'NONE', *, *, #2558, .T. ) ;
#1108 =( GEOMETRIC_REPRESENTATION_CONTEXT ( 3 ) GLOBAL_UNCERTAINTY_ASSIGNED_CONTEXT ( ( #3174 ) ) GLOBAL_UNIT_ASSIGNED_CONTEXT ( ( #3038, #5002, #1608 ) ) REPRESENTATION_CONTEXT ( 'NONE', 'WORKASPACE' ) );
#1109 = ORIENTED_EDGE ( 'NONE', *, *, #3102, .F. ) ;
#1111 =( NAMED_UNIT ( * ) SI_UNIT ( $, .STERADIAN. ) SOLID_ANGLE_UNIT ( ) );
#1110 = CARTESIAN_POINT ( 'NONE',  ( 1.109172968781252600, 4.000499999999999723, -0.6703702798222106463 ) ) ;
#1112 = EDGE_CURVE ( 'NONE', #1268, #6087, #3881, .T. ) ;
#1113 =( NAMED_UNIT ( * ) PLANE_ANGLE_UNIT ( ) SI_UNIT ( $, .RADIAN. ) );
#1114 = ADVANCED_FACE ( 'NONE', ( #2591 ), #1905, .F. ) ;
#1115 = EDGE_CURVE ( 'NONE', #5372, #5401, #1312, .T. ) ;
#1116 = CARTESIAN_POINT ( 'NONE',  ( -1.362971585749472636, 4.000499999999999723, -0.1657896664456280922 ) ) ;
#1117 = DIRECTION ( 'NONE',  ( 0.0000000000000000000, 0.0000000000000000000, -1.000000000000000000 ) ) ;
#1118 = SURFACE_SIDE_STYLE ('',( #3304 ) ) ;
#1119 = CARTESIAN_POINT ( 'NONE',  ( -5.051998571447401609, 0.2000000000000000944, -3.552227028712813706 ) ) ;
#1120 = CARTESIAN_POINT ( 'NONE',  ( -2.833111550310750015, 4.000000000000000000, -0.05761545578488168340 ) ) ;
#1121 = LINE ( 'NONE', #6072, #3676 ) ;
#1122 = UNCERTAINTY_MEASURE_WITH_UNIT (LENGTH_MEASURE( 1.000000000000000082E-05 ), #1592, 'distance_accuracy_value', 'NONE');
#1123 = FILL_AREA_STYLE_COLOUR ( '', #4671 ) ;
#1124 =( GEOMETRIC_REPRESENTATION_CONTEXT ( 3 ) GLOBAL_UNCERTAINTY_ASSIGNED_CONTEXT ( ( #1446 ) ) GLOBAL_UNIT_ASSIGNED_CONTEXT ( ( #3602, #4592, #1695 ) ) REPRESENTATION_CONTEXT ( 'NONE', 'WORKASPACE' ) );
#1126 = DIRECTION ( 'NONE',  ( -2.620428211445328459E-16, 1.000000000000000000, 0.0000000000000000000 ) ) ;
#1125 = DIRECTION ( 'NONE',  ( -0.0000000000000000000, -1.000000000000000000, 0.0000000000000000000 ) ) ;
#1128 = DIRECTION ( 'NONE',  ( 1.000000000000000000, 2.620428211445328459E-16, -0.0000000000000000000 ) ) ;
#1127 = PLANE ( 'NONE',  #1390 ) ;
#1129 = STYLED_ITEM ( 'NONE', ( #4994 ), #516 ) ;
#1130 = MECHANICAL_DESIGN_GEOMETRIC_PRESENTATION_REPRESENTATION (  '', ( #3917 ), #2234 ) ;
#1131 = PRESENTATION_STYLE_ASSIGNMENT (( #955 ) ) ;
#1132 = ADVANCED_FACE ( 'NONE', ( #6312 ), #3341, .F. ) ;
#1133 = DIRECTION ( 'NONE',  ( 0.0000000000000000000, 0.0000000000000000000, -1.000000000000000000 ) ) ;
#1134 = PLANE ( 'NONE',  #6083 ) ;
#1135 =( GEOMETRIC_REPRESENTATION_CONTEXT ( 3 ) GLOBAL_UNCERTAINTY_ASSIGNED_CONTEXT ( ( #4312 ) ) GLOBAL_UNIT_ASSIGNED_CONTEXT ( ( #2825, #1418, #5274 ) ) REPRESENTATION_CONTEXT ( 'NONE', 'WORKASPACE' ) );
#1136 = SURFACE_STYLE_FILL_AREA ( #4906 ) ;
#1137 = EDGE_CURVE ( 'NONE', #4633, #1863, #225, .T. ) ;
#1138 = PRESENTATION_STYLE_ASSIGNMENT (( #472 ) ) ;
#1139 = LINE ( 'NONE', #3282, #927 ) ;
#1140 = ORIENTED_EDGE ( 'NONE', *, *, #4844, .F. ) ;
#1142 = CARTESIAN_POINT ( 'NONE',  ( -0.6795519127347473542, 4.000499999999999723, -0.4151671985522872865 ) ) ;
#1141 = DIRECTION ( 'NONE',  ( 0.2746918797667244339, 0.0000000000000000000, -0.9615323037684294638 ) ) ;
#1143 = PRESENTATION_LAYER_ASSIGNMENT (  '', '', ( #950 ) ) ;
#1144 = EDGE_CURVE ( 'NONE', #3932, #4765, #4023, .T. ) ;
#1145 = COLOUR_RGB ( '',1.000000000000000000, 1.000000000000000000, 1.000000000000000000 ) ;
#1146 = SURFACE_STYLE_FILL_AREA ( #5143 ) ;
#1147 = ORIENTED_EDGE ( 'NONE', *, *, #2755, .F. ) ;
#1148 = ORIENTED_EDGE ( 'NONE', *, *, #4579, .T. ) ;
#1149 = CARTESIAN_POINT ( 'NONE',  ( -3.550000000000002487, 3.250000000000000000, 3.299999999999999822 ) ) ;
#1150 = VECTOR ( 'NONE', #4071, 1000.000000000000000 ) ;
#1151 = DIRECTION ( 'NONE',  ( 1.000000000000000000, -1.291918162393750329E-16, -2.996150755809163812E-32 ) ) ;
#1152 = UNCERTAINTY_MEASURE_WITH_UNIT (LENGTH_MEASURE( 1.000000000000000082E-05 ), #3035, 'distance_accuracy_value', 'NONE');
#1153 = LINE ( 'NONE', #6037, #6080 ) ;
#1154 = LINE ( 'NONE', #4440, #5993 ) ;
#1155 = COLOUR_RGB ( '',0.0000000000000000000, 0.0000000000000000000, 0.0000000000000000000 ) ;
#1156 = EDGE_CURVE ( 'NONE', #4694, #4765, #6077, .T. ) ;
#1157 = DIRECTION ( 'NONE',  ( 0.0000000000000000000, 0.0000000000000000000, -1.000000000000000000 ) ) ;
#1158 = CARTESIAN_POINT ( 'NONE',  ( -0.8583053624837979623, 4.000499999999999723, 0.08206727095333087030 ) ) ;
#1159 = CARTESIAN_POINT ( 'NONE',  ( -3.630496878785442583, 2.950000000000000178, -5.079999999999999183 ) ) ;
#1160 =( NAMED_UNIT ( * ) PLANE_ANGLE_UNIT ( ) SI_UNIT ( $, .RADIAN. ) );
#1161 = VECTOR ( 'NONE', #5483, 1000.000000000000000 ) ;
#1162 = AXIS2_PLACEMENT_3D ( 'NONE', #1082, #4937, #4380 ) ;
#1163 = VECTOR ( 'NONE', #2797, 1000.000000000000000 ) ;
#1164 = ORIENTED_EDGE ( 'NONE', *, *, #1520, .T. ) ;
#1165 = ADVANCED_FACE ( 'NONE', ( #2938 ), #2983, .F. ) ;
#1166 = VERTEX_POINT ( 'NONE', #1616 ) ;
#1167 =( NAMED_UNIT ( * ) SI_UNIT ( $, .STERADIAN. ) SOLID_ANGLE_UNIT ( ) );
#1169 = CARTESIAN_POINT ( 'NONE',  ( -2.819842016330205148, 4.000499999999999723, -0.09862666963029805001 ) ) ;
#1168 = FILL_AREA_STYLE ('',( #4464 ) ) ;
#1170 = ORIENTED_EDGE ( 'NONE', *, *, #433, .T. ) ;
#1171 = PLANE ( 'NONE',  #3168 ) ;
#1172 = LINE ( 'NONE', #4883, #2303 ) ;
#1173 = PRESENTATION_LAYER_ASSIGNMENT (  '', '', ( #5893 ) ) ;
#1174 = STYLED_ITEM ( 'NONE', ( #5175 ), #783 ) ;
#1175 = EDGE_LOOP ( 'NONE', ( #3105, #1855, #6145, #177 ) ) ;
#1176 = VERTEX_POINT ( 'NONE', #3542 ) ;
#1177 = SURFACE_STYLE_FILL_AREA ( #4145 ) ;
#1178 =( NAMED_UNIT ( * ) PLANE_ANGLE_UNIT ( ) SI_UNIT ( $, .RADIAN. ) );
#1179 = COLOUR_RGB ( '',0.0000000000000000000, 0.0000000000000000000, 0.0000000000000000000 ) ;
#1180 = FILL_AREA_STYLE_COLOUR ( '', #1398 ) ;
#1181 = ORIENTED_EDGE ( 'NONE', *, *, #2673, .T. ) ;
#1182 = ORIENTED_EDGE ( 'NONE', *, *, #60, .F. ) ;
#1183 = ORIENTED_EDGE ( 'NONE', *, *, #4618, .T. ) ;
#1184 = PRESENTATION_LAYER_ASSIGNMENT (  '', '', ( #738 ) ) ;
#1185 = VERTEX_POINT ( 'NONE', #3061 ) ;
#1186 = LINE ( 'NONE', #2068, #5558 ) ;
#1187 = FACE_OUTER_BOUND ( 'NONE', #2505, .T. ) ;
#1188 = VECTOR ( 'NONE', #3983, 1000.000000000000000 ) ;
#1189 = CARTESIAN_POINT ( 'NONE',  ( -5.550000000000002487, 1.810000000000001164, -2.500000000000000888 ) ) ;
#1190 = ORIENTED_EDGE ( 'NONE', *, *, #4853, .T. ) ;
#1191 = CARTESIAN_POINT ( 'NONE',  ( -0.5389845515424375177, 4.000000000000000000, 0.6703702798221553572 ) ) ;
#1192 = EDGE_LOOP ( 'NONE', ( #3161, #2614, #3514, #4426 ) ) ;
#1193 = PRESENTATION_LAYER_ASSIGNMENT (  '', '', ( #318 ) ) ;
#1194 = FILL_AREA_STYLE_COLOUR ( '', #4135 ) ;
#1196 = CARTESIAN_POINT ( 'NONE',  ( -5.550000000000002487, 3.009999999999999787, 1.750000000000196065 ) ) ;
#1195 = DIRECTION ( 'NONE',  ( -1.000000000000000000, 0.0000000000000000000, 0.0000000000000000000 ) ) ;
#1197 = EDGE_CURVE ( 'NONE', #621, #2093, #1704, .T. ) ;
#1198 = DIRECTION ( 'NONE',  ( -1.000000000000000000, 1.291918162393750329E-16, 0.0000000000000000000 ) ) ;
#1199 = VERTEX_POINT ( 'NONE', #3980 ) ;
#1200 = FACE_OUTER_BOUND ( 'NONE', #3033, .T. ) ;
#1201 = EDGE_CURVE ( 'NONE', #3110, #5614, #5378, .T. ) ;
#1202 = PLANE ( 'NONE',  #5106 ) ;
#1203 = ADVANCED_FACE ( 'NONE', ( #1854 ), #5453, .T. ) ;
#1205 = DIRECTION ( 'NONE',  ( 0.0000000000000000000, 1.000000000000000000, 0.0000000000000000000 ) ) ;
#1204 = CARTESIAN_POINT ( 'NONE',  ( 5.550000000000002487, 2.360000000000000764, 3.299999999999999822 ) ) ;
#1206 = AXIS2_PLACEMENT_3D ( 'NONE', #1035, #6284, #1924 ) ;
#1207 = PRESENTATION_LAYER_ASSIGNMENT (  '', '', ( #3779 ) ) ;
#1208 = DIRECTION ( 'NONE',  ( 0.0000000000000000000, 0.0000000000000000000, -1.000000000000000000 ) ) ;
#1209 = CARTESIAN_POINT ( 'NONE',  ( 5.550000000000001599, 2.996626828304406409, 2.049552224895855090 ) ) ;
#1210 = CARTESIAN_POINT ( 'NONE',  ( 0.5211332780687230048, 4.000499999999999723, -0.6703702798222013204 ) ) ;
#1211 = FILL_AREA_STYLE_COLOUR ( '', #139 ) ;
#1212 = FACE_OUTER_BOUND ( 'NONE', #1850, .T. ) ;
#1213 = MECHANICAL_DESIGN_GEOMETRIC_PRESENTATION_REPRESENTATION (  '', ( #421 ), #1541 ) ;
#1214 =( LENGTH_UNIT ( ) NAMED_UNIT ( * ) SI_UNIT ( .MILLI., .METRE. ) );
#1215 = CARTESIAN_POINT ( 'NONE',  ( -5.290000000000003588, 3.010000000000000231, 2.050000000001217515 ) ) ;
#1216 = LINE ( 'NONE', #5041, #750 ) ;
#1217 = STYLED_ITEM ( 'NONE', ( #5639 ), #5343 ) ;
#1218 = PRESENTATION_LAYER_ASSIGNMENT (  '', '', ( #3003 ) ) ;
#1219 = SURFACE_SIDE_STYLE ('',( #3423 ) ) ;
#1220 = EDGE_CURVE ( 'NONE', #2609, #4855, #652, .T. ) ;
#1222 = CARTESIAN_POINT ( 'NONE',  ( 0.09426364943040775601, 4.000499999999999723, 0.6703702798221505832 ) ) ;
#1221 =( LENGTH_UNIT ( ) NAMED_UNIT ( * ) SI_UNIT ( .MILLI., .METRE. ) );
#1223 = FACE_OUTER_BOUND ( 'NONE', #5760, .T. ) ;
#1224 = CARTESIAN_POINT ( 'NONE',  ( 5.290000000000001812, 3.009999999999999787, 1.750000000000196065 ) ) ;
#1225 = VECTOR ( 'NONE', #1539, 1000.000000000000000 ) ;
#1226 = LINE ( 'NONE', #124, #6218 ) ;
#1227 = AXIS2_PLACEMENT_3D ( 'NONE', #3893, #2425, #3408 ) ;
#1228 = FILL_AREA_STYLE ('',( #1288 ) ) ;
#1229 = ORIENTED_EDGE ( 'NONE', *, *, #5121, .F. ) ;
#1230 = ADVANCED_FACE ( 'NONE', ( #5410 ), #1202, .F. ) ;
#1231 = CARTESIAN_POINT ( 'NONE',  ( 5.550000000000002487, 0.1999999999999996780, 2.499999999999998668 ) ) ;
#1233 = CARTESIAN_POINT ( 'NONE',  ( -5.100456671054847568, 2.976162667210099144, -3.600685128320260109 ) ) ;
#1232 = DIRECTION ( 'NONE',  ( 2.620428211445328459E-16, 1.000000000000000000, 2.409338161079554329E-15 ) ) ;
#1234 = ORIENTED_EDGE ( 'NONE', *, *, #3818, .F. ) ;
#1235 = EDGE_CURVE ( 'NONE', #3195, #621, #4182, .T. ) ;
#1236 = ORIENTED_EDGE ( 'NONE', *, *, #1112, .T. ) ;
#1237 = ADVANCED_FACE ( 'NONE', ( #2314 ), #6035, .T. ) ;
#1238 = UNCERTAINTY_MEASURE_WITH_UNIT (LENGTH_MEASURE( 1.000000000000000082E-05 ), #5646, 'distance_accuracy_value', 'NONE');
#1239 = VECTOR ( 'NONE', #6019, 1000.000000000000114 ) ;
#1240 = LINE ( 'NONE', #1516, #4924 ) ;
#1241 = VERTEX_POINT ( 'NONE', #1790 ) ;
#1242 = CARTESIAN_POINT ( 'NONE',  ( 3.469446951953614189E-15, 4.000499999999999723, 0.0000000000000000000 ) ) ;
#1243 = ORIENTED_EDGE ( 'NONE', *, *, #2173, .F. ) ;
#1244 = COLOUR_RGB ( '',1.000000000000000000, 1.000000000000000000, 1.000000000000000000 ) ;
#1245 = FILL_AREA_STYLE ('',( #5517 ) ) ;
#1246 = ORIENTED_EDGE ( 'NONE', *, *, #1975, .T. ) ;
#1247 = ORIENTED_EDGE ( 'NONE', *, *, #2861, .F. ) ;
#1248 = MECHANICAL_DESIGN_GEOMETRIC_PRESENTATION_REPRESENTATION (  '', ( #3833 ), #4791 ) ;
#1249 = CARTESIAN_POINT ( 'NONE',  ( -0.4733380716925774112, 4.000499999999999723, -0.6703702798221874426 ) ) ;
#1250 = VERTEX_POINT ( 'NONE', #2181 ) ;
#1251 = VECTOR ( 'NONE', #3517, 1000.000000000000000 ) ;
#1252 = CIRCLE ( 'NONE', #4396, 0.2599999999999997868 ) ;
#1253 = VERTEX_POINT ( 'NONE', #5562 ) ;
#1254 = ORIENTED_EDGE ( 'NONE', *, *, #1394, .T. ) ;
#1255 = SURFACE_SIDE_STYLE ('',( #1896 ) ) ;
#1256 = EDGE_LOOP ( 'NONE', ( #4951, #2250, #190, #4183 ) ) ;
#1257 = CARTESIAN_POINT ( 'NONE',  ( 5.290000000000001812, 3.099999999999975220, 1.750000000000195843 ) ) ;
#1259 = DIRECTION ( 'NONE',  ( -0.2762033010251945808, -0.0000000000000000000, 0.9610992334315877628 ) ) ;
#1258 = CARTESIAN_POINT ( 'NONE',  ( 5.290000000000001812, 2.989999999999999769, 3.299999999999999822 ) ) ;
#1260 =( GEOMETRIC_REPRESENTATION_CONTEXT ( 3 ) GLOBAL_UNCERTAINTY_ASSIGNED_CONTEXT ( ( #5952 ) ) GLOBAL_UNIT_ASSIGNED_CONTEXT ( ( #5273, #3258, #3759 ) ) REPRESENTATION_CONTEXT ( 'NONE', 'WORKASPACE' ) );
#1261 = ORIENTED_EDGE ( 'NONE', *, *, #4102, .F. ) ;
#1262 = LINE ( 'NONE', #4446, #4123 ) ;
#1263 = ORIENTED_EDGE ( 'NONE', *, *, #3276, .F. ) ;
#1264 = ORIENTED_EDGE ( 'NONE', *, *, #4726, .F. ) ;
#1265 = SURFACE_SIDE_STYLE ('',( #4971 ) ) ;
#1266 = ADVANCED_FACE ( 'NONE', ( #2951 ), #4140, .F. ) ;
#1267 = CARTESIAN_POINT ( 'NONE',  ( 0.09426364943040775601, 4.000499999999999723, 0.6703702798221505832 ) ) ;
#1268 = VERTEX_POINT ( 'NONE', #6057 ) ;
#1269 = PRESENTATION_LAYER_ASSIGNMENT (  '', '', ( #512 ) ) ;
#1270 = CARTESIAN_POINT ( 'NONE',  ( 1.434409016508026102, 4.000499999999999723, 0.08206727095614561873 ) ) ;
#1271 = EDGE_CURVE ( 'NONE', #5753, #1546, #5321, .T. ) ;
#1272 = COLOUR_RGB ( '',0.5019607843137254832, 0.5019607843137254832, 0.5019607843137254832 ) ;
#1273 = CARTESIAN_POINT ( 'NONE',  ( 1.109172968781252600, 4.000499999999999723, -0.6703702798222106463 ) ) ;
#1274 =( GEOMETRIC_REPRESENTATION_CONTEXT ( 3 ) GLOBAL_UNCERTAINTY_ASSIGNED_CONTEXT ( ( #3267 ) ) GLOBAL_UNIT_ASSIGNED_CONTEXT ( ( #4577, #5978, #6007 ) ) REPRESENTATION_CONTEXT ( 'NONE', 'WORKASPACE' ) );
#1275 = EDGE_CURVE ( 'NONE', #5839, #570, #2445, .T. ) ;
#1276 = CARTESIAN_POINT ( 'NONE',  ( 5.290000000000001812, 3.250000000000000000, 3.299999999999999822 ) ) ;
#1277 = UNCERTAINTY_MEASURE_WITH_UNIT (LENGTH_MEASURE( 1.000000000000000082E-05 ), #4991, 'distance_accuracy_value', 'NONE');
#1278 = LINE ( 'NONE', #2145, #4730 ) ;
#1279 = DIRECTION ( 'NONE',  ( 0.0000000000000000000, 0.0000000000000000000, -1.000000000000000000 ) ) ;
#1281 = DIRECTION ( 'NONE',  ( 0.0000000000000000000, -0.0000000000000000000, -1.000000000000000000 ) ) ;
#1280 = FILL_AREA_STYLE_COLOUR ( '', #1513 ) ;
#1282 = LINE ( 'NONE', #4139, #6277 ) ;
#1283 = DIRECTION ( 'NONE',  ( -9.353901095953370157E-16, 0.0000000000000000000, -1.000000000000000000 ) ) ;
#1284 = EDGE_CURVE ( 'NONE', #5037, #3583, #3497, .T. ) ;
#1285 = FILL_AREA_STYLE ('',( #4157 ) ) ;
#1286 = CARTESIAN_POINT ( 'NONE',  ( 5.052504782352359669, 4.000000000000000000, 4.452221387082075488 ) ) ;
#1287 = CARTESIAN_POINT ( 'NONE',  ( -3.603001661137796852, 4.000000000000000000, -5.052504782352353452 ) ) ;
#1288 = FILL_AREA_STYLE_COLOUR ( '', #1536 ) ;
#1289 = SURFACE_STYLE_FILL_AREA ( #5501 ) ;
#1290 = PRESENTATION_LAYER_ASSIGNMENT (  '', '', ( #5359 ) ) ;
#1291 = VECTOR ( 'NONE', #4185, 999.9999999999998863 ) ;
#1292 = SURFACE_STYLE_USAGE ( .BOTH. , #4742 ) ;
#1293 = SURFACE_SIDE_STYLE ('',( #375 ) ) ;
#1295 = SURFACE_SIDE_STYLE ('',( #3151 ) ) ;
#1294 = FILL_AREA_STYLE ('',( #4692 ) ) ;
#1296 =( LENGTH_UNIT ( ) NAMED_UNIT ( * ) SI_UNIT ( .MILLI., .METRE. ) );
#1297 = COLOUR_RGB ( '',0.0000000000000000000, 0.0000000000000000000, 0.0000000000000000000 ) ;
#1298 = PRESENTATION_STYLE_ASSIGNMENT (( #894 ) ) ;
#1299 = MECHANICAL_DESIGN_GEOMETRIC_PRESENTATION_REPRESENTATION (  '', ( #1509 ), #1642 ) ;
#1300 = STYLED_ITEM ( 'NONE', ( #5659 ), #2420 ) ;
#1301 = SURFACE_STYLE_USAGE ( .BOTH. , #1265 ) ;
#1302 = ORIENTED_EDGE ( 'NONE', *, *, #1828, .T. ) ;
#1303 = DIRECTION ( 'NONE',  ( -1.000000000000000000, 0.0000000000000000000, 0.0000000000000000000 ) ) ;
#1304 = FACE_OUTER_BOUND ( 'NONE', #6260, .T. ) ;
#1305 = CARTESIAN_POINT ( 'NONE',  ( -3.037706955692804467, 4.000499999999999723, -0.6703702798221505832 ) ) ;
#1306 = LINE ( 'NONE', #3726, #5450 ) ;
#1307 = PRESENTATION_STYLE_ASSIGNMENT (( #1681 ) ) ;
#1308 = FILL_AREA_STYLE ('',( #4725 ) ) ;
#1309 = EDGE_CURVE ( 'NONE', #2446, #5938, #790, .T. ) ;
#1310 = FILL_AREA_STYLE ('',( #5021 ) ) ;
#1311 = LINE ( 'NONE', #3532, #4687 ) ;
#1312 = LINE ( 'NONE', #409, #378 ) ;
#1313 = DIRECTION ( 'NONE',  ( -0.0000000000000000000, -1.000000000000000000, 0.0000000000000000000 ) ) ;
#1314 = EDGE_CURVE ( 'NONE', #4045, #4475, #4400, .T. ) ;
#1315 = ORIENTED_EDGE ( 'NONE', *, *, #1400, .F. ) ;
#1316 = DIRECTION ( 'NONE',  ( -0.0000000000000000000, 0.0000000000000000000, -1.000000000000000000 ) ) ;
#1317 = SURFACE_STYLE_FILL_AREA ( #153 ) ;
#1318 =( BOUNDED_CURVE ( )  B_SPLINE_CURVE ( 3, ( #458, #970, #4811, #3813 ),
 .UNSPECIFIED., .F., .T. ) 
 B_SPLINE_CURVE_WITH_KNOTS ( ( 4, 4 ),
 ( 2.356346783439924764, 3.926838523739661024 ),
 .UNSPECIFIED. ) 
 CURVE ( )  GEOMETRIC_REPRESENTATION_ITEM ( )  RATIONAL_B_SPLINE_CURVE ( ( 1.000000000000000000, 0.8048096403827852408, 0.8048096403827852408, 1.000000000000000000 ) ) 
 REPRESENTATION_ITEM ( '' )  );
#1320 = SURFACE_STYLE_USAGE ( .BOTH. , #845 ) ;
#1319 = DIRECTION ( 'NONE',  ( 0.0000000000000000000, -1.000000000000000000, 0.0000000000000000000 ) ) ;
#1321 = LINE ( 'NONE', #3367, #4846 ) ;
#1322 = CARTESIAN_POINT ( 'NONE',  ( -1.808813678643536482, 4.000499999999999723, -0.6703702798220952941 ) ) ;
#1323 = ORIENTED_EDGE ( 'NONE', *, *, #1898, .F. ) ;
#1324 = ORIENTED_EDGE ( 'NONE', *, *, #2821, .F. ) ;
#1325 = ORIENTED_EDGE ( 'NONE', *, *, #3210, .T. ) ;
#1326 =( NAMED_UNIT ( * ) PLANE_ANGLE_UNIT ( ) SI_UNIT ( $, .RADIAN. ) );
#1327 = DIRECTION ( 'NONE',  ( 0.0000000000000000000, -0.0000000000000000000, -1.000000000000000000 ) ) ;
#1328 = ORIENTED_EDGE ( 'NONE', *, *, #4020, .F. ) ;
#1329 = EDGE_LOOP ( 'NONE', ( #3414, #157, #4773, #5774, #2592, #1802, #4905, #4958 ) ) ;
#1330 = VECTOR ( 'NONE', #1719, 1000.000000000000000 ) ;
#1331 =( NAMED_UNIT ( * ) SI_UNIT ( $, .STERADIAN. ) SOLID_ANGLE_UNIT ( ) );
#1332 = VERTEX_POINT ( 'NONE', #3717 ) ;
#1333 = COLOUR_RGB ( '',1.000000000000000000, 1.000000000000000000, 1.000000000000000000 ) ;
#1334 = STYLED_ITEM ( 'NONE', ( #4370 ), #4504 ) ;
#1335 = ORIENTED_EDGE ( 'NONE', *, *, #3642, .F. ) ;
#1336 = ORIENTED_EDGE ( 'NONE', *, *, #4020, .T. ) ;
#1337 = CARTESIAN_POINT ( 'NONE',  ( 5.099999999999997868, 2.950000000000000178, -3.600228457265416182 ) ) ;
#1338 = ORIENTED_EDGE ( 'NONE', *, *, #5745, .F. ) ;
#1339 = CARTESIAN_POINT ( 'NONE',  ( -5.290000000000003588, 3.010000000000000231, -2.050000000000496758 ) ) ;
#1340 = VERTEX_POINT ( 'NONE', #2686 ) ;
#1341 = LINE ( 'NONE', #6301, #2251 ) ;
#1342 = PRESENTATION_STYLE_ASSIGNMENT (( #2496 ) ) ;
#1343 = VECTOR ( 'NONE', #616, 1000.000000000000000 ) ;
#1344 = DIRECTION ( 'NONE',  ( 0.2740217765954298668, 0.0000000000000000000, -0.9617234872620530339 ) ) ;
#1345 = ORIENTED_EDGE ( 'NONE', *, *, #5825, .T. ) ;
#1346 = CARTESIAN_POINT ( 'NONE',  ( 5.550000000000002487, 1.810000000000001164, -2.500000000000000888 ) ) ;
#1347 = AXIS2_PLACEMENT_3D ( 'NONE', #5645, #807, #4170 ) ;
#1348 = EDGE_CURVE ( 'NONE', #5938, #6249, #2601, .T. ) ;
#1349 = DIRECTION ( 'NONE',  ( 7.938847109787030122E-05, 0.0000000000000000000, -0.9999999968487353064 ) ) ;
#1350 = CARTESIAN_POINT ( 'NONE',  ( 5.550000000000002487, 2.989999999999999769, -2.048660687473682795 ) ) ;
#1351 = MECHANICAL_DESIGN_GEOMETRIC_PRESENTATION_REPRESENTATION (  '', ( #692 ), #3464 ) ;
#1352 = MECHANICAL_DESIGN_GEOMETRIC_PRESENTATION_REPRESENTATION (  '', ( #147 ), #3925 ) ;
#1353 = CARTESIAN_POINT ( 'NONE',  ( 0.7237001719797963029, 4.000000000000000000, 0.6703702798221459203 ) ) ;
#1354 = PLANE ( 'NONE',  #507 ) ;
#1355 = DIRECTION ( 'NONE',  ( 1.000000000000000000, -0.0000000000000000000, -0.0000000000000000000 ) ) ;
#1356 = UNCERTAINTY_MEASURE_WITH_UNIT (LENGTH_MEASURE( 1.000000000000000082E-05 ), #1434, 'distance_accuracy_value', 'NONE');
#1357 = SURFACE_STYLE_FILL_AREA ( #5091 ) ;
#1358 = SURFACE_STYLE_USAGE ( .BOTH. , #6093 ) ;
#1359 = AXIS2_PLACEMENT_3D ( 'NONE', #1839, #2835, #6242 ) ;
#1360 = EDGE_CURVE ( 'NONE', #3561, #1467, #2882, .T. ) ;
#1361 = CARTESIAN_POINT ( 'NONE',  ( -3.552227028712815926, 0.1999999999999999001, -5.051998571447400721 ) ) ;
#1362 = FILL_AREA_STYLE ('',( #4734 ) ) ;
#1363 = LINE ( 'NONE', #5286, #2770 ) ;
#1365 = CARTESIAN_POINT ( 'NONE',  ( -0.7853983497317067464, 4.000499999999999723, 0.4152935750536601023 ) ) ;
#1364 = CARTESIAN_POINT ( 'NONE',  ( -5.099999999999997868, 0.1999999999999931555, 5.051998571447399833 ) ) ;
#1366 = LINE ( 'NONE', #2994, #745 ) ;
#1367 = CARTESIAN_POINT ( 'NONE',  ( 0.5211332780687230048, 4.000499999999999723, -0.6703702798222013204 ) ) ;
#1368 = CARTESIAN_POINT ( 'NONE',  ( 2.981526483648595072, 4.000499999999999723, -0.4114982032729543882 ) ) ;
#1369 = FACE_OUTER_BOUND ( 'NONE', #1538, .T. ) ;
#1370 = CARTESIAN_POINT ( 'NONE',  ( -5.290000000000003588, 2.990000000000000213, -2.050000000001217515 ) ) ;
#1371 = AXIS2_PLACEMENT_3D ( 'NONE', #6170, #2725, #6126 ) ;
#1372 = LINE ( 'NONE', #3486, #3612 ) ;
#1373 = ORIENTED_EDGE ( 'NONE', *, *, #6271, .F. ) ;
#1374 = CARTESIAN_POINT ( 'NONE',  ( -2.250038896963176160, 4.000499999999999723, -0.6703702798220952941 ) ) ;
#1375 = AXIS2_PLACEMENT_3D ( 'NONE', #3604, #4533, #5038 ) ;
#1376 = SURFACE_STYLE_FILL_AREA ( #2404 ) ;
#1377 = VECTOR ( 'NONE', #2327, 1000.000000000000000 ) ;
#1378 = CARTESIAN_POINT ( 'NONE',  ( -4.430828269187577995, 0.1999999999999997613, -5.051998571447400721 ) ) ;
#1379 = VECTOR ( 'NONE', #816, 999.9999999999998863 ) ;
#1380 = DIRECTION ( 'NONE',  ( 0.2762517575166428818, 0.0000000000000000000, -0.9610853065513830229 ) ) ;
#1382 = CARTESIAN_POINT ( 'NONE',  ( -5.290000000000001812, 3.009999999999999787, -0.1500000000001505129 ) ) ;
#1381 = CARTESIAN_POINT ( 'NONE',  ( 0.04607485088685460417, 4.000499999999999723, 0.2874720023903819532 ) ) ;
#1383 = EDGE_LOOP ( 'NONE', ( #179, #4774, #1409, #4478 ) ) ;
#1384 = ORIENTED_EDGE ( 'NONE', *, *, #4126, .T. ) ;
#1385 = DIRECTION ( 'NONE',  ( -1.000000000000000000, 0.0000000000000000000, 1.142822720357821354E-14 ) ) ;
#1386 = LINE ( 'NONE', #702, #1928 ) ;
#1387 = ORIENTED_EDGE ( 'NONE', *, *, #1902, .F. ) ;
#1388 = FACE_OUTER_BOUND ( 'NONE', #1731, .T. ) ;
#1389 = LINE ( 'NONE', #3974, #4539 ) ;
#1390 = AXIS2_PLACEMENT_3D ( 'NONE', #3578, #2599, #2174 ) ;
#1391 = FILL_AREA_STYLE_COLOUR ( '', #1678 ) ;
#1392 = ORIENTED_EDGE ( 'NONE', *, *, #5831, .F. ) ;
#1393 = CARTESIAN_POINT ( 'NONE',  ( 5.549743976449109439, 3.003333281319973569, -2.050000000000497202 ) ) ;
#1394 = EDGE_CURVE ( 'NONE', #570, #2441, #5778, .T. ) ;
#1396 =( NAMED_UNIT ( * ) SI_UNIT ( $, .STERADIAN. ) SOLID_ANGLE_UNIT ( ) );
#1395 = CARTESIAN_POINT ( 'NONE',  ( -0.6070688727658387629, 4.000499999999999723, -0.6703702798221874426 ) ) ;
#1397 = LINE ( 'NONE', #3643, #72 ) ;
#1398 = COLOUR_RGB ( '',0.5019607843137254832, 0.5019607843137254832, 0.5019607843137254832 ) ;
#1399 = VERTEX_POINT ( 'NONE', #4745 ) ;
#1400 = EDGE_CURVE ( 'NONE', #1018, #1584, #5616, .T. ) ;
#1401 = ORIENTED_EDGE ( 'NONE', *, *, #6101, .F. ) ;
#1402 = VECTOR ( 'NONE', #2789, 1000.000000000000000 ) ;
#1403 = AXIS2_PLACEMENT_3D ( 'NONE', #5300, #410, #5284 ) ;
#1404 = PLANE ( 'NONE',  #683 ) ;
#1405 = DIRECTION ( 'NONE',  ( -0.0000000000000000000, -1.000000000000000000, 0.0000000000000000000 ) ) ;
#1406 = COLOUR_RGB ( '',0.5019607843137254832, 0.5019607843137254832, 0.5019607843137254832 ) ;
#1407 = EDGE_LOOP ( 'NONE', ( #998, #3183, #5668, #4046 ) ) ;
#1408 =( NAMED_UNIT ( * ) PLANE_ANGLE_UNIT ( ) SI_UNIT ( $, .RADIAN. ) );
#1409 = ORIENTED_EDGE ( 'NONE', *, *, #3551, .T. ) ;
#1410 = DIRECTION ( 'NONE',  ( 0.0000000000000000000, 1.000000000000000000, 0.0000000000000000000 ) ) ;
#1412 = FILL_AREA_STYLE ('',( #963 ) ) ;
#1411 = CARTESIAN_POINT ( 'NONE',  ( -1.290407012552376109, 4.000499999999999723, -0.4151671985522872865 ) ) ;
#1413 = PLANE ( 'NONE',  #3097 ) ;
#1414 = ORIENTED_EDGE ( 'NONE', *, *, #664, .F. ) ;
#1415 = ORIENTED_EDGE ( 'NONE', *, *, #6164, .F. ) ;
#1416 = ORIENTED_EDGE ( 'NONE', *, *, #2703, .T. ) ;
#1417 = DIRECTION ( 'NONE',  ( 1.000000000000000000, 0.0000000000000000000, 0.0000000000000000000 ) ) ;
#1419 = DIRECTION ( 'NONE',  ( -1.000000000000000000, 0.0000000000000000000, 0.0000000000000000000 ) ) ;
#1418 =( NAMED_UNIT ( * ) PLANE_ANGLE_UNIT ( ) SI_UNIT ( $, .RADIAN. ) );
#1420 = ORIENTED_EDGE ( 'NONE', *, *, #4943, .F. ) ;
#1421 = LINE ( 'NONE', #2502, #3351 ) ;
#1422 = LINE ( 'NONE', #5252, #5107 ) ;
#1423 = ORIENTED_EDGE ( 'NONE', *, *, #5395, .T. ) ;
#1424 = SURFACE_STYLE_FILL_AREA ( #3962 ) ;
#1425 = ORIENTED_EDGE ( 'NONE', *, *, #664, .T. ) ;
#1426 = PRESENTATION_LAYER_ASSIGNMENT (  '', '', ( #421 ) ) ;
#1427 = ORIENTED_EDGE ( 'NONE', *, *, #1981, .T. ) ;
#1428 = FILL_AREA_STYLE ('',( #4287 ) ) ;
#1429 = FILL_AREA_STYLE_COLOUR ( '', #1827 ) ;
#1430 = CARTESIAN_POINT ( 'NONE',  ( -4.430828269187577106, 0.1999999999999997613, 5.051998571447400721 ) ) ;
#1431 = CARTESIAN_POINT ( 'NONE',  ( -5.550000000000002487, 3.099999999999975220, 1.750000000000195843 ) ) ;
#1432 = FACE_OUTER_BOUND ( 'NONE', #5767, .T. ) ;
#1433 = CARTESIAN_POINT ( 'NONE',  ( -5.052504782352353452, 4.000000000000000000, -4.452221387082076376 ) ) ;
#1434 =( LENGTH_UNIT ( ) NAMED_UNIT ( * ) SI_UNIT ( .MILLI., .METRE. ) );
#1435 =( GEOMETRIC_REPRESENTATION_CONTEXT ( 3 ) GLOBAL_UNCERTAINTY_ASSIGNED_CONTEXT ( ( #995 ) ) GLOBAL_UNIT_ASSIGNED_CONTEXT ( ( #5546, #2224, #3568 ) ) REPRESENTATION_CONTEXT ( 'NONE', 'WORKASPACE' ) );
#1436 = STYLED_ITEM ( 'NONE', ( #1607 ), #2521 ) ;
#1437 =( NAMED_UNIT ( * ) PLANE_ANGLE_UNIT ( ) SI_UNIT ( $, .RADIAN. ) );
#1438 = EDGE_CURVE ( 'NONE', #362, #5535, #2092, .T. ) ;
#1439 = PRESENTATION_STYLE_ASSIGNMENT (( #4807 ) ) ;
#1441 = SURFACE_STYLE_USAGE ( .BOTH. , #3382 ) ;
#1440 = DIRECTION ( 'NONE',  ( -0.9601763114346038019, 0.0000000000000000000, -0.2793947940814909825 ) ) ;
#1443 =( LENGTH_UNIT ( ) NAMED_UNIT ( * ) SI_UNIT ( .MILLI., .METRE. ) );
#1442 = FILL_AREA_STYLE ('',( #5226 ) ) ;
#1444 =( GEOMETRIC_REPRESENTATION_CONTEXT ( 3 ) GLOBAL_UNCERTAINTY_ASSIGNED_CONTEXT ( ( #5442 ) ) GLOBAL_UNIT_ASSIGNED_CONTEXT ( ( #365, #1326, #2745 ) ) REPRESENTATION_CONTEXT ( 'NONE', 'WORKASPACE' ) );
#1445 = AXIS2_PLACEMENT_3D ( 'NONE', #625, #2615, #2124 ) ;
#1446 = UNCERTAINTY_MEASURE_WITH_UNIT (LENGTH_MEASURE( 1.000000000000000082E-05 ), #3602, 'distance_accuracy_value', 'NONE');
#1447 = EDGE_CURVE ( 'NONE', #1253, #5385, #1803, .T. ) ;
#1448 = DIRECTION ( 'NONE',  ( -1.039309029690213757E-32, -1.057758217058801441E-16, 1.000000000000000000 ) ) ;
#1449 = CARTESIAN_POINT ( 'NONE',  ( 0.0000000000000000000, 0.0000000000000000000, 0.0000000000000000000 ) ) ;
#1450 = COLOUR_RGB ( '',0.0000000000000000000, 0.0000000000000000000, 0.0000000000000000000 ) ;
#1451 = EDGE_CURVE ( 'NONE', #5401, #914, #2081, .T. ) ;
#1452 =( NAMED_UNIT ( * ) PLANE_ANGLE_UNIT ( ) SI_UNIT ( $, .RADIAN. ) );
#1453 = SURFACE_STYLE_USAGE ( .BOTH. , #5809 ) ;
#1454 = LINE ( 'NONE', #1648, #6056 ) ;
#1456 =( LENGTH_UNIT ( ) NAMED_UNIT ( * ) SI_UNIT ( .MILLI., .METRE. ) );
#1455 = SURFACE_STYLE_USAGE ( .BOTH. , #5251 ) ;
#1457 = VECTOR ( 'NONE', #1590, 1000.000000000000000 ) ;
#1458 = SURFACE_STYLE_USAGE ( .BOTH. , #5227 ) ;
#1459 = FACE_OUTER_BOUND ( 'NONE', #869, .T. ) ;
#1460 = VECTOR ( 'NONE', #6198, 1000.000000000000000 ) ;
#1461 = VERTEX_POINT ( 'NONE', #6138 ) ;
#1462 = CARTESIAN_POINT ( 'NONE',  ( -5.550000000000001599, 3.250000000000000000, 3.299999999999999822 ) ) ;
#1463 = LINE ( 'NONE', #5772, #5148 ) ;
#1464 = SURFACE_STYLE_USAGE ( .BOTH. , #6235 ) ;
#1465 = CARTESIAN_POINT ( 'NONE',  ( 2.670566904199616509, 4.000499999999999723, 0.6703702798221320425 ) ) ;
#1466 = STYLED_ITEM ( 'NONE', ( #150 ), #286 ) ;
#1467 = VERTEX_POINT ( 'NONE', #3695 ) ;
#1468 = STYLED_ITEM ( 'NONE', ( #5189 ), #5496 ) ;
#1469 = CARTESIAN_POINT ( 'NONE',  ( -5.550000000000002487, 3.009999999999999787, 0.1500000000001489586 ) ) ;
#1470 = ORIENTED_EDGE ( 'NONE', *, *, #4850, .F. ) ;
#1471 = CARTESIAN_POINT ( 'NONE',  ( 3.552227028712812373, 0.2000000000000002331, -5.051998571447403386 ) ) ;
#1472 = DIRECTION ( 'NONE',  ( -1.000000000000000000, 0.0000000000000000000, 0.0000000000000000000 ) ) ;
#1473 = PRESENTATION_STYLE_ASSIGNMENT (( #3507 ) ) ;
#1474 = ORIENTED_EDGE ( 'NONE', *, *, #2474, .F. ) ;
#1475 = UNCERTAINTY_MEASURE_WITH_UNIT (LENGTH_MEASURE( 1.000000000000000082E-05 ), #2357, 'distance_accuracy_value', 'NONE');
#1476 = STYLED_ITEM ( 'NONE', ( #2945 ), #3588 ) ;
#1477 = ORIENTED_EDGE ( 'NONE', *, *, #4284, .T. ) ;
#1478 = SURFACE_STYLE_FILL_AREA ( #1869 ) ;
#1479 = DIRECTION ( 'NONE',  ( 0.0000000000000000000, 1.000000000000000000, 0.0000000000000000000 ) ) ;
#1481 = DIRECTION ( 'NONE',  ( -0.2755520632520481183, 0.0000000000000000000, 0.9612861490927345764 ) ) ;
#1480 = CARTESIAN_POINT ( 'NONE',  ( -0.1962596263430823884, 4.000499999999999723, -0.5232557993236734983 ) ) ;
#1482 = ORIENTED_EDGE ( 'NONE', *, *, #853, .T. ) ;
#1483 = VERTEX_POINT ( 'NONE', #6184 ) ;
#1484 = VERTEX_POINT ( 'NONE', #4220 ) ;
#1485 = LINE ( 'NONE', #6309, #2950 ) ;
#1486 = EDGE_CURVE ( 'NONE', #4712, #3516, #5771, .T. ) ;
#1487 = ORIENTED_EDGE ( 'NONE', *, *, #1888, .F. ) ;
#1488 = CARTESIAN_POINT ( 'NONE',  ( -1.808813678643536482, 4.000000000000000000, -0.6703702798220952941 ) ) ;
#1489 = VERTEX_POINT ( 'NONE', #2762 ) ;
#1490 = SURFACE_STYLE_FILL_AREA ( #4088 ) ;
#1491 = VECTOR ( 'NONE', #528, 1000.000000000000000 ) ;
#1492 = VERTEX_POINT ( 'NONE', #307 ) ;
#1493 = ORIENTED_EDGE ( 'NONE', *, *, #4062, .T. ) ;
#1494 = CARTESIAN_POINT ( 'NONE',  ( 3.550000000000003375, -0.05999999999999976186, -2.500000000000001332 ) ) ;
#1495 = FILL_AREA_STYLE ('',( #2006 ) ) ;
#1496 = EDGE_CURVE ( 'NONE', #2677, #1789, #5917, .T. ) ;
#1497 = ORIENTED_EDGE ( 'NONE', *, *, #3603, .T. ) ;
#1498 = VECTOR ( 'NONE', #2023, 1000.000000000000000 ) ;
#1499 = ADVANCED_FACE ( 'NONE', ( #5465 ), #3781, .F. ) ;
#1500 = COLOUR_RGB ( '',0.5019607843137254832, 0.5019607843137254832, 0.5019607843137254832 ) ;
#1501 = EDGE_LOOP ( 'NONE', ( #4576, #3949, #1387, #4344 ) ) ;
#1502 = DIRECTION ( 'NONE',  ( 0.0000000000000000000, 0.0000000000000000000, -1.000000000000000000 ) ) ;
#1503 = CARTESIAN_POINT ( 'NONE',  ( -5.290000000000003588, 3.100000000000000533, 2.050000000000439915 ) ) ;
#1504 = SURFACE_STYLE_USAGE ( .BOTH. , #2492 ) ;
#1505 = FILL_AREA_STYLE ('',( #1429 ) ) ;
#1506 =( NAMED_UNIT ( * ) PLANE_ANGLE_UNIT ( ) SI_UNIT ( $, .RADIAN. ) );
#1507 = DIRECTION ( 'NONE',  ( 0.7808223912299693259, 0.6246579129839748834, 0.01090344442906013116 ) ) ;
#1508 =( NAMED_UNIT ( * ) SI_UNIT ( $, .STERADIAN. ) SOLID_ANGLE_UNIT ( ) );
#1509 = STYLED_ITEM ( 'NONE', ( #3255 ), #1 ) ;
#1510 = VECTOR ( 'NONE', #2743, 1000.000000000000000 ) ;
#1511 = MECHANICAL_DESIGN_GEOMETRIC_PRESENTATION_REPRESENTATION (  '', ( #512 ), #1604 ) ;
#1512 =( NAMED_UNIT ( * ) SI_UNIT ( $, .STERADIAN. ) SOLID_ANGLE_UNIT ( ) );
#1513 = COLOUR_RGB ( '',0.5019607843137254832, 0.5019607843137254832, 0.5019607843137254832 ) ;
#1514 = EDGE_CURVE ( 'NONE', #717, #4712, #2668, .T. ) ;
#1515 = UNCERTAINTY_MEASURE_WITH_UNIT (LENGTH_MEASURE( 1.000000000000000082E-05 ), #6180, 'distance_accuracy_value', 'NONE');
#1517 =( NAMED_UNIT ( * ) PLANE_ANGLE_UNIT ( ) SI_UNIT ( $, .RADIAN. ) );
#1516 = CARTESIAN_POINT ( 'NONE',  ( -3.550000000000002487, 2.989999999999999769, -2.050000000001217515 ) ) ;
#1518 = PLANE ( 'NONE',  #4545 ) ;
#1519 =( GEOMETRIC_REPRESENTATION_CONTEXT ( 3 ) GLOBAL_UNCERTAINTY_ASSIGNED_CONTEXT ( ( #2652 ) ) GLOBAL_UNIT_ASSIGNED_CONTEXT ( ( #2851, #5828, #46 ) ) REPRESENTATION_CONTEXT ( 'NONE', 'WORKASPACE' ) );
#1520 = EDGE_CURVE ( 'NONE', #6249, #3108, #243, .T. ) ;
#1521 = CIRCLE ( 'NONE', #757, 0.2599999999999997868 ) ;
#1522 =( LENGTH_UNIT ( ) NAMED_UNIT ( * ) SI_UNIT ( .MILLI., .METRE. ) );
#1523 = ADVANCED_FACE ( 'NONE', ( #1941 ), #2842, .F. ) ;
#1524 = CARTESIAN_POINT ( 'NONE',  ( 3.603001661137792855, 4.000000000000000000, -5.052504782352355228 ) ) ;
#1525 = SURFACE_STYLE_USAGE ( .BOTH. , #3397 ) ;
#1526 = LINE ( 'NONE', #1653, #755 ) ;
#1527 = EDGE_CURVE ( 'NONE', #4785, #1872, #6082, .T. ) ;
#1528 = LINE ( 'NONE', #376, #3776 ) ;
#1529 = DIRECTION ( 'NONE',  ( -0.0000000000000000000, 1.000000000000000000, 0.0000000000000000000 ) ) ;
#1530 = DIRECTION ( 'NONE',  ( 1.000000000000000000, 0.0000000000000000000, 0.0000000000000000000 ) ) ;
#1531 = ORIENTED_EDGE ( 'NONE', *, *, #5114, .F. ) ;
#1532 = ADVANCED_FACE ( 'NONE', ( #4617 ), #3138, .F. ) ;
#1533 = ORIENTED_EDGE ( 'NONE', *, *, #303, .T. ) ;
#1534 = AXIS2_PLACEMENT_3D ( 'NONE', #4441, #5382, #49 ) ;
#1535 = COLOUR_RGB ( '',1.000000000000000000, 1.000000000000000000, 1.000000000000000000 ) ;
#1536 = COLOUR_RGB ( '',1.000000000000000000, 1.000000000000000000, 1.000000000000000000 ) ;
#1537 = VECTOR ( 'NONE', #1327, 1000.000000000000000 ) ;
#1538 = EDGE_LOOP ( 'NONE', ( #2454, #5254, #4532, #1384 ) ) ;
#1539 = DIRECTION ( 'NONE',  ( 2.620428211445328459E-16, -1.000000000000000000, 2.409338161079554329E-15 ) ) ;
#1540 = SURFACE_STYLE_USAGE ( .BOTH. , #6257 ) ;
#1541 =( GEOMETRIC_REPRESENTATION_CONTEXT ( 3 ) GLOBAL_UNCERTAINTY_ASSIGNED_CONTEXT ( ( #1277 ) ) GLOBAL_UNIT_ASSIGNED_CONTEXT ( ( #4991, #4004, #4501 ) ) REPRESENTATION_CONTEXT ( 'NONE', 'WORKASPACE' ) );
#1542 = LINE ( 'NONE', #4194, #1150 ) ;
#1543 = PRESENTATION_STYLE_ASSIGNMENT (( #4713 ) ) ;
#1544 = AXIS2_PLACEMENT_3D ( 'NONE', #5307, #4285, #5287 ) ;
#1545 = VECTOR ( 'NONE', #6181, 1000.000000000000000 ) ;
#1546 = VERTEX_POINT ( 'NONE', #504 ) ;
#1547 = SURFACE_STYLE_USAGE ( .BOTH. , #591 ) ;
#1549 = CARTESIAN_POINT ( 'NONE',  ( 5.550000000000002487, 0.1999999999999996503, -2.500000000000001332 ) ) ;
#1548 = FILL_AREA_STYLE ('',( #4416 ) ) ;
#1550 = PRESENTATION_LAYER_ASSIGNMENT (  '', '', ( #3158 ) ) ;
#1551 = LINE ( 'NONE', #6205, #1788 ) ;
#1552 =( GEOMETRIC_REPRESENTATION_CONTEXT ( 3 ) GLOBAL_UNCERTAINTY_ASSIGNED_CONTEXT ( ( #5758 ) ) GLOBAL_UNIT_ASSIGNED_CONTEXT ( ( #842, #5173, #2733 ) ) REPRESENTATION_CONTEXT ( 'NONE', 'WORKASPACE' ) );
#1553 =( GEOMETRIC_REPRESENTATION_CONTEXT ( 3 ) GLOBAL_UNCERTAINTY_ASSIGNED_CONTEXT ( ( #401 ) ) GLOBAL_UNIT_ASSIGNED_CONTEXT ( ( #119, #5845, #3961 ) ) REPRESENTATION_CONTEXT ( 'NONE', 'WORKASPACE' ) );
#1554 = ORIENTED_EDGE ( 'NONE', *, *, #4641, .T. ) ;
#1555 = SURFACE_SIDE_STYLE ('',( #5822 ) ) ;
#1556 = ORIENTED_EDGE ( 'NONE', *, *, #2480, .F. ) ;
#1557 = EDGE_CURVE ( 'NONE', #389, #714, #1363, .T. ) ;
#1558 = VECTOR ( 'NONE', #6032, 1000.000000000000000 ) ;
#1559 =( LENGTH_UNIT ( ) NAMED_UNIT ( * ) SI_UNIT ( .MILLI., .METRE. ) );
#1560 = UNCERTAINTY_MEASURE_WITH_UNIT (LENGTH_MEASURE( 1.000000000000000082E-05 ), #5085, 'distance_accuracy_value', 'NONE');
#1561 = CARTESIAN_POINT ( 'NONE',  ( 0.7274180871905749912, 4.000499999999999723, -0.5290038919167755482 ) ) ;
#1562 = ORIENTED_EDGE ( 'NONE', *, *, #392, .F. ) ;
#1563 = DIRECTION ( 'NONE',  ( -1.000000000000000000, 0.0000000000000000000, 7.386927795987963789E-15 ) ) ;
#1564 = PRESENTATION_STYLE_ASSIGNMENT (( #2270 ) ) ;
#1565 = ORIENTED_EDGE ( 'NONE', *, *, #6262, .F. ) ;
#1566 = VERTEX_POINT ( 'NONE', #3810 ) ;
#1567 = PRESENTATION_LAYER_ASSIGNMENT (  '', '', ( #3264 ) ) ;
#1568 = ADVANCED_FACE ( 'NONE', ( #1904 ), #6274, .F. ) ;
#1569 = DIRECTION ( 'NONE',  ( 0.0000000000000000000, 1.000000000000000000, 0.0000000000000000000 ) ) ;
#1570 = ORIENTED_EDGE ( 'NONE', *, *, #3934, .F. ) ;
#1571 = FILL_AREA_STYLE_COLOUR ( '', #1009 ) ;
#1572 = LINE ( 'NONE', #4458, #4406 ) ;
#1573 = VERTEX_POINT ( 'NONE', #3301 ) ;
#1574 = ORIENTED_EDGE ( 'NONE', *, *, #5278, .T. ) ;
#1575 = ADVANCED_FACE ( 'NONE', ( #2338 ), #2351, .T. ) ;
#1576 = EDGE_CURVE ( 'NONE', #6094, #5523, #5361, .T. ) ;
#1577 = ORIENTED_EDGE ( 'NONE', *, *, #6299, .F. ) ;
#1578 = VECTOR ( 'NONE', #1976, 1000.000000000000000 ) ;
#1579 = DIRECTION ( 'NONE',  ( 0.2764273280489709661, 0.0000000000000000000, -0.9610348236706651726 ) ) ;
#1581 = DIRECTION ( 'NONE',  ( -0.0000000000000000000, -1.000000000000000000, 0.0000000000000000000 ) ) ;
#1580 = DIRECTION ( 'NONE',  ( -1.000000000000000000, 0.0000000000000000000, 0.0000000000000000000 ) ) ;
#1582 = VERTEX_POINT ( 'NONE', #5323 ) ;
#1583 = DIRECTION ( 'NONE',  ( 0.05375259206908555853, 0.0000000000000000000, -0.9985542843760946141 ) ) ;
#1584 = VERTEX_POINT ( 'NONE', #5770 ) ;
#1585 = PLANE ( 'NONE',  #2795 ) ;
#1586 = FACE_OUTER_BOUND ( 'NONE', #3955, .T. ) ;
#1587 = SURFACE_SIDE_STYLE ('',( #1638 ) ) ;
#1588 = ORIENTED_EDGE ( 'NONE', *, *, #236, .T. ) ;
#1589 = DIRECTION ( 'NONE',  ( 1.484548110090178811E-16, -0.5665288228870649645, -0.8240419241993678368 ) ) ;
#1590 = DIRECTION ( 'NONE',  ( -0.0000000000000000000, -1.000000000000000000, 0.0000000000000000000 ) ) ;
#1592 =( LENGTH_UNIT ( ) NAMED_UNIT ( * ) SI_UNIT ( .MILLI., .METRE. ) );
#1591 = DIRECTION ( 'NONE',  ( -3.354250471127030822E-16, -1.000000000000000000, 0.0000000000000000000 ) ) ;
#1594 = DIRECTION ( 'NONE',  ( -0.0000000000000000000, -0.0000000000000000000, -1.000000000000000000 ) ) ;
#1593 = FILL_AREA_STYLE_COLOUR ( '', #4942 ) ;
#1595 = MECHANICAL_DESIGN_GEOMETRIC_PRESENTATION_REPRESENTATION (  '', ( #838 ), #3752 ) ;
#1596 = CARTESIAN_POINT ( 'NONE',  ( -5.074035370537306910, 3.177780009457925381, 3.624532249322747202 ) ) ;
#1597 = ADVANCED_FACE ( 'NONE', ( #5749 ), #3869, .F. ) ;
#1599 = PLANE ( 'NONE',  #4719 ) ;
#1598 = SURFACE_SIDE_STYLE ('',( #31 ) ) ;
#1600 = FACE_OUTER_BOUND ( 'NONE', #63, .T. ) ;
#1601 = CARTESIAN_POINT ( 'NONE',  ( -1.808813678643536482, 4.000000000000000000, -0.6703702798220952941 ) ) ;
#1602 = SURFACE_STYLE_USAGE ( .BOTH. , #624 ) ;
#1603 = CARTESIAN_POINT ( 'NONE',  ( 5.290000000000001812, 2.645649867374005648, 3.715490716180370967 ) ) ;
#1604 =( GEOMETRIC_REPRESENTATION_CONTEXT ( 3 ) GLOBAL_UNCERTAINTY_ASSIGNED_CONTEXT ( ( #887 ) ) GLOBAL_UNIT_ASSIGNED_CONTEXT ( ( #1809, #6179, #3708 ) ) REPRESENTATION_CONTEXT ( 'NONE', 'WORKASPACE' ) );
#1605 = UNCERTAINTY_MEASURE_WITH_UNIT (LENGTH_MEASURE( 1.000000000000000082E-05 ), #1073, 'distance_accuracy_value', 'NONE');
#1606 = EDGE_CURVE ( 'NONE', #3413, #2387, #2491, .T. ) ;
#1607 = PRESENTATION_STYLE_ASSIGNMENT (( #3370 ) ) ;
#1608 =( NAMED_UNIT ( * ) SI_UNIT ( $, .STERADIAN. ) SOLID_ANGLE_UNIT ( ) );
#1609 = SURFACE_SIDE_STYLE ('',( #3756 ) ) ;
#1610 = LINE ( 'NONE', #595, #6129 ) ;
#1611 = EDGE_CURVE ( 'NONE', #6089, #3238, #4084, .T. ) ;
#1612 =( NAMED_UNIT ( * ) PLANE_ANGLE_UNIT ( ) SI_UNIT ( $, .RADIAN. ) );
#1613 = CARTESIAN_POINT ( 'NONE',  ( -5.550000000000001599, 2.360000000000000764, 3.299999999999999822 ) ) ;
#1614 = COLOUR_RGB ( '',1.000000000000000000, 1.000000000000000000, 1.000000000000000000 ) ;
#1615 = LINE ( 'NONE', #1901, #3541 ) ;
#1616 = CARTESIAN_POINT ( 'NONE',  ( -5.072144223529244655, 3.250000000000000000, -3.299999999999999822 ) ) ;
#1617 = SURFACE_STYLE_FILL_AREA ( #3245 ) ;
#1618 = FACE_OUTER_BOUND ( 'NONE', #3165, .T. ) ;
#1619 = DIRECTION ( 'NONE',  ( 0.02616798426497942212, -0.9993150019883699775, 0.02616798426497939437 ) ) ;
#1620 = VERTEX_POINT ( 'NONE', #6292 ) ;
#1621 = EDGE_CURVE ( 'NONE', #1878, #4645, #215, .T. ) ;
#1622 =( LENGTH_UNIT ( ) NAMED_UNIT ( * ) SI_UNIT ( .MILLI., .METRE. ) );
#1623 = CARTESIAN_POINT ( 'NONE',  ( -1.528630799032689280, 4.000499999999999723, 0.4152935750536601023 ) ) ;
#1624 = DIRECTION ( 'NONE',  ( -3.413639821982827545E-16, 0.02617694830787321153, -0.9996573249755573709 ) ) ;
#1625 = ORIENTED_EDGE ( 'NONE', *, *, #1777, .T. ) ;
#1626 = STYLED_ITEM ( 'NONE', ( #6230 ), #1532 ) ;
#1627 = ADVANCED_FACE ( 'NONE', ( #764, #2928 ), #2956, .T. ) ;
#1628 = SURFACE_STYLE_FILL_AREA ( #4212 ) ;
#1630 = FILL_AREA_STYLE ('',( #3054 ) ) ;
#1629 = CARTESIAN_POINT ( 'NONE',  ( 5.052504782352357893, 4.000000000000000000, 3.603001661137792411 ) ) ;
#1632 = FILL_AREA_STYLE_COLOUR ( '', #1044 ) ;
#1631 = CARTESIAN_POINT ( 'NONE',  ( -5.290000000000001812, 2.989999999999999769, -2.050000000000441247 ) ) ;
#1633 = VERTEX_POINT ( 'NONE', #2992 ) ;
#1634 = STYLED_ITEM ( 'NONE', ( #4214 ), #4929 ) ;
#1635 = VERTEX_POINT ( 'NONE', #34 ) ;
#1636 = STYLED_ITEM ( 'NONE', ( #5672 ), #1106 ) ;
#1637 = EDGE_LOOP ( 'NONE', ( #5928, #1088, #5979, #5855, #3631, #1955 ) ) ;
#1638 = SURFACE_STYLE_FILL_AREA ( #3515 ) ;
#1639 = EDGE_LOOP ( 'NONE', ( #5405, #3316, #233, #880, #4790, #2926, #4191, #4319 ) ) ;
#1640 =( NAMED_UNIT ( * ) PLANE_ANGLE_UNIT ( ) SI_UNIT ( $, .RADIAN. ) );
#1641 = DIRECTION ( 'NONE',  ( -0.0000000000000000000, -0.0000000000000000000, 1.000000000000000000 ) ) ;
#1642 =( GEOMETRIC_REPRESENTATION_CONTEXT ( 3 ) GLOBAL_UNCERTAINTY_ASSIGNED_CONTEXT ( ( #2253 ) ) GLOBAL_UNIT_ASSIGNED_CONTEXT ( ( #3396, #510, #4369 ) ) REPRESENTATION_CONTEXT ( 'NONE', 'WORKASPACE' ) );
#1643 = UNCERTAINTY_MEASURE_WITH_UNIT (LENGTH_MEASURE( 1.000000000000000082E-05 ), #997, 'distance_accuracy_value', 'NONE');
#1644 = MECHANICAL_DESIGN_GEOMETRIC_PRESENTATION_REPRESENTATION (  '', ( #1300 ), #5418 ) ;
#1645 = VERTEX_POINT ( 'NONE', #583 ) ;
#1646 = PRESENTATION_STYLE_ASSIGNMENT (( #3313 ) ) ;
#1647 = VECTOR ( 'NONE', #2320, 1000.000000000000114 ) ;
#1648 = CARTESIAN_POINT ( 'NONE',  ( -5.290000000000001812, 3.250000000000000000, 3.299999999999999822 ) ) ;
#1649 = EDGE_CURVE ( 'NONE', #3785, #218, #310, .T. ) ;
#1650 = EDGE_LOOP ( 'NONE', ( #4397, #94, #2347, #4477, #1027 ) ) ;
#1651 = EDGE_LOOP ( 'NONE', ( #4345, #58, #792, #164, #2374, #6015, #4338, #3778 ) ) ;
#1652 = CARTESIAN_POINT ( 'NONE',  ( 1.505122785420938358, 4.000000000000000000, -0.1657448231678102513 ) ) ;
#1653 = CARTESIAN_POINT ( 'NONE',  ( -5.080000000000000071, 2.950000000000000178, 3.299999999999999822 ) ) ;
#1654 = EDGE_CURVE ( 'NONE', #1268, #1021, #4928, .T. ) ;
#1655 = EDGE_LOOP ( 'NONE', ( #2102, #3106, #1183, #3882 ) ) ;
#1656 = ORIENTED_EDGE ( 'NONE', *, *, #411, .F. ) ;
#1657 = PRESENTATION_LAYER_ASSIGNMENT (  '', '', ( #3766 ) ) ;
#1658 = CARTESIAN_POINT ( 'NONE',  ( 1.434409016508026102, 4.000000000000000000, 0.08206727095614561873 ) ) ;
#1660 =( NAMED_UNIT ( * ) PLANE_ANGLE_UNIT ( ) SI_UNIT ( $, .RADIAN. ) );
#1659 = CARTESIAN_POINT ( 'NONE',  ( -5.290000000000002700, 0.1999999999999996503, -2.500000000000002220 ) ) ;
#1661 = EDGE_CURVE ( 'NONE', #5385, #4244, #1793, .T. ) ;
#1662 = PLANE ( 'NONE',  #460 ) ;
#1663 = ORIENTED_EDGE ( 'NONE', *, *, #1015, .T. ) ;
#1664 = VECTOR ( 'NONE', #2399, 1000.000000000000227 ) ;
#1665 = VERTEX_POINT ( 'NONE', #2472 ) ;
#1666 = ORIENTED_EDGE ( 'NONE', *, *, #645, .T. ) ;
#1667 = COLOUR_RGB ( '',0.0000000000000000000, 0.0000000000000000000, 0.0000000000000000000 ) ;
#1668 = EDGE_CURVE ( 'NONE', #5386, #372, #2872, .T. ) ;
#1669 = ADVANCED_FACE ( 'NONE', ( #2734 ), #565, .T. ) ;
#1671 = FILL_AREA_STYLE_COLOUR ( '', #496 ) ;
#1670 = DIRECTION ( 'NONE',  ( -1.000000000000000000, 0.0000000000000000000, 0.0000000000000000000 ) ) ;
#1672 = EDGE_LOOP ( 'NONE', ( #3487, #2955, #5269, #2221 ) ) ;
#1673 = CARTESIAN_POINT ( 'NONE',  ( -3.631489445471749455, 2.874138832453967396, 3.631489445471747679 ) ) ;
#1674 = SURFACE_SIDE_STYLE ('',( #1177 ) ) ;
#1675 = CARTESIAN_POINT ( 'NONE',  ( 5.078952563137235643, 2.989999999999999769, 3.299999999999999822 ) ) ;
#1676 = STYLED_ITEM ( 'NONE', ( #6210 ), #4580 ) ;
#1677 =( GEOMETRIC_REPRESENTATION_CONTEXT ( 3 ) GLOBAL_UNCERTAINTY_ASSIGNED_CONTEXT ( ( #282 ) ) GLOBAL_UNIT_ASSIGNED_CONTEXT ( ( #91, #3410, #1060 ) ) REPRESENTATION_CONTEXT ( 'NONE', 'WORKASPACE' ) );
#1678 = COLOUR_RGB ( '',0.0000000000000000000, 0.0000000000000000000, 0.0000000000000000000 ) ;
#1680 = CARTESIAN_POINT ( 'NONE',  ( 0.3829972708428661665, 4.000499999999999723, 0.6703702798221505832 ) ) ;
#1679 = DIRECTION ( 'NONE',  ( -0.0000000000000000000, -0.0000000000000000000, 1.000000000000000000 ) ) ;
#1682 = FILL_AREA_STYLE ('',( #5033 ) ) ;
#1681 = SURFACE_STYLE_USAGE ( .BOTH. , #2654 ) ;
#1683 = COLOUR_RGB ( '',1.000000000000000000, 1.000000000000000000, 1.000000000000000000 ) ;
#1684 = MECHANICAL_DESIGN_GEOMETRIC_PRESENTATION_REPRESENTATION (  '', ( #1466 ), #4552 ) ;
#1685 = VECTOR ( 'NONE', #6063, 1000.000000000000000 ) ;
#1686 = CARTESIAN_POINT ( 'NONE',  ( 5.052504782352359669, 4.000000000000000000, 5.079999999999997407 ) ) ;
#1687 = PRESENTATION_LAYER_ASSIGNMENT (  '', '', ( #2084 ) ) ;
#1688 = CARTESIAN_POINT ( 'NONE',  ( -5.290000000000003588, 2.990000000000000213, 2.050000000001217515 ) ) ;
#1689 = STYLED_ITEM ( 'NONE', ( #3800 ), #3490 ) ;
#1690 = DIRECTION ( 'NONE',  ( 0.2759782365590837672, 0.0000000000000000000, -0.9611638845408927434 ) ) ;
#1691 = LINE ( 'NONE', #754, #5355 ) ;
#1692 = CARTESIAN_POINT ( 'NONE',  ( -2.132957182187180667, 4.000499999999999723, 0.6703702798221644610 ) ) ;
#1693 = DIRECTION ( 'NONE',  ( -0.0000000000000000000, 0.0000000000000000000, -1.000000000000000000 ) ) ;
#1695 =( NAMED_UNIT ( * ) SI_UNIT ( $, .STERADIAN. ) SOLID_ANGLE_UNIT ( ) );
#1694 = FILL_AREA_STYLE_COLOUR ( '', #1667 ) ;
#1696 = COLOUR_RGB ( '',1.000000000000000000, 1.000000000000000000, 1.000000000000000000 ) ;
#1697 = VECTOR ( 'NONE', #1690, 999.9999999999998863 ) ;
#1698 = LINE ( 'NONE', #391, #3149 ) ;
#1699 = LINE ( 'NONE', #3848, #996 ) ;
#1700 = VERTEX_POINT ( 'NONE', #3433 ) ;
#1701 = VERTEX_POINT ( 'NONE', #4059 ) ;
#1702 = SURFACE_STYLE_FILL_AREA ( #302 ) ;
#1703 =( LENGTH_UNIT ( ) NAMED_UNIT ( * ) SI_UNIT ( .MILLI., .METRE. ) );
#1704 = LINE ( 'NONE', #592, #379 ) ;
#1705 = ORIENTED_EDGE ( 'NONE', *, *, #5158, .F. ) ;
#1706 = DIRECTION ( 'NONE',  ( -9.390727478220907155E-16, -0.0000000000000000000, -1.000000000000000000 ) ) ;
#1707 = MECHANICAL_DESIGN_GEOMETRIC_PRESENTATION_REPRESENTATION (  '', ( #4909 ), #6108 ) ;
#1708 =( NAMED_UNIT ( * ) PLANE_ANGLE_UNIT ( ) SI_UNIT ( $, .RADIAN. ) );
#1709 = CARTESIAN_POINT ( 'NONE',  ( -1.362971585749472636, 4.000499999999999723, -0.1657896664456280922 ) ) ;
#1710 = LINE ( 'NONE', #2631, #2660 ) ;
#1711 = DIRECTION ( 'NONE',  ( 0.0000000000000000000, 0.0000000000000000000, 1.000000000000000000 ) ) ;
#1712 = CYLINDRICAL_SURFACE ( 'NONE', #1227, 0.1500000000001500133 ) ;
#1713 = VERTEX_POINT ( 'NONE', #1680 ) ;
#1714 = ORIENTED_EDGE ( 'NONE', *, *, #650, .F. ) ;
#1715 = LINE ( 'NONE', #2213, #2948 ) ;
#1716 = CARTESIAN_POINT ( 'NONE',  ( -1.597563066899632789, 4.000499999999999723, -0.6703702798221691239 ) ) ;
#1717 = CARTESIAN_POINT ( 'NONE',  ( 5.550000000000001599, 3.250000000000000000, 3.299999999999999822 ) ) ;
#1719 = DIRECTION ( 'NONE',  ( -0.0000000000000000000, -1.000000000000000000, 0.0000000000000000000 ) ) ;
#1718 = SURFACE_STYLE_USAGE ( .BOTH. , #2487 ) ;
#1720 = VECTOR ( 'NONE', #693, 1000.000000000000114 ) ;
#1721 = AXIS2_PLACEMENT_3D ( 'NONE', #1734, #5083, #3635 ) ;
#1722 = VERTEX_POINT ( 'NONE', #1196 ) ;
#1723 = ORIENTED_EDGE ( 'NONE', *, *, #3276, .T. ) ;
#1724 = ORIENTED_EDGE ( 'NONE', *, *, #5308, .T. ) ;
#1725 = UNCERTAINTY_MEASURE_WITH_UNIT (LENGTH_MEASURE( 1.000000000000000082E-05 ), #5202, 'distance_accuracy_value', 'NONE');
#1726 = COLOUR_RGB ( '',0.0000000000000000000, 0.0000000000000000000, 0.0000000000000000000 ) ;
#1727 = ADVANCED_FACE ( 'NONE', ( #3957 ), #3333, .T. ) ;
#1728 = DIRECTION ( 'NONE',  ( -0.8843386665637610333, 0.0000000000000000000, -0.4668459304955212552 ) ) ;
#1729 = AXIS2_PLACEMENT_3D ( 'NONE', #680, #5005, #704 ) ;
#1730 = DIRECTION ( 'NONE',  ( 1.000000000000000000, 3.354250471127030822E-16, 7.779006733382785237E-32 ) ) ;
#1731 = EDGE_LOOP ( 'NONE', ( #3562, #3416, #1077, #2171 ) ) ;
#1732 = EDGE_CURVE ( 'NONE', #2602, #3965, #4321, .T. ) ;
#1733 = LINE ( 'NONE', #2435, #1578 ) ;
#1734 = CARTESIAN_POINT ( 'NONE',  ( -5.080000000000000071, 2.950000000000000178, -5.079999999999998295 ) ) ;
#1735 = VECTOR ( 'NONE', #1914, 1000.000000000000114 ) ;
#1736 = CARTESIAN_POINT ( 'NONE',  ( 3.597579292113402882, 2.798229430087573633, 5.097350834847984125 ) ) ;
#1737 = ORIENTED_EDGE ( 'NONE', *, *, #4853, .F. ) ;
#1738 = EDGE_CURVE ( 'NONE', #947, #2179, #4171, .T. ) ;
#1739 = ORIENTED_EDGE ( 'NONE', *, *, #3919, .T. ) ;
#1741 =( NAMED_UNIT ( * ) SI_UNIT ( $, .STERADIAN. ) SOLID_ANGLE_UNIT ( ) );
#1740 =( NAMED_UNIT ( * ) SI_UNIT ( $, .STERADIAN. ) SOLID_ANGLE_UNIT ( ) );
#1742 = VECTOR ( 'NONE', #1232, 1000.000000000000000 ) ;
#1743 = VECTOR ( 'NONE', #2619, 1000.000000000000000 ) ;
#1744 = EDGE_CURVE ( 'NONE', #25, #3647, #2666, .T. ) ;
#1745 = CARTESIAN_POINT ( 'NONE',  ( -1.597563066899632789, 4.000499999999999723, -0.6703702798221691239 ) ) ;
#1746 = CARTESIAN_POINT ( 'NONE',  ( -0.6795519127347473542, 4.000499999999999723, -0.4151671985522872865 ) ) ;
#1747 = STYLED_ITEM ( 'NONE', ( #5830 ), #2066 ) ;
#1748 = PRESENTATION_LAYER_ASSIGNMENT (  '', '', ( #1626 ) ) ;
#1749 = DIRECTION ( 'NONE',  ( 0.3829140317376869551, 0.0000000000000000000, 0.9237839814038721897 ) ) ;
#1750 = FILL_AREA_STYLE_COLOUR ( '', #1333 ) ;
#1751 = FILL_AREA_STYLE ('',( #1211 ) ) ;
#1752 = PRESENTATION_STYLE_ASSIGNMENT (( #1464 ) ) ;
#1753 = AXIS2_PLACEMENT_3D ( 'NONE', #978, #5807, #554 ) ;
#1754 = ADVANCED_FACE ( 'NONE', ( #3636 ), #3720, .T. ) ;
#1755 = MECHANICAL_DESIGN_GEOMETRIC_PRESENTATION_REPRESENTATION (  '', ( #1086 ), #4512 ) ;
#1756 = DIRECTION ( 'NONE',  ( 0.0000000000000000000, 1.057758217058801317E-16, -1.000000000000000000 ) ) ;
#1757 = UNCERTAINTY_MEASURE_WITH_UNIT (LENGTH_MEASURE( 1.000000000000000082E-05 ), #5621, 'distance_accuracy_value', 'NONE');
#1758 = CARTESIAN_POINT ( 'NONE',  ( 5.290000000000003588, 4.000000000000000888, -2.050000000001217515 ) ) ;
#1760 = DIRECTION ( 'NONE',  ( 0.0000000000000000000, 0.0000000000000000000, -1.000000000000000000 ) ) ;
#1759 = SURFACE_SIDE_STYLE ('',( #5653 ) ) ;
#1761 = VECTOR ( 'NONE', #1831, 1000.000000000000000 ) ;
#1762 = MECHANICAL_DESIGN_GEOMETRIC_PRESENTATION_REPRESENTATION (  '', ( #187 ), #2158 ) ;
#1763 = PRESENTATION_STYLE_ASSIGNMENT (( #4455 ) ) ;
#1764 = FILL_AREA_STYLE ('',( #2663 ) ) ;
#1765 = EDGE_CURVE ( 'NONE', #2906, #362, #3796, .T. ) ;
#1766 = VECTOR ( 'NONE', #5712, 1000.000000000000000 ) ;
#1767 = CARTESIAN_POINT ( 'NONE',  ( -0.5389845515424375177, 4.000499999999999723, 0.6703702798221553572 ) ) ;
#1768 = CARTESIAN_POINT ( 'NONE',  ( 1.109172968781252600, 4.000000000000000000, -0.6703702798222106463 ) ) ;
#1769 = SURFACE_STYLE_FILL_AREA ( #1751 ) ;
#1770 =( GEOMETRIC_REPRESENTATION_CONTEXT ( 3 ) GLOBAL_UNCERTAINTY_ASSIGNED_CONTEXT ( ( #1808 ) ) GLOBAL_UNIT_ASSIGNED_CONTEXT ( ( #6085, #3652, #771 ) ) REPRESENTATION_CONTEXT ( 'NONE', 'WORKASPACE' ) );
#1771 = LINE ( 'NONE', #1465, #2494 ) ;
#1772 =( NAMED_UNIT ( * ) SI_UNIT ( $, .STERADIAN. ) SOLID_ANGLE_UNIT ( ) );
#1773 = STYLED_ITEM ( 'NONE', ( #4454 ), #3891 ) ;
#1774 =( NAMED_UNIT ( * ) PLANE_ANGLE_UNIT ( ) SI_UNIT ( $, .RADIAN. ) );
#1775 = FILL_AREA_STYLE_COLOUR ( '', #2414 ) ;
#1776 = ORIENTED_EDGE ( 'NONE', *, *, #6055, .T. ) ;
#1777 = EDGE_CURVE ( 'NONE', #1461, #1566, #2, .T. ) ;
#1778 = COLOUR_RGB ( '',0.5019607843137254832, 0.5019607843137254832, 0.5019607843137254832 ) ;
#1779 = LINE ( 'NONE', #803, #4229 ) ;
#1780 = DIRECTION ( 'NONE',  ( 0.0000000000000000000, 2.319149032054553916E-16, -1.000000000000000000 ) ) ;
#1781 = CARTESIAN_POINT ( 'NONE',  ( -5.550000000000002487, 0.1999999999999996503, -2.500000000000001332 ) ) ;
#1783 = CARTESIAN_POINT ( 'NONE',  ( -5.549743976449109439, 3.003333281319973569, -2.050000000000497202 ) ) ;
#1782 = CARTESIAN_POINT ( 'NONE',  ( -1.362971585749472636, 4.000000000000000000, -0.1657896664456280922 ) ) ;
#1784 = VERTEX_POINT ( 'NONE', #3071 ) ;
#1785 = EDGE_CURVE ( 'NONE', #1665, #14, #2436, .T. ) ;
#1786 = FACE_OUTER_BOUND ( 'NONE', #5025, .T. ) ;
#1787 = ORIENTED_EDGE ( 'NONE', *, *, #5302, .T. ) ;
#1788 = VECTOR ( 'NONE', #3809, 999.9999999999998863 ) ;
#1789 = VERTEX_POINT ( 'NONE', #2172 ) ;
#1790 = CARTESIAN_POINT ( 'NONE',  ( -5.550000000000002487, 3.099999999999975664, 0.1500000000001489586 ) ) ;
#1791 = ADVANCED_FACE ( 'NONE', ( #3476 ), #3600, .T. ) ;
#1792 = DIRECTION ( 'NONE',  ( 2.620428211445327965E-16, -1.000000000000000000, 0.0000000000000000000 ) ) ;
#1793 = LINE ( 'NONE', #2933, #3167 ) ;
#1794 = VECTOR ( 'NONE', #6273, 1000.000000000000000 ) ;
#1795 = SURFACE_SIDE_STYLE ('',( #5512 ) ) ;
#1796 = ORIENTED_EDGE ( 'NONE', *, *, #555, .F. ) ;
#1797 = ORIENTED_EDGE ( 'NONE', *, *, #5182, .F. ) ;
#1798 = AXIS2_PLACEMENT_3D ( 'NONE', #317, #1355, #2300 ) ;
#1799 = UNCERTAINTY_MEASURE_WITH_UNIT (LENGTH_MEASURE( 1.000000000000000082E-05 ), #5846, 'distance_accuracy_value', 'NONE');
#1800 = DIRECTION ( 'NONE',  ( -0.02616798426497936314, 0.9993150019883697555, 0.02616798426497940477 ) ) ;
#1801 = SURFACE_SIDE_STYLE ('',( #1769 ) ) ;
#1802 = ORIENTED_EDGE ( 'NONE', *, *, #1948, .T. ) ;
#1803 = LINE ( 'NONE', #5637, #1163 ) ;
#1804 = ORIENTED_EDGE ( 'NONE', *, *, #6095, .T. ) ;
#1805 = CARTESIAN_POINT ( 'NONE',  ( 5.290000000000001812, 2.989999999999999769, 3.299999999999999822 ) ) ;
#1806 = EDGE_LOOP ( 'NONE', ( #2064, #3271, #2144, #3718 ) ) ;
#1807 = AXIS2_PLACEMENT_3D ( 'NONE', #4299, #6206, #418 ) ;
#1808 = UNCERTAINTY_MEASURE_WITH_UNIT (LENGTH_MEASURE( 1.000000000000000082E-05 ), #6085, 'distance_accuracy_value', 'NONE');
#1810 = CARTESIAN_POINT ( 'NONE',  ( -5.550000000000002487, -0.06000000000000037248, 2.499999999999998668 ) ) ;
#1809 =( LENGTH_UNIT ( ) NAMED_UNIT ( * ) SI_UNIT ( .MILLI., .METRE. ) );
#1811 = MECHANICAL_DESIGN_GEOMETRIC_PRESENTATION_REPRESENTATION (  '', ( #5452 ), #3002 ) ;
#1812 =( NAMED_UNIT ( * ) PLANE_ANGLE_UNIT ( ) SI_UNIT ( $, .RADIAN. ) );
#1813 = LINE ( 'NONE', #5119, #2007 ) ;
#1814 = EDGE_LOOP ( 'NONE', ( #6244, #4273, #4944, #4950 ) ) ;
#1815 = ORIENTED_EDGE ( 'NONE', *, *, #3390, .F. ) ;
#1816 = SURFACE_SIDE_STYLE ('',( #2810 ) ) ;
#1817 = ORIENTED_EDGE ( 'NONE', *, *, #2475, .T. ) ;
#1818 =( GEOMETRIC_REPRESENTATION_CONTEXT ( 3 ) GLOBAL_UNCERTAINTY_ASSIGNED_CONTEXT ( ( #4506 ) ) GLOBAL_UNIT_ASSIGNED_CONTEXT ( ( #3469, #982, #4346 ) ) REPRESENTATION_CONTEXT ( 'NONE', 'WORKASPACE' ) );
#1819 = CARTESIAN_POINT ( 'NONE',  ( -2.899999999999999023, 0.1999999999999996503, -5.100000000000002309 ) ) ;
#1820 =( NAMED_UNIT ( * ) PLANE_ANGLE_UNIT ( ) SI_UNIT ( $, .RADIAN. ) );
#1821 = PRESENTATION_STYLE_ASSIGNMENT (( #5147 ) ) ;
#1822 = CARTESIAN_POINT ( 'NONE',  ( -0.4733380716925774112, 4.000499999999999723, -0.6703702798221874426 ) ) ;
#1824 = CARTESIAN_POINT ( 'NONE',  ( 5.290000000000003588, 2.990000000000000213, 2.050000000001217515 ) ) ;
#1823 = CARTESIAN_POINT ( 'NONE',  ( -5.080000000000002736, 2.950000000000000178, 4.479716604729722107 ) ) ;
#1825 = FILL_AREA_STYLE_COLOUR ( '', #6146 ) ;
#1826 = VECTOR ( 'NONE', #2627, 1000.000000000000000 ) ;
#1827 = COLOUR_RGB ( '',1.000000000000000000, 1.000000000000000000, 1.000000000000000000 ) ;
#1828 = EDGE_CURVE ( 'NONE', #1789, #337, #4101, .T. ) ;
#1829 = DIRECTION ( 'NONE',  ( 0.0000000000000000000, 0.0000000000000000000, 1.000000000000000000 ) ) ;
#1830 = DIRECTION ( 'NONE',  ( 0.01744974916068272111, -0.9996954598818874604, -0.01744974916068272111 ) ) ;
#1831 = DIRECTION ( 'NONE',  ( -2.620428211445328459E-16, -1.000000000000000000, 2.409338161079554329E-15 ) ) ;
#1832 = SURFACE_STYLE_FILL_AREA ( #3529 ) ;
#1833 = UNCERTAINTY_MEASURE_WITH_UNIT (LENGTH_MEASURE( 1.000000000000000082E-05 ), #2907, 'distance_accuracy_value', 'NONE');
#1834 = FILL_AREA_STYLE_COLOUR ( '', #5290 ) ;
#1835 = CARTESIAN_POINT ( 'NONE',  ( 0.3829972708428661665, 4.000499999999999723, 0.6703702798221505832 ) ) ;
#1836 = VECTOR ( 'NONE', #2274, 1000.000000000000114 ) ;
#1837 = STYLED_ITEM ( 'NONE', ( #143 ), #1007 ) ;
#1838 = CARTESIAN_POINT ( 'NONE',  ( -5.550000000000002487, 1.810000000000000497, 2.499999999999999112 ) ) ;
#1839 = CARTESIAN_POINT ( 'NONE',  ( -5.550000000000002487, 3.009999999999999787, -8.673617379884035472E-16 ) ) ;
#1840 = FILL_AREA_STYLE ('',( #3208 ) ) ;
#1841 = PRESENTATION_LAYER_ASSIGNMENT (  '', '', ( #187 ) ) ;
#1842 = VERTEX_POINT ( 'NONE', #5528 ) ;
#1843 = STYLED_ITEM ( 'NONE', ( #5178 ), #2942 ) ;
#1844 = DIRECTION ( 'NONE',  ( -0.02617694830787321153, 0.9996573249755573709, -0.0000000000000000000 ) ) ;
#1845 = ORIENTED_EDGE ( 'NONE', *, *, #271, .T. ) ;
#1846 = EDGE_CURVE ( 'NONE', #4611, #172, #1397, .T. ) ;
#1847 = DIRECTION ( 'NONE',  ( -1.000000000000000000, 1.291918162393750329E-16, 3.378868064940154715E-16 ) ) ;
#1848 = VECTOR ( 'NONE', #4266, 1000.000000000000000 ) ;
#1849 = ORIENTED_EDGE ( 'NONE', *, *, #952, .T. ) ;
#1850 = EDGE_LOOP ( 'NONE', ( #2879, #6248, #1263, #4483 ) ) ;
#1851 =( NAMED_UNIT ( * ) PLANE_ANGLE_UNIT ( ) SI_UNIT ( $, .RADIAN. ) );
#1852 = AXIS2_PLACEMENT_3D ( 'NONE', #1110, #3053, #662 ) ;
#1853 = EDGE_CURVE ( 'NONE', #4852, #5697, #230, .T. ) ;
#1854 = FACE_OUTER_BOUND ( 'NONE', #450, .T. ) ;
#1855 = ORIENTED_EDGE ( 'NONE', *, *, #6173, .F. ) ;
#1856 = FILL_AREA_STYLE ('',( #426 ) ) ;
#1857 = DIRECTION ( 'NONE',  ( 0.0000000000000000000, 0.0000000000000000000, -1.000000000000000000 ) ) ;
#1858 =( NAMED_UNIT ( * ) SI_UNIT ( $, .STERADIAN. ) SOLID_ANGLE_UNIT ( ) );
#1859 = VECTOR ( 'NONE', #2473, 1000.000000000000000 ) ;
#1860 = VECTOR ( 'NONE', #5727, 1000.000000000000000 ) ;
#1861 = CARTESIAN_POINT ( 'NONE',  ( -5.550000000000002487, 3.099999999999975664, -1.750000000000196732 ) ) ;
#1862 = ORIENTED_EDGE ( 'NONE', *, *, #2281, .F. ) ;
#1863 = VERTEX_POINT ( 'NONE', #4190 ) ;
#1864 = LINE ( 'NONE', #1233, #5249 ) ;
#1865 = MECHANICAL_DESIGN_GEOMETRIC_PRESENTATION_REPRESENTATION (  '', ( #3685 ), #5098 ) ;
#1866 = ORIENTED_EDGE ( 'NONE', *, *, #4500, .F. ) ;
#1867 = FACE_OUTER_BOUND ( 'NONE', #4378, .T. ) ;
#1868 = MECHANICAL_DESIGN_GEOMETRIC_PRESENTATION_REPRESENTATION (  '', ( #4181 ), #1078 ) ;
#1869 = FILL_AREA_STYLE ('',( #5305 ) ) ;
#1871 =( NAMED_UNIT ( * ) SI_UNIT ( $, .STERADIAN. ) SOLID_ANGLE_UNIT ( ) );
#1870 = DIRECTION ( 'NONE',  ( -1.000000000000000000, 0.0000000000000000000, 0.0000000000000000000 ) ) ;
#1872 = VERTEX_POINT ( 'NONE', #4656 ) ;
#1873 = ORIENTED_EDGE ( 'NONE', *, *, #5957, .F. ) ;
#1874 =( GEOMETRIC_REPRESENTATION_CONTEXT ( 3 ) GLOBAL_UNCERTAINTY_ASSIGNED_CONTEXT ( ( #2029 ) ) GLOBAL_UNIT_ASSIGNED_CONTEXT ( ( #2248, #1774, #4114 ) ) REPRESENTATION_CONTEXT ( 'NONE', 'WORKASPACE' ) );
#1875 = FILL_AREA_STYLE_COLOUR ( '', #351 ) ;
#1876 = VERTEX_POINT ( 'NONE', #1781 ) ;
#1877 = CARTESIAN_POINT ( 'NONE',  ( -5.550000000000002487, 3.099999999999975664, -1.750000000000196732 ) ) ;
#1878 = VERTEX_POINT ( 'NONE', #1257 ) ;
#1879 = CARTESIAN_POINT ( 'NONE',  ( 1.898023259321394152, 4.000000000000000000, 0.6703702798221414794 ) ) ;
#1880 = DIRECTION ( 'NONE',  ( -0.0000000000000000000, -1.000000000000000000, 0.0000000000000000000 ) ) ;
#1881 = CARTESIAN_POINT ( 'NONE',  ( 0.8850544308041219388, 4.000499999999999723, 0.6703702798221414794 ) ) ;
#1882 = CARTESIAN_POINT ( 'NONE',  ( -3.603001661137796852, 4.000000000000000000, -5.052504782352353452 ) ) ;
#1883 = EDGE_LOOP ( 'NONE', ( #4794, #2612, #948, #768, #1109, #3359, #5769, #2939, #6104, #618, #5172, #5863, #4412, #4996, #1797, #3344, #1338, #4127, #4253, #4842, #4410, #4188, #863 ) ) ;
#1884 = FILL_AREA_STYLE ('',( #5763 ) ) ;
#1885 = AXIS2_PLACEMENT_3D ( 'NONE', #958, #3825, #5281 ) ;
#1886 = MECHANICAL_DESIGN_GEOMETRIC_PRESENTATION_REPRESENTATION (  '', ( #5219 ), #3253 ) ;
#1887 =( NAMED_UNIT ( * ) SI_UNIT ( $, .STERADIAN. ) SOLID_ANGLE_UNIT ( ) );
#1888 = EDGE_CURVE ( 'NONE', #4105, #4178, #4614, .T. ) ;
#1889 = PRESENTATION_STYLE_ASSIGNMENT (( #569 ) ) ;
#1890 = CARTESIAN_POINT ( 'NONE',  ( -5.051998571447401609, 0.2000000000000000944, 3.552227028712813262 ) ) ;
#1892 = CARTESIAN_POINT ( 'NONE',  ( 3.550000000000002487, 2.989999999999999769, 2.050000000001217515 ) ) ;
#1891 = DIRECTION ( 'NONE',  ( -0.4443210308329519909, 0.0000000000000000000, 0.8958676361826801715 ) ) ;
#1893 = PLANE ( 'NONE',  #2189 ) ;
#1894 = MECHANICAL_DESIGN_GEOMETRIC_PRESENTATION_REPRESENTATION (  '', ( #4566 ), #4888 ) ;
#1895 = VERTEX_POINT ( 'NONE', #760 ) ;
#1896 = SURFACE_STYLE_FILL_AREA ( #3666 ) ;
#1897 = STYLED_ITEM ( 'NONE', ( #4315 ), #3614 ) ;
#1898 = EDGE_CURVE ( 'NONE', #2662, #4330, #3082, .T. ) ;
#1899 =( NAMED_UNIT ( * ) SI_UNIT ( $, .STERADIAN. ) SOLID_ANGLE_UNIT ( ) );
#1900 = FILL_AREA_STYLE ('',( #3790 ) ) ;
#1901 = CARTESIAN_POINT ( 'NONE',  ( -2.250038896963176160, 4.000499999999999723, -0.6703702798220952941 ) ) ;
#1902 = EDGE_CURVE ( 'NONE', #782, #3265, #5266, .T. ) ;
#1903 = CARTESIAN_POINT ( 'NONE',  ( -3.423012609376366200, 4.000499999999999723, 0.6703702798221691239 ) ) ;
#1904 = FACE_OUTER_BOUND ( 'NONE', #5334, .T. ) ;
#1905 = PLANE ( 'NONE',  #5342 ) ;
#1906 = COLOUR_RGB ( '',0.5019607843137254832, 0.5019607843137254832, 0.5019607843137254832 ) ;
#1907 =( LENGTH_UNIT ( ) NAMED_UNIT ( * ) SI_UNIT ( .MILLI., .METRE. ) );
#1908 = VECTOR ( 'NONE', #4306, 1000.000000000000000 ) ;
#1909 = SURFACE_STYLE_FILL_AREA ( #2910 ) ;
#1910 = PLANE ( 'NONE',  #3294 ) ;
#1911 = LINE ( 'NONE', #2294, #1836 ) ;
#1913 = DIRECTION ( 'NONE',  ( 0.0000000000000000000, 0.0000000000000000000, 1.000000000000000000 ) ) ;
#1912 = FILL_AREA_STYLE_COLOUR ( '', #3640 ) ;
#1915 = FILL_AREA_STYLE_COLOUR ( '', #6219 ) ;
#1914 = DIRECTION ( 'NONE',  ( 0.2763139702539091358, 0.0000000000000000000, -0.9610674221107079473 ) ) ;
#1916 = UNCERTAINTY_MEASURE_WITH_UNIT (LENGTH_MEASURE( 1.000000000000000082E-05 ), #5920, 'distance_accuracy_value', 'NONE');
#1917 = LINE ( 'NONE', #4974, #3694 ) ;
#1918 = SURFACE_STYLE_FILL_AREA ( #3200 ) ;
#1919 =( NAMED_UNIT ( * ) SI_UNIT ( $, .STERADIAN. ) SOLID_ANGLE_UNIT ( ) );
#1920 = FILL_AREA_STYLE ('',( #4336 ) ) ;
#1921 = PRESENTATION_LAYER_ASSIGNMENT (  '', '', ( #4670 ) ) ;
#1922 = SURFACE_SIDE_STYLE ('',( #2618 ) ) ;
#1923 = VECTOR ( 'NONE', #5211, 1000.000000000000000 ) ;
#1924 = DIRECTION ( 'NONE',  ( 0.0000000000000000000, -1.000000000000000000, 2.409338161079554329E-15 ) ) ;
#1925 = ORIENTED_EDGE ( 'NONE', *, *, #2904, .T. ) ;
#1926 = EDGE_LOOP ( 'NONE', ( #644, #398, #95, #2298 ) ) ;
#1927 = FILL_AREA_STYLE_COLOUR ( '', #1696 ) ;
#1928 = VECTOR ( 'NONE', #5220, 999.9999999999998863 ) ;
#1929 = VECTOR ( 'NONE', #354, 1000.000000000000000 ) ;
#1930 = MECHANICAL_DESIGN_GEOMETRIC_PRESENTATION_REPRESENTATION (  '', ( #4720 ), #5698 ) ;
#1931 = LINE ( 'NONE', #4213, #766 ) ;
#1932 = ORIENTED_EDGE ( 'NONE', *, *, #3976, .F. ) ;
#1933 =( NAMED_UNIT ( * ) SI_UNIT ( $, .STERADIAN. ) SOLID_ANGLE_UNIT ( ) );
#1934 = DIRECTION ( 'NONE',  ( -0.2762033010251945808, -0.0000000000000000000, 0.9610992334315877628 ) ) ;
#1935 = ORIENTED_EDGE ( 'NONE', *, *, #873, .F. ) ;
#1936 = MECHANICAL_DESIGN_GEOMETRIC_PRESENTATION_REPRESENTATION (  '', ( #950 ), #1274 ) ;
#1937 = SURFACE_STYLE_USAGE ( .BOTH. , #3332 ) ;
#1938 =( NAMED_UNIT ( * ) PLANE_ANGLE_UNIT ( ) SI_UNIT ( $, .RADIAN. ) );
#1939 = DIRECTION ( 'NONE',  ( -1.000000000000000000, -0.0000000000000000000, 3.414809992080330502E-16 ) ) ;
#1940 = LINE ( 'NONE', #2958, #161 ) ;
#1941 = FACE_OUTER_BOUND ( 'NONE', #1383, .T. ) ;
#1942 = ORIENTED_EDGE ( 'NONE', *, *, #4985, .T. ) ;
#1943 = ORIENTED_EDGE ( 'NONE', *, *, #1275, .T. ) ;
#1944 = SURFACE_STYLE_USAGE ( .BOTH. , #5788 ) ;
#1945 =( NAMED_UNIT ( * ) PLANE_ANGLE_UNIT ( ) SI_UNIT ( $, .RADIAN. ) );
#1946 = DIRECTION ( 'NONE',  ( -0.0000000000000000000, -1.000000000000000000, 0.0000000000000000000 ) ) ;
#1947 = ORIENTED_EDGE ( 'NONE', *, *, #3760, .F. ) ;
#1948 = EDGE_CURVE ( 'NONE', #5071, #4647, #932, .T. ) ;
#1949 = VECTOR ( 'NONE', #5720, 1000.000000000000227 ) ;
#1950 = EDGE_LOOP ( 'NONE', ( #4245, #5675, #4452, #5793, #1038 ) ) ;
#1951 = ORIENTED_EDGE ( 'NONE', *, *, #3985, .F. ) ;
#1952 = UNCERTAINTY_MEASURE_WITH_UNIT (LENGTH_MEASURE( 1.000000000000000082E-05 ), #2802, 'distance_accuracy_value', 'NONE');
#1953 = PRESENTATION_LAYER_ASSIGNMENT (  '', '', ( #288 ) ) ;
#1954 = FILL_AREA_STYLE ('',( #6225 ) ) ;
#1955 = ORIENTED_EDGE ( 'NONE', *, *, #347, .T. ) ;
#1956 = DIRECTION ( 'NONE',  ( 0.9984327301130249133, 0.0000000000000000000, 0.05596501978067826982 ) ) ;
#1957 = LINE ( 'NONE', #1364, #4486 ) ;
#1958 = ORIENTED_EDGE ( 'NONE', *, *, #6215, .T. ) ;
#1959 =( GEOMETRIC_REPRESENTATION_CONTEXT ( 3 ) GLOBAL_UNCERTAINTY_ASSIGNED_CONTEXT ( ( #1952 ) ) GLOBAL_UNIT_ASSIGNED_CONTEXT ( ( #2802, #4662, #5642 ) ) REPRESENTATION_CONTEXT ( 'NONE', 'WORKASPACE' ) );
#1960 = ORIENTED_EDGE ( 'NONE', *, *, #347, .F. ) ;
#1961 = VECTOR ( 'NONE', #423, 1000.000000000000000 ) ;
#1962 = FILL_AREA_STYLE ('',( #6171 ) ) ;
#1963 = EDGE_LOOP ( 'NONE', ( #2178, #1247, #5696, #2016 ) ) ;
#1964 = CARTESIAN_POINT ( 'NONE',  ( 5.290000000000002700, 1.810000000000001164, -2.500000000000000888 ) ) ;
#1965 = PLANE ( 'NONE',  #1206 ) ;
#1966 = FACE_OUTER_BOUND ( 'NONE', #1963, .T. ) ;
#1967 =( GEOMETRIC_REPRESENTATION_CONTEXT ( 3 ) GLOBAL_UNCERTAINTY_ASSIGNED_CONTEXT ( ( #6197 ) ) GLOBAL_UNIT_ASSIGNED_CONTEXT ( ( #2099, #5967, #120 ) ) REPRESENTATION_CONTEXT ( 'NONE', 'WORKASPACE' ) );
#1969 = SURFACE_STYLE_USAGE ( .BOTH. , #912 ) ;
#1968 = CARTESIAN_POINT ( 'NONE',  ( -0.8583053624837979623, 4.000000000000000000, 0.08206727095333087030 ) ) ;
#1970 = SURFACE_STYLE_USAGE ( .BOTH. , #2893 ) ;
#1971 = ORIENTED_EDGE ( 'NONE', *, *, #6002, .F. ) ;
#1972 = SURFACE_STYLE_USAGE ( .BOTH. , #517 ) ;
#1973 = CARTESIAN_POINT ( 'NONE',  ( 1.339292352362083438, 4.000000000000000000, 0.4152446551201288694 ) ) ;
#1974 =( GEOMETRIC_REPRESENTATION_CONTEXT ( 3 ) GLOBAL_UNCERTAINTY_ASSIGNED_CONTEXT ( ( #3777 ) ) GLOBAL_UNIT_ASSIGNED_CONTEXT ( ( #1907, #4759, #5268 ) ) REPRESENTATION_CONTEXT ( 'NONE', 'WORKASPACE' ) );
#1975 = EDGE_CURVE ( 'NONE', #2662, #14, #66, .T. ) ;
#1976 = DIRECTION ( 'NONE',  ( -0.0000000000000000000, -1.000000000000000000, 0.0000000000000000000 ) ) ;
#1977 = ADVANCED_FACE ( 'NONE', ( #2867 ), #5118, .F. ) ;
#1979 = FILL_AREA_STYLE_COLOUR ( '', #5165 ) ;
#1978 = DIRECTION ( 'NONE',  ( -0.9610674221107080584, 0.0000000000000000000, -0.2763139702539091913 ) ) ;
#1980 = COLOUR_RGB ( '',1.000000000000000000, 1.000000000000000000, 1.000000000000000000 ) ;
#1981 = EDGE_CURVE ( 'NONE', #5839, #2432, #2290, .T. ) ;
#1982 =( LENGTH_UNIT ( ) NAMED_UNIT ( * ) SI_UNIT ( .MILLI., .METRE. ) );
#1983 = UNCERTAINTY_MEASURE_WITH_UNIT (LENGTH_MEASURE( 1.000000000000000082E-05 ), #2110, 'distance_accuracy_value', 'NONE');
#1984 = SURFACE_STYLE_USAGE ( .BOTH. , #2890 ) ;
#1985 = CARTESIAN_POINT ( 'NONE',  ( 5.550000000000002487, 2.360000000000001208, -3.300000000000001599 ) ) ;
#1986 = FILL_AREA_STYLE ('',( #81 ) ) ;
#1987 = SURFACE_STYLE_FILL_AREA ( #1245 ) ;
#1988 = UNCERTAINTY_MEASURE_WITH_UNIT (LENGTH_MEASURE( 1.000000000000000082E-05 ), #1025, 'distance_accuracy_value', 'NONE');
#1989 = FILL_AREA_STYLE_COLOUR ( '', #5577 ) ;
#1990 = LINE ( 'NONE', #4361, #3854 ) ;
#1991 = CARTESIAN_POINT ( 'NONE',  ( 5.072144223529241103, 3.250000000000000000, -3.300000000000000266 ) ) ;
#1992 = VECTOR ( 'NONE', #5849, 1000.000000000000000 ) ;
#1993 =( GEOMETRIC_REPRESENTATION_CONTEXT ( 3 ) GLOBAL_UNCERTAINTY_ASSIGNED_CONTEXT ( ( #13 ) ) GLOBAL_UNIT_ASSIGNED_CONTEXT ( ( #1622, #3528, #3457 ) ) REPRESENTATION_CONTEXT ( 'NONE', 'WORKASPACE' ) );
#1994 = VECTOR ( 'NONE', #2781, 1000.000000000000114 ) ;
#1995 =( GEOMETRIC_REPRESENTATION_CONTEXT ( 3 ) GLOBAL_UNCERTAINTY_ASSIGNED_CONTEXT ( ( #843 ) ) GLOBAL_UNIT_ASSIGNED_CONTEXT ( ( #5347, #4825, #5408 ) ) REPRESENTATION_CONTEXT ( 'NONE', 'WORKASPACE' ) );
#1996 = LINE ( 'NONE', #4817, #690 ) ;
#1997 =( NAMED_UNIT ( * ) PLANE_ANGLE_UNIT ( ) SI_UNIT ( $, .RADIAN. ) );
#1998 = DIRECTION ( 'NONE',  ( -0.2745159998572664350, 0.0000000000000000000, 0.9615825319869144572 ) ) ;
#1999 = AXIS2_PLACEMENT_3D ( 'NONE', #5618, #366, #2272 ) ;
#2000 = ORIENTED_EDGE ( 'NONE', *, *, #2480, .T. ) ;
#2001 = AXIS2_PLACEMENT_3D ( 'NONE', #1431, #4753, #6267 ) ;
#2002 = AXIS2_PLACEMENT_3D ( 'NONE', #2098, #4897, #2546 ) ;
#2003 = ORIENTED_EDGE ( 'NONE', *, *, #5502, .T. ) ;
#2004 = VECTOR ( 'NONE', #211, 1000.000000000000114 ) ;
#2005 = CARTESIAN_POINT ( 'NONE',  ( 3.600228457265417070, 2.950000000000000178, 5.099999999999997868 ) ) ;
#2006 = FILL_AREA_STYLE_COLOUR ( '', #3005 ) ;
#2007 = VECTOR ( 'NONE', #2232, 1000.000000000000000 ) ;
#2008 = MECHANICAL_DESIGN_GEOMETRIC_PRESENTATION_REPRESENTATION (  '', ( #4050 ), #903 ) ;
#2009 = ADVANCED_FACE ( 'NONE', ( #459 ), #5092, .F. ) ;
#2010 =( GEOMETRIC_REPRESENTATION_CONTEXT ( 3 ) GLOBAL_UNCERTAINTY_ASSIGNED_CONTEXT ( ( #2466 ) ) GLOBAL_UNIT_ASSIGNED_CONTEXT ( ( #4913, #4363, #4379 ) ) REPRESENTATION_CONTEXT ( 'NONE', 'WORKASPACE' ) );
#2012 = FILL_AREA_STYLE ('',( #3975 ) ) ;
#2011 = DIRECTION ( 'NONE',  ( -1.000000000000000000, 0.0000000000000000000, 0.0000000000000000000 ) ) ;
#2013 = EDGE_CURVE ( 'NONE', #1876, #5905, #4092, .T. ) ;
#2014 = SURFACE_SIDE_STYLE ('',( #855 ) ) ;
#2015 = VERTEX_POINT ( 'NONE', #3248 ) ;
#2016 = ORIENTED_EDGE ( 'NONE', *, *, #326, .T. ) ;
#2017 = ORIENTED_EDGE ( 'NONE', *, *, #501, .T. ) ;
#2018 = VERTEX_POINT ( 'NONE', #2814 ) ;
#2019 = AXIS2_PLACEMENT_3D ( 'NONE', #1717, #4018, #1126 ) ;
#2020 = EDGE_CURVE ( 'NONE', #4855, #3785, #564, .T. ) ;
#2021 = ORIENTED_EDGE ( 'NONE', *, *, #2974, .F. ) ;
#2022 = VERTEX_POINT ( 'NONE', #2362 ) ;
#2024 = SURFACE_STYLE_USAGE ( .BOTH. , #20 ) ;
#2023 = DIRECTION ( 'NONE',  ( -0.0000000000000000000, -1.000000000000000000, 0.0000000000000000000 ) ) ;
#2025 = EDGE_LOOP ( 'NONE', ( #5791, #4538, #5247, #4037 ) ) ;
#2026 = ORIENTED_EDGE ( 'NONE', *, *, #522, .T. ) ;
#2027 = CARTESIAN_POINT ( 'NONE',  ( -5.290000000000001812, 3.099999999999975220, 1.750000000000195843 ) ) ;
#2028 = ORIENTED_EDGE ( 'NONE', *, *, #789, .T. ) ;
#2029 = UNCERTAINTY_MEASURE_WITH_UNIT (LENGTH_MEASURE( 1.000000000000000082E-05 ), #2248, 'distance_accuracy_value', 'NONE');
#2030 = EDGE_LOOP ( 'NONE', ( #5569, #5016, #5701, #2355 ) ) ;
#2031 = LINE ( 'NONE', #118, #96 ) ;
#2032 = VECTOR ( 'NONE', #5446, 1000.000000000000000 ) ;
#2033 = ORIENTED_EDGE ( 'NONE', *, *, #2909, .F. ) ;
#2034 = FILL_AREA_STYLE_COLOUR ( '', #5068 ) ;
#2035 = EDGE_LOOP ( 'NONE', ( #5548, #1004, #1392, #5925 ) ) ;
#2036 =( GEOMETRIC_REPRESENTATION_CONTEXT ( 3 ) GLOBAL_UNCERTAINTY_ASSIGNED_CONTEXT ( ( #5183 ) ) GLOBAL_UNIT_ASSIGNED_CONTEXT ( ( #4263, #5185, #4697 ) ) REPRESENTATION_CONTEXT ( 'NONE', 'WORKASPACE' ) );
#2037 =( NAMED_UNIT ( * ) PLANE_ANGLE_UNIT ( ) SI_UNIT ( $, .RADIAN. ) );
#2038 = ADVANCED_FACE ( 'NONE', ( #1786 ), #4676, .F. ) ;
#2039 = ORIENTED_EDGE ( 'NONE', *, *, #2138, .T. ) ;
#2041 = DIRECTION ( 'NONE',  ( 0.01744974916068272111, -0.9996954598818874604, 0.01744974916068271417 ) ) ;
#2040 = CARTESIAN_POINT ( 'NONE',  ( -0.1962596263430823884, 4.000499999999999723, -0.5232557993236734983 ) ) ;
#2042 = SURFACE_STYLE_USAGE ( .BOTH. , #2969 ) ;
#2043 =( GEOMETRIC_REPRESENTATION_CONTEXT ( 3 ) GLOBAL_UNCERTAINTY_ASSIGNED_CONTEXT ( ( #4892 ) ) GLOBAL_UNIT_ASSIGNED_CONTEXT ( ( #2148, #5980, #198 ) ) REPRESENTATION_CONTEXT ( 'NONE', 'WORKASPACE' ) );
#2044 = EDGE_CURVE ( 'NONE', #2367, #4689, #4917, .T. ) ;
#2045 = CARTESIAN_POINT ( 'NONE',  ( -3.550000000000002487, 2.989999999999999769, -3.299999999999999822 ) ) ;
#2047 = DIRECTION ( 'NONE',  ( 0.0000000000000000000, -0.0000000000000000000, 1.000000000000000000 ) ) ;
#2046 = FILL_AREA_STYLE_COLOUR ( '', #856 ) ;
#2048 = DIRECTION ( 'NONE',  ( -1.000000000000000000, 0.0000000000000000000, 0.0000000000000000000 ) ) ;
#2049 = EDGE_CURVE ( 'NONE', #3355, #1573, #5449, .T. ) ;
#2050 = COLOUR_RGB ( '',0.0000000000000000000, 0.0000000000000000000, 0.0000000000000000000 ) ;
#2051 =( BOUNDED_CURVE ( )  B_SPLINE_CURVE ( 3, ( #1337, #3679, #820, #4184 ),
 .UNSPECIFIED., .F., .T. ) 
 B_SPLINE_CURVE_WITH_KNOTS ( ( 4, 4 ),
 ( 2.356346783439926096, 3.926838523739660136 ),
 .UNSPECIFIED. ) 
 CURVE ( )  GEOMETRIC_REPRESENTATION_ITEM ( )  RATIONAL_B_SPLINE_CURVE ( ( 1.000000000000000000, 0.8048096403827857959, 0.8048096403827857959, 1.000000000000000000 ) ) 
 REPRESENTATION_ITEM ( '' )  );
#2053 = CARTESIAN_POINT ( 'NONE',  ( -5.550000000000002487, 1.810000000000001164, -2.500000000000000888 ) ) ;
#2052 =( LENGTH_UNIT ( ) NAMED_UNIT ( * ) SI_UNIT ( .MILLI., .METRE. ) );
#2054 = EDGE_CURVE ( 'NONE', #1176, #106, #3235, .T. ) ;
#2055 = FILL_AREA_STYLE_COLOUR ( '', #3436 ) ;
#2056 =( NAMED_UNIT ( * ) PLANE_ANGLE_UNIT ( ) SI_UNIT ( $, .RADIAN. ) );
#2057 = CARTESIAN_POINT ( 'NONE',  ( -3.550000000000002487, 2.989999999999999769, 2.050000000001217515 ) ) ;
#2058 = PRESENTATION_LAYER_ASSIGNMENT (  '', '', ( #749 ) ) ;
#2059 = DIRECTION ( 'NONE',  ( 3.354250471127030822E-16, -1.000000000000000000, 0.0000000000000000000 ) ) ;
#2060 = ADVANCED_FACE ( 'NONE', ( #612 ), #4691, .F. ) ;
#2061 = FACE_OUTER_BOUND ( 'NONE', #709, .T. ) ;
#2062 = EDGE_LOOP ( 'NONE', ( #1477, #3740, #4786, #2946 ) ) ;
#2063 = SURFACE_SIDE_STYLE ('',( #3328 ) ) ;
#2064 = ORIENTED_EDGE ( 'NONE', *, *, #2669, .T. ) ;
#2065 = AXIS2_PLACEMENT_3D ( 'NONE', #2650, #6045, #1711 ) ;
#2066 = ADVANCED_FACE ( 'NONE', ( #772 ), #5214, .T. ) ;
#2067 = VERTEX_POINT ( 'NONE', #6177 ) ;
#2068 = CARTESIAN_POINT ( 'NONE',  ( -5.290000000000003588, 4.000000000000000888, -2.050000000001217515 ) ) ;
#2069 = DIRECTION ( 'NONE',  ( 0.0000000000000000000, 1.000000000000000000, 0.0000000000000000000 ) ) ;
#2071 = FILL_AREA_STYLE_COLOUR ( '', #3582 ) ;
#2070 = DIRECTION ( 'NONE',  ( -0.9617234872620531450, 0.0000000000000000000, -0.2740217765954299223 ) ) ;
#2072 = EDGE_LOOP ( 'NONE', ( #1345, #2438, #6168, #5695, #3892, #4868, #1565, #4833, #3624, #3671, #3419, #6261, #2519, #6142, #1556, #5790, #4718, #4270 ) ) ;
#2073 = SURFACE_STYLE_FILL_AREA ( #4677 ) ;
#2074 = COLOUR_RGB ( '',1.000000000000000000, 1.000000000000000000, 1.000000000000000000 ) ;
#2075 = PRESENTATION_LAYER_ASSIGNMENT (  '', '', ( #1300 ) ) ;
#2076 =( LENGTH_UNIT ( ) NAMED_UNIT ( * ) SI_UNIT ( .MILLI., .METRE. ) );
#2077 = ORIENTED_EDGE ( 'NONE', *, *, #158, .F. ) ;
#2078 = EDGE_CURVE ( 'NONE', #6249, #74, #2575, .T. ) ;
#2079 = DIRECTION ( 'NONE',  ( 0.0000000000000000000, -0.02617694830787332255, -0.9996573249755572599 ) ) ;
#2080 = DIRECTION ( 'NONE',  ( -0.0000000000000000000, -1.000000000000000000, 0.0000000000000000000 ) ) ;
#2081 = LINE ( 'NONE', #5186, #2877 ) ;
#2082 = ORIENTED_EDGE ( 'NONE', *, *, #1220, .F. ) ;
#2083 = ORIENTED_EDGE ( 'NONE', *, *, #2761, .T. ) ;
#2084 = STYLED_ITEM ( 'NONE', ( #5842 ), #1114 ) ;
#2085 = STYLED_ITEM ( 'NONE', ( #4445 ), #4159 ) ;
#2086 = CARTESIAN_POINT ( 'NONE',  ( -3.600685128320261885, 2.976162667210099144, -5.100456671054846680 ) ) ;
#2087 = DIRECTION ( 'NONE',  ( -0.0000000000000000000, -1.000000000000000000, 0.0000000000000000000 ) ) ;
#2088 = ORIENTED_EDGE ( 'NONE', *, *, #4096, .F. ) ;
#2089 = EDGE_CURVE ( 'NONE', #3647, #102, #1996, .T. ) ;
#2091 = CARTESIAN_POINT ( 'NONE',  ( -5.078952563137232090, 2.990000000000000213, -2.050000000000441691 ) ) ;
#2090 = FILL_AREA_STYLE_COLOUR ( '', #5779 ) ;
#2092 = LINE ( 'NONE', #5615, #3030 ) ;
#2093 = VERTEX_POINT ( 'NONE', #3401 ) ;
#2094 = ORIENTED_EDGE ( 'NONE', *, *, #5761, .F. ) ;
#2095 = EDGE_CURVE ( 'NONE', #3647, #1863, #5301, .T. ) ;
#2096 = VECTOR ( 'NONE', #1076, 1000.000000000000114 ) ;
#2097 = ADVANCED_FACE ( 'NONE', ( #3073 ), #1965, .T. ) ;
#2099 =( LENGTH_UNIT ( ) NAMED_UNIT ( * ) SI_UNIT ( .MILLI., .METRE. ) );
#2098 = CARTESIAN_POINT ( 'NONE',  ( -0.7853983497317067464, 4.000499999999999723, 0.4152935750536601023 ) ) ;
#2100 = LINE ( 'NONE', #2984, #2384 ) ;
#2101 = ORIENTED_EDGE ( 'NONE', *, *, #3527, .T. ) ;
#2102 = ORIENTED_EDGE ( 'NONE', *, *, #1621, .T. ) ;
#2103 = VERTEX_POINT ( 'NONE', #473 ) ;
#2104 = UNCERTAINTY_MEASURE_WITH_UNIT (LENGTH_MEASURE( 1.000000000000000082E-05 ), #4995, 'distance_accuracy_value', 'NONE');
#2105 =( NAMED_UNIT ( * ) SI_UNIT ( $, .STERADIAN. ) SOLID_ANGLE_UNIT ( ) );
#2106 = ORIENTED_EDGE ( 'NONE', *, *, #197, .T. ) ;
#2107 = VECTOR ( 'NONE', #5757, 1000.000000000000000 ) ;
#2108 = COLOUR_RGB ( '',0.0000000000000000000, 0.0000000000000000000, 0.0000000000000000000 ) ;
#2109 = DIRECTION ( 'NONE',  ( -0.2763173343569915730, 0.0000000000000000000, 0.9610664548998921752 ) ) ;
#2110 =( LENGTH_UNIT ( ) NAMED_UNIT ( * ) SI_UNIT ( .MILLI., .METRE. ) );
#2111 = DIRECTION ( 'NONE',  ( 1.000000000000000000, 0.0000000000000000000, -1.142822720357821197E-14 ) ) ;
#2112 = AXIS2_PLACEMENT_3D ( 'NONE', #3176, #3751, #3728 ) ;
#2113 = AXIS2_PLACEMENT_3D ( 'NONE', #2513, #506, #4915 ) ;
#2114 = SURFACE_STYLE_FILL_AREA ( #5130 ) ;
#2115 = DIRECTION ( 'NONE',  ( -0.0000000000000000000, -1.000000000000000000, 0.0000000000000000000 ) ) ;
#2116 = FILL_AREA_STYLE_COLOUR ( '', #2283 ) ;
#2117 = VECTOR ( 'NONE', #2508, 1000.000000000000000 ) ;
#2118 = PRESENTATION_LAYER_ASSIGNMENT (  '', '', ( #1129 ) ) ;
#2119 =( GEOMETRIC_REPRESENTATION_CONTEXT ( 3 ) GLOBAL_UNCERTAINTY_ASSIGNED_CONTEXT ( ( #4541 ) ) GLOBAL_UNIT_ASSIGNED_CONTEXT ( ( #2361, #2331, #3840 ) ) REPRESENTATION_CONTEXT ( 'NONE', 'WORKASPACE' ) );
#2120 =( LENGTH_UNIT ( ) NAMED_UNIT ( * ) SI_UNIT ( .MILLI., .METRE. ) );
#2121 = SURFACE_STYLE_USAGE ( .BOTH. , #1587 ) ;
#2122 = CARTESIAN_POINT ( 'NONE',  ( 0.7237001719797963029, 4.000499999999999723, 0.6703702798221459203 ) ) ;
#2123 = MECHANICAL_DESIGN_GEOMETRIC_PRESENTATION_REPRESENTATION (  '', ( #1897 ), #2422 ) ;
#2124 = DIRECTION ( 'NONE',  ( 2.620428211445328459E-16, 1.000000000000000000, 0.0000000000000000000 ) ) ;
#2125 = VECTOR ( 'NONE', #435, 1000.000000000000114 ) ;
#2126 = EDGE_CURVE ( 'NONE', #3649, #3516, #2268, .T. ) ;
#2127 = ADVANCED_FACE ( 'NONE', ( #511 ), #5295, .T. ) ;
#2128 = DIRECTION ( 'NONE',  ( -1.000000000000000000, 2.620428211445328459E-16, 0.0000000000000000000 ) ) ;
#2130 = DIRECTION ( 'NONE',  ( -0.2746918797667244339, 0.0000000000000000000, 0.9615323037684295748 ) ) ;
#2129 = DIRECTION ( 'NONE',  ( -0.0000000000000000000, -0.0000000000000000000, -1.000000000000000000 ) ) ;
#2131 = PRESENTATION_LAYER_ASSIGNMENT (  '', '', ( #5163 ) ) ;
#2132 = EDGE_CURVE ( 'NONE', #3655, #5159, #828, .T. ) ;
#2133 = CIRCLE ( 'NONE', #4840, 0.2600000000000000089 ) ;
#2134 = COLOUR_RGB ( '',0.0000000000000000000, 0.0000000000000000000, 0.0000000000000000000 ) ;
#2135 = LINE ( 'NONE', #4751, #993 ) ;
#2136 = SURFACE_STYLE_USAGE ( .BOTH. , #5538 ) ;
#2137 = EDGE_LOOP ( 'NONE', ( #2976, #5248, #5391, #5194 ) ) ;
#2138 = EDGE_CURVE ( 'NONE', #9, #5783, #204, .T. ) ;
#2139 = VECTOR ( 'NONE', #4166, 1000.000000000000000 ) ;
#2140 = DIRECTION ( 'NONE',  ( 0.0000000000000000000, -1.000000000000000000, 0.0000000000000000000 ) ) ;
#2141 =( LENGTH_UNIT ( ) NAMED_UNIT ( * ) SI_UNIT ( .MILLI., .METRE. ) );
#2142 = CARTESIAN_POINT ( 'NONE',  ( -1.808813678643536482, 4.000499999999999723, -0.6703702798220952941 ) ) ;
#2143 = ORIENTED_EDGE ( 'NONE', *, *, #4357, .T. ) ;
#2144 = ORIENTED_EDGE ( 'NONE', *, *, #5617, .F. ) ;
#2145 = CARTESIAN_POINT ( 'NONE',  ( -0.7875100603410186695, 4.000000000000000000, -0.1657896664456280922 ) ) ;
#2147 = SURFACE_STYLE_USAGE ( .BOTH. , #3100 ) ;
#2146 = CARTESIAN_POINT ( 'NONE',  ( -5.290000000000001812, 3.250000000000000000, 3.299999999999999822 ) ) ;
#2149 = PLANE ( 'NONE',  #3572 ) ;
#2148 =( LENGTH_UNIT ( ) NAMED_UNIT ( * ) SI_UNIT ( .MILLI., .METRE. ) );
#2150 = MECHANICAL_DESIGN_GEOMETRIC_PRESENTATION_REPRESENTATION (  '', ( #1634 ), #728 ) ;
#2151 = EDGE_LOOP ( 'NONE', ( #1264, #5304, #3, #2307, #1487, #1020, #3784, #3510 ) ) ;
#2152 = MECHANICAL_DESIGN_GEOMETRIC_PRESENTATION_REPRESENTATION (  '', ( #1837 ), #5090 ) ;
#2153 = PRESENTATION_STYLE_ASSIGNMENT (( #2555 ) ) ;
#2154 = COLOUR_RGB ( '',1.000000000000000000, 1.000000000000000000, 1.000000000000000000 ) ;
#2155 = ORIENTED_EDGE ( 'NONE', *, *, #4970, .T. ) ;
#2156 = ORIENTED_EDGE ( 'NONE', *, *, #2054, .F. ) ;
#2157 =( NAMED_UNIT ( * ) SI_UNIT ( $, .STERADIAN. ) SOLID_ANGLE_UNIT ( ) );
#2158 =( GEOMETRIC_REPRESENTATION_CONTEXT ( 3 ) GLOBAL_UNCERTAINTY_ASSIGNED_CONTEXT ( ( #173 ) ) GLOBAL_UNIT_ASSIGNED_CONTEXT ( ( #2120, #4451, #2964 ) ) REPRESENTATION_CONTEXT ( 'NONE', 'WORKASPACE' ) );
#2159 =( GEOMETRIC_REPRESENTATION_CONTEXT ( 3 ) GLOBAL_UNCERTAINTY_ASSIGNED_CONTEXT ( ( #6234 ) ) GLOBAL_UNIT_ASSIGNED_CONTEXT ( ( #5047, #6052, #1740 ) ) REPRESENTATION_CONTEXT ( 'NONE', 'WORKASPACE' ) );
#2160 = VERTEX_POINT ( 'NONE', #4866 ) ;
#2161 = PRESENTATION_STYLE_ASSIGNMENT (( #285 ) ) ;
#2162 = CARTESIAN_POINT ( 'NONE',  ( -2.434711660160700397, 4.000499999999999723, -0.05761545578489554731 ) ) ;
#2163 = PRESENTATION_STYLE_ASSIGNMENT (( #6099 ) ) ;
#2164 = SURFACE_STYLE_USAGE ( .BOTH. , #1674 ) ;
#2165 = CARTESIAN_POINT ( 'NONE',  ( 3.550000000000002487, 2.989999999999999769, -3.299999999999999822 ) ) ;
#2166 = ORIENTED_EDGE ( 'NONE', *, *, #5593, .T. ) ;
#2167 = EDGE_CURVE ( 'NONE', #3355, #3657, #3765, .T. ) ;
#2168 = EDGE_LOOP ( 'NONE', ( #1243, #3412, #4120, #3491 ) ) ;
#2169 =( GEOMETRIC_REPRESENTATION_CONTEXT ( 3 ) GLOBAL_UNCERTAINTY_ASSIGNED_CONTEXT ( ( #4236 ) ) GLOBAL_UNIT_ASSIGNED_CONTEXT ( ( #4672, #6156, #5634 ) ) REPRESENTATION_CONTEXT ( 'NONE', 'WORKASPACE' ) );
#2170 = DIRECTION ( 'NONE',  ( -1.000000000000000000, 0.0000000000000000000, 0.0000000000000000000 ) ) ;
#2171 = ORIENTED_EDGE ( 'NONE', *, *, #6046, .T. ) ;
#2172 = CARTESIAN_POINT ( 'NONE',  ( -0.2631657934942407961, 4.000499999999999723, 0.6703702798221505832 ) ) ;
#2173 = EDGE_CURVE ( 'NONE', #4793, #4391, #2695, .T. ) ;
#2175 = DIRECTION ( 'NONE',  ( -0.0000000000000000000, -1.000000000000000000, 0.0000000000000000000 ) ) ;
#2174 = DIRECTION ( 'NONE',  ( 0.0000000000000000000, 1.000000000000000000, 0.0000000000000000000 ) ) ;
#2176 = ORIENTED_EDGE ( 'NONE', *, *, #5843, .F. ) ;
#2177 = VECTOR ( 'NONE', #3450, 1000.000000000000000 ) ;
#2178 = ORIENTED_EDGE ( 'NONE', *, *, #3556, .T. ) ;
#2179 = VERTEX_POINT ( 'NONE', #2500 ) ;
#2180 = UNCERTAINTY_MEASURE_WITH_UNIT (LENGTH_MEASURE( 1.000000000000000082E-05 ), #4556, 'distance_accuracy_value', 'NONE');
#2181 = CARTESIAN_POINT ( 'NONE',  ( -2.833111550310750015, 4.000499999999999723, -0.05761545578488168340 ) ) ;
#2182 = CARTESIAN_POINT ( 'NONE',  ( -5.417656777446235417, 0.1999999999999999833, 2.499999999999998668 ) ) ;
#2183 = LINE ( 'NONE', #2834, #4574 ) ;
#2184 = EDGE_LOOP ( 'NONE', ( #2960, #2880, #4700, #2455 ) ) ;
#2185 = VECTOR ( 'NONE', #1756, 1000.000000000000000 ) ;
#2186 =( NAMED_UNIT ( * ) SI_UNIT ( $, .STERADIAN. ) SOLID_ANGLE_UNIT ( ) );
#2187 =( GEOMETRIC_REPRESENTATION_CONTEXT ( 3 ) GLOBAL_UNCERTAINTY_ASSIGNED_CONTEXT ( ( #4058 ) ) GLOBAL_UNIT_ASSIGNED_CONTEXT ( ( #5870, #2947, #6307 ) ) REPRESENTATION_CONTEXT ( 'NONE', 'WORKASPACE' ) );
#2188 = ADVANCED_FACE ( 'NONE', ( #6047, #5581, #3448, #353 ), #1585, .T. ) ;
#2189 = AXIS2_PLACEMENT_3D ( 'NONE', #2916, #4405, #1481 ) ;
#2190 = CARTESIAN_POINT ( 'NONE',  ( -0.6357562510146217427, -2.628605000811694570, -5.002625087501952450 ) ) ;
#2191 = VECTOR ( 'NONE', #4589, 1000.000000000000000 ) ;
#2192 = DIRECTION ( 'NONE',  ( 0.0000000000000000000, 1.000000000000000000, 0.0000000000000000000 ) ) ;
#2193 = SURFACE_SIDE_STYLE ('',( #35 ) ) ;
#2194 = SURFACE_STYLE_FILL_AREA ( #436 ) ;
#2195 = SURFACE_STYLE_FILL_AREA ( #5996 ) ;
#2196 = PRESENTATION_LAYER_ASSIGNMENT (  '', '', ( #4317 ) ) ;
#2197 =( NAMED_UNIT ( * ) PLANE_ANGLE_UNIT ( ) SI_UNIT ( $, .RADIAN. ) );
#2198 = CARTESIAN_POINT ( 'NONE',  ( 0.0000000000000000000, 0.0000000000000000000, -3.299999999999999822 ) ) ;
#2199 = COLOUR_RGB ( '',0.5019607843137254832, 0.5019607843137254832, 0.5019607843137254832 ) ;
#2200 = CARTESIAN_POINT ( 'NONE',  ( -5.080000000000000071, 2.950000000000000178, -3.630496878785441250 ) ) ;
#2201 = PRESENTATION_STYLE_ASSIGNMENT (( #5138 ) ) ;
#2202 = CARTESIAN_POINT ( 'NONE',  ( -5.290000000000001812, 2.989999999999999769, 3.299999999999999822 ) ) ;
#2203 = CARTESIAN_POINT ( 'NONE',  ( 5.550000000000002487, 2.989999999999999769, 2.048660687473681907 ) ) ;
#2204 = FILL_AREA_STYLE ('',( #3116 ) ) ;
#2205 = AXIS2_PLACEMENT_3D ( 'NONE', #2348, #2335, #5747 ) ;
#2206 = PLANE ( 'NONE',  #212 ) ;
#2207 = EDGE_CURVE ( 'NONE', #3265, #655, #3368, .T. ) ;
#2208 = VECTOR ( 'NONE', #1583, 1000.000000000000114 ) ;
#2209 = UNCERTAINTY_MEASURE_WITH_UNIT (LENGTH_MEASURE( 1.000000000000000082E-05 ), #5051, 'distance_accuracy_value', 'NONE');
#2210 = DIRECTION ( 'NONE',  ( -1.000000000000000000, 0.0000000000000000000, 0.0000000000000000000 ) ) ;
#2211 = VERTEX_POINT ( 'NONE', #1119 ) ;
#2213 = CARTESIAN_POINT ( 'NONE',  ( -5.080000000000000071, 2.950000000000000178, -2.050000000000441691 ) ) ;
#2212 = CARTESIAN_POINT ( 'NONE',  ( -5.051998571447401609, 0.1999999999999995115, 2.499999999999998668 ) ) ;
#2214 = EDGE_CURVE ( 'NONE', #397, #2886, #358, .T. ) ;
#2215 = ORIENTED_EDGE ( 'NONE', *, *, #669, .F. ) ;
#2216 = DIRECTION ( 'NONE',  ( 0.0000000000000000000, 0.9998476951563911586, -0.01745240643728354635 ) ) ;
#2217 = ORIENTED_EDGE ( 'NONE', *, *, #3318, .F. ) ;
#2218 = CARTESIAN_POINT ( 'NONE',  ( -3.550000000000002487, 3.250000000000000000, 3.299999999999999822 ) ) ;
#2219 = ADVANCED_FACE ( 'NONE', ( #4283 ), #1134, .F. ) ;
#2220 = FILL_AREA_STYLE ('',( #1671 ) ) ;
#2221 = ORIENTED_EDGE ( 'NONE', *, *, #5066, .T. ) ;
#2222 = DIRECTION ( 'NONE',  ( 0.0000000000000000000, -1.000000000000000000, -2.409338161079554329E-15 ) ) ;
#2223 = AXIS2_PLACEMENT_3D ( 'NONE', #5113, #2225, #4652 ) ;
#2224 =( NAMED_UNIT ( * ) PLANE_ANGLE_UNIT ( ) SI_UNIT ( $, .RADIAN. ) );
#2225 = DIRECTION ( 'NONE',  ( -0.02616798426497939783, -0.9993150019883699775, -0.02616798426497938743 ) ) ;
#2226 = ORIENTED_EDGE ( 'NONE', *, *, #3390, .T. ) ;
#2227 = ORIENTED_EDGE ( 'NONE', *, *, #4850, .T. ) ;
#2228 =( LENGTH_UNIT ( ) NAMED_UNIT ( * ) SI_UNIT ( .MILLI., .METRE. ) );
#2229 = VECTOR ( 'NONE', #4508, 1000.000000000000114 ) ;
#2230 = CARTESIAN_POINT ( 'NONE',  ( 3.630496878785446579, 2.950000000000000178, 5.079999999999997407 ) ) ;
#2231 = ORIENTED_EDGE ( 'NONE', *, *, #1557, .F. ) ;
#2233 = CARTESIAN_POINT ( 'NONE',  ( 0.7274180871905749912, 4.000499999999999723, -0.5290038919167755482 ) ) ;
#2232 = DIRECTION ( 'NONE',  ( -9.353901095953370157E-16, -7.653500652894745119E-31, -1.000000000000000000 ) ) ;
#2234 =( GEOMETRIC_REPRESENTATION_CONTEXT ( 3 ) GLOBAL_UNCERTAINTY_ASSIGNED_CONTEXT ( ( #4274 ) ) GLOBAL_UNIT_ASSIGNED_CONTEXT ( ( #4780, #1408, #405 ) ) REPRESENTATION_CONTEXT ( 'NONE', 'WORKASPACE' ) );
#2235 = EDGE_LOOP ( 'NONE', ( #1170, #3025, #2088, #3079 ) ) ;
#2236 = ORIENTED_EDGE ( 'NONE', *, *, #5745, .T. ) ;
#2237 = SURFACE_STYLE_FILL_AREA ( #1884 ) ;
#2238 = SURFACE_SIDE_STYLE ('',( #16 ) ) ;
#2239 = VECTOR ( 'NONE', #3214, 1000.000000000000000 ) ;
#2240 =( NAMED_UNIT ( * ) PLANE_ANGLE_UNIT ( ) SI_UNIT ( $, .RADIAN. ) );
#2241 = ORIENTED_EDGE ( 'NONE', *, *, #5802, .F. ) ;
#2242 = CARTESIAN_POINT ( 'NONE',  ( 2.192089153865903306, 4.000000000000000000, -0.4133938508345784135 ) ) ;
#2243 = VERTEX_POINT ( 'NONE', #2027 ) ;
#2244 = EDGE_CURVE ( 'NONE', #3028, #1635, #1226, .T. ) ;
#2245 = VECTOR ( 'NONE', #1847, 1000.000000000000000 ) ;
#2246 = UNCERTAINTY_MEASURE_WITH_UNIT (LENGTH_MEASURE( 1.000000000000000082E-05 ), #6128, 'distance_accuracy_value', 'NONE');
#2247 = ORIENTED_EDGE ( 'NONE', *, *, #2640, .T. ) ;
#2248 =( LENGTH_UNIT ( ) NAMED_UNIT ( * ) SI_UNIT ( .MILLI., .METRE. ) );
#2249 = ADVANCED_FACE ( 'NONE', ( #3622 ), #57, .T. ) ;
#2250 = ORIENTED_EDGE ( 'NONE', *, *, #3890, .F. ) ;
#2251 = VECTOR ( 'NONE', #3369, 1000.000000000000000 ) ;
#2252 = DIRECTION ( 'NONE',  ( 0.0000000000000000000, 1.000000000000000000, 0.0000000000000000000 ) ) ;
#2253 = UNCERTAINTY_MEASURE_WITH_UNIT (LENGTH_MEASURE( 1.000000000000000082E-05 ), #3396, 'distance_accuracy_value', 'NONE');
#2254 = DIRECTION ( 'NONE',  ( -3.354250471127030822E-16, -1.000000000000000000, 0.0000000000000000000 ) ) ;
#2255 = DIRECTION ( 'NONE',  ( -0.6995643972270430000, 0.0000000000000000000, -0.7145695586381806130 ) ) ;
#2256 = EDGE_CURVE ( 'NONE', #3641, #5398, #4829, .T. ) ;
#2257 =( GEOMETRIC_REPRESENTATION_CONTEXT ( 3 ) GLOBAL_UNCERTAINTY_ASSIGNED_CONTEXT ( ( #4130 ) ) GLOBAL_UNIT_ASSIGNED_CONTEXT ( ( #5, #3847, #2370 ) ) REPRESENTATION_CONTEXT ( 'NONE', 'WORKASPACE' ) );
#2258 = DIRECTION ( 'NONE',  ( -0.0000000000000000000, 0.0000000000000000000, -1.000000000000000000 ) ) ;
#2259 = DIRECTION ( 'NONE',  ( 0.0000000000000000000, 0.0000000000000000000, 1.000000000000000000 ) ) ;
#2260 = LINE ( 'NONE', #5070, #1510 ) ;
#2261 = FILL_AREA_STYLE ('',( #2988 ) ) ;
#2262 =( GEOMETRIC_REPRESENTATION_CONTEXT ( 3 ) GLOBAL_UNCERTAINTY_ASSIGNED_CONTEXT ( ( #2209 ) ) GLOBAL_UNIT_ASSIGNED_CONTEXT ( ( #5051, #1612, #4966 ) ) REPRESENTATION_CONTEXT ( 'NONE', 'WORKASPACE' ) );
#2263 = AXIS2_PLACEMENT_3D ( 'NONE', #4293, #475, #5764 ) ;
#2264 = DIRECTION ( 'NONE',  ( -1.000000000000000000, 3.354250471127030822E-16, 7.779006733382785237E-32 ) ) ;
#2265 = FILL_AREA_STYLE ('',( #812 ) ) ;
#2266 = LINE ( 'NONE', #5816, #5208 ) ;
#2267 =( NAMED_UNIT ( * ) SI_UNIT ( $, .STERADIAN. ) SOLID_ANGLE_UNIT ( ) );
#2268 = LINE ( 'NONE', #45, #4588 ) ;
#2269 = PRESENTATION_LAYER_ASSIGNMENT (  '', '', ( #430 ) ) ;
#2270 = SURFACE_STYLE_USAGE ( .BOTH. , #1816 ) ;
#2271 = EDGE_CURVE ( 'NONE', #3589, #4339, #2284, .T. ) ;
#2272 = DIRECTION ( 'NONE',  ( 1.000000000000000000, 0.0000000000000000000, -7.386927795987963789E-15 ) ) ;
#2273 = FACE_OUTER_BOUND ( 'NONE', #5007, .T. ) ;
#2274 = DIRECTION ( 'NONE',  ( 0.9999960426590095430, 0.0000000000000000000, 0.002813301676019472428 ) ) ;
#2275 = FACE_OUTER_BOUND ( 'NONE', #1256, .T. ) ;
#2276 = VECTOR ( 'NONE', #5198, 1000.000000000000000 ) ;
#2277 = MECHANICAL_DESIGN_GEOMETRIC_PRESENTATION_REPRESENTATION (  '', ( #3467 ), #1108 ) ;
#2278 = UNCERTAINTY_MEASURE_WITH_UNIT (LENGTH_MEASURE( 1.000000000000000082E-05 ), #5093, 'distance_accuracy_value', 'NONE');
#2279 = SURFACE_STYLE_USAGE ( .BOTH. , #5197 ) ;
#2280 = CARTESIAN_POINT ( 'NONE',  ( -5.290000000000001812, 3.250000000000000000, 2.050000000000439915 ) ) ;
#2281 = EDGE_CURVE ( 'NONE', #6094, #5945, #4604, .T. ) ;
#2282 = FACE_OUTER_BOUND ( 'NONE', #858, .T. ) ;
#2283 = COLOUR_RGB ( '',0.5019607843137254832, 0.5019607843137254832, 0.5019607843137254832 ) ;
#2284 = LINE ( 'NONE', #5951, #765 ) ;
#2285 = SURFACE_STYLE_USAGE ( .BOTH. , #5176 ) ;
#2286 = DIRECTION ( 'NONE',  ( 0.0000000000000000000, 2.319149032054553916E-16, -1.000000000000000000 ) ) ;
#2287 = ORIENTED_EDGE ( 'NONE', *, *, #3454, .T. ) ;
#2288 = ORIENTED_EDGE ( 'NONE', *, *, #3063, .T. ) ;
#2289 = DIRECTION ( 'NONE',  ( -0.0000000000000000000, -1.000000000000000000, -2.409338161079554329E-15 ) ) ;
#2290 = LINE ( 'NONE', #3123, #4308 ) ;
#2291 = ORIENTED_EDGE ( 'NONE', *, *, #2365, .F. ) ;
#2292 = DIRECTION ( 'NONE',  ( -1.000000000000000000, 0.0000000000000000000, -6.514088330381704169E-14 ) ) ;
#2293 = EDGE_LOOP ( 'NONE', ( #4460, #1737, #1866, #3794 ) ) ;
#2294 = CARTESIAN_POINT ( 'NONE',  ( 1.577687358616447488, 4.000000000000000000, -0.4151223552751845958 ) ) ;
#2295 = VECTOR ( 'NONE', #3044, 1000.000000000000000 ) ;
#2296 = ORIENTED_EDGE ( 'NONE', *, *, #1765, .T. ) ;
#2297 =( GEOMETRIC_REPRESENTATION_CONTEXT ( 3 ) GLOBAL_UNCERTAINTY_ASSIGNED_CONTEXT ( ( #3576 ) ) GLOBAL_UNIT_ASSIGNED_CONTEXT ( ( #2463, #56, #3943 ) ) REPRESENTATION_CONTEXT ( 'NONE', 'WORKASPACE' ) );
#2298 = ORIENTED_EDGE ( 'NONE', *, *, #686, .T. ) ;
#2299 = PRESENTATION_LAYER_ASSIGNMENT (  '', '', ( #2804 ) ) ;
#2300 = DIRECTION ( 'NONE',  ( 0.0000000000000000000, 0.0000000000000000000, -1.000000000000000000 ) ) ;
#2301 =( NAMED_UNIT ( * ) SI_UNIT ( $, .STERADIAN. ) SOLID_ANGLE_UNIT ( ) );
#2302 = EDGE_LOOP ( 'NONE', ( #5035, #2439, #5317, #3280, #261, #5443, #70, #875 ) ) ;
#2303 = VECTOR ( 'NONE', #4838, 1000.000000000000000 ) ;
#2304 = ORIENTED_EDGE ( 'NONE', *, *, #1732, .T. ) ;
#2305 = VERTEX_POINT ( 'NONE', #3791 ) ;
#2306 = CARTESIAN_POINT ( 'NONE',  ( 5.051998571447399833, 0.2000000000000017319, -4.430828269187580659 ) ) ;
#2307 = ORIENTED_EDGE ( 'NONE', *, *, #2330, .F. ) ;
#2308 = DIRECTION ( 'NONE',  ( 0.0000000000000000000, 1.000000000000000000, 0.0000000000000000000 ) ) ;
#2309 = MECHANICAL_DESIGN_GEOMETRIC_PRESENTATION_REPRESENTATION (  '', ( #4355 ), #2815 ) ;
#2311 =( NAMED_UNIT ( * ) SI_UNIT ( $, .STERADIAN. ) SOLID_ANGLE_UNIT ( ) );
#2310 = CARTESIAN_POINT ( 'NONE',  ( -5.080000000000000071, 2.950000000000000178, 3.630496878785439918 ) ) ;
#2312 = STYLED_ITEM ( 'NONE', ( #3835 ), #5412 ) ;
#2313 =( GEOMETRIC_REPRESENTATION_CONTEXT ( 3 ) GLOBAL_UNCERTAINTY_ASSIGNED_CONTEXT ( ( #4815 ) ) GLOBAL_UNIT_ASSIGNED_CONTEXT ( ( #2052, #593, #5366 ) ) REPRESENTATION_CONTEXT ( 'NONE', 'WORKASPACE' ) );
#2314 = FACE_OUTER_BOUND ( 'NONE', #1005, .T. ) ;
#2315 = EDGE_CURVE ( 'NONE', #1573, #4926, #4530, .T. ) ;
#2316 = ORIENTED_EDGE ( 'NONE', *, *, #4723, .F. ) ;
#2317 = ORIENTED_EDGE ( 'NONE', *, *, #5674, .T. ) ;
#2318 = VERTEX_POINT ( 'NONE', #4948 ) ;
#2319 = CARTESIAN_POINT ( 'NONE',  ( 3.469446951953614189E-15, 4.000499999999999723, 0.0000000000000000000 ) ) ;
#2320 = DIRECTION ( 'NONE',  ( -0.2765379750250032687, 0.0000000000000000000, 0.9610029908221257022 ) ) ;
#2321 = SURFACE_SIDE_STYLE ('',( #2073 ) ) ;
#2322 = SURFACE_STYLE_FILL_AREA ( #3048 ) ;
#2323 = LINE ( 'NONE', #2523, #5789 ) ;
#2324 = ORIENTED_EDGE ( 'NONE', *, *, #4732, .F. ) ;
#2325 = CARTESIAN_POINT ( 'NONE',  ( -3.037706955692804467, 4.000000000000000000, -0.6703702798221505832 ) ) ;
#2326 =( NAMED_UNIT ( * ) SI_UNIT ( $, .STERADIAN. ) SOLID_ANGLE_UNIT ( ) );
#2327 = DIRECTION ( 'NONE',  ( -1.000000000000000000, 0.0000000000000000000, 1.585630839319239247E-14 ) ) ;
#2328 = CARTESIAN_POINT ( 'NONE',  ( -5.550000000000002487, 3.009999999999999787, -0.1500000000001506795 ) ) ;
#2329 = CARTESIAN_POINT ( 'NONE',  ( -4.478829697740176030, 2.949999999999999734, 5.099999999999998757 ) ) ;
#2330 = EDGE_CURVE ( 'NONE', #4178, #3626, #1698, .T. ) ;
#2331 =( NAMED_UNIT ( * ) PLANE_ANGLE_UNIT ( ) SI_UNIT ( $, .RADIAN. ) );
#2332 = ORIENTED_EDGE ( 'NONE', *, *, #686, .F. ) ;
#2333 = VECTOR ( 'NONE', #5489, 1000.000000000000000 ) ;
#2334 = CARTESIAN_POINT ( 'NONE',  ( -5.052504782352354340, 4.000000000000000000, -3.603001661137794631 ) ) ;
#2336 = CARTESIAN_POINT ( 'NONE',  ( 2.192089153865903306, 4.000499999999999723, -0.4133938508345784135 ) ) ;
#2335 = DIRECTION ( 'NONE',  ( 1.000000000000000000, 0.0000000000000000000, -0.0000000000000000000 ) ) ;
#2337 =( GEOMETRIC_REPRESENTATION_CONTEXT ( 3 ) GLOBAL_UNCERTAINTY_ASSIGNED_CONTEXT ( ( #2943 ) ) GLOBAL_UNIT_ASSIGNED_CONTEXT ( ( #5084, #3150, #4204 ) ) REPRESENTATION_CONTEXT ( 'NONE', 'WORKASPACE' ) );
#2338 = FACE_OUTER_BOUND ( 'NONE', #2883, .T. ) ;
#2339 = DIRECTION ( 'NONE',  ( 0.9610664548998922863, 0.0000000000000000000, 0.2763173343569915730 ) ) ;
#2340 =( NAMED_UNIT ( * ) PLANE_ANGLE_UNIT ( ) SI_UNIT ( $, .RADIAN. ) );
#2341 = PRESENTATION_STYLE_ASSIGNMENT (( #209 ) ) ;
#2342 = CARTESIAN_POINT ( 'NONE',  ( -3.423012609376366200, 4.000000000000000000, 0.6703702798221691239 ) ) ;
#2344 = CARTESIAN_POINT ( 'NONE',  ( -5.550000000000002487, 3.009999999999999787, 1.750000000000196065 ) ) ;
#2343 =( NAMED_UNIT ( * ) PLANE_ANGLE_UNIT ( ) SI_UNIT ( $, .RADIAN. ) );
#2345 = COLOUR_RGB ( '',1.000000000000000000, 1.000000000000000000, 1.000000000000000000 ) ;
#2346 = AXIS2_PLACEMENT_3D ( 'NONE', #4443, #5876, #135 ) ;
#2347 = ORIENTED_EDGE ( 'NONE', *, *, #490, .T. ) ;
#2349 = FILL_AREA_STYLE ('',( #831 ) ) ;
#2348 = CARTESIAN_POINT ( 'NONE',  ( -3.550000000000003375, -0.06000000000000102474, 3.299999999999999822 ) ) ;
#2350 = FACE_OUTER_BOUND ( 'NONE', #2780, .T. ) ;
#2351 = CYLINDRICAL_SURFACE ( 'NONE', #2874, 0.2599999999999997868 ) ;
#2352 = EDGE_CURVE ( 'NONE', #4350, #1842, #4449, .T. ) ;
#2353 =( NAMED_UNIT ( * ) PLANE_ANGLE_UNIT ( ) SI_UNIT ( $, .RADIAN. ) );
#2354 = UNCERTAINTY_MEASURE_WITH_UNIT (LENGTH_MEASURE( 1.000000000000000082E-05 ), #3903, 'distance_accuracy_value', 'NONE');
#2355 = ORIENTED_EDGE ( 'NONE', *, *, #1115, .T. ) ;
#2356 = ORIENTED_EDGE ( 'NONE', *, *, #5348, .F. ) ;
#2357 =( LENGTH_UNIT ( ) NAMED_UNIT ( * ) SI_UNIT ( .MILLI., .METRE. ) );
#2358 = SURFACE_STYLE_USAGE ( .BOTH. , #821 ) ;
#2359 = DIRECTION ( 'NONE',  ( -0.7808688094430306093, -0.6246950475544239545, 0.0000000000000000000 ) ) ;
#2360 = ORIENTED_EDGE ( 'NONE', *, *, #4740, .T. ) ;
#2361 =( LENGTH_UNIT ( ) NAMED_UNIT ( * ) SI_UNIT ( .MILLI., .METRE. ) );
#2362 = CARTESIAN_POINT ( 'NONE',  ( -0.5389845515424375177, 4.000000000000000000, 0.6703702798221553572 ) ) ;
#2364 = DIRECTION ( 'NONE',  ( -0.0000000000000000000, -1.000000000000000000, 0.0000000000000000000 ) ) ;
#2363 = DIRECTION ( 'NONE',  ( -0.0000000000000000000, -1.000000000000000000, 0.0000000000000000000 ) ) ;
#2365 = EDGE_CURVE ( 'NONE', #337, #871, #5752, .T. ) ;
#2366 = ORIENTED_EDGE ( 'NONE', *, *, #740, .F. ) ;
#2367 = VERTEX_POINT ( 'NONE', #6127 ) ;
#2368 = AXIS2_PLACEMENT_3D ( 'NONE', #498, #979, #532 ) ;
#2370 =( NAMED_UNIT ( * ) SI_UNIT ( $, .STERADIAN. ) SOLID_ANGLE_UNIT ( ) );
#2369 = SURFACE_STYLE_USAGE ( .BOTH. , #3349 ) ;
#2372 = FILL_AREA_STYLE ('',( #4768 ) ) ;
#2371 = SURFACE_STYLE_USAGE ( .BOTH. , #3812 ) ;
#2373 = ORIENTED_EDGE ( 'NONE', *, *, #515, .T. ) ;
#2374 = ORIENTED_EDGE ( 'NONE', *, *, #5296, .T. ) ;
#2375 = ORIENTED_EDGE ( 'NONE', *, *, #4646, .F. ) ;
#2376 = LINE ( 'NONE', #1120, #1098 ) ;
#2377 = ORIENTED_EDGE ( 'NONE', *, *, #1738, .F. ) ;
#2378 = CARTESIAN_POINT ( 'NONE',  ( 5.051998571447405162, 0.2000000000000013989, 3.552227028712811485 ) ) ;
#2379 = ORIENTED_EDGE ( 'NONE', *, *, #4320, .F. ) ;
#2380 = CARTESIAN_POINT ( 'NONE',  ( -5.100000000000000533, 2.949999999999999734, -4.478829697740175142 ) ) ;
#2381 = ORIENTED_EDGE ( 'NONE', *, *, #6173, .T. ) ;
#2382 = FACE_OUTER_BOUND ( 'NONE', #5994, .T. ) ;
#2383 = FILL_AREA_STYLE_COLOUR ( '', #37 ) ;
#2384 = VECTOR ( 'NONE', #4450, 1000.000000000000114 ) ;
#2385 = ORIENTED_EDGE ( 'NONE', *, *, #5199, .T. ) ;
#2386 = CARTESIAN_POINT ( 'NONE',  ( 5.550000000000002487, 3.250000000000000444, -2.050000000000441691 ) ) ;
#2387 = VERTEX_POINT ( 'NONE', #1339 ) ;
#2388 = MECHANICAL_DESIGN_GEOMETRIC_PRESENTATION_REPRESENTATION (  '', ( #3340 ), #4000 ) ;
#2389 = STYLED_ITEM ( 'NONE', ( #2453 ), #5879 ) ;
#2390 = PRESENTATION_LAYER_ASSIGNMENT (  '', '', ( #2498 ) ) ;
#2391 = SURFACE_SIDE_STYLE ('',( #5594 ) ) ;
#2392 = EDGE_CURVE ( 'NONE', #3153, #4876, #1528, .T. ) ;
#2393 =( BOUNDED_CURVE ( )  B_SPLINE_CURVE ( 3, ( #6114, #341, #2306, #3157 ),
 .UNSPECIFIED., .F., .F. ) 
 B_SPLINE_CURVE_WITH_KNOTS ( ( 4, 4 ),
 ( 2.356346783439903003, 3.926838523739636155 ),
 .UNSPECIFIED. ) 
 CURVE ( )  GEOMETRIC_REPRESENTATION_ITEM ( )  RATIONAL_B_SPLINE_CURVE ( ( 1.000000000000000000, 0.8048096403827860179, 0.8048096403827860179, 1.000000000000000000 ) ) 
 REPRESENTATION_ITEM ( '' )  );
#2394 =( NAMED_UNIT ( * ) PLANE_ANGLE_UNIT ( ) SI_UNIT ( $, .RADIAN. ) );
#2395 = FILL_AREA_STYLE ('',( #2878 ) ) ;
#2396 = PRESENTATION_LAYER_ASSIGNMENT (  '', '', ( #4050 ) ) ;
#2397 = COLOUR_RGB ( '',1.000000000000000000, 1.000000000000000000, 1.000000000000000000 ) ;
#2398 =( GEOMETRIC_REPRESENTATION_CONTEXT ( 3 ) GLOBAL_UNCERTAINTY_ASSIGNED_CONTEXT ( ( #2104 ) ) GLOBAL_UNIT_ASSIGNED_CONTEXT ( ( #4995, #1160, #5930 ) ) REPRESENTATION_CONTEXT ( 'NONE', 'WORKASPACE' ) );
#2399 = DIRECTION ( 'NONE',  ( 0.2755520632520480628, 0.0000000000000000000, -0.9612861490927345764 ) ) ;
#2400 =( NAMED_UNIT ( * ) SI_UNIT ( $, .STERADIAN. ) SOLID_ANGLE_UNIT ( ) );
#2401 = CARTESIAN_POINT ( 'NONE',  ( 3.423012609376344884, 4.000499999999999723, -0.6703702798221505832 ) ) ;
#2403 =( LENGTH_UNIT ( ) NAMED_UNIT ( * ) SI_UNIT ( .MILLI., .METRE. ) );
#2402 = CARTESIAN_POINT ( 'NONE',  ( 0.09426364943040775601, 4.000000000000000000, 0.6703702798221505832 ) ) ;
#2404 = FILL_AREA_STYLE ('',( #4739 ) ) ;
#2405 = PRESENTATION_STYLE_ASSIGNMENT (( #5927 ) ) ;
#2407 = SURFACE_STYLE_USAGE ( .BOTH. , #5748 ) ;
#2406 = DIRECTION ( 'NONE',  ( 0.0000000000000000000, -0.0000000000000000000, 1.000000000000000000 ) ) ;
#2408 = DIRECTION ( 'NONE',  ( -0.0000000000000000000, -1.000000000000000000, 0.0000000000000000000 ) ) ;
#2409 = STYLED_ITEM ( 'NONE', ( #2773 ), #721 ) ;
#2410 = COLOUR_RGB ( '',0.0000000000000000000, 0.0000000000000000000, 0.0000000000000000000 ) ;
#2412 = FILL_AREA_STYLE ('',( #1979 ) ) ;
#2411 = CARTESIAN_POINT ( 'NONE',  ( 5.550000000000002487, 1.810000000000000497, 2.499999999999999112 ) ) ;
#2413 = LINE ( 'NONE', #513, #2856 ) ;
#2414 = COLOUR_RGB ( '',0.5019607843137254832, 0.5019607843137254832, 0.5019607843137254832 ) ;
#2415 = PLANE ( 'NONE',  #3664 ) ;
#2416 = SURFACE_STYLE_FILL_AREA ( #2372 ) ;
#2417 = FILL_AREA_STYLE_COLOUR ( '', #1145 ) ;
#2418 = ORIENTED_EDGE ( 'NONE', *, *, #987, .F. ) ;
#2419 = CYLINDRICAL_SURFACE ( 'NONE', #2223, 1.449999999999999956 ) ;
#2420 = ADVANCED_FACE ( 'NONE', ( #2061 ), #6191, .T. ) ;
#2421 = COLOUR_RGB ( '',1.000000000000000000, 1.000000000000000000, 1.000000000000000000 ) ;
#2422 =( GEOMETRIC_REPRESENTATION_CONTEXT ( 3 ) GLOBAL_UNCERTAINTY_ASSIGNED_CONTEXT ( ( #5357 ) ) GLOBAL_UNIT_ASSIGNED_CONTEXT ( ( #5469, #606, #2570 ) ) REPRESENTATION_CONTEXT ( 'NONE', 'WORKASPACE' ) );
#2423 = UNCERTAINTY_MEASURE_WITH_UNIT (LENGTH_MEASURE( 1.000000000000000082E-05 ), #585, 'distance_accuracy_value', 'NONE');
#2424 = ORIENTED_EDGE ( 'NONE', *, *, #2974, .T. ) ;
#2426 =( NAMED_UNIT ( * ) PLANE_ANGLE_UNIT ( ) SI_UNIT ( $, .RADIAN. ) );
#2425 = DIRECTION ( 'NONE',  ( 1.000000000000000000, 0.0000000000000000000, 0.0000000000000000000 ) ) ;
#2427 = ORIENTED_EDGE ( 'NONE', *, *, #3693, .F. ) ;
#2428 = SURFACE_STYLE_USAGE ( .BOTH. , #2014 ) ;
#2429 = PRESENTATION_STYLE_ASSIGNMENT (( #6288 ) ) ;
#2430 = COLOUR_RGB ( '',0.0000000000000000000, 0.0000000000000000000, 0.0000000000000000000 ) ;
#2431 = COLOUR_RGB ( '',1.000000000000000000, 1.000000000000000000, 1.000000000000000000 ) ;
#2432 = VERTEX_POINT ( 'NONE', #3704 ) ;
#2433 = MECHANICAL_DESIGN_GEOMETRIC_PRESENTATION_REPRESENTATION (  '', ( #707 ), #5555 ) ;
#2434 = EDGE_CURVE ( 'NONE', #3277, #1484, #6058, .T. ) ;
#2435 = CARTESIAN_POINT ( 'NONE',  ( 1.434409016508026102, 4.000499999999999723, 0.08206727095614561873 ) ) ;
#2436 = LINE ( 'NONE', #134, #2658 ) ;
#2437 =( LENGTH_UNIT ( ) NAMED_UNIT ( * ) SI_UNIT ( .MILLI., .METRE. ) );
#2438 = ORIENTED_EDGE ( 'NONE', *, *, #5026, .T. ) ;
#2439 = ORIENTED_EDGE ( 'NONE', *, *, #2020, .T. ) ;
#2440 = SURFACE_STYLE_USAGE ( .BOTH. , #5400 ) ;
#2441 = VERTEX_POINT ( 'NONE', #4729 ) ;
#2442 = ORIENTED_EDGE ( 'NONE', *, *, #2132, .F. ) ;
#2443 = CARTESIAN_POINT ( 'NONE',  ( -5.100000000000000533, 2.950000000000000178, -5.099999999999998757 ) ) ;
#2444 = VECTOR ( 'NONE', #533, 999.9999999999998863 ) ;
#2445 = LINE ( 'NONE', #1745, #4784 ) ;
#2446 = VERTEX_POINT ( 'NONE', #3223 ) ;
#2447 = PRESENTATION_LAYER_ASSIGNMENT (  '', '', ( #2389 ) ) ;
#2448 = ORIENTED_EDGE ( 'NONE', *, *, #5296, .F. ) ;
#2450 = FILL_AREA_STYLE ('',( #114 ) ) ;
#2449 = DIRECTION ( 'NONE',  ( 1.000000000000000000, 0.0000000000000000000, 0.0000000000000000000 ) ) ;
#2451 = ORIENTED_EDGE ( 'NONE', *, *, #1576, .F. ) ;
#2452 =( NAMED_UNIT ( * ) SI_UNIT ( $, .STERADIAN. ) SOLID_ANGLE_UNIT ( ) );
#2453 = PRESENTATION_STYLE_ASSIGNMENT (( #5043 ) ) ;
#2454 = ORIENTED_EDGE ( 'NONE', *, *, #1197, .T. ) ;
#2455 = ORIENTED_EDGE ( 'NONE', *, *, #6101, .T. ) ;
#2456 = PRESENTATION_LAYER_ASSIGNMENT (  '', '', ( #51 ) ) ;
#2457 = ORIENTED_EDGE ( 'NONE', *, *, #2167, .T. ) ;
#2458 = DIRECTION ( 'NONE',  ( -0.3829140317376869551, 0.0000000000000000000, -0.9237839814038721897 ) ) ;
#2459 = ADVANCED_FACE ( 'NONE', ( #758 ), #2753, .F. ) ;
#2460 = DIRECTION ( 'NONE',  ( 0.0000000000000000000, -0.5665288228870649645, -0.8240419241993678368 ) ) ;
#2461 = FACE_OUTER_BOUND ( 'NONE', #4758, .T. ) ;
#2462 = EDGE_LOOP ( 'NONE', ( #4918, #1724, #4301, #4047, #5623, #2656, #2793, #320 ) ) ;
#2463 =( LENGTH_UNIT ( ) NAMED_UNIT ( * ) SI_UNIT ( .MILLI., .METRE. ) );
#2464 = CARTESIAN_POINT ( 'NONE',  ( 0.09763589896193636264, 4.000499999999999723, -0.6703702798221968795 ) ) ;
#2465 = PRESENTATION_LAYER_ASSIGNMENT (  '', '', ( #3798 ) ) ;
#2466 = UNCERTAINTY_MEASURE_WITH_UNIT (LENGTH_MEASURE( 1.000000000000000082E-05 ), #4913, 'distance_accuracy_value', 'NONE');
#2467 = STYLED_ITEM ( 'NONE', ( #4660 ), #3094 ) ;
#2468 = CARTESIAN_POINT ( 'NONE',  ( -2.649999999999999023, 0.0000000000000000000, 5.048507558461756695 ) ) ;
#2469 = EDGE_CURVE ( 'NONE', #4785, #3473, #2996, .T. ) ;
#2470 = EDGE_LOOP ( 'NONE', ( #2889, #2499, #6186, #6158 ) ) ;
#2472 = CARTESIAN_POINT ( 'NONE',  ( 5.550000000000002487, 3.010000000000000231, -1.750000000000196954 ) ) ;
#2471 = DIRECTION ( 'NONE',  ( 1.000000000000000000, 0.0000000000000000000, -3.866556579360342752E-15 ) ) ;
#2473 = DIRECTION ( 'NONE',  ( -1.039309029690213757E-32, -1.057758217058801441E-16, 1.000000000000000000 ) ) ;
#2474 = EDGE_CURVE ( 'NONE', #2537, #3387, #3851, .T. ) ;
#2475 = EDGE_CURVE ( 'NONE', #1633, #1021, #6290, .T. ) ;
#2476 = DIRECTION ( 'NONE',  ( -1.000000000000000000, 0.0000000000000000000, 0.0000000000000000000 ) ) ;
#2477 = PRESENTATION_STYLE_ASSIGNMENT (( #916 ) ) ;
#2478 = DIRECTION ( 'NONE',  ( 0.0000000000000000000, 0.0000000000000000000, 1.000000000000000000 ) ) ;
#2479 = FACE_BOUND ( 'NONE', #2545, .T. ) ;
#2480 = EDGE_CURVE ( 'NONE', #1199, #1332, #988, .T. ) ;
#2481 = SURFACE_STYLE_USAGE ( .BOTH. , #4881 ) ;
#2482 = VECTOR ( 'NONE', #2848, 1000.000000000000000 ) ;
#2483 = MECHANICAL_DESIGN_GEOMETRIC_PRESENTATION_REPRESENTATION (  '', ( #1747 ), #3111 ) ;
#2484 = CARTESIAN_POINT ( 'NONE',  ( -3.550000000000003375, 0.1999999999999990119, -2.500000000000001332 ) ) ;
#2485 = ADVANCED_FACE ( 'NONE', ( #1369 ), #1404, .F. ) ;
#2486 = VECTOR ( 'NONE', #259, 999.9999999999998863 ) ;
#2488 = DIRECTION ( 'NONE',  ( -1.000000000000000000, 0.0000000000000000000, 0.0000000000000000000 ) ) ;
#2487 = SURFACE_SIDE_STYLE ('',( #661 ) ) ;
#2489 = PRESENTATION_LAYER_ASSIGNMENT (  '', '', ( #3447 ) ) ;
#2490 = VERTEX_POINT ( 'NONE', #1879 ) ;
#2491 = LINE ( 'NONE', #607, #1064 ) ;
#2492 = SURFACE_SIDE_STYLE ('',( #3186 ) ) ;
#2493 = FACE_OUTER_BOUND ( 'NONE', #1672, .T. ) ;
#2494 = VECTOR ( 'NONE', #5714, 1000.000000000000000 ) ;
#2495 = UNCERTAINTY_MEASURE_WITH_UNIT (LENGTH_MEASURE( 1.000000000000000082E-05 ), #5195, 'distance_accuracy_value', 'NONE');
#2496 = SURFACE_STYLE_USAGE ( .BOTH. , #5392 ) ;
#2497 = ORIENTED_EDGE ( 'NONE', *, *, #3229, .F. ) ;
#2498 = STYLED_ITEM ( 'NONE', ( #5746 ), #2459 ) ;
#2499 = ORIENTED_EDGE ( 'NONE', *, *, #5188, .F. ) ;
#2500 = CARTESIAN_POINT ( 'NONE',  ( -0.7853983497317067464, 4.000000000000000000, 0.4152935750536601023 ) ) ;
#2501 = DIRECTION ( 'NONE',  ( -1.000000000000000000, 0.0000000000000000000, 0.0000000000000000000 ) ) ;
#2502 = CARTESIAN_POINT ( 'NONE',  ( -1.433685354663999600, 4.000000000000000000, 0.08206727095333087030 ) ) ;
#2503 = SURFACE_SIDE_STYLE ('',( #2860 ) ) ;
#2504 = VECTOR ( 'NONE', #670, 1000.000000000000000 ) ;
#2505 = EDGE_LOOP ( 'NONE', ( #2801, #3644, #480, #5328, #4551 ) ) ;
#2506 = MECHANICAL_DESIGN_GEOMETRIC_PRESENTATION_REPRESENTATION (  '', ( #3264 ), #1770 ) ;
#2507 = AXIS2_PLACEMENT_3D ( 'NONE', #4507, #1591, #5030 ) ;
#2508 = DIRECTION ( 'NONE',  ( -1.000000000000000000, 0.0000000000000000000, 0.0000000000000000000 ) ) ;
#2509 = LINE ( 'NONE', #2898, #6001 ) ;
#2511 = SURFACE_SIDE_STYLE ('',( #463 ) ) ;
#2510 = CARTESIAN_POINT ( 'NONE',  ( -5.290000000000001812, 3.099999999999975664, -1.750000000000196732 ) ) ;
#2513 = CARTESIAN_POINT ( 'NONE',  ( -5.100000000000000533, 2.950000000000000178, -5.099999999999998757 ) ) ;
#2512 = CARTESIAN_POINT ( 'NONE',  ( -5.550000000000002487, 2.360000000000001208, -3.300000000000001599 ) ) ;
#2514 = ORIENTED_EDGE ( 'NONE', *, *, #278, .T. ) ;
#2515 = PRESENTATION_LAYER_ASSIGNMENT (  '', '', ( #3685 ) ) ;
#2516 = EDGE_LOOP ( 'NONE', ( #5324, #5115, #3017, #2531, #1493, #3573, #4843, #2026 ) ) ;
#2517 = ORIENTED_EDGE ( 'NONE', *, *, #4953, .F. ) ;
#2518 = FACE_OUTER_BOUND ( 'NONE', #2168, .T. ) ;
#2519 = ORIENTED_EDGE ( 'NONE', *, *, #650, .T. ) ;
#2520 = DIRECTION ( 'NONE',  ( 0.0000000000000000000, -0.0000000000000000000, -1.000000000000000000 ) ) ;
#2521 = ADVANCED_FACE ( 'NONE', ( #1600 ), #464, .F. ) ;
#2522 = ORIENTED_EDGE ( 'NONE', *, *, #3454, .F. ) ;
#2524 = SURFACE_STYLE_USAGE ( .BOTH. , #166 ) ;
#2523 = CARTESIAN_POINT ( 'NONE',  ( -0.6070688727658387629, 4.000000000000000000, -0.6703702798221874426 ) ) ;
#2525 = ORIENTED_EDGE ( 'NONE', *, *, #433, .F. ) ;
#2526 = LINE ( 'NONE', #2532, #1251 ) ;
#2527 = FACE_OUTER_BOUND ( 'NONE', #2811, .T. ) ;
#2528 = DIRECTION ( 'NONE',  ( 1.000000000000000000, 0.0000000000000000000, -1.368367961097566789E-14 ) ) ;
#2529 = ORIENTED_EDGE ( 'NONE', *, *, #2434, .T. ) ;
#2530 = SURFACE_SIDE_STYLE ('',( #2697 ) ) ;
#2531 = ORIENTED_EDGE ( 'NONE', *, *, #2598, .T. ) ;
#2532 = CARTESIAN_POINT ( 'NONE',  ( -5.550000000000002487, 3.250000000000000000, 0.1500000000001489586 ) ) ;
#2533 = DIRECTION ( 'NONE',  ( 1.000000000000000000, 3.354250471127030822E-16, 0.0000000000000000000 ) ) ;
#2534 = ORIENTED_EDGE ( 'NONE', *, *, #2606, .T. ) ;
#2535 = STYLED_ITEM ( 'NONE', ( #920 ), #5990 ) ;
#2536 = STYLED_ITEM ( 'NONE', ( #312 ), #580 ) ;
#2537 = VERTEX_POINT ( 'NONE', #5331 ) ;
#2538 = CARTESIAN_POINT ( 'NONE',  ( 2.599690068830199596, 4.000499999999999723, -0.4114982032762767861 ) ) ;
#2540 =( NAMED_UNIT ( * ) PLANE_ANGLE_UNIT ( ) SI_UNIT ( $, .RADIAN. ) );
#2539 =( LENGTH_UNIT ( ) NAMED_UNIT ( * ) SI_UNIT ( .MILLI., .METRE. ) );
#2541 = COLOUR_RGB ( '',1.000000000000000000, 1.000000000000000000, 1.000000000000000000 ) ;
#2542 = MECHANICAL_DESIGN_GEOMETRIC_PRESENTATION_REPRESENTATION (  '', ( #3127 ), #2847 ) ;
#2543 = DIRECTION ( 'NONE',  ( 0.02616798426497939090, 0.9993150019883697555, -0.02616798426497939783 ) ) ;
#2544 = SURFACE_SIDE_STYLE ('',( #5530 ) ) ;
#2545 = EDGE_LOOP ( 'NONE', ( #2379, #5242, #4469, #3500 ) ) ;
#2547 = SURFACE_STYLE_USAGE ( .BOTH. , #5434 ) ;
#2546 = DIRECTION ( 'NONE',  ( 0.0000000000000000000, -1.000000000000000000, 0.0000000000000000000 ) ) ;
#2548 = UNCERTAINTY_MEASURE_WITH_UNIT (LENGTH_MEASURE( 1.000000000000000082E-05 ), #1703, 'distance_accuracy_value', 'NONE');
#2549 = DIRECTION ( 'NONE',  ( 0.004650693823689862859, 0.0000000000000000000, -0.9999891854650021505 ) ) ;
#2550 = DIRECTION ( 'NONE',  ( 1.000000000000000000, 3.354250471127030822E-16, 0.0000000000000000000 ) ) ;
#2551 = VECTOR ( 'NONE', #4575, 1000.000000000000000 ) ;
#2552 = CARTESIAN_POINT ( 'NONE',  ( -1.597563066899632789, 4.000499999999999723, -0.6703702798221691239 ) ) ;
#2553 = STYLED_ITEM ( 'NONE', ( #2775 ), #3062 ) ;
#2554 = ADVANCED_FACE ( 'NONE', ( #348 ), #925, .T. ) ;
#2555 = SURFACE_STYLE_USAGE ( .BOTH. , #3555 ) ;
#2557 = SURFACE_STYLE_USAGE ( .BOTH. , #1609 ) ;
#2556 = CARTESIAN_POINT ( 'NONE',  ( -5.550000000000002487, 3.099999999999975220, 1.750000000000195843 ) ) ;
#2558 = EDGE_CURVE ( 'NONE', #3725, #2179, #3143, .T. ) ;
#2559 = FILL_AREA_STYLE_COLOUR ( '', #5810 ) ;
#2560 = SURFACE_STYLE_USAGE ( .BOTH. , #2544 ) ;
#2561 = DIRECTION ( 'NONE',  ( 1.000000000000000000, 0.0000000000000000000, 0.0000000000000000000 ) ) ;
#2562 = EDGE_CURVE ( 'NONE', #1633, #6087, #2701, .T. ) ;
#2563 = DIRECTION ( 'NONE',  ( 0.0000000000000000000, 0.0000000000000000000, -1.000000000000000000 ) ) ;
#2564 = DIRECTION ( 'NONE',  ( 1.000000000000000000, 0.0000000000000000000, 0.0000000000000000000 ) ) ;
#2565 = CARTESIAN_POINT ( 'NONE',  ( 5.079999999999995630, 2.950000000000000178, -5.080000000000001847 ) ) ;
#2566 = CARTESIAN_POINT ( 'NONE',  ( -5.550000000000002487, 3.250000000000000000, -0.1500000000001506240 ) ) ;
#2567 = COLOUR_RGB ( '',0.7960784313725489669, 0.8235294117647058432, 0.9372549019607843146 ) ;
#2568 = COLOUR_RGB ( '',0.0000000000000000000, 0.0000000000000000000, 0.0000000000000000000 ) ;
#2569 = FACE_OUTER_BOUND ( 'NONE', #6014, .T. ) ;
#2571 = DIRECTION ( 'NONE',  ( 0.0000000000000000000, -0.9998476951563911586, -0.01745240643728354635 ) ) ;
#2570 =( NAMED_UNIT ( * ) SI_UNIT ( $, .STERADIAN. ) SOLID_ANGLE_UNIT ( ) );
#2572 = SURFACE_STYLE_USAGE ( .BOTH. , #5471 ) ;
#2573 = PRESENTATION_LAYER_ASSIGNMENT (  '', '', ( #930 ) ) ;
#2574 = SURFACE_STYLE_FILL_AREA ( #4820 ) ;
#2575 = LINE ( 'NONE', #2386, #6139 ) ;
#2576 = SURFACE_STYLE_FILL_AREA ( #4649 ) ;
#2577 = UNCERTAINTY_MEASURE_WITH_UNIT (LENGTH_MEASURE( 1.000000000000000082E-05 ), #483, 'distance_accuracy_value', 'NONE');
#2578 = ORIENTED_EDGE ( 'NONE', *, *, #2629, .F. ) ;
#2579 = FILL_AREA_STYLE ('',( #184 ) ) ;
#2580 = ADVANCED_FACE ( 'NONE', ( #3526 ), #977, .T. ) ;
#2581 = COLOUR_RGB ( '',0.0000000000000000000, 0.0000000000000000000, 0.0000000000000000000 ) ;
#2582 =( NAMED_UNIT ( * ) PLANE_ANGLE_UNIT ( ) SI_UNIT ( $, .RADIAN. ) );
#2583 = LINE ( 'NONE', #3993, #224 ) ;
#2584 = SURFACE_STYLE_FILL_AREA ( #1412 ) ;
#2585 = AXIS2_PLACEMENT_3D ( 'NONE', #6122, #3653, #5161 ) ;
#2586 = ORIENTED_EDGE ( 'NONE', *, *, #3742, .T. ) ;
#2587 = PLANE ( 'NONE',  #5409 ) ;
#2588 = PRESENTATION_STYLE_ASSIGNMENT (( #2147 ) ) ;
#2589 = DIRECTION ( 'NONE',  ( 0.02617694830787321153, 0.9996573249755573709, -0.0000000000000000000 ) ) ;
#2590 = COLOUR_RGB ( '',1.000000000000000000, 1.000000000000000000, 1.000000000000000000 ) ;
#2591 = FACE_OUTER_BOUND ( 'NONE', #4016, .T. ) ;
#2592 = ORIENTED_EDGE ( 'NONE', *, *, #2715, .T. ) ;
#2593 = EDGE_CURVE ( 'NONE', #5671, #2446, #5733, .T. ) ;
#2594 = ORIENTED_EDGE ( 'NONE', *, *, #2979, .T. ) ;
#2596 = DIRECTION ( 'NONE',  ( 0.0000000000000000000, 0.0000000000000000000, -1.000000000000000000 ) ) ;
#2595 = CARTESIAN_POINT ( 'NONE',  ( 3.552227028712819479, 0.2000000000000002331, 5.051998571447398945 ) ) ;
#2597 = EDGE_LOOP ( 'NONE', ( #3192, #4081, #2732, #737 ) ) ;
#2598 = EDGE_CURVE ( 'NONE', #1842, #2608, #206, .T. ) ;
#2600 = CARTESIAN_POINT ( 'NONE',  ( 1.505122785420938358, 4.000499999999999723, -0.1657448231678102513 ) ) ;
#2599 = DIRECTION ( 'NONE',  ( 0.0000000000000000000, 0.0000000000000000000, -1.000000000000000000 ) ) ;
#2601 = CIRCLE ( 'NONE', #5423, 0.2599999999999997868 ) ;
#2602 = VERTEX_POINT ( 'NONE', #4354 ) ;
#2603 = ORIENTED_EDGE ( 'NONE', *, *, #5352, .T. ) ;
#2604 = ORIENTED_EDGE ( 'NONE', *, *, #4085, .T. ) ;
#2605 = SURFACE_STYLE_USAGE ( .BOTH. , #4468 ) ;
#2606 = EDGE_CURVE ( 'NONE', #5372, #2318, #5934, .T. ) ;
#2607 =( LENGTH_UNIT ( ) NAMED_UNIT ( * ) SI_UNIT ( .MILLI., .METRE. ) );
#2608 = VERTEX_POINT ( 'NONE', #2963 ) ;
#2609 = VERTEX_POINT ( 'NONE', #73 ) ;
#2610 = ORIENTED_EDGE ( 'NONE', *, *, #3849, .T. ) ;
#2611 = SURFACE_STYLE_USAGE ( .BOTH. , #1118 ) ;
#2612 = ORIENTED_EDGE ( 'NONE', *, *, #2870, .F. ) ;
#2613 = ORIENTED_EDGE ( 'NONE', *, *, #5308, .F. ) ;
#2614 = ORIENTED_EDGE ( 'NONE', *, *, #3683, .F. ) ;
#2615 = DIRECTION ( 'NONE',  ( -1.000000000000000000, 2.620428211445328459E-16, 0.0000000000000000000 ) ) ;
#2616 = STYLED_ITEM ( 'NONE', ( #1763 ), #4598 ) ;
#2617 = ADVANCED_FACE ( 'NONE', ( #3904 ), #2920, .F. ) ;
#2618 = SURFACE_STYLE_FILL_AREA ( #1856 ) ;
#2619 = DIRECTION ( 'NONE',  ( 1.000000000000000000, 0.0000000000000000000, -1.249060889481360700E-14 ) ) ;
#2620 = FILL_AREA_STYLE_COLOUR ( '', #780 ) ;
#2622 = CARTESIAN_POINT ( 'NONE',  ( -1.808813678643536482, 4.000499999999999723, -0.6703702798220952941 ) ) ;
#2621 = DIRECTION ( 'NONE',  ( 1.291918162393750329E-16, 1.000000000000000000, 0.0000000000000000000 ) ) ;
#2623 = LINE ( 'NONE', #743, #4878 ) ;
#2624 = UNCERTAINTY_MEASURE_WITH_UNIT (LENGTH_MEASURE( 1.000000000000000082E-05 ), #4340, 'distance_accuracy_value', 'NONE');
#2625 = PRESENTATION_LAYER_ASSIGNMENT (  '', '', ( #2312 ) ) ;
#2626 = PRESENTATION_LAYER_ASSIGNMENT (  '', '', ( #3802 ) ) ;
#2627 = DIRECTION ( 'NONE',  ( -0.0000000000000000000, -1.000000000000000000, 0.0000000000000000000 ) ) ;
#2628 = DIRECTION ( 'NONE',  ( 0.02616798426497939090, 0.9993150019883697555, 0.02616798426497938049 ) ) ;
#2629 = EDGE_CURVE ( 'NONE', #914, #1700, #2100, .T. ) ;
#2631 = CARTESIAN_POINT ( 'NONE',  ( -1.528630799032689280, 4.000000000000000000, 0.4152935750536601023 ) ) ;
#2630 = CARTESIAN_POINT ( 'NONE',  ( -5.080000000000000071, 2.950000000000000178, 3.630496878785439918 ) ) ;
#2632 = SURFACE_SIDE_STYLE ('',( #1987 ) ) ;
#2633 = PRESENTATION_LAYER_ASSIGNMENT (  '', '', ( #4566 ) ) ;
#2634 = CARTESIAN_POINT ( 'NONE',  ( 5.549229627936316689, 3.010000000000000231, -2.050000000000496758 ) ) ;
#2635 = PRESENTATION_LAYER_ASSIGNMENT (  '', '', ( #147 ) ) ;
#2636 = EDGE_CURVE ( 'NONE', #782, #2886, #3971, .T. ) ;
#2637 = DIRECTION ( 'NONE',  ( 0.2755265765475183870, 0.0000000000000000000, -0.9612934544747531174 ) ) ;
#2638 = CARTESIAN_POINT ( 'NONE',  ( -3.552227028712815926, 0.1999999999999999001, -5.051998571447400721 ) ) ;
#2639 = VECTOR ( 'NONE', #4065, 1000.000000000000000 ) ;
#2640 = EDGE_CURVE ( 'NONE', #4834, #570, #2323, .T. ) ;
#2641 = SURFACE_STYLE_FILL_AREA ( #6068 ) ;
#2642 = FACE_OUTER_BOUND ( 'NONE', #3743, .T. ) ;
#2643 = ADVANCED_FACE ( 'NONE', ( #1187 ), #3739, .F. ) ;
#2644 = ORIENTED_EDGE ( 'NONE', *, *, #1853, .T. ) ;
#2645 = CARTESIAN_POINT ( 'NONE',  ( -5.078952563137232090, 2.989999999999999769, 2.050000000000828493 ) ) ;
#2646 = PRESENTATION_STYLE_ASSIGNMENT (( #1042 ) ) ;
#2647 = VECTOR ( 'NONE', #2672, 1000.000000000000000 ) ;
#2648 = LINE ( 'NONE', #823, #5596 ) ;
#2649 = CARTESIAN_POINT ( 'NONE',  ( -2.132957182187180667, 4.000000000000000000, 0.6703702798221644610 ) ) ;
#2650 = CARTESIAN_POINT ( 'NONE',  ( -5.550000000000002487, 3.010000000000000231, -1.900000000000346745 ) ) ;
#2651 = EDGE_LOOP ( 'NONE', ( #6161, #3560, #530, #1246, #419 ) ) ;
#2652 = UNCERTAINTY_MEASURE_WITH_UNIT (LENGTH_MEASURE( 1.000000000000000082E-05 ), #2851, 'distance_accuracy_value', 'NONE');
#2653 =( NAMED_UNIT ( * ) PLANE_ANGLE_UNIT ( ) SI_UNIT ( $, .RADIAN. ) );
#2655 = DIRECTION ( 'NONE',  ( 0.02616798426497941518, -0.9993150019883697555, 0.02616798426497939090 ) ) ;
#2654 = SURFACE_SIDE_STYLE ('',( #4992 ) ) ;
#2656 = ORIENTED_EDGE ( 'NONE', *, *, #5481, .T. ) ;
#2657 = AXIS2_PLACEMENT_3D ( 'NONE', #1368, #1349, #5651 ) ;
#2658 = VECTOR ( 'NONE', #196, 1000.000000000000000 ) ;
#2659 = ORIENTED_EDGE ( 'NONE', *, *, #3093, .F. ) ;
#2660 = VECTOR ( 'NONE', #223, 1000.000000000000114 ) ;
#2661 = SURFACE_STYLE_FILL_AREA ( #3926 ) ;
#2662 = VERTEX_POINT ( 'NONE', #3438 ) ;
#2663 = FILL_AREA_STYLE_COLOUR ( '', #5541 ) ;
#2664 = DIRECTION ( 'NONE',  ( 0.2732148821745934431, 0.0000000000000000000, -0.9619530280415582446 ) ) ;
#2665 = LINE ( 'NONE', #2344, #1402 ) ;
#2666 = LINE ( 'NONE', #5491, #5762 ) ;
#2667 = MECHANICAL_DESIGN_GEOMETRIC_PRESENTATION_REPRESENTATION (  '', ( #599 ), #3428 ) ;
#2668 = LINE ( 'NONE', #2336, #943 ) ;
#2669 = EDGE_CURVE ( 'NONE', #3204, #1489, #4042, .T. ) ;
#2670 = ORIENTED_EDGE ( 'NONE', *, *, #531, .T. ) ;
#2671 = EDGE_LOOP ( 'NONE', ( #1254, #5174, #4091, #1943 ) ) ;
#2672 = DIRECTION ( 'NONE',  ( -1.000000000000000000, 0.0000000000000000000, 0.0000000000000000000 ) ) ;
#2673 = EDGE_CURVE ( 'NONE', #3900, #2602, #493, .T. ) ;
#2674 = ADVANCED_FACE ( 'NONE', ( #1586 ), #3477, .F. ) ;
#2675 = EDGE_LOOP ( 'NONE', ( #5018, #3471, #2790, #2670 ) ) ;
#2676 = CARTESIAN_POINT ( 'NONE',  ( 2.288640802829406962, 4.000499999999999723, 0.6703702798221368164 ) ) ;
#2677 = VERTEX_POINT ( 'NONE', #2040 ) ;
#2678 = DIRECTION ( 'NONE',  ( 9.825582188149883933E-17, -1.000000000000000000, 0.0000000000000000000 ) ) ;
#2680 = CARTESIAN_POINT ( 'NONE',  ( 5.290000000000002700, -0.05999999999999976186, -2.500000000000001332 ) ) ;
#2679 = SURFACE_SIDE_STYLE ('',( #417 ) ) ;
#2681 = ORIENTED_EDGE ( 'NONE', *, *, #2629, .T. ) ;
#2682 = LINE ( 'NONE', #5430, #561 ) ;
#2683 = VECTOR ( 'NONE', #4767, 1000.000000000000000 ) ;
#2684 = ORIENTED_EDGE ( 'NONE', *, *, #202, .T. ) ;
#2685 = VERTEX_POINT ( 'NONE', #2630 ) ;
#2686 = CARTESIAN_POINT ( 'NONE',  ( 1.577687358616447488, 4.000000000000000000, -0.4151223552751845958 ) ) ;
#2687 = ORIENTED_EDGE ( 'NONE', *, *, #2593, .T. ) ;
#2688 = DIRECTION ( 'NONE',  ( -0.9615454294334567775, 0.0000000000000000000, -0.2746459304916591404 ) ) ;
#2689 = ORIENTED_EDGE ( 'NONE', *, *, #4970, .F. ) ;
#2690 = MECHANICAL_DESIGN_GEOMETRIC_PRESENTATION_REPRESENTATION (  '', ( #1626 ), #2991 ) ;
#2691 = LINE ( 'NONE', #263, #2333 ) ;
#2692 = CARTESIAN_POINT ( 'NONE',  ( 3.603001661137792855, 4.000000000000000000, -5.052504782352355228 ) ) ;
#2693 = AXIS2_PLACEMENT_3D ( 'NONE', #5061, #4607, #3662 ) ;
#2694 =( NAMED_UNIT ( * ) SI_UNIT ( $, .STERADIAN. ) SOLID_ANGLE_UNIT ( ) );
#2695 =( BOUNDED_CURVE ( )  B_SPLINE_CURVE ( 3, ( #4837, #5824, #26, #3906 ),
 .UNSPECIFIED., .F., .T. ) 
 B_SPLINE_CURVE_WITH_KNOTS ( ( 4, 4 ),
 ( 5.498129760120306742, 7.068240854238865722 ),
 .UNSPECIFIED. ) 
 CURVE ( )  GEOMETRIC_REPRESENTATION_ITEM ( )  RATIONAL_B_SPLINE_CURVE ( ( 1.000000000000000000, 0.8048993373437800525, 0.8048993373437800525, 1.000000000000000000 ) ) 
 REPRESENTATION_ITEM ( '' )  );
#2696 = CARTESIAN_POINT ( 'NONE',  ( -5.290000000000001812, 3.009999999999999787, 1.750000000000196065 ) ) ;
#2697 = SURFACE_STYLE_FILL_AREA ( #3010 ) ;
#2698 = FACE_OUTER_BOUND ( 'NONE', #5332, .T. ) ;
#2699 = AXIS2_PLACEMENT_3D ( 'NONE', #1709, #5504, #719 ) ;
#2700 = MECHANICAL_DESIGN_GEOMETRIC_PRESENTATION_REPRESENTATION (  '', ( #306 ), #5299 ) ;
#2701 = LINE ( 'NONE', #3837, #586 ) ;
#2702 = ADVANCED_FACE ( 'NONE', ( #1032 ), #4516, .T. ) ;
#2703 = EDGE_CURVE ( 'NONE', #5523, #802, #1105, .T. ) ;
#2704 = DIRECTION ( 'NONE',  ( 1.000000000000000000, 0.0000000000000000000, 0.0000000000000000000 ) ) ;
#2705 = SURFACE_STYLE_FILL_AREA ( #1900 ) ;
#2706 = STYLED_ITEM ( 'NONE', ( #2429 ), #3951 ) ;
#2707 = FILL_AREA_STYLE_COLOUR ( '', #5229 ) ;
#2708 = EDGE_CURVE ( 'NONE', #32, #25, #3508, .T. ) ;
#2709 = FILL_AREA_STYLE_COLOUR ( '', #4275 ) ;
#2710 = CARTESIAN_POINT ( 'NONE',  ( 5.080000000000003624, 2.950000000000000178, 3.630496878785439030 ) ) ;
#2712 = CARTESIAN_POINT ( 'NONE',  ( 0.09763589896193636264, 4.000499999999999723, -0.6703702798221968795 ) ) ;
#2711 = CARTESIAN_POINT ( 'NONE',  ( 3.631489445471746347, 2.874138832453967840, -3.631489445471750344 ) ) ;
#2713 = VECTOR ( 'NONE', #1019, 1000.000000000000000 ) ;
#2714 = CARTESIAN_POINT ( 'NONE',  ( -5.052504782352354340, 4.000000000000000000, -3.603001661137794631 ) ) ;
#2715 = EDGE_CURVE ( 'NONE', #5945, #5071, #4485, .T. ) ;
#2716 = VECTOR ( 'NONE', #4731, 1000.000000000000000 ) ;
#2717 = EDGE_LOOP ( 'NONE', ( #3331, #4122, #3660, #4674, #4409, #3580, #5231, #4795, #4022, #3122, #1415, #654, #6106, #4156, #4613, #5327 ) ) ;
#2718 = DIRECTION ( 'NONE',  ( 0.2755520632520480628, 0.0000000000000000000, -0.9612861490927345764 ) ) ;
#2719 = PRESENTATION_STYLE_ASSIGNMENT (( #2285 ) ) ;
#2720 = CARTESIAN_POINT ( 'NONE',  ( -3.041767311539076868, 4.000000000000000000, 0.6703702798221691239 ) ) ;
#2721 = VECTOR ( 'NONE', #287, 1000.000000000000114 ) ;
#2722 = ORIENTED_EDGE ( 'NONE', *, *, #4096, .T. ) ;
#2723 =( NAMED_UNIT ( * ) PLANE_ANGLE_UNIT ( ) SI_UNIT ( $, .RADIAN. ) );
#2724 = STYLED_ITEM ( 'NONE', ( #6302 ), #6048 ) ;
#2725 = DIRECTION ( 'NONE',  ( -0.0000000000000000000, 1.000000000000000000, 0.0000000000000000000 ) ) ;
#2726 = ORIENTED_EDGE ( 'NONE', *, *, #189, .F. ) ;
#2727 = UNCERTAINTY_MEASURE_WITH_UNIT (LENGTH_MEASURE( 1.000000000000000082E-05 ), #5880, 'distance_accuracy_value', 'NONE');
#2728 = LINE ( 'NONE', #269, #3638 ) ;
#2729 = CARTESIAN_POINT ( 'NONE',  ( -5.550000000000002487, 3.100000000000000533, 2.050000000000439915 ) ) ;
#2730 = FACE_OUTER_BOUND ( 'NONE', #4934, .T. ) ;
#2731 = SURFACE_STYLE_USAGE ( .BOTH. , #862 ) ;
#2732 = ORIENTED_EDGE ( 'NONE', *, *, #5114, .T. ) ;
#2733 =( NAMED_UNIT ( * ) SI_UNIT ( $, .STERADIAN. ) SOLID_ANGLE_UNIT ( ) );
#2734 = FACE_OUTER_BOUND ( 'NONE', #5010, .T. ) ;
#2735 = SURFACE_STYLE_USAGE ( .BOTH. , #1293 ) ;
#2736 = VERTEX_POINT ( 'NONE', #3326 ) ;
#2737 = MECHANICAL_DESIGN_GEOMETRIC_PRESENTATION_REPRESENTATION (  '', ( #5784 ), #3584 ) ;
#2738 =( NAMED_UNIT ( * ) PLANE_ANGLE_UNIT ( ) SI_UNIT ( $, .RADIAN. ) );
#2739 = PRESENTATION_LAYER_ASSIGNMENT (  '', '', ( #1217 ) ) ;
#2740 = DIRECTION ( 'NONE',  ( 0.02617694830787321153, -0.9996573249755573709, -0.0000000000000000000 ) ) ;
#2741 = LINE ( 'NONE', #4877, #315 ) ;
#2742 = ORIENTED_EDGE ( 'NONE', *, *, #6285, .F. ) ;
#2743 = DIRECTION ( 'NONE',  ( 2.620428211445327965E-16, -1.000000000000000000, 0.0000000000000000000 ) ) ;
#2744 = LINE ( 'NONE', #2891, #5540 ) ;
#2745 =( NAMED_UNIT ( * ) SI_UNIT ( $, .STERADIAN. ) SOLID_ANGLE_UNIT ( ) );
#2746 = CARTESIAN_POINT ( 'NONE',  ( -5.078952563137232090, 2.989999999999999769, -3.299999999999999822 ) ) ;
#2747 =( GEOMETRIC_REPRESENTATION_CONTEXT ( 3 ) GLOBAL_UNCERTAINTY_ASSIGNED_CONTEXT ( ( #4021 ) ) GLOBAL_UNIT_ASSIGNED_CONTEXT ( ( #2607, #1178, #5987 ) ) REPRESENTATION_CONTEXT ( 'NONE', 'WORKASPACE' ) );
#2748 =( GEOMETRIC_REPRESENTATION_CONTEXT ( 3 ) GLOBAL_UNCERTAINTY_ASSIGNED_CONTEXT ( ( #3697 ) ) GLOBAL_UNIT_ASSIGNED_CONTEXT ( ( #5739, #2343, #1858 ) ) REPRESENTATION_CONTEXT ( 'NONE', 'WORKASPACE' ) );
#2749 = VECTOR ( 'NONE', #578, 1000.000000000000114 ) ;
#2750 = ORIENTED_EDGE ( 'NONE', *, *, #3603, .F. ) ;
#2751 = ORIENTED_EDGE ( 'NONE', *, *, #3806, .F. ) ;
#2752 = PLANE ( 'NONE',  #1371 ) ;
#2753 = PLANE ( 'NONE',  #3343 ) ;
#2754 = PRESENTATION_LAYER_ASSIGNMENT (  '', '', ( #707 ) ) ;
#2755 = EDGE_CURVE ( 'NONE', #4534, #806, #329, .T. ) ;
#2756 = ORIENTED_EDGE ( 'NONE', *, *, #5556, .F. ) ;
#2757 = CYLINDRICAL_SURFACE ( 'NONE', #103, 1.449999999999999956 ) ;
#2758 = DIRECTION ( 'NONE',  ( 0.0000000000000000000, 1.000000000000000000, 2.319149032054553916E-16 ) ) ;
#2759 = CARTESIAN_POINT ( 'NONE',  ( -5.550000000000002487, 1.810000000000000497, 2.499999999999999112 ) ) ;
#2760 = VERTEX_POINT ( 'NONE', #1395 ) ;
#2761 = EDGE_CURVE ( 'NONE', #1784, #1645, #4268, .T. ) ;
#2762 = CARTESIAN_POINT ( 'NONE',  ( -3.550000000000003375, -0.05999999999999976186, -2.500000000000001332 ) ) ;
#2763 = DIRECTION ( 'NONE',  ( 9.825582188149883933E-17, -1.000000000000000000, 0.0000000000000000000 ) ) ;
#2764 = MECHANICAL_DESIGN_GEOMETRIC_PRESENTATION_REPRESENTATION (  '', ( #2389 ), #6229 ) ;
#2765 = FILL_AREA_STYLE_COLOUR ( '', #3546 ) ;
#2766 = DIRECTION ( 'NONE',  ( 0.6246950475544239545, 0.7808688094430306093, 0.0000000000000000000 ) ) ;
#2767 = VECTOR ( 'NONE', #668, 1000.000000000000000 ) ;
#2768 = DIRECTION ( 'NONE',  ( 0.0000000000000000000, -0.0000000000000000000, 1.000000000000000000 ) ) ;
#2769 = PRESENTATION_LAYER_ASSIGNMENT (  '', '', ( #838 ) ) ;
#2770 = VECTOR ( 'NONE', #4824, 1000.000000000000000 ) ;
#2771 = CARTESIAN_POINT ( 'NONE',  ( 0.0000000000000000000, 0.0000000000000000000, 3.299999999999999822 ) ) ;
#2772 = LINE ( 'NONE', #6137, #5506 ) ;
#2773 = PRESENTATION_STYLE_ASSIGNMENT (( #2572 ) ) ;
#2774 = CARTESIAN_POINT ( 'NONE',  ( 5.080000000000005400, 2.950000000000000178, 5.079999999999997407 ) ) ;
#2775 = PRESENTATION_STYLE_ASSIGNMENT (( #4172 ) ) ;
#2776 = SURFACE_SIDE_STYLE ('',( #5076 ) ) ;
#2777 = LINE ( 'NONE', #3050, #691 ) ;
#2778 = STYLED_ITEM ( 'NONE', ( #5829 ), #3981 ) ;
#2779 =( NAMED_UNIT ( * ) PLANE_ANGLE_UNIT ( ) SI_UNIT ( $, .RADIAN. ) );
#2780 = EDGE_LOOP ( 'NONE', ( #393, #1190, #5620, #4864, #380, #3566, #5152, #1497, #1554, #5862, #5531, #2952, #4704, #4708, #4109, #311, #2594, #6178, #171, #3399 ) ) ;
#2781 = DIRECTION ( 'NONE',  ( 0.2746459304916591404, 0.0000000000000000000, -0.9615454294334566665 ) ) ;
#2782 = ORIENTED_EDGE ( 'NONE', *, *, #1144, .F. ) ;
#2783 = EDGE_CURVE ( 'NONE', #1185, #4330, #5559, .T. ) ;
#2784 = VECTOR ( 'NONE', #805, 1000.000000000000000 ) ;
#2785 = CARTESIAN_POINT ( 'NONE',  ( -5.051998571447401609, 0.1999999999999998168, -4.430828269187576218 ) ) ;
#2786 = VECTOR ( 'NONE', #1792, 1000.000000000000000 ) ;
#2787 = FILL_AREA_STYLE ('',( #343 ) ) ;
#2789 = DIRECTION ( 'NONE',  ( 1.000000000000000000, 0.0000000000000000000, 0.0000000000000000000 ) ) ;
#2788 = CARTESIAN_POINT ( 'NONE',  ( 5.290000000000001812, 2.360000000000000320, -3.299999999999999822 ) ) ;
#2790 = ORIENTED_EDGE ( 'NONE', *, *, #1828, .F. ) ;
#2791 = DIRECTION ( 'NONE',  ( 1.000000000000000000, 0.0000000000000000000, -1.368367961097566789E-14 ) ) ;
#2792 = COLOUR_RGB ( '',1.000000000000000000, 1.000000000000000000, 1.000000000000000000 ) ;
#2793 = ORIENTED_EDGE ( 'NONE', *, *, #5755, .T. ) ;
#2794 = LINE ( 'NONE', #5911, #6311 ) ;
#2795 = AXIS2_PLACEMENT_3D ( 'NONE', #651, #1529, #5371 ) ;
#2796 = ORIENTED_EDGE ( 'NONE', *, *, #2469, .T. ) ;
#2797 = DIRECTION ( 'NONE',  ( -0.3829140317376869551, 0.0000000000000000000, -0.9237839814038721897 ) ) ;
#2798 = ORIENTED_EDGE ( 'NONE', *, *, #5957, .T. ) ;
#2799 = VECTOR ( 'NONE', #6115, 1000.000000000000000 ) ;
#2800 = UNCERTAINTY_MEASURE_WITH_UNIT (LENGTH_MEASURE( 1.000000000000000082E-05 ), #2403, 'distance_accuracy_value', 'NONE');
#2801 = ORIENTED_EDGE ( 'NONE', *, *, #3257, .T. ) ;
#2802 =( LENGTH_UNIT ( ) NAMED_UNIT ( * ) SI_UNIT ( .MILLI., .METRE. ) );
#2803 = ORIENTED_EDGE ( 'NONE', *, *, #746, .T. ) ;
#2804 = STYLED_ITEM ( 'NONE', ( #4587 ), #659 ) ;
#2805 = PLANE ( 'NONE',  #4801 ) ;
#2806 = VECTOR ( 'NONE', #64, 1000.000000000000000 ) ;
#2807 = CARTESIAN_POINT ( 'NONE',  ( 5.550000000000002487, 1.810000000000000497, 2.499999999999999112 ) ) ;
#2808 = FILL_AREA_STYLE_COLOUR ( '', #2567 ) ;
#2809 = LINE ( 'NONE', #2057, #1161 ) ;
#2810 = SURFACE_STYLE_FILL_AREA ( #5224 ) ;
#2811 = EDGE_LOOP ( 'NONE', ( #4227, #5867, #4938, #5557 ) ) ;
#2812 = VERTEX_POINT ( 'NONE', #4239 ) ;
#2813 =( LENGTH_UNIT ( ) NAMED_UNIT ( * ) SI_UNIT ( .MILLI., .METRE. ) );
#2814 = CARTESIAN_POINT ( 'NONE',  ( -5.290000000000001812, 3.009999999999999787, 0.1500000000001489586 ) ) ;
#2815 =( GEOMETRIC_REPRESENTATION_CONTEXT ( 3 ) GLOBAL_UNCERTAINTY_ASSIGNED_CONTEXT ( ( #3058 ) ) GLOBAL_UNIT_ASSIGNED_CONTEXT ( ( #4199, #3696, #6185 ) ) REPRESENTATION_CONTEXT ( 'NONE', 'WORKASPACE' ) );
#2817 =( NAMED_UNIT ( * ) SI_UNIT ( $, .STERADIAN. ) SOLID_ANGLE_UNIT ( ) );
#2816 = CARTESIAN_POINT ( 'NONE',  ( 3.348608875873376967, 4.000499999999999723, -0.4114690611629768791 ) ) ;
#2818 = AXIS2_PLACEMENT_3D ( 'NONE', #462, #5235, #5803 ) ;
#2819 = AXIS2_PLACEMENT_3D ( 'NONE', #2832, #1978, #4288 ) ;
#2820 = DIRECTION ( 'NONE',  ( -9.390727478220907155E-16, 0.0000000000000000000, -1.000000000000000000 ) ) ;
#2821 = EDGE_CURVE ( 'NONE', #947, #3355, #730, .T. ) ;
#2822 = ORIENTED_EDGE ( 'NONE', *, *, #4862, .T. ) ;
#2823 = VERTEX_POINT ( 'NONE', #1370 ) ;
#2824 = SURFACE_SIDE_STYLE ('',( #4434 ) ) ;
#2826 = DIRECTION ( 'NONE',  ( 0.0000000000000000000, 0.0000000000000000000, 1.000000000000000000 ) ) ;
#2825 =( LENGTH_UNIT ( ) NAMED_UNIT ( * ) SI_UNIT ( .MILLI., .METRE. ) );
#2827 = ORIENTED_EDGE ( 'NONE', *, *, #3590, .F. ) ;
#2828 = STYLED_ITEM ( 'NONE', ( #5680 ), #3552 ) ;
#2829 = ORIENTED_EDGE ( 'NONE', *, *, #189, .T. ) ;
#2830 = LINE ( 'NONE', #5734, #2107 ) ;
#2831 = FACE_OUTER_BOUND ( 'NONE', #817, .T. ) ;
#2832 = CARTESIAN_POINT ( 'NONE',  ( 0.7237001719797963029, 4.000499999999999723, 0.6703702798221459203 ) ) ;
#2833 = CARTESIAN_POINT ( 'NONE',  ( -1.362971585749472636, 4.000000000000000000, -0.1657896664456280922 ) ) ;
#2834 = CARTESIAN_POINT ( 'NONE',  ( -3.550000000000002487, 2.989999999999999769, 3.299999999999999822 ) ) ;
#2835 = DIRECTION ( 'NONE',  ( 1.000000000000000000, -0.0000000000000000000, -0.0000000000000000000 ) ) ;
#2837 = CARTESIAN_POINT ( 'NONE',  ( 0.09763589896193636264, 4.000499999999999723, -0.6703702798221968795 ) ) ;
#2836 = SURFACE_SIDE_STYLE ('',( #5579 ) ) ;
#2838 = SURFACE_SIDE_STYLE ('',( #1071 ) ) ;
#2839 = UNCERTAINTY_MEASURE_WITH_UNIT (LENGTH_MEASURE( 1.000000000000000082E-05 ), #6075, 'distance_accuracy_value', 'NONE');
#2840 = LINE ( 'NONE', #5527, #2191 ) ;
#2842 = PLANE ( 'NONE',  #3112 ) ;
#2841 = SURFACE_SIDE_STYLE ('',( #1478 ) ) ;
#2843 = VECTOR ( 'NONE', #5420, 1000.000000000000227 ) ;
#2844 =( GEOMETRIC_REPRESENTATION_CONTEXT ( 3 ) GLOBAL_UNCERTAINTY_ASSIGNED_CONTEXT ( ( #2495 ) ) GLOBAL_UNIT_ASSIGNED_CONTEXT ( ( #5195, #3221, #6111 ) ) REPRESENTATION_CONTEXT ( 'NONE', 'WORKASPACE' ) );
#2845 =( LENGTH_UNIT ( ) NAMED_UNIT ( * ) SI_UNIT ( .MILLI., .METRE. ) );
#2846 = CARTESIAN_POINT ( 'NONE',  ( -3.600228457265413073, 2.950000000000000178, 5.099999999999998757 ) ) ;
#2847 =( GEOMETRIC_REPRESENTATION_CONTEXT ( 3 ) GLOBAL_UNCERTAINTY_ASSIGNED_CONTEXT ( ( #3136 ) ) GLOBAL_UNIT_ASSIGNED_CONTEXT ( ( #4334, #2340, #1919 ) ) REPRESENTATION_CONTEXT ( 'NONE', 'WORKASPACE' ) );
#2848 = DIRECTION ( 'NONE',  ( -0.0000000000000000000, -1.000000000000000000, 0.0000000000000000000 ) ) ;
#2850 = FILL_AREA_STYLE ('',( #5282 ) ) ;
#2849 = DIRECTION ( 'NONE',  ( 0.0000000000000000000, 0.0000000000000000000, -1.000000000000000000 ) ) ;
#2851 =( LENGTH_UNIT ( ) NAMED_UNIT ( * ) SI_UNIT ( .MILLI., .METRE. ) );
#2852 = VECTOR ( 'NONE', #1730, 1000.000000000000000 ) ;
#2853 = VECTOR ( 'NONE', #299, 1000.000000000000000 ) ;
#2854 = STYLED_ITEM ( 'NONE', ( #1307 ), #2981 ) ;
#2855 = PLANE ( 'NONE',  #2205 ) ;
#2856 = VECTOR ( 'NONE', #1563, 1000.000000000000000 ) ;
#2857 =( LENGTH_UNIT ( ) NAMED_UNIT ( * ) SI_UNIT ( .MILLI., .METRE. ) );
#2858 = LINE ( 'NONE', #1835, #2276 ) ;
#2859 = PRESENTATION_LAYER_ASSIGNMENT (  '', '', ( #567 ) ) ;
#2860 = SURFACE_STYLE_FILL_AREA ( #1495 ) ;
#2861 = EDGE_CURVE ( 'NONE', #339, #2022, #1422, .T. ) ;
#2862 = SURFACE_STYLE_FILL_AREA ( #2787 ) ;
#2863 = CARTESIAN_POINT ( 'NONE',  ( 5.550000000000002487, 0.1999999999999996780, -2.500000000000001332 ) ) ;
#2864 = LINE ( 'NONE', #5638, #1379 ) ;
#2865 =( NAMED_UNIT ( * ) SI_UNIT ( $, .STERADIAN. ) SOLID_ANGLE_UNIT ( ) );
#2866 = ORIENTED_EDGE ( 'NONE', *, *, #2244, .F. ) ;
#2867 = FACE_OUTER_BOUND ( 'NONE', #2675, .T. ) ;
#2868 = DIRECTION ( 'NONE',  ( 1.000000000000000000, 0.0000000000000000000, -1.652012068047733243E-14 ) ) ;
#2869 = PLANE ( 'NONE',  #4093 ) ;
#2870 = EDGE_CURVE ( 'NONE', #4779, #4694, #4863, .T. ) ;
#2871 = ORIENTED_EDGE ( 'NONE', *, *, #283, .T. ) ;
#2872 = LINE ( 'NONE', #5835, #6233 ) ;
#2873 =( BOUNDED_CURVE ( )  B_SPLINE_CURVE ( 3, ( #4517, #5101, #250, #3630 ),
 .UNSPECIFIED., .F., .F. ) 
 B_SPLINE_CURVE_WITH_KNOTS ( ( 4, 4 ),
 ( 2.356346783439948300, 3.926838523739684561 ),
 .UNSPECIFIED. ) 
 CURVE ( )  GEOMETRIC_REPRESENTATION_ITEM ( )  RATIONAL_B_SPLINE_CURVE ( ( 1.000000000000000000, 0.8048096403827852408, 0.8048096403827852408, 1.000000000000000000 ) ) 
 REPRESENTATION_ITEM ( '' )  );
#2874 = AXIS2_PLACEMENT_3D ( 'NONE', #5306, #1502, #1419 ) ;
#2876 = DIRECTION ( 'NONE',  ( 0.0000000000000000000, 1.000000000000000000, 0.0000000000000000000 ) ) ;
#2875 = CARTESIAN_POINT ( 'NONE',  ( 3.550000000000002487, 3.250000000000000000, 3.299999999999999822 ) ) ;
#2877 = VECTOR ( 'NONE', #2292, 1000.000000000000000 ) ;
#2878 = FILL_AREA_STYLE_COLOUR ( '', #527 ) ;
#2879 = ORIENTED_EDGE ( 'NONE', *, *, #5285, .T. ) ;
#2880 = ORIENTED_EDGE ( 'NONE', *, *, #5722, .F. ) ;
#2881 = STYLED_ITEM ( 'NONE', ( #3141 ), #5054 ) ;
#2882 = LINE ( 'NONE', #3233, #2239 ) ;
#2883 = EDGE_LOOP ( 'NONE', ( #4262, #3087, #2613, #2156 ) ) ;
#2884 = ADVANCED_FACE ( 'NONE', ( #2831 ), #6256, .F. ) ;
#2885 = CARTESIAN_POINT ( 'NONE',  ( -0.4733380716925774112, 4.000000000000000000, -0.6703702798221874426 ) ) ;
#2886 = VERTEX_POINT ( 'NONE', #3929 ) ;
#2887 = FACE_OUTER_BOUND ( 'NONE', #3804, .T. ) ;
#2888 = DIRECTION ( 'NONE',  ( 2.620428211445328459E-16, 1.000000000000000000, 2.319149032054553916E-16 ) ) ;
#2889 = ORIENTED_EDGE ( 'NONE', *, *, #602, .T. ) ;
#2890 = SURFACE_SIDE_STYLE ('',( #3865 ) ) ;
#2892 =( NAMED_UNIT ( * ) PLANE_ANGLE_UNIT ( ) SI_UNIT ( $, .RADIAN. ) );
#2891 = CARTESIAN_POINT ( 'NONE',  ( 1.577687358616447488, 4.000499999999999723, -0.4151223552751845958 ) ) ;
#2893 = SURFACE_SIDE_STYLE ('',( #2574 ) ) ;
#2894 = EDGE_CURVE ( 'NONE', #2305, #5523, #4710, .T. ) ;
#2895 = FACE_OUTER_BOUND ( 'NONE', #2072, .T. ) ;
#2896 = LINE ( 'NONE', #3654, #2965 ) ;
#2897 = ORIENTED_EDGE ( 'NONE', *, *, #1668, .F. ) ;
#2898 = CARTESIAN_POINT ( 'NONE',  ( -1.983374227675258394, 4.000499999999999723, 0.6703702798221600201 ) ) ;
#2900 = DIRECTION ( 'NONE',  ( -0.9611638845408927434, 0.0000000000000000000, -0.2759782365590837672 ) ) ;
#2899 = DIRECTION ( 'NONE',  ( 0.05596501978067826288, 0.0000000000000000000, -0.9984327301130248022 ) ) ;
#2901 = EDGE_LOOP ( 'NONE', ( #5181, #4762, #1315, #3729 ) ) ;
#2902 = CYLINDRICAL_SURFACE ( 'NONE', #1885, 1.500000000000000222 ) ;
#2903 = STYLED_ITEM ( 'NONE', ( #4082 ), #4013 ) ;
#2904 = EDGE_CURVE ( 'NONE', #4269, #4339, #5787, .T. ) ;
#2905 = FILL_AREA_STYLE ('',( #40 ) ) ;
#2906 = VERTEX_POINT ( 'NONE', #5913 ) ;
#2908 = DIRECTION ( 'NONE',  ( 0.0000000000000000000, 0.0000000000000000000, 1.000000000000000000 ) ) ;
#2907 =( LENGTH_UNIT ( ) NAMED_UNIT ( * ) SI_UNIT ( .MILLI., .METRE. ) );
#2909 = EDGE_CURVE ( 'NONE', #4030, #11, #3896, .T. ) ;
#2910 = FILL_AREA_STYLE ('',( #3375 ) ) ;
#2911 = UNCERTAINTY_MEASURE_WITH_UNIT (LENGTH_MEASURE( 1.000000000000000082E-05 ), #3066, 'distance_accuracy_value', 'NONE');
#2912 = DIRECTION ( 'NONE',  ( -1.000000000000000000, 0.0000000000000000000, 0.0000000000000000000 ) ) ;
#2913 = CARTESIAN_POINT ( 'NONE',  ( 5.550000000000002487, 0.1999999999999996780, 3.299999999999999822 ) ) ;
#2914 = ADVANCED_FACE ( 'NONE', ( #5705 ), #3445, .F. ) ;
#2915 =( LENGTH_UNIT ( ) NAMED_UNIT ( * ) SI_UNIT ( .MILLI., .METRE. ) );
#2916 = CARTESIAN_POINT ( 'NONE',  ( -2.655952074102052141, 4.000499999999999723, -0.6703702798221230497 ) ) ;
#2917 = STYLED_ITEM ( 'NONE', ( #4899 ), #4353 ) ;
#2918 = MECHANICAL_DESIGN_GEOMETRIC_PRESENTATION_REPRESENTATION (  '', ( #1129 ), #5000 ) ;
#2919 = SURFACE_SIDE_STYLE ('',( #335 ) ) ;
#2920 = PLANE ( 'NONE',  #2002 ) ;
#2921 = PRESENTATION_LAYER_ASSIGNMENT (  '', '', ( #5219 ) ) ;
#2922 = EDGE_CURVE ( 'NONE', #3413, #3973, #1252, .T. ) ;
#2923 = CARTESIAN_POINT ( 'NONE',  ( 5.550000000000002487, 2.360000000000001208, -3.300000000000001599 ) ) ;
#2924 = DIRECTION ( 'NONE',  ( 0.9999960426590095430, 0.0000000000000000000, 0.002813301676019472428 ) ) ;
#2925 = ORIENTED_EDGE ( 'NONE', *, *, #2636, .T. ) ;
#2926 = ORIENTED_EDGE ( 'NONE', *, *, #3084, .T. ) ;
#2927 = FILL_AREA_STYLE_COLOUR ( '', #5513 ) ;
#2928 = FACE_OUTER_BOUND ( 'NONE', #2516, .T. ) ;
#2929 = LINE ( 'NONE', #4482, #4086 ) ;
#2930 = CIRCLE ( 'NONE', #4150, 0.1500000000001500133 ) ;
#2931 = AXIS2_PLACEMENT_3D ( 'NONE', #4297, #1440, #456 ) ;
#2932 = ORIENTED_EDGE ( 'NONE', *, *, #4521, .F. ) ;
#2933 = CARTESIAN_POINT ( 'NONE',  ( -1.808813678643536482, 4.000499999999999723, -0.6703702798220952941 ) ) ;
#2934 = VERTEX_POINT ( 'NONE', #155 ) ;
#2935 = EDGE_CURVE ( 'NONE', #2760, #5839, #6247, .T. ) ;
#2937 = DIRECTION ( 'NONE',  ( -1.000000000000000000, 0.0000000000000000000, 0.0000000000000000000 ) ) ;
#2936 =( NAMED_UNIT ( * ) SI_UNIT ( $, .STERADIAN. ) SOLID_ANGLE_UNIT ( ) );
#2938 = FACE_OUTER_BOUND ( 'NONE', #3972, .T. ) ;
#2939 = ORIENTED_EDGE ( 'NONE', *, *, #4284, .F. ) ;
#2940 = ORIENTED_EDGE ( 'NONE', *, *, #2708, .T. ) ;
#2941 =( LENGTH_UNIT ( ) NAMED_UNIT ( * ) SI_UNIT ( .MILLI., .METRE. ) );
#2942 = ADVANCED_FACE ( 'NONE', ( #2527 ), #3495, .T. ) ;
#2943 = UNCERTAINTY_MEASURE_WITH_UNIT (LENGTH_MEASURE( 1.000000000000000082E-05 ), #5084, 'distance_accuracy_value', 'NONE');
#2944 = DIRECTION ( 'NONE',  ( -1.000000000000000000, 0.0000000000000000000, 1.849886331845575074E-14 ) ) ;
#2945 = PRESENTATION_STYLE_ASSIGNMENT (( #1041 ) ) ;
#2946 = ORIENTED_EDGE ( 'NONE', *, *, #2861, .T. ) ;
#2947 =( NAMED_UNIT ( * ) PLANE_ANGLE_UNIT ( ) SI_UNIT ( $, .RADIAN. ) );
#2948 = VECTOR ( 'NONE', #5120, 999.9999999999998863 ) ;
#2949 = CARTESIAN_POINT ( 'NONE',  ( 3.624532249322752087, 3.177780009457925381, 5.074035370537304246 ) ) ;
#2950 = VECTOR ( 'NONE', #5373, 1000.000000000000000 ) ;
#2951 = FACE_OUTER_BOUND ( 'NONE', #3867, .T. ) ;
#2952 = ORIENTED_EDGE ( 'NONE', *, *, #4493, .T. ) ;
#2953 = ORIENTED_EDGE ( 'NONE', *, *, #411, .T. ) ;
#2954 = MECHANICAL_DESIGN_GEOMETRIC_PRESENTATION_REPRESENTATION (  '', ( #919 ), #2844 ) ;
#2955 = ORIENTED_EDGE ( 'NONE', *, *, #4132, .F. ) ;
#2956 = PLANE ( 'NONE',  #208 ) ;
#2958 = CARTESIAN_POINT ( 'NONE',  ( -3.550000000000002487, 3.250000000000000000, -3.299999999999999822 ) ) ;
#2957 =( NAMED_UNIT ( * ) SI_UNIT ( $, .STERADIAN. ) SOLID_ANGLE_UNIT ( ) );
#2959 = ORIENTED_EDGE ( 'NONE', *, *, #5877, .F. ) ;
#2960 = ORIENTED_EDGE ( 'NONE', *, *, #4518, .T. ) ;
#2961 = MECHANICAL_DESIGN_GEOMETRIC_PRESENTATION_REPRESENTATION (  '', ( #2881 ), #1260 ) ;
#2962 = CARTESIAN_POINT ( 'NONE',  ( 5.550000000000002487, -0.06000000000000037248, 2.499999999999998668 ) ) ;
#2964 =( NAMED_UNIT ( * ) SI_UNIT ( $, .STERADIAN. ) SOLID_ANGLE_UNIT ( ) );
#2963 = CARTESIAN_POINT ( 'NONE',  ( -5.100000000000000533, 2.950000000000000178, -3.600228457265412185 ) ) ;
#2965 = VECTOR ( 'NONE', #4600, 1000.000000000000000 ) ;
#2966 = VERTEX_POINT ( 'NONE', #3020 ) ;
#2967 = CARTESIAN_POINT ( 'NONE',  ( -5.290000000000001812, 3.250000000000001332, -2.500000000000001332 ) ) ;
#2968 = VERTEX_POINT ( 'NONE', #3521 ) ;
#2969 = SURFACE_SIDE_STYLE ('',( #1832 ) ) ;
#2970 = SURFACE_STYLE_FILL_AREA ( #1285 ) ;
#2971 = CARTESIAN_POINT ( 'NONE',  ( -2.655952074102052141, 4.000000000000000000, -0.6703702798221230497 ) ) ;
#2972 =( GEOMETRIC_REPRESENTATION_CONTEXT ( 3 ) GLOBAL_UNCERTAINTY_ASSIGNED_CONTEXT ( ( #2839 ) ) GLOBAL_UNIT_ASSIGNED_CONTEXT ( ( #6075, #5032, #726 ) ) REPRESENTATION_CONTEXT ( 'NONE', 'WORKASPACE' ) );
#2973 = LINE ( 'NONE', #3055, #1742 ) ;
#2974 = EDGE_CURVE ( 'NONE', #4080, #2243, #5488, .T. ) ;
#2975 = ADVANCED_FACE ( 'NONE', ( #1966 ), #1127, .F. ) ;
#2976 = ORIENTED_EDGE ( 'NONE', *, *, #3008, .F. ) ;
#2977 = SURFACE_SIDE_STYLE ('',( #2661 ) ) ;
#2978 = DIRECTION ( 'NONE',  ( -0.2759782365590837117, 0.0000000000000000000, 0.9611638845408926324 ) ) ;
#2979 = EDGE_CURVE ( 'NONE', #2387, #1399, #4679, .T. ) ;
#2980 = LINE ( 'NONE', #2086, #3441 ) ;
#2981 = ADVANCED_FACE ( 'NONE', ( #3011 ), #1171, .F. ) ;
#2982 = CARTESIAN_POINT ( 'NONE',  ( -2.655952074102052141, 4.000499999999999723, -0.6703702798221230497 ) ) ;
#2983 = PLANE ( 'NONE',  #229 ) ;
#2984 = CARTESIAN_POINT ( 'NONE',  ( 1.270698448461881069, 4.000000000000000000, -0.6703702798222154202 ) ) ;
#2985 = UNCERTAINTY_MEASURE_WITH_UNIT (LENGTH_MEASURE( 1.000000000000000082E-05 ), #266, 'distance_accuracy_value', 'NONE');
#2986 = EDGE_CURVE ( 'NONE', #5798, #1620, #6266, .T. ) ;
#2987 = CARTESIAN_POINT ( 'NONE',  ( 0.0000000000000000000, 0.0000000000000000000, 0.0000000000000000000 ) ) ;
#2988 = FILL_AREA_STYLE_COLOUR ( '', #4456 ) ;
#2989 =( LENGTH_UNIT ( ) NAMED_UNIT ( * ) SI_UNIT ( .MILLI., .METRE. ) );
#2990 = LINE ( 'NONE', #819, #1761 ) ;
#2991 =( GEOMETRIC_REPRESENTATION_CONTEXT ( 3 ) GLOBAL_UNCERTAINTY_ASSIGNED_CONTEXT ( ( #6088 ) ) GLOBAL_UNIT_ASSIGNED_CONTEXT ( ( #3325, #942, #1933 ) ) REPRESENTATION_CONTEXT ( 'NONE', 'WORKASPACE' ) );
#2992 = CARTESIAN_POINT ( 'NONE',  ( -5.550000000000002487, 3.009999999999999787, -0.1500000000001506795 ) ) ;
#2994 = CARTESIAN_POINT ( 'NONE',  ( -1.433685354663999600, 4.000499999999999723, 0.08206727095333087030 ) ) ;
#2993 = FILL_AREA_STYLE ('',( #1593 ) ) ;
#2995 =( GEOMETRIC_REPRESENTATION_CONTEXT ( 3 ) GLOBAL_UNCERTAINTY_ASSIGNED_CONTEXT ( ( #3300 ) ) GLOBAL_UNIT_ASSIGNED_CONTEXT ( ( #1982, #3400, #4421 ) ) REPRESENTATION_CONTEXT ( 'NONE', 'WORKASPACE' ) );
#2996 = LINE ( 'NONE', #4225, #1766 ) ;
#2997 = DIRECTION ( 'NONE',  ( 0.9999891854650020395, 0.0000000000000000000, 0.004650693823689862859 ) ) ;
#2998 =( NAMED_UNIT ( * ) PLANE_ANGLE_UNIT ( ) SI_UNIT ( $, .RADIAN. ) );
#2999 = ADVANCED_FACE ( 'NONE', ( #657 ), #3103, .F. ) ;
#3000 = CARTESIAN_POINT ( 'NONE',  ( 3.423012609376344884, 4.000499999999999723, -0.6703702798221505832 ) ) ;
#3001 = LINE ( 'NONE', #5151, #3159 ) ;
#3002 =( GEOMETRIC_REPRESENTATION_CONTEXT ( 3 ) GLOBAL_UNCERTAINTY_ASSIGNED_CONTEXT ( ( #921 ) ) GLOBAL_UNIT_ASSIGNED_CONTEXT ( ( #2941, #52, #3418 ) ) REPRESENTATION_CONTEXT ( 'NONE', 'WORKASPACE' ) );
#3003 = STYLED_ITEM ( 'NONE', ( #1131 ), #2485 ) ;
#3004 = EDGE_LOOP ( 'NONE', ( #1236, #76, #1817, #850 ) ) ;
#3005 = COLOUR_RGB ( '',1.000000000000000000, 1.000000000000000000, 1.000000000000000000 ) ;
#3006 = DIRECTION ( 'NONE',  ( -0.9999891854650020395, 0.0000000000000000000, -0.004650693823689861991 ) ) ;
#3007 = VECTOR ( 'NONE', #1857, 1000.000000000000000 ) ;
#3008 = EDGE_CURVE ( 'NONE', #1399, #3504, #2973, .T. ) ;
#3009 = LINE ( 'NONE', #5660, #2139 ) ;
#3010 = FILL_AREA_STYLE ('',( #3987 ) ) ;
#3011 = FACE_OUTER_BOUND ( 'NONE', #5773, .T. ) ;
#3012 = DIRECTION ( 'NONE',  ( -0.2760118818968555487, 0.0000000000000000000, 0.9611542233438691296 ) ) ;
#3013 = ADVANCED_FACE ( 'NONE', ( #5413 ), #3645, .F. ) ;
#3014 = CARTESIAN_POINT ( 'NONE',  ( -5.051998571447401609, 0.1999999999999995115, -2.500000000000001332 ) ) ;
#3015 = EDGE_LOOP ( 'NONE', ( #403, #3941, #637, #1336 ) ) ;
#3016 = PRESENTATION_LAYER_ASSIGNMENT (  '', '', ( #3135 ) ) ;
#3017 = ORIENTED_EDGE ( 'NONE', *, *, #2352, .T. ) ;
#3018 = DIRECTION ( 'NONE',  ( -2.620428211445327965E-16, -1.000000000000000000, 0.0000000000000000000 ) ) ;
#3019 = EDGE_CURVE ( 'NONE', #2968, #1018, #4822, .T. ) ;
#3020 = CARTESIAN_POINT ( 'NONE',  ( 1.577687358616447488, 4.000499999999999723, -0.4151223552751845958 ) ) ;
#3021 = LINE ( 'NONE', #2402, #1949 ) ;
#3022 = VERTEX_POINT ( 'NONE', #2212 ) ;
#3023 = UNCERTAINTY_MEASURE_WITH_UNIT (LENGTH_MEASURE( 1.000000000000000082E-05 ), #2076, 'distance_accuracy_value', 'NONE');
#3024 = EDGE_CURVE ( 'NONE', #1241, #2934, #3538, .T. ) ;
#3025 = ORIENTED_EDGE ( 'NONE', *, *, #39, .F. ) ;
#3026 = ORIENTED_EDGE ( 'NONE', *, *, #2469, .F. ) ;
#3027 = DIRECTION ( 'NONE',  ( -1.368367961097566789E-14, 0.0000000000000000000, -1.000000000000000000 ) ) ;
#3028 = VERTEX_POINT ( 'NONE', #5492 ) ;
#3029 = LINE ( 'NONE', #1652, #1720 ) ;
#3030 = VECTOR ( 'NONE', #2718, 1000.000000000000227 ) ;
#3031 = ORIENTED_EDGE ( 'NONE', *, *, #3346, .F. ) ;
#3032 = ORIENTED_EDGE ( 'NONE', *, *, #440, .T. ) ;
#3033 = EDGE_LOOP ( 'NONE', ( #1656, #949, #1164, #251 ) ) ;
#3034 = FILL_AREA_STYLE ('',( #5929 ) ) ;
#3035 =( LENGTH_UNIT ( ) NAMED_UNIT ( * ) SI_UNIT ( .MILLI., .METRE. ) );
#3036 = ADVANCED_FACE ( 'NONE', ( #990 ), #3734, .T. ) ;
#3037 = ORIENTED_EDGE ( 'NONE', *, *, #4252, .T. ) ;
#3038 =( LENGTH_UNIT ( ) NAMED_UNIT ( * ) SI_UNIT ( .MILLI., .METRE. ) );
#3039 = CARTESIAN_POINT ( 'NONE',  ( 3.603001661137799516, 4.000000000000000000, 5.052504782352351675 ) ) ;
#3040 = LINE ( 'NONE', #1746, #4418 ) ;
#3041 = EDGE_LOOP ( 'NONE', ( #923, #4903, #3337, #2659, #1588, #3338, #163, #3570, #2603, #1335 ) ) ;
#3042 = PRESENTATION_STYLE_ASSIGNMENT (( #4591 ) ) ;
#3043 = CARTESIAN_POINT ( 'NONE',  ( 1.109172968781252600, 4.000000000000000000, -0.6703702798222106463 ) ) ;
#3044 = DIRECTION ( 'NONE',  ( -1.000000000000000000, -0.0000000000000000000, 0.0000000000000000000 ) ) ;
#3045 = FACE_OUTER_BOUND ( 'NONE', #5516, .T. ) ;
#3046 = FILL_AREA_STYLE ('',( #3963 ) ) ;
#3047 = MECHANICAL_DESIGN_GEOMETRIC_PRESENTATION_REPRESENTATION (  '', ( #3815 ), #3719 ) ;
#3048 = FILL_AREA_STYLE ('',( #5436 ) ) ;
#3049 = STYLED_ITEM ( 'NONE', ( #168 ), #3155 ) ;
#3050 = CARTESIAN_POINT ( 'NONE',  ( 5.290000000000002700, -0.06000000000000044187, 3.299999999999999822 ) ) ;
#3051 = DIRECTION ( 'NONE',  ( 1.000000000000000000, 0.0000000000000000000, 0.0000000000000000000 ) ) ;
#3052 = PRESENTATION_STYLE_ASSIGNMENT (( #2605 ) ) ;
#3054 = FILL_AREA_STYLE_COLOUR ( '', #1244 ) ;
#3053 = DIRECTION ( 'NONE',  ( 1.585630839319239247E-14, 0.0000000000000000000, 1.000000000000000000 ) ) ;
#3056 =( NAMED_UNIT ( * ) SI_UNIT ( $, .STERADIAN. ) SOLID_ANGLE_UNIT ( ) );
#3055 = CARTESIAN_POINT ( 'NONE',  ( -5.290000000000001812, 3.250000000000011990, -1.750000000000196732 ) ) ;
#3057 = EDGE_CURVE ( 'NONE', #956, #1176, #2133, .T. ) ;
#3058 = UNCERTAINTY_MEASURE_WITH_UNIT (LENGTH_MEASURE( 1.000000000000000082E-05 ), #4199, 'distance_accuracy_value', 'NONE');
#3059 = FACE_BOUND ( 'NONE', #537, .T. ) ;
#3060 = CARTESIAN_POINT ( 'NONE',  ( -5.051998571447401609, 0.2000000000000000944, -5.099999999999998757 ) ) ;
#3061 = CARTESIAN_POINT ( 'NONE',  ( 5.078952563137230314, 2.989999999999999769, -2.050000000000829825 ) ) ;
#3062 = ADVANCED_FACE ( 'NONE', ( #357 ), #325, .F. ) ;
#3063 = EDGE_CURVE ( 'NONE', #1566, #3723, #1957, .T. ) ;
#3064 = STYLED_ITEM ( 'NONE', ( #3309 ), #6113 ) ;
#3065 = PRESENTATION_STYLE_ASSIGNMENT (( #4192 ) ) ;
#3066 =( LENGTH_UNIT ( ) NAMED_UNIT ( * ) SI_UNIT ( .MILLI., .METRE. ) );
#3067 = CARTESIAN_POINT ( 'NONE',  ( -5.550000000000002487, 0.1999999999999996503, 2.499999999999998668 ) ) ;
#3068 = CARTESIAN_POINT ( 'NONE',  ( 5.052504782352351675, 4.000000000000000000, -4.452221387082079040 ) ) ;
#3069 = PRESENTATION_STYLE_ASSIGNMENT (( #4372 ) ) ;
#3070 = SURFACE_STYLE_USAGE ( .BOTH. , #3144 ) ;
#3071 = CARTESIAN_POINT ( 'NONE',  ( 2.650000000000000799, 0.0000000000000000000, -5.048507558461760247 ) ) ;
#3072 = PRESENTATION_LAYER_ASSIGNMENT (  '', '', ( #4827 ) ) ;
#3073 = FACE_OUTER_BOUND ( 'NONE', #1655, .T. ) ;
#3074 = STYLED_ITEM ( 'NONE', ( #1298 ), #1037 ) ;
#3075 = LINE ( 'NONE', #5437, #2784 ) ;
#3076 = VECTOR ( 'NONE', #1800, 1000.000000000000227 ) ;
#3077 = VECTOR ( 'NONE', #881, 1000.000000000000000 ) ;
#3078 = ORIENTED_EDGE ( 'NONE', *, *, #5622, .T. ) ;
#3079 = ORIENTED_EDGE ( 'NONE', *, *, #2271, .T. ) ;
#3080 =( NAMED_UNIT ( * ) PLANE_ANGLE_UNIT ( ) SI_UNIT ( $, .RADIAN. ) );
#3081 = VECTOR ( 'NONE', #2791, 1000.000000000000000 ) ;
#3082 = LINE ( 'NONE', #1758, #5073 ) ;
#3083 =( LENGTH_UNIT ( ) NAMED_UNIT ( * ) SI_UNIT ( .MILLI., .METRE. ) );
#3084 = EDGE_CURVE ( 'NONE', #3656, #2685, #5636, .T. ) ;
#3085 = COLOUR_RGB ( '',0.0000000000000000000, 0.0000000000000000000, 0.0000000000000000000 ) ;
#3086 = AXIS2_PLACEMENT_3D ( 'NONE', #5966, #5537, #4537 ) ;
#3087 = ORIENTED_EDGE ( 'NONE', *, *, #4179, .F. ) ;
#3088 = CARTESIAN_POINT ( 'NONE',  ( -5.080000000000000071, 2.950000000000000178, 2.050000000000439471 ) ) ;
#3089 = VERTEX_POINT ( 'NONE', #5589 ) ;
#3090 = LINE ( 'NONE', #1503, #1859 ) ;
#3091 = DIRECTION ( 'NONE',  ( 1.000000000000000000, 0.0000000000000000000, -0.0000000000000000000 ) ) ;
#3092 = VERTEX_POINT ( 'NONE', #1782 ) ;
#3093 = EDGE_CURVE ( 'NONE', #5467, #4647, #1813, .T. ) ;
#3094 = ADVANCED_FACE ( 'NONE', ( #5884 ), #4585, .T. ) ;
#3095 = VERTEX_POINT ( 'NONE', #6243 ) ;
#3096 = LINE ( 'NONE', #5529, #546 ) ;
#3097 = AXIS2_PLACEMENT_3D ( 'NONE', #451, #5766, #1385 ) ;
#3098 =( NAMED_UNIT ( * ) PLANE_ANGLE_UNIT ( ) SI_UNIT ( $, .RADIAN. ) );
#3099 = UNCERTAINTY_MEASURE_WITH_UNIT (LENGTH_MEASURE( 1.000000000000000082E-05 ), #2989, 'distance_accuracy_value', 'NONE');
#3100 = SURFACE_SIDE_STYLE ('',( #4248 ) ) ;
#3101 = ORIENTED_EDGE ( 'NONE', *, *, #5338, .T. ) ;
#3102 = EDGE_CURVE ( 'NONE', #5398, #5414, #3021, .T. ) ;
#3103 = PLANE ( 'NONE',  #4519 ) ;
#3104 = VECTOR ( 'NONE', #3887, 1000.000000000000000 ) ;
#3105 = ORIENTED_EDGE ( 'NONE', *, *, #4895, .T. ) ;
#3106 = ORIENTED_EDGE ( 'NONE', *, *, #4337, .F. ) ;
#3107 = SURFACE_STYLE_FILL_AREA ( #241 ) ;
#3108 = VERTEX_POINT ( 'NONE', #6220 ) ;
#3109 = DIRECTION ( 'NONE',  ( 0.0000000000000000000, 0.0000000000000000000, 1.000000000000000000 ) ) ;
#3110 = VERTEX_POINT ( 'NONE', #1381 ) ;
#3111 =( GEOMETRIC_REPRESENTATION_CONTEXT ( 3 ) GLOBAL_UNCERTAINTY_ASSIGNED_CONTEXT ( ( #3749 ) ) GLOBAL_UNIT_ASSIGNED_CONTEXT ( ( #382, #4255, #3860 ) ) REPRESENTATION_CONTEXT ( 'NONE', 'WORKASPACE' ) );
#3112 = AXIS2_PLACEMENT_3D ( 'NONE', #6253, #2876, #416 ) ;
#3113 = DIRECTION ( 'NONE',  ( -1.000000000000000000, 2.620428211445328459E-16, 0.0000000000000000000 ) ) ;
#3114 = VERTEX_POINT ( 'NONE', #2788 ) ;
#3115 = LINE ( 'NONE', #3478, #1188 ) ;
#3116 = FILL_AREA_STYLE_COLOUR ( '', #4148 ) ;
#3117 = VERTEX_POINT ( 'NONE', #474 ) ;
#3118 =( NAMED_UNIT ( * ) SI_UNIT ( $, .STERADIAN. ) SOLID_ANGLE_UNIT ( ) );
#3119 = PRESENTATION_LAYER_ASSIGNMENT (  '', '', ( #4116 ) ) ;
#3120 = MECHANICAL_DESIGN_GEOMETRIC_PRESENTATION_REPRESENTATION (  '', ( #2804 ), #3492 ) ;
#3121 = LINE ( 'NONE', #4727, #1664 ) ;
#3122 = ORIENTED_EDGE ( 'NONE', *, *, #5755, .F. ) ;
#3123 = CARTESIAN_POINT ( 'NONE',  ( -1.597563066899632789, 4.000499999999999723, -0.6703702798221691239 ) ) ;
#3124 = ORIENTED_EDGE ( 'NONE', *, *, #5276, .F. ) ;
#3125 = LINE ( 'NONE', #1658, #43 ) ;
#3126 = AXIS2_PLACEMENT_3D ( 'NONE', #5075, #1830, #309 ) ;
#3127 = STYLED_ITEM ( 'NONE', ( #262 ), #5468 ) ;
#3128 = AXIS2_PLACEMENT_3D ( 'NONE', #3767, #5735, #355 ) ;
#3129 = FILL_AREA_STYLE ('',( #4177 ) ) ;
#3130 = CARTESIAN_POINT ( 'NONE',  ( -5.550000000000002487, 2.360000000000000764, 3.299999999999999822 ) ) ;
#3131 = ADVANCED_FACE ( 'NONE', ( #5472 ), #5320, .T. ) ;
#3132 = EDGE_CURVE ( 'NONE', #4645, #172, #6011, .T. ) ;
#3133 = DIRECTION ( 'NONE',  ( -0.2746459304916590849, 0.0000000000000000000, 0.9615454294334566665 ) ) ;
#3134 = LINE ( 'NONE', #132, #5573 ) ;
#3135 = STYLED_ITEM ( 'NONE', ( #1473 ), #1165 ) ;
#3136 = UNCERTAINTY_MEASURE_WITH_UNIT (LENGTH_MEASURE( 1.000000000000000082E-05 ), #4334, 'distance_accuracy_value', 'NONE');
#3137 = PLANE ( 'NONE',  #5678 ) ;
#3138 = CYLINDRICAL_SURFACE ( 'NONE', #3323, 0.1500000000001500133 ) ;
#3139 = AXIS2_PLACEMENT_3D ( 'NONE', #133, #2128, #113 ) ;
#3140 = CARTESIAN_POINT ( 'NONE',  ( -5.550000000000002487, 3.250000000000000000, 0.1500000000001489586 ) ) ;
#3141 = PRESENTATION_STYLE_ASSIGNMENT (( #415 ) ) ;
#3142 = EDGE_CURVE ( 'NONE', #5798, #9, #3889, .T. ) ;
#3143 = LINE ( 'NONE', #2885, #4812 ) ;
#3144 = SURFACE_SIDE_STYLE ('',( #1357 ) ) ;
#3145 = DIRECTION ( 'NONE',  ( 0.01744974916068272111, -0.9996954598818874604, 0.01744974916068271070 ) ) ;
#3146 = LINE ( 'NONE', #1686, #4290 ) ;
#3147 =( NAMED_UNIT ( * ) SI_UNIT ( $, .STERADIAN. ) SOLID_ANGLE_UNIT ( ) );
#3148 = LINE ( 'NONE', #402, #3621 ) ;
#3149 = VECTOR ( 'NONE', #2264, 1000.000000000000000 ) ;
#3150 =( NAMED_UNIT ( * ) PLANE_ANGLE_UNIT ( ) SI_UNIT ( $, .RADIAN. ) );
#3151 = SURFACE_STYLE_FILL_AREA ( #2265 ) ;
#3152 =( NAMED_UNIT ( * ) PLANE_ANGLE_UNIT ( ) SI_UNIT ( $, .RADIAN. ) );
#3153 = VERTEX_POINT ( 'NONE', #4313 ) ;
#3154 = EDGE_LOOP ( 'NONE', ( #3315, #2215, #3898, #547 ) ) ;
#3155 = ADVANCED_FACE ( 'NONE', ( #1867 ), #6268, .F. ) ;
#3156 = PRESENTATION_STYLE_ASSIGNMENT (( #1984 ) ) ;
#3157 = CARTESIAN_POINT ( 'NONE',  ( 5.051998571447398945, 0.2000000000000013989, -3.552227028712818147 ) ) ;
#3158 = STYLED_ITEM ( 'NONE', ( #936 ), #260 ) ;
#3159 = VECTOR ( 'NONE', #3753, 1000.000000000000000 ) ;
#3160 = CARTESIAN_POINT ( 'NONE',  ( -5.550000000000002487, 0.1999999999999996780, 3.299999999999999822 ) ) ;
#3161 = ORIENTED_EDGE ( 'NONE', *, *, #4164, .F. ) ;
#3162 = MECHANICAL_DESIGN_GEOMETRIC_PRESENTATION_REPRESENTATION (  '', ( #2312 ), #2119 ) ;
#3163 = LINE ( 'NONE', #2146, #3251 ) ;
#3164 = DIRECTION ( 'NONE',  ( -1.000000000000000000, 0.0000000000000000000, 0.0000000000000000000 ) ) ;
#3165 = EDGE_LOOP ( 'NONE', ( #884, #1234, #793, #2381 ) ) ;
#3166 = CARTESIAN_POINT ( 'NONE',  ( 5.097350834847989454, 2.798229430087573633, 3.597579292113396221 ) ) ;
#3167 = VECTOR ( 'NONE', #3444, 1000.000000000000000 ) ;
#3168 = AXIS2_PLACEMENT_3D ( 'NONE', #5511, #2621, #1198 ) ;
#3169 = VECTOR ( 'NONE', #110, 1000.000000000000000 ) ;
#3170 = DIRECTION ( 'NONE',  ( -1.000000000000000000, 0.0000000000000000000, -7.213721817093572462E-14 ) ) ;
#3171 = EDGE_CURVE ( 'NONE', #1665, #2446, #794, .T. ) ;
#3172 = ORIENTED_EDGE ( 'NONE', *, *, #5348, .T. ) ;
#3173 = VERTEX_POINT ( 'NONE', #449 ) ;
#3174 = UNCERTAINTY_MEASURE_WITH_UNIT (LENGTH_MEASURE( 1.000000000000000082E-05 ), #3038, 'distance_accuracy_value', 'NONE');
#3175 = CARTESIAN_POINT ( 'NONE',  ( 3.348608875873376967, 4.000499999999999723, -0.4114690611629768791 ) ) ;
#3176 = CARTESIAN_POINT ( 'NONE',  ( 5.550000000000002487, 3.250000000000000444, -2.050000000000441691 ) ) ;
#3177 = ORIENTED_EDGE ( 'NONE', *, *, #1948, .F. ) ;
#3178 = CIRCLE ( 'NONE', #5656, 0.2599999999999997868 ) ;
#3179 = MECHANICAL_DESIGN_GEOMETRIC_PRESENTATION_REPRESENTATION (  '', ( #567 ), #1028 ) ;
#3180 = EDGE_CURVE ( 'NONE', #3973, #32, #5777, .T. ) ;
#3181 = VERTEX_POINT ( 'NONE', #2816 ) ;
#3182 = FILL_AREA_STYLE ('',( #4211 ) ) ;
#3183 = ORIENTED_EDGE ( 'NONE', *, *, #3437, .F. ) ;
#3184 = FILL_AREA_STYLE_COLOUR ( '', #4384 ) ;
#3185 = FILL_AREA_STYLE ('',( #1280 ) ) ;
#3186 = SURFACE_STYLE_FILL_AREA ( #3913 ) ;
#3187 = VECTOR ( 'NONE', #3260, 1000.000000000000000 ) ;
#3188 = ORIENTED_EDGE ( 'NONE', *, *, #3590, .T. ) ;
#3189 = VERTEX_POINT ( 'NONE', #5340 ) ;
#3190 = EDGE_CURVE ( 'NONE', #3108, #5671, #3178, .T. ) ;
#3191 = CARTESIAN_POINT ( 'NONE',  ( -1.597563066899632789, 4.000000000000000000, -0.6703702798221691239 ) ) ;
#3192 = ORIENTED_EDGE ( 'NONE', *, *, #4367, .T. ) ;
#3193 = CARTESIAN_POINT ( 'NONE',  ( 3.603001661137799516, 4.000000000000000000, 5.052504782352351675 ) ) ;
#3194 = LINE ( 'NONE', #954, #1961 ) ;
#3195 = VERTEX_POINT ( 'NONE', #3281 ) ;
#3196 = LINE ( 'NONE', #5898, #338 ) ;
#3197 =( GEOMETRIC_REPRESENTATION_CONTEXT ( 3 ) GLOBAL_UNCERTAINTY_ASSIGNED_CONTEXT ( ( #1122 ) ) GLOBAL_UNIT_ASSIGNED_CONTEXT ( ( #1592, #3910, #1111 ) ) REPRESENTATION_CONTEXT ( 'NONE', 'WORKASPACE' ) );
#3198 =( NAMED_UNIT ( * ) SI_UNIT ( $, .STERADIAN. ) SOLID_ANGLE_UNIT ( ) );
#3199 = CARTESIAN_POINT ( 'NONE',  ( 3.550000000000003375, -0.06000000000000102474, 3.299999999999999822 ) ) ;
#3200 = FILL_AREA_STYLE ('',( #1834 ) ) ;
#3201 = PLANE ( 'NONE',  #2112 ) ;
#3202 = AXIS2_PLACEMENT_3D ( 'NONE', #249, #3213, #2216 ) ;
#3203 = DIRECTION ( 'NONE',  ( -1.000000000000000000, 0.0000000000000000000, 0.0000000000000000000 ) ) ;
#3204 = VERTEX_POINT ( 'NONE', #3946 ) ;
#3205 = SURFACE_STYLE_FILL_AREA ( #4690 ) ;
#3206 = FILL_AREA_STYLE ('',( #3688 ) ) ;
#3208 = FILL_AREA_STYLE_COLOUR ( '', #4155 ) ;
#3207 = DIRECTION ( 'NONE',  ( 1.000000000000000000, 8.182148361827087390E-16, -7.075347141786685893E-17 ) ) ;
#3209 = DIRECTION ( 'NONE',  ( 1.000000000000000000, 0.0000000000000000000, -8.537024980200817627E-17 ) ) ;
#3210 = EDGE_CURVE ( 'NONE', #2966, #717, #2744, .T. ) ;
#3211 = PRESENTATION_STYLE_ASSIGNMENT (( #1301 ) ) ;
#3212 = MECHANICAL_DESIGN_GEOMETRIC_PRESENTATION_REPRESENTATION (  '', ( #3967 ), #2159 ) ;
#3213 = DIRECTION ( 'NONE',  ( -3.400900527821754084E-16, -0.01745240643728354982, -0.9998476951563912696 ) ) ;
#3214 = DIRECTION ( 'NONE',  ( 0.0000000000000000000, 1.000000000000000000, 2.319149032054553916E-16 ) ) ;
#3215 = CARTESIAN_POINT ( 'NONE',  ( -3.550000000000003375, -0.06000000000000084432, 2.499999999999998668 ) ) ;
#3216 =( NAMED_UNIT ( * ) PLANE_ANGLE_UNIT ( ) SI_UNIT ( $, .RADIAN. ) );
#3217 = LINE ( 'NONE', #681, #4069 ) ;
#3218 = EDGE_CURVE ( 'NONE', #1250, #1483, #865, .T. ) ;
#3219 = DIRECTION ( 'NONE',  ( 0.0000000000000000000, 1.000000000000000000, 0.0000000000000000000 ) ) ;
#3220 = COLOUR_RGB ( '',1.000000000000000000, 1.000000000000000000, 1.000000000000000000 ) ;
#3221 =( NAMED_UNIT ( * ) PLANE_ANGLE_UNIT ( ) SI_UNIT ( $, .RADIAN. ) );
#3222 = PRESENTATION_LAYER_ASSIGNMENT (  '', '', ( #2085 ) ) ;
#3223 = CARTESIAN_POINT ( 'NONE',  ( 5.550000000000002487, 2.989999999999999769, -2.048660687473682795 ) ) ;
#3224 = EDGE_CURVE ( 'NONE', #5905, #1489, #5019, .T. ) ;
#3225 =( LENGTH_UNIT ( ) NAMED_UNIT ( * ) SI_UNIT ( .MILLI., .METRE. ) );
#3226 =( LENGTH_UNIT ( ) NAMED_UNIT ( * ) SI_UNIT ( .MILLI., .METRE. ) );
#3227 = DIRECTION ( 'NONE',  ( 0.0000000000000000000, 0.0000000000000000000, -1.000000000000000000 ) ) ;
#3228 = SURFACE_STYLE_USAGE ( .BOTH. , #813 ) ;
#3229 = EDGE_CURVE ( 'NONE', #3089, #1895, #1485, .T. ) ;
#3230 = B_SPLINE_CURVE_WITH_KNOTS ( 'NONE', 3,
 ( #210, #718, #1209, #2203 ),
 .UNSPECIFIED., .F., .F.,
 ( 4, 4 ),
 ( 0.0000000000000000000, 2.005959199886635987E-05 ),
 .UNSPECIFIED. ) ;
#3231 = SURFACE_STYLE_FILL_AREA ( #3424 ) ;
#3232 = SURFACE_STYLE_FILL_AREA ( #6112 ) ;
#3233 = CARTESIAN_POINT ( 'NONE',  ( 3.550000000000003375, -0.06000000000000084432, 2.499999999999998668 ) ) ;
#3234 = PRESENTATION_STYLE_ASSIGNMENT (( #964 ) ) ;
#3235 = LINE ( 'NONE', #4291, #3007 ) ;
#3236 = CARTESIAN_POINT ( 'NONE',  ( -1.983374227675258394, 4.000499999999999723, 0.6703702798221600201 ) ) ;
#3237 = LINE ( 'NONE', #3175, #5362 ) ;
#3238 = VERTEX_POINT ( 'NONE', #1017 ) ;
#3239 = DIRECTION ( 'NONE',  ( -2.620428211445327965E-16, -1.000000000000000000, 0.0000000000000000000 ) ) ;
#3240 = ORIENTED_EDGE ( 'NONE', *, *, #5831, .T. ) ;
#3241 = AXIS2_PLACEMENT_3D ( 'NONE', #5995, #5969, #575 ) ;
#3242 = LINE ( 'NONE', #1249, #2004 ) ;
#3243 = PRESENTATION_LAYER_ASSIGNMENT (  '', '', ( #3834 ) ) ;
#3244 = DIRECTION ( 'NONE',  ( 0.2746459304916591404, 0.0000000000000000000, -0.9615454294334566665 ) ) ;
#3245 = FILL_AREA_STYLE ('',( #4706 ) ) ;
#3246 = VECTOR ( 'NONE', #5895, 999.9999999999998863 ) ;
#3247 = FILL_AREA_STYLE_COLOUR ( '', #420 ) ;
#3248 = CARTESIAN_POINT ( 'NONE',  ( -5.550000000000002487, 1.810000000000000497, 2.499999999999999112 ) ) ;
#3249 = EDGE_LOOP ( 'NONE', ( #4498, #4703, #1714, #5710 ) ) ;
#3250 =( NAMED_UNIT ( * ) PLANE_ANGLE_UNIT ( ) SI_UNIT ( $, .RADIAN. ) );
#3251 = VECTOR ( 'NONE', #3018, 1000.000000000000000 ) ;
#3252 = MECHANICAL_DESIGN_GEOMETRIC_PRESENTATION_REPRESENTATION (  '', ( #1217 ), #5013 ) ;
#3253 =( GEOMETRIC_REPRESENTATION_CONTEXT ( 3 ) GLOBAL_UNCERTAINTY_ASSIGNED_CONTEXT ( ( #2727 ) ) GLOBAL_UNIT_ASSIGNED_CONTEXT ( ( #5880, #3452, #571 ) ) REPRESENTATION_CONTEXT ( 'NONE', 'WORKASPACE' ) );
#3254 = CARTESIAN_POINT ( 'NONE',  ( -5.290000000000001812, 2.989999999999999769, -3.299999999999999822 ) ) ;
#3255 = PRESENTATION_STYLE_ASSIGNMENT (( #2024 ) ) ;
#3256 = VERTEX_POINT ( 'NONE', #1494 ) ;
#3257 = EDGE_CURVE ( 'NONE', #3238, #786, #1172, .T. ) ;
#3258 =( NAMED_UNIT ( * ) PLANE_ANGLE_UNIT ( ) SI_UNIT ( $, .RADIAN. ) );
#3259 = CARTESIAN_POINT ( 'NONE',  ( 2.192089153865903306, 4.000000000000000000, -0.4133938508345784135 ) ) ;
#3261 = PLANE ( 'NONE',  #1999 ) ;
#3260 = DIRECTION ( 'NONE',  ( 0.0000000000000000000, 0.0000000000000000000, 1.000000000000000000 ) ) ;
#3262 = ORIENTED_EDGE ( 'NONE', *, *, #6262, .T. ) ;
#3263 = ORIENTED_EDGE ( 'NONE', *, *, #897, .T. ) ;
#3264 = STYLED_ITEM ( 'NONE', ( #2161 ), #1266 ) ;
#3265 = VERTEX_POINT ( 'NONE', #558 ) ;
#3266 = MECHANICAL_DESIGN_GEOMETRIC_PRESENTATION_REPRESENTATION (  '', ( #2467 ), #350 ) ;
#3267 = UNCERTAINTY_MEASURE_WITH_UNIT (LENGTH_MEASURE( 1.000000000000000082E-05 ), #4577, 'distance_accuracy_value', 'NONE');
#3268 = ORIENTED_EDGE ( 'NONE', *, *, #2669, .F. ) ;
#3269 = EDGE_CURVE ( 'NONE', #5682, #3114, #5169, .T. ) ;
#3270 = VERTEX_POINT ( 'NONE', #3966 ) ;
#3271 = ORIENTED_EDGE ( 'NONE', *, *, #3435, .F. ) ;
#3272 = CARTESIAN_POINT ( 'NONE',  ( 5.550000000000002487, 3.250000000000000000, 2.050000000000439915 ) ) ;
#3273 = VERTEX_POINT ( 'NONE', #1471 ) ;
#3274 = CARTESIAN_POINT ( 'NONE',  ( 2.900000000000000799, 0.1999999999999996503, -5.100000000000002309 ) ) ;
#3275 =( GEOMETRIC_REPRESENTATION_CONTEXT ( 3 ) GLOBAL_UNCERTAINTY_ASSIGNED_CONTEXT ( ( #1238 ) ) GLOBAL_UNIT_ASSIGNED_CONTEXT ( ( #5646, #5666, #5692 ) ) REPRESENTATION_CONTEXT ( 'NONE', 'WORKASPACE' ) );
#3276 = EDGE_CURVE ( 'NONE', #4689, #1492, #5854, .T. ) ;
#3277 = VERTEX_POINT ( 'NONE', #1075 ) ;
#3278 = VERTEX_POINT ( 'NONE', #4818 ) ;
#3279 = SURFACE_SIDE_STYLE ('',( #2862 ) ) ;
#3280 = ORIENTED_EDGE ( 'NONE', *, *, #2173, .T. ) ;
#3282 = CARTESIAN_POINT ( 'NONE',  ( -5.550000000000002487, 3.250000000000000000, 2.050000000000439915 ) ) ;
#3281 = CARTESIAN_POINT ( 'NONE',  ( 1.970416612737251105, 4.000000000000000000, 0.4152446551201242064 ) ) ;
#3283 = DIRECTION ( 'NONE',  ( -0.0000000000000000000, -1.000000000000000000, 0.0000000000000000000 ) ) ;
#3284 = ORIENTED_EDGE ( 'NONE', *, *, #522, .F. ) ;
#3285 = FACE_OUTER_BOUND ( 'NONE', #716, .T. ) ;
#3286 = SURFACE_STYLE_USAGE ( .BOTH. , #6251 ) ;
#3287 = CARTESIAN_POINT ( 'NONE',  ( 1.898023259321394152, 4.000499999999999723, 0.6703702798221414794 ) ) ;
#3288 = DIRECTION ( 'NONE',  ( 0.2762033010289102752, 0.0000000000000000000, -0.9610992334305200613 ) ) ;
#3289 = PRESENTATION_LAYER_ASSIGNMENT (  '', '', ( #3064 ) ) ;
#3290 = CARTESIAN_POINT ( 'NONE',  ( 5.290000000000001812, 2.989999999999999769, -3.299999999999999822 ) ) ;
#3291 = CARTESIAN_POINT ( 'NONE',  ( 0.09426364943040775601, 4.000499999999999723, 0.6703702798221505832 ) ) ;
#3292 = SURFACE_STYLE_USAGE ( .BOTH. , #5239 ) ;
#3293 = VECTOR ( 'NONE', #2488, 1000.000000000000000 ) ;
#3294 = AXIS2_PLACEMENT_3D ( 'NONE', #2319, #4721, #3321 ) ;
#3295 = FILL_AREA_STYLE_COLOUR ( '', #2792 ) ;
#3296 =( LENGTH_UNIT ( ) NAMED_UNIT ( * ) SI_UNIT ( .MILLI., .METRE. ) );
#3297 = PRESENTATION_STYLE_ASSIGNMENT (( #3286 ) ) ;
#3298 = VECTOR ( 'NONE', #3895, 1000.000000000000000 ) ;
#3299 = SURFACE_STYLE_USAGE ( .BOTH. , #2391 ) ;
#3300 = UNCERTAINTY_MEASURE_WITH_UNIT (LENGTH_MEASURE( 1.000000000000000082E-05 ), #1982, 'distance_accuracy_value', 'NONE');
#3301 = CARTESIAN_POINT ( 'NONE',  ( -1.433685354663999600, 4.000499999999999723, 0.08206727095333087030 ) ) ;
#3302 = EDGE_CURVE ( 'NONE', #3649, #3278, #634, .T. ) ;
#3303 = CARTESIAN_POINT ( 'NONE',  ( -2.434711660160700397, 4.000000000000000000, -0.05761545578489540159 ) ) ;
#3304 = SURFACE_STYLE_FILL_AREA ( #3046 ) ;
#3305 = EDGE_CURVE ( 'NONE', #372, #2537, #2376, .T. ) ;
#3306 = VECTOR ( 'NONE', #4206, 1000.000000000000000 ) ;
#3307 =( NAMED_UNIT ( * ) PLANE_ANGLE_UNIT ( ) SI_UNIT ( $, .RADIAN. ) );
#3308 = LINE ( 'NONE', #2165, #5590 ) ;
#3309 = PRESENTATION_STYLE_ASSIGNMENT (( #3292 ) ) ;
#3310 = CARTESIAN_POINT ( 'NONE',  ( 3.423012609376344884, 4.000000000000000000, -0.6703702798221505832 ) ) ;
#3311 = PRESENTATION_STYLE_ASSIGNMENT (( #1540 ) ) ;
#3312 = CARTESIAN_POINT ( 'NONE',  ( -1.528630799032689280, 4.000499999999999723, 0.4152935750536601023 ) ) ;
#3314 = DIRECTION ( 'NONE',  ( -1.000000000000000000, 0.0000000000000000000, 0.0000000000000000000 ) ) ;
#3313 = SURFACE_STYLE_USAGE ( .BOTH. , #4277 ) ;
#3315 = ORIENTED_EDGE ( 'NONE', *, *, #4243, .T. ) ;
#3316 = ORIENTED_EDGE ( 'NONE', *, *, #2214, .T. ) ;
#3317 = FILL_AREA_STYLE ('',( #1927 ) ) ;
#3318 = EDGE_CURVE ( 'NONE', #3468, #3354, #4629, .T. ) ;
#3319 = PRODUCT ( 'MPX1D1040(4_7)(KEMET)', 'MPX1D1040(4_7)(KEMET)', '', ( #1047 ) ) ;
#3320 = COLOUR_RGB ( '',0.5019607843137254832, 0.5019607843137254832, 0.5019607843137254832 ) ;
#3321 = DIRECTION ( 'NONE',  ( -1.000000000000000000, 0.0000000000000000000, 0.0000000000000000000 ) ) ;
#3322 = ORIENTED_EDGE ( 'NONE', *, *, #1853, .F. ) ;
#3323 = AXIS2_PLACEMENT_3D ( 'NONE', #3830, #4766, #1913 ) ;
#3325 =( LENGTH_UNIT ( ) NAMED_UNIT ( * ) SI_UNIT ( .MILLI., .METRE. ) );
#3324 =( NAMED_UNIT ( * ) SI_UNIT ( $, .STERADIAN. ) SOLID_ANGLE_UNIT ( ) );
#3326 = CARTESIAN_POINT ( 'NONE',  ( -5.072144223529244655, 3.250000000000000000, 2.050000000000439471 ) ) ;
#3327 = LINE ( 'NONE', #687, #1239 ) ;
#3328 = SURFACE_STYLE_FILL_AREA ( #629 ) ;
#3329 = ORIENTED_EDGE ( 'NONE', *, *, #2922, .F. ) ;
#3330 = PRESENTATION_LAYER_ASSIGNMENT (  '', '', ( #92 ) ) ;
#3331 = ORIENTED_EDGE ( 'NONE', *, *, #3132, .F. ) ;
#3332 = SURFACE_SIDE_STYLE ('',( #5796 ) ) ;
#3333 = CYLINDRICAL_SURFACE ( 'NONE', #277, 0.2599999999999997868 ) ;
#3334 = CARTESIAN_POINT ( 'NONE',  ( 5.550000000000001599, 2.989999999999999769, 3.299999999999999822 ) ) ;
#3335 = CARTESIAN_POINT ( 'NONE',  ( -2.819842016330205148, 4.000499999999999723, -0.09862666963029805001 ) ) ;
#3336 = PRESENTATION_STYLE_ASSIGNMENT (( #3780 ) ) ;
#3337 = ORIENTED_EDGE ( 'NONE', *, *, #3474, .T. ) ;
#3338 = ORIENTED_EDGE ( 'NONE', *, *, #3063, .F. ) ;
#3339 =( LENGTH_UNIT ( ) NAMED_UNIT ( * ) SI_UNIT ( .MILLI., .METRE. ) );
#3340 = STYLED_ITEM ( 'NONE', ( #4189 ), #221 ) ;
#3341 = PLANE ( 'NONE',  #30 ) ;
#3342 = PRESENTATION_LAYER_ASSIGNMENT (  '', '', ( #4972 ) ) ;
#3343 = AXIS2_PLACEMENT_3D ( 'NONE', #1819, #2766, #888 ) ;
#3344 = ORIENTED_EDGE ( 'NONE', *, *, #6215, .F. ) ;
#3345 = DIRECTION ( 'NONE',  ( -0.02616798426497939437, -0.9993150019883697555, 0.02616798426497939437 ) ) ;
#3346 = EDGE_CURVE ( 'NONE', #4391, #655, #4332, .T. ) ;
#3347 = VERTEX_POINT ( 'NONE', #1968 ) ;
#3348 = UNCERTAINTY_MEASURE_WITH_UNIT (LENGTH_MEASURE( 1.000000000000000082E-05 ), #5961, 'distance_accuracy_value', 'NONE');
#3349 = SURFACE_SIDE_STYLE ('',( #5250 ) ) ;
#3350 = CARTESIAN_POINT ( 'NONE',  ( 3.348608875873376967, 4.000499999999999723, -0.4114690611629768791 ) ) ;
#3351 = VECTOR ( 'NONE', #5462, 1000.000000000000000 ) ;
#3352 = VECTOR ( 'NONE', #1870, 1000.000000000000000 ) ;
#3353 = SURFACE_STYLE_FILL_AREA ( #4968 ) ;
#3354 = VERTEX_POINT ( 'NONE', #3067 ) ;
#3355 = VERTEX_POINT ( 'NONE', #1623 ) ;
#3356 =( GEOMETRIC_REPRESENTATION_CONTEXT ( 3 ) GLOBAL_UNCERTAINTY_ASSIGNED_CONTEXT ( ( #5103 ) ) GLOBAL_UNIT_ASSIGNED_CONTEXT ( ( #1296, #1812, #2267 ) ) REPRESENTATION_CONTEXT ( 'NONE', 'WORKASPACE' ) );
#3357 = VERTEX_POINT ( 'NONE', #4976 ) ;
#3358 = EDGE_CURVE ( 'NONE', #4640, #1340, #3029, .T. ) ;
#3359 = ORIENTED_EDGE ( 'NONE', *, *, #2256, .F. ) ;
#3360 = DIRECTION ( 'NONE',  ( 0.0000000000000000000, -1.000000000000000000, -2.319149032054553916E-16 ) ) ;
#3361 = CLOSED_SHELL ( 'NONE', ( #3686, #5879, #5563, #1114, #2060, #2617, #2674, #4572, #221, #5432, #5857, #3951, #685, #4965, #5124, #2975, #587, #2884, #1977, #260, #3013, #1132, #2521, #5054, #2188, #4857, #1165, #1499, #4415, #3991, #4631, #3891, #3062, #494, #549, #4929, #1266, #4472, #4504, #4823, #5526, #2999, #5027, #2914, #4598, #5587, #165, #3155, #291, #2485, #4921, #721, #1007, #3490, #5974, #4889, #3914, #1230, #580, #1669, #2702, #4987, #2219, #1627, #5819, #2420, #6113, #2981, #2459, #6048, #3392, #3094, #41, #5376, #130, #286, #3981, #2009, #5088, #3461, #5364, #1037, #1066, #5944, #6086, #4043, #1791, #659, #4013, #1, #2249, #2127, #3036, #2580, #2554, #2097, #1532, #4438, #516, #1106, #1727, #1575, #1568, #1523, #4104, #1203, #1597, #1237, #3552, #5412, #4580, #4376, #5468, #4133, #748, #3451, #3614, #2942, #5907, #2066, #5343, #5402, #2643, #5496, #3588, #783, #3131, #1754, #2038, #4353, #4159 ) ) ;
#3362 = CARTESIAN_POINT ( 'NONE',  ( -5.100000000000000533, 2.950000000000000178, 3.600228457265411741 ) ) ;
#3363 = EDGE_CURVE ( 'NONE', #4099, #3347, #162, .T. ) ;
#3364 = DIRECTION ( 'NONE',  ( 1.000000000000000000, 0.0000000000000000000, 0.0000000000000000000 ) ) ;
#3366 = DIRECTION ( 'NONE',  ( -1.000000000000000000, 0.0000000000000000000, 0.0000000000000000000 ) ) ;
#3365 =( LENGTH_UNIT ( ) NAMED_UNIT ( * ) SI_UNIT ( .MILLI., .METRE. ) );
#3367 = CARTESIAN_POINT ( 'NONE',  ( 0.5211332780687230048, 4.000499999999999723, -0.6703702798222013204 ) ) ;
#3368 = LINE ( 'NONE', #2949, #2843 ) ;
#3369 = DIRECTION ( 'NONE',  ( 0.0000000000000000000, 1.057758217058801317E-16, -1.000000000000000000 ) ) ;
#3370 = SURFACE_STYLE_USAGE ( .BOTH. , #509 ) ;
#3371 =( LENGTH_UNIT ( ) NAMED_UNIT ( * ) SI_UNIT ( .MILLI., .METRE. ) );
#3372 = AXIS2_PLACEMENT_3D ( 'NONE', #1222, #1728, #185 ) ;
#3373 = PRESENTATION_STYLE_ASSIGNMENT (( #3764 ) ) ;
#3374 = MECHANICAL_DESIGN_GEOMETRIC_PRESENTATION_REPRESENTATION (  '', ( #4670 ), #1552 ) ;
#3375 = FILL_AREA_STYLE_COLOUR ( '', #3220 ) ;
#3376 = UNCERTAINTY_MEASURE_WITH_UNIT (LENGTH_MEASURE( 1.000000000000000082E-05 ), #4841, 'distance_accuracy_value', 'NONE');
#3377 = DIRECTION ( 'NONE',  ( -2.620428211445328459E-16, 1.000000000000000000, 2.409338161079554329E-15 ) ) ;
#3378 = DIRECTION ( 'NONE',  ( -0.0000000000000000000, -1.000000000000000000, 0.0000000000000000000 ) ) ;
#3379 = AXIS2_PLACEMENT_3D ( 'NONE', #3690, #4342, #3314 ) ;
#3380 = SURFACE_STYLE_FILL_AREA ( #1294 ) ;
#3381 = PRESENTATION_LAYER_ASSIGNMENT (  '', '', ( #4481 ) ) ;
#3382 = SURFACE_SIDE_STYLE ('',( #6239 ) ) ;
#3383 = SURFACE_STYLE_FILL_AREA ( #5505 ) ;
#3384 = EDGE_CURVE ( 'NONE', #5865, #4635, #2809, .T. ) ;
#3385 = CARTESIAN_POINT ( 'NONE',  ( 5.079999999999997407, 2.950000000000000178, -3.300000000000000711 ) ) ;
#3386 = SURFACE_STYLE_FILL_AREA ( #6305 ) ;
#3387 = VERTEX_POINT ( 'NONE', #191 ) ;
#3388 = STYLED_ITEM ( 'NONE', ( #4686 ), #1977 ) ;
#3389 = PRESENTATION_STYLE_ASSIGNMENT (( #3922 ) ) ;
#3390 = EDGE_CURVE ( 'NONE', #5385, #461, #6155, .T. ) ;
#3391 = CARTESIAN_POINT ( 'NONE',  ( -2.434711660160700397, 4.000000000000000000, -0.05761545578489554731 ) ) ;
#3392 = ADVANCED_FACE ( 'NONE', ( #2518 ), #5012, .T. ) ;
#3393 = VECTOR ( 'NONE', #4665, 1000.000000000000227 ) ;
#3394 = VECTOR ( 'NONE', #4621, 1000.000000000000000 ) ;
#3396 =( LENGTH_UNIT ( ) NAMED_UNIT ( * ) SI_UNIT ( .MILLI., .METRE. ) );
#3395 = CARTESIAN_POINT ( 'NONE',  ( -4.478829697740176030, 2.949999999999999734, -5.099999999999998757 ) ) ;
#3397 = SURFACE_SIDE_STYLE ('',( #3386 ) ) ;
#3398 = ORIENTED_EDGE ( 'NONE', *, *, #2703, .F. ) ;
#3399 = ORIENTED_EDGE ( 'NONE', *, *, #1654, .T. ) ;
#3400 =( NAMED_UNIT ( * ) PLANE_ANGLE_UNIT ( ) SI_UNIT ( $, .RADIAN. ) );
#3401 = CARTESIAN_POINT ( 'NONE',  ( 1.434409016508026102, 4.000000000000000000, 0.08206727095614561873 ) ) ;
#3402 = ORIENTED_EDGE ( 'NONE', *, *, #3806, .T. ) ;
#3403 = CARTESIAN_POINT ( 'NONE',  ( -5.290000000000002700, -0.06000000000000044187, 3.299999999999999822 ) ) ;
#3404 = EDGE_CURVE ( 'NONE', #4682, #1700, #3721, .T. ) ;
#3405 = EDGE_LOOP ( 'NONE', ( #1033, #5984, #2291, #386 ) ) ;
#3406 = PRESENTATION_STYLE_ASSIGNMENT (( #703 ) ) ;
#3407 = FACE_OUTER_BOUND ( 'NONE', #330, .T. ) ;
#3409 =( NAMED_UNIT ( * ) SI_UNIT ( $, .STERADIAN. ) SOLID_ANGLE_UNIT ( ) );
#3408 = DIRECTION ( 'NONE',  ( 0.0000000000000000000, 0.0000000000000000000, 1.000000000000000000 ) ) ;
#3410 =( NAMED_UNIT ( * ) PLANE_ANGLE_UNIT ( ) SI_UNIT ( $, .RADIAN. ) );
#3411 = FACE_OUTER_BOUND ( 'NONE', #1501, .T. ) ;
#3412 = ORIENTED_EDGE ( 'NONE', *, *, #5622, .F. ) ;
#3413 = VERTEX_POINT ( 'NONE', #4007 ) ;
#3414 = ORIENTED_EDGE ( 'NONE', *, *, #5593, .F. ) ;
#3415 = VECTOR ( 'NONE', #4993, 1000.000000000000000 ) ;
#3416 = ORIENTED_EDGE ( 'NONE', *, *, #4126, .F. ) ;
#3417 = EDGE_LOOP ( 'NONE', ( #804, #4849, #3960, #4118, #2356 ) ) ;
#3418 =( NAMED_UNIT ( * ) SI_UNIT ( $, .STERADIAN. ) SOLID_ANGLE_UNIT ( ) );
#3419 = ORIENTED_EDGE ( 'NONE', *, *, #3458, .F. ) ;
#3420 =( BOUNDED_CURVE ( )  B_SPLINE_CURVE ( 3, ( #5212, #1430, #5736, #6193 ),
 .UNSPECIFIED., .F., .F. ) 
 B_SPLINE_CURVE_WITH_KNOTS ( ( 4, 4 ),
 ( 2.356346783439922543, 3.926838523739656583 ),
 .UNSPECIFIED. ) 
 CURVE ( )  GEOMETRIC_REPRESENTATION_ITEM ( )  RATIONAL_B_SPLINE_CURVE ( ( 1.000000000000000000, 0.8048096403827857959, 0.8048096403827857959, 1.000000000000000000 ) ) 
 REPRESENTATION_ITEM ( '' )  );
#3421 = FACE_OUTER_BOUND ( 'NONE', #4865, .T. ) ;
#3422 = ORIENTED_EDGE ( 'NONE', *, *, #4526, .T. ) ;
#3423 = SURFACE_STYLE_FILL_AREA ( #6017 ) ;
#3424 = FILL_AREA_STYLE ('',( #44 ) ) ;
#3425 = EDGE_LOOP ( 'NONE', ( #1958, #5533, #5610, #4797 ) ) ;
#3426 = EDGE_LOOP ( 'NONE', ( #2586, #84, #1324, #6008 ) ) ;
#3427 = AXIS2_PLACEMENT_3D ( 'NONE', #5455, #2041, #3453 ) ;
#3428 =( GEOMETRIC_REPRESENTATION_CONTEXT ( 3 ) GLOBAL_UNCERTAINTY_ASSIGNED_CONTEXT ( ( #972 ) ) GLOBAL_UNIT_ASSIGNED_CONTEXT ( ( #2539, #584, #1083 ) ) REPRESENTATION_CONTEXT ( 'NONE', 'WORKASPACE' ) );
#3429 = SURFACE_SIDE_STYLE ('',( #1136 ) ) ;
#3430 = ORIENTED_EDGE ( 'NONE', *, *, #244, .T. ) ;
#3431 = EDGE_CURVE ( 'NONE', #4611, #5926, #3230, .T. ) ;
#3433 = CARTESIAN_POINT ( 'NONE',  ( 0.8850544308041219388, 4.000000000000000000, 0.6703702798221414794 ) ) ;
#3432 = DIRECTION ( 'NONE',  ( 0.0000000000000000000, 0.0000000000000000000, -1.000000000000000000 ) ) ;
#3434 = CARTESIAN_POINT ( 'NONE',  ( 5.550000000000001599, 3.250000000000000000, 3.299999999999999822 ) ) ;
#3435 = EDGE_CURVE ( 'NONE', #4105, #1489, #313, .T. ) ;
#3436 = COLOUR_RGB ( '',0.0000000000000000000, 0.0000000000000000000, 0.0000000000000000000 ) ;
#3437 = EDGE_CURVE ( 'NONE', #3189, #2490, #3880, .T. ) ;
#3438 = CARTESIAN_POINT ( 'NONE',  ( 5.290000000000003588, 3.010000000000000231, -2.050000000000496758 ) ) ;
#3439 = APPLICATION_PROTOCOL_DEFINITION ( 'draft international standard', 'automotive_design', 1998, #3916 ) ;
#3440 = DIRECTION ( 'NONE',  ( -0.0000000000000000000, 0.0000000000000000000, -1.000000000000000000 ) ) ;
#3441 = VECTOR ( 'NONE', #5937, 1000.000000000000114 ) ;
#3442 = AXIS2_PLACEMENT_3D ( 'NONE', #1822, #6153, #1380 ) ;
#3443 = PRESENTATION_LAYER_ASSIGNMENT (  '', '', ( #4181 ) ) ;
#3444 = DIRECTION ( 'NONE',  ( 0.7145695586381805020, 0.0000000000000000000, -0.6995643972270430000 ) ) ;
#3446 = PLANE ( 'NONE',  #2113 ) ;
#3445 = PLANE ( 'NONE',  #2346 ) ;
#3447 = STYLED_ITEM ( 'NONE', ( #1138 ), #4472 ) ;
#3448 = FACE_BOUND ( 'NONE', #4564, .T. ) ;
#3449 = FACE_OUTER_BOUND ( 'NONE', #6237, .T. ) ;
#3450 = DIRECTION ( 'NONE',  ( -1.000000000000000000, 0.0000000000000000000, 0.0000000000000000000 ) ) ;
#3451 = ADVANCED_FACE ( 'NONE', ( #5314 ), #2855, .T. ) ;
#3453 = DIRECTION ( 'NONE',  ( 0.9998476951563913806, 0.01745240643728369206, 0.0000000000000000000 ) ) ;
#3452 =( NAMED_UNIT ( * ) PLANE_ANGLE_UNIT ( ) SI_UNIT ( $, .RADIAN. ) );
#3454 = EDGE_CURVE ( 'NONE', #3932, #3110, #1321, .T. ) ;
#3455 = UNCERTAINTY_MEASURE_WITH_UNIT (LENGTH_MEASURE( 1.000000000000000082E-05 ), #3727, 'distance_accuracy_value', 'NONE');
#3456 = PRESENTATION_LAYER_ASSIGNMENT (  '', '', ( #3127 ) ) ;
#3457 =( NAMED_UNIT ( * ) SI_UNIT ( $, .STERADIAN. ) SOLID_ANGLE_UNIT ( ) );
#3458 = EDGE_CURVE ( 'NONE', #3354, #1876, #4933, .T. ) ;
#3459 = FILL_AREA_STYLE_COLOUR ( '', #2421 ) ;
#3460 = DIRECTION ( 'NONE',  ( 1.000000000000000000, 0.0000000000000000000, 0.0000000000000000000 ) ) ;
#3461 = ADVANCED_FACE ( 'NONE', ( #6238 ), #3846, .T. ) ;
#3462 = ORIENTED_EDGE ( 'NONE', *, *, #5380, .F. ) ;
#3463 = LINE ( 'NONE', #1469, #1992 ) ;
#3464 =( GEOMETRIC_REPRESENTATION_CONTEXT ( 3 ) GLOBAL_UNCERTAINTY_ASSIGNED_CONTEXT ( ( #2800 ) ) GLOBAL_UNIT_ASSIGNED_CONTEXT ( ( #2403, #1640, #5495 ) ) REPRESENTATION_CONTEXT ( 'NONE', 'WORKASPACE' ) );
#3465 = VECTOR ( 'NONE', #1939, 1000.000000000000000 ) ;
#3466 = SURFACE_STYLE_FILL_AREA ( #918 ) ;
#3467 = STYLED_ITEM ( 'NONE', ( #3714 ), #3686 ) ;
#3468 = VERTEX_POINT ( 'NONE', #968 ) ;
#3470 = DIRECTION ( 'NONE',  ( -0.02616798426497939090, -0.9993150019883697555, -0.02616798426497938396 ) ) ;
#3469 =( LENGTH_UNIT ( ) NAMED_UNIT ( * ) SI_UNIT ( .MILLI., .METRE. ) );
#3471 = ORIENTED_EDGE ( 'NONE', *, *, #444, .F. ) ;
#3472 = VECTOR ( 'NONE', #2820, 1000.000000000000000 ) ;
#3473 = VERTEX_POINT ( 'NONE', #5799 ) ;
#3474 = EDGE_CURVE ( 'NONE', #1467, #4647, #788, .T. ) ;
#3475 = CARTESIAN_POINT ( 'NONE',  ( 0.3829972708428661665, 4.000499999999999723, 0.6703702798221505832 ) ) ;
#3476 = FACE_OUTER_BOUND ( 'NONE', #6264, .T. ) ;
#3478 = CARTESIAN_POINT ( 'NONE',  ( -5.550000000000002487, 3.099999999999975664, -1.750000000000196732 ) ) ;
#3477 = PLANE ( 'NONE',  #5184 ) ;
#3479 = FACE_OUTER_BOUND ( 'NONE', #6227, .T. ) ;
#3480 = DIRECTION ( 'NONE',  ( 0.0000000000000000000, 1.000000000000000000, 0.0000000000000000000 ) ) ;
#3481 = ORIENTED_EDGE ( 'NONE', *, *, #3024, .F. ) ;
#3482 = CARTESIAN_POINT ( 'NONE',  ( 3.630496878785439030, 2.950000000000000178, -5.080000000000000959 ) ) ;
#3483 =( LENGTH_UNIT ( ) NAMED_UNIT ( * ) SI_UNIT ( .MILLI., .METRE. ) );
#3484 = DIRECTION ( 'NONE',  ( -2.620428211445328459E-16, 1.000000000000000000, 2.319149032054553916E-16 ) ) ;
#3485 = EDGE_LOOP ( 'NONE', ( #1420, #6004, #3430, #3078 ) ) ;
#3486 = CARTESIAN_POINT ( 'NONE',  ( -2.132957182187180667, 4.000499999999999723, 0.6703702798221644610 ) ) ;
#3487 = ORIENTED_EDGE ( 'NONE', *, *, #2474, .T. ) ;
#3488 = EDGE_LOOP ( 'NONE', ( #556, #5233, #560, #2366 ) ) ;
#3489 = PRESENTATION_LAYER_ASSIGNMENT (  '', '', ( #2724 ) ) ;
#3490 = ADVANCED_FACE ( 'NONE', ( #4241 ), #941, .F. ) ;
#3491 = ORIENTED_EDGE ( 'NONE', *, *, #3969, .F. ) ;
#3492 =( GEOMETRIC_REPRESENTATION_CONTEXT ( 3 ) GLOBAL_UNCERTAINTY_ASSIGNED_CONTEXT ( ( #5910 ) ) GLOBAL_UNIT_ASSIGNED_CONTEXT ( ( #666, #2540, #3056 ) ) REPRESENTATION_CONTEXT ( 'NONE', 'WORKASPACE' ) );
#3493 = SURFACE_STYLE_USAGE ( .BOTH. , #3994 ) ;
#3494 = ORIENTED_EDGE ( 'NONE', *, *, #5989, .F. ) ;
#3496 = CARTESIAN_POINT ( 'NONE',  ( 2.009699322137077360, 4.000499999999999723, 0.08206727095614561873 ) ) ;
#3495 = PLANE ( 'NONE',  #270 ) ;
#3497 = LINE ( 'NONE', #2218, #5689 ) ;
#3498 = ORIENTED_EDGE ( 'NONE', *, *, #5040, .T. ) ;
#3499 = EDGE_LOOP ( 'NONE', ( #2925, #18, #2324, #5795 ) ) ;
#3500 = ORIENTED_EDGE ( 'NONE', *, *, #944, .T. ) ;
#3501 = UNCERTAINTY_MEASURE_WITH_UNIT (LENGTH_MEASURE( 1.000000000000000082E-05 ), #3225, 'distance_accuracy_value', 'NONE');
#3502 = PRESENTATION_LAYER_ASSIGNMENT (  '', '', ( #1466 ) ) ;
#3503 = PRESENTATION_LAYER_ASSIGNMENT (  '', '', ( #1468 ) ) ;
#3504 = VERTEX_POINT ( 'NONE', #2510 ) ;
#3505 = COLOUR_RGB ( '',0.0000000000000000000, 0.0000000000000000000, 0.0000000000000000000 ) ;
#3506 = CARTESIAN_POINT ( 'NONE',  ( 5.550000000000001599, 2.989999999999999769, -3.299999999999999822 ) ) ;
#3507 = SURFACE_STYLE_USAGE ( .BOTH. , #1091 ) ;
#3508 = CIRCLE ( 'NONE', #2585, 0.2599999999999997868 ) ;
#3509 = CARTESIAN_POINT ( 'NONE',  ( -5.051998571447401609, 0.2000000000000000944, -5.099999999999998757 ) ) ;
#3510 = ORIENTED_EDGE ( 'NONE', *, *, #2013, .F. ) ;
#3511 = ORIENTED_EDGE ( 'NONE', *, *, #501, .F. ) ;
#3512 = ORIENTED_EDGE ( 'NONE', *, *, #5380, .T. ) ;
#3513 =( NAMED_UNIT ( * ) PLANE_ANGLE_UNIT ( ) SI_UNIT ( $, .RADIAN. ) );
#3514 = ORIENTED_EDGE ( 'NONE', *, *, #1314, .F. ) ;
#3515 = FILL_AREA_STYLE ('',( #653 ) ) ;
#3516 = VERTEX_POINT ( 'NONE', #87 ) ;
#3517 = DIRECTION ( 'NONE',  ( 0.0000000000000000000, -1.000000000000000000, 0.0000000000000000000 ) ) ;
#3518 = MECHANICAL_DESIGN_GEOMETRIC_PRESENTATION_REPRESENTATION (  '', ( #5272 ), #5902 ) ;
#3519 = PLANE ( 'NONE',  #5525 ) ;
#3520 = PLANE ( 'NONE',  #2507 ) ;
#3522 = DIRECTION ( 'NONE',  ( -0.2732148821745933875, 0.0000000000000000000, 0.9619530280415582446 ) ) ;
#3521 = CARTESIAN_POINT ( 'NONE',  ( 5.290000000000001812, 2.989999999999999769, 3.299999999999999822 ) ) ;
#3523 = EDGE_CURVE ( 'NONE', #4765, #5614, #1551, .T. ) ;
#3524 =( NAMED_UNIT ( * ) SI_UNIT ( $, .STERADIAN. ) SOLID_ANGLE_UNIT ( ) );
#3525 =( NAMED_UNIT ( * ) SI_UNIT ( $, .STERADIAN. ) SOLID_ANGLE_UNIT ( ) );
#3526 = FACE_OUTER_BOUND ( 'NONE', #160, .T. ) ;
#3527 = EDGE_CURVE ( 'NONE', #2432, #339, #2509, .T. ) ;
#3528 =( NAMED_UNIT ( * ) PLANE_ANGLE_UNIT ( ) SI_UNIT ( $, .RADIAN. ) );
#3529 = FILL_AREA_STYLE ('',( #3945 ) ) ;
#3530 = DIRECTION ( 'NONE',  ( 0.0000000000000000000, 0.9996573249755572599, 0.02617694830787320806 ) ) ;
#3531 = PRESENTATION_STYLE_ASSIGNMENT (( #2557 ) ) ;
#3533 =( NAMED_UNIT ( * ) SI_UNIT ( $, .STERADIAN. ) SOLID_ANGLE_UNIT ( ) );
#3532 = CARTESIAN_POINT ( 'NONE',  ( 5.051998571447397168, 0.2000000000000013989, -5.100000000000002309 ) ) ;
#3535 = DIRECTION ( 'NONE',  ( 0.01744974916068270376, 0.9996954598818874604, -0.01744974916068272458 ) ) ;
#3534 = DIRECTION ( 'NONE',  ( -1.000000000000000000, 0.0000000000000000000, 1.849886331845575074E-14 ) ) ;
#3536 = STYLED_ITEM ( 'NONE', ( #1439 ), #5088 ) ;
#3537 = PRESENTATION_LAYER_ASSIGNMENT (  '', '', ( #1837 ) ) ;
#3538 = LINE ( 'NONE', #344, #2853 ) ;
#3539 = UNCERTAINTY_MEASURE_WITH_UNIT (LENGTH_MEASURE( 1.000000000000000082E-05 ), #935, 'distance_accuracy_value', 'NONE');
#3540 = FILL_AREA_STYLE ('',( #2559 ) ) ;
#3541 = VECTOR ( 'NONE', #1880, 1000.000000000000000 ) ;
#3542 = CARTESIAN_POINT ( 'NONE',  ( 5.550000000000002487, 0.1999999999999996503, 2.499999999999998668 ) ) ;
#3543 = SURFACE_STYLE_USAGE ( .BOTH. , #4417 ) ;
#3544 = SURFACE_STYLE_FILL_AREA ( #4193 ) ;
#3545 = MECHANICAL_DESIGN_GEOMETRIC_PRESENTATION_REPRESENTATION (  '', ( #2854 ), #2043 ) ;
#3546 = COLOUR_RGB ( '',0.0000000000000000000, 0.0000000000000000000, 0.0000000000000000000 ) ;
#3547 = DIRECTION ( 'NONE',  ( -0.0000000000000000000, -1.000000000000000000, 0.0000000000000000000 ) ) ;
#3548 = DIRECTION ( 'NONE',  ( -0.0000000000000000000, -0.0000000000000000000, 1.000000000000000000 ) ) ;
#3549 = ORIENTED_EDGE ( 'NONE', *, *, #944, .F. ) ;
#3550 = EDGE_LOOP ( 'NONE', ( #706, #4019, #5187, #6003 ) ) ;
#3551 = EDGE_CURVE ( 'NONE', #714, #2823, #1240, .T. ) ;
#3552 = ADVANCED_FACE ( 'NONE', ( #3479 ), #4, .T. ) ;
#3553 =( GEOMETRIC_REPRESENTATION_CONTEXT ( 3 ) GLOBAL_UNCERTAINTY_ASSIGNED_CONTEXT ( ( #4430 ) ) GLOBAL_UNIT_ASSIGNED_CONTEXT ( ( #5811, #1437, #1887 ) ) REPRESENTATION_CONTEXT ( 'NONE', 'WORKASPACE' ) );
#3554 = VECTOR ( 'NONE', #3283, 1000.000000000000000 ) ;
#3555 = SURFACE_SIDE_STYLE ('',( #5009 ) ) ;
#3556 = EDGE_CURVE ( 'NONE', #2441, #2022, #5086, .T. ) ;
#3558 = CARTESIAN_POINT ( 'NONE',  ( 5.290000000000001812, 2.989999999999999769, 3.299999999999999822 ) ) ;
#3557 = FILL_AREA_STYLE ('',( #1694 ) ) ;
#3559 = SURFACE_STYLE_FILL_AREA ( #2579 ) ;
#3560 = ORIENTED_EDGE ( 'NONE', *, *, #1309, .T. ) ;
#3561 = VERTEX_POINT ( 'NONE', #5406 ) ;
#3562 = ORIENTED_EDGE ( 'NONE', *, *, #1235, .T. ) ;
#3563 = ORIENTED_EDGE ( 'NONE', *, *, #2673, .F. ) ;
#3564 =( NAMED_UNIT ( * ) PLANE_ANGLE_UNIT ( ) SI_UNIT ( $, .RADIAN. ) );
#3565 = EDGE_LOOP ( 'NONE', ( #4626, #5781, #698, #3575 ) ) ;
#3566 = ORIENTED_EDGE ( 'NONE', *, *, #5510, .T. ) ;
#3567 = ORIENTED_EDGE ( 'NONE', *, *, #75, .F. ) ;
#3568 =( NAMED_UNIT ( * ) SI_UNIT ( $, .STERADIAN. ) SOLID_ANGLE_UNIT ( ) );
#3569 =( NAMED_UNIT ( * ) SI_UNIT ( $, .STERADIAN. ) SOLID_ANGLE_UNIT ( ) );
#3570 = ORIENTED_EDGE ( 'NONE', *, *, #1029, .F. ) ;
#3571 =( GEOMETRIC_REPRESENTATION_CONTEXT ( 3 ) GLOBAL_UNCERTAINTY_ASSIGNED_CONTEXT ( ( #3023 ) ) GLOBAL_UNIT_ASSIGNED_CONTEXT ( ( #2076, #3513, #2105 ) ) REPRESENTATION_CONTEXT ( 'NONE', 'WORKASPACE' ) );
#3572 = AXIS2_PLACEMENT_3D ( 'NONE', #4510, #1128, #181 ) ;
#3573 = ORIENTED_EDGE ( 'NONE', *, *, #6285, .T. ) ;
#3574 = ORIENTED_EDGE ( 'NONE', *, *, #5510, .F. ) ;
#3575 = ORIENTED_EDGE ( 'NONE', *, *, #699, .T. ) ;
#3576 = UNCERTAINTY_MEASURE_WITH_UNIT (LENGTH_MEASURE( 1.000000000000000082E-05 ), #2463, 'distance_accuracy_value', 'NONE');
#3577 = FILL_AREA_STYLE_COLOUR ( '', #5908 ) ;
#3579 = CARTESIAN_POINT ( 'NONE',  ( -5.550000000000002487, 2.989999999999999769, -2.048660687473682795 ) ) ;
#3578 = CARTESIAN_POINT ( 'NONE',  ( -0.7776323108043736720, 4.000499999999999723, 0.6703702798221553572 ) ) ;
#3580 = ORIENTED_EDGE ( 'NONE', *, *, #1898, .T. ) ;
#3581 = LINE ( 'NONE', #2122, #3744 ) ;
#3582 = COLOUR_RGB ( '',0.0000000000000000000, 0.0000000000000000000, 0.0000000000000000000 ) ;
#3583 = VERTEX_POINT ( 'NONE', #5888 ) ;
#3584 =( GEOMETRIC_REPRESENTATION_CONTEXT ( 3 ) GLOBAL_UNCERTAINTY_ASSIGNED_CONTEXT ( ( #4202 ) ) GLOBAL_UNIT_ASSIGNED_CONTEXT ( ( #1443, #2353, #1871 ) ) REPRESENTATION_CONTEXT ( 'NONE', 'WORKASPACE' ) );
#3585 = MECHANICAL_DESIGN_GEOMETRIC_PRESENTATION_REPRESENTATION (  '', ( #552 ), #4879 ) ;
#3586 = AXIS2_PLACEMENT_3D ( 'NONE', #5435, #5460, #2550 ) ;
#3587 =( NAMED_UNIT ( * ) PLANE_ANGLE_UNIT ( ) SI_UNIT ( $, .RADIAN. ) );
#3588 = ADVANCED_FACE ( 'NONE', ( #3407 ), #1712, .F. ) ;
#3589 = VERTEX_POINT ( 'NONE', #4872 ) ;
#3590 = EDGE_CURVE ( 'NONE', #1166, #5690, #5765, .T. ) ;
#3591 =( NAMED_UNIT ( * ) PLANE_ANGLE_UNIT ( ) SI_UNIT ( $, .RADIAN. ) );
#3592 = DIRECTION ( 'NONE',  ( 1.000000000000000000, 0.0000000000000000000, 6.514088330381704169E-14 ) ) ;
#3593 = PRESENTATION_LAYER_ASSIGNMENT (  '', '', ( #692 ) ) ;
#3594 = ORIENTED_EDGE ( 'NONE', *, *, #303, .F. ) ;
#3595 = VECTOR ( 'NONE', #6005, 1000.000000000000000 ) ;
#3596 = PLANE ( 'NONE',  #4584 ) ;
#3597 = PLANE ( 'NONE',  #4997 ) ;
#3598 = DIRECTION ( 'NONE',  ( 0.9610029908221257022, 0.0000000000000000000, 0.2765379750250032131 ) ) ;
#3599 = VECTOR ( 'NONE', #194, 1000.000000000000114 ) ;
#3600 = PLANE ( 'NONE',  #2019 ) ;
#3602 =( LENGTH_UNIT ( ) NAMED_UNIT ( * ) SI_UNIT ( .MILLI., .METRE. ) );
#3601 =( NAMED_UNIT ( * ) SI_UNIT ( $, .STERADIAN. ) SOLID_ANGLE_UNIT ( ) );
#3603 = EDGE_CURVE ( 'NONE', #2160, #1546, #3163, .T. ) ;
#3604 = CARTESIAN_POINT ( 'NONE',  ( -0.6070688727658387629, 4.000499999999999723, -0.6703702798221874426 ) ) ;
#3605 = DIRECTION ( 'NONE',  ( 0.0000000000000000000, -1.000000000000000000, -0.0000000000000000000 ) ) ;
#3606 = SURFACE_STYLE_USAGE ( .BOTH. , #5478 ) ;
#3607 = COLOUR_RGB ( '',0.0000000000000000000, 0.0000000000000000000, 0.0000000000000000000 ) ;
#3608 = MECHANICAL_DESIGN_GEOMETRIC_PRESENTATION_REPRESENTATION (  '', ( #3064 ), #4374 ) ;
#3609 = UNCERTAINTY_MEASURE_WITH_UNIT (LENGTH_MEASURE( 1.000000000000000082E-05 ), #3637, 'distance_accuracy_value', 'NONE');
#3610 = SURFACE_STYLE_USAGE ( .BOTH. , #192 ) ;
#3611 = DIRECTION ( 'NONE',  ( -1.000000000000000000, 0.0000000000000000000, 0.0000000000000000000 ) ) ;
#3612 = VECTOR ( 'NONE', #2111, 1000.000000000000000 ) ;
#3613 = SURFACE_STYLE_FILL_AREA ( #2204 ) ;
#3614 = ADVANCED_FACE ( 'NONE', ( #5456 ), #3520, .T. ) ;
#3615 =( NAMED_UNIT ( * ) SI_UNIT ( $, .STERADIAN. ) SOLID_ANGLE_UNIT ( ) );
#3617 = SURFACE_SIDE_STYLE ('',( #3107 ) ) ;
#3616 = DIRECTION ( 'NONE',  ( -0.9610876102172816182, 0.0000000000000000000, -0.2762437428917342563 ) ) ;
#3618 = STYLED_ITEM ( 'NONE', ( #3373 ), #4921 ) ;
#3619 = SURFACE_STYLE_FILL_AREA ( #1986 ) ;
#3620 = FACE_OUTER_BOUND ( 'NONE', #1814, .T. ) ;
#3621 = VECTOR ( 'NONE', #5686, 1000.000000000000000 ) ;
#3622 = FACE_OUTER_BOUND ( 'NONE', #470, .T. ) ;
#3623 = LINE ( 'NONE', #334, #5665 ) ;
#3624 = ORIENTED_EDGE ( 'NONE', *, *, #2089, .T. ) ;
#3625 = FILL_AREA_STYLE ('',( #2055 ) ) ;
#3626 = VERTEX_POINT ( 'NONE', #1659 ) ;
#3627 =( LENGTH_UNIT ( ) NAMED_UNIT ( * ) SI_UNIT ( .MILLI., .METRE. ) );
#3628 = FACE_BOUND ( 'NONE', #238, .T. ) ;
#3629 = VECTOR ( 'NONE', #891, 1000.000000000000114 ) ;
#3630 = CARTESIAN_POINT ( 'NONE',  ( 3.552227028712819479, 0.2000000000000002331, 5.051998571447398945 ) ) ;
#3631 = ORIENTED_EDGE ( 'NONE', *, *, #5017, .F. ) ;
#3632 = MECHANICAL_DESIGN_GEOMETRIC_PRESENTATION_REPRESENTATION (  '', ( #1843 ), #388 ) ;
#3633 = VERTEX_POINT ( 'NONE', #152 ) ;
#3634 = EDGE_CURVE ( 'NONE', #809, #786, #1003, .T. ) ;
#3635 = DIRECTION ( 'NONE',  ( -0.02617694830787320806, -0.9996573249755572599, 0.0000000000000000000 ) ) ;
#3636 = FACE_OUTER_BOUND ( 'NONE', #3015, .T. ) ;
#3637 =( LENGTH_UNIT ( ) NAMED_UNIT ( * ) SI_UNIT ( .MILLI., .METRE. ) );
#3638 = VECTOR ( 'NONE', #4106, 1000.000000000000000 ) ;
#3639 =( NAMED_UNIT ( * ) PLANE_ANGLE_UNIT ( ) SI_UNIT ( $, .RADIAN. ) );
#3640 = COLOUR_RGB ( '',0.0000000000000000000, 0.0000000000000000000, 0.0000000000000000000 ) ;
#3641 = VERTEX_POINT ( 'NONE', #4017 ) ;
#3642 = EDGE_CURVE ( 'NONE', #3270, #89, #1311, .T. ) ;
#3643 = CARTESIAN_POINT ( 'NONE',  ( 5.550000000000002487, 3.009999999999999787, 2.050000000000495870 ) ) ;
#3644 = ORIENTED_EDGE ( 'NONE', *, *, #3634, .F. ) ;
#3646 = CARTESIAN_POINT ( 'NONE',  ( -5.550000000000001599, 2.996626828304406409, -2.049552224895853758 ) ) ;
#3645 = PLANE ( 'NONE',  #3888 ) ;
#3647 = VERTEX_POINT ( 'NONE', #5425 ) ;
#3648 = ORIENTED_EDGE ( 'NONE', *, *, #2126, .T. ) ;
#3649 = VERTEX_POINT ( 'NONE', #2538 ) ;
#3650 = EDGE_CURVE ( 'NONE', #2677, #4567, #2583, .T. ) ;
#3651 = PRESENTATION_STYLE_ASSIGNMENT (( #4606 ) ) ;
#3652 =( NAMED_UNIT ( * ) PLANE_ANGLE_UNIT ( ) SI_UNIT ( $, .RADIAN. ) );
#3654 = CARTESIAN_POINT ( 'NONE',  ( -5.078952563137232090, 2.989999999999999769, -5.079999999999998295 ) ) ;
#3653 = DIRECTION ( 'NONE',  ( -0.0000000000000000000, -0.0000000000000000000, 1.000000000000000000 ) ) ;
#3655 = VERTEX_POINT ( 'NONE', #6006 ) ;
#3656 = VERTEX_POINT ( 'NONE', #4034 ) ;
#3657 = VERTEX_POINT ( 'NONE', #195 ) ;
#3658 = EDGE_LOOP ( 'NONE', ( #5549, #2082, #4040, #5936 ) ) ;
#3659 = DIRECTION ( 'NONE',  ( 0.8958676361826801715, 0.0000000000000000000, 0.4443210308329519909 ) ) ;
#3660 = ORIENTED_EDGE ( 'NONE', *, *, #6296, .F. ) ;
#3661 = UNCERTAINTY_MEASURE_WITH_UNIT (LENGTH_MEASURE( 1.000000000000000082E-05 ), #3083, 'distance_accuracy_value', 'NONE');
#3662 = DIRECTION ( 'NONE',  ( -0.3725077383644725959, 0.0000000000000000000, -0.9280290862136733043 ) ) ;
#3663 = CARTESIAN_POINT ( 'NONE',  ( 5.079999999999995630, 4.000000000000000000, -5.052504782352356116 ) ) ;
#3664 = AXIS2_PLACEMENT_3D ( 'NONE', #144, #2549, #3006 ) ;
#3665 = EDGE_LOOP ( 'NONE', ( #2514, #697, #2726, #5942 ) ) ;
#3666 = FILL_AREA_STYLE ('',( #3247 ) ) ;
#3667 = ORIENTED_EDGE ( 'NONE', *, *, #1201, .F. ) ;
#3668 = DIRECTION ( 'NONE',  ( -1.000000000000000000, 3.354250471127030822E-16, 7.779006733382785237E-32 ) ) ;
#3669 =( NAMED_UNIT ( * ) PLANE_ANGLE_UNIT ( ) SI_UNIT ( $, .RADIAN. ) );
#3670 = PRESENTATION_STYLE_ASSIGNMENT (( #265 ) ) ;
#3671 = ORIENTED_EDGE ( 'NONE', *, *, #4726, .T. ) ;
#3672 = LINE ( 'NONE', #1903, #186 ) ;
#3673 = PRESENTATION_LAYER_ASSIGNMENT (  '', '', ( #4311 ) ) ;
#3674 = PRESENTATION_LAYER_ASSIGNMENT (  '', '', ( #1436 ) ) ;
#3675 = DIRECTION ( 'NONE',  ( 0.0000000000000000000, 1.000000000000000000, 0.0000000000000000000 ) ) ;
#3676 = VECTOR ( 'NONE', #239, 1000.000000000000114 ) ;
#3677 = CARTESIAN_POINT ( 'NONE',  ( -5.052504782352354340, 4.000000000000000000, 3.603001661137794631 ) ) ;
#3678 = MECHANICAL_DESIGN_GEOMETRIC_PRESENTATION_REPRESENTATION (  '', ( #3135 ), #2747 ) ;
#3679 = CARTESIAN_POINT ( 'NONE',  ( 5.099999999999996980, 2.950000000000000178, -4.478829697740178695 ) ) ;
#3680 = PRESENTATION_LAYER_ASSIGNMENT (  '', '', ( #2706 ) ) ;
#3681 = CARTESIAN_POINT ( 'NONE',  ( 1.970416612737251105, 4.000499999999999723, 0.4152446551201242064 ) ) ;
#3682 = FACE_OUTER_BOUND ( 'NONE', #1651, .T. ) ;
#3683 = EDGE_CURVE ( 'NONE', #4475, #4534, #1389, .T. ) ;
#3684 = SURFACE_STYLE_FILL_AREA ( #1505 ) ;
#3685 = STYLED_ITEM ( 'NONE', ( #6275 ), #2219 ) ;
#3686 = ADVANCED_FACE ( 'NONE', ( #2730 ), #4936, .F. ) ;
#3687 = PLANE ( 'NONE',  #6200 ) ;
#3688 = FILL_AREA_STYLE_COLOUR ( '', #2581 ) ;
#3690 = CARTESIAN_POINT ( 'NONE',  ( 5.290000000000001812, 2.989999999999999769, 3.299999999999999822 ) ) ;
#3689 = DIRECTION ( 'NONE',  ( 0.0000000000000000000, -1.000000000000000000, 0.0000000000000000000 ) ) ;
#3691 = VECTOR ( 'NONE', #4165, 1000.000000000000000 ) ;
#3692 = CARTESIAN_POINT ( 'NONE',  ( 5.290000000000001812, 3.250000000000000000, 3.299999999999999822 ) ) ;
#3693 = EDGE_CURVE ( 'NONE', #412, #4694, #1154, .T. ) ;
#3694 = VECTOR ( 'NONE', #1072, 1000.000000000000114 ) ;
#3695 = CARTESIAN_POINT ( 'NONE',  ( 3.550000000000003375, 0.1999999999999990119, 2.499999999999998668 ) ) ;
#3696 =( NAMED_UNIT ( * ) PLANE_ANGLE_UNIT ( ) SI_UNIT ( $, .RADIAN. ) );
#3697 = UNCERTAINTY_MEASURE_WITH_UNIT (LENGTH_MEASURE( 1.000000000000000082E-05 ), #5739, 'distance_accuracy_value', 'NONE');
#3698 = LINE ( 'NONE', #2443, #5438 ) ;
#3699 = DIRECTION ( 'NONE',  ( 0.02616798426497936661, -0.9993150019883697555, -0.02616798426497940130 ) ) ;
#3700 = MECHANICAL_DESIGN_GEOMETRIC_PRESENTATION_REPRESENTATION (  '', ( #2724 ), #48 ) ;
#3701 = MECHANICAL_DESIGN_GEOMETRIC_PRESENTATION_REPRESENTATION (  '', ( #5975 ), #678 ) ;
#3702 = DIRECTION ( 'NONE',  ( 0.01744974916068274193, 0.9996954598818874604, 0.01744974916068272111 ) ) ;
#3703 = COLOUR_RGB ( '',1.000000000000000000, 1.000000000000000000, 1.000000000000000000 ) ;
#3704 = CARTESIAN_POINT ( 'NONE',  ( -1.983374227675258394, 4.000499999999999723, 0.6703702798221600201 ) ) ;
#3705 = CARTESIAN_POINT ( 'NONE',  ( -5.550000000000002487, 3.099999999999975664, -0.1500000000001506517 ) ) ;
#3706 = DIRECTION ( 'NONE',  ( 0.0000000000000000000, -2.319149032054553916E-16, 1.000000000000000000 ) ) ;
#3707 = DIRECTION ( 'NONE',  ( -1.000000000000000000, 0.0000000000000000000, 0.0000000000000000000 ) ) ;
#3709 = PLANE ( 'NONE',  #2263 ) ;
#3708 =( NAMED_UNIT ( * ) SI_UNIT ( $, .STERADIAN. ) SOLID_ANGLE_UNIT ( ) );
#3710 = ORIENTED_EDGE ( 'NONE', *, *, #1447, .T. ) ;
#3711 = AXIS2_PLACEMENT_3D ( 'NONE', #4505, #6050, #2170 ) ;
#3712 = ORIENTED_EDGE ( 'NONE', *, *, #3257, .F. ) ;
#3713 = COLOUR_RGB ( '',0.0000000000000000000, 0.0000000000000000000, 0.0000000000000000000 ) ;
#3714 = PRESENTATION_STYLE_ASSIGNMENT (( #582 ) ) ;
#3715 =( LENGTH_UNIT ( ) NAMED_UNIT ( * ) SI_UNIT ( .MILLI., .METRE. ) );
#3716 = ORIENTED_EDGE ( 'NONE', *, *, #1201, .T. ) ;
#3717 = CARTESIAN_POINT ( 'NONE',  ( -5.550000000000001599, 2.989999999999999769, 3.299999999999999822 ) ) ;
#3718 = ORIENTED_EDGE ( 'NONE', *, *, #396, .F. ) ;
#3719 =( GEOMETRIC_REPRESENTATION_CONTEXT ( 3 ) GLOBAL_UNCERTAINTY_ASSIGNED_CONTEXT ( ( #1916 ) ) GLOBAL_UNIT_ASSIGNED_CONTEXT ( ( #5920, #2998, #3524 ) ) REPRESENTATION_CONTEXT ( 'NONE', 'WORKASPACE' ) );
#3720 = CYLINDRICAL_SURFACE ( 'NONE', #5241, 0.2599999999999997868 ) ;
#3721 = LINE ( 'NONE', #4026, #5916 ) ;
#3722 = CARTESIAN_POINT ( 'NONE',  ( -5.290000000000001812, 3.250000000000000000, 0.1500000000001491529 ) ) ;
#3723 = VERTEX_POINT ( 'NONE', #2595 ) ;
#3724 = SURFACE_SIDE_STYLE ('',( #201 ) ) ;
#3725 = VERTEX_POINT ( 'NONE', #180 ) ;
#3726 = CARTESIAN_POINT ( 'NONE',  ( -0.8583053624837979623, 4.000499999999999723, 0.08206727095333087030 ) ) ;
#3727 =( LENGTH_UNIT ( ) NAMED_UNIT ( * ) SI_UNIT ( .MILLI., .METRE. ) );
#3728 = DIRECTION ( 'NONE',  ( 1.000000000000000000, 0.0000000000000000000, -0.0000000000000000000 ) ) ;
#3729 = ORIENTED_EDGE ( 'NONE', *, *, #3019, .F. ) ;
#3730 = PRESENTATION_LAYER_ASSIGNMENT (  '', '', ( #3388 ) ) ;
#3731 = EDGE_CURVE ( 'NONE', #5014, #106, #5374, .T. ) ;
#3732 = CARTESIAN_POINT ( 'NONE',  ( -5.550000000000002487, 3.100000000000000533, 2.050000000000439915 ) ) ;
#3733 = VERTEX_POINT ( 'NONE', #1629 ) ;
#3735 = CARTESIAN_POINT ( 'NONE',  ( 1.270698448461881069, 4.000000000000000000, -0.6703702798222154202 ) ) ;
#3734 = PLANE ( 'NONE',  #4196 ) ;
#3736 = ORIENTED_EDGE ( 'NONE', *, *, #4138, .F. ) ;
#3737 = CARTESIAN_POINT ( 'NONE',  ( 5.080000000000002736, 2.950000000000000178, 2.050000000000439915 ) ) ;
#3738 = B_SPLINE_CURVE_WITH_KNOTS ( 'NONE', 3,
 ( #6125, #4683, #4222, #6144 ),
 .UNSPECIFIED., .F., .F.,
 ( 4, 4 ),
 ( 0.0000000000000000000, 2.005959199886635987E-05 ),
 .UNSPECIFIED. ) ;
#3739 = CYLINDRICAL_SURFACE ( 'NONE', #4554, 0.1500000000001500133 ) ;
#3740 = ORIENTED_EDGE ( 'NONE', *, *, #3650, .F. ) ;
#3741 = ORIENTED_EDGE ( 'NONE', *, *, #829, .F. ) ;
#3742 = EDGE_CURVE ( 'NONE', #2179, #3657, #2794, .T. ) ;
#3743 = EDGE_LOOP ( 'NONE', ( #3481, #5008, #2424, #5679 ) ) ;
#3744 = VECTOR ( 'NONE', #2080, 1000.000000000000000 ) ;
#3745 = MECHANICAL_DESIGN_GEOMETRIC_PRESENTATION_REPRESENTATION (  '', ( #255 ), #2337 ) ;
#3746 = SURFACE_STYLE_FILL_AREA ( #1548 ) ;
#3747 = VECTOR ( 'NONE', #4988, 1000.000000000000000 ) ;
#3748 = ORIENTED_EDGE ( 'NONE', *, *, #1348, .T. ) ;
#3749 = UNCERTAINTY_MEASURE_WITH_UNIT (LENGTH_MEASURE( 1.000000000000000082E-05 ), #382, 'distance_accuracy_value', 'NONE');
#3750 =( NAMED_UNIT ( * ) PLANE_ANGLE_UNIT ( ) SI_UNIT ( $, .RADIAN. ) );
#3751 = DIRECTION ( 'NONE',  ( 0.0000000000000000000, 0.0000000000000000000, 1.000000000000000000 ) ) ;
#3752 =( GEOMETRIC_REPRESENTATION_CONTEXT ( 3 ) GLOBAL_UNCERTAINTY_ASSIGNED_CONTEXT ( ( #4696 ) ) GLOBAL_UNIT_ASSIGNED_CONTEXT ( ( #5681, #3216, #3198 ) ) REPRESENTATION_CONTEXT ( 'NONE', 'WORKASPACE' ) );
#3753 = DIRECTION ( 'NONE',  ( 1.000000000000000000, -0.0000000000000000000, -8.503546450866698350E-17 ) ) ;
#3754 = DIRECTION ( 'NONE',  ( -0.02617694830787320806, 0.9996573249755572599, 0.0000000000000000000 ) ) ;
#3755 = MECHANICAL_DESIGN_GEOMETRIC_PRESENTATION_REPRESENTATION (  '', ( #3798 ), #4079 ) ;
#3756 = SURFACE_STYLE_FILL_AREA ( #4466 ) ;
#3757 = FACE_OUTER_BOUND ( 'NONE', #2671, .T. ) ;
#3758 = MECHANICAL_DESIGN_GEOMETRIC_PRESENTATION_REPRESENTATION (  '', ( #5869 ), #5056 ) ;
#3759 =( NAMED_UNIT ( * ) SI_UNIT ( $, .STERADIAN. ) SOLID_ANGLE_UNIT ( ) );
#3760 = EDGE_CURVE ( 'NONE', #3354, #2015, #4094, .T. ) ;
#3761 = COLOUR_RGB ( '',0.5019607843137254832, 0.5019607843137254832, 0.5019607843137254832 ) ;
#3762 = CARTESIAN_POINT ( 'NONE',  ( 3.631489445471746347, 2.912095407500383981, -5.080992566686308720 ) ) ;
#3763 = LINE ( 'NONE', #1043, #3298 ) ;
#3764 = SURFACE_STYLE_USAGE ( .BOTH. , #5140 ) ;
#3765 = LINE ( 'NONE', #5792, #2482 ) ;
#3766 = STYLED_ITEM ( 'NONE', ( #4383 ), #3914 ) ;
#3767 = CARTESIAN_POINT ( 'NONE',  ( -5.080000000000000071, 2.950000000000000178, 5.079999999999998295 ) ) ;
#3768 = EDGE_CURVE ( 'NONE', #2067, #5089, #5238, .T. ) ;
#3769 = DIRECTION ( 'NONE',  ( -1.000000000000000000, 0.0000000000000000000, 0.0000000000000000000 ) ) ;
#3770 = SURFACE_STYLE_USAGE ( .BOTH. , #3279 ) ;
#3772 = SURFACE_STYLE_USAGE ( .BOTH. , #384 ) ;
#3771 = DIRECTION ( 'NONE',  ( -1.000000000000000000, -2.620428211445328459E-16, 0.0000000000000000000 ) ) ;
#3773 = LINE ( 'NONE', #5129, #367 ) ;
#3774 = DIRECTION ( 'NONE',  ( -0.01744974916068273846, -0.9996954598818874604, -0.01744974916068272111 ) ) ;
#3775 = EDGE_CURVE ( 'NONE', #4350, #3273, #5156, .T. ) ;
#3776 = VECTOR ( 'NONE', #5661, 1000.000000000000000 ) ;
#3777 = UNCERTAINTY_MEASURE_WITH_UNIT (LENGTH_MEASURE( 1.000000000000000082E-05 ), #1907, 'distance_accuracy_value', 'NONE');
#3778 = ORIENTED_EDGE ( 'NONE', *, *, #5121, .T. ) ;
#3779 = STYLED_ITEM ( 'NONE', ( #2646 ), #1597 ) ;
#3781 = PLANE ( 'NONE',  #751 ) ;
#3780 = SURFACE_STYLE_USAGE ( .BOTH. , #2841 ) ;
#3782 = DIRECTION ( 'NONE',  ( -0.0000000000000000000, -1.000000000000000000, 0.0000000000000000000 ) ) ;
#3783 = CIRCLE ( 'NONE', #2065, 0.1500000000001500133 ) ;
#3784 = ORIENTED_EDGE ( 'NONE', *, *, #3224, .F. ) ;
#3785 = VERTEX_POINT ( 'NONE', #2714 ) ;
#3786 = MECHANICAL_DESIGN_GEOMETRIC_PRESENTATION_REPRESENTATION (  '', ( #1676 ), #1993 ) ;
#3787 = FACE_OUTER_BOUND ( 'NONE', #3499, .T. ) ;
#3788 = PLANE ( 'NONE',  #5785 ) ;
#3789 = ORIENTED_EDGE ( 'NONE', *, *, #1451, .F. ) ;
#3791 = CARTESIAN_POINT ( 'NONE',  ( 5.550000000000001599, 2.989999999999999769, 3.299999999999999822 ) ) ;
#3790 = FILL_AREA_STYLE_COLOUR ( '', #1450 ) ;
#3792 = VECTOR ( 'NONE', #6134, 1000.000000000000114 ) ;
#3793 = CARTESIAN_POINT ( 'NONE',  ( 5.290000000000001812, 3.250000000000000444, -2.050000000000441691 ) ) ;
#3794 = ORIENTED_EDGE ( 'NONE', *, *, #5825, .F. ) ;
#3795 = ORIENTED_EDGE ( 'NONE', *, *, #1846, .T. ) ;
#3796 = LINE ( 'NONE', #1169, #776 ) ;
#3797 = DIRECTION ( 'NONE',  ( -0.0000000000000000000, -2.319149032054553916E-16, 1.000000000000000000 ) ) ;
#3798 = STYLED_ITEM ( 'NONE', ( #5190 ), #165 ) ;
#3799 = FILL_AREA_STYLE_COLOUR ( '', #1155 ) ;
#3800 = PRESENTATION_STYLE_ASSIGNMENT (( #1455 ) ) ;
#3801 =( GEOMETRIC_REPRESENTATION_CONTEXT ( 3 ) GLOBAL_UNCERTAINTY_ASSIGNED_CONTEXT ( ( #1983 ) ) GLOBAL_UNIT_ASSIGNED_CONTEXT ( ( #2110, #4008, #5421 ) ) REPRESENTATION_CONTEXT ( 'NONE', 'WORKASPACE' ) );
#3802 = STYLED_ITEM ( 'NONE', ( #122 ), #2580 ) ;
#3803 = SURFACE_SIDE_STYLE ('',( #1376 ) ) ;
#3804 = EDGE_LOOP ( 'NONE', ( #293, #3667, #2522, #6222 ) ) ;
#3805 = EDGE_LOOP ( 'NONE', ( #2751, #1951, #520, #3795, #481, #407 ) ) ;
#3806 = EDGE_CURVE ( 'NONE', #3473, #1584, #5077, .T. ) ;
#3807 = PLANE ( 'NONE',  #294 ) ;
#3808 = VECTOR ( 'NONE', #4788, 1000.000000000000000 ) ;
#3810 = CARTESIAN_POINT ( 'NONE',  ( 2.900000000000000799, 0.1999999999999996503, 5.051998571447399833 ) ) ;
#3809 = DIRECTION ( 'NONE',  ( -0.4443210308329519909, 0.0000000000000000000, 0.8958676361826801715 ) ) ;
#3811 = COLOUR_RGB ( '',1.000000000000000000, 1.000000000000000000, 1.000000000000000000 ) ;
#3813 = CARTESIAN_POINT ( 'NONE',  ( 5.100000000000004086, 2.950000000000000178, 3.600228457265409965 ) ) ;
#3812 = SURFACE_SIDE_STYLE ('',( #967 ) ) ;
#3814 = ORIENTED_EDGE ( 'NONE', *, *, #5847, .T. ) ;
#3815 = STYLED_ITEM ( 'NONE', ( #4098 ), #1203 ) ;
#3816 = PRESENTATION_LAYER_ASSIGNMENT (  '', '', ( #482 ) ) ;
#3817 = CARTESIAN_POINT ( 'NONE',  ( 0.7237001719797963029, 4.000499999999999723, 0.6703702798221459203 ) ) ;
#3818 = EDGE_CURVE ( 'NONE', #5535, #5776, #4839, .T. ) ;
#3819 = ORIENTED_EDGE ( 'NONE', *, *, #3171, .F. ) ;
#3820 = ORIENTED_EDGE ( 'NONE', *, *, #3404, .F. ) ;
#3821 = SURFACE_STYLE_USAGE ( .BOTH. , #5279 ) ;
#3822 =( NAMED_UNIT ( * ) SI_UNIT ( $, .STERADIAN. ) SOLID_ANGLE_UNIT ( ) );
#3823 = EDGE_CURVE ( 'NONE', #3656, #3265, #5841, .T. ) ;
#3824 = LINE ( 'NONE', #1561, #5933 ) ;
#3825 = DIRECTION ( 'NONE',  ( -0.01744974916068270376, -0.9996954598818874604, 0.01744974916068272805 ) ) ;
#3826 =( LENGTH_UNIT ( ) NAMED_UNIT ( * ) SI_UNIT ( .MILLI., .METRE. ) );
#3827 = VERTEX_POINT ( 'NONE', #3254 ) ;
#3828 = FILL_AREA_STYLE_COLOUR ( '', #5204 ) ;
#3829 = UNCERTAINTY_MEASURE_WITH_UNIT (LENGTH_MEASURE( 1.000000000000000082E-05 ), #6051, 'distance_accuracy_value', 'NONE');
#3830 = CARTESIAN_POINT ( 'NONE',  ( 5.550000000000002487, 3.009999999999999787, 1.900000000000345857 ) ) ;
#3832 = CARTESIAN_POINT ( 'NONE',  ( 5.550000000000002487, 3.009999999999999787, 1.900000000000345857 ) ) ;
#3831 =( NAMED_UNIT ( * ) PLANE_ANGLE_UNIT ( ) SI_UNIT ( $, .RADIAN. ) );
#3833 = STYLED_ITEM ( 'NONE', ( #3866 ), #6086 ) ;
#3834 = STYLED_ITEM ( 'NONE', ( #3531 ), #685 ) ;
#3835 = PRESENTATION_STYLE_ASSIGNMENT (( #4711 ) ) ;
#3836 =( NAMED_UNIT ( * ) PLANE_ANGLE_UNIT ( ) SI_UNIT ( $, .RADIAN. ) );
#3837 = CARTESIAN_POINT ( 'NONE',  ( -5.550000000000002487, 3.250000000000000000, -0.1500000000001506240 ) ) ;
#3838 = CARTESIAN_POINT ( 'NONE',  ( -5.550000000000001599, 2.989999999999999769, 3.299999999999999822 ) ) ;
#3839 = MECHANICAL_DESIGN_GEOMETRIC_PRESENTATION_REPRESENTATION (  '', ( #1468 ), #4151 ) ;
#3840 =( NAMED_UNIT ( * ) SI_UNIT ( $, .STERADIAN. ) SOLID_ANGLE_UNIT ( ) );
#3841 = DIRECTION ( 'NONE',  ( 0.0000000000000000000, 0.5665288228870650755, -0.8240419241993676147 ) ) ;
#3842 = SURFACE_STYLE_USAGE ( .BOTH. , #5740 ) ;
#3843 = LINE ( 'NONE', #590, #2767 ) ;
#3844 = VECTOR ( 'NONE', #5892, 1000.000000000000000 ) ;
#3845 = PRESENTATION_LAYER_ASSIGNMENT (  '', '', ( #599 ) ) ;
#3847 =( NAMED_UNIT ( * ) PLANE_ANGLE_UNIT ( ) SI_UNIT ( $, .RADIAN. ) );
#3846 = PLANE ( 'NONE',  #4681 ) ;
#3848 = CARTESIAN_POINT ( 'NONE',  ( 0.09426364943040775601, 4.000499999999999723, 0.6703702798221505832 ) ) ;
#3849 = EDGE_CURVE ( 'NONE', #2968, #802, #6306, .T. ) ;
#3850 = DIRECTION ( 'NONE',  ( 1.000000000000000000, 0.0000000000000000000, 7.213721817093571199E-14 ) ) ;
#3851 = LINE ( 'NONE', #5685, #1291 ) ;
#3852 = DIRECTION ( 'NONE',  ( 1.000000000000000000, 3.354250471127030822E-16, 7.779006733382785237E-32 ) ) ;
#3853 = DIRECTION ( 'NONE',  ( -0.0000000000000000000, 1.000000000000000000, 2.258754526011465763E-16 ) ) ;
#3854 = VECTOR ( 'NONE', #5377, 1000.000000000000000 ) ;
#3855 = VECTOR ( 'NONE', #1507, 1000.000000000000114 ) ;
#3856 = LINE ( 'NONE', #3335, #6065 ) ;
#3857 = CARTESIAN_POINT ( 'NONE',  ( 1.577687358616447488, 4.000499999999999723, -0.4151223552751845958 ) ) ;
#3858 = LINE ( 'NONE', #5253, #4605 ) ;
#3859 = VECTOR ( 'NONE', #4693, 1000.000000000000000 ) ;
#3860 =( NAMED_UNIT ( * ) SI_UNIT ( $, .STERADIAN. ) SOLID_ANGLE_UNIT ( ) );
#3861 = UNCERTAINTY_MEASURE_WITH_UNIT (LENGTH_MEASURE( 1.000000000000000082E-05 ), #2437, 'distance_accuracy_value', 'NONE');
#3862 = ORIENTED_EDGE ( 'NONE', *, *, #4778, .F. ) ;
#3863 = PLANE ( 'NONE',  #1403 ) ;
#3864 = EDGE_CURVE ( 'NONE', #4785, #4261, #1386, .T. ) ;
#3865 = SURFACE_STYLE_FILL_AREA ( #3920 ) ;
#3866 = PRESENTATION_STYLE_ASSIGNMENT (( #2731 ) ) ;
#3867 = EDGE_LOOP ( 'NONE', ( #2373, #2529, #733, #331, #6254, #3710, #4701, #5551, #2296, #605, #4162 ) ) ;
#3869 = PLANE ( 'NONE',  #1162 ) ;
#3868 = DIRECTION ( 'NONE',  ( 1.000000000000000000, 0.0000000000000000000, 0.0000000000000000000 ) ) ;
#3870 = DIRECTION ( 'NONE',  ( 1.000000000000000000, 0.0000000000000000000, -1.142822720357821197E-14 ) ) ;
#3871 = VECTOR ( 'NONE', #3209, 1000.000000000000000 ) ;
#3872 = COLOUR_RGB ( '',0.0000000000000000000, 0.0000000000000000000, 0.0000000000000000000 ) ;
#3873 = CARTESIAN_POINT ( 'NONE',  ( -3.423012609376366200, 4.000499999999999723, 0.6703702798221691239 ) ) ;
#3874 = ORIENTED_EDGE ( 'NONE', *, *, #5812, .T. ) ;
#3875 = PRESENTATION_LAYER_ASSIGNMENT (  '', '', ( #3536 ) ) ;
#3876 = ORIENTED_EDGE ( 'NONE', *, *, #6079, .T. ) ;
#3877 = PRESENTATION_LAYER_ASSIGNMENT (  '', '', ( #1636 ) ) ;
#3878 = PLANE ( 'NONE',  #5417 ) ;
#3879 = CARTESIAN_POINT ( 'NONE',  ( 5.550000000000002487, 2.360000000000000764, 3.299999999999999822 ) ) ;
#3880 = LINE ( 'NONE', #3287, #3808 ) ;
#3881 = LINE ( 'NONE', #499, #68 ) ;
#3882 = ORIENTED_EDGE ( 'NONE', *, *, #4401, .T. ) ;
#3883 = ORIENTED_EDGE ( 'NONE', *, *, #236, .F. ) ;
#3884 = VECTOR ( 'NONE', #1259, 1000.000000000000227 ) ;
#3885 = SURFACE_SIDE_STYLE ('',( #1909 ) ) ;
#3886 = EDGE_CURVE ( 'NONE', #1713, #4845, #4760, .T. ) ;
#3887 = DIRECTION ( 'NONE',  ( 1.000000000000000000, 0.0000000000000000000, 0.0000000000000000000 ) ) ;
#3888 = AXIS2_PLACEMENT_3D ( 'NONE', #4548, #761, #6031 ) ;
#3889 = LINE ( 'NONE', #1411, #715 ) ;
#3890 = EDGE_CURVE ( 'NONE', #4876, #5611, #1542, .T. ) ;
#3891 = ADVANCED_FACE ( 'NONE', ( #65 ), #5045, .F. ) ;
#3892 = ORIENTED_EDGE ( 'NONE', *, *, #3768, .T. ) ;
#3894 =( LENGTH_UNIT ( ) NAMED_UNIT ( * ) SI_UNIT ( .MILLI., .METRE. ) );
#3893 = CARTESIAN_POINT ( 'NONE',  ( -5.550000000000002487, 3.010000000000000231, -1.900000000000346745 ) ) ;
#3895 = DIRECTION ( 'NONE',  ( 0.0000000000000000000, 0.5665288228870649645, 0.8240419241993678368 ) ) ;
#3896 = LINE ( 'NONE', #5729, #4557 ) ;
#3897 = ORIENTED_EDGE ( 'NONE', *, *, #1611, .T. ) ;
#3898 = ORIENTED_EDGE ( 'NONE', *, *, #5278, .F. ) ;
#3899 = ORIENTED_EDGE ( 'NONE', *, *, #2935, .F. ) ;
#3900 = VERTEX_POINT ( 'NONE', #4215 ) ;
#3901 = LINE ( 'NONE', #2863, #108 ) ;
#3902 = UNCERTAINTY_MEASURE_WITH_UNIT (LENGTH_MEASURE( 1.000000000000000082E-05 ), #3371, 'distance_accuracy_value', 'NONE');
#3903 =( LENGTH_UNIT ( ) NAMED_UNIT ( * ) SI_UNIT ( .MILLI., .METRE. ) );
#3904 = FACE_OUTER_BOUND ( 'NONE', #3426, .T. ) ;
#3905 = ORIENTED_EDGE ( 'NONE', *, *, #4357, .F. ) ;
#3906 = CARTESIAN_POINT ( 'NONE',  ( -3.603001661137796408, 4.000000000000000000, 5.052504782352352564 ) ) ;
#3907 = CARTESIAN_POINT ( 'NONE',  ( 2.599690068830199596, 4.000499999999999723, -0.4114982032762767861 ) ) ;
#3908 = CARTESIAN_POINT ( 'NONE',  ( -0.8583053624837979623, 4.000499999999999723, 0.08206727095333087030 ) ) ;
#3909 = LINE ( 'NONE', #5976, #5873 ) ;
#3910 =( NAMED_UNIT ( * ) PLANE_ANGLE_UNIT ( ) SI_UNIT ( $, .RADIAN. ) );
#3911 = FILL_AREA_STYLE ('',( #542 ) ) ;
#3912 = AXIS2_PLACEMENT_3D ( 'NONE', #5542, #774, #3592 ) ;
#3913 = FILL_AREA_STYLE ('',( #4896 ) ) ;
#3914 = ADVANCED_FACE ( 'NONE', ( #3787, #3628, #1001 ), #5669, .T. ) ;
#3915 = CARTESIAN_POINT ( 'NONE',  ( 2.981526483648595072, 4.000499999999999723, -0.4114982032729543882 ) ) ;
#3916 = APPLICATION_CONTEXT ( 'automotive_design' ) ;
#3917 = STYLED_ITEM ( 'NONE', ( #5339 ), #5376 ) ;
#3918 = SURFACE_STYLE_FILL_AREA ( #1682 ) ;
#3919 = EDGE_CURVE ( 'NONE', #6298, #4030, #373, .T. ) ;
#3920 = FILL_AREA_STYLE ('',( #2417 ) ) ;
#3921 = CARTESIAN_POINT ( 'NONE',  ( -5.550000000000002487, -0.05999999999999976186, -2.500000000000001332 ) ) ;
#3922 = SURFACE_STYLE_USAGE ( .BOTH. , #2503 ) ;
#3923 = LINE ( 'NONE', #5601, #4743 ) ;
#3924 = AXIS2_PLACEMENT_3D ( 'NONE', #1149, #3675, #3109 ) ;
#3925 =( GEOMETRIC_REPRESENTATION_CONTEXT ( 3 ) GLOBAL_UNCERTAINTY_ASSIGNED_CONTEXT ( ( #2577 ) ) GLOBAL_UNIT_ASSIGNED_CONTEXT ( ( #483, #4808, #3324 ) ) REPRESENTATION_CONTEXT ( 'NONE', 'WORKASPACE' ) );
#3927 = SURFACE_SIDE_STYLE ('',( #5518 ) ) ;
#3926 = FILL_AREA_STYLE ('',( #1056 ) ) ;
#3928 = VECTOR ( 'NONE', #4523, 1000.000000000000114 ) ;
#3930 = CARTESIAN_POINT ( 'NONE',  ( -2.132957182187180667, 4.000000000000000000, 0.6703702798221644610 ) ) ;
#3929 = CARTESIAN_POINT ( 'NONE',  ( 5.079999999999997407, 2.950000000000000178, -3.630496878785444359 ) ) ;
#3931 = VECTOR ( 'NONE', #2222, 1000.000000000000000 ) ;
#3932 = VERTEX_POINT ( 'NONE', #1367 ) ;
#3933 = ORIENTED_EDGE ( 'NONE', *, *, #1197, .F. ) ;
#3934 = EDGE_CURVE ( 'NONE', #4261, #1584, #3942, .T. ) ;
#3935 = DIRECTION ( 'NONE',  ( -1.249060889481360385E-14, 0.0000000000000000000, -1.000000000000000000 ) ) ;
#3936 = LINE ( 'NONE', #5585, #2486 ) ;
#3937 = LINE ( 'NONE', #5662, #5363 ) ;
#3938 = FACE_OUTER_BOUND ( 'NONE', #1175, .T. ) ;
#3939 = DIRECTION ( 'NONE',  ( -0.2740217765954298668, 0.0000000000000000000, 0.9617234872620530339 ) ) ;
#3940 = UNCERTAINTY_MEASURE_WITH_UNIT (LENGTH_MEASURE( 1.000000000000000082E-05 ), #5922, 'distance_accuracy_value', 'NONE');
#3941 = ORIENTED_EDGE ( 'NONE', *, *, #3458, .T. ) ;
#3942 = LINE ( 'NONE', #4235, #3472 ) ;
#3943 =( NAMED_UNIT ( * ) SI_UNIT ( $, .STERADIAN. ) SOLID_ANGLE_UNIT ( ) );
#3944 = VECTOR ( 'NONE', #5131, 1000.000000000000000 ) ;
#3945 = FILL_AREA_STYLE_COLOUR ( '', #2199 ) ;
#3946 = CARTESIAN_POINT ( 'NONE',  ( -3.550000000000003375, -0.06000000000000037248, 2.499999999999998668 ) ) ;
#3947 = VECTOR ( 'NONE', #2289, 1000.000000000000000 ) ;
#3948 = PLANE ( 'NONE',  #778 ) ;
#3949 = ORIENTED_EDGE ( 'NONE', *, *, #2207, .F. ) ;
#3950 =( GEOMETRIC_REPRESENTATION_CONTEXT ( 3 ) GLOBAL_UNCERTAINTY_ASSIGNED_CONTEXT ( ( #3902 ) ) GLOBAL_UNIT_ASSIGNED_CONTEXT ( ( #3371, #574, #551 ) ) REPRESENTATION_CONTEXT ( 'NONE', 'WORKASPACE' ) );
#3951 = ADVANCED_FACE ( 'NONE', ( #5988 ), #3863, .F. ) ;
#3952 =( NAMED_UNIT ( * ) SI_UNIT ( $, .STERADIAN. ) SOLID_ANGLE_UNIT ( ) );
#3953 = CARTESIAN_POINT ( 'NONE',  ( -5.100000000000000533, 2.950000000000000178, 5.099999999999998757 ) ) ;
#3954 = CARTESIAN_POINT ( 'NONE',  ( -0.5389845515424375177, 4.000499999999999723, 0.6703702798221553572 ) ) ;
#3955 = EDGE_LOOP ( 'NONE', ( #2871, #5921, #5108, #2457 ) ) ;
#3956 = VECTOR ( 'NONE', #4549, 1000.000000000000000 ) ;
#3957 = FACE_OUTER_BOUND ( 'NONE', #3417, .T. ) ;
#3958 = PRESENTATION_STYLE_ASSIGNMENT (( #2369 ) ) ;
#3959 = MECHANICAL_DESIGN_GEOMETRIC_PRESENTATION_REPRESENTATION (  '', ( #3536 ), #5576 ) ;
#3960 = ORIENTED_EDGE ( 'NONE', *, *, #3431, .F. ) ;
#3962 = FILL_AREA_STYLE ('',( #2071 ) ) ;
#3961 =( NAMED_UNIT ( * ) SI_UNIT ( $, .STERADIAN. ) SOLID_ANGLE_UNIT ( ) );
#3963 = FILL_AREA_STYLE_COLOUR ( '', #2345 ) ;
#3964 = EDGE_LOOP ( 'NONE', ( #5626, #1401, #2094, #4328 ) ) ;
#3965 = VERTEX_POINT ( 'NONE', #4805 ) ;
#3966 = CARTESIAN_POINT ( 'NONE',  ( 5.051998571447406050, 0.1999999999999995115, -2.500000000000001332 ) ) ;
#3967 = STYLED_ITEM ( 'NONE', ( #3670 ), #2999 ) ;
#3968 = DIRECTION ( 'NONE',  ( 0.0000000000000000000, 1.000000000000000000, 1.057758217058801317E-16 ) ) ;
#3969 = EDGE_CURVE ( 'NONE', #4391, #3656, #700, .T. ) ;
#3970 = VECTOR ( 'NONE', #2520, 1000.000000000000000 ) ;
#3971 = LINE ( 'NONE', #4431, #1343 ) ;
#3972 = EDGE_LOOP ( 'NONE', ( #332, #2332, #5864, #6029 ) ) ;
#3973 = VERTEX_POINT ( 'NONE', #4343 ) ;
#3975 = FILL_AREA_STYLE_COLOUR ( '', #1535 ) ;
#3974 = CARTESIAN_POINT ( 'NONE',  ( -5.583016536775468275, 2.346413229420373447, -5.089464353729717949 ) ) ;
#3976 = EDGE_CURVE ( 'NONE', #1722, #4080, #5360, .T. ) ;
#3977 = ORIENTED_EDGE ( 'NONE', *, *, #3890, .T. ) ;
#3978 = UNCERTAINTY_MEASURE_WITH_UNIT (LENGTH_MEASURE( 1.000000000000000082E-05 ), #1221, 'distance_accuracy_value', 'NONE');
#3979 = DIRECTION ( 'NONE',  ( -0.0000000000000000000, -1.000000000000000000, 0.0000000000000000000 ) ) ;
#3980 = CARTESIAN_POINT ( 'NONE',  ( -5.550000000000002487, 2.989999999999999769, 2.048660687473681907 ) ) ;
#3981 = ADVANCED_FACE ( 'NONE', ( #4536 ), #5448, .T. ) ;
#3983 = DIRECTION ( 'NONE',  ( 1.000000000000000000, 0.0000000000000000000, 0.0000000000000000000 ) ) ;
#3982 = CARTESIAN_POINT ( 'NONE',  ( -1.528630799032689280, 4.000499999999999723, 0.4152935750536601023 ) ) ;
#3984 = CIRCLE ( 'NONE', #5336, 0.2600000000000000089 ) ;
#3985 = EDGE_CURVE ( 'NONE', #5166, #3473, #839, .T. ) ;
#3986 = FILL_AREA_STYLE ('',( #5419 ) ) ;
#3987 = FILL_AREA_STYLE_COLOUR ( '', #4137 ) ;
#3988 =( NAMED_UNIT ( * ) SI_UNIT ( $, .STERADIAN. ) SOLID_ANGLE_UNIT ( ) );
#3989 = LINE ( 'NONE', #2190, #3599 ) ;
#3990 = SURFACE_STYLE_USAGE ( .BOTH. , #4052 ) ;
#3991 = ADVANCED_FACE ( 'NONE', ( #689 ), #1413, .F. ) ;
#3992 = DIRECTION ( 'NONE',  ( -0.0000000000000000000, -0.0000000000000000000, 1.000000000000000000 ) ) ;
#3994 = SURFACE_SIDE_STYLE ('',( #4908 ) ) ;
#3993 = CARTESIAN_POINT ( 'NONE',  ( -0.1962596263430823884, 4.000499999999999723, -0.5232557993236734983 ) ) ;
#3995 = DIRECTION ( 'NONE',  ( -0.0000000000000000000, -1.000000000000000000, 0.0000000000000000000 ) ) ;
#3996 =( GEOMETRIC_REPRESENTATION_CONTEXT ( 3 ) GLOBAL_UNCERTAINTY_ASSIGNED_CONTEXT ( ( #4979 ) ) GLOBAL_UNIT_ASSIGNED_CONTEXT ( ( #5126, #3564, #227 ) ) REPRESENTATION_CONTEXT ( 'NONE', 'WORKASPACE' ) );
#3997 = DIRECTION ( 'NONE',  ( 1.000000000000000000, 0.0000000000000000000, 0.0000000000000000000 ) ) ;
#3999 = FILL_AREA_STYLE ('',( #594 ) ) ;
#3998 = FILL_AREA_STYLE ('',( #53 ) ) ;
#4000 =( GEOMETRIC_REPRESENTATION_CONTEXT ( 3 ) GLOBAL_UNCERTAINTY_ASSIGNED_CONTEXT ( ( #3661 ) ) GLOBAL_UNIT_ASSIGNED_CONTEXT ( ( #3083, #3591, #735 ) ) REPRESENTATION_CONTEXT ( 'NONE', 'WORKASPACE' ) );
#4001 = STYLED_ITEM ( 'NONE', ( #6175 ), #5819 ) ;
#4002 = MECHANICAL_DESIGN_GEOMETRIC_PRESENTATION_REPRESENTATION (  '', ( #4317 ), #4234 ) ;
#4003 = LINE ( 'NONE', #5058, #3931 ) ;
#4004 =( NAMED_UNIT ( * ) PLANE_ANGLE_UNIT ( ) SI_UNIT ( $, .RADIAN. ) );
#4005 = EDGE_CURVE ( 'NONE', #476, #3725, #6300, .T. ) ;
#4006 = COLOUR_RGB ( '',1.000000000000000000, 1.000000000000000000, 1.000000000000000000 ) ;
#4007 = CARTESIAN_POINT ( 'NONE',  ( -5.549229627936316689, 3.010000000000000231, -2.050000000000496758 ) ) ;
#4008 =( NAMED_UNIT ( * ) PLANE_ANGLE_UNIT ( ) SI_UNIT ( $, .RADIAN. ) );
#4009 = DIRECTION ( 'NONE',  ( 1.000000000000000000, 0.0000000000000000000, 0.0000000000000000000 ) ) ;
#4010 = PRESENTATION_STYLE_ASSIGNMENT (( #2440 ) ) ;
#4011 = PRESENTATION_LAYER_ASSIGNMENT (  '', '', ( #3815 ) ) ;
#4012 = LINE ( 'NONE', #926, #1994 ) ;
#4013 = ADVANCED_FACE ( 'NONE', ( #1304 ), #2869, .F. ) ;
#4014 = PRESENTATION_LAYER_ASSIGNMENT (  '', '', ( #1773 ) ) ;
#4015 = CARTESIAN_POINT ( 'NONE',  ( -0.4733380716925774112, 4.000499999999999723, -0.6703702798221874426 ) ) ;
#4016 = EDGE_LOOP ( 'NONE', ( #6073, #2689, #2442, #2803 ) ) ;
#4018 = DIRECTION ( 'NONE',  ( 1.000000000000000000, 2.620428211445328459E-16, -0.0000000000000000000 ) ) ;
#4017 = CARTESIAN_POINT ( 'NONE',  ( -0.2631657934942407961, 4.000000000000000000, 0.6703702798221505832 ) ) ;
#4019 = ORIENTED_EDGE ( 'NONE', *, *, #1220, .T. ) ;
#4020 = EDGE_CURVE ( 'NONE', #5905, #3468, #4158, .T. ) ;
#4021 = UNCERTAINTY_MEASURE_WITH_UNIT (LENGTH_MEASURE( 1.000000000000000082E-05 ), #2607, 'distance_accuracy_value', 'NONE');
#4022 = ORIENTED_EDGE ( 'NONE', *, *, #4367, .F. ) ;
#4023 = LINE ( 'NONE', #141, #4764 ) ;
#4024 = CARTESIAN_POINT ( 'NONE',  ( -0.1962596263430823884, 4.000000000000000000, -0.5232557993236734983 ) ) ;
#4025 = SURFACE_STYLE_USAGE ( .BOTH. , #2530 ) ;
#4026 = CARTESIAN_POINT ( 'NONE',  ( 0.8850544308041219388, 4.000499999999999723, 0.6703702798221414794 ) ) ;
#4027 = CARTESIAN_POINT ( 'NONE',  ( 2.009699322137077360, 4.000000000000000000, 0.08206727095614561873 ) ) ;
#4028 = COLOUR_RGB ( '',1.000000000000000000, 1.000000000000000000, 1.000000000000000000 ) ;
#4029 = PRESENTATION_STYLE_ASSIGNMENT (( #3543 ) ) ;
#4030 = VERTEX_POINT ( 'NONE', #535 ) ;
#4031 =( GEOMETRIC_REPRESENTATION_CONTEXT ( 3 ) GLOBAL_UNCERTAINTY_ASSIGNED_CONTEXT ( ( #1799 ) ) GLOBAL_UNIT_ASSIGNED_CONTEXT ( ( #5846, #1506, #5394 ) ) REPRESENTATION_CONTEXT ( 'NONE', 'WORKASPACE' ) );
#4032 = MECHANICAL_DESIGN_GEOMETRIC_PRESENTATION_REPRESENTATION (  '', ( #2536 ), #1677 ) ;
#4033 = LINE ( 'NONE', #4578, #3884 ) ;
#4035 = SURFACE_SIDE_STYLE ('',( #1317 ) ) ;
#4034 = CARTESIAN_POINT ( 'NONE',  ( -3.630496878785443027, 2.950000000000000178, 5.079999999999998295 ) ) ;
#4036 =( NAMED_UNIT ( * ) PLANE_ANGLE_UNIT ( ) SI_UNIT ( $, .RADIAN. ) );
#4037 = ORIENTED_EDGE ( 'NONE', *, *, #4821, .T. ) ;
#4038 = ORIENTED_EDGE ( 'NONE', *, *, #5498, .F. ) ;
#4039 = PRESENTATION_LAYER_ASSIGNMENT (  '', '', ( #895 ) ) ;
#4040 = ORIENTED_EDGE ( 'NONE', *, *, #5836, .F. ) ;
#4041 = VECTOR ( 'NONE', #695, 999.9999999999998863 ) ;
#4042 = LINE ( 'NONE', #4949, #1491 ) ;
#4043 = ADVANCED_FACE ( 'NONE', ( #1223 ), #994, .T. ) ;
#4044 = CARTESIAN_POINT ( 'NONE',  ( -0.8583053624837979623, 4.000499999999999723, 0.08206727095333087030 ) ) ;
#4045 = VERTEX_POINT ( 'NONE', #2468 ) ;
#4046 = ORIENTED_EDGE ( 'NONE', *, *, #3404, .T. ) ;
#4047 = ORIENTED_EDGE ( 'NONE', *, *, #4821, .F. ) ;
#4048 = EDGE_LOOP ( 'NONE', ( #2742, #4547, #1373, #4258 ) ) ;
#4049 = VECTOR ( 'NONE', #1448, 1000.000000000000000 ) ;
#4050 = STYLED_ITEM ( 'NONE', ( #5271 ), #1230 ) ;
#4051 = PRESENTATION_STYLE_ASSIGNMENT (( #2371 ) ) ;
#4052 = SURFACE_SIDE_STYLE ('',( #2322 ) ) ;
#4053 = MECHANICAL_DESIGN_GEOMETRIC_PRESENTATION_REPRESENTATION (  '', ( #2828 ), #2010 ) ;
#4054 = ORIENTED_EDGE ( 'NONE', *, *, #6182, .F. ) ;
#4055 = DIRECTION ( 'NONE',  ( 0.0000000000000000000, 1.000000000000000000, 2.258754526011465763E-16 ) ) ;
#4056 = ORIENTED_EDGE ( 'NONE', *, *, #2044, .T. ) ;
#4057 = SURFACE_STYLE_FILL_AREA ( #4802 ) ;
#4058 = UNCERTAINTY_MEASURE_WITH_UNIT (LENGTH_MEASURE( 1.000000000000000082E-05 ), #5870, 'distance_accuracy_value', 'NONE');
#4059 = CARTESIAN_POINT ( 'NONE',  ( 2.288640802829406962, 4.000000000000000000, 0.6703702798221368164 ) ) ;
#4060 =( NAMED_UNIT ( * ) PLANE_ANGLE_UNIT ( ) SI_UNIT ( $, .RADIAN. ) );
#4061 = MECHANICAL_DESIGN_GEOMETRIC_PRESENTATION_REPRESENTATION (  '', ( #5163 ), #4894 ) ;
#4062 = EDGE_CURVE ( 'NONE', #2608, #3357, #3698, .T. ) ;
#4063 = DIRECTION ( 'NONE',  ( -1.000000000000000000, 0.0000000000000000000, 1.368367961097566789E-14 ) ) ;
#4064 = PLANE ( 'NONE',  #892 ) ;
#4065 = DIRECTION ( 'NONE',  ( -1.484548110090178811E-16, -0.5665288228870649645, -0.8240419241993678368 ) ) ;
#4066 = DIRECTION ( 'NONE',  ( -0.0000000000000000000, -1.000000000000000000, 0.0000000000000000000 ) ) ;
#4067 = FILL_AREA_STYLE_COLOUR ( '', #22 ) ;
#4068 = FACE_OUTER_BOUND ( 'NONE', #4560, .T. ) ;
#4069 = VECTOR ( 'NONE', #156, 1000.000000000000000 ) ;
#4070 = PLANE ( 'NONE',  #5218 ) ;
#4072 =( LENGTH_UNIT ( ) NAMED_UNIT ( * ) SI_UNIT ( .MILLI., .METRE. ) );
#4071 = DIRECTION ( 'NONE',  ( -1.000000000000000000, 0.0000000000000000000, 0.0000000000000000000 ) ) ;
#4073 = SURFACE_STYLE_USAGE ( .BOTH. , #3617 ) ;
#4074 =( GEOMETRIC_REPRESENTATION_CONTEXT ( 3 ) GLOBAL_UNCERTAINTY_ASSIGNED_CONTEXT ( ( #1757 ) ) GLOBAL_UNIT_ASSIGNED_CONTEXT ( ( #5621, #2723, #1331 ) ) REPRESENTATION_CONTEXT ( 'NONE', 'WORKASPACE' ) );
#4075 = PRESENTATION_LAYER_ASSIGNMENT (  '', '', ( #1086 ) ) ;
#4076 = VECTOR ( 'NONE', #4459, 1000.000000000000000 ) ;
#4077 = CARTESIAN_POINT ( 'NONE',  ( -3.624532249322749866, 3.177780009457925381, -5.074035370537305134 ) ) ;
#4078 = FILL_AREA_STYLE_COLOUR ( '', #2430 ) ;
#4079 =( GEOMETRIC_REPRESENTATION_CONTEXT ( 3 ) GLOBAL_UNCERTAINTY_ASSIGNED_CONTEXT ( ( #3940 ) ) GLOBAL_UNIT_ASSIGNED_CONTEXT ( ( #5922, #142, #3525 ) ) REPRESENTATION_CONTEXT ( 'NONE', 'WORKASPACE' ) );
#4080 = VERTEX_POINT ( 'NONE', #4867 ) ;
#4081 = ORIENTED_EDGE ( 'NONE', *, *, #3269, .F. ) ;
#4082 = PRESENTATION_STYLE_ASSIGNMENT (( #3299 ) ) ;
#4083 = CARTESIAN_POINT ( 'NONE',  ( 5.550000000000002487, 0.1999999999999996780, -2.500000000000001332 ) ) ;
#4084 = CIRCLE ( 'NONE', #1534, 0.2599999999999997868 ) ;
#4085 = EDGE_CURVE ( 'NONE', #4404, #2367, #2413, .T. ) ;
#4086 = VECTOR ( 'NONE', #5971, 1000.000000000000000 ) ;
#4087 = UNCERTAINTY_MEASURE_WITH_UNIT (LENGTH_MEASURE( 1.000000000000000082E-05 ), #97, 'distance_accuracy_value', 'NONE');
#4088 = FILL_AREA_STYLE ('',( #4067 ) ) ;
#4089 = PLANE ( 'NONE',  #2693 ) ;
#4090 = ORIENTED_EDGE ( 'NONE', *, *, #1527, .T. ) ;
#4091 = ORIENTED_EDGE ( 'NONE', *, *, #1981, .F. ) ;
#4092 = CIRCLE ( 'NONE', #5144, 0.2600000000000000089 ) ;
#4093 = AXIS2_PLACEMENT_3D ( 'NONE', #2913, #2059, #2533 ) ;
#4094 = LINE ( 'NONE', #2759, #1545 ) ;
#4095 = CARTESIAN_POINT ( 'NONE',  ( 2.981526483648595072, 4.000000000000000000, -0.4114982032729543882 ) ) ;
#4096 = EDGE_CURVE ( 'NONE', #3589, #741, #1990, .T. ) ;
#4097 = DIRECTION ( 'NONE',  ( -1.000000000000000000, 3.354250471127030822E-16, 0.0000000000000000000 ) ) ;
#4098 = PRESENTATION_STYLE_ASSIGNMENT (( #2560 ) ) ;
#4099 = VERTEX_POINT ( 'NONE', #3908 ) ;
#4100 = EDGE_LOOP ( 'NONE', ( #3263, #5179, #6097, #2940, #3262 ) ) ;
#4101 = LINE ( 'NONE', #264, #2799 ) ;
#4102 = EDGE_CURVE ( 'NONE', #3278, #1701, #6062, .T. ) ;
#4103 = ORIENTED_EDGE ( 'NONE', *, *, #4646, .T. ) ;
#4104 = ADVANCED_FACE ( 'NONE', ( #2273 ), #3948, .T. ) ;
#4105 = VERTEX_POINT ( 'NONE', #2484 ) ;
#4106 = DIRECTION ( 'NONE',  ( 1.000000000000000000, 0.0000000000000000000, 0.0000000000000000000 ) ) ;
#4107 = LINE ( 'NONE', #5575, #3956 ) ;
#4108 = STYLED_ITEM ( 'NONE', ( #3156 ), #2097 ) ;
#4109 = ORIENTED_EDGE ( 'NONE', *, *, #356, .F. ) ;
#4110 = CARTESIAN_POINT ( 'NONE',  ( -5.078952563137232090, 2.989999999999999769, 3.299999999999999822 ) ) ;
#4111 = ORIENTED_EDGE ( 'NONE', *, *, #3305, .F. ) ;
#4112 = ORIENTED_EDGE ( 'NONE', *, *, #222, .F. ) ;
#4113 = ORIENTED_EDGE ( 'NONE', *, *, #2986, .F. ) ;
#4114 =( NAMED_UNIT ( * ) SI_UNIT ( $, .STERADIAN. ) SOLID_ANGLE_UNIT ( ) );
#4115 = PRESENTATION_STYLE_ASSIGNMENT (( #2164 ) ) ;
#4116 = STYLED_ITEM ( 'NONE', ( #4152 ), #4415 ) ;
#4117 = ORIENTED_EDGE ( 'NONE', *, *, #708, .F. ) ;
#4118 = ORIENTED_EDGE ( 'NONE', *, *, #5193, .F. ) ;
#4119 = CARTESIAN_POINT ( 'NONE',  ( 5.290000000000001812, 3.250000000000000000, 2.050000000000439915 ) ) ;
#4120 = ORIENTED_EDGE ( 'NONE', *, *, #3084, .F. ) ;
#4121 = DIRECTION ( 'NONE',  ( -0.2762437428917342008, 0.0000000000000000000, 0.9610876102172815072 ) ) ;
#4122 = ORIENTED_EDGE ( 'NONE', *, *, #1621, .F. ) ;
#4123 = VECTOR ( 'NONE', #3997, 1000.000000000000000 ) ;
#4124 = MECHANICAL_DESIGN_GEOMETRIC_PRESENTATION_REPRESENTATION (  '', ( #3802 ), #6287 ) ;
#4125 = DIRECTION ( 'NONE',  ( 1.000000000000000000, 0.0000000000000000000, 0.0000000000000000000 ) ) ;
#4126 = EDGE_CURVE ( 'NONE', #2367, #621, #4907, .T. ) ;
#4127 = ORIENTED_EDGE ( 'NONE', *, *, #283, .F. ) ;
#4128 = PLANE ( 'NONE',  #5255 ) ;
#4129 = AXIS2_PLACEMENT_3D ( 'NONE', #5201, #4657, #1319 ) ;
#4130 = UNCERTAINTY_MEASURE_WITH_UNIT (LENGTH_MEASURE( 1.000000000000000082E-05 ), #5, 'distance_accuracy_value', 'NONE');
#4131 = DIRECTION ( 'NONE',  ( 0.0000000000000000000, 1.000000000000000000, 1.057758217058801317E-16 ) ) ;
#4132 = EDGE_CURVE ( 'NONE', #1483, #3387, #5657, .T. ) ;
#4133 = ADVANCED_FACE ( 'NONE', ( #2350 ), #5871, .F. ) ;
#4134 = SURFACE_STYLE_USAGE ( .BOTH. , #759 ) ;
#4135 = COLOUR_RGB ( '',0.0000000000000000000, 0.0000000000000000000, 0.0000000000000000000 ) ;
#4136 = FILL_AREA_STYLE ('',( #213 ) ) ;
#4137 = COLOUR_RGB ( '',0.5019607843137254832, 0.5019607843137254832, 0.5019607843137254832 ) ;
#4138 = EDGE_CURVE ( 'NONE', #5918, #5457, #3308, .T. ) ;
#4139 = CARTESIAN_POINT ( 'NONE',  ( 5.099999999999996092, 2.950000000000000178, -5.100000000000002309 ) ) ;
#4140 = PLANE ( 'NONE',  #5751 ) ;
#4141 = CARTESIAN_POINT ( 'NONE',  ( 5.290000000000003588, 4.000000000000000888, 2.050000000001217515 ) ) ;
#4142 = LINE ( 'NONE', #2325, #4437 ) ;
#4143 = PRESENTATION_LAYER_ASSIGNMENT (  '', '', ( #2535 ) ) ;
#4144 =( GEOMETRIC_REPRESENTATION_CONTEXT ( 3 ) GLOBAL_UNCERTAINTY_ASSIGNED_CONTEXT ( ( #2423 ) ) GLOBAL_UNIT_ASSIGNED_CONTEXT ( ( #585, #1113, #5914 ) ) REPRESENTATION_CONTEXT ( 'NONE', 'WORKASPACE' ) );
#4145 = FILL_AREA_STYLE ('',( #1750 ) ) ;
#4146 = FILL_AREA_STYLE_COLOUR ( '', #4595 ) ;
#4147 =( NAMED_UNIT ( * ) PLANE_ANGLE_UNIT ( ) SI_UNIT ( $, .RADIAN. ) );
#4148 = COLOUR_RGB ( '',1.000000000000000000, 1.000000000000000000, 1.000000000000000000 ) ;
#4149 = CARTESIAN_POINT ( 'NONE',  ( -0.2631657934942407961, 4.000499999999999723, 0.6703702798221505832 ) ) ;
#4150 = AXIS2_PLACEMENT_3D ( 'NONE', #3832, #4724, #945 ) ;
#4151 =( GEOMETRIC_REPRESENTATION_CONTEXT ( 3 ) GLOBAL_UNCERTAINTY_ASSIGNED_CONTEXT ( ( #1475 ) ) GLOBAL_UNIT_ASSIGNED_CONTEXT ( ( #2357, #4749, #1899 ) ) REPRESENTATION_CONTEXT ( 'NONE', 'WORKASPACE' ) );
#4152 = PRESENTATION_STYLE_ASSIGNMENT (( #6092 ) ) ;
#4153 = VECTOR ( 'NONE', #6212, 1000.000000000000114 ) ;
#4154 = CYLINDRICAL_SURFACE ( 'NONE', #1544, 0.1500000000001500133 ) ;
#4155 = COLOUR_RGB ( '',0.0000000000000000000, 0.0000000000000000000, 0.0000000000000000000 ) ;
#4156 = ORIENTED_EDGE ( 'NONE', *, *, #3849, .F. ) ;
#4157 = FILL_AREA_STYLE_COLOUR ( '', #5564 ) ;
#4158 = LINE ( 'NONE', #3403, #4303 ) ;
#4159 = ADVANCED_FACE ( 'NONE', ( #5972 ), #3519, .F. ) ;
#4160 = CARTESIAN_POINT ( 'NONE',  ( -5.290000000000001812, 2.989999999999999769, 3.299999999999999822 ) ) ;
#4161 = UNCERTAINTY_MEASURE_WITH_UNIT (LENGTH_MEASURE( 1.000000000000000082E-05 ), #3715, 'distance_accuracy_value', 'NONE');
#4162 = ORIENTED_EDGE ( 'NONE', *, *, #392, .T. ) ;
#4163 = CARTESIAN_POINT ( 'NONE',  ( 0.7237001719797963029, 4.000499999999999723, 0.6703702798221459203 ) ) ;
#4164 = EDGE_CURVE ( 'NONE', #4534, #11, #2929, .T. ) ;
#4165 = DIRECTION ( 'NONE',  ( -0.7059037656364430813, -0.0000000000000000000, 0.7083077534944042242 ) ) ;
#4166 = DIRECTION ( 'NONE',  ( -9.390727478220907155E-16, 0.0000000000000000000, -1.000000000000000000 ) ) ;
#4167 =( LENGTH_UNIT ( ) NAMED_UNIT ( * ) SI_UNIT ( .MILLI., .METRE. ) );
#4168 = PRESENTATION_LAYER_ASSIGNMENT (  '', '', ( #242 ) ) ;
#4169 = EDGE_CURVE ( 'NONE', #1483, #1253, #1372, .T. ) ;
#4170 = DIRECTION ( 'NONE',  ( 0.0000000000000000000, -0.0000000000000000000, 1.000000000000000000 ) ) ;
#4171 = LINE ( 'NONE', #663, #1087 ) ;
#4173 = DIRECTION ( 'NONE',  ( 0.0000000000000000000, 0.0000000000000000000, 1.000000000000000000 ) ) ;
#4172 = SURFACE_STYLE_USAGE ( .BOTH. , #1759 ) ;
#4174 = PRESENTATION_STYLE_ASSIGNMENT (( #485 ) ) ;
#4175 = FILL_AREA_STYLE ('',( #1825 ) ) ;
#4176 = ORIENTED_EDGE ( 'NONE', *, *, #1055, .T. ) ;
#4177 = FILL_AREA_STYLE_COLOUR ( '', #1906 ) ;
#4178 = VERTEX_POINT ( 'NONE', #3014 ) ;
#4179 = EDGE_CURVE ( 'NONE', #852, #956, #2777, .T. ) ;
#4180 = DIRECTION ( 'NONE',  ( 0.0000000000000000000, 0.0000000000000000000, -1.000000000000000000 ) ) ;
#4181 = STYLED_ITEM ( 'NONE', ( #4777 ), #1523 ) ;
#4182 = LINE ( 'NONE', #6105, #6018 ) ;
#4183 = ORIENTED_EDGE ( 'NONE', *, *, #1785, .T. ) ;
#4184 = CARTESIAN_POINT ( 'NONE',  ( 3.600228457265409965, 2.950000000000000178, -5.100000000000001421 ) ) ;
#4185 = DIRECTION ( 'NONE',  ( 0.3725077383644726514, 0.0000000000000000000, 0.9280290862136734154 ) ) ;
#4186 = AXIS2_PLACEMENT_3D ( 'NONE', #5234, #374, #3219 ) ;
#4187 = ORIENTED_EDGE ( 'NONE', *, *, #5843, .T. ) ;
#4188 = ORIENTED_EDGE ( 'NONE', *, *, #5311, .F. ) ;
#4189 = PRESENTATION_STYLE_ASSIGNMENT (( #205 ) ) ;
#4190 = CARTESIAN_POINT ( 'NONE',  ( -5.290000000000001812, 2.360000000000000320, -3.299999999999999822 ) ) ;
#4191 = ORIENTED_EDGE ( 'NONE', *, *, #244, .F. ) ;
#4193 = FILL_AREA_STYLE ('',( #827 ) ) ;
#4192 = SURFACE_STYLE_USAGE ( .BOTH. , #4668 ) ;
#4194 = CARTESIAN_POINT ( 'NONE',  ( 5.550000000000002487, 3.099999999999975664, -1.750000000000196732 ) ) ;
#4195 = LINE ( 'NONE', #1881, #814 ) ;
#4196 = AXIS2_PLACEMENT_3D ( 'NONE', #1346, #2286, #2758 ) ;
#4197 = CARTESIAN_POINT ( 'NONE',  ( 5.290000000000002700, 0.1999999999999996503, 2.499999999999998668 ) ) ;
#4198 = DIRECTION ( 'NONE',  ( -0.05596501978067826288, 0.0000000000000000000, 0.9984327301130248022 ) ) ;
#4199 =( LENGTH_UNIT ( ) NAMED_UNIT ( * ) SI_UNIT ( .MILLI., .METRE. ) );
#4200 = ORIENTED_EDGE ( 'NONE', *, *, #1576, .T. ) ;
#4201 = VECTOR ( 'NONE', #279, 1000.000000000000000 ) ;
#4202 = UNCERTAINTY_MEASURE_WITH_UNIT (LENGTH_MEASURE( 1.000000000000000082E-05 ), #1443, 'distance_accuracy_value', 'NONE');
#4203 = FILL_AREA_STYLE ('',( #289 ) ) ;
#4204 =( NAMED_UNIT ( * ) SI_UNIT ( $, .STERADIAN. ) SOLID_ANGLE_UNIT ( ) );
#4205 = PRESENTATION_LAYER_ASSIGNMENT (  '', '', ( #3467 ) ) ;
#4206 = DIRECTION ( 'NONE',  ( 1.000000000000000000, 0.0000000000000000000, 0.0000000000000000000 ) ) ;
#4207 = VECTOR ( 'NONE', #1844, 999.9999999999998863 ) ;
#4208 =( NAMED_UNIT ( * ) SI_UNIT ( $, .STERADIAN. ) SOLID_ANGLE_UNIT ( ) );
#4209 = LINE ( 'NONE', #3930, #431 ) ;
#4210 = EDGE_CURVE ( 'NONE', #6298, #4453, #5519, .T. ) ;
#4211 = FILL_AREA_STYLE_COLOUR ( '', #502 ) ;
#4212 = FILL_AREA_STYLE ('',( #3295 ) ) ;
#4213 = CARTESIAN_POINT ( 'NONE',  ( -5.290000000000001812, 3.250000000000000000, -3.299999999999999822 ) ) ;
#4214 = PRESENTATION_STYLE_ASSIGNMENT (( #4685 ) ) ;
#4215 = CARTESIAN_POINT ( 'NONE',  ( 2.981526483648595072, 4.000499999999999723, -0.4114982032729543882 ) ) ;
#4216 = EDGE_CURVE ( 'NONE', #1467, #608, #1058, .T. ) ;
#4217 = PRESENTATION_STYLE_ASSIGNMENT (( #2042 ) ) ;
#4218 = DIRECTION ( 'NONE',  ( 0.0000000000000000000, 0.0000000000000000000, -1.000000000000000000 ) ) ;
#4219 = VECTOR ( 'NONE', #834, 1000.000000000000000 ) ;
#4220 = CARTESIAN_POINT ( 'NONE',  ( -3.041767311539077312, 4.000499999999999723, 0.6703702798221691239 ) ) ;
#4221 = SURFACE_STYLE_USAGE ( .BOTH. , #2776 ) ;
#4222 = CARTESIAN_POINT ( 'NONE',  ( -5.550000000000001599, 2.996626828304406409, 2.049552224895855090 ) ) ;
#4223 = MECHANICAL_DESIGN_GEOMETRIC_PRESENTATION_REPRESENTATION (  '', ( #92 ), #3996 ) ;
#4224 =( LENGTH_UNIT ( ) NAMED_UNIT ( * ) SI_UNIT ( .MILLI., .METRE. ) );
#4225 = CARTESIAN_POINT ( 'NONE',  ( 5.072144223529249984, 3.250000000000000000, 5.079999999999997407 ) ) ;
#4226 =( NAMED_UNIT ( * ) SI_UNIT ( $, .STERADIAN. ) SOLID_ANGLE_UNIT ( ) );
#4227 = ORIENTED_EDGE ( 'NONE', *, *, #1137, .F. ) ;
#4228 = VECTOR ( 'NONE', #656, 1000.000000000000000 ) ;
#4229 = VECTOR ( 'NONE', #3979, 1000.000000000000000 ) ;
#4230 = CARTESIAN_POINT ( 'NONE',  ( -5.051998571447401609, 0.2000000000000000944, -3.552227028712813706 ) ) ;
#4231 = VECTOR ( 'NONE', #2763, 1000.000000000000000 ) ;
#4232 = SURFACE_SIDE_STYLE ('',( #1628 ) ) ;
#4233 = VERTEX_POINT ( 'NONE', #676 ) ;
#4234 =( GEOMETRIC_REPRESENTATION_CONTEXT ( 3 ) GLOBAL_UNCERTAINTY_ASSIGNED_CONTEXT ( ( #1074 ) ) GLOBAL_UNIT_ASSIGNED_CONTEXT ( ( #2845, #1008, #3822 ) ) REPRESENTATION_CONTEXT ( 'NONE', 'WORKASPACE' ) );
#4235 = CARTESIAN_POINT ( 'NONE',  ( 5.078952563137237419, 2.989999999999999769, 5.079999999999997407 ) ) ;
#4236 = UNCERTAINTY_MEASURE_WITH_UNIT (LENGTH_MEASURE( 1.000000000000000082E-05 ), #4672, 'distance_accuracy_value', 'NONE');
#4237 = FILL_AREA_STYLE ('',( #6084 ) ) ;
#4238 = ORIENTED_EDGE ( 'NONE', *, *, #5536, .F. ) ;
#4239 = CARTESIAN_POINT ( 'NONE',  ( 5.052504782352351675, 4.000000000000000000, -3.603001661137798628 ) ) ;
#4240 = AXIS2_PLACEMENT_3D ( 'NONE', #4714, #980, #911 ) ;
#4241 = FACE_OUTER_BOUND ( 'NONE', #5667, .T. ) ;
#4242 = CARTESIAN_POINT ( 'NONE',  ( 5.072144223529248208, 3.250000000000000000, 3.299999999999999822 ) ) ;
#4243 = EDGE_CURVE ( 'NONE', #1701, #4952, #5663, .T. ) ;
#4244 = VERTEX_POINT ( 'NONE', #2142 ) ;
#4245 = ORIENTED_EDGE ( 'NONE', *, *, #1309, .F. ) ;
#4246 = VECTOR ( 'NONE', #2175, 1000.000000000000000 ) ;
#4247 = DIRECTION ( 'NONE',  ( 0.0000000000000000000, 1.000000000000000000, 2.409338161079554329E-15 ) ) ;
#4248 = SURFACE_STYLE_FILL_AREA ( #1630 ) ;
#4249 = DIRECTION ( 'NONE',  ( -0.0000000000000000000, -1.000000000000000000, 0.0000000000000000000 ) ) ;
#4250 = VECTOR ( 'NONE', #2109, 1000.000000000000114 ) ;
#4251 = STYLED_ITEM ( 'NONE', ( #2719 ), #2060 ) ;
#4252 = EDGE_CURVE ( 'NONE', #3516, #1701, #6054, .T. ) ;
#4253 = ORIENTED_EDGE ( 'NONE', *, *, #3742, .F. ) ;
#4254 = COLOUR_RGB ( '',1.000000000000000000, 1.000000000000000000, 1.000000000000000000 ) ;
#4255 =( NAMED_UNIT ( * ) PLANE_ANGLE_UNIT ( ) SI_UNIT ( $, .RADIAN. ) );
#4257 = DIRECTION ( 'NONE',  ( 0.0000000000000000000, -1.000000000000000000, 0.0000000000000000000 ) ) ;
#4256 = FILL_AREA_STYLE_COLOUR ( '', #4854 ) ;
#4258 = ORIENTED_EDGE ( 'NONE', *, *, #3919, .F. ) ;
#4259 = CARTESIAN_POINT ( 'NONE',  ( -3.631489445471749455, 2.912095407500383537, 5.080992566686305167 ) ) ;
#4260 = ORIENTED_EDGE ( 'NONE', *, *, #620, .F. ) ;
#4261 = VERTEX_POINT ( 'NONE', #1675 ) ;
#4262 = ORIENTED_EDGE ( 'NONE', *, *, #3057, .F. ) ;
#4263 =( LENGTH_UNIT ( ) NAMED_UNIT ( * ) SI_UNIT ( .MILLI., .METRE. ) );
#4264 = EDGE_LOOP ( 'NONE', ( #770, #4608, #859, #1942, #5706, #4543, #3736 ) ) ;
#4266 = DIRECTION ( 'NONE',  ( -0.0000000000000000000, -1.000000000000000000, 0.0000000000000000000 ) ) ;
#4265 = CARTESIAN_POINT ( 'NONE',  ( 0.7237001719797963029, 4.000000000000000000, 0.6703702798221459203 ) ) ;
#4267 = LINE ( 'NONE', #3391, #4565 ) ;
#4268 = LINE ( 'NONE', #6059, #3187 ) ;
#4269 = VERTEX_POINT ( 'NONE', #4027 ) ;
#4270 = ORIENTED_EDGE ( 'NONE', *, *, #5346, .T. ) ;
#4271 = FILL_AREA_STYLE ('',( #908 ) ) ;
#4272 =( NAMED_UNIT ( * ) SI_UNIT ( $, .STERADIAN. ) SOLID_ANGLE_UNIT ( ) );
#4273 = ORIENTED_EDGE ( 'NONE', *, *, #2126, .F. ) ;
#4274 = UNCERTAINTY_MEASURE_WITH_UNIT (LENGTH_MEASURE( 1.000000000000000082E-05 ), #4780, 'distance_accuracy_value', 'NONE');
#4275 = COLOUR_RGB ( '',0.7960784313725489669, 0.8235294117647058432, 0.9372549019607843146 ) ;
#4276 =( NAMED_UNIT ( * ) PLANE_ANGLE_UNIT ( ) SI_UNIT ( $, .RADIAN. ) );
#4278 =( NAMED_UNIT ( * ) SI_UNIT ( $, .STERADIAN. ) SOLID_ANGLE_UNIT ( ) );
#4277 = SURFACE_SIDE_STYLE ('',( #6162 ) ) ;
#4279 = DIRECTION ( 'NONE',  ( -1.000000000000000000, 0.0000000000000000000, 1.652012068047733243E-14 ) ) ;
#4280 = PRESENTATION_LAYER_ASSIGNMENT (  '', '', ( #3967 ) ) ;
#4281 = FILL_AREA_STYLE ('',( #3828 ) ) ;
#4282 = SURFACE_STYLE_USAGE ( .BOTH. , #4347 ) ;
#4283 = FACE_OUTER_BOUND ( 'NONE', #149, .T. ) ;
#4284 = EDGE_CURVE ( 'NONE', #2022, #4567, #55, .T. ) ;
#4285 = DIRECTION ( 'NONE',  ( -1.000000000000000000, 0.0000000000000000000, 0.0000000000000000000 ) ) ;
#4286 = FACE_OUTER_BOUND ( 'NONE', #4494, .T. ) ;
#4287 = FILL_AREA_STYLE_COLOUR ( '', #5943 ) ;
#4288 = DIRECTION ( 'NONE',  ( -0.2763139702539091358, 0.0000000000000000000, 0.9610674221107079473 ) ) ;
#4289 = DIRECTION ( 'NONE',  ( -1.000000000000000000, -0.0000000000000000000, 0.0000000000000000000 ) ) ;
#4290 = VECTOR ( 'NONE', #1706, 1000.000000000000000 ) ;
#4291 = CARTESIAN_POINT ( 'NONE',  ( 5.550000000000002487, 0.1999999999999996503, 3.299999999999999822 ) ) ;
#4293 = CARTESIAN_POINT ( 'NONE',  ( 0.0000000000000000000, 0.0000000000000000000, -3.299999999999999822 ) ) ;
#4292 = FILL_AREA_STYLE ('',( #4256 ) ) ;
#4294 =( NAMED_UNIT ( * ) PLANE_ANGLE_UNIT ( ) SI_UNIT ( $, .RADIAN. ) );
#4295 = EDGE_CURVE ( 'NONE', #11, #4045, #5890, .T. ) ;
#4296 = MECHANICAL_DESIGN_GEOMETRIC_PRESENTATION_REPRESENTATION (  '', ( #83 ), #3197 ) ;
#4298 = FILL_AREA_STYLE ('',( #4847 ) ) ;
#4297 = CARTESIAN_POINT ( 'NONE',  ( 1.505122785420938358, 4.000499999999999723, -0.1657448231678102513 ) ) ;
#4299 = CARTESIAN_POINT ( 'NONE',  ( -2.819842016330205148, 4.000499999999999723, -0.09862666963029805001 ) ) ;
#4300 = LINE ( 'NONE', #3838, #2716 ) ;
#4301 = ORIENTED_EDGE ( 'NONE', *, *, #620, .T. ) ;
#4302 = PRESENTATION_LAYER_ASSIGNMENT (  '', '', ( #1676 ) ) ;
#4303 = VECTOR ( 'NONE', #579, 1000.000000000000000 ) ;
#4304 = COLOUR_RGB ( '',0.0000000000000000000, 0.0000000000000000000, 0.0000000000000000000 ) ;
#4305 = PLANE ( 'NONE',  #2818 ) ;
#4306 = DIRECTION ( 'NONE',  ( 0.0000000000000000000, -0.0000000000000000000, 1.000000000000000000 ) ) ;
#4307 = EDGE_LOOP ( 'NONE', ( #6232, #5899, #4496, #2226 ) ) ;
#4308 = VECTOR ( 'NONE', #324, 1000.000000000000114 ) ;
#4309 = DIRECTION ( 'NONE',  ( 0.0000000000000000000, -0.5665288228870650755, 0.8240419241993676147 ) ) ;
#4310 = ORIENTED_EDGE ( 'NONE', *, *, #2392, .F. ) ;
#4311 = STYLED_ITEM ( 'NONE', ( #4029 ), #41 ) ;
#4312 = UNCERTAINTY_MEASURE_WITH_UNIT (LENGTH_MEASURE( 1.000000000000000082E-05 ), #2825, 'distance_accuracy_value', 'NONE');
#4314 =( NAMED_UNIT ( * ) SI_UNIT ( $, .STERADIAN. ) SOLID_ANGLE_UNIT ( ) );
#4313 = CARTESIAN_POINT ( 'NONE',  ( 5.550000000000002487, 3.099999999999975220, 1.750000000000195843 ) ) ;
#4315 = PRESENTATION_STYLE_ASSIGNMENT (( #4980 ) ) ;
#4316 =( GEOMETRIC_REPRESENTATION_CONTEXT ( 3 ) GLOBAL_UNCERTAINTY_ASSIGNED_CONTEXT ( ( #4087 ) ) GLOBAL_UNIT_ASSIGNED_CONTEXT ( ( #97, #1997, #4368 ) ) REPRESENTATION_CONTEXT ( 'NONE', 'WORKASPACE' ) );
#4317 = STYLED_ITEM ( 'NONE', ( #1752 ), #2554 ) ;
#4318 = CARTESIAN_POINT ( 'NONE',  ( -3.600685128320260997, 2.976162667210099144, 5.100456671054845792 ) ) ;
#4319 = ORIENTED_EDGE ( 'NONE', *, *, #5836, .T. ) ;
#4320 = EDGE_CURVE ( 'NONE', #4705, #5037, #1526, .T. ) ;
#4321 = LINE ( 'NONE', #4095, #2229 ) ;
#4322 = ORIENTED_EDGE ( 'NONE', *, *, #3551, .F. ) ;
#4323 = FACE_OUTER_BOUND ( 'NONE', #2062, .T. ) ;
#4325 = SURFACE_SIDE_STYLE ('',( #4433 ) ) ;
#4324 =( LENGTH_UNIT ( ) NAMED_UNIT ( * ) SI_UNIT ( .MILLI., .METRE. ) );
#4326 = SURFACE_SIDE_STYLE ('',( #5365 ) ) ;
#4327 = ORIENTED_EDGE ( 'NONE', *, *, #5627, .T. ) ;
#4328 = ORIENTED_EDGE ( 'NONE', *, *, #4331, .T. ) ;
#4329 = AXIS2_PLACEMENT_3D ( 'NONE', #2774, #872, #3754 ) ;
#4330 = VERTEX_POINT ( 'NONE', #174 ) ;
#4331 = EDGE_CURVE ( 'NONE', #871, #5414, #3075, .T. ) ;
#4332 = LINE ( 'NONE', #674, #3415 ) ;
#4333 = ORIENTED_EDGE ( 'NONE', *, *, #555, .T. ) ;
#4334 =( LENGTH_UNIT ( ) NAMED_UNIT ( * ) SI_UNIT ( .MILLI., .METRE. ) );
#4335 = ORIENTED_EDGE ( 'NONE', *, *, #789, .F. ) ;
#4336 = FILL_AREA_STYLE_COLOUR ( '', #1683 ) ;
#4337 = EDGE_CURVE ( 'NONE', #929, #4645, #5062, .T. ) ;
#4338 = ORIENTED_EDGE ( 'NONE', *, *, #2755, .T. ) ;
#4339 = VERTEX_POINT ( 'NONE', #4627 ) ;
#4340 =( LENGTH_UNIT ( ) NAMED_UNIT ( * ) SI_UNIT ( .MILLI., .METRE. ) );
#4342 = DIRECTION ( 'NONE',  ( -0.0000000000000000000, 0.0000000000000000000, -1.000000000000000000 ) ) ;
#4341 = SURFACE_SIDE_STYLE ('',( #2237 ) ) ;
#4343 = CARTESIAN_POINT ( 'NONE',  ( -5.290000000000001812, 3.250000000000000444, -2.050000000000441691 ) ) ;
#4344 = ORIENTED_EDGE ( 'NONE', *, *, #781, .F. ) ;
#4345 = ORIENTED_EDGE ( 'NONE', *, *, #2352, .F. ) ;
#4347 = SURFACE_SIDE_STYLE ('',( #2194 ) ) ;
#4346 =( NAMED_UNIT ( * ) SI_UNIT ( $, .STERADIAN. ) SOLID_ANGLE_UNIT ( ) );
#4348 = CARTESIAN_POINT ( 'NONE',  ( -1.597563066899632789, 4.000000000000000000, -0.6703702798221691239 ) ) ;
#4349 = PRESENTATION_LAYER_ASSIGNMENT (  '', '', ( #2917 ) ) ;
#4350 = VERTEX_POINT ( 'NONE', #5044 ) ;
#4351 = PRESENTATION_LAYER_ASSIGNMENT (  '', '', ( #5975 ) ) ;
#4352 = DIRECTION ( 'NONE',  ( 0.7145695586381805020, 0.0000000000000000000, -0.6995643972270430000 ) ) ;
#4353 = ADVANCED_FACE ( 'NONE', ( #216 ), #2206, .F. ) ;
#4354 = CARTESIAN_POINT ( 'NONE',  ( 2.981526483648595072, 4.000000000000000000, -0.4114982032729543882 ) ) ;
#4355 = STYLED_ITEM ( 'NONE', ( #5992 ), #291 ) ;
#4356 = PRESENTATION_LAYER_ASSIGNMENT (  '', '', ( #3917 ) ) ;
#4357 = EDGE_CURVE ( 'NONE', #3189, #4404, #3773, .T. ) ;
#4358 = DIRECTION ( 'NONE',  ( -1.000000000000000000, 0.0000000000000000000, 1.652012068047733243E-14 ) ) ;
#4359 = DIRECTION ( 'NONE',  ( 1.652012068047733243E-14, 0.0000000000000000000, 1.000000000000000000 ) ) ;
#4360 = LINE ( 'NONE', #3060, #581 ) ;
#4361 = CARTESIAN_POINT ( 'NONE',  ( 2.080494624278306226, 4.000499999999999723, -0.1657448231678102513 ) ) ;
#4362 = PRESENTATION_LAYER_ASSIGNMENT (  '', '', ( #2467 ) ) ;
#4363 =( NAMED_UNIT ( * ) PLANE_ANGLE_UNIT ( ) SI_UNIT ( $, .RADIAN. ) );
#4364 = DIRECTION ( 'NONE',  ( -0.2760118818968555487, 0.0000000000000000000, 0.9611542233438691296 ) ) ;
#4365 = LINE ( 'NONE', #3722, #4219 ) ;
#4366 = AXIS2_PLACEMENT_3D ( 'NONE', #785, #5631, #2252 ) ;
#4367 = EDGE_CURVE ( 'NONE', #4487, #3114, #3936, .T. ) ;
#4368 =( NAMED_UNIT ( * ) SI_UNIT ( $, .STERADIAN. ) SOLID_ANGLE_UNIT ( ) );
#4369 =( NAMED_UNIT ( * ) SI_UNIT ( $, .STERADIAN. ) SOLID_ANGLE_UNIT ( ) );
#4370 = PRESENTATION_STYLE_ASSIGNMENT (( #2481 ) ) ;
#4371 = CARTESIAN_POINT ( 'NONE',  ( 5.290000000000001812, 2.989999999999999769, -3.299999999999999822 ) ) ;
#4372 = SURFACE_STYLE_USAGE ( .BOTH. , #3429 ) ;
#4373 = EDGE_CURVE ( 'NONE', #3181, #3965, #3237, .T. ) ;
#4374 =( GEOMETRIC_REPRESENTATION_CONTEXT ( 3 ) GLOBAL_UNCERTAINTY_ASSIGNED_CONTEXT ( ( #4462 ) ) GLOBAL_UNIT_ASSIGNED_CONTEXT ( ( #5258, #909, #4272 ) ) REPRESENTATION_CONTEXT ( 'NONE', 'WORKASPACE' ) );
#4375 = LINE ( 'NONE', #4664, #3076 ) ;
#4376 = ADVANCED_FACE ( 'NONE', ( #6209 ), #3597, .T. ) ;
#4377 = LINE ( 'NONE', #6228, #1848 ) ;
#4378 = EDGE_LOOP ( 'NONE', ( #5329, #5599, #3905, #80 ) ) ;
#4380 = DIRECTION ( 'NONE',  ( 1.000000000000000000, 0.0000000000000000000, 0.0000000000000000000 ) ) ;
#4379 =( NAMED_UNIT ( * ) SI_UNIT ( $, .STERADIAN. ) SOLID_ANGLE_UNIT ( ) );
#4381 = ORIENTED_EDGE ( 'NONE', *, *, #3818, .T. ) ;
#4382 = CARTESIAN_POINT ( 'NONE',  ( 5.550000000000002487, -0.05999999999999976186, -2.500000000000001332 ) ) ;
#4383 = PRESENTATION_STYLE_ASSIGNMENT (( #3228 ) ) ;
#4384 = COLOUR_RGB ( '',1.000000000000000000, 1.000000000000000000, 1.000000000000000000 ) ;
#4385 = ORIENTED_EDGE ( 'NONE', *, *, #4408, .F. ) ;
#4386 = AXIS2_PLACEMENT_3D ( 'NONE', #3873, #394, #973 ) ;
#4387 = MECHANICAL_DESIGN_GEOMETRIC_PRESENTATION_REPRESENTATION (  '', ( #1174 ), #4748 ) ;
#4388 = CARTESIAN_POINT ( 'NONE',  ( -3.550000000000003375, 0.1999999999999990119, 3.299999999999999822 ) ) ;
#4389 = CARTESIAN_POINT ( 'NONE',  ( -5.100000000000000533, 2.950000000000000178, -3.600228457265412185 ) ) ;
#4390 = UNCERTAINTY_MEASURE_WITH_UNIT (LENGTH_MEASURE( 1.000000000000000082E-05 ), #4750, 'distance_accuracy_value', 'NONE');
#4391 = VERTEX_POINT ( 'NONE', #720 ) ;
#4392 = DIRECTION ( 'NONE',  ( -1.000000000000000000, 0.0000000000000000000, 0.0000000000000000000 ) ) ;
#4393 = ORIENTED_EDGE ( 'NONE', *, *, #1115, .F. ) ;
#4394 =( NAMED_UNIT ( * ) SI_UNIT ( $, .STERADIAN. ) SOLID_ANGLE_UNIT ( ) );
#4395 = PRESENTATION_LAYER_ASSIGNMENT (  '', '', ( #3340 ) ) ;
#4396 = AXIS2_PLACEMENT_3D ( 'NONE', #1631, #4429, #2048 ) ;
#4397 = ORIENTED_EDGE ( 'NONE', *, *, #1846, .F. ) ;
#4398 = CARTESIAN_POINT ( 'NONE',  ( -3.550000000000002487, 3.250000000000000000, 3.299999999999999822 ) ) ;
#4399 = COLOUR_RGB ( '',0.0000000000000000000, 0.0000000000000000000, 0.0000000000000000000 ) ;
#4400 = LINE ( 'NONE', #5580, #796 ) ;
#4401 = EDGE_CURVE ( 'NONE', #3153, #1878, #1691, .T. ) ;
#4402 = ORIENTED_EDGE ( 'NONE', *, *, #1744, .F. ) ;
#4403 =( LENGTH_UNIT ( ) NAMED_UNIT ( * ) SI_UNIT ( .MILLI., .METRE. ) );
#4404 = VERTEX_POINT ( 'NONE', #3681 ) ;
#4405 = DIRECTION ( 'NONE',  ( -0.9612861490927346875, 0.0000000000000000000, -0.2755520632520481739 ) ) ;
#4406 = VECTOR ( 'NONE', #3548, 1000.000000000000000 ) ;
#4407 = VECTOR ( 'NONE', #3534, 1000.000000000000000 ) ;
#4408 = EDGE_CURVE ( 'NONE', #5089, #2103, #3783, .T. ) ;
#4409 = ORIENTED_EDGE ( 'NONE', *, *, #1975, .F. ) ;
#4410 = ORIENTED_EDGE ( 'NONE', *, *, #4005, .F. ) ;
#4411 = MECHANICAL_DESIGN_GEOMETRIC_PRESENTATION_REPRESENTATION (  '', ( #1773 ), #2169 ) ;
#4412 = ORIENTED_EDGE ( 'NONE', *, *, #2138, .F. ) ;
#4413 = LINE ( 'NONE', #5485, #2096 ) ;
#4414 = VECTOR ( 'NONE', #5946, 1000.000000000000000 ) ;
#4415 = ADVANCED_FACE ( 'NONE', ( #2493 ), #4089, .F. ) ;
#4417 = SURFACE_SIDE_STYLE ('',( #5316 ) ) ;
#4416 = FILL_AREA_STYLE_COLOUR ( '', #2108 ) ;
#4418 = VECTOR ( 'NONE', #2664, 1000.000000000000114 ) ;
#4419 = APPLICATION_CONTEXT ( 'automotive_design' ) ;
#4420 = EDGE_CURVE ( 'NONE', #5014, #4487, #6135, .T. ) ;
#4421 =( NAMED_UNIT ( * ) SI_UNIT ( $, .STERADIAN. ) SOLID_ANGLE_UNIT ( ) );
#4422 = DIRECTION ( 'NONE',  ( -0.0000000000000000000, 1.000000000000000000, 0.0000000000000000000 ) ) ;
#4423 = VERTEX_POINT ( 'NONE', #1524 ) ;
#4424 = DIRECTION ( 'NONE',  ( 0.0000000000000000000, -0.0000000000000000000, 1.000000000000000000 ) ) ;
#4425 =( GEOMETRIC_REPRESENTATION_CONTEXT ( 3 ) GLOBAL_UNCERTAINTY_ASSIGNED_CONTEXT ( ( #5137 ) ) GLOBAL_UNIT_ASSIGNED_CONTEXT ( ( #1456, #2426, #4809 ) ) REPRESENTATION_CONTEXT ( 'NONE', 'WORKASPACE' ) );
#4426 = ORIENTED_EDGE ( 'NONE', *, *, #4295, .F. ) ;
#4428 =( NAMED_UNIT ( * ) PLANE_ANGLE_UNIT ( ) SI_UNIT ( $, .RADIAN. ) );
#4427 = FILL_AREA_STYLE ('',( #2046 ) ) ;
#4429 = DIRECTION ( 'NONE',  ( -0.0000000000000000000, -0.0000000000000000000, -1.000000000000000000 ) ) ;
#4430 = UNCERTAINTY_MEASURE_WITH_UNIT (LENGTH_MEASURE( 1.000000000000000082E-05 ), #5811, 'distance_accuracy_value', 'NONE');
#4432 = CARTESIAN_POINT ( 'NONE',  ( 5.051998571447397168, 0.2000000000000013989, -5.100000000000002309 ) ) ;
#4431 = CARTESIAN_POINT ( 'NONE',  ( 5.080000000000005400, 2.950000000000000178, 5.079999999999997407 ) ) ;
#4433 = SURFACE_STYLE_FILL_AREA ( #969 ) ;
#4434 = SURFACE_STYLE_FILL_AREA ( #899 ) ;
#4435 =( GEOMETRIC_REPRESENTATION_CONTEXT ( 3 ) GLOBAL_UNCERTAINTY_ASSIGNED_CONTEXT ( ( #247 ) ) GLOBAL_UNIT_ASSIGNED_CONTEXT ( ( #1522, #2037, #5330 ) ) REPRESENTATION_CONTEXT ( 'NONE', 'WORKASPACE' ) );
#4436 = CARTESIAN_POINT ( 'NONE',  ( 5.079999999999997407, 2.950000000000000178, -4.479716604729726548 ) ) ;
#4437 = VECTOR ( 'NONE', #3170, 1000.000000000000000 ) ;
#4438 = ADVANCED_FACE ( 'NONE', ( #2275 ), #5823, .T. ) ;
#4439 =( GEOMETRIC_REPRESENTATION_CONTEXT ( 3 ) GLOBAL_UNCERTAINTY_ASSIGNED_CONTEXT ( ( #688 ) ) GLOBAL_UNIT_ASSIGNED_CONTEXT ( ( #3483, #598, #3988 ) ) REPRESENTATION_CONTEXT ( 'NONE', 'WORKASPACE' ) );
#4441 = CARTESIAN_POINT ( 'NONE',  ( -5.290000000000001812, 2.989999999999999769, 2.050000000000439915 ) ) ;
#4440 = CARTESIAN_POINT ( 'NONE',  ( 1.109172968781252600, 4.000499999999999723, -0.6703702798222106463 ) ) ;
#4442 = EDGE_CURVE ( 'NONE', #1645, #1566, #5894, .T. ) ;
#4444 =( NAMED_UNIT ( * ) SI_UNIT ( $, .STERADIAN. ) SOLID_ANGLE_UNIT ( ) );
#4443 = CARTESIAN_POINT ( 'NONE',  ( 3.348608875873376967, 4.000499999999999723, -0.4114690611629768791 ) ) ;
#4445 = PRESENTATION_STYLE_ASSIGNMENT (( #111 ) ) ;
#4446 = CARTESIAN_POINT ( 'NONE',  ( 3.550000000000002487, 2.989999999999999769, 3.299999999999999822 ) ) ;
#4447 = LINE ( 'NONE', #3663, #3465 ) ;
#4448 = CARTESIAN_POINT ( 'NONE',  ( 0.04607485088685460417, 4.000499999999999723, 0.2874720023903819532 ) ) ;
#4449 = LINE ( 'NONE', #837, #1923 ) ;
#4451 =( NAMED_UNIT ( * ) PLANE_ANGLE_UNIT ( ) SI_UNIT ( $, .RADIAN. ) );
#4450 = DIRECTION ( 'NONE',  ( -0.2764273280489710216, 0.0000000000000000000, 0.9610348236706651726 ) ) ;
#4452 = ORIENTED_EDGE ( 'NONE', *, *, #3190, .F. ) ;
#4453 = VERTEX_POINT ( 'NONE', #2005 ) ;
#4454 = PRESENTATION_STYLE_ASSIGNMENT (( #5153 ) ) ;
#4455 = SURFACE_STYLE_USAGE ( .BOTH. , #1099 ) ;
#4456 = COLOUR_RGB ( '',0.5019607843137254832, 0.5019607843137254832, 0.5019607843137254832 ) ;
#4457 = CARTESIAN_POINT ( 'NONE',  ( -0.2631657934942407961, 4.000000000000000000, 0.6703702798221505832 ) ) ;
#4458 = CARTESIAN_POINT ( 'NONE',  ( -5.051998571447401609, 0.2000000000000000944, -5.099999999999998757 ) ) ;
#4459 = DIRECTION ( 'NONE',  ( -0.0000000000000000000, -0.0000000000000000000, -1.000000000000000000 ) ) ;
#4460 = ORIENTED_EDGE ( 'NONE', *, *, #3024, .T. ) ;
#4461 = AXIS2_PLACEMENT_3D ( 'NONE', #1449, #2478, #5882 ) ;
#4462 = UNCERTAINTY_MEASURE_WITH_UNIT (LENGTH_MEASURE( 1.000000000000000082E-05 ), #5258, 'distance_accuracy_value', 'NONE');
#4463 = VECTOR ( 'NONE', #2449, 1000.000000000000000 ) ;
#4464 = FILL_AREA_STYLE_COLOUR ( '', #3085 ) ;
#4466 = FILL_AREA_STYLE ('',( #4491 ) ) ;
#4465 = FILL_AREA_STYLE ('',( #609 ) ) ;
#4467 = UNCERTAINTY_MEASURE_WITH_UNIT (LENGTH_MEASURE( 1.000000000000000082E-05 ), #5655, 'distance_accuracy_value', 'NONE');
#4468 = SURFACE_SIDE_STYLE ('',( #5883 ) ) ;
#4469 = ORIENTED_EDGE ( 'NONE', *, *, #5877, .T. ) ;
#4470 = ORIENTED_EDGE ( 'NONE', *, *, #3864, .T. ) ;
#4471 = CARTESIAN_POINT ( 'NONE',  ( 5.550000000000002487, 2.360000000000001208, -3.300000000000001599 ) ) ;
#4472 = ADVANCED_FACE ( 'NONE', ( #1459 ), #5370, .F. ) ;
#4474 = CARTESIAN_POINT ( 'NONE',  ( 5.051998571447398945, 0.2000000000000013989, -3.552227028712818147 ) ) ;
#4473 = SURFACE_STYLE_USAGE ( .BOTH. , #1598 ) ;
#4475 = VERTEX_POINT ( 'NONE', #4836 ) ;
#4476 = VECTOR ( 'NONE', #1530, 1000.000000000000000 ) ;
#4477 = ORIENTED_EDGE ( 'NONE', *, *, #4337, .T. ) ;
#4478 = ORIENTED_EDGE ( 'NONE', *, *, #356, .T. ) ;
#4479 =( NAMED_UNIT ( * ) PLANE_ANGLE_UNIT ( ) SI_UNIT ( $, .RADIAN. ) );
#4480 = LINE ( 'NONE', #2712, #1330 ) ;
#4481 = STYLED_ITEM ( 'NONE', ( #1646 ), #3131 ) ;
#4482 = CARTESIAN_POINT ( 'NONE',  ( -2.899999999999999023, 0.1999999999999996503, -5.100000000000002309 ) ) ;
#4483 = ORIENTED_EDGE ( 'NONE', *, *, #5586, .T. ) ;
#4484 = LINE ( 'NONE', #1488, #1030 ) ;
#4485 = LINE ( 'NONE', #671, #4414 ) ;
#4486 = VECTOR ( 'NONE', #3207, 1000.000000000000000 ) ;
#4487 = VERTEX_POINT ( 'NONE', #1964 ) ;
#4488 = EDGE_LOOP ( 'NONE', ( #5475, #1705, #1625, #529 ) ) ;
#4489 = ORIENTED_EDGE ( 'NONE', *, *, #3363, .F. ) ;
#4490 = DIRECTION ( 'NONE',  ( -9.353901095953370157E-16, -7.653500652894745119E-31, -1.000000000000000000 ) ) ;
#4491 = FILL_AREA_STYLE_COLOUR ( '', #677 ) ;
#4492 = MECHANICAL_DESIGN_GEOMETRIC_PRESENTATION_REPRESENTATION (  '', ( #242 ), #5473 ) ;
#4493 = EDGE_CURVE ( 'NONE', #3626, #4633, #603, .T. ) ;
#4494 = EDGE_LOOP ( 'NONE', ( #2304, #4550, #5606, #1181 ) ) ;
#4495 = LINE ( 'NONE', #4798, #5270 ) ;
#4496 = ORIENTED_EDGE ( 'NONE', *, *, #1661, .F. ) ;
#4497 = ORIENTED_EDGE ( 'NONE', *, *, #5507, .F. ) ;
#4498 = ORIENTED_EDGE ( 'NONE', *, *, #4641, .F. ) ;
#4499 = CARTESIAN_POINT ( 'NONE',  ( -5.290000000000001812, 3.250000000000000000, -3.299999999999999822 ) ) ;
#4500 = EDGE_CURVE ( 'NONE', #628, #2018, #3463, .T. ) ;
#4501 =( NAMED_UNIT ( * ) SI_UNIT ( $, .STERADIAN. ) SOLID_ANGLE_UNIT ( ) );
#4502 = LINE ( 'NONE', #2676, #1743 ) ;
#4503 = MECHANICAL_DESIGN_GEOMETRIC_PRESENTATION_REPRESENTATION (  '', ( #288 ), #538 ) ;
#4504 = ADVANCED_FACE ( 'NONE', ( #3620 ), #2415, .F. ) ;
#4505 = CARTESIAN_POINT ( 'NONE',  ( 5.290000000000001812, 2.989999999999999769, 2.050000000000439915 ) ) ;
#4506 = UNCERTAINTY_MEASURE_WITH_UNIT (LENGTH_MEASURE( 1.000000000000000082E-05 ), #3469, 'distance_accuracy_value', 'NONE');
#4508 = DIRECTION ( 'NONE',  ( 0.9999999968487351953, 0.0000000000000000000, 7.938847109787028767E-05 ) ) ;
#4507 = CARTESIAN_POINT ( 'NONE',  ( -5.550000000000002487, -0.06000000000000035166, 3.299999999999999822 ) ) ;
#4510 = CARTESIAN_POINT ( 'NONE',  ( 5.290000000000001812, 3.250000000000000000, 3.299999999999999822 ) ) ;
#4509 = SURFACE_SIDE_STYLE ('',( #93 ) ) ;
#4511 = PRESENTATION_LAYER_ASSIGNMENT (  '', '', ( #1634 ) ) ;
#4512 =( GEOMETRIC_REPRESENTATION_CONTEXT ( 3 ) GLOBAL_UNCERTAINTY_ASSIGNED_CONTEXT ( ( #1515 ) ) GLOBAL_UNIT_ASSIGNED_CONTEXT ( ( #6180, #3250, #4314 ) ) REPRESENTATION_CONTEXT ( 'NONE', 'WORKASPACE' ) );
#4513 = FACE_OUTER_BOUND ( 'NONE', #5322, .T. ) ;
#4514 = DIRECTION ( 'NONE',  ( -1.000000000000000000, 0.0000000000000000000, 1.585630839319239247E-14 ) ) ;
#4515 = PRESENTATION_STYLE_ASSIGNMENT (( #4803 ) ) ;
#4517 = CARTESIAN_POINT ( 'NONE',  ( 5.051998571447405162, 0.2000000000000013989, 3.552227028712811485 ) ) ;
#4516 = PLANE ( 'NONE',  #3086 ) ;
#4518 = EDGE_CURVE ( 'NONE', #5358, #4779, #6289, .T. ) ;
#4519 = AXIS2_PLACEMENT_3D ( 'NONE', #240, #3616, #4121 ) ;
#4520 = FILL_AREA_STYLE_COLOUR ( '', #2410 ) ;
#4521 = EDGE_CURVE ( 'NONE', #3583, #6089, #1454, .T. ) ;
#4522 = DIRECTION ( 'NONE',  ( 0.4443210308329519354, 0.0000000000000000000, -0.8958676361826800605 ) ) ;
#4523 = DIRECTION ( 'NONE',  ( -0.2763173343569915730, 0.0000000000000000000, 0.9610664548998921752 ) ) ;
#4524 = MECHANICAL_DESIGN_GEOMETRIC_PRESENTATION_REPRESENTATION (  '', ( #1062 ), #2398 ) ;
#4525 = CARTESIAN_POINT ( 'NONE',  ( 2.900000000000000799, 0.1999999999999996503, -5.100000000000002309 ) ) ;
#4526 = EDGE_CURVE ( 'NONE', #5069, #3357, #1917, .T. ) ;
#4527 = DIRECTION ( 'NONE',  ( 1.000000000000000000, 0.0000000000000000000, 0.0000000000000000000 ) ) ;
#4528 = VECTOR ( 'NONE', #477, 1000.000000000000000 ) ;
#4529 = FACE_OUTER_BOUND ( 'NONE', #4544, .T. ) ;
#4530 = LINE ( 'NONE', #109, #5982 ) ;
#4531 = LINE ( 'NONE', #3166, #2721 ) ;
#4532 = ORIENTED_EDGE ( 'NONE', *, *, #2044, .F. ) ;
#4533 = DIRECTION ( 'NONE',  ( 1.849886331845575074E-14, 0.0000000000000000000, 1.000000000000000000 ) ) ;
#4534 = VERTEX_POINT ( 'NONE', #5924 ) ;
#4535 = DIRECTION ( 'NONE',  ( -0.0000000000000000000, -1.000000000000000000, 0.0000000000000000000 ) ) ;
#4536 = FACE_OUTER_BOUND ( 'NONE', #5919, .T. ) ;
#4537 = DIRECTION ( 'NONE',  ( 0.01745240643728354635, 0.9998476951563911586, 0.0000000000000000000 ) ) ;
#4538 = ORIENTED_EDGE ( 'NONE', *, *, #1360, .T. ) ;
#4539 = VECTOR ( 'NONE', #1081, 1000.000000000000114 ) ;
#4540 = CARTESIAN_POINT ( 'NONE',  ( 5.550000000000002487, 3.099999999999975220, 1.750000000000195843 ) ) ;
#4541 = UNCERTAINTY_MEASURE_WITH_UNIT (LENGTH_MEASURE( 1.000000000000000082E-05 ), #2361, 'distance_accuracy_value', 'NONE');
#4542 = SURFACE_STYLE_USAGE ( .BOTH. , #5024 ) ;
#4543 = ORIENTED_EDGE ( 'NONE', *, *, #319, .F. ) ;
#4544 = EDGE_LOOP ( 'NONE', ( #1325, #614, #5105, #1574, #487, #1148, #2017, #2534, #643, #1423, #2143, #2604, #4056, #1723, #2385, #2722, #1787 ) ) ;
#4545 = AXIS2_PLACEMENT_3D ( 'NONE', #3954, #2900, #2978 ) ;
#4546 =( NAMED_UNIT ( * ) SI_UNIT ( $, .STERADIAN. ) SOLID_ANGLE_UNIT ( ) );
#4547 = ORIENTED_EDGE ( 'NONE', *, *, #4526, .F. ) ;
#4549 = DIRECTION ( 'NONE',  ( 0.0000000000000000000, -0.0000000000000000000, -1.000000000000000000 ) ) ;
#4548 = CARTESIAN_POINT ( 'NONE',  ( 0.7274180871905749912, 4.000499999999999723, -0.5290038919167755482 ) ) ;
#4550 = ORIENTED_EDGE ( 'NONE', *, *, #4373, .F. ) ;
#4551 = ORIENTED_EDGE ( 'NONE', *, *, #4810, .F. ) ;
#4552 =( GEOMETRIC_REPRESENTATION_CONTEXT ( 3 ) GLOBAL_UNCERTAINTY_ASSIGNED_CONTEXT ( ( #4467 ) ) GLOBAL_UNIT_ASSIGNED_CONTEXT ( ( #5655, #2240, #5677 ) ) REPRESENTATION_CONTEXT ( 'NONE', 'WORKASPACE' ) );
#4553 = AXIS2_PLACEMENT_3D ( 'NONE', #931, #381, #3769 ) ;
#4554 = AXIS2_PLACEMENT_3D ( 'NONE', #5415, #5897, #5454 ) ;
#4555 = SURFACE_STYLE_FILL_AREA ( #3034 ) ;
#4556 =( LENGTH_UNIT ( ) NAMED_UNIT ( * ) SI_UNIT ( .MILLI., .METRE. ) );
#4557 = VECTOR ( 'NONE', #917, 1000.000000000000000 ) ;
#4558 = EDGE_CURVE ( 'NONE', #3110, #3655, #4984, .T. ) ;
#4559 = DIRECTION ( 'NONE',  ( 0.0000000000000000000, 0.0000000000000000000, 1.000000000000000000 ) ) ;
#4560 = EDGE_LOOP ( 'NONE', ( #2227, #2866, #1562, #4381 ) ) ;
#4561 = ORIENTED_EDGE ( 'NONE', *, *, #5923, .F. ) ;
#4562 = ORIENTED_EDGE ( 'NONE', *, *, #1156, .T. ) ;
#4563 = CARTESIAN_POINT ( 'NONE',  ( -5.290000000000001812, 3.009999999999999787, -8.673617379884035472E-16 ) ) ;
#4564 = EDGE_LOOP ( 'NONE', ( #322, #5020, #2525, #5592, #784, #3933, #6169, #6069, #4112, #2578, #3789, #5476, #4925, #2517, #5632, #5858, #5713 ) ) ;
#4565 = VECTOR ( 'NONE', #2458, 1000.000000000000000 ) ;
#4566 = STYLED_ITEM ( 'NONE', ( #5326 ), #1237 ) ;
#4567 = VERTEX_POINT ( 'NONE', #4024 ) ;
#4568 = LINE ( 'NONE', #3509, #5333 ) ;
#4569 = DIRECTION ( 'NONE',  ( 0.0000000000000000000, 2.319149032054553916E-16, -1.000000000000000000 ) ) ;
#4570 = AXIS2_PLACEMENT_3D ( 'NONE', #4804, #5297, #5216 ) ;
#4571 = DIRECTION ( 'NONE',  ( 0.2729786930695068392, 0.0000000000000000000, -0.9620200793798766581 ) ) ;
#4572 = ADVANCED_FACE ( 'NONE', ( #4746 ), #2587, .F. ) ;
#4573 = VERTEX_POINT ( 'NONE', #1601 ) ;
#4574 = VECTOR ( 'NONE', #4392, 1000.000000000000000 ) ;
#4575 = DIRECTION ( 'NONE',  ( -0.0000000000000000000, -1.000000000000000000, 0.0000000000000000000 ) ) ;
#4576 = ORIENTED_EDGE ( 'NONE', *, *, #364, .F. ) ;
#4577 =( LENGTH_UNIT ( ) NAMED_UNIT ( * ) SI_UNIT ( .MILLI., .METRE. ) );
#4578 = CARTESIAN_POINT ( 'NONE',  ( -3.423012609376366200, 4.000000000000000000, 0.6703702798221691239 ) ) ;
#4579 = EDGE_CURVE ( 'NONE', #3900, #3181, #1610, .T. ) ;
#4580 = ADVANCED_FACE ( 'NONE', ( #2642 ), #5900, .T. ) ;
#4581 =( NAMED_UNIT ( * ) SI_UNIT ( $, .STERADIAN. ) SOLID_ANGLE_UNIT ( ) );
#4582 = FILL_AREA_STYLE_COLOUR ( '', #453 ) ;
#4583 = DIRECTION ( 'NONE',  ( 0.0000000000000000000, -1.000000000000000000, 0.0000000000000000000 ) ) ;
#4584 = AXIS2_PLACEMENT_3D ( 'NONE', #1210, #3659, #4522 ) ;
#4585 = CYLINDRICAL_SURFACE ( 'NONE', #5424, 1.449999999999999956 ) ;
#4586 = UNCERTAINTY_MEASURE_WITH_UNIT (LENGTH_MEASURE( 1.000000000000000082E-05 ), #1101, 'distance_accuracy_value', 'NONE');
#4587 = PRESENTATION_STYLE_ASSIGNMENT (( #4940 ) ) ;
#4588 = VECTOR ( 'NONE', #5808, 1000.000000000000000 ) ;
#4589 = DIRECTION ( 'NONE',  ( 1.000000000000000000, 0.0000000000000000000, 0.0000000000000000000 ) ) ;
#4590 = CARTESIAN_POINT ( 'NONE',  ( 5.080000000000006288, 2.950000000000000178, 4.479716604729721219 ) ) ;
#4592 =( NAMED_UNIT ( * ) PLANE_ANGLE_UNIT ( ) SI_UNIT ( $, .RADIAN. ) );
#4591 = SURFACE_STYLE_USAGE ( .BOTH. , #2679 ) ;
#4593 = LINE ( 'NONE', #252, #5817 ) ;
#4594 = AXIS2_PLACEMENT_3D ( 'NONE', #5708, #2339, #5207 ) ;
#4595 = COLOUR_RGB ( '',1.000000000000000000, 1.000000000000000000, 1.000000000000000000 ) ;
#4596 = DIRECTION ( 'NONE',  ( -0.0000000000000000000, -0.0000000000000000000, 1.000000000000000000 ) ) ;
#4597 = DIRECTION ( 'NONE',  ( 1.000000000000000000, 0.0000000000000000000, 0.0000000000000000000 ) ) ;
#4598 = ADVANCED_FACE ( 'NONE', ( #756 ), #105, .F. ) ;
#4600 = DIRECTION ( 'NONE',  ( -0.0000000000000000000, -0.0000000000000000000, 1.000000000000000000 ) ) ;
#4599 = CARTESIAN_POINT ( 'NONE',  ( -5.100000000000000533, 0.2000000000000000944, -5.051998571447399833 ) ) ;
#4601 = PLANE ( 'NONE',  #4875 ) ;
#4602 = VECTOR ( 'NONE', #5814, 1000.000000000000000 ) ;
#4603 = EDGE_CURVE ( 'NONE', #608, #3270, #1061, .T. ) ;
#4604 = LINE ( 'NONE', #2807, #4680 ) ;
#4605 = VECTOR ( 'NONE', #902, 1000.000000000000000 ) ;
#4606 = SURFACE_STYLE_USAGE ( .BOTH. , #127 ) ;
#4607 = DIRECTION ( 'NONE',  ( 0.9280290862136734154, 0.0000000000000000000, -0.3725077383644726514 ) ) ;
#4608 = ORIENTED_EDGE ( 'NONE', *, *, #5221, .T. ) ;
#4609 = EDGE_LOOP ( 'NONE', ( #3494, #4117, #258, #5168 ) ) ;
#4610 = EDGE_CURVE ( 'NONE', #4876, #1665, #4003, .T. ) ;
#4611 = VERTEX_POINT ( 'NONE', #5583 ) ;
#4612 = CARTESIAN_POINT ( 'NONE',  ( -1.290407012552376109, 4.000499999999999723, -0.4151671985522872865 ) ) ;
#4613 = ORIENTED_EDGE ( 'NONE', *, *, #3019, .T. ) ;
#4614 = LINE ( 'NONE', #826, #5155 ) ;
#4615 = LINE ( 'NONE', #5039, #5381 ) ;
#4616 = VECTOR ( 'NONE', #1679, 1000.000000000000000 ) ;
#4617 = FACE_OUTER_BOUND ( 'NONE', #1650, .T. ) ;
#4618 = EDGE_CURVE ( 'NONE', #929, #3153, #50, .T. ) ;
#4619 = DIRECTION ( 'NONE',  ( -1.000000000000000000, 0.0000000000000000000, 7.386927795987963789E-15 ) ) ;
#4620 = ORIENTED_EDGE ( 'NONE', *, *, #4521, .T. ) ;
#4621 = DIRECTION ( 'NONE',  ( -0.0000000000000000000, -1.000000000000000000, 0.0000000000000000000 ) ) ;
#4622 = UNCERTAINTY_MEASURE_WITH_UNIT (LENGTH_MEASURE( 1.000000000000000082E-05 ), #3365, 'distance_accuracy_value', 'NONE');
#4623 = CARTESIAN_POINT ( 'NONE',  ( -5.550000000000002487, 1.810000000000001164, -2.500000000000000888 ) ) ;
#4624 = ORIENTED_EDGE ( 'NONE', *, *, #2894, .F. ) ;
#4625 = ORIENTED_EDGE ( 'NONE', *, *, #6042, .T. ) ;
#4626 = ORIENTED_EDGE ( 'NONE', *, *, #23, .T. ) ;
#4627 = CARTESIAN_POINT ( 'NONE',  ( 2.080494624278306226, 4.000000000000000000, -0.1657448231678102513 ) ) ;
#4628 = EDGE_LOOP ( 'NONE', ( #711, #2287, #959, #400, #342, #6231, #5687, #1425, #4625, #2644, #3240, #395, #2829, #1097, #1427, #2101, #2360, #28, #1302, #246, #5676, #4756, #2822 ) ) ;
#4629 = CIRCLE ( 'NONE', #4771, 0.2600000000000000089 ) ;
#4630 = PRESENTATION_LAYER_ASSIGNMENT (  '', '', ( #2616 ) ) ;
#4631 = ADVANCED_FACE ( 'NONE', ( #4666 ), #4601, .F. ) ;
#4632 = PRESENTATION_LAYER_ASSIGNMENT (  '', '', ( #1174 ) ) ;
#4633 = VERTEX_POINT ( 'NONE', #739 ) ;
#4634 = CARTESIAN_POINT ( 'NONE',  ( 5.290000000000002700, 0.1999999999999996503, -2.500000000000001332 ) ) ;
#4635 = VERTEX_POINT ( 'NONE', #2645 ) ;
#4636 = CARTESIAN_POINT ( 'NONE',  ( -3.630496878785443027, 2.950000000000000178, 5.079999999999998295 ) ) ;
#4637 = ORIENTED_EDGE ( 'NONE', *, *, #5026, .F. ) ;
#4638 = VECTOR ( 'NONE', #2543, 1000.000000000000227 ) ;
#4639 = ORIENTED_EDGE ( 'NONE', *, *, #5199, .F. ) ;
#4640 = VERTEX_POINT ( 'NONE', #188 ) ;
#4641 = EDGE_CURVE ( 'NONE', #1546, #3089, #1054, .T. ) ;
#4642 = MECHANICAL_DESIGN_GEOMETRIC_PRESENTATION_REPRESENTATION (  '', ( #5948 ), #4435 ) ;
#4643 = CARTESIAN_POINT ( 'NONE',  ( -5.072144223529244655, 3.250000000000000000, 3.299999999999999822 ) ) ;
#4644 = CARTESIAN_POINT ( 'NONE',  ( 5.417656777446237193, 0.2000000000000017042, -5.100000000000002309 ) ) ;
#4645 = VERTEX_POINT ( 'NONE', #1224 ) ;
#4646 = EDGE_CURVE ( 'NONE', #1332, #3583, #1521, .T. ) ;
#4647 = VERTEX_POINT ( 'NONE', #5081 ) ;
#4648 = ORIENTED_EDGE ( 'NONE', *, *, #1496, .F. ) ;
#4649 = FILL_AREA_STYLE ('',( #2765 ) ) ;
#4650 = AXIS2_PLACEMENT_3D ( 'NONE', #27, #3968, #559 ) ;
#4651 = SURFACE_SIDE_STYLE ('',( #6216 ) ) ;
#4652 = DIRECTION ( 'NONE',  ( 0.9996573249755572599, -0.02617694830787332255, 0.0000000000000000000 ) ) ;
#4653 = EDGE_CURVE ( 'NONE', #1021, #2018, #6204, .T. ) ;
#4654 = FILL_AREA_STYLE_COLOUR ( '', #1272 ) ;
#4655 = PRESENTATION_STYLE_ASSIGNMENT (( #3070 ) ) ;
#4656 = CARTESIAN_POINT ( 'NONE',  ( 5.290000000000001812, 3.250000000000000000, 3.299999999999999822 ) ) ;
#4657 = DIRECTION ( 'NONE',  ( 0.0000000000000000000, 0.0000000000000000000, 1.000000000000000000 ) ) ;
#4658 = CARTESIAN_POINT ( 'NONE',  ( 3.630496878785439030, 2.950000000000000178, -5.080000000000000959 ) ) ;
#4659 = UNCERTAINTY_MEASURE_WITH_UNIT (LENGTH_MEASURE( 1.000000000000000082E-05 ), #4981, 'distance_accuracy_value', 'NONE');
#4660 = PRESENTATION_STYLE_ASSIGNMENT (( #5244 ) ) ;
#4661 = MECHANICAL_DESIGN_GEOMETRIC_PRESENTATION_REPRESENTATION (  '', ( #2917 ), #1874 ) ;
#4662 =( NAMED_UNIT ( * ) PLANE_ANGLE_UNIT ( ) SI_UNIT ( $, .RADIAN. ) );
#4663 = PRESENTATION_LAYER_ASSIGNMENT (  '', '', ( #12 ) ) ;
#4664 = CARTESIAN_POINT ( 'NONE',  ( 5.074035370537303358, 3.177780009457925381, -3.624532249322751642 ) ) ;
#4665 = DIRECTION ( 'NONE',  ( 0.4668459304955212552, 0.0000000000000000000, -0.8843386665637610333 ) ) ;
#4666 = FACE_OUTER_BOUND ( 'NONE', #799, .T. ) ;
#4667 = CARTESIAN_POINT ( 'NONE',  ( -5.550000000000002487, 3.250000000000000444, -2.050000000000441691 ) ) ;
#4669 = CARTESIAN_POINT ( 'NONE',  ( 5.290000000000002700, -0.06000000000000037248, 2.499999999999998668 ) ) ;
#4668 = SURFACE_SIDE_STYLE ('',( #3380 ) ) ;
#4670 = STYLED_ITEM ( 'NONE', ( #1821 ), #5335 ) ;
#4671 = COLOUR_RGB ( '',1.000000000000000000, 1.000000000000000000, 1.000000000000000000 ) ;
#4672 =( LENGTH_UNIT ( ) NAMED_UNIT ( * ) SI_UNIT ( .MILLI., .METRE. ) );
#4673 = SURFACE_SIDE_STYLE ('',( #898 ) ) ;
#4674 = ORIENTED_EDGE ( 'NONE', *, *, #1100, .F. ) ;
#4675 = CARTESIAN_POINT ( 'NONE',  ( 5.550000000000001599, 2.996626828304406409, -2.049552224895853758 ) ) ;
#4676 = CYLINDRICAL_SURFACE ( 'NONE', #1359, 0.1500000000001498190 ) ;
#4677 = FILL_AREA_STYLE ('',( #1180 ) ) ;
#4678 =( GEOMETRIC_REPRESENTATION_CONTEXT ( 3 ) GLOBAL_UNCERTAINTY_ASSIGNED_CONTEXT ( ( #3539 ) ) GLOBAL_UNIT_ASSIGNED_CONTEXT ( ( #935, #2892, #6269 ) ) REPRESENTATION_CONTEXT ( 'NONE', 'WORKASPACE' ) );
#4679 = CIRCLE ( 'NONE', #1729, 0.1500000000001500133 ) ;
#4680 = VECTOR ( 'NONE', #1068, 1000.000000000000000 ) ;
#4681 = AXIS2_PLACEMENT_3D ( 'NONE', #2875, #900, #2406 ) ;
#4682 = VERTEX_POINT ( 'NONE', #5104 ) ;
#4683 = CARTESIAN_POINT ( 'NONE',  ( -5.549743976449108551, 3.003333281319973569, 2.050000000000495870 ) ) ;
#4684 = ORIENTED_EDGE ( 'NONE', *, *, #987, .T. ) ;
#4685 = SURFACE_STYLE_USAGE ( .BOTH. , #3724 ) ;
#4686 = PRESENTATION_STYLE_ASSIGNMENT (( #6074 ) ) ;
#4687 = VECTOR ( 'NONE', #4490, 1000.000000000000000 ) ;
#4688 = ORIENTED_EDGE ( 'NONE', *, *, #5100, .T. ) ;
#4689 = VERTEX_POINT ( 'NONE', #1270 ) ;
#4690 = FILL_AREA_STYLE ('',( #2709 ) ) ;
#4691 = PLANE ( 'NONE',  #3442 ) ;
#4693 = DIRECTION ( 'NONE',  ( -1.000000000000000000, -8.182148361827087390E-16, 3.544238511254683421E-16 ) ) ;
#4692 = FILL_AREA_STYLE_COLOUR ( '', #4006 ) ;
#4694 = VERTEX_POINT ( 'NONE', #1768 ) ;
#4695 = ORIENTED_EDGE ( 'NONE', *, *, #3650, .T. ) ;
#4696 = UNCERTAINTY_MEASURE_WITH_UNIT (LENGTH_MEASURE( 1.000000000000000082E-05 ), #5681, 'distance_accuracy_value', 'NONE');
#4697 =( NAMED_UNIT ( * ) SI_UNIT ( $, .STERADIAN. ) SOLID_ANGLE_UNIT ( ) );
#4698 = ORIENTED_EDGE ( 'NONE', *, *, #5302, .F. ) ;
#4699 = CARTESIAN_POINT ( 'NONE',  ( 5.052504782352357893, 4.000000000000000000, 3.603001661137792411 ) ) ;
#4700 = ORIENTED_EDGE ( 'NONE', *, *, #3886, .F. ) ;
#4701 = ORIENTED_EDGE ( 'NONE', *, *, #1661, .T. ) ;
#4702 = COLOUR_RGB ( '',1.000000000000000000, 1.000000000000000000, 1.000000000000000000 ) ;
#4703 = ORIENTED_EDGE ( 'NONE', *, *, #1271, .F. ) ;
#4704 = ORIENTED_EDGE ( 'NONE', *, *, #1137, .T. ) ;
#4705 = VERTEX_POINT ( 'NONE', #4110 ) ;
#4706 = FILL_AREA_STYLE_COLOUR ( '', #447 ) ;
#4707 = PRESENTATION_LAYER_ASSIGNMENT (  '', '', ( #5493 ) ) ;
#4708 = ORIENTED_EDGE ( 'NONE', *, *, #1055, .F. ) ;
#4709 = AXIS2_PLACEMENT_3D ( 'NONE', #5094, #1760, #5067 ) ;
#4710 = LINE ( 'NONE', #3434, #2032 ) ;
#4711 = SURFACE_STYLE_USAGE ( .BOTH. , #446 ) ;
#4712 = VERTEX_POINT ( 'NONE', #2242 ) ;
#4713 = SURFACE_STYLE_USAGE ( .BOTH. , #4232 ) ;
#4715 = CARTESIAN_POINT ( 'NONE',  ( -5.099999999999997868, 0.1999999999999931555, -5.051998571447399833 ) ) ;
#4714 = CARTESIAN_POINT ( 'NONE',  ( -5.290000000000001812, 2.989999999999999769, 3.299999999999999822 ) ) ;
#4716 = CARTESIAN_POINT ( 'NONE',  ( -5.080000000000000071, 2.950000000000000178, 5.079999999999998295 ) ) ;
#4717 = PRODUCT_DEFINITION_SHAPE ( 'NONE', 'NONE',  #5127 ) ;
#4718 = ORIENTED_EDGE ( 'NONE', *, *, #3976, .T. ) ;
#4719 = AXIS2_PLACEMENT_3D ( 'NONE', #642, #1133, #1205 ) ;
#4720 = STYLED_ITEM ( 'NONE', ( #4051 ), #2884 ) ;
#4721 = DIRECTION ( 'NONE',  ( -0.0000000000000000000, -1.000000000000000000, -0.0000000000000000000 ) ) ;
#4722 = CARTESIAN_POINT ( 'NONE',  ( -2.833111550310750015, 4.000499999999999723, -0.05761545578488168340 ) ) ;
#4723 = EDGE_CURVE ( 'NONE', #5938, #2662, #4593, .T. ) ;
#4724 = DIRECTION ( 'NONE',  ( 1.000000000000000000, 0.0000000000000000000, 0.0000000000000000000 ) ) ;
#4725 = FILL_AREA_STYLE_COLOUR ( '', #2050 ) ;
#4726 = EDGE_CURVE ( 'NONE', #102, #1876, #5057, .T. ) ;
#4727 = CARTESIAN_POINT ( 'NONE',  ( -2.655952074102052141, 4.000000000000000000, -0.6703702798221230497 ) ) ;
#4728 = AXIS2_PLACEMENT_3D ( 'NONE', #1322, #2255, #5609 ) ;
#4729 = CARTESIAN_POINT ( 'NONE',  ( -1.983374227675258394, 4.000000000000000000, 0.6703702798221553572 ) ) ;
#4730 = VECTOR ( 'NONE', #5572, 1000.000000000000000 ) ;
#4731 = DIRECTION ( 'NONE',  ( -0.0000000000000000000, -0.0000000000000000000, 1.000000000000000000 ) ) ;
#4732 = EDGE_CURVE ( 'NONE', #3733, #2812, #3146, .T. ) ;
#4733 =( BOUNDED_CURVE ( )  B_SPLINE_CURVE ( 3, ( #5885, #1102, #4904, #1159 ),
 .UNSPECIFIED., .F., .F. ) 
 B_SPLINE_CURVE_WITH_KNOTS ( ( 4, 4 ),
 ( 5.498129760120306742, 7.068240854238865722 ),
 .UNSPECIFIED. ) 
 CURVE ( )  GEOMETRIC_REPRESENTATION_ITEM ( )  RATIONAL_B_SPLINE_CURVE ( ( 1.000000000000000000, 0.8048993373437800525, 0.8048993373437800525, 1.000000000000000000 ) ) 
 REPRESENTATION_ITEM ( '' )  );
#4734 = FILL_AREA_STYLE_COLOUR ( '', #4304 ) ;
#4736 = CARTESIAN_POINT ( 'NONE',  ( 5.100000000000004086, 2.950000000000000178, 3.600228457265409965 ) ) ;
#4735 =( NAMED_UNIT ( * ) PLANE_ANGLE_UNIT ( ) SI_UNIT ( $, .RADIAN. ) );
#4737 = COLOUR_RGB ( '',0.0000000000000000000, 0.0000000000000000000, 0.0000000000000000000 ) ;
#4738 = LINE ( 'NONE', #5006, #5963 ) ;
#4739 = FILL_AREA_STYLE_COLOUR ( '', #523 ) ;
#4740 = EDGE_CURVE ( 'NONE', #339, #2677, #3923, .T. ) ;
#4741 =( GEOMETRIC_REPRESENTATION_CONTEXT ( 3 ) GLOBAL_UNCERTAINTY_ASSIGNED_CONTEXT ( ( #2624 ) ) GLOBAL_UNIT_ASSIGNED_CONTEXT ( ( #4340, #1452, #1508 ) ) REPRESENTATION_CONTEXT ( 'NONE', 'WORKASPACE' ) );
#4742 = SURFACE_SIDE_STYLE ('',( #971 ) ) ;
#4743 = VECTOR ( 'NONE', #6187, 999.9999999999998863 ) ;
#4744 =( GEOMETRIC_REPRESENTATION_CONTEXT ( 3 ) GLOBAL_UNCERTAINTY_ASSIGNED_CONTEXT ( ( #5999 ) ) GLOBAL_UNIT_ASSIGNED_CONTEXT ( ( #4403, #1517, #4914 ) ) REPRESENTATION_CONTEXT ( 'NONE', 'WORKASPACE' ) );
#4745 = CARTESIAN_POINT ( 'NONE',  ( -5.290000000000001812, 3.010000000000000231, -1.750000000000196954 ) ) ;
#4746 = FACE_OUTER_BOUND ( 'NONE', #723, .T. ) ;
#4747 = AXIS2_PLACEMENT_3D ( 'NONE', #3857, #5337, #497 ) ;
#4748 =( GEOMETRIC_REPRESENTATION_CONTEXT ( 3 ) GLOBAL_UNCERTAINTY_ASSIGNED_CONTEXT ( ( #2985 ) ) GLOBAL_UNIT_ASSIGNED_CONTEXT ( ( #266, #3669, #1741 ) ) REPRESENTATION_CONTEXT ( 'NONE', 'WORKASPACE' ) );
#4749 =( NAMED_UNIT ( * ) PLANE_ANGLE_UNIT ( ) SI_UNIT ( $, .RADIAN. ) );
#4750 =( LENGTH_UNIT ( ) NAMED_UNIT ( * ) SI_UNIT ( .MILLI., .METRE. ) );
#4751 = CARTESIAN_POINT ( 'NONE',  ( -0.6795519127347473542, 4.000499999999999723, -0.4151671985522872865 ) ) ;
#4752 = LINE ( 'NONE', #1374, #5139 ) ;
#4753 = DIRECTION ( 'NONE',  ( 0.0000000000000000000, 2.409338161079554329E-15, 1.000000000000000000 ) ) ;
#4754 = LINE ( 'NONE', #4141, #4231 ) ;
#4755 = DIRECTION ( 'NONE',  ( 0.0000000000000000000, 1.000000000000000000, 0.0000000000000000000 ) ) ;
#4756 = ORIENTED_EDGE ( 'NONE', *, *, #3886, .T. ) ;
#4757 = STYLED_ITEM ( 'NONE', ( #3651 ), #5857 ) ;
#4758 = EDGE_LOOP ( 'NONE', ( #701, #1229, #3462, #5312 ) ) ;
#4759 =( NAMED_UNIT ( * ) PLANE_ANGLE_UNIT ( ) SI_UNIT ( $, .RADIAN. ) );
#4760 = LINE ( 'NONE', #5203, #3081 ) ;
#4761 = SURFACE_STYLE_FILL_AREA ( #1362 ) ;
#4762 = ORIENTED_EDGE ( 'NONE', *, *, #3934, .T. ) ;
#4763 = LINE ( 'NONE', #1810, #1460 ) ;
#4764 = VECTOR ( 'NONE', #4535, 1000.000000000000000 ) ;
#4765 = VERTEX_POINT ( 'NONE', #798 ) ;
#4766 = DIRECTION ( 'NONE',  ( -1.000000000000000000, 0.0000000000000000000, 0.0000000000000000000 ) ) ;
#4768 = FILL_AREA_STYLE_COLOUR ( '', #2568 ) ;
#4767 = DIRECTION ( 'NONE',  ( 1.000000000000000000, -0.0000000000000000000, 0.0000000000000000000 ) ) ;
#4769 = MECHANICAL_DESIGN_GEOMETRIC_PRESENTATION_REPRESENTATION (  '', ( #2084 ), #775 ) ;
#4770 = VECTOR ( 'NONE', #5509, 1000.000000000000000 ) ;
#4771 = AXIS2_PLACEMENT_3D ( 'NONE', #146, #5503, #2140 ) ;
#4772 = EDGE_CURVE ( 'NONE', #1332, #5753, #1216, .T. ) ;
#4773 = ORIENTED_EDGE ( 'NONE', *, *, #873, .T. ) ;
#4774 = ORIENTED_EDGE ( 'NONE', *, *, #1557, .T. ) ;
#4775 = DIRECTION ( 'NONE',  ( -1.000000000000000000, 2.620428211445328459E-16, 0.0000000000000000000 ) ) ;
#4776 = VECTOR ( 'NONE', #4066, 1000.000000000000000 ) ;
#4777 = PRESENTATION_STYLE_ASSIGNMENT (( #1441 ) ) ;
#4778 = EDGE_CURVE ( 'NONE', #2243, #809, #2990, .T. ) ;
#4779 = VERTEX_POINT ( 'NONE', #1353 ) ;
#4780 =( LENGTH_UNIT ( ) NAMED_UNIT ( * ) SI_UNIT ( .MILLI., .METRE. ) );
#4781 =( NAMED_UNIT ( * ) SI_UNIT ( $, .STERADIAN. ) SOLID_ANGLE_UNIT ( ) );
#4782 = ORIENTED_EDGE ( 'NONE', *, *, #2708, .F. ) ;
#4783 = CARTESIAN_POINT ( 'NONE',  ( 5.550000000000002487, 3.250000000000000000, 2.050000000000439915 ) ) ;
#4784 = VECTOR ( 'NONE', #5134, 1000.000000000000000 ) ;
#4785 = VERTEX_POINT ( 'NONE', #4242 ) ;
#4786 = ORIENTED_EDGE ( 'NONE', *, *, #4740, .F. ) ;
#4787 = ORIENTED_EDGE ( 'NONE', *, *, #3224, .T. ) ;
#4789 = DIRECTION ( 'NONE',  ( 1.000000000000000000, 0.0000000000000000000, 0.0000000000000000000 ) ) ;
#4788 = DIRECTION ( 'NONE',  ( -0.0000000000000000000, -1.000000000000000000, 0.0000000000000000000 ) ) ;
#4790 = ORIENTED_EDGE ( 'NONE', *, *, #3823, .F. ) ;
#4791 =( GEOMETRIC_REPRESENTATION_CONTEXT ( 3 ) GLOBAL_UNCERTAINTY_ASSIGNED_CONTEXT ( ( #2246 ) ) GLOBAL_UNIT_ASSIGNED_CONTEXT ( ( #6128, #4147, #4226 ) ) REPRESENTATION_CONTEXT ( 'NONE', 'WORKASPACE' ) );
#4792 = AXIS2_PLACEMENT_3D ( 'NONE', #3496, #633, #2130 ) ;
#4793 = VERTEX_POINT ( 'NONE', #3677 ) ;
#4794 = ORIENTED_EDGE ( 'NONE', *, *, #1156, .F. ) ;
#4795 = ORIENTED_EDGE ( 'NONE', *, *, #319, .T. ) ;
#4796 = DIRECTION ( 'NONE',  ( -0.0000000000000000000, -0.0000000000000000000, 1.000000000000000000 ) ) ;
#4797 = ORIENTED_EDGE ( 'NONE', *, *, #3363, .T. ) ;
#4798 = CARTESIAN_POINT ( 'NONE',  ( -0.1962596263430823884, 4.000000000000000000, -0.5232557993236734983 ) ) ;
#4799 = CARTESIAN_POINT ( 'NONE',  ( -5.550000000000001599, 2.989999999999999769, -3.299999999999999822 ) ) ;
#4800 =( GEOMETRIC_REPRESENTATION_CONTEXT ( 3 ) GLOBAL_UNCERTAINTY_ASSIGNED_CONTEXT ( ( #2548 ) ) GLOBAL_UNIT_ASSIGNED_CONTEXT ( ( #1703, #5991, #2157 ) ) REPRESENTATION_CONTEXT ( 'NONE', 'WORKASPACE' ) );
#4801 = AXIS2_PLACEMENT_3D ( 'NONE', #1462, #4775, #5782 ) ;
#4802 = FILL_AREA_STYLE ('',( #2383 ) ) ;
#4803 = SURFACE_STYLE_USAGE ( .BOTH. , #3885 ) ;
#4804 = CARTESIAN_POINT ( 'NONE',  ( 5.550000000000002487, 3.010000000000000231, -1.900000000000346745 ) ) ;
#4805 = CARTESIAN_POINT ( 'NONE',  ( 3.348608875873376967, 4.000000000000000000, -0.4114690611629768791 ) ) ;
#4806 = MECHANICAL_DESIGN_GEOMETRIC_PRESENTATION_REPRESENTATION (  '', ( #4481 ), #5998 ) ;
#4807 = SURFACE_STYLE_USAGE ( .BOTH. , #4673 ) ;
#4809 =( NAMED_UNIT ( * ) SI_UNIT ( $, .STERADIAN. ) SOLID_ANGLE_UNIT ( ) );
#4808 =( NAMED_UNIT ( * ) PLANE_ANGLE_UNIT ( ) SI_UNIT ( $, .RADIAN. ) );
#4810 = EDGE_CURVE ( 'NONE', #3238, #1199, #3738, .T. ) ;
#4811 = CARTESIAN_POINT ( 'NONE',  ( 5.100000000000005862, 2.950000000000000178, 4.478829697740174254 ) ) ;
#4812 = VECTOR ( 'NONE', #6280, 1000.000000000000114 ) ;
#4813 = EDGE_CURVE ( 'NONE', #1340, #4712, #1911, .T. ) ;
#4814 = DIRECTION ( 'NONE',  ( -0.05596501978067826288, 0.0000000000000000000, 0.9984327301130248022 ) ) ;
#4815 = UNCERTAINTY_MEASURE_WITH_UNIT (LENGTH_MEASURE( 1.000000000000000082E-05 ), #2052, 'distance_accuracy_value', 'NONE');
#4816 = DIRECTION ( 'NONE',  ( -0.9615825319869144572, 0.0000000000000000000, -0.2745159998572664350 ) ) ;
#4817 = CARTESIAN_POINT ( 'NONE',  ( -5.550000000000002487, 2.360000000000001208, -3.300000000000001599 ) ) ;
#4819 = CARTESIAN_POINT ( 'NONE',  ( 5.290000000000001812, 3.250000000000011990, -1.750000000000196732 ) ) ;
#4818 = CARTESIAN_POINT ( 'NONE',  ( 2.288640802829406962, 4.000499999999999723, 0.6703702798221368164 ) ) ;
#4820 = FILL_AREA_STYLE ('',( #432 ) ) ;
#4821 = EDGE_CURVE ( 'NONE', #608, #3256, #4893, .T. ) ;
#4822 = LINE ( 'NONE', #1258, #5291 ) ;
#4823 = ADVANCED_FACE ( 'NONE', ( #514 ), #314, .F. ) ;
#4824 = DIRECTION ( 'NONE',  ( -0.0000000000000000000, -0.0000000000000000000, 1.000000000000000000 ) ) ;
#4825 =( NAMED_UNIT ( * ) PLANE_ANGLE_UNIT ( ) SI_UNIT ( $, .RADIAN. ) );
#4826 = LINE ( 'NONE', #4715, #3859 ) ;
#4827 = STYLED_ITEM ( 'NONE', ( #3211 ), #4987 ) ;
#4828 = PLANE ( 'NONE',  #6081 ) ;
#4829 = LINE ( 'NONE', #4457, #5896 ) ;
#4830 = LINE ( 'NONE', #5135, #3077 ) ;
#4832 = CARTESIAN_POINT ( 'NONE',  ( 3.550000000000003375, -0.06000000000000102474, 3.299999999999999822 ) ) ;
#4831 = CARTESIAN_POINT ( 'NONE',  ( -3.600228457265413962, 2.950000000000000178, -5.099999999999999645 ) ) ;
#4833 = ORIENTED_EDGE ( 'NONE', *, *, #1744, .T. ) ;
#4834 = VERTEX_POINT ( 'NONE', #6107 ) ;
#4835 = VECTOR ( 'NONE', #848, 1000.000000000000000 ) ;
#4836 = CARTESIAN_POINT ( 'NONE',  ( -2.649999999999998579, 0.0000000000000000000, -5.048507558461757583 ) ) ;
#4837 = CARTESIAN_POINT ( 'NONE',  ( -5.052504782352354340, 4.000000000000000000, 3.603001661137794631 ) ) ;
#4838 = DIRECTION ( 'NONE',  ( 1.000000000000000000, 0.0000000000000000000, 0.0000000000000000000 ) ) ;
#4839 = LINE ( 'NONE', #6202, #3554 ) ;
#4840 = AXIS2_PLACEMENT_3D ( 'NONE', #5132, #5608, #3689 ) ;
#4841 =( LENGTH_UNIT ( ) NAMED_UNIT ( * ) SI_UNIT ( .MILLI., .METRE. ) );
#4842 = ORIENTED_EDGE ( 'NONE', *, *, #2558, .F. ) ;
#4843 = ORIENTED_EDGE ( 'NONE', *, *, #4210, .T. ) ;
#4844 = EDGE_CURVE ( 'NONE', #4423, #397, #5968, .T. ) ;
#4845 = VERTEX_POINT ( 'NONE', #4163 ) ;
#4846 = VECTOR ( 'NONE', #1891, 999.9999999999998863 ) ;
#4847 = FILL_AREA_STYLE_COLOUR ( '', #2074 ) ;
#4848 = COLOUR_RGB ( '',0.5019607843137254832, 0.5019607843137254832, 0.5019607843137254832 ) ;
#4849 = ORIENTED_EDGE ( 'NONE', *, *, #6079, .F. ) ;
#4850 = EDGE_CURVE ( 'NONE', #5776, #1635, #4142, .T. ) ;
#4851 = ORIENTED_EDGE ( 'NONE', *, *, #1314, .T. ) ;
#4852 = VERTEX_POINT ( 'NONE', #5640 ) ;
#4853 = EDGE_CURVE ( 'NONE', #2018, #2934, #4365, .T. ) ;
#4854 = COLOUR_RGB ( '',1.000000000000000000, 1.000000000000000000, 1.000000000000000000 ) ;
#4855 = VERTEX_POINT ( 'NONE', #1287 ) ;
#4856 = PLANE ( 'NONE',  #5298 ) ;
#4857 = ADVANCED_FACE ( 'NONE', ( #3449 ), #885, .F. ) ;
#4858 = ORIENTED_EDGE ( 'NONE', *, *, #4618, .F. ) ;
#4860 = CARTESIAN_POINT ( 'NONE',  ( -1.290407012552376109, 4.000000000000000000, -0.4151671985522872865 ) ) ;
#4859 = SURFACE_SIDE_STYLE ('',( #3684 ) ) ;
#4861 = UNCERTAINTY_MEASURE_WITH_UNIT (LENGTH_MEASURE( 1.000000000000000082E-05 ), #6133, 'distance_accuracy_value', 'NONE');
#4862 = EDGE_CURVE ( 'NONE', #4845, #412, #5962, .T. ) ;
#4863 = LINE ( 'NONE', #4265, #1735 ) ;
#4864 = ORIENTED_EDGE ( 'NONE', *, *, #4778, .T. ) ;
#4865 = EDGE_LOOP ( 'NONE', ( #2176, #1089, #3741, #5827 ) ) ;
#4866 = CARTESIAN_POINT ( 'NONE',  ( -5.290000000000001812, 2.989999999999999769, 3.299999999999999822 ) ) ;
#4867 = CARTESIAN_POINT ( 'NONE',  ( -5.550000000000002487, 3.099999999999975220, 1.750000000000195843 ) ) ;
#4868 = ORIENTED_EDGE ( 'NONE', *, *, #4408, .T. ) ;
#4869 = COLOUR_RGB ( '',0.0000000000000000000, 0.0000000000000000000, 0.0000000000000000000 ) ;
#4870 = VECTOR ( 'NONE', #1141, 1000.000000000000114 ) ;
#4871 = ORIENTED_EDGE ( 'NONE', *, *, #5040, .F. ) ;
#4873 = CARTESIAN_POINT ( 'NONE',  ( 5.290000000000001812, 3.249999999999996003, 1.750000000000195399 ) ) ;
#4872 = CARTESIAN_POINT ( 'NONE',  ( 2.080494624278306226, 4.000499999999999723, -0.1657448231678102513 ) ) ;
#4874 = CARTESIAN_POINT ( 'NONE',  ( 5.079999999999995630, 2.950000000000000178, -5.080000000000001847 ) ) ;
#4875 = AXIS2_PLACEMENT_3D ( 'NONE', #2162, #6041, #1749 ) ;
#4876 = VERTEX_POINT ( 'NONE', #940 ) ;
#4877 = CARTESIAN_POINT ( 'NONE',  ( 1.505122785420938358, 4.000499999999999723, -0.1657448231678102513 ) ) ;
#4878 = VECTOR ( 'NONE', #5001, 1000.000000000000114 ) ;
#4879 =( GEOMETRIC_REPRESENTATION_CONTEXT ( 3 ) GLOBAL_UNCERTAINTY_ASSIGNED_CONTEXT ( ( #5403 ) ) GLOBAL_UNIT_ASSIGNED_CONTEXT ( ( #5607, #3836, #924 ) ) REPRESENTATION_CONTEXT ( 'NONE', 'WORKASPACE' ) );
#4880 = AXIS2_PLACEMENT_3D ( 'NONE', #2411, #19, #3360 ) ;
#4881 = SURFACE_SIDE_STYLE ('',( #3231 ) ) ;
#4882 = EDGE_CURVE ( 'NONE', #1492, #4269, #2772, .T. ) ;
#4883 = CARTESIAN_POINT ( 'NONE',  ( -5.550000000000002487, 3.009999999999999787, 2.050000000000495870 ) ) ;
#4884 = FACE_OUTER_BOUND ( 'NONE', #3665, .T. ) ;
#4885 = VECTOR ( 'NONE', #2637, 1000.000000000000114 ) ;
#4886 = LINE ( 'NONE', #3385, #6040 ) ;
#4887 = DIRECTION ( 'NONE',  ( 0.0000000000000000000, 1.000000000000000000, 0.0000000000000000000 ) ) ;
#4888 =( GEOMETRIC_REPRESENTATION_CONTEXT ( 3 ) GLOBAL_UNCERTAINTY_ASSIGNED_CONTEXT ( ( #5522 ) ) GLOBAL_UNIT_ASSIGNED_CONTEXT ( ( #3627, #3587, #3147 ) ) REPRESENTATION_CONTEXT ( 'NONE', 'WORKASPACE' ) );
#4889 = ADVANCED_FACE ( 'NONE', ( #6282, #3059, #2479 ), #5584, .T. ) ;
#4890 = MECHANICAL_DESIGN_GEOMETRIC_PRESENTATION_REPRESENTATION (  '', ( #1689 ), #1135 ) ;
#4891 = CARTESIAN_POINT ( 'NONE',  ( -5.550000000000002487, 1.810000000000001164, -2.500000000000000888 ) ) ;
#4892 = UNCERTAINTY_MEASURE_WITH_UNIT (LENGTH_MEASURE( 1.000000000000000082E-05 ), #2148, 'distance_accuracy_value', 'NONE');
#4893 = LINE ( 'NONE', #371, #5737 ) ;
#4894 =( GEOMETRIC_REPRESENTATION_CONTEXT ( 3 ) GLOBAL_UNCERTAINTY_ASSIGNED_CONTEXT ( ( #5806 ) ) GLOBAL_UNIT_ASSIGNED_CONTEXT ( ( #4072, #1660, #3533 ) ) REPRESENTATION_CONTEXT ( 'NONE', 'WORKASPACE' ) );
#4895 = EDGE_CURVE ( 'NONE', #1582, #3173, #5050, .T. ) ;
#4896 = FILL_AREA_STYLE_COLOUR ( '', #4869 ) ;
#4898 = DIRECTION ( 'NONE',  ( 0.2729786930695068392, 0.0000000000000000000, -0.9620200793798766581 ) ) ;
#4897 = DIRECTION ( 'NONE',  ( 0.0000000000000000000, 0.0000000000000000000, 1.000000000000000000 ) ) ;
#4899 = PRESENTATION_STYLE_ASSIGNMENT (( #235 ) ) ;
#4900 = SHAPE_DEFINITION_REPRESENTATION ( #4717, #5990 ) ;
#4901 = CARTESIAN_POINT ( 'NONE',  ( -0.6357562510146217427, -2.628605000811694570, 5.002625087501950674 ) ) ;
#4902 =( NAMED_UNIT ( * ) SI_UNIT ( $, .STERADIAN. ) SOLID_ANGLE_UNIT ( ) );
#4903 = ORIENTED_EDGE ( 'NONE', *, *, #4216, .F. ) ;
#4904 = CARTESIAN_POINT ( 'NONE',  ( -4.479716604729724772, 2.949999999999999734, -5.079999999999998295 ) ) ;
#4905 = ORIENTED_EDGE ( 'NONE', *, *, #3474, .F. ) ;
#4906 = FILL_AREA_STYLE ('',( #2927 ) ) ;
#4907 = LINE ( 'NONE', #1053, #5821 ) ;
#4908 = SURFACE_STYLE_FILL_AREA ( #88 ) ;
#4909 = STYLED_ITEM ( 'NONE', ( #4115 ), #5907 ) ;
#4910 = VECTOR ( 'NONE', #274, 1000.000000000000000 ) ;
#4911 = LINE ( 'NONE', #1305, #6141 ) ;
#4912 = ORIENTED_EDGE ( 'NONE', *, *, #2244, .T. ) ;
#4914 =( NAMED_UNIT ( * ) SI_UNIT ( $, .STERADIAN. ) SOLID_ANGLE_UNIT ( ) );
#4913 =( LENGTH_UNIT ( ) NAMED_UNIT ( * ) SI_UNIT ( .MILLI., .METRE. ) );
#4915 = DIRECTION ( 'NONE',  ( 0.01745240643728354635, -0.9998476951563911586, 0.0000000000000000000 ) ) ;
#4916 = SURFACE_STYLE_FILL_AREA ( #4175 ) ;
#4917 = LINE ( 'NONE', #933, #3629 ) ;
#4918 = ORIENTED_EDGE ( 'NONE', *, *, #3731, .T. ) ;
#4919 =( GEOMETRIC_REPRESENTATION_CONTEXT ( 3 ) GLOBAL_UNCERTAINTY_ASSIGNED_CONTEXT ( ( #2911 ) ) GLOBAL_UNIT_ASSIGNED_CONTEXT ( ( #3066, #1708, #1772 ) ) REPRESENTATION_CONTEXT ( 'NONE', 'WORKASPACE' ) );
#4920 = CARTESIAN_POINT ( 'NONE',  ( 5.290000000000001812, 3.099999999999975664, -1.750000000000196732 ) ) ;
#4921 = ADVANCED_FACE ( 'NONE', ( #1212 ), #6189, .F. ) ;
#4923 = CARTESIAN_POINT ( 'NONE',  ( 3.631489445471753008, 2.874138832453967396, 3.631489445471747235 ) ) ;
#4922 = SURFACE_SIDE_STYLE ('',( #3353 ) ) ;
#4924 = VECTOR ( 'NONE', #2011, 1000.000000000000000 ) ;
#4925 = ORIENTED_EDGE ( 'NONE', *, *, #1732, .F. ) ;
#4926 = VERTEX_POINT ( 'NONE', #5602 ) ;
#4927 =( NAMED_UNIT ( * ) PLANE_ANGLE_UNIT ( ) SI_UNIT ( $, .RADIAN. ) );
#4928 = LINE ( 'NONE', #5354, #2806 ) ;
#4929 = ADVANCED_FACE ( 'NONE', ( #4068 ), #1354, .F. ) ;
#4930 = ORIENTED_EDGE ( 'NONE', *, *, #5276, .T. ) ;
#4931 = SURFACE_STYLE_FILL_AREA ( #3911 ) ;
#4932 =( NAMED_UNIT ( * ) PLANE_ANGLE_UNIT ( ) SI_UNIT ( $, .RADIAN. ) );
#4933 = LINE ( 'NONE', #6291, #1794 ) ;
#4934 = EDGE_LOOP ( 'NONE', ( #4562, #2782, #5848, #5369 ) ) ;
#4935 =( BOUNDED_CURVE ( )  B_SPLINE_CURVE ( 3, ( #3362, #425, #2329, #2846 ),
 .UNSPECIFIED., .F., .T. ) 
 B_SPLINE_CURVE_WITH_KNOTS ( ( 4, 4 ),
 ( 2.356346783439925652, 3.926838523739660580 ),
 .UNSPECIFIED. ) 
 CURVE ( )  GEOMETRIC_REPRESENTATION_ITEM ( )  RATIONAL_B_SPLINE_CURVE ( ( 1.000000000000000000, 0.8048096403827855738, 0.8048096403827855738, 1.000000000000000000 ) ) 
 REPRESENTATION_ITEM ( '' )  );
#4937 = DIRECTION ( 'NONE',  ( 0.0000000000000000000, 0.0000000000000000000, -1.000000000000000000 ) ) ;
#4936 = PLANE ( 'NONE',  #1852 ) ;
#4938 = ORIENTED_EDGE ( 'NONE', *, *, #2089, .F. ) ;
#4940 = SURFACE_STYLE_USAGE ( .BOTH. , #4964 ) ;
#4939 =( LENGTH_UNIT ( ) NAMED_UNIT ( * ) SI_UNIT ( .MILLI., .METRE. ) );
#4941 = FACE_OUTER_BOUND ( 'NONE', #2035, .T. ) ;
#4942 = COLOUR_RGB ( '',1.000000000000000000, 1.000000000000000000, 1.000000000000000000 ) ;
#4943 = EDGE_CURVE ( 'NONE', #3785, #4793, #905, .T. ) ;
#4944 = ORIENTED_EDGE ( 'NONE', *, *, #5702, .F. ) ;
#4945 = ORIENTED_EDGE ( 'NONE', *, *, #4500, .T. ) ;
#4946 = UNCERTAINTY_MEASURE_WITH_UNIT (LENGTH_MEASURE( 1.000000000000000082E-05 ), #3226, 'distance_accuracy_value', 'NONE');
#4947 = DIRECTION ( 'NONE',  ( -9.825582188149883933E-17, -1.000000000000000000, 0.0000000000000000000 ) ) ;
#4948 = CARTESIAN_POINT ( 'NONE',  ( 1.270698448461881069, 4.000499999999999723, -0.6703702798222154202 ) ) ;
#4949 = CARTESIAN_POINT ( 'NONE',  ( -3.550000000000003375, -0.06000000000000102474, 3.299999999999999822 ) ) ;
#4950 = ORIENTED_EDGE ( 'NONE', *, *, #1514, .T. ) ;
#4951 = ORIENTED_EDGE ( 'NONE', *, *, #1100, .T. ) ;
#4952 = VERTEX_POINT ( 'NONE', #5818 ) ;
#4953 = EDGE_CURVE ( 'NONE', #4952, #2602, #3843, .T. ) ;
#4954 = ORIENTED_EDGE ( 'NONE', *, *, #746, .F. ) ;
#4955 = FACE_OUTER_BOUND ( 'NONE', #2137, .T. ) ;
#4956 =( NAMED_UNIT ( * ) SI_UNIT ( $, .STERADIAN. ) SOLID_ANGLE_UNIT ( ) );
#4957 = DIRECTION ( 'NONE',  ( -0.02616798426497939783, -0.9993150019883699775, 0.02616798426497940130 ) ) ;
#4958 = ORIENTED_EDGE ( 'NONE', *, *, #1360, .F. ) ;
#4959 = PLANE ( 'NONE',  #5097 ) ;
#4960 = CARTESIAN_POINT ( 'NONE',  ( 2.288640802829406962, 4.000000000000000000, 0.6703702798221368164 ) ) ;
#4961 = VECTOR ( 'NONE', #6009, 1000.000000000000000 ) ;
#4962 = DIRECTION ( 'NONE',  ( 0.0000000000000000000, -0.5665288228870650755, 0.8240419241993676147 ) ) ;
#4963 = DIRECTION ( 'NONE',  ( -0.0000000000000000000, 1.000000000000000000, 0.0000000000000000000 ) ) ;
#4964 = SURFACE_SIDE_STYLE ('',( #3918 ) ) ;
#4965 = ADVANCED_FACE ( 'NONE', ( #2698 ), #684, .F. ) ;
#4966 =( NAMED_UNIT ( * ) SI_UNIT ( $, .STERADIAN. ) SOLID_ANGLE_UNIT ( ) );
#4967 = CARTESIAN_POINT ( 'NONE',  ( -5.290000000000002700, -0.4355172413793104713, 0.7662068965517249142 ) ) ;
#4969 = CARTESIAN_POINT ( 'NONE',  ( -2.250038896963176160, 4.000000000000000000, -0.6703702798220952941 ) ) ;
#4968 = FILL_AREA_STYLE ('',( #550 ) ) ;
#4970 = EDGE_CURVE ( 'NONE', #5159, #3725, #121, .T. ) ;
#4971 = SURFACE_STYLE_FILL_AREA ( #3129 ) ;
#4972 = STYLED_ITEM ( 'NONE', ( #729 ), #5563 ) ;
#4973 = MECHANICAL_DESIGN_GEOMETRIC_PRESENTATION_REPRESENTATION (  '', ( #1096 ), #2313 ) ;
#4974 = CARTESIAN_POINT ( 'NONE',  ( -5.097350834847986789, 2.798229430087573633, 3.597579292113396221 ) ) ;
#4975 = CARTESIAN_POINT ( 'NONE',  ( 4.479716604729721219, 2.950000000000000178, -5.080000000000002736 ) ) ;
#4976 = CARTESIAN_POINT ( 'NONE',  ( -5.100000000000000533, 2.950000000000000178, 3.600228457265411741 ) ) ;
#4977 = CARTESIAN_POINT ( 'NONE',  ( 2.599690068830199596, 4.000000000000000000, -0.4114982032762767861 ) ) ;
#4978 = STYLED_ITEM ( 'NONE', ( #3069 ), #4104 ) ;
#4979 = UNCERTAINTY_MEASURE_WITH_UNIT (LENGTH_MEASURE( 1.000000000000000082E-05 ), #5126, 'distance_accuracy_value', 'NONE');
#4981 =( LENGTH_UNIT ( ) NAMED_UNIT ( * ) SI_UNIT ( .MILLI., .METRE. ) );
#4980 = SURFACE_STYLE_USAGE ( .BOTH. , #2063 ) ;
#4982 = EDGE_CURVE ( 'NONE', #2211, #4178, #4360, .T. ) ;
#4983 = FILL_AREA_STYLE ('',( #1632 ) ) ;
#4984 = LINE ( 'NONE', #622, #2208 ) ;
#4985 = EDGE_CURVE ( 'NONE', #5671, #5682, #2260, .T. ) ;
#4986 = LINE ( 'NONE', #465, #140 ) ;
#4987 = ADVANCED_FACE ( 'NONE', ( #3682 ), #815, .T. ) ;
#4988 = DIRECTION ( 'NONE',  ( -9.353901095953370157E-16, -7.653500652894745119E-31, -1.000000000000000000 ) ) ;
#4989 = ORIENTED_EDGE ( 'NONE', *, *, #4210, .F. ) ;
#4990 = VECTOR ( 'NONE', #4279, 1000.000000000000000 ) ;
#4991 =( LENGTH_UNIT ( ) NAMED_UNIT ( * ) SI_UNIT ( .MILLI., .METRE. ) );
#4992 = SURFACE_STYLE_FILL_AREA ( #5553 ) ;
#4993 = DIRECTION ( 'NONE',  ( 1.000000000000000000, 0.0000000000000000000, -8.537024980200817627E-17 ) ) ;
#4994 = PRESENTATION_STYLE_ASSIGNMENT (( #1458 ) ) ;
#4995 =( LENGTH_UNIT ( ) NAMED_UNIT ( * ) SI_UNIT ( .MILLI., .METRE. ) );
#4996 = ORIENTED_EDGE ( 'NONE', *, *, #6255, .F. ) ;
#4997 = AXIS2_PLACEMENT_3D ( 'NONE', #2729, #4131, #292 ) ;
#4998 = VECTOR ( 'NONE', #5744, 1000.000000000000114 ) ;
#4999 = SURFACE_STYLE_FILL_AREA ( #3206 ) ;
#5000 =( GEOMETRIC_REPRESENTATION_CONTEXT ( 3 ) GLOBAL_UNCERTAINTY_ASSIGNED_CONTEXT ( ( #6281 ) ) GLOBAL_UNIT_ASSIGNED_CONTEXT ( ( #2857, #6276, #1396 ) ) REPRESENTATION_CONTEXT ( 'NONE', 'WORKASPACE' ) );
#5001 = DIRECTION ( 'NONE',  ( 0.05375259206908555853, 0.0000000000000000000, -0.9985542843760946141 ) ) ;
#5003 = DIRECTION ( 'NONE',  ( -1.000000000000000000, 0.0000000000000000000, 0.0000000000000000000 ) ) ;
#5002 =( NAMED_UNIT ( * ) PLANE_ANGLE_UNIT ( ) SI_UNIT ( $, .RADIAN. ) );
#5004 = SURFACE_STYLE_FILL_AREA ( #429 ) ;
#5006 = CARTESIAN_POINT ( 'NONE',  ( 5.100456671054844904, 2.976162667210099144, -3.600685128320264106 ) ) ;
#5005 = DIRECTION ( 'NONE',  ( -1.000000000000000000, 2.620428211445328459E-16, 0.0000000000000000000 ) ) ;
#5007 = EDGE_LOOP ( 'NONE', ( #3549, #6174, #2932, #471 ) ) ;
#5008 = ORIENTED_EDGE ( 'NONE', *, *, #5346, .F. ) ;
#5009 = SURFACE_STYLE_FILL_AREA ( #5445 ) ;
#5010 = EDGE_LOOP ( 'NONE', ( #4989, #1739, #939, #734, #455, #623, #2288, #2798 ) ) ;
#5011 = LINE ( 'NONE', #4891, #5915 ) ;
#5012 = CYLINDRICAL_SURFACE ( 'NONE', #5136, 1.449999999999999956 ) ;
#5013 =( GEOMETRIC_REPRESENTATION_CONTEXT ( 3 ) GLOBAL_UNCERTAINTY_ASSIGNED_CONTEXT ( ( #3501 ) ) GLOBAL_UNIT_ASSIGNED_CONTEXT ( ( #3225, #5200, #825 ) ) REPRESENTATION_CONTEXT ( 'NONE', 'WORKASPACE' ) );
#5014 = VERTEX_POINT ( 'NONE', #268 ) ;
#5015 = DIRECTION ( 'NONE',  ( 0.2745159998572664350, 0.0000000000000000000, -0.9615825319869144572 ) ) ;
#5016 = ORIENTED_EDGE ( 'NONE', *, *, #6095, .F. ) ;
#5017 = EDGE_CURVE ( 'NONE', #1022, #3095, #1282, .T. ) ;
#5018 = ORIENTED_EDGE ( 'NONE', *, *, #2256, .T. ) ;
#5019 = LINE ( 'NONE', #3921, #4476 ) ;
#5020 = ORIENTED_EDGE ( 'NONE', *, *, #3358, .F. ) ;
#5021 = FILL_AREA_STYLE_COLOUR ( '', #4737 ) ;
#5022 = CARTESIAN_POINT ( 'NONE',  ( 5.052504782352351675, 4.000000000000000000, -3.603001661137798628 ) ) ;
#5023 = PRESENTATION_LAYER_ASSIGNMENT (  '', '', ( #1476 ) ) ;
#5024 = SURFACE_SIDE_STYLE ('',( #3619 ) ) ;
#5025 = EDGE_LOOP ( 'NONE', ( #5986, #4637, #4945, #965 ) ) ;
#5026 = EDGE_CURVE ( 'NONE', #628, #1633, #5578, .T. ) ;
#5027 = ADVANCED_FACE ( 'NONE', ( #4286 ), #5122, .F. ) ;
#5028 = EDGE_LOOP ( 'NONE', ( #1845, #4393, #3511, #961 ) ) ;
#5029 = CARTESIAN_POINT ( 'NONE',  ( -2.833111550310750015, 4.000499999999999723, -0.05761545578488168340 ) ) ;
#5031 = DIRECTION ( 'NONE',  ( -0.7059037656364430813, -0.0000000000000000000, 0.7083077534944042242 ) ) ;
#5030 = DIRECTION ( 'NONE',  ( -1.000000000000000000, 3.354250471127030822E-16, 0.0000000000000000000 ) ) ;
#5033 = FILL_AREA_STYLE_COLOUR ( '', #1980 ) ;
#5032 =( NAMED_UNIT ( * ) PLANE_ANGLE_UNIT ( ) SI_UNIT ( $, .RADIAN. ) );
#5034 = AXIS2_PLACEMENT_3D ( 'NONE', #5552, #2308, #5718 ) ;
#5035 = ORIENTED_EDGE ( 'NONE', *, *, #6136, .T. ) ;
#5036 = LINE ( 'NONE', #4432, #3747 ) ;
#5037 = VERTEX_POINT ( 'NONE', #4643 ) ;
#5038 = DIRECTION ( 'NONE',  ( 1.000000000000000000, 0.0000000000000000000, -1.849886331845575074E-14 ) ) ;
#5039 = CARTESIAN_POINT ( 'NONE',  ( 3.348608875873376967, 4.000000000000000000, -0.4114690611629768791 ) ) ;
#5040 = EDGE_CURVE ( 'NONE', #1185, #74, #5499, .T. ) ;
#5041 = CARTESIAN_POINT ( 'NONE',  ( -5.550000000000001599, 3.250000000000000000, 3.299999999999999822 ) ) ;
#5042 = PRESENTATION_LAYER_ASSIGNMENT (  '', '', ( #919 ) ) ;
#5043 = SURFACE_STYLE_USAGE ( .BOTH. , #272 ) ;
#5044 = CARTESIAN_POINT ( 'NONE',  ( 3.600228457265409965, 2.950000000000000178, -5.100000000000001421 ) ) ;
#5046 = FILL_AREA_STYLE_COLOUR ( '', #539 ) ;
#5045 = PLANE ( 'NONE',  #4728 ) ;
#5048 = CARTESIAN_POINT ( 'NONE',  ( -1.362971585749472636, 4.000499999999999723, -0.1657896664456280922 ) ) ;
#5047 =( LENGTH_UNIT ( ) NAMED_UNIT ( * ) SI_UNIT ( .MILLI., .METRE. ) );
#5049 = MECHANICAL_DESIGN_GEOMETRIC_PRESENTATION_REPRESENTATION (  '', ( #4827 ), #635 ) ;
#5050 = LINE ( 'NONE', #801, #3691 ) ;
#5051 =( LENGTH_UNIT ( ) NAMED_UNIT ( * ) SI_UNIT ( .MILLI., .METRE. ) );
#5052 = DIRECTION ( 'NONE',  ( -1.000000000000000000, -8.182148361827086404E-16, 0.0000000000000000000 ) ) ;
#5053 = VECTOR ( 'NONE', #3364, 1000.000000000000000 ) ;
#5054 = ADVANCED_FACE ( 'NONE', ( #5643 ), #1910, .F. ) ;
#5055 = DIRECTION ( 'NONE',  ( 0.2762033010289102752, 0.0000000000000000000, -0.9610992334305200613 ) ) ;
#5056 =( GEOMETRIC_REPRESENTATION_CONTEXT ( 3 ) GLOBAL_UNCERTAINTY_ASSIGNED_CONTEXT ( ( #3978 ) ) GLOBAL_UNIT_ASSIGNED_CONTEXT ( ( #1221, #2582, #5074 ) ) REPRESENTATION_CONTEXT ( 'NONE', 'WORKASPACE' ) );
#5057 = LINE ( 'NONE', #4623, #588 ) ;
#5058 = CARTESIAN_POINT ( 'NONE',  ( 5.550000000000002487, 3.099999999999975664, -1.750000000000196732 ) ) ;
#5059 =( NAMED_UNIT ( * ) SI_UNIT ( $, .STERADIAN. ) SOLID_ANGLE_UNIT ( ) );
#5060 = UNCERTAINTY_MEASURE_WITH_UNIT (LENGTH_MEASURE( 1.000000000000000082E-05 ), #5217, 'distance_accuracy_value', 'NONE');
#5061 = CARTESIAN_POINT ( 'NONE',  ( -2.540900536710965607, 4.000499999999999723, 0.6703702798221691239 ) ) ;
#5062 = LINE ( 'NONE', #5571, #2647 ) ;
#5063 = MECHANICAL_DESIGN_GEOMETRIC_PRESENTATION_REPRESENTATION (  '', ( #6049 ), #67 ) ;
#5064 = ORIENTED_EDGE ( 'NONE', *, *, #6164, .T. ) ;
#5065 =( NAMED_UNIT ( * ) PLANE_ANGLE_UNIT ( ) SI_UNIT ( $, .RADIAN. ) );
#5066 = EDGE_CURVE ( 'NONE', #1250, #2537, #5723, .T. ) ;
#5067 = DIRECTION ( 'NONE',  ( 1.000000000000000000, 0.0000000000000000000, 0.0000000000000000000 ) ) ;
#5068 = COLOUR_RGB ( '',0.5019607843137254832, 0.5019607843137254832, 0.5019607843137254832 ) ;
#5069 = VERTEX_POINT ( 'NONE', #1890 ) ;
#5070 = CARTESIAN_POINT ( 'NONE',  ( 5.550000000000001599, 3.250000000000000000, -3.299999999999999822 ) ) ;
#5071 = VERTEX_POINT ( 'NONE', #4197 ) ;
#5072 = SURFACE_STYLE_USAGE ( .BOTH. , #1219 ) ;
#5073 = VECTOR ( 'NONE', #2678, 1000.000000000000000 ) ;
#5075 = CARTESIAN_POINT ( 'NONE',  ( -3.600685128320260997, 3.002341276866024700, 3.600685128320259221 ) ) ;
#5074 =( NAMED_UNIT ( * ) SI_UNIT ( $, .STERADIAN. ) SOLID_ANGLE_UNIT ( ) );
#5076 = SURFACE_STYLE_FILL_AREA ( #797 ) ;
#5077 = LINE ( 'NONE', #3737, #6149 ) ;
#5078 = FACE_OUTER_BOUND ( 'NONE', #1950, .T. ) ;
#5079 = MECHANICAL_DESIGN_GEOMETRIC_PRESENTATION_REPRESENTATION (  '', ( #6183 ), #207 ) ;
#5080 = AXIS2_PLACEMENT_3D ( 'NONE', #5728, #1479, #2826 ) ;
#5081 = CARTESIAN_POINT ( 'NONE',  ( 5.051998571447404274, 0.2000000000000013989, 2.499999999999998668 ) ) ;
#5082 = ORIENTED_EDGE ( 'NONE', *, *, #60, .T. ) ;
#5083 = DIRECTION ( 'NONE',  ( -0.9996573249755573709, 0.02617694830787321153, 0.0000000000000000000 ) ) ;
#5084 =( LENGTH_UNIT ( ) NAMED_UNIT ( * ) SI_UNIT ( .MILLI., .METRE. ) );
#5085 =( LENGTH_UNIT ( ) NAMED_UNIT ( * ) SI_UNIT ( .MILLI., .METRE. ) );
#5086 = LINE ( 'NONE', #5345, #4463 ) ;
#5087 = MECHANICAL_DESIGN_GEOMETRIC_PRESENTATION_REPRESENTATION (  '', ( #2616 ), #3571 ) ;
#5088 = ADVANCED_FACE ( 'NONE', ( #5954 ), #3807, .F. ) ;
#5089 = VERTEX_POINT ( 'NONE', #5725 ) ;
#5090 =( GEOMETRIC_REPRESENTATION_CONTEXT ( 3 ) GLOBAL_UNCERTAINTY_ASSIGNED_CONTEXT ( ( #1725 ) ) GLOBAL_UNIT_ASSIGNED_CONTEXT ( ( #5202, #5177, #2817 ) ) REPRESENTATION_CONTEXT ( 'NONE', 'WORKASPACE' ) );
#5091 = FILL_AREA_STYLE ('',( #1194 ) ) ;
#5092 = PLANE ( 'NONE',  #5034 ) ;
#5094 = CARTESIAN_POINT ( 'NONE',  ( -5.290000000000001812, 2.989999999999999769, 3.299999999999999822 ) ) ;
#5093 =( LENGTH_UNIT ( ) NAMED_UNIT ( * ) SI_UNIT ( .MILLI., .METRE. ) );
#5095 = VECTOR ( 'NONE', #5699, 1000.000000000000000 ) ;
#5096 = ORIENTED_EDGE ( 'NONE', *, *, #3358, .T. ) ;
#5097 = AXIS2_PLACEMENT_3D ( 'NONE', #2565, #1624, #3530 ) ;
#5098 =( GEOMETRIC_REPRESENTATION_CONTEXT ( 3 ) GLOBAL_UNCERTAINTY_ASSIGNED_CONTEXT ( ( #4586 ) ) GLOBAL_UNIT_ASSIGNED_CONTEXT ( ( #1101, #4927, #4956 ) ) REPRESENTATION_CONTEXT ( 'NONE', 'WORKASPACE' ) );
#5099 = FACE_OUTER_BOUND ( 'NONE', #3550, .T. ) ;
#5100 = EDGE_CURVE ( 'NONE', #389, #3827, #117, .T. ) ;
#5101 = CARTESIAN_POINT ( 'NONE',  ( 5.051998571447407826, 0.2000000000000017042, 4.430828269187574442 ) ) ;
#5102 = ORIENTED_EDGE ( 'NONE', *, *, #5188, .T. ) ;
#5103 = UNCERTAINTY_MEASURE_WITH_UNIT (LENGTH_MEASURE( 1.000000000000000082E-05 ), #1296, 'distance_accuracy_value', 'NONE');
#5104 = CARTESIAN_POINT ( 'NONE',  ( 0.8850544308041219388, 4.000499999999999723, 0.6703702798221414794 ) ) ;
#5105 = ORIENTED_EDGE ( 'NONE', *, *, #3302, .T. ) ;
#5106 = AXIS2_PLACEMENT_3D ( 'NONE', #4644, #203, #5052 ) ;
#5107 = VECTOR ( 'NONE', #3782, 1000.000000000000000 ) ;
#5108 = ORIENTED_EDGE ( 'NONE', *, *, #2049, .F. ) ;
#5109 = FACE_OUTER_BOUND ( 'NONE', #1407, .T. ) ;
#5110 = CARTESIAN_POINT ( 'NONE',  ( 4.452221387082074600, 4.000000000000000000, -5.052504782352356116 ) ) ;
#5111 =( GEOMETRIC_REPRESENTATION_CONTEXT ( 3 ) GLOBAL_UNCERTAINTY_ASSIGNED_CONTEXT ( ( #6120 ) ) GLOBAL_UNIT_ASSIGNED_CONTEXT ( ( #4324, #2394, #6252 ) ) REPRESENTATION_CONTEXT ( 'NONE', 'WORKASPACE' ) );
#5112 = SURFACE_STYLE_USAGE ( .BOTH. , #4651 ) ;
#5113 = CARTESIAN_POINT ( 'NONE',  ( -3.631489445471749011, 2.874138832453967840, -3.631489445471748123 ) ) ;
#5114 = EDGE_CURVE ( 'NONE', #5682, #5014, #3134, .T. ) ;
#5115 = ORIENTED_EDGE ( 'NONE', *, *, #5989, .T. ) ;
#5116 = PLANE ( 'NONE',  #1347 ) ;
#5117 = SURFACE_STYLE_FILL_AREA ( #641 ) ;
#5118 = PLANE ( 'NONE',  #6214 ) ;
#5120 = DIRECTION ( 'NONE',  ( -0.02617694830787321153, -0.9996573249755573709, 0.0000000000000000000 ) ) ;
#5119 = CARTESIAN_POINT ( 'NONE',  ( 5.051998571447397168, 0.2000000000000013989, -5.100000000000002309 ) ) ;
#5121 = EDGE_CURVE ( 'NONE', #806, #1842, #2980, .T. ) ;
#5122 = PLANE ( 'NONE',  #2657 ) ;
#5123 = DIRECTION ( 'NONE',  ( -1.000000000000000000, 0.0000000000000000000, -0.0000000000000000000 ) ) ;
#5124 = ADVANCED_FACE ( 'NONE', ( #3757 ), #4070, .F. ) ;
#5125 = CARTESIAN_POINT ( 'NONE',  ( 4.452221387082082593, 4.000000000000000000, 5.052504782352353452 ) ) ;
#5126 =( LENGTH_UNIT ( ) NAMED_UNIT ( * ) SI_UNIT ( .MILLI., .METRE. ) );
#5127 = PRODUCT_DEFINITION ( 'UNKNOWN', '', #5439, #5433 ) ;
#5128 = STYLED_ITEM ( 'NONE', ( #2163 ), #748 ) ;
#5129 = CARTESIAN_POINT ( 'NONE',  ( 1.898023259321394152, 4.000499999999999723, 0.6703702798221414794 ) ) ;
#5130 = FILL_AREA_STYLE ('',( #4654 ) ) ;
#5131 = DIRECTION ( 'NONE',  ( -1.000000000000000000, -3.354250471127030822E-16, -7.779006733382785237E-32 ) ) ;
#5133 = CARTESIAN_POINT ( 'NONE',  ( -5.549229627936316689, 3.010000000000000231, -2.050000000000496758 ) ) ;
#5132 = CARTESIAN_POINT ( 'NONE',  ( 5.290000000000002700, 0.1999999999999996503, 2.499999999999998668 ) ) ;
#5134 = DIRECTION ( 'NONE',  ( -0.0000000000000000000, -1.000000000000000000, 0.0000000000000000000 ) ) ;
#5135 = CARTESIAN_POINT ( 'NONE',  ( 2.080494624278306226, 4.000000000000000000, -0.1657448231678102513 ) ) ;
#5136 = AXIS2_PLACEMENT_3D ( 'NONE', #1673, #4957, #2079 ) ;
#5137 = UNCERTAINTY_MEASURE_WITH_UNIT (LENGTH_MEASURE( 1.000000000000000082E-05 ), #1456, 'distance_accuracy_value', 'NONE');
#5138 = SURFACE_STYLE_USAGE ( .BOTH. , #1795 ) ;
#5139 = VECTOR ( 'NONE', #4289, 1000.000000000000000 ) ;
#5140 = SURFACE_SIDE_STYLE ('',( #6199 ) ) ;
#5141 = FACE_OUTER_BOUND ( 'NONE', #2651, .T. ) ;
#5142 = SURFACE_SIDE_STYLE ('',( #2641 ) ) ;
#5143 = FILL_AREA_STYLE ('',( #2707 ) ) ;
#5144 = AXIS2_PLACEMENT_3D ( 'NONE', #5264, #3797, #1410 ) ;
#5145 = EDGE_CURVE ( 'NONE', #1484, #1250, #6192, .T. ) ;
#5146 = LINE ( 'NONE', #3199, #1929 ) ;
#5147 = SURFACE_STYLE_USAGE ( .BOTH. , #6152 ) ;
#5148 = VECTOR ( 'NONE', #1934, 1000.000000000000227 ) ;
#5149 =( NAMED_UNIT ( * ) SI_UNIT ( $, .STERADIAN. ) SOLID_ANGLE_UNIT ( ) );
#5151 = CARTESIAN_POINT ( 'NONE',  ( -5.100000000000000533, 0.0000000000000000000, 5.048507558461756695 ) ) ;
#5150 =( NAMED_UNIT ( * ) SI_UNIT ( $, .STERADIAN. ) SOLID_ANGLE_UNIT ( ) );
#5152 = ORIENTED_EDGE ( 'NONE', *, *, #864, .F. ) ;
#5153 = SURFACE_STYLE_USAGE ( .BOTH. , #360 ) ;
#5154 = B_SPLINE_CURVE_WITH_KNOTS ( 'NONE', 3,
 ( #3579, #3646, #1783, #5133 ),
 .UNSPECIFIED., .F., .F.,
 ( 4, 4 ),
 ( 0.0000000000000000000, 2.005959199886693246E-05 ),
 .UNSPECIFIED. ) ;
#5155 = VECTOR ( 'NONE', #3668, 1000.000000000000000 ) ;
#5156 = LINE ( 'NONE', #6119, #3792 ) ;
#5157 = SURFACE_STYLE_FILL_AREA ( #2850 ) ;
#5158 = EDGE_CURVE ( 'NONE', #1461, #1784, #3989, .T. ) ;
#5159 = VERTEX_POINT ( 'NONE', #4015 ) ;
#5160 = CARTESIAN_POINT ( 'NONE',  ( -0.1962596263430823884, 4.000499999999999723, -0.5232557993236734983 ) ) ;
#5162 = DIRECTION ( 'NONE',  ( -1.000000000000000000, 0.0000000000000000000, -7.213721817093572462E-14 ) ) ;
#5161 = DIRECTION ( 'NONE',  ( 1.000000000000000000, 0.0000000000000000000, 0.0000000000000000000 ) ) ;
#5163 = STYLED_ITEM ( 'NONE', ( #2588 ), #1727 ) ;
#5164 = VECTOR ( 'NONE', #4198, 1000.000000000000000 ) ;
#5165 = COLOUR_RGB ( '',1.000000000000000000, 1.000000000000000000, 1.000000000000000000 ) ;
#5166 = VERTEX_POINT ( 'NONE', #4119 ) ;
#5167 =( NAMED_UNIT ( * ) SI_UNIT ( $, .STERADIAN. ) SOLID_ANGLE_UNIT ( ) );
#5168 = ORIENTED_EDGE ( 'NONE', *, *, #3775, .F. ) ;
#5169 = LINE ( 'NONE', #1985, #15 ) ;
#5170 = MECHANICAL_DESIGN_GEOMETRIC_PRESENTATION_REPRESENTATION (  '', ( #930 ), #219 ) ;
#5171 = MECHANICAL_DESIGN_GEOMETRIC_PRESENTATION_REPRESENTATION (  '', ( #1636 ), #4678 ) ;
#5172 = ORIENTED_EDGE ( 'NONE', *, *, #2640, .F. ) ;
#5173 =( NAMED_UNIT ( * ) PLANE_ANGLE_UNIT ( ) SI_UNIT ( $, .RADIAN. ) );
#5174 = ORIENTED_EDGE ( 'NONE', *, *, #326, .F. ) ;
#5175 = PRESENTATION_STYLE_ASSIGNMENT (( #4073 ) ) ;
#5176 = SURFACE_SIDE_STYLE ('',( #4761 ) ) ;
#5177 =( NAMED_UNIT ( * ) PLANE_ANGLE_UNIT ( ) SI_UNIT ( $, .RADIAN. ) );
#5178 = PRESENTATION_STYLE_ASSIGNMENT (( #90 ) ) ;
#5179 = ORIENTED_EDGE ( 'NONE', *, *, #2922, .T. ) ;
#5180 = EDGE_LOOP ( 'NONE', ( #5223, #1971, #491, #1140 ) ) ;
#5181 = ORIENTED_EDGE ( 'NONE', *, *, #5627, .F. ) ;
#5182 = EDGE_CURVE ( 'NONE', #4233, #3092, #1278, .T. ) ;
#5183 = UNCERTAINTY_MEASURE_WITH_UNIT (LENGTH_MEASURE( 1.000000000000000082E-05 ), #4263, 'distance_accuracy_value', 'NONE');
#5184 = AXIS2_PLACEMENT_3D ( 'NONE', #3982, #2070, #3939 ) ;
#5185 =( NAMED_UNIT ( * ) PLANE_ANGLE_UNIT ( ) SI_UNIT ( $, .RADIAN. ) );
#5186 = CARTESIAN_POINT ( 'NONE',  ( 2.266007179727335785, 4.000000000000000000, -0.6703702798221505832 ) ) ;
#5187 = ORIENTED_EDGE ( 'NONE', *, *, #6136, .F. ) ;
#5188 = EDGE_CURVE ( 'NONE', #1253, #5909, #577, .T. ) ;
#5189 = PRESENTATION_STYLE_ASSIGNMENT (( #3821 ) ) ;
#5190 = PRESENTATION_STYLE_ASSIGNMENT (( #2547 ) ) ;
#5191 = EDGE_LOOP ( 'NONE', ( #3026, #4090, #3172, #5683 ) ) ;
#5192 = SURFACE_STYLE_USAGE ( .BOTH. , #5232 ) ;
#5193 = EDGE_CURVE ( 'NONE', #5166, #4611, #424, .T. ) ;
#5194 = ORIENTED_EDGE ( 'NONE', *, *, #75, .T. ) ;
#5195 =( LENGTH_UNIT ( ) NAMED_UNIT ( * ) SI_UNIT ( .MILLI., .METRE. ) );
#5196 = MECHANICAL_DESIGN_GEOMETRIC_PRESENTATION_REPRESENTATION (  '', ( #2085 ), #986 ) ;
#5197 = SURFACE_SIDE_STYLE ('',( #1918 ) ) ;
#5198 = DIRECTION ( 'NONE',  ( -0.0000000000000000000, -1.000000000000000000, 0.0000000000000000000 ) ) ;
#5199 = EDGE_CURVE ( 'NONE', #1492, #3589, #1121, .T. ) ;
#5200 =( NAMED_UNIT ( * ) PLANE_ANGLE_UNIT ( ) SI_UNIT ( $, .RADIAN. ) );
#5202 =( LENGTH_UNIT ( ) NAMED_UNIT ( * ) SI_UNIT ( .MILLI., .METRE. ) );
#5201 = CARTESIAN_POINT ( 'NONE',  ( -2.250038896963176160, 4.000499999999999723, -0.6703702798220952941 ) ) ;
#5203 = CARTESIAN_POINT ( 'NONE',  ( 0.3829972708428661665, 4.000499999999999723, 0.6703702798221505832 ) ) ;
#5204 = COLOUR_RGB ( '',1.000000000000000000, 1.000000000000000000, 1.000000000000000000 ) ;
#5205 = CARTESIAN_POINT ( 'NONE',  ( 5.290000000000001812, 3.250000000000000000, 3.299999999999999822 ) ) ;
#5206 = SURFACE_STYLE_USAGE ( .BOTH. , #2321 ) ;
#5207 = DIRECTION ( 'NONE',  ( 0.2763173343569915175, 0.0000000000000000000, -0.9610664548998921752 ) ) ;
#5208 = VECTOR ( 'NONE', #4364, 1000.000000000000114 ) ;
#5209 = STYLED_ITEM ( 'NONE', ( #5228 ), #4376 ) ;
#5210 = PRESENTATION_LAYER_ASSIGNMENT (  '', '', ( #2409 ) ) ;
#5211 = DIRECTION ( 'NONE',  ( -1.000000000000000000, 0.0000000000000000000, 3.401418580346681312E-16 ) ) ;
#5212 = CARTESIAN_POINT ( 'NONE',  ( -3.552227028712814594, 0.1999999999999999001, 5.051998571447399833 ) ) ;
#5213 =( NAMED_UNIT ( * ) PLANE_ANGLE_UNIT ( ) SI_UNIT ( $, .RADIAN. ) );
#5214 = PLANE ( 'NONE',  #2368 ) ;
#5215 = MECHANICAL_DESIGN_GEOMETRIC_PRESENTATION_REPRESENTATION (  '', ( #3158 ), #4800 ) ;
#5217 =( LENGTH_UNIT ( ) NAMED_UNIT ( * ) SI_UNIT ( .MILLI., .METRE. ) );
#5216 = DIRECTION ( 'NONE',  ( 0.0000000000000000000, 0.0000000000000000000, 1.000000000000000000 ) ) ;
#5218 = AXIS2_PLACEMENT_3D ( 'NONE', #1716, #3598, #5550 ) ;
#5219 = STYLED_ITEM ( 'NONE', ( #1342 ), #2674 ) ;
#5220 = DIRECTION ( 'NONE',  ( 0.02617694830787321153, -0.9996573249755573709, -0.0000000000000000000 ) ) ;
#5221 = EDGE_CURVE ( 'NONE', #627, #3108, #2840, .T. ) ;
#5222 = ORIENTED_EDGE ( 'NONE', *, *, #6013, .T. ) ;
#5223 = ORIENTED_EDGE ( 'NONE', *, *, #5906, .F. ) ;
#5224 = FILL_AREA_STYLE ('',( #349 ) ) ;
#5225 = VECTOR ( 'NONE', #1472, 1000.000000000000000 ) ;
#5227 = SURFACE_SIDE_STYLE ('',( #3466 ) ) ;
#5226 = FILL_AREA_STYLE_COLOUR ( '', #336 ) ;
#5228 = PRESENTATION_STYLE_ASSIGNMENT (( #5112 ) ) ;
#5229 = COLOUR_RGB ( '',1.000000000000000000, 1.000000000000000000, 1.000000000000000000 ) ;
#5230 = VECTOR ( 'NONE', #6123, 1000.000000000000000 ) ;
#5231 = ORIENTED_EDGE ( 'NONE', *, *, #740, .T. ) ;
#5232 = SURFACE_SIDE_STYLE ('',( #5428 ) ) ;
#5233 = ORIENTED_EDGE ( 'NONE', *, *, #6022, .T. ) ;
#5234 = CARTESIAN_POINT ( 'NONE',  ( 1.434409016508026102, 4.000499999999999723, 0.08206727095614561873 ) ) ;
#5235 = DIRECTION ( 'NONE',  ( 0.0000000000000000000, 0.0000000000000000000, 1.000000000000000000 ) ) ;
#5236 = ORIENTED_EDGE ( 'NONE', *, *, #5311, .T. ) ;
#5237 = CARTESIAN_POINT ( 'NONE',  ( -5.550000000000001599, 2.989999999999999769, 3.299999999999999822 ) ) ;
#5238 = LINE ( 'NONE', #1861, #3947 ) ;
#5239 = SURFACE_SIDE_STYLE ('',( #3232 ) ) ;
#5240 = ORIENTED_EDGE ( 'NONE', *, *, #853, .F. ) ;
#5241 = AXIS2_PLACEMENT_3D ( 'NONE', #725, #2596, #5939 ) ;
#5242 = ORIENTED_EDGE ( 'NONE', *, *, #202, .F. ) ;
#5243 = CARTESIAN_POINT ( 'NONE',  ( -2.434711660160700397, 4.000499999999999723, -0.05761545578489554731 ) ) ;
#5245 =( NAMED_UNIT ( * ) PLANE_ANGLE_UNIT ( ) SI_UNIT ( $, .RADIAN. ) );
#5244 = SURFACE_STYLE_USAGE ( .BOTH. , #2836 ) ;
#5246 = FACE_OUTER_BOUND ( 'NONE', #3405, .T. ) ;
#5247 = ORIENTED_EDGE ( 'NONE', *, *, #4216, .T. ) ;
#5248 = ORIENTED_EDGE ( 'NONE', *, *, #5847, .F. ) ;
#5249 = VECTOR ( 'NONE', #3145, 1000.000000000000114 ) ;
#5250 = SURFACE_STYLE_FILL_AREA ( #1954 ) ;
#5251 = SURFACE_SIDE_STYLE ('',( #1010 ) ) ;
#5253 = CARTESIAN_POINT ( 'NONE',  ( -0.2631657934942407961, 4.000499999999999723, 0.6703702798221505832 ) ) ;
#5252 = CARTESIAN_POINT ( 'NONE',  ( -0.5389845515424375177, 4.000499999999999723, 0.6703702798221553572 ) ) ;
#5254 = ORIENTED_EDGE ( 'NONE', *, *, #5586, .F. ) ;
#5255 = AXIS2_PLACEMENT_3D ( 'NONE', #3272, #2258, #5624 ) ;
#5256 = LINE ( 'NONE', #5647, #1093 ) ;
#5257 = ORIENTED_EDGE ( 'NONE', *, *, #3142, .T. ) ;
#5258 =( LENGTH_UNIT ( ) NAMED_UNIT ( * ) SI_UNIT ( .MILLI., .METRE. ) );
#5259 = MECHANICAL_DESIGN_GEOMETRIC_PRESENTATION_REPRESENTATION (  '', ( #3618 ), #1959 ) ;
#5260 = ORIENTED_EDGE ( 'NONE', *, *, #5315, .T. ) ;
#5261 = DIRECTION ( 'NONE',  ( -0.0000000000000000000, -1.000000000000000000, 0.0000000000000000000 ) ) ;
#5262 = COLOUR_RGB ( '',1.000000000000000000, 1.000000000000000000, 1.000000000000000000 ) ;
#5263 = ORIENTED_EDGE ( 'NONE', *, *, #3384, .F. ) ;
#5264 = CARTESIAN_POINT ( 'NONE',  ( -5.290000000000002700, 0.1999999999999996503, -2.500000000000001332 ) ) ;
#5265 = ORIENTED_EDGE ( 'NONE', *, *, #5617, .T. ) ;
#5266 =( BOUNDED_CURVE ( )  B_SPLINE_CURVE ( 3, ( #2710, #4590, #5574, #2230 ),
 .UNSPECIFIED., .F., .T. ) 
 B_SPLINE_CURVE_WITH_KNOTS ( ( 4, 4 ),
 ( 5.498129760120305853, 7.068240854238865722 ),
 .UNSPECIFIED. ) 
 CURVE ( )  GEOMETRIC_REPRESENTATION_ITEM ( )  RATIONAL_B_SPLINE_CURVE ( ( 1.000000000000000000, 0.8048993373437799415, 0.8048993373437799415, 1.000000000000000000 ) ) 
 REPRESENTATION_ITEM ( '' )  );
#5267 =( NAMED_UNIT ( * ) SI_UNIT ( $, .STERADIAN. ) SOLID_ANGLE_UNIT ( ) );
#5268 =( NAMED_UNIT ( * ) SI_UNIT ( $, .STERADIAN. ) SOLID_ANGLE_UNIT ( ) );
#5269 = ORIENTED_EDGE ( 'NONE', *, *, #3218, .F. ) ;
#5270 = VECTOR ( 'NONE', #4814, 1000.000000000000000 ) ;
#5271 = PRESENTATION_STYLE_ASSIGNMENT (( #795 ) ) ;
#5272 = STYLED_ITEM ( 'NONE', ( #3042 ), #3013 ) ;
#5273 =( LENGTH_UNIT ( ) NAMED_UNIT ( * ) SI_UNIT ( .MILLI., .METRE. ) );
#5275 = CARTESIAN_POINT ( 'NONE',  ( 5.550000000000002487, 2.360000000000000764, 3.299999999999999822 ) ) ;
#5274 =( NAMED_UNIT ( * ) SI_UNIT ( $, .STERADIAN. ) SOLID_ANGLE_UNIT ( ) );
#5276 = EDGE_CURVE ( 'NONE', #2966, #1340, #2691, .T. ) ;
#5277 = PRESENTATION_STYLE_ASSIGNMENT (( #296 ) ) ;
#5278 = EDGE_CURVE ( 'NONE', #3278, #6151, #4502, .T. ) ;
#5279 = SURFACE_SIDE_STYLE ('',( #5482 ) ) ;
#5280 =( NAMED_UNIT ( * ) SI_UNIT ( $, .STERADIAN. ) SOLID_ANGLE_UNIT ( ) );
#5281 = DIRECTION ( 'NONE',  ( 0.0000000000000000000, -0.01745240643728368859, -0.9998476951563913806 ) ) ;
#5282 = FILL_AREA_STYLE_COLOUR ( '', #2431 ) ;
#5283 = SURFACE_STYLE_FILL_AREA ( #1962 ) ;
#5284 = DIRECTION ( 'NONE',  ( 0.0000000000000000000, 1.000000000000000000, 0.0000000000000000000 ) ) ;
#5285 = EDGE_CURVE ( 'NONE', #2093, #4269, #3125, .T. ) ;
#5286 = CARTESIAN_POINT ( 'NONE',  ( -5.078952563137232090, 2.989999999999999769, -5.079999999999998295 ) ) ;
#5287 = DIRECTION ( 'NONE',  ( 0.0000000000000000000, 0.0000000000000000000, 1.000000000000000000 ) ) ;
#5288 = SURFACE_STYLE_FILL_AREA ( #3986 ) ;
#5289 = PRESENTATION_LAYER_ASSIGNMENT (  '', '', ( #1334 ) ) ;
#5290 = COLOUR_RGB ( '',0.5019607843137254832, 0.5019607843137254832, 0.5019607843137254832 ) ;
#5291 = VECTOR ( 'NONE', #2129, 1000.000000000000000 ) ;
#5292 = UNCERTAINTY_MEASURE_WITH_UNIT (LENGTH_MEASURE( 1.000000000000000082E-05 ), #5654, 'distance_accuracy_value', 'NONE');
#5293 = SURFACE_SIDE_STYLE ('',( #2705 ) ) ;
#5294 = FACE_OUTER_BOUND ( 'NONE', #2235, .T. ) ;
#5295 = PLANE ( 'NONE',  #414 ) ;
#5296 = EDGE_CURVE ( 'NONE', #1784, #4475, #667, .T. ) ;
#5297 = DIRECTION ( 'NONE',  ( 1.000000000000000000, 0.0000000000000000000, -0.0000000000000000000 ) ) ;
#5298 = AXIS2_PLACEMENT_3D ( 'NONE', #1046, #5878, #1579 ) ;
#5299 =( GEOMETRIC_REPRESENTATION_CONTEXT ( 3 ) GLOBAL_UNCERTAINTY_ASSIGNED_CONTEXT ( ( #5598 ) ) GLOBAL_UNIT_ASSIGNED_CONTEXT ( ( #1559, #4479, #4902 ) ) REPRESENTATION_CONTEXT ( 'NONE', 'WORKASPACE' ) );
#5300 = CARTESIAN_POINT ( 'NONE',  ( -1.290407012552376109, 4.000499999999999723, -0.4151671985522872865 ) ) ;
#5301 = LINE ( 'NONE', #5850, #6223 ) ;
#5302 = EDGE_CURVE ( 'NONE', #741, #2966, #3909, .T. ) ;
#5303 = LINE ( 'NONE', #3236, #3394 ) ;
#5304 = ORIENTED_EDGE ( 'NONE', *, *, #568, .T. ) ;
#5306 = CARTESIAN_POINT ( 'NONE',  ( 5.290000000000002700, 0.1999999999999996503, 3.299999999999999822 ) ) ;
#5305 = FILL_AREA_STYLE_COLOUR ( '', #4028 ) ;
#5307 = CARTESIAN_POINT ( 'NONE',  ( 5.550000000000002487, 3.010000000000000231, -1.900000000000346745 ) ) ;
#5308 = EDGE_CURVE ( 'NONE', #106, #852, #3984, .T. ) ;
#5309 = MECHANICAL_DESIGN_GEOMETRIC_PRESENTATION_REPRESENTATION (  '', ( #2778 ), #193 ) ;
#5310 = SURFACE_STYLE_FILL_AREA ( #1168 ) ;
#5311 = EDGE_CURVE ( 'NONE', #5614, #476, #2623, .T. ) ;
#5312 = ORIENTED_EDGE ( 'NONE', *, *, #824, .F. ) ;
#5313 = COLOUR_RGB ( '',0.5019607843137254832, 0.5019607843137254832, 0.5019607843137254832 ) ;
#5314 = FACE_OUTER_BOUND ( 'NONE', #1806, .T. ) ;
#5315 = EDGE_CURVE ( 'NONE', #3973, #5690, #5494, .T. ) ;
#5316 = SURFACE_STYLE_FILL_AREA ( #3999 ) ;
#5317 = ORIENTED_EDGE ( 'NONE', *, *, #4943, .T. ) ;
#5318 = CARTESIAN_POINT ( 'NONE',  ( -1.290407012552376109, 4.000000000000000000, -0.4151671985522872865 ) ) ;
#5319 = FILL_AREA_STYLE ('',( #981 ) ) ;
#5320 = CYLINDRICAL_SURFACE ( 'NONE', #4240, 0.2599999999999997868 ) ;
#5321 = LINE ( 'NONE', #3130, #6096 ) ;
#5322 = EDGE_LOOP ( 'NONE', ( #1925, #6028, #4639, #1013 ) ) ;
#5323 = CARTESIAN_POINT ( 'NONE',  ( -2.250038896963175716, 4.000000000000000000, -0.6703702798220952941 ) ) ;
#5324 = ORIENTED_EDGE ( 'NONE', *, *, #5017, .T. ) ;
#5325 = LINE ( 'NONE', #3088, #4041 ) ;
#5326 = PRESENTATION_STYLE_ASSIGNMENT (( #5072 ) ) ;
#5327 = ORIENTED_EDGE ( 'NONE', *, *, #308, .F. ) ;
#5328 = ORIENTED_EDGE ( 'NONE', *, *, #5964, .F. ) ;
#5329 = ORIENTED_EDGE ( 'NONE', *, *, #107, .T. ) ;
#5330 =( NAMED_UNIT ( * ) SI_UNIT ( $, .STERADIAN. ) SOLID_ANGLE_UNIT ( ) );
#5331 = CARTESIAN_POINT ( 'NONE',  ( -2.833111550310750015, 4.000000000000000000, -0.05761545578488163483 ) ) ;
#5332 = EDGE_LOOP ( 'NONE', ( #2247, #543, #3899, #1776 ) ) ;
#5333 = VECTOR ( 'NONE', #1641, 1000.000000000000000 ) ;
#5334 = EDGE_LOOP ( 'NONE', ( #946, #2684, #631, #1070 ) ) ;
#5335 = MANIFOLD_SOLID_BREP ( 'ëgÇ›çáÇÌÇπ1', #3361 ) ;
#5336 = AXIS2_PLACEMENT_3D ( 'NONE', #4634, #1780, #6098 ) ;
#5337 = DIRECTION ( 'NONE',  ( 0.002813301676019472428, 0.0000000000000000000, -0.9999960426590095430 ) ) ;
#5338 = EDGE_CURVE ( 'NONE', #2305, #1872, #5805, .T. ) ;
#5339 = PRESENTATION_STYLE_ASSIGNMENT (( #1944 ) ) ;
#5340 = CARTESIAN_POINT ( 'NONE',  ( 1.898023259321394152, 4.000499999999999723, 0.6703702798221414794 ) ) ;
#5341 = CARTESIAN_POINT ( 'NONE',  ( -2.540900536710965607, 4.000499999999999723, 0.6703702798221691239 ) ) ;
#5342 = AXIS2_PLACEMENT_3D ( 'NONE', #2837, #4359, #2868 ) ;
#5343 = ADVANCED_FACE ( 'NONE', ( #1432 ), #3687, .T. ) ;
#5344 = AXIS2_PLACEMENT_3D ( 'NONE', #428, #934, #5693 ) ;
#5345 = CARTESIAN_POINT ( 'NONE',  ( -0.7776323108043736720, 4.000000000000000000, 0.6703702798221553572 ) ) ;
#5346 = EDGE_CURVE ( 'NONE', #4080, #1241, #5717, .T. ) ;
#5347 =( LENGTH_UNIT ( ) NAMED_UNIT ( * ) SI_UNIT ( .MILLI., .METRE. ) );
#5348 = EDGE_CURVE ( 'NONE', #1872, #5166, #573, .T. ) ;
#5349 = LINE ( 'NONE', #2622, #984 ) ;
#5350 = FILL_AREA_STYLE ('',( #1050 ) ) ;
#5351 = CARTESIAN_POINT ( 'NONE',  ( -2.540900536710965607, 4.000499999999999723, 0.6703702798221691239 ) ) ;
#5352 = EDGE_CURVE ( 'NONE', #3273, #89, #2393, .T. ) ;
#5353 = COLOUR_RGB ( '',0.0000000000000000000, 0.0000000000000000000, 0.0000000000000000000 ) ;
#5354 = CARTESIAN_POINT ( 'NONE',  ( -5.290000000000001812, 3.250000000000000888, -0.1500000000001504574 ) ) ;
#5355 = VECTOR ( 'NONE', #3611, 1000.000000000000000 ) ;
#5356 = DIRECTION ( 'NONE',  ( 0.02617694830787321153, -0.9996573249755573709, -0.0000000000000000000 ) ) ;
#5357 = UNCERTAINTY_MEASURE_WITH_UNIT (LENGTH_MEASURE( 1.000000000000000082E-05 ), #5469, 'distance_accuracy_value', 'NONE');
#5358 = VERTEX_POINT ( 'NONE', #6132 ) ;
#5359 = STYLED_ITEM ( 'NONE', ( #3297 ), #5027 ) ;
#5360 = LINE ( 'NONE', #6270, #4528 ) ;
#5361 = LINE ( 'NONE', #5275, #4602 ) ;
#5362 = VECTOR ( 'NONE', #273, 1000.000000000000000 ) ;
#5363 = VECTOR ( 'NONE', #1313, 1000.000000000000000 ) ;
#5364 = ADVANCED_FACE ( 'NONE', ( #1200 ), #5116, .T. ) ;
#5365 = SURFACE_STYLE_FILL_AREA ( #2395 ) ;
#5367 = PLANE ( 'NONE',  #767 ) ;
#5366 =( NAMED_UNIT ( * ) SI_UNIT ( $, .STERADIAN. ) SOLID_ANGLE_UNIT ( ) );
#5368 = ORIENTED_EDGE ( 'NONE', *, *, #1284, .T. ) ;
#5369 = ORIENTED_EDGE ( 'NONE', *, *, #3693, .T. ) ;
#5370 = PLANE ( 'NONE',  #4747 ) ;
#5371 = DIRECTION ( 'NONE',  ( 0.0000000000000000000, -0.0000000000000000000, 1.000000000000000000 ) ) ;
#5372 = VERTEX_POINT ( 'NONE', #2401 ) ;
#5373 = DIRECTION ( 'NONE',  ( -2.620428211445328459E-16, -1.000000000000000000, -2.319149032054553916E-16 ) ) ;
#5374 = LINE ( 'NONE', #5444, #151 ) ;
#5375 = AXIS2_PLACEMENT_3D ( 'NONE', #1480, #1956, #2899 ) ;
#5376 = ADVANCED_FACE ( 'NONE', ( #5801 ), #2902, .T. ) ;
#5377 = DIRECTION ( 'NONE',  ( -1.000000000000000000, 0.0000000000000000000, 0.0000000000000000000 ) ) ;
#5378 = LINE ( 'NONE', #4448, #2504 ) ;
#5379 = ORIENTED_EDGE ( 'NONE', *, *, #2894, .T. ) ;
#5380 = EDGE_CURVE ( 'NONE', #2211, #806, #731, .T. ) ;
#5381 = VECTOR ( 'NONE', #5055, 1000.000000000000114 ) ;
#5382 = DIRECTION ( 'NONE',  ( -0.0000000000000000000, 0.0000000000000000000, 1.000000000000000000 ) ) ;
#5384 = CARTESIAN_POINT ( 'NONE',  ( 3.550000000000003375, 0.1999999999999990119, -2.500000000000001332 ) ) ;
#5383 =( NAMED_UNIT ( * ) PLANE_ANGLE_UNIT ( ) SI_UNIT ( $, .RADIAN. ) );
#5385 = VERTEX_POINT ( 'NONE', #5243 ) ;
#5386 = VERTEX_POINT ( 'NONE', #2342 ) ;
#5387 = LINE ( 'NONE', #6076, #1558 ) ;
#5388 = AXIS2_PLACEMENT_3D ( 'NONE', #6245, #3774, #6313 ) ;
#5389 = VECTOR ( 'NONE', #5652, 1000.000000000000000 ) ;
#5390 = ORIENTED_EDGE ( 'NONE', *, *, #39, .T. ) ;
#5391 = ORIENTED_EDGE ( 'NONE', *, *, #3768, .F. ) ;
#5393 = DIRECTION ( 'NONE',  ( 0.9996573249755572599, 0.02617694830787332255, 0.0000000000000000000 ) ) ;
#5392 = SURFACE_SIDE_STYLE ('',( #3746 ) ) ;
#5394 =( NAMED_UNIT ( * ) SI_UNIT ( $, .STERADIAN. ) SOLID_ANGLE_UNIT ( ) );
#5395 = EDGE_CURVE ( 'NONE', #4682, #3189, #4195, .T. ) ;
#5396 = FACE_OUTER_BOUND ( 'NONE', #2151, .T. ) ;
#5397 = PRESENTATION_STYLE_ASSIGNMENT (( #632 ) ) ;
#5398 = VERTEX_POINT ( 'NONE', #6241 ) ;
#5399 = CARTESIAN_POINT ( 'NONE',  ( -1.290407012552376109, 4.000499999999999723, -0.4151671985522872865 ) ) ;
#5400 = SURFACE_SIDE_STYLE ('',( #6295 ) ) ;
#5401 = VERTEX_POINT ( 'NONE', #3310 ) ;
#5402 = ADVANCED_FACE ( 'NONE', ( #3045 ), #868, .T. ) ;
#5403 = UNCERTAINTY_MEASURE_WITH_UNIT (LENGTH_MEASURE( 1.000000000000000082E-05 ), #5607, 'distance_accuracy_value', 'NONE');
#5404 = FACE_OUTER_BOUND ( 'NONE', #3425, .T. ) ;
#5405 = ORIENTED_EDGE ( 'NONE', *, *, #611, .F. ) ;
#5406 = CARTESIAN_POINT ( 'NONE',  ( 3.550000000000003375, -0.06000000000000037248, 2.499999999999998668 ) ) ;
#5408 =( NAMED_UNIT ( * ) SI_UNIT ( $, .STERADIAN. ) SOLID_ANGLE_UNIT ( ) );
#5407 = CARTESIAN_POINT ( 'NONE',  ( -0.6070688727658387629, 4.000499999999999723, -0.6703702798221874426 ) ) ;
#5409 = AXIS2_PLACEMENT_3D ( 'NONE', #169, #2563, #3480 ) ;
#5410 = FACE_OUTER_BOUND ( 'NONE', #3041, .T. ) ;
#5411 = PRESENTATION_STYLE_ASSIGNMENT (( #3606 ) ) ;
#5412 = ADVANCED_FACE ( 'NONE', ( #340 ), #6283, .T. ) ;
#5413 = FACE_OUTER_BOUND ( 'NONE', #3964, .T. ) ;
#5414 = VERTEX_POINT ( 'NONE', #6217 ) ;
#5416 = FILL_AREA_STYLE ('',( #5881 ) ) ;
#5415 = CARTESIAN_POINT ( 'NONE',  ( -5.550000000000002487, 3.009999999999999787, 1.900000000000345857 ) ) ;
#5417 = AXIS2_PLACEMENT_3D ( 'NONE', #1065, #3935, #17 ) ;
#5418 =( GEOMETRIC_REPRESENTATION_CONTEXT ( 3 ) GLOBAL_UNCERTAINTY_ASSIGNED_CONTEXT ( ( #4390 ) ) GLOBAL_UNIT_ASSIGNED_CONTEXT ( ( #4750, #2779, #2301 ) ) REPRESENTATION_CONTEXT ( 'NONE', 'WORKASPACE' ) );
#5419 = FILL_AREA_STYLE_COLOUR ( '', #361 ) ;
#5420 = DIRECTION ( 'NONE',  ( -0.02616798426497941865, 0.9993150019883697555, -0.02616798426497938743 ) ) ;
#5421 =( NAMED_UNIT ( * ) SI_UNIT ( $, .STERADIAN. ) SOLID_ANGLE_UNIT ( ) );
#5422 = DIRECTION ( 'NONE',  ( 0.0000000000000000000, 0.0000000000000000000, 1.000000000000000000 ) ) ;
#5423 = AXIS2_PLACEMENT_3D ( 'NONE', #879, #1829, #6121 ) ;
#5424 = AXIS2_PLACEMENT_3D ( 'NONE', #2711, #6116, #893 ) ;
#5426 = CARTESIAN_POINT ( 'NONE',  ( 2.602085213965210642E-15, 2.950000000000000178, -1.734723475976807094E-15 ) ) ;
#5425 = CARTESIAN_POINT ( 'NONE',  ( -5.550000000000002487, 2.360000000000001208, -3.300000000000001599 ) ) ;
#5427 = EDGE_CURVE ( 'NONE', #3277, #5386, #3672, .T. ) ;
#5428 = SURFACE_STYLE_FILL_AREA ( #1308 ) ;
#5429 = EDGE_CURVE ( 'NONE', #4705, #2160, #2183, .T. ) ;
#5430 = CARTESIAN_POINT ( 'NONE',  ( 2.192089153865903306, 4.000499999999999723, -0.4133938508345784135 ) ) ;
#5431 = FILL_AREA_STYLE_COLOUR ( '', #536 ) ;
#5432 = ADVANCED_FACE ( 'NONE', ( #3285 ), #4305, .F. ) ;
#5433 = PRODUCT_DEFINITION_CONTEXT ( 'detailed design', #4419, 'design' ) ;
#5434 = SURFACE_SIDE_STYLE ('',( #1424 ) ) ;
#5435 = CARTESIAN_POINT ( 'NONE',  ( 5.550000000000002487, -0.06000000000000035166, 3.299999999999999822 ) ) ;
#5436 = FILL_AREA_STYLE_COLOUR ( '', #6258 ) ;
#5437 = CARTESIAN_POINT ( 'NONE',  ( 0.7274180871905749912, 4.000499999999999723, -0.5290038919167755482 ) ) ;
#5438 = VECTOR ( 'NONE', #4424, 1000.000000000000000 ) ;
#5439 = PRODUCT_DEFINITION_FORMATION_WITH_SPECIFIED_SOURCE ( 'ANY', '', #3319, .NOT_KNOWN. ) ;
#5440 = MECHANICAL_DESIGN_GEOMETRIC_PRESENTATION_REPRESENTATION (  '', ( #12 ), #1995 ) ;
#5441 = VECTOR ( 'NONE', #3377, 1000.000000000000000 ) ;
#5442 = UNCERTAINTY_MEASURE_WITH_UNIT (LENGTH_MEASURE( 1.000000000000000082E-05 ), #365, 'distance_accuracy_value', 'NONE');
#5443 = ORIENTED_EDGE ( 'NONE', *, *, #364, .T. ) ;
#5445 = FILL_AREA_STYLE ('',( #3577 ) ) ;
#5444 = CARTESIAN_POINT ( 'NONE',  ( 5.550000000000002487, 1.810000000000001164, -2.500000000000000888 ) ) ;
#5447 = PLANE ( 'NONE',  #4792 ) ;
#5446 = DIRECTION ( 'NONE',  ( 2.620428211445327965E-16, -1.000000000000000000, 0.0000000000000000000 ) ) ;
#5448 = CYLINDRICAL_SURFACE ( 'NONE', #5388, 1.499999999999999334 ) ;
#5449 = LINE ( 'NONE', #3312, #5981 ) ;
#5450 = VECTOR ( 'NONE', #3244, 1000.000000000000114 ) ;
#5451 = EDGE_LOOP ( 'NONE', ( #4103, #4620, #3897, #1024, #2000 ) ) ;
#5452 = STYLED_ITEM ( 'NONE', ( #1889 ), #5526 ) ;
#5453 = PLANE ( 'NONE',  #3924 ) ;
#5455 = CARTESIAN_POINT ( 'NONE',  ( -3.600685128320261441, 3.002341276866024700, -3.600685128320260109 ) ) ;
#5454 = DIRECTION ( 'NONE',  ( 0.0000000000000000000, 0.0000000000000000000, 1.000000000000000000 ) ) ;
#5456 = FACE_OUTER_BOUND ( 'NONE', #639, .T. ) ;
#5457 = VERTEX_POINT ( 'NONE', #3290 ) ;
#5458 = SURFACE_STYLE_USAGE ( .BOTH. , #648 ) ;
#5459 = ORIENTED_EDGE ( 'NONE', *, *, #602, .F. ) ;
#5460 = DIRECTION ( 'NONE',  ( 3.354250471127030822E-16, -1.000000000000000000, 0.0000000000000000000 ) ) ;
#5461 = SURFACE_SIDE_STYLE ('',( #2195 ) ) ;
#5462 = DIRECTION ( 'NONE',  ( 1.000000000000000000, 0.0000000000000000000, 0.0000000000000000000 ) ) ;
#5463 = FACE_OUTER_BOUND ( 'NONE', #5932, .T. ) ;
#5464 = CARTESIAN_POINT ( 'NONE',  ( 3.550000000000003375, 0.1999999999999990119, 3.299999999999999822 ) ) ;
#5465 = FACE_OUTER_BOUND ( 'NONE', #1926, .T. ) ;
#5466 = SURFACE_STYLE_FILL_AREA ( #2412 ) ;
#5467 = VERTEX_POINT ( 'NONE', #2378 ) ;
#5468 = ADVANCED_FACE ( 'NONE', ( #2895 ), #2805, .T. ) ;
#5470 =( NAMED_UNIT ( * ) PLANE_ANGLE_UNIT ( ) SI_UNIT ( $, .RADIAN. ) );
#5469 =( LENGTH_UNIT ( ) NAMED_UNIT ( * ) SI_UNIT ( .MILLI., .METRE. ) );
#5471 = SURFACE_SIDE_STYLE ('',( #5815 ) ) ;
#5472 = FACE_OUTER_BOUND ( 'NONE', #5451, .T. ) ;
#5473 =( GEOMETRIC_REPRESENTATION_CONTEXT ( 3 ) GLOBAL_UNCERTAINTY_ASSIGNED_CONTEXT ( ( #4946 ) ) GLOBAL_UNIT_ASSIGNED_CONTEXT ( ( #3226, #4276, #5738 ) ) REPRESENTATION_CONTEXT ( 'NONE', 'WORKASPACE' ) );
#5474 = EDGE_CURVE ( 'NONE', #2934, #2243, #966, .T. ) ;
#5475 = ORIENTED_EDGE ( 'NONE', *, *, #2761, .F. ) ;
#5476 = ORIENTED_EDGE ( 'NONE', *, *, #271, .F. ) ;
#5477 = LINE ( 'NONE', #5955, #2749 ) ;
#5478 = SURFACE_SIDE_STYLE ('',( #5117 ) ) ;
#5479 = ORIENTED_EDGE ( 'NONE', *, *, #1606, .F. ) ;
#5480 = ORIENTED_EDGE ( 'NONE', *, *, #1271, .T. ) ;
#5481 = EDGE_CURVE ( 'NONE', #3270, #3633, #3901, .T. ) ;
#5482 = SURFACE_STYLE_FILL_AREA ( #4271 ) ;
#5483 = DIRECTION ( 'NONE',  ( 1.000000000000000000, 0.0000000000000000000, 0.0000000000000000000 ) ) ;
#5484 = SURFACE_STYLE_FILL_AREA ( #2220 ) ;
#5485 = CARTESIAN_POINT ( 'NONE',  ( 1.270698448461881069, 4.000499999999999723, -0.6703702798222154202 ) ) ;
#5486 = ORIENTED_EDGE ( 'NONE', *, *, #4862, .F. ) ;
#5487 = DIRECTION ( 'NONE',  ( 1.000000000000000000, 0.0000000000000000000, -8.503546450866698350E-17 ) ) ;
#5488 = LINE ( 'NONE', #2556, #98 ) ;
#5489 = DIRECTION ( 'NONE',  ( -0.0000000000000000000, -1.000000000000000000, 0.0000000000000000000 ) ) ;
#5491 = CARTESIAN_POINT ( 'NONE',  ( -5.550000000000001599, 3.250000000000000000, -3.299999999999999822 ) ) ;
#5490 = SURFACE_SIDE_STYLE ('',( #5310 ) ) ;
#5492 = CARTESIAN_POINT ( 'NONE',  ( -3.037706955692804467, 4.000499999999999723, -0.6703702798221505832 ) ) ;
#5493 = STYLED_ITEM ( 'NONE', ( #3052 ), #4965 ) ;
#5494 = LINE ( 'NONE', #4667, #4201 ) ;
#5495 =( NAMED_UNIT ( * ) SI_UNIT ( $, .STERADIAN. ) SOLID_ANGLE_UNIT ( ) );
#5496 = ADVANCED_FACE ( 'NONE', ( #4955 ), #3788, .T. ) ;
#5497 = FILL_AREA_STYLE ('',( #4078 ) ) ;
#5498 = EDGE_CURVE ( 'NONE', #6087, #2067, #1341, .T. ) ;
#5499 = LINE ( 'NONE', #363, #4207 ) ;
#5500 = PRESENTATION_LAYER_ASSIGNMENT (  '', '', ( #2553 ) ) ;
#5501 = FILL_AREA_STYLE ('',( #4520 ) ) ;
#5502 = EDGE_CURVE ( 'NONE', #4567, #3641, #4495, .T. ) ;
#5503 = DIRECTION ( 'NONE',  ( -0.0000000000000000000, 2.319149032054553916E-16, -1.000000000000000000 ) ) ;
#5504 = DIRECTION ( 'NONE',  ( -0.9601763114327491744, 0.0000000000000000000, -0.2793947940878648839 ) ) ;
#5505 = FILL_AREA_STYLE ('',( #1123 ) ) ;
#5506 = VECTOR ( 'NONE', #125, 1000.000000000000000 ) ;
#5507 = EDGE_CURVE ( 'NONE', #1895, #3022, #3194, .T. ) ;
#5508 = PRESENTATION_LAYER_ASSIGNMENT (  '', '', ( #1062 ) ) ;
#5509 = DIRECTION ( 'NONE',  ( -0.0000000000000000000, -0.0000000000000000000, 1.000000000000000000 ) ) ;
#5510 = EDGE_CURVE ( 'NONE', #786, #5865, #2830, .T. ) ;
#5511 = CARTESIAN_POINT ( 'NONE',  ( -5.417656777446235417, 0.1999999999999999833, -5.100000000000002309 ) ) ;
#5512 = SURFACE_STYLE_FILL_AREA ( #4203 ) ;
#5513 = COLOUR_RGB ( '',1.000000000000000000, 1.000000000000000000, 1.000000000000000000 ) ;
#5514 = CARTESIAN_POINT ( 'NONE',  ( -0.4733380716925774112, 4.000499999999999723, -0.6703702798221874426 ) ) ;
#5515 = EDGE_CURVE ( 'NONE', #3173, #5776, #3121, .T. ) ;
#5516 = EDGE_LOOP ( 'NONE', ( #3862, #2021, #1932, #1849 ) ) ;
#5517 = FILL_AREA_STYLE_COLOUR ( '', #5353 ) ;
#5518 = SURFACE_STYLE_FILL_AREA ( #2012 ) ;
#5519 = LINE ( 'NONE', #128, #5742 ) ;
#5520 = PRESENTATION_STYLE_ASSIGNMENT (( #5603 ) ) ;
#5521 =( NAMED_UNIT ( * ) SI_UNIT ( $, .STERADIAN. ) SOLID_ANGLE_UNIT ( ) );
#5522 = UNCERTAINTY_MEASURE_WITH_UNIT (LENGTH_MEASURE( 1.000000000000000082E-05 ), #3627, 'distance_accuracy_value', 'NONE');
#5523 = VERTEX_POINT ( 'NONE', #976 ) ;
#5524 = ORIENTED_EDGE ( 'NONE', *, *, #897, .F. ) ;
#5525 = AXIS2_PLACEMENT_3D ( 'NONE', #2566, #5956, #4055 ) ;
#5526 = ADVANCED_FACE ( 'NONE', ( #492 ), #3878, .F. ) ;
#5527 = CARTESIAN_POINT ( 'NONE',  ( 3.550000000000002487, 3.250000000000000000, -3.299999999999999822 ) ) ;
#5528 = CARTESIAN_POINT ( 'NONE',  ( -3.600228457265413962, 2.950000000000000178, -5.099999999999999645 ) ) ;
#5529 = CARTESIAN_POINT ( 'NONE',  ( -5.290000000000002700, 0.1999999999999995948, 3.299999999999999822 ) ) ;
#5530 = SURFACE_STYLE_FILL_AREA ( #5965 ) ;
#5531 = ORIENTED_EDGE ( 'NONE', *, *, #829, .T. ) ;
#5532 = PRESENTATION_LAYER_ASSIGNMENT (  '', '', ( #4355 ) ) ;
#5533 = ORIENTED_EDGE ( 'NONE', *, *, #440, .F. ) ;
#5534 = FILL_AREA_STYLE_COLOUR ( '', #328 ) ;
#5535 = VERTEX_POINT ( 'NONE', #2982 ) ;
#5536 = EDGE_CURVE ( 'NONE', #5909, #461, #4267, .T. ) ;
#5538 = SURFACE_SIDE_STYLE ('',( #6147 ) ) ;
#5537 = DIRECTION ( 'NONE',  ( 0.9998476951563912696, -0.01745240643728354982, -9.352476451509822499E-16 ) ) ;
#5539 = LINE ( 'NONE', #5048, #4246 ) ;
#5540 = VECTOR ( 'NONE', #2924, 1000.000000000000114 ) ;
#5541 = COLOUR_RGB ( '',0.0000000000000000000, 0.0000000000000000000, 0.0000000000000000000 ) ;
#5542 = CARTESIAN_POINT ( 'NONE',  ( 2.266007179727335785, 4.000499999999999723, -0.6703702798221505832 ) ) ;
#5543 = ORIENTED_EDGE ( 'NONE', *, *, #396, .T. ) ;
#5544 = EDGE_LOOP ( 'NONE', ( #6213, #2796, #3402, #1570 ) ) ;
#5545 = VECTOR ( 'NONE', #2655, 1000.000000000000227 ) ;
#5546 =( LENGTH_UNIT ( ) NAMED_UNIT ( * ) SI_UNIT ( .MILLI., .METRE. ) );
#5547 = PRESENTATION_LAYER_ASSIGNMENT (  '', '', ( #2828 ) ) ;
#5548 = ORIENTED_EDGE ( 'NONE', *, *, #6255, .T. ) ;
#5549 = ORIENTED_EDGE ( 'NONE', *, *, #2020, .F. ) ;
#5550 = DIRECTION ( 'NONE',  ( 0.2765379750250032131, 0.0000000000000000000, -0.9610029908221257022 ) ) ;
#5551 = ORIENTED_EDGE ( 'NONE', *, *, #6130, .T. ) ;
#5552 = CARTESIAN_POINT ( 'NONE',  ( 3.550000000000002487, 2.989999999999999769, 3.299999999999999822 ) ) ;
#5554 = FILL_AREA_STYLE ('',( #214 ) ) ;
#5553 = FILL_AREA_STYLE ('',( #2116 ) ) ;
#5555 =( GEOMETRIC_REPRESENTATION_CONTEXT ( 3 ) GLOBAL_UNCERTAINTY_ASSIGNED_CONTEXT ( ( #4659 ) ) GLOBAL_UNIT_ASSIGNED_CONTEXT ( ( #4981, #5470, #4546 ) ) REPRESENTATION_CONTEXT ( 'NONE', 'WORKASPACE' ) );
#5556 = EDGE_CURVE ( 'NONE', #461, #4573, #4484, .T. ) ;
#5557 = ORIENTED_EDGE ( 'NONE', *, *, #2095, .T. ) ;
#5558 = VECTOR ( 'NONE', #4947, 1000.000000000000000 ) ;
#5559 = LINE ( 'NONE', #5750, #2683 ) ;
#5560 = ORIENTED_EDGE ( 'NONE', *, *, #3731, .F. ) ;
#5561 =( NAMED_UNIT ( * ) SI_UNIT ( $, .STERADIAN. ) SOLID_ANGLE_UNIT ( ) );
#5562 = CARTESIAN_POINT ( 'NONE',  ( -2.132957182187180667, 4.000499999999999723, 0.6703702798221644610 ) ) ;
#5563 = ADVANCED_FACE ( 'NONE', ( #2382 ), #4828, .F. ) ;
#5564 = COLOUR_RGB ( '',0.5019607843137254832, 0.5019607843137254832, 0.5019607843137254832 ) ;
#5565 = UNCERTAINTY_MEASURE_WITH_UNIT (LENGTH_MEASURE( 1.000000000000000082E-05 ), #3826, 'distance_accuracy_value', 'NONE');
#5566 = CARTESIAN_POINT ( 'NONE',  ( -5.290000000000001812, 2.645649867374005648, 3.715490716180370967 ) ) ;
#5567 = COLOUR_RGB ( '',0.0000000000000000000, 0.0000000000000000000, 0.0000000000000000000 ) ;
#5568 = AXIS2_PLACEMENT_3D ( 'NONE', #3274, #6236, #2359 ) ;
#5569 = ORIENTED_EDGE ( 'NONE', *, *, #1451, .T. ) ;
#5570 = VECTOR ( 'NONE', #1316, 1000.000000000000000 ) ;
#5571 = CARTESIAN_POINT ( 'NONE',  ( 5.550000000000002487, 3.009999999999999787, 1.750000000000196065 ) ) ;
#5572 = DIRECTION ( 'NONE',  ( -1.000000000000000000, 0.0000000000000000000, 0.0000000000000000000 ) ) ;
#5573 = VECTOR ( 'NONE', #4962, 1000.000000000000227 ) ;
#5574 = CARTESIAN_POINT ( 'NONE',  ( 4.479716604729730101, 2.950000000000000178, 5.079999999999997407 ) ) ;
#5575 = CARTESIAN_POINT ( 'NONE',  ( -5.290000000000001812, 2.989999999999999769, 3.299999999999999822 ) ) ;
#5576 =( GEOMETRIC_REPRESENTATION_CONTEXT ( 3 ) GLOBAL_UNCERTAINTY_ASSIGNED_CONTEXT ( ( #1643 ) ) GLOBAL_UNIT_ASSIGNED_CONTEXT ( ( #997, #1039, #3952 ) ) REPRESENTATION_CONTEXT ( 'NONE', 'WORKASPACE' ) );
#5577 = COLOUR_RGB ( '',1.000000000000000000, 1.000000000000000000, 1.000000000000000000 ) ;
#5578 = CIRCLE ( 'NONE', #6278, 0.1500000000001498190 ) ;
#5579 = SURFACE_STYLE_FILL_AREA ( #3185 ) ;
#5580 = CARTESIAN_POINT ( 'NONE',  ( -2.649999999999998579, 0.0000000000000000000, 0.0000000000000000000 ) ) ;
#5581 = FACE_OUTER_BOUND ( 'NONE', #2302, .T. ) ;
#5582 = PRESENTATION_LAYER_ASSIGNMENT (  '', '', ( #5272 ) ) ;
#5583 = CARTESIAN_POINT ( 'NONE',  ( 5.549229627936316689, 3.009999999999999787, 2.050000000000495870 ) ) ;
#5584 = PLANE ( 'NONE',  #1721 ) ;
#5585 = CARTESIAN_POINT ( 'NONE',  ( 5.290000000000002700, -0.4355172413793104713, 0.7662068965517249142 ) ) ;
#5586 = EDGE_CURVE ( 'NONE', #4689, #2093, #1733, .T. ) ;
#5587 = ADVANCED_FACE ( 'NONE', ( #957 ), #4856, .F. ) ;
#5588 =( NAMED_UNIT ( * ) PLANE_ANGLE_UNIT ( ) SI_UNIT ( $, .RADIAN. ) );
#5589 = CARTESIAN_POINT ( 'NONE',  ( -5.290000000000001812, 1.810000000000000497, 2.499999999999999112 ) ) ;
#5590 = VECTOR ( 'NONE', #4009, 1000.000000000000000 ) ;
#5591 = ORIENTED_EDGE ( 'NONE', *, *, #4320, .T. ) ;
#5592 = ORIENTED_EDGE ( 'NONE', *, *, #2904, .F. ) ;
#5593 = EDGE_CURVE ( 'NONE', #956, #3561, #5704, .T. ) ;
#5594 = SURFACE_STYLE_FILL_AREA ( #3317 ) ;
#5595 = CARTESIAN_POINT ( 'NONE',  ( -2.819842016330205148, 4.000499999999999723, -0.09862666963029805001 ) ) ;
#5596 = VECTOR ( 'NONE', #2768, 1000.000000000000000 ) ;
#5597 = SURFACE_STYLE_FILL_AREA ( #1840 ) ;
#5598 = UNCERTAINTY_MEASURE_WITH_UNIT (LENGTH_MEASURE( 1.000000000000000082E-05 ), #1559, 'distance_accuracy_value', 'NONE');
#5599 = ORIENTED_EDGE ( 'NONE', *, *, #6046, .F. ) ;
#5600 = PRESENTATION_LAYER_ASSIGNMENT (  '', '', ( #6143 ) ) ;
#5601 = CARTESIAN_POINT ( 'NONE',  ( -0.5389845515424375177, 4.000499999999999723, 0.6703702798221553572 ) ) ;
#5602 = CARTESIAN_POINT ( 'NONE',  ( -1.433685354663999600, 4.000000000000000000, 0.08206727095333087030 ) ) ;
#5603 = SURFACE_STYLE_USAGE ( .BOTH. , #5684 ) ;
#5604 = ORIENTED_EDGE ( 'NONE', *, *, #5481, .F. ) ;
#5605 = MECHANICAL_DESIGN_GEOMETRIC_PRESENTATION_REPRESENTATION (  '', ( #3447 ), #2297 ) ;
#5606 = ORIENTED_EDGE ( 'NONE', *, *, #4579, .F. ) ;
#5607 =( LENGTH_UNIT ( ) NAMED_UNIT ( * ) SI_UNIT ( .MILLI., .METRE. ) );
#5608 = DIRECTION ( 'NONE',  ( 0.0000000000000000000, -2.319149032054553916E-16, 1.000000000000000000 ) ) ;
#5609 = DIRECTION ( 'NONE',  ( -0.7145695586381805020, 0.0000000000000000000, 0.6995643972270428890 ) ) ;
#5610 = ORIENTED_EDGE ( 'NONE', *, *, #6042, .F. ) ;
#5611 = VERTEX_POINT ( 'NONE', #4920 ) ;
#5612 = PRESENTATION_LAYER_ASSIGNMENT (  '', '', ( #5948 ) ) ;
#5613 =( GEOMETRIC_REPRESENTATION_CONTEXT ( 3 ) GLOBAL_UNCERTAINTY_ASSIGNED_CONTEXT ( ( #3455 ) ) GLOBAL_UNIT_ASSIGNED_CONTEXT ( ( #3727, #3750, #5167 ) ) REPRESENTATION_CONTEXT ( 'NONE', 'WORKASPACE' ) );
#5614 = VERTEX_POINT ( 'NONE', #508 ) ;
#5615 = CARTESIAN_POINT ( 'NONE',  ( -2.655952074102052141, 4.000499999999999723, -0.6703702798221230497 ) ) ;
#5616 = LINE ( 'NONE', #1892, #951 ) ;
#5617 = EDGE_CURVE ( 'NONE', #3117, #4105, #404, .T. ) ;
#5618 = CARTESIAN_POINT ( 'NONE',  ( 1.970416612737251105, 4.000499999999999723, 0.4152446551201242064 ) ) ;
#5619 = ORIENTED_EDGE ( 'NONE', *, *, #2870, .T. ) ;
#5620 = ORIENTED_EDGE ( 'NONE', *, *, #5474, .T. ) ;
#5621 =( LENGTH_UNIT ( ) NAMED_UNIT ( * ) SI_UNIT ( .MILLI., .METRE. ) );
#5622 = EDGE_CURVE ( 'NONE', #2685, #4793, #882, .T. ) ;
#5623 = ORIENTED_EDGE ( 'NONE', *, *, #4603, .T. ) ;
#5624 = DIRECTION ( 'NONE',  ( -1.000000000000000000, 0.0000000000000000000, 0.0000000000000000000 ) ) ;
#5625 = PRESENTATION_LAYER_ASSIGNMENT (  '', '', ( #6049 ) ) ;
#5626 = ORIENTED_EDGE ( 'NONE', *, *, #658, .T. ) ;
#5627 = EDGE_CURVE ( 'NONE', #4261, #2968, #1262, .T. ) ;
#5628 = VECTOR ( 'NONE', #2628, 1000.000000000000227 ) ;
#5629 = DIRECTION ( 'NONE',  ( -0.0000000000000000000, -1.000000000000000000, -2.319149032054553916E-16 ) ) ;
#5630 = ORIENTED_EDGE ( 'NONE', *, *, #5182, .T. ) ;
#5631 = DIRECTION ( 'NONE',  ( -1.000000000000000000, -2.620428211445328459E-16, 0.0000000000000000000 ) ) ;
#5632 = ORIENTED_EDGE ( 'NONE', *, *, #4243, .F. ) ;
#5633 = FILL_AREA_STYLE ('',( #811 ) ) ;
#5634 =( NAMED_UNIT ( * ) SI_UNIT ( $, .STERADIAN. ) SOLID_ANGLE_UNIT ( ) );
#5635 = PRESENTATION_STYLE_ASSIGNMENT (( #1718 ) ) ;
#5636 =( BOUNDED_CURVE ( )  B_SPLINE_CURVE ( 3, ( #4636, #280, #1823, #2310 ),
 .UNSPECIFIED., .F., .T. ) 
 B_SPLINE_CURVE_WITH_KNOTS ( ( 4, 4 ),
 ( 5.498129760120306742, 7.068240854238867499 ),
 .UNSPECIFIED. ) 
 CURVE ( )  GEOMETRIC_REPRESENTATION_ITEM ( )  RATIONAL_B_SPLINE_CURVE ( ( 1.000000000000000000, 0.8048993373437796084, 0.8048993373437796084, 1.000000000000000000 ) ) 
 REPRESENTATION_ITEM ( '' )  );
#5637 = CARTESIAN_POINT ( 'NONE',  ( -2.434711660160700397, 4.000499999999999723, -0.05761545578489554731 ) ) ;
#5638 = CARTESIAN_POINT ( 'NONE',  ( -5.080000000000000071, 2.950000000000000178, -3.299999999999999822 ) ) ;
#5639 = PRESENTATION_STYLE_ASSIGNMENT (( #4134 ) ) ;
#5640 = CARTESIAN_POINT ( 'NONE',  ( -0.7875100603410186695, 4.000499999999999723, -0.1657896664456280922 ) ) ;
#5641 = MECHANICAL_DESIGN_GEOMETRIC_PRESENTATION_REPRESENTATION (  '', ( #4116 ), #5973 ) ;
#5642 =( NAMED_UNIT ( * ) SI_UNIT ( $, .STERADIAN. ) SOLID_ANGLE_UNIT ( ) );
#5643 = FACE_OUTER_BOUND ( 'NONE', #4628, .T. ) ;
#5644 = CARTESIAN_POINT ( 'NONE',  ( 5.550000000000002487, 1.810000000000000497, 2.499999999999999112 ) ) ;
#5645 = CARTESIAN_POINT ( 'NONE',  ( 3.550000000000002487, 3.250000000000000000, 3.299999999999999822 ) ) ;
#5646 =( LENGTH_UNIT ( ) NAMED_UNIT ( * ) SI_UNIT ( .MILLI., .METRE. ) );
#5647 = CARTESIAN_POINT ( 'NONE',  ( -5.072144223529244655, 3.250000000000000000, -5.079999999999998295 ) ) ;
#5648 = STYLED_ITEM ( 'NONE', ( #6110 ), #5402 ) ;
#5649 = FILL_AREA_STYLE_COLOUR ( '', #3320 ) ;
#5650 = VECTOR ( 'NONE', #4358, 1000.000000000000000 ) ;
#5651 = DIRECTION ( 'NONE',  ( -0.9999999968487353064, 0.0000000000000000000, -7.938847109787030122E-05 ) ) ;
#5652 = DIRECTION ( 'NONE',  ( 0.9999891854650020395, 0.0000000000000000000, 0.004650693823689862859 ) ) ;
#5653 = SURFACE_STYLE_FILL_AREA ( #5633 ) ;
#5655 =( LENGTH_UNIT ( ) NAMED_UNIT ( * ) SI_UNIT ( .MILLI., .METRE. ) );
#5654 =( LENGTH_UNIT ( ) NAMED_UNIT ( * ) SI_UNIT ( .MILLI., .METRE. ) );
#5656 = AXIS2_PLACEMENT_3D ( 'NONE', #4371, #3440, #5851 ) ;
#5657 = LINE ( 'NONE', #5341, #1457 ) ;
#5658 = FACE_OUTER_BOUND ( 'NONE', #4488, .T. ) ;
#5659 = PRESENTATION_STYLE_ASSIGNMENT (( #2358 ) ) ;
#5660 = CARTESIAN_POINT ( 'NONE',  ( 5.078952563137237419, 2.989999999999999769, 5.079999999999997407 ) ) ;
#5661 = DIRECTION ( 'NONE',  ( 0.0000000000000000000, 1.057758217058801317E-16, -1.000000000000000000 ) ) ;
#5662 = CARTESIAN_POINT ( 'NONE',  ( -0.6070688727658387629, 4.000499999999999723, -0.6703702798221874426 ) ) ;
#5663 = LINE ( 'NONE', #4960, #4228 ) ;
#5664 = UNCERTAINTY_MEASURE_WITH_UNIT (LENGTH_MEASURE( 1.000000000000000082E-05 ), #4167, 'distance_accuracy_value', 'NONE');
#5665 = VECTOR ( 'NONE', #854, 1000.000000000000000 ) ;
#5666 =( NAMED_UNIT ( * ) PLANE_ANGLE_UNIT ( ) SI_UNIT ( $, .RADIAN. ) );
#5667 = EDGE_LOOP ( 'NONE', ( #5096, #3124, #4698, #5390 ) ) ;
#5668 = ORIENTED_EDGE ( 'NONE', *, *, #5395, .F. ) ;
#5669 = PLANE ( 'NONE',  #4329 ) ;
#5670 = VECTOR ( 'NONE', #3345, 1000.000000000000227 ) ;
#5671 = VERTEX_POINT ( 'NONE', #3506 ) ;
#5672 = PRESENTATION_STYLE_ASSIGNMENT (( #1969 ) ) ;
#5673 = DIRECTION ( 'NONE',  ( -0.0000000000000000000, -1.000000000000000000, 0.0000000000000000000 ) ) ;
#5674 = EDGE_CURVE ( 'NONE', #2387, #2823, #1186, .T. ) ;
#5675 = ORIENTED_EDGE ( 'NONE', *, *, #2593, .F. ) ;
#5676 = ORIENTED_EDGE ( 'NONE', *, *, #5761, .T. ) ;
#5677 =( NAMED_UNIT ( * ) SI_UNIT ( $, .STERADIAN. ) SOLID_ANGLE_UNIT ( ) );
#5678 = AXIS2_PLACEMENT_3D ( 'NONE', #1189, #4569, #257 ) ;
#5679 = ORIENTED_EDGE ( 'NONE', *, *, #5474, .F. ) ;
#5680 = PRESENTATION_STYLE_ASSIGNMENT (( #1972 ) ) ;
#5681 =( LENGTH_UNIT ( ) NAMED_UNIT ( * ) SI_UNIT ( .MILLI., .METRE. ) );
#5682 = VERTEX_POINT ( 'NONE', #4471 ) ;
#5683 = ORIENTED_EDGE ( 'NONE', *, *, #3985, .T. ) ;
#5684 = SURFACE_SIDE_STYLE ('',( #2576 ) ) ;
#5685 = CARTESIAN_POINT ( 'NONE',  ( -2.540900536710965607, 4.000000000000000000, 0.6703702798221691239 ) ) ;
#5686 = DIRECTION ( 'NONE',  ( -0.0000000000000000000, -0.0000000000000000000, -1.000000000000000000 ) ) ;
#5687 = ORIENTED_EDGE ( 'NONE', *, *, #2049, .T. ) ;
#5688 = MECHANICAL_DESIGN_GEOMETRIC_PRESENTATION_REPRESENTATION (  '', ( #5359 ), #2036 ) ;
#5689 = VECTOR ( 'NONE', #3164, 1000.000000000000000 ) ;
#5690 = VERTEX_POINT ( 'NONE', #1090 ) ;
#5691 =( NAMED_UNIT ( * ) SI_UNIT ( $, .STERADIAN. ) SOLID_ANGLE_UNIT ( ) );
#5692 =( NAMED_UNIT ( * ) SI_UNIT ( $, .STERADIAN. ) SOLID_ANGLE_UNIT ( ) );
#5694 = PLANE ( 'NONE',  #636 ) ;
#5693 = DIRECTION ( 'NONE',  ( -0.2729786930695067282, 0.0000000000000000000, 0.9620200793798765471 ) ) ;
#5695 = ORIENTED_EDGE ( 'NONE', *, *, #5498, .T. ) ;
#5696 = ORIENTED_EDGE ( 'NONE', *, *, #3527, .F. ) ;
#5697 = VERTEX_POINT ( 'NONE', #1116 ) ;
#5698 =( GEOMETRIC_REPRESENTATION_CONTEXT ( 3 ) GLOBAL_UNCERTAINTY_ASSIGNED_CONTEXT ( ( #5292 ) ) GLOBAL_UNIT_ASSIGNED_CONTEXT ( ( #5654, #3831, #2936 ) ) REPRESENTATION_CONTEXT ( 'NONE', 'WORKASPACE' ) );
#5700 = DIRECTION ( 'NONE',  ( -0.0000000000000000000, 0.0000000000000000000, -1.000000000000000000 ) ) ;
#5699 = DIRECTION ( 'NONE',  ( -0.0000000000000000000, -1.000000000000000000, -2.319149032054553916E-16 ) ) ;
#5701 = ORIENTED_EDGE ( 'NONE', *, *, #2606, .F. ) ;
#5702 = EDGE_CURVE ( 'NONE', #717, #3649, #2682, .T. ) ;
#5703 = CARTESIAN_POINT ( 'NONE',  ( -0.7853983497317067464, 4.000499999999999723, 0.4152935750536601023 ) ) ;
#5704 = LINE ( 'NONE', #2962, #2177 ) ;
#5705 = FACE_OUTER_BOUND ( 'NONE', #5028, .T. ) ;
#5706 = ORIENTED_EDGE ( 'NONE', *, *, #3269, .T. ) ;
#5707 = CYLINDRICAL_SURFACE ( 'NONE', #3427, 1.499999999999999778 ) ;
#5708 = CARTESIAN_POINT ( 'NONE',  ( 2.599690068830199596, 4.000499999999999723, -0.4114982032762767861 ) ) ;
#5709 = FILL_AREA_STYLE ('',( #1875 ) ) ;
#5710 = ORIENTED_EDGE ( 'NONE', *, *, #158, .T. ) ;
#5711 = MECHANICAL_DESIGN_GEOMETRIC_PRESENTATION_REPRESENTATION (  '', ( #318 ), #3553 ) ;
#5712 = DIRECTION ( 'NONE',  ( -9.390727478220907155E-16, 0.0000000000000000000, -1.000000000000000000 ) ) ;
#5713 = ORIENTED_EDGE ( 'NONE', *, *, #1486, .F. ) ;
#5714 = DIRECTION ( 'NONE',  ( 0.2762437428917342563, 0.0000000000000000000, -0.9610876102172816182 ) ) ;
#5715 = DIRECTION ( 'NONE',  ( 1.000000000000000000, 0.0000000000000000000, 0.0000000000000000000 ) ) ;
#5716 = ORIENTED_EDGE ( 'NONE', *, *, #4558, .F. ) ;
#5717 = LINE ( 'NONE', #3732, #2185 ) ;
#5718 = DIRECTION ( 'NONE',  ( 0.0000000000000000000, -0.0000000000000000000, 1.000000000000000000 ) ) ;
#5719 = UNCERTAINTY_MEASURE_WITH_UNIT (LENGTH_MEASURE( 1.000000000000000082E-05 ), #2915, 'distance_accuracy_value', 'NONE');
#5721 = DIRECTION ( 'NONE',  ( -2.620428211445327965E-16, -1.000000000000000000, 0.0000000000000000000 ) ) ;
#5720 = DIRECTION ( 'NONE',  ( 0.4668459304955212552, 0.0000000000000000000, -0.8843386665637610333 ) ) ;
#5722 = EDGE_CURVE ( 'NONE', #4845, #4779, #3581, .T. ) ;
#5723 = LINE ( 'NONE', #434, #6039 ) ;
#5724 = MECHANICAL_DESIGN_GEOMETRIC_PRESENTATION_REPRESENTATION (  '', ( #4108 ), #4741 ) ;
#5725 = CARTESIAN_POINT ( 'NONE',  ( -5.550000000000002487, 3.010000000000000231, -1.750000000000196954 ) ) ;
#5726 = PRESENTATION_LAYER_ASSIGNMENT (  '', '', ( #83 ) ) ;
#5728 = CARTESIAN_POINT ( 'NONE',  ( -3.550000000000002487, 2.989999999999999769, 3.299999999999999822 ) ) ;
#5727 = DIRECTION ( 'NONE',  ( 1.000000000000000000, 8.182148361827086404E-16, 1.897562145345804186E-31 ) ) ;
#5730 = CARTESIAN_POINT ( 'NONE',  ( 1.109172968781252600, 4.000499999999999723, -0.6703702798222106463 ) ) ;
#5729 = CARTESIAN_POINT ( 'NONE',  ( -5.100000000000000533, 0.2000000000000000944, 5.051998571447399833 ) ) ;
#5731 = SURFACE_STYLE_FILL_AREA ( #4237 ) ;
#5732 = VECTOR ( 'NONE', #3995, 1000.000000000000000 ) ;
#5733 = LINE ( 'NONE', #3334, #1908 ) ;
#5734 = CARTESIAN_POINT ( 'NONE',  ( -5.290000000000003588, 4.000000000000000888, 2.050000000001217515 ) ) ;
#5735 = DIRECTION ( 'NONE',  ( 8.534099554957060233E-17, 0.02617694830787321153, 0.9996573249755573709 ) ) ;
#5736 = CARTESIAN_POINT ( 'NONE',  ( -5.051998571447401609, 0.1999999999999998168, 4.430828269187575330 ) ) ;
#5737 = VECTOR ( 'NONE', #352, 1000.000000000000000 ) ;
#5738 =( NAMED_UNIT ( * ) SI_UNIT ( $, .STERADIAN. ) SOLID_ANGLE_UNIT ( ) );
#5740 = SURFACE_SIDE_STYLE ('',( #5004 ) ) ;
#5739 =( LENGTH_UNIT ( ) NAMED_UNIT ( * ) SI_UNIT ( .MILLI., .METRE. ) );
#5741 = PRESENTATION_LAYER_ASSIGNMENT (  '', '', ( #4757 ) ) ;
#5742 = VECTOR ( 'NONE', #5487, 1000.000000000000000 ) ;
#5743 = MECHANICAL_DESIGN_GEOMETRIC_PRESENTATION_REPRESENTATION (  '', ( #1436 ), #647 ) ;
#5744 = DIRECTION ( 'NONE',  ( 0.01744974916068271764, -0.9996954598818874604, -0.01744974916068272111 ) ) ;
#5745 = EDGE_CURVE ( 'NONE', #4926, #3347, #1421, .T. ) ;
#5746 = PRESENTATION_STYLE_ASSIGNMENT (( #2279 ) ) ;
#5748 = SURFACE_SIDE_STYLE ('',( #305 ) ) ;
#5747 = DIRECTION ( 'NONE',  ( 0.0000000000000000000, 0.0000000000000000000, 1.000000000000000000 ) ) ;
#5749 = FACE_OUTER_BOUND ( 'NONE', #5935, .T. ) ;
#5750 = CARTESIAN_POINT ( 'NONE',  ( 3.550000000000002487, 2.989999999999999769, -2.050000000001217515 ) ) ;
#5751 = AXIS2_PLACEMENT_3D ( 'NONE', #1242, #3605, #5123 ) ;
#5752 = LINE ( 'NONE', #3291, #3393 ) ;
#5753 = VERTEX_POINT ( 'NONE', #1613 ) ;
#5754 = ORIENTED_EDGE ( 'NONE', *, *, #4179, .T. ) ;
#5755 = EDGE_CURVE ( 'NONE', #3633, #4487, #2031, .T. ) ;
#5756 = COLOUR_RGB ( '',1.000000000000000000, 1.000000000000000000, 1.000000000000000000 ) ;
#5757 = DIRECTION ( 'NONE',  ( -9.825582188149883933E-17, -1.000000000000000000, 0.0000000000000000000 ) ) ;
#5758 = UNCERTAINTY_MEASURE_WITH_UNIT (LENGTH_MEASURE( 1.000000000000000082E-05 ), #842, 'distance_accuracy_value', 'NONE');
#5759 = DIRECTION ( 'NONE',  ( 1.039309029690213757E-32, -1.057758217058801441E-16, 1.000000000000000000 ) ) ;
#5760 = EDGE_LOOP ( 'NONE', ( #301, #6159, #170, #3977 ) ) ;
#5761 = EDGE_CURVE ( 'NONE', #871, #1713, #3824, .T. ) ;
#5762 = VECTOR ( 'NONE', #5959, 1000.000000000000000 ) ;
#5764 = DIRECTION ( 'NONE',  ( -1.000000000000000000, 0.0000000000000000000, 0.0000000000000000000 ) ) ;
#5763 = FILL_AREA_STYLE_COLOUR ( '', #4399 ) ;
#5765 = LINE ( 'NONE', #5834, #4616 ) ;
#5766 = DIRECTION ( 'NONE',  ( -1.142822720357821354E-14, 0.0000000000000000000, -1.000000000000000000 ) ) ;
#5767 = EDGE_LOOP ( 'NONE', ( #4684, #5543, #874, #4497, #2497, #2077, #1947, #2217 ) ) ;
#5768 = VECTOR ( 'NONE', #3470, 1000.000000000000227 ) ;
#5769 = ORIENTED_EDGE ( 'NONE', *, *, #5502, .F. ) ;
#5770 = CARTESIAN_POINT ( 'NONE',  ( 5.078952563137234755, 2.990000000000000213, 2.050000000000439915 ) ) ;
#5771 = LINE ( 'NONE', #3259, #5389 ) ;
#5772 = CARTESIAN_POINT ( 'NONE',  ( -3.423012609376366200, 4.000499999999999723, 0.6703702798221691239 ) ) ;
#5773 = EDGE_LOOP ( 'NONE', ( #5265, #1014, #1103, #3512, #1147, #226, #2033, #466, #1182, #2106 ) ) ;
#5774 = ORIENTED_EDGE ( 'NONE', *, *, #2281, .T. ) ;
#5775 = PRESENTATION_LAYER_ASSIGNMENT (  '', '', ( #4909 ) ) ;
#5776 = VERTEX_POINT ( 'NONE', #2971 ) ;
#5777 = LINE ( 'NONE', #383, #478 ) ;
#5778 = LINE ( 'NONE', #3191, #1647 ) ;
#5779 = COLOUR_RGB ( '',0.0000000000000000000, 0.0000000000000000000, 0.0000000000000000000 ) ;
#5780 = ORIENTED_EDGE ( 'NONE', *, *, #1447, .F. ) ;
#5781 = ORIENTED_EDGE ( 'NONE', *, *, #6203, .F. ) ;
#5782 = DIRECTION ( 'NONE',  ( 2.620428211445328459E-16, 1.000000000000000000, 0.0000000000000000000 ) ) ;
#5783 = VERTEX_POINT ( 'NONE', #5970 ) ;
#5784 = STYLED_ITEM ( 'NONE', ( #5983 ), #494 ) ;
#5785 = AXIS2_PLACEMENT_3D ( 'NONE', #1877, #442, #4247 ) ;
#5786 = ORIENTED_EDGE ( 'NONE', *, *, #4985, .F. ) ;
#5787 = LINE ( 'NONE', #505, #4870 ) ;
#5788 = SURFACE_SIDE_STYLE ('',( #2114 ) ) ;
#5789 = VECTOR ( 'NONE', #2944, 1000.000000000000000 ) ;
#5790 = ORIENTED_EDGE ( 'NONE', *, *, #5964, .T. ) ;
#5791 = ORIENTED_EDGE ( 'NONE', *, *, #6013, .F. ) ;
#5792 = CARTESIAN_POINT ( 'NONE',  ( -1.528630799032689280, 4.000499999999999723, 0.4152935750536601023 ) ) ;
#5793 = ORIENTED_EDGE ( 'NONE', *, *, #1520, .F. ) ;
#5794 = SURFACE_STYLE_USAGE ( .BOTH. , #4341 ) ;
#5795 = ORIENTED_EDGE ( 'NONE', *, *, #781, .T. ) ;
#5796 = SURFACE_STYLE_FILL_AREA ( #1428 ) ;
#5797 = PRESENTATION_LAYER_ASSIGNMENT (  '', '', ( #1023 ) ) ;
#5798 = VERTEX_POINT ( 'NONE', #5399 ) ;
#5799 = CARTESIAN_POINT ( 'NONE',  ( 5.072144223529247320, 3.250000000000000000, 2.050000000000439915 ) ) ;
#5800 = CARTESIAN_POINT ( 'NONE',  ( 0.09763589896193636264, 4.000000000000000000, -0.6703702798221968795 ) ) ;
#5801 = FACE_OUTER_BOUND ( 'NONE', #4609, .T. ) ;
#5802 = EDGE_CURVE ( 'NONE', #2318, #4682, #4413, .T. ) ;
#5803 = DIRECTION ( 'NONE',  ( 0.0000000000000000000, -1.000000000000000000, 0.0000000000000000000 ) ) ;
#5804 = DIRECTION ( 'NONE',  ( 0.0000000000000000000, -0.8240419241993678368, 0.5665288228870649645 ) ) ;
#5805 = CIRCLE ( 'NONE', #6118, 0.2599999999999997868 ) ;
#5806 = UNCERTAINTY_MEASURE_WITH_UNIT (LENGTH_MEASURE( 1.000000000000000082E-05 ), #4072, 'distance_accuracy_value', 'NONE');
#5807 = DIRECTION ( 'NONE',  ( 0.0000000000000000000, 2.409338161079554329E-15, -1.000000000000000000 ) ) ;
#5808 = DIRECTION ( 'NONE',  ( -0.0000000000000000000, -1.000000000000000000, 0.0000000000000000000 ) ) ;
#5809 = SURFACE_SIDE_STYLE ('',( #2584 ) ) ;
#5810 = COLOUR_RGB ( '',0.0000000000000000000, 0.0000000000000000000, 0.0000000000000000000 ) ;
#5811 =( LENGTH_UNIT ( ) NAMED_UNIT ( * ) SI_UNIT ( .MILLI., .METRE. ) );
#5812 = EDGE_CURVE ( 'NONE', #802, #5945, #6102, .T. ) ;
#5813 = STYLED_ITEM ( 'NONE', ( #2477 ), #1575 ) ;
#5814 = DIRECTION ( 'NONE',  ( -0.0000000000000000000, 0.5665288228870649645, 0.8240419241993678368 ) ) ;
#5815 = SURFACE_STYLE_FILL_AREA ( #4983 ) ;
#5816 = CARTESIAN_POINT ( 'NONE',  ( 0.7274180871905749912, 4.000000000000000000, -0.5290038919167755482 ) ) ;
#5817 = VECTOR ( 'NONE', #6023, 1000.000000000000000 ) ;
#5818 = CARTESIAN_POINT ( 'NONE',  ( 2.670566904199616509, 4.000000000000000000, 0.6703702798221320425 ) ) ;
#5819 = ADVANCED_FACE ( 'NONE', ( #5099 ), #4959, .T. ) ;
#5820 = FILL_AREA_STYLE_COLOUR ( '', #1614 ) ;
#5821 = VECTOR ( 'NONE', #3378, 1000.000000000000000 ) ;
#5822 = SURFACE_STYLE_FILL_AREA ( #5350 ) ;
#5823 = PLANE ( 'NONE',  #1753 ) ;
#5824 = CARTESIAN_POINT ( 'NONE',  ( -5.052504782352353452, 4.000000000000000000, 4.452221387082075488 ) ) ;
#5825 = EDGE_CURVE ( 'NONE', #1241, #628, #2526, .T. ) ;
#5826 = MECHANICAL_DESIGN_GEOMETRIC_PRESENTATION_REPRESENTATION (  '', ( #2553 ), #6160 ) ;
#5827 = ORIENTED_EDGE ( 'NONE', *, *, #5507, .T. ) ;
#5828 =( NAMED_UNIT ( * ) PLANE_ANGLE_UNIT ( ) SI_UNIT ( $, .RADIAN. ) );
#5829 = PRESENTATION_STYLE_ASSIGNMENT (( #1970 ) ) ;
#5830 = PRESENTATION_STYLE_ASSIGNMENT (( #3770 ) ) ;
#5831 = EDGE_CURVE ( 'NONE', #5697, #5798, #5477, .T. ) ;
#5832 = LINE ( 'NONE', #1736, #452 ) ;
#5833 = ORIENTED_EDGE ( 'NONE', *, *, #2783, .T. ) ;
#5835 = CARTESIAN_POINT ( 'NONE',  ( -3.041767311539077312, 4.000000000000000000, 0.6703702798221691239 ) ) ;
#5834 = CARTESIAN_POINT ( 'NONE',  ( -5.072144223529244655, 3.250000000000000000, -5.079999999999998295 ) ) ;
#5836 = EDGE_CURVE ( 'NONE', #218, #2609, #4733, .T. ) ;
#5837 = PRESENTATION_STYLE_ASSIGNMENT (( #2735 ) ) ;
#5838 = MECHANICAL_DESIGN_GEOMETRIC_PRESENTATION_REPRESENTATION (  '', ( #2706 ), #1974 ) ;
#5839 = VERTEX_POINT ( 'NONE', #2552 ) ;
#5840 = UNCERTAINTY_MEASURE_WITH_UNIT (LENGTH_MEASURE( 1.000000000000000082E-05 ), #779, 'distance_accuracy_value', 'NONE');
#5841 = LINE ( 'NONE', #4716, #3871 ) ;
#5842 = PRESENTATION_STYLE_ASSIGNMENT (( #1453 ) ) ;
#5843 = EDGE_CURVE ( 'NONE', #4178, #3022, #1572, .T. ) ;
#5844 = COLOUR_RGB ( '',0.0000000000000000000, 0.0000000000000000000, 0.0000000000000000000 ) ;
#5845 =( NAMED_UNIT ( * ) PLANE_ANGLE_UNIT ( ) SI_UNIT ( $, .RADIAN. ) );
#5846 =( LENGTH_UNIT ( ) NAMED_UNIT ( * ) SI_UNIT ( .MILLI., .METRE. ) );
#5847 = EDGE_CURVE ( 'NONE', #5089, #1399, #6246, .T. ) ;
#5848 = ORIENTED_EDGE ( 'NONE', *, *, #5960, .F. ) ;
#5849 = DIRECTION ( 'NONE',  ( 1.000000000000000000, -0.0000000000000000000, -0.0000000000000000000 ) ) ;
#5850 = CARTESIAN_POINT ( 'NONE',  ( -5.550000000000002487, 2.360000000000001208, -3.300000000000001599 ) ) ;
#5851 = DIRECTION ( 'NONE',  ( -1.000000000000000000, 0.0000000000000000000, 0.0000000000000000000 ) ) ;
#5852 = PRESENTATION_LAYER_ASSIGNMENT (  '', '', ( #4108 ) ) ;
#5853 = ORIENTED_EDGE ( 'NONE', *, *, #2315, .T. ) ;
#5854 = LINE ( 'NONE', #576, #3104 ) ;
#5855 = ORIENTED_EDGE ( 'NONE', *, *, #708, .T. ) ;
#5856 = EDGE_LOOP ( 'NONE', ( #5240, #253, #3329, #370, #2317, #4322 ) ) ;
#5857 = ADVANCED_FACE ( 'NONE', ( #4941 ), #675, .F. ) ;
#5858 = ORIENTED_EDGE ( 'NONE', *, *, #4252, .F. ) ;
#5859 =( NAMED_UNIT ( * ) PLANE_ANGLE_UNIT ( ) SI_UNIT ( $, .RADIAN. ) );
#5860 =( GEOMETRIC_REPRESENTATION_CONTEXT ( 3 ) GLOBAL_UNCERTAINTY_ASSIGNED_CONTEXT ( ( #5840 ) ) GLOBAL_UNIT_ASSIGNED_CONTEXT ( ( #779, #3639, #3118 ) ) REPRESENTATION_CONTEXT ( 'NONE', 'WORKASPACE' ) );
#5861 = MECHANICAL_DESIGN_GEOMETRIC_PRESENTATION_REPRESENTATION (  '', ( #2409 ), #6190 ) ;
#5862 = ORIENTED_EDGE ( 'NONE', *, *, #3229, .T. ) ;
#5863 = ORIENTED_EDGE ( 'NONE', *, *, #278, .F. ) ;
#5864 = ORIENTED_EDGE ( 'NONE', *, *, #2434, .F. ) ;
#5865 = VERTEX_POINT ( 'NONE', #1688 ) ;
#5866 = VECTOR ( 'NONE', #1151, 1000.000000000000000 ) ;
#5867 = ORIENTED_EDGE ( 'NONE', *, *, #568, .F. ) ;
#5868 = PRESENTATION_LAYER_ASSIGNMENT (  '', '', ( #552 ) ) ;
#5869 = STYLED_ITEM ( 'NONE', ( #5411 ), #2702 ) ;
#5870 =( LENGTH_UNIT ( ) NAMED_UNIT ( * ) SI_UNIT ( .MILLI., .METRE. ) );
#5871 = PLANE ( 'NONE',  #1445 ) ;
#5872 = UNCERTAINTY_MEASURE_WITH_UNIT (LENGTH_MEASURE( 1.000000000000000082E-05 ), #2813, 'distance_accuracy_value', 'NONE');
#5873 = VECTOR ( 'NONE', #724, 1000.000000000000114 ) ;
#5874 = AXIS2_PLACEMENT_3D ( 'NONE', #5875, #3432, #3868 ) ;
#5875 = CARTESIAN_POINT ( 'NONE',  ( -5.550000000000002487, 3.250000000000000000, 2.050000000000439915 ) ) ;
#5876 = DIRECTION ( 'NONE',  ( -0.9610992334305200613, 0.0000000000000000000, -0.2762033010289102752 ) ) ;
#5877 = EDGE_CURVE ( 'NONE', #4635, #2736, #5325, .T. ) ;
#5878 = DIRECTION ( 'NONE',  ( 0.9610348236706651726, 0.0000000000000000000, 0.2764273280489709661 ) ) ;
#5879 = ADVANCED_FACE ( 'NONE', ( #2887 ), #3596, .F. ) ;
#5881 = FILL_AREA_STYLE_COLOUR ( '', #1500 ) ;
#5880 =( LENGTH_UNIT ( ) NAMED_UNIT ( * ) SI_UNIT ( .MILLI., .METRE. ) );
#5882 = DIRECTION ( 'NONE',  ( 1.000000000000000000, 0.0000000000000000000, 0.0000000000000000000 ) ) ;
#5883 = SURFACE_STYLE_FILL_AREA ( #3540 ) ;
#5884 = FACE_OUTER_BOUND ( 'NONE', #5180, .T. ) ;
#5885 = CARTESIAN_POINT ( 'NONE',  ( -5.080000000000000071, 2.950000000000000178, -3.630496878785441250 ) ) ;
#5886 =( NAMED_UNIT ( * ) PLANE_ANGLE_UNIT ( ) SI_UNIT ( $, .RADIAN. ) );
#5887 = MECHANICAL_DESIGN_GEOMETRIC_PRESENTATION_REPRESENTATION (  '', ( #2535 ), #3950 ) ;
#5889 = CARTESIAN_POINT ( 'NONE',  ( -5.080992566686307832, 2.912095407500383981, -3.631489445471748123 ) ) ;
#5888 = CARTESIAN_POINT ( 'NONE',  ( -5.290000000000001812, 3.250000000000000000, 3.299999999999999822 ) ) ;
#5890 = LINE ( 'NONE', #6027, #524 ) ;
#5892 = DIRECTION ( 'NONE',  ( -1.000000000000000000, 0.0000000000000000000, 3.414809992080330502E-16 ) ) ;
#5891 = DIRECTION ( 'NONE',  ( 0.0000000000000000000, -0.8240419241993677257, -0.5665288228870651865 ) ) ;
#5893 = STYLED_ITEM ( 'NONE', ( #2201 ), #4857 ) ;
#5894 = LINE ( 'NONE', #4901, #3855 ) ;
#5895 = DIRECTION ( 'NONE',  ( 1.484548110090179550E-16, 0.5665288228870651865, -0.8240419241993677257 ) ) ;
#5896 = VECTOR ( 'NONE', #2564, 1000.000000000000000 ) ;
#5898 = CARTESIAN_POINT ( 'NONE',  ( 1.898023259321394152, 4.000000000000000000, 0.6703702798221414794 ) ) ;
#5897 = DIRECTION ( 'NONE',  ( 1.000000000000000000, 0.0000000000000000000, 0.0000000000000000000 ) ) ;
#5899 = ORIENTED_EDGE ( 'NONE', *, *, #699, .F. ) ;
#5900 = PLANE ( 'NONE',  #3241 ) ;
#5901 = CARTESIAN_POINT ( 'NONE',  ( -2.434711660160700397, 4.000499999999999723, -0.05761545578489554731 ) ) ;
#5902 =( GEOMETRIC_REPRESENTATION_CONTEXT ( 3 ) GLOBAL_UNCERTAINTY_ASSIGNED_CONTEXT ( ( #2278 ) ) GLOBAL_UNIT_ASSIGNED_CONTEXT ( ( #5093, #4060, #3601 ) ) REPRESENTATION_CONTEXT ( 'NONE', 'WORKASPACE' ) );
#5903 = COLOUR_RGB ( '',1.000000000000000000, 1.000000000000000000, 1.000000000000000000 ) ;
#5904 = CARTESIAN_POINT ( 'NONE',  ( 2.288640802829406962, 4.000499999999999723, 0.6703702798221368164 ) ) ;
#5905 = VERTEX_POINT ( 'NONE', #777 ) ;
#5906 = EDGE_CURVE ( 'NONE', #2812, #4423, #6078, .T. ) ;
#5907 = ADVANCED_FACE ( 'NONE', ( #5396 ), #3137, .T. ) ;
#5908 = COLOUR_RGB ( '',1.000000000000000000, 1.000000000000000000, 1.000000000000000000 ) ;
#5909 = VERTEX_POINT ( 'NONE', #2649 ) ;
#5910 = UNCERTAINTY_MEASURE_WITH_UNIT (LENGTH_MEASURE( 1.000000000000000082E-05 ), #666, 'distance_accuracy_value', 'NONE');
#5912 = DIRECTION ( 'NONE',  ( 1.000000000000000000, 0.0000000000000000000, 0.0000000000000000000 ) ) ;
#5911 = CARTESIAN_POINT ( 'NONE',  ( -0.7853983497317067464, 4.000000000000000000, 0.4152935750536601023 ) ) ;
#5914 =( NAMED_UNIT ( * ) SI_UNIT ( $, .STERADIAN. ) SOLID_ANGLE_UNIT ( ) );
#5913 = CARTESIAN_POINT ( 'NONE',  ( -2.250038896963176160, 4.000499999999999723, -0.6703702798220952941 ) ) ;
#5915 = VECTOR ( 'NONE', #36, 1000.000000000000000 ) ;
#5916 = VECTOR ( 'NONE', #3547, 1000.000000000000000 ) ;
#5917 = LINE ( 'NONE', #5160, #5164 ) ;
#5918 = VERTEX_POINT ( 'NONE', #6043 ) ;
#5919 = EDGE_LOOP ( 'NONE', ( #3284, #1873, #3883, #1960 ) ) ;
#5920 =( LENGTH_UNIT ( ) NAMED_UNIT ( * ) SI_UNIT ( .MILLI., .METRE. ) );
#5921 = ORIENTED_EDGE ( 'NONE', *, *, #2315, .F. ) ;
#5922 =( LENGTH_UNIT ( ) NAMED_UNIT ( * ) SI_UNIT ( .MILLI., .METRE. ) );
#5923 = EDGE_CURVE ( 'NONE', #5159, #947, #3242, .T. ) ;
#5924 = CARTESIAN_POINT ( 'NONE',  ( -2.899999999999999023, 0.1999999999999998723, -5.051998571447400721 ) ) ;
#5925 = ORIENTED_EDGE ( 'NONE', *, *, #907, .T. ) ;
#5926 = VERTEX_POINT ( 'NONE', #753 ) ;
#5927 = SURFACE_STYLE_USAGE ( .BOTH. , #5461 ) ;
#5928 = ORIENTED_EDGE ( 'NONE', *, *, #3093, .T. ) ;
#5929 = FILL_AREA_STYLE_COLOUR ( '', #1726 ) ;
#5930 =( NAMED_UNIT ( * ) SI_UNIT ( $, .STERADIAN. ) SOLID_ANGLE_UNIT ( ) );
#5931 = MECHANICAL_DESIGN_GEOMETRIC_PRESENTATION_REPRESENTATION (  '', ( #6143 ), #2257 ) ;
#5932 = EDGE_LOOP ( 'NONE', ( #1034, #521, #486, #4187, #5082, #3422 ) ) ;
#5933 = VECTOR ( 'NONE', #3012, 1000.000000000000114 ) ;
#5934 = LINE ( 'NONE', #3000, #6259 ) ;
#5935 = EDGE_LOOP ( 'NONE', ( #6034, #5591, #5368, #2375, #6103, #5480, #2750 ) ) ;
#5936 = ORIENTED_EDGE ( 'NONE', *, *, #1649, .F. ) ;
#5937 = DIRECTION ( 'NONE',  ( -0.01744974916068271764, 0.9996954598818874604, -0.01744974916068271417 ) ) ;
#5938 = VERTEX_POINT ( 'NONE', #2634 ) ;
#5939 = DIRECTION ( 'NONE',  ( 1.000000000000000000, 0.0000000000000000000, 0.0000000000000000000 ) ) ;
#5940 = DIRECTION ( 'NONE',  ( 1.000000000000000000, 0.0000000000000000000, 0.0000000000000000000 ) ) ;
#5941 = MECHANICAL_DESIGN_GEOMETRIC_PRESENTATION_REPRESENTATION (  '', ( #5209 ), #5860 ) ;
#5942 = ORIENTED_EDGE ( 'NONE', *, *, #6182, .T. ) ;
#5943 = COLOUR_RGB ( '',1.000000000000000000, 1.000000000000000000, 1.000000000000000000 ) ;
#5944 = ADVANCED_FACE ( 'NONE', ( #601 ), #4128, .T. ) ;
#5945 = VERTEX_POINT ( 'NONE', #231 ) ;
#5947 = CARTESIAN_POINT ( 'NONE',  ( 5.290000000000001812, 3.010000000000000231, -1.750000000000196954 ) ) ;
#5946 = DIRECTION ( 'NONE',  ( 2.620428211445328459E-16, -1.000000000000000000, -2.319149032054553916E-16 ) ) ;
#5948 = STYLED_ITEM ( 'NONE', ( #254 ), #5587 ) ;
#5949 =( GEOMETRIC_REPRESENTATION_CONTEXT ( 3 ) GLOBAL_UNCERTAINTY_ASSIGNED_CONTEXT ( ( #2354 ) ) GLOBAL_UNIT_ASSIGNED_CONTEXT ( ( #3903, #6304, #2865 ) ) REPRESENTATION_CONTEXT ( 'NONE', 'WORKASPACE' ) );
#5950 = DIRECTION ( 'NONE',  ( 0.9999999968487351953, 0.0000000000000000000, 7.938847109787028767E-05 ) ) ;
#5951 = CARTESIAN_POINT ( 'NONE',  ( 2.080494624278306226, 4.000499999999999723, -0.1657448231678102513 ) ) ;
#5952 = UNCERTAINTY_MEASURE_WITH_UNIT (LENGTH_MEASURE( 1.000000000000000082E-05 ), #5273, 'distance_accuracy_value', 'NONE');
#5953 = DIRECTION ( 'NONE',  ( 0.2755265765475183870, 0.0000000000000000000, -0.9612934544747531174 ) ) ;
#5954 = FACE_OUTER_BOUND ( 'NONE', #3488, .T. ) ;
#5955 = CARTESIAN_POINT ( 'NONE',  ( -1.362971585749472636, 4.000499999999999723, -0.1657896664456280922 ) ) ;
#5956 = DIRECTION ( 'NONE',  ( 0.0000000000000000000, 2.258754526011465763E-16, -1.000000000000000000 ) ) ;
#5957 = EDGE_CURVE ( 'NONE', #3723, #4453, #5832, .T. ) ;
#5958 = VECTOR ( 'NONE', #4796, 1000.000000000000000 ) ;
#5959 = DIRECTION ( 'NONE',  ( -2.620428211445327965E-16, -1.000000000000000000, 0.0000000000000000000 ) ) ;
#5960 = EDGE_CURVE ( 'NONE', #412, #3932, #841, .T. ) ;
#5961 =( LENGTH_UNIT ( ) NAMED_UNIT ( * ) SI_UNIT ( .MILLI., .METRE. ) );
#5962 = LINE ( 'NONE', #3817, #2125 ) ;
#5963 = VECTOR ( 'NONE', #3535, 1000.000000000000114 ) ;
#5964 = EDGE_CURVE ( 'NONE', #1199, #1722, #61, .T. ) ;
#5965 = FILL_AREA_STYLE ('',( #5431 ) ) ;
#5967 =( NAMED_UNIT ( * ) PLANE_ANGLE_UNIT ( ) SI_UNIT ( $, .RADIAN. ) );
#5966 = CARTESIAN_POINT ( 'NONE',  ( 5.099999999999996092, 2.950000000000000178, -5.100000000000002309 ) ) ;
#5968 = LINE ( 'NONE', #3762, #830 ) ;
#5969 = DIRECTION ( 'NONE',  ( 0.0000000000000000000, 1.000000000000000000, 1.057758217058801317E-16 ) ) ;
#5970 = CARTESIAN_POINT ( 'NONE',  ( -0.6795519127347473542, 4.000000000000000000, -0.4151671985522872865 ) ) ;
#5971 = DIRECTION ( 'NONE',  ( -0.0000000000000000000, -0.0000000000000000000, 1.000000000000000000 ) ) ;
#5972 = FACE_OUTER_BOUND ( 'NONE', #3004, .T. ) ;
#5973 =( GEOMETRIC_REPRESENTATION_CONTEXT ( 3 ) GLOBAL_UNCERTAINTY_ASSIGNED_CONTEXT ( ( #1560 ) ) GLOBAL_UNIT_ASSIGNED_CONTEXT ( ( #5085, #3152, #2186 ) ) REPRESENTATION_CONTEXT ( 'NONE', 'WORKASPACE' ) );
#5974 = ADVANCED_FACE ( 'NONE', ( #4529 ), #2752, .T. ) ;
#5975 = STYLED_ITEM ( 'NONE', ( #3311 ), #549 ) ;
#5976 = CARTESIAN_POINT ( 'NONE',  ( 1.505122785420938358, 4.000499999999999723, -0.1657448231678102513 ) ) ;
#5978 =( NAMED_UNIT ( * ) PLANE_ANGLE_UNIT ( ) SI_UNIT ( $, .RADIAN. ) );
#5977 = DIRECTION ( 'NONE',  ( 0.0000000000000000000, -1.000000000000000000, -2.319149032054553916E-16 ) ) ;
#5979 = ORIENTED_EDGE ( 'NONE', *, *, #3642, .T. ) ;
#5980 =( NAMED_UNIT ( * ) PLANE_ANGLE_UNIT ( ) SI_UNIT ( $, .RADIAN. ) );
#5981 = VECTOR ( 'NONE', #1344, 1000.000000000000114 ) ;
#5982 = VECTOR ( 'NONE', #2364, 1000.000000000000000 ) ;
#5983 = PRESENTATION_STYLE_ASSIGNMENT (( #6294 ) ) ;
#5984 = ORIENTED_EDGE ( 'NONE', *, *, #4331, .F. ) ;
#5985 = PRESENTATION_LAYER_ASSIGNMENT (  '', '', ( #5648 ) ) ;
#5986 = ORIENTED_EDGE ( 'NONE', *, *, #2475, .F. ) ;
#5987 =( NAMED_UNIT ( * ) SI_UNIT ( $, .STERADIAN. ) SOLID_ANGLE_UNIT ( ) );
#5988 = FACE_OUTER_BOUND ( 'NONE', #42, .T. ) ;
#5989 = EDGE_CURVE ( 'NONE', #3095, #4350, #2051, .T. ) ;
#5990 = ADVANCED_BREP_SHAPE_REPRESENTATION ( 'MPX1D1040(4_7)(KEMET)', ( #5335, #4461 ), #4031 ) ;
#5991 =( NAMED_UNIT ( * ) PLANE_ANGLE_UNIT ( ) SI_UNIT ( $, .RADIAN. ) );
#5992 = PRESENTATION_STYLE_ASSIGNMENT (( #4221 ) ) ;
#5993 = VECTOR ( 'NONE', #2087, 1000.000000000000000 ) ;
#5994 = EDGE_LOOP ( 'NONE', ( #5236, #4954, #5716, #3716 ) ) ;
#5995 = CARTESIAN_POINT ( 'NONE',  ( -5.550000000000002487, 3.100000000000000533, 2.050000000000439915 ) ) ;
#5996 = FILL_AREA_STYLE ('',( #673 ) ) ;
#5997 =( NAMED_UNIT ( * ) PLANE_ANGLE_UNIT ( ) SI_UNIT ( $, .RADIAN. ) );
#5998 =( GEOMETRIC_REPRESENTATION_CONTEXT ( 3 ) GLOBAL_UNCERTAINTY_ASSIGNED_CONTEXT ( ( #1356 ) ) GLOBAL_UNIT_ASSIGNED_CONTEXT ( ( #1434, #408, #4781 ) ) REPRESENTATION_CONTEXT ( 'NONE', 'WORKASPACE' ) );
#5999 = UNCERTAINTY_MEASURE_WITH_UNIT (LENGTH_MEASURE( 1.000000000000000082E-05 ), #4403, 'distance_accuracy_value', 'NONE');
#6000 =( NAMED_UNIT ( * ) PLANE_ANGLE_UNIT ( ) SI_UNIT ( $, .RADIAN. ) );
#6001 = VECTOR ( 'NONE', #2471, 1000.000000000000000 ) ;
#6002 = EDGE_CURVE ( 'NONE', #2886, #2812, #4375, .T. ) ;
#6003 = ORIENTED_EDGE ( 'NONE', *, *, #4844, .T. ) ;
#6004 = ORIENTED_EDGE ( 'NONE', *, *, #1649, .T. ) ;
#6005 = DIRECTION ( 'NONE',  ( -1.000000000000000000, -0.0000000000000000000, 3.401418580346681312E-16 ) ) ;
#6007 =( NAMED_UNIT ( * ) SI_UNIT ( $, .STERADIAN. ) SOLID_ANGLE_UNIT ( ) );
#6006 = CARTESIAN_POINT ( 'NONE',  ( 0.09763589896193636264, 4.000499999999999723, -0.6703702798221968795 ) ) ;
#6008 = ORIENTED_EDGE ( 'NONE', *, *, #1738, .T. ) ;
#6010 = CARTESIAN_POINT ( 'NONE',  ( 2.670566904199616509, 4.000499999999999723, 0.6703702798221320425 ) ) ;
#6009 = DIRECTION ( 'NONE',  ( 1.000000000000000000, 0.0000000000000000000, 0.0000000000000000000 ) ) ;
#6011 = CIRCLE ( 'NONE', #563, 0.1500000000001500133 ) ;
#6012 = MECHANICAL_DESIGN_GEOMETRIC_PRESENTATION_REPRESENTATION (  '', ( #4251 ), #3275 ) ;
#6013 = EDGE_CURVE ( 'NONE', #3561, #3256, #5146, .T. ) ;
#6014 = EDGE_LOOP ( 'NONE', ( #167, #4470, #4327, #2610, #3398, #4624, #3101 ) ) ;
#6015 = ORIENTED_EDGE ( 'NONE', *, *, #3683, .T. ) ;
#6016 = LINE ( 'NONE', #3558, #323 ) ;
#6017 = FILL_AREA_STYLE ('',( #5534 ) ) ;
#6018 = VECTOR ( 'NONE', #4619, 1000.000000000000000 ) ;
#6019 = DIRECTION ( 'NONE',  ( 0.2732148821745934431, 0.0000000000000000000, -0.9619530280415582446 ) ) ;
#6020 = ORIENTED_EDGE ( 'NONE', *, *, #669, .T. ) ;
#6021 = EDGE_LOOP ( 'NONE', ( #4335, #1470, #1063, #6166, #245, #2756, #4238, #5459, #1474, #4111, #2897 ) ) ;
#6022 = EDGE_CURVE ( 'NONE', #1185, #5918, #3009, .T. ) ;
#6023 = DIRECTION ( 'NONE',  ( -1.000000000000000000, 0.0000000000000000000, 0.0000000000000000000 ) ) ;
#6024 = ORIENTED_EDGE ( 'NONE', *, *, #531, .F. ) ;
#6025 = PRESENTATION_STYLE_ASSIGNMENT (( #4473 ) ) ;
#6026 = ORIENTED_EDGE ( 'NONE', *, *, #3210, .F. ) ;
#6027 = CARTESIAN_POINT ( 'NONE',  ( -5.583016536775468275, 2.346413229420373447, 5.089464353729718837 ) ) ;
#6028 = ORIENTED_EDGE ( 'NONE', *, *, #2271, .F. ) ;
#6029 = ORIENTED_EDGE ( 'NONE', *, *, #5427, .T. ) ;
#6030 = DIRECTION ( 'NONE',  ( 8.502251319554380280E-17, -0.01745240643728354982, 0.9998476951563912696 ) ) ;
#6032 = DIRECTION ( 'NONE',  ( -0.0000000000000000000, 1.000000000000000000, 2.319149032054553916E-16 ) ) ;
#6031 = DIRECTION ( 'NONE',  ( 0.2760118818968555487, 0.0000000000000000000, -0.9611542233438691296 ) ) ;
#6033 = MECHANICAL_DESIGN_GEOMETRIC_PRESENTATION_REPRESENTATION (  '', ( #51 ), #4919 ) ;
#6034 = ORIENTED_EDGE ( 'NONE', *, *, #5429, .F. ) ;
#6035 = PLANE ( 'NONE',  #6207 ) ;
#6037 = CARTESIAN_POINT ( 'NONE',  ( -5.080000000000000071, 2.950000000000000178, -5.079999999999998295 ) ) ;
#6036 = FILL_AREA_STYLE_COLOUR ( '', #413 ) ;
#6038 = UNCERTAINTY_MEASURE_WITH_UNIT (LENGTH_MEASURE( 1.000000000000000082E-05 ), #844, 'distance_accuracy_value', 'NONE');
#6039 = VECTOR ( 'NONE', #5673, 1000.000000000000000 ) ;
#6040 = VECTOR ( 'NONE', #5356, 999.9999999999998863 ) ;
#6041 = DIRECTION ( 'NONE',  ( -0.9237839814038721897, 0.0000000000000000000, 0.3829140317376869551 ) ) ;
#6042 = EDGE_CURVE ( 'NONE', #4099, #4852, #1306, .T. ) ;
#6043 = CARTESIAN_POINT ( 'NONE',  ( 5.078952563137229426, 2.989999999999999769, -3.300000000000000266 ) ) ;
#6044 = COLOUR_RGB ( '',1.000000000000000000, 1.000000000000000000, 1.000000000000000000 ) ;
#6045 = DIRECTION ( 'NONE',  ( 1.000000000000000000, -0.0000000000000000000, -0.0000000000000000000 ) ) ;
#6046 = EDGE_CURVE ( 'NONE', #4404, #3195, #1779, .T. ) ;
#6047 = FACE_BOUND ( 'NONE', #6021, .T. ) ;
#6048 = ADVANCED_FACE ( 'NONE', ( #525 ), #2419, .T. ) ;
#6049 = STYLED_ITEM ( 'NONE', ( #3389 ), #4043 ) ;
#6050 = DIRECTION ( 'NONE',  ( -0.0000000000000000000, -0.0000000000000000000, -1.000000000000000000 ) ) ;
#6051 =( LENGTH_UNIT ( ) NAMED_UNIT ( * ) SI_UNIT ( .MILLI., .METRE. ) );
#6053 = CARTESIAN_POINT ( 'NONE',  ( 5.080000000000003624, 2.950000000000000178, 3.630496878785439030 ) ) ;
#6052 =( NAMED_UNIT ( * ) PLANE_ANGLE_UNIT ( ) SI_UNIT ( $, .RADIAN. ) );
#6054 = LINE ( 'NONE', #4977, #3928 ) ;
#6055 = EDGE_CURVE ( 'NONE', #2760, #4834, #3937, .T. ) ;
#6056 = VECTOR ( 'NONE', #1157, 1000.000000000000000 ) ;
#6057 = CARTESIAN_POINT ( 'NONE',  ( -5.290000000000001812, 3.099999999999975664, -0.1500000000001504852 ) ) ;
#6058 = LINE ( 'NONE', #861, #3306 ) ;
#6060 = SURFACE_SIDE_STYLE ('',( #5484 ) ) ;
#6059 = CARTESIAN_POINT ( 'NONE',  ( 2.650000000000000355, 0.0000000000000000000, 0.0000000000000000000 ) ) ;
#6061 = PRESENTATION_LAYER_ASSIGNMENT (  '', '', ( #1747 ) ) ;
#6062 = LINE ( 'NONE', #5904, #2713 ) ;
#6063 = DIRECTION ( 'NONE',  ( -0.0000000000000000000, 1.000000000000000000, -2.409338161079554329E-15 ) ) ;
#6064 = PRESENTATION_STYLE_ASSIGNMENT (( #3493 ) ) ;
#6065 = VECTOR ( 'NONE', #1405, 1000.000000000000000 ) ;
#6066 = CARTESIAN_POINT ( 'NONE',  ( -3.550000000000003375, -0.05999999999999967859, -2.500000000000002220 ) ) ;
#6067 =( NAMED_UNIT ( * ) PLANE_ANGLE_UNIT ( ) SI_UNIT ( $, .RADIAN. ) );
#6068 = FILL_AREA_STYLE ('',( #4146 ) ) ;
#6069 = ORIENTED_EDGE ( 'NONE', *, *, #107, .F. ) ;
#6070 = EDGE_LOOP ( 'NONE', ( #1107, #2377, #4561, #2155 ) ) ;
#6071 = PRESENTATION_LAYER_ASSIGNMENT (  '', '', ( #3074 ) ) ;
#6072 = CARTESIAN_POINT ( 'NONE',  ( 2.009699322137077360, 4.000499999999999723, 0.08206727095614561873 ) ) ;
#6073 = ORIENTED_EDGE ( 'NONE', *, *, #4005, .T. ) ;
#6074 = SURFACE_STYLE_USAGE ( .BOTH. , #810 ) ;
#6076 = CARTESIAN_POINT ( 'NONE',  ( 5.550000000000002487, 1.810000000000000497, 2.499999999999999112 ) ) ;
#6075 =( LENGTH_UNIT ( ) NAMED_UNIT ( * ) SI_UNIT ( .MILLI., .METRE. ) );
#6077 = LINE ( 'NONE', #3043, #69 ) ;
#6078 =( BOUNDED_CURVE ( )  B_SPLINE_CURVE ( 3, ( #5022, #3068, #5110, #2692 ),
 .UNSPECIFIED., .F., .F. ) 
 B_SPLINE_CURVE_WITH_KNOTS ( ( 4, 4 ),
 ( 5.498129760120306742, 7.068240854238864834 ),
 .UNSPECIFIED. ) 
 CURVE ( )  GEOMETRIC_REPRESENTATION_ITEM ( )  RATIONAL_B_SPLINE_CURVE ( ( 1.000000000000000000, 0.8048993373437802745, 0.8048993373437802745, 1.000000000000000000 ) ) 
 REPRESENTATION_ITEM ( '' )  );
#6079 = EDGE_CURVE ( 'NONE', #5926, #2305, #2648, .T. ) ;
#6080 = VECTOR ( 'NONE', #4559, 1000.000000000000000 ) ;
#6081 = AXIS2_PLACEMENT_3D ( 'NONE', #71, #1031, #1006 ) ;
#6082 = LINE ( 'NONE', #484, #541 ) ;
#6083 = AXIS2_PLACEMENT_3D ( 'NONE', #2987, #4422, #145 ) ;
#6084 = FILL_AREA_STYLE_COLOUR ( '', #822 ) ;
#6085 =( LENGTH_UNIT ( ) NAMED_UNIT ( * ) SI_UNIT ( .MILLI., .METRE. ) );
#6086 = ADVANCED_FACE ( 'NONE', ( #2282 ), #3201, .T. ) ;
#6087 = VERTEX_POINT ( 'NONE', #3705 ) ;
#6088 = UNCERTAINTY_MEASURE_WITH_UNIT (LENGTH_MEASURE( 1.000000000000000082E-05 ), #3325, 'distance_accuracy_value', 'NONE');
#6089 = VERTEX_POINT ( 'NONE', #2280 ) ;
#6090 = ORIENTED_EDGE ( 'NONE', *, *, #1112, .F. ) ;
#6091 = STYLED_ITEM ( 'NONE', ( #1564 ), #1499 ) ;
#6092 = SURFACE_STYLE_USAGE ( .BOTH. , #1801 ) ;
#6093 = SURFACE_SIDE_STYLE ('',( #217 ) ) ;
#6094 = VERTEX_POINT ( 'NONE', #5644 ) ;
#6095 = EDGE_CURVE ( 'NONE', #2318, #914, #290, .T. ) ;
#6096 = VECTOR ( 'NONE', #4125, 1000.000000000000000 ) ;
#6097 = ORIENTED_EDGE ( 'NONE', *, *, #3180, .T. ) ;
#6098 = DIRECTION ( 'NONE',  ( 0.0000000000000000000, 1.000000000000000000, 0.0000000000000000000 ) ) ;
#6099 = SURFACE_STYLE_USAGE ( .BOTH. , #705 ) ;
#6100 = ORIENTED_EDGE ( 'NONE', *, *, #3302, .F. ) ;
#6101 = EDGE_CURVE ( 'NONE', #1713, #5358, #2858, .T. ) ;
#6102 = LINE ( 'NONE', #1603, #800 ) ;
#6103 = ORIENTED_EDGE ( 'NONE', *, *, #4772, .T. ) ;
#6104 = ORIENTED_EDGE ( 'NONE', *, *, #3556, .F. ) ;
#6105 = CARTESIAN_POINT ( 'NONE',  ( 1.970416612737251105, 4.000000000000000000, 0.4152446551201242064 ) ) ;
#6106 = ORIENTED_EDGE ( 'NONE', *, *, #5812, .F. ) ;
#6107 = CARTESIAN_POINT ( 'NONE',  ( -0.6070688727658387629, 4.000000000000000000, -0.6703702798221874426 ) ) ;
#6108 =( GEOMETRIC_REPRESENTATION_CONTEXT ( 3 ) GLOBAL_UNCERTAINTY_ASSIGNED_CONTEXT ( ( #836 ) ) GLOBAL_UNIT_ASSIGNED_CONTEXT ( ( #2141, #5997, #5059 ) ) REPRESENTATION_CONTEXT ( 'NONE', 'WORKASPACE' ) );
#6109 = MECHANICAL_DESIGN_GEOMETRIC_PRESENTATION_REPRESENTATION (  '', ( #3834 ), #4144 ) ;
#6110 = PRESENTATION_STYLE_ASSIGNMENT (( #6195 ) ) ;
#6111 =( NAMED_UNIT ( * ) SI_UNIT ( $, .STERADIAN. ) SOLID_ANGLE_UNIT ( ) );
#6112 = FILL_AREA_STYLE ('',( #1775 ) ) ;
#6113 = ADVANCED_FACE ( 'NONE', ( #5658 ), #6172, .F. ) ;
#6114 = CARTESIAN_POINT ( 'NONE',  ( 3.552227028712812373, 0.2000000000000002331, -5.051998571447403386 ) ) ;
#6115 = DIRECTION ( 'NONE',  ( 1.000000000000000000, 0.0000000000000000000, 0.0000000000000000000 ) ) ;
#6117 = CARTESIAN_POINT ( 'NONE',  ( 5.080992566686311385, 2.912095407500383537, 3.631489445471745903 ) ) ;
#6116 = DIRECTION ( 'NONE',  ( 0.02616798426497937355, -0.9993150019883699775, -0.02616798426497940824 ) ) ;
#6118 = AXIS2_PLACEMENT_3D ( 'NONE', #1805, #321, #3203 ) ;
#6119 = CARTESIAN_POINT ( 'NONE',  ( 3.597579292113394445, 2.798229430087574077, -5.097350834847987677 ) ) ;
#6120 = UNCERTAINTY_MEASURE_WITH_UNIT (LENGTH_MEASURE( 1.000000000000000082E-05 ), #4324, 'distance_accuracy_value', 'NONE');
#6121 = DIRECTION ( 'NONE',  ( 1.000000000000000000, 0.0000000000000000000, 0.0000000000000000000 ) ) ;
#6123 = DIRECTION ( 'NONE',  ( 0.0000000000000000000, 1.000000000000000000, 2.319149032054553916E-16 ) ) ;
#6122 = CARTESIAN_POINT ( 'NONE',  ( -5.290000000000001812, 2.989999999999999769, -3.299999999999999822 ) ) ;
#6124 = MECHANICAL_DESIGN_GEOMETRIC_PRESENTATION_REPRESENTATION (  '', ( #3049 ), #2748 ) ;
#6125 = CARTESIAN_POINT ( 'NONE',  ( -5.549229627936316689, 3.009999999999999787, 2.050000000000495870 ) ) ;
#6126 = DIRECTION ( 'NONE',  ( 1.000000000000000000, 0.0000000000000000000, 0.0000000000000000000 ) ) ;
#6127 = CARTESIAN_POINT ( 'NONE',  ( 1.339292352362083438, 4.000499999999999723, 0.4152446551201288694 ) ) ;
#6128 =( LENGTH_UNIT ( ) NAMED_UNIT ( * ) SI_UNIT ( .MILLI., .METRE. ) );
#6129 = VECTOR ( 'NONE', #5950, 1000.000000000000114 ) ;
#6130 = EDGE_CURVE ( 'NONE', #4244, #2906, #4752, .T. ) ;
#6131 = VECTOR ( 'NONE', #6211, 1000.000000000000000 ) ;
#6132 = CARTESIAN_POINT ( 'NONE',  ( 0.3829972708428661665, 4.000000000000000000, 0.6703702798221505832 ) ) ;
#6133 =( LENGTH_UNIT ( ) NAMED_UNIT ( * ) SI_UNIT ( .MILLI., .METRE. ) );
#6134 = DIRECTION ( 'NONE',  ( -0.01744974916068270029, -0.9996954598818874604, 0.01744974916068272805 ) ) ;
#6135 = LINE ( 'NONE', #787, #445 ) ;
#6136 = EDGE_CURVE ( 'NONE', #4423, #4855, #4447, .T. ) ;
#6137 = CARTESIAN_POINT ( 'NONE',  ( 2.009699322137077360, 4.000499999999999723, 0.08206727095614561873 ) ) ;
#6138 = CARTESIAN_POINT ( 'NONE',  ( 2.900000000000000799, 0.1999999999999996503, -5.051998571447403386 ) ) ;
#6139 = VECTOR ( 'NONE', #960, 1000.000000000000000 ) ;
#6140 = SURFACE_STYLE_FILL_AREA ( #557 ) ;
#6141 = VECTOR ( 'NONE', #5162, 1000.000000000000000 ) ;
#6142 = ORIENTED_EDGE ( 'NONE', *, *, #4772, .F. ) ;
#6143 = STYLED_ITEM ( 'NONE', ( #6196 ), #1568 ) ;
#6144 = CARTESIAN_POINT ( 'NONE',  ( -5.550000000000002487, 2.989999999999999769, 2.048660687473681907 ) ) ;
#6145 = ORIENTED_EDGE ( 'NONE', *, *, #1765, .F. ) ;
#6146 = COLOUR_RGB ( '',0.0000000000000000000, 0.0000000000000000000, 0.0000000000000000000 ) ;
#6147 = SURFACE_STYLE_FILL_AREA ( #5497 ) ;
#6148 = DIRECTION ( 'NONE',  ( -0.0000000000000000000, -0.0000000000000000000, 1.000000000000000000 ) ) ;
#6149 = VECTOR ( 'NONE', #2740, 999.9999999999998863 ) ;
#6150 = CARTESIAN_POINT ( 'NONE',  ( 1.270698448461881069, 4.000499999999999723, -0.6703702798222154202 ) ) ;
#6151 = VERTEX_POINT ( 'NONE', #6265 ) ;
#6152 = SURFACE_SIDE_STYLE ('',( #3205 ) ) ;
#6153 = DIRECTION ( 'NONE',  ( 0.9610853065513830229, 0.0000000000000000000, 0.2762517575166428818 ) ) ;
#6154 = DIRECTION ( 'NONE',  ( -0.0000000000000000000, -0.0000000000000000000, 1.000000000000000000 ) ) ;
#6155 = LINE ( 'NONE', #5901, #3169 ) ;
#6156 =( NAMED_UNIT ( * ) PLANE_ANGLE_UNIT ( ) SI_UNIT ( $, .RADIAN. ) );
#6157 = PRESENTATION_STYLE_ASSIGNMENT (( #3842 ) ) ;
#6158 = ORIENTED_EDGE ( 'NONE', *, *, #4132, .T. ) ;
#6159 = ORIENTED_EDGE ( 'NONE', *, *, #4401, .F. ) ;
#6160 =( GEOMETRIC_REPRESENTATION_CONTEXT ( 3 ) GLOBAL_UNCERTAINTY_ASSIGNED_CONTEXT ( ( #6038 ) ) GLOBAL_UNIT_ASSIGNED_CONTEXT ( ( #844, #2738, #5150 ) ) REPRESENTATION_CONTEXT ( 'NONE', 'WORKASPACE' ) );
#6161 = ORIENTED_EDGE ( 'NONE', *, *, #3171, .T. ) ;
#6162 = SURFACE_STYLE_FILL_AREA ( #4292 ) ;
#6163 = DIRECTION ( 'NONE',  ( -0.2755265765475183315, 0.0000000000000000000, 0.9612934544747532284 ) ) ;
#6164 = EDGE_CURVE ( 'NONE', #5071, #3633, #3148, .T. ) ;
#6165 = CARTESIAN_POINT ( 'NONE',  ( 5.290000000000001812, 3.250000000000000000, -3.299999999999999822 ) ) ;
#6166 = ORIENTED_EDGE ( 'NONE', *, *, #4895, .F. ) ;
#6167 = ORIENTED_EDGE ( 'NONE', *, *, #992, .F. ) ;
#6168 = ORIENTED_EDGE ( 'NONE', *, *, #2562, .T. ) ;
#6169 = ORIENTED_EDGE ( 'NONE', *, *, #1235, .F. ) ;
#6170 = CARTESIAN_POINT ( 'NONE',  ( 3.469446951953614189E-15, 4.000499999999999723, 0.0000000000000000000 ) ) ;
#6171 = FILL_AREA_STYLE_COLOUR ( '', #276 ) ;
#6172 = PLANE ( 'NONE',  #5568 ) ;
#6173 = EDGE_CURVE ( 'NONE', #362, #3173, #3856, .T. ) ;
#6174 = ORIENTED_EDGE ( 'NONE', *, *, #1015, .F. ) ;
#6175 = PRESENTATION_STYLE_ASSIGNMENT (( #3990 ) ) ;
#6176 = PRESENTATION_STYLE_ASSIGNMENT (( #2524 ) ) ;
#6177 = CARTESIAN_POINT ( 'NONE',  ( -5.550000000000002487, 3.099999999999975664, -1.750000000000196732 ) ) ;
#6178 = ORIENTED_EDGE ( 'NONE', *, *, #3008, .T. ) ;
#6180 =( LENGTH_UNIT ( ) NAMED_UNIT ( * ) SI_UNIT ( .MILLI., .METRE. ) );
#6179 =( NAMED_UNIT ( * ) PLANE_ANGLE_UNIT ( ) SI_UNIT ( $, .RADIAN. ) );
#6181 = DIRECTION ( 'NONE',  ( 0.0000000000000000000, 1.000000000000000000, 2.319149032054553916E-16 ) ) ;
#6182 = EDGE_CURVE ( 'NONE', #1620, #5783, #2135, .T. ) ;
#6183 = STYLED_ITEM ( 'NONE', ( #4515 ), #2127 ) ;
#6184 = CARTESIAN_POINT ( 'NONE',  ( -2.540900536710965607, 4.000499999999999723, 0.6703702798221691239 ) ) ;
#6185 =( NAMED_UNIT ( * ) SI_UNIT ( $, .STERADIAN. ) SOLID_ANGLE_UNIT ( ) );
#6186 = ORIENTED_EDGE ( 'NONE', *, *, #4169, .F. ) ;
#6187 = DIRECTION ( 'NONE',  ( 0.2759782365590837672, 0.0000000000000000000, -0.9611638845408927434 ) ) ;
#6188 = STYLED_ITEM ( 'NONE', ( #4010 ), #4438 ) ;
#6189 = PLANE ( 'NONE',  #4186 ) ;
#6190 =( GEOMETRIC_REPRESENTATION_CONTEXT ( 3 ) GLOBAL_UNCERTAINTY_ASSIGNED_CONTEXT ( ( #3348 ) ) GLOBAL_UNIT_ASSIGNED_CONTEXT ( ( #5961, #4036, #4444 ) ) REPRESENTATION_CONTEXT ( 'NONE', 'WORKASPACE' ) );
#6191 = PLANE ( 'NONE',  #3128 ) ;
#6192 = LINE ( 'NONE', #5029, #4885 ) ;
#6193 = CARTESIAN_POINT ( 'NONE',  ( -5.051998571447401609, 0.2000000000000000944, 3.552227028712813262 ) ) ;
#6194 = LINE ( 'NONE', #4382, #3293 ) ;
#6195 = SURFACE_STYLE_USAGE ( .BOTH. , #1922 ) ;
#6196 = PRESENTATION_STYLE_ASSIGNMENT (( #4282 ) ) ;
#6197 = UNCERTAINTY_MEASURE_WITH_UNIT (LENGTH_MEASURE( 1.000000000000000082E-05 ), #2099, 'distance_accuracy_value', 'NONE');
#6198 = DIRECTION ( 'NONE',  ( 1.000000000000000000, 0.0000000000000000000, 0.0000000000000000000 ) ) ;
#6199 = SURFACE_STYLE_FILL_AREA ( #1310 ) ;
#6200 = AXIS2_PLACEMENT_3D ( 'NONE', #1838, #3706, #5629 ) ;
#6201 = PRESENTATION_LAYER_ASSIGNMENT (  '', '', ( #306 ) ) ;
#6202 = CARTESIAN_POINT ( 'NONE',  ( -2.655952074102052141, 4.000499999999999723, -0.6703702798221230497 ) ) ;
#6203 = EDGE_CURVE ( 'NONE', #2906, #1582, #1615, .T. ) ;
#6204 = CIRCLE ( 'NONE', #1085, 0.1500000000001500133 ) ;
#6205 = CARTESIAN_POINT ( 'NONE',  ( 0.5211332780687230048, 4.000000000000000000, -0.6703702798222013204 ) ) ;
#6206 = DIRECTION ( 'NONE',  ( 0.7083077534944041131, 0.0000000000000000000, 0.7059037656364430813 ) ) ;
#6207 = AXIS2_PLACEMENT_3D ( 'NONE', #2198, #710, #4597 ) ;
#6208 = MECHANICAL_DESIGN_GEOMETRIC_PRESENTATION_REPRESENTATION (  '', ( #1476 ), #1818 ) ;
#6209 = FACE_OUTER_BOUND ( 'NONE', #24, .T. ) ;
#6210 = PRESENTATION_STYLE_ASSIGNMENT (( #2611 ) ) ;
#6211 = DIRECTION ( 'NONE',  ( 1.000000000000000000, -0.0000000000000000000, -0.0000000000000000000 ) ) ;
#6212 = DIRECTION ( 'NONE',  ( 0.2793947940878648284, 0.0000000000000000000, -0.9601763114327491744 ) ) ;
#6213 = ORIENTED_EDGE ( 'NONE', *, *, #3864, .F. ) ;
#6214 = AXIS2_PLACEMENT_3D ( 'NONE', #4149, #1279, #2192 ) ;
#6215 = EDGE_CURVE ( 'NONE', #3347, #4233, #4012, .T. ) ;
#6216 = SURFACE_STYLE_FILL_AREA ( #1228 ) ;
#6217 = CARTESIAN_POINT ( 'NONE',  ( 0.7274180871905749912, 4.000000000000000000, -0.5290038919167755482 ) ) ;
#6218 = VECTOR ( 'NONE', #77, 1000.000000000000000 ) ;
#6219 = COLOUR_RGB ( '',1.000000000000000000, 1.000000000000000000, 1.000000000000000000 ) ;
#6220 = CARTESIAN_POINT ( 'NONE',  ( 5.290000000000001812, 3.250000000000000000, -3.299999999999999822 ) ) ;
#6221 = ORIENTED_EDGE ( 'NONE', *, *, #4813, .T. ) ;
#6222 = ORIENTED_EDGE ( 'NONE', *, *, #1144, .T. ) ;
#6223 = VECTOR ( 'NONE', #6308, 1000.000000000000000 ) ;
#6224 = ORIENTED_EDGE ( 'NONE', *, *, #2979, .F. ) ;
#6226 = FILL_AREA_STYLE_COLOUR ( '', #6044 ) ;
#6225 = FILL_AREA_STYLE_COLOUR ( '', #2590 ) ;
#6227 = EDGE_LOOP ( 'NONE', ( #2959, #5263, #3574, #3712, #773, #1663 ) ) ;
#6228 = CARTESIAN_POINT ( 'NONE',  ( -0.7875100603410186695, 4.000499999999999723, -0.1657896664456280922 ) ) ;
#6229 =( GEOMETRIC_REPRESENTATION_CONTEXT ( 3 ) GLOBAL_UNCERTAINTY_ASSIGNED_CONTEXT ( ( #3609 ) ) GLOBAL_UNIT_ASSIGNED_CONTEXT ( ( #3637, #6067, #5521 ) ) REPRESENTATION_CONTEXT ( 'NONE', 'WORKASPACE' ) );
#6230 = PRESENTATION_STYLE_ASSIGNMENT (( #2407 ) ) ;
#6231 = ORIENTED_EDGE ( 'NONE', *, *, #2821, .T. ) ;
#6232 = ORIENTED_EDGE ( 'NONE', *, *, #5556, .T. ) ;
#6233 = VECTOR ( 'NONE', #5912, 1000.000000000000000 ) ;
#6234 = UNCERTAINTY_MEASURE_WITH_UNIT (LENGTH_MEASURE( 1.000000000000000082E-05 ), #5047, 'distance_accuracy_value', 'NONE');
#6235 = SURFACE_SIDE_STYLE ('',( #200 ) ) ;
#6236 = DIRECTION ( 'NONE',  ( -0.6246950475544239545, 0.7808688094430306093, 0.0000000000000000000 ) ) ;
#6237 = EDGE_LOOP ( 'NONE', ( #2028, #791, #722, #4912 ) ) ;
#6238 = FACE_OUTER_BOUND ( 'NONE', #5191, .T. ) ;
#6239 = SURFACE_STYLE_FILL_AREA ( #2349 ) ;
#6240 = ORIENTED_EDGE ( 'NONE', *, *, #5536, .T. ) ;
#6241 = CARTESIAN_POINT ( 'NONE',  ( 0.09426364943040774214, 4.000000000000000000, 0.6703702798221505832 ) ) ;
#6242 = DIRECTION ( 'NONE',  ( 0.0000000000000000000, 0.0000000000000000000, -1.000000000000000000 ) ) ;
#6243 = CARTESIAN_POINT ( 'NONE',  ( 5.099999999999997868, 2.950000000000000178, -3.600228457265416182 ) ) ;
#6244 = ORIENTED_EDGE ( 'NONE', *, *, #1486, .T. ) ;
#6245 = CARTESIAN_POINT ( 'NONE',  ( 3.597579292113403326, 2.824408039743499188, 3.597579292113397553 ) ) ;
#6246 = LINE ( 'NONE', #78, #327 ) ;
#6247 = LINE ( 'NONE', #5407, #4407 ) ;
#6248 = ORIENTED_EDGE ( 'NONE', *, *, #4882, .F. ) ;
#6249 = VERTEX_POINT ( 'NONE', #3793 ) ;
#6250 = PRESENTATION_LAYER_ASSIGNMENT (  '', '', ( #4720 ) ) ;
#6251 = SURFACE_SIDE_STYLE ('',( #5731 ) ) ;
#6253 = CARTESIAN_POINT ( 'NONE',  ( -3.550000000000002487, 2.989999999999999769, 3.299999999999999822 ) ) ;
#6252 =( NAMED_UNIT ( * ) SI_UNIT ( $, .STERADIAN. ) SOLID_ANGLE_UNIT ( ) );
#6254 = ORIENTED_EDGE ( 'NONE', *, *, #4169, .T. ) ;
#6255 = EDGE_CURVE ( 'NONE', #3092, #9, #604, .T. ) ;
#6257 = SURFACE_SIDE_STYLE ('',( #2416 ) ) ;
#6256 = PLANE ( 'NONE',  #5375 ) ;
#6258 = COLOUR_RGB ( '',0.5019607843137254832, 0.5019607843137254832, 0.5019607843137254832 ) ;
#6259 = VECTOR ( 'NONE', #1580, 1000.000000000000000 ) ;
#6260 = EDGE_LOOP ( 'NONE', ( #553, #3177, #5064, #5604 ) ) ;
#6261 = ORIENTED_EDGE ( 'NONE', *, *, #3760, .T. ) ;
#6262 = EDGE_CURVE ( 'NONE', #25, #2103, #4300, .T. ) ;
#6263 = DIRECTION ( 'NONE',  ( -7.213721817093571199E-14, 0.0000000000000000000, 1.000000000000000000 ) ) ;
#6264 = EDGE_LOOP ( 'NONE', ( #5786, #2687, #3819, #228, #4310, #4858, #867, #3876, #5379, #2451, #1935, #649, #5560, #1531 ) ) ;
#6265 = CARTESIAN_POINT ( 'NONE',  ( 2.670566904199616509, 4.000499999999999723, 0.6703702798221320425 ) ) ;
#6266 = LINE ( 'NONE', #4612, #4961 ) ;
#6267 = DIRECTION ( 'NONE',  ( 0.0000000000000000000, -1.000000000000000000, 2.409338161079554329E-15 ) ) ;
#6269 =( NAMED_UNIT ( * ) SI_UNIT ( $, .STERADIAN. ) SOLID_ANGLE_UNIT ( ) );
#6268 = PLANE ( 'NONE',  #5344 ) ;
#6270 = CARTESIAN_POINT ( 'NONE',  ( -5.550000000000002487, 3.099999999999975220, 1.750000000000195843 ) ) ;
#6271 = EDGE_CURVE ( 'NONE', #4030, #5069, #3420, .T. ) ;
#6272 = MECHANICAL_DESIGN_GEOMETRIC_PRESENTATION_REPRESENTATION (  '', ( #5813 ), #4425 ) ;
#6274 = PLANE ( 'NONE',  #5080 ) ;
#6273 = DIRECTION ( 'NONE',  ( 0.0000000000000000000, 0.0000000000000000000, -1.000000000000000000 ) ) ;
#6275 = PRESENTATION_STYLE_ASSIGNMENT (( #4025 ) ) ;
#6276 =( NAMED_UNIT ( * ) PLANE_ANGLE_UNIT ( ) SI_UNIT ( $, .RADIAN. ) );
#6277 = VECTOR ( 'NONE', #1283, 1000.000000000000000 ) ;
#6278 = AXIS2_PLACEMENT_3D ( 'NONE', #877, #1417, #4218 ) ;
#6279 = FILL_AREA_STYLE_COLOUR ( '', #29 ) ;
#6280 = DIRECTION ( 'NONE',  ( -0.2762517575166429373, 0.0000000000000000000, 0.9610853065513830229 ) ) ;
#6281 = UNCERTAINTY_MEASURE_WITH_UNIT (LENGTH_MEASURE( 1.000000000000000082E-05 ), #2857, 'distance_accuracy_value', 'NONE');
#6282 = FACE_OUTER_BOUND ( 'NONE', #3485, .T. ) ;
#6283 = PLANE ( 'NONE',  #4553 ) ;
#6284 = DIRECTION ( 'NONE',  ( 0.0000000000000000000, 2.409338161079554329E-15, 1.000000000000000000 ) ) ;
#6285 = EDGE_CURVE ( 'NONE', #3357, #6298, #4935, .T. ) ;
#6286 = PRESENTATION_LAYER_ASSIGNMENT (  '', '', ( #4001 ) ) ;
#6287 =( GEOMETRIC_REPRESENTATION_CONTEXT ( 3 ) GLOBAL_UNCERTAINTY_ASSIGNED_CONTEXT ( ( #3861 ) ) GLOBAL_UNIT_ASSIGNED_CONTEXT ( ( #2437, #3307, #5280 ) ) REPRESENTATION_CONTEXT ( 'NONE', 'WORKASPACE' ) );
#6288 = SURFACE_STYLE_USAGE ( .BOTH. , #2838 ) ;
#6289 = LINE ( 'NONE', #123, #137 ) ;
#6290 = LINE ( 'NONE', #2328, #6131 ) ;
#6292 = CARTESIAN_POINT ( 'NONE',  ( -0.6795519127347473542, 4.000499999999999723, -0.4151671985522872865 ) ) ;
#6291 = CARTESIAN_POINT ( 'NONE',  ( -5.550000000000002487, 0.1999999999999996503, 3.299999999999999822 ) ) ;
#6293 = COLOUR_RGB ( '',1.000000000000000000, 1.000000000000000000, 1.000000000000000000 ) ;
#6294 = SURFACE_STYLE_USAGE ( .BOTH. , #4326 ) ;
#6295 = SURFACE_STYLE_FILL_AREA ( #937 ) ;
#6296 = EDGE_CURVE ( 'NONE', #5611, #1878, #4986, .T. ) ;
#6297 = PRESENTATION_LAYER_ASSIGNMENT (  '', '', ( #4978 ) ) ;
#6298 = VERTEX_POINT ( 'NONE', #889 ) ;
#6299 = EDGE_CURVE ( 'NONE', #6151, #3900, #1771, .T. ) ;
#6300 = LINE ( 'NONE', #913, #4990 ) ;
#6301 = CARTESIAN_POINT ( 'NONE',  ( -5.550000000000002487, 3.100000000000000533, 2.050000000000439915 ) ) ;
#6302 = PRESENTATION_STYLE_ASSIGNMENT (( #1358 ) ) ;
#6303 = VECTOR ( 'NONE', #3288, 1000.000000000000114 ) ;
#6304 =( NAMED_UNIT ( * ) PLANE_ANGLE_UNIT ( ) SI_UNIT ( $, .RADIAN. ) );
#6305 = FILL_AREA_STYLE ('',( #2808 ) ) ;
#6306 = LINE ( 'NONE', #3692, #4835 ) ;
#6307 =( NAMED_UNIT ( * ) SI_UNIT ( $, .STERADIAN. ) SOLID_ANGLE_UNIT ( ) );
#6308 = DIRECTION ( 'NONE',  ( 1.000000000000000000, 0.0000000000000000000, 0.0000000000000000000 ) ) ;
#6310 =( NAMED_UNIT ( * ) PLANE_ANGLE_UNIT ( ) SI_UNIT ( $, .RADIAN. ) );
#6309 = CARTESIAN_POINT ( 'NONE',  ( -5.290000000000001812, 3.250000000000000000, 2.499999999999999556 ) ) ;
#6311 = VECTOR ( 'NONE', #1195, 1000.000000000000000 ) ;
#6312 = FACE_OUTER_BOUND ( 'NONE', #2184, .T. ) ;
#6313 = DIRECTION ( 'NONE',  ( 0.9998476951563913806, -0.01745240643728369900, 0.0000000000000000000 ) ) ;
#6314 = ORIENTED_EDGE ( 'NONE', *, *, #2095, .F. ) ;
ENDSEC;
END-ISO-10303-21;
